	n_runs
LAMP1	60
RBM3	56
ADRM1	53
MZT1	52
CNDP2	52
STOML2	52
RPL21	50
BCAP31	50
PCID2	50
SIGMAR1	50
CYC1	49
YBEY	48
ST6GALNAC4	48
ABCA2	48
UFM1	48
COX4I1	48
MAP1LC3B	47
MRFAP1L1	47
IFITM1	47
VPS28	47
TMEM276	46
PRAF2	46
CENPN	46
UBE2I	46
DMAC1	45
CIAO2A	45
UBALD1	45
SARAF	45
NUDT22	44
SRSF2	44
ATP5PO	44
MRPL57	44
ZDHHC12	44
CST3	44
DKC1	44
TSSC4	44
DBNDD2	43
COQ4	43
MRPL39	43
RNASEK	43
FKBP2	43
MAZ	43
N6AMT1	43
ING1	43
MGST2	43
ARHGDIA	43
ZNF24	43
AK1	43
TIMM8B	43
FBXL6	42
PEX16	42
IMP3	42
AIP	42
PRDX5	42
CCNQ	42
NINJ1	42
UCK1	42
COQ9	42
BST2	41
NDUFV1	41
PFKL	41
RPN2	41
RTL8A	41
AARSD1	41
FAM3A	41
PTGES2	41
LSM4	41
MRPS7	41
PSMA7	41
SNHG19	41
POLR3F	40
UBL4A	40
KIF22	40
CARHSP1	40
DCTN6-DT	40
SLC2A4RG	40
UQCRFS1	40
GNPDA2	40
PSME3IP1	40
LENG1	40
NME3	39
COMMD8	39
STMN3	39
G6PD	39
PTGDS	39
SRP14	39
GSPT2	39
ENSG00000288012	39
FADS3	39
NDUFC2	39
CYBA	39
TMED3	39
AGA	39
MYL12B	39
HADH	38
GRIPAP1	38
RPS4X	38
HSBP1L1	38
CLN8-AS1	38
CAPNS1	38
AEN	38
NDUFV2	37
BBLN	37
TOR2A	37
NBDY	37
ORMDL3	37
MRFAP1	37
SIRT6	37
ECHS1	37
BLCAP	37
ZNF830	37
ZNF524	36
NSMCE4A	36
USE1	36
PQBP1	36
POLR2E	36
CD320	36
CIRBP	36
PTPA	36
SYS1	36
NUBP2	36
CTSB	36
CCDC107	35
CNEP1R1	35
DDX41	35
PEX2	35
MAFG	35
NT5C	35
LY6E	35
FUS	35
YTHDC1	35
EIF4A1	35
GPR108	35
DYNC2I2	35
C17orf49	35
TRPT1	34
MED11	34
MBD1	34
PAXX	34
TMSB4X	34
CTSZ	34
SCRN2	34
BAX	34
LDHB	34
ACP2	34
HOMER3	34
ELOF1	34
UBXN8	34
CHRAC1	34
TXNL4A	34
WDR13	33
SDHAF2	33
SIRT7	33
RPL27	33
TMEM216	33
SLC25A5	33
PSMB3	33
ACTG1	33
ERCC5	33
POMT1	33
SFXN4	33
GRHPR	33
ENSG00000288839	33
MINCR	33
ZFTRAF1	33
C11orf68	32
SPSB3	32
SPG21	32
RPLP1	32
FAM174C	32
COMMD9	32
RAB11B	32
ZNF674-AS1	32
SPART	32
CYB561A3	32
KAT8	32
EGFL7	32
ZNF407-AS1	31
ETFA	31
DYNLL2	31
KBTBD4	31
RNF40	31
EBP	31
FN3KRP	31
ENSG00000286264	31
VAMP2	31
NAPA	31
ZNHIT2	31
CLPTM1	31
BAG1	31
SIGIRR	31
POLR2L	31
ADA	31
CNBP	31
MYG1	31
ZNF22	31
TMED9	31
TLN1	31
GRSF1	30
RTF2	30
TMEM86B	30
STX8	30
AAAS	30
GLIDR	30
COMMD6	30
PHPT1	30
TOR4A	30
TM2D2	30
BRMS1	30
EEF2KMT	30
SNAPC5	30
LMF2	30
CRYL1	30
TIMP1	30
TMEM101	30
CLCN7	30
NDUFS4	30
CCDC137	30
ZGPAT	30
MAF1	30
EIF4G2	30
HNRNPM	30
VBP1	29
PLP2	29
GLRX5	29
H1-0	29
MRPL45	29
HRG-AS1	29
RPS2	29
TRIM69	29
ARL14EPL	29
HAGH	29
COMMD7	29
BMI1	29
PIH1D1	29
CHCHD1	29
DHCR7	29
PRELID1	29
SDHB	29
PPP1R14B	29
DNTTIP1	29
FAAP100	29
MRPS15	29
CRIP1	29
TOB1	29
C4orf48	28
GCSH	28
PTGES2-AS1	28
NT5C3B	28
SMIM20	28
SNRPD3	28
MAPKAPK3	28
TIMM17B	28
ABCD1	28
PIGT	28
POLR2C	28
HMGN2	28
ENSG00000272688	28
NKIRAS2	28
ZBTB14	28
VPS35	28
MED10	28
MTG1	28
NOP53	28
BGN	28
RECQL4	28
ZNF778-DT	28
LDHA	28
CCT5	28
TMEM170A	28
METTL4	28
UFSP2	28
SLC46A3	28
PHB1	28
RPL38	28
DPM2	28
HEXA	28
CA11	27
LY96	27
HEBP1	27
SUGT1-DT	27
THAP7	27
UQCC3	27
IKBKG	27
KRT10-AS1	27
TIPIN	27
PSME2	27
ISOC2	27
ENSG00000262050	27
ARL3	27
NAPRT	27
CARD19	27
RAB24	27
ENSG00000250697	27
NDUFA8	27
SKA3	27
RTL8B	27
NTMT1	27
RPS25	27
MAGOHB	27
SBNO1-AS1	27
HNRNPH3	27
PLXNB2	27
ZFPL1	27
RBMX	27
LINC00412	27
U2AF2	27
UBC	27
SAT1	27
RFK	27
NIPSNAP3A	27
SNRPA	27
IMPACT	27
BUD23	26
ZNF397	26
PHF5A	26
IRF2	26
RPL9	26
PRMT2	26
SCAMP1-AS1	26
COTL1	26
ASB6	26
CCDC22	26
MRPS21	26
TUBA1C	26
MRPL32	26
TRNT1	26
CAPS	26
TEPSIN	26
HMGB1	26
SLC25A45	26
NOB1	26
UBA2	26
HERPUD1	26
ENSG00000287104	26
RGS19	26
ENSG00000288924	26
SNHG11	26
SDR39U1	26
ENSG00000275964	26
ENSG00000273702	26
IFI35	26
RPSA2	26
DCK	26
PDLIM1	26
SNX15	25
PIR	25
GTF2A2	25
MROH6	25
NSG1	25
PIGO	25
HACD1	25
KHSRP	25
STN1	25
C15orf39	25
CERS2	25
TIMM13	25
SLC39A13	25
CHCHD10	25
ENSG00000272256	25
ULK3	25
CAPRIN1	25
MVD	25
SERPINF1	25
CXXC1	25
SLIRP	25
MYL12A	25
RPS26	25
CALM3	25
NAF1	25
UBE2Q2P13	25
CCDC106	25
MRPS18C	25
TXN	25
ORAI3	25
AKAP1-DT	25
PYCR1	25
PDHB	25
CAVIN1	25
CD68	25
MYADM	25
CNN2	25
WASH6P	25
CCDC90B	25
TRMT112	25
MYL12-AS1	25
DPP7	25
ANKRD10	25
GRINA	25
ENSG00000289401	24
ANKRD37	24
LINC00562	24
SDHD	24
SLC25A37	24
SNRNP25	24
ASAH1	24
DNAJA1	24
CRAT	24
PLIN3	24
MANBAL	24
NAGLU	24
VHL	24
SLCO4A1	24
AGPAT2	24
MRPS2	24
STOM	24
KIF9	24
ISG15	24
EIF3H	24
CAT	24
HTATIP2	24
SYVN1	24
CCDC12	24
GNAS	24
CD93	24
PDCD4	24
ATMIN	24
ZNF598	24
SDHAF1	24
CCDC25	24
CD82	24
P3H4	24
METTL2A	24
MOB2	24
RPSA	24
LSM7	24
RHOT2	24
TMED2	24
CAVIN3	24
PELP1	24
GDE1	24
PSMC2	24
PDK2	24
C19orf73	24
DYNLT3	24
PLXNA3	24
TMBIM4	24
ENSG00000278743	24
TKFC	24
BOLA2	24
AURKB	24
SH3BGRL	24
SLC35C2	24
QPRT	23
CTSH	23
PRDX3	23
EEF1D	23
CD151	23
MTMR6	23
SET	23
LSM5	23
SRSF6	23
SELENOW	23
NGDN	23
LDAF1	23
ZFAND1	23
SLC35C1	23
ZNF681	23
HPF1	23
RCN2	23
NOA1	23
ENSG00000257732	23
FDX2	23
MPG	23
MAN1B1	23
CTU2	23
PWWP3A	23
REEP5	23
NAXE	23
IGBP1	23
C4orf33	23
RASD1	23
DDT	23
DDOST	23
MAGED2	23
NUFIP1	23
RNF113A	23
C4orf46	23
SRSF8	23
DUSP3	23
ENSG00000278376	23
NCBP2	23
ENSG00000254682	23
MUSTN1	23
MPHOSPH6	23
ENSG00000289084	23
TMEM68	23
USP11	23
TAX1BP3	23
LIME1	23
ZDHHC9	23
ENSG00000289019	23
EIF4B	23
ILVBL	23
TFE3	23
MRPS17	23
RPS28	23
PLA2G4B	23
PSMD9	23
POLR1E	23
THAP9-AS1	23
ISCU	22
ENSG00000267058	22
SYDE1	22
NEIL2	22
EFEMP2	22
FDXR	22
UBA52	22
IDS	22
FAM78A	22
PHYH	22
KHNYN	22
PIM3	22
PUS3	22
ENHO	22
SUV39H1	22
ALAD	22
RPL39	22
FLNA	22
MGP	22
KBTBD7	22
AP1S1	22
ENSG00000280195	22
TGS1	22
HDAC10	22
HIGD1A	22
PDLIM3	22
POMP	22
UBE2G2	22
JAGN1	22
VDAC1	22
RPL14	22
HOXB2	22
UBAC1	22
CDKN2A	22
SPPL2B	22
KPNB1	22
SNRPD2	22
SF1	22
PSAT1	22
NDUFS8	22
RPS6	22
PCBD1	22
BEX4	22
IRAK1	22
MDH2	22
HMGCL	22
HNRNPDL	22
RSKR	22
TMEM161A	22
CALM1	22
ABRAXAS1	22
UBAC2-AS1	22
SLC25A19	22
SHARPIN	22
NANS	22
FN3K	22
ENSG00000290396	22
ENSG00000288899	22
NSDHL	22
SRRD	22
ENSG00000277368	22
LYPLA2	22
MCPH1-DT	21
CDK3	21
DNAJA3	21
ENSG00000289306	21
PGLS	21
SAP18	21
TSPAN6	21
DNAJB11	21
NOC2L	21
SEPTIN9	21
NCBP2AS2	21
NAP1L5	21
ADH5	21
B3GAT3	21
ST6GALNAC6	21
ANXA5	21
NUCB1	21
DMKN	21
RPL7	21
ENSG00000289001	21
ENSG00000289515	21
HEXA-AS1	21
VPS25	21
GUCD1	21
VASN	21
CDC42SE1	21
PBDC1	21
ENSG00000288939	21
MIR503HG	21
RAB5IF	21
NUMA1	21
S100P	21
IRF7	21
PYM1	21
RGS16	21
MYZAP	21
MAP1LC3A	21
NAGPA	21
TXNIP	21
FKBP10	21
UQCR10	21
GET1	21
THEM4	21
NAT9	21
HNRNPUL1	21
AAMP	21
DYNLL1	21
ILF3-DT	21
MRGBP	21
CYB5D2	21
NOP14-AS1	21
BSG-AS1	21
NOMO1	21
CSNK2A3	21
FAM241B	21
ENSG00000225411	21
CCNB1IP1	21
GRWD1	21
TSPAN4	21
CCDC34	21
CRELD1	21
ATRAID	21
LGALS3BP	21
WASHC1	21
ENSG00000291066	21
PER1	21
TMEM186	21
HAUS7	21
HSPH1	21
AKAP1	21
NEURL2	21
CDKN2D	21
RAB1B	21
GASK1B	21
MAPRE1	21
XPA	21
GEMIN4	21
TRAPPC2B	21
GSTZ1	20
TRAM1	20
CMC2	20
STK16	20
SLC25A39	20
CHCHD2	20
NELFB	20
TCIRG1	20
GLIPR1	20
AIFM1	20
ZNF699	20
AFG3L2	20
NDUFA1	20
GTF3A	20
RFXAP	20
CEP55	20
SKA1	20
NARS1	20
FBXO22	20
SCO2	20
CLUH	20
KDELR2	20
CDK5RAP2	20
MAN1B1-DT	20
LAP3	20
GFUS	20
CHMP2B	20
CKB	20
LOXL1	20
OMA1	20
ARF3	20
RRAGC	20
HERC2P7	20
CINP	20
CDC123	20
ECH1	20
TCIM	20
RAB8A	20
SNHG17	20
AGTRAP	20
MON1B	20
PCNP	20
SUCLG1	20
POLR2A	20
UQCRQ	20
ARPP19	20
PDCD4-AS1	20
CSTB	20
GPX4	20
ZNF675	20
GEM	20
SKIC8	20
HDHD3	20
VCPKMT	20
SERP2	20
IFITM2	20
FHL1	20
ARL2	20
LAMTOR1	20
ISG20	20
ZNF275	20
TAF9B	19
RNF166	19
CCNA2	19
RWDD3	19
RNF167	19
SLC35A5	19
MRPL13	19
NDUFB6	19
ENSG00000274828	19
ENSG00000273226	19
BEX2	19
PIGBOS1	19
RPL10	19
NECAB3	19
ADAMTS1	19
ENSG00000288841	19
GTPBP4	19
PSMG1	19
MRPL37	19
BORCS7	19
PHF19	19
NEMF	19
ZNF106	19
TRABD	19
MORF4L2	19
FBXL3	19
PTP4A3	19
LSM8	19
EIF3F	19
CREG1	19
KLHDC2	19
PIGP	19
TRIP4	19
IFT27	19
CASTOR1	19
LINC02352	19
CA5BP1	19
MICOS10	19
SSR4	19
ITM2A	19
NEURL1B	19
FGFR1OP2	19
G0S2	19
NANOS1	19
HPS4	19
JAG2	19
ASMTL	19
ENSG00000289528	19
ENSG00000275764	19
ENSG00000291272	19
UPRT	19
CASP4	19
EIF1AX	19
RPL13	19
AKAP17A	19
RAB14	19
GOSR2	19
PHF11	19
CRACR2B	19
SLC9A3-AS1	19
SCRIB	19
GMPPB	19
NDUFS7	19
ARHGAP4	19
PDCD6	19
MFF	19
ARMC1	19
ROMO1	19
OSGEP	19
NT5C3A	19
PTGR1	19
BET1L	19
GTF2B	19
MTFR1L	19
CBX1	19
NDUFS6	19
RUNDC1	19
ENSG00000272991	19
RPL30	19
DUS1L	19
PSMC3	19
MEN1	19
HSBP1	19
NPIPB15	19
DNASE1L1	19
ZBTB33	19
MRPL52	19
ARHGAP1	19
ATG16L2	19
TAF9	18
AKR1C1	18
ATG9A	18
WDR18	18
STXBP2	18
ITGB2-AS1	18
RAB38	18
ETFB	18
PGGHG	18
TPP1	18
AIF1L	18
GSKIP	18
C1QB	18
ENSG00000276007	18
PTPN2	18
C20orf96	18
MAP7D3	18
FXN	18
KLF9	18
KDELR3	18
OSBPL7	18
PSMA4	18
SNU13	18
ENSG00000273017	18
EMC8	18
ANKRD20A11P	18
FRAT2	18
CHMP1B	18
LINC00667	18
RNF14	18
METTL3	18
MYOM2	18
SNRPN	18
MIR210HG	18
ZNF749	18
FAM110A	18
GOLT1B	18
VPS9D1	18
TEX264	18
ZFYVE21	18
EME1	18
PREB	18
KPNA2	18
DENND10	18
OAZ2	18
CBX6	18
NHERF1	18
NEDD8	18
KIF23	18
LINC00339	18
MRPS6	18
ENSG00000261141	18
ERI1	18
MCAT	18
RPS9	18
LINC02067	18
SOD3	18
KLHL17	18
SNHG6	18
AIFM2	18
LRP3	18
CAP1	18
CXorf38	18
DPH3	18
GSTP1	18
MPDU1	18
MAD2L1	18
FANCF	18
PNMA3	18
TBC1D10C	18
WDR55	18
RRAS	18
EEF1A2	18
CBR1	18
MBIP	18
LINC01089	18
ESF1	18
CRBN	18
C3orf38	18
FAM86C2P	18
NDEL1	18
TCTA	18
BAIAP2-DT	18
CDK1	18
TIGD5	18
WDR6	18
ZNF224	18
FADD	18
RABGGTB	18
VASP	18
MPND	18
ZNF724	18
RAB29	18
CDK20	18
THAP1	18
ETFRF1	18
ARRB2	18
ZFAS1	18
MMADHC	17
EHD1	17
NAA16	17
IL32	17
ATG3	17
RPL3	17
METTL22	17
PFN1	17
GOT2	17
SPATC1L	17
SMCO4	17
LONRF1	17
RPS21	17
ACTR1A	17
RHBDF1	17
ASNSD1	17
OAF	17
LIN7C	17
MLST8	17
SRA1	17
ID3	17
TMEM106C	17
NAA10	17
CD47	17
ENSG00000261889	17
CUL5	17
FRMD8	17
ENSG00000275741	17
SRP14-DT	17
DRG2	17
CFAP97	17
CLPTM1L	17
SF3A2	17
TMEM185A	17
DMTN	17
LACTB	17
TSPAN3	17
CKAP2	17
DHRS4	17
DNAL4	17
SHCBP1	17
EIF2B1	17
TMEM50B	17
ADGRE3	17
RPL7A	17
ISOC1	17
SOCS3	17
ATP6AP1	17
PPM1K	17
ENSG00000277383	17
C9orf85	17
TM7SF2	17
DUSP1	17
JRK	17
CISH	17
GTPBP8	17
NDUFA11	17
RFNG	17
MXRA8	17
LINC00526	17
PDRG1	17
HSPA5	17
PCMTD1-DT	17
TMEM107	17
USB1	17
PPP2CA	17
SNHG7	17
SMARCD2	17
TBKBP1	17
NOP56	17
TM4SF1	17
ESD	17
GZMA	17
CLEC11A	17
SORBS3	17
GTPBP6	17
LINC02916	17
NDUFA3	17
EIF1B	17
ENSG00000259623	17
RPUSD3	17
AARS1	17
NFATC4	17
MKNK2	17
GET4	17
ZNF17	17
ENSG00000273338	17
ZFAND5	17
PEX11A	17
SNURF	17
TOLLIP-DT	17
GPRC5C	17
TMEM147	17
GSTM4	17
PNPO	17
TMEM42	17
TMEM187	17
CORO1A	17
IFIT1	17
CTSW	17
EIF2AK4	17
FAM50A	16
JCHAIN	16
IFRD2	16
PDIA3	16
SNX11	16
CCDC47	16
HADHB	16
SPNS1	16
PCMTD1	16
LPAR2	16
ZNF761	16
TRIM32	16
FLYWCH2	16
C1orf174	16
POLR2I	16
ATXN7L3B	16
SERPINH1	16
HMOX2	16
RPL4	16
BLVRA	16
THUMPD3	16
MRPL34	16
AHSA1	16
SMIM19	16
MIS18A	16
ENSG00000272173	16
ENSG00000176868	16
CDCA4	16
ISG20L2	16
OXA1L	16
MSL3	16
HNRNPF	16
EDNRB	16
DHCR24	16
RRM1	16
MID1IP1	16
OFD1	16
RIN1	16
AURKAIP1	16
ABHD11	16
UROD	16
FKBP1A	16
SYCE1L	16
ALKBH5	16
TMEM80	16
PSMC5	16
E4F1	16
COPE	16
TXNL1	16
PLS3	16
PRKACB-DT	16
RRP7A	16
CALM2	16
KBTBD6	16
RPL17	16
ANAPC4	16
LRRC8A	16
NUDT7	16
CAPN10	16
CDC34	16
ARL6IP4	16
SETD6	16
SDHAF3	16
RAB4B	16
SLC48A1	16
PP7080	16
ENSG00000254910	16
ZMYM3	16
DYNLRB2	16
ENSG00000267503	16
TSPO	16
COPS7A	16
FASTK	16
PDHA1	16
RNPEPL1	16
SH3TC1	16
POP5	16
TP53INP1	16
RBBP7	16
PTPMT1	16
EIF2A	16
GDF15	16
ERAL1	16
PIGW	16
COPS4	16
TMX1	16
GPKOW	16
RSL1D1	16
PIGA	16
ENSG00000289161	16
UBA1	16
SLC39A3	16
ISCA1	16
EEF1AKMT4	16
ENSG00000291107	16
BIRC5	16
C11orf58	16
HMGN1	16
KLHDC8B	16
RPAIN	16
SNRPF	16
MVP-DT	16
ARMCX1	16
ENSG00000273619	16
SPTAN1	16
PAXIP1-DT	16
ENSG00000262663	16
RABAC1	16
SUMF2	16
CACYBP	16
COG4	16
PPA1	16
SPATA20	16
SGCA	16
NUDT18	16
SCAMP2	16
UBXN6	16
OSTC	16
SPOUT1	16
WDR73	16
TRAPPC2	16
CHCHD4	15
TACC3	15
SMIM10L1	15
STEEP1	15
SNHG16	15
CPTP	15
HNRNPA3	15
LYPLAL1	15
APBB3	15
RCBTB1	15
NDST2	15
SMC5	15
RBIS	15
NFE2L1	15
BACH1-IT3	15
ELAC2	15
MUS81	15
NET1	15
UBXN1	15
CHIC2	15
ENSG00000276672	15
SLC16A13	15
TMEM259	15
ORMDL1	15
CHPF	15
RPL26	15
FTSJ3	15
TRAPPC4	15
AP1S2	15
USO1	15
OXCT1	15
ZNF138	15
HEXB	15
ENSG00000290849	15
RPL12	15
SRSF10	15
ENSG00000268205	15
SUPT5H	15
FYTTD1	15
EIF5A	15
RPS3A	15
DVL1	15
RBM26-AS1	15
JKAMP	15
SUPT6H	15
TMEM43	15
SH3BGR	15
ZDHHC6	15
DSTN	15
PHB2	15
COX11	15
PAOX	15
PLA2G15	15
KLF2	15
TXNDC12	15
PABIR1	15
ODF2	15
HBB	15
TASL	15
MT1M	15
THOC1	15
BCL2L2	15
NUDT2	15
FAM3C	15
SETDB2	15
CAPZA1	15
FDFT1	15
TPD52L2	15
BABAM1	15
PEX10	15
MS4A4A	15
DCTN6	15
LBHD1	15
GBA3	15
RPS16	15
RPL36A	15
CLP1	15
BORCS6	15
UBTD1	15
ABI3	15
TNIP2	15
PSMF1	15
GBA2	15
NAIF1	15
UCP2	15
SLC28A2-AS1	15
CRNKL1	15
RAB11B-AS1	15
CD40	15
MIF4GD	15
FAM153CP	15
ALDH1B1	15
ZNF7	15
OAZ1	15
CENPC	15
RABL6	15
TM2D3	15
RNF114	15
COL6A1	15
SLC25A25-AS1	15
SLC29A2	15
RPRD1A	15
KCTD17	15
SETD4	15
HSPA13	15
PGP	15
BTBD3	15
ENSG00000272447	15
CCNDBP1	15
ZNF330	15
ATP8B1-AS1	15
INTS11	15
SRGN	15
SMS	15
NUP88	15
ADGRG1	15
KXD1	15
DEF8	15
GABARAPL1	15
BTF3	15
MAGEF1	15
PSMD13	15
COPRS	15
FXYD5	15
PRPS2	15
TMEM41B	15
COMMD4	15
ENSG00000289317	15
NME2	15
BEND5	15
ENSG00000274383	14
FBL	14
ELP6	14
HILPDA	14
ADAM8	14
TMUB2	14
CXCL16	14
MFAP4	14
METTL25B	14
DHX38	14
ARL4D	14
MED17	14
ARAF	14
ROGDI	14
ENSG00000274422	14
ENSG00000286190	14
ELMOD2	14
EXOSC7	14
ZNF593	14
ASMTL-AS1	14
SAR1A	14
RIOK2	14
NAT1	14
BACE1-AS	14
VPS9D1-AS1	14
PLEKHB1	14
TSEN54	14
CITED1	14
SUPT16H	14
DERL1	14
ATP5MC3	14
PSMB4	14
LGMN	14
GDI1	14
SGSH	14
BIVM	14
GOLGA6L9	14
SPINT1	14
ASB9	14
EXOSC5	14
TYMP	14
GALC	14
CYB5B	14
RBM18	14
PHKG2	14
S100B	14
HNRNPK	14
PINK1	14
ENSG00000259891	14
SERPINE2	14
IRX3	14
CYTL1	14
N4BP2L2-IT2	14
ZC3H18	14
RNASEH2C	14
TOB2	14
PPID	14
SLC25A6	14
FNBP1	14
NEPRO	14
VMA21	14
ZNF267	14
KIAA1191	14
RIT1	14
MCTS1	14
ENSG00000289295	14
MAPK7	14
ENSG00000264066	14
ARRDC1-AS1	14
TMED4	14
PRKCD	14
TUBA1A	14
USP22	14
PIAS4	14
KRBOX4	14
MPP1	14
MASTL	14
PDCD5	14
C1GALT1C1	14
RGS3	14
SPATA33	14
RAD17	14
PRG2	14
POLR2M	14
SPARC	14
ENSG00000288983	14
MSN	14
ENSG00000288744	14
ZNF226	14
EPHB6	14
TMEM11	14
ENSG00000289067	14
ANXA7	14
LBR	14
HADHA	14
RAD51-AS1	14
BNIP3L	14
MCAM	14
CST7	14
ZNF529-AS1	14
PAIP1	14
WRAP73	14
EEF2	14
GDPD5	14
NDUFB7	14
ENC1	14
ENSG00000289017	14
ZFP36L1	14
DTD2	14
EIF4EBP2	14
PLSCR3	14
TCF25	14
SNW1	14
HAT1	14
POMGNT1	14
ENSG00000289579	14
ENSG00000246851	14
IFFO1	14
PPP1R3C	14
FLOT2	14
MSX1	14
ENSG00000226332	14
BORA	14
ZNF304	14
MIS12	14
MRPS33	14
C15orf40	14
PLAAT3	14
ERV3-1	14
WAPL-DT	14
NEIL1	14
THRAP3	14
MRPS9	14
EI24	14
CDC42EP1	14
ENSG00000275457	14
TPM2	14
RAB26	14
VPS26B	14
IFIT5	14
HECTD3	14
NAP1L3	14
STBD1	14
TPM1	14
NCAPH2	14
RBM39	14
SUGP2	14
PPIF	14
NADSYN1	14
MRPL54	14
TRIM22	13
NUP85	13
GADD45B	13
ELF1	13
PEMT	13
SHKBP1	13
RXRA	13
FAM174A	13
NSUN5P2	13
GSDMD	13
TPT1	13
FOS	13
NPEPL1	13
RNF26	13
CD27	13
RABIF	13
TUBGCP2	13
ENSG00000289119	13
IPO7	13
ENTPD6	13
EIF6	13
ZWINT	13
SLC35B1	13
CASP6	13
POLR2J	13
RHOA	13
NRAV	13
TSPAN17	13
OSTF1	13
APOBEC3B	13
RPA1	13
ITPA	13
MRPL44	13
DNAJA4	13
ARFGAP2	13
ATP5IF1	13
ENSG00000289437	13
GNPTG	13
ANP32B	13
MRPL50	13
TMEM255B	13
ELP5	13
ATP5PF	13
HSPA9	13
MX1	13
IL7R	13
SMTN	13
NUDT6	13
DDTL	13
ZNF256	13
SERTAD1	13
AKR1E2	13
ENSG00000229278	13
FGD5-AS1	13
GPR34	13
SRPX	13
BNIP2	13
MRPL21	13
TGDS	13
C11orf24	13
CCDC86	13
DUSP14	13
NSFL1C	13
SUGT1	13
WIPI1	13
BEST1	13
NOL6	13
IL2RG	13
SNX22	13
GAR1	13
ENSG00000278834	13
HACD4	13
LINC01260	13
ACTR2	13
SLFN12	13
BANF1	13
PSMB7	13
MMP2	13
PJA1	13
ENSG00000260733	13
CCDC122	13
TMEM265	13
WDR5	13
PCIF1	13
JMJD7	13
FHL3	13
LAPTM4B	13
FOXRED1	13
FICD	13
ATP5MC1	13
FAM219B	13
DDX5	13
NALT1	13
PIM2	13
CBR3	13
ZRSR2	13
SMCR5	13
EPB41L4A-AS1	13
BCAS2	13
ZFP90	13
VPS51	13
ING2	13
TMEM176A	13
CFI	13
ZNF23	13
SMC1A	13
LINC00115	13
FIGNL1	13
PSMA2	13
GOT1	13
ENSG00000276934	13
LAYN	13
IFI6	13
GGNBP2	13
ENSG00000278601	13
ENSG00000270127	13
HDGFL2	13
MIR223HG	13
IDNK	13
ZNF48	13
TUBG1	13
RPL23	13
TRIM13	13
FMR1	13
IL18BP	13
TBX2-AS1	13
DUT	13
ENSG00000203279	13
KIZ	13
MRPS23	13
COA1	13
HMGCS1	13
SRP19	13
GSTO1	13
EID2B	13
TFIP11	13
RMI2	13
API5	13
MAPK3	13
RGS9	13
HNRNPH1	13
TIMM22	13
ENSG00000273271	13
NPW	13
MDM1	13
TUSC1	13
CHCHD3	13
IDH1	13
DHRS1	13
MMGT1	13
ENSG00000287168	13
PLCXD1	13
ENSG00000235100	13
SERTAD3	13
PELO	13
RHOF	13
NECAP2	13
C1orf109	13
FIP1L1	13
MED28	13
CPNE3	13
EXOSC8	13
SEC13	13
TMEM60	13
RAP2C	13
TAF7	13
IDI1	13
SLTM	13
CD79B	13
NDUFB10	13
HOTAIRM1	13
RPAP1	13
AHCY	13
FASN	13
PCED1A	13
DCTD	13
ARMCX3	13
RPL24	13
MAPK12	13
GORASP2	13
DPYSL4	13
IL17RC	13
RAB35-AS1	13
WFS1	13
DCAF13	13
ENSG00000290122	13
MEX3B	13
DAZAP2	13
PIGQ	13
PDGFRB	13
WIZ	12
ALDH16A1	12
TUBB4A	12
FIBP	12
DPH2	12
GNG11	12
EMP3	12
DNAJC15	12
ZNF331	12
TSPAN32	12
RNF4	12
CLN8	12
ACTB	12
RBMX2	12
YME1L1	12
LRRC59	12
EXOG	12
LINC00662	12
DALRD3	12
MAK16	12
NMRAL1	12
SCAF1	12
FAAP20	12
SMARCA5	12
RAB3IL1	12
ENSG00000278133	12
PANK2-AS1	12
TADA3	12
GZMM	12
CTSC	12
CD37	12
HYOU1	12
DDX28	12
U2AF1	12
GDI2	12
RAD50	12
KRT19	12
GOLGA8N	12
GRTP1	12
ENSG00000289887	12
LINC03049	12
DMWD	12
NDUFV3	12
HEATR3	12
HDAC7	12
ZNF425	12
TUBB6	12
FAM118A	12
JUN	12
IL10RB-DT	12
BUB1B	12
FEM1B	12
UBL3	12
METTL14	12
ST3GAL1-DT	12
CTSA	12
UCHL1	12
RPL23A	12
GOLGA7	12
XIAP	12
PNPLA2	12
QDPR	12
PSIP1	12
ZNF335	12
B9D2	12
ENSG00000272518	12
HYAL2	12
ENSG00000272871	12
SNRPB	12
SRM	12
RINL	12
LINC01882	12
ENSG00000289472	12
SF3A1	12
CCDC124	12
PITRM1	12
CENPF	12
APOL2	12
FBXO44	12
PGM2	12
VAT1	12
KLHL11	12
CYTH2	12
ENSG00000289277	12
ZNF707	12
IRX5	12
LINC00888	12
CELSR2	12
ENSG00000289194	12
STING1	12
SLC25A28	12
NFYC-AS1	12
CA2	12
TTF1	12
C7orf25	12
EIF2S3	12
HSPB1	12
ARPC4	12
SH3GLB2	12
PFKP	12
GPX7	12
ENSG00000272106	12
ARFRP1	12
TSPYL2	12
LINC02558	12
WDR45B	12
LINC00205	12
ENSG00000291303	12
POLG-DT	12
XPC	12
INCENP	12
HSF1	12
ELAC1	12
ZBTB6	12
PRDX4	12
MFSD13A	12
RBCK1	12
NDUFAF2	12
MTHFSD	12
SLC7A6OS	12
CFAP36	12
POLR3K	12
SLC4A3	12
RMC1	12
UQCRB	12
UBE2S	12
BLOC1S6	12
SLC18A2	12
PGK1	12
NUDT5	12
SNF8	12
CD59	12
KMT5A	12
OIP5	12
RTL6	12
ENSG00000289865	12
PPIA	12
DECR2	12
FPR1	12
ENSG00000261526	12
DDX56	12
GCAT	12
CALR	12
CDIP1	12
NDUFA6	12
GGCT	12
LINC02613	12
MAPKAPK5-AS1	12
ROCK1P1	12
NACA	12
ZNF57	12
ENSG00000277597	12
CCDC183	12
COQ7	12
ENSG00000287733	12
SMOX	12
MGST3	12
SLC43A1	12
SERP1	12
PLD6	12
MTCH2	12
PPP2R5B	12
SULT1A1	12
PLPBP	12
SPARCL1	12
RPL8	12
DDX6	12
MDH1	12
CISD3	12
SNAPIN	12
EIF3A	12
ARL16	12
GPR183	12
SMIM26	12
COX5A	12
CCT8	12
C9orf64	12
DSCC1	12
INF2	12
OCIAD2	12
NHERF2	12
SLC25A38	12
PTGS1	12
ACTL6A	12
POLR3D	12
ZC3HC1	12
ATP5F1C	12
ENSG00000271980	12
ENSG00000260912	12
SPIB	12
ENSG00000261529	12
SELENOH	12
APEX2	12
PIERCE1	12
HYPK	12
UCHL3	12
PRSS57	12
LIPT2-AS1	12
RUSF1	12
ENSG00000289404	12
MS4A6A	12
PLIN4	12
STX16	12
LRRC14	12
H2AC25	12
LRRC25	12
SLC16A3	12
KLC1-AS1	12
BCKDHA	12
AXIN2	12
NONO	12
STARD10	12
PSPC1	12
ENSG00000274292	12
MRPL35	12
EREG	12
NUP58	12
CFL1	11
ITGB4	11
PDIA4	11
ZNF404	11
PRDX2	11
ZNF222	11
ADCY4	11
PSMG2	11
STXBP3	11
ELP2	11
CGGBP1	11
CLGN	11
CHMP4A	11
C1QBP	11
TMA16	11
NEFM	11
IFITM3	11
THUMPD3-AS1	11
COL3A1	11
GADD45G	11
SPATA2L	11
SNCG	11
UBE2L6	11
SLC66A2	11
DBR1	11
PPL	11
IDH3G	11
LSP1	11
ENSG00000288759	11
ENSG00000231355	11
IMPDH2	11
MLLT11	11
FTSJ1	11
FAM43A	11
RHOBTB2	11
ENSG00000289574	11
MIF4GD-DT	11
CLU	11
TXNDC17	11
FAM204A	11
NDRG1	11
TNS2-AS1	11
LINC00685	11
PLVAP	11
TMEM179B	11
C8orf48	11
LETMD1	11
ENSG00000174171	11
EMC10	11
AP1M1	11
PAPSS1	11
BTK	11
CHID1	11
LYNX1	11
STX2	11
SUPT20H	11
INE1	11
ENSG00000263986	11
SKIL	11
APOO	11
ARMCX2	11
SLC25A46	11
LTO1	11
ZNF600	11
SASH3	11
CLEC2B	11
COPS6	11
SAMD11	11
RAB40B	11
C19orf12	11
H2AZ2	11
HELZ2	11
RGS1	11
TACO1	11
AIFM3	11
TUBB3	11
TLE3	11
RGCC	11
MBLAC2	11
HEY1	11
SAMSN1	11
ENSG00000248206	11
AMH	11
CFAP53	11
ZNF225-AS1	11
SNX6	11
SERF2	11
ENDOD1	11
PGRMC2	11
DBN1	11
EPRS1	11
NXT2	11
SLC31A2	11
AMACR	11
REX1BD	11
ENSG00000289334	11
TMA7	11
SNX21	11
RNF187	11
CDK5RAP1	11
PURB	11
DDA1	11
CTSL	11
EXOC3-AS1	11
DDX3X	11
ARRDC4	11
CSK	11
MVB12A	11
TRAF2	11
LEAP2	11
NDUFS5	11
USP19	11
ALG5	11
ENG	11
ENSG00000288873	11
BPNT1	11
IGF2	11
RNF121	11
PCTP	11
NRIP3	11
ZNF787	11
CTHRC1	11
SNHG20	11
AKIP1	11
CWC15	11
SLC25A32	11
HOXB5	11
ACSS1	11
NAA40	11
RPS6KL1	11
GUF1	11
SDHA	11
YTHDF2	11
RBFA	11
NLE1	11
LYRM9	11
ENSG00000235085	11
ENSG00000290958	11
HSD17B10	11
ENSG00000277959	11
RNFT1	11
GTPBP3	11
NIPSNAP3B	11
ICAM3	11
COX16	11
GATD1-DT	11
CDK16	11
RPUSD4	11
FAM120A	11
ELOB	11
CENPJ	11
CCDC9	11
R3HCC1	11
DDX49	11
BEX1	11
OGFOD3	11
AK6	11
NDUFV2-AS1	11
TMEM177	11
SMIM10	11
NXF1	11
EPDR1	11
GRPEL1	11
MAGEH1	11
RRP1B	11
ENSG00000276131	11
PLK4	11
SEC61A1	11
MARCHF2	11
TREX1	11
ZNF430	11
COX15	11
MAMDC4	11
PRIMPOL	11
SRSF1	11
M6PR	11
IGFBP5	11
PRPF31	11
BCL9L	11
IGHEP2	11
LHFPL3	11
SCPEP1	11
SRRM2	11
UBQLN4	11
ENSG00000272831	11
LDB1	11
ENSG00000286314	11
TMED7	11
TRPC4AP	11
TOR3A	11
PIP4K2B	11
EMC2	11
ENSG00000270681	11
MEST	11
ENSG00000285756	11
BMP2K-DT	11
TIMELESS	11
ENSG00000287837	11
CTSF	11
EBLN3P	11
ENSG00000289558	11
EID1	11
CCL3L3	11
PARP2	11
COMMD5	11
TONSL	11
MAN2B2	11
A1BG-AS1	11
LINC01198	11
ENSG00000289443	11
POLDIP2	11
PPP1R3E	11
TAFAZZIN	11
LINC00106	11
POP4	11
NLRP2	11
ENSG00000260267	11
ALKBH3	11
PSMC1	11
CD2BP2-DT	11
NPRL3	11
IFI30	11
GNA13	11
ANKRD13D	11
SART3	11
ATP6AP2	11
DOLPP1	11
FAM151B-DT	11
RNF126	11
UROS	11
USP14	11
VAMP1	11
FURIN	11
WARS1	11
PVRIG	11
CFAP410	11
ASB13	11
THAP9	11
SERINC2	11
ENSG00000289585	11
RPL35	11
CDC37	11
ETS2	11
NKG7	11
NDOR1	11
DDX55	11
TSPAN13	11
PRC1	11
RFT1	11
SPON2	10
PHYKPL	10
MCPH1	10
IQGAP1	10
LRPAP1	10
KBTBD11	10
PITPNM1	10
ASRGL1	10
ENSG00000267638	10
ENSG00000259999	10
VPS29	10
SPEGNB	10
ATF5	10
PITHD1	10
SNAI3	10
SNAPC2	10
MORF4L2-AS1	10
NANOGP8	10
WASHC2A	10
TXNRD2	10
SBDSP1	10
TRMT61A	10
ENSG00000287263	10
MCRS1	10
PLA2G12A	10
ADAM33	10
KCTD9	10
SLX9	10
TNFRSF10A-DT	10
RDH10	10
ATP5F1A	10
ALDH1A1	10
AKR1C3	10
STRAP	10
LCP1	10
CIB1	10
PRSS21	10
NDUFAF8	10
ZNF682	10
USP38-DT	10
GYPA	10
CPSF7	10
DPP3	10
ENSG00000273199	10
TNNI2	10
MRI1	10
ZNF195	10
CTNNBL1	10
ENSG00000286984	10
SPAG7	10
WDR4	10
ZNF268	10
PTAR1	10
IL10RB	10
TMEM254	10
PPP2R3B	10
NRROS	10
RNF141	10
RAB9A	10
ENSG00000268218	10
PARP4	10
TIGD2	10
NAGA	10
COPS3	10
MAP3K8	10
ZNF28	10
NELFCD	10
ENSG00000288995	10
PPP1CA	10
RPUSD2	10
OLFM2	10
THAP7-AS1	10
BST1	10
GLRX3	10
AURKA	10
ENSG00000277767	10
SERPINB8	10
COL6A2	10
TMEM128	10
SNAPC3	10
PF4V1	10
ZNF596	10
CD27-AS1	10
NOTCH3	10
GCDH	10
GRB2	10
DNAJB6	10
GABPB1-AS1	10
RCOR2	10
ZBTB21	10
SLC25A4	10
NDUFS3	10
INO80E	10
PAGR1	10
ENSG00000266998	10
PTTG1IP	10
CCPG1	10
ENSG00000263466	10
DDX23	10
EDC4	10
PFDN5	10
SDCBP2	10
COQ2	10
PMEPA1	10
GUK1	10
ENSG00000290459	10
HMGN5	10
RHBDD2	10
HTD2	10
ENSG00000261604	10
DCP2	10
MRPL43	10
SAMM50	10
RAB2B	10
IL18	10
CAB39L	10
ENSG00000197815	10
RPS8	10
COL9A3	10
IGLV5-52	10
NGRN	10
DPAGT1	10
BTG1	10
ACD	10
HNRNPD-DT	10
RFX5	10
KATNB1	10
MED31	10
BORCS8	10
SKP2	10
ATPAF1	10
ARHGAP11A-DT	10
CCDC120	10
ENSG00000226644	10
ENSG00000271780	10
ENSG00000276742	10
EMD	10
PATJ-DT	10
GAS8	10
HAUS8	10
GPR18	10
LENG9	10
EIF3J-DT	10
C14orf119	10
PPWD1	10
ERCC2	10
CSTF2	10
ENSG00000272768	10
HNRNPH2	10
TRIM34	10
ENSG00000288107	10
RARS1	10
BRWD1-IT1	10
SLC20A1-DT	10
BTG3	10
TNPO2	10
LACTB2	10
SMIM15-AS1	10
ENSG00000281383	10
ANKRA2	10
MTERF2	10
MTPAP	10
EXOSC9	10
SIGLEC17P	10
ENSG00000233785	10
ABHD17A	10
PXMP2	10
NFRKB	10
SCOC	10
KMT5C	10
SEC61A2	10
RCN1	10
CCND2	10
PPP1R12A-AS1	10
RITA1	10
FTL	10
CPB2-AS1	10
GORASP1	10
MRPL51	10
FBXL5	10
CENATAC	10
GNG10	10
ENSG00000289226	10
ENSG00000189316	10
UBXN11	10
TTC5	10
TRBC2	10
EIF3E	10
ZNF324	10
TMEM9B	10
TCEAL4	10
IRF1	10
TIMM9	10
SLC30A9	10
ENSG00000274565	10
TMUB1	10
ZNF512B	10
ARHGAP45	10
ENO3	10
FZD6	10
ZNF230-DT	10
TMEM140	10
SUB1	10
MIRLET7A1HG	10
VIPAS39	10
BPNT2	10
ENSG00000267523	10
COX17	10
GID8	10
AATF	10
SYT11	10
BCAM	10
ZNF419	10
PDP1	10
TUBG2	10
ZNF295-AS1	10
ENSG00000290940	10
MRPL47	10
LPCAT4	10
MIEN1	10
DNAJC4	10
PPFIA3	10
FGFBP2	10
DAPK3	10
C22orf39	10
TRMT6	10
RPS23	10
ENSG00000289891	10
LYAR	10
EMC7	10
MPI	10
MOAP1	10
SPP1	10
METTL23	10
TTI2	10
RAE1	10
OSCAR	10
LAMP2	10
GLA	10
IL16	10
SEC31A	10
VASH1-AS1	10
CDV3	10
TAF13	10
FAM162A	10
SNX7	10
MCF2L-AS1	10
RIOK3	10
CHAC1	10
FSTL1	10
IGDCC3	10
COMMD2	10
GIHCG	10
TOMM20	10
SF3A3	10
CHORDC1	10
CENPK	10
SRPX2	10
STRADB	10
NENF	10
AIDA	10
EIPR1	10
NUP42	10
STMN4	10
SPRY2	10
SETD9	10
ARSD	10
MRPS12	10
ENSG00000268650	10
PRMT9	10
GPATCH4	10
RNF6	10
B4GALT7	10
THEM6	10
PIK3IP1	10
PCAT7	10
GNG3	10
MIB2	10
POLR2J2	10
MRPL28	10
ENSG00000281468	10
AQP3	10
ENSG00000259356	10
BTBD3-AS1	10
ATPSCKMT	10
ENSG00000289971	10
TMCO1-AS1	10
RAB10	10
TTC39C-AS1	10
GSTT2B	10
SELENOT	10
VAMP7	10
ENSG00000269902	10
GPR82	10
LRP2BP	10
C17orf58	10
DYNLRB1	10
TFRC	10
ENSG00000260583	9
PICALM	9
AIMP2	9
PAIP2B	9
SHOX2	9
GTF2H1	9
TUBGCP6	9
ZFAND2A	9
LRRC40	9
CD209	9
DOK4	9
SOD1	9
RAB39B	9
GGA1	9
ACAT1	9
SPIN2B	9
LINC02987	9
CFDP1	9
ZNF714	9
HUWE1	9
SUCLA2	9
PLD3	9
CNOT7	9
ACYP1	9
DDX18	9
ENSG00000289620	9
CIPC	9
WAC-AS1	9
TVP23B	9
PEAK3	9
YWHAH	9
JSRP1	9
SYMPK	9
PGBD4	9
ENSG00000288066	9
ZNF8-DT	9
ORC6	9
RETREG2	9
SORD	9
ENSG00000289021	9
PKN3	9
FASTKD3	9
UTP25	9
CTNS	9
PERM1	9
C11orf98	9
TMEM184C	9
LINP1	9
ENSG00000278330	9
SAFB2	9
SAP30L	9
MMP24OS	9
ESS2	9
ENSG00000273424	9
SDC4	9
MRPS22	9
RIOX2	9
TMEM9	9
IFNGR2	9
CRKL	9
ZPR1	9
ENSG00000278600	9
SPC24	9
HSD17B11	9
CTF1	9
RPS24	9
ENSG00000262038	9
UQCRH	9
PRSS3	9
NAA60	9
CHMP6	9
VPS11	9
ME2	9
RHOB	9
PLEKHJ1	9
POMGNT2	9
C1QTNF4	9
ATP6V1E1	9
KIAA2013	9
HID1	9
MRM3	9
MFSD10	9
ATP6V1C1	9
CCT7	9
LRRC47	9
GPX8	9
ENSG00000287608	9
HINFP	9
HPSE	9
ENSG00000287032	9
ENSG00000270022	9
CRYBB2P1	9
TOMM40	9
ENSG00000272588	9
COX7B	9
SLC6A8	9
ENSG00000267632	9
P3H1	9
PPIC	9
SNAP23	9
C12orf43	9
ENGASE	9
GORAB	9
SBF1	9
CRIP2	9
PPT1	9
IGLV1-51	9
FLII	9
GSTM1	9
SAC3D1	9
NEURL4	9
ACTR1B	9
C12orf29	9
BRI3	9
PSTK	9
ZNF77	9
LINC03057	9
XAB2	9
NPIPB2	9
CSNK1D	9
DDX39A	9
ENSG00000255328	9
THOC6	9
SIGLEC7	9
ENSG00000272330	9
ZNF155	9
LTB4R	9
GBP2	9
ARF4	9
GNAZ	9
RPL35A	9
ETAA1	9
MIF-AS1	9
CSRP1	9
GSPT1	9
SLC7A1	9
ST13	9
ARVCF	9
ENSG00000288994	9
HIF1A	9
LHPP	9
NAV2-AS2	9
NUCB2	9
DPF2	9
ALDOA	9
BLMH	9
SMPD1	9
PRNP	9
DNAJB12	9
PIERCE2	9
ZNF710-AS1	9
CYB5R2	9
SLC25A10	9
KLF10	9
A1BG	9
ARL11	9
RPS19BP1	9
SLC5A6	9
GPSM1	9
TMEM138	9
ALG8	9
FHIP2B	9
CLTB	9
PRKX-AS1	9
G6PC3	9
ENSG00000289904	9
ENSG00000261505	9
THBS1-IT1	9
ZNF747-DT	9
PPP1R2	9
CTNNAL1	9
NAA20	9
NMU	9
ZNF738	9
ENSG00000280206	9
PFDN4	9
SV2C	9
CUTC	9
ENSG00000262049	9
ZNF805	9
ENSG00000241954	9
GPR137	9
ATP6V1G1	9
RPS15	9
RFC4	9
CXCL6	9
GIGYF1	9
ENSG00000291179	9
ENSG00000271918	9
ENSG00000262089	9
PYCR3	9
TNFSF9	9
CEP44	9
MIR17HG	9
CXCL3	9
ZDHHC13	9
F12	9
EHD4	9
ZNF205	9
LPCAT1	9
XRCC1	9
PRMT1	9
LINC02937	9
ENSG00000286431	9
QARS1	9
LIAS	9
UPK3BL1	9
TOX4	9
PDK3	9
SCAMP4	9
TTLL12	9
LAIR1	9
NMRK1	9
LRRCC1	9
SYTL1	9
TMEM243	9
ZFP62	9
PRSS36	9
ENSG00000273449	9
SDF2	9
SYNM	9
COX6C	9
TNNT1	9
ENSG00000261641	9
HAS2	9
THAP3	9
SNRPE	9
ENSG00000253562	9
ENSG00000289138	9
ARSA	9
ZBTB43	9
POFUT2	9
MIOS-DT	9
SEPHS2	9
TPCN2	9
RBM14	9
ENSG00000283886	9
BRSK2	9
TMEM87A	9
KLF5	9
TP53RK	9
EPHX2	9
RALB	9
MRPL4	9
SLC17A9	9
EOLA2	9
DNAJC30	9
SNAP29	9
C11orf21	9
CSTF1	9
TMEM220	9
CDADC1	9
IFI16	9
PRPF18	9
LINC00539	9
KPTN	9
MXD3	9
AGRN	9
ZNG1A	9
TBC1D20	9
FBXW5	9
NAA30	9
SLC10A3	9
DSN1	9
ZFP37	9
ATP6AP1-DT	9
ENSG00000267317	9
PTPN6	9
ENSG00000267546	9
RSPH1	9
OBI1	9
MIR130AHG	9
ENSG00000262039	9
EXOC7	9
ZBTB45	9
CFD	9
YIF1B	9
COASY	9
CCDC66	9
RTP4	9
CNMD	9
SLC39A8	9
SCML1	9
TMEM230	9
NEK3	9
MCRIP1	9
ENSG00000288917	9
PIMREG	9
FDXACB1	9
ZNF658	9
NREP	9
ZMYM5	9
ARMC10	9
BCL2L12	9
HNRNPAB	9
UFD1	9
LZTR1	9
FAM88B	9
EEIG1	9
SYPL1	9
ENSG00000272788	9
LRWD1	9
LPCAT2	9
ACSL1	9
CHTOP	9
ENSG00000289085	9
MIR222HG	9
ERGIC3	9
ASS1	9
KIF5B	9
CSRNP1	9
NOP9	9
TMEM44-AS1	9
BAG3	9
TYMSOS	9
PDZD11	9
PRRT2	9
SRPK3	9
ENSG00000289494	9
SLC25A28-DT	9
KLF16	9
ENSG00000289038	9
MYDGF	9
MRPL9	9
EFNB3	9
PSMD14	9
SRP54	9
HDHD2	9
SEPTIN1	9
MBTPS1	9
DHX9-AS1	9
SUPV3L1	9
PHF23	9
ANXA1	9
RBBP4	9
PSMA5	9
FAM131A	9
ENSG00000288907	9
TMEM191C	9
SC5D	9
LINC01637	9
CDH24	9
MAGEL2	9
RAB3D	9
RELL1	9
ENSG00000271833	9
MIR23AHG	9
CEP131	9
ENSG00000233783	9
BCO2	9
FHIP1B	9
ERICH1	9
DDX42	9
RNH1	9
SFSWAP	9
TMED5	9
NUDT15	9
EMG1	9
PRELID3B	9
PET100	9
PSMD3	9
WAPL	8
EMP2	8
RPL22L1	8
C16orf87	8
ENSG00000291113	8
ENSG00000290931	8
RRP8	8
ENSG00000273584	8
CAMK1	8
S100A13	8
HAPSTR1	8
LERFS	8
SIRPG	8
ANKLE1	8
DANCR	8
LINC00920	8
KBTBD3	8
DDX11L2	8
RPL11	8
DGKE	8
TNFSF13	8
DTD1	8
AQR	8
MPV17L2	8
DNAAF5	8
MRPL10	8
ATF4	8
TRUB2	8
SLC22A18	8
ENSG00000266598	8
ALG1	8
ZNF232	8
HHIP-AS1	8
FTH1	8
RPF1	8
RPL18	8
CABYR	8
FCN1	8
SAMHD1	8
ZNF319	8
LINC02273	8
IRF5	8
F8	8
DAG1	8
GPS2	8
ALDH3A2	8
RIOX1	8
ING4	8
PDHX	8
UBTF	8
ENSG00000261451	8
TLE5	8
COPS5	8
SPDL1	8
INPP5E	8
FBXO25	8
FANCB	8
MCUB	8
SLC44A2	8
GOLGA8A	8
PSMD12	8
ENSG00000261187	8
CLEC4A	8
SLC25A5-AS1	8
CD1D	8
ADAR	8
KCNG1	8
SHLD3	8
ENSG00000253284	8
ST20	8
USP20	8
MCM3AP	8
MINDY1	8
ENSG00000276412	8
ATP5MK	8
CORT	8
SH3BP1	8
PGM2L1	8
TK1	8
KRBA2	8
RRP1	8
MBD2	8
KLB	8
C1orf167	8
FAM193B	8
FAM114A2	8
ENSG00000272764	8
ENSG00000290057	8
TNFSF13B	8
TMEM176B	8
KIFBP	8
C10orf143	8
SLC39A6	8
PLAU	8
PPP1R14A	8
C17orf80	8
ZNF597	8
ENSG00000288876	8
LINC00963	8
ENSG00000253736	8
ENSG00000288815	8
ENSG00000262410	8
TBC1D13	8
HDHD5	8
NDUFB8	8
SLC25A21-AS1	8
HMGB3	8
KLRC1	8
MHENCR	8
MTRF1	8
PBK	8
NDUFAF5	8
TTC16	8
ENSG00000289504	8
MPZL3	8
FAM104A	8
ANKRD40	8
TIMM17A	8
CTBP1-AS	8
LINC01730	8
RACGAP1	8
RMND5A	8
ZNF518B	8
ILF2	8
NAPA-AS1	8
ENSG00000275202	8
MMP9	8
ENSG00000260121	8
TRIM68	8
ENSG00000223576	8
CCL4	8
TCF7	8
ENSG00000260816	8
CRTAP	8
CNPPD1	8
MBOAT7	8
KCNK7	8
ENSG00000287009	8
ENSG00000272918	8
PLTP	8
ENSG00000254428	8
ENSG00000287851	8
TMEM262	8
ZNF691-DT	8
LINC01550	8
PGS1	8
ENSG00000290791	8
OSGEPL1-AS1	8
ENSG00000269940	8
ENSG00000289624	8
CD55	8
ABTB1	8
SLC38A5	8
CHI3L1	8
PHGDH	8
UCKL1	8
ENSG00000290039	8
DOK3	8
SPN	8
CDK11B	8
ADIRF-AS1	8
PRKCSH	8
ENSG00000290823	8
SUGT1P3	8
CENPV	8
ENSG00000272777	8
LINS1	8
ENSG00000272936	8
ENSG00000279623	8
NAV2-AS3	8
TMEM160	8
SNPH	8
ENSG00000207751	8
ZNF548	8
ATP5ME	8
SMC2	8
PICART1	8
TSPAN7	8
ENSG00000289488	8
TBCB	8
PRR14	8
SCARB2	8
SH2D1A	8
CNP	8
KLRC3	8
KLRD1	8
SAA1	8
GBP1	8
CD99	8
CD52	8
NAP1L1	8
UHRF1	8
ENSG00000265490	8
C3	8
ENSG00000287979	8
SMC5-DT	8
MICU2	8
ENSG00000249684	8
ADISSP	8
SUMO3	8
CHMP5	8
AMOTL2	8
ENSG00000286584	8
CYP20A1	8
SSR3	8
UXS1	8
PUSL1	8
MINDY2	8
ENSG00000262020	8
AKR1B1	8
NPDC1	8
TAF1C	8
MED16	8
CIRBP-AS1	8
XIAP-AS1	8
CERS5	8
ZNF302	8
ACAD8	8
ADPGK	8
KNSTRN	8
UBE2Q2	8
MYEF2	8
TEDC2	8
PCNA	8
BBS10	8
INTS15	8
CDK11A	8
SDR42E2	8
UQCR11	8
RBM33-DT	8
TGFBI	8
ENSG00000254419	8
GLI4	8
PPP1R7	8
BRPF1	8
ENSG00000263826	8
NOP14	8
ENSG00000274038	8
PTBP3	8
YY1	8
TRAPPC6B	8
IDH1-AS1	8
MRTO4	8
CDK5R1	8
TCEA3	8
MT1A	8
MGRN1	8
A2M-AS1	8
TMEM33	8
LOXL1-AS1	8
SLFN11	8
LSM10	8
SLC5A3	8
RMDN3	8
METRNL	8
OAT	8
PRRG3	8
AP5S1	8
ALDH18A1	8
ZMIZ2	8
CEP63	8
TKT	8
RAD23A	8
ENSG00000289827	8
ATP1A3	8
ENTPD3-AS1	8
ZNF605	8
HELLS	8
FASTKD5	8
ZNF266	8
MOCS2	8
LAMTOR5	8
UACA	8
RPL5	8
ENSG00000288984	8
ZBED6	8
ENSG00000288573	8
ENSG00000274253	8
TNFRSF12A	8
ZNF543	8
DPP3-DT	8
WAS	8
MX2	8
MRPL1	8
RPLP0	8
LINC01560	8
OTUD6B-AS1	8
CAVIN4	8
HACD3	8
YPEL4	8
UBE2T	8
ENSG00000263982	8
AKR1A1	8
ALG10B	8
SLC25A35	8
ZNF547	8
GNS	8
ENSG00000273348	8
ZDHHC21	8
ENO1	8
PSMD4	8
GINS2	8
JUNB	8
CATSPER1	8
ELMO2	8
ENSG00000266783	8
ARFGAP1	8
TINCR	8
FBXO3	8
SHF	8
LCN6	8
EPS8L2	8
ADAM15	8
LETM1	8
SAMD15	8
RPS11	8
RAB36	8
ENSG00000205041	8
STMP1	8
MIR22HG	8
GMIP	8
GOLGA4-AS1	8
WSB1	8
BBS2	8
PSMA3	8
SPART-AS1	8
VPS37B	8
FAAP24	8
CACTIN	8
GYPE	8
RGS10	8
ENSG00000290767	8
ADCK5	8
LSS	8
KHDRBS3	8
CHMP2A	8
MSANTD4	8
SUMO1	8
PMAIP1	8
FXYD6	8
FUOM	8
ENSG00000240591	8
EXOC8	8
RPLP2	8
ENSG00000267092	8
PPFIBP1	8
ABHD10	8
SBNO1	8
FGFBP3	8
TFG	8
ZNF384	8
EIF5	8
ENSG00000244332	8
GLUL	8
HCCS	8
PABPN1	8
TPM1-AS	8
SLC38A2	8
TNFRSF14	8
HSPB8	8
GPN2	8
PHYHD1	8
HOXB4	8
WDR90	8
CAPN2	8
CCND1	8
APPL1	8
UBE2V1	8
DDB2	8
ENSG00000254688	8
ZSCAN32	8
RAB6A	8
ABALON	8
STK26	8
ENSG00000255495	8
NFXL1	8
SNHG1	8
TMEM199	8
REP15	8
ERO1A	8
ENSG00000264853	8
NDUFAF1	8
PRKCA-AS1	8
ENSG00000268858	8
MTIF2	8
CSF1	8
SMCR8	8
NQO1	8
MT1X	8
HSPE1	8
HSD17B7	8
ACTR10	8
PARP1	8
CMTR2	8
VSIG4	8
ATP5F1E	8
TEX30	8
EFCAB13-DT	8
ENSG00000261542	8
CX3CL1	8
SLC35A2	8
GPR19	8
MTHFR	8
RELA	8
ENSG00000266397	8
MRNIP	8
HACD2	8
RAB5A	8
METTL25	8
SMIM30	8
ENSG00000277382	8
SLC41A3	8
MED30	8
SIX4	8
ATIC	8
FKBP11	8
PNKP	8
NSUN5P1	8
LGALS1	8
C9orf131	8
LDLRAP1	8
TUBA1B	8
LIPA	8
CD2BP2	8
ECHDC3	8
FEN1	8
TRIM65	8
TADA2B	8
KCNE3	8
SMG1P5	8
YEATS4	8
PAFAH1B2	8
FRA10AC1	8
POLR2B	8
RNPS1	8
MORF4L1	8
ANXA3	8
ENSG00000291026	8
PPIB	8
PDIA6	8
BAD	8
ENSG00000286242	8
ENY2	8
CHMP7	8
ACLY	8
ASPH	8
KDSR	8
BDP1	8
UTP14A	8
ATE1	8
ESCO1	8
PDLIM2	8
MUC3A	8
ENSG00000273176	8
HSP90AA1	7
JAML	7
ENSG00000287355	7
ENSG00000246308	7
POLGARF	7
PPP1R9B	7
RHPN1-AS1	7
CHCHD5	7
PNPT1	7
GTF2H3	7
COMT	7
RPN1	7
ACOT2	7
HS3ST1	7
MRPL30	7
CCDC51	7
ENSG00000254325	7
ARL6IP1	7
ART5	7
MTA1	7
JUP	7
ZNF480	7
EIF2B2	7
TRAPPC3	7
C2CD2L	7
DDX27	7
MMAB	7
AFP	7
FAM230C	7
ENSG00000289056	7
ARL4A	7
FUNDC2	7
ICAM2	7
TAPBPL	7
PSMC6	7
PMP22	7
TMEM256	7
OASL	7
RHOG	7
PPCS	7
CNOT3	7
FDPS	7
SETD1A	7
FAM32A	7
EFNA1	7
LARP6	7
ENSG00000273204	7
C1orf198	7
ENSG00000272195	7
POLG	7
ASNS	7
PDLIM5	7
ASPSCR1	7
SGSM2	7
CD81-AS1	7
ENSG00000254165	7
DHODH	7
SALL1	7
VPS11-DT	7
JUND	7
ENSG00000290453	7
ENSG00000268081	7
ZNF677	7
RAB20	7
BUD13	7
P4HB	7
SVIP	7
ENSG00000251615	7
FAM111A	7
TMEM218	7
PARP14	7
FGF11	7
GATB	7
FKBP8	7
RARRES2	7
HSCB	7
ENSG00000283341	7
MOSPD1	7
VPS39-DT	7
RNF216P1	7
CENPS	7
EBLN2	7
TRMT13	7
SRP9	7
DNAJA2	7
IVNS1ABP	7
TAOK2	7
LTA4H	7
ENTR1	7
P2RY10	7
LGALS8	7
C14orf180	7
TECPR1	7
CD4	7
MT1E	7
ENSG00000288998	7
ZNF579	7
ETV5	7
ABITRAM	7
ENSG00000289168	7
GEMIN7	7
SFRP2	7
ALOX12	7
C8orf33	7
ENSG00000290872	7
SH3BP2	7
ENSG00000284526	7
TRMT61B	7
DCAF16	7
EID2	7
GACAT2	7
BRCC3	7
ENSG00000272505	7
CDKN1B	7
NISCH	7
PDK4	7
TAS2R30	7
ENSG00000272954	7
RABL2B	7
RGMB	7
MECR	7
ZNF880	7
PIN4	7
TRIM5	7
BRICD5	7
HECTD2	7
AP5B1	7
HARS2	7
VASH1	7
ENSG00000275390	7
DEPP1	7
HES7	7
THYN1	7
FZD2	7
STARD7	7
ENSG00000290098	7
ENSG00000267279	7
MECP2	7
UBFD1	7
CLN6	7
GTF2H2C	7
DDRGK1	7
LDOC1	7
NANP	7
ENSG00000254163	7
POLE4	7
ACTR8	7
ASGR1	7
TRO	7
RRS1	7
ENSG00000269888	7
SLC15A4	7
PGF	7
ENSG00000260296	7
ZNF85	7
TNNC2	7
ENSG00000273319	7
UBB	7
ZFP28	7
PNO1	7
RER1	7
TGOLN2	7
CDT1	7
PRAME	7
PLEKHH1	7
DUSP12	7
CXCL2	7
HOXA4	7
ERICH2-DT	7
C2orf74-DT	7
PNRC2	7
SLC12A7	7
ENSG00000270012	7
VPS18	7
ENSG00000273691	7
ENSG00000238142	7
UPF3A	7
RNMT	7
REEP2	7
LIG1	7
ENSG00000289201	7
DDX25	7
ANGPTL2	7
ARMCX6	7
GID4	7
CASQ2	7
ZG16B	7
LINC01547	7
ENSG00000263823	7
GALK1	7
LINC01424	7
PHLDA1-DT	7
EML2-AS1	7
PRR33	7
ARPIN	7
LDLR	7
CXXC4	7
KRR1	7
BARD1	7
SFXN3	7
WFDC3	7
C11orf54	7
DMD	7
TMEM120A	7
STT3B	7
CSKMT	7
SLC46A1	7
LRRN1	7
CCNB1	7
ENSG00000267002	7
SQLE	7
MIF	7
ENSG00000274340	7
MPP2	7
EIF3G	7
TMEM109	7
FAM86EP	7
ALAS2	7
ZNF74	7
TSPOAP1	7
HSD3B7	7
APOD	7
NUDT1	7
VPS26A	7
ENSG00000270077	7
ACAD9-DT	7
TSFM	7
CBR4	7
ENSG00000266088	7
ENSG00000236935	7
HSPB3	7
DYRK1B	7
ENSG00000262202	7
ZC2HC1A	7
RRAGB	7
NAT8L	7
ZFYVE19	7
ENSG00000286813	7
ENSG00000270055	7
GPS1	7
GNB2	7
SLC16A1	7
EIF4G1	7
DIPK1B	7
LINC03015	7
SFT2D2	7
CYP4V2	7
EIF3D	7
RFLNB	7
LINC00426	7
ENSG00000259202	7
SUCLA2-AS1	7
TLDC2	7
SLC25A14	7
ENSG00000289238	7
COX7C	7
TWSG1-DT	7
ENSG00000261101	7
LSM14B	7
UXT	7
ENSG00000228748	7
EHD2	7
RASSF2	7
RPH3AL-AS1	7
CMBL	7
CDK9	7
GLOD4	7
SELENOK	7
NAPG	7
TSPAN10	7
PDGFRL	7
MGMT	7
RTCA	7
FAM91A1	7
ENSG00000291100	7
ANKRD10-IT1	7
PDXP	7
HDGF	7
ENSG00000232611	7
LACC1	7
ENSG00000261845	7
CDC42	7
SERBP1	7
SLC7A3	7
NYNRIN	7
ARHGEF40	7
MTSS2	7
ZNF500	7
ENSG00000271533	7
JPT2	7
ANKRD52	7
SCARA3	7
CYB561	7
ENSG00000259474	7
ENSG00000259712	7
TIGD7	7
KIFC2	7
METTL6	7
RBM23	7
DNM1	7
RPS13	7
CRYGS	7
UAP1L1	7
SHMT2	7
DMTF1	7
ENSG00000288044	7
TNFRSF11B	7
CYP2D7	7
PTS	7
TXN2	7
ENSG00000261770	7
RPL3L	7
RPS27A	7
LINC00926	7
ENSG00000273674	7
IFT57	7
CHMP4C	7
PEDS1	7
RPL37	7
RNF13	7
ZKSCAN2-DT	7
ENSG00000242553	7
ENSG00000290927	7
ENSG00000255186	7
ENSG00000289440	7
APIP	7
ARHGEF7	7
UQCRC1	7
SBDS	7
LTBR	7
NDUFB1	7
CABLES2	7
ITGB1	7
TPRKB	7
KRT1	7
ENSG00000270755	7
DPY19L2P4	7
SLAMF7	7
MRPL38	7
CCDC18-AS1	7
PBLD	7
TMEM38B	7
CHKB-DT	7
SMAGP	7
IGFBP7	7
ENSG00000225335	7
ZNF511	7
ENSG00000226334	7
PCDH9-AS3	7
ENSG00000274184	7
NUP50	7
SEZ6L2	7
IRF8	7
LCN12	7
UBAC2	7
DNTT	7
LYSMD4	7
ENSG00000290717	7
LENG8-AS1	7
LINC02689	7
DNAJB5	7
NKD2	7
ANKRD2	7
DMAC2L	7
TOMM7	7
DHRS4L2	7
ENSG00000290012	7
ENSG00000269867	7
GTPBP10	7
CSTF2T	7
ENSG00000260349	7
LINC02289	7
ZFYVE16	7
ATP1B3	7
SNX8	7
IKZF5	7
ENSG00000288923	7
LINC02908	7
CARD9	7
PSMB2	7
ENSG00000237899	7
CALD1	7
HOXC10	7
NDUFB11	7
CAPN10-DT	7
ZNF584	7
MMD	7
TNFRSF6B	7
CYP4F29P	7
RBBP9	7
ENSG00000291159	7
SLC52A3	7
GSN	7
NFKB2	7
EIF2S2	7
VPS36	7
MATK	7
ADIRF	7
MISP3	7
SNHG15	7
NUP54	7
ZNF778	7
ENSG00000236986	7
FKBP3	7
DDIT4	7
FAHD1	7
APMAP	7
TRIOBP	7
MYOF	7
ENSG00000275454	7
NSUN5	7
PANX1	7
CTDP1	7
LINC02482	7
SLC25A43	7
RTEL1	7
GIMAP7	7
TPI1	7
ATG4A	7
SEH1L	7
ASAH2B	7
NME1	7
ENSG00000287839	7
ENSG00000289357	7
PCBP2-OT1	7
ENSG00000273797	7
JMJD8	7
LINC01273	7
PEPD	7
DGUOK	7
RPL28	7
COQ6	7
ENSG00000271851	7
NUDT19-DT	7
TAS2R31	7
CCDC71	7
GLRB	7
ENSG00000272172	7
PYROXD1	7
ENSG00000291011	7
LAG3	7
CREBL2	7
ENSG00000226647	7
PPDPF	7
LAIR2	7
ENSG00000274591	7
KRI1	7
GJB2	7
GPR174	7
ZNF414	7
CCDC32	7
VMO1	7
MED4	7
ZNF337	7
TRIB3	7
THG1L	7
BZW1	7
LINC01500	7
PWP1	7
PHYHIPL	7
CA3-AS1	7
ACTMAP	7
HDAC4-AS1	7
CCDC174	7
RNF175	7
C5AR1	7
CD300LF	7
NAXD	7
MST1	7
C16orf89	7
PRKAR1A	7
FAM200B	7
PDLIM4	7
OLFM1	7
SND1-IT1	7
RBM26	7
GTF3C5	7
BCL10	7
ARL9	7
HMG20B	7
GYPC	7
C8orf88	7
IGHMBP2	7
BIN2	7
CAPN12	7
LXN	7
NOL11	7
OTUD6B	7
SLC25A25	7
DNAJC7	7
ENSG00000265967	7
ENSG00000290397	7
MAP1B	7
MALAT1	7
NOL12	7
MYO1G	7
AGT	7
RASGEF1A	7
KLRK1	7
CEP20	7
RCL1	7
SNX19	7
FAU	7
TET1	7
MYH7B	7
CYB5D1	7
RAD23B	7
NUDT12	7
MAT2B	7
MRPL27	7
OGFOD2	7
ENSG00000254205	7
FBLN5	7
UBL5	7
METAP1	7
ENSG00000286033	7
TNFRSF17	7
VSIR	7
FGFR3	7
ENSG00000267571	7
RGN	7
ANKRD16	7
RB1	7
TMEM106B	7
TRUB1	7
LURAP1L	7
KPNA3	7
VKORC1	7
CLTC	7
VPS37C	7
MAOA	7
LZIC	7
CXCL8	7
TMEM47	7
PCF11-AS1	7
HSPA8	7
CTSO	7
U2AF1L4	7
ACSF3	7
ENSG00000270605	7
MIRLET7BHG	7
ENSG00000286817	7
RSAD1	7
TCEANC	7
SNX1	7
CPPED1	7
B4GALNT1	7
HBG1	7
HMGXB4	7
MATR3	7
TAF1D	7
TPP2	6
FBN1	6
GRK2	6
GCNT3	6
RPS7	6
RASGRP2	6
UBASH3A	6
SIDT2	6
RPS27L	6
NIPSNAP2	6
SNRNP70	6
SPCS3	6
PTPRJ-AS1	6
TRIP6	6
DLD	6
DIABLO	6
RABEPK	6
ATG2A	6
P2RY13	6
ROPN1L	6
ZNF649	6
ENSG00000272892	6
RPS17	6
SIRT2	6
MCCC2	6
PXMP4	6
IREB2	6
ZNF415	6
TOP1	6
KIR3DL1	6
LILRA2	6
ENSG00000276241	6
ENSG00000288755	6
CNTF	6
PDPK1	6
TAS2R10	6
APEH	6
ZNF619	6
SCIMP	6
TP53I13	6
SEC61B	6
ZNF460	6
HPGD	6
TPPP	6
NCK1	6
KRT13	6
C21orf91	6
PNMA6A	6
AP1G2	6
ENSG00000291124	6
KLRF1	6
HAX1	6
TDRKH-AS1	6
CD86	6
STRN4	6
ENSG00000272335	6
ENSG00000272572	6
DKK1	6
MIR3677HG	6
GATD3	6
VAMP3	6
ERI2	6
MUC6	6
ZNF276	6
SLC50A1	6
MTIF3	6
PLPP5	6
ENSG00000255084	6
SLC66A3	6
VPS72	6
HAR1B	6
ENSG00000291095	6
CDK10	6
LINC01128	6
TST	6
NDUFA4	6
EIF3M	6
SRRT	6
RTL8C	6
ASB8	6
ACOT8	6
CDK5RAP3	6
GBP1P1	6
CEP192-DT	6
NTAN1	6
FXYD2	6
PRXL2A	6
USP53	6
ENSG00000259238	6
SYT13	6
NGLY1	6
PARP6	6
THTPA	6
TTC38	6
FAM24B	6
PRMT5	6
MAP3K2-DT	6
ATP2A3	6
GADD45A	6
LINC02968	6
ZSCAN2	6
ENSG00000272829	6
IL4R	6
TBC1D22A-AS1	6
KBTBD11-AS1	6
QTRT1	6
KLF3	6
ROM1	6
ACTR5	6
GMEB2	6
PIGC	6
RASSF1	6
TRMO	6
TIMM50	6
PRPF6	6
PAK2	6
CBLL1-AS1	6
SIX5	6
HIGD2A	6
FLT4	6
AP4M1	6
UGT8	6
TBC1D4	6
RBBP6	6
HRAS	6
MFSD5	6
HPRT1	6
TCAP	6
SPHK1	6
TSPAN12	6
SREK1IP1	6
ENSG00000290793	6
ENSG00000236364	6
MAGEA6	6
TMEM141	6
PDE2A	6
ENSG00000262412	6
RWDD2B	6
TRIR	6
SDF4	6
VIM	6
METTL7A	6
GSN-AS1	6
ENSG00000227218	6
KLRC4	6
ENSG00000273951	6
HNRNPA1L2	6
ENSG00000286136	6
YBX3	6
NME4	6
HOXA9	6
PSMB6	6
RND3	6
SLC19A1	6
CDKN2AIPNL	6
HDAC3	6
TMEM248	6
LINC02972	6
RPS14	6
NIP7	6
ZNF174	6
B4GALT4	6
MTA1-DT	6
GHRLOS	6
ENSG00000267053	6
FECH	6
ENSG00000243004	6
OGFR	6
LPAR6	6
RHD	6
PYGB	6
ENSG00000272911	6
COL4A1	6
ENSG00000289548	6
BCL2A1	6
APOL1	6
HSPA6	6
C12orf57	6
ZNF45	6
PSMG3	6
HAUS1	6
OPRL1	6
ENSG00000290581	6
ENSG00000230074	6
ARL6IP5	6
CD200	6
RIDA	6
ZC3H11A	6
C2orf74	6
TTF2	6
MFHAS1	6
ENSG00000288833	6
MRPS30	6
ENSG00000288872	6
ALG13-AS1	6
ZNF286A	6
DNPEP	6
ENSG00000273329	6
SS18	6
SLC35G2	6
IZUMO4	6
UBE2Z	6
LINC02202	6
ENSG00000288934	6
MFGE8	6
FLJ20021	6
MKRN2	6
EFR3A	6
HSDL1	6
S100A1	6
ADHFE1	6
USF1	6
C1QTNF6	6
FSTL3	6
VIRMA	6
MAFF	6
PEG3	6
EVI2A	6
ARR3	6
ZNF469	6
CCDC154	6
ENSG00000262160	6
RPL13A	6
ABCA7	6
ACCS	6
IAH1	6
HSD17B1	6
NDFIP1	6
ERVK13-1	6
NBEAL1	6
FAAH2	6
XG	6
CHTF18	6
PTMA	6
ENSG00000267136	6
ENSG00000228886	6
CKS2	6
RAB12	6
UBQLN2	6
NAGS	6
ZNF623	6
CDC42EP4	6
UGP2	6
KIAA0753	6
HAR1A	6
ENSG00000265204	6
DLG4	6
SMOC1	6
NDUFB4	6
BCL2L1	6
STOML1	6
TOR1AIP1	6
FBXO7	6
CTSD	6
WDR48	6
WDFY1	6
ENSG00000273035	6
ENSG00000257647	6
ENSG00000231918	6
CTTNBP2NL	6
TNNT2	6
SPCS2	6
ZNF558	6
ENSG00000225218	6
PIDD1	6
LMOD2	6
NDN	6
ENSG00000261596	6
VMAC	6
TMEM231	6
CARD8-AS1	6
PAQR6	6
HEATR1	6
PTRH2	6
FTCD	6
REPIN1	6
ZNF696	6
SP2	6
H2AZ2-DT	6
HSPB7	6
DES	6
DDX17	6
ENSG00000184441	6
ENSG00000290740	6
HIF1A-AS3	6
OCIAD1	6
ENSG00000253287	6
COL5A3	6
ARHGEF25	6
UTP6	6
SLC6A1	6
ENSG00000288654	6
PLEC	6
ZRANB1	6
HIP1R	6
EARS2	6
CALCOCO2	6
ANKMY2	6
ENSG00000259212	6
TMEM219	6
CEP57	6
ENSG00000286024	6
RPE	6
SRSF4	6
VCP	6
SLC35A4	6
ZNF117	6
CLEC9A	6
KBTBD8	6
PLCB2	6
ENSG00000269482	6
NUP50-DT	6
EBAG9	6
AAMDC	6
SECISBP2	6
LAMTOR4	6
LMAN1	6
SLC3A2	6
LGI4	6
BOP1	6
MTFP1	6
SGCG	6
MCL1	6
SNRNP27	6
CHCHD7	6
TMEM50A	6
MLKL	6
RNASEL	6
HOXA3	6
OSER1	6
TRIM44	6
COX7A1	6
SLC38A6	6
TEPP	6
ENSG00000265987	6
UNKL	6
WDR83	6
REXO5	6
PGAP4	6
SMUG1	6
GOLGA5	6
FMOD	6
PARL	6
MED24	6
SAV1	6
RASL11A	6
ACAA2	6
MUL1	6
FH	6
COX20	6
ZNF84	6
ENSG00000232056	6
KIRREL1-IT1	6
MDP1	6
RECQL	6
ENSG00000290537	6
BOLA3	6
CLK4	6
MYBL2	6
PHLDB3	6
SNX12	6
ZNF607	6
ZNF221	6
ENSG00000278177	6
IRGQ	6
DCAF15	6
GPX1	6
XKR8	6
IFI27L1	6
TEX261	6
ULK1	6
MPST	6
ENSG00000259052	6
CCNI	6
KCNH2	6
RMND5B	6
ENSG00000236255	6
YIPF1	6
RAC1	6
HPR	6
LYSMD3	6
TOB1-AS1	6
WDR45	6
ATP5PB	6
RPS27	6
LSG1	6
ENSG00000251131	6
TRIB1	6
CTDNEP1	6
C5orf15	6
MAX	6
PCCA-DT	6
RBBP8	6
ZNF669	6
ENSG00000289111	6
AZGP1	6
KIF7	6
SLC25A36	6
RPS29	6
ERICH2	6
PTGR2	6
GRK6	6
PKMYT1	6
SPRY1	6
TTC30A	6
TUFM	6
ENSG00000260409	6
GEMIN8	6
C2orf76	6
PSAP	6
CROCCP2	6
TIMM23	6
ANKRD49	6
NDUFAB1	6
ENSG00000289082	6
DDB1	6
PIEZO1	6
ZNF772	6
ZBED1	6
ENSG00000289626	6
UGDH	6
ENSG00000290461	6
ENSG00000288868	6
ENSG00000270696	6
ENSG00000289883	6
COL4A2	6
ENSG00000262877	6
SSBP4	6
SHFL	6
TMEM175	6
NFKBIA	6
TOP1MT	6
IRX6	6
CMC4	6
ENSG00000291212	6
DMAC2	6
EMC4	6
FUZ	6
INTS10	6
TSPAN31	6
THAP11	6
GUSB	6
TINF2	6
SNRNP35	6
EZH1	6
ENSG00000288745	6
TARDBP	6
PMPCA	6
CASP1	6
ENSG00000291042	6
AKAP8L	6
VAMP5	6
CDK2AP1	6
ENSG00000254964	6
ENSG00000291228	6
SMYD2	6
ARHGAP26-IT1	6
PMEL	6
HIGD1B	6
GDPD2	6
GMFG	6
CXADR	6
IQCH-AS1	6
OPLAH	6
CD84	6
ENSG00000258365	6
ENSG00000273420	6
CCDC110	6
SMIM14	6
B3GLCT	6
MARCHF6-DT	6
TMEM45A	6
SLC30A6-DT	6
MFSD11	6
CEP250	6
HMBS	6
ENSG00000259771	6
ENSG00000290460	6
SETX	6
VEGFB	6
AP1AR-DT	6
PTPN23-DT	6
PANK4	6
SBK3	6
GAA	6
GAK	6
MAPK11	6
ATXN2L	6
FBXO6	6
FUT11	6
COG1	6
PSMD7	6
NUDT21	6
GCNT7	6
ENSG00000271553	6
LAMTOR3	6
ALKBH4	6
ZNF75A	6
CPZ	6
ENSG00000251661	6
CALML4	6
LARP1B	6
ENSG00000289340	6
SLC37A4	6
HELQ	6
DNAJC18	6
ZNF791	6
H3-3B	6
FEZ2	6
KRBOX5	6
ENSG00000260621	6
ANXA2R-OT1	6
MLANA	6
ERAP1	6
PLPP2	6
METTL18	6
TTC30B	6
CCDC88B	6
ENSG00000259460	6
ENSG00000263244	6
POU2AF1	6
ENSG00000290854	6
STIP1	6
ENSG00000262380	6
C18orf54	6
RNF138	6
TRAF4	6
LINC01659	6
CCT3	6
CNPY4	6
IPO13	6
ENSG00000258757	6
RRBP1	6
ARMCX5	6
ZNF213	6
CD163L1	6
ENSG00000267006	6
EED	6
MAGI2-AS3	6
SLC36A4	6
EMC9	6
TMEM41A	6
SEMA6C	6
TNNC1	6
SENP8	6
KLHL38	6
ENSG00000227161	6
ENSG00000187229	6
PCDH12	6
ENSG00000214650	6
AFMID	6
CSNK2A2	6
NAAA	6
LARS1	6
SH3BGRL3	6
ANKDD1A	6
RPS20	6
SMIM6	6
RUNDC3A	6
MSC	6
ENSG00000272033	6
SKP1	6
LINC00294	6
RRN3	6
ENSG00000253200	6
P3H3	6
ENSG00000273010	6
SAP30	6
TOR1B	6
TMEM167A	6
PLK2	6
ENSG00000260586	6
TMEM158	6
ENSG00000269958	6
SNHG9	6
TPGS2	6
KAT7	6
IGHA1	6
ENSG00000289761	6
RAB27B	6
ENSG00000291044	6
NFU1	6
KAT5	6
NXT1	6
LINC02340	6
PCDH9-AS1	6
ERH	6
GZF1	6
FGL2	6
GEMIN5	6
NCAPG	6
ENSG00000289270	6
RAD1	6
SPTBN5	6
TCN2	6
LINC00892	6
ATOSB	6
GANAB	6
SGPP2	6
NOXA1	6
TUBB4B	6
LPXN	6
BISPR	6
TEKT4P2	6
ENSG00000286035	6
TMEM156	6
TSG101	6
S1PR5	6
ENSG00000266049	6
CDKN2AIP	6
SLC7A5	6
DNASE2	6
CTC-338M12.4	6
BFSP1	6
PTGES3L	6
GTF2F1	6
ENSG00000279668	6
FZD5	6
PHLDA1	6
DNTTIP2	6
POLR1D	6
PTCSC1	6
ENSG00000289227	6
MOCS3	6
ENSG00000259945	6
MYH10	6
ENSG00000273320	6
DGKQ	6
ENSG00000271971	6
CAPN7	6
NSRP1	6
HSD11B1L	6
TMEM132A	6
GFI1B	6
WDR1	6
GNL3	6
TBC1D22A-DT	6
SYNJ2BP	6
CLEC3B	6
ENSG00000261537	6
FZD8	6
C9orf78	6
TYMS	6
ENSG00000227698	6
LAPTM4A	6
ENSG00000281849	6
SPRYD7	6
MT2A	6
IFNAR2	6
SART1	6
MYL6B	6
POGLUT2	6
FAM149A	6
QRFP	6
ENSG00000289396	6
PCBP4	6
CRYM	6
ENSG00000278765	6
CISD2	6
DEXI	6
NDUFC1	6
ZNF587	6
CYSRT1	6
EPSTI1	6
NIBAN3	6
NDUFA10	6
SF3B1	6
TUBB1	6
THOC7	6
C21orf58	6
ATRX	6
TMEM97	6
PRICKLE3	6
EHBP1L1	6
SERINC3	6
ENSG00000285882	6
NACC2	6
MMP17	6
MIEF2	6
TFAP4	6
LYZ	6
ZNF626	6
SELENOS	6
PRAM1	6
SAP30BP	6
BPI	6
ZFP3	6
SGCB	6
APOL3	6
NIPSNAP1	6
AP2A2	6
IER3IP1	6
GART	6
ZNF629	6
ENSG00000288820	6
ENSG00000234740	6
YPEL5	6
GGA2	6
AHNAK	6
KLF6	6
ATM	6
GMPPA	6
CALU	6
MAP2K2	6
DHTKD1	6
NAMPT	5
ZCCHC18	5
TMX4	5
ENSG00000256568	5
YWHAB	5
CIC	5
ENSG00000204620	5
MTMR10	5
ZNF662	5
KCNK4	5
WWC3	5
DTYMK	5
GAPDH	5
REXO2	5
TECR	5
FIZ1	5
POLL	5
SLC12A5	5
ENSG00000273108	5
ZNF180	5
ENSG00000249492	5
ENSG00000267160	5
ENSG00000276529	5
UQCC6	5
SYAP1	5
PLPP4	5
SOWAHD	5
PDE2A-AS2	5
ZNF594	5
TSPAN14-AS1	5
EDRF1-AS1	5
DNAJC8	5
ENSG00000275441	5
ENSG00000279833	5
PCED1B-AS1	5
NDRG2	5
DNMT1	5
ARL17B	5
TSPYL5	5
RABEP1	5
C4orf36	5
PCM1	5
GPATCH2L	5
RBM4	5
NLRC3	5
DNAH10OS	5
CYP2D6	5
ENSG00000287580	5
CKMT2	5
EXTL1	5
TMBIM6	5
ZNF181	5
KLK1	5
HSD17B12	5
LGI2	5
ST3GAL6	5
NICN1	5
FCER1G	5
ENSG00000274849	5
ENSG00000251598	5
LINC01232	5
ENSG00000228165	5
ZNF470	5
DHPS	5
ZCRB1	5
TFAM	5
BRD3	5
FOSB	5
PRPF38B	5
INO80C	5
PLPPR2	5
BAG5	5
MTRR	5
METTL1	5
ZSWIM1	5
PRR34-AS1	5
CYP2E1	5
ENSG00000230289	5
ZNF443	5
ENSG00000274918	5
ZP3	5
ENSG00000237705	5
DUSP11	5
OTUB2	5
PARK7	5
ENSG00000287312	5
CX3CR1	5
ENSG00000267042	5
B9D1	5
PLRG1	5
ENSG00000288752	5
TP53	5
ENSG00000273363	5
HCST	5
RO60	5
GOLGA8B	5
LINC02933	5
ENSG00000291185	5
MTHFD1	5
GPR180	5
ENSG00000255856	5
MOCS2-DT	5
UTP15	5
TTC21A	5
LINC01530	5
SRD5A3	5
RAC2	5
RSL24D1	5
STAG3	5
ENSG00000272720	5
OAS2	5
ENSG00000230815	5
ENSG00000236003	5
BANCR	5
LIPT1	5
CISD1	5
ANAPC5	5
ENSG00000285688	5
DYM-AS1	5
CIAO2B	5
THY1	5
USF2	5
SPDYE1	5
FAM241A	5
MALSU1	5
RIC8A	5
MYNN	5
RNF212	5
SDCBP	5
UBAP1	5
ENSG00000262370	5
TMEM198	5
DCHS1	5
SLC2A9	5
FAM234A	5
MTA2	5
IFNK	5
SEC61G	5
ENSG00000289171	5
MLF2	5
MMP19	5
SUDS3	5
PIBF1	5
MEG3	5
CHMP1A	5
PCMTD2	5
CYP2R1	5
COL1A1	5
MRPL55	5
SCLT1	5
CES2	5
LINC02925	5
PITPNB	5
CEP170B	5
ENSG00000289092	5
DKK3	5
LRRC46	5
PRPF4	5
SNHG8	5
SECTM1	5
PAIP2	5
PNN	5
HEG1	5
CDC42EP3	5
MARVELD1	5
NPM1	5
GOLGA2	5
TAF6	5
LSM1	5
HARS1	5
ENSG00000288792	5
CAPG	5
PPA2	5
PSD	5
ENSG00000259899	5
MAB21L2	5
RTCB	5
SIGLEC14	5
CYSLTR1	5
ATF7IP2	5
RIPK2	5
DCAF12	5
XPO7	5
ENSG00000273080	5
IFI27L2	5
DDIT4L	5
NAE1	5
EML3	5
GLB1	5
PLEKHA1	5
TTC12	5
TCEAL1	5
YRDC	5
RPUSD1	5
KRT7	5
FN1	5
STAU1	5
HSPA5-DT	5
PLEKHO2	5
SYF2	5
TFB2M	5
NOTCH1	5
MPEG1	5
ARMC5	5
ZMYM1	5
COPB1	5
BNIP3	5
RENBP	5
XYLT2	5
ZNF230	5
C17orf97	5
BSG	5
MIPEP	5
ADCYAP1	5
TRA2B	5
MARCKSL1	5
ENSG00000289215	5
RAP2A	5
SPCS1	5
RBM38-AS1	5
NFATC2IP-AS1	5
ANAPC2	5
ENSG00000203644	5
ZNF202	5
ZNF211	5
FAM104B	5
RELA-DT	5
OXTR	5
ENSG00000255580	5
KICS2	5
ENSG00000287817	5
PEBP1	5
ENSG00000287408	5
RPL19	5
ZNF45-AS1	5
ENSG00000278291	5
CD63-AS1	5
SHQ1	5
RNF43	5
ZNF454	5
OIP5-AS1	5
ZNF701	5
FSD1	5
FLYWCH1	5
SSRP1	5
ENSG00000229178	5
IPO8	5
ENSG00000260911	5
ANAPC11	5
TIMM21	5
LINC00641	5
SMCHD1	5
LRRC37A	5
KIAA2026	5
ENSG00000290019	5
ENSG00000253372	5
AASDHPPT	5
TTLL3	5
TNFAIP2	5
ACHE	5
HSH2D	5
ZNF227	5
SIT1	5
NR1H2	5
MRPL3	5
C1orf226	5
ENSG00000290366	5
MIA3	5
LUC7L3	5
STYX	5
SLC2A8	5
ENSG00000278126	5
TMEM209	5
PRRC2C	5
PDLIM7	5
FLCN	5
CNBD2	5
WDR91	5
LEPROTL1	5
ACAP1	5
STK32C	5
ENSG00000286782	5
COX7A2L	5
ENSG00000235979	5
TESC	5
NNT-AS1	5
CLEC7A	5
AMT	5
ASPA	5
ABHD14B	5
MAN2C1	5
QPCT	5
KIF3B	5
PKM	5
NRBF2	5
GPC1	5
HDAC5	5
CBX5	5
GDF5	5
MORC2-AS1	5
MTX1	5
ENSG00000268810	5
SQSTM1	5
ENSG00000260563	5
ENSG00000291234	5
ENSG00000235872	5
IDI2-AS1	5
ENSG00000226310	5
CHI3L2	5
ZNF614	5
ENSG00000289854	5
ENSG00000264635	5
MCM3AP-AS1	5
CPLX1	5
RNF10	5
NECTIN2	5
TNFSF10	5
TTC4	5
ENSG00000271959	5
PJA2	5
PARP10	5
ADORA3	5
MAFB	5
CD48	5
TMF1	5
FAM53B-AS1	5
GABRA3	5
HSPA4	5
NCL	5
HOXA2	5
HOXB9	5
LINC01504	5
NDFIP2	5
DHRS12	5
ENSG00000285572	5
TP53INP2	5
ENSG00000236095	5
FBXO8	5
HSD17B1-AS1	5
DTWD2	5
CTSS	5
UGCG	5
CTSE	5
RBM5	5
IMPA2	5
CHMP4B	5
ENSG00000272140	5
PTGR3	5
DCUN1D1	5
TPSB2	5
ENSG00000287643	5
ENSG00000289832	5
CEBPB-AS1	5
ANO8	5
ENSG00000287155	5
ARHGDIB	5
ZBTB49	5
RTL5	5
RAMP2	5
DCPS	5
ST14	5
ENSG00000278607	5
MIIP	5
PIK3R2	5
TAMALIN	5
TMEM263-DT	5
GM2A	5
TSPAN9	5
TMEM223	5
CDH5	5
ACTN2	5
GPALPP1	5
AZI2	5
TIMM29	5
MIA	5
TRIM56	5
EIF1	5
PLPP1	5
RP9P	5
TEDC1	5
FAM20C	5
ACER3	5
RNF41	5
CHERP	5
CCDC59	5
TOP3A	5
KLRC2	5
SEC11A	5
TNPO1	5
SMPD3	5
MDM4	5
FAM209A	5
PROM1	5
LINC00944	5
CTAG2	5
NAIP	5
RBPMS2	5
ENSG00000250027	5
ZBTB46-AS2	5
TBK1	5
CD74	5
OCA2	5
UTP23	5
ATP23	5
TMIGD2	5
CETN2	5
CLUAP1	5
LRRC24	5
WDR97	5
URB2	5
TGM1	5
ENSG00000231052	5
BFAR	5
MEAF6	5
KLHL7	5
ARID3A	5
MB	5
MSANTD3	5
CPQ	5
ZNF446	5
USP10	5
LIG4	5
LINC00449	5
GSS	5
C11orf71	5
WDR43	5
SYTL4	5
DLGAP4	5
ENSG00000288953	5
CCT2	5
ZNF684	5
ENSG00000255629	5
BEX3	5
HOXB-AS1	5
CACNA1C-AS2	5
TMEM91	5
PTTG2	5
MGME1	5
ARHGAP11A	5
ENSG00000290653	5
ENSG00000231977	5
ENSG00000260558	5
BTF3L4	5
RPS5	5
TDG	5
ENSG00000176593	5
KCTD6	5
PAF1	5
LINC02986	5
NDUFAF3	5
HACL1	5
HSPD1	5
PPM1F-AS1	5
CCDC144A	5
PPP1R32	5
TELO2	5
MRPL48	5
BCL6	5
UVSSA	5
TMEM204	5
KIAA0040	5
ARHGAP19	5
HEXIM1	5
TUSC2	5
ENSG00000286924	5
DTX2	5
UQCRC2	5
ENSG00000272990	5
ENSG00000274922	5
TIMM23B	5
ODF3B	5
FGF9	5
EXOC3	5
CANX	5
ENSG00000288964	5
ENSG00000289341	5
MIA2	5
MCEE	5
ENSG00000205959	5
LAGE3	5
EDEM2	5
MTRFR	5
ADIPOR1	5
ENSG00000254263	5
TBCCD1	5
ENSG00000285856	5
ZNF350	5
TMEM17	5
WASL-DT	5
PIN1	5
C11orf91	5
MYSM1	5
OPTN	5
RHNO1	5
SPATA2	5
ZNF862	5
BBS12	5
MED28-DT	5
NSMCE1-DT	5
LINC02970	5
NIPA2	5
GLIS2-AS1	5
DUSP5	5
CXCL5	5
MS4A7	5
ATP6V0E2	5
MAP2K3	5
OCEL1	5
ENSG00000267114	5
TRIM8	5
TMEM134	5
UBA7	5
ENSG00000286362	5
LLGL1	5
FCGR2B	5
FAM161B	5
FXYD3	5
UBE3A	5
ENSG00000229206	5
ENSG00000289954	5
ENSG00000274104	5
ZNF18	5
GSTK1	5
SUMO2	5
TMEM192	5
ENSG00000259649	5
ENSG00000259408	5
UNC93B1	5
TTI1	5
USP35	5
HLCS-IT1	5
ENSG00000231794	5
MRPL24	5
NPEPPSP1	5
TMEM250	5
TGM2	5
AKT1S1	5
ENSG00000272155	5
EIF1AD	5
PIGY	5
TAGLN	5
ENSG00000289043	5
SNCA	5
MAGEA10	5
PRSS48	5
SLITRK4	5
ASAP1-IT2	5
ENSG00000288771	5
PDZD7	5
ENSG00000288906	5
SLC26A1	5
MAGEC2	5
PLEKHG6	5
SPI1	5
SMARCE1	5
HPCAL1	5
ROBO3	5
LINC00102	5
NOTCH2NLA	5
CLCN4	5
LDHAL6A	5
NRAD1	5
IGHG1	5
IGLC2	5
PPM1N	5
ARPC1A	5
CPT1B	5
PGAP6	5
AIMP1	5
TXNL4B	5
GTSE1	5
PROK2	5
OSGEPL1	5
ENSG00000267283	5
ZNHIT1	5
CKLF	5
IFI27	5
MSI1	5
FAM215B	5
ENSG00000270659	5
APLP2	5
SHISA3	5
ENSG00000285081	5
ENSG00000274315	5
PDCL3	5
BCAT1	5
ZNF530	5
ENSG00000289145	5
MCF2L	5
RPL36AL	5
TSC22D3	5
SERPINB5	5
ENSG00000229116	5
NOL9	5
NBN	5
HBG2	5
ALOX5AP	5
RPL27A	5
GRAP	5
RNASE6	5
ZNF66	5
FAM76B	5
KCTD12	5
ENSG00000289499	5
CBX3	5
PLEKHG2	5
CIDEB	5
ENSG00000258623	5
DGCR11	5
YWHAZ	5
YTHDF1	5
EEF1G	5
ENSG00000225806	5
LAMC3	5
ALPK2	5
NES	5
TBRG4	5
PRNCR1	5
TM9SF3	5
LINC03061	5
ASH2L	5
TRMT5	5
SLC29A3	5
C15orf61	5
ENSG00000267222	5
ENSG00000290090	5
SLC25A12	5
KLHL8	5
HPS5	5
HAUS4	5
ANKRD29	5
OBSL1	5
LILRB2	5
NDUFA12	5
SLC20A1	5
C12orf71	5
ENSG00000289617	5
PRH1	5
WDR74	5
DNAJC9-AS1	5
EXOSC1	5
ENSG00000256226	5
RRAD	5
TLR2	5
ZMYM2	5
CEROX1	5
ZNF768	5
MTX3	5
SECISBP2L	5
SIRT1	5
NUSAP1	5
ARF6	5
CDCA7L	5
LILRB4	5
WAC	5
SIVA1	5
ZNFX1	5
C17orf75	5
WASHC2C	5
PRR4	5
MIX23	5
APOL4	5
ENSG00000253168	5
PMM2	5
CD300A	5
ENSG00000284691	5
UBE2K	5
F10	5
SON	5
LINC02139	5
TDRP	5
MTFMT	5
ENSG00000266696	5
PLK3	5
ENSG00000269559	5
DENND2D	5
STK11IP	5
ENSG00000260136	5
ITGB2	5
NEBL	5
SYNC	5
DHRSX-IT1	5
RUVBL1	5
IGF2BP1	5
SMARCD1	5
GNL2	5
ENSG00000258851	5
ENSG00000289382	5
GIPC1	5
METTL17	5
IFT20	5
CDC37L1-DT	5
GRN	5
SNAPC4	5
INTS13	5
HNRNPL	5
ENSG00000286931	5
DNAAF2	5
ENSG00000256116	5
MS4A14	5
BLOC1S1	5
KCTD1	5
ZNF429	5
LINC00551	5
ALPL	5
POLR2K	5
ENSG00000261098	5
CYREN	5
CASP4LP	5
ABCE1	5
PRMT7	5
SNAI1	5
COA6	5
ENSG00000289183	5
ARHGAP27	5
ZBP1	5
SPDYE5	5
DNAJC3-DT	5
MYL9	5
ENSG00000230894	5
ENSG00000289294	5
ABCB6	5
NFKBIB	5
RHBDF2	5
ENSG00000287287	5
TMEM98	5
TADA1	5
SLC7A11	5
AGBL5	5
PCBP2	5
HHATL	5
ENSG00000287692	5
SPATA32	5
PATL2	5
BCCIP	5
NCF2	5
AXIN1	5
MXRA7	5
RPP25L	5
ENSG00000288644	5
DLGAP1-AS2	5
DIP2A-IT1	5
ENSG00000286186	5
HINT1	5
ANKRD63	5
ACKR1	5
SGTA	5
BCAS4	5
IFT22	5
FLNC	5
ZFP1	5
PRDX1	5
ILK	5
ENSG00000261837	5
C9orf72	5
ENSG00000253307	5
SMIM22	5
HTATSF1	5
ZBED4	5
SLC16A5	5
ATP5PD	5
EOLA1-DT	5
RANGAP1	5
GANC	5
RMI1	5
TICAM2	5
VDAC3	5
UPP1	5
TCEA2	5
ATP1B2	5
GLRA3	5
MED25	5
ENSG00000274215	5
IGDCC4	5
MIR3150BHG	5
ASCC2	5
LRRC61	5
ANK1	5
LINC00216	5
ENSG00000253385	5
B2M	5
P4HA2	5
CCDC159	5
ZNF473	5
TMEM179	5
NUP62	5
ENSG00000274677	5
GSK3A	5
FABP5	5
KIF26A	5
NPTN-IT1	5
ENSG00000291131	5
LEO1	5
TMEM165	5
VIRMA-DT	5
URM1	5
OR2W3	5
ZNF177	5
TAF10	5
NARF-AS2	5
SLC2A3	5
JMJD4	5
ENSG00000269918	5
COLEC12	5
ENSG00000257568	5
IRF3	5
CNTRL	5
ENSG00000287303	5
FRG1	5
ENSG00000286634	5
GALNT4	5
ALG11	5
TPST2	5
ENSG00000275426	5
BAIAP3	5
CCDC184	5
CASP7	5
DNAJA2-DT	5
KLKB1	5
ENSG00000253475	5
ACADS	5
DLGAP1-AS1	5
DOK7	5
ENSG00000290434	5
FAS	5
NDUFA7	5
TBC1D8-AS1	5
DPPA4	5
ENSG00000259366	5
NUBP1	5
POMZP3	5
ENSG00000269825	5
LINC02481	5
PELP1-DT	5
SHISA2	5
TM9SF1	5
HPS1	5
ENSG00000289154	5
COLGALT1	5
PLXNB3	5
BUB3	5
BZW2	5
HIBCH	5
IGSF6	5
CFL2	5
NUB1	5
LINC02985	5
CAV2	5
ARPC5L	5
H2AZ1	5
PLAC4	5
NAP1L4	5
TMEM266	5
GPR143	5
DVL2	5
ATG4D	5
HMG20A	5
ENSG00000272483	5
THSD4	5
ENSG00000229491	5
FERMT2	5
ZC3H14	5
ENSG00000289080	5
CSGALNACT2-DT	5
NEU3	5
L3MBTL2	5
CYBB	5
C15orf62	5
BMP2	5
TCEAL7	5
SSH3	5
ANKRD20A5P	5
HSPBP1	5
POLD3	5
ADGRE1	5
FARSB	5
RBM4B	5
ENSG00000270871	5
RP2	5
TEX14	5
SLC37A2	5
SEMA3F-AS1	5
PRMT3	5
ZDHHC16	5
KDM5C	5
ENSG00000286846	5
TEN1	5
ENSG00000223379	5
HEXIM2	5
EIF4A2	5
NUTM2A-AS1	5
IRS2	5
ENSG00000287475	5
CDC16	5
ACTG2	5
UBLCP1	5
FAM177A1	5
GARS1	5
DCAF4L1	5
ENSG00000277373	5
UNC50	5
CCL5	5
ENSG00000285863	5
ENSG00000260989	5
VDAC2	5
MBD4	5
H3-3A	5
MCCC1	5
ZNF493	5
SLC39A4	5
THOC1-DT	5
CORO6	5
ENSG00000289164	5
ENSG00000267529	5
ZNF557	5
PDE6D	5
MBD3	5
SNAP25	5
DLG3	5
EPB42	5
SURF2	5
SMPDL3B	5
CD40LG	5
CLUL1	5
CRY2	5
ENSG00000260618	5
ZGLP1	5
SNHG18	5
SCML2	5
DNAAF8	5
PNPLA4	5
ENSG00000261888	5
EDEM1	5
TOR1A	5
PRC1-AS1	5
POLI	5
PPP1CB	5
OTUB1	5
ENSG00000270589	5
MAPRE3	5
MKKS	5
IL13RA1	5
LINC00996	5
RNFT1-DT	5
ESM1	4
TOLLIP	4
CCDC9B	4
TCF7L1-IT1	4
ENTPD7	4
FCGR3A	4
STAM-DT	4
SSNA1	4
ZXDB	4
KHDC4	4
FZD10-AS1	4
FAM210A	4
ESPL1	4
RRAGC-DT	4
ENSG00000288948	4
MRPS14	4
ALKBH1	4
LINC01692	4
PSMD10	4
MIR3936HG	4
ENSG00000260830	4
RBBP5	4
DNAJC11	4
C3orf52	4
TRIM63	4
PFAS	4
ZNF717	4
SLBP	4
ELOVL1	4
KCTD18	4
JMJD6	4
ENSG00000246250	4
ZFTA	4
ENSG00000268030	4
DHX40	4
TTC24	4
DNAAF1	4
ZSCAN29	4
TMTC4	4
ENSG00000187186	4
NCF1	4
ACOT9	4
SCARF2	4
LINC02940	4
HGH1	4
FAM83H	4
ENSG00000285668	4
BOLA2B	4
KLHL36	4
RASSF7	4
ENSG00000226699	4
USP18	4
ENSG00000235522	4
SPATA25	4
ENSG00000250882	4
ANP32A	4
ACADSB	4
FBH1	4
SEPTIN7P11	4
TSR2	4
ENSG00000271314	4
RASSF4	4
CDK2AP2	4
PYROXD2	4
LINC01405	4
NKRF	4
ANGEL1	4
ZNF92	4
NUDT19	4
TRBC1	4
COPB2	4
ENSG00000291078	4
CDA	4
ENSG00000273489	4
GAREM2	4
TRADD	4
NLRP1	4
MOSPD2	4
ARL5B	4
VAPA	4
NAPEPLD	4
USP5	4
ZNF559	4
ENSG00000289910	4
APEX1	4
UBOX5	4
MAGEA12	4
ENSG00000257178	4
EDA2R	4
LLPH	4
DDX21	4
ENSG00000289959	4
MGAT2	4
RIBC2	4
TBC1D2B	4
PELATON	4
LRRC45	4
SETMAR	4
CNTROB	4
HERPUD2-AS1	4
RPL6	4
ZNF250	4
ENSG00000286804	4
DNAH17-AS1	4
NPIPA1	4
CCN5	4
YJEFN3	4
SNX17	4
ENSG00000290886	4
TRMT12	4
GYG2	4
CLIC2	4
DDX60L	4
ENSG00000251194	4
ENSG00000260694	4
MNS1	4
GAL	4
ENSG00000272836	4
PIP4P2	4
TBCD	4
HNRNPA0	4
ALDH3B1	4
ENSG00000286629	4
DHX30	4
MED29	4
SMARCAD1	4
ENSG00000271737	4
SELENOP	4
ENSG00000291046	4
CCT6A	4
ZFP41	4
MXI1	4
SAMD1	4
MORC3	4
GPAT3	4
MIR497HG	4
CPOX	4
BIK	4
EIF3K	4
RBM38	4
CDC20-DT	4
FAM88F	4
MIDN	4
ENSG00000285646	4
ENSG00000277806	4
ABCC3	4
RDX	4
SH3D19	4
C14orf39	4
TEX10	4
DDX19A	4
TEX26-AS1	4
ARHGAP8	4
ENSG00000271937	4
ENSG00000289009	4
ACTL6B	4
SMPX	4
ENSG00000259617	4
ENSG00000289644	4
SLC45A1	4
PPM1G	4
ETF1	4
FBXO2	4
DNAAF3	4
TIMP2	4
IVD	4
ITM2C	4
SEC22A	4
ZNF428	4
ENSG00000287530	4
TRAPPC5	4
ENSG00000277782	4
ARL2BP	4
ZNF549	4
PPP4R3B	4
ENSG00000275580	4
CALB2	4
CNIH4	4
ZNF146	4
CDC26	4
BBS7	4
ENSG00000267015	4
RTRAF	4
TRPM2	4
ENSG00000232995	4
UBE2D3-AS1	4
USP38	4
RUVBL2	4
WDR11	4
GK	4
PNMA1	4
LINC02989	4
CTBP1	4
ENSG00000279501	4
SOX9	4
LRIF1	4
RMDN1	4
GUCY1A1	4
PRDX6	4
ABCA6	4
ADSS1	4
DNAJC19	4
ENSG00000240015	4
ENSG00000290549	4
TMEM222	4
INTS5	4
TRIM28	4
CCL3	4
ENSG00000285864	4
SAR1B	4
ENSG00000253286	4
ENSG00000233223	4
SMDT1	4
MYO16-AS1	4
ENSG00000265010	4
ENSG00000248559	4
TMEM59L	4
BLK	4
HEATR5A-DT	4
BROX	4
PECAM1	4
ERVK3-1	4
SIRT3	4
LINC00997	4
ENSG00000289042	4
STEAP3	4
OTULIN-DT	4
ENSG00000286964	4
PTCD3	4
CACFD1	4
TSC22D4	4
MSRB1	4
ZNF641	4
ENSG00000274993	4
PDIA5	4
ENSG00000289332	4
ENSG00000269910	4
GFM1	4
BAIAP2	4
ENSG00000230751	4
PVR	4
MEAK7	4
CCDC175	4
ENSG00000290036	4
GPBP1	4
GATAD1	4
FERMT1	4
CASP3	4
ENSG00000273240	4
ENSG00000272787	4
NOL8	4
NETO1-DT	4
NCF4	4
THBS3-AS1	4
TUB	4
ENSG00000287262	4
UBE2D3	4
THUMPD1	4
TACC1	4
ATP5MG	4
ZNRF3-AS1	4
ST20-AS1	4
DTWD1	4
TWSG1	4
DAZAP1	4
CEP295	4
POLR2J3	4
NRG4	4
TMEM185B	4
ZNF687-AS1	4
TTC32	4
NFKBIZ	4
EGLN3	4
AVEN	4
FOXA2	4
MAMDC2	4
PSMD11	4
PANK2	4
FGFBP1	4
CLN3	4
CCK	4
LRRC27	4
SAT2	4
GPM6B	4
ENSG00000268573	4
ENSG00000287077	4
DYNC2I1	4
ERAP2	4
TTC9C	4
ENSG00000288818	4
DCAKD	4
SNHG29	4
GSTT2	4
RGPD8	4
ENSG00000276115	4
TARS2	4
FRMD4B	4
SLC39A13-AS1	4
SLC1A3-AS1	4
MTHFD2	4
PYCARD-AS1	4
PDE6B	4
ENSG00000261191	4
ACP6	4
WASL	4
LCDR	4
MPHOSPH10	4
ENSG00000264829	4
NUDT17	4
EFNA4	4
VLDLR	4
EEF1AKMT3	4
ZNF816	4
ZNF441	4
SS18L2	4
CES1	4
SLC9A3	4
KBTBD2	4
APOE	4
IBSP	4
ZNF30	4
WDR75	4
ENSG00000288957	4
EIF2B4	4
TRAP1	4
RCC1L	4
ENSG00000264270	4
DGCR6L	4
A4GALT	4
RPL22	4
SELENON	4
MAP1S	4
SAMD14	4
ENSG00000259357	4
LTB4R2	4
TIE1	4
TTC3	4
LDHC	4
PRRG2	4
ENSG00000226355	4
C3orf33	4
ACSL3	4
DDX24	4
IL17D	4
FAM217B	4
CRYGD	4
ENSG00000286093	4
MSRB2	4
ENSG00000268189	4
RDH13	4
ZFAND2A-DT	4
FLAD1	4
PCDHB9	4
ENSG00000289428	4
EWSR1	4
SORD2P	4
ENSG00000267249	4
CCDC93	4
CDIPT	4
RBM11	4
ATF1	4
ENSG00000270640	4
PUS1	4
ENSG00000233577	4
LINC02939	4
CEP19	4
CAVIN2	4
ACADM	4
PIN1-DT	4
TIMM10B	4
LSP1P5	4
SURF1	4
RBM42	4
CD53	4
VASH1-DT	4
POLR2H	4
LINC03067	4
PSMB10	4
ENSG00000263089	4
FOXO4	4
ID1	4
ENSG00000288956	4
VTN	4
C12orf42	4
LRR1	4
FAM218A	4
MTUS2-AS1	4
SIGLEC1	4
TAF1A	4
FAM98A	4
SULT1A4	4
LSM3	4
CDCA7	4
LSM6	4
ZNF595	4
ENSG00000286307	4
NEFL	4
ORAI2	4
EFCAB11	4
ENSG00000287335	4
RBX1	4
GLMP	4
LINC00987	4
SAP30-DT	4
ENSG00000267694	4
LINC01436	4
TCEAL9	4
MIA2-AS1	4
CENPM	4
SLC5A4	4
ENSG00000288777	4
ENKUR	4
UBALD2	4
NAT14	4
SNHG10	4
ENSG00000272512	4
ENSG00000290807	4
SNAI2	4
SRXN1	4
TMEM273	4
PRICKLE2-AS1	4
SMG5	4
ENSG00000288253	4
ENSG00000270100	4
ZNF611	4
TRAPPC13	4
ERICH4	4
ENSG00000260425	4
ENSG00000246130	4
LAMA3	4
CDC23	4
PHRF1	4
SAMD9L	4
ENSG00000289502	4
CTTN	4
CLIC3	4
LINC03048	4
PLA2G3	4
GRTP1-AS1	4
ENSG00000289132	4
ENSG00000223642	4
MZT2A	4
ENSG00000273243	4
CUL4B	4
PSMD2	4
C4orf47	4
IGSF9	4
CDH2	4
CCDC50	4
CAPN3	4
RNF7	4
ENSG00000269973	4
CRYBA4	4
DUSP18	4
BSCL2	4
BTBD6	4
BRF2	4
SAMD9	4
MVP	4
FOXC2	4
ENSG00000273568	4
CD33	4
ENSG00000260517	4
ENSG00000287759	4
DENND1C	4
ZNF883	4
LINC01220	4
CDH13-AS2	4
CEP76	4
ENSG00000290666	4
LENG8	4
NDUFA2	4
FOLR3	4
CYP4F3	4
NPIPB11	4
USP17L7	4
RPS6KA4	4
ZNF263	4
GABRG3	4
AFAP1L2	4
MIR133A1HG	4
CDCA5	4
ENSG00000258303	4
ENSG00000288919	4
FLRT3	4
CENPA	4
ENSG00000261172	4
ACRBP	4
ENSG00000261471	4
NRBP2	4
ENSG00000259921	4
MEX3C	4
FANCI	4
ENSG00000274719	4
DEGS1	4
UBE2E3	4
MTHFS	4
C2orf69	4
RFWD3	4
GTSE1-DT	4
BLZF1	4
SDC3	4
GALNT6	4
USP47	4
ENSG00000261051	4
TAT-AS1	4
ENSG00000286694	4
ENSG00000260671	4
ITM2B	4
SIAH1	4
C4orf3	4
ENSG00000279529	4
ENSG00000244701	4
ENSG00000183562	4
SLC10A1	4
ENSG00000225408	4
ENSG00000259972	4
HAVCR2	4
ENSG00000285722	4
MARVELD3	4
CCP110	4
ENSG00000274678	4
PDIA2	4
ENSG00000261997	4
ENSG00000258525	4
ENSG00000238039	4
ITPKC	4
FPR3	4
SOX12	4
ENSG00000290585	4
TMPRSS2	4
SRSF9	4
NVL	4
ENSG00000273599	4
MAGOH	4
OPN1SW	4
PET117	4
COMMD10	4
SMAP2	4
GLUD1P3	4
ENSG00000288888	4
LINC02863	4
ENSG00000255026	4
ENSG00000288531	4
PRADC1	4
ZNF284	4
USP17L2	4
FHIP2A	4
CALHM2	4
TRIP10	4
GRIN2C	4
ZNF665	4
PIP4K2C	4
RPS19	4
PGAP2	4
ENSG00000264196	4
PDS5B	4
SREBF2-AS1	4
SLC2A10	4
CABCOCO1	4
CFP	4
SRPRA	4
TRAPPC12	4
HINT2	4
KLRB1	4
LRRFIP2	4
GRAMD1A	4
CFAP92	4
NMI	4
BPGM	4
ENSG00000271828	4
TMEM255A	4
MRPS11	4
ACP1	4
CDH11	4
GGH	4
ARL17A	4
ITGA2B	4
RCOR3	4
ENSG00000270083	4
ENSG00000290033	4
APOBR	4
ZNF365	4
MFAP1	4
ENSG00000289050	4
HMGXB3	4
HBA2	4
IGFLR1	4
LRRC20	4
ENSG00000289291	4
MYCBP	4
CD69	4
LITAF	4
SLC9A9	4
PARVG	4
SLC17A7	4
RNF215	4
CA3	4
CD180	4
GSDMB	4
ENSG00000261448	4
INSIG1-DT	4
C2orf15	4
BBIP1	4
ZYX	4
ENSG00000234156	4
SIGLEC6	4
UTP11	4
KATNAL1	4
AHNAK2	4
ENSG00000277135	4
ENSG00000289353	4
ENSG00000256278	4
VENTX	4
BLVRB	4
C5orf22	4
CYB5R3	4
TRAC	4
HCLS1	4
ENSG00000242282	4
NUDC	4
LYRM1	4
ARFIP2	4
ENSG00000288634	4
DGUOK-AS1	4
TTC1	4
SLA	4
EIF3L	4
AKT1	4
SUSD2	4
CEBPG	4
LIPT2	4
PSMC3IP	4
ENSG00000288156	4
CTSK	4
ETS1	4
SEC11C	4
MMP11	4
AP3M2	4
ENSG00000260917	4
AJUBA	4
ZNRD2-DT	4
ENSG00000289594	4
PXDN	4
EPN2	4
RAB3GAP2	4
SKAP1	4
KLRK1-AS1	4
EID3	4
C10orf67-AS1	4
ANG	4
SMC4	4
ENSG00000289030	4
TAF7L	4
MRPL20-AS1	4
ZNHIT3	4
CBY1	4
TOMM22	4
ENSG00000290830	4
TESK1	4
ARHGEF19	4
RSPO2	4
TXNDC15	4
ATP13A1	4
ULK4	4
UBE2Q2P2	4
TALAM1	4
SPACA9	4
GPC3	4
ELK1	4
MAGEB2	4
ENSG00000276434	4
RASA3-IT1	4
DUSP8	4
LINC02344	4
CD3G	4
NOP10	4
ENSG00000286159	4
C21orf62-AS1	4
UBL7-DT	4
DELE1	4
ATP2B1-AS1	4
MED21	4
CCNG1	4
GP6	4
ENSG00000170846	4
ADD3-AS1	4
NCR1	4
CRYZ	4
ENSG00000251330	4
ZNF436-AS1	4
SEPTIN4	4
SERPINE1	4
PLK5	4
ENSG00000274275	4
MYO15B	4
XAF1	4
DPH1	4
ENSG00000290021	4
ENSG00000226900	4
LIN7B	4
TFPI2	4
UPF3B	4
LRSAM1	4
SDE2	4
GRPEL2	4
ACSL5	4
GGA3	4
LY9	4
RANBP6	4
SNHG12	4
SLC2A11	4
ENSG00000267505	4
ENSG00000288985	4
RCE1	4
ENSG00000224626	4
ENSG00000286039	4
CST1	4
POLG2	4
ENSG00000289245	4
RILP	4
ENSG00000289463	4
DET1	4
CYB5A	4
C1orf56	4
ENSG00000249679	4
LHFPL4	4
ILF3	4
MCTS2	4
PRELID3A	4
VPS33B-DT	4
MIR155HG	4
CEACAM19	4
IL10RA	4
FBLN2	4
URI1	4
FZR1	4
DENND2B-AS1	4
ENSG00000288866	4
ENSG00000272240	4
PAXIP1-AS2	4
ENSG00000260536	4
FRY-AS1	4
ENSG00000259351	4
CNOT9	4
ACSL6	4
PRIM1	4
ENSG00000290073	4
SLK	4
NORAD	4
IER2	4
GPR146	4
ENSG00000227782	4
ITPRIP	4
ENSG00000264149	4
ZNF528	4
NDUFB9	4
SLURP2	4
ENSG00000268119	4
KRBA1	4
KCNJ5-AS1	4
IFT25	4
PIGH	4
ENSG00000270116	4
OLFM4	4
ARV1	4
ARHGEF18-AS1	4
CCDC144BP	4
EXO1	4
SORBS2-AS1	4
SIRPB2	4
CUEDC2	4
GABARAP	4
ENSG00000286977	4
TPRN	4
IDUA	4
ENSG00000259959	4
COX14	4
TIPARP-AS1	4
SRP68	4
TUSC3	4
PHETA1	4
PDPN	4
FIS1	4
YIPF2	4
ENSG00000286116	4
ENSG00000287425	4
ARF4-AS1	4
ZNF343	4
DENND6B	4
TTYH1	4
ENSG00000259976	4
C5orf34	4
ENSG00000268051	4
DBI	4
PTX3	4
ENSG00000289316	4
LINC00863	4
ENSG00000232978	4
AFAP1	4
SMYD4	4
ENSG00000265205	4
MSRA	4
PGAP3	4
KLC1	4
ENSG00000272219	4
LZTS2	4
ENSG00000267082	4
CD300LG	4
SHC2	4
ITGB3	4
CEBPZOS	4
ENSG00000273381	4
SELENOO	4
AGBL2	4
ENSG00000249875	4
ANXA2R	4
ENSG00000260751	4
STAP1	4
FBXL19	4
PDZRN3-AS1	4
ENSG00000278351	4
IQCN	4
ENSG00000273295	4
ENSG00000286000	4
SEC23A	4
METTL5	4
CORO1B	4
TNFRSF10D	4
ANKS3	4
ADPRM	4
CD300H	4
PRSS51	4
NOCT	4
CDKN3	4
ENSG00000264490	4
JMJD1C	4
USP36	4
TIMP3	4
C19orf81	4
ARRDC2	4
RPL34	4
ABHD2	4
MCF2	4
RRP12	4
RTN1	4
FNIP1	4
CILP	4
FZD10	4
OGDHL	4
ENSG00000260793	4
ENSG00000288928	4
CCDC13	4
ANXA2	4
ENSG00000289537	4
HAPLN2	4
MASP2	4
DCXR	4
ENSG00000285928	4
MRPL36	4
ZWILCH	4
ABHD12	4
ENSG00000254907	4
GPR35	4
COMMD3	4
ENSG00000261668	4
PPP1R26	4
ENSG00000250899	4
UCKL1-AS1	4
FHL2	4
ATP10D	4
ENSG00000288794	4
RHCE	4
ARHGEF39	4
ENSG00000289121	4
HNRNPA1	4
MMP1	4
ENSG00000243155	4
DHRS13	4
ENSG00000287918	4
CWC25	4
ENSG00000269930	4
FPGT	4
ENSG00000277621	4
RCC2	4
DEFB1	4
RALY	4
NGF	4
NSA2	4
CA1	4
ERMAP	4
ADORA2A	4
CYB561D1	4
ENSG00000261069	4
GP1BA	4
TMC4	4
FLVCR1-DT	4
E2F8	4
FAM89B	4
DERA	4
ENSG00000263280	4
ENSG00000288871	4
INAFM1	4
PCDHB15	4
FAM106C	4
LINC02175	4
LINC00853	4
ENSG00000271398	4
USP12-AS1	4
ENSG00000261434	4
XBP1	4
FMC1	4
TASOR	4
PLEKHN1	4
NCLN	4
CHST1	4
ENSG00000267024	4
FAIM	4
ENO1-AS1	4
CD163	4
RESF1	4
ENSG00000250615	4
GGACT	4
MCM2	4
RASL10A	4
TIRAP-AS1	4
NPY1R	4
VCX3B	4
CCDC96	4
ZNF813	4
CMPK1	4
AP2S1	4
RGP1	4
NIBAN2	4
C1orf162	4
NMNAT3	4
DCUN1D3	4
IRF2BP2	4
PAFAH2	4
MLX	4
SLA2	4
ENSG00000290440	4
NUDT16L1	4
ENSG00000289128	4
DR1	4
NADK2-AS1	4
TINAGL1	4
ENSG00000276900	4
GBP4	4
ENDOV	4
COL14A1	4
HAUS2	4
KAZALD1	4
LAMTOR2	4
ENSG00000261783	4
FAM120AOS	4
TNNT3	4
AR	4
GPT	4
DPM1	4
DEGS2	4
PLCB3	4
DPY19L3-DT	4
ENSG00000253811	4
ENSG00000274578	4
ARF5	4
ENSG00000288852	4
KRAS	4
TOM1	4
PSMD8	4
TBL3	4
INO80-AS1	4
ENSG00000269172	4
PLK1	4
ENSG00000232682	4
C8G	4
ZC3H15	4
FKBP4	4
C1orf53	4
KLKP1	4
ENSG00000228852	4
ENSG00000287081	4
ZBTB11-AS1	4
NEURL1	4
ANKRD1	4
ENSG00000250509	4
ENSG00000255158	4
TMEM246-AS1	4
DDN-AS1	4
MAGEA4	4
TRIM23	4
CHST10	4
HOXC4	4
ENSG00000233912	4
LASP1NB	4
SHISA4	4
ENSG00000284428	4
HOXB6	4
ENSG00000267131	4
PHETA2	4
ENSG00000263120	4
ZNF229	4
SCNM1	4
ENSG00000290843	4
RDH11	4
SERPINA3	4
CCT4	4
CIBAR1	4
NEAT1	4
MIR124-2HG	4
MADD	4
LINC02870	4
LMO1	4
ZNF566-AS1	4
FZD7	4
HS3ST3B1	4
IFIT2	4
PCDH10	4
SNAI3-AS1	4
EPN2-AS1	4
LIMA1	4
ENSG00000287070	4
NOP53-AS1	4
LINC02259	4
ENSG00000260274	4
ENSG00000291156	4
PLXNA1	4
ENSG00000256448	4
MGAT1	4
ENSG00000250397	4
MIOS	4
ENSG00000289923	4
ENSG00000289177	4
PCYOX1L	4
PLGRKT	4
PODXL2	4
ENSG00000291096	4
TSPAN18-AS1	4
ENSG00000255031	4
THOP1	4
ENSG00000261916	4
ISCA2	4
ENSG00000290913	4
ENSG00000289928	4
LIN37	4
ENSG00000275056	4
IBA57-DT	4
CBX8	4
ENSG00000267481	4
ENSG00000289152	4
FAM27C	4
ENSG00000255046	4
ENSG00000283423	4
LAPTM5	4
C10orf95-AS1	4
PRKAG2-AS1	4
SNX30	4
TRIM16L	4
RASL12	4
ADGRB1	4
CCDC43	4
FUT7	4
ZNF283	4
HSDL2-AS1	4
MAP3K7CL	4
MAD2L2	4
CNOT10	4
NR2F2	4
ENSG00000269951	4
LINC02696	4
NDUFB5	4
ZNF182	4
FAM83G	4
YJU2	4
HCFC1	4
ENSG00000226899	4
ZNF395	4
ENSG00000289032	4
C18orf21	4
CCNE1	4
ENSG00000269924	4
TIPARP	4
MZB1	4
ENSG00000285653	4
SMN1	4
CTBS	4
ZMAT2	4
COX10	4
VCX	4
CD63	4
METTL27	4
GINS4	4
HHEX	4
CAMKK1	4
COA6-AS1	4
RNF208	4
FGFRL1	4
ENSG00000288990	4
ENSG00000273027	4
FLRT1	4
BHLHE40	4
NMB	4
ZNF695	4
NUGGC	4
TMEM70	4
WDR76	4
SLAMF6	4
LCIIAR	4
RALBP1	4
ZNF112	4
ENSG00000274995	4
ZNF468	4
BFSP2	4
BOD1L1	4
CXCL10	4
SNHG3	4
MAF	4
FARSA	4
MAP9	4
SCARA5	4
SH2D2A	4
METTL7B	4
RNPC3	4
LRCH4	4
LMNB2	4
MICU1	4
SPOCK2	4
ENSG00000225489	4
POGK	4
ENSG00000264546	4
NTHL1	4
MAP2K7	4
RIMOC1	4
SARS2	4
RAB33A	4
TCF12-DT	4
ENDOG	4
STIM2	4
AMTN	4
GRIN3B	4
ZNF37A	4
ENSG00000289485	4
ENSG00000270130	4
KCTD13-DT	4
ENSG00000289629	4
ENSG00000275162	4
CAMSAP1-DT	4
ENSG00000275765	4
WRAP53	4
ENSG00000276248	4
CEBPB	4
ADK	4
SPATA24	4
ENSG00000255097	4
MYD88	4
LINC01001	4
RBM22	4
ZFP36	4
NFIL3	4
ENSG00000232386	4
LRCH2	4
POU2AF3	4
ARRDC3	4
GALT	4
NBAS	4
ITCH-AS1	4
ZNRD2	4
DCLRE1A	4
ENSG00000286656	4
ENSG00000273355	4
RAP1GAP	4
PUDP	4
DMPK	4
ENSG00000289745	4
TNFRSF13B	4
ITGAE	4
APOBEC3D	4
ENSG00000273014	4
INSM1	4
ENSG00000278058	4
ENSG00000264937	4
LARGE2	4
MTREX	4
PNMA8A	4
GPR12	4
AKNA	4
YIPF5	4
TSEN34	4
NUCKS1	4
HPN	4
RPL18A	4
PAQR3	4
ATAD3A	4
FGD3	4
COPZ2	4
ENSG00000290683	4
TMEM18	4
PLAUR	4
SPATA13-AS1	4
ECSIT	4
GGPS1	4
ONECUT2	4
STRADA	4
EXOSC2	4
LINC01503	4
XYLB	4
TAC1	4
ZNF354A	4
ENSG00000259865	4
MRPL22	4
PGLS-DT	4
APOBEC3F	4
CNN3	4
IQCB1	4
ENSG00000248367	4
CHASERR	4
BDH2	4
OTULINL	4
RPS15A	4
ENSG00000290737	4
NABP2	4
ZNF433-AS1	4
N4BP2L1	4
EXOSC3	4
ENSG00000233461	4
PABIR2	4
LINC02772	4
RNF130	4
HYI	4
ENO2	4
ENSG00000285796	4
ENSG00000272076	4
ANKEF1	4
ENSG00000272927	4
SRD5A1	4
PHACTR3	4
HSD17B7P2	4
SPATA9	4
LAMA5	4
ADAT3	4
LACTB2-AS1	4
SLC35G5	4
IDH3A	4
RILPL2	4
NHLRC3	4
MAP3K15	4
TRAF7	4
NUP62CL	4
MZT2B	4
SYP	4
TRIM52-AS1	4
FBRSL1	4
APLP1	4
EAF2	4
DMTF1-AS1	4
ZNF503	4
LRPPRC	4
TRIM59	4
MTERF3	4
TRIM4	4
ATP6V1B2	4
PRKAG1	4
PUF60	4
ENSG00000290833	4
ATP6V0A2	4
ENSG00000223969	4
ENSG00000265912	4
RSBN1	4
LCNL1	4
WIPI2	4
CCDC24	4
ENSG00000291188	4
LINC00937	4
MRM1	4
PNMA8C	4
ENSG00000287190	4
ZNF594-DT	4
RALGDS	4
ZNF628	4
ARL6	4
ATF3	4
ENSG00000269886	3
KIAA1671-AS1	3
ENSG00000262967	3
ENSG00000229673	3
SMC2-DT	3
ITPRID2-DT	3
ENSG00000264968	3
ENSG00000256204	3
PON2	3
RYR3	3
DNAJC2	3
LARGE-IT1	3
LSMEM1	3
ENSG00000261736	3
SPNS3	3
LINC00664	3
ENSG00000289175	3
HELZ	3
ENSG00000274341	3
ENSG00000267565	3
ENSG00000282915	3
ENSG00000291157	3
ENSG00000256712	3
IFI44L	3
LGALS3	3
MBD6	3
ENSG00000255478	3
ENSG00000273153	3
NDUFA13	3
LMO7-AS1	3
TMBIM1	3
SENCR	3
ENSG00000276334	3
FAM220A	3
MACROH2A1	3
ZNF32-AS3	3
SEMA5A-AS1	3
ZNF502	3
ENSG00000265907	3
LINC01585	3
GATM	3
LKAAEAR1	3
ZNF133	3
CBR3-AS1	3
ENSG00000289421	3
ACSBG1	3
ICE2	3
MPRIP	3
ENSG00000225703	3
PGRMC1	3
DESI1	3
EVI2B	3
WBP1L	3
PSMB5	3
ENSG00000289527	3
TNFRSF14-AS1	3
ENSG00000287592	3
ENSG00000258580	3
ENSG00000285519	3
POLR3E	3
CA8	3
LINC01836	3
GINS1	3
TEKT2	3
DDX31	3
FAM90A1	3
ZNF688	3
ZNF410	3
ATP5F1D	3
ZDHHC4	3
CARD8	3
ASB16-AS1	3
ENSG00000261669	3
DPF1	3
ENSG00000231519	3
ENSG00000287165	3
MYO1C	3
GJC2	3
ENSG00000231393	3
ENSG00000289231	3
ANXA10	3
OLFML2A	3
SIRPA	3
ACOT4	3
RNF216	3
NID2	3
ENSG00000273828	3
ATP8B4	3
PCNX4-DT	3
ENSG00000289004	3
CNIH1	3
B3GNT9	3
TMPRSS3	3
INTS6-AS1	3
ZNF687	3
ENSG00000272844	3
ENSG00000289653	3
ENSG00000226849	3
EBNA1BP2	3
ENSG00000289914	3
PDE6C	3
HBA1	3
RXRG	3
ENSG00000267764	3
AP1M2	3
IL17RA	3
AXL	3
RAB18	3
FBXW2	3
TAF1B	3
PEX26	3
NBL1	3
ENSG00000290553	3
ZFX	3
DIS3	3
ULK4P3	3
ENSG00000289182	3
ZNF534	3
LILRB5	3
RPRM	3
HIF1AN	3
DROSHA	3
AP3M1	3
ZFYVE27	3
CCAR1	3
ENSG00000291178	3
PIAS1	3
SYDE2	3
ENSG00000280384	3
ENSG00000266644	3
PLPPR3	3
FBXO27	3
ENSG00000287948	3
BMP4	3
JPT1	3
IDH3B	3
SRP72	3
CNOT6L	3
RAMAC	3
HOXA5	3
CHUK	3
TRPM3	3
BET1	3
PPIL2	3
TRMT1	3
DPYSL2	3
ZNF667-AS1	3
DECR1	3
C4orf45	3
ENSG00000234622	3
ENSG00000272109	3
PGM5P4-AS1	3
ENSG00000268628	3
ENSG00000262652	3
ENSG00000231992	3
PRECSIT	3
RBM10	3
ITGA3	3
LINC01775	3
ENSG00000286535	3
ZSWIM7	3
TCEA1	3
STYXL1	3
EIF4A3	3
GON7	3
CAPN5	3
RWDD4	3
LMO2	3
SYTL2	3
MAPKAP1	3
TAPT1	3
RHOH	3
MAGEA1	3
TTC9B	3
IL6R	3
TAF3	3
GLYR1	3
KEAP1	3
EMSY-DT	3
ENSG00000289839	3
BACE1	3
SUN1	3
TUBGCP4	3
MPC2	3
ENSG00000268292	3
INHBA	3
ENSG00000265477	3
HNRNPA1L3	3
ENSG00000267244	3
TRAK2	3
C2orf80	3
GPAM	3
MTF2	3
PIGK	3
PIK3R3	3
NCAPG2	3
GFPT1	3
PSMD1	3
TMEM154	3
KIAA1143	3
PATZ1	3
PMFBP1	3
ENSG00000260616	3
HOPX	3
TATDN3	3
ZNF654	3
ABRAXAS2	3
FASTKD1	3
FANCL	3
METTL21A	3
DLAT	3
LUC7L2	3
HLTF	3
ENSG00000262115	3
RABGGTA	3
TESPA1	3
KATNBL1	3
GCC2	3
CCNT1	3
CENPO	3
CSE1L	3
KCND1	3
ENSG00000269427	3
MICOS13	3
ENSG00000277007	3
RPA2	3
MMP2-AS1	3
ENSG00000268560	3
ENSG00000271716	3
ENSG00000254676	3
TRIQK	3
ENSG00000289381	3
BCAT2	3
ENSG00000259275	3
RTL1	3
ENSG00000278576	3
ENSG00000287264	3
ENSG00000271009	3
PCOTH	3
TSKU-AS1	3
ENSG00000276259	3
ZMAT1	3
ZNF718	3
CCDC183-AS1	3
LINC00861	3
TTPAL	3
ENSG00000269189	3
CRELD2	3
ENSG00000261766	3
CHM	3
PRUNE2	3
C1orf159	3
GIMAP4	3
ENSG00000260723	3
LINC01063	3
YDJC	3
ADI1	3
XIST	3
STK25	3
MRM2	3
ENSG00000245156	3
ENSG00000260160	3
ENSG00000284747	3
RANBP1	3
ENPP2	3
SOX7	3
FBXO43	3
C13orf42	3
TNK1	3
COBL	3
GPR162	3
EXOSC10	3
ISY1	3
RASSF6	3
CDKN2B	3
ENSG00000290074	3
PLA2G2A	3
ENSG00000290586	3
ENSG00000276337	3
CHRNB1	3
TCF4-AS2	3
POLD2	3
ACTC1	3
ENSG00000289069	3
CIAPIN1	3
UTP18	3
MYL5	3
DGCR8	3
FBLN1	3
CCL4L2	3
ENSG00000288980	3
ENSG00000289061	3
GAGE12J	3
ENSG00000240143	3
TEKTIP1	3
MAGEA4-AS1	3
ENSG00000268798	3
ENSG00000288797	3
NOP2	3
ENSG00000256013	3
MGST1	3
LINC02582	3
FAM53C	3
ZNF317	3
VSIG2	3
ENSG00000288704	3
ENSG00000280614	3
DCTN3	3
ADM5	3
TRIM37	3
RBP1	3
ENSG00000288808	3
ZFP42	3
ADA2	3
BRWD1-AS2	3
RPP14	3
L3MBTL2-AS1	3
ALDOC	3
ENSG00000269570	3
SCYL1	3
ENSG00000287952	3
RALYL	3
STX1B	3
RNF185	3
SACM1L	3
ALDH6A1	3
ING3	3
CHEK1	3
ZNF638	3
ENSG00000235533	3
SMIM2-AS1	3
MAGIX	3
ITGAD	3
AP2M1	3
ENSG00000254653	3
ENSG00000272478	3
ENSG00000236234	3
MIR4733HG	3
MUTYH	3
ACO2	3
MYO1B	3
RPL36	3
ENSG00000227279	3
INMT	3
ENSG00000291299	3
ENSG00000264754	3
DNM3OS	3
CLPX	3
DRC3	3
ECM1	3
AMBRA1	3
ENSG00000286895	3
KIF20A	3
CKAP2L	3
CIR1	3
LINC00494	3
ZNF444	3
CT45A10	3
PSMA8	3
YIPF6	3
FAM47E	3
RAD51AP1	3
FAM174B	3
DISC1FP1	3
BIRC7	3
TYRP1	3
SULT1C4	3
GNG4	3
PTRHD1	3
CT45A3	3
ENSG00000273369	3
ENSG00000274825	3
ENSG00000279494	3
CUBN	3
TRAPPC6A	3
COQ10B	3
SCARF1	3
CTNS-AS1	3
ENSG00000258400	3
TAMM41	3
LAMB1	3
ARHGEF37	3
REC8	3
IGFL2-AS1	3
MAN2B1	3
ZNF708	3
ENSG00000290591	3
CDC20	3
CRABP2	3
UGT2B7	3
NKAIN4	3
ALG3	3
CELF1	3
KCNAB2	3
LINC00513	3
SERPINI1	3
PLPP6	3
ENSG00000264019	3
CMTM6	3
HK1	3
ENSG00000289505	3
ENSG00000286722	3
RNF115	3
ENSG00000277020	3
ENSG00000289532	3
LINC02265	3
MEFV	3
NR2F1	3
ENSG00000240801	3
ESAM	3
ENSG00000287625	3
MAPK1	3
VSTM1	3
DFFA	3
ZNF326	3
PPP4R2	3
SORT1	3
FNDC10	3
CSRP1-AS1	3
ENSG00000245025	3
MIAT	3
PIGU	3
C3orf20	3
ENSG00000290920	3
ASAH2	3
RHOC	3
LINC02256	3
TPRG1L	3
ELAPOR1	3
LINC00491	3
HNRNPA2B1	3
ENSG00000289843	3
ENSG00000238246	3
SS18L1	3
C2orf49-DT	3
PPP1R15A	3
ZSCAN1	3
SREK1	3
TCTN3	3
ZNF91	3
SKA2	3
EFHD1	3
RAB3A	3
MTHFD2L	3
CCDC65	3
ENSG00000260304	3
TAS2R20	3
ENSG00000259635	3
ENSG00000291233	3
ASB2	3
PIGG	3
LINC01731	3
SLC7A8	3
SLC6A20	3
CMTM2	3
ENSG00000278467	3
MELTF	3
RPL15	3
PSMD14-DT	3
FOXO6	3
DOCK9	3
MZF1-AS1	3
HBQ1	3
EPHA2	3
KITLG	3
ENSG00000287712	3
FAM131B-AS2	3
ENSG00000285587	3
ENSG00000290044	3
LINC00702	3
CSAG3	3
ENSG00000291291	3
DRAIC	3
NPC2	3
SEMA3B	3
ENSG00000288043	3
CSAG4	3
ENSG00000257221	3
SLC16A4-AS1	3
NSUN4	3
PTGER4	3
RBM7	3
HOXB7	3
AK3	3
LINC01970	3
KIF4A	3
GNPNAT1	3
NEUROG2	3
ZNF697	3
SLC5A9	3
TRAIP	3
ENSG00000289425	3
RBP5	3
CD81	3
ENSG00000224972	3
WBP2	3
SP110	3
MAN2A2	3
CLEC1A	3
GNAS-AS1	3
ZC3H7B	3
PPAN	3
GNA11	3
CDX2	3
FUT8-AS1	3
ENSG00000258891	3
MYLK3	3
THRIL	3
IPO4	3
YTHDF3-DT	3
NME6	3
PRKAR2A	3
GOLPH3L	3
RBM15	3
EGR2	3
OS9	3
LINC01480	3
EAPP	3
IQCG	3
LINC02440	3
TOE1	3
ENSG00000250990	3
ENSG00000242375	3
EMC6	3
PIP5KL1	3
DHX36	3
CCDC69	3
PILRB	3
HSPA12A	3
PLCXD2	3
TRDMT1	3
WASHC4	3
ARL5A	3
ENSG00000230612	3
ENSG00000261296	3
RTN2	3
TARS1	3
ENSG00000250917	3
NR1D2	3
ENSG00000263105	3
TRPV1	3
GJA4	3
CCL2	3
TBX2	3
ZCCHC17	3
ENSG00000230694	3
ENSG00000285651	3
SLC22A18AS	3
YBX2	3
THAP10	3
SATL1	3
ABHD17B	3
ODR4	3
FAM131B-AS1	3
JHY	3
CCDC103	3
HLX	3
ST7-AS1	3
STAG3L5P	3
CFH	3
MLXIP	3
ENSG00000291250	3
KANSL2	3
ENSG00000267030	3
UBE2C	3
ENSG00000232347	3
TDRD7	3
ENSG00000286366	3
PCDHA12	3
KIAA0930	3
CHAMP1	3
CLTRN	3
SLCO4A1-AS2	3
ENSG00000261799	3
MED1	3
LAS1L	3
APOC2	3
UBE2J2	3
ENSG00000251867	3
SLU7	3
EDF1	3
CAND2	3
DNAJB9	3
HNRNPR	3
ANXA6	3
MED8	3
IP6K2	3
XPNPEP1	3
PDE6G	3
C1orf52	3
DHRS3	3
MAP7D2	3
CCBE1	3
ENSG00000274364	3
LPL	3
OPA1	3
TMEM94	3
IFNAR1	3
CLN5	3
DONSON	3
DOLK	3
JRKL	3
GPC4	3
ENSG00000289399	3
MAPRE2	3
GNAI3	3
FKBP1B	3
SLC52A2	3
PAGE2	3
TBX6	3
FABP3	3
ENSG00000248161	3
AATBC	3
IMP4	3
STAG2-AS1	3
ENSG00000283045	3
LONP1	3
LMNTD2	3
CBX2	3
PIGX	3
PTPN7	3
SSPN	3
PLBD1	3
FCGRT	3
ENSG00000289269	3
ENSG00000289089	3
ERLIN1	3
DYRK2	3
ENSG00000270071	3
PEF1	3
LRRC4	3
UMPS	3
CCDC127	3
C10orf71	3
ENSG00000289327	3
RETREG1-AS1	3
S1PR1	3
ABCB8	3
WDCP	3
DBNL	3
PAN3-AS1	3
ZSCAN30	3
STARD5	3
PCDHGC3	3
ARC	3
FEM1C	3
EFCAB7	3
SNHG26	3
MOB3C	3
MAL2	3
MAPT-AS1	3
ASL	3
TMEM263	3
RTKN2	3
PANK3	3
PCDHB16	3
GLRX	3
PXYLP1	3
SEMA6A-AS1	3
PAX8-AS1	3
ZNF175	3
ENSG00000267439	3
DICER1-AS1	3
SF3B2	3
COA4	3
CEP120	3
MAEA	3
BCHE	3
TAS2R14	3
USP51	3
SUV39H2-DT	3
DGAT1	3
ZFP69B	3
EIF3I	3
DPY19L2	3
LINC00629	3
GNA15	3
SLC31A1	3
EIF3B	3
LYRM7	3
ENSG00000286803	3
USP3-AS1	3
CDK7	3
GPN3	3
MRPS26	3
ENSG00000223842	3
CASP5	3
SIGLEC5	3
KLC2	3
ZNF367	3
LUM	3
ENSG00000228686	3
SMU1	3
TMX2	3
DAD1	3
APOLD1	3
ENSG00000250602	3
ENSG00000259398	3
ENSG00000260773	3
PPP4R3B-DT	3
ENSG00000288715	3
ABCC11	3
ENSG00000255847	3
ASCL1	3
SLC2A1	3
WASH2P	3
ENSG00000261430	3
TSPAN15	3
RGS2	3
ENSG00000278408	3
ENSG00000228625	3
DIMT1	3
SYCE2	3
CCT6B	3
GPR3	3
PSME1	3
CLPP	3
CSAG1	3
UBBP4	3
ENSG00000286401	3
ENSG00000277602	3
ADNP-AS1	3
MAP3K14-AS1	3
ZNF334	3
ENSG00000288969	3
RYR3-DT	3
CTDSP2	3
ZBTB47-AS1	3
ENSG00000284523	3
CCDC157	3
ISYNA1	3
ENSG00000238260	3
ENSG00000248378	3
ADAMTSL4-AS2	3
ENSG00000260196	3
ENSG00000286952	3
ENSG00000272750	3
ENSG00000267787	3
SDHAP4	3
SLC43A2	3
ADARB2	3
OR2L8	3
HYLS1	3
ENSG00000286322	3
SPTBN2	3
RTL10	3
SLC44A1	3
BOLA3-DT	3
FRZB	3
ENSG00000241679	3
SLC18A3	3
LINC02032	3
COL5A1	3
SLC30A1	3
ENSG00000286649	3
GNG5	3
KCNK15-AS1	3
ENSG00000275485	3
ENSG00000285948	3
ENSG00000259342	3
ENSG00000259201	3
SLC27A2	3
MECOM	3
PRUNE1	3
STARD8	3
RNFT2	3
GIT1	3
FCRL3	3
IDO1	3
ENSG00000237938	3
ZNF34	3
FHDC1	3
ENSG00000259250	3
KIF19	3
SLC25A34-AS1	3
MALL	3
ENSG00000253854	3
ENSG00000266947	3
ENSG00000253754	3
PWP2	3
TMPO-AS1	3
ENSG00000288911	3
AREG	3
LRRC10	3
ZNF581	3
ZBTB7B	3
ENSG00000259370	3
ENSG00000289901	3
ENSG00000254204	3
ENSG00000291283	3
GOLGA8R	3
SPRN	3
NR0B2	3
DRD4	3
ICE1	3
SULT2B1	3
PDGFA	3
WASIR2	3
ENSG00000264112	3
TWNK	3
CLDN1	3
ENSG00000287315	3
ENSG00000264596	3
GABRE	3
ENSG00000228540	3
LINC02166	3
ENSG00000270035	3
TNIK	3
ENSG00000290948	3
ENSG00000261513	3
SCOC-AS1	3
FES	3
CPB2	3
CDHR2	3
ENSG00000265801	3
C3orf14	3
OR4D1	3
ENSG00000289073	3
ENSG00000285979	3
DYNLT2B	3
NUTM2A	3
SLC12A3	3
ENSG00000225527	3
RIC3	3
ENSG00000289283	3
TRIM7-AS2	3
ACTA2	3
ENSG00000268289	3
ENSG00000291189	3
ENSG00000287539	3
PDF	3
ENSG00000259001	3
RAB13	3
ENSG00000254019	3
ENSG00000272416	3
SPACA5	3
LINC01023	3
ENSG00000282917	3
CHST6	3
ENSG00000260190	3
TSKU	3
CLCN3	3
TMEM202-AS1	3
ENSG00000274929	3
CNTNAP1	3
CCM2	3
LYSMD2	3
ERCC3	3
ARL6IP6	3
ENSG00000273179	3
ABCC2	3
TBL1XR1-AS1	3
ENSG00000253227	3
TBC1D17	3
SLC1A5	3
CYCS	3
NCAPD2	3
TRMT10C	3
TIFA	3
COSMOC	3
ANO9	3
SERPINE3	3
ENSG00000285879	3
WDR35	3
AMDHD1	3
ZFAND6	3
QRFPR	3
ENSG00000275910	3
ENSG00000264895	3
ENSG00000273391	3
EIF4E	3
TMEM19	3
KCNMB1	3
NCKIPSD	3
WWC2-AS1	3
TMEM35B	3
ZNF550	3
TFIP11-DT	3
ENSG00000261474	3
AMPH	3
ZNF214	3
INSYN2A	3
D2HGDH	3
IL27RA	3
PHF6	3
KDELR1	3
ENSG00000271204	3
ENSG00000263443	3
ACAA1	3
KISS1R	3
SNHG22	3
ENSG00000280767	3
KLHL7-DT	3
YJU2B	3
CCDC102A	3
FBXW8	3
CERS1	3
GLB1L2	3
ENSG00000273680	3
SSX1	3
TRAPPC2L	3
LRG1	3
ZBTB25	3
DEFA4	3
ENSG00000228566	3
ZNF236-DT	3
GFRA3	3
TM9SF4	3
MIATNB	3
ENSG00000228010	3
ENSG00000266578	3
GPRASP1	3
ENSG00000287494	3
ENSG00000262528	3
ENSG00000223901	3
ENSG00000275476	3
LINC01451	3
ZNF639	3
SKIC3	3
ENSG00000235902	3
DPH7	3
NTPCR	3
ENSG00000291255	3
ERP29	3
TBC1D10B	3
PMF1	3
CENPH	3
ENSG00000289271	3
APBB1IP	3
PTP4A2	3
TLCD4	3
RAB5C	3
IFIT1B	3
ZNF470-DT	3
ENSG00000288772	3
CENPN-AS1	3
ENSG00000259652	3
SCRG1	3
SCARB1	3
CMPK2	3
ABHD6	3
ENSG00000289926	3
ENSG00000260017	3
FAM131C	3
FAM3B	3
ENSG00000239415	3
ENSG00000277840	3
ATXN7L3-AS1	3
ENSG00000233547	3
GGT5	3
DND1	3
ZNF99	3
CNPY2	3
KANSL1-AS1	3
CSTA	3
NPNT	3
RPL26L1	3
PDXK	3
TMCC2	3
RGS18	3
FCGR3B	3
PPP1R3B-DT	3
SEC23IP	3
WHRN	3
SLC2A6	3
TRPS1-AS1	3
RLN1	3
RAB1A	3
FAM209B	3
RAD21	3
NASP	3
STK17A	3
PPOX	3
MED27	3
ENSG00000261118	3
CLBA1	3
XKR9	3
ENSG00000285803	3
HSPA2	3
DUS3L	3
MAGEB17	3
SH3BP5-AS1	3
RBM33	3
SNRNP40	3
PSTPIP2	3
GYPB	3
TMEM260	3
TET2-AS1	3
ENSG00000261170	3
SEMA4A	3
ICAM4	3
DYRK4	3
FAM107B	3
PHC2	3
TRAF3IP3	3
ENSG00000259336	3
TRIAP1	3
GABPA	3
CEP250-AS1	3
PRR7	3
LINC02954	3
OAS1	3
PRCP	3
MITD1	3
CD72	3
STAB1	3
TMEM132D-AS1	3
ITPRID2	3
ZNF703	3
ALDH9A1	3
MINDY2-DT	3
CDC20B	3
ENSG00000287680	3
WDR54	3
ACTN1	3
STAP2	3
PRSS22	3
SGTB	3
SETD7	3
SCG5	3
JAM2	3
P2RX1	3
STX17	3
CRYBG3	3
NUP210	3
KNL1	3
ENSG00000176320	3
ZNF213-AS1	3
ENSG00000287351	3
MPHOSPH8	3
PLIN2	3
SIRPB1	3
TUBGCP3	3
ENSG00000235119	3
PTPN22	3
RBM8A	3
DCP1B	3
PNPLA6	3
ENSG00000262580	3
ENSG00000291186	3
HAUS3	3
ENSG00000286444	3
PUS7L	3
EFNB1	3
CYP26C1	3
PAICS	3
FGG	3
PARD3-DT	3
MACORIS	3
MAU2	3
ENPEP	3
SAMD13	3
ITSN2	3
SLFN5	3
MINPP1	3
ITGB8-AS1	3
PIH1D2	3
ZNF580	3
ENSG00000288930	3
PCDHB12	3
COQ5	3
ENSG00000231970	3
UBQLN1	3
RIGI	3
CXCL13	3
SEC24B-AS1	3
ENSG00000255320	3
PTRH1	3
C1orf43	3
ENSG00000272479	3
HCK	3
METTL2B	3
CLK3	3
ENSG00000253986	3
CANT1	3
EPS15L1	3
MAIP1	3
MRPS25	3
UHMK1	3
LLGL2	3
ENSG00000286403	3
ENSG00000242590	3
ZNF154	3
ENSG00000225689	3
LILRA1	3
ZDHHC15	3
LCN15	3
SPON1	3
SEMA4G	3
TRAPPC1	3
ENSG00000260091	3
KRCC1	3
ENSG00000274943	3
BLOC1S4	3
STX4	3
COL17A1	3
KIR3DL2	3
METTL21C	3
NR2C2AP	3
KRTAP5-1	3
OR10A5	3
PINLYP	3
EBPL	3
HSF2BP	3
ZNF706	3
ACVR2B	3
ENSG00000286408	3
PGGT1B	3
MCRIP2	3
IL17RB	3
XRN2	3
ALOX12-AS1	3
CFAP58	3
TMEM129	3
SHD	3
HDHD5-AS1	3
DLX1	3
ZXDC	3
SCAT1	3
NFYC	3
DDX59	3
ERCC6	3
HSPA14	3
ZRANB2	3
TCP11L2	3
ENSG00000290124	3
NBPF8	3
USP30-AS1	3
ATAD3B	3
DENND6A-AS1	3
REXO4	3
PRCC	3
HSD17B14	3
C2CD5-AS1	3
TG	3
FOXP1-IT1	3
MAT2A	3
GMPR2	3
GDF10	3
MYL4	3
TARS3	3
TMEM123	3
ENSG00000249049	3
LINC03078	3
MFAP3	3
GLTP	3
ENSG00000267557	3
DIP2C-AS1	3
TNFAIP8L1	3
NPC1	3
CUL4A	3
ENSG00000274001	3
DCX	3
CASKIN1	3
RDM1	3
RBM17	3
DCTN2	3
SLAIN2	3
SIPA1	3
CCDC61	3
TOPORS	3
UBE2D1	3
CCDC97	3
ENSG00000262823	3
SNRPG	3
CENPX	3
RSPH14	3
ASIC1	3
RPAP3	3
ATP5MF	3
SLC26A2	3
CEND1	3
ADIPOR2	3
KAT14	3
KHK	3
CCDC57	3
MAMSTR	3
B3GNT4	3
PCDH20	3
FAM86B1	3
ATP1B1	3
RCN3	3
TSPAN5-DT	3
DOK2	3
CDAN1	3
PAQR9-AS1	3
SUSD3	3
OR7C1	3
PDCD6IP	3
SLC4A2	3
CCKBR	3
UBR7	3
SYNPO2	3
ZNF667	3
ENSG00000260588	3
GIMAP5	3
CCDC42	3
MAP3K11	3
PPFIBP2	3
RFC1	3
CLEC5A	3
MCM4	3
PDIK1L	3
TOX-DT	3
PCLAF	3
ENSG00000259118	3
SNX33	3
ZNF408	3
LINC02878	3
TMEM74B	3
INO80D-AS1	3
ENSG00000274204	3
TGFB1I1	3
BAHCC1	3
SLC4A7	3
ZNF668	3
ENSG00000240291	3
WDR19	3
SIN3B	3
TNFSF14	3
ENSG00000257449	3
DANT2	3
FAM111B	3
ENSG00000288716	3
KLHDC7B	3
DDX11-AS1	3
PSENEN	3
CCDC152	3
RGS14	3
KLF7-IT1	3
PPIEL	3
BMF	3
IRF1-AS1	3
SH3YL1	3
KCNAB1	3
EIF3J	3
ENSG00000270108	3
ENSG00000262482	3
ALS2CL	3
DKKL1	3
PKDCC	3
ENSG00000258666	3
MUC20	3
CD177	3
TNFRSF19	3
GKAP1	3
ZSCAN18	3
KIR2DL3	3
IQGAP2	3
GBAP1	3
SCN1B	3
ENSG00000230105	3
ENSG00000262198	3
CLDN7	3
LINC02362	3
IQGAP3	3
CCDC17	3
ENSG00000277369	3
KLF13	3
GALNT1	3
PTGES3	3
TYW3	3
LINC03014	3
RAB37	3
PLEKHA7	3
SLC25A42	3
PDZD8	3
NEUROD2	3
PLAC8	3
CPLX2	3
CAMTA2	3
NECAB2	3
AKAP5	3
FAM184B	3
USP31	3
CYP2A6	3
ENSG00000254343	3
ENSG00000290070	3
HOXA7	3
ENSG00000288767	3
SNX18	3
PPM1J	3
LINC00663	3
ENSG00000273448	3
ZNF763	3
NPIPB3	3
MZF1	3
DGKA	3
DPCD	3
REST	3
CARS2	3
PIGF	3
SELENBP1	3
PTPN23	3
JPH4	3
TALDO1	3
CCDC68	3
POLRMT	3
FLT1	3
CACNA2D3	3
FCRLA	3
SWSAP1	3
DNAJC12	3
ENSG00000289760	3
ENSG00000269688	3
CCDC74B	3
GPR65	3
E2F4	3
ENSG00000290922	3
FOXO3B	3
ANTKMT	3
ENSG00000276724	3
THRSP	3
ANKRD22	3
CHRNA5	3
PTPN1	3
RGL4	3
PYCARD	3
SLC4A1	3
ACP5	3
ENSG00000276449	3
ICAM4-AS1	3
PLEKHH3	3
ENSG00000289222	3
ENSG00000265179	3
GAU1	3
ENSG00000261472	3
TMC2	3
ENSG00000283633	3
NOC4L	3
PACSIN3	3
COX6B1	3
NUDT14	3
UCP3	3
MFSD1	3
RAB2A	3
TWF2	3
FNBP4	3
NNAT	3
ENSG00000235426	3
ENSG00000269139	3
RLBP1	3
RAB40A	3
ZNF354C	3
BRINP1	3
COQ8A	3
NUCB1-AS1	3
ACADVL	3
GALNT7-DT	3
LINC02367	3
SLC38A7	3
ENSG00000287973	3
ENSG00000290048	3
ENSG00000253645	3
ENSG00000266844	3
HERC5	3
CCDC149	3
TXNRD1	3
HAGLROS	3
ATG4B	3
CTXN1	3
PALM2AKAP2	3
MANSC1	3
PSG5	3
ENSG00000240521	3
CTR9	3
PCGF3-AS1	3
CLDN15	3
GFER	3
DENR	3
PBXIP1	3
ENSG00000273521	3
SFTA3	3
SNX2	3
BAIAP2L1	3
ZNF571-AS1	3
TMEM106A	3
ENSG00000268201	3
ABHD8	3
SOCAR	3
SASS6	3
PRRX1	3
UBAP2	3
MAP3K20	3
HTRA3	3
ENSG00000260495	3
ENSG00000277581	3
TRIM21	3
WDFY3-AS1	3
PALM3	3
EIF4H	3
CXCR4	3
LINC00350	3
CENPU	3
NR3C1	3
CD44	3
MKI67	3
PPP1CC	3
MARCHF9	3
AUNIP	3
SPRTN	3
ENSG00000267009	3
TNFRSF25	3
LINGO2	3
PPP2CA-DT	3
XRCC5	3
SLC25A1	3
ENSG00000289209	3
SIX6	3
SEPTIN7	3
TUBA3FP	3
STH	3
RANBP3L	3
ENSG00000288802	3
CCN1	3
LTBP2	3
ITGA1	3
RAD18	3
KPNA4	3
COA8	3
GTSF1	3
AP3D1	3
PPP1R3B	3
SLC25A15	3
LINC01152	3
ENSG00000271743	3
MPHOSPH6-DT	3
ENSG00000272163	3
TLCD3A	3
SERPINB10	3
ZW10	3
MRPS36	3
ENSG00000228401	3
HENMT1	3
METTL26	3
PEX5	3
ENSG00000267560	3
CASKIN2	3
ENSG00000289520	3
TNFRSF10C	3
ZNF630	3
ZSWIM8	3
CRTAM	3
POLR3GL	3
TATDN2	3
VRK1	3
ENSG00000255314	3
ENSG00000278266	3
ENSG00000291290	3
ENSG00000267563	3
ENSG00000265342	3
TTC3-AS1	3
APBA3	3
C15orf48	3
IMMT	3
SPOCD1	3
SHC1	3
CXCL12	3
MASP1	3
ANAPC16	3
ATP2B1	3
ENSG00000268056	3
INTS6L	3
OXR1	3
ENSG00000251455	3
OXSM	3
LINC02232	3
CEMIP2	3
APOBEC3G	3
CCNB2	3
ENSG00000230322	3
PRSS53	3
KCNRG	3
ENSG00000275576	3
ENSG00000267234	3
ENSG00000259532	3
PES1	3
SLC39A10	3
RBM43	3
SBSN	3
ZNG1E	3
ENSG00000273064	3
LINC02019	3
ENSG00000286613	3
ENSG00000260401	3
IKBKB	3
CAMK4	3
NDE1	3
SHLD2	3
ZDHHC2	3
GRAMD2B	3
ENSG00000270159	3
CNN1	3
SEC23B	3
ADAT1	3
CDH8	3
PRPSAP1	3
HDX	3
NLGN4X	3
FAM66A	3
NR3C2	3
PROSER3	3
TYSND1	3
ENSG00000258843	3
ENSG00000269993	3
ENSG00000288608	3
IGLL5	3
CAPN1	3
SF3B3	3
STMN2	3
TENT4B	3
ENSG00000262003	3
HSPB6	3
CHMP3	3
GALNT2	3
PRB3	3
TMEM45B	3
CATSPER2P1	3
DUSP6	3
VSIG10L	3
CCDC115	3
CRMA	3
RN7SL832P	3
ENSG00000254606	3
AMFR	3
HES6	3
LINC02517	3
ENSG00000289259	3
TMSB10	3
PSMC4	3
NBR1	3
TCEAL2	3
ENSG00000266171	3
ENSG00000232986	3
ENSG00000288095	3
SSC5D	3
PKN2	3
GCN1	3
GOLPH3	3
SCD5	3
ENOX1-AS2	3
ENSG00000261327	3
BAZ2B-AS1	3
ENSG00000267683	3
ZNF750	3
GP6-AS1	3
ENSG00000263990	3
SURF4	3
TMEM258	3
IK	3
KARS1	3
FNTA	3
ST8SIA5	3
UBE2Q2P1	3
LILRA4	3
GEMIN7-AS1	3
SIGLEC10	3
RETREG3	3
NIPAL1	3
SELENOM	3
RPL29	3
ZMYND19	3
QSOX2	3
ENSG00000250838	3
UBXN2B	3
ARL8B	3
CFAP300	3
ENSG00000288942	3
SMAD5-AS1	3
KCNN4	3
PAM16	3
LILRA5	3
KNDC1	3
DDX47	3
ENSG00000250790	3
SIX1	3
CLCF1	3
CAMK2A	3
HEPHL1	3
APOBEC3A	3
NPTX1	3
LINC02913	3
ENSG00000290075	3
DNAJB13	3
ESRRA	3
LRRC57	3
PLXNB3-AS1	3
ENSG00000262147	3
MIR493HG	3
SNX5	3
ENSG00000286380	3
URAHP	3
ANKRD62P1-PARP4P3	3
TMEM147-AS1	3
ENSG00000278713	3
LRRC56	3
ENSG00000226239	3
ENSG00000287322	3
TCP11L1	3
MILR1	3
APOC1	3
CBX7	3
SOHLH1	3
EPC1	3
GPATCH1	3
JADE2	3
ENSG00000266654	3
ENSG00000268896	3
ENSG00000271797	3
C1orf220	3
ENSG00000286478	3
SNHG30	3
RSF1-IT1	3
ENSG00000289395	3
NLRX1	3
ENSG00000266840	3
ENSG00000268947	3
CHRFAM7A	3
MRPS16	3
ENSG00000228386	3
SLC25A11	3
C1QC	3
BTNL9	3
UBXN4	3
ENSG00000291003	3
PIK3R1	3
CKM	3
PICK1	3
CSNK1G2	3
ENSG00000289015	3
ZFP36L2	3
SNX16	3
FOSL1	3
PCSK4	3
ENSG00000259481	3
ENSG00000225303	3
ENSG00000282876	3
ENSG00000286018	3
CDR2L	3
PEA15	3
ATL1	3
C14orf132	3
MAN1A2	3
ENSG00000251679	3
ENSG00000269296	3
NAALADL1	3
MC1R	3
KIR2DL1	3
KCNB2	3
BCL3	3
ENSG00000289217	3
HLCS-AS1	3
DNAJB7	3
ABCD4	3
ENSG00000234943	3
CYP4F22	3
ENSG00000288719	3
ENSG00000275734	3
ENSG00000289151	3
DUBR	3
MYBPC1	3
GALP	3
ENSG00000274492	3
RPS6KB1	3
SNRPA1	3
ZC3H13	3
ZNF573	3
MTMR1	3
RANGRF	3
MDM2	3
STRN	3
ENSG00000287023	3
ZBTB4	3
PLAC9	3
ABHD4	3
GATA2	3
ENSG00000289394	3
RFPL1S	3
DERL3	3
ENSG00000286975	3
FAM157C	3
CLEC4E	3
TTC32-DT	3
LPIN1	3
NPLOC4	3
CCDC102B	3
CHGA	3
ZBTB47	3
ENSG00000272872	3
HMX1	3
ZDHHC11B	3
LRRC37A2	3
ENSG00000291166	3
MIR3147HG	3
RERG-IT1	3
ENSG00000255467	3
ENSG00000287286	3
ENSG00000285830	3
GLIPR1L1	3
EEF1B2	3
ENSG00000289627	3
CAMLG	3
ENSG00000289530	3
CPSF6	3
RABL3	3
GATD1	3
CCDC7	3
RNF149	3
GOLGA6L10	3
ADH1B	3
MFSD12	3
EPC1-AS1	3
NDNF	3
HOXB1	3
IRF2BPL	3
EXOSC6	3
ENSG00000285770	3
ENSG00000277491	3
SFRP4	3
SOCS2	3
PIF1	3
ERVW-1	3
DUSP2	3
BDNF	3
ADAMTSL2	3
AKIRIN1	3
DCLRE1B	3
RNPEP	3
NKIRAS1	3
NUDT8	3
ENSG00000272941	3
IGSF5	3
LAMB3	3
RBM5-AS1	3
PCDH19	3
ENSG00000266378	3
ENSG00000286067	3
C1GALT1C1L	3
ENSG00000274798	3
ASAH1-AS1	3
SPDYE12	3
MKS1	3
ENSG00000235445	3
SDF2L1	3
DDX51	3
ENSG00000269318	3
ENSG00000288996	3
ENSG00000289417	3
ENSG00000272799	3
ENSG00000287527	3
RGS20	3
ZNF513	3
SYT3	3
ZBTB39	3
GPRASP3	3
ICA1-AS1	3
CCNO	3
WDR24	3
MRE11	3
SCAMP1	3
CYP4F12	3
PCDH9-AS4	3
MRPL17	3
NAA80	3
CYGB	3
MRPL40	3
TCAF1	3
ENSG00000262265	3
ENSG00000250098	3
ENSG00000255206	3
ENSG00000289866	3
ENSG00000254812	3
ENSG00000287710	3
ENSG00000265287	3
ENSG00000250670	3
MAFK	3
CEP126	3
LTN1	3
PCSK1N	3
DNAAF4	3
NKX6-2	3
MCM7	3
ENSG00000287419	3
C9orf24	3
PRPF19	3
TCERG1	3
ATOSA	3
LINC01619	3
LINC02268	3
PMM1	3
PPP6R3	3
OXNAD1	3
GRB10	3
RCAN3	3
PEG10	3
ZC3H10	3
SPTBN1-AS1	3
ENSG00000277534	3
ENSG00000255384	3
ENSG00000282121	3
MBNL1-AS1	3
NSMF	3
ARRDC1	3
ADM	3
ENSG00000277152	3
ENSG00000269356	3
ENSG00000287990	3
H2BC18	3
DUSP13	3
FAIM2	3
NAB2	3
CXCR6	3
ENSG00000272144	3
CSF1R	3
ENSG00000288915	3
TMC8	3
ENSG00000271933	3
ENSG00000277879	3
BCKDK	3
ERICH6-AS1	3
SMG8	3
ENSG00000253389	3
ENSG00000251139	3
MATN2	3
ITGB8	3
HBEGF	3
ADRB2	3
SPRED1	3
RPP30	3
HAP1	3
TSC2	3
PKD1	3
MEPCE	3
ENSG00000267096	3
ENSG00000271862	3
CENATAC-DT	3
TBCK	3
ENSG00000286388	3
NUDT9	3
SUOX	3
ZNF837	3
NDRG4	3
AGAP1-IT1	3
ZNF583	3
PLP1	3
SIDT1-AS1	3
SLC25A30-AS1	3
RADX	3
ORM1	3
ENSG00000290399	3
ATP6V0C	3
UNC45A	3
ENSG00000263393	3
SERPING1	3
CYB5R1	3
SERINC4	3
ERICH5	3
ENSG00000273474	3
ELANE	3
RHPN1	3
ENSG00000286855	3
TMEM71	3
EDRF1	3
ENSG00000260832	3
OXLD1	3
GNAL	3
CLDN5	3
BLNK	3
PTPRF	3
LDLRAD4-AS1	3
PKD1L2	3
PCNT	3
TNFRSF1A	3
IGHM	3
ENSG00000213600	3
ENSG00000279342	3
CD226	3
IUR1	3
ARPC2	3
PPP5C	3
SSU72	3
AEBP1	3
NAA38	3
ENSG00000236498	3
ENSG00000237324	3
RPS6KB2	3
NCOA4	3
ARHGEF18	3
ITGAM	3
ENSG00000288880	3
CYB561D2	3
TMX3	3
SPEF1	3
FAM66D	3
ACP4	3
ART3	3
ENSG00000235066	3
ENSG00000286689	3
PSMG3-AS1	3
SARS1	3
ENSG00000230569	3
ZCCHC3	3
BRAT1	3
PLD2	3
COQ7-DT	3
ENSG00000270019	3
ENSG00000259563	3
SCNN1A	3
ENSG00000261019	3
LINC00649	3
ESRP1	3
LINC01303	3
UBE2Q1	3
RPH3AL	3
FZD4	3
TMEM30B	3
ENSG00000289196	3
SLC22A14	3
ZC2HC1C	3
SMTNL2	3
ENSG00000250001	3
FUCA1	3
ENSG00000280273	3
ENSG00000263321	3
ENSG00000286918	3
CCNL2	3
UBE2F	3
DLST	3
CCDC169	3
LNX2	3
LGALSL	3
GLRX2	3
SCN2B	3
MARCHF7	3
EGLN1	3
PKP2	3
ENSG00000247765	3
MAB21L1	3
CPXM1	3
PCDHGA8	3
MFN2	3
ENSG00000291252	2
EIF5A2	2
ENSG00000256341	2
IL10	2
POU2F1-DT	2
LINC00665	2
ENSG00000268583	2
TLNRD1	2
CLEC4G	2
LINC01091	2
PTPRN2-AS1	2
CERS6	2
PXK	2
FAM174A-DT	2
PSD4	2
ENSG00000250541	2
GDF6	2
ENSG00000289284	2
ENSG00000267027	2
ENSG00000179066	2
CASP2	2
AKR1C2	2
LINC02408	2
ZNF79	2
ENSG00000230676	2
LINC01764	2
CSTL1	2
C5orf46	2
GPAA1	2
LINC01978	2
TENT4A	2
ENSG00000256314	2
ENSG00000286781	2
ABCA12	2
CATSPERZ	2
ENSG00000273300	2
PNP	2
RAI2	2
ZFP91	2
NR1D1	2
PTHLH	2
ENSG00000286650	2
TMEM31	2
PLXNA4	2
ZNF664	2
ITIH5	2
ENSG00000241770	2
ENSG00000271555	2
CD300E	2
NUMBL	2
GABPB1	2
ENSG00000285884	2
LINC00960	2
DCN	2
IRF2BP1	2
MROH1	2
ADO	2
IARS2	2
MARCHF10-DT	2
EFCAB2	2
ENSG00000261094	2
COMP	2
TMTC3	2
AGPS	2
MAP3K2	2
COL18A1	2
ENSG00000228779	2
ADPRHL1	2
UCHL5	2
NEMP2	2
ENSG00000268649	2
ENSG00000254938	2
IMMP1L	2
MTX2	2
ENSG00000230333	2
KCNG2	2
FOXF1	2
ENSG00000277218	2
PDCD6-DT	2
PGPEP1	2
PLOD1	2
ENSG00000287166	2
CDH13-AS1	2
ACP3	2
LINC01485	2
CDIN1	2
FOXP1-AS1	2
ENSG00000288757	2
RFESD	2
NOSIP	2
DEFA3	2
MRPL11	2
CLC	2
ZMAT5	2
TF	2
CASTOR3P	2
THNSL1	2
ENSG00000285644	2
CD36	2
MRPL20	2
ENSG00000286561	2
C5orf63	2
LINC00705	2
ENSG00000286341	2
ENSG00000225112	2
YWHAEP7	2
CLDN10	2
ENSG00000287164	2
POU5F1B	2
ENSG00000289521	2
FHOD1	2
ENSG00000269921	2
E2F1	2
ENSG00000272669	2
ENSG00000266014	2
ENSG00000260997	2
ENSG00000268659	2
BRD3OS	2
ENSG00000272986	2
KLHL42	2
ENSG00000260368	2
ENSG00000284391	2
ENSG00000224091	2
CCDC8	2
CST6	2
RFPL4A	2
ADAL	2
KIR2DS4	2
FGR	2
RIMKLA	2
ENSG00000254431	2
GARS1-DT	2
CCRL2	2
SOX5	2
ZNF621	2
ENSG00000234425	2
WASF2	2
ENSG00000287001	2
RFXANK	2
COA7	2
STAC3	2
ENSG00000266667	2
KCNJ16	2
KRTAP21-3	2
RPL39L	2
TLR6	2
ZNF737	2
UNC5C-AS1	2
CD14	2
YIF1A	2
LINC01543	2
U2SURP	2
ZNF10	2
ENSG00000251412	2
ENSG00000259564	2
CEACAM4	2
ZNF107	2
GNG7	2
AHCYL1	2
WNK2	2
NUTF2	2
ADSS2	2
FCRL5	2
ARL8A	2
SGPL1	2
HEPACAM2	2
PRAP1	2
GRK4	2
TMCO6	2
ARHGEF33	2
EGR1	2
ENSG00000250129	2
ENSG00000258857	2
ENSG00000250781	2
ENSG00000263709	2
ENSG00000259345	2
ENSG00000272983	2
LHX1	2
LINC02904	2
ENSG00000279932	2
PHKA2-AS1	2
TMEM167B	2
PSME3	2
ENSG00000273855	2
LINC02652	2
C1orf54	2
ENSG00000275332	2
KLF3-AS1	2
SPESP1	2
YIPF7	2
ITGB1-DT	2
ENSG00000275854	2
CCDC82	2
B4GALT1	2
NCBP1	2
LINC02978	2
FRAT1	2
TAF12	2
ADD1	2
LINC02830	2
TSIX	2
AATK	2
PNCK	2
ENSG00000255928	2
QSOX1	2
PNOC	2
KPNA1	2
MMP8	2
UCA1	2
ENSG00000267174	2
ASPHD1	2
FGF14	2
ENSG00000290111	2
STRIP1	2
TLR3	2
ENSG00000289471	2
ENSG00000285936	2
ENSG00000258026	2
FAM83E	2
LOH12CR2	2
ENSG00000277938	2
SATB2	2
SACS	2
PROCR	2
ENSG00000234630	2
SYNM-AS2	2
HYAL3	2
TRPV3	2
ENSG00000286226	2
ETNK1	2
DHRS11	2
PRR5L	2
TRAF1	2
ITGB6	2
CARS1	2
RBM41	2
ZDHHC22	2
COCH	2
SLC38A9	2
P2RX7	2
ENSG00000267672	2
ENSG00000290600	2
SPRYD3	2
KLHL18	2
LILRB1	2
ENSG00000249713	2
NBEAL2	2
OLAH	2
ENSG00000263916	2
ENSG00000275413	2
ELMO3	2
ENSG00000257176	2
GPRIN3	2
PABPC1	2
ENSG00000236457	2
RHEBL1	2
ST18	2
DRAP1	2
ENSG00000290084	2
ODF3	2
GRASLND	2
ENSG00000249877	2
VWDE	2
OR4F6	2
ZNF208	2
ENSG00000291099	2
LMO4	2
GBE1	2
PTMS	2
CELF2-AS2	2
ENSG00000279249	2
LINC01117	2
LINC01088	2
RAG1	2
ENSG00000287099	2
ENSG00000287117	2
CKAP5	2
IGLC3	2
FHOD3	2
ENSG00000267504	2
NOVA1	2
TMLHE-AS1	2
NDC80	2
ENSG00000290427	2
ENSG00000279548	2
GOLGA8O	2
ENSG00000288861	2
ENSG00000289371	2
OSBPL2	2
LATS2-AS1	2
RINT1	2
ENSG00000288662	2
CABP1	2
RD3L	2
DMRTA1	2
PTTG1	2
ENSG00000276384	2
ENSG00000289606	2
ENSG00000223911	2
TWF1	2
ZNF786	2
ENSG00000271795	2
PIGN	2
SMG9	2
ENSG00000286894	2
TMEM161B	2
TRMT10B	2
ENSG00000248896	2
ZNF8	2
ENSG00000287195	2
TM7SF3	2
SLC30A4-AS1	2
ENSG00000278472	2
SMG1	2
MESD	2
PPAT	2
CYP27C1	2
ENSG00000287945	2
SURF6	2
VPS37A	2
ENSG00000287635	2
FAH	2
NXPH4	2
SLC7A9	2
TLCD5	2
MSANTD2-AS1	2
SIK1	2
ENSG00000289469	2
PPP2R1A	2
LINC01234	2
CDK4	2
ALG12	2
GATA1	2
SEC24C	2
ENSG00000290457	2
MIR4458HG	2
ENSG00000235415	2
PCGF6	2
ENSG00000260719	2
ENSG00000247934	2
ENSG00000237531	2
ENSG00000262732	2
ENSG00000274460	2
C2CD5	2
LOX	2
RCBTB2	2
ENSG00000262703	2
ENSG00000270016	2
TXNDC11-AS1	2
DNAH3	2
DTX3L	2
WASHC5	2
LINC00824	2
MRC2	2
LINC00623	2
TEDC2-AS1	2
HMCES	2
ENSG00000289393	2
IZUMO1	2
RNF123	2
TPX2	2
MMP14	2
LINC00404	2
AMN	2
ENSG00000271732	2
MNDA	2
EGR3	2
PALM	2
ENSG00000267749	2
ENSG00000275630	2
MYO3B	2
SSUH2	2
CXXC4-AS1	2
LIG3	2
ENSG00000268027	2
ENSG00000235939	2
RAB9B	2
RNF32	2
HAGHL	2
ENSG00000272449	2
TSR1	2
ANKRD42-DT	2
ENSG00000288819	2
NADK2	2
RIMS3	2
DIO3OS	2
MYH15	2
FAM86B2	2
ENSG00000253961	2
ASPDH	2
UBA3	2
CCDC71L	2
GET3	2
MEF2D	2
ENSG00000260111	2
HEMK1	2
GPIHBP1	2
MRPS28	2
CD99P1	2
PRSS30P	2
TGIF1	2
BCDIN3D	2
CFAP119	2
ENSG00000287637	2
MAPK1IP1L	2
ERBB2	2
RACK1	2
CHD3	2
CD99L2	2
ENSG00000288807	2
ENSG00000290573	2
TMED1	2
MGAT4B	2
BTLA	2
CAAP1	2
MCF2L2	2
TOMM5	2
WDR77	2
SIKE1	2
IGSF8	2
TCTN2	2
NBPF10	2
ATP1B3-AS1	2
SLC35G1	2
ENSG00000251076	2
ABHD15	2
PAQR5	2
LRFN4	2
ENSG00000273733	2
ARHGAP11B-DT	2
PDCD10	2
PLOD3	2
ENSG00000263923	2
TP73	2
LRP1	2
ERGIC1	2
AP4B1	2
VSIG8	2
CEP104	2
ENSG00000287216	2
LIMS3	2
ENSG00000287121	2
ENSG00000286862	2
LARP7	2
ENSG00000241577	2
ENSG00000286990	2
LINC01535	2
BCL6B	2
ENSG00000234393	2
ZNF800	2
TPRG1-AS1	2
RIPOR1	2
ENSG00000289036	2
SPANXB1	2
ENSG00000272396	2
ENSG00000285696	2
PCDH11X	2
MIRLET7IHG	2
TMEM183A	2
NEK2	2
BID	2
ENSG00000266126	2
LINC00621	2
ARHGEF26-AS1	2
C17orf100	2
HOMEZ	2
TH2LCRR	2
AMPD2	2
ENSG00000291219	2
PLCD3	2
TRMT2B-AS1	2
PIEZO2	2
CLYBL-AS2	2
LINC00659	2
ITSN1	2
RHOXF1P3	2
ZNF471	2
JMY	2
FAN1	2
ENSG00000278017	2
SLC35B4	2
ENSG00000289890	2
ASB10	2
ENSG00000274667	2
ENSG00000259442	2
IL31RA	2
DNAJC27	2
PRCD	2
ENSG00000276698	2
KDM1A	2
ING2-DT	2
LRRC75B	2
LCN8	2
ENSG00000228634	2
CHILL1	2
ENSG00000276809	2
ENSG00000289977	2
HTR3A	2
LINC01215	2
LIMS4	2
KDM5B	2
LINC03011	2
ENSG00000228470	2
COA5	2
MYOZ2	2
ENSG00000258168	2
ENSG00000230684	2
ENSG00000270137	2
INSIG1	2
RUNX3	2
LINC00865	2
ENSG00000259773	2
DRC7	2
MAGI1-IT1	2
ENSG00000230063	2
ENSG00000286681	2
ZNF35	2
ENSG00000285649	2
C11orf65	2
EFCAB8	2
ENSG00000224216	2
GARIN5A	2
ELOA2	2
MAGI2	2
NOD2	2
ENSG00000261253	2
ENSG00000289034	2
GOLGA8H	2
ENSG00000268509	2
PRDM11	2
ABLIM3	2
STX6	2
ENSG00000287511	2
PTOV1-AS2	2
MS4A6E	2
GALNT11	2
FAM86DP	2
DOCK8-AS2	2
ENSG00000290040	2
ENSG00000289507	2
FBXL14	2
ENSG00000290856	2
TSPOAP1-AS1	2
LARGE1	2
QPCTL	2
ENSG00000287271	2
CENPB	2
EDRF1-DT	2
COL6A3	2
L1CAM	2
SH3RF2	2
H3Y1	2
ZMPSTE24-DT	2
RNASE10	2
LINC01571	2
TM2D1	2
SULT1A2	2
NRAS	2
LAMA5-AS1	2
HNRNPK-AS1	2
CSNK1E	2
PHC1	2
HM13-IT1	2
CD9	2
ENSG00000286154	2
ABCA9-AS1	2
LINC00886	2
TBC1D2	2
CHRM5	2
NR4A1	2
SIRPD	2
SLC16A8	2
BTBD10	2
hsa-mir-423	2
ALAS1	2
SPDYE2B	2
MCM5	2
UNG	2
CCDC180	2
ANKS1B	2
ENSG00000264705	2
PPP1R12C	2
DNAL1	2
GAREM1	2
ENSG00000233538	2
MAGEA11	2
EDNRB-AS1	2
MCM6	2
ENSG00000254099	2
NBEA	2
TSC22D1-AS1	2
ENSG00000229160	2
DOK5	2
C8orf76	2
VAC14	2
SOX1	2
NAT10	2
ENSG00000267924	2
GPN1	2
A2M	2
ENSG00000286108	2
CKAP2-DT	2
ENSG00000283647	2
C1QTNF9	2
ACO1	2
LINC01905	2
GJB6	2
DIRAS2	2
ENSG00000273254	2
ENSG00000277545	2
FARP1-AS1	2
LUC7L	2
KCNC3	2
POSTN	2
GPI	2
ARGLU1	2
SLC35F5	2
ENSG00000267247	2
ENSG00000289900	2
PCSK2	2
LINC01290	2
ZBTB20-AS1	2
LINC01460	2
MPRIP-AS1	2
GSEC	2
SYNM-AS1	2
ENSG00000290999	2
RNF32-DT	2
DOCK8	2
SLC1A6	2
GPR156	2
RORA	2
CRYBG2	2
ENSG00000257027	2
TRA2A	2
LINC00310	2
CXXC5	2
CHD2	2
ZNF83	2
VEGFC	2
C2orf73	2
FMN1	2
KIF2C	2
LINC00938	2
TIMMDC1	2
ENSG00000225519	2
C19orf53	2
URB1-AS1	2
NEK9	2
ENSG00000291055	2
ENSG00000228368	2
PTH1R	2
IL3RA	2
FCGR2C	2
DOK6	2
ENSG00000287663	2
ENSG00000283982	2
THSD7B	2
ENSG00000241054	2
CCR10	2
TLE6	2
CCDC78	2
DEFA1	2
LINC02616	2
PILRA	2
RAB31	2
ENSG00000264558	2
ANGPTL5	2
MS4A4E	2
ITGAX	2
ENSG00000257475	2
ENSG00000244953	2
PSMD5	2
EMC3	2
IGLL1	2
ANP32E	2
CCS	2
ENSG00000287169	2
ENSG00000271327	2
ZFPM1-AS1	2
SYT8	2
ENSG00000249309	2
ANXA11	2
SIRT4	2
IPO5	2
ENSG00000285043	2
ENSG00000269148	2
ENSG00000188897	2
ENSG00000290755	2
LINC02853	2
PRR13	2
SMAD1-AS1	2
CHRDL2	2
FPGS	2
ENSG00000233571	2
PCDHB14	2
C2CD4D-AS1	2
SPIN4-AS1	2
CLSTN3	2
BECN1	2
TRG-AS1	2
CERNA2	2
ENSG00000276250	2
GOLM1	2
ENSG00000269125	2
ENSG00000273891	2
XCL1	2
SLC6A7	2
EXD3	2
ZNF507	2
TBRG1	2
ENSG00000253671	2
NDUFA4L2	2
KCNMA1-AS3	2
AKAP10	2
CATSPER2	2
ABCC13	2
SPICE1	2
ENSG00000265443	2
IL6	2
PCNX3	2
GC	2
EPO	2
FAM153A	2
NDUFS2	2
KYAT3	2
NTSR1	2
ENSG00000289054	2
ENSG00000259735	2
TNIP1	2
TIGIT	2
PYHIN1	2
VCAN-AS1	2
ADAM28	2
ENSG00000262211	2
CD1E	2
SOX6	2
ENSG00000272046	2
VAV3	2
ARMC6	2
ENSG00000285957	2
ENSG00000261810	2
SLC12A8	2
ZNF823	2
JAK3	2
NUF2	2
EMILIN2	2
AMPD3	2
GBP5	2
COX19	2
NCS1	2
AGAP3	2
LINC00707	2
ENSG00000232271	2
GSR	2
AHR	2
ZNF100	2
ELF3	2
RAB4A	2
AMIGO2	2
TRIT1	2
MXD4	2
KCNMA1-AS2	2
ENSG00000248458	2
ENSG00000288067	2
ENSG00000272650	2
PHF20L1	2
STK10	2
PTGFR	2
GPR176	2
ENSG00000228427	2
ENSG00000255438	2
LUNAR1	2
GRK5-IT1	2
PARD6G	2
ENSG00000288844	2
SHPK	2
ENSG00000250685	2
ENSG00000224649	2
TGFB2-AS1	2
ENSG00000291079	2
ENSG00000265750	2
ENSG00000286835	2
ATXN1L	2
MYOSLID	2
NCF1B	2
ENSG00000267650	2
UBOX5-AS1	2
LINC02982	2
ENSG00000237903	2
HOXC13	2
ENSG00000272625	2
ENSG00000253722	2
EOLA2-DT	2
ENSG00000269066	2
NFIB-AS1	2
TULP2	2
CD300LB	2
ENSG00000255455	2
ZNF689	2
ACBD5	2
ENSG00000236308	2
ZNF841	2
GNL3L	2
ENSG00000269194	2
SLC16A11	2
DLX2	2
LINC01099	2
GLT8D1	2
VWA2	2
ENSG00000270956	2
ENSG00000271771	2
PRXL2B	2
N4BP3	2
PEX11B	2
CXCL11	2
TRBJ2-7	2
PLAC1	2
ENSG00000203327	2
FAM245A	2
CREB3L4	2
ENSG00000286409	2
KTI12	2
ENSG00000290028	2
SLC28A2	2
ENSG00000290884	2
SEPTIN5	2
ENSG00000288848	2
VANGL1	2
ENSG00000254261	2
CR1L	2
ENSG00000269950	2
LASTR	2
ENSG00000272043	2
CBLN1	2
ANKRD9	2
NIPAL4-DT	2
PCDHB3	2
LINC02731	2
ZNF747	2
ELOC	2
KLRG1	2
ENSG00000286948	2
PKN2-AS1	2
ENSG00000276663	2
ENSG00000282386	2
CLDND1	2
PPP1R17	2
IGFBP7-AS1	2
EXOSC4	2
ENSG00000227253	2
ENSG00000286379	2
CFAP46	2
PCDHGA4	2
ENSG00000289010	2
CNTNAP2	2
ENSG00000291176	2
ANKRD46	2
ZNF552	2
ENSG00000277342	2
TSTD2	2
SPSB2	2
CYTH4	2
HHLA3	2
RAB11FIP1	2
ENSG00000287046	2
ENSG00000289029	2
MRPS35-DT	2
SMIM15	2
MTMR11	2
ENSG00000271882	2
ADM-DT	2
ENSG00000255015	2
SLC6A15	2
TOP3B	2
LINC00676	2
MSMP	2
PIGZ	2
ENSG00000288897	2
MND1	2
LINC00545	2
ENSG00000288723	2
ENSG00000267039	2
ENOPH1	2
HGS	2
ENSG00000253583	2
FOCAD-AS1	2
ENSG00000287478	2
ENSG00000288691	2
MINAR1	2
MKRN2OS	2
LINC02276	2
ENSG00000270139	2
ENSG00000258437	2
LIPC	2
POLD1	2
ENSG00000275516	2
YARS2	2
SOX21-AS1	2
CSRP3-AS1	2
ENSG00000249111	2
BCL2L10	2
DTX4	2
MYO18A	2
COL5A2	2
ADSL	2
GAGE2A	2
LINC00543	2
NOX5	2
LINC01116	2
ENSG00000272948	2
ENSG00000289241	2
NMRK2	2
LPIN3	2
CEACAM6	2
IER5	2
CPSF1	2
PKHD1L1	2
ENSG00000259756	2
TESMIN	2
GRP	2
ENSG00000289373	2
WFDC1	2
ENSG00000263220	2
SPON1-AS1	2
TTC23-AS1	2
ENSG00000287901	2
ENSG00000251034	2
RIPOR3	2
SHISA7	2
CEP295NL	2
PCDHGA5	2
ZACN	2
IMPDH1	2
ENSG00000226756	2
KLHL33	2
NKAPD1	2
ENSG00000238102	2
ENSG00000253347	2
PCDHB6	2
ENSG00000289862	2
GALNT3	2
MMP26	2
ENSG00000287619	2
ENSG00000255201	2
PITPNM2-AS1	2
ACSM1	2
ODF2-AS1	2
ENSG00000259138	2
ENSG00000285672	2
ENSG00000267108	2
ENSG00000258699	2
SLC49A3	2
MNT	2
ENSG00000251314	2
KLF11	2
KCNJ12	2
ENSG00000260086	2
MIR302CHG	2
UBE2B	2
SMIM10L2B	2
ENSG00000267786	2
ENSG00000213279	2
ENSG00000234203	2
LRIT3	2
RNASE1	2
PTPRH	2
ENSG00000285675	2
IGHV1OR15-6	2
ENSG00000260661	2
ZNF324B	2
TTC7B-AS1	2
ENSG00000228107	2
ENSG00000288538	2
FEM1A	2
ENSG00000267366	2
FAM90A26	2
KCNQ2	2
ZNF839	2
ATP5F1B	2
LINC00638	2
PNMA2	2
GCOM1	2
ENSG00000283103	2
ZNF836	2
ENSG00000289888	2
IGKV3-15	2
R3HDM2-DT	2
ENSG00000286429	2
FBXO40	2
ENSG00000288736	2
ENSG00000270072	2
ENSG00000288945	2
B3GALNT2	2
S100A10	2
ZNF606	2
IL34	2
PRKCQ-AS1	2
ENSG00000287868	2
HFM1	2
ENSG00000287585	2
ENSG00000289965	2
VN1R1	2
MYL2	2
ENSG00000267282	2
GAMT	2
SPATA22	2
SPDYE21	2
LTF	2
ENSG00000214559	2
AP1G1	2
ENSG00000269807	2
CIART	2
HMMR	2
GCH1	2
LINC00671	2
MCOLN1	2
CYYR1-AS1	2
ENSG00000286128	2
TMEM208	2
MED9	2
LINC03016	2
ZNF320	2
FBXO21	2
HDAC6	2
PDAP1	2
ENSG00000264304	2
PLET1	2
DSEL	2
NUP188	2
ENSG00000267682	2
ENSG00000289028	2
HOXA10-AS	2
ST7-OT4	2
TAB1	2
ENSG00000250057	2
ATP6V0E2-AS1	2
FAM98B	2
PCP2	2
APOL5	2
BBC3	2
ENSG00000286212	2
STEAP1	2
ENSG00000290404	2
ENSG00000288019	2
GOSR2-DT	2
NHIP	2
RPGR	2
LINC01353	2
ALKBH7	2
NDNF-AS1	2
ENSG00000279467	2
CXCR5	2
CEACAM3	2
PPP4R3C	2
MALRD1	2
PDGFD	2
ENSG00000275636	2
ALDH1A3	2
OR5C1	2
ENSG00000227076	2
ENSG00000254162	2
SLC27A1	2
ENSG00000270059	2
STYXL2	2
ENSG00000259402	2
ENSG00000287560	2
ZNF514	2
ENSG00000289523	2
MAGEB1	2
ZNF418	2
RAVER1	2
LINC01423	2
CNOT11	2
CYP4F26P	2
ENSG00000268401	2
BDNF-AS	2
ENSG00000254251	2
ENSG00000289144	2
TNFSF12	2
CAPNS2	2
PYGM	2
CFAP95	2
ADH1C	2
PRICKLE2-AS2	2
MBTPS2	2
ENSG00000288947	2
SUSD5	2
TNFAIP1	2
TWIST2	2
ENSG00000265791	2
ENSG00000286688	2
PNPLA5	2
ENSG00000290900	2
ENSG00000290579	2
ARAP1	2
CLXN	2
JAKMIP1	2
TRAF6	2
TSPEAR-AS2	2
WDR5B-DT	2
CTU1	2
SREBF1	2
CRMP1	2
CLNK	2
SF1-DT	2
SUPT4H1	2
ZFP82	2
SOWAHA	2
SLC7A2	2
GTPBP1	2
ENSG00000261630	2
ENSG00000250081	2
CHPF2	2
JAG1	2
ENSG00000232590	2
MROH8	2
CSPG4	2
TEC	2
EPB41L4A	2
WNT3	2
HOOK2	2
ALKBH8	2
CERCAM	2
PAPSS2	2
C5	2
MARK3	2
MATCAP2	2
KMT2D	2
ADGRE2	2
ENSG00000266237	2
CAMK2B	2
SENP3	2
OGN	2
PRKCG	2
SLC25A40	2
POLR2G	2
ENSG00000273248	2
POFUT1	2
ENSG00000267260	2
ENSG00000260400	2
GPR158	2
SPATA5L1	2
ACBD7	2
FAM114A1	2
MARS1	2
FAM53A	2
ASF1B	2
FGF14-IT1	2
ENSG00000226890	2
HOXA1	2
TXLNG	2
GRIN3A	2
ENSG00000262172	2
MED4-AS1	2
COL27A1	2
ZNF189	2
ENSG00000283458	2
HOXC-AS1	2
DACH2	2
CCDC113	2
CTBP1-DT	2
ST6GALNAC1	2
LIN54	2
LINC00571	2
DIPK1C	2
ELOVL7	2
ANKDD1B	2
ENSG00000290977	2
HIC2	2
ENSG00000260350	2
ENSG00000225450	2
NPIPB6	2
LINC01963	2
OPA3	2
SUPT7L	2
COL2A1	2
CLIP3	2
ZBTB5	2
PDCL	2
ENSG00000285560	2
FER1L6-AS2	2
TGFBR1	2
LILRA6	2
SERHL2	2
C10orf88	2
ENSG00000284966	2
ENSG00000274363	2
CCDC136	2
SULF2	2
ENSG00000262899	2
MTG2	2
ENSG00000260814	2
ASPG	2
JADE1	2
STX10	2
GLIPR2	2
SPANXA2-OT1	2
MGC15885	2
ZC3H12C	2
RBP4	2
ZNF609	2
SAPCD2	2
ADRB1	2
BAAT	2
HEPACAM	2
AP2A1	2
NCOA6	2
L2HGDH	2
ENSG00000285740	2
SLC25A29	2
MLC1	2
CCDC178	2
CIZ1	2
ZCWPW1	2
SFT2D3	2
C9orf40	2
RPRD1B	2
ZNF730	2
STAMBPL1	2
NIT2	2
SAFB	2
TRMT2A	2
SLC25A51	2
JMJD1C-AS1	2
HARBI1	2
TMPRSS5	2
DAAM1	2
MYO9B	2
RICTOR	2
COG6	2
MAG	2
AGAP6	2
ARMCX4	2
OPALIN	2
ENSG00000264520	2
ENSG00000265943	2
RETREG1	2
NIN	2
TRIM2	2
ENSG00000290368	2
SHC3	2
EIF2S1	2
ENSG00000256006	2
FADS2	2
ENSG00000231955	2
EDC3	2
RPL23AP7	2
ENSG00000231201	2
H2AX	2
PARD3	2
SPIN2A	2
VPS13C	2
COL13A1	2
SHMT1	2
ZBED5-AS1	2
TRAJ37	2
ZNF33B	2
ZNF876P	2
MAP3K10	2
ENSG00000287095	2
CDKL5	2
ENSG00000260185	2
ATP6V0E1	2
PYGL	2
ENSG00000273096	2
ZNF646	2
R3HDM4	2
ENSG00000259551	2
APH1B	2
RHPN2	2
NAV2-AS1	2
JDP2	2
POC1B-AS1	2
ENSG00000231867	2
JAKMIP3	2
RET	2
ABCC8	2
FEZ1	2
CCNY-AS1	2
ENSG00000267199	2
NFIC	2
CARTPT	2
SLC13A3	2
ZEB1	2
SEMA4D	2
ZNF814	2
RUFY1	2
ZNF257	2
ENSG00000290899	2
VCPIP1	2
LIMK2	2
LMBRD2	2
HSPA4L	2
ADGRA3	2
HYKK	2
ARHGAP23	2
ZNF799	2
SCG3	2
PEX12	2
ZNF571	2
ENSG00000269600	2
SPTLC2	2
ENSG00000205740	2
LECT2	2
TEX49	2
FUT2	2
ENSG00000288577	2
ENSG00000260430	2
TMEM221	2
CHST14	2
PHOSPHO2	2
PP2D1	2
ENSG00000289120	2
ACE2	2
MRPL58	2
REEP6	2
LINC02377	2
OTOGL	2
ENSG00000285664	2
ENSG00000286558	2
ENSG00000289251	2
KCTD11	2
STT3A	2
TONSL-AS1	2
MEDAG	2
THBS1	2
ENSG00000241169	2
YY2	2
LMX1B-DT	2
ENSG00000251409	2
ENSG00000290091	2
NMRAL2P	2
SEPTIN6	2
GIMAP2	2
PRRC2B	2
LGALS2	2
ENSG00000286976	2
ENSG00000236510	2
ENSG00000250764	2
ENSG00000290018	2
MIXL1	2
ANKRD44-IT1	2
HS6ST3	2
TMEM88	2
RAB11FIP2	2
TROAP	2
ZNF132	2
HIKESHI	2
ENSG00000285677	2
ENSG00000227519	2
ADH4	2
ENSG00000254802	2
ENSG00000231132	2
ENSG00000256146	2
ENSG00000267904	2
GDAP1L1	2
ENSG00000289858	2
CFAP97D2	2
FOXJ2	2
LAT	2
ENSG00000267341	2
ENSG00000259177	2
PRR29	2
ENSG00000287507	2
ARG2	2
PABPC4L	2
C18orf32	2
PWRN1	2
SCNN1B	2
RNF113B	2
PARD6G-AS1	2
RNF181	2
CFAP299	2
IGHA2	2
SNRPA1-DT	2
PPP1R15B-AS1	2
ENSG00000259468	2
LRRC14B	2
SPINK5	2
ENSG00000288781	2
RGMA	2
ENSG00000254557	2
ENSG00000264924	2
ENSG00000260060	2
GFRA1	2
ENSG00000273192	2
TTC36-AS1	2
ENSG00000287555	2
ENSG00000255340	2
SHANK2-AS1	2
EIF3CL	2
ENSG00000266850	2
FZD1	2
MARS2	2
DMRT3	2
ENSG00000229263	2
ENSG00000276317	2
ENSG00000250069	2
C1QTNF1	2
ENSG00000269085	2
ENSG00000265100	2
PNKD	2
ENSG00000289126	2
ENSG00000269044	2
PRKRA	2
IGHG2	2
ENSG00000287640	2
ENSG00000290556	2
ASB16	2
ENSG00000273289	2
ENSG00000212939	2
SRCAP	2
GSDMA	2
ENSG00000235237	2
ENSG00000290642	2
BRI3BP	2
RERGL	2
IQSEC2	2
GPBAR1	2
CAMKV	2
ASB14	2
DNAH17	2
PRPS1	2
FAM221B	2
CTDSPL2-DT	2
MITF	2
COPS7B	2
ENSG00000288075	2
FCER2	2
ENSG00000260482	2
PAXBP1-AS1	2
BHMT2	2
LINC00189	2
ENSG00000230010	2
SELENOO-AS1	2
PACSIN2	2
MAGEA3	2
P2RY2	2
SRL	2
HSDL2	2
DCBLD2	2
CRLS1	2
DSG2	2
LRRC51	2
PTPRS	2
ENSG00000286365	2
KDM7A-DT	2
LINC01864	2
ENSG00000286055	2
ENSG00000254694	2
C13orf46	2
CA13	2
ENSG00000288033	2
TENM4	2
ENSG00000278341	2
IL17C	2
ENSG00000279278	2
CD3D	2
MFNG	2
PCDHA13	2
ENSG00000260145	2
ENSG00000280011	2
NEFH	2
ARL10	2
BARHL1	2
WDR53	2
ZNF233	2
ENSG00000260132	2
ENSG00000269901	2
ENSG00000259711	2
CD19	2
LINC01315	2
DCAF8	2
GATC	2
DHX29	2
NIF3L1	2
AVPI1	2
PANK1	2
KCTD15	2
MTMR7	2
POLR1A	2
PLA2G4F	2
MAP1A	2
ENSG00000272368	2
HBD	2
ENSG00000290061	2
ANKRD18A	2
LINC01396	2
TRAM1L1	2
ENSG00000274297	2
SLC12A9	2
PCDHGA12	2
GPR78	2
SYPL2	2
ENSG00000259437	2
ENSG00000291174	2
ATG12	2
CBLL1	2
BCS1L	2
HSP90B1	2
ENSG00000289272	2
SLC1A3	2
VAMP8	2
ENSG00000272037	2
DTL	2
ENSG00000276148	2
NUTM2F	2
ENSG00000290773	2
ENSG00000281195	2
TIAM1-AS1	2
NDUFS1	2
SOCS5	2
ENSG00000289950	2
ENSG00000274270	2
RFPL2	2
CDC42EP2	2
LINC02551	2
WDR5B	2
ZNF671	2
PSD2	2
UBL7	2
PDGFA-DT	2
LFNG	2
LAMC1-AS1	2
PPP1R16A	2
MARCHF11-AS1	2
LINC02449	2
LIMS2	2
DIAPH1-AS1	2
ENSG00000231405	2
PRR22	2
ARPC1B	2
EPPK1	2
DLG5-AS1	2
ZBTB26	2
AKAP9	2
EQTN	2
DLX3	2
ENSG00000277744	2
LRATD2	2
PELO-AS1	2
ZNF740	2
CENPVL3	2
CNTNAP3	2
CSNK1G2-AS1	2
PAN2	2
ENSG00000286943	2
ENSG00000283913	2
ENSG00000275582	2
ENSG00000286044	2
TAS2R46	2
SMAD7	2
OMG	2
SLC25A23	2
ZDHHC23	2
SNN	2
ENSG00000288700	2
SOST	2
GPR84-AS1	2
TERF2IP	2
HEXIM2-AS1	2
FRMD4A	2
GTF3C4	2
ZNF3	2
ENSG00000291048	2
IL1B	2
ENSG00000264548	2
TICAM2-AS1	2
PTGIR	2
IL12RB1	2
TEX22	2
ENSG00000256658	2
EOGT-DT	2
ZNF385A	2
ARHGAP33	2
ENSG00000286549	2
AZU1	2
SMN2	2
H1-10-AS1	2
MPHOSPH10P1	2
CXorf65	2
ENSG00000291117	2
ENSG00000267943	2
RPL32	2
ENSG00000235880	2
FGF22	2
ASPHD2	2
LMNB1-DT	2
SCARNA9	2
ENSG00000255237	2
GRAMD1C	2
PTPRG	2
ENSG00000286756	2
TIAL1	2
SPINDOC	2
GYG1	2
ENSG00000205622	2
PAFAH1B3	2
ENSG00000286004	2
IL12A	2
ENSG00000262884	2
NRAP	2
EMP1	2
POLB	2
BRD7	2
ENSG00000268309	2
LINC02436	2
ENSG00000289496	2
SEPSECS-AS1	2
LINC02709	2
CAV1	2
ENSG00000250015	2
ENSG00000232754	2
ENSG00000271825	2
PITPNA-AS1	2
TNKS2-DT	2
RNF122	2
HSPB9	2
ENSG00000267387	2
NARF-IT1	2
ZNF766	2
ENSG00000206567	2
IPMK	2
ENSG00000261560	2
ENSG00000268499	2
RXYLT1	2
PLSCR1	2
LARGE1-AS1	2
TICAM1	2
ENSG00000228417	2
ACSL4	2
UBE2D4	2
LCP2	2
ENSG00000290455	2
RDH5	2
HSPA12B	2
ENSG00000233379	2
PROKR2	2
ENSG00000255621	2
CD300C	2
SIGLEC9	2
ENSG00000278434	2
ZNF114-AS1	2
ENSG00000277386	2
COQ8B	2
ENSG00000250604	2
SERPINF2	2
ENSG00000261114	2
CDC45	2
TXNRD3	2
SYNE4	2
HPSE2	2
XAGE3	2
LINC02427	2
ENSG00000256325	2
ENSG00000289993	2
ENSG00000286738	2
LINC02775	2
ATP2A1-AS1	2
TIMM44	2
ZFC3H1	2
GNG2	2
RBM25	2
ENSG00000267089	2
CCDC38	2
ENSG00000261692	2
ENSG00000267857	2
ENSG00000229855	2
ENSG00000254340	2
GLCCI1-DT	2
SCMH1-DT	2
ENSG00000251434	2
ECSCR	2
ENSG00000287185	2
ENSG00000289614	2
LINC02381	2
TMEM167B-DT	2
RPS6KB2-AS1	2
ENSG00000287937	2
LINC02960	2
VILL	2
DHRS7B	2
ENSG00000247228	2
ENSG00000287857	2
ENSG00000256139	2
ENSG00000259280	2
GUCY1B1	2
ENSG00000265128	2
TEFM	2
MMP25-AS1	2
ENSG00000238171	2
ENSG00000254847	2
ENSG00000278493	2
ENSG00000291202	2
ZDHHC20-IT1	2
RUBCNL	2
CORO7	2
ADAM9	2
ENSG00000288623	2
TNKS	2
ACTN4	2
CYFIP2	2
PSMA1	2
LINC02754	2
CDC42SE2	2
TXNDC11	2
CCNK	2
ENSG00000257342	2
B4GALNT3	2
ENSG00000289260	2
FBXL15	2
ATP5MGL	2
MRPS31	2
PSMD6	2
MIER3	2
ENSG00000263394	2
ENSG00000214915	2
NXPE3	2
RSRC2	2
SNHG4	2
ACIN1	2
PBX1-AS1	2
MARVELD2	2
LINC02320	2
CHRNA7	2
ENSG00000263680	2
ENSG00000236377	2
SFRP1	2
LYSET	2
HMOX1	2
ATG10-AS1	2
ENSG00000289514	2
TBC1D26	2
ENSG00000268472	2
SCUBE2	2
ENSG00000255345	2
ENSG00000285935	2
WDR83OS	2
MBLAC1	2
TAF5	2
ENSG00000286437	2
C19orf44	2
ENSG00000272566	2
DIPK2A	2
MAFTRR	2
TKTL1	2
EIF2B5	2
CD160	2
ENSG00000287574	2
ENSG00000288025	2
ENSG00000228201	2
LINC02692	2
BCL2L15	2
PSMD7-DT	2
JAZF1-AS1	2
HM13-AS1	2
CCDC112	2
ADCY7	2
TOMM34	2
ENSG00000291068	2
IST1	2
PFKM	2
PGAM5	2
BBS4	2
SAA2	2
FLT3LG	2
ENSG00000267568	2
ENSG00000269970	2
GPR22	2
INTU	2
SLC7A6	2
ENSG00000241490	2
TRGV8	2
UBE2D2	2
LINC01638	2
BHLHA15	2
BNIP1	2
MEGF11	2
LINC00520	2
SLC38A10	2
NCMAP-DT	2
IWS1	2
MED6	2
SHANK1	2
STK24	2
TIGAR	2
ENSG00000286787	2
ZNF692	2
ZNF223	2
DERL2	2
ENSG00000287965	2
TMEM191A	2
ENSG00000272420	2
ZBTB20-AS5	2
TEAD2	2
GPHA2	2
PGA3	2
ENSG00000227240	2
SLC6A6	2
RETN	2
DHRS2	2
ENSG00000179253	2
ENSG00000237356	2
LINC02398	2
PAK6	2
ZNF622	2
ENSG00000260949	2
ENSG00000270277	2
CAMK2N2	2
MYPOP	2
ENSG00000288782	2
AAR2	2
BCL2L11	2
XXYLT1-AS2	2
RFC2	2
SEC22B	2
BMS1P1	2
SHOC2	2
DNAJC10	2
AMZ2	2
APH1A	2
ODAPH	2
ATG4C	2
SWI5	2
POC1B	2
ZC3H3	2
ENSG00000274265	2
CD247	2
REEP3	2
TRAV18	2
ZBED5	2
LSM14A	2
NOL10	2
ERCC6L2-AS1	2
PDE3A	2
RCOR1	2
NOP58	2
NCKAP1	2
ACSS2	2
NDUFA6-DT	2
ENSG00000256948	2
NAALADL2	2
XCL2	2
CCDC28B	2
ENSG00000269889	2
LAT2	2
NTAQ1	2
TPO	2
GRAPL	2
EFHB	2
LRRC23	2
LINC02814	2
MPLKIP	2
BMS1	2
HNRNPLL	2
HM13	2
MRGPRE	2
ELK3	2
DAP	2
IFRD1	2
NOLC1	2
ACBD6	2
NKX2-5	2
MED12	2
GPNMB	2
TGFB1	2
UBE2L3	2
OTUD1	2
ENSG00000291203	2
ENSG00000290013	2
ENSG00000291262	2
LINC01765	2
MAP1LC3B2	2
ENSG00000289457	2
FAP	2
WASHC3	2
PTBP1	2
ENSG00000251144	2
PAM	2
ZNF19	2
ZBTB48	2
LINC00324	2
NDUFA5	2
POGLUT3	2
IGF2BP2	2
CPNE1	2
NSL1	2
DYRK3	2
UBE2R2	2
GATA3	2
SNAP47	2
ENSG00000288788	2
IGFL2	2
MME	2
XXYLT1	2
ENSG00000254810	2
ENSG00000277687	2
ENSG00000232006	2
CEBPZ	2
RHOBTB3	2
CCDC6	2
HP1BP3	2
OSMR	2
EPM2AIP1	2
HAND1	2
MGLL	2
RNASEH2A	2
ENSG00000228395	2
MALINC1	2
ADARB1	2
ENSG00000271201	2
EML4	2
DBP	2
CACNA2D4	2
SEM1	2
ENSG00000290882	2
SBSPON	2
ENSG00000272121	2
ENSG00000285520	2
GPR171	2
ENSG00000276527	2
TIGD6	2
TBC1D19	2
RAD21L1	2
ENSG00000251095	2
VCL	2
ODC1	2
TDRD9	2
ENSG00000254092	2
HOXC9	2
PPP2R2D	2
ARHGAP15	2
B3GNTL1	2
VRK3	2
WSB2	2
CDCA8	2
PDGFRA	2
ABCF2	2
EEF1AKMT2	2
VPS4A	2
CHEK2	2
TLE4	2
DOHH	2
CYP2U1	2
LINC02130	2
RAB33B	2
RNF20	2
LTK	2
GALNT12	2
FYB1	2
GJA9	2
TSTD1	2
ENSG00000287943	2
SIL1	2
SEPHS1	2
ENSG00000289872	2
FAM229A	2
RAB5C-AS1	2
ALDH7A1	2
LINC01747	2
S100A4	2
SYNPO2L-AS1	2
TMEM238	2
FBXW9	2
TYW5	2
ENSG00000235078	2
NHEJ1	2
AGBL1	2
APBB1	2
ENSG00000206028	2
KTN1-AS1	2
TRAV8-6	2
ENSG00000285873	2
C16orf54	2
ENSG00000225140	2
CTXN3	2
ARHGEF1	2
CLCNKA	2
DUSP26	2
LDAH	2
LYPD8	2
BNC2-AS1	2
UBIAD1	2
ENSG00000287466	2
FLJ16779	2
ENSG00000271751	2
ZNF845	2
RPS6KA1	2
GCSAM	2
ENSG00000255321	2
C2CD4C	2
KRT8	2
DPP10-AS1	2
ERBB3	2
ATXN7L2	2
HNRNPD	2
ENSG00000287584	2
MYBPHL	2
PPP2R3C	2
RSU1	2
USP9X	2
MYL6	2
SPTY2D1	2
LCT	2
ZNF22-AS1	2
ENSG00000276842	2
AKR7A2	2
RAC3	2
LINC00354	2
PTER	2
BABAM2	2
KC6	2
KCND3-AS1	2
ITGA11	2
USH1C	2
RBKS	2
PPP1R21-DT	2
ETHE1	2
ARHGEF16	2
PRF1	2
GPR153	2
NCR3LG1	2
H2BP1	2
ENSG00000228863	2
DEPDC1	2
NUDT16	2
ENSG00000291224	2
FAM106A	2
ZNF574	2
MMEL1	2
VLDLR-AS1	2
ENSG00000268403	2
DNAJC21	2
OR2D3	2
ENSG00000259553	2
ZNF516-AS1	2
MOGAT1	2
LINC02391	2
PRKCH-AS1	2
PDX1	2
IL15RA	2
MGC4859	2
TBL2	2
CFAP74	2
MIR762HG	2
RFTN2	2
TRABD-AS1	2
ENSG00000286289	2
ENSG00000254048	2
FABP6	2
SLC41A3-AS1	2
APLNR	2
ENSG00000285973	2
ZNF25	2
PAQR7	2
LINC00393	2
FAM124A	2
RNF19B	2
ENSG00000259453	2
LINC01679	2
PADI2	2
ENSG00000289112	2
ZNF135	2
ENSG00000287289	2
ENSG00000237301	2
ENSG00000290888	2
LINC02422	2
CDKN1C	2
TMEM81	2
ABCB7	2
BMP8A	2
HMX3	2
CDS2	2
TMEM8B	2
RAB6B	2
ENSG00000257764	2
IGHV3-43	2
NAPSB	2
TUSC7	2
TAF6L	2
TICRR	2
XK	2
ABR	2
POC1A	2
KANK2	2
SENP2	2
XPNPEP2	2
TRAV8-3	2
BTG3-AS1	2
ENSG00000228086	2
SLCO1A2	2
SLC25A34	2
AGMAT	2
CD274	2
IL17RE	2
ADCK1	2
ENSG00000255421	2
BLOC1S3	2
FAM161A	2
RRP15	2
ENSG00000270823	2
LINC02446	2
CHST7	2
CELF3	2
TMEM25	2
ZNF436	2
CAPZA2	2
STAG3L4	2
GIN1	2
SWAP70	2
RAP1B	2
GTF2E1	2
ENSG00000284707	2
NT5DC2	2
CD8B	2
TMSB15B	2
BIN1	2
UPF2	2
HUS1	2
SSX2IP	2
ESCO2	2
ENSG00000260592	2
CDCA2	2
ATG9B	2
CCNI2	2
C7orf50	2
PHF13	2
CACNB3	2
STARD3NL	2
ENSG00000277476	2
LINC02321	2
APTR	2
ATP11C	2
CDK5	2
LCT-AS1	2
SMIM33	2
SLC29A4	2
OST4	2
CCR5AS	2
ENSG00000289976	2
PIFO	2
ENSG00000290347	2
GNAT2	2
TOMM40L	2
ENSG00000289268	2
CCR5	2
TRAV17	2
ENSG00000289339	2
ENSG00000275437	2
MICALL2	2
TDRKH	2
TRAF5	2
NIPA1	2
TTC27	2
LINC01182	2
IL33	2
ENSG00000272953	2
CCDC117	2
GNG8	2
LGALS9B	2
FRMD6-AS2	2
ZBTB1	2
BTBD2	2
LINC02575	2
ADGRL3	2
TIMP4	2
ENSG00000231128	2
C19orf47	2
SYK	2
PSPH	2
ACY3	2
TNFRSF11A	2
FCHSD1	2
XRCC2	2
LINC01993	2
ENSG00000247193	2
DLEU2L	2
ENSG00000260657	2
SCN4B	2
TAGLN2	2
EPOR	2
FAM20A	2
PSG4	2
PCDHGA6	2
ENSG00000289065	2
NLGN2	2
GSTM2	2
PCAT6	2
ENSG00000291209	2
YBX1	2
ENSG00000283118	2
CDC42-IT1	2
ACSM5	2
CMTM3	2
ENSG00000269915	2
TEX26	2
FLT3	2
ADAMTSL4	2
PPP1R35-AS1	2
GP1BB	2
ARHGEF15	2
SLC16A2	2
FMR1-IT1	2
HSD17B2-AS1	2
ADGRL4	2
ENSG00000289584	2
IL15	2
PCDHGA10	2
MCC	2
RCC2-AS1	2
ATP8B2	2
REV1	2
LINC02451	2
AKTIP	2
MOV10	2
LINC00595	2
STIMATE	2
MTCL1	2
ARHGEF7-IT1	2
WFDC2	2
DZANK1	2
ARF1	2
RHOD	2
CCDC188	2
PPM1B	2
SLC25A16	2
ENSG00000279463	2
MBP	2
MEF2A	2
ENSG00000260378	2
TTC39C	2
ENSG00000258380	2
GLI1	2
ZNF2	2
DIRAS3	2
CLK1	2
NKX2-6	2
HUNK	2
FADS1	2
H2AJ	2
BRD8	2
PPP6C	2
HGSNAT	2
ENSG00000290560	2
FCN3	2
ENSG00000261573	2
RDH14	2
COG2	2
ENSG00000253805	2
ENSG00000258987	2
CASP12	2
TMEM269	2
RAPGEF5	2
HES1	2
IGIP	2
ENSG00000237994	2
CCL11	2
S100G	2
ENTHD1	2
SYT1	2
ENSG00000267868	2
NRDC	2
PCDHGB7	2
ENSG00000272211	2
LARP4	2
GPR21	2
ITGB3BP	2
ENSG00000260978	2
ENSG00000272235	2
ENSG00000272386	2
ENSG00000223732	2
LPP-AS1	2
MACROD2	2
COP1	2
DPYD-AS2	2
TMEM200C	2
MYO5B	2
TTC21B-AS1	2
SCAMP3	2
STXBP4	2
OGDH	2
FAM200A	2
ZMYND11	2
MPHOSPH9	2
SMIM10L2A	2
LINC02716	2
ENSG00000289879	2
GNLY	2
GPAT4	2
ENSG00000249406	2
INPP1	2
NOL3	2
PLXDC1	2
MAP3K21	2
LEPROT	2
POLD4	2
ENSG00000277684	2
ENSG00000224100	2
ENSG00000260257	2
NACAD	2
UTP3	2
PKLR	2
NLRC4	2
HPGDS	2
ENSG00000231731	2
EGFR-AS1	2
TMEM51	2
NPRL2	2
ENSG00000286773	2
AQP7	2
TEX35	2
ADD3	2
MCOLN2	2
CCDC125	2
INPPL1	2
ENSG00000278112	2
DEPDC7	2
PIGS	2
THAP8	2
PPIH	2
ZDHHC8	2
DYNLRB2-AS1	2
EPB41L3	2
GABBR2	2
ENSG00000257386	2
TMEFF2	2
LINC01224	2
DDX20	2
OPN4	2
ZNF582	2
PIAS3	2
RPL31	2
MRPL46	2
ENSG00000259353	2
ENSG00000287482	2
ENSG00000290535	2
ATP5MJ	2
STEAP4	2
ENSG00000237359	2
ENSG00000260920	2
PELI3	2
COPG1	2
RECQL5	2
AVP	2
ENSG00000226622	2
DOC2A	2
USHBP1	2
RBM48	2
ENSG00000225417	2
POLR3H	2
GCA	2
MEG9	2
KLHL9	2
ENSG00000233339	2
ENSG00000281181	2
ENSG00000248813	2
NUDCD1	2
ENOX1	2
CSDE1	2
VWA3A	2
ERCC4	2
FOXB1	2
WDR93	2
ENSG00000278075	2
SLC25A30	2
ENSG00000259314	2
ENSG00000265008	2
PPHLN1	2
PYCR2	2
DSC1	2
ENSG00000232034	2
CLEC12A	2
LINC02035	2
ENSG00000290089	2
LRRC32	2
SLC13A4	2
FAM3D-AS1	2
ENSG00000290879	2
ADAMTS14	2
NRP1	2
LINC00683	2
ENSG00000290643	2
ENSG00000259644	2
ENSG00000266908	2
TRMT1L	2
ENSG00000289942	2
SGK2	2
ENSG00000278276	2
SERPINB2	2
MBTPS1-DT	2
LINC00327	2
LINC02185	2
PGPEP1L	2
ENSG00000269365	2
LMAN1L	2
ENSG00000287376	2
KCNH1	2
JOSD2	2
CHN1	2
LMBR1L	2
LTBP3	2
PPIE	2
SPC25	2
CWF19L2	2
ENSG00000286828	2
CEP41	2
ENSG00000287390	2
WNT4	2
MYH9-DT	2
NUDT4B	2
CAPZB	2
KIF20B	2
ENSG00000263011	2
ENSG00000264339	2
LINC01186	2
ARFGAP3	2
LIX1	2
ERCC1	2
SMC3	2
ERP44	2
ENSG00000250934	2
WDR5-DT	2
ENSG00000260337	2
MACROD1	2
ENSG00000234998	2
ENSG00000289929	2
ENSG00000267582	2
ENSG00000258837	2
GBP3	2
TRIM25	2
PPP1R3F	2
SLC39A1	2
MAP2K1	2
ANKFY1	2
MARK2	2
LINC02656	2
ENSG00000242861	2
SMG1-DT	2
ENSG00000254288	2
LANCL3	2
ZNF630-AS1	2
ENSG00000273989	2
ENSG00000276488	2
COG8	2
DLK1	2
PORCN-DT	2
ENSG00000288979	2
ENSG00000225213	2
ENSG00000287331	2
EHD3	2
ENSG00000290043	2
GDF7	2
ENSG00000291183	2
ENSG00000253983	2
TPGS1	2
LINC02585	2
TTL	2
SHISA5	2
MYO10	2
RABGAP1	2
GTF2F2	2
POLE	2
SERTAD4-AS1	2
TAS2R8	2
PIP4P1	2
RSAD2	2
ENSG00000288727	2
NOP16	2
KCTD5	2
ENSG00000276850	2
ENSG00000273451	2
ENSG00000225330	2
ENSG00000286892	2
ENSG00000282199	2
AADAC	2
ENSG00000285852	2
PDE6A	2
F2RL2	2
SMAD5	2
ENSG00000286806	2
ENSG00000289221	2
F2R	2
DIPK1A	2
ENSG00000272334	2
SPINK2	2
ENSG00000284957	2
UQCC4	2
ENSG00000288528	2
MPL	2
ENSG00000250164	2
OBSCN-AS1	2
DDI2	2
ABCF3	2
ENSG00000286810	2
PRKRIP1	2
DAGLA	2
FXYD6-AS1	2
ENSG00000290989	2
ENSG00000282021	2
LCAT	2
LINC00954	2
SSTR2	2
SLCO2B1	2
ENSG00000253875	2
LEF1	2
PITX3	2
KCTD10	2
KIFC3	2
AZIN1	2
MSH6	2
GABRQ	2
ENSG00000267743	2
SLC43A3	2
ZNF653	2
CREB3	2
PIK3CD-AS2	2
GAGE1	2
PODN	2
CTTN-DT	2
ZNF394	2
ST8SIA6-AS1	2
VSTM2B-DT	2
VCX2	2
UPK3A	2
ENSG00000272703	2
C1RL	2
CT45A5	2
ENSG00000272070	2
ENSG00000224356	2
APLN	2
LINC00844	2
SEC14L2	2
PKD1L1-AS1	2
ITPR1-DT	2
PEAR1	2
LINC00689	2
PPP1R12A	2
GHITM	2
ENSG00000279973	2
ENSG00000288552	2
PLPP3	2
STARD13-AS	2
RNF125	2
MAGEA6-DT	2
GPCPD1	2
ENSG00000225087	2
PPM1F	2
APPAT	2
SLFN13	2
TSPAN2	2
ZC3H7A	2
DCTPP1	2
KCNN2	2
ENSG00000289540	2
ENSG00000230733	2
FAM181A	2
ENSG00000288093	2
SALRNA2	2
TSPAN9-IT1	2
YKT6	2
MOCOS	2
HIRIP3	2
PARPBP	2
SLC15A2	2
TSPAN33	2
WDR62	2
FAM13B	2
BOD1	2
BMP1	2
LINC01666	2
LASP1	2
TTC6	2
STOX1	2
ENSG00000288717	2
PRPSAP2	2
TFPT	2
AGL	2
ENSG00000228302	2
ENSG00000273402	2
DTX3	2
KCNH3	2
NPFFR2	2
ENSG00000288302	2
ENSG00000260693	2
CORO1C	2
CDC7	2
LINC00161	2
MACROH2A2	2
DHDDS	2
SPINT2	2
RNASEH1	2
FKBP15	2
ENSG00000287986	2
MTMR9	2
FGF1	2
CCSAP	2
MRPS27	2
PENK	2
VRK2	2
SCD	2
ENSG00000253392	2
AGAP9	2
ENSG00000290523	2
JPX	2
NF2	2
DNAJC17	2
ENSG00000214773	2
ZDHHC20	2
TMSB15A	2
SEPTIN2	2
ENSG00000267731	2
GNPDA1	2
CUZD1	2
IFT88	2
ENSG00000289702	2
FCHO1	2
PDCD7	2
KLHL5	2
ICAM1	2
ENSG00000287509	2
METAP2	2
ENSG00000272148	2
ATCAY	2
ENSG00000236332	2
SMAD1-AS2	2
TP53TG5	2
IGKV3-11	2
LINC02910	2
SLC14A1	2
ENSG00000285736	2
ICAM5	2
NCALD	2
CLSTN1	2
STAT4	2
ZFP14	2
STAT6	2
PCYT2	2
IER5L-AS1	2
ENSG00000289419	2
SNAPC1	2
FAM83D	2
GALNT8	2
AGGF1	2
TAS2R19	2
ENSG00000289543	2
CSTF3	2
LINC00906	2
LINC02698	2
ENSG00000276266	2
ENSG00000258044	2
ENSG00000260855	2
CCDST	2
ENSG00000291062	2
LGALS8-AS1	2
ENSG00000260417	2
GPSM2	2
KRT15	2
FGA	2
KCTD13	2
SHTN1	2
EPB41L5	2
GAL3ST4	2
YOD1	2
ENSG00000223720	2
ENSG00000253112	2
TMOD1	2
RNF25	2
CAV3	2
IL11RA	2
EFHD2	2
CARD14	2
PLXNA2	2
ACTA1	2
PLCD1	2
PHF21B	2
ENSG00000289106	2
ENSG00000261468	2
DANT1	2
PRDM16-DT	2
ENSG00000278462	2
RNF139	2
ENSG00000248802	2
RPL41	2
MMP15	2
ENSG00000290394	2
RAD54L2	2
GABPB1-IT1	2
ENSG00000253496	2
MSANTD7	2
OSBPL6	2
LINC02896	2
ANKRD35	2
ALKBH6	2
CARNMT1	2
APRT	2
DNAAF3-AS1	2
CHAD	2
ENSG00000265254	2
ENSG00000289214	2
GAS2L1	2
SIGLEC15	2
EME2	2
PPP4R1	2
REXO1	2
LINC01444	2
ENSG00000276651	2
DRP2	2
ENSG00000248762	2
CHRNA9	2
ENSG00000285987	2
CD7	2
ZNF519	2
OR14I1	2
FAM9B	2
METRN	2
ENSG00000251143	2
PRR34	2
ATP6V1H	2
ENSG00000263859	2
RRAGA	2
NLRP6	2
SELENOI	2
MTM1	2
RPL30-AS1	2
LINC02723	2
ENSG00000230732	2
TRIM3	2
NYAP2	2
LPGAT1	2
SLCO3A1	2
ENSG00000288949	2
ENSG00000253476	2
RBM12	2
LINC01474	2
C4orf50	2
TAS2R4	2
ENSG00000275178	2
ENSG00000249456	2
EPB41L4B	2
ENSG00000289149	2
FBXW10B	2
ENSG00000277999	2
ENSG00000266002	2
ZNF350-AS1	2
SMAD1	2
ENSG00000267248	2
LINC02812	2
SYNGR1	2
ENSG00000264167	2
SEPTIN8	2
ENSG00000276282	2
PEX5L	2
SHROOM2	2
ENSG00000197670	2
ENSG00000284994	2
ENSG00000246090	2
CERKL	2
ENSG00000254757	2
ENSG00000261338	2
HDAC1	2
ENSG00000288076	2
ENSG00000266368	2
ADAMTSL3	2
ENSG00000255146	2
NFE2L2	2
FBXL8	2
IGFBP4	2
SSB	2
RCHY1	2
ENSG00000260570	2
ENSG00000291045	2
XRCC3	2
SEMA3G	2
SLC7A7	2
WBP4	2
PDSS1	2
SLC38A3	2
ENSG00000227933	2
BCL7C	2
ENSG00000276136	2
PPBP	2
DDX60	2
ATL3	2
DAP3	2
ENSG00000259194	2
TNIP3	2
ENSG00000289468	2
IRF2-DT	2
MED14OS	2
KDM4A	2
PCNX4	2
KLHL30	2
CDH3	2
PCDHA5	2
BCAR1	2
WDR11-DT	2
ENSG00000274554	2
XPO4	2
MTERF1	2
ENSG00000290659	2
TMEM92	2
C1QA	2
CYP24A1	2
ENSG00000286587	2
BTBD8	2
ENSG00000253636	2
MAP4K3	2
LINC02206	2
CYP26A1	2
DNAAF10	2
RARA-AS1	2
KCNK15	2
CREB3L2	2
LSR	2
CLDN23	2
ENSG00000248816	2
FABP2	2
NECTIN3-AS1	2
MIOX	2
NSG2	2
ENSG00000227531	2
TMED10	2
ENSG00000269934	2
ZNF776	2
LINC02274	2
HOXA11-AS	2
SLC22A4	2
VASH2	2
AQP1	2
ARHGAP28	2
ENSG00000290728	2
LRRC49	2
C1orf146	2
ENSG00000267461	2
CAPRIN2	2
RHBDD3	2
SETD2	2
LINC02294	2
LINC01138	2
ENSG00000289874	2
CCDC27	2
ELF3-AS1	2
LRRC53	2
AQP7B	2
SIGLEC10-AS1	2
ERG28	2
ENSG00000285650	2
CKAP4	2
BRWD1	2
NRCAM	2
ENSG00000267437	2
SMIM27	2
ENSG00000288838	2
ENSG00000258521	2
NARF	2
NSMCE1	2
ENSG00000289003	2
VAX2	2
LINC03069	2
ENSG00000289031	2
TUBA3C	2
MAP6D1	2
CCR1	2
ENSG00000263924	2
COPZ1	2
SGO2	2
CCDC77	2
CCNO-DT	2
PTCSC2	2
DOCK9-AS1	2
ANXA9	2
THEMIS2	2
H4C16	2
ITPRIP-AS1	2
CLEC2A	2
ENSG00000259523	2
SMANTIS	2
MRPS34	2
ENSG00000273973	2
ENSG00000232220	2
CCDC168	2
ENSG00000259276	2
CFAP126	2
PHLDA3	2
PPP1R1A	2
KIF24	2
HAS3	2
ENSG00000240401	2
ENSG00000273388	2
GASK1B-AS1	2
ENSG00000254556	2
ENTPD4	2
ENSG00000259294	2
ENSG00000291142	2
ENSG00000287202	2
ENSG00000228174	2
ABHD16B	2
LCN2	2
RAB11FIP5	2
FAT3	2
IER5L	2
NKX3-1	2
ENSG00000248624	2
AADAT	2
ECHDC2	2
SH3GL2	2
ATP2C2	2
KRTCAP2	2
SMIM18	2
ENSG00000234286	2
LINC02478	2
USP34-DT	2
IRF6	2
FCGBP	2
GOT1-DT	2
FAM201A	2
ENSG00000263494	2
IGFBPL1	2
ACTL10	2
LINC02562	2
LINGO1	2
ENSG00000258744	2
GGT7	2
LINC01397	2
HOXC8	2
FCAR	2
TOMM70	2
ENSG00000286808	2
CCDC181	2
COPA	2
ENSG00000258711	2
CARMIL2	2
CHRM3-AS2	2
KIDINS220	2
CDH17	2
ENSG00000289397	2
ENSG00000259684	2
LRRC2	2
LINC02298	2
NOM1	2
GGTA1	2
ENSG00000254928	2
ENSG00000269984	2
MANCR	2
NQO1-DT	2
PPP1R13B-DT	2
EXTL2	2
GON4L	2
LINC00366	2
ENSG00000223462	2
ENSG00000260566	2
LINC01465	2
SRSF11	2
ZNF584-DT	2
ESAM-AS1	2
CCNT2	2
MYH9	2
ENSG00000288645	2
MAD2L1-DT	2
KMT2B	2
ENSG00000224764	2
MADCAM1	2
ENSG00000286531	2
ENSG00000276728	2
ENSG00000255893	2
B3GNT8	2
ENSG00000280800	2
COL7A1	2
ENSG00000290660	2
ENSG00000233799	2
RUFY2	2
ENSG00000250945	2
ENSG00000259675	2
NCAPD3	2
BTBD1	2
POGZ	2
TRIM33	2
SLC22A31	2
ENSG00000250893	2
HASPIN	2
LINC02319	2
FOXRED2	2
SULT1A3	2
ENSG00000226963	2
HMBOX1-IT1	2
PTGER2	2
ENSG00000290709	2
ENSG00000268555	2
EVI5	2
HTRA4	2
C8orf58	2
ERO1B	2
ZNF134	2
CTNNB1	2
ZNF680	2
ENSG00000287188	2
ENSG00000267510	2
ENSG00000248240	2
G3BP1	2
SLC2A1-DT	2
PUM3	2
DLL3	2
CAST	2
SLC2A4	2
FAM86B3P	2
SPATA6L	2
CCNE2	2
ENSG00000277715	2
FBXO10	2
ENSG00000267698	2
MFAP2	2
SLC45A2	2
NSMAF	2
DNAJC13	2
NBPF25P	2
PDZD4	2
ENSG00000268836	2
LINC01033	2
GASAL1	2
RNF103	2
IL5RA	2
RAP1A	2
ENSG00000291220	2
ENSG00000260651	2
L3HYPDH	2
ENSG00000259935	2
ENSG00000289200	2
NME5	2
PDP2	2
IL1RAP	2
ENSG00000288742	2
CYBRD1	2
ASPN	2
KIFAP3	2
LONRF2	2
DDR2	2
LINC01366	2
SLCO4A1-AS1	2
YPEL3	2
ENSG00000263015	2
ENSG00000249159	2
HECW2-AS1	2
PCDHAC1	2
USP27X	2
PHYHIP	2
ITGA4	2
LGI3	2
ENSG00000279110	2
RNF145	2
TRAV8-2	2
ZNF251	2
CHST15	2
NAA50	2
TOGARAM2	2
SLC38A1	2
RIMKLB	2
ENSG00000274695	2
GDPGP1	2
ENSG00000290110	2
ENSG00000260534	2
LINC02345	2
MAP3K13	2
MT1JP	2
LRRC34	2
ENSG00000286717	2
ARID5B	2
THORLNC	2
TIPRL	2
AMZ2P1	2
PAWR	2
ZNF567	2
EFCAB5	2
FNDC5	2
GFAP	2
ECI1-AS1	2
MIEF1	2
ENSG00000259725	2
ENSG00000227459	2
SNUPN	2
RBAK	2
C1QL2	2
CAMKK2	2
TRPM2-AS	2
GAN	2
DCUN1D2	2
MRPL45P2	2
ENSG00000274767	2
TSSK4	2
ZKSCAN1	2
HRNR	2
ENSG00000279145	2
ARHGEF10	2
TMEM233	2
ENSG00000285710	2
NAMA	2
INTS14	2
FKBP9	2
RETSAT	2
SOX8	2
ENSG00000289912	2
DHX9	2
HSD3B1	2
USP2	2
LINC02573	2
CLIC4	2
C1QTNF9B	2
KIF17	2
LINC02848	2
ILKAP	2
LINC02861	2
ENSG00000291081	2
COLQ	2
KIZ-AS1	2
MELTF-AS1	2
EFCAB14	2
ENSG00000286286	2
PLPPR5	2
ENSG00000286658	2
L3MBTL1	2
ENSG00000276121	2
IQCJ	2
LGALS9C	2
UBE2M	2
ABHD14A	2
ENSG00000261460	2
SYNGR3	2
ATP1A1	2
FAM228A	2
IKBKE	2
DIS3L	2
CSPG5	2
CPD	1
GABARAPL1-AS1	1
C1QL3	1
ENSG00000278740	1
FAM177B	1
POT1-AS1	1
ENSG00000289007	1
ZNF219	1
NTM	1
LINC00407	1
ITGB1BP1	1
ENSG00000263080	1
ENSG00000284600	1
NEUROD1	1
ARMH1	1
ODF2L	1
SLF1	1
PLS3-AS1	1
ENSG00000289601	1
BTG1-DT	1
ENSG00000290552	1
JPH2	1
FUNDC1	1
A2ML1	1
CHST5	1
TPR	1
ENSG00000290046	1
ENSG00000285570	1
PCDH7	1
ENSG00000286320	1
ENSG00000286385	1
LRP12	1
GAB3	1
SFTPD	1
NME7	1
TRGJP1	1
LZTS3	1
CHST2	1
AZIN2	1
ENSG00000268240	1
ENSG00000267625	1
LARGE-AS1	1
YY1AP1	1
ENSG00000290086	1
ENSG00000234139	1
GCLM	1
FERMT3	1
OR1F1	1
NEUROG3	1
CROCC	1
GALNT18	1
NSUN2	1
ENSG00000288729	1
ENSG00000255027	1
ZMYND12	1
NFIB	1
UMODL1-AS1	1
ENSG00000238009	1
ENSG00000225032	1
N4BP1	1
HCN3	1
NUP107	1
TEX2	1
ATP2B2	1
KLHL3	1
ENSG00000260884	1
IRAG2	1
ENSG00000267177	1
NOMO2	1
CCDC90B-AS1	1
LRRC38	1
BTG2	1
GJA3	1
C2orf88	1
ENSG00000266965	1
PRSS41	1
AS3MT	1
ENSG00000289580	1
NDUFAF6	1
ZNF727	1
RHOA-IT1	1
PECR	1
ENSG00000253901	1
CWF19L1	1
COG3	1
KDM4B	1
TENT5C	1
CSF3R	1
CCER2	1
PRR29-AS1	1
OCRL	1
GOSR1	1
ZNF362	1
CHRNA3	1
RALGPS2-AS1	1
ENSG00000227769	1
BCOR	1
PHF7	1
SESN2	1
SNX4	1
TGM4	1
HIF3A	1
EPB41L1	1
ENSG00000286880	1
ENSG00000258077	1
ENSG00000287554	1
GTF2A1-AS1	1
ENSG00000273209	1
VEZF1	1
TMSB15C	1
ENSG00000250075	1
TGFB2	1
FNIP2	1
ENSG00000262151	1
ENSG00000287412	1
ARHGEF2-AS2	1
ENSG00000290094	1
PRG4	1
ENSG00000203472	1
ENSG00000291015	1
GK-AS1	1
ENSG00000269534	1
HBE1	1
THAP5	1
ENSG00000263717	1
AGO2	1
RBM20	1
ENSG00000287781	1
SLC5A5	1
TRIM47	1
ENSG00000291222	1
MARCHF10	1
PRKCZ	1
IATPR	1
GLUD2	1
ADGRA1	1
IGSF3	1
MLH1	1
CASC11	1
ENSG00000235728	1
BTAF1	1
ENSG00000233069	1
ENSG00000228153	1
PIWIL4	1
ENSG00000253308	1
BIRC3	1
LINC00877	1
PANK1-AS1	1
ENSG00000287691	1
IL31	1
ENSG00000233420	1
ENSG00000287041	1
MKRN3	1
MTDH	1
ENSG00000272969	1
P2RY12	1
PCBD2	1
ENSG00000260063	1
FAM13B-AS1	1
ENSG00000290123	1
ENSG00000251023	1
PFDN2	1
MGA	1
YAF2	1
ENSG00000236656	1
NOPCHAP1	1
RPP25	1
DUOX2	1
ENSG00000289898	1
LINC03073	1
KIRREL1	1
BBS5	1
GRK7	1
ARHGAP42	1
ENSG00000258560	1
DNER	1
SDHC	1
GFPT2	1
RASGRF2	1
ENSG00000272812	1
ENSG00000261924	1
ENSG00000267277	1
MTARC1	1
LIX1L	1
ENSG00000285535	1
ENSG00000268970	1
PTPRN	1
PGA4	1
TPPP3	1
CCDC150	1
NHLH1	1
TBC1D31	1
ENSG00000266602	1
ENSG00000280474	1
ADAMTS16	1
VPS35L	1
ENSG00000274354	1
ENSG00000254538	1
LINC02930	1
SCGB1A1	1
ENSG00000288111	1
ZNF438	1
ENSG00000234208	1
ENSG00000267299	1
CRLF3	1
HIC1	1
ENSG00000261136	1
BMP7-AS1	1
TRIM62	1
COX18	1
TMEM87B	1
ENSG00000233755	1
ENSG00000259929	1
AGXT	1
ADGRB2	1
ENSG00000241884	1
ENSG00000248954	1
WNT10B	1
ENSG00000289107	1
ENSG00000288997	1
ENSG00000285527	1
ENSG00000276093	1
ENSG00000258515	1
INAFM2	1
EPS8L1	1
ENSG00000287576	1
ATP1A1-AS1	1
CBLN3	1
IGHV1-2	1
LALBA	1
TARS1-DT	1
P3H2	1
ENSG00000287697	1
PTGER4P2-CDK2AP2P2	1
SLC11A1	1
ENSG00000275532	1
C1orf74	1
TMEM254-AS1	1
ENSG00000259287	1
PUS1-AS1	1
C22orf23	1
FIGNL2-DT	1
ENSG00000289905	1
LINC01120	1
ENSG00000258256	1
COPG2IT1	1
ZNF793-AS1	1
LUCAT1	1
ENSG00000273264	1
DNAJC5B	1
CSNK1G3	1
ENSG00000290183	1
BMAL2	1
ENSG00000274421	1
TRBVB	1
ALDH3A1	1
ENSG00000230325	1
SLC17A6-DT	1
SLC51B	1
CD1A	1
TFAP2C	1
CRIPT	1
LMNTD1	1
KATNAL2	1
ZNF503-AS2	1
GPRIN2	1
FAM242F	1
HOXD8	1
ENSG00000276403	1
LINC02004	1
ENSG00000249631	1
CALHM3	1
CCDC153	1
CYP4F35P	1
C14orf28	1
PDE11A-AS1	1
MMACHC	1
LINC01422	1
LINC00378	1
GAPLINC	1
ENSG00000226772	1
CDH10	1
IGHV1-14	1
SLC6A16	1
KRT33B	1
PRKCH	1
GHR	1
DISP3	1
ATP8A2	1
ENSG00000237429	1
ENSG00000269124	1
ENSG00000228172	1
OR52N4	1
VANGL2	1
LINC02783	1
MAMDC2-AS1	1
LINC00370	1
BEST4	1
AURKC	1
ENSG00000288803	1
B4GALT3	1
SIAE	1
ENSG00000289212	1
ENSG00000272576	1
LCLAT1	1
ENSG00000290652	1
LINC03034	1
SMAD9	1
HOXB3	1
ENSG00000265222	1
ACSBG2	1
ENSG00000260391	1
ENSG00000253911	1
TCOF1	1
IQUB	1
LINC01159	1
ENSG00000273711	1
KCNIP3	1
ARRB1	1
UPK1A-AS1	1
CCDC163	1
LINC02104	1
NUDT11	1
COQ10A	1
CNPY2-AS1	1
RBFOX3	1
ENSG00000248774	1
CCDC85A	1
ENSG00000184566	1
LINC01605	1
C11orf96	1
ENSG00000276075	1
ALKAL2	1
TAS1R3	1
ORMDL2	1
TERF2	1
ENSG00000289208	1
CACNA1A	1
LINC00299	1
ENSG00000273059	1
ENSG00000289603	1
ZC3H12A-DT	1
OGT	1
ENSG00000260052	1
NHP2	1
IRX1	1
ENSG00000277310	1
ENSG00000259678	1
PRTG	1
TRABD2B	1
ENSG00000277728	1
CDK18	1
ADPGK-AS1	1
ENSG00000286720	1
TFDP1	1
ENSG00000267612	1
ENSG00000243960	1
MLLT1	1
ENSG00000273306	1
MROH9	1
PTPRD	1
FAM110C	1
ATOH1	1
ATP6V0B	1
PHAF1	1
ENSG00000291101	1
LINC02646	1
ITGA6	1
ENSG00000268854	1
ENSG00000229964	1
EFCAB12	1
PROC	1
RAB43	1
ENSG00000267579	1
ENSG00000285773	1
ENSG00000290559	1
ENSG00000273107	1
LINC02405	1
ZNF564	1
ENSG00000290698	1
ECE1-AS1	1
HMGB1P1	1
NBPF1	1
OR1L6	1
ENSG00000223944	1
ENSG00000250592	1
ENOSF1	1
PNPLA8	1
AFF4	1
USP21	1
TMEM126A	1
ENSG00000271938	1
MT1F	1
DSEL-AS1	1
ENSG00000289155	1
NBPF9	1
LINC02042	1
DNAJC3	1
CALCOCO1	1
TAF1A-AS1	1
NEDD1	1
ALG6	1
ENSG00000240535	1
OVCA2	1
PRND	1
ENSG00000290109	1
ANGPTL7	1
SIGLEC11	1
ENSG00000290654	1
ENSG00000239381	1
FOLR1	1
FAM181A-AS1	1
ENSG00000259058	1
ENSG00000259876	1
FAM20B	1
CCDC88C	1
OCIAD1-AS1	1
THRA	1
TCHP	1
RTCA-AS1	1
ARIH2	1
IGBP1-AS2	1
ENSG00000251294	1
ENSG00000266839	1
LRRFIP1	1
KRT86	1
ENSG00000248544	1
NSMCE2	1
MPV17	1
ENSG00000287402	1
ENSG00000260520	1
MSH2-OT1	1
PRKAB1	1
ENSG00000237126	1
STARD9	1
ZFAND2B	1
CDHR4	1
ENSG00000286373	1
MUC12	1
STRBP	1
GCFC2	1
NUTM2B-AS1	1
ENSG00000286288	1
ENSG00000223881	1
ENSG00000289023	1
ENSG00000260142	1
GBA1	1
ZNF426-DT	1
ENSG00000289146	1
ENSG00000270361	1
ENSG00000248790	1
CCL23	1
ENSG00000270457	1
ENSG00000239767	1
ANTXRL	1
ENSG00000283667	1
PRKG1	1
SHB	1
LINC02021	1
WDR38	1
EVI5L	1
ENSG00000290547	1
ENSG00000287038	1
ENSG00000289474	1
ITGB7	1
GPC5-AS1	1
ENSG00000225000	1
ENSG00000286294	1
STPG3-AS1	1
DCLK3	1
ENSG00000289356	1
DSCR9	1
TRIM36-IT1	1
ENSG00000253295	1
DENND3-AS1	1
GIRGL	1
ENSG00000290383	1
ENSG00000287437	1
ENSG00000215841	1
SLC30A5	1
FAM21EP	1
ENSG00000268713	1
SH2D3A	1
TAL1	1
ENSG00000263952	1
LNX1-AS1	1
GATAD2A	1
ZDHHC19	1
AKR7L	1
DCC	1
STEAP2	1
GAS5-AS1	1
KCNQ4	1
UFSP1	1
ZCCHC13	1
MINDY3	1
CLK2	1
SH3BP5	1
ENSG00000267011	1
SPIN3	1
ENSG00000197813	1
HSD17B6	1
ENSG00000271788	1
LGALS14	1
CERNA1	1
LRCH1	1
ENSG00000286089	1
CHIC1	1
GRM2	1
CHD6	1
ENSG00000290976	1
SLC25A20	1
FALEC	1
ENSG00000255882	1
ERLIN2	1
ENSG00000291199	1
CNR2	1
PARS2	1
ENSG00000267070	1
ENSG00000224359	1
SGSM1	1
GPM6A-DT	1
ENSG00000269487	1
ACOT7	1
KTN1	1
ENSG00000289229	1
GNB1	1
MPZL2	1
RAMP1	1
ENSG00000235277	1
ENSG00000270972	1
YWHAQ	1
LINC00488	1
RAPGEFL1	1
CNBD1	1
P2RY6	1
CHAC2	1
LINC02119	1
CCNY	1
ENSG00000286786	1
MAGEC1	1
PYDC5	1
MRPL49	1
ENSG00000287873	1
RSF1-IT2	1
AGAP2	1
TRH	1
ATP11AUN	1
LINC02609	1
ENSG00000288978	1
RHOXF1-AS1	1
ENSG00000274379	1
OLFML2B	1
ENSG00000285857	1
DDX59-AS1	1
ENSG00000288988	1
ENSG00000261600	1
HS2ST1	1
TSPAN16	1
WDTC1-DT	1
PROSER2	1
PLEKHA5	1
ENSG00000271843	1
AAGAB	1
GALNT15	1
CAMTA1	1
METTL13	1
ENSG00000254380	1
ENSG00000279070	1
BATF3	1
CCDC92	1
CNST	1
ENSG00000258449	1
MRPL19	1
REEP4	1
SLC24A3-AS1	1
BGLT3	1
RAB3IP	1
KLHDC7A	1
PITPNM3	1
FAM238C	1
LINC01597	1
CIBAR2	1
DEFB115	1
KLHL23	1
RTN4RL1	1
PINK1-AS	1
ENSG00000273890	1
ENSG00000275180	1
ENSG00000275393	1
ENSG00000287175	1
ENSG00000270117	1
LINC02593	1
KLHDC9	1
ENSG00000226143	1
ACTN3	1
ENSG00000287784	1
ENSG00000287756	1
ZBED3	1
CHODL-AS1	1
ENSG00000251458	1
RASGRP1	1
ENSG00000285095	1
SMPD4	1
PCDHA9	1
CLLU1	1
RPL37A	1
H2AC21	1
NSF	1
ENSG00000287879	1
NR2E3	1
BTG2-DT	1
ENSG00000270133	1
ENSG00000290808	1
ENSG00000289544	1
ENSG00000261734	1
ENSG00000291278	1
ENSG00000289426	1
ENSG00000285590	1
LRIG1	1
PRG3	1
ENSG00000271914	1
TLR10	1
DFFB	1
ENSG00000272181	1
TNFSF11	1
GAS6-AS1	1
FXR2	1
GNA14	1
ENSG00000286229	1
DENND4B	1
ENSG00000285705	1
AMN1	1
ENSG00000288016	1
RUSC1	1
MATN1-AS1	1
NUP133	1
KLHL24	1
ENSG00000278730	1
AMIGO3	1
ENSG00000289192	1
PGM1	1
NLN	1
LINC02086	1
ENSG00000251199	1
ENSG00000232500	1
DDIT3	1
MIDEAS	1
ENSG00000267359	1
ENSG00000272745	1
LCA5L	1
ENSG00000289407	1
LRRC3	1
HCAR3	1
ARHGEF9	1
LINC00461	1
ENSG00000270124	1
POLR3A	1
ENSG00000265194	1
ZNF253	1
ADAMTSL5	1
ENSG00000265542	1
ENSG00000290068	1
ENSG00000289379	1
LINC02073	1
VPREB1	1
ENSG00000271964	1
ACBD4	1
THRB	1
SPAG5	1
SLC66A1	1
PGBD2	1
CC2D1B	1
LINC02275	1
ENSG00000272254	1
CLRN1-AS1	1
ENSG00000264083	1
PIK3C2B	1
NDUFA9	1
ENSG00000290056	1
LINC01231	1
BCAR3	1
CCDC186	1
ATL2	1
TCEAL8	1
NCOA5	1
TMEM53	1
NPM3	1
ENSG00000257878	1
ENTREP1	1
BIN3	1
LINC02799	1
ENSG00000287224	1
FMNL1	1
LINC02755	1
LINC01426	1
ENSG00000236022	1
ENSG00000251309	1
ENSG00000285622	1
IQCC	1
DCDC2C	1
GABPB2	1
ENSG00000249112	1
ENSG00000262228	1
ENSG00000289612	1
SPRING1	1
ENSG00000275569	1
AMBP	1
ENSG00000274425	1
ABTB2	1
CCDC18	1
PRRT3	1
LINC01285	1
SELENOF	1
CCDC88C-DT	1
CRHBP	1
ENSG00000273729	1
ENSG00000267521	1
ENSG00000290916	1
ZNF207	1
ENSG00000259254	1
ARMC9	1
LINC01828	1
ENSG00000275759	1
ENSG00000258234	1
LEMD3	1
ENSG00000286774	1
RFTN1	1
LINC01068	1
ENSG00000291077	1
PLA2G2C	1
ENSG00000288826	1
ENSG00000290016	1
HSPBAP1	1
LINC02805	1
SRI	1
JTB	1
LRRC7	1
SPACA5B	1
FBXO4	1
TMEM26	1
LINC01781	1
PKNOX1	1
LINC01734	1
TMC3-AS1	1
DNAJC22	1
E2F5	1
SLC15A5	1
FKBP6	1
MGC16275	1
LRRIQ3	1
ENSG00000273058	1
ATG16L1	1
FNDC3A	1
ENSG00000288937	1
PTPRR	1
PLAAT5	1
ENSG00000280207	1
LINC02453	1
PLBD1-AS1	1
ENSG00000251416	1
ENSG00000275807	1
ENSG00000263731	1
ENSG00000272004	1
ENSG00000219410	1
LINC01409	1
ENSG00000290117	1
ENSG00000224525	1
ZNF354B	1
MLEC	1
TRBV20-1	1
ENSG00000272843	1
ENSG00000288670	1
POU3F1	1
LINC01988	1
ARHGAP9	1
IGKV6D-21	1
NLRC5	1
ENSG00000270240	1
ENSG00000249842	1
ATP11B-DT	1
ENSG00000271955	1
ENSG00000259499	1
LINC02564	1
TBXA2R	1
ENSG00000286585	1
BAALC-AS1	1
NOS1	1
SAMD10	1
ENSG00000235834	1
ENSG00000290790	1
ENTREP3	1
ENSG00000229717	1
ENSG00000287463	1
CDCA3	1
LIMD2	1
NPC1L1	1
SLC5A7	1
PLGLB2	1
TRAPPC14	1
ENSG00000288040	1
ZNF790	1
MAGI1	1
GTDC1	1
CDH23	1
EPHB2	1
DNAI4	1
TRGC1	1
NUAK2	1
IL5	1
ENSG00000286536	1
ZNF234	1
ENSG00000235978	1
SCUBE1-AS1	1
ENSG00000271725	1
ADGRL3-AS1	1
ETNK2	1
ENSG00000224481	1
ACY1	1
ZBTB40	1
C3orf62	1
LINC01135	1
TRGJP2	1
SRGAP3	1
ADGRD1	1
ENSG00000277130	1
MAPK15	1
SUCNR1	1
PYGO2	1
ALOX12P2	1
ENSG00000214999	1
ENSG00000290005	1
C12orf76	1
PDZRN4	1
ENSG00000274447	1
EOGT	1
ELOA	1
LINC02244	1
DDN	1
ENSG00000289070	1
ENSG00000273367	1
LEPR	1
SLC16A12	1
AGAP2-AS1	1
ENSG00000285184	1
SPNS2-AS1	1
ADCY2	1
SCAF4	1
P2RY8	1
ENSG00000284602	1
ENSG00000228560	1
ENSG00000287405	1
ENSG00000258747	1
ENSG00000275567	1
ENSG00000289459	1
ENSG00000259589	1
SMILR	1
DDX11L16	1
LINC02250	1
CIITA	1
WHAMM	1
UBN1	1
P2RX5	1
ENSG00000285300	1
ASB15-AS1	1
ENSG00000230470	1
LINC02476	1
COLEC10	1
A2MP1	1
ENSG00000236540	1
ENSG00000283175	1
SNHG31	1
ZNF517	1
PIKFYVE	1
MRAP	1
ENSG00000290030	1
ENSG00000274964	1
FBXO32	1
TSC22D2	1
TMEM267	1
EDEM3	1
ENSG00000285549	1
TSPAN14	1
KANK1	1
VPS41	1
PRPF40A	1
KLHL35	1
MRPL42	1
CALCRL	1
VIL1	1
ENSG00000287766	1
ENSG00000261546	1
ENSG00000276101	1
ENSG00000225399	1
GOLGA8T	1
ENSG00000285824	1
ENSG00000290817	1
ENSG00000249738	1
ENSG00000258982	1
MAP10	1
LINC02922	1
POP1	1
LRP10	1
TESC-AS1	1
ENSG00000224888	1
EPHX1	1
ENSG00000289323	1
ENSG00000258337	1
ATG101	1
ENSG00000285914	1
ENSG00000284664	1
ENSG00000272851	1
GGCX	1
LINC02188	1
ENSG00000272130	1
ENSG00000289236	1
ENSG00000287508	1
ENSG00000289952	1
ANKRD45	1
ENSG00000286351	1
ENSG00000290546	1
RASAL2-AS1	1
SLCO1C1	1
KIF5A	1
TRIM45	1
ENSG00000254731	1
LRRN2	1
ENSG00000203469	1
COL4A2-AS2	1
ENSG00000223522	1
ENSG00000291132	1
CPS1	1
LINC01684	1
ENSG00000287470	1
LINC02777	1
IGKV3-20	1
ENSG00000224645	1
BHLHE41	1
ENSG00000259519	1
EYA2-AS1	1
ENSG00000284735	1
ENSG00000234019	1
ENSG00000286965	1
PRICKLE2-AS3	1
ENSG00000233517	1
ENSG00000283445	1
ENSG00000263335	1
LINC00511	1
MUC4	1
LRCOL1	1
FAR1	1
KCNC1	1
XPC-AS1	1
LINC03041	1
SLC30A2	1
DUSP10	1
CFLAR-AS1	1
ENSG00000263707	1
ENSG00000258177	1
TM4SF18-AS1	1
LINC01614	1
ENSG00000271427	1
PTGER3	1
IDH3B-DT	1
ENSG00000241860	1
ENSG00000288626	1
TRIM8-DT	1
SGO1-AS1	1
LINC02946	1
CD101-AS1	1
ENSG00000231705	1
ALDH1A3-AS1	1
ENSG00000279317	1
LINC02143	1
EBF3	1
LINC01705	1
ENSG00000224079	1
ENSG00000289261	1
ENSG00000257831	1
OPA1-AS1	1
ENSG00000235096	1
KCNE4	1
ENSG00000275871	1
MCOLN3	1
ENSG00000272667	1
ENSG00000289592	1
ENSG00000253334	1
LIVAR	1
ENSG00000287226	1
ENSG00000286207	1
ENSG00000287306	1
LINC01931	1
ENSG00000272719	1
ENSG00000248475	1
ENSG00000228120	1
TMEM121	1
EIF1B-AS1	1
ENSG00000235450	1
ENSG00000286059	1
PHC2-AS1	1
ENSG00000260095	1
LINC01505	1
ENSG00000268531	1
MATCAP1	1
ENSG00000272574	1
LINC02515	1
ENSG00000214248	1
ENSG00000248115	1
LINC01134	1
ENSG00000271969	1
LRRTM3	1
IL21R	1
IL1RN	1
ENSG00000225144	1
DISC1-IT1	1
IL20RB	1
ENSG00000235427	1
ENSG00000271742	1
MYCL-AS1	1
ENSG00000269176	1
ENSG00000255102	1
CPEB2-DT	1
NAT16	1
ENSG00000276517	1
TM4SF19	1
MROH5	1
ENSG00000270090	1
KCNMB3	1
NPIPB13	1
IL1RAPL2	1
KCNK1	1
ENSG00000270050	1
ASB7	1
ENSG00000287975	1
SYCP2	1
ENSG00000288989	1
PLCB1-IT1	1
ENSG00000289242	1
ST3GAL1	1
ZFPM2-AS1	1
MAP2	1
LINC02748	1
SOS1	1
TAF2	1
PRKG1-AS1	1
UBA5	1
GTF3C2-AS2	1
IGHJ6	1
ENSG00000272438	1
ENSG00000259418	1
LINC00471	1
IGHJ1	1
LINC01237	1
LINC02735	1
LINC02718	1
ENSG00000286659	1
MIR378D2HG	1
B3GALT6	1
ENSG00000285669	1
LINC01909	1
LINC02346	1
E2F6	1
MFF-DT	1
ENSG00000280434	1
LINC00421	1
HAUS6	1
AK2	1
NPIPB5	1
NCK1-DT	1
ENSG00000224969	1
SEC22C	1
ENSG00000233817	1
LANCL1	1
ENSG00000272418	1
C16orf95	1
ITGA2-AS1	1
ENSG00000253252	1
LOXL2-AS1	1
CDHR5	1
KIRREL3	1
TDGF1	1
ENSG00000226163	1
ENSG00000289424	1
TMEM105	1
SPINK8	1
ENSG00000259463	1
GNRH1	1
MTURN	1
ENSG00000278107	1
LINC01271	1
ENSG00000289436	1
CXXC5-AS1	1
ENSG00000289896	1
ABCA9	1
EXOC3L4	1
ENSG00000258954	1
ENSG00000287222	1
ENSG00000256085	1
TRAV30	1
ENSG00000263847	1
RNF183	1
ENSG00000258829	1
AOC1	1
ENSG00000277144	1
ENSG00000176349	1
ENSG00000253363	1
ENSG00000289266	1
MGAT3-AS1	1
ENSG00000284294	1
SMTNL1	1
APOC3	1
ENSG00000247011	1
KRTAP5-10	1
ENSG00000273013	1
TBILA	1
ENSG00000272087	1
LINC02212	1
GABRG2	1
SMIM2	1
ENSG00000250614	1
BRCA2	1
ENSG00000287581	1
TPSG1	1
CCL14	1
RNF32-AS1	1
ENSG00000262052	1
MT1B	1
CCN4	1
EXOC3L2	1
ENSG00000260194	1
ENSG00000254649	1
ENSG00000264290	1
LINC02666	1
TTLL9	1
RPL26L1-AS1	1
ENSG00000286359	1
FIGNL2	1
ENSG00000257989	1
PRPF8	1
C3orf70	1
ENSG00000255219	1
CIDEC	1
ENSG00000268055	1
ENSG00000261070	1
FGFR4	1
IGHV3-74	1
ENSG00000285747	1
ENSG00000285892	1
ENSG00000273447	1
ENSG00000271976	1
FGB	1
PIK3R5	1
VEZT	1
PDE5A	1
IGHJ4	1
GCNT1	1
CDHR1	1
ENSG00000287950	1
LINC02037	1
ENSG00000291165	1
EIF4EBP1	1
ENSG00000253852	1
ENSG00000273267	1
ENSG00000250511	1
ENSG00000290393	1
ENSG00000231125	1
ENSG00000233021	1
PCDHB1-AS1	1
ENSG00000255351	1
ENSG00000256609	1
ENSG00000237167	1
ALKBH3-AS1	1
RPRML	1
ENSG00000278923	1
GPX3	1
CDC42BPG	1
FRMPD4	1
ENSG00000227200	1
ENSG00000272732	1
PCGF3	1
LURAP1L-AS1	1
ENSG00000287251	1
IGLV3-10	1
ENSG00000286337	1
ENSG00000255130	1
ENSG00000257181	1
ENSG00000245748	1
ENSG00000179577	1
CLRN3	1
ANO4	1
GUCY2C	1
ENSG00000272668	1
ENSG00000269925	1
SFTPD-AS1	1
LINC01355	1
ZMYM4-AS1	1
ENSG00000262881	1
NAA11	1
FOXR1	1
RC3H1-IT1	1
SLFNL1	1
ENSG00000259375	1
NOTCH2NLC	1
ENSG00000273272	1
INSIG2	1
ENSG00000283914	1
LINC02693	1
PITRM1-AS1	1
ENSG00000268460	1
LINC02227	1
LINC00313	1
ELF5	1
FAM87A	1
ENSG00000286241	1
ENSG00000278071	1
ENSG00000289352	1
ENSG00000260569	1
KCTD4	1
GATA6	1
CACNA1C-IT1	1
ENSG00000281120	1
IL26	1
ENSG00000253471	1
DCTN1	1
LINC01572	1
APOA1-AS	1
ABCG4	1
KLF15	1
SPINT4	1
ENSG00000286463	1
ENSG00000271981	1
ENSG00000254197	1
TMEM127	1
ENSG00000230532	1
ENSG00000253509	1
ENSG00000253420	1
IFTAP	1
ENSG00000287127	1
GIMAP8	1
ENSG00000287132	1
ENSG00000262372	1
ENSG00000263657	1
LINC03072	1
GPR157	1
PPIL3	1
BTBD19	1
LINC01936	1
PMPCB	1
TTLL13	1
BATF	1
ANKK1	1
ENSG00000251187	1
SCGB1D2	1
ENSG00000251599	1
MYPN	1
ENSG00000278367	1
ENSG00000268584	1
ENSG00000253947	1
HERC6	1
ENSG00000289343	1
AP1G2-AS1	1
C1QL1	1
LRP2BP-AS1	1
ENTPD2	1
MRPL23	1
FOXH1	1
ENSG00000275850	1
GRK3-AS1	1
TCEAL3-AS1	1
PDCD6IP-DT	1
ENSG00000255108	1
ENSG00000249023	1
NCRNA00250	1
ENSG00000249234	1
ENSG00000277186	1
ENSG00000238358	1
FUT3	1
SEMA5A	1
LINC02621	1
ENSG00000289147	1
PODNL1	1
PREPL	1
WDSUB1	1
MYL7	1
MIR1-1HG	1
MIR29B2CHG	1
CPSF2	1
UBE2E3-DT	1
ENSG00000287214	1
CACNA1C-AS4	1
ENSG00000273012	1
ZNF300P1	1
ARL14EP	1
OR51B5	1
SCN3B	1
NPIPA2	1
LINC02734	1
ENSG00000279949	1
ENSG00000271916	1
ADM2	1
ENSG00000267801	1
LINC01910	1
LINC02028	1
LINC00269	1
ENSG00000187185	1
PLEKHM2	1
PPP1R35	1
ENSG00000285911	1
BMP3	1
ENSG00000258181	1
ENSG00000277022	1
SLC22A13	1
BCL2L14	1
CD70	1
ENSG00000253214	1
STX17-DT	1
DRD3	1
ENSG00000262312	1
ENSG00000236800	1
ENSG00000289076	1
PHKG1	1
CYP4Z1	1
OLR1	1
SAP30L-AS1	1
OR52K1	1
PEX19	1
FCRLB	1
KCTD21-AS1	1
ENSG00000286809	1
LINC02201	1
RBMS3	1
CD101	1
ENSG00000276759	1
LRRK2-DT	1
CDH9	1
PSD3	1
ZDBF2	1
USP24	1
NUP214	1
GLCCI1	1
BCLAF3	1
DHX57	1
KIF21A	1
GOLIM4	1
ZNF148	1
ICA1	1
SPATA17	1
ENSG00000253125	1
FAAH	1
ARHGEF5	1
NDST1-AS1	1
ENSG00000273160	1
ATN1	1
TNR	1
ENSG00000288890	1
ENSG00000254698	1
KCNIP2	1
LGR6	1
ADAM22	1
ENSG00000290792	1
PC	1
ENSG00000225195	1
ENSG00000261816	1
DNASE1	1
ENSG00000259807	1
PDE8B	1
ENSG00000289582	1
TRAT1	1
RELL2	1
ENSG00000284895	1
PRR7-AS1	1
ZNF683	1
ARHGEF10L	1
ENSG00000286072	1
NRGN	1
SPDYE3	1
SSR2	1
SCYL3	1
C7orf31	1
ENSG00000237400	1
ENSG00000261026	1
ENSG00000268746	1
ENSG00000287631	1
ENSG00000273384	1
NADK	1
TUT4	1
WBP11	1
ARHGAP30	1
MACF1	1
NT5C2	1
TFEC	1
ENSG00000284734	1
OCM	1
BMERB1	1
ENSG00000260279	1
TMEFF1	1
ENSG00000290835	1
ENSG00000274370	1
RABGAP1L-IT1	1
GSG1L	1
ENSG00000250850	1
MYOZ3	1
RXFP4	1
ENSG00000287615	1
ENSG00000274092	1
AIM2	1
ENSG00000231772	1
ENSG00000230881	1
ENSG00000233411	1
ENSG00000234915	1
CLEC4OP	1
SDHAP1	1
PABPC1L	1
SETDB1	1
ENSG00000248571	1
C1orf112	1
ENSG00000289927	1
ZNHIT6	1
ENSG00000240963	1
SINHCAF	1
ENSG00000269937	1
VPS13B-DT	1
TYROBP	1
NBPF3	1
TAFA1	1
DIAPH2	1
PRICKLE2	1
USP17L4	1
NUBPL	1
TMEM67	1
SLMAP	1
ABCA1	1
LHX2	1
PTPRM	1
CADM3	1
TENM3	1
STX12	1
STXBP6	1
CRTC2	1
ZNF512	1
HPCAL4	1
EGFR	1
NAA15	1
HEATR4	1
CCT6P3	1
ANKRD44	1
TNS3	1
RNASEH2B	1
EIF2AK3	1
ACVR1	1
FAM107A	1
RAPGEF3	1
ARHGDIG	1
PISD	1
WDR49	1
LEFTY1	1
PROX1	1
GCKR	1
ENSG00000255790	1
LILRB3	1
TIGD4	1
RGPD5	1
ENSG00000272821	1
ENSG00000234352	1
NEK5	1
KIF1C	1
ANOS1	1
ST6GALNAC3	1
ENSG00000287720	1
USP30	1
KLHL4	1
SPDYE15	1
ENSG00000273102	1
ANO1	1
KIAA0513	1
DYNLT5	1
AKT3-IT1	1
C16orf46	1
AGPAT5	1
AGAP12P	1
ARHGEF11	1
INO80D	1
ANO10	1
PPP1R21	1
MTF1	1
CDC14A	1
C1GALT1	1
ENSG00000266717	1
TMEM52B	1
ENSG00000289039	1
RRP9	1
BEST3	1
ZNF615	1
CNTD1	1
ENSG00000257452	1
TTLL7	1
MPDZ	1
DYNC2LI1	1
SF3B4	1
ODAD4	1
NME9	1
ENSG00000272908	1
CLEC6A	1
OGA	1
PLXDC2	1
CPNE8	1
ENSG00000275265	1
DBT	1
EIF4ENIF1	1
C1orf21	1
ADCY5	1
SLC24A4	1
RILPL1	1
SAMD12	1
GNG12-AS1	1
PARP9	1
WDR7	1
TMEM178A	1
AVL9	1
KLHDC1	1
ZNF43	1
USP44	1
PDE1C	1
SCN1A-AS1	1
ATP9B	1
CCDC30	1
NFASC	1
FAM185A	1
KLHL12	1
FXR1	1
CCZ1B	1
ZNF385D	1
ACAP2	1
CRPPA	1
CEP83	1
TAOK1	1
ENSG00000289557	1
ENSG00000286371	1
ENSG00000289630	1
ENSG00000268087	1
SRARP	1
ENSG00000287284	1
KLHL30-AS1	1
KCNJ2	1
TBX3	1
ENSG00000255148	1
TTC31	1
ENSG00000260711	1
NAGK	1
AKAP11	1
FAM136A	1
PCDHGB6	1
GHRL	1
NECAP1	1
SLAMF8	1
GIMAP6	1
LINC02500	1
ENSG00000255462	1
MAST4-AS1	1
ENSG00000249216	1
R3HDML	1
ENSG00000226286	1
ENSG00000286729	1
GALNT16-AS1	1
ENSG00000259143	1
LCMT1-AS1	1
ENSG00000289438	1
NOMO3	1
ENSG00000288678	1
ENSG00000242539	1
ST6GALNAC5	1
ENSG00000258317	1
ENSG00000272078	1
NWD1	1
GIMAP1	1
AUP1	1
ENSG00000270574	1
ENSG00000265394	1
ENSG00000271717	1
SLC35G3	1
AADACL2	1
DHDDS-AS1	1
ENSG00000224738	1
ENSG00000237477	1
ENSG00000250497	1
ENSG00000259915	1
EPX	1
WBP1	1
ENSG00000261407	1
FSTL4	1
OXER1	1
DPP10	1
ENSG00000260484	1
ENSG00000253859	1
PKD1L3	1
SLC3A1	1
ENSG00000261629	1
MRPL53	1
PPP3CB-AS1	1
ADNP2	1
MAGI1-AS1	1
SLAMF1	1
PCDHGB2	1
H1-10	1
BRK1	1
EPHA2-AS1	1
ENSG00000260246	1
ENSG00000287875	1
ENSG00000287075	1
ENSG00000264472	1
CLIC6	1
ENSG00000269898	1
ENSG00000248242	1
ENSG00000287105	1
ENSG00000257398	1
FOXD2	1
ENSG00000289380	1
FHAD1	1
ENSG00000289462	1
ENSG00000289727	1
ENSG00000285595	1
ENSG00000273026	1
ENSG00000261707	1
ITGB5-AS1	1
TBC1D3E	1
LINC02363	1
ENSG00000259088	1
ENSG00000251414	1
ATP6V1F	1
ENSG00000290733	1
TDRD10	1
ENSG00000285731	1
ENSG00000272473	1
ENSG00000224789	1
RBMS3-AS3	1
LINC00668	1
AJAP1	1
LINC01352	1
KCNMB2-AS1	1
ENSG00000284418	1
CCDC15	1
ZBTB18	1
FAM180B	1
ENSG00000289476	1
SRSF5	1
RAD52	1
ARGFX	1
NFE2L3	1
MYL3	1
ST3GAL6-AS1	1
KCNH1-IT1	1
MIR99AHG	1
MAP4K2	1
LINC00528	1
ARFGEF1-DT	1
CHMP1B-AS1	1
CD44-AS1	1
SH2D3C	1
MYRF	1
LINC02951	1
UPB1	1
ENSG00000283959	1
ENSG00000223795	1
EEF1AKMT1	1
ENSG00000255256	1
ENSG00000273076	1
LYST	1
SELL	1
TNFRSF10A-AS1	1
ENSG00000286834	1
ENSG00000286010	1
LINC00540	1
PLPP7	1
FZD3	1
ENSG00000250699	1
ENSG00000253430	1
ENSG00000287352	1
ENSG00000272054	1
ENSG00000250577	1
TP53I11	1
TOPBP1	1
C1RL-AS1	1
B4GALT1-AS1	1
MKRN1	1
VAMP4	1
SCAF11	1
HVCN1	1
SLC15A3	1
WDR36	1
MR1	1
MACO1	1
ENSG00000235820	1
TTC19	1
ANGPT2	1
CEP290	1
MYBBP1A	1
ZFYVE28	1
INTS3	1
F11R	1
LONRF3	1
ARNT	1
INTS8	1
JOSD1	1
EMSY	1
LYPLA1	1
CD5	1
ENSG00000291143	1
FBP1	1
IQCE	1
PRRT3-AS1	1
COL18A1-AS1	1
BTBD16	1
ENSG00000286861	1
C17orf114	1
B3GALT5	1
SLC52A1	1
ENSG00000249304	1
ENSG00000285177	1
REL-DT	1
ENSG00000232184	1
ENSG00000273233	1
LINC01829	1
ENSG00000289446	1
RIMS2	1
OR1E2	1
TRIM17	1
CMTM5	1
GPHB5	1
ENSG00000256185	1
ENSG00000290858	1
SOX30	1
ENSG00000249771	1
ENSG00000288770	1
RASAL3	1
ENSG00000265316	1
ZXDA	1
ENSG00000278146	1
ENSG00000271993	1
SRGAP3-AS3	1
NDUFB3	1
ENSG00000286981	1
ENSG00000235612	1
ENSG00000286579	1
PKD1-AS1	1
ENSG00000277701	1
ENSG00000234626	1
MAP6	1
RORC	1
ENSG00000291039	1
ENSG00000272180	1
ENSG00000266261	1
GPX2	1
ENSG00000274629	1
ALKBH2	1
ENSG00000288800	1
CLTA	1
SUN2	1
LRP2	1
SRRM3	1
LINC02176	1
LINC01121	1
ENSG00000250357	1
ENSG00000248266	1
ENSG00000131484	1
PTENP1-AS	1
CLCA1	1
ENSG00000261158	1
RNF17	1
CASP14	1
E2F5-DT	1
ENSG00000289330	1
CYP2B6	1
PCYT1B	1
ENSG00000275418	1
INTS6L-AS1	1
NOL4	1
ENSG00000266954	1
GAS6	1
ENSG00000266708	1
ENSG00000254571	1
FAM199X	1
ENSG00000277550	1
LNCTSI	1
ITGB1BP2	1
PIGO-AS1	1
ENSG00000267356	1
COL20A1	1
LINC01538	1
CEP164	1
ENSG00000261765	1
FGF17	1
ENSG00000274400	1
ENSG00000254510	1
NOVA1-DT	1
OBI1-AS1	1
FGF13	1
NUTM2G	1
ENSG00000250024	1
MTUS2	1
ENSG00000229986	1
LINC01413	1
ENSG00000229587	1
APOOL	1
ENSG00000273550	1
FGF2	1
ENSG00000286451	1
STRA6	1
UBQLN1-AS1	1
ENSG00000262313	1
MYORG	1
SLC12A1	1
SNTA1	1
ENSG00000286158	1
EXD1	1
DNLZ	1
ENSG00000290437	1
GLDC	1
CD38	1
GPC5-IT1	1
ENSG00000269949	1
ENSG00000287029	1
ENSG00000270426	1
GREB1L	1
MIR181A2HG	1
LINC01902	1
CFAP47	1
LINC01098	1
TRIM29	1
ENSG00000231756	1
LMX1B	1
ENSG00000287160	1
ENSG00000253484	1
ENSG00000263278	1
CHRNA6	1
ENSG00000272338	1
SMIM11	1
LINC01311	1
ENSG00000269842	1
ENSG00000236892	1
ENSG00000282885	1
ENSG00000281732	1
ENSG00000254592	1
ENSG00000261392	1
ENSG00000248744	1
ENSG00000263603	1
ENSG00000290538	1
ENSG00000291169	1
GYG2-AS1	1
ENSG00000267501	1
LINC02757	1
ENSG00000285637	1
ENSG00000286195	1
ENSG00000227303	1
ENSG00000263727	1
ENSG00000286799	1
ENSG00000261243	1
ENSG00000289984	1
ENSG00000274367	1
FAM246C	1
ENSG00000269952	1
BSPH1	1
LINC02365	1
FAM163B	1
KCNK13	1
ENSG00000287613	1
ROCR	1
ENSG00000289689	1
GRIA4	1
PDGFB	1
ENSG00000289622	1
ARID3C	1
TMEM92-AS1	1
HKDC1	1
ENSG00000285974	1
PTPRS-AS1	1
LINC01283	1
LINC02237	1
DGCR6	1
CLDN22	1
MYO3A	1
ENSG00000263370	1
LINC01241	1
ENSG00000271401	1
TECRL	1
WWP1-AS1	1
ENSG00000260510	1
ENSG00000248984	1
ENSG00000287503	1
RAD9B	1
UGT2B4	1
ITGA7	1
ENSG00000251391	1
XIRP1	1
ZDHHC7	1
ENSG00000284052	1
YES1	1
TMEM169	1
ENSG00000289040	1
ENSG00000287134	1
ENSG00000286833	1
RLIM	1
SLC9B2	1
IQCA1L	1
ENSG00000290003	1
ENSG00000288951	1
ENSG00000287144	1
STARD3	1
ENSG00000263821	1
PRODH	1
ENSG00000228804	1
ENSG00000266934	1
RAB17-DT	1
ENSG00000273151	1
ASTE1	1
ENSG00000239300	1
ATG10-IT1	1
ENSG00000232693	1
ENSG00000285204	1
ENSG00000272862	1
ENSG00000287916	1
SLC12A9-AS1	1
ENSG00000285744	1
TMPRSS12	1
ZNF518A	1
ENSG00000272970	1
ENSG00000288821	1
KCP	1
ENSG00000272789	1
STARD4-AS1	1
SEC14L5	1
SRGAP3-AS4	1
ENSG00000248839	1
ENSG00000289185	1
IGSF10	1
COPS8	1
ITFG2-AS1	1
ZNF346	1
ETV1	1
SAMD12-AS1	1
ENSG00000261762	1
LINC02261	1
ISX	1
TM6SF1	1
ENSG00000259203	1
CT45A1	1
OBP2A	1
ENSG00000286097	1
LINC00320	1
ENSG00000260957	1
ENSG00000259200	1
ENSG00000286163	1
LINC01388	1
ENSG00000289431	1
NRK	1
TMPRSS15	1
ENSG00000289489	1
ENSG00000259530	1
ENSG00000288234	1
NRARP	1
ENSG00000289025	1
MIR3945HG	1
ENSG00000285091	1
CXorf49	1
NCOR1P1	1
LINC01508	1
CRTC3	1
ENSG00000277693	1
LINC00613	1
C9orf152	1
PCP4	1
ATXN8OS	1
ENSG00000288850	1
CTXN2-AS1	1
GRK1	1
ENSG00000251161	1
ENSG00000251410	1
KRTAP19-1	1
PABPC5	1
LINC00583	1
ENSG00000265579	1
ENSG00000288563	1
PAEP	1
ZNF280A	1
ENSG00000274765	1
WWC2-AS2	1
ENSG00000289492	1
ENSG00000261823	1
PPP4R1-AS1	1
ENSG00000286031	1
ENSG00000249125	1
ENSG00000287729	1
ENSG00000259584	1
DSCR4-IT1	1
ENSG00000288778	1
LINC01079	1
NKILA	1
LAMA1	1
LINC01664	1
SLC28A1	1
YPEL1	1
ENSG00000263860	1
RIMBP3B	1
LINC01634	1
SLITRK2	1
ENSG00000287257	1
ENSG00000285977	1
TOMM20L-DT	1
ENSG00000288661	1
TTC17	1
MTMR3	1
ENSG00000286626	1
SPIRE2	1
MAPK4	1
GABRA5	1
ZFPM1	1
ENSG00000289308	1
NAV2-AS5	1
ABO	1
PTPRA	1
TACC2	1
MYH14	1
ENSG00000261959	1
LINC01858	1
ENSG00000288069	1
JAK2	1
ENSG00000285919	1
GALR1	1
ENSG00000267448	1
SPNS2	1
ARL5C	1
LINC01608	1
ENSG00000251600	1
INPP5A	1
ENSG00000288855	1
DBNDD1	1
PKN1	1
ITPKA	1
SLC18A1	1
ENSG00000250137	1
SDC2	1
LINC02003	1
FGF14-AS2	1
ENSG00000270091	1
ATP8A1	1
VPS26C	1
SERGEF	1
SMARCA1	1
ENSG00000264578	1
CBLIF	1
RNF213-AS1	1
EVL	1
NEDD4	1
ENSG00000263159	1
CAMK2G	1
ENSG00000236838	1
NUPR1	1
ENSG00000259668	1
ENSG00000257272	1
ENSG00000276754	1
ENSG00000256452	1
ENSG00000287896	1
ENSG00000254397	1
KCNJ4	1
BATF2	1
MAPK8IP2	1
ENSG00000288779	1
ENSG00000278013	1
INPP5F	1
SEZ6L	1
ENSG00000274904	1
ENSG00000285790	1
GOLGA8J	1
ENSG00000235494	1
SRRM5	1
ABR-AS1	1
ENSG00000269289	1
ENSG00000278960	1
CSF3	1
ENSG00000250659	1
ENSG00000275236	1
SYNDIG1L	1
RNF227	1
ENSG00000274093	1
PITPNA	1
CACNG7	1
MORC4	1
ZNF728	1
ENSG00000261840	1
AVPR2	1
CACNA1B	1
PGM5P3-AS1	1
ENSG00000259914	1
LINC03080	1
TPSAB1	1
MPPED1	1
CSF2RB	1
MMP25	1
KCNAB3	1
ENSG00000266149	1
ENSG00000264188	1
SNRPD1	1
C18orf25	1
LINC02312	1
SOX10	1
OR56A1	1
SCAPER	1
CDH13	1
TNRC6C	1
ENSG00000267707	1
ENSG00000274898	1
ENSG00000267074	1
OTOAP1	1
CLDN24	1
HORMAD2	1
GAR1-DT	1
USP46-DT	1
ST8SIA2	1
TTYH2	1
MYADM-AS1	1
ENSG00000273284	1
CRYZL1	1
ZNF587B	1
PPRC1	1
HECTD1	1
ENSG00000288055	1
ENSG00000261061	1
HSPA2-AS1	1
BNC1	1
GPR50	1
FGD1	1
ODAD1	1
DEFB132	1
ENSG00000286087	1
ENSG00000260361	1
DSPP	1
ENSG00000286973	1
ENSG00000288913	1
ENSG00000272874	1
ENSG00000279597	1
LNCNEF	1
TUNAR	1
SSU72L1	1
PLEKHS1	1
COL18A1-AS2	1
DNAH9	1
FBXW10	1
LINC03068	1
ENSG00000283380	1
PLAGL2	1
CENPT	1
NR2F6	1
ENSG00000248491	1
RFPL4AL1	1
ENSG00000279954	1
UMODL1	1
ZSWIM9	1
IFT43	1
MTUS2-AS2	1
REELD1	1
FNDC8	1
ATPAF2	1
YPEL3-DT	1
ENSG00000290806	1
ENSG00000260488	1
NKX6-1	1
ENSG00000263424	1
ENSG00000290395	1
TRIM49B	1
TNFRSF10A	1
ENSG00000253174	1
ENSG00000287650	1
OXGR1	1
AMMECR1-IT1	1
KCNH6	1
KIR3DL3	1
PWRN4	1
FAM53B	1
KIF18A	1
ENSG00000251523	1
ENSG00000267758	1
TEX15	1
HSF4	1
CKMT1B	1
ENSG00000286571	1
DHX15	1
NFS1	1
LINC00564	1
SLITRK6	1
RCCD1	1
TBC1D10A	1
LINC02743	1
SELENOV	1
GLYATL2	1
ENSG00000258558	1
ENSG00000276097	1
ENSG00000268842	1
ENSG00000254631	1
ENSG00000264982	1
LINC02335	1
LINC02435	1
ENSG00000287122	1
SLC24A3	1
ENSG00000259420	1
ENSG00000259713	1
TMEM121B	1
UFD1-AS1	1
LINC02509	1
ENSG00000287796	1
EHD4-AS1	1
ENSG00000273216	1
ENSG00000248262	1
ENSG00000236513	1
ENSG00000286367	1
ENSG00000273972	1
ENSG00000286191	1
ENSG00000267000	1
ENSG00000286100	1
DSG1	1
ENSG00000248551	1
ENSG00000223831	1
ENSG00000236754	1
C2CD4A	1
SCUBE1	1
ENSG00000286082	1
ENSG00000259306	1
ENSG00000230159	1
ENSG00000228235	1
ENSG00000288068	1
TEKT3	1
ARAP2	1
LRP4-AS1	1
LINC01169	1
ENSG00000253539	1
ENSG00000268743	1
FGF3	1
ZBTB32	1
ENSG00000289188	1
HEPFAL	1
ENSG00000254687	1
UBAP1L	1
PWRN2	1
ENSG00000272247	1
ENSG00000289314	1
DEPTOR-AS1	1
ENSG00000288533	1
SOX3	1
HOXB-AS2	1
ENSG00000285680	1
CADM1-AS1	1
HRC	1
ENSG00000285739	1
ENSG00000288823	1
PYY	1
ENSG00000259403	1
ENSG00000258874	1
ENSG00000259740	1
C22orf15	1
ENSG00000261670	1
SLFN12L	1
PPP2R2A	1
RAB8B	1
ENSG00000265975	1
MAL	1
C10orf67	1
B3GALT5-AS1	1
ENSG00000247324	1
GDPD3	1
IL17REL	1
ENSG00000268191	1
DUSP9	1
ENSG00000226798	1
ZNNT1	1
SYT5	1
RIBC1	1
ENSG00000260744	1
TEX11	1
LINC00290	1
ENSG00000269053	1
ENSG00000249690	1
ENSG00000289292	1
FAM181B	1
ENSG00000289913	1
ENSG00000248511	1
ENSG00000268093	1
VSTM5	1
ENSG00000233906	1
CC2D2B	1
DDIAS	1
CBL	1
MOB3A	1
ENSG00000234900	1
CPEB1	1
ENSG00000279738	1
ENSG00000258698	1
ENSG00000254844	1
ENSG00000229603	1
ENSG00000261313	1
ATP2A1	1
ENSG00000263677	1
DDX1	1
TAF11L13	1
H3Y2	1
POLR1F	1
PURPL	1
CYTOR	1
ENSG00000267457	1
STARD13	1
ENSG00000287003	1
ZNF32	1
MTPN	1
LINC01173	1
KIF14	1
TAF11L11	1
LINC00957	1
ADGRG3	1
CCDC83	1
STX5-DT	1
PARD6A	1
ENSG00000261394	1
MSC-AS1	1
MIR142HG	1
LAMB2	1
TAF11L12	1
SLC45A4	1
ENSG00000272275	1
KCNQ1OT1	1
ENSG00000253832	1
MAGEE2	1
DPP9-AS1	1
RABL2A	1
TMEM108	1
ENSG00000285693	1
BIRC2	1
LINC01416	1
HIRA	1
ANKRD42	1
ENSG00000264660	1
TMSB15B-AS1	1
DDX19B	1
ENSG00000254898	1
ETV4	1
ENSG00000258419	1
LRRC9	1
DCDC1	1
PTGES	1
ZNF625	1
WWP2	1
ENSG00000272079	1
CXCL9	1
ENSG00000254826	1
KLF8	1
ENSG00000259188	1
LIPI	1
PRLR	1
STRA8	1
SDK1	1
UQCRFS1-DT	1
PRIMA1	1
ENSG00000289405	1
ENSG00000287360	1
ENSG00000287146	1
ZNF577	1
PAK3	1
ENSG00000261346	1
SPTBN4	1
PALB2	1
FAM135B	1
CCL3-AS1	1
ENSG00000255422	1
ENSG00000230647	1
ACSM2B	1
UGT2A3	1
GSG1L2	1
CSDC2	1
OR1L8	1
ENSG00000231873	1
LINC01443	1
IGFALS	1
ENSG00000248425	1
ENSG00000289999	1
HMGCR	1
ELDR	1
ZNF140	1
ENSG00000257515	1
ENSG00000276744	1
RBPMS-AS1	1
LINC01559	1
SMIM38	1
RNASE4	1
ENSG00000284977	1
ZMYND15	1
ENSG00000289998	1
ENSG00000245008	1
ZNF790-AS1	1
FABP4	1
PPY	1
ENSG00000281538	1
TRPC2	1
ENSG00000257060	1
ZNF705D	1
ENSG00000233367	1
ENSG00000226012	1
LINC01410	1
ENSG00000249635	1
TSHZ2	1
IGLC1	1
RNF214	1
LRRC4C	1
DUSP4	1
IFIT3	1
PROX2	1
MIR7-3HG	1
KCNH4	1
FAM238A	1
PPM1K-DT	1
PLA2G12B	1
LINC02626	1
ENSG00000231748	1
CORO2A	1
IFNW1	1
NUTM1	1
LINC00519	1
PPP1R14B-AS1	1
FAM133B	1
POLR2F	1
MIR4300HG	1
ENSG00000290609	1
DSC3	1
ENSG00000261198	1
TOM1L1	1
ENSG00000246225	1
ENSG00000289596	1
SOHLH2	1
LGALS12	1
ENSG00000250501	1
RAB28	1
ENSG00000253607	1
GINS3	1
ENSG00000232710	1
ENSG00000237461	1
ENSG00000269836	1
NAALAD2	1
CTC1	1
PIK3R6	1
ZSWIM4	1
DAPP1	1
PIK3AP1	1
IGLV2-23	1
TM9SF2	1
ACOX1	1
ATAD1	1
DOCK1	1
ELAVL1	1
APOL6	1
ENSG00000290933	1
ENSG00000266371	1
MLLT6	1
TMEM104	1
LOXHD1	1
CTDP1-DT	1
ENSG00000286153	1
TSPEAR	1
LINC01678	1
CHAF1B	1
IGHVII-74-1	1
RTF1	1
STAM	1
RRP7BP	1
CDC27	1
XPO6	1
ENSG00000266987	1
TAF11L2	1
BACH1-IT1	1
ENSG00000290816	1
ENSG00000288941	1
ENSG00000278464	1
ENSG00000286873	1
ENSG00000234141	1
ENSG00000264514	1
TBX5-AS1	1
ENSG00000267262	1
ENSG00000248576	1
CHADL	1
ENSG00000249114	1
ENSG00000277351	1
LINC00334	1
ENSG00000286131	1
ENSG00000289860	1
SLCO5A1-AS1	1
DRD2	1
ENSG00000267601	1
ENSG00000290677	1
OR7D2	1
ENSG00000287290	1
C14orf178	1
PDZD9	1
ENSG00000247970	1
HAS2-AS1	1
ENSG00000253829	1
ENSG00000267655	1
PHF24	1
ENSG00000278002	1
ANKRD7	1
FAM111A-DT	1
SHBG	1
IL1RL1	1
TRGV4	1
ENSG00000286618	1
ENSG00000255542	1
LINC02005	1
ENSG00000267711	1
ANKRD44-AS1	1
SCTR	1
ENSG00000234134	1
CTRB2	1
ENSG00000261269	1
ENSG00000268266	1
ENSG00000290688	1
ENSG00000267724	1
LINC01877	1
ZFP28-DT	1
DHX34	1
ENSG00000286730	1
IRX4	1
ENSG00000276436	1
PALLD-AS1	1
ENSG00000286994	1
RGS11	1
LINC01565	1
ENSG00000289335	1
KCNH8	1
RB1-DT	1
ENSG00000286360	1
ENSG00000273156	1
ENSG00000233968	1
ENSG00000249685	1
LINC01003	1
CEBPD	1
PLXNB1	1
ENSG00000251152	1
ENSG00000277246	1
ENSG00000259774	1
CENPE	1
THBD	1
ENSG00000258068	1
ENSG00000286253	1
EPN3	1
ENSG00000287133	1
ENSG00000239498	1
POLQ	1
NAXD-AS1	1
ENSG00000233739	1
CFAP20DC	1
GRID2IP	1
ENSG00000282890	1
ENSG00000278816	1
ENSG00000286877	1
LINC02640	1
ENSG00000248629	1
USP28	1
ENSG00000289319	1
GRIN2B	1
ENSG00000285190	1
ENSG00000276445	1
FBLN7	1
ENSG00000257955	1
ADAM12	1
ENSG00000255375	1
ENSG00000263338	1
ENSG00000230696	1
LINC01431	1
ENSG00000248515	1
ENSG00000285577	1
ENSG00000243433	1
ENSG00000289973	1
TMEM9B-AS1	1
ENSG00000289497	1
ENSG00000272950	1
ENSG00000269463	1
ENSG00000286865	1
ENSG00000267175	1
DMD-AS3	1
ENSG00000287269	1
ENSG00000255028	1
ENSG00000250390	1
ENSG00000271763	1
ENSG00000287245	1
APBA2	1
CA4	1
ENSG00000279571	1
LY6E-DT	1
DEFB127	1
ENSG00000260310	1
ENSG00000290087	1
ZNF316	1
ENSG00000254171	1
ENSG00000288045	1
NHSL2	1
ALOX5	1
ENSG00000285850	1
LINC02560	1
SLCO6A1	1
NHS-AS1	1
GDPD4	1
LINC02193	1
SHANK2	1
ENSG00000262777	1
ENSG00000290946	1
LINC02157	1
C21orf91-OT1	1
TCF15	1
ENSG00000267705	1
MS4A13	1
ENSG00000254315	1
ENSG00000263683	1
ENSG00000254031	1
C16orf90	1
ENSG00000272742	1
MIS18A-AS1	1
OR2S2	1
ENSG00000254587	1
ENSG00000258761	1
CDH18	1
ENSG00000253585	1
NTNG2	1
TOMM20L	1
ENSG00000235772	1
ENSG00000259283	1
ACE	1
MACROD2-IT1	1
ENSG00000275672	1
RNF157-AS1	1
ENSG00000273796	1
TGFB3-AS1	1
CXCL1	1
OR52B6	1
LINC00158	1
ENSG00000270020	1
CNFN	1
LINC02080	1
ENSG00000261872	1
ENSG00000287477	1
ENSG00000260249	1
GLYATL1B	1
ENSG00000290887	1
ENSG00000275155	1
LINC01164	1
ENSG00000259631	1
ENSG00000286686	1
ENSG00000266744	1
ZNF486	1
KIRREL3-AS2	1
NAP1L2	1
IFT46	1
LRRC37A11P	1
ENSG00000272293	1
AMOT	1
ENSG00000281530	1
ULK4P2	1
ENSG00000277170	1
ENSG00000265494	1
ENSG00000261120	1
ENSG00000254180	1
EVPL	1
ENSG00000264434	1
ENSG00000290377	1
ENSG00000277182	1
LINC01549	1
NR0B1	1
L1CAM-AS1	1
PDCD2L	1
ADAMTS8	1
ENSG00000253730	1
RGS22	1
ENSG00000253932	1
ENSG00000267628	1
ST8SIA5-DT	1
THSD4-AS1	1
MYH7	1
LINC01583	1
ENSG00000288885	1
NECTIN1-AS1	1
ART1	1
ENSG00000259290	1
ENSG00000290704	1
CNGB1	1
ENSG00000259415	1
SLC6A4	1
ENSG00000291170	1
COL24A1	1
MCCC1-AS1	1
ENSG00000261218	1
ENSG00000227481	1
OR2A14	1
ENSG00000288971	1
ENSG00000277423	1
ENSG00000259081	1
ENSG00000287469	1
ENSG00000289159	1
ENSG00000272030	1
LDLRAD3	1
ENSG00000276170	1
LINC02145	1
PSMD6-AS2	1
ENSG00000225632	1
ENSG00000287427	1
SDK1-AS1	1
ENSG00000289946	1
RHBDL3	1
TTPA	1
VSTM2L	1
ENSG00000289325	1
DNAJC5G	1
SLC26A9	1
ENSG00000274895	1
SFTPB	1
LPAR4	1
ATP13A4	1
LHX4	1
ENSG00000289480	1
ENSG00000224342	1
LINC02209	1
ABRA	1
LINC02983	1
ENSG00000288896	1
ENSG00000288776	1
ERVH48-1	1
MMP3	1
ENSG00000232949	1
AHRR	1
LINC01115	1
MESP2	1
ENSG00000254951	1
LINC02694	1
ENSG00000259222	1
ENSG00000224901	1
ARHGEF3-AS1	1
LINC00847	1
ENSG00000254044	1
ARNT2-DT	1
CIAO3	1
GRPEL2-AS1	1
ENSG00000248335	1
ENSG00000248254	1
ENSG00000274021	1
MYCBPAP	1
ANKRD39	1
ENSG00000229969	1
OR2A7	1
GTSCR1	1
ENSG00000288999	1
FFAR4	1
MIR4500HG	1
ENSG00000259715	1
SYCE1	1
PRKAG2-AS2	1
NKAIN1	1
ENSG00000284976	1
LHCGR	1
ENSG00000276740	1
ENSG00000286577	1
ENSG00000290077	1
ENSG00000282849	1
SOX13	1
ENSG00000285907	1
DNMT3B	1
LINC01791	1
SPDYE17	1
ENSG00000288973	1
ENSG00000249175	1
ENSG00000249166	1
LINC02068	1
ENSG00000289095	1
ENSG00000248636	1
ENSG00000286791	1
SORCS3-AS1	1
ENSG00000260859	1
ENSG00000265413	1
BTBD18	1
ENSG00000289586	1
TMEM132D	1
EGLN3-AS1	1
ENSG00000232200	1
KY	1
ENSG00000203258	1
TIMM8A	1
ENSG00000286161	1
ENSG00000286926	1
ATP6V1C2	1
ENSG00000290514	1
LNCTAM34A	1
ENSG00000287564	1
COL6A5	1
ENSG00000288875	1
AKR7A3	1
SMIM41	1
DMBX1	1
YEATS2-AS1	1
ENSG00000261540	1
SLC6A3	1
ALB	1
EWSAT1	1
LINC01682	1
ENSG00000287744	1
ENSG00000263477	1
FCGR2A	1
SORCS1	1
TMEM69	1
ZDHHC24	1
MS4A3	1
PCGF2	1
ADPRS	1
FIBCD1	1
ENSG00000243415	1
ENSG00000232636	1
ENSG00000286489	1
ENSG00000290690	1
LBP	1
H6PD	1
CLEC2D	1
OR2T8	1
ASGR2	1
HABP2	1
TBX22	1
CCL22	1
ENSG00000291177	1
LINC02975	1
TRGV2	1
LRRC42	1
ENSG00000272384	1
RNF168	1
SHLD1	1
ENSG00000286715	1
ENSG00000289079	1
CLEC3A	1
PDE4B-AS1	1
VPS13C-DT	1
ENSG00000230233	1
TRIM58	1
DUOXA2	1
MS4A15	1
UBR4	1
MOB1B	1
NME8	1
CD28	1
PA2G4	1
SSBP1	1
TRBJ1-2	1
OVCH2	1
COX7B2	1
AQP2	1
ENSG00000277738	1
ENSG00000287809	1
CNNM3	1
CYP2C8	1
ENSG00000275371	1
ENSG00000255164	1
ENSG00000261291	1
NPIPA8	1
ENSG00000258654	1
LINC02753	1
FKBP7	1
ENSG00000286708	1
ENSG00000287627	1
ENSG00000227479	1
CCDC62	1
ALOX15B	1
LINC01816	1
HTRA2	1
ENSG00000276863	1
ENSG00000291247	1
SPTA1	1
EIF4EBP3	1
CTSL3P	1
RASSF8-AS1	1
POU3F4	1
TLR1	1
STAG2	1
TES	1
LHFPL3-AS2	1
TRBJ2-6	1
MS4A1	1
LINC00681	1
ZNF333	1
ENSG00000289331	1
ENSG00000254932	1
ENSG00000234238	1
ENSG00000289044	1
ENSG00000286757	1
DACT3-AS1	1
ENSG00000290955	1
NSUN7	1
TRPC3	1
RAPSN	1
ENSG00000288098	1
ENSG00000267396	1
B3GALT2	1
LRRC39	1
ACKR2	1
ENSG00000269971	1
ENSG00000227733	1
ENSG00000273004	1
ENSG00000256469	1
CTDSP1	1
SLC16A6	1
CPNE4	1
ENSG00000229848	1
MAPK8IP3-AS1	1
ENSG00000275645	1
ENSG00000241219	1
CETN3	1
TMEM205	1
NRP2	1
CHURC1	1
CRB2	1
ENSG00000289578	1
GJD3	1
ENSG00000290450	1
PSG2	1
LINC01925	1
ALYREF	1
TCEAL3	1
RAB40C	1
CLEC14A	1
MECOM-AS1	1
B3GNT2	1
ENSG00000291184	1
ENSG00000289134	1
LINC02254	1
POTEE	1
MAP4K3-DT	1
GALNT10	1
LINC01004	1
DNASE1L3	1
LINC02945	1
BRIX1	1
ENSG00000271963	1
ENSG00000249870	1
ENSG00000285748	1
PABPC4	1
MCTP1-AS1	1
ENSG00000289493	1
ENSG00000241073	1
ENSG00000237188	1
DNALI1	1
LYPD1	1
DMAP1	1
RTN4R	1
GPRASP2	1
PCA3	1
ENSG00000274213	1
C19orf33	1
ZNF526	1
ENSG00000290855	1
LDB2	1
PYY2	1
ENSG00000289250	1
SLC26A5	1
TM4SF5	1
FOXJ1	1
TMEM191B	1
LINC02323	1
POLM	1
ENSG00000254303	1
ENSG00000259515	1
HRCT1	1
ZMAT4	1
KLHL26	1
KRTAP4-1	1
LINC02267	1
HTRA1	1
HIF1A-AS1	1
LINC00457	1
BCL2L1-AS1	1
ENSG00000251388	1
ETV2	1
GIPC3	1
ENSG00000260037	1
MAGEE1	1
VEGFD	1
ENSG00000287905	1
CGB2	1
ENSG00000289285	1
ENSG00000286435	1
ENSG00000268655	1
PANX2	1
S1PR2	1
LINC01842	1
NACC1	1
ZNF197	1
C16orf74	1
NTMT2	1
LINC01389	1
NPB	1
TRIM55	1
ENSG00000232811	1
ENSG00000225075	1
LINC00392	1
CST4	1
ENSG00000260772	1
ENSG00000285151	1
PTOV1	1
ENSG00000266450	1
ENSG00000225963	1
GTF2I-AS1	1
TAS2R13	1
RAPGEF4-AS1	1
GJA5	1
TRIM36	1
ENSG00000254129	1
NLRP3	1
TCEAL5	1
HES4	1
ENSG00000266490	1
TRIM35	1
DHH	1
ENSG00000287618	1
AP3S1	1
ENSG00000278192	1
KBTBD12	1
SPEG	1
MYOM3	1
LINC01053	1
DLGAP4-AS1	1
PRDM5	1
ENSG00000272583	1
ENSG00000290095	1
TMOD4	1
ENSG00000257346	1
ENSG00000228509	1
ENSG00000269873	1
B3GALNT1	1
PCDH15	1
SH3BP5L	1
BOLL	1
ENSG00000289960	1
FGF7	1
ENSG00000289698	1
ASNSP1	1
NEGR1	1
ENSG00000284934	1
ARPP21-AS1	1
ENSG00000285848	1
SHH	1
CADM3-AS1	1
ZNF773	1
NTN4	1
ENSG00000280366	1
GNRHR	1
HAPLN3	1
PDZK1IP1	1
GLT1D1	1
SFMBT2	1
LINC01854	1
LINC01841	1
MYH6	1
ISLR	1
ENSG00000289841	1
SPTBN1-AS2	1
LINC02603	1
DPT	1
PPP4C	1
THAP12	1
GNRH2	1
ENSG00000287064	1
ENSG00000289599	1
TAFA2	1
CHRM3	1
LINC02253	1
ENSG00000269947	1
PTDSS1	1
LARS2-AS1	1
ENSG00000289868	1
RBM45	1
TMEM59	1
ENSG00000269621	1
ENSG00000270103	1
CYP3A7	1
ENSG00000277825	1
LINC00485	1
SLC25A44	1
LMO7	1
WDR7-OT1	1
ENSG00000289569	1
ENSG00000266805	1
ENSG00000286245	1
ENSG00000231830	1
SORCS2	1
ENSG00000287191	1
FAM151B	1
ENSG00000203593	1
ENSG00000267766	1
GCC2-AS1	1
WWTR1-IT1	1
ELMO1-AS1	1
RANBP3	1
NFIA-AS1	1
ENSG00000228404	1
CACNA1F	1
CCDC85B	1
ITGB5	1
DNMT3A	1
HAND2	1
ZNF416	1
SERTM1	1
ENSG00000273325	1
ENSG00000273582	1
KNOP1	1
ENSG00000278370	1
ENSG00000289564	1
PPP1R37	1
LINC01798	1
TSPAN18	1
SLC25A53	1
HEIH	1
ENSG00000287884	1
GTF3C2-AS1	1
ZFR2	1
GTF3C1	1
ENSG00000225498	1
ENSG00000254404	1
UTF1	1
ENSG00000286504	1
NIFK	1
ROCK1	1
TRPM7	1
ENSG00000236115	1
MYCBP2-AS1	1
ENSG00000276571	1
ENSG00000291312	1
ENSG00000287707	1
TNFRSF13C	1
FAM210B	1
LINC01471	1
HPN-AS1	1
ENSG00000240240	1
LINC00921	1
HS6ST2-AS1	1
TWF2-DT	1
LETR1	1
FANCG	1
BAP1	1
ASMT	1
ELL	1
IGLV2-14	1
IGLV3-25	1
KCNN1	1
DPEP2	1
ENSG00000266469	1
LINC02041	1
SYT15-AS1	1
NPY	1
CYP1B1	1
ESRG	1
MED18	1
ENSG00000287665	1
ENSG00000233852	1
ENSG00000250383	1
HPDL	1
UPK2	1
ENSG00000254777	1
VPS37D	1
SHISA8	1
ENSG00000258789	1
OAS3	1
ENSG00000290015	1
ENSG00000258935	1
ENSG00000249642	1
ENSG00000275389	1
ENSG00000267436	1
ENSG00000290758	1
RBPMS	1
ENSG00000285627	1
CEP70	1
ABCG8	1
C16orf95-DT	1
S100A8	1
S1PR4	1
ENSG00000236601	1
LINC01322	1
CALR3	1
ZNF264	1
IGLV1-44	1
LMF1	1
BAZ1A-AS1	1
ZNF528-AS1	1
ZNF853	1
UGT3A2	1
ENSG00000287249	1
LINC02018	1
ENSG00000263276	1
RNF44	1
UBXN10	1
SPAG4	1
ENSG00000230623	1
CSRNP2	1
PDE3B	1
TARP	1
PLXND1	1
PARM1	1
ENSG00000269578	1
SVOPL	1
PFKFB2	1
ENSG00000266311	1
ENSG00000287569	1
LINC01375	1
PGAM2	1
ENSG00000249258	1
ENSG00000272973	1
ENSG00000290937	1
ENSG00000269514	1
PNMT	1
ENSG00000289943	1
ENSG00000286588	1
ENSG00000286864	1
HEATR6-DT	1
MFSD4A	1
IGKC	1
ENSG00000249791	1
ENSG00000234818	1
ENSG00000257496	1
DNPEP-AS1	1
ENSG00000287855	1
PDE11A	1
GLS2	1
ESPNL	1
ANGEL2	1
COX6A1	1
ENSG00000258603	1
ENSG00000279175	1
ENSG00000276272	1
ENSG00000229065	1
ENSG00000251244	1
COL16A1	1
FBXL12	1
LINC01518	1
ENSG00000214970	1
LINC02502	1
CZIB	1
ENSG00000234223	1
CNNM1	1
ENSG00000286563	1
ENSG00000259544	1
CPVL-AS2	1
ENSG00000232959	1
ZSWIM8-AS1	1
PRDM8	1
ENSG00000231477	1
PCOLCE	1
ENSG00000286244	1
ENSG00000259002	1
GPER1	1
ZNF426	1
MTNR1A	1
GDNF	1
ABCA10	1
ENSG00000287420	1
BEAN1	1
GNA12	1
ENSG00000258323	1
LINC02912	1
ENSG00000248545	1
CIBAR1-DT	1
CARS1-AS1	1
LINC01259	1
ZSCAN2-AS1	1
MIR9-3HG	1
APBA1	1
PPP1R42	1
CCDC194	1
LINC02895	1
ENSG00000288746	1
ENSG00000289894	1
ENSG00000275234	1
ENSG00000261632	1
ENSG00000283907	1
HEATR9	1
ENSG00000245667	1
CTNNA2	1
VSNL1	1
HOTTIP	1
ENSG00000259536	1
TAL2	1
SLC46A2	1
DCAF4	1
ENSG00000276846	1
ENSG00000290192	1
LINC02455	1
PRKAR2A-AS1	1
LINC00710	1
ZEB2-AS1	1
ENSG00000267784	1
LINC01482	1
ENSG00000286180	1
CCDC89	1
AKAP13-AS1	1
ENSG00000287655	1
S1PR3	1
AOAH	1
CFLAR	1
PORCN	1
ENSG00000267239	1
ENSG00000290088	1
SCAND1	1
CHSY1	1
RNF152	1
UQCC1	1
TMEM168	1
AOPEP	1
LINC02929	1
ENSG00000251259	1
FAM87B	1
MYT1	1
KCNE5	1
LINC02604	1
ENSG00000285812	1
TRBV6-2	1
PLCH2	1
ENSG00000261273	1
ENSG00000229044	1
BBS1	1
DNAJC28	1
ZC3H12A	1
DCAF7	1
SPACA6	1
MRPS24	1
SMG1P7	1
C12orf56	1
TMEM51-AS2	1
ADAMDEC1	1
ENSG00000287367	1
TNS1-AS1	1
ABCB11	1
TIFAB	1
EXPH5	1
ENSG00000288109	1
MRAS	1
ZNF281	1
ENSG00000289351	1
POP7	1
ENSG00000288018	1
ENSG00000235795	1
PKD2L1	1
SLIT2	1
ENSG00000253628	1
KIAA1549	1
ENSG00000228084	1
AACS	1
CRB3	1
CXorf58	1
GLB1L	1
ENSG00000255306	1
ENSG00000258162	1
PAPOLA-DT	1
KCNA3	1
ZNF781	1
ENSG00000228843	1
ENSG00000261049	1
NTRK2	1
KDM8	1
ZNF496	1
SPATA41	1
PLUT	1
LEF1-AS1	1
MEIG1	1
PRB4	1
CSN1S1	1
THEM5	1
ENSG00000291194	1
CCL24	1
ENSG00000232628	1
BORCS5	1
ORC1	1
VIPR1	1
CP	1
ENSG00000289377	1
NPL	1
NDST1	1
LINC00582	1
UAP1	1
NAALADL2-AS2	1
SGIP1	1
OR14A16	1
ENSG00000258082	1
ENSG00000289538	1
ADRA2A	1
ENSG00000250043	1
GXYLT1	1
ENSG00000267666	1
LINC01941	1
ENSG00000257735	1
ENSG00000289855	1
RASA4B	1
VWA5A	1
CSNKA2IP	1
RAB6D	1
LINC01502	1
ENSG00000288756	1
ENSG00000255477	1
IDH2	1
RBM19	1
SNX25	1
ENTPD1	1
FAM13A-AS1	1
LINC02269	1
ENSG00000251216	1
ENSG00000283125	1
ENSG00000287684	1
TRGV3	1
ABCG2	1
LINC02397	1
BRAP	1
ENSG00000288954	1
IRAG1	1
ENSG00000289333	1
ERG	1
RSPRY1	1
CCR2	1
LRRC18	1
FCRL6	1
DNAJB4	1
ENSG00000291201	1
WEE1	1
ENSG00000274987	1
ENSG00000286771	1
SEC62	1
LIMCH1	1
LINC00933	1
ENSG00000286045	1
ENSG00000261572	1
TTLL6	1
RSC1A1	1
ENSG00000286732	1
TMC3	1
KCTD8	1
ZNF785	1
PSTPIP1	1
AQP9	1
HBM	1
LRRC3-DT	1
MYOM1	1
IFNG	1
LRRC75A	1
NOTCH2NLB	1
ENSG00000290038	1
FCRL1	1
ITLN1	1
ENSG00000230955	1
ENSG00000230709	1
ENSG00000290993	1
PAQR4	1
ARHGEF35-AS1	1
ENSG00000267605	1
ACSM3	1
ENSG00000289206	1
PSRC1	1
ENSG00000285656	1
ENSG00000289280	1
DNAH10	1
ENSG00000272979	1
CNTN3	1
TENM2	1
ENSG00000287250	1
ENSG00000258050	1
C7orf57	1
OGFOD1	1
TUBA1B-AS1	1
PMVK	1
GNPAT	1
ENSG00000267424	1
ENSG00000259364	1
ENSG00000224077	1
ENSG00000253106	1
RPAP3-DT	1
ENSG00000281333	1
ASIC3	1
VEPH1	1
SLAMF9	1
PADI4	1
FAM98C	1
ENSG00000289142	1
ATP5MC2	1
SLC30A4	1
ENSG00000259594	1
PDZRN3	1
ZNF829	1
ENSG00000290736	1
LMNA	1
TMPRSS13	1
ZBTB17	1
KCNJ5	1
KCNT1	1
ENSG00000227355	1
NCKAP5-AS1	1
LARP4B-DT	1
ENSG00000253388	1
UTS2	1
DOCK8-AS1	1
ATP13A5	1
ENSG00000277214	1
CRYBA1	1
PRDM8-AS1	1
CHPT1	1
CD46	1
ENSG00000276417	1
DEDD2	1
SLC11A2	1
ENSG00000289193	1
ENSG00000286874	1
ENSG00000259986	1
CPA3	1
TRPV2	1
CHFR	1
PCF11	1
PRRC1	1
RAB27A	1
TAF15	1
LMAN2	1
MYO1E	1
PAMR1	1
UCK2	1
UMAD1	1
LMOD1	1
VIT	1
STAMBP	1
MTR	1
TMCO4	1
CCDC121	1
LINC01948	1
GAL3ST1	1
ENSG00000287524	1
COLEC11	1
CARNS1	1
PCDHGA9	1
ENSG00000230454	1
ARAP1-AS1	1
GPR151	1
MELK	1
FBXL17	1
RARG	1
ARSB	1
RAB35	1
ENSG00000231856	1
STC2	1
ENSG00000243305	1
NCAM1-AS1	1
ENSG00000290059	1
ENSG00000249752	1
LINC02736	1
LINC01937	1
ENSG00000286263	1
PRMT6	1
GREM2	1
CWC27	1
XPO1	1
ABI3BP	1
ENSG00000290100	1
ENSG00000230163	1
ENSG00000197332	1
MXRA5	1
ENSG00000273245	1
ENSG00000217702	1
C1orf115	1
THBS4-AS1	1
PML	1
ENSG00000223343	1
ENSG00000289347	1
FLRT2	1
KDM4D	1
ENSG00000259359	1
NAA35	1
PIP4K2A	1
UBE3C	1
DPP4	1
WWTR1	1
KAT6B	1
TSN	1
TMEM184B	1
SLIT3	1
ASDURF	1
TMEM79	1
CCSER2	1
GLOD5	1
ENSG00000265749	1
CACNA1C-AS1	1
ENSG00000258520	1
CREBRF	1
NMD3	1
VDR	1
SCCPDH	1
ENSG00000225057	1
ANO7	1
PHLPP2	1
STX3	1
ENSG00000272084	1
ENSG00000288835	1
AHCYL2	1
DZIP1	1
SMIM12	1
BCL2L13	1
LINC02636	1
KCNE2	1
ENSG00000224251	1
ENSG00000287762	1
ENSG00000267919	1
ENSG00000283766	1
ENSG00000260948	1
ENSG00000278668	1
TRNAU1AP	1
SPATA13	1
PUM2	1
ENSG00000251379	1
ENSG00000266872	1
ACKR3	1
DLG3-AS1	1
SSTR5	1
LINC02133	1
WIPF1	1
SMAD6	1
NCOA3	1
STAC	1
ENSG00000259952	1
ENSG00000288737	1
GMEB1	1
UIMC1	1
CTNNA1	1
ZNF431	1
ENSG00000285280	1
ENSG00000288908	1
NCKAP1L	1
ZNF652	1
RIC1	1
MYLK	1
MORN5	1
LNCAROD	1
FMO3	1
C12orf40	1
ADAMTS6	1
IL3	1
SYNRG	1
RANBP2	1
CSF2	1
ENSG00000289526	1
DGKZ	1
SGO1	1
RBM15-AS1	1
ENSG00000290102	1
HMCN1	1
CRADD	1
CCDC171	1
SQOR	1
ENSG00000230615	1
LCK	1
AP5Z1	1
LINC02361	1
ISL2	1
SPECC1	1
OSBPL10	1
PGD	1
NEO1	1
SVBP	1
MFSD3	1
ENSG00000286542	1
P3H2-AS1	1
CNIH3	1
TMEM234	1
ENSG00000289992	1
GTF3C3	1
ENSG00000287858	1
CBX4	1
ADAMTS4	1
ENSG00000285906	1
ZNF670	1
ALDH4A1	1
KAZN	1
NUDCD2	1
SP140L	1
LINC02943	1
ENSG00000236494	1
ENSG00000228028	1
ENSG00000287822	1
CRIM1	1
ENSG00000268355	1
NUTM2D	1
COPS9	1
ENSG00000289453	1
VGLL4	1
GGT1	1
SCG2	1
MAP4K4	1
ZMIZ1	1
TP53I3	1
ATP8B1	1
ENSG00000244676	1
SMARCAD1-DT	1
ENSG00000265484	1
TWIST1	1
MIR1915HG	1
MEG8	1
ENSG00000225807	1
ENSG00000255825	1
CLDN18	1
ESPN	1
POLE3	1
TGFBR2	1
ENSG00000287382	1
ENSG00000291221	1
ENSG00000289933	1
TMEM115	1
ZCCHC9	1
WDR37	1
ENSG00000228334	1
SEMA3C	1
AP2B1	1
ENAH	1
PRSS23	1
CSRP2	1
C1QTNF7	1
MIR4435-2HG	1
SPATS2L	1
P2RY11	1
TRGJ2	1
LINC01554	1
FAM81A	1
RAB34	1
BCAS3-AS1	1
GATA6-AS1	1
TMTC2	1
DAND5	1
ENSG00000265728	1
ENSG00000259621	1
ENSG00000286872	1
ENSG00000232884	1
ENSG00000276952	1
GOLGA8M	1
SLC40A1	1
MCM8-AS1	1
PPCDC	1
MALT1-AS1	1
ENSG00000259682	1
ENSG00000288992	1
PPP1R3A	1
SOD1-DT	1
SNAP25-AS1	1
ENSG00000260672	1
LINC01723	1
ENSG00000233754	1
SNX32	1
MRPL12	1
OBSCN	1
ACAN	1
TRHDE-AS1	1
DHRS4-AS1	1
SPDYE2	1
SGSM3-AS1	1
SEMA4C	1
ENSG00000278022	1
ANKRD12	1
ENSG00000237870	1
EPHB4	1
ENSG00000234149	1
SLC22A15	1
GNAO1	1
NUTM2B	1
SCHIP1	1
SSBP3	1
ALPK1	1
TCF4-AS1	1
ADIG	1
ENSG00000286311	1
RPL34-DT	1
ENSG00000273552	1
ENSG00000261543	1
ENSG00000232464	1
ARAP3	1
ENSG00000291098	1
KDM2B	1
THNSL2	1
ENSG00000237832	1
CBS	1
IRAIN	1
SMIM3	1
SEMA3E	1
NOTCH2NLR	1
ENSG00000286125	1
ZNF143	1
ENTPD5	1
PLEKHA2	1
SCGB2B2	1
SVIL-AS1	1
SLC9A7	1
DZIP1L	1
ADAM20P1	1
PDC	1
SLC27A3	1
SPAG16	1
HTR2C	1
RND1	1
SYT9	1
CA5B	1
CD3E	1
HS3ST2	1
BRD9	1
ZBTB16	1
ZNF561-AS1	1
ENSG00000270110	1
ENSG00000257022	1
FBXW7-AS1	1
CPEB2	1
ENSG00000275632	1
KANTR	1
WIF1	1
ANKFN1	1
TBXAS1	1
MTMR14	1
GSTM3	1
MYH11	1
FYCO1	1
ENSG00000227914	1
FBXO38	1
CD302	1
ADAP1	1
PELI1	1
ZNF804B	1
PCDHA10	1
LINC01160	1
DHX35	1
FSD2	1
ENSG00000290851	1
PDK1-AS1	1
SYCP3	1
EAF1-AS1	1
ENSG00000289556	1
LINC02918	1
ENSG00000283897	1
WDHD1	1
POR	1
CADM1	1
LMNB1	1
ARHGAP29-AS1	1
PRDX6-AS1	1
ODAD2	1
ENSG00000272856	1
NNT	1
SPATS2	1
CLEC16A	1
ENSG00000229494	1
LRRC36	1
CDC42EP3-AS1	1
EGFLAM-AS1	1
THBS3	1
DPY30	1
METTL15	1
NALF1	1
UBTD2	1
PRKAG2	1
RASSF3	1
ZNF407	1
TGFBR3	1
RNF34	1
TRBV12-4	1
LEKR1	1
C5orf24	1
ZBTB20-AS2	1
ENSG00000237280	1
ENSG00000282022	1
LINC02819	1
NUTM2E	1
ANKRD36BP2	1
DLL4	1
TMIE	1
RGR	1
SEMA3F	1
WDR25	1
PSG3	1
LINC02965	1
ENSG00000282556	1
LYPD6	1
NRSN2	1
MAGED1	1
ABI1	1
ZNF784	1
LINC00547	1
TNFRSF4	1
DPYSL3	1
FAT4	1
SANBR	1
DCAF11	1
ENSG00000284309	1
HBP1	1
SPPL3	1
MB21D2	1
JADE3	1
ARL15	1
RYBP	1
CPVL-AS1	1
GOLGA6L26	1
ENSG00000278356	1
MSI2	1
LSMEM2	1
LINGO3	1
ENSG00000285915	1
ALK	1
POLR3C	1
IFT52	1
ENOX2	1
UNC119	1
PTPN11	1
MBNL1	1
RNLS	1
PCDHGB4	1
SLC51A	1
ZNF98	1
SPTLC1	1
SYNGR2	1
VWA1	1
ENSG00000268873	1
GSK3B-DT	1
INSYN2B	1
ENSG00000256020	1
ENSG00000285813	1
TCEANC2	1
PRPF40B	1
TPCN1	1
STK11	1
ENSG00000260995	1
EVC	1
LINC01839	1
INPP5J	1
ENSG00000236031	1
ENSG00000227227	1
ENSG00000229167	1
CPLX3	1
MKNK1-AS1	1
CPE	1
ENSG00000266065	1
NSD3	1
CDK12	1
COIL	1
MEGF9	1
CYP4F11	1
MIR193BHG	1
FUT4	1
LINC01900	1
ZNF329	1
SOGA1	1
ENSG00000249207	1
CLVS1	1
ZFP92	1
ENSG00000251127	1
PF4	1
TRAPPC8	1
TSC22D1	1
ENSG00000233651	1
C22orf31	1
OR9Q1	1
FAM83F	1
MRRF	1
SLC10A4	1
FUBP3	1
GLCE	1
MTUS1-DT	1
LINC02091	1
GUCA1C	1
ENSG00000274159	1
ENSG00000230746	1
INCA1	1
ENSG00000261996	1
LINC02803	1
ZNF676	1
ENSG00000254230	1
SLC23A3	1
PARVB	1
POMT2	1
DIDO1	1
ENSG00000290657	1
PI4K2B	1
ELF4	1
ENSG00000291051	1
ENSG00000234535	1
DLEU7	1
CAMK2N1	1
PIK3CG	1
ENSG00000285966	1
TNKS1BP1	1
ENSG00000263970	1
ENSG00000275894	1
GOT1L1	1
ORM2	1
ENSG00000260953	1
ENSG00000262298	1
ENSG00000230826	1
MEOX1	1
ENSG00000291067	1
EMCN	1
PTK2	1
IGBP1-AS1	1
CSMD1	1
POU6F1	1
ZNF396	1
ECRG4	1
ENSG00000256312	1
LINC01376	1
LINC01374	1
FABP12	1
ENSG00000288946	1
FTX	1
ZBTB42	1
ENSG00000289307	1
LINC00587	1
CA9	1
CENPI	1
ENSG00000290797	1
ENSG00000289875	1
HS6ST2	1
ISM1	1
ENSG00000254396	1
SLCO5A1	1
LINC02700	1
MMP24	1
ENSG00000267316	1
ENSG00000261113	1
ENSG00000283415	1
METTL21EP	1
POTEH	1
FIRRE	1
CLYBL	1
ENSG00000259723	1
UNC45B	1
ENSG00000290004	1
LINC02950	1
ENSG00000289398	1
LCN1	1
ENSG00000277558	1
ENSG00000253642	1
CFAP61-AS1	1
ENSG00000255839	1
EGOT	1
ENSG00000288720	1
MLPH	1
ENSG00000235140	1
LINC02316	1
ENSG00000286825	1
GAS1	1
ENSG00000237153	1
ENSG00000289764	1
GPT2	1
ZNF433	1
NXN	1
SOCS1	1
MSLN	1
KREMEN1	1
ENSG00000287853	1
RBM46	1
GALNS	1
AJM1	1
B3GNT3	1
ENSG00000277463	1
CBFB	1
SLX4	1
CGB5	1
SNHG27	1
ACOT1	1
PDCD1LG2	1
KLK10	1
FBP2	1
COLCA1	1
SLPI	1
CYP2S1	1
ENSG00000270829	1
KRT16	1
ENSG00000261028	1
ENSG00000256972	1
ENSG00000290951	1
ENSG00000267815	1
ENKD1	1
LINC02313	1
ENSG00000230848	1
SLC6A14	1
FMNL1-AS1	1
RDH10-AS1	1
ENSG00000253561	1
LINC02326	1
FLRT2-AS1	1
ENSG00000259579	1
ENSG00000250740	1
ENSG00000272689	1
ENSG00000223884	1
VPS39	1
ANKRD54	1
LATS2	1
CEP78	1
ANKRD61	1
SMCO1	1
FGF12-AS2	1
ZNF560	1
GOLGA1	1
BDKRB1	1
ENSG00000289902	1
ENSG00000260599	1
PCAT4	1
ENSG00000228072	1
ENSG00000227197	1
LINC01563	1
LINC03071	1
ENSG00000272406	1
ENSG00000271420	1
LINC01915	1
PCDHGB3	1
SLC35E1	1
APOBEC3C	1
ENSG00000269729	1
ENSG00000286820	1
LINC00315	1
MISP	1
TMEM215	1
ENSG00000256973	1
ENSG00000286272	1
ENSG00000290410	1
ENSG00000243389	1
ENSG00000253369	1
LINC01191	1
ACAP2-IT1	1
MARCOL	1
CNTN4-AS2	1
MYRFL	1
PI3	1
KRTAP2-3	1
PIP5K1C	1
FAM170B-AS1	1
LINC02802	1
MIER2	1
FA2H	1
MAP2K5	1
ERF	1
DSC2	1
CPNE2	1
SYT17	1
IL1RL2	1
SLC30A8	1
ENSG00000232821	1
LSM12	1
LINC02984	1
CFAP99	1
KIF21B	1
CCSER1	1
ENSG00000254973	1
ENSG00000262999	1
ENSG00000285103	1
ADAM32	1
LCMT1	1
LINC01122	1
LINC01906	1
GOLGA7B-DT	1
S100A11	1
HISLA	1
CRTC3-AS1	1
ENSG00000222017	1
RTN4RL2	1
EPHA1	1
CKS1B	1
HOXB-AS3	1
PCDHGA11	1
LINC02785	1
ENSG00000273473	1
ENSG00000213062	1
RORB	1
FAM30A	1
ARHGAP11B	1
SLC36A1	1
ENSG00000235281	1
SLC35E4	1
ENSG00000286133	1
ENSG00000286823	1
ENSG00000241180	1
ENSG00000260369	1
CYP1A2	1
OTUD7A	1
NRXN2	1
LINC00862	1
ENSG00000230928	1
KLHL21	1
ENSG00000286162	1
MICAL2	1
DTX1	1
LINC03047	1
CDH1	1
ENSG00000259878	1
ENSG00000239593	1
SMIM47	1
NABP1	1
ENSG00000272865	1
ZYG11B	1
RBMS2	1
TTC7A	1
POLA1	1
PAK4	1
TMEM72-AS1	1
CORO2B	1
GPR141	1
ENSG00000267016	1
PACS2	1
SIX3-AS1	1
CMTM8	1
ENSG00000267198	1
STUB1	1
CCAR2	1
MCEMP1	1
UBAP2L	1
SLFN14	1
TRIM16	1
THOC3	1
MOSPD3	1
ARHGAP25	1
SMIM24	1
EEFSEC	1
ENSG00000288728	1
CCNF	1
ENSG00000259575	1
ACSF2	1
ZMAT3	1
ENSG00000274834	1
MPPED2	1
HOATZ	1
RCAN3AS	1
RAMP3	1
KCNIP1	1
ENSG00000288741	1
ENSG00000258871	1
LINC01036	1
CHD1L	1
IHO1	1
TXNDC16	1
ENSG00000284624	1
ENSG00000290078	1
ENSG00000256988	1
ENSG00000290799	1
MXD1	1
SARDH	1
ARHGEF6	1
GZMK	1
LYPD3	1
B4GAT1-DT	1
S100A6	1
ENSG00000258526	1
S100PBP	1
ENSG00000276533	1
NAV2	1
LINC02936	1
ABHD17C	1
DAPK1	1
ACTRT3	1
ENSG00000275613	1
KLF2-DT	1
KIF3C	1
ADAD2	1
ROBO2	1
DRAM2	1
ENSG00000260466	1
ENSG00000226824	1
GATA2-AS1	1
ENSG00000259539	1
ENSG00000254718	1
ENSG00000244620	1
CASC2	1
ENSG00000285552	1
CMTM1	1
ENSG00000258752	1
ENSG00000253664	1
CHCHD6	1
EFR3B	1
KCNG3	1
PDE4D	1
ITGA9-AS1	1
DHDH	1
MMP28	1
ENSG00000290577	1
MBD3L1	1
STAT3	1
PCDHGA2	1
HEATR6	1
TMEM63C	1
ACACB	1
ATOX1	1
FARP1	1
ENSG00000259755	1
LINC00029	1
TERB1	1
SEMA4F	1
PDE9A	1
ZBTB7A	1
ENSG00000287878	1
KIF11	1
TSNAX	1
YARS1	1
MYLK-AS1	1
NIT1	1
TMEM86A	1
ENSG00000289000	1
ENSG00000277589	1
TJP3	1
ENSG00000248758	1
ENSG00000262833	1
FAM66C	1
NINJ2-AS1	1
ATP6V1E2	1
ENSG00000248734	1
ENSG00000225113	1
PRRT1B	1
BHLHE23	1
ANKRD33B	1
TRGC2	1
ENSG00000289552	1
YPEL2	1
SPSB4	1
EN2	1
ANAPC13	1
ENSG00000259782	1
MIR924HG	1
PALD1	1
LGALS9	1
SLC12A5-AS1	1
CD8A	1
ENSG00000283689	1
SYN1	1
TRAJ2	1
LINC00351	1
ENSG00000251310	1
MED7	1
S100Z	1
GPRIN1	1
ENSG00000290035	1
NATD1	1
TRAJ1	1
ENSG00000250519	1
ENSG00000258122	1
ENSG00000229151	1
CIP2A	1
ENSG00000273321	1
PLEKHO1	1
ENSG00000260392	1
ASH1L-IT1	1
NRG1	1
GBP7	1
PODXL	1
ENSG00000250379	1
ANKH-DT	1
LINC03059	1
ESRP2	1
SLC5A2	1
ENSG00000267192	1
ENSG00000276012	1
ENSG00000259017	1
SLC34A2	1
CCDC198	1
HABP4	1
SMR3B	1
ENSG00000250920	1
ZNF576	1
ENSG00000287704	1
LYPD5	1
UBE2V2	1
HSD17B2	1
AASDH	1
CGRRF1	1
CDH16	1
IFT74	1
ENSG00000270866	1
FNTB	1
ENSG00000249901	1
SAMD4B	1
CNGA1	1
IFNL3	1
MTCP1	1
ENSG00000277270	1
ENSG00000227486	1
SAXO1	1
ENSG00000287346	1
ENSG00000249942	1
GLIS3-AS1	1
AP1B1	1
CEP89	1
HMGA2	1
BCL7B	1
TSGA10	1
PANCR	1
ENSG00000268601	1
LINC02300	1
CEACAM5	1
ATP8B3	1
IGFL1	1
LRRC37A5P	1
LGALS7B	1
ENSG00000259087	1
LRRC8E	1
ZNF449	1
TMEM252	1
SLC22A17	1
ENSG00000285742	1
IFNB1	1
ENSG00000290058	1
SEPTIN10	1
ADAM17	1
LTBP4	1
PAFAH1B1	1
SLC25A13	1
MIR124-1HG	1
ENSG00000261288	1
ENSG00000287444	1
ASIP	1
ENSG00000267077	1
EBI3	1
ENSG00000287087	1
ENSG00000261216	1
ENSG00000272092	1
SRD5A3-AS1	1
MIR3142HG	1
ENSG00000275092	1
ENSG00000271752	1
CYP2U1-AS1	1
ENSG00000289320	1
ENSG00000214803	1
ENSG00000286256	1
ENSG00000260545	1
CBY3	1
SAP130	1
NEIL3	1
CACNG6	1
PEX11G	1
SLC4A11	1
ENSG00000290846	1
DPP9	1
POLR2D	1
ENSG00000272825	1
ENSG00000286638	1
RAD54B	1
ENSG00000286546	1
SYN3	1
TGM3	1
DNAJB14	1
SGSM3	1
LHX2-AS1	1
CHP1	1
IFNL1	1
ITPK1	1
ZNF542P	1
SPINT1-AS1	1
NDRG3	1
FOXS1	1
CRABP1	1
MAPK10	1
PRKACB	1
ITGAV	1
SLC37A3	1
HTR2A	1
CDH7	1
SND1	1
CC2D1A	1
BCR	1
QSER1	1
GDAP1	1
THUMPD2	1
SPOCK1	1
CLDN10-AS1	1
RAPGEF2	1
SCN8A	1
PREX2	1
PURA	1
LPIN2	1
SORL1	1
ESYT2	1
PIK3C2A	1
ANKRD28	1
FNDC4	1
MERTK	1
ETV6	1
RBFOX2	1
CBFA2T2	1
ZNF483	1
PLA2G4C	1
PHLDB2	1
ST6GAL2	1
CDC37L1	1
TNNI3K	1
CEP97	1
CCDC39	1
HSD17B4	1
AGAP4	1
PTPN4	1
DCUN1D4	1
FAM171B	1
KCNF1	1
ZNF804A	1
SDCCAG8	1
PHTF1	1
ATP9A	1
ANKIB1	1
DICER1	1
ARHGEF3	1
GDPD1	1
ZMYND8	1
KCNT2	1
CNTNAP4	1
ENSG00000227482	1
LINC01522	1
ENSG00000274220	1
PRTN3	1
ENSG00000225555	1
ATP13A2	1
LY6H	1
ENSG00000229312	1
STAR	1
ECPAS	1
ANKRD11	1
ROCK2	1
KIAA0232	1
GNB1L	1
AASS	1
IGF2BP3	1
DAGLB	1
NECAB1	1
PSG9	1
ENSG00000282012	1
ENSG00000261775	1
RND2	1
ANGPT1	1
ENSG00000285621	1
ARHGAP5-AS1	1
USP15	1
SLC4A4	1
SMO	1
MAD1L1	1
CREG2	1
CHL1	1
N4BP2L2	1
CWC22	1
PPIG	1
RBL2	1
MYO5A	1
ELAVL4	1
PRKAR2B	1
HMGB2	1
STAU2	1
ACVR2A	1
RTN3	1
OVGP1	1
ARHGEF12	1
ATRNL1	1
RGS7BP	1
MYCN	1
PUS7	1
ATAD2	1
FOXN3-AS1	1
MIR219A2HG	1
KIF5C	1
SLC6A10P	1
ENSG00000286177	1
PCAT14	1
PCDHB11	1
ENSG00000289605	1
BAIAP2L2	1
SRPRB	1
PRTFDC1	1
ZNF282	1
CDC6	1
TXNDC9	1
OR10A4	1
LINC01019	1
COX8A	1
ENSG00000264456	1
ENSG00000286610	1
PCDHB7	1
ENSG00000267038	1
UCN2	1
ENSG00000260597	1
ENSG00000253960	1
GPD1L	1
ENSG00000286293	1
TCN1	1
ENSG00000234860	1
LINC02473	1
ENSG00000239462	1
DGAT2	1
ENSG00000257835	1
LINC01603	1
ENSG00000288972	1
EHF	1
WDR41	1
ATP6V0A1	1
SMARCB1	1
ENSG00000223528	1
ENSG00000291195	1
IGSF9B	1
ENSG00000258927	1
ENSG00000289643	1
ENSG00000270061	1
ENSG00000291182	1
ENSG00000253220	1
ZNF485	1
ENSG00000269903	1
LINC00508	1
TENM3-AS1	1
LINC01999	1
ENSG00000248356	1
ANKRD30B	1
ENSG00000255139	1
PINCR	1
ENSG00000260509	1
PNPLA3	1
SLC22A5	1
TRMT10A	1
TBC1D23	1
POU5F2	1
LIF	1
TRIM51G	1
CST2	1
PCDHA7	1
LINC02454	1
NCEH1	1
SMIM36	1
GNB3	1
LCMT2	1
ENSG00000250132	1
ENSG00000253123	1
HEATR5A	1
UBR5-DT	1
ANPEP	1
ENSG00000274414	1
ENSG00000256915	1
CEP68	1
GNB4	1
OR8B2	1
COX10-DT	1
TXK	1
EFNB2	1
PCDHB2	1
UMLILO	1
ENSG00000289845	1
PCDHA6	1
ENSG00000285909	1
MRGPRX4	1
ENSG00000289213	1
ENSG00000285561	1
ENSG00000203520	1
FST	1
ENSG00000254277	1
ENSG00000260003	1
ENSG00000225708	1
BARX1	1
GULP1	1
ENSG00000285517	1
ENSG00000235843	1
ENSG00000251126	1
HS1BP3	1
ZNF888	1
RPP38	1
TULP3	1
MRGPRX3	1
GPRC5B	1
ZNF879	1
ENSG00000281091	1
ENSG00000264044	1
NECTIN1-DT	1
ENSG00000290748	1
ENSG00000253682	1
CARD18	1
SFR1	1
OR10A2	1
ENSG00000267892	1
ENSG00000288814	1
ENSG00000272502	1
ENSG00000256001	1
ENSG00000272977	1
ENSG00000255605	1
ENSG00000269906	1
ARL13B	1
GARIN1B	1
TTC21B	1
GALNT7	1
MNX1-AS1	1
ENSG00000273124	1
ENSG00000214942	1
PCDHGC5	1
CFAP43	1
ENSG00000274248	1
ZBTB7C	1
ENSG00000253111	1
AKT2	1
TMEM143	1
KIF2A	1
RNF24	1
MARCHF6	1
AHSP	1
DDHD2	1
FBRS	1
BAG4	1
RRM2B	1
FKTN-AS1	1
ENSG00000289170	1
CBFA2T3	1
RFC3	1
ENSG00000260635	1
CCM2L	1
CDR2-DT	1
ATP6V0D1-DT	1
TBC1D9B	1
ENSG00000256705	1
CD80	1
ENSG00000286204	1
TIMMDC1-DT	1
ATP6V0D1	1
LINC01324	1
ENSG00000255067	1
ENSG00000270919	1
ENSG00000259483	1
MARCHF5	1
WDR12	1
GOLGA3	1
ENSG00000205452	1
ENSG00000289115	1
ENSG00000283205	1
ENSG00000225230	1
ENSG00000274859	1
ENSG00000286528	1
LINC00200	1
UGDH-AS1	1
ENSG00000257264	1
FAM225B	1
ENSG00000250064	1
ENSG00000234428	1
ENSG00000286599	1
ENSG00000228604	1
ENSG00000285555	1
ENSG00000287389	1
IFITM10	1
PCDHB5	1
SLC9C1	1
KASH5	1
BTNL8	1
PCDHB10	1
IGHV3-47	1
ENSG00000259732	1
ENSG00000272646	1
ENSG00000276261	1
ENSG00000290674	1
CHCT1	1
ENSG00000287454	1
LINC02284	1
HOXB13	1
LINC02725	1
ENSG00000227407	1
ADPRH	1
ENSG00000290939	1
ENSG00000259676	1
HCN2	1
NINJ2	1
GLYATL1	1
LINC02393	1
ENSG00000289587	1
BLOC1S2	1
ENSG00000266642	1
ENSG00000285640	1
TRIML2	1
MAGT1	1
TMEM241	1
SYCE3	1
PARD6B	1
UGT2B15	1
OVOL2	1
ANKRD17	1
RBPJ	1
UGT2B17	1
SLC37A1	1
CDS1	1
ADCY3	1
ENSG00000289983	1
WASF3	1
ATP6V1D	1
ENSG00000272434	1
ENSG00000234160	1
ENSG00000271199	1
B4GAT1	1
LZTFL1	1
ENTPD3	1
ENSG00000258918	1
EIF3C	1
OR10A6	1
FAT1	1
FMR1-AS1	1
ENSG00000276603	1
LINC02556	1
CSAG2	1
ENSG00000272717	1
ENSG00000270522	1
ACTRT1	1
MID2	1
PI4KB	1
MSMO1	1
RASA3	1
TRIM75	1
GAGE13	1
ENSG00000262133	1
ENSG00000256137	1
LINC02958	1
LINC00632	1
RBBP8NL	1
ENSG00000287561	1
CBLN2	1
ENSG00000235189	1
CHAF1A	1
FSCN1	1
CMSS1	1
CYP51A1	1
DSG1-AS1	1
TMEM253	1
ENSG00000289635	1
BRCA1	1
TASOR2	1
SFXN1	1
GPR4	1
ENSG00000268184	1
PSG7	1
ANKS6	1
ENSG00000248787	1
MADCAM1-AS1	1
IGSF23	1
LINC02211	1
USP2-AS1	1
LINC01531	1
HAUS5	1
ENSG00000260541	1
PEBP4	1
CIB3	1
ZNF501	1
PAPPA-AS2	1
ENSG00000248468	1
FOXK2	1
TNPO3	1
LINC01337	1
PANO1	1
GLRA2	1
ENSG00000285583	1
C19orf25	1
ZNF649-AS1	1
ENSG00000285804	1
XRCC6	1
ANO3	1
MYRIP	1
LINC02315	1
IQANK1	1
PCDHGA1	1
CPVL	1
LINC00887	1
HDLBP	1
DIAPH3-AS1	1
SHROOM1	1
KLF4	1
ENSG00000228142	1
ENSG00000272609	1
ENSG00000259645	1
SLIT2-IT1	1
PPP1R36	1
P2RY14	1
ENSG00000204971	1
LINC01629	1
IARS1	1
ENSG00000286258	1
CROT	1
TMEM64	1
GLIS2	1
WDR81	1
ENSG00000287516	1
ECD	1
DDX50	1
RNF19A	1
CFHR1	1
INTS1	1
APCDD1	1
ENSG00000231358	1
SLC25A22	1
LINC00525	1
TRIM73	1
LINC03060	1
MPP7	1
KRTAP1-5	1
CLDN12	1
ENSG00000288565	1
ENSG00000259969	1
ENSG00000287022	1
ENSG00000272157	1
NIPAL3	1
ENSG00000288743	1
CATIP-AS1	1
ENSG00000285704	1
PCOLCE-AS1	1
ENSG00000288982	1
ENSG00000289223	1
ENSG00000273165	1
ENSG00000278546	1
LINC02649	1
ENSG00000225885	1
PIWIL2-DT	1
ENSG00000245651	1
CD58	1
WNT2	1
ENSG00000256897	1
TMEM237	1
ENSG00000251417	1
GJB3	1
ENSG00000258922	1
CMC1	1
ENSG00000268603	1
ENSG00000230526	1
MYG1-AS1	1
EDN2	1
ALOXE3	1
ANKRD34C-AS1	1
NPY4R	1
CLDN8	1
NHS	1
ENSG00000260244	1
LIPG	1
DSCAS	1
TUFT1	1
SHOX	1
LINC00842	1
SLC7A14-AS1	1
SPATA18	1
PASD1	1
ENSG00000285707	1
SH3RF1	1
RSPH1-DT	1
ENSG00000206249	1
UGT2B10	1
ZNF732	1
SOWAHB	1
ENSG00000279851	1
LINC02246	1
XACT	1
ENSG00000265094	1
MATN4	1
TIAM1	1
RBFADN	1
ENSG00000249806	1
MOB1A	1
NUDCD3	1
OR8S1	1
LTBP1	1
GPBP1L1	1
DERPC	1
PKP1	1
DRAM1	1
LRRC41	1
ORAI1	1
CYMP-AS1	1
KANK4	1
CDH4	1
SDCBP2-AS1	1
GIP	1
RALY-AS1	1
SKAP2	1
ENSG00000275557	1
NDST3	1
ENSG00000284633	1
ENSG00000235111	1
ENSG00000285563	1
LINC00572	1
TMEM184C-DT	1
ENSG00000226954	1
AOX1	1
LRRC28	1
ENSG00000257286	1
MAP3K1	1
SLC35E2B	1
GTF2H2	1
PYDC2	1
POLR3B	1
POLR1B	1
PPP1R1B	1
PCYOX1	1
MYO19	1
GXYLT2	1
OSR2	1
MOB3B	1
ZNF540	1
INHA	1
GSAP	1
LANCL2	1
SP140	1
GALNT9	1
MLF1	1
SPOPL	1
PRB2	1
PRB1	1
ADAM20	1
IMPA1	1
HAS1	1
ENSG00000267808	1
SEPSECS	1
TBC1D16	1
USP17L28	1
TTC33	1
LINC00467	1
ZNF347	1
PATL1	1
PXDNL	1
SYTL5	1
RBM28	1
USP17L24	1
SCP2	1
DEPTOR	1
ENSG00000287931	1
FANK1	1
SLC35D1	1
SCX	1
NPIPA7	1
OR2L3	1
PSEN2	1
DPY19L1	1
ZCCHC2	1
PCDHA8	1
STK17B	1
VSTM2A	1
SEMA4B	1
TTBK2	1
ENSG00000290557	1
SLC39A12	1
DYNC1I1	1
FSBP	1
ENSG00000273011	1
CA10	1
ATF6	1
PTK2B	1
PRKACA	1
ENSG00000291136	1
DARS1	1
SLC35F6	1
CACUL1	1
VPS33A	1
DGCR2	1
DNAI7	1
XPOT	1
MSX2	1
ALDH1A2	1
TUBGCP5	1
HMGA1P4	1
FSIP2-AS1	1
ASTN2	1
ALDH1L1	1
AMY2B	1
C12orf4	1
SNCB	1
FAM234B	1
MFN1	1
ATP6V1B1	1
GAS2	1
AP3B1	1
ITGA8	1
TMEM38A	1
PKIA	1
ZEB2	1
CFAP54	1
DENND1B	1
FOXN2	1
PDE12	1
CAB39	1
CEP112	1
STIM1	1
GIT2	1
CFAP44	1
ARPC5	1
GABRG1	1
ADAM21	1
RAB5B	1
ZNF710	1
CAPN15	1
ENSG00000290829	1
ROPN1B	1
ENSG00000255476	1
ENSG00000286074	1
MPZ	1
RERE-AS1	1
OR2T33	1
FAM78B	1
SYN3-AS1	1
ZNF721	1
YAP1	1
SLC5A12	1
HPCA	1
FYB2	1
ENSG00000236723	1
ANLN	1
TAS2R42	1
RAB6C-AS1	1
PCDHA2	1
CH25H	1
ENSG00000259407	1
CATSPERG	1
IGSF22	1
YWHAH-AS1	1
CCDC138	1
UPK1B	1
ENSG00000245768	1
CARD6	1
ENSG00000270154	1
TLE2	1
ENSG00000286349	1
TMPPE	1
NOC3L	1
BAZ1A	1
DHFR	1
IL6ST	1
TRPC1	1
RRAS2	1
CCDC14	1
FAF2	1
SMNDC1	1
ENSG00000290960	1
MLH3	1
MAJIN	1
ACKR4	1
ZNF770	1
ZNF736	1
SNRNP200	1
LIMS1	1
ADAMTS7	1
ENSG00000285992	1
TTYH3	1
PMS1	1
SPTLC3	1
SLC44A3	1
MCPH1-AS1	1
TGFBRAP1	1
GPR85	1
ENSG00000286602	1
C21orf62	1
KCNS1	1
DRD5	1
PLAAT1	1
ANKS4B	1
DBF4	1
NPIPB7	1
ZCCHC4	1
TMPRSS7	1
KCNA2	1
CHRDL1	1
SLC33A1	1
CASP9	1
ZC3H4	1
PRDM15	1
ELMOD1	1
CFAP68	1
LYPD6B	1
ENSG00000272971	1
LNCOC1	1
FCGR1BP	1
AOC2	1
CATIP-AS2	1
AKR1B15	1
SPATA4	1
PPP1R1C	1
MARK4	1
KRIT1	1
WDR82	1
ENSG00000241886	1
ENSG00000290616	1
PIK3C2G	1
SFTPC	1
USP17L26	1
MT3	1
CRHR2	1
APOBEC4	1
NPAS4	1
OR1D5	1
LAMP5	1
HCN4	1
SLC25A24	1
IGSF21	1
LINC01031	1
ENSG00000236958	1
IQSEC3	1
ENSG00000288854	1
ENSG00000288760	1
ANKRD24	1
MROH2B	1
ZNF652-AS1	1
ENSG00000287727	1
ENSG00000270115	1
TMEM150A	1
ZDHHC5	1
LBH	1
F2RL1	1
ENSG00000273486	1
GMFB	1
ENSG00000288583	1
CCDC158	1
NPAS2-AS1	1
VWA8-AS1	1
ENSG00000287417	1
ENSG00000234136	1
ENSG00000286493	1
ENSG00000291254	1
ENSG00000233928	1
FRMPD3	1
ENSG00000235837	1
NR1I3	1
ENSG00000289409	1
ENSG00000279277	1
AP4B1-AS1	1
SMARCD3	1
PTN	1
ENSG00000287715	1
ENSG00000228830	1
ENSG00000228434	1
MMAA	1
ENSG00000224269	1
ZNF567-DT	1
ENSG00000271172	1
ENSG00000253842	1
RRAGAP1-AS1	1
PRR15	1
ENSG00000289982	1
ATP6V1A	1
LINC02387	1
ENSG00000287709	1
OR1K1	1
ITIH4	1
RELT	1
ZNF613	1
ENSG00000288065	1
TACR3-AS1	1
ENSG00000272849	1
ACTR3	1
ENSG00000233178	1
GRIP2	1
TRIM54	1
PALMD	1
ENSG00000286639	1
CHIT1	1
ENSG00000288707	1
C19orf18	1
DACT3	1
CEDORA	1
ENSG00000261167	1
ENSG00000284612	1
DNAJC25	1
ENSG00000253746	1
ENSG00000225889	1
SALRNA1	1
HOXA-AS3	1
ENSG00000288926	1
ENSG00000250992	1
ENSG00000277695	1
ENSG00000258820	1
KCNMA1	1
LINC00612	1
UQCC5	1
ENSG00000290063	1
ZNF385D-AS2	1
ALLC	1
LINC01954	1
C11orf52	1
HOXD4	1
SEPTIN7P9	1
KCNJ11	1
HTR2B	1
ANKRD36B	1
ENSG00000269887	1
UPK3B	1
ARIH2OS	1
ENSG00000242795	1
SH3TC2-DT	1
ENSG00000225313	1
GPA33	1
DENND6A-DT	1
ENSG00000289550	1
HYAL1	1
DNAI3	1
ENSG00000275902	1
ENSG00000251408	1
PFN2	1
GRM5P1	1
GLUD1	1
PTPN13	1
LINC01203	1
ENSG00000287724	1
ACVR1C	1
ENSG00000286888	1
ENSG00000249742	1
SYN2	1
ENSG00000224400	1
PDE9A-AS1	1
HAVCR1	1
ENSG00000267633	1
ENSG00000227193	1
ENSG00000275479	1
GLYAT	1
ENSG00000272234	1
CD200R1L-AS1	1
LINC03013	1
ENSG00000287460	1
EXO5	1
ZNF582-DT	1
POU3F3	1
ENSG00000289434	1
ENSG00000273218	1
ENSG00000273113	1
RTN4	1
SOS2	1
KIF3A	1
SLF2	1
CKMT1A	1
TMEM171	1
ITPRIPL1	1
ENSG00000291225	1
ENSG00000291214	1
MINK1	1
FOCAD	1
SEPTIN11	1
ERBIN	1
PPP4R3A	1
HDAC8	1
NUP160	1
ATG2B	1
HOXA-AS2	1
ENSG00000223502	1
ENSG00000291208	1
WNT8B	1
FAM200C	1
ENSG00000234185	1
FAM88E	1
ZNF460-AS1	1
FAM13C	1
ENSG00000272491	1
ENSG00000261731	1
ENSG00000277332	1
RAI1-AS1	1
FOSL2-AS1	1
ENSG00000289057	1
NPPA	1
C1orf35	1
INTS4P1	1
INTS9-AS1	1
NLRP12	1
KPNA7	1
CARNMT1-AS1	1
LDHD	1
ENSG00000238280	1
PLEKHD1	1
ENSG00000224643	1
ENSG00000254433	1
OCLN	1
MYL6B-AS1	1
DLGAP5	1
PAQR9	1
LINC01204	1
ENSG00000263499	1
MTMR4	1
FOXN3-AS2	1
ZNF616	1
LINC01913	1
GNGT1	1
TRAPPC12-AS1	1
PROB1	1
FOXA1	1
DCUN1D2-AS	1
STEAP3-AS1	1
ENSG00000240571	1
ENSG00000256810	1
ENSG00000226438	1
ENSG00000274090	1
LRP1B	1
SLC34A3	1
ENSG00000253608	1
ENSG00000288557	1
ENSG00000269151	1
S100A16	1
ENSG00000256603	1
ENSG00000287840	1
TRIB2	1
PFN4	1
TAS2R5	1
ENSG00000231704	1
ENSG00000273007	1
ENSG00000225956	1
ENSG00000231985	1
ARHGAP26-AS1	1
WASF3-AS1	1
FOXD4L4	1
IFIH1	1
HOXD-AS2	1
PRH2	1
PFKFB4	1
ENSG00000251574	1
ENSG00000253775	1
LINC01772	1
CFAP100	1
LMOD3	1
KIF1C-AS1	1
ENSG00000285865	1
ENSG00000228421	1
CAPS2-AS1	1
C1QTNF2	1
ENSG00000257410	1
ENSG00000291260	1
ENSG00000286334	1
MYCBP2-AS2	1
GTF2E2	1
ENSG00000228862	1
SLC22A11	1
LINC02653	1
ENSG00000276071	1
LPAR5	1
NKX1-2	1
CPNE8-AS1	1
TUBA3E	1
ENSG00000289439	1
ENSG00000287917	1
CPLANE1-AS1	1
CCDC144NL	1
SPAG9	1
GZMB	1
HNRNPC	1
ENSG00000239791	1
PPP1R12A-AS2	1
DHFR2	1
ENSG00000287897	1
ENSG00000256273	1
ADH1A	1
ENSG00000287422	1
IQSEC3-AS1	1
ZNF835	1
ENSG00000229955	1
ENSG00000275185	1
ENSG00000287757	1
ENSG00000290876	1
KIAA2012	1
ENSG00000256571	1
ENSG00000287086	1
NANOG	1
ENSG00000261684	1
TMEM201	1
ENSG00000269895	1
ENSG00000256615	1
ENSG00000275496	1
NKX2-4	1
OIT3	1
PIPOX	1
TNK2	1
LINC01806	1
ENSG00000254041	1
LRRC37A3	1
ENSG00000281016	1
FRMD3-AS1	1
LCMT1-AS2	1
TNFRSF9	1
IGLV3-27	1
ENSG00000267934	1
ENSG00000269815	1
MARCHF11	1
MARCHF11-DT	1
THRB-IT1	1
ENSG00000289289	1
CEBPA-DT	1
C2orf66	1
LINC02847	1
ENSG00000285766	1
ENSG00000262514	1
ENSG00000255565	1
ENSG00000268231	1
DSTNP2	1
ENSG00000244464	1
SLC6A13	1
ENSG00000259182	1
ENSG00000267393	1
ZFHX4-AS1	1
ENSG00000284882	1
ENSG00000287568	1
TDH-AS1	1
NKX3-2	1
TUBA4A	1
ZNF780A	1
ENSG00000267375	1
HOXD9	1
ENSG00000224819	1
KCNK10	1
COL8A2	1
ARRDC5	1
ENSG00000228973	1
THAP2	1
PLIN1	1
SP9	1
THEGL	1
ENSG00000261096	1
INTS12	1
ENSG00000290031	1
LINC01932	1
LINC00648	1
ENO4	1
ENSG00000231104	1
ENSG00000287654	1
TMEM18-DT	1
KALRN	1
LINC00656	1
ENSG00000266709	1
COPB2-DT	1
ABCD2	1
TRAV13-1	1
ENSG00000266538	1
LINC02928	1
ENSG00000267653	1
ENSG00000260366	1
AKAP3	1
ENSG00000272754	1
ENSG00000267688	1
ENSG00000260381	1
ENSG00000269652	1
LSAMP	1
CATSPERB	1
B4GALT4-AS1	1
PCK2	1
LINC02084	1
ENSG00000272366	1
NEXN	1
LINC03009	1
CGN	1
CRLF2	1
ERICD	1
FBXO38-DT	1
STAG1-DT	1
RNASE2	1
LINC02006	1
URB1	1
ZNF492	1
LAMP3	1
ENSG00000287780	1
ENSG00000249731	1
ENSG00000258827	1
ENSG00000262766	1
ENSG00000232342	1
ENSG00000261442	1
GPR132	1
SARNP	1
RELB	1
CD6	1
PSMA3-AS1	1
MRPS35	1
PLEKHF2	1
P2RX4	1
CD96	1
ENSG00000290484	1
CACNA1D	1
CLASRP	1
DRC1	1
SPIN1	1
RASAL1	1
KANSL1L-AS1	1
MON1A	1
CMYA5	1
VIPR1-AS1	1
CELF5	1
GLIPR1-AS1	1
UTS2R	1
MID1IP1-AS1	1
LINC01470	1
ENSG00000289345	1
CTNND1	1
ENSG00000272699	1
ENSG00000267379	1
ABCC5	1
CALCB	1
ENSG00000253593	1
ENSG00000274387	1
ENSG00000286555	1
SELPLG	1
ST6GALNAC2	1
ENSG00000288062	1
ENSG00000259410	1
VAT1L	1
LIMASI	1
ENSG00000286443	1
ENSG00000224675	1
NRL	1
IGHGP	1
SLC25A3	1
TERF1	1
DDX54	1
ENSG00000285994	1
ENSG00000245059	1
TMEM145	1
BCO1	1
HDDC3	1
KCNS3	1
FAM27E3	1
ENSG00000287865	1
LINC02714	1
LINC02741	1
ENSG00000244733	1
ENSG00000228714	1
PRRG4	1
TMEM150C	1
SLC39A5	1
ZNF358	1
FRGCA	1
SPX	1
POT1	1
TUG1	1
EFTUD2	1
ATF2	1
ARHGAP22	1
BCAP29	1
PDXP-DT	1
SPACA3	1
ENSG00000275119	1
CEACAM16-AS1	1
LINC01090	1
GNAI1	1
ASB5	1
ENSG00000282142	1
MAGEB16	1
GOLGA8S	1
ENSG00000291180	1
LINC01017	1
ROBO1	1
ENSG00000272072	1
CFAP418-AS1	1
DM1-AS	1
ENSG00000276727	1
LINC02860	1
NXPE2	1
ENSG00000258053	1
PDE2A-AS1	1
ENSG00000288703	1
RNF135	1
CPA5	1
ENSG00000287230	1
LIMD1-AS1	1
ENSG00000289915	1
HYDIN	1
SLC24A5	1
SPAG6	1
CNGB3	1
ENSG00000255931	1
LINC02595	1
FBXO46	1
TUBA8	1
ZNF566	1
PLAT	1
EMB	1
YWHAE	1
ELFN1-AS1	1
ZBTB11	1
ZNF252P	1
ENSG00000289005	1
ENSG00000289561	1
CDRT4	1
RAD51	1
NREP-AS1	1
BUD31	1
ENSG00000288740	1
ENSG00000288029	1
PAGE1	1
FOXM1	1
ZNF488	1
MISFA	1
SIX2	1
YTHDC2	1
ZBTB38	1
IGLV3-1	1
CRCP	1
OR2A1-AS1	1
ENSG00000249753	1
ENSG00000286749	1
ENSG00000243797	1
ECI1	1
FAM221A	1
ZNF280D	1
INPP5K	1
RBMXL2	1
ENSG00000230107	1
CPSF4	1
HOXC-AS2	1
FAHD2A	1
PRR11	1
BRME1	1
LINC01055	1
ENSG00000256034	1
APOBEC3H	1
UNC13D	1
ENSG00000288961	1
ENSG00000287021	1
ZCWPW2	1
SPHK2	1
TMOD2	1
ENSG00000289109	1
SRSF7	1
CLNS1A	1
OR4F15	1
NEMP1	1
ENSG00000258450	1
ANKRD27	1
LYZL1	1
PARP16	1
FBF1	1
ELP1	1
POLR3G	1
PSMA6	1
ENSG00000275778	1
YWHAG	1
CADM4	1
RFC5	1
ENSG00000291065	1
SUCLG2	1
UBA6	1
CPM	1
SLC25A26	1
SAAL1	1
CDH19	1
LINC03082	1
MOK	1
DPY19L3	1
MUC15	1
COL15A1	1
LINC02434	1
IPPK	1
TJP2	1
CYSTM1	1
PTK6	1
DCSTAMP	1
LINC01419	1
ENSG00000290022	1
ENSG00000287274	1
ENSG00000229751	1
LINC00839	1
GDF11	1
ANO5	1
GPR107	1
SERPINA5	1
ECT2	1
ENSG00000267051	1
ITGA2	1
ENSG00000255745	1
WNT5A	1
PAGE5	1
ATXN3	1
APP	1
ENSG00000229543	1
TAS2R43	1
RAB39A	1
IGLV3-9	1
CARD16	1
HPX	1
ENSG00000255142	1
MICALL1	1
ENSG00000291235	1
CARMAL	1
ENSG00000289430	1
SLC4A8	1
HAPLN1	1
LOXL2	1
MTMR2	1
LOXL4	1
ENSG00000270036	1
ORC4	1
URGCP	1
AKAP8	1
ENSG00000287193	1
RHOXF2B	1
TUBB8	1
CBY2	1
ADCK2	1
ENSG00000253926	1
LBX2	1
GABARAPL2	1
GEMIN6	1
ORC5	1
SMIM7	1
MLXIPL	1
DELEC1	1
TNC	1
LINC01029	1
ALDH1L2	1
NPAS1	1
MIR548XHG	1
ARHGAP12	1
ENSG00000250993	1
ENSG00000248245	1
SVIL	1
FRMD6	1
CDCP1	1
OR10D3	1
UGGT2	1
LINC01239	1
TLR8	1
ENSG00000253361	1
ENSG00000262898	1
ATRIP	1
ENSG00000286784	1
LINC02017	1
ENSG00000285751	1
MYH3	1
CALB1	1
ENSG00000267327	1
MCIDAS	1
SDAD1-AS1	1
RASIP1	1
ZIC3	1
PHLDB1	1
PTCD1	1
CSGALNACT2	1
EMX2	1
FUT10	1
LINC00910	1
SLC30A3	1
ZBED3-AS1	1
NOVA2	1
TSHZ1	1
OTUD5	1
FANCA	1
SMIM45	1
ENSG00000275805	1
FAM219A	1
TMLHE	1
FOLH1	1
TTC39B	1
OR6J1	1
ENSG00000285971	1
SLC25A48	1
ENSG00000254135	1
TRPM6	1
ZNF555	1
AP1AR	1
DNAJC14	1
HIBADH	1
ENSG00000282936	1
CAMSAP3	1
KRT38	1
ZNF440	1
ENSG00000290721	1
FAM133A	1
TMEM144	1
ENSG00000290969	1
ENSG00000269043	1
ATXN10	1
PNLIPRP1	1
DNAJC24	1
VPS4B	1
ENSG00000288739	1
BEGAIN	1
SAXO2	1
BICDL2	1
ETNPPL	1
ENSG00000288765	1
WRN	1
ENSG00000290441	1
PPP1CB-DT	1
CHKB	1
ZNF71	1
VAX1	1
LINC01167	1
C10orf90	1
CNTLN	1
BMAL1	1
MRPL15	1
NIPBL-DT	1
UTP14C	1
RECK	1
IRF9	1
ENSG00000273162	1
PCSK6-AS1	1
FZD9	1
COPG2	1
SLC9A8	1
PTPN5	1
LGI1	1
ABCC4	1
ACRV1	1
CES4A	1
PAX6	1
FOXO1	1
PRSS12	1
ANAPC15	1
NUFIP2	1
ENSG00000287775	1
EFCAB6-DT	1
LNX1	1
BCAS1	1
HOXA11	1
ENSG00000227017	1
DCTN4	1
ENSG00000263300	1
STK33	1
ZNG1C	1
DBF4B	1
KRT222	1
ZNF484	1
CPSF3	1
SEC31B	1
ZNF423	1
USPL1	1
SYT16	1
NPM2	1
ZNF585A	1
FBXO17	1
ENSG00000253500	1
TPM4	1
TNNI3	1
ANKRD34B	1
C2orf81	1
LNP1	1
ENSG00000254248	1
IGFL3	1
ZSCAN21	1
TTC8	1
ENSG00000285820	1
CA12	1
ZDHHC1	1
ERICH6B	1
ZNF723	1
LINC00945	1
UBQLNL	1
ENSG00000290947	1
BANK1	1
ZNF726	1
KCNK9	1
ENSG00000259941	1
NPY5R	1
HEPH	1
STPG2	1
CYP2B7P	1
TGIF2LX	1
ACAD9	1
DDX11	1
OSBPL8	1
TTLL1	1
ENSG00000290787	1
PFDN1	1
ENSG00000285734	1
CERK	1
LINC02642	1
CFAP298	1
LSM11	1
MORC1	1
ENSG00000258702	1
ENSG00000286343	1
KRTAP5-2	1
ARL14EP-DT	1
TENM2-AS1	1
ANGPTL6	1
GSG1	1
RNF31	1
APPL2	1
ENSG00000183308	1
NINL	1
NKTR	1
ENSG00000263938	1
PRSS23-AS1	1
KRT10	1
ENSG00000267939	1
DIRAS1	1
GAL3ST3	1
KCTD2	1
ENSG00000228484	1
SPINK6	1
DNAI1	1
SOX15	1
LINC01111	1
ENSG00000290588	1
OR51B2	1
C11orf42	1
PPP2R1B	1
HAGLR	1
ALOX12B	1
RBP3	1
BRIP1	1
FIBIN	1
DUS4L	1
MKLN1-AS	1
ATP2B3	1
THSD1	1
RRH	1
COMTD1	1
CPAMD8	1
DCT	1
EVC2	1
CYP2G1P	1
HPYR1	1
SNCAIP	1
LINC01950	1
ENSG00000290980	1
ARSL	1
KCNMA1-AS1	1
BTC	1
MDK	1
ZNF215	1
ENSG00000290386	1
SEPTIN4-AS1	1
LINC00402	1
KCNG4	1
IGSF1	1
HTR1A	1
TMEM74	1
ZNF277-AS1	1
FAM47A	1
TEX29	1
STK35	1
ENSG00000288830	1
FGF20	1
