release_candidate	srr	gse	species	platform	isoquant_cells	isoquant_transcripts_documented	isoquant_transcripts_registry	isoquant_path_registry	isoquant_path_resolved	isoquant_dir_available	isoquant_search_dir	isoquant_file_stem	gene_counts_available	gene_counts_path	gene_counts_bytes	transcript_counts_available	transcript_counts_path	transcript_counts_bytes	read_assignments_available	read_assignments_path	read_assignments_bytes	transcript_models_available	transcript_models_path	transcript_models_bytes	extended_annotation_available	extended_annotation_path	extended_annotation_bytes	discovered_transcript_counts_available	discovered_transcript_counts_path	discovered_transcript_counts_bytes	diu_available	diu_path	diu_bytes	apa_available	apa_path	apa_bytes	junction_available	junction_path	junction_bytes	ase_available	ase_path	ase_bytes	file_contract_status
scTHREAD_NAR_release_20260803	CT	GSA_mouse_testis_11week	mouse	ONT	23549	True	36273	data/isoquant/GSA_mouse_testis_11week/CT	data/isoquant/GSA_mouse_testis_11week/CT	True	data/isoquant/GSA_mouse_testis_11week/CT	CT	True	data/isoquant/GSA_mouse_testis_11week/CT/CT.gene_counts.tsv	836123	True	data/isoquant/GSA_mouse_testis_11week/CT/CT.transcript_counts.tsv	3038174	True	data/isoquant/GSA_mouse_testis_11week/CT/CT.read_assignments.tsv.gz	936283068	True	data/isoquant/GSA_mouse_testis_11week/CT/CT.transcript_models.gtf	315	True	data/isoquant/GSA_mouse_testis_11week/CT/CT.extended_annotation.gtf	315	True	data/isoquant/GSA_mouse_testis_11week/CT/CT.discovered_transcript_counts.tsv	0	True	results/paper1/f2_grammar/agg_diu/CT.diu.parquet	770004	True	results/paper1/f2_grammar/agg_apa/CT.apa.parquet	3624349	True	results/paper1/f2_grammar/agg_jct/CT.jct_ct.parquet	25329992	True	results/paper1/f2_grammar/agg_ase_ct/CT.ase_ct.parquet	317844	isoquant_core_complete
scTHREAD_NAR_release_20260803	MTECTRSCRNAONTR2	GSA_mouse_testis_11week	mouse	ONT	16036	True	36123	data/isoquant/GSA_mouse_testis_11week/MTECTRSCRNAONTR2	data/isoquant/GSA_mouse_testis_11week/MTECTRSCRNAONTR2	True	data/isoquant/GSA_mouse_testis_11week/MTECTRSCRNAONTR2	MTECTRSCRNAONTR2	True	data/isoquant/GSA_mouse_testis_11week/MTECTRSCRNAONTR2/MTECTRSCRNAONTR2.gene_counts.tsv	836646	True	data/isoquant/GSA_mouse_testis_11week/MTECTRSCRNAONTR2/MTECTRSCRNAONTR2.transcript_counts.tsv	3037640	True	data/isoquant/GSA_mouse_testis_11week/MTECTRSCRNAONTR2/MTECTRSCRNAONTR2.read_assignments.tsv.gz	869079552	True	data/isoquant/GSA_mouse_testis_11week/MTECTRSCRNAONTR2/MTECTRSCRNAONTR2.transcript_models.gtf	385	True	data/isoquant/GSA_mouse_testis_11week/MTECTRSCRNAONTR2/MTECTRSCRNAONTR2.extended_annotation.gtf	385	True	data/isoquant/GSA_mouse_testis_11week/MTECTRSCRNAONTR2/MTECTRSCRNAONTR2.discovered_transcript_counts.tsv	0	True	results/paper1/f2_grammar/agg_diu/MTECTRSCRNAONTR2.diu.parquet	818238	True	results/paper1/f2_grammar/agg_apa/MTECTRSCRNAONTR2.apa.parquet	3567112	True	results/paper1/f2_grammar/agg_jct/MTECTRSCRNAONTR2.jct_ct.parquet	19984694	True	results/paper1/f2_grammar/agg_ase_ct/MTECTRSCRNAONTR2.ase_ct.parquet	289891	isoquant_core_complete
scTHREAD_NAR_release_20260803	SRR7173239	GSE114157	mouse	ONT	1	False		data/isoquant_smartseq2/GSE114157	data/isoquant_smartseq2/GSE114157	True	data/isoquant_smartseq2/GSE114157		False		0	False		0	False		0	False		0	False		0	False		0	False		0	False		0	False		0	False		0	membership_only
scTHREAD_NAR_release_20260803	SRR7173240	GSE114157	mouse	ONT	1	False		data/isoquant_smartseq2/GSE114157	data/isoquant_smartseq2/GSE114157	True	data/isoquant_smartseq2/GSE114157		False		0	False		0	False		0	False		0	False		0	False		0	False		0	False		0	False		0	False		0	membership_only
scTHREAD_NAR_release_20260803	SRR7173241	GSE114157	mouse	ONT	1	False		data/isoquant_smartseq2/GSE114157	data/isoquant_smartseq2/GSE114157	True	data/isoquant_smartseq2/GSE114157		False		0	False		0	False		0	False		0	False		0	False		0	False		0	False		0	False		0	False		0	membership_only
scTHREAD_NAR_release_20260803	SRR7173242	GSE114157	mouse	ONT	1	False		data/isoquant_smartseq2/GSE114157	data/isoquant_smartseq2/GSE114157	True	data/isoquant_smartseq2/GSE114157		False		0	False		0	False		0	False		0	False		0	False		0	False		0	False		0	False		0	False		0	membership_only
scTHREAD_NAR_release_20260803	SRR7173246	GSE114157	mouse	ONT	1	False		data/isoquant_smartseq2/GSE114157	data/isoquant_smartseq2/GSE114157	True	data/isoquant_smartseq2/GSE114157		False		0	False		0	False		0	False		0	False		0	False		0	False		0	False		0	False		0	False		0	membership_only
scTHREAD_NAR_release_20260803	SRR9008425	GSE130708	mouse	ONT	177	True	17848	data/isoquant/GSE130708/SRR9008425	data/isoquant/GSE130708/SRR9008425	True	data/isoquant/GSE130708/SRR9008425/SRR9008425	SRR9008425	True	data/isoquant/GSE130708/SRR9008425/SRR9008425/SRR9008425.gene_counts.tsv	823529	True	data/isoquant/GSE130708/SRR9008425/SRR9008425/SRR9008425.transcript_counts.tsv	3024425	True	data/isoquant/GSE130708/SRR9008425/SRR9008425/SRR9008425.read_assignments.tsv.gz	62191114	True	data/isoquant/GSE130708/SRR9008425/SRR9008425/SRR9008425.transcript_models.gtf	153899402	True	data/isoquant/GSE130708/SRR9008425/SRR9008425/SRR9008425.extended_annotation.gtf	777966821	True	data/isoquant/GSE130708/SRR9008425/SRR9008425/SRR9008425.discovered_transcript_counts.tsv	875956	True	results/paper1/f2_grammar/agg_diu/SRR9008425.diu.parquet	449237	False		0	False		0	False		0	isoquant_core_complete
scTHREAD_NAR_release_20260803	SRR9008427	GSE130708	mouse	ONT	827	True	16782	data/isoquant/GSE130708/SRR9008427	data/isoquant/GSE130708/SRR9008427	True	data/isoquant/GSE130708/SRR9008427/SRR9008427	SRR9008427	True	data/isoquant/GSE130708/SRR9008427/SRR9008427/SRR9008427.gene_counts.tsv	820503	True	data/isoquant/GSE130708/SRR9008427/SRR9008427/SRR9008427.transcript_counts.tsv	3021398	True	data/isoquant/GSE130708/SRR9008427/SRR9008427/SRR9008427.read_assignments.tsv.gz	44419444	True	data/isoquant/GSE130708/SRR9008427/SRR9008427/SRR9008427.transcript_models.gtf	154920318	True	data/isoquant/GSE130708/SRR9008427/SRR9008427/SRR9008427.extended_annotation.gtf	772481204	True	data/isoquant/GSE130708/SRR9008427/SRR9008427/SRR9008427.discovered_transcript_counts.tsv	668315	True	results/paper1/f2_grammar/agg_diu/SRR9008427.diu.parquet	434130	False		0	False		0	False		0	isoquant_core_complete
scTHREAD_NAR_release_20260803	SRR9008428	GSE130708	mouse	ONT	896	True	20869	data/isoquant/GSE130708/SRR9008428	data/isoquant/GSE130708/SRR9008428	True	data/isoquant/GSE130708/SRR9008428/SRR9008428	SRR9008428	True	data/isoquant/GSE130708/SRR9008428/SRR9008428/SRR9008428.gene_counts.tsv	823655	True	data/isoquant/GSE130708/SRR9008428/SRR9008428/SRR9008428.transcript_counts.tsv	3024109	True	data/isoquant/GSE130708/SRR9008428/SRR9008428/SRR9008428.read_assignments.tsv.gz	77802458	True	data/isoquant/GSE130708/SRR9008428/SRR9008428/SRR9008428.transcript_models.gtf	159614230	True	data/isoquant/GSE130708/SRR9008428/SRR9008428/SRR9008428.extended_annotation.gtf	769954835	True	data/isoquant/GSE130708/SRR9008428/SRR9008428/SRR9008428.discovered_transcript_counts.tsv	725274	True	results/paper1/f2_grammar/agg_diu/SRR9008428.diu.parquet	558016	True	results/paper1/f2_grammar/agg_apa/SRR9008428.apa.parquet	1565630	True	results/paper1/f2_grammar/agg_jct/SRR9008428.jct_ct.parquet	9467524	True	results/paper1/f2_grammar/agg_ase_ct/SRR9008428.ase_ct.parquet	446681	isoquant_core_complete
scTHREAD_NAR_release_20260803	SRR9008429	GSE130708	mouse	ONT	922	True	22375	data/isoquant/GSE130708/SRR9008429	data/isoquant/GSE130708/SRR9008429	True	data/isoquant/GSE130708/SRR9008429/SRR9008429	SRR9008429	True	data/isoquant/GSE130708/SRR9008429/SRR9008429/SRR9008429.gene_counts.tsv	824797	True	data/isoquant/GSE130708/SRR9008429/SRR9008429/SRR9008429.transcript_counts.tsv	3025670	True	data/isoquant/GSE130708/SRR9008429/SRR9008429/SRR9008429.read_assignments.tsv.gz	87907324	True	data/isoquant/GSE130708/SRR9008429/SRR9008429/SRR9008429.transcript_models.gtf	169656156	True	data/isoquant/GSE130708/SRR9008429/SRR9008429/SRR9008429.extended_annotation.gtf	773156134	True	data/isoquant/GSE130708/SRR9008429/SRR9008429/SRR9008429.discovered_transcript_counts.tsv	810746	True	results/paper1/f2_grammar/agg_diu/SRR9008429.diu.parquet	608308	True	results/paper1/f2_grammar/agg_apa/SRR9008429.apa.parquet	1680066	True	results/paper1/f2_grammar/agg_jct/SRR9008429.jct_ct.parquet	11514808	True	results/paper1/f2_grammar/agg_ase_ct/SRR9008429.ase_ct.parquet	455362	isoquant_core_complete
scTHREAD_NAR_release_20260803	SRR9008431	GSE130708	mouse	ONT	917	True	20940	data/isoquant/GSE130708/SRR9008431	data/isoquant/GSE130708/SRR9008431	True	data/isoquant/GSE130708/SRR9008431/SRR9008431	SRR9008431	True	data/isoquant/GSE130708/SRR9008431/SRR9008431/SRR9008431.gene_counts.tsv	823365	True	data/isoquant/GSE130708/SRR9008431/SRR9008431/SRR9008431.transcript_counts.tsv	3024050	True	data/isoquant/GSE130708/SRR9008431/SRR9008431/SRR9008431.read_assignments.tsv.gz	72873756	True	data/isoquant/GSE130708/SRR9008431/SRR9008431/SRR9008431.transcript_models.gtf	159530787	True	data/isoquant/GSE130708/SRR9008431/SRR9008431/SRR9008431.extended_annotation.gtf	770312476	True	data/isoquant/GSE130708/SRR9008431/SRR9008431/SRR9008431.discovered_transcript_counts.tsv	719547	True	results/paper1/f2_grammar/agg_diu/SRR9008431.diu.parquet	560225	False		0	False		0	False		0	isoquant_core_complete
scTHREAD_NAR_release_20260803	SRR9008433	GSE130708	mouse	ONT	905	True	19001	data/isoquant/GSE130708/SRR9008433	data/isoquant/GSE130708/SRR9008433	True	data/isoquant/GSE130708/SRR9008433/SRR9008433	SRR9008433	True	data/isoquant/GSE130708/SRR9008433/SRR9008433/SRR9008433.gene_counts.tsv	822979	True	data/isoquant/GSE130708/SRR9008433/SRR9008433/SRR9008433.transcript_counts.tsv	3023563	True	data/isoquant/GSE130708/SRR9008433/SRR9008433/SRR9008433.read_assignments.tsv.gz	68738857	True	data/isoquant/GSE130708/SRR9008433/SRR9008433/SRR9008433.transcript_models.gtf	153574692	True	data/isoquant/GSE130708/SRR9008433/SRR9008433/SRR9008433.extended_annotation.gtf	771658033	True	data/isoquant/GSE130708/SRR9008433/SRR9008433/SRR9008433.discovered_transcript_counts.tsv	722772	True	results/paper1/f2_grammar/agg_diu/SRR9008433.diu.parquet	510169	True	results/paper1/f2_grammar/agg_apa/SRR9008433.apa.parquet	1474545	True	results/paper1/f2_grammar/agg_jct/SRR9008433.jct_ct.parquet	9874235	True	results/paper1/f2_grammar/agg_ase_ct/SRR9008433.ase_ct.parquet	417282	isoquant_core_complete
scTHREAD_NAR_release_20260803	SRR12699083	GSE158450	mouse	PacBio	7286	True	37347	data/isoquant_pacbio/GSE158450/SRR12699083	data/isoquant_pacbio/GSE158450/SRR12699083	True	data/isoquant_pacbio/GSE158450/SRR12699083	SRR12699083	True	data/isoquant_pacbio/GSE158450/SRR12699083/SRR12699083.gene_counts.tsv	837165	True	data/isoquant_pacbio/GSE158450/SRR12699083/SRR12699083.transcript_counts.tsv	3042321	True	data/isoquant_pacbio/GSE158450/SRR12699083/SRR12699083.read_assignments.tsv.gz	385500882	True	data/isoquant_pacbio/GSE158450/SRR12699083/SRR12699083.transcript_models.gtf	286308326	True	data/isoquant_pacbio/GSE158450/SRR12699083/SRR12699083.extended_annotation.gtf	837924848	True	data/isoquant_pacbio/GSE158450/SRR12699083/SRR12699083.discovered_transcript_counts.tsv	5401739	False		0	False		0	False		0	False		0	isoquant_core_complete
scTHREAD_NAR_release_20260803	SRR12699084	GSE158450	mouse	PacBio	5273	True	25993	data/isoquant_pacbio/GSE158450/SRR12699084	data/isoquant_pacbio/GSE158450/SRR12699084	True	data/isoquant_pacbio/GSE158450/SRR12699084	SRR12699084	True	data/isoquant_pacbio/GSE158450/SRR12699084/SRR12699084.gene_counts.tsv	829054	True	data/isoquant_pacbio/GSE158450/SRR12699084/SRR12699084.transcript_counts.tsv	3028666	True	data/isoquant_pacbio/GSE158450/SRR12699084/SRR12699084.read_assignments.tsv.gz	135345497	True	data/isoquant_pacbio/GSE158450/SRR12699084/SRR12699084.transcript_models.gtf	211573692	True	data/isoquant_pacbio/GSE158450/SRR12699084/SRR12699084.extended_annotation.gtf	809956121	True	data/isoquant_pacbio/GSE158450/SRR12699084/SRR12699084.discovered_transcript_counts.tsv	3619072	False		0	False		0	False		0	False		0	isoquant_core_complete
scTHREAD_NAR_release_20260803	SRR12699085	GSE158450	mouse	PacBio	3146	True	26624	data/isoquant_pacbio/GSE158450/SRR12699085	data/isoquant_pacbio/GSE158450/SRR12699085	True	data/isoquant_pacbio/GSE158450/SRR12699085	SRR12699085	True	data/isoquant_pacbio/GSE158450/SRR12699085/SRR12699085.gene_counts.tsv	827355	True	data/isoquant_pacbio/GSE158450/SRR12699085/SRR12699085.transcript_counts.tsv	3028085	True	data/isoquant_pacbio/GSE158450/SRR12699085/SRR12699085.read_assignments.tsv.gz	114210871	True	data/isoquant_pacbio/GSE158450/SRR12699085/SRR12699085.transcript_models.gtf	208358901	True	data/isoquant_pacbio/GSE158450/SRR12699085/SRR12699085.extended_annotation.gtf	800697527	True	data/isoquant_pacbio/GSE158450/SRR12699085/SRR12699085.discovered_transcript_counts.tsv	2843973	False		0	False		0	False		0	False		0	isoquant_core_complete
scTHREAD_NAR_release_20260803	SRR12699086	GSE158450	mouse	PacBio	2474	True	22505	data/isoquant_pacbio/GSE158450/SRR12699086	data/isoquant_pacbio/GSE158450/SRR12699086	True	data/isoquant_pacbio/GSE158450/SRR12699086	SRR12699086	True	data/isoquant_pacbio/GSE158450/SRR12699086/SRR12699086.gene_counts.tsv	826518	True	data/isoquant_pacbio/GSE158450/SRR12699086/SRR12699086.transcript_counts.tsv	3025518	True	data/isoquant_pacbio/GSE158450/SRR12699086/SRR12699086.read_assignments.tsv.gz	104371901	True	data/isoquant_pacbio/GSE158450/SRR12699086/SRR12699086.transcript_models.gtf	186085417	True	data/isoquant_pacbio/GSE158450/SRR12699086/SRR12699086.extended_annotation.gtf	800129229	True	data/isoquant_pacbio/GSE158450/SRR12699086/SRR12699086.discovered_transcript_counts.tsv	2882205	False		0	False		0	False		0	False		0	isoquant_core_complete
scTHREAD_NAR_release_20260803	SRR14808726	GSE178175	human	PacBio	5135	True	4916	data/isoquant/GSE178175/SRR14808726	data/isoquant/GSE178175/SRR14808726	True	data/isoquant/GSE178175/SRR14808726/SRR14808726	SRR14808726	True	data/isoquant/GSE178175/SRR14808726/SRR14808726/SRR14808726.gene_counts.tsv	812150	True	data/isoquant/GSE178175/SRR14808726/SRR14808726/SRR14808726.transcript_counts.tsv	4746333	True	data/isoquant/GSE178175/SRR14808726/SRR14808726/SRR14808726.read_assignments.tsv.gz	10677299	True	data/isoquant/GSE178175/SRR14808726/SRR14808726/SRR14808726.transcript_models.gtf	43595409	True	data/isoquant/GSE178175/SRR14808726/SRR14808726/SRR14808726.extended_annotation.gtf	1343201091	True	data/isoquant/GSE178175/SRR14808726/SRR14808726/SRR14808726.discovered_transcript_counts.tsv	470961	True	results/paper1/f2_grammar/agg_diu/SRR14808726.diu.parquet	33730	False		0	False		0	True	results/paper1/f2_grammar/agg_ase_ct/SRR14808726.ase_ct.parquet	92640	isoquant_core_complete
scTHREAD_NAR_release_20260803	SRR14808727	GSE178175	human	PacBio	5224	True	6786	data/isoquant/GSE178175/SRR14808727	data/isoquant/GSE178175/SRR14808727	True	data/isoquant/GSE178175/SRR14808727/SRR14808727	SRR14808727	True	data/isoquant/GSE178175/SRR14808727/SRR14808727/SRR14808727.gene_counts.tsv	814052	True	data/isoquant/GSE178175/SRR14808727/SRR14808727/SRR14808727.transcript_counts.tsv	4746582	True	data/isoquant/GSE178175/SRR14808727/SRR14808727/SRR14808727.read_assignments.tsv.gz	16432719	True	data/isoquant/GSE178175/SRR14808727/SRR14808727/SRR14808727.transcript_models.gtf	61403975	True	data/isoquant/GSE178175/SRR14808727/SRR14808727/SRR14808727.extended_annotation.gtf	1347872054	True	data/isoquant/GSE178175/SRR14808727/SRR14808727/SRR14808727.discovered_transcript_counts.tsv	846689	False		0	False		0	False		0	True	results/paper1/f2_grammar/agg_ase_ct/SRR14808727.ase_ct.parquet	120055	isoquant_core_complete
scTHREAD_NAR_release_20260803	SRR14808728	GSE178175	human	PacBio	7739	True	16116	data/isoquant/GSE178175/SRR14808728	data/isoquant/GSE178175/SRR14808728	True	data/isoquant/GSE178175/SRR14808728/SRR14808728	SRR14808728	True	data/isoquant/GSE178175/SRR14808728/SRR14808728/SRR14808728.gene_counts.tsv	818062	True	data/isoquant/GSE178175/SRR14808728/SRR14808728/SRR14808728.transcript_counts.tsv	4748374	True	data/isoquant/GSE178175/SRR14808728/SRR14808728/SRR14808728.read_assignments.tsv.gz	34459681	True	data/isoquant/GSE178175/SRR14808728/SRR14808728/SRR14808728.transcript_models.gtf	121620493	True	data/isoquant/GSE178175/SRR14808728/SRR14808728/SRR14808728.extended_annotation.gtf	1360094539	True	data/isoquant/GSE178175/SRR14808728/SRR14808728/SRR14808728.discovered_transcript_counts.tsv	1250635	True	results/paper1/f2_grammar/agg_diu/SRR14808728.diu.parquet	66489	False		0	False		0	True	results/paper1/f2_grammar/agg_ase_ct/SRR14808728.ase_ct.parquet	259756	isoquant_core_complete
scTHREAD_NAR_release_20260803	SRR14808729	GSE178175	human	PacBio	7738	True	19118	data/isoquant/GSE178175/SRR14808729	data/isoquant/GSE178175/SRR14808729	True	data/isoquant/GSE178175/SRR14808729/SRR14808729	SRR14808729	True	data/isoquant/GSE178175/SRR14808729/SRR14808729/SRR14808729.gene_counts.tsv	819917	True	data/isoquant/GSE178175/SRR14808729/SRR14808729/SRR14808729.transcript_counts.tsv	4749421	True	data/isoquant/GSE178175/SRR14808729/SRR14808729/SRR14808729.read_assignments.tsv.gz	48090114	True	data/isoquant/GSE178175/SRR14808729/SRR14808729/SRR14808729.transcript_models.gtf	137336788	True	data/isoquant/GSE178175/SRR14808729/SRR14808729/SRR14808729.extended_annotation.gtf	1368027995	True	data/isoquant/GSE178175/SRR14808729/SRR14808729/SRR14808729.discovered_transcript_counts.tsv	1655028	True	results/paper1/f2_grammar/agg_diu/SRR14808729.diu.parquet	125509	False		0	False		0	True	results/paper1/f2_grammar/agg_ase_ct/SRR14808729.ase_ct.parquet	302956	isoquant_core_complete
scTHREAD_NAR_release_20260803	SRR14808730	GSE178175	human	PacBio	7658	True	18013	data/isoquant/GSE178175/SRR14808730	data/isoquant/GSE178175/SRR14808730	True	data/isoquant/GSE178175/SRR14808730/SRR14808730	SRR14808730	True	data/isoquant/GSE178175/SRR14808730/SRR14808730/SRR14808730.gene_counts.tsv	819226	True	data/isoquant/GSE178175/SRR14808730/SRR14808730/SRR14808730.transcript_counts.tsv	4749024	True	data/isoquant/GSE178175/SRR14808730/SRR14808730/SRR14808730.read_assignments.tsv.gz	42986780	True	data/isoquant/GSE178175/SRR14808730/SRR14808730/SRR14808730.transcript_models.gtf	132845705	True	data/isoquant/GSE178175/SRR14808730/SRR14808730/SRR14808730.extended_annotation.gtf	1365629600	True	data/isoquant/GSE178175/SRR14808730/SRR14808730/SRR14808730.discovered_transcript_counts.tsv	1515207	True	results/paper1/f2_grammar/agg_diu/SRR14808730.diu.parquet	103802	False		0	False		0	True	results/paper1/f2_grammar/agg_ase_ct/SRR14808730.ase_ct.parquet	289194	isoquant_core_complete
scTHREAD_NAR_release_20260803	SRR14808732	GSE178175	human	PacBio	7745	True	17763	data/isoquant/GSE178175/SRR14808732	data/isoquant/GSE178175/SRR14808732	True	data/isoquant/GSE178175/SRR14808732/SRR14808732	SRR14808732	True	data/isoquant/GSE178175/SRR14808732/SRR14808732/SRR14808732.gene_counts.tsv	819078	True	data/isoquant/GSE178175/SRR14808732/SRR14808732/SRR14808732.transcript_counts.tsv	4748927	True	data/isoquant/GSE178175/SRR14808732/SRR14808732/SRR14808732.read_assignments.tsv.gz	41303203	True	data/isoquant/GSE178175/SRR14808732/SRR14808732/SRR14808732.transcript_models.gtf	130111761	True	data/isoquant/GSE178175/SRR14808732/SRR14808732/SRR14808732.extended_annotation.gtf	1363910561	True	data/isoquant/GSE178175/SRR14808732/SRR14808732/SRR14808732.discovered_transcript_counts.tsv	1458010	True	results/paper1/f2_grammar/agg_diu/SRR14808732.diu.parquet	94767	False		0	False		0	True	results/paper1/f2_grammar/agg_ase_ct/SRR14808732.ase_ct.parquet	281644	isoquant_core_complete
scTHREAD_NAR_release_20260803	SRR14808733	GSE178175	human	PacBio	7692	True	17390	data/isoquant/GSE178175/SRR14808733	data/isoquant/GSE178175/SRR14808733	True	data/isoquant/GSE178175/SRR14808733/SRR14808733	SRR14808733	True	data/isoquant/GSE178175/SRR14808733/SRR14808733/SRR14808733.gene_counts.tsv	818855	True	data/isoquant/GSE178175/SRR14808733/SRR14808733/SRR14808733.transcript_counts.tsv	4748802	True	data/isoquant/GSE178175/SRR14808733/SRR14808733/SRR14808733.read_assignments.tsv.gz	39406603	True	data/isoquant/GSE178175/SRR14808733/SRR14808733/SRR14808733.transcript_models.gtf	127923996	True	data/isoquant/GSE178175/SRR14808733/SRR14808733/SRR14808733.extended_annotation.gtf	1363126007	True	data/isoquant/GSE178175/SRR14808733/SRR14808733/SRR14808733.discovered_transcript_counts.tsv	1405896	True	results/paper1/f2_grammar/agg_diu/SRR14808733.diu.parquet	89384	False		0	False		0	True	results/paper1/f2_grammar/agg_ase_ct/SRR14808733.ase_ct.parquet	275855	isoquant_core_complete
scTHREAD_NAR_release_20260803	SRR14808735	GSE178175	human	PacBio	7639	True	16457	data/isoquant/GSE178175/SRR14808735	data/isoquant/GSE178175/SRR14808735	True	data/isoquant/GSE178175/SRR14808735/SRR14808735	SRR14808735	True	data/isoquant/GSE178175/SRR14808735/SRR14808735/SRR14808735.gene_counts.tsv	818065	True	data/isoquant/GSE178175/SRR14808735/SRR14808735/SRR14808735.transcript_counts.tsv	4748460	True	data/isoquant/GSE178175/SRR14808735/SRR14808735/SRR14808735.read_assignments.tsv.gz	34840268	True	data/isoquant/GSE178175/SRR14808735/SRR14808735/SRR14808735.transcript_models.gtf	122687176	True	data/isoquant/GSE178175/SRR14808735/SRR14808735/SRR14808735.extended_annotation.gtf	1360508750	True	data/isoquant/GSE178175/SRR14808735/SRR14808735/SRR14808735.discovered_transcript_counts.tsv	1248935	True	results/paper1/f2_grammar/agg_diu/SRR14808735.diu.parquet	72951	False		0	False		0	True	results/paper1/f2_grammar/agg_ase_ct/SRR14808735.ase_ct.parquet	261313	isoquant_core_complete
scTHREAD_NAR_release_20260803	SRR14808736	GSE178175	human	PacBio	5851	True	9020	data/isoquant/GSE178175/SRR14808736	data/isoquant/GSE178175/SRR14808736	True	data/isoquant/GSE178175/SRR14808736/SRR14808736	SRR14808736	True	data/isoquant/GSE178175/SRR14808736/SRR14808736/SRR14808736.gene_counts.tsv	813785	True	data/isoquant/GSE178175/SRR14808736/SRR14808736/SRR14808736.transcript_counts.tsv	4746907	True	data/isoquant/GSE178175/SRR14808736/SRR14808736/SRR14808736.read_assignments.tsv.gz	12767611	True	data/isoquant/GSE178175/SRR14808736/SRR14808736/SRR14808736.transcript_models.gtf	80717165	True	data/isoquant/GSE178175/SRR14808736/SRR14808736/SRR14808736.extended_annotation.gtf	1344417158	True	data/isoquant/GSE178175/SRR14808736/SRR14808736/SRR14808736.discovered_transcript_counts.tsv	478155	False		0	False		0	False		0	True	results/paper1/f2_grammar/agg_ase_ct/SRR14808736.ase_ct.parquet	110209	isoquant_core_complete
scTHREAD_NAR_release_20260803	SRR14808737	GSE178175	human	PacBio	3881	True	4260	data/isoquant/GSE178175/SRR14808737	data/isoquant/GSE178175/SRR14808737	True	data/isoquant/GSE178175/SRR14808737/SRR14808737	SRR14808737	True	data/isoquant/GSE178175/SRR14808737/SRR14808737/SRR14808737.gene_counts.tsv	811434	True	data/isoquant/GSE178175/SRR14808737/SRR14808737/SRR14808737.transcript_counts.tsv	4746277	True	data/isoquant/GSE178175/SRR14808737/SRR14808737/SRR14808737.read_assignments.tsv.gz	4338932	True	data/isoquant/GSE178175/SRR14808737/SRR14808737/SRR14808737.transcript_models.gtf	49239948	True	data/isoquant/GSE178175/SRR14808737/SRR14808737/SRR14808737.extended_annotation.gtf	1339508452	True	data/isoquant/GSE178175/SRR14808737/SRR14808737/SRR14808737.discovered_transcript_counts.tsv	174741	True	results/paper1/f2_grammar/agg_diu/SRR14808737.diu.parquet	35630	False		0	False		0	True	results/paper1/f2_grammar/agg_ase_ct/SRR14808737.ase_ct.parquet	37613	isoquant_core_complete
scTHREAD_NAR_release_20260803	SRR14808738	GSE178175	human	PacBio	4719	True	6213	data/isoquant/GSE178175/SRR14808738	data/isoquant/GSE178175/SRR14808738	True	data/isoquant/GSE178175/SRR14808738/SRR14808738	SRR14808738	True	data/isoquant/GSE178175/SRR14808738/SRR14808738/SRR14808738.gene_counts.tsv	812287	True	data/isoquant/GSE178175/SRR14808738/SRR14808738/SRR14808738.transcript_counts.tsv	4746477	True	data/isoquant/GSE178175/SRR14808738/SRR14808738/SRR14808738.read_assignments.tsv.gz	7271172	True	data/isoquant/GSE178175/SRR14808738/SRR14808738/SRR14808738.transcript_models.gtf	63921115	True	data/isoquant/GSE178175/SRR14808738/SRR14808738/SRR14808738.extended_annotation.gtf	1341161610	True	data/isoquant/GSE178175/SRR14808738/SRR14808738/SRR14808738.discovered_transcript_counts.tsv	286301	True	results/paper1/f2_grammar/agg_diu/SRR14808738.diu.parquet	58250	False		0	False		0	True	results/paper1/f2_grammar/agg_ase_ct/SRR14808738.ase_ct.parquet	63655	isoquant_core_complete
scTHREAD_NAR_release_20260803	SRR14808739	GSE178175	human	PacBio	4243	True	5050	data/isoquant/GSE178175/SRR14808739	data/isoquant/GSE178175/SRR14808739	True	data/isoquant/GSE178175/SRR14808739/SRR14808739	SRR14808739	True	data/isoquant/GSE178175/SRR14808739/SRR14808739/SRR14808739.gene_counts.tsv	811774	True	data/isoquant/GSE178175/SRR14808739/SRR14808739/SRR14808739.transcript_counts.tsv	4746348	True	data/isoquant/GSE178175/SRR14808739/SRR14808739/SRR14808739.read_assignments.tsv.gz	5587224	True	data/isoquant/GSE178175/SRR14808739/SRR14808739/SRR14808739.transcript_models.gtf	55118981	True	data/isoquant/GSE178175/SRR14808739/SRR14808739/SRR14808739.extended_annotation.gtf	1340083979	True	data/isoquant/GSE178175/SRR14808739/SRR14808739/SRR14808739.discovered_transcript_counts.tsv	218722	True	results/paper1/f2_grammar/agg_diu/SRR14808739.diu.parquet	44341	False		0	False		0	True	results/paper1/f2_grammar/agg_ase_ct/SRR14808739.ase_ct.parquet	48709	isoquant_core_complete
scTHREAD_NAR_release_20260803	SRR14808740	GSE178175	human	PacBio	6239	True	11334	data/isoquant/GSE178175/SRR14808740	data/isoquant/GSE178175/SRR14808740	True	data/isoquant/GSE178175/SRR14808740/SRR14808740	SRR14808740	True	data/isoquant/GSE178175/SRR14808740/SRR14808740/SRR14808740.gene_counts.tsv	815150	True	data/isoquant/GSE178175/SRR14808740/SRR14808740/SRR14808740.transcript_counts.tsv	4747354	True	data/isoquant/GSE178175/SRR14808740/SRR14808740/SRR14808740.read_assignments.tsv.gz	18179439	True	data/isoquant/GSE178175/SRR14808740/SRR14808740/SRR14808740.transcript_models.gtf	94842203	True	data/isoquant/GSE178175/SRR14808740/SRR14808740/SRR14808740.extended_annotation.gtf	1347545817	True	data/isoquant/GSE178175/SRR14808740/SRR14808740/SRR14808740.discovered_transcript_counts.tsv	664150	True	results/paper1/f2_grammar/agg_diu/SRR14808740.diu.parquet	6885	False		0	False		0	True	results/paper1/f2_grammar/agg_ase_ct/SRR14808740.ase_ct.parquet	144109	isoquant_core_complete
scTHREAD_NAR_release_20260803	SRR14808741	GSE178175	human	PacBio	4078	True	4953	data/isoquant/GSE178175/SRR14808741	data/isoquant/GSE178175/SRR14808741	True	data/isoquant/GSE178175/SRR14808741/SRR14808741	SRR14808741	True	data/isoquant/GSE178175/SRR14808741/SRR14808741/SRR14808741.gene_counts.tsv	811709	True	data/isoquant/GSE178175/SRR14808741/SRR14808741/SRR14808741.transcript_counts.tsv	4746327	True	data/isoquant/GSE178175/SRR14808741/SRR14808741/SRR14808741.read_assignments.tsv.gz	5190813	True	data/isoquant/GSE178175/SRR14808741/SRR14808741/SRR14808741.transcript_models.gtf	54768955	True	data/isoquant/GSE178175/SRR14808741/SRR14808741/SRR14808741.extended_annotation.gtf	1339957449	True	data/isoquant/GSE178175/SRR14808741/SRR14808741/SRR14808741.discovered_transcript_counts.tsv	207813	True	results/paper1/f2_grammar/agg_diu/SRR14808741.diu.parquet	42274	False		0	False		0	True	results/paper1/f2_grammar/agg_ase_ct/SRR14808741.ase_ct.parquet	45802	isoquant_core_complete
scTHREAD_NAR_release_20260803	SRR14808743	GSE178175	human	ONT	7770	True	39616	data/isoquant/GSE178175/SRR14808743	data/isoquant/GSE178175/SRR14808743	True	data/isoquant/GSE178175/SRR14808743/SRR14808743	SRR14808743	True	data/isoquant/GSE178175/SRR14808743/SRR14808743/SRR14808743.gene_counts.tsv	829627	True	data/isoquant/GSE178175/SRR14808743/SRR14808743/SRR14808743.transcript_counts.tsv	4758487	True	data/isoquant/GSE178175/SRR14808743/SRR14808743/SRR14808743.read_assignments.tsv.gz	200986316	True	data/isoquant/GSE178175/SRR14808743/SRR14808743/SRR14808743.transcript_models.gtf	176094310	True	data/isoquant/GSE178175/SRR14808743/SRR14808743/SRR14808743.extended_annotation.gtf	1367215048	True	data/isoquant/GSE178175/SRR14808743/SRR14808743/SRR14808743.discovered_transcript_counts.tsv	1483856	True	results/paper1/f2_grammar/agg_diu/SRR14808743.diu.parquet	608543	True	results/paper1/f2_grammar/agg_apa/SRR14808743.apa.parquet	3671404	True	results/paper1/f2_grammar/agg_jct/SRR14808743.jct_ct.parquet	21178757	True	results/paper1/f2_grammar/agg_ase_ct/SRR14808743.ase_ct.parquet	637343	isoquant_core_complete
scTHREAD_NAR_release_20260803	SRR14808744	GSE178175	human	ONT	678	True	673	data/isoquant/GSE178175/SRR14808744	data/isoquant/GSE178175/SRR14808744	True	data/isoquant/GSE178175/SRR14808744/SRR14808744	SRR14808744	True	data/isoquant/GSE178175/SRR14808744/SRR14808744/SRR14808744.gene_counts.tsv	810795	True	data/isoquant/GSE178175/SRR14808744/SRR14808744/SRR14808744.transcript_counts.tsv	4746171	True	data/isoquant/GSE178175/SRR14808744/SRR14808744/SRR14808744.read_assignments.tsv.gz	571261	True	data/isoquant/GSE178175/SRR14808744/SRR14808744/SRR14808744.transcript_models.gtf	10106825	True	data/isoquant/GSE178175/SRR14808744/SRR14808744/SRR14808744.extended_annotation.gtf	1337962419	True	data/isoquant/GSE178175/SRR14808744/SRR14808744/SRR14808744.discovered_transcript_counts.tsv	23024	True	results/paper1/f2_grammar/agg_diu/SRR14808744.diu.parquet	4101	False		0	False		0	True	results/paper1/f2_grammar/agg_ase_ct/SRR14808744.ase_ct.parquet	6654	isoquant_core_complete
scTHREAD_NAR_release_20260803	SRR14808745	GSE178175	human	ONT	7879	True	57758	data/isoquant/GSE178175/SRR14808745	data/isoquant/GSE178175/SRR14808745	True	data/isoquant/GSE178175/SRR14808745/SRR14808745	SRR14808745	True	data/isoquant/GSE178175/SRR14808745/SRR14808745/SRR14808745.gene_counts.tsv	839022	True	data/isoquant/GSE178175/SRR14808745/SRR14808745/SRR14808745.transcript_counts.tsv	4775538	True	data/isoquant/GSE178175/SRR14808745/SRR14808745/SRR14808745.read_assignments.tsv.gz	622538850	True	data/isoquant/GSE178175/SRR14808745/SRR14808745/SRR14808745.transcript_models.gtf	230049306	True	data/isoquant/GSE178175/SRR14808745/SRR14808745/SRR14808745.extended_annotation.gtf	1383224330	True	data/isoquant/GSE178175/SRR14808745/SRR14808745/SRR14808745.discovered_transcript_counts.tsv	2288348	True	results/paper1/f2_grammar/agg_diu/SRR14808745.diu.parquet	1093613	True	results/paper1/f2_grammar/agg_apa/SRR14808745.apa.parquet	5703670	True	results/paper1/f2_grammar/agg_jct/SRR14808745.jct_ct.parquet	30457555	True	results/paper1/f2_grammar/agg_ase_ct/SRR14808745.ase_ct.parquet	514835	isoquant_core_complete
scTHREAD_NAR_release_20260803	SRR14808746	GSE178175	human	ONT	7050	True	52084	data/isoquant/GSE178175/SRR14808746	data/isoquant/GSE178175/SRR14808746	True	data/isoquant/GSE178175/SRR14808746/SRR14808746	SRR14808746	True	data/isoquant/GSE178175/SRR14808746/SRR14808746/SRR14808746.gene_counts.tsv	834982	True	data/isoquant/GSE178175/SRR14808746/SRR14808746/SRR14808746.transcript_counts.tsv	4768166	True	data/isoquant/GSE178175/SRR14808746/SRR14808746/SRR14808746.read_assignments.tsv.gz	417400634	True	data/isoquant/GSE178175/SRR14808746/SRR14808746/SRR14808746.transcript_models.gtf	197460388	True	data/isoquant/GSE178175/SRR14808746/SRR14808746/SRR14808746.extended_annotation.gtf	1363436895	True	data/isoquant/GSE178175/SRR14808746/SRR14808746/SRR14808746.discovered_transcript_counts.tsv	1588039	True	results/paper1/f2_grammar/agg_diu/SRR14808746.diu.parquet	831771	True	results/paper1/f2_grammar/agg_apa/SRR14808746.apa.parquet	4418164	True	results/paper1/f2_grammar/agg_jct/SRR14808746.jct_ct.parquet	22099194	True	results/paper1/f2_grammar/agg_ase_ct/SRR14808746.ase_ct.parquet	667054	isoquant_core_complete
scTHREAD_NAR_release_20260803	SRR14808747	GSE178175	human	ONT	1153	True	1181	data/isoquant/GSE178175/SRR14808747	data/isoquant/GSE178175/SRR14808747	True	data/isoquant/GSE178175/SRR14808747/SRR14808747	SRR14808747	True	data/isoquant/GSE178175/SRR14808747/SRR14808747/SRR14808747.gene_counts.tsv	810822	True	data/isoquant/GSE178175/SRR14808747/SRR14808747/SRR14808747.transcript_counts.tsv	4746175	True	data/isoquant/GSE178175/SRR14808747/SRR14808747/SRR14808747.read_assignments.tsv.gz	909008	True	data/isoquant/GSE178175/SRR14808747/SRR14808747/SRR14808747.transcript_models.gtf	15281741	True	data/isoquant/GSE178175/SRR14808747/SRR14808747/SRR14808747.extended_annotation.gtf	1338081225	True	data/isoquant/GSE178175/SRR14808747/SRR14808747/SRR14808747.discovered_transcript_counts.tsv	41296	True	results/paper1/f2_grammar/agg_diu/SRR14808747.diu.parquet	8660	False		0	False		0	True	results/paper1/f2_grammar/agg_ase_ct/SRR14808747.ase_ct.parquet	7938	isoquant_core_complete
scTHREAD_NAR_release_20260803	SRR17074937	GSE178175	human	PacBio	6016	True	7227	data/isoquant/GSE178175/SRR17074937	data/isoquant/GSE178175/SRR17074937	True	data/isoquant/GSE178175/SRR17074937/SRR17074937	SRR17074937	True	data/isoquant/GSE178175/SRR17074937/SRR17074937/SRR17074937.gene_counts.tsv	813788	True	data/isoquant/GSE178175/SRR17074937/SRR17074937/SRR17074937.transcript_counts.tsv	4746499	True	data/isoquant/GSE178175/SRR17074937/SRR17074937/SRR17074937.read_assignments.tsv.gz	22314187	True	data/isoquant/GSE178175/SRR17074937/SRR17074937/SRR17074937.transcript_models.gtf	75418230	True	data/isoquant/GSE178175/SRR17074937/SRR17074937/SRR17074937.extended_annotation.gtf	1355878680	True	data/isoquant/GSE178175/SRR17074937/SRR17074937/SRR17074937.discovered_transcript_counts.tsv	1429666	True	results/paper1/f2_grammar/agg_diu/SRR17074937.diu.parquet	1790	False		0	False		0	True	results/paper1/f2_grammar/agg_ase_ct/SRR17074937.ase_ct.parquet	204662	isoquant_core_complete
scTHREAD_NAR_release_20260803	SRR17074938	GSE178175	mouse	ONT	5117	True	20565	data/isoquant/GSE178175/SRR17074938	data/isoquant/GSE178175/SRR17074938	True	data/isoquant/GSE178175/SRR17074938/SRR17074938	SRR17074938	True	data/isoquant/GSE178175/SRR17074938/SRR17074938/SRR17074938.gene_counts.tsv	820856	True	data/isoquant/GSE178175/SRR17074938/SRR17074938/SRR17074938.transcript_counts.tsv	3021434	True	data/isoquant/GSE178175/SRR17074938/SRR17074938/SRR17074938.read_assignments.tsv.gz	42313638	True	data/isoquant/GSE178175/SRR17074938/SRR17074938/SRR17074938.transcript_models.gtf	131030742	True	data/isoquant/GSE178175/SRR17074938/SRR17074938/SRR17074938.extended_annotation.gtf	762587933	True	data/isoquant/GSE178175/SRR17074938/SRR17074938/SRR17074938.discovered_transcript_counts.tsv	454537	False		0	False		0	False		0	False		0	isoquant_core_complete
scTHREAD_NAR_release_20260803	SRR16248566	GSE185554	mouse	ONT	1	False		data/isoquant_smartseq2/GSE185554	data/isoquant_smartseq2/GSE185554	True	data/isoquant_smartseq2/GSE185554		False		0	False		0	False		0	False		0	False		0	False		0	False		0	False		0	False		0	False		0	membership_only
scTHREAD_NAR_release_20260803	SRR16248568	GSE185554	mouse	ONT	1	False		data/isoquant_smartseq2/GSE185554	data/isoquant_smartseq2/GSE185554	True	data/isoquant_smartseq2/GSE185554		False		0	False		0	False		0	False		0	False		0	False		0	False		0	False		0	False		0	False		0	membership_only
scTHREAD_NAR_release_20260803	SRR16248569	GSE185554	mouse	ONT	1	False		data/isoquant_smartseq2/GSE185554	data/isoquant_smartseq2/GSE185554	True	data/isoquant_smartseq2/GSE185554		False		0	False		0	False		0	False		0	False		0	False		0	False		0	False		0	False		0	False		0	membership_only
scTHREAD_NAR_release_20260803	SRR16248570	GSE185554	mouse	ONT	1	False		data/isoquant_smartseq2/GSE185554	data/isoquant_smartseq2/GSE185554	True	data/isoquant_smartseq2/GSE185554		False		0	False		0	False		0	False		0	False		0	False		0	False		0	False		0	False		0	False		0	membership_only
scTHREAD_NAR_release_20260803	SRR16248571	GSE185554	mouse	ONT	1	False		data/isoquant_smartseq2/GSE185554	data/isoquant_smartseq2/GSE185554	True	data/isoquant_smartseq2/GSE185554		False		0	False		0	False		0	False		0	False		0	False		0	False		0	False		0	False		0	False		0	membership_only
scTHREAD_NAR_release_20260803	SRR16248573	GSE185554	mouse	ONT	1	False		data/isoquant_smartseq2/GSE185554	data/isoquant_smartseq2/GSE185554	True	data/isoquant_smartseq2/GSE185554		False		0	False		0	False		0	False		0	False		0	False		0	False		0	False		0	False		0	False		0	membership_only
scTHREAD_NAR_release_20260803	SRR16248574	GSE185554	mouse	ONT	1	False		data/isoquant_smartseq2/GSE185554	data/isoquant_smartseq2/GSE185554	True	data/isoquant_smartseq2/GSE185554		False		0	False		0	False		0	False		0	False		0	False		0	False		0	False		0	False		0	False		0	membership_only
scTHREAD_NAR_release_20260803	SRR16248575	GSE185554	mouse	ONT	1	False		data/isoquant_smartseq2/GSE185554	data/isoquant_smartseq2/GSE185554	True	data/isoquant_smartseq2/GSE185554		False		0	False		0	False		0	False		0	False		0	False		0	False		0	False		0	False		0	False		0	membership_only
scTHREAD_NAR_release_20260803	SRR16248576	GSE185554	mouse	ONT	1	False		data/isoquant_smartseq2/GSE185554	data/isoquant_smartseq2/GSE185554	True	data/isoquant_smartseq2/GSE185554		False		0	False		0	False		0	False		0	False		0	False		0	False		0	False		0	False		0	False		0	membership_only
scTHREAD_NAR_release_20260803	SRR16248577	GSE185554	mouse	ONT	1	False		data/isoquant_smartseq2/GSE185554	data/isoquant_smartseq2/GSE185554	True	data/isoquant_smartseq2/GSE185554		False		0	False		0	False		0	False		0	False		0	False		0	False		0	False		0	False		0	False		0	membership_only
scTHREAD_NAR_release_20260803	SRR16248578	GSE185554	mouse	ONT	1	False		data/isoquant_smartseq2/GSE185554	data/isoquant_smartseq2/GSE185554	True	data/isoquant_smartseq2/GSE185554		False		0	False		0	False		0	False		0	False		0	False		0	False		0	False		0	False		0	False		0	membership_only
scTHREAD_NAR_release_20260803	SRR16248579	GSE185554	mouse	ONT	1	False		data/isoquant_smartseq2/GSE185554	data/isoquant_smartseq2/GSE185554	True	data/isoquant_smartseq2/GSE185554		False		0	False		0	False		0	False		0	False		0	False		0	False		0	False		0	False		0	False		0	membership_only
scTHREAD_NAR_release_20260803	SRR16248581	GSE185554	mouse	ONT	1	False		data/isoquant_smartseq2/GSE185554	data/isoquant_smartseq2/GSE185554	True	data/isoquant_smartseq2/GSE185554		False		0	False		0	False		0	False		0	False		0	False		0	False		0	False		0	False		0	False		0	membership_only
scTHREAD_NAR_release_20260803	SRR16248582	GSE185554	mouse	ONT	1	False		data/isoquant_smartseq2/GSE185554	data/isoquant_smartseq2/GSE185554	True	data/isoquant_smartseq2/GSE185554		False		0	False		0	False		0	False		0	False		0	False		0	False		0	False		0	False		0	False		0	membership_only
scTHREAD_NAR_release_20260803	SRR16248583	GSE185554	mouse	ONT	1	False		data/isoquant_smartseq2/GSE185554	data/isoquant_smartseq2/GSE185554	True	data/isoquant_smartseq2/GSE185554		False		0	False		0	False		0	False		0	False		0	False		0	False		0	False		0	False		0	False		0	membership_only
scTHREAD_NAR_release_20260803	SRR16248584	GSE185554	mouse	ONT	1	False		data/isoquant_smartseq2/GSE185554	data/isoquant_smartseq2/GSE185554	True	data/isoquant_smartseq2/GSE185554		False		0	False		0	False		0	False		0	False		0	False		0	False		0	False		0	False		0	False		0	membership_only
scTHREAD_NAR_release_20260803	SRR16248585	GSE185554	mouse	ONT	1	False		data/isoquant_smartseq2/GSE185554	data/isoquant_smartseq2/GSE185554	True	data/isoquant_smartseq2/GSE185554		False		0	False		0	False		0	False		0	False		0	False		0	False		0	False		0	False		0	False		0	membership_only
scTHREAD_NAR_release_20260803	SRR16248586	GSE185554	mouse	ONT	1	False		data/isoquant_smartseq2/GSE185554	data/isoquant_smartseq2/GSE185554	True	data/isoquant_smartseq2/GSE185554		False		0	False		0	False		0	False		0	False		0	False		0	False		0	False		0	False		0	False		0	membership_only
scTHREAD_NAR_release_20260803	SRR16248587	GSE185554	mouse	ONT	1	False		data/isoquant_smartseq2/GSE185554	data/isoquant_smartseq2/GSE185554	True	data/isoquant_smartseq2/GSE185554		False		0	False		0	False		0	False		0	False		0	False		0	False		0	False		0	False		0	False		0	membership_only
scTHREAD_NAR_release_20260803	SRR16248588	GSE185554	mouse	ONT	1	False		data/isoquant_smartseq2/GSE185554	data/isoquant_smartseq2/GSE185554	True	data/isoquant_smartseq2/GSE185554		False		0	False		0	False		0	False		0	False		0	False		0	False		0	False		0	False		0	False		0	membership_only
scTHREAD_NAR_release_20260803	SRR16248589	GSE185554	mouse	ONT	1	False		data/isoquant_smartseq2/GSE185554	data/isoquant_smartseq2/GSE185554	True	data/isoquant_smartseq2/GSE185554		False		0	False		0	False		0	False		0	False		0	False		0	False		0	False		0	False		0	False		0	membership_only
scTHREAD_NAR_release_20260803	SRR16248590	GSE185554	mouse	ONT	1	False		data/isoquant_smartseq2/GSE185554	data/isoquant_smartseq2/GSE185554	True	data/isoquant_smartseq2/GSE185554		False		0	False		0	False		0	False		0	False		0	False		0	False		0	False		0	False		0	False		0	membership_only
scTHREAD_NAR_release_20260803	SRR16248591	GSE185554	mouse	ONT	1	False		data/isoquant_smartseq2/GSE185554	data/isoquant_smartseq2/GSE185554	True	data/isoquant_smartseq2/GSE185554		False		0	False		0	False		0	False		0	False		0	False		0	False		0	False		0	False		0	False		0	membership_only
scTHREAD_NAR_release_20260803	SRR16248592	GSE185554	mouse	ONT	1	False		data/isoquant_smartseq2/GSE185554	data/isoquant_smartseq2/GSE185554	True	data/isoquant_smartseq2/GSE185554		False		0	False		0	False		0	False		0	False		0	False		0	False		0	False		0	False		0	False		0	membership_only
scTHREAD_NAR_release_20260803	SRR16248593	GSE185554	mouse	ONT	1	False		data/isoquant_smartseq2/GSE185554	data/isoquant_smartseq2/GSE185554	True	data/isoquant_smartseq2/GSE185554		False		0	False		0	False		0	False		0	False		0	False		0	False		0	False		0	False		0	False		0	membership_only
scTHREAD_NAR_release_20260803	SRR16248594	GSE185554	mouse	ONT	1	False		data/isoquant_smartseq2/GSE185554	data/isoquant_smartseq2/GSE185554	True	data/isoquant_smartseq2/GSE185554		False		0	False		0	False		0	False		0	False		0	False		0	False		0	False		0	False		0	False		0	membership_only
scTHREAD_NAR_release_20260803	SRR16248595	GSE185554	mouse	ONT	1	False		data/isoquant_smartseq2/GSE185554	data/isoquant_smartseq2/GSE185554	True	data/isoquant_smartseq2/GSE185554		False		0	False		0	False		0	False		0	False		0	False		0	False		0	False		0	False		0	False		0	membership_only
scTHREAD_NAR_release_20260803	SRR16248596	GSE185554	mouse	ONT	1	False		data/isoquant_smartseq2/GSE185554	data/isoquant_smartseq2/GSE185554	True	data/isoquant_smartseq2/GSE185554		False		0	False		0	False		0	False		0	False		0	False		0	False		0	False		0	False		0	False		0	membership_only
scTHREAD_NAR_release_20260803	SRR16248597	GSE185554	mouse	ONT	1	False		data/isoquant_smartseq2/GSE185554	data/isoquant_smartseq2/GSE185554	True	data/isoquant_smartseq2/GSE185554		False		0	False		0	False		0	False		0	False		0	False		0	False		0	False		0	False		0	False		0	membership_only
scTHREAD_NAR_release_20260803	SRR16248598	GSE185554	mouse	ONT	1	False		data/isoquant_smartseq2/GSE185554	data/isoquant_smartseq2/GSE185554	True	data/isoquant_smartseq2/GSE185554		False		0	False		0	False		0	False		0	False		0	False		0	False		0	False		0	False		0	False		0	membership_only
scTHREAD_NAR_release_20260803	SRR16248599	GSE185554	mouse	ONT	1	False		data/isoquant_smartseq2/GSE185554	data/isoquant_smartseq2/GSE185554	True	data/isoquant_smartseq2/GSE185554		False		0	False		0	False		0	False		0	False		0	False		0	False		0	False		0	False		0	False		0	membership_only
scTHREAD_NAR_release_20260803	SRR16248601	GSE185554	mouse	ONT	1	False		data/isoquant_smartseq2/GSE185554	data/isoquant_smartseq2/GSE185554	True	data/isoquant_smartseq2/GSE185554		False		0	False		0	False		0	False		0	False		0	False		0	False		0	False		0	False		0	False		0	membership_only
scTHREAD_NAR_release_20260803	SRR16248602	GSE185554	mouse	ONT	1	False		data/isoquant_smartseq2/GSE185554	data/isoquant_smartseq2/GSE185554	True	data/isoquant_smartseq2/GSE185554		False		0	False		0	False		0	False		0	False		0	False		0	False		0	False		0	False		0	False		0	membership_only
scTHREAD_NAR_release_20260803	SRR16248603	GSE185554	mouse	ONT	1	False		data/isoquant_smartseq2/GSE185554	data/isoquant_smartseq2/GSE185554	True	data/isoquant_smartseq2/GSE185554		False		0	False		0	False		0	False		0	False		0	False		0	False		0	False		0	False		0	False		0	membership_only
scTHREAD_NAR_release_20260803	SRR16248606	GSE185554	mouse	ONT	1	False		data/isoquant_smartseq2/GSE185554	data/isoquant_smartseq2/GSE185554	True	data/isoquant_smartseq2/GSE185554		False		0	False		0	False		0	False		0	False		0	False		0	False		0	False		0	False		0	False		0	membership_only
scTHREAD_NAR_release_20260803	SRR16248607	GSE185554	mouse	ONT	1	False		data/isoquant_smartseq2/GSE185554	data/isoquant_smartseq2/GSE185554	True	data/isoquant_smartseq2/GSE185554		False		0	False		0	False		0	False		0	False		0	False		0	False		0	False		0	False		0	False		0	membership_only
scTHREAD_NAR_release_20260803	SRR16248608	GSE185554	mouse	ONT	1	False		data/isoquant_smartseq2/GSE185554	data/isoquant_smartseq2/GSE185554	True	data/isoquant_smartseq2/GSE185554		False		0	False		0	False		0	False		0	False		0	False		0	False		0	False		0	False		0	False		0	membership_only
scTHREAD_NAR_release_20260803	SRR16248609	GSE185554	mouse	ONT	1	False		data/isoquant_smartseq2/GSE185554	data/isoquant_smartseq2/GSE185554	True	data/isoquant_smartseq2/GSE185554		False		0	False		0	False		0	False		0	False		0	False		0	False		0	False		0	False		0	False		0	membership_only
scTHREAD_NAR_release_20260803	SRR16248610	GSE185554	mouse	ONT	1	False		data/isoquant_smartseq2/GSE185554	data/isoquant_smartseq2/GSE185554	True	data/isoquant_smartseq2/GSE185554		False		0	False		0	False		0	False		0	False		0	False		0	False		0	False		0	False		0	False		0	membership_only
scTHREAD_NAR_release_20260803	SRR16248611	GSE185554	mouse	ONT	1	False		data/isoquant_smartseq2/GSE185554	data/isoquant_smartseq2/GSE185554	True	data/isoquant_smartseq2/GSE185554		False		0	False		0	False		0	False		0	False		0	False		0	False		0	False		0	False		0	False		0	membership_only
scTHREAD_NAR_release_20260803	SRR16248612	GSE185554	mouse	ONT	1	False		data/isoquant_smartseq2/GSE185554	data/isoquant_smartseq2/GSE185554	True	data/isoquant_smartseq2/GSE185554		False		0	False		0	False		0	False		0	False		0	False		0	False		0	False		0	False		0	False		0	membership_only
scTHREAD_NAR_release_20260803	SRR16248613	GSE185554	mouse	ONT	1	False		data/isoquant_smartseq2/GSE185554	data/isoquant_smartseq2/GSE185554	True	data/isoquant_smartseq2/GSE185554		False		0	False		0	False		0	False		0	False		0	False		0	False		0	False		0	False		0	False		0	membership_only
scTHREAD_NAR_release_20260803	SRR21492154	GSE212945	human	ONT	6603	True	51834	data/isoquant/GSE212945/SRR21492154	data/isoquant/GSE212945/SRR21492154	True	data/isoquant/GSE212945/SRR21492154/SRR21492154	SRR21492154	True	data/isoquant/GSE212945/SRR21492154/SRR21492154/SRR21492154.gene_counts.tsv	842674	True	data/isoquant/GSE212945/SRR21492154/SRR21492154/SRR21492154.transcript_counts.tsv	4777095	True	data/isoquant/GSE212945/SRR21492154/SRR21492154/SRR21492154.read_assignments.tsv.gz	837359276	True	data/isoquant/GSE212945/SRR21492154/SRR21492154/SRR21492154.transcript_models.gtf	236899456	True	data/isoquant/GSE212945/SRR21492154/SRR21492154/SRR21492154.extended_annotation.gtf	1375227237	True	data/isoquant/GSE212945/SRR21492154/SRR21492154/SRR21492154.discovered_transcript_counts.tsv	2377623	True	results/paper1/f2_grammar/agg_diu/SRR21492154.diu.parquet	624606	True	results/paper1/f2_grammar/agg_apa/SRR21492154.apa.parquet	3283759	True	results/paper1/f2_grammar/agg_jct/SRR21492154.jct_ct.parquet	20054406	True	results/paper1/f2_grammar/agg_ase_ct/SRR21492154.ase_ct.parquet	216798	isoquant_core_complete
scTHREAD_NAR_release_20260803	SRR21492155	GSE212945	human	ONT	8429	True	52177	data/isoquant/GSE212945/SRR21492155	data/isoquant/GSE212945/SRR21492155	True	data/isoquant/GSE212945/SRR21492155/SRR21492155	SRR21492155	True	data/isoquant/GSE212945/SRR21492155/SRR21492155/SRR21492155.gene_counts.tsv	840001	True	data/isoquant/GSE212945/SRR21492155/SRR21492155/SRR21492155.transcript_counts.tsv	4773777	True	data/isoquant/GSE212945/SRR21492155/SRR21492155/SRR21492155.read_assignments.tsv.gz	834139105	True	data/isoquant/GSE212945/SRR21492155/SRR21492155/SRR21492155.transcript_models.gtf	222704668	True	data/isoquant/GSE212945/SRR21492155/SRR21492155/SRR21492155.extended_annotation.gtf	1356699818	True	data/isoquant/GSE212945/SRR21492155/SRR21492155/SRR21492155.discovered_transcript_counts.tsv	1522680	True	results/paper1/f2_grammar/agg_diu/SRR21492155.diu.parquet	626010	True	results/paper1/f2_grammar/agg_apa/SRR21492155.apa.parquet	3473733	True	results/paper1/f2_grammar/agg_jct/SRR21492155.jct_ct.parquet	23599993	True	results/paper1/f2_grammar/agg_ase_ct/SRR21492155.ase_ct.parquet	271389	isoquant_core_complete
scTHREAD_NAR_release_20260803	SRR21492156	GSE212945	human	ONT	3690	True	50813	data/isoquant/GSE212945/SRR21492156	data/isoquant/GSE212945/SRR21492156	True	data/isoquant/GSE212945/SRR21492156/SRR21492156	SRR21492156	True	data/isoquant/GSE212945/SRR21492156/SRR21492156/SRR21492156.gene_counts.tsv	843407	True	data/isoquant/GSE212945/SRR21492156/SRR21492156/SRR21492156.transcript_counts.tsv	4776878	True	data/isoquant/GSE212945/SRR21492156/SRR21492156/SRR21492156.read_assignments.tsv.gz	967055021	True	data/isoquant/GSE212945/SRR21492156/SRR21492156/SRR21492156.transcript_models.gtf	253290868	True	data/isoquant/GSE212945/SRR21492156/SRR21492156/SRR21492156.extended_annotation.gtf	1409631331	True	data/isoquant/GSE212945/SRR21492156/SRR21492156/SRR21492156.discovered_transcript_counts.tsv	4197022	True	results/paper1/f2_grammar/agg_diu/SRR21492156.diu.parquet	631615	True	results/paper1/f2_grammar/agg_apa/SRR21492156.apa.parquet	2344040	True	results/paper1/f2_grammar/agg_jct/SRR21492156.jct_ct.parquet	17474185	True	results/paper1/f2_grammar/agg_ase_ct/SRR21492156.ase_ct.parquet	248429	isoquant_core_complete
scTHREAD_NAR_release_20260803	SRR21492157	GSE212945	human	ONT	3587	True	41320	data/isoquant/GSE212945/SRR21492157	data/isoquant/GSE212945/SRR21492157	True	data/isoquant/GSE212945/SRR21492157/SRR21492157	SRR21492157	True	data/isoquant/GSE212945/SRR21492157/SRR21492157/SRR21492157.gene_counts.tsv	836346	True	data/isoquant/GSE212945/SRR21492157/SRR21492157/SRR21492157.transcript_counts.tsv	4765119	True	data/isoquant/GSE212945/SRR21492157/SRR21492157/SRR21492157.read_assignments.tsv.gz	415794817	True	data/isoquant/GSE212945/SRR21492157/SRR21492157/SRR21492157.transcript_models.gtf	203314396	True	data/isoquant/GSE212945/SRR21492157/SRR21492157/SRR21492157.extended_annotation.gtf	1369542967	True	data/isoquant/GSE212945/SRR21492157/SRR21492157/SRR21492157.discovered_transcript_counts.tsv	1986349	True	results/paper1/f2_grammar/agg_diu/SRR21492157.diu.parquet	519945	True	results/paper1/f2_grammar/agg_apa/SRR21492157.apa.parquet	2229653	True	results/paper1/f2_grammar/agg_jct/SRR21492157.jct_ct.parquet	12299146	True	results/paper1/f2_grammar/agg_ase_ct/SRR21492157.ase_ct.parquet	238157	isoquant_core_complete
scTHREAD_NAR_release_20260803	SRR34318914	GSE212945	human	ONT	3672	True	49600	data/isoquant/GSE212945/SRR34318914	data/isoquant/GSE212945/SRR34318914	True	data/isoquant/GSE212945/SRR34318914/SRR34318914	SRR34318914	True	data/isoquant/GSE212945/SRR34318914/SRR34318914/SRR34318914.gene_counts.tsv	839096	True	data/isoquant/GSE212945/SRR34318914/SRR34318914/SRR34318914.transcript_counts.tsv	4771595	True	data/isoquant/GSE212945/SRR34318914/SRR34318914/SRR34318914.read_assignments.tsv.gz	780997629	True	data/isoquant/GSE212945/SRR34318914/SRR34318914/SRR34318914.transcript_models.gtf	226712547	True	data/isoquant/GSE212945/SRR34318914/SRR34318914/SRR34318914.extended_annotation.gtf	1355120870	True	data/isoquant/GSE212945/SRR34318914/SRR34318914/SRR34318914.discovered_transcript_counts.tsv	1370480	True	results/paper1/f2_grammar/agg_diu/SRR34318914.diu.parquet	572745	True	results/paper1/f2_grammar/agg_apa/SRR34318914.apa.parquet	3756109	True	results/paper1/f2_grammar/agg_jct/SRR34318914.jct_ct.parquet	21150506	True	results/paper1/f2_grammar/agg_ase_ct/SRR34318914.ase_ct.parquet	205876	isoquant_core_complete
scTHREAD_NAR_release_20260803	SRR34318915	GSE212945	human	ONT	4059	True	28873	data/isoquant/GSE212945/SRR34318915	data/isoquant/GSE212945/SRR34318915	True	data/isoquant/GSE212945/SRR34318915/SRR34318915	SRR34318915	True	data/isoquant/GSE212945/SRR34318915/SRR34318915/SRR34318915.gene_counts.tsv	828543	True	data/isoquant/GSE212945/SRR34318915/SRR34318915/SRR34318915.transcript_counts.tsv	4756059	True	data/isoquant/GSE212945/SRR34318915/SRR34318915/SRR34318915.read_assignments.tsv.gz	234394794	True	data/isoquant/GSE212945/SRR34318915/SRR34318915/SRR34318915.transcript_models.gtf	138692311	True	data/isoquant/GSE212945/SRR34318915/SRR34318915/SRR34318915.extended_annotation.gtf	1343040238	True	data/isoquant/GSE212945/SRR34318915/SRR34318915/SRR34318915.discovered_transcript_counts.tsv	618167	False		0	False		0	False		0	False		0	isoquant_core_complete
scTHREAD_NAR_release_20260803	SRR21714350	GSE214231	human	PacBio	0	True	868	data/isoquant_pacbio/GSE214231/SRR21714350	data/isoquant_pacbio/GSE214231/SRR21714350	True	data/isoquant_pacbio/GSE214231/SRR21714350	SRR21714350	True	data/isoquant_pacbio/GSE214231/SRR21714350/SRR21714350.gene_counts.tsv	811143	True	data/isoquant_pacbio/GSE214231/SRR21714350/SRR21714350.transcript_counts.tsv	4746308	True	data/isoquant_pacbio/GSE214231/SRR21714350/SRR21714350.read_assignments.tsv.gz	9065418	True	data/isoquant_pacbio/GSE214231/SRR21714350/SRR21714350.transcript_models.gtf	9423139	True	data/isoquant_pacbio/GSE214231/SRR21714350/SRR21714350.extended_annotation.gtf	1339358900	True	data/isoquant_pacbio/GSE214231/SRR21714350/SRR21714350.discovered_transcript_counts.tsv	111872	True	results/paper1/f2_grammar/agg_diu/SRR21714350.diu.parquet	17289	False		0	False		0	False		0	isoquant_core_complete
scTHREAD_NAR_release_20260803	SRR21714351	GSE214231	human	PacBio	0	True	810	data/isoquant_pacbio/GSE214231/SRR21714351	data/isoquant_pacbio/GSE214231/SRR21714351	True	data/isoquant_pacbio/GSE214231/SRR21714351	SRR21714351	True	data/isoquant_pacbio/GSE214231/SRR21714351/SRR21714351.gene_counts.tsv	811107	True	data/isoquant_pacbio/GSE214231/SRR21714351/SRR21714351.transcript_counts.tsv	4746300	True	data/isoquant_pacbio/GSE214231/SRR21714351/SRR21714351.read_assignments.tsv.gz	7104868	True	data/isoquant_pacbio/GSE214231/SRR21714351/SRR21714351.transcript_models.gtf	8818975	True	data/isoquant_pacbio/GSE214231/SRR21714351/SRR21714351.extended_annotation.gtf	1339122765	True	data/isoquant_pacbio/GSE214231/SRR21714351/SRR21714351.discovered_transcript_counts.tsv	95198	True	results/paper1/f2_grammar/agg_diu/SRR21714351.diu.parquet	17468	False		0	False		0	False		0	isoquant_core_complete
scTHREAD_NAR_release_20260803	SRR21714352	GSE214231	human	PacBio	0	True	631	data/isoquant_pacbio/GSE214231/SRR21714352	data/isoquant_pacbio/GSE214231/SRR21714352	True	data/isoquant_pacbio/GSE214231/SRR21714352	SRR21714352	True	data/isoquant_pacbio/GSE214231/SRR21714352/SRR21714352.gene_counts.tsv	811031	True	data/isoquant_pacbio/GSE214231/SRR21714352/SRR21714352.transcript_counts.tsv	4746270	True	data/isoquant_pacbio/GSE214231/SRR21714352/SRR21714352.read_assignments.tsv.gz	4610193	True	data/isoquant_pacbio/GSE214231/SRR21714352/SRR21714352.transcript_models.gtf	7040289	True	data/isoquant_pacbio/GSE214231/SRR21714352/SRR21714352.extended_annotation.gtf	1338859102	True	data/isoquant_pacbio/GSE214231/SRR21714352/SRR21714352.discovered_transcript_counts.tsv	75108	True	results/paper1/f2_grammar/agg_diu/SRR21714352.diu.parquet	14669	False		0	False		0	False		0	isoquant_core_complete
scTHREAD_NAR_release_20260803	SRR21714353	GSE214231	human	PacBio	0	True	2391	data/isoquant_pacbio/GSE214231/SRR21714353	data/isoquant_pacbio/GSE214231/SRR21714353	True	data/isoquant_pacbio/GSE214231/SRR21714353	SRR21714353	True	data/isoquant_pacbio/GSE214231/SRR21714353/SRR21714353.gene_counts.tsv	811537	True	data/isoquant_pacbio/GSE214231/SRR21714353/SRR21714353.transcript_counts.tsv	4746470	True	data/isoquant_pacbio/GSE214231/SRR21714353/SRR21714353.read_assignments.tsv.gz	7000068	True	data/isoquant_pacbio/GSE214231/SRR21714353/SRR21714353.transcript_models.gtf	27067623	True	data/isoquant_pacbio/GSE214231/SRR21714353/SRR21714353.extended_annotation.gtf	1340201980	True	data/isoquant_pacbio/GSE214231/SRR21714353/SRR21714353.discovered_transcript_counts.tsv	199694	True	results/paper1/f2_grammar/agg_diu/SRR21714353.diu.parquet	38792	False		0	False		0	False		0	isoquant_core_complete
scTHREAD_NAR_release_20260803	SRR21714354	GSE214231	human	PacBio	0	True	286	data/isoquant_pacbio/GSE214231/SRR21714354	data/isoquant_pacbio/GSE214231/SRR21714354	True	data/isoquant_pacbio/GSE214231/SRR21714354	SRR21714354	True	data/isoquant_pacbio/GSE214231/SRR21714354/SRR21714354.gene_counts.tsv	810868	True	data/isoquant_pacbio/GSE214231/SRR21714354/SRR21714354.transcript_counts.tsv	4746205	True	data/isoquant_pacbio/GSE214231/SRR21714354/SRR21714354.read_assignments.tsv.gz	1670403	True	data/isoquant_pacbio/GSE214231/SRR21714354/SRR21714354.transcript_models.gtf	3671709	True	data/isoquant_pacbio/GSE214231/SRR21714354/SRR21714354.extended_annotation.gtf	1338127176	True	data/isoquant_pacbio/GSE214231/SRR21714354/SRR21714354.discovered_transcript_counts.tsv	22743	True	results/paper1/f2_grammar/agg_diu/SRR21714354.diu.parquet	8041	False		0	False		0	False		0	isoquant_core_complete
scTHREAD_NAR_release_20260803	SRR21714355	GSE214231	human	PacBio	0	True	584	data/isoquant_pacbio/GSE214231/SRR21714355	data/isoquant_pacbio/GSE214231/SRR21714355	True	data/isoquant_pacbio/GSE214231/SRR21714355	SRR21714355	True	data/isoquant_pacbio/GSE214231/SRR21714355/SRR21714355.gene_counts.tsv	810960	True	data/isoquant_pacbio/GSE214231/SRR21714355/SRR21714355.transcript_counts.tsv	4746245	True	data/isoquant_pacbio/GSE214231/SRR21714355/SRR21714355.read_assignments.tsv.gz	2529851	True	data/isoquant_pacbio/GSE214231/SRR21714355/SRR21714355.transcript_models.gtf	6632190	True	data/isoquant_pacbio/GSE214231/SRR21714355/SRR21714355.extended_annotation.gtf	1338444247	True	data/isoquant_pacbio/GSE214231/SRR21714355/SRR21714355.discovered_transcript_counts.tsv	44985	True	results/paper1/f2_grammar/agg_diu/SRR21714355.diu.parquet	13756	False		0	False		0	False		0	isoquant_core_complete
scTHREAD_NAR_release_20260803	SRR23271781	GSE224045	human	ONT	8756	True	54954	data/isoquant/GSE224045/SRR23271781	data/isoquant/GSE224045/SRR23271781	True	data/isoquant/GSE224045/SRR23271781/SRR23271781	SRR23271781	True	data/isoquant/GSE224045/SRR23271781/SRR23271781/SRR23271781.gene_counts.tsv	843546	True	data/isoquant/GSE224045/SRR23271781/SRR23271781/SRR23271781.transcript_counts.tsv	4783426	True	data/isoquant/GSE224045/SRR23271781/SRR23271781/SRR23271781.read_assignments.tsv.gz	915992764	True	data/isoquant/GSE224045/SRR23271781/SRR23271781/SRR23271781.transcript_models.gtf	300965430	True	data/isoquant/GSE224045/SRR23271781/SRR23271781/SRR23271781.extended_annotation.gtf	1385074814	True	data/isoquant/GSE224045/SRR23271781/SRR23271781/SRR23271781.discovered_transcript_counts.tsv	2520131	True	results/paper1/f2_grammar/agg_diu/SRR23271781.diu.parquet	679348	True	results/paper1/f2_grammar/agg_apa/SRR23271781.apa.parquet	2494201	True	results/paper1/f2_grammar/agg_jct/SRR23271781.jct_ct.parquet	21046068	True	results/paper1/f2_grammar/agg_ase_ct/SRR23271781.ase_ct.parquet	143809	isoquant_core_complete
scTHREAD_NAR_release_20260803	SRR26865982	GSE248118	human	ONT	2331	True	63178	data/isoquant/GSE248118/SRR26865982	data/isoquant/GSE248118/SRR26865982	True	data/isoquant/GSE248118/SRR26865982/SRR26865982	SRR26865982	True	data/isoquant/GSE248118/SRR26865982/SRR26865982/SRR26865982.gene_counts.tsv	845500	True	data/isoquant/GSE248118/SRR26865982/SRR26865982/SRR26865982.transcript_counts.tsv	4785848	True	data/isoquant/GSE248118/SRR26865982/SRR26865982/SRR26865982.read_assignments.tsv.gz	1169075858	True	data/isoquant/GSE248118/SRR26865982/SRR26865982/SRR26865982.transcript_models.gtf	290820954	True	data/isoquant/GSE248118/SRR26865982/SRR26865982/SRR26865982.extended_annotation.gtf	1360100632	True	data/isoquant/GSE248118/SRR26865982/SRR26865982/SRR26865982.discovered_transcript_counts.tsv	1660243	True	results/paper1/f2_grammar/agg_diu/SRR26865982.diu.parquet	808013	True	results/paper1/f2_grammar/agg_apa/SRR26865982.apa.parquet	6167730	True	results/paper1/f2_grammar/agg_jct/SRR26865982.jct_ct.parquet	26215680	True	results/paper1/f2_grammar/agg_ase_ct/SRR26865982.ase_ct.parquet	262857	isoquant_core_complete
scTHREAD_NAR_release_20260803	SRR27237241	GSE250381	mouse	PacBio	17	True	10409	data/isoquant_pacbio/GSE250381/SRR27237241	data/isoquant_pacbio/GSE250381/SRR27237241	True	data/isoquant_pacbio/GSE250381/SRR27237241	SRR27237241	True	data/isoquant_pacbio/GSE250381/SRR27237241/SRR27237241.gene_counts.tsv	818405	True	data/isoquant_pacbio/GSE250381/SRR27237241/SRR27237241.transcript_counts.tsv	3020759	True	data/isoquant_pacbio/GSE250381/SRR27237241/SRR27237241.read_assignments.tsv.gz	46586402	True	data/isoquant_pacbio/GSE250381/SRR27237241/SRR27237241.transcript_models.gtf	80564090	True	data/isoquant_pacbio/GSE250381/SRR27237241/SRR27237241.extended_annotation.gtf	771442081	True	data/isoquant_pacbio/GSE250381/SRR27237241/SRR27237241.discovered_transcript_counts.tsv	550079	False		0	False		0	False		0	False		0	isoquant_core_complete
scTHREAD_NAR_release_20260803	SRR27237242	GSE250381	mouse	PacBio	88	True	18948	data/isoquant_pacbio/GSE250381/SRR27237242	data/isoquant_pacbio/GSE250381/SRR27237242	True	data/isoquant_pacbio/GSE250381/SRR27237242	SRR27237242	True	data/isoquant_pacbio/GSE250381/SRR27237242/SRR27237242.gene_counts.tsv	822841	True	data/isoquant_pacbio/GSE250381/SRR27237242/SRR27237242.transcript_counts.tsv	3024598	True	data/isoquant_pacbio/GSE250381/SRR27237242/SRR27237242.read_assignments.tsv.gz	69130771	True	data/isoquant_pacbio/GSE250381/SRR27237242/SRR27237242.transcript_models.gtf	151330239	True	data/isoquant_pacbio/GSE250381/SRR27237242/SRR27237242.extended_annotation.gtf	784326901	True	data/isoquant_pacbio/GSE250381/SRR27237242/SRR27237242.discovered_transcript_counts.tsv	1074267	False		0	False		0	False		0	False		0	isoquant_core_complete
scTHREAD_NAR_release_20260803	SRR27237243	GSE250381	mouse	PacBio	87	True	17218	data/isoquant_pacbio/GSE250381/SRR27237243	data/isoquant_pacbio/GSE250381/SRR27237243	True	data/isoquant_pacbio/GSE250381/SRR27237243	SRR27237243	True	data/isoquant_pacbio/GSE250381/SRR27237243/SRR27237243.gene_counts.tsv	823371	True	data/isoquant_pacbio/GSE250381/SRR27237243/SRR27237243.transcript_counts.tsv	3024763	True	data/isoquant_pacbio/GSE250381/SRR27237243/SRR27237243.read_assignments.tsv.gz	78128837	True	data/isoquant_pacbio/GSE250381/SRR27237243/SRR27237243.transcript_models.gtf	140692501	True	data/isoquant_pacbio/GSE250381/SRR27237243/SRR27237243.extended_annotation.gtf	784147829	True	data/isoquant_pacbio/GSE250381/SRR27237243/SRR27237243.discovered_transcript_counts.tsv	1091475	False		0	False		0	False		0	False		0	isoquant_core_complete
scTHREAD_NAR_release_20260803	SRR27237244	GSE250381	mouse	PacBio	51	True	16764	data/isoquant_pacbio/GSE250381/SRR27237244	data/isoquant_pacbio/GSE250381/SRR27237244	True	data/isoquant_pacbio/GSE250381/SRR27237244	SRR27237244	True	data/isoquant_pacbio/GSE250381/SRR27237244/SRR27237244.gene_counts.tsv	822064	True	data/isoquant_pacbio/GSE250381/SRR27237244/SRR27237244.transcript_counts.tsv	3023437	True	data/isoquant_pacbio/GSE250381/SRR27237244/SRR27237244.read_assignments.tsv.gz	61573548	True	data/isoquant_pacbio/GSE250381/SRR27237244/SRR27237244.transcript_models.gtf	136416349	True	data/isoquant_pacbio/GSE250381/SRR27237244/SRR27237244.extended_annotation.gtf	780722232	True	data/isoquant_pacbio/GSE250381/SRR27237244/SRR27237244.discovered_transcript_counts.tsv	979507	False		0	False		0	False		0	False		0	isoquant_core_complete
scTHREAD_NAR_release_20260803	SRR27405402	GSE252344	human	PacBio	45	True	15624	data/isoquant_pacbio/GSE252344/SRR27405402	data/isoquant_pacbio/GSE252344/SRR27405402	True	data/isoquant_pacbio/GSE252344/SRR27405402	SRR27405402	True	data/isoquant_pacbio/GSE252344/SRR27405402/SRR27405402.gene_counts.tsv	816467	True	data/isoquant_pacbio/GSE252344/SRR27405402/SRR27405402.transcript_counts.tsv	4749141	True	data/isoquant_pacbio/GSE252344/SRR27405402/SRR27405402.read_assignments.tsv.gz	26238363	True	data/isoquant_pacbio/GSE252344/SRR27405402/SRR27405402.transcript_models.gtf	54914644	True	data/isoquant_pacbio/GSE252344/SRR27405402/SRR27405402.extended_annotation.gtf	1340406445	True	data/isoquant_pacbio/GSE252344/SRR27405402/SRR27405402.discovered_transcript_counts.tsv	205087	True	results/paper1/f2_grammar/agg_diu/SRR27405402.diu.parquet	176797	False		0	False		0	False		0	isoquant_core_complete
scTHREAD_NAR_release_20260803	SRR27406895	GSE252416	human	PacBio	0	True	7929	data/isoquant_pacbio/GSE252416/SRR27406895	data/isoquant_pacbio/GSE252416/SRR27406895	True	data/isoquant_pacbio/GSE252416/SRR27406895	SRR27406895	True	data/isoquant_pacbio/GSE252416/SRR27406895/SRR27406895.gene_counts.tsv	812539	True	data/isoquant_pacbio/GSE252416/SRR27406895/SRR27406895.transcript_counts.tsv	4746853	True	data/isoquant_pacbio/GSE252416/SRR27406895/SRR27406895.read_assignments.tsv.gz	8515030	True	data/isoquant_pacbio/GSE252416/SRR27406895/SRR27406895.transcript_models.gtf	36286472	True	data/isoquant_pacbio/GSE252416/SRR27406895/SRR27406895.extended_annotation.gtf	1338664467	True	data/isoquant_pacbio/GSE252416/SRR27406895/SRR27406895.discovered_transcript_counts.tsv	106399	True	results/paper1/f2_grammar/agg_diu/SRR27406895.diu.parquet	107601	False		0	False		0	False		0	isoquant_core_complete
scTHREAD_NAR_release_20260803	SRR27935476	GSE255520	mouse	ONT	2396	True	21414	data/isoquant/GSE255520/Ms_Retina	data/isoquant/GSE255520/Ms_Retina	True	data/isoquant/GSE255520/Ms_Retina/Ms_Retina	Ms_Retina	True	data/isoquant/GSE255520/Ms_Retina/Ms_Retina/Ms_Retina.gene_counts.tsv	823294	True	data/isoquant/GSE255520/Ms_Retina/Ms_Retina/Ms_Retina.transcript_counts.tsv	3022467	True	data/isoquant/GSE255520/Ms_Retina/Ms_Retina/Ms_Retina.read_assignments.tsv.gz	142180844	True	data/isoquant/GSE255520/Ms_Retina/Ms_Retina/Ms_Retina.transcript_models.gtf	142693277	True	data/isoquant/GSE255520/Ms_Retina/Ms_Retina/Ms_Retina.extended_annotation.gtf	768853498	True	data/isoquant/GSE255520/Ms_Retina/Ms_Retina/Ms_Retina.discovered_transcript_counts.tsv	687007	False		0	False		0	False		0	True	results/paper1/f2_grammar/agg_ase_ct/SRR27935476.ase_ct.parquet	313831	isoquant_core_complete
scTHREAD_NAR_release_20260803	SRR27935477	GSE255520	mouse	ONT	6398	True	22581	data/isoquant/GSE255520/Ms_RGC	data/isoquant/GSE255520/Ms_RGC	True	data/isoquant/GSE255520/Ms_RGC/Ms_RGC	Ms_RGC	True	data/isoquant/GSE255520/Ms_RGC/Ms_RGC/Ms_RGC.gene_counts.tsv	826202	True	data/isoquant/GSE255520/Ms_RGC/Ms_RGC/Ms_RGC.transcript_counts.tsv	3026591	True	data/isoquant/GSE255520/Ms_RGC/Ms_RGC/Ms_RGC.read_assignments.tsv.gz	259167740	True	data/isoquant/GSE255520/Ms_RGC/Ms_RGC/Ms_RGC.transcript_models.gtf	154430343	True	data/isoquant/GSE255520/Ms_RGC/Ms_RGC/Ms_RGC.extended_annotation.gtf	774055179	True	data/isoquant/GSE255520/Ms_RGC/Ms_RGC/Ms_RGC.discovered_transcript_counts.tsv	902239	False		0	False		0	False		0	False		0	isoquant_core_complete
scTHREAD_NAR_release_20260803	SRR27935479	GSE255520	mouse	ONT	2895	True	20017	data/isoquant/GSE255520/Ms_WT_P40	data/isoquant/GSE255520/Ms_WT_P40	True	data/isoquant/GSE255520/Ms_WT_P40/Ms_WT_P40	Ms_WT_P40	True	data/isoquant/GSE255520/Ms_WT_P40/Ms_WT_P40/Ms_WT_P40.gene_counts.tsv	824528	True	data/isoquant/GSE255520/Ms_WT_P40/Ms_WT_P40/Ms_WT_P40.transcript_counts.tsv	3024191	True	data/isoquant/GSE255520/Ms_WT_P40/Ms_WT_P40/Ms_WT_P40.read_assignments.tsv.gz	181176958	True	data/isoquant/GSE255520/Ms_WT_P40/Ms_WT_P40/Ms_WT_P40.transcript_models.gtf	153481961	True	data/isoquant/GSE255520/Ms_WT_P40/Ms_WT_P40/Ms_WT_P40.extended_annotation.gtf	779920754	True	data/isoquant/GSE255520/Ms_WT_P40/Ms_WT_P40/Ms_WT_P40.discovered_transcript_counts.tsv	1052636	False		0	False		0	False		0	False		0	isoquant_core_complete
scTHREAD_NAR_release_20260803	SRR30166096	GSE274249	human	ONT	8736	True	61055	data/isoquant/GSE274249/SRR30166096	data/isoquant/GSE274249/SRR30166096	True	data/isoquant/GSE274249/SRR30166096/SRR30166096	SRR30166096	True	data/isoquant/GSE274249/SRR30166096/SRR30166096/SRR30166096.gene_counts.tsv	846869	True	data/isoquant/GSE274249/SRR30166096/SRR30166096/SRR30166096.transcript_counts.tsv	4785310	True	data/isoquant/GSE274249/SRR30166096/SRR30166096/SRR30166096.read_assignments.tsv.gz	1522210394	True	data/isoquant/GSE274249/SRR30166096/SRR30166096/SRR30166096.transcript_models.gtf	275326850	True	data/isoquant/GSE274249/SRR30166096/SRR30166096/SRR30166096.extended_annotation.gtf	1360413012	True	data/isoquant/GSE274249/SRR30166096/SRR30166096/SRR30166096.discovered_transcript_counts.tsv	1760314	True	results/paper1/f2_grammar/agg_diu/SRR30166096.diu.parquet	1450790	True	results/paper1/f2_grammar/agg_apa/SRR30166096.apa.parquet	6629954	True	results/paper1/f2_grammar/agg_jct/SRR30166096.jct_ct.parquet	29311391	True	results/paper1/f2_grammar/agg_ase_ct/SRR30166096.ase_ct.parquet	395869	isoquant_core_complete
scTHREAD_NAR_release_20260803	SRR30166097	GSE274249	human	ONT	8776	True	33683	data/isoquant/GSE274249/SRR30166097	data/isoquant/GSE274249/SRR30166097	True	data/isoquant/GSE274249/SRR30166097/SRR30166097	SRR30166097	True	data/isoquant/GSE274249/SRR30166097/SRR30166097/SRR30166097.gene_counts.tsv	831096	True	data/isoquant/GSE274249/SRR30166097/SRR30166097/SRR30166097.transcript_counts.tsv	4759427	True	data/isoquant/GSE274249/SRR30166097/SRR30166097/SRR30166097.read_assignments.tsv.gz	261513965	True	data/isoquant/GSE274249/SRR30166097/SRR30166097/SRR30166097.transcript_models.gtf	180976942	True	data/isoquant/GSE274249/SRR30166097/SRR30166097/SRR30166097.extended_annotation.gtf	1346231736	True	data/isoquant/GSE274249/SRR30166097/SRR30166097/SRR30166097.discovered_transcript_counts.tsv	799654	True	results/paper1/f2_grammar/agg_diu/SRR30166097.diu.parquet	609041	True	results/paper1/f2_grammar/agg_apa/SRR30166097.apa.parquet	3282950	True	results/paper1/f2_grammar/agg_jct/SRR30166097.jct_ct.parquet	10961183	True	results/paper1/f2_grammar/agg_ase_ct/SRR30166097.ase_ct.parquet	417559	isoquant_core_complete
scTHREAD_NAR_release_20260803	SRR30166098	GSE274249	human	ONT	8730	True	67069	data/isoquant/GSE274249/SRR30166098	data/isoquant/GSE274249/SRR30166098	True	data/isoquant/GSE274249/SRR30166098/SRR30166098	SRR30166098	True	data/isoquant/GSE274249/SRR30166098/SRR30166098/SRR30166098.gene_counts.tsv	849953	True	data/isoquant/GSE274249/SRR30166098/SRR30166098/SRR30166098.transcript_counts.tsv	4791388	True	data/isoquant/GSE274249/SRR30166098/SRR30166098/SRR30166098.read_assignments.tsv.gz	1900230297	True	data/isoquant/GSE274249/SRR30166098/SRR30166098/SRR30166098.transcript_models.gtf	291261838	True	data/isoquant/GSE274249/SRR30166098/SRR30166098/SRR30166098.extended_annotation.gtf	1359772273	True	data/isoquant/GSE274249/SRR30166098/SRR30166098/SRR30166098.discovered_transcript_counts.tsv	1788618	True	results/paper1/f2_grammar/agg_diu/SRR30166098.diu.parquet	568498	True	results/paper1/f2_grammar/agg_apa/SRR30166098.apa.parquet	5648877	True	results/paper1/f2_grammar/agg_jct/SRR30166098.jct_ct.parquet	29919266	True	results/paper1/f2_grammar/agg_ase_ct/SRR30166098.ase_ct.parquet	657394	isoquant_core_complete
scTHREAD_NAR_release_20260803	SRR30166099	GSE274249	human	ONT	8731	True	34012	data/isoquant/GSE274249/SRR30166099	data/isoquant/GSE274249/SRR30166099	True	data/isoquant/GSE274249/SRR30166099/SRR30166099	SRR30166099	True	data/isoquant/GSE274249/SRR30166099/SRR30166099/SRR30166099.gene_counts.tsv	830874	True	data/isoquant/GSE274249/SRR30166099/SRR30166099/SRR30166099.transcript_counts.tsv	4759734	True	data/isoquant/GSE274249/SRR30166099/SRR30166099/SRR30166099.read_assignments.tsv.gz	250067318	True	data/isoquant/GSE274249/SRR30166099/SRR30166099/SRR30166099.transcript_models.gtf	176471695	True	data/isoquant/GSE274249/SRR30166099/SRR30166099/SRR30166099.extended_annotation.gtf	1345711522	True	data/isoquant/GSE274249/SRR30166099/SRR30166099/SRR30166099.discovered_transcript_counts.tsv	763813	True	results/paper1/f2_grammar/agg_diu/SRR30166099.diu.parquet	255141	True	results/paper1/f2_grammar/agg_apa/SRR30166099.apa.parquet	2254529	True	results/paper1/f2_grammar/agg_jct/SRR30166099.jct_ct.parquet	7828634	True	results/paper1/f2_grammar/agg_ase_ct/SRR30166099.ase_ct.parquet	290771	isoquant_core_complete
scTHREAD_NAR_release_20260803	SRR30209150	GSE274527	mouse	ONT	1	False		data/isoquant_smartseq2/GSE274527	data/isoquant_smartseq2/GSE274527	True	data/isoquant_smartseq2/GSE274527		False		0	False		0	False		0	False		0	False		0	False		0	False		0	False		0	False		0	False		0	membership_only
scTHREAD_NAR_release_20260803	SRR30209151	GSE274527	mouse	ONT	1	False		data/isoquant_smartseq2/GSE274527	data/isoquant_smartseq2/GSE274527	True	data/isoquant_smartseq2/GSE274527		False		0	False		0	False		0	False		0	False		0	False		0	False		0	False		0	False		0	False		0	membership_only
scTHREAD_NAR_release_20260803	SRR30209152	GSE274527	mouse	ONT	1	False		data/isoquant_smartseq2/GSE274527	data/isoquant_smartseq2/GSE274527	True	data/isoquant_smartseq2/GSE274527		False		0	False		0	False		0	False		0	False		0	False		0	False		0	False		0	False		0	False		0	membership_only
scTHREAD_NAR_release_20260803	SRR30209153	GSE274527	mouse	ONT	1	False		data/isoquant_smartseq2/GSE274527	data/isoquant_smartseq2/GSE274527	True	data/isoquant_smartseq2/GSE274527		False		0	False		0	False		0	False		0	False		0	False		0	False		0	False		0	False		0	False		0	membership_only
scTHREAD_NAR_release_20260803	SRR30209154	GSE274527	mouse	ONT	1	False		data/isoquant_smartseq2/GSE274527	data/isoquant_smartseq2/GSE274527	True	data/isoquant_smartseq2/GSE274527		False		0	False		0	False		0	False		0	False		0	False		0	False		0	False		0	False		0	False		0	membership_only
scTHREAD_NAR_release_20260803	SRR30209155	GSE274527	mouse	ONT	1	False		data/isoquant_smartseq2/GSE274527	data/isoquant_smartseq2/GSE274527	True	data/isoquant_smartseq2/GSE274527		False		0	False		0	False		0	False		0	False		0	False		0	False		0	False		0	False		0	False		0	membership_only
scTHREAD_NAR_release_20260803	SRR30209156	GSE274527	mouse	ONT	1	False		data/isoquant_smartseq2/GSE274527	data/isoquant_smartseq2/GSE274527	True	data/isoquant_smartseq2/GSE274527		False		0	False		0	False		0	False		0	False		0	False		0	False		0	False		0	False		0	False		0	membership_only
scTHREAD_NAR_release_20260803	SRR30209158	GSE274527	mouse	ONT	1	False		data/isoquant_smartseq2/GSE274527	data/isoquant_smartseq2/GSE274527	True	data/isoquant_smartseq2/GSE274527		False		0	False		0	False		0	False		0	False		0	False		0	False		0	False		0	False		0	False		0	membership_only
scTHREAD_NAR_release_20260803	SRR30209159	GSE274527	mouse	ONT	1	False		data/isoquant_smartseq2/GSE274527	data/isoquant_smartseq2/GSE274527	True	data/isoquant_smartseq2/GSE274527		False		0	False		0	False		0	False		0	False		0	False		0	False		0	False		0	False		0	False		0	membership_only
scTHREAD_NAR_release_20260803	SRR30209160	GSE274527	mouse	ONT	1	False		data/isoquant_smartseq2/GSE274527	data/isoquant_smartseq2/GSE274527	True	data/isoquant_smartseq2/GSE274527		False		0	False		0	False		0	False		0	False		0	False		0	False		0	False		0	False		0	False		0	membership_only
scTHREAD_NAR_release_20260803	SRR30209162	GSE274527	mouse	ONT	1	False		data/isoquant_smartseq2/GSE274527	data/isoquant_smartseq2/GSE274527	True	data/isoquant_smartseq2/GSE274527		False		0	False		0	False		0	False		0	False		0	False		0	False		0	False		0	False		0	False		0	membership_only
scTHREAD_NAR_release_20260803	SRR30209163	GSE274527	mouse	ONT	1	False		data/isoquant_smartseq2/GSE274527	data/isoquant_smartseq2/GSE274527	True	data/isoquant_smartseq2/GSE274527		False		0	False		0	False		0	False		0	False		0	False		0	False		0	False		0	False		0	False		0	membership_only
scTHREAD_NAR_release_20260803	SRR30209164	GSE274527	mouse	ONT	1	False		data/isoquant_smartseq2/GSE274527	data/isoquant_smartseq2/GSE274527	True	data/isoquant_smartseq2/GSE274527		False		0	False		0	False		0	False		0	False		0	False		0	False		0	False		0	False		0	False		0	membership_only
scTHREAD_NAR_release_20260803	SRR30209165	GSE274527	mouse	ONT	1	False		data/isoquant_smartseq2/GSE274527	data/isoquant_smartseq2/GSE274527	True	data/isoquant_smartseq2/GSE274527		False		0	False		0	False		0	False		0	False		0	False		0	False		0	False		0	False		0	False		0	membership_only
scTHREAD_NAR_release_20260803	SRR30209166	GSE274527	mouse	ONT	1	False		data/isoquant_smartseq2/GSE274527	data/isoquant_smartseq2/GSE274527	True	data/isoquant_smartseq2/GSE274527		False		0	False		0	False		0	False		0	False		0	False		0	False		0	False		0	False		0	False		0	membership_only
scTHREAD_NAR_release_20260803	SRR30209167	GSE274527	mouse	ONT	1	False		data/isoquant_smartseq2/GSE274527	data/isoquant_smartseq2/GSE274527	True	data/isoquant_smartseq2/GSE274527		False		0	False		0	False		0	False		0	False		0	False		0	False		0	False		0	False		0	False		0	membership_only
scTHREAD_NAR_release_20260803	SRR30209169	GSE274527	mouse	ONT	1	False		data/isoquant_smartseq2/GSE274527	data/isoquant_smartseq2/GSE274527	True	data/isoquant_smartseq2/GSE274527		False		0	False		0	False		0	False		0	False		0	False		0	False		0	False		0	False		0	False		0	membership_only
scTHREAD_NAR_release_20260803	SRR30209170	GSE274527	mouse	ONT	1	False		data/isoquant_smartseq2/GSE274527	data/isoquant_smartseq2/GSE274527	True	data/isoquant_smartseq2/GSE274527		False		0	False		0	False		0	False		0	False		0	False		0	False		0	False		0	False		0	False		0	membership_only
scTHREAD_NAR_release_20260803	SRR30209171	GSE274527	mouse	ONT	1	False		data/isoquant_smartseq2/GSE274527	data/isoquant_smartseq2/GSE274527	True	data/isoquant_smartseq2/GSE274527		False		0	False		0	False		0	False		0	False		0	False		0	False		0	False		0	False		0	False		0	membership_only
scTHREAD_NAR_release_20260803	SRR30209172	GSE274527	mouse	ONT	1	False		data/isoquant_smartseq2/GSE274527	data/isoquant_smartseq2/GSE274527	True	data/isoquant_smartseq2/GSE274527		False		0	False		0	False		0	False		0	False		0	False		0	False		0	False		0	False		0	False		0	membership_only
scTHREAD_NAR_release_20260803	SRR30209173	GSE274527	mouse	ONT	1	False		data/isoquant_smartseq2/GSE274527	data/isoquant_smartseq2/GSE274527	True	data/isoquant_smartseq2/GSE274527		False		0	False		0	False		0	False		0	False		0	False		0	False		0	False		0	False		0	False		0	membership_only
scTHREAD_NAR_release_20260803	SRR30209174	GSE274527	mouse	ONT	1	False		data/isoquant_smartseq2/GSE274527	data/isoquant_smartseq2/GSE274527	True	data/isoquant_smartseq2/GSE274527		False		0	False		0	False		0	False		0	False		0	False		0	False		0	False		0	False		0	False		0	membership_only
scTHREAD_NAR_release_20260803	SRR30209175	GSE274527	mouse	ONT	1	False		data/isoquant_smartseq2/GSE274527	data/isoquant_smartseq2/GSE274527	True	data/isoquant_smartseq2/GSE274527		False		0	False		0	False		0	False		0	False		0	False		0	False		0	False		0	False		0	False		0	membership_only
scTHREAD_NAR_release_20260803	SRR30209176	GSE274527	mouse	ONT	1	False		data/isoquant_smartseq2/GSE274527	data/isoquant_smartseq2/GSE274527	True	data/isoquant_smartseq2/GSE274527		False		0	False		0	False		0	False		0	False		0	False		0	False		0	False		0	False		0	False		0	membership_only
scTHREAD_NAR_release_20260803	SRR30639543	GSE276974	human	ONT	9352	True	63210	data/isoquant/GSE276974/ONT10X2_20	data/isoquant/GSE276974/ONT10X2_20	True	data/isoquant/GSE276974/ONT10X2_20/ONT10X2_20	ONT10X2_20	True	data/isoquant/GSE276974/ONT10X2_20/ONT10X2_20/ONT10X2_20.gene_counts.tsv	853305	True	data/isoquant/GSE276974/ONT10X2_20/ONT10X2_20/ONT10X2_20.transcript_counts.tsv	4799448	True	data/isoquant/GSE276974/ONT10X2_20/ONT10X2_20/ONT10X2_20.read_assignments.tsv.gz	5902344177	True	data/isoquant/GSE276974/ONT10X2_20/ONT10X2_20/ONT10X2_20.transcript_models.gtf	319242952	True	data/isoquant/GSE276974/ONT10X2_20/ONT10X2_20/ONT10X2_20.extended_annotation.gtf	1409160005	True	data/isoquant/GSE276974/ONT10X2_20/ONT10X2_20/ONT10X2_20.discovered_transcript_counts.tsv	4128606	False		0	False		0	False		0	False		0	isoquant_core_complete
scTHREAD_NAR_release_20260803	SRR30639544	GSE276974	human	ONT	9684	True	63511	data/isoquant/GSE276974/ONT10X2_19	data/isoquant/GSE276974/ONT10X2_19	True	data/isoquant/GSE276974/ONT10X2_19/ONT10X2_19	ONT10X2_19	True	data/isoquant/GSE276974/ONT10X2_19/ONT10X2_19/ONT10X2_19.gene_counts.tsv	853073	True	data/isoquant/GSE276974/ONT10X2_19/ONT10X2_19/ONT10X2_19.transcript_counts.tsv	4799223	True	data/isoquant/GSE276974/ONT10X2_19/ONT10X2_19/ONT10X2_19.read_assignments.tsv.gz	5781694760	True	data/isoquant/GSE276974/ONT10X2_19/ONT10X2_19/ONT10X2_19.transcript_models.gtf	320507116	True	data/isoquant/GSE276974/ONT10X2_19/ONT10X2_19/ONT10X2_19.extended_annotation.gtf	1408283276	True	data/isoquant/GSE276974/ONT10X2_19/ONT10X2_19/ONT10X2_19.discovered_transcript_counts.tsv	4042651	False		0	False		0	False		0	False		0	isoquant_core_complete
scTHREAD_NAR_release_20260803	SRR30639545	GSE276974	human	ONT	10232	True	63899	data/isoquant/GSE276974/SRR30639545	data/isoquant/GSE276974/SRR30639545	True	data/isoquant/GSE276974/SRR30639545/SRR30639545	SRR30639545	True	data/isoquant/GSE276974/SRR30639545/SRR30639545/SRR30639545.gene_counts.tsv	1708486	True	data/isoquant/GSE276974/SRR30639545/SRR30639545/SRR30639545.transcript_counts.tsv	9602558	True	data/isoquant/GSE276974/SRR30639545/SRR30639545/SRR30639545.read_assignments.tsv.gz	2697894703	True	data/isoquant/GSE276974/SRR30639545/SRR30639545/SRR30639545.transcript_models.gtf	328533823	True	data/isoquant/GSE276974/SRR30639545/SRR30639545/SRR30639545.extended_annotation.gtf	1413728143	True	data/isoquant/GSE276974/SRR30639545/SRR30639545/SRR30639545.discovered_transcript_counts.tsv	4333818	True	results/paper1/f2_grammar/agg_diu/SRR30639545.diu.parquet	1782138	True	results/paper1/f2_grammar/agg_apa/SRR30639545.apa.parquet	10435939	True	results/paper1/f2_grammar/agg_jct/SRR30639545.jct_ct.parquet	42861876	True	results/paper1/f2_grammar/agg_ase_ct/SRR30639545.ase_ct.parquet	138172	isoquant_core_complete
scTHREAD_NAR_release_20260803	SRR30639546	GSE276974	human	ONT	8545	True	66293	data/isoquant/GSE276974/ONT10X2_10	data/isoquant/GSE276974/ONT10X2_10	True	data/isoquant/GSE276974/ONT10X2_10/ONT10X2_10	ONT10X2_10	True	data/isoquant/GSE276974/ONT10X2_10/ONT10X2_10/ONT10X2_10.gene_counts.tsv	855220	True	data/isoquant/GSE276974/ONT10X2_10/ONT10X2_10/ONT10X2_10.transcript_counts.tsv	4807255	True	data/isoquant/GSE276974/ONT10X2_10/ONT10X2_10/ONT10X2_10.read_assignments.tsv.gz	7895688802	True	data/isoquant/GSE276974/ONT10X2_10/ONT10X2_10/ONT10X2_10.transcript_models.gtf	364456110	True	data/isoquant/GSE276974/ONT10X2_10/ONT10X2_10/ONT10X2_10.extended_annotation.gtf	1433516218	True	data/isoquant/GSE276974/ONT10X2_10/ONT10X2_10/ONT10X2_10.discovered_transcript_counts.tsv	5265623	False		0	False		0	False		0	False		0	isoquant_core_complete
scTHREAD_NAR_release_20260803	SRR30639548	GSE276974	human	ONT	11620	True	69284	data/isoquant/GSE276974/SRR30639548	data/isoquant/GSE276974/SRR30639548	True	data/isoquant/GSE276974/SRR30639548/SRR30639548	SRR30639548	True	data/isoquant/GSE276974/SRR30639548/SRR30639548/SRR30639548.gene_counts.tsv	854906	True	data/isoquant/GSE276974/SRR30639548/SRR30639548/SRR30639548.transcript_counts.tsv	4807047	True	data/isoquant/GSE276974/SRR30639548/SRR30639548/SRR30639548.read_assignments.tsv.gz	3254877198	True	data/isoquant/GSE276974/SRR30639548/SRR30639548/SRR30639548.transcript_models.gtf	361211442	True	data/isoquant/GSE276974/SRR30639548/SRR30639548/SRR30639548.extended_annotation.gtf	1421905222	True	data/isoquant/GSE276974/SRR30639548/SRR30639548/SRR30639548.discovered_transcript_counts.tsv	4772714	True	results/paper1/f2_grammar/agg_diu/SRR30639548.diu.parquet	2100043	True	results/paper1/f2_grammar/agg_apa/SRR30639548.apa.parquet	11999698	True	results/paper1/f2_grammar/agg_jct/SRR30639548.jct_ct.parquet	58747631	True	results/paper1/f2_grammar/agg_ase_ct/SRR30639548.ase_ct.parquet	22507	isoquant_core_complete
scTHREAD_NAR_release_20260803	SRR30639549	GSE276974	human	ONT	6577	True	60645	data/isoquant/GSE276974/ONT10X3_13	data/isoquant/GSE276974/ONT10X3_13	True	data/isoquant/GSE276974/ONT10X3_13/ONT10X3_13	ONT10X3_13	True	data/isoquant/GSE276974/ONT10X3_13/ONT10X3_13/ONT10X3_13.gene_counts.tsv	854772	True	data/isoquant/GSE276974/ONT10X3_13/ONT10X3_13/ONT10X3_13.transcript_counts.tsv	4803691	True	data/isoquant/GSE276974/ONT10X3_13/ONT10X3_13/ONT10X3_13.read_assignments.tsv.gz	6480023204	True	data/isoquant/GSE276974/ONT10X3_13/ONT10X3_13/ONT10X3_13.transcript_models.gtf	338975852	True	data/isoquant/GSE276974/ONT10X3_13/ONT10X3_13/ONT10X3_13.extended_annotation.gtf	1424858704	True	data/isoquant/GSE276974/ONT10X3_13/ONT10X3_13/ONT10X3_13.discovered_transcript_counts.tsv	4796897	False		0	False		0	False		0	False		0	isoquant_core_complete
scTHREAD_NAR_release_20260803	SRR30639550	GSE276974	human	ONT	5705	True	2232	data/isoquant/GSE276974/SRR30639550	data/isoquant/GSE276974/SRR30639550	True	data/isoquant/GSE276974/SRR30639550/SRR30639550	SRR30639550	True	data/isoquant/GSE276974/SRR30639550/SRR30639550/SRR30639550.gene_counts.tsv	812294	True	data/isoquant/GSE276974/SRR30639550/SRR30639550/SRR30639550.transcript_counts.tsv	4748060	True	data/isoquant/GSE276974/SRR30639550/SRR30639550/SRR30639550.read_assignments.tsv.gz	71764964	True	data/isoquant/GSE276974/SRR30639550/SRR30639550/SRR30639550.transcript_models.gtf	12252218	True	data/isoquant/GSE276974/SRR30639550/SRR30639550/SRR30639550.extended_annotation.gtf	1340307574	True	data/isoquant/GSE276974/SRR30639550/SRR30639550/SRR30639550.discovered_transcript_counts.tsv	147879	False		0	True	results/paper1/f2_grammar/agg_apa/SRR30639550.apa.parquet	112490	True	results/paper1/f2_grammar/agg_jct/SRR30639550.jct_ct.parquet	706743	True	results/paper1/f2_grammar/agg_ase_ct/SRR30639550.ase_ct.parquet	16874	isoquant_core_complete
scTHREAD_NAR_release_20260803	SRR30639551	GSE276974	human	ONT	6204	True	26160	data/isoquant/GSE276974/SRR30639551	data/isoquant/GSE276974/SRR30639551	True	data/isoquant/GSE276974/SRR30639551/SRR30639551	SRR30639551	True	data/isoquant/GSE276974/SRR30639551/SRR30639551/SRR30639551.gene_counts.tsv	827842	True	data/isoquant/GSE276974/SRR30639551/SRR30639551/SRR30639551.transcript_counts.tsv	4766898	True	data/isoquant/GSE276974/SRR30639551/SRR30639551/SRR30639551.read_assignments.tsv.gz	750047106	True	data/isoquant/GSE276974/SRR30639551/SRR30639551/SRR30639551.transcript_models.gtf	138037276	True	data/isoquant/GSE276974/SRR30639551/SRR30639551/SRR30639551.extended_annotation.gtf	1365685703	True	data/isoquant/GSE276974/SRR30639551/SRR30639551/SRR30639551.discovered_transcript_counts.tsv	1622399	True	results/paper1/f2_grammar/agg_diu/SRR30639551.diu.parquet	414719	True	results/paper1/f2_grammar/agg_apa/SRR30639551.apa.parquet	2098195	True	results/paper1/f2_grammar/agg_jct/SRR30639551.jct_ct.parquet	10539333	True	results/paper1/f2_grammar/agg_ase_ct/SRR30639551.ase_ct.parquet	59707	isoquant_core_complete
scTHREAD_NAR_release_20260803	SRR30639552	GSE276974	human	ONT	6453	True	62530	data/isoquant/GSE276974/SRR30639552	data/isoquant/GSE276974/SRR30639552	True	data/isoquant/GSE276974/SRR30639552/SRR30639552	SRR30639552	True	data/isoquant/GSE276974/SRR30639552/SRR30639552/SRR30639552.gene_counts.tsv	856273	True	data/isoquant/GSE276974/SRR30639552/SRR30639552/SRR30639552.transcript_counts.tsv	4806793	True	data/isoquant/GSE276974/SRR30639552/SRR30639552/SRR30639552.read_assignments.tsv.gz	2921109796	True	data/isoquant/GSE276974/SRR30639552/SRR30639552/SRR30639552.transcript_models.gtf	346562744	True	data/isoquant/GSE276974/SRR30639552/SRR30639552/SRR30639552.extended_annotation.gtf	1428493496	True	data/isoquant/GSE276974/SRR30639552/SRR30639552/SRR30639552.discovered_transcript_counts.tsv	5032794	True	results/paper1/f2_grammar/agg_diu/SRR30639552.diu.parquet	1493579	True	results/paper1/f2_grammar/agg_apa/SRR30639552.apa.parquet	9169703	True	results/paper1/f2_grammar/agg_jct/SRR30639552.jct_ct.parquet	39405446	True	results/paper1/f2_grammar/agg_ase_ct/SRR30639552.ase_ct.parquet	977430	isoquant_core_complete
scTHREAD_NAR_release_20260803	SRR30639553	GSE276974	human	ONT	6139	True	60150	data/isoquant/GSE276974/SRR30639553	data/isoquant/GSE276974/SRR30639553	True	data/isoquant/GSE276974/SRR30639553/SRR30639553	SRR30639553	True	data/isoquant/GSE276974/SRR30639553/SRR30639553/SRR30639553.gene_counts.tsv	851788	True	data/isoquant/GSE276974/SRR30639553/SRR30639553/SRR30639553.transcript_counts.tsv	4797466	True	data/isoquant/GSE276974/SRR30639553/SRR30639553/SRR30639553.read_assignments.tsv.gz	1993646728	True	data/isoquant/GSE276974/SRR30639553/SRR30639553/SRR30639553.transcript_models.gtf	326257617	True	data/isoquant/GSE276974/SRR30639553/SRR30639553/SRR30639553.extended_annotation.gtf	1412726435	True	data/isoquant/GSE276974/SRR30639553/SRR30639553/SRR30639553.discovered_transcript_counts.tsv	4185776	True	results/paper1/f2_grammar/agg_diu/SRR30639553.diu.parquet	1434075	True	results/paper1/f2_grammar/agg_apa/SRR30639553.apa.parquet	8827180	True	results/paper1/f2_grammar/agg_jct/SRR30639553.jct_ct.parquet	37152800	True	results/paper1/f2_grammar/agg_ase_ct/SRR30639553.ase_ct.parquet	157117	isoquant_core_complete
scTHREAD_NAR_release_20260803	SRR30639554	GSE276974	human	ONT	5916	True	59110	data/isoquant/GSE276974/SRR30639554	data/isoquant/GSE276974/SRR30639554	True	data/isoquant/GSE276974/SRR30639554/SRR30639554	SRR30639554	True	data/isoquant/GSE276974/SRR30639554/SRR30639554/SRR30639554.gene_counts.tsv	852301	True	data/isoquant/GSE276974/SRR30639554/SRR30639554/SRR30639554.transcript_counts.tsv	4799713	True	data/isoquant/GSE276974/SRR30639554/SRR30639554/SRR30639554.read_assignments.tsv.gz	2192636412	True	data/isoquant/GSE276974/SRR30639554/SRR30639554/SRR30639554.transcript_models.gtf	340932128	True	data/isoquant/GSE276974/SRR30639554/SRR30639554/SRR30639554.extended_annotation.gtf	1431499407	True	data/isoquant/GSE276974/SRR30639554/SRR30639554/SRR30639554.discovered_transcript_counts.tsv	5036188	True	results/paper1/f2_grammar/agg_diu/SRR30639554.diu.parquet	1301127	True	results/paper1/f2_grammar/agg_apa/SRR30639554.apa.parquet	8032670	True	results/paper1/f2_grammar/agg_jct/SRR30639554.jct_ct.parquet	38240630	True	results/paper1/f2_grammar/agg_ase_ct/SRR30639554.ase_ct.parquet	115487	isoquant_core_complete
scTHREAD_NAR_release_20260803	SRR30639555	GSE276974	human	ONT	6365	True	61047	data/isoquant/GSE276974/ONT10X2_6	data/isoquant/GSE276974/ONT10X2_6	True	data/isoquant/GSE276974/ONT10X2_6/ONT10X2_6	ONT10X2_6	True	data/isoquant/GSE276974/ONT10X2_6/ONT10X2_6/ONT10X2_6.gene_counts.tsv	853503	True	data/isoquant/GSE276974/ONT10X2_6/ONT10X2_6/ONT10X2_6.transcript_counts.tsv	4802335	True	data/isoquant/GSE276974/ONT10X2_6/ONT10X2_6/ONT10X2_6.read_assignments.tsv.gz	6077565078	True	data/isoquant/GSE276974/ONT10X2_6/ONT10X2_6/ONT10X2_6.transcript_models.gtf	350214318	True	data/isoquant/GSE276974/ONT10X2_6/ONT10X2_6/ONT10X2_6.extended_annotation.gtf	1434540384	True	data/isoquant/GSE276974/ONT10X2_6/ONT10X2_6/ONT10X2_6.discovered_transcript_counts.tsv	5239019	False		0	False		0	False		0	False		0	isoquant_core_complete
scTHREAD_NAR_release_20260803	SRR30639556	GSE276974	human	ONT	6130	True	61833	data/isoquant/GSE276974/SRR30639556	data/isoquant/GSE276974/SRR30639556	True	data/isoquant/GSE276974/SRR30639556/SRR30639556	SRR30639556	True	data/isoquant/GSE276974/SRR30639556/SRR30639556/SRR30639556.gene_counts.tsv	854490	True	data/isoquant/GSE276974/SRR30639556/SRR30639556/SRR30639556.transcript_counts.tsv	4804642	True	data/isoquant/GSE276974/SRR30639556/SRR30639556/SRR30639556.read_assignments.tsv.gz	2658475384	True	data/isoquant/GSE276974/SRR30639556/SRR30639556/SRR30639556.transcript_models.gtf	352948241	True	data/isoquant/GSE276974/SRR30639556/SRR30639556/SRR30639556.extended_annotation.gtf	1436615845	True	data/isoquant/GSE276974/SRR30639556/SRR30639556/SRR30639556.discovered_transcript_counts.tsv	5342368	True	results/paper1/f2_grammar/agg_diu/SRR30639556.diu.parquet	1462430	True	results/paper1/f2_grammar/agg_apa/SRR30639556.apa.parquet	9035742	True	results/paper1/f2_grammar/agg_jct/SRR30639556.jct_ct.parquet	43506321	True	results/paper1/f2_grammar/agg_ase_ct/SRR30639556.ase_ct.parquet	39649	isoquant_core_complete
scTHREAD_NAR_release_20260803	SRR30639557	GSE276974	human	ONT	6285	True	60066	data/isoquant/GSE276974/SRR30639557	data/isoquant/GSE276974/SRR30639557	True	data/isoquant/GSE276974/SRR30639557/SRR30639557	SRR30639557	True	data/isoquant/GSE276974/SRR30639557/SRR30639557/SRR30639557.gene_counts.tsv	853860	True	data/isoquant/GSE276974/SRR30639557/SRR30639557/SRR30639557.transcript_counts.tsv	4803125	True	data/isoquant/GSE276974/SRR30639557/SRR30639557/SRR30639557.read_assignments.tsv.gz	2530317599	True	data/isoquant/GSE276974/SRR30639557/SRR30639557/SRR30639557.transcript_models.gtf	349876239	True	data/isoquant/GSE276974/SRR30639557/SRR30639557/SRR30639557.extended_annotation.gtf	1438620420	True	data/isoquant/GSE276974/SRR30639557/SRR30639557/SRR30639557.discovered_transcript_counts.tsv	5418373	True	results/paper1/f2_grammar/agg_diu/SRR30639557.diu.parquet	1405109	True	results/paper1/f2_grammar/agg_apa/SRR30639557.apa.parquet	8742819	True	results/paper1/f2_grammar/agg_jct/SRR30639557.jct_ct.parquet	41644743	True	results/paper1/f2_grammar/agg_ase_ct/SRR30639557.ase_ct.parquet	63548	isoquant_core_complete
scTHREAD_NAR_release_20260803	SRR30639558	GSE276974	human	ONT	12093	True	61484	data/isoquant/GSE276974/ONT10X2_3	data/isoquant/GSE276974/ONT10X2_3	True	data/isoquant/GSE276974/ONT10X2_3/ONT10X2_3	ONT10X2_3	True	data/isoquant/GSE276974/ONT10X2_3/ONT10X2_3/ONT10X2_3.gene_counts.tsv	853352	True	data/isoquant/GSE276974/ONT10X2_3/ONT10X2_3/ONT10X2_3.transcript_counts.tsv	4802101	True	data/isoquant/GSE276974/ONT10X2_3/ONT10X2_3/ONT10X2_3.read_assignments.tsv.gz	5892648282	True	data/isoquant/GSE276974/ONT10X2_3/ONT10X2_3/ONT10X2_3.transcript_models.gtf	347690407	True	data/isoquant/GSE276974/ONT10X2_3/ONT10X2_3/ONT10X2_3.extended_annotation.gtf	1431257738	True	data/isoquant/GSE276974/ONT10X2_3/ONT10X2_3/ONT10X2_3.discovered_transcript_counts.tsv	5101838	False		0	False		0	False		0	False		0	isoquant_core_complete
scTHREAD_NAR_release_20260803	SRR31435216	GSE283629	human	ONT	17097	True	53283	data/isoquant/GSE283629/SRR31435216	data/isoquant/GSE283629/SRR31435216	True	data/isoquant/GSE283629/SRR31435216/SRR31435216	SRR31435216	True	data/isoquant/GSE283629/SRR31435216/SRR31435216/SRR31435216.gene_counts.tsv	842993	True	data/isoquant/GSE283629/SRR31435216/SRR31435216/SRR31435216.transcript_counts.tsv	4775239	True	data/isoquant/GSE283629/SRR31435216/SRR31435216/SRR31435216.read_assignments.tsv.gz	894821049	True	data/isoquant/GSE283629/SRR31435216/SRR31435216/SRR31435216.transcript_models.gtf	251649299	True	data/isoquant/GSE283629/SRR31435216/SRR31435216/SRR31435216.extended_annotation.gtf	1356432207	True	data/isoquant/GSE283629/SRR31435216/SRR31435216/SRR31435216.discovered_transcript_counts.tsv	1475546	True	results/paper1/f2_grammar/agg_diu/SRR31435216.diu.parquet	844411	True	results/paper1/f2_grammar/agg_apa/SRR31435216.apa.parquet	3989888	True	results/paper1/f2_grammar/agg_jct/SRR31435216.jct_ct.parquet	16293268	True	results/paper1/f2_grammar/agg_ase_ct/SRR31435216.ase_ct.parquet	421523	isoquant_core_complete
scTHREAD_NAR_release_20260803	SRR31435217	GSE283629	human	ONT	17171	True	32287	data/isoquant/GSE283629/SRR31435217	data/isoquant/GSE283629/SRR31435217	True	data/isoquant/GSE283629/SRR31435217/SRR31435217	SRR31435217	True	data/isoquant/GSE283629/SRR31435217/SRR31435217/SRR31435217.gene_counts.tsv	830603	True	data/isoquant/GSE283629/SRR31435217/SRR31435217/SRR31435217.transcript_counts.tsv	4758095	True	data/isoquant/GSE283629/SRR31435217/SRR31435217/SRR31435217.read_assignments.tsv.gz	220694116	True	data/isoquant/GSE283629/SRR31435217/SRR31435217/SRR31435217.transcript_models.gtf	180603306	True	data/isoquant/GSE283629/SRR31435217/SRR31435217/SRR31435217.extended_annotation.gtf	1345928534	True	data/isoquant/GSE283629/SRR31435217/SRR31435217/SRR31435217.discovered_transcript_counts.tsv	790640	True	results/paper1/f2_grammar/agg_diu/SRR31435217.diu.parquet	490057	True	results/paper1/f2_grammar/agg_apa/SRR31435217.apa.parquet	2667573	True	results/paper1/f2_grammar/agg_jct/SRR31435217.jct_ct.parquet	8680431	True	results/paper1/f2_grammar/agg_ase_ct/SRR31435217.ase_ct.parquet	306505	isoquant_core_complete
scTHREAD_NAR_release_20260803	SRR31435218	GSE283629	human	ONT	20205	True	66385	data/isoquant/GSE283629/SRR31435218	data/isoquant/GSE283629/SRR31435218	True	data/isoquant/GSE283629/SRR31435218/SRR31435218	SRR31435218	True	data/isoquant/GSE283629/SRR31435218/SRR31435218/SRR31435218.gene_counts.tsv	849518	True	data/isoquant/GSE283629/SRR31435218/SRR31435218/SRR31435218.transcript_counts.tsv	4790770	True	data/isoquant/GSE283629/SRR31435218/SRR31435218/SRR31435218.read_assignments.tsv.gz	1857592892	True	data/isoquant/GSE283629/SRR31435218/SRR31435218/SRR31435218.transcript_models.gtf	289584704	True	data/isoquant/GSE283629/SRR31435218/SRR31435218/SRR31435218.extended_annotation.gtf	1359849034	True	data/isoquant/GSE283629/SRR31435218/SRR31435218/SRR31435218.discovered_transcript_counts.tsv	1786863	True	results/paper1/f2_grammar/agg_diu/SRR31435218.diu.parquet	992006	True	results/paper1/f2_grammar/agg_apa/SRR31435218.apa.parquet	3933261	True	results/paper1/f2_grammar/agg_jct/SRR31435218.jct_ct.parquet	23656266	True	results/paper1/f2_grammar/agg_ase_ct/SRR31435218.ase_ct.parquet	262168	isoquant_core_complete
scTHREAD_NAR_release_20260803	SRR31435219	GSE283629	human	ONT	20067	True	32390	data/isoquant/GSE283629/SRR31435219	data/isoquant/GSE283629/SRR31435219	True	data/isoquant/GSE283629/SRR31435219/SRR31435219	SRR31435219	True	data/isoquant/GSE283629/SRR31435219/SRR31435219/SRR31435219.gene_counts.tsv	830026	True	data/isoquant/GSE283629/SRR31435219/SRR31435219/SRR31435219.transcript_counts.tsv	4758500	True	data/isoquant/GSE283629/SRR31435219/SRR31435219/SRR31435219.read_assignments.tsv.gz	218118267	True	data/isoquant/GSE283629/SRR31435219/SRR31435219/SRR31435219.transcript_models.gtf	173244648	True	data/isoquant/GSE283629/SRR31435219/SRR31435219/SRR31435219.extended_annotation.gtf	1344966429	True	data/isoquant/GSE283629/SRR31435219/SRR31435219/SRR31435219.discovered_transcript_counts.tsv	726912	True	results/paper1/f2_grammar/agg_diu/SRR31435219.diu.parquet	417737	True	results/paper1/f2_grammar/agg_apa/SRR31435219.apa.parquet	2382823	True	results/paper1/f2_grammar/agg_jct/SRR31435219.jct_ct.parquet	7806585	True	results/paper1/f2_grammar/agg_ase_ct/SRR31435219.ase_ct.parquet	247398	isoquant_core_complete
scTHREAD_NAR_release_20260803	SRR31632206	GSE283658	human	ONT	3463	True	29988	data/isoquant/GSE283658/SRR31632206	data/isoquant/GSE283658/SRR31632206	True	data/isoquant/GSE283658/SRR31632206/SRR31632206	SRR31632206	True	data/isoquant/GSE283658/SRR31632206/SRR31632206/SRR31632206.gene_counts.tsv	828694	True	data/isoquant/GSE283658/SRR31632206/SRR31632206/SRR31632206.transcript_counts.tsv	4758055	True	data/isoquant/GSE283658/SRR31632206/SRR31632206/SRR31632206.read_assignments.tsv.gz	206106888	True	data/isoquant/GSE283658/SRR31632206/SRR31632206/SRR31632206.transcript_models.gtf	170014214	True	data/isoquant/GSE283658/SRR31632206/SRR31632206/SRR31632206.extended_annotation.gtf	1346281704	True	data/isoquant/GSE283658/SRR31632206/SRR31632206/SRR31632206.discovered_transcript_counts.tsv	767853	True	results/paper1/f2_grammar/agg_diu/SRR31632206.diu.parquet	469398	True	results/paper1/f2_grammar/agg_apa/SRR31632206.apa.parquet	2258752	True	results/paper1/f2_grammar/agg_jct/SRR31632206.jct_ct.parquet	7014875	True	results/paper1/f2_grammar/agg_ase_ct/SRR31632206.ase_ct.parquet	215043	isoquant_core_complete
scTHREAD_NAR_release_20260803	SRR31632207	GSE283658	human	ONT	8656	True	57656	data/isoquant/GSE283658/SRR31632207	data/isoquant/GSE283658/SRR31632207	True	data/isoquant/GSE283658/SRR31632207/SRR31632207	SRR31632207	True	data/isoquant/GSE283658/SRR31632207/SRR31632207/SRR31632207.gene_counts.tsv	844959	True	data/isoquant/GSE283658/SRR31632207/SRR31632207/SRR31632207.transcript_counts.tsv	4782442	True	data/isoquant/GSE283658/SRR31632207/SRR31632207/SRR31632207.read_assignments.tsv.gz	1458631919	True	data/isoquant/GSE283658/SRR31632207/SRR31632207/SRR31632207.transcript_models.gtf	252137918	True	data/isoquant/GSE283658/SRR31632207/SRR31632207/SRR31632207.extended_annotation.gtf	1355861568	True	data/isoquant/GSE283658/SRR31632207/SRR31632207/SRR31632207.discovered_transcript_counts.tsv	1509202	True	results/paper1/f2_grammar/agg_diu/SRR31632207.diu.parquet	939615	True	results/paper1/f2_grammar/agg_apa/SRR31632207.apa.parquet	3715409	True	results/paper1/f2_grammar/agg_jct/SRR31632207.jct_ct.parquet	16246471	True	results/paper1/f2_grammar/agg_ase_ct/SRR31632207.ase_ct.parquet	363664	isoquant_core_complete
scTHREAD_NAR_release_20260803	SRR31632208	GSE283658	human	ONT	8574	True	50810	data/isoquant/GSE283658/SRR31632208	data/isoquant/GSE283658/SRR31632208	True	data/isoquant/GSE283658/SRR31632208/SRR31632208	SRR31632208	True	data/isoquant/GSE283658/SRR31632208/SRR31632208/SRR31632208.gene_counts.tsv	840654	True	data/isoquant/GSE283658/SRR31632208/SRR31632208/SRR31632208.transcript_counts.tsv	4775101	True	data/isoquant/GSE283658/SRR31632208/SRR31632208/SRR31632208.read_assignments.tsv.gz	953359539	True	data/isoquant/GSE283658/SRR31632208/SRR31632208/SRR31632208.transcript_models.gtf	223953050	True	data/isoquant/GSE283658/SRR31632208/SRR31632208/SRR31632208.extended_annotation.gtf	1351229608	True	data/isoquant/GSE283658/SRR31632208/SRR31632208/SRR31632208.discovered_transcript_counts.tsv	1214068	True	results/paper1/f2_grammar/agg_diu/SRR31632208.diu.parquet	752880	True	results/paper1/f2_grammar/agg_apa/SRR31632208.apa.parquet	3287791	True	results/paper1/f2_grammar/agg_jct/SRR31632208.jct_ct.parquet	13659131	True	results/paper1/f2_grammar/agg_ase_ct/SRR31632208.ase_ct.parquet	342384	isoquant_core_complete
scTHREAD_NAR_release_20260803	SRR34899601	GSE283658	human	ONT	8445	True	32733	data/isoquant/GSE283658/SRR34899601	data/isoquant/GSE283658/SRR34899601	True	data/isoquant/GSE283658/SRR34899601/SRR34899601	SRR34899601	True	data/isoquant/GSE283658/SRR34899601/SRR34899601/SRR34899601.gene_counts.tsv	829133	True	data/isoquant/GSE283658/SRR34899601/SRR34899601/SRR34899601.transcript_counts.tsv	4759152	True	data/isoquant/GSE283658/SRR34899601/SRR34899601/SRR34899601.read_assignments.tsv.gz	426395359	True	data/isoquant/GSE283658/SRR34899601/SRR34899601/SRR34899601.transcript_models.gtf	194333388	True	data/isoquant/GSE283658/SRR34899601/SRR34899601/SRR34899601.extended_annotation.gtf	1354968535	True	data/isoquant/GSE283658/SRR34899601/SRR34899601/SRR34899601.discovered_transcript_counts.tsv	1103338	True	results/paper1/f2_grammar/agg_diu/SRR34899601.diu.parquet	45083	False		0	False		0	False		0	isoquant_core_complete
scTHREAD_NAR_release_20260803	SRR32154422	GSE288222	human	ONT	3727	True	42106	data/isoquant/GSE288222/SRR32154422	data/isoquant/GSE288222/SRR32154422	True	data/isoquant/GSE288222/SRR32154422/SRR32154422	SRR32154422	True	data/isoquant/GSE288222/SRR32154422/SRR32154422/SRR32154422.gene_counts.tsv	840282	True	data/isoquant/GSE288222/SRR32154422/SRR32154422/SRR32154422.transcript_counts.tsv	4766341	True	data/isoquant/GSE288222/SRR32154422/SRR32154422/SRR32154422.read_assignments.tsv.gz	1029199395	True	data/isoquant/GSE288222/SRR32154422/SRR32154422/SRR32154422.transcript_models.gtf	206056955	True	data/isoquant/GSE288222/SRR32154422/SRR32154422/SRR32154422.extended_annotation.gtf	1363833129	True	data/isoquant/GSE288222/SRR32154422/SRR32154422/SRR32154422.discovered_transcript_counts.tsv	1779770	True	results/paper1/f2_grammar/agg_diu/SRR32154422.diu.parquet	707763	True	results/paper1/f2_grammar/agg_apa/SRR32154422.apa.parquet	5034237	True	results/paper1/f2_grammar/agg_jct/SRR32154422.jct_ct.parquet	17354865	True	results/paper1/f2_grammar/agg_ase_ct/SRR32154422.ase_ct.parquet	786028	isoquant_core_complete
scTHREAD_NAR_release_20260803	SRR32154423	GSE288222	human	ONT	4165	True	40397	data/isoquant/GSE288222/SRR32154423	data/isoquant/GSE288222/SRR32154423	True	data/isoquant/GSE288222/SRR32154423/SRR32154423	SRR32154423	True	data/isoquant/GSE288222/SRR32154423/SRR32154423/SRR32154423.gene_counts.tsv	839419	True	data/isoquant/GSE288222/SRR32154423/SRR32154423/SRR32154423.transcript_counts.tsv	4765818	True	data/isoquant/GSE288222/SRR32154423/SRR32154423/SRR32154423.read_assignments.tsv.gz	1012753745	True	data/isoquant/GSE288222/SRR32154423/SRR32154423/SRR32154423.transcript_models.gtf	199744761	True	data/isoquant/GSE288222/SRR32154423/SRR32154423/SRR32154423.extended_annotation.gtf	1361291732	True	data/isoquant/GSE288222/SRR32154423/SRR32154423/SRR32154423.discovered_transcript_counts.tsv	1633822	True	results/paper1/f2_grammar/agg_diu/SRR32154423.diu.parquet	506082	True	results/paper1/f2_grammar/agg_apa/SRR32154423.apa.parquet	3926809	True	results/paper1/f2_grammar/agg_jct/SRR32154423.jct_ct.parquet	14375304	True	results/paper1/f2_grammar/agg_ase_ct/SRR32154423.ase_ct.parquet	330554	isoquant_core_complete
scTHREAD_NAR_release_20260803	SRR32154424	GSE288222	human	ONT	4002	True	38750	data/isoquant/GSE288222/SRR32154424	data/isoquant/GSE288222/SRR32154424	True	data/isoquant/GSE288222/SRR32154424/SRR32154424	SRR32154424	True	data/isoquant/GSE288222/SRR32154424/SRR32154424/SRR32154424.gene_counts.tsv	839040	True	data/isoquant/GSE288222/SRR32154424/SRR32154424/SRR32154424.transcript_counts.tsv	4766781	True	data/isoquant/GSE288222/SRR32154424/SRR32154424/SRR32154424.read_assignments.tsv.gz	758739569	True	data/isoquant/GSE288222/SRR32154424/SRR32154424/SRR32154424.transcript_models.gtf	225623689	True	data/isoquant/GSE288222/SRR32154424/SRR32154424/SRR32154424.extended_annotation.gtf	1386141556	True	data/isoquant/GSE288222/SRR32154424/SRR32154424/SRR32154424.discovered_transcript_counts.tsv	2648710	True	results/paper1/f2_grammar/agg_diu/SRR32154424.diu.parquet	395412	True	results/paper1/f2_grammar/agg_apa/SRR32154424.apa.parquet	3271296	True	results/paper1/f2_grammar/agg_jct/SRR32154424.jct_ct.parquet	13427130	True	results/paper1/f2_grammar/agg_ase_ct/SRR32154424.ase_ct.parquet	161080	isoquant_core_complete
scTHREAD_NAR_release_20260803	SRR32154425	GSE288222	human	ONT	7529	True	47101	data/isoquant/GSE288222/SRR32154425	data/isoquant/GSE288222/SRR32154425	True	data/isoquant/GSE288222/SRR32154425/SRR32154425	SRR32154425	True	data/isoquant/GSE288222/SRR32154425/SRR32154425/SRR32154425.gene_counts.tsv	842084	True	data/isoquant/GSE288222/SRR32154425/SRR32154425/SRR32154425.transcript_counts.tsv	4770094	True	data/isoquant/GSE288222/SRR32154425/SRR32154425/SRR32154425.read_assignments.tsv.gz	901887340	True	data/isoquant/GSE288222/SRR32154425/SRR32154425/SRR32154425.transcript_models.gtf	234822695	True	data/isoquant/GSE288222/SRR32154425/SRR32154425/SRR32154425.extended_annotation.gtf	1371767505	True	data/isoquant/GSE288222/SRR32154425/SRR32154425/SRR32154425.discovered_transcript_counts.tsv	2223608	True	results/paper1/f2_grammar/agg_diu/SRR32154425.diu.parquet	867780	True	results/paper1/f2_grammar/agg_apa/SRR32154425.apa.parquet	5977460	True	results/paper1/f2_grammar/agg_jct/SRR32154425.jct_ct.parquet	20194898	True	results/paper1/f2_grammar/agg_ase_ct/SRR32154425.ase_ct.parquet	909670	isoquant_core_complete
scTHREAD_NAR_release_20260803	SRR32154426	GSE288222	human	ONT	5916	True	37952	data/isoquant/GSE288222/SRR32154426	data/isoquant/GSE288222/SRR32154426	True	data/isoquant/GSE288222/SRR32154426/SRR32154426	SRR32154426	True	data/isoquant/GSE288222/SRR32154426/SRR32154426/SRR32154426.gene_counts.tsv	837986	True	data/isoquant/GSE288222/SRR32154426/SRR32154426/SRR32154426.transcript_counts.tsv	4763579	True	data/isoquant/GSE288222/SRR32154426/SRR32154426/SRR32154426.read_assignments.tsv.gz	665760147	True	data/isoquant/GSE288222/SRR32154426/SRR32154426/SRR32154426.transcript_models.gtf	204167972	True	data/isoquant/GSE288222/SRR32154426/SRR32154426/SRR32154426.extended_annotation.gtf	1367456835	True	data/isoquant/GSE288222/SRR32154426/SRR32154426/SRR32154426.discovered_transcript_counts.tsv	1939267	True	results/paper1/f2_grammar/agg_diu/SRR32154426.diu.parquet	721210	True	results/paper1/f2_grammar/agg_apa/SRR32154426.apa.parquet	4953071	True	results/paper1/f2_grammar/agg_jct/SRR32154426.jct_ct.parquet	15866842	True	results/paper1/f2_grammar/agg_ase_ct/SRR32154426.ase_ct.parquet	855588	isoquant_core_complete
scTHREAD_NAR_release_20260803	SRR32154427	GSE288222	human	ONT	5216	True	42024	data/isoquant/GSE288222/SRR32154427	data/isoquant/GSE288222/SRR32154427	True	data/isoquant/GSE288222/SRR32154427/SRR32154427	SRR32154427	True	data/isoquant/GSE288222/SRR32154427/SRR32154427/SRR32154427.gene_counts.tsv	839269	True	data/isoquant/GSE288222/SRR32154427/SRR32154427/SRR32154427.transcript_counts.tsv	4767730	True	data/isoquant/GSE288222/SRR32154427/SRR32154427/SRR32154427.read_assignments.tsv.gz	759554698	True	data/isoquant/GSE288222/SRR32154427/SRR32154427/SRR32154427.transcript_models.gtf	210691986	True	data/isoquant/GSE288222/SRR32154427/SRR32154427/SRR32154427.extended_annotation.gtf	1371141727	True	data/isoquant/GSE288222/SRR32154427/SRR32154427/SRR32154427.discovered_transcript_counts.tsv	2065392	True	results/paper1/f2_grammar/agg_diu/SRR32154427.diu.parquet	651139	True	results/paper1/f2_grammar/agg_apa/SRR32154427.apa.parquet	4725996	True	results/paper1/f2_grammar/agg_jct/SRR32154427.jct_ct.parquet	17780011	True	results/paper1/f2_grammar/agg_ase_ct/SRR32154427.ase_ct.parquet	725246	isoquant_core_complete
scTHREAD_NAR_release_20260803	SRR32154428	GSE288222	human	ONT	9532	True	44196	data/isoquant/GSE288222/SRR32154428	data/isoquant/GSE288222/SRR32154428	True	data/isoquant/GSE288222/SRR32154428/SRR32154428	SRR32154428	True	data/isoquant/GSE288222/SRR32154428/SRR32154428/SRR32154428.gene_counts.tsv	843419	True	data/isoquant/GSE288222/SRR32154428/SRR32154428/SRR32154428.transcript_counts.tsv	4770811	True	data/isoquant/GSE288222/SRR32154428/SRR32154428/SRR32154428.read_assignments.tsv.gz	1105763186	True	data/isoquant/GSE288222/SRR32154428/SRR32154428/SRR32154428.transcript_models.gtf	225855731	True	data/isoquant/GSE288222/SRR32154428/SRR32154428/SRR32154428.extended_annotation.gtf	1374463256	True	data/isoquant/GSE288222/SRR32154428/SRR32154428/SRR32154428.discovered_transcript_counts.tsv	2336931	True	results/paper1/f2_grammar/agg_diu/SRR32154428.diu.parquet	880346	True	results/paper1/f2_grammar/agg_apa/SRR32154428.apa.parquet	6437479	True	results/paper1/f2_grammar/agg_jct/SRR32154428.jct_ct.parquet	18374842	True	results/paper1/f2_grammar/agg_ase_ct/SRR32154428.ase_ct.parquet	918320	isoquant_core_complete
scTHREAD_NAR_release_20260803	SRR32154429	GSE288222	human	ONT	9884	True	43004	data/isoquant/GSE288222/SRR32154429	data/isoquant/GSE288222/SRR32154429	True	data/isoquant/GSE288222/SRR32154429/SRR32154429	SRR32154429	True	data/isoquant/GSE288222/SRR32154429/SRR32154429/SRR32154429.gene_counts.tsv	842532	True	data/isoquant/GSE288222/SRR32154429/SRR32154429/SRR32154429.transcript_counts.tsv	4769472	True	data/isoquant/GSE288222/SRR32154429/SRR32154429/SRR32154429.read_assignments.tsv.gz	1014212862	True	data/isoquant/GSE288222/SRR32154429/SRR32154429/SRR32154429.transcript_models.gtf	216816018	True	data/isoquant/GSE288222/SRR32154429/SRR32154429/SRR32154429.extended_annotation.gtf	1371710852	True	data/isoquant/GSE288222/SRR32154429/SRR32154429/SRR32154429.discovered_transcript_counts.tsv	2196509	True	results/paper1/f2_grammar/agg_diu/SRR32154429.diu.parquet	776751	True	results/paper1/f2_grammar/agg_apa/SRR32154429.apa.parquet	5859482	True	results/paper1/f2_grammar/agg_jct/SRR32154429.jct_ct.parquet	16404623	True	results/paper1/f2_grammar/agg_ase_ct/SRR32154429.ase_ct.parquet	774776	isoquant_core_complete
scTHREAD_NAR_release_20260803	SRR32154430	GSE288222	human	ONT	3905	True	42880	data/isoquant/GSE288222/SRR32154430	data/isoquant/GSE288222/SRR32154430	True	data/isoquant/GSE288222/SRR32154430/SRR32154430	SRR32154430	True	data/isoquant/GSE288222/SRR32154430/SRR32154430/SRR32154430.gene_counts.tsv	845166	True	data/isoquant/GSE288222/SRR32154430/SRR32154430/SRR32154430.transcript_counts.tsv	4771799	True	data/isoquant/GSE288222/SRR32154430/SRR32154430/SRR32154430.read_assignments.tsv.gz	1317214767	True	data/isoquant/GSE288222/SRR32154430/SRR32154430/SRR32154430.transcript_models.gtf	251909141	True	data/isoquant/GSE288222/SRR32154430/SRR32154430/SRR32154430.extended_annotation.gtf	1408784272	True	data/isoquant/GSE288222/SRR32154430/SRR32154430/SRR32154430.discovered_transcript_counts.tsv	4144447	True	results/paper1/f2_grammar/agg_diu/SRR32154430.diu.parquet	878236	True	results/paper1/f2_grammar/agg_apa/SRR32154430.apa.parquet	6024470	True	results/paper1/f2_grammar/agg_jct/SRR32154430.jct_ct.parquet	19725333	True	results/paper1/f2_grammar/agg_ase_ct/SRR32154430.ase_ct.parquet	435323	isoquant_core_complete
scTHREAD_NAR_release_20260803	SRR32154431	GSE288222	human	ONT	5298	True	38134	data/isoquant/GSE288222/SRR32154431	data/isoquant/GSE288222/SRR32154431	True	data/isoquant/GSE288222/SRR32154431/SRR32154431	SRR32154431	True	data/isoquant/GSE288222/SRR32154431/SRR32154431/SRR32154431.gene_counts.tsv	841743	True	data/isoquant/GSE288222/SRR32154431/SRR32154431/SRR32154431.transcript_counts.tsv	4766804	True	data/isoquant/GSE288222/SRR32154431/SRR32154431/SRR32154431.read_assignments.tsv.gz	1412702969	True	data/isoquant/GSE288222/SRR32154431/SRR32154431/SRR32154431.transcript_models.gtf	207810022	True	data/isoquant/GSE288222/SRR32154431/SRR32154431/SRR32154431.extended_annotation.gtf	1380765795	True	data/isoquant/GSE288222/SRR32154431/SRR32154431/SRR32154431.discovered_transcript_counts.tsv	2672404	True	results/paper1/f2_grammar/agg_diu/SRR32154431.diu.parquet	599514	True	results/paper1/f2_grammar/agg_apa/SRR32154431.apa.parquet	4537815	True	results/paper1/f2_grammar/agg_jct/SRR32154431.jct_ct.parquet	13182801	True	results/paper1/f2_grammar/agg_ase_ct/SRR32154431.ase_ct.parquet	681557	isoquant_core_complete
scTHREAD_NAR_release_20260803	SRR32154433	GSE288222	human	ONT	5206	True	9782	data/isoquant/GSE288222/SRR32154433	data/isoquant/GSE288222/SRR32154433	True	data/isoquant/GSE288222/SRR32154433/SRR32154433	SRR32154433	True	data/isoquant/GSE288222/SRR32154433/SRR32154433/SRR32154433.gene_counts.tsv	820878	True	data/isoquant/GSE288222/SRR32154433/SRR32154433/SRR32154433.transcript_counts.tsv	4748937	True	data/isoquant/GSE288222/SRR32154433/SRR32154433/SRR32154433.read_assignments.tsv.gz	57780261	True	data/isoquant/GSE288222/SRR32154433/SRR32154433/SRR32154433.transcript_models.gtf	72303669	True	data/isoquant/GSE288222/SRR32154433/SRR32154433/SRR32154433.extended_annotation.gtf	1348277264	True	data/isoquant/GSE288222/SRR32154433/SRR32154433/SRR32154433.discovered_transcript_counts.tsv	662377	True	results/paper1/f2_grammar/agg_diu/SRR32154433.diu.parquet	31433	True	results/paper1/f2_grammar/agg_apa/SRR32154433.apa.parquet	816106	True	results/paper1/f2_grammar/agg_jct/SRR32154433.jct_ct.parquet	2314421	True	results/paper1/f2_grammar/agg_ase_ct/SRR32154433.ase_ct.parquet	64843	isoquant_core_complete
scTHREAD_NAR_release_20260803	SRR36251361	GSE288222	human	ONT	3612	True	35361	data/isoquant/GSE288222/SRR36251361	data/isoquant/GSE288222/SRR36251361	True	data/isoquant/GSE288222/SRR36251361/SRR36251361	SRR36251361	True	data/isoquant/GSE288222/SRR36251361/SRR36251361/SRR36251361.gene_counts.tsv	839815	True	data/isoquant/GSE288222/SRR36251361/SRR36251361/SRR36251361.transcript_counts.tsv	4765290	True	data/isoquant/GSE288222/SRR36251361/SRR36251361/SRR36251361.read_assignments.tsv.gz	820320294	True	data/isoquant/GSE288222/SRR36251361/SRR36251361/SRR36251361.transcript_models.gtf	211097173	True	data/isoquant/GSE288222/SRR36251361/SRR36251361/SRR36251361.extended_annotation.gtf	1389633913	True	data/isoquant/GSE288222/SRR36251361/SRR36251361/SRR36251361.discovered_transcript_counts.tsv	2980718	True	results/paper1/f2_grammar/agg_diu/SRR36251361.diu.parquet	716268	True	results/paper1/f2_grammar/agg_apa/SRR36251361.apa.parquet	4919801	True	results/paper1/f2_grammar/agg_jct/SRR36251361.jct_ct.parquet	14730750	True	results/paper1/f2_grammar/agg_ase_ct/SRR36251361.ase_ct.parquet	772144	isoquant_core_complete
scTHREAD_NAR_release_20260803	SRR32322922	GSE289428	human	ONT	1	False		data/isoquant_smartseq2/GSE289428	data/isoquant_smartseq2/GSE289428	True	data/isoquant_smartseq2/GSE289428		False		0	False		0	False		0	False		0	False		0	False		0	False		0	False		0	False		0	False		0	membership_only
scTHREAD_NAR_release_20260803	SRR32322923	GSE289428	human	ONT	1	False		data/isoquant_smartseq2/GSE289428	data/isoquant_smartseq2/GSE289428	True	data/isoquant_smartseq2/GSE289428		False		0	False		0	False		0	False		0	False		0	False		0	False		0	False		0	False		0	False		0	membership_only
scTHREAD_NAR_release_20260803	SRR32322924	GSE289428	human	ONT	1	False		data/isoquant_smartseq2/GSE289428	data/isoquant_smartseq2/GSE289428	True	data/isoquant_smartseq2/GSE289428		False		0	False		0	False		0	False		0	False		0	False		0	False		0	False		0	False		0	False		0	membership_only
scTHREAD_NAR_release_20260803	SRR32370261	GSE289790	human	ONT	2030	True	52044	data/isoquant/GSE289790/SRR32370261	data/isoquant/GSE289790/SRR32370261	True	data/isoquant/GSE289790/SRR32370261/SRR32370261	SRR32370261	True	data/isoquant/GSE289790/SRR32370261/SRR32370261/SRR32370261.gene_counts.tsv	842664	True	data/isoquant/GSE289790/SRR32370261/SRR32370261/SRR32370261.transcript_counts.tsv	4780813	True	data/isoquant/GSE289790/SRR32370261/SRR32370261/SRR32370261.read_assignments.tsv.gz	1089679745	True	data/isoquant/GSE289790/SRR32370261/SRR32370261/SRR32370261.transcript_models.gtf	261655176	True	data/isoquant/GSE289790/SRR32370261/SRR32370261/SRR32370261.extended_annotation.gtf	1361302058	True	data/isoquant/GSE289790/SRR32370261/SRR32370261/SRR32370261.discovered_transcript_counts.tsv	1588929	True	results/paper1/f2_grammar/agg_diu/SRR32370261.diu.parquet	642830	True	results/paper1/f2_grammar/agg_apa/SRR32370261.apa.parquet	2770919	True	results/paper1/f2_grammar/agg_jct/SRR32370261.jct_ct.parquet	12642785	True	results/paper1/f2_grammar/agg_ase_ct/SRR32370261.ase_ct.parquet	237884	isoquant_core_complete
scTHREAD_NAR_release_20260803	SRR32370262	GSE289790	human	ONT	1985	True	56929	data/isoquant/GSE289790/SRR32370262	data/isoquant/GSE289790/SRR32370262	True	data/isoquant/GSE289790/SRR32370262/SRR32370262	SRR32370262	True	data/isoquant/GSE289790/SRR32370262/SRR32370262/SRR32370262.gene_counts.tsv	846003	True	data/isoquant/GSE289790/SRR32370262/SRR32370262/SRR32370262.transcript_counts.tsv	4789646	True	data/isoquant/GSE289790/SRR32370262/SRR32370262/SRR32370262.read_assignments.tsv.gz	1912315634	True	data/isoquant/GSE289790/SRR32370262/SRR32370262/SRR32370262.transcript_models.gtf	283161356	True	data/isoquant/GSE289790/SRR32370262/SRR32370262/SRR32370262.extended_annotation.gtf	1366322627	True	data/isoquant/GSE289790/SRR32370262/SRR32370262/SRR32370262.discovered_transcript_counts.tsv	1863923	True	results/paper1/f2_grammar/agg_diu/SRR32370262.diu.parquet	699267	True	results/paper1/f2_grammar/agg_apa/SRR32370262.apa.parquet	2904437	True	results/paper1/f2_grammar/agg_jct/SRR32370262.jct_ct.parquet	15562490	True	results/paper1/f2_grammar/agg_ase_ct/SRR32370262.ase_ct.parquet	61361	isoquant_core_complete
scTHREAD_NAR_release_20260803	SRR32771574	GSE292324	human	PacBio	8104	True	58401	data/isoquant_pacbio/GSE292324/SRR32771574	data/isoquant_pacbio/GSE292324/SRR32771574	True	data/isoquant_pacbio/GSE292324/SRR32771574	SRR32771574	True	data/isoquant_pacbio/GSE292324/SRR32771574/SRR32771574.gene_counts.tsv	849407	True	data/isoquant_pacbio/GSE292324/SRR32771574/SRR32771574.transcript_counts.tsv	4791377	True	data/isoquant_pacbio/GSE292324/SRR32771574/SRR32771574.read_assignments.tsv.gz	2422747839	True	data/isoquant_pacbio/GSE292324/SRR32771574/SRR32771574.transcript_models.gtf	361139093	True	data/isoquant_pacbio/GSE292324/SRR32771574/SRR32771574.extended_annotation.gtf	1462243766	True	data/isoquant_pacbio/GSE292324/SRR32771574/SRR32771574.discovered_transcript_counts.tsv	9640564	True	results/paper1/f2_grammar/agg_diu/SRR32771574.diu.parquet	1316624	False		0	False		0	False		0	isoquant_core_complete
scTHREAD_NAR_release_20260803	SRR32771575	GSE292324	human	PacBio	8097	True	56077	data/isoquant_pacbio/GSE292324/SRR32771575	data/isoquant_pacbio/GSE292324/SRR32771575	True	data/isoquant_pacbio/GSE292324/SRR32771575	SRR32771575	True	data/isoquant_pacbio/GSE292324/SRR32771575/SRR32771575.gene_counts.tsv	847959	True	data/isoquant_pacbio/GSE292324/SRR32771575/SRR32771575.transcript_counts.tsv	4787644	True	data/isoquant_pacbio/GSE292324/SRR32771575/SRR32771575.read_assignments.tsv.gz	2113976130	True	data/isoquant_pacbio/GSE292324/SRR32771575/SRR32771575.transcript_models.gtf	345619618	True	data/isoquant_pacbio/GSE292324/SRR32771575/SRR32771575.extended_annotation.gtf	1458216859	True	data/isoquant_pacbio/GSE292324/SRR32771575/SRR32771575.discovered_transcript_counts.tsv	9448846	True	results/paper1/f2_grammar/agg_diu/SRR32771575.diu.parquet	1128453	False		0	False		0	False		0	isoquant_core_complete
scTHREAD_NAR_release_20260803	SRR32771576	GSE292324	human	PacBio	7371	True	60257	data/isoquant_pacbio/GSE292324/SRR32771576	data/isoquant_pacbio/GSE292324/SRR32771576	True	data/isoquant_pacbio/GSE292324/SRR32771576	SRR32771576	True	data/isoquant_pacbio/GSE292324/SRR32771576/SRR32771576.gene_counts.tsv	849048	True	data/isoquant_pacbio/GSE292324/SRR32771576/SRR32771576.transcript_counts.tsv	4791215	True	data/isoquant_pacbio/GSE292324/SRR32771576/SRR32771576.read_assignments.tsv.gz	2294101519	True	data/isoquant_pacbio/GSE292324/SRR32771576/SRR32771576.transcript_models.gtf	354217893	True	data/isoquant_pacbio/GSE292324/SRR32771576/SRR32771576.extended_annotation.gtf	1456486561	True	data/isoquant_pacbio/GSE292324/SRR32771576/SRR32771576.discovered_transcript_counts.tsv	9339950	True	results/paper1/f2_grammar/agg_diu/SRR32771576.diu.parquet	1357042	False		0	False		0	False		0	isoquant_core_complete
scTHREAD_NAR_release_20260803	SRR32771577	GSE292324	human	PacBio	7367	True	58328	data/isoquant_pacbio/GSE292324/SRR32771577	data/isoquant_pacbio/GSE292324/SRR32771577	True	data/isoquant_pacbio/GSE292324/SRR32771577	SRR32771577	True	data/isoquant_pacbio/GSE292324/SRR32771577/SRR32771577.gene_counts.tsv	848139	True	data/isoquant_pacbio/GSE292324/SRR32771577/SRR32771577.transcript_counts.tsv	4788474	True	data/isoquant_pacbio/GSE292324/SRR32771577/SRR32771577.read_assignments.tsv.gz	2104464951	True	data/isoquant_pacbio/GSE292324/SRR32771577/SRR32771577.transcript_models.gtf	342321572	True	data/isoquant_pacbio/GSE292324/SRR32771577/SRR32771577.extended_annotation.gtf	1454347960	True	data/isoquant_pacbio/GSE292324/SRR32771577/SRR32771577.discovered_transcript_counts.tsv	9253356	True	results/paper1/f2_grammar/agg_diu/SRR32771577.diu.parquet	1296329	False		0	False		0	False		0	isoquant_core_complete
scTHREAD_NAR_release_20260803	SRR32771578	GSE292324	human	PacBio	5187	True	52957	data/isoquant_pacbio/GSE292324/SRR32771578	data/isoquant_pacbio/GSE292324/SRR32771578	True	data/isoquant_pacbio/GSE292324/SRR32771578	SRR32771578	True	data/isoquant_pacbio/GSE292324/SRR32771578/SRR32771578.gene_counts.tsv	850823	True	data/isoquant_pacbio/GSE292324/SRR32771578/SRR32771578.transcript_counts.tsv	4789903	True	data/isoquant_pacbio/GSE292324/SRR32771578/SRR32771578.read_assignments.tsv.gz	2142958558	True	data/isoquant_pacbio/GSE292324/SRR32771578/SRR32771578.transcript_models.gtf	346208292	True	data/isoquant_pacbio/GSE292324/SRR32771578/SRR32771578.extended_annotation.gtf	1483103884	True	data/isoquant_pacbio/GSE292324/SRR32771578/SRR32771578.discovered_transcript_counts.tsv	11178488	True	results/paper1/f2_grammar/agg_diu/SRR32771578.diu.parquet	955146	False		0	False		0	False		0	isoquant_core_complete
scTHREAD_NAR_release_20260803	SRR32771579	GSE292324	human	PacBio	7425	True	53164	data/isoquant_pacbio/GSE292324/SRR32771579	data/isoquant_pacbio/GSE292324/SRR32771579	True	data/isoquant_pacbio/GSE292324/SRR32771579	SRR32771579	True	data/isoquant_pacbio/GSE292324/SRR32771579/SRR32771579.gene_counts.tsv	851439	True	data/isoquant_pacbio/GSE292324/SRR32771579/SRR32771579.transcript_counts.tsv	4792096	True	data/isoquant_pacbio/GSE292324/SRR32771579/SRR32771579.read_assignments.tsv.gz	2260314143	True	data/isoquant_pacbio/GSE292324/SRR32771579/SRR32771579.transcript_models.gtf	352430029	True	data/isoquant_pacbio/GSE292324/SRR32771579/SRR32771579.extended_annotation.gtf	1485284526	True	data/isoquant_pacbio/GSE292324/SRR32771579/SRR32771579.discovered_transcript_counts.tsv	11265010	True	results/paper1/f2_grammar/agg_diu/SRR32771579.diu.parquet	1027855	False		0	False		0	False		0	isoquant_core_complete
scTHREAD_NAR_release_20260803	SRR32771580	GSE292324	human	PacBio	5195	True	50698	data/isoquant_pacbio/GSE292324/SRR32771580	data/isoquant_pacbio/GSE292324/SRR32771580	True	data/isoquant_pacbio/GSE292324/SRR32771580	SRR32771580	True	data/isoquant_pacbio/GSE292324/SRR32771580/SRR32771580.gene_counts.tsv	848460	True	data/isoquant_pacbio/GSE292324/SRR32771580/SRR32771580.transcript_counts.tsv	4784817	True	data/isoquant_pacbio/GSE292324/SRR32771580/SRR32771580.read_assignments.tsv.gz	1734274915	True	data/isoquant_pacbio/GSE292324/SRR32771580/SRR32771580.transcript_models.gtf	332247032	True	data/isoquant_pacbio/GSE292324/SRR32771580/SRR32771580.extended_annotation.gtf	1477090691	True	data/isoquant_pacbio/GSE292324/SRR32771580/SRR32771580.discovered_transcript_counts.tsv	10841662	True	results/paper1/f2_grammar/agg_diu/SRR32771580.diu.parquet	904695	False		0	False		0	False		0	isoquant_core_complete
scTHREAD_NAR_release_20260803	SRR32771581	GSE292324	human	PacBio	6761	True	50119	data/isoquant_pacbio/GSE292324/SRR32771581	data/isoquant_pacbio/GSE292324/SRR32771581	True	data/isoquant_pacbio/GSE292324/SRR32771581	SRR32771581	True	data/isoquant_pacbio/GSE292324/SRR32771581/SRR32771581.gene_counts.tsv	848332	True	data/isoquant_pacbio/GSE292324/SRR32771581/SRR32771581.transcript_counts.tsv	4785224	True	data/isoquant_pacbio/GSE292324/SRR32771581/SRR32771581.read_assignments.tsv.gz	1740248082	True	data/isoquant_pacbio/GSE292324/SRR32771581/SRR32771581.transcript_models.gtf	333550802	True	data/isoquant_pacbio/GSE292324/SRR32771581/SRR32771581.extended_annotation.gtf	1477034522	True	data/isoquant_pacbio/GSE292324/SRR32771581/SRR32771581.discovered_transcript_counts.tsv	10810157	True	results/paper1/f2_grammar/agg_diu/SRR32771581.diu.parquet	938553	False		0	False		0	False		0	isoquant_core_complete
scTHREAD_NAR_release_20260803	SRR33259865	GSE295352	mouse	ONT	2754	True	29400	data/isoquant/GSE295352/SRR33259865	data/isoquant/GSE295352/SRR33259865	True	data/isoquant/GSE295352/SRR33259865/SRR33259865	SRR33259865	True	data/isoquant/GSE295352/SRR33259865/SRR33259865/SRR33259865.gene_counts.tsv	838415	True	data/isoquant/GSE295352/SRR33259865/SRR33259865/SRR33259865.transcript_counts.tsv	3047158	True	data/isoquant/GSE295352/SRR33259865/SRR33259865/SRR33259865.read_assignments.tsv.gz	1182900007	True	data/isoquant/GSE295352/SRR33259865/SRR33259865/SRR33259865.transcript_models.gtf	215407992	True	data/isoquant/GSE295352/SRR33259865/SRR33259865/SRR33259865.extended_annotation.gtf	803295807	True	data/isoquant/GSE295352/SRR33259865/SRR33259865/SRR33259865.discovered_transcript_counts.tsv	1971726	True	results/paper1/f2_grammar/agg_diu/SRR33259865.diu.parquet	777279	False		0	False		0	False		0	isoquant_core_complete
scTHREAD_NAR_release_20260803	SRR33259866	GSE295352	mouse	ONT	2647	True	27887	data/isoquant/GSE295352/SRR33259866	data/isoquant/GSE295352/SRR33259866	True	data/isoquant/GSE295352/SRR33259866/SRR33259866	SRR33259866	True	data/isoquant/GSE295352/SRR33259866/SRR33259866/SRR33259866.gene_counts.tsv	833006	True	data/isoquant/GSE295352/SRR33259866/SRR33259866/SRR33259866.transcript_counts.tsv	3038907	True	data/isoquant/GSE295352/SRR33259866/SRR33259866/SRR33259866.read_assignments.tsv.gz	502338144	True	data/isoquant/GSE295352/SRR33259866/SRR33259866/SRR33259866.transcript_models.gtf	202534770	True	data/isoquant/GSE295352/SRR33259866/SRR33259866/SRR33259866.extended_annotation.gtf	793634097	True	data/isoquant/GSE295352/SRR33259866/SRR33259866/SRR33259866.discovered_transcript_counts.tsv	1531821	True	results/paper1/f2_grammar/agg_diu/SRR33259866.diu.parquet	702873	False		0	False		0	False		0	isoquant_core_complete
scTHREAD_NAR_release_20260803	SRR33259867	GSE295352	mouse	ONT	6786	True	11263	data/isoquant/GSE295352/SRR33259867	data/isoquant/GSE295352/SRR33259867	True	data/isoquant/GSE295352/SRR33259867/SRR33259867	SRR33259867	True	data/isoquant/GSE295352/SRR33259867/SRR33259867/SRR33259867.gene_counts.tsv	817156	True	data/isoquant/GSE295352/SRR33259867/SRR33259867/SRR33259867.transcript_counts.tsv	3017949	True	data/isoquant/GSE295352/SRR33259867/SRR33259867/SRR33259867.read_assignments.tsv.gz	30939267	True	data/isoquant/GSE295352/SRR33259867/SRR33259867/SRR33259867.transcript_models.gtf	67980878	True	data/isoquant/GSE295352/SRR33259867/SRR33259867/SRR33259867.extended_annotation.gtf	763541777	True	data/isoquant/GSE295352/SRR33259867/SRR33259867/SRR33259867.discovered_transcript_counts.tsv	311640	True	results/paper1/f2_grammar/agg_diu/SRR33259867.diu.parquet	112506	False		0	False		0	False		0	isoquant_core_complete
scTHREAD_NAR_release_20260803	SRR35432392	GSE295352	mouse	ONT	3552	True	34890	data/isoquant/GSE295352/SRR35432392	data/isoquant/GSE295352/SRR35432392	True	data/isoquant/GSE295352/SRR35432392/SRR35432392	SRR35432392	True	data/isoquant/GSE295352/SRR35432392/SRR35432392/SRR35432392.gene_counts.tsv	841848	True	data/isoquant/GSE295352/SRR35432392/SRR35432392/SRR35432392.transcript_counts.tsv	3054973	True	data/isoquant/GSE295352/SRR35432392/SRR35432392/SRR35432392.read_assignments.tsv.gz	1543755160	True	data/isoquant/GSE295352/SRR35432392/SRR35432392/SRR35432392.transcript_models.gtf	239413722	True	data/isoquant/GSE295352/SRR35432392/SRR35432392/SRR35432392.extended_annotation.gtf	806565651	True	data/isoquant/GSE295352/SRR35432392/SRR35432392/SRR35432392.discovered_transcript_counts.tsv	2212193	True	results/paper1/f2_grammar/agg_diu/SRR35432392.diu.parquet	1038668	False		0	False		0	False		0	isoquant_core_complete
scTHREAD_NAR_release_20260803	SRR35432393	GSE295352	mouse	ONT	3839	True	33981	data/isoquant/GSE295352/SRR35432393	data/isoquant/GSE295352/SRR35432393	True	data/isoquant/GSE295352/SRR35432393/SRR35432393	SRR35432393	True	data/isoquant/GSE295352/SRR35432393/SRR35432393/SRR35432393.gene_counts.tsv	841300	True	data/isoquant/GSE295352/SRR35432393/SRR35432393/SRR35432393.transcript_counts.tsv	3053872	True	data/isoquant/GSE295352/SRR35432393/SRR35432393/SRR35432393.read_assignments.tsv.gz	1409939486	True	data/isoquant/GSE295352/SRR35432393/SRR35432393/SRR35432393.transcript_models.gtf	238332062	True	data/isoquant/GSE295352/SRR35432393/SRR35432393/SRR35432393.extended_annotation.gtf	806311246	True	data/isoquant/GSE295352/SRR35432393/SRR35432393/SRR35432393.discovered_transcript_counts.tsv	2135330	True	results/paper1/f2_grammar/agg_diu/SRR35432393.diu.parquet	996403	False		0	False		0	False		0	isoquant_core_complete
scTHREAD_NAR_release_20260803	SRR35432394	GSE295352	mouse	ONT	3372	True	14349	data/isoquant/GSE295352/SRR35432394	data/isoquant/GSE295352/SRR35432394	True	data/isoquant/GSE295352/SRR35432394/SRR35432394	SRR35432394	True	data/isoquant/GSE295352/SRR35432394/SRR35432394/SRR35432394.gene_counts.tsv	820018	True	data/isoquant/GSE295352/SRR35432394/SRR35432394/SRR35432394.transcript_counts.tsv	3020557	True	data/isoquant/GSE295352/SRR35432394/SRR35432394/SRR35432394.read_assignments.tsv.gz	46478600	True	data/isoquant/GSE295352/SRR35432394/SRR35432394/SRR35432394.transcript_models.gtf	83591661	True	data/isoquant/GSE295352/SRR35432394/SRR35432394/SRR35432394.extended_annotation.gtf	765256202	True	data/isoquant/GSE295352/SRR35432394/SRR35432394/SRR35432394.discovered_transcript_counts.tsv	412639	True	results/paper1/f2_grammar/agg_diu/SRR35432394.diu.parquet	298273	False		0	False		0	False		0	isoquant_core_complete
scTHREAD_NAR_release_20260803	SRR33259246	GSE295353	mouse	ONT	26635	True	35253	data/isoquant/GSE295353/SRR33259246	data/isoquant/GSE295353/SRR33259246	True	data/isoquant/GSE295353/SRR33259246/SRR33259246	SRR33259246	True	data/isoquant/GSE295353/SRR33259246/SRR33259246/SRR33259246.gene_counts.tsv	833852	True	data/isoquant/GSE295353/SRR33259246/SRR33259246/SRR33259246.transcript_counts.tsv	3036457	True	data/isoquant/GSE295353/SRR33259246/SRR33259246/SRR33259246.read_assignments.tsv.gz	450299796	True	data/isoquant/GSE295353/SRR33259246/SRR33259246/SRR33259246.transcript_models.gtf	215506951	True	data/isoquant/GSE295353/SRR33259246/SRR33259246/SRR33259246.extended_annotation.gtf	779879427	True	data/isoquant/GSE295353/SRR33259246/SRR33259246/SRR33259246.discovered_transcript_counts.tsv	1241157	True	results/paper1/f2_grammar/agg_diu/SRR33259246.diu.parquet	797042	False		0	False		0	False		0	isoquant_core_complete
scTHREAD_NAR_release_20260803	SRR33259247	GSE295353	mouse	ONT	45303	True	32369	data/isoquant/GSE295353/SRR33259247	data/isoquant/GSE295353/SRR33259247	True	data/isoquant/GSE295353/SRR33259247/SRR33259247	SRR33259247	True	data/isoquant/GSE295353/SRR33259247/SRR33259247/SRR33259247.gene_counts.tsv	830951	True	data/isoquant/GSE295353/SRR33259247/SRR33259247/SRR33259247.transcript_counts.tsv	3031056	True	data/isoquant/GSE295353/SRR33259247/SRR33259247/SRR33259247.read_assignments.tsv.gz	347239259	True	data/isoquant/GSE295353/SRR33259247/SRR33259247/SRR33259247.transcript_models.gtf	198512815	True	data/isoquant/GSE295353/SRR33259247/SRR33259247/SRR33259247.extended_annotation.gtf	772192846	True	data/isoquant/GSE295353/SRR33259247/SRR33259247/SRR33259247.discovered_transcript_counts.tsv	985553	False		0	False		0	False		0	False		0	isoquant_core_complete
scTHREAD_NAR_release_20260803	SRR33259248	GSE295353	mouse	ONT	1554	True	5155	data/isoquant/GSE295353/SRR33259248	data/isoquant/GSE295353/SRR33259248	True	data/isoquant/GSE295353/SRR33259248/SRR33259248	SRR33259248	True	data/isoquant/GSE295353/SRR33259248/SRR33259248/SRR33259248.gene_counts.tsv	810881	True	data/isoquant/GSE295353/SRR33259248/SRR33259248/SRR33259248.transcript_counts.tsv	3014117	True	data/isoquant/GSE295353/SRR33259248/SRR33259248/SRR33259248.read_assignments.tsv.gz	6214822	True	data/isoquant/GSE295353/SRR33259248/SRR33259248/SRR33259248.transcript_models.gtf	31185273	True	data/isoquant/GSE295353/SRR33259248/SRR33259248/SRR33259248.extended_annotation.gtf	759971094	True	data/isoquant/GSE295353/SRR33259248/SRR33259248/SRR33259248.discovered_transcript_counts.tsv	94958	False		0	False		0	False		0	False		0	isoquant_core_complete
scTHREAD_NAR_release_20260803	SRR35432458	GSE295353	mouse	ONT	6398	True	41857	data/isoquant/GSE295353/SRR35432458	data/isoquant/GSE295353/SRR35432458	True	data/isoquant/GSE295353/SRR35432458/SRR35432458	SRR35432458	True	data/isoquant/GSE295353/SRR35432458/SRR35432458/SRR35432458.gene_counts.tsv	842396	True	data/isoquant/GSE295353/SRR35432458/SRR35432458/SRR35432458.transcript_counts.tsv	3050491	True	data/isoquant/GSE295353/SRR35432458/SRR35432458/SRR35432458.read_assignments.tsv.gz	1084957680	True	data/isoquant/GSE295353/SRR35432458/SRR35432458/SRR35432458.transcript_models.gtf	259556623	True	data/isoquant/GSE295353/SRR35432458/SRR35432458/SRR35432458.extended_annotation.gtf	801755253	True	data/isoquant/GSE295353/SRR35432458/SRR35432458/SRR35432458.discovered_transcript_counts.tsv	2223326	False		0	False		0	False		0	False		0	isoquant_core_complete
scTHREAD_NAR_release_20260803	SRR35432459	GSE295353	mouse	ONT	9513	True	40489	data/isoquant/GSE295353/SRR35432459	data/isoquant/GSE295353/SRR35432459	True	data/isoquant/GSE295353/SRR35432459/SRR35432459	SRR35432459	True	data/isoquant/GSE295353/SRR35432459/SRR35432459/SRR35432459.gene_counts.tsv	838936	True	data/isoquant/GSE295353/SRR35432459/SRR35432459/SRR35432459.transcript_counts.tsv	3044449	True	data/isoquant/GSE295353/SRR35432459/SRR35432459/SRR35432459.read_assignments.tsv.gz	850056042	True	data/isoquant/GSE295353/SRR35432459/SRR35432459/SRR35432459.transcript_models.gtf	244855958	True	data/isoquant/GSE295353/SRR35432459/SRR35432459/SRR35432459.extended_annotation.gtf	791421206	True	data/isoquant/GSE295353/SRR35432459/SRR35432459/SRR35432459.discovered_transcript_counts.tsv	1778126	True	results/paper1/f2_grammar/agg_diu/SRR35432459.diu.parquet	853589	False		0	False		0	False		0	isoquant_core_complete
scTHREAD_NAR_release_20260803	SRR35432460	GSE295353	mouse	ONT	1560	True	4972	data/isoquant/GSE295353/SRR35432460	data/isoquant/GSE295353/SRR35432460	True	data/isoquant/GSE295353/SRR35432460/SRR35432460	SRR35432460	True	data/isoquant/GSE295353/SRR35432460/SRR35432460/SRR35432460.gene_counts.tsv	810158	True	data/isoquant/GSE295353/SRR35432460/SRR35432460/SRR35432460.transcript_counts.tsv	3013947	True	data/isoquant/GSE295353/SRR35432460/SRR35432460/SRR35432460.read_assignments.tsv.gz	4899371	True	data/isoquant/GSE295353/SRR35432460/SRR35432460/SRR35432460.transcript_models.gtf	30168848	True	data/isoquant/GSE295353/SRR35432460/SRR35432460/SRR35432460.extended_annotation.gtf	760021938	True	data/isoquant/GSE295353/SRR35432460/SRR35432460/SRR35432460.discovered_transcript_counts.tsv	95528	False		0	False		0	False		0	False		0	isoquant_core_complete
scTHREAD_NAR_release_20260803	SRR33369385	GSE295932	human	ONT	2911	True	38373	data/isoquant/GSE295932/SRR33369385	data/isoquant/GSE295932/SRR33369385	True	data/isoquant/GSE295932/SRR33369385/SRR33369385	SRR33369385	True	data/isoquant/GSE295932/SRR33369385/SRR33369385/SRR33369385.gene_counts.tsv	831917	True	data/isoquant/GSE295932/SRR33369385/SRR33369385/SRR33369385.transcript_counts.tsv	4765699	True	data/isoquant/GSE295932/SRR33369385/SRR33369385/SRR33369385.read_assignments.tsv.gz	274515368	True	data/isoquant/GSE295932/SRR33369385/SRR33369385/SRR33369385.transcript_models.gtf	227399610	True	data/isoquant/GSE295932/SRR33369385/SRR33369385/SRR33369385.extended_annotation.gtf	1358968471	True	data/isoquant/GSE295932/SRR33369385/SRR33369385/SRR33369385.discovered_transcript_counts.tsv	1197005	False		0	False		0	False		0	True	results/paper1/f2_grammar/agg_ase_ct/SRR33369385.ase_ct.parquet	189526	isoquant_core_complete
scTHREAD_NAR_release_20260803	SRR33369386	GSE295932	human	ONT	5362	True	8157	data/isoquant/GSE295932/SRR33369386	data/isoquant/GSE295932/SRR33369386	True	data/isoquant/GSE295932/SRR33369386/SRR33369386	SRR33369386	True	data/isoquant/GSE295932/SRR33369386/SRR33369386/SRR33369386.gene_counts.tsv	814835	True	data/isoquant/GSE295932/SRR33369386/SRR33369386/SRR33369386.transcript_counts.tsv	4748338	True	data/isoquant/GSE295932/SRR33369386/SRR33369386/SRR33369386.read_assignments.tsv.gz	16721273	True	data/isoquant/GSE295932/SRR33369386/SRR33369386/SRR33369386.transcript_models.gtf	60677279	True	data/isoquant/GSE295932/SRR33369386/SRR33369386/SRR33369386.extended_annotation.gtf	1340795910	True	data/isoquant/GSE295932/SRR33369386/SRR33369386/SRR33369386.discovered_transcript_counts.tsv	264109	False		0	False		0	False		0	True	results/paper1/f2_grammar/agg_ase_ct/SRR33369386.ase_ct.parquet	57173	isoquant_core_complete
scTHREAD_NAR_release_20260803	SRR33369387	GSE295932	human	ONT	5968	True	41459	data/isoquant/GSE295932/SRR33369387	data/isoquant/GSE295932/SRR33369387	True	data/isoquant/GSE295932/SRR33369387/SRR33369387	SRR33369387	True	data/isoquant/GSE295932/SRR33369387/SRR33369387/SRR33369387.gene_counts.tsv	834997	True	data/isoquant/GSE295932/SRR33369387/SRR33369387/SRR33369387.transcript_counts.tsv	4769058	True	data/isoquant/GSE295932/SRR33369387/SRR33369387/SRR33369387.read_assignments.tsv.gz	498235972	True	data/isoquant/GSE295932/SRR33369387/SRR33369387/SRR33369387.transcript_models.gtf	233791232	True	data/isoquant/GSE295932/SRR33369387/SRR33369387/SRR33369387.extended_annotation.gtf	1361441418	True	data/isoquant/GSE295932/SRR33369387/SRR33369387/SRR33369387.discovered_transcript_counts.tsv	1388885	False		0	False		0	False		0	True	results/paper1/f2_grammar/agg_ase_ct/SRR33369387.ase_ct.parquet	193371	isoquant_core_complete
scTHREAD_NAR_release_20260803	SRR33369388	GSE295932	human	ONT	7382	True	9024	data/isoquant/GSE295932/SRR33369388	data/isoquant/GSE295932/SRR33369388	True	data/isoquant/GSE295932/SRR33369388/SRR33369388	SRR33369388	True	data/isoquant/GSE295932/SRR33369388/SRR33369388/SRR33369388.gene_counts.tsv	815357	True	data/isoquant/GSE295932/SRR33369388/SRR33369388/SRR33369388.transcript_counts.tsv	4748718	True	data/isoquant/GSE295932/SRR33369388/SRR33369388/SRR33369388.read_assignments.tsv.gz	21328302	True	data/isoquant/GSE295932/SRR33369388/SRR33369388/SRR33369388.transcript_models.gtf	62872460	True	data/isoquant/GSE295932/SRR33369388/SRR33369388/SRR33369388.extended_annotation.gtf	1341118481	True	data/isoquant/GSE295932/SRR33369388/SRR33369388/SRR33369388.discovered_transcript_counts.tsv	287577	False		0	False		0	False		0	True	results/paper1/f2_grammar/agg_ase_ct/SRR33369388.ase_ct.parquet	60232	isoquant_core_complete
scTHREAD_NAR_release_20260803	SRR34364189	GSE301658	human	ONT	3831	True	39632	data/isoquant/GSE301658/SRR34364189	data/isoquant/GSE301658/SRR34364189	True	data/isoquant/GSE301658/SRR34364189/SRR34364189	SRR34364189	True	data/isoquant/GSE301658/SRR34364189/SRR34364189/SRR34364189.gene_counts.tsv	836669	True	data/isoquant/GSE301658/SRR34364189/SRR34364189/SRR34364189.transcript_counts.tsv	4787060	True	data/isoquant/GSE301658/SRR34364189/SRR34364189/SRR34364189.read_assignments.tsv.gz	2226758181	True	data/isoquant/GSE301658/SRR34364189/SRR34364189/SRR34364189.transcript_models.gtf	171745659	True	data/isoquant/GSE301658/SRR34364189/SRR34364189/SRR34364189.extended_annotation.gtf	1366984089	True	data/isoquant/GSE301658/SRR34364189/SRR34364189/SRR34364189.discovered_transcript_counts.tsv	1944322	True	results/paper1/f2_grammar/agg_diu/SRR34364189.diu.parquet	734222	True	results/paper1/f2_grammar/agg_apa/SRR34364189.apa.parquet	2252079	True	results/paper1/f2_grammar/agg_jct/SRR34364189.jct_ct.parquet	9509525	True	results/paper1/f2_grammar/agg_ase_ct/SRR34364189.ase_ct.parquet	275279	isoquant_core_complete
scTHREAD_NAR_release_20260803	SRR30947478	GSE303762	human	ONT	66691	True	71210	data/isoquant/GSE303762/SRR30947478	data/isoquant/GSE303762/SRR30947478	True	data/isoquant/GSE303762/SRR30947478/SRR30947478	SRR30947478	True	data/isoquant/GSE303762/SRR30947478/SRR30947478/SRR30947478.gene_counts.tsv	852228	True	data/isoquant/GSE303762/SRR30947478/SRR30947478/SRR30947478.transcript_counts.tsv	4794503	True	data/isoquant/GSE303762/SRR30947478/SRR30947478/SRR30947478.read_assignments.tsv.gz	1760442545	True	data/isoquant/GSE303762/SRR30947478/SRR30947478/SRR30947478.transcript_models.gtf	324878889	True	data/isoquant/GSE303762/SRR30947478/SRR30947478/SRR30947478.extended_annotation.gtf	1369775399	True	data/isoquant/GSE303762/SRR30947478/SRR30947478/SRR30947478.discovered_transcript_counts.tsv	2288709	True	results/paper1/f2_grammar/agg_diu/SRR30947478.diu.parquet	834957	True	results/paper1/f2_grammar/agg_apa/SRR30947478.apa.parquet	3227780	True	results/paper1/f2_grammar/agg_jct/SRR30947478.jct_ct.parquet	25533958	True	results/paper1/f2_grammar/agg_ase_ct/SRR30947478.ase_ct.parquet	90960	isoquant_core_complete
scTHREAD_NAR_release_20260803	SRR30947479	GSE303762	human	ONT	5109	True	73714	data/isoquant/GSE303762/SRR30947479	data/isoquant/GSE303762/SRR30947479	True	data/isoquant/GSE303762/SRR30947479/SRR30947479	SRR30947479	True	data/isoquant/GSE303762/SRR30947479/SRR30947479/SRR30947479.gene_counts.tsv	853473	True	data/isoquant/GSE303762/SRR30947479/SRR30947479/SRR30947479.transcript_counts.tsv	4798541	True	data/isoquant/GSE303762/SRR30947479/SRR30947479/SRR30947479.read_assignments.tsv.gz	1874853187	True	data/isoquant/GSE303762/SRR30947479/SRR30947479/SRR30947479.transcript_models.gtf	337255479	True	data/isoquant/GSE303762/SRR30947479/SRR30947479/SRR30947479.extended_annotation.gtf	1372328631	True	data/isoquant/GSE303762/SRR30947479/SRR30947479/SRR30947479.discovered_transcript_counts.tsv	2355733	True	results/paper1/f2_grammar/agg_diu/SRR30947479.diu.parquet	855751	True	results/paper1/f2_grammar/agg_apa/SRR30947479.apa.parquet	3822613	True	results/paper1/f2_grammar/agg_jct/SRR30947479.jct_ct.parquet	22399172	True	results/paper1/f2_grammar/agg_ase_ct/SRR30947479.ase_ct.parquet	100575	isoquant_core_complete
scTHREAD_NAR_release_20260803	SRR35267327	GSE307660	human	ONT	3190	True	51372	data/isoquant/GSE307660/SRR35267327	data/isoquant/GSE307660/SRR35267327	True	data/isoquant/GSE307660/SRR35267327/SRR35267327	SRR35267327	True	data/isoquant/GSE307660/SRR35267327/SRR35267327/SRR35267327.gene_counts.tsv	842427	True	data/isoquant/GSE307660/SRR35267327/SRR35267327/SRR35267327.transcript_counts.tsv	4781098	True	data/isoquant/GSE307660/SRR35267327/SRR35267327/SRR35267327.read_assignments.tsv.gz	1093654122	True	data/isoquant/GSE307660/SRR35267327/SRR35267327/SRR35267327.transcript_models.gtf	286880009	True	data/isoquant/GSE307660/SRR35267327/SRR35267327/SRR35267327.extended_annotation.gtf	1399491200	True	data/isoquant/GSE307660/SRR35267327/SRR35267327/SRR35267327.discovered_transcript_counts.tsv	3346307	True	results/paper1/f2_grammar/agg_diu/SRR35267327.diu.parquet	693048	True	results/paper1/f2_grammar/agg_apa/SRR35267327.apa.parquet	6400704	True	results/paper1/f2_grammar/agg_jct/SRR35267327.jct_ct.parquet	26667375	True	results/paper1/f2_grammar/agg_ase_ct/SRR35267327.ase_ct.parquet	338380	isoquant_core_complete
scTHREAD_NAR_release_20260803	SRR35267328	GSE307660	human	ONT	6900	True	23246	data/isoquant/GSE307660/SRR35267328	data/isoquant/GSE307660/SRR35267328	True	data/isoquant/GSE307660/SRR35267328/SRR35267328	SRR35267328	True	data/isoquant/GSE307660/SRR35267328/SRR35267328/SRR35267328.gene_counts.tsv	825813	True	data/isoquant/GSE307660/SRR35267328/SRR35267328/SRR35267328.transcript_counts.tsv	4753943	True	data/isoquant/GSE307660/SRR35267328/SRR35267328/SRR35267328.read_assignments.tsv.gz	149574761	True	data/isoquant/GSE307660/SRR35267328/SRR35267328/SRR35267328.transcript_models.gtf	156002914	True	data/isoquant/GSE307660/SRR35267328/SRR35267328/SRR35267328.extended_annotation.gtf	1353630055	True	data/isoquant/GSE307660/SRR35267328/SRR35267328/SRR35267328.discovered_transcript_counts.tsv	1022218	True	results/paper1/f2_grammar/agg_diu/SRR35267328.diu.parquet	36240	False		0	False		0	False		0	isoquant_core_complete
scTHREAD_NAR_release_20260803	SRR35267329	GSE307660	human	ONT	4255	True	62291	data/isoquant/GSE307660/SRR35267329	data/isoquant/GSE307660/SRR35267329	True	data/isoquant/GSE307660/SRR35267329/SRR35267329	SRR35267329	True	data/isoquant/GSE307660/SRR35267329/SRR35267329/SRR35267329.gene_counts.tsv	845121	True	data/isoquant/GSE307660/SRR35267329/SRR35267329/SRR35267329.transcript_counts.tsv	4789470	True	data/isoquant/GSE307660/SRR35267329/SRR35267329/SRR35267329.read_assignments.tsv.gz	1556528702	True	data/isoquant/GSE307660/SRR35267329/SRR35267329/SRR35267329.transcript_models.gtf	304993690	True	data/isoquant/GSE307660/SRR35267329/SRR35267329/SRR35267329.extended_annotation.gtf	1379029626	True	data/isoquant/GSE307660/SRR35267329/SRR35267329/SRR35267329.discovered_transcript_counts.tsv	2557225	True	results/paper1/f2_grammar/agg_diu/SRR35267329.diu.parquet	616776	True	results/paper1/f2_grammar/agg_apa/SRR35267329.apa.parquet	5821993	True	results/paper1/f2_grammar/agg_jct/SRR35267329.jct_ct.parquet	28107758	True	results/paper1/f2_grammar/agg_ase_ct/SRR35267329.ase_ct.parquet	78873	isoquant_core_complete
scTHREAD_NAR_release_20260803	SRR35267330	GSE307660	human	ONT	2280	True	50271	data/isoquant/GSE307660/SRR35267330	data/isoquant/GSE307660/SRR35267330	True	data/isoquant/GSE307660/SRR35267330/SRR35267330	SRR35267330	True	data/isoquant/GSE307660/SRR35267330/SRR35267330/SRR35267330.gene_counts.tsv	838408	True	data/isoquant/GSE307660/SRR35267330/SRR35267330/SRR35267330.transcript_counts.tsv	4775414	True	data/isoquant/GSE307660/SRR35267330/SRR35267330/SRR35267330.read_assignments.tsv.gz	862935453	True	data/isoquant/GSE307660/SRR35267330/SRR35267330/SRR35267330.transcript_models.gtf	261705126	True	data/isoquant/GSE307660/SRR35267330/SRR35267330/SRR35267330.extended_annotation.gtf	1381160000	True	data/isoquant/GSE307660/SRR35267330/SRR35267330/SRR35267330.discovered_transcript_counts.tsv	2438414	True	results/paper1/f2_grammar/agg_diu/SRR35267330.diu.parquet	742355	False		0	False		0	True	results/paper1/f2_grammar/agg_ase_ct/SRR35267330.ase_ct.parquet	173816	isoquant_core_complete
scTHREAD_NAR_release_20260803	SRR35267331	GSE307660	human	ONT	2906	True	58368	data/isoquant/GSE307660/SRR35267331	data/isoquant/GSE307660/SRR35267331	True	data/isoquant/GSE307660/SRR35267331/SRR35267331	SRR35267331	True	data/isoquant/GSE307660/SRR35267331/SRR35267331/SRR35267331.gene_counts.tsv	846116	True	data/isoquant/GSE307660/SRR35267331/SRR35267331/SRR35267331.transcript_counts.tsv	4789152	True	data/isoquant/GSE307660/SRR35267331/SRR35267331/SRR35267331.read_assignments.tsv.gz	1415784750	True	data/isoquant/GSE307660/SRR35267331/SRR35267331/SRR35267331.transcript_models.gtf	329946560	True	data/isoquant/GSE307660/SRR35267331/SRR35267331/SRR35267331.extended_annotation.gtf	1400915673	True	data/isoquant/GSE307660/SRR35267331/SRR35267331/SRR35267331.discovered_transcript_counts.tsv	3376932	True	results/paper1/f2_grammar/agg_diu/SRR35267331.diu.parquet	905196	True	results/paper1/f2_grammar/agg_apa/SRR35267331.apa.parquet	7254373	True	results/paper1/f2_grammar/agg_jct/SRR35267331.jct_ct.parquet	34172835	True	results/paper1/f2_grammar/agg_ase_ct/SRR35267331.ase_ct.parquet	46300	isoquant_core_complete
scTHREAD_NAR_release_20260803	SRR35267332	GSE307660	human	ONT	3211	True	58898	data/isoquant/GSE307660/SRR35267332	data/isoquant/GSE307660/SRR35267332	True	data/isoquant/GSE307660/SRR35267332/SRR35267332	SRR35267332	True	data/isoquant/GSE307660/SRR35267332/SRR35267332/SRR35267332.gene_counts.tsv	842360	True	data/isoquant/GSE307660/SRR35267332/SRR35267332/SRR35267332.transcript_counts.tsv	4778372	True	data/isoquant/GSE307660/SRR35267332/SRR35267332/SRR35267332.read_assignments.tsv.gz	1280569095	True	data/isoquant/GSE307660/SRR35267332/SRR35267332/SRR35267332.transcript_models.gtf	285503386	True	data/isoquant/GSE307660/SRR35267332/SRR35267332/SRR35267332.extended_annotation.gtf	1369128927	True	data/isoquant/GSE307660/SRR35267332/SRR35267332/SRR35267332.discovered_transcript_counts.tsv	1997116	True	results/paper1/f2_grammar/agg_diu/SRR35267332.diu.parquet	873494	False		0	False		0	False		0	isoquant_core_complete
scTHREAD_NAR_release_20260803	SRR35267333	GSE307660	human	ONT	3932	True	56495	data/isoquant/GSE307660/SRR35267333	data/isoquant/GSE307660/SRR35267333	True	data/isoquant/GSE307660/SRR35267333/SRR35267333	SRR35267333	True	data/isoquant/GSE307660/SRR35267333/SRR35267333/SRR35267333.gene_counts.tsv	1687158	True	data/isoquant/GSE307660/SRR35267333/SRR35267333/SRR35267333.transcript_counts.tsv	9569044	True	data/isoquant/GSE307660/SRR35267333/SRR35267333/SRR35267333.read_assignments.tsv.gz	1213532648	True	data/isoquant/GSE307660/SRR35267333/SRR35267333/SRR35267333.transcript_models.gtf	285660148	True	data/isoquant/GSE307660/SRR35267333/SRR35267333/SRR35267333.extended_annotation.gtf	1391903110	True	data/isoquant/GSE307660/SRR35267333/SRR35267333/SRR35267333.discovered_transcript_counts.tsv	3055422	True	results/paper1/f2_grammar/agg_diu/SRR35267333.diu.parquet	670163	True	results/paper1/f2_grammar/agg_apa/SRR35267333.apa.parquet	6497295	True	results/paper1/f2_grammar/agg_jct/SRR35267333.jct_ct.parquet	26431133	True	results/paper1/f2_grammar/agg_ase_ct/SRR35267333.ase_ct.parquet	300514	isoquant_core_complete
scTHREAD_NAR_release_20260803	SRR35267334	GSE307660	human	ONT	4885	True	57537	data/isoquant/GSE307660/SRR35267334	data/isoquant/GSE307660/SRR35267334	True	data/isoquant/GSE307660/SRR35267334/SRR35267334	SRR35267334	True	data/isoquant/GSE307660/SRR35267334/SRR35267334/SRR35267334.gene_counts.tsv	843821	True	data/isoquant/GSE307660/SRR35267334/SRR35267334/SRR35267334.transcript_counts.tsv	4779987	True	data/isoquant/GSE307660/SRR35267334/SRR35267334/SRR35267334.read_assignments.tsv.gz	1250937702	True	data/isoquant/GSE307660/SRR35267334/SRR35267334/SRR35267334.transcript_models.gtf	256051587	True	data/isoquant/GSE307660/SRR35267334/SRR35267334/SRR35267334.extended_annotation.gtf	1364162303	True	data/isoquant/GSE307660/SRR35267334/SRR35267334/SRR35267334.discovered_transcript_counts.tsv	1867732	True	results/paper1/f2_grammar/agg_diu/SRR35267334.diu.parquet	1012577	True	results/paper1/f2_grammar/agg_apa/SRR35267334.apa.parquet	6396222	True	results/paper1/f2_grammar/agg_jct/SRR35267334.jct_ct.parquet	20970549	True	results/paper1/f2_grammar/agg_ase_ct/SRR35267334.ase_ct.parquet	574934	isoquant_core_complete
scTHREAD_NAR_release_20260803	SRR35267335	GSE307660	human	ONT	2890	True	38944	data/isoquant/GSE307660/SRR35267335	data/isoquant/GSE307660/SRR35267335	True	data/isoquant/GSE307660/SRR35267335/SRR35267335	SRR35267335	True	data/isoquant/GSE307660/SRR35267335/SRR35267335/SRR35267335.gene_counts.tsv	1676566	True	data/isoquant/GSE307660/SRR35267335/SRR35267335/SRR35267335.transcript_counts.tsv	9540338	True	data/isoquant/GSE307660/SRR35267335/SRR35267335/SRR35267335.read_assignments.tsv.gz	1050155658	True	data/isoquant/GSE307660/SRR35267335/SRR35267335/SRR35267335.transcript_models.gtf	209224868	True	data/isoquant/GSE307660/SRR35267335/SRR35267335/SRR35267335.extended_annotation.gtf	1364461962	True	data/isoquant/GSE307660/SRR35267335/SRR35267335/SRR35267335.discovered_transcript_counts.tsv	1636343	True	results/paper1/f2_grammar/agg_diu/SRR35267335.diu.parquet	858052	True	results/paper1/f2_grammar/agg_apa/SRR35267335.apa.parquet	4105991	True	results/paper1/f2_grammar/agg_jct/SRR35267335.jct_ct.parquet	13957057	True	results/paper1/f2_grammar/agg_ase_ct/SRR35267335.ase_ct.parquet	447579	isoquant_core_complete
scTHREAD_NAR_release_20260803	SRR35267336	GSE307660	human	ONT	1232	True	36397	data/isoquant/GSE307660/SRR35267336	data/isoquant/GSE307660/SRR35267336	True	data/isoquant/GSE307660/SRR35267336/SRR35267336	SRR35267336	True	data/isoquant/GSE307660/SRR35267336/SRR35267336/SRR35267336.gene_counts.tsv	838706	True	data/isoquant/GSE307660/SRR35267336/SRR35267336/SRR35267336.transcript_counts.tsv	4770627	True	data/isoquant/GSE307660/SRR35267336/SRR35267336/SRR35267336.read_assignments.tsv.gz	873440559	True	data/isoquant/GSE307660/SRR35267336/SRR35267336/SRR35267336.transcript_models.gtf	228884856	True	data/isoquant/GSE307660/SRR35267336/SRR35267336/SRR35267336.extended_annotation.gtf	1378600935	True	data/isoquant/GSE307660/SRR35267336/SRR35267336/SRR35267336.discovered_transcript_counts.tsv	2139198	True	results/paper1/f2_grammar/agg_diu/SRR35267336.diu.parquet	601345	True	results/paper1/f2_grammar/agg_apa/SRR35267336.apa.parquet	4073383	True	results/paper1/f2_grammar/agg_jct/SRR35267336.jct_ct.parquet	15395217	True	results/paper1/f2_grammar/agg_ase_ct/SRR35267336.ase_ct.parquet	514017	isoquant_core_complete
scTHREAD_NAR_release_20260803	SRR35267337	GSE307660	human	ONT	1005	True	35659	data/isoquant/GSE307660/SRR35267337	data/isoquant/GSE307660/SRR35267337	True	data/isoquant/GSE307660/SRR35267337/SRR35267337	SRR35267337	True	data/isoquant/GSE307660/SRR35267337/SRR35267337/SRR35267337.gene_counts.tsv	837103	True	data/isoquant/GSE307660/SRR35267337/SRR35267337/SRR35267337.transcript_counts.tsv	4767980	True	data/isoquant/GSE307660/SRR35267337/SRR35267337/SRR35267337.read_assignments.tsv.gz	646346537	True	data/isoquant/GSE307660/SRR35267337/SRR35267337/SRR35267337.transcript_models.gtf	219473914	True	data/isoquant/GSE307660/SRR35267337/SRR35267337/SRR35267337.extended_annotation.gtf	1379828006	True	data/isoquant/GSE307660/SRR35267337/SRR35267337/SRR35267337.discovered_transcript_counts.tsv	2160084	True	results/paper1/f2_grammar/agg_diu/SRR35267337.diu.parquet	593881	True	results/paper1/f2_grammar/agg_apa/SRR35267337.apa.parquet	4042309	True	results/paper1/f2_grammar/agg_jct/SRR35267337.jct_ct.parquet	15099664	True	results/paper1/f2_grammar/agg_ase_ct/SRR35267337.ase_ct.parquet	468829	isoquant_core_complete
scTHREAD_NAR_release_20260803	SRR35267338	GSE307660	human	ONT	5339	True	53089	data/isoquant/GSE307660/SRR35267338	data/isoquant/GSE307660/SRR35267338	True	data/isoquant/GSE307660/SRR35267338/SRR35267338	SRR35267338	True	data/isoquant/GSE307660/SRR35267338/SRR35267338/SRR35267338.gene_counts.tsv	843668	True	data/isoquant/GSE307660/SRR35267338/SRR35267338/SRR35267338.transcript_counts.tsv	4785497	True	data/isoquant/GSE307660/SRR35267338/SRR35267338/SRR35267338.read_assignments.tsv.gz	1462514631	True	data/isoquant/GSE307660/SRR35267338/SRR35267338/SRR35267338.transcript_models.gtf	294619492	True	data/isoquant/GSE307660/SRR35267338/SRR35267338/SRR35267338.extended_annotation.gtf	1401788413	True	data/isoquant/GSE307660/SRR35267338/SRR35267338/SRR35267338.discovered_transcript_counts.tsv	3383246	True	results/paper1/f2_grammar/agg_diu/SRR35267338.diu.parquet	947715	True	results/paper1/f2_grammar/agg_apa/SRR35267338.apa.parquet	6846312	True	results/paper1/f2_grammar/agg_jct/SRR35267338.jct_ct.parquet	30110088	True	results/paper1/f2_grammar/agg_ase_ct/SRR35267338.ase_ct.parquet	567294	isoquant_core_complete
scTHREAD_NAR_release_20260803	SRR35267339	GSE307660	human	ONT	8842	True	47009	data/isoquant/GSE307660/SRR35267339	data/isoquant/GSE307660/SRR35267339	True	data/isoquant/GSE307660/SRR35267339/SRR35267339	SRR35267339	True	data/isoquant/GSE307660/SRR35267339/SRR35267339/SRR35267339.gene_counts.tsv	836205	True	data/isoquant/GSE307660/SRR35267339/SRR35267339/SRR35267339.transcript_counts.tsv	4765817	True	data/isoquant/GSE307660/SRR35267339/SRR35267339/SRR35267339.read_assignments.tsv.gz	540796592	True	data/isoquant/GSE307660/SRR35267339/SRR35267339/SRR35267339.transcript_models.gtf	220735556	True	data/isoquant/GSE307660/SRR35267339/SRR35267339/SRR35267339.extended_annotation.gtf	1360716908	True	data/isoquant/GSE307660/SRR35267339/SRR35267339/SRR35267339.discovered_transcript_counts.tsv	1571965	True	results/paper1/f2_grammar/agg_diu/SRR35267339.diu.parquet	613418	True	results/paper1/f2_grammar/agg_apa/SRR35267339.apa.parquet	4916789	True	results/paper1/f2_grammar/agg_jct/SRR35267339.jct_ct.parquet	18624782	True	results/paper1/f2_grammar/agg_ase_ct/SRR35267339.ase_ct.parquet	466793	isoquant_core_complete
scTHREAD_NAR_release_20260803	SRR35267340	GSE307660	human	ONT	3075	True	45680	data/isoquant/GSE307660/SRR35267340	data/isoquant/GSE307660/SRR35267340	True	data/isoquant/GSE307660/SRR35267340/SRR35267340	SRR35267340	True	data/isoquant/GSE307660/SRR35267340/SRR35267340/SRR35267340.gene_counts.tsv	838656	True	data/isoquant/GSE307660/SRR35267340/SRR35267340/SRR35267340.transcript_counts.tsv	4774981	True	data/isoquant/GSE307660/SRR35267340/SRR35267340/SRR35267340.read_assignments.tsv.gz	912879641	True	data/isoquant/GSE307660/SRR35267340/SRR35267340/SRR35267340.transcript_models.gtf	257841569	True	data/isoquant/GSE307660/SRR35267340/SRR35267340/SRR35267340.extended_annotation.gtf	1390934314	True	data/isoquant/GSE307660/SRR35267340/SRR35267340/SRR35267340.discovered_transcript_counts.tsv	2840731	True	results/paper1/f2_grammar/agg_diu/SRR35267340.diu.parquet	721576	True	results/paper1/f2_grammar/agg_apa/SRR35267340.apa.parquet	5304196	True	results/paper1/f2_grammar/agg_jct/SRR35267340.jct_ct.parquet	23130178	True	results/paper1/f2_grammar/agg_ase_ct/SRR35267340.ase_ct.parquet	475531	isoquant_core_complete
scTHREAD_NAR_release_20260803	SRR35267341	GSE307660	human	ONT	3540	True	48544	data/isoquant/GSE307660/SRR35267341	data/isoquant/GSE307660/SRR35267341	True	data/isoquant/GSE307660/SRR35267341/SRR35267341	SRR35267341	True	data/isoquant/GSE307660/SRR35267341/SRR35267341/SRR35267341.gene_counts.tsv	839398	True	data/isoquant/GSE307660/SRR35267341/SRR35267341/SRR35267341.transcript_counts.tsv	4776781	True	data/isoquant/GSE307660/SRR35267341/SRR35267341/SRR35267341.read_assignments.tsv.gz	1025293537	True	data/isoquant/GSE307660/SRR35267341/SRR35267341/SRR35267341.transcript_models.gtf	258629436	True	data/isoquant/GSE307660/SRR35267341/SRR35267341/SRR35267341.extended_annotation.gtf	1388325347	True	data/isoquant/GSE307660/SRR35267341/SRR35267341/SRR35267341.discovered_transcript_counts.tsv	2779605	True	results/paper1/f2_grammar/agg_diu/SRR35267341.diu.parquet	713423	True	results/paper1/f2_grammar/agg_apa/SRR35267341.apa.parquet	5666701	True	results/paper1/f2_grammar/agg_jct/SRR35267341.jct_ct.parquet	25528453	True	results/paper1/f2_grammar/agg_ase_ct/SRR35267341.ase_ct.parquet	168775	isoquant_core_complete
scTHREAD_NAR_release_20260803	SRR35267342	GSE307660	human	ONT	2481	True	50409	data/isoquant/GSE307660/SRR35267342	data/isoquant/GSE307660/SRR35267342	True	data/isoquant/GSE307660/SRR35267342/SRR35267342	SRR35267342	True	data/isoquant/GSE307660/SRR35267342/SRR35267342/SRR35267342.gene_counts.tsv	842027	True	data/isoquant/GSE307660/SRR35267342/SRR35267342/SRR35267342.transcript_counts.tsv	4781163	True	data/isoquant/GSE307660/SRR35267342/SRR35267342/SRR35267342.read_assignments.tsv.gz	970892826	True	data/isoquant/GSE307660/SRR35267342/SRR35267342/SRR35267342.transcript_models.gtf	291937644	True	data/isoquant/GSE307660/SRR35267342/SRR35267342/SRR35267342.extended_annotation.gtf	1395011472	True	data/isoquant/GSE307660/SRR35267342/SRR35267342/SRR35267342.discovered_transcript_counts.tsv	3024174	True	results/paper1/f2_grammar/agg_diu/SRR35267342.diu.parquet	709443	True	results/paper1/f2_grammar/agg_apa/SRR35267342.apa.parquet	5852109	True	results/paper1/f2_grammar/agg_jct/SRR35267342.jct_ct.parquet	25824241	True	results/paper1/f2_grammar/agg_ase_ct/SRR35267342.ase_ct.parquet	179864	isoquant_core_complete
scTHREAD_NAR_release_20260803	SRR35267343	GSE307660	human	ONT	2287	True	51349	data/isoquant/GSE307660/SRR35267343	data/isoquant/GSE307660/SRR35267343	True	data/isoquant/GSE307660/SRR35267343/SRR35267343	SRR35267343	True	data/isoquant/GSE307660/SRR35267343/SRR35267343/SRR35267343.gene_counts.tsv	843492	True	data/isoquant/GSE307660/SRR35267343/SRR35267343/SRR35267343.transcript_counts.tsv	4782850	True	data/isoquant/GSE307660/SRR35267343/SRR35267343/SRR35267343.read_assignments.tsv.gz	1094235795	True	data/isoquant/GSE307660/SRR35267343/SRR35267343/SRR35267343.transcript_models.gtf	296538254	True	data/isoquant/GSE307660/SRR35267343/SRR35267343/SRR35267343.extended_annotation.gtf	1396532527	True	data/isoquant/GSE307660/SRR35267343/SRR35267343/SRR35267343.discovered_transcript_counts.tsv	3153500	True	results/paper1/f2_grammar/agg_diu/SRR35267343.diu.parquet	754581	True	results/paper1/f2_grammar/agg_apa/SRR35267343.apa.parquet	5837765	True	results/paper1/f2_grammar/agg_jct/SRR35267343.jct_ct.parquet	25038811	True	results/paper1/f2_grammar/agg_ase_ct/SRR35267343.ase_ct.parquet	614020	isoquant_core_complete
scTHREAD_NAR_release_20260803	SRR35267344	GSE307660	human	ONT	4020	True	51869	data/isoquant/GSE307660/SRR35267344	data/isoquant/GSE307660/SRR35267344	True	data/isoquant/GSE307660/SRR35267344/SRR35267344	SRR35267344	True	data/isoquant/GSE307660/SRR35267344/SRR35267344/SRR35267344.gene_counts.tsv	840568	True	data/isoquant/GSE307660/SRR35267344/SRR35267344/SRR35267344.transcript_counts.tsv	4778449	True	data/isoquant/GSE307660/SRR35267344/SRR35267344/SRR35267344.read_assignments.tsv.gz	855737989	True	data/isoquant/GSE307660/SRR35267344/SRR35267344/SRR35267344.transcript_models.gtf	282558982	True	data/isoquant/GSE307660/SRR35267344/SRR35267344/SRR35267344.extended_annotation.gtf	1386056237	True	data/isoquant/GSE307660/SRR35267344/SRR35267344/SRR35267344.discovered_transcript_counts.tsv	2646630	True	results/paper1/f2_grammar/agg_diu/SRR35267344.diu.parquet	656469	True	results/paper1/f2_grammar/agg_apa/SRR35267344.apa.parquet	5718730	True	results/paper1/f2_grammar/agg_jct/SRR35267344.jct_ct.parquet	24606194	True	results/paper1/f2_grammar/agg_ase_ct/SRR35267344.ase_ct.parquet	332118	isoquant_core_complete
scTHREAD_NAR_release_20260803	SRR35267345	GSE307660	human	ONT	2137	True	48968	data/isoquant/GSE307660/SRR35267345	data/isoquant/GSE307660/SRR35267345	True	data/isoquant/GSE307660/SRR35267345/SRR35267345	SRR35267345	True	data/isoquant/GSE307660/SRR35267345/SRR35267345/SRR35267345.gene_counts.tsv	842122	True	data/isoquant/GSE307660/SRR35267345/SRR35267345/SRR35267345.transcript_counts.tsv	4782151	True	data/isoquant/GSE307660/SRR35267345/SRR35267345/SRR35267345.read_assignments.tsv.gz	1120844974	True	data/isoquant/GSE307660/SRR35267345/SRR35267345/SRR35267345.transcript_models.gtf	286324712	True	data/isoquant/GSE307660/SRR35267345/SRR35267345/SRR35267345.extended_annotation.gtf	1393038552	True	data/isoquant/GSE307660/SRR35267345/SRR35267345/SRR35267345.discovered_transcript_counts.tsv	2918213	True	results/paper1/f2_grammar/agg_diu/SRR35267345.diu.parquet	570613	True	results/paper1/f2_grammar/agg_apa/SRR35267345.apa.parquet	4917326	True	results/paper1/f2_grammar/agg_jct/SRR35267345.jct_ct.parquet	21967787	True	results/paper1/f2_grammar/agg_ase_ct/SRR35267345.ase_ct.parquet	163181	isoquant_core_complete
scTHREAD_NAR_release_20260803	SRR35586147	GSE309071	mouse	ONT	1	False		data/isoquant_smartseq2/GSE309071	data/isoquant_smartseq2/GSE309071	True	data/isoquant_smartseq2/GSE309071		False		0	False		0	False		0	False		0	False		0	False		0	False		0	False		0	False		0	False		0	membership_only
scTHREAD_NAR_release_20260803	SRR35586148	GSE309071	mouse	ONT	1	False		data/isoquant_smartseq2/GSE309071	data/isoquant_smartseq2/GSE309071	True	data/isoquant_smartseq2/GSE309071		False		0	False		0	False		0	False		0	False		0	False		0	False		0	False		0	False		0	False		0	membership_only
scTHREAD_NAR_release_20260803	SRR35586149	GSE309071	mouse	ONT	1	False		data/isoquant_smartseq2/GSE309071	data/isoquant_smartseq2/GSE309071	True	data/isoquant_smartseq2/GSE309071		False		0	False		0	False		0	False		0	False		0	False		0	False		0	False		0	False		0	False		0	membership_only
scTHREAD_NAR_release_20260803	SRR35586150	GSE309071	mouse	ONT	1	False		data/isoquant_smartseq2/GSE309071	data/isoquant_smartseq2/GSE309071	True	data/isoquant_smartseq2/GSE309071		False		0	False		0	False		0	False		0	False		0	False		0	False		0	False		0	False		0	False		0	membership_only
scTHREAD_NAR_release_20260803	SRR35586151	GSE309071	mouse	ONT	1	False		data/isoquant_smartseq2/GSE309071	data/isoquant_smartseq2/GSE309071	True	data/isoquant_smartseq2/GSE309071		False		0	False		0	False		0	False		0	False		0	False		0	False		0	False		0	False		0	False		0	membership_only
scTHREAD_NAR_release_20260803	SRR35586152	GSE309071	mouse	ONT	1	False		data/isoquant_smartseq2/GSE309071	data/isoquant_smartseq2/GSE309071	True	data/isoquant_smartseq2/GSE309071		False		0	False		0	False		0	False		0	False		0	False		0	False		0	False		0	False		0	False		0	membership_only
scTHREAD_NAR_release_20260803	SRR35586153	GSE309071	mouse	ONT	1	False		data/isoquant_smartseq2/GSE309071	data/isoquant_smartseq2/GSE309071	True	data/isoquant_smartseq2/GSE309071		False		0	False		0	False		0	False		0	False		0	False		0	False		0	False		0	False		0	False		0	membership_only
scTHREAD_NAR_release_20260803	SRR35586154	GSE309071	mouse	ONT	1	False		data/isoquant_smartseq2/GSE309071	data/isoquant_smartseq2/GSE309071	True	data/isoquant_smartseq2/GSE309071		False		0	False		0	False		0	False		0	False		0	False		0	False		0	False		0	False		0	False		0	membership_only
scTHREAD_NAR_release_20260803	SRR35586155	GSE309071	mouse	ONT	1	False		data/isoquant_smartseq2/GSE309071	data/isoquant_smartseq2/GSE309071	True	data/isoquant_smartseq2/GSE309071		False		0	False		0	False		0	False		0	False		0	False		0	False		0	False		0	False		0	False		0	membership_only
scTHREAD_NAR_release_20260803	SRR35586156	GSE309071	mouse	ONT	1	False		data/isoquant_smartseq2/GSE309071	data/isoquant_smartseq2/GSE309071	True	data/isoquant_smartseq2/GSE309071		False		0	False		0	False		0	False		0	False		0	False		0	False		0	False		0	False		0	False		0	membership_only
scTHREAD_NAR_release_20260803	SRR35586157	GSE309071	mouse	ONT	1	False		data/isoquant_smartseq2/GSE309071	data/isoquant_smartseq2/GSE309071	True	data/isoquant_smartseq2/GSE309071		False		0	False		0	False		0	False		0	False		0	False		0	False		0	False		0	False		0	False		0	membership_only
scTHREAD_NAR_release_20260803	SRR35586158	GSE309071	mouse	ONT	1	False		data/isoquant_smartseq2/GSE309071	data/isoquant_smartseq2/GSE309071	True	data/isoquant_smartseq2/GSE309071		False		0	False		0	False		0	False		0	False		0	False		0	False		0	False		0	False		0	False		0	membership_only
scTHREAD_NAR_release_20260803	SRR35586159	GSE309071	mouse	ONT	1	False		data/isoquant_smartseq2/GSE309071	data/isoquant_smartseq2/GSE309071	True	data/isoquant_smartseq2/GSE309071		False		0	False		0	False		0	False		0	False		0	False		0	False		0	False		0	False		0	False		0	membership_only
scTHREAD_NAR_release_20260803	SRR35586160	GSE309071	mouse	ONT	1	False		data/isoquant_smartseq2/GSE309071	data/isoquant_smartseq2/GSE309071	True	data/isoquant_smartseq2/GSE309071		False		0	False		0	False		0	False		0	False		0	False		0	False		0	False		0	False		0	False		0	membership_only
scTHREAD_NAR_release_20260803	SRR35586161	GSE309071	mouse	ONT	1	False		data/isoquant_smartseq2/GSE309071	data/isoquant_smartseq2/GSE309071	True	data/isoquant_smartseq2/GSE309071		False		0	False		0	False		0	False		0	False		0	False		0	False		0	False		0	False		0	False		0	membership_only
scTHREAD_NAR_release_20260803	SRR35586162	GSE309071	mouse	ONT	1	False		data/isoquant_smartseq2/GSE309071	data/isoquant_smartseq2/GSE309071	True	data/isoquant_smartseq2/GSE309071		False		0	False		0	False		0	False		0	False		0	False		0	False		0	False		0	False		0	False		0	membership_only
scTHREAD_NAR_release_20260803	SRR35586163	GSE309071	mouse	ONT	1	False		data/isoquant_smartseq2/GSE309071	data/isoquant_smartseq2/GSE309071	True	data/isoquant_smartseq2/GSE309071		False		0	False		0	False		0	False		0	False		0	False		0	False		0	False		0	False		0	False		0	membership_only
scTHREAD_NAR_release_20260803	SRR35586164	GSE309071	mouse	ONT	1	False		data/isoquant_smartseq2/GSE309071	data/isoquant_smartseq2/GSE309071	True	data/isoquant_smartseq2/GSE309071		False		0	False		0	False		0	False		0	False		0	False		0	False		0	False		0	False		0	False		0	membership_only
scTHREAD_NAR_release_20260803	SRR35586165	GSE309071	mouse	ONT	1	False		data/isoquant_smartseq2/GSE309071	data/isoquant_smartseq2/GSE309071	True	data/isoquant_smartseq2/GSE309071		False		0	False		0	False		0	False		0	False		0	False		0	False		0	False		0	False		0	False		0	membership_only
scTHREAD_NAR_release_20260803	SRR35586166	GSE309071	mouse	ONT	1	False		data/isoquant_smartseq2/GSE309071	data/isoquant_smartseq2/GSE309071	True	data/isoquant_smartseq2/GSE309071		False		0	False		0	False		0	False		0	False		0	False		0	False		0	False		0	False		0	False		0	membership_only
scTHREAD_NAR_release_20260803	SRR35586167	GSE309071	mouse	ONT	1	False		data/isoquant_smartseq2/GSE309071	data/isoquant_smartseq2/GSE309071	True	data/isoquant_smartseq2/GSE309071		False		0	False		0	False		0	False		0	False		0	False		0	False		0	False		0	False		0	False		0	membership_only
scTHREAD_NAR_release_20260803	SRR35586168	GSE309071	mouse	ONT	1	False		data/isoquant_smartseq2/GSE309071	data/isoquant_smartseq2/GSE309071	True	data/isoquant_smartseq2/GSE309071		False		0	False		0	False		0	False		0	False		0	False		0	False		0	False		0	False		0	False		0	membership_only
scTHREAD_NAR_release_20260803	SRR35586169	GSE309071	mouse	ONT	1	False		data/isoquant_smartseq2/GSE309071	data/isoquant_smartseq2/GSE309071	True	data/isoquant_smartseq2/GSE309071		False		0	False		0	False		0	False		0	False		0	False		0	False		0	False		0	False		0	False		0	membership_only
scTHREAD_NAR_release_20260803	SRR35586170	GSE309071	mouse	ONT	1	False		data/isoquant_smartseq2/GSE309071	data/isoquant_smartseq2/GSE309071	True	data/isoquant_smartseq2/GSE309071		False		0	False		0	False		0	False		0	False		0	False		0	False		0	False		0	False		0	False		0	membership_only
scTHREAD_NAR_release_20260803	SRR35586171	GSE309071	mouse	ONT	1	False		data/isoquant_smartseq2/GSE309071	data/isoquant_smartseq2/GSE309071	True	data/isoquant_smartseq2/GSE309071		False		0	False		0	False		0	False		0	False		0	False		0	False		0	False		0	False		0	False		0	membership_only
scTHREAD_NAR_release_20260803	SRR35586172	GSE309071	mouse	ONT	1	False		data/isoquant_smartseq2/GSE309071	data/isoquant_smartseq2/GSE309071	True	data/isoquant_smartseq2/GSE309071		False		0	False		0	False		0	False		0	False		0	False		0	False		0	False		0	False		0	False		0	membership_only
scTHREAD_NAR_release_20260803	SRR35586173	GSE309071	mouse	ONT	1	False		data/isoquant_smartseq2/GSE309071	data/isoquant_smartseq2/GSE309071	True	data/isoquant_smartseq2/GSE309071		False		0	False		0	False		0	False		0	False		0	False		0	False		0	False		0	False		0	False		0	membership_only
scTHREAD_NAR_release_20260803	SRR35586174	GSE309071	mouse	ONT	1	False		data/isoquant_smartseq2/GSE309071	data/isoquant_smartseq2/GSE309071	True	data/isoquant_smartseq2/GSE309071		False		0	False		0	False		0	False		0	False		0	False		0	False		0	False		0	False		0	False		0	membership_only
scTHREAD_NAR_release_20260803	SRR35586175	GSE309071	mouse	ONT	1	False		data/isoquant_smartseq2/GSE309071	data/isoquant_smartseq2/GSE309071	True	data/isoquant_smartseq2/GSE309071		False		0	False		0	False		0	False		0	False		0	False		0	False		0	False		0	False		0	False		0	membership_only
scTHREAD_NAR_release_20260803	SRR35586176	GSE309071	mouse	ONT	1	False		data/isoquant_smartseq2/GSE309071	data/isoquant_smartseq2/GSE309071	True	data/isoquant_smartseq2/GSE309071		False		0	False		0	False		0	False		0	False		0	False		0	False		0	False		0	False		0	False		0	membership_only
scTHREAD_NAR_release_20260803	SRR35586177	GSE309071	mouse	ONT	1	False		data/isoquant_smartseq2/GSE309071	data/isoquant_smartseq2/GSE309071	True	data/isoquant_smartseq2/GSE309071		False		0	False		0	False		0	False		0	False		0	False		0	False		0	False		0	False		0	False		0	membership_only
scTHREAD_NAR_release_20260803	SRR35586178	GSE309071	mouse	ONT	1	False		data/isoquant_smartseq2/GSE309071	data/isoquant_smartseq2/GSE309071	True	data/isoquant_smartseq2/GSE309071		False		0	False		0	False		0	False		0	False		0	False		0	False		0	False		0	False		0	False		0	membership_only
scTHREAD_NAR_release_20260803	SRR35586179	GSE309071	mouse	ONT	1	False		data/isoquant_smartseq2/GSE309071	data/isoquant_smartseq2/GSE309071	True	data/isoquant_smartseq2/GSE309071		False		0	False		0	False		0	False		0	False		0	False		0	False		0	False		0	False		0	False		0	membership_only
scTHREAD_NAR_release_20260803	SRR35586180	GSE309071	mouse	ONT	1	False		data/isoquant_smartseq2/GSE309071	data/isoquant_smartseq2/GSE309071	True	data/isoquant_smartseq2/GSE309071		False		0	False		0	False		0	False		0	False		0	False		0	False		0	False		0	False		0	False		0	membership_only
scTHREAD_NAR_release_20260803	SRR35586181	GSE309071	mouse	ONT	1	False		data/isoquant_smartseq2/GSE309071	data/isoquant_smartseq2/GSE309071	True	data/isoquant_smartseq2/GSE309071		False		0	False		0	False		0	False		0	False		0	False		0	False		0	False		0	False		0	False		0	membership_only
scTHREAD_NAR_release_20260803	SRR35586182	GSE309071	mouse	ONT	1	False		data/isoquant_smartseq2/GSE309071	data/isoquant_smartseq2/GSE309071	True	data/isoquant_smartseq2/GSE309071		False		0	False		0	False		0	False		0	False		0	False		0	False		0	False		0	False		0	False		0	membership_only
scTHREAD_NAR_release_20260803	SRR35586183	GSE309071	mouse	ONT	1	False		data/isoquant_smartseq2/GSE309071	data/isoquant_smartseq2/GSE309071	True	data/isoquant_smartseq2/GSE309071		False		0	False		0	False		0	False		0	False		0	False		0	False		0	False		0	False		0	False		0	membership_only
scTHREAD_NAR_release_20260803	SRR35586184	GSE309071	mouse	ONT	1	False		data/isoquant_smartseq2/GSE309071	data/isoquant_smartseq2/GSE309071	True	data/isoquant_smartseq2/GSE309071		False		0	False		0	False		0	False		0	False		0	False		0	False		0	False		0	False		0	False		0	membership_only
scTHREAD_NAR_release_20260803	SRR35586185	GSE309071	mouse	ONT	1	False		data/isoquant_smartseq2/GSE309071	data/isoquant_smartseq2/GSE309071	True	data/isoquant_smartseq2/GSE309071		False		0	False		0	False		0	False		0	False		0	False		0	False		0	False		0	False		0	False		0	membership_only
scTHREAD_NAR_release_20260803	SRR35586186	GSE309071	mouse	ONT	1	False		data/isoquant_smartseq2/GSE309071	data/isoquant_smartseq2/GSE309071	True	data/isoquant_smartseq2/GSE309071		False		0	False		0	False		0	False		0	False		0	False		0	False		0	False		0	False		0	False		0	membership_only
scTHREAD_NAR_release_20260803	SRR35586187	GSE309071	mouse	ONT	1	False		data/isoquant_smartseq2/GSE309071	data/isoquant_smartseq2/GSE309071	True	data/isoquant_smartseq2/GSE309071		False		0	False		0	False		0	False		0	False		0	False		0	False		0	False		0	False		0	False		0	membership_only
scTHREAD_NAR_release_20260803	SRR35586188	GSE309071	mouse	ONT	1	False		data/isoquant_smartseq2/GSE309071	data/isoquant_smartseq2/GSE309071	True	data/isoquant_smartseq2/GSE309071		False		0	False		0	False		0	False		0	False		0	False		0	False		0	False		0	False		0	False		0	membership_only
scTHREAD_NAR_release_20260803	SRR35586189	GSE309071	mouse	ONT	1	False		data/isoquant_smartseq2/GSE309071	data/isoquant_smartseq2/GSE309071	True	data/isoquant_smartseq2/GSE309071		False		0	False		0	False		0	False		0	False		0	False		0	False		0	False		0	False		0	False		0	membership_only
scTHREAD_NAR_release_20260803	SRR35586190	GSE309071	mouse	ONT	1	False		data/isoquant_smartseq2/GSE309071	data/isoquant_smartseq2/GSE309071	True	data/isoquant_smartseq2/GSE309071		False		0	False		0	False		0	False		0	False		0	False		0	False		0	False		0	False		0	False		0	membership_only
scTHREAD_NAR_release_20260803	SRR35586191	GSE309071	mouse	ONT	1	False		data/isoquant_smartseq2/GSE309071	data/isoquant_smartseq2/GSE309071	True	data/isoquant_smartseq2/GSE309071		False		0	False		0	False		0	False		0	False		0	False		0	False		0	False		0	False		0	False		0	membership_only
scTHREAD_NAR_release_20260803	SRR35586192	GSE309071	mouse	ONT	1	False		data/isoquant_smartseq2/GSE309071	data/isoquant_smartseq2/GSE309071	True	data/isoquant_smartseq2/GSE309071		False		0	False		0	False		0	False		0	False		0	False		0	False		0	False		0	False		0	False		0	membership_only
scTHREAD_NAR_release_20260803	SRR35586193	GSE309071	mouse	ONT	1	False		data/isoquant_smartseq2/GSE309071	data/isoquant_smartseq2/GSE309071	True	data/isoquant_smartseq2/GSE309071		False		0	False		0	False		0	False		0	False		0	False		0	False		0	False		0	False		0	False		0	membership_only
scTHREAD_NAR_release_20260803	SRR35586194	GSE309071	mouse	ONT	1	False		data/isoquant_smartseq2/GSE309071	data/isoquant_smartseq2/GSE309071	True	data/isoquant_smartseq2/GSE309071		False		0	False		0	False		0	False		0	False		0	False		0	False		0	False		0	False		0	False		0	membership_only
scTHREAD_NAR_release_20260803	SRR35586195	GSE309071	mouse	ONT	1	False		data/isoquant_smartseq2/GSE309071	data/isoquant_smartseq2/GSE309071	True	data/isoquant_smartseq2/GSE309071		False		0	False		0	False		0	False		0	False		0	False		0	False		0	False		0	False		0	False		0	membership_only
scTHREAD_NAR_release_20260803	SRR35586197	GSE309071	mouse	ONT	1	False		data/isoquant_smartseq2/GSE309071	data/isoquant_smartseq2/GSE309071	True	data/isoquant_smartseq2/GSE309071		False		0	False		0	False		0	False		0	False		0	False		0	False		0	False		0	False		0	False		0	membership_only
scTHREAD_NAR_release_20260803	SRR35586198	GSE309071	mouse	ONT	1	False		data/isoquant_smartseq2/GSE309071	data/isoquant_smartseq2/GSE309071	True	data/isoquant_smartseq2/GSE309071		False		0	False		0	False		0	False		0	False		0	False		0	False		0	False		0	False		0	False		0	membership_only
scTHREAD_NAR_release_20260803	SRR35586199	GSE309071	mouse	ONT	1	False		data/isoquant_smartseq2/GSE309071	data/isoquant_smartseq2/GSE309071	True	data/isoquant_smartseq2/GSE309071		False		0	False		0	False		0	False		0	False		0	False		0	False		0	False		0	False		0	False		0	membership_only
scTHREAD_NAR_release_20260803	SRR35586200	GSE309071	mouse	ONT	1	False		data/isoquant_smartseq2/GSE309071	data/isoquant_smartseq2/GSE309071	True	data/isoquant_smartseq2/GSE309071		False		0	False		0	False		0	False		0	False		0	False		0	False		0	False		0	False		0	False		0	membership_only
scTHREAD_NAR_release_20260803	SRR35586201	GSE309071	mouse	ONT	1	False		data/isoquant_smartseq2/GSE309071	data/isoquant_smartseq2/GSE309071	True	data/isoquant_smartseq2/GSE309071		False		0	False		0	False		0	False		0	False		0	False		0	False		0	False		0	False		0	False		0	membership_only
scTHREAD_NAR_release_20260803	SRR35586202	GSE309071	mouse	ONT	1	False		data/isoquant_smartseq2/GSE309071	data/isoquant_smartseq2/GSE309071	True	data/isoquant_smartseq2/GSE309071		False		0	False		0	False		0	False		0	False		0	False		0	False		0	False		0	False		0	False		0	membership_only
scTHREAD_NAR_release_20260803	SRR35586203	GSE309071	mouse	ONT	1	False		data/isoquant_smartseq2/GSE309071	data/isoquant_smartseq2/GSE309071	True	data/isoquant_smartseq2/GSE309071		False		0	False		0	False		0	False		0	False		0	False		0	False		0	False		0	False		0	False		0	membership_only
scTHREAD_NAR_release_20260803	SRR35586204	GSE309071	mouse	ONT	1	False		data/isoquant_smartseq2/GSE309071	data/isoquant_smartseq2/GSE309071	True	data/isoquant_smartseq2/GSE309071		False		0	False		0	False		0	False		0	False		0	False		0	False		0	False		0	False		0	False		0	membership_only
scTHREAD_NAR_release_20260803	SRR35586205	GSE309071	mouse	ONT	1	False		data/isoquant_smartseq2/GSE309071	data/isoquant_smartseq2/GSE309071	True	data/isoquant_smartseq2/GSE309071		False		0	False		0	False		0	False		0	False		0	False		0	False		0	False		0	False		0	False		0	membership_only
scTHREAD_NAR_release_20260803	SRR35586206	GSE309071	mouse	ONT	1	False		data/isoquant_smartseq2/GSE309071	data/isoquant_smartseq2/GSE309071	True	data/isoquant_smartseq2/GSE309071		False		0	False		0	False		0	False		0	False		0	False		0	False		0	False		0	False		0	False		0	membership_only
scTHREAD_NAR_release_20260803	SRR35586207	GSE309071	mouse	ONT	1	False		data/isoquant_smartseq2/GSE309071	data/isoquant_smartseq2/GSE309071	True	data/isoquant_smartseq2/GSE309071		False		0	False		0	False		0	False		0	False		0	False		0	False		0	False		0	False		0	False		0	membership_only
scTHREAD_NAR_release_20260803	SRR35586208	GSE309071	mouse	ONT	1	False		data/isoquant_smartseq2/GSE309071	data/isoquant_smartseq2/GSE309071	True	data/isoquant_smartseq2/GSE309071		False		0	False		0	False		0	False		0	False		0	False		0	False		0	False		0	False		0	False		0	membership_only
scTHREAD_NAR_release_20260803	SRR35586209	GSE309071	mouse	ONT	1	False		data/isoquant_smartseq2/GSE309071	data/isoquant_smartseq2/GSE309071	True	data/isoquant_smartseq2/GSE309071		False		0	False		0	False		0	False		0	False		0	False		0	False		0	False		0	False		0	False		0	membership_only
scTHREAD_NAR_release_20260803	SRR35586210	GSE309071	mouse	ONT	1	False		data/isoquant_smartseq2/GSE309071	data/isoquant_smartseq2/GSE309071	True	data/isoquant_smartseq2/GSE309071		False		0	False		0	False		0	False		0	False		0	False		0	False		0	False		0	False		0	False		0	membership_only
scTHREAD_NAR_release_20260803	SRR35586211	GSE309071	mouse	ONT	1	False		data/isoquant_smartseq2/GSE309071	data/isoquant_smartseq2/GSE309071	True	data/isoquant_smartseq2/GSE309071		False		0	False		0	False		0	False		0	False		0	False		0	False		0	False		0	False		0	False		0	membership_only
scTHREAD_NAR_release_20260803	SRR35586212	GSE309071	mouse	ONT	1	False		data/isoquant_smartseq2/GSE309071	data/isoquant_smartseq2/GSE309071	True	data/isoquant_smartseq2/GSE309071		False		0	False		0	False		0	False		0	False		0	False		0	False		0	False		0	False		0	False		0	membership_only
scTHREAD_NAR_release_20260803	SRR35586213	GSE309071	mouse	ONT	1	False		data/isoquant_smartseq2/GSE309071	data/isoquant_smartseq2/GSE309071	True	data/isoquant_smartseq2/GSE309071		False		0	False		0	False		0	False		0	False		0	False		0	False		0	False		0	False		0	False		0	membership_only
scTHREAD_NAR_release_20260803	SRR35586215	GSE309071	mouse	ONT	1	False		data/isoquant_smartseq2/GSE309071	data/isoquant_smartseq2/GSE309071	True	data/isoquant_smartseq2/GSE309071		False		0	False		0	False		0	False		0	False		0	False		0	False		0	False		0	False		0	False		0	membership_only
scTHREAD_NAR_release_20260803	SRR35586217	GSE309071	mouse	ONT	1	False		data/isoquant_smartseq2/GSE309071	data/isoquant_smartseq2/GSE309071	True	data/isoquant_smartseq2/GSE309071		False		0	False		0	False		0	False		0	False		0	False		0	False		0	False		0	False		0	False		0	membership_only
scTHREAD_NAR_release_20260803	SRR35586218	GSE309071	mouse	ONT	1	False		data/isoquant_smartseq2/GSE309071	data/isoquant_smartseq2/GSE309071	True	data/isoquant_smartseq2/GSE309071		False		0	False		0	False		0	False		0	False		0	False		0	False		0	False		0	False		0	False		0	membership_only
scTHREAD_NAR_release_20260803	SRR35586219	GSE309071	mouse	ONT	1	False		data/isoquant_smartseq2/GSE309071	data/isoquant_smartseq2/GSE309071	True	data/isoquant_smartseq2/GSE309071		False		0	False		0	False		0	False		0	False		0	False		0	False		0	False		0	False		0	False		0	membership_only
scTHREAD_NAR_release_20260803	SRR35586220	GSE309071	mouse	ONT	1	False		data/isoquant_smartseq2/GSE309071	data/isoquant_smartseq2/GSE309071	True	data/isoquant_smartseq2/GSE309071		False		0	False		0	False		0	False		0	False		0	False		0	False		0	False		0	False		0	False		0	membership_only
scTHREAD_NAR_release_20260803	SRR35586222	GSE309071	mouse	ONT	1	False		data/isoquant_smartseq2/GSE309071	data/isoquant_smartseq2/GSE309071	True	data/isoquant_smartseq2/GSE309071		False		0	False		0	False		0	False		0	False		0	False		0	False		0	False		0	False		0	False		0	membership_only
scTHREAD_NAR_release_20260803	SRR35586223	GSE309071	mouse	ONT	1	False		data/isoquant_smartseq2/GSE309071	data/isoquant_smartseq2/GSE309071	True	data/isoquant_smartseq2/GSE309071		False		0	False		0	False		0	False		0	False		0	False		0	False		0	False		0	False		0	False		0	membership_only
scTHREAD_NAR_release_20260803	SRR35586225	GSE309071	mouse	ONT	1	False		data/isoquant_smartseq2/GSE309071	data/isoquant_smartseq2/GSE309071	True	data/isoquant_smartseq2/GSE309071		False		0	False		0	False		0	False		0	False		0	False		0	False		0	False		0	False		0	False		0	membership_only
scTHREAD_NAR_release_20260803	SRR35586227	GSE309071	mouse	ONT	1	False		data/isoquant_smartseq2/GSE309071	data/isoquant_smartseq2/GSE309071	True	data/isoquant_smartseq2/GSE309071		False		0	False		0	False		0	False		0	False		0	False		0	False		0	False		0	False		0	False		0	membership_only
scTHREAD_NAR_release_20260803	SRR35586228	GSE309071	mouse	ONT	1	False		data/isoquant_smartseq2/GSE309071	data/isoquant_smartseq2/GSE309071	True	data/isoquant_smartseq2/GSE309071		False		0	False		0	False		0	False		0	False		0	False		0	False		0	False		0	False		0	False		0	membership_only
scTHREAD_NAR_release_20260803	SRR35586229	GSE309071	mouse	ONT	1	False		data/isoquant_smartseq2/GSE309071	data/isoquant_smartseq2/GSE309071	True	data/isoquant_smartseq2/GSE309071		False		0	False		0	False		0	False		0	False		0	False		0	False		0	False		0	False		0	False		0	membership_only
scTHREAD_NAR_release_20260803	SRR35586230	GSE309071	mouse	ONT	1	False		data/isoquant_smartseq2/GSE309071	data/isoquant_smartseq2/GSE309071	True	data/isoquant_smartseq2/GSE309071		False		0	False		0	False		0	False		0	False		0	False		0	False		0	False		0	False		0	False		0	membership_only
scTHREAD_NAR_release_20260803	SRR35586231	GSE309071	mouse	ONT	1	False		data/isoquant_smartseq2/GSE309071	data/isoquant_smartseq2/GSE309071	True	data/isoquant_smartseq2/GSE309071		False		0	False		0	False		0	False		0	False		0	False		0	False		0	False		0	False		0	False		0	membership_only
scTHREAD_NAR_release_20260803	SRR35586232	GSE309071	mouse	ONT	1	False		data/isoquant_smartseq2/GSE309071	data/isoquant_smartseq2/GSE309071	True	data/isoquant_smartseq2/GSE309071		False		0	False		0	False		0	False		0	False		0	False		0	False		0	False		0	False		0	False		0	membership_only
scTHREAD_NAR_release_20260803	SRR35586233	GSE309071	mouse	ONT	1	False		data/isoquant_smartseq2/GSE309071	data/isoquant_smartseq2/GSE309071	True	data/isoquant_smartseq2/GSE309071		False		0	False		0	False		0	False		0	False		0	False		0	False		0	False		0	False		0	False		0	membership_only
scTHREAD_NAR_release_20260803	SRR35586234	GSE309071	mouse	ONT	1	False		data/isoquant_smartseq2/GSE309071	data/isoquant_smartseq2/GSE309071	True	data/isoquant_smartseq2/GSE309071		False		0	False		0	False		0	False		0	False		0	False		0	False		0	False		0	False		0	False		0	membership_only
scTHREAD_NAR_release_20260803	SRR35586235	GSE309071	mouse	ONT	1	False		data/isoquant_smartseq2/GSE309071	data/isoquant_smartseq2/GSE309071	True	data/isoquant_smartseq2/GSE309071		False		0	False		0	False		0	False		0	False		0	False		0	False		0	False		0	False		0	False		0	membership_only
scTHREAD_NAR_release_20260803	SRR35586236	GSE309071	mouse	ONT	1	False		data/isoquant_smartseq2/GSE309071	data/isoquant_smartseq2/GSE309071	True	data/isoquant_smartseq2/GSE309071		False		0	False		0	False		0	False		0	False		0	False		0	False		0	False		0	False		0	False		0	membership_only
scTHREAD_NAR_release_20260803	SRR35586237	GSE309071	mouse	ONT	1	False		data/isoquant_smartseq2/GSE309071	data/isoquant_smartseq2/GSE309071	True	data/isoquant_smartseq2/GSE309071		False		0	False		0	False		0	False		0	False		0	False		0	False		0	False		0	False		0	False		0	membership_only
scTHREAD_NAR_release_20260803	SRR35586238	GSE309071	mouse	ONT	1	False		data/isoquant_smartseq2/GSE309071	data/isoquant_smartseq2/GSE309071	True	data/isoquant_smartseq2/GSE309071		False		0	False		0	False		0	False		0	False		0	False		0	False		0	False		0	False		0	False		0	membership_only
scTHREAD_NAR_release_20260803	SRR35586239	GSE309071	mouse	ONT	1	False		data/isoquant_smartseq2/GSE309071	data/isoquant_smartseq2/GSE309071	True	data/isoquant_smartseq2/GSE309071		False		0	False		0	False		0	False		0	False		0	False		0	False		0	False		0	False		0	False		0	membership_only
scTHREAD_NAR_release_20260803	SRR35586240	GSE309071	mouse	ONT	1	False		data/isoquant_smartseq2/GSE309071	data/isoquant_smartseq2/GSE309071	True	data/isoquant_smartseq2/GSE309071		False		0	False		0	False		0	False		0	False		0	False		0	False		0	False		0	False		0	False		0	membership_only
scTHREAD_NAR_release_20260803	SRR35586241	GSE309071	mouse	ONT	1	False		data/isoquant_smartseq2/GSE309071	data/isoquant_smartseq2/GSE309071	True	data/isoquant_smartseq2/GSE309071		False		0	False		0	False		0	False		0	False		0	False		0	False		0	False		0	False		0	False		0	membership_only
scTHREAD_NAR_release_20260803	SRR35586242	GSE309071	mouse	ONT	1	False		data/isoquant_smartseq2/GSE309071	data/isoquant_smartseq2/GSE309071	True	data/isoquant_smartseq2/GSE309071		False		0	False		0	False		0	False		0	False		0	False		0	False		0	False		0	False		0	False		0	membership_only
scTHREAD_NAR_release_20260803	SRR35586243	GSE309071	mouse	ONT	1	False		data/isoquant_smartseq2/GSE309071	data/isoquant_smartseq2/GSE309071	True	data/isoquant_smartseq2/GSE309071		False		0	False		0	False		0	False		0	False		0	False		0	False		0	False		0	False		0	False		0	membership_only
scTHREAD_NAR_release_20260803	SRR35586244	GSE309071	mouse	ONT	1	False		data/isoquant_smartseq2/GSE309071	data/isoquant_smartseq2/GSE309071	True	data/isoquant_smartseq2/GSE309071		False		0	False		0	False		0	False		0	False		0	False		0	False		0	False		0	False		0	False		0	membership_only
scTHREAD_NAR_release_20260803	SRR35586245	GSE309071	mouse	ONT	1	False		data/isoquant_smartseq2/GSE309071	data/isoquant_smartseq2/GSE309071	True	data/isoquant_smartseq2/GSE309071		False		0	False		0	False		0	False		0	False		0	False		0	False		0	False		0	False		0	False		0	membership_only
scTHREAD_NAR_release_20260803	SRR35586246	GSE309071	mouse	ONT	1	False		data/isoquant_smartseq2/GSE309071	data/isoquant_smartseq2/GSE309071	True	data/isoquant_smartseq2/GSE309071		False		0	False		0	False		0	False		0	False		0	False		0	False		0	False		0	False		0	False		0	membership_only
scTHREAD_NAR_release_20260803	SRR35586247	GSE309071	mouse	ONT	1	False		data/isoquant_smartseq2/GSE309071	data/isoquant_smartseq2/GSE309071	True	data/isoquant_smartseq2/GSE309071		False		0	False		0	False		0	False		0	False		0	False		0	False		0	False		0	False		0	False		0	membership_only
scTHREAD_NAR_release_20260803	SRR35586248	GSE309071	mouse	ONT	1	False		data/isoquant_smartseq2/GSE309071	data/isoquant_smartseq2/GSE309071	True	data/isoquant_smartseq2/GSE309071		False		0	False		0	False		0	False		0	False		0	False		0	False		0	False		0	False		0	False		0	membership_only
scTHREAD_NAR_release_20260803	SRR35586249	GSE309071	mouse	ONT	1	False		data/isoquant_smartseq2/GSE309071	data/isoquant_smartseq2/GSE309071	True	data/isoquant_smartseq2/GSE309071		False		0	False		0	False		0	False		0	False		0	False		0	False		0	False		0	False		0	False		0	membership_only
scTHREAD_NAR_release_20260803	SRR35586250	GSE309071	mouse	ONT	1	False		data/isoquant_smartseq2/GSE309071	data/isoquant_smartseq2/GSE309071	True	data/isoquant_smartseq2/GSE309071		False		0	False		0	False		0	False		0	False		0	False		0	False		0	False		0	False		0	False		0	membership_only
scTHREAD_NAR_release_20260803	SRR35586251	GSE309071	mouse	ONT	1	False		data/isoquant_smartseq2/GSE309071	data/isoquant_smartseq2/GSE309071	True	data/isoquant_smartseq2/GSE309071		False		0	False		0	False		0	False		0	False		0	False		0	False		0	False		0	False		0	False		0	membership_only
scTHREAD_NAR_release_20260803	SRR35586252	GSE309071	mouse	ONT	1	False		data/isoquant_smartseq2/GSE309071	data/isoquant_smartseq2/GSE309071	True	data/isoquant_smartseq2/GSE309071		False		0	False		0	False		0	False		0	False		0	False		0	False		0	False		0	False		0	False		0	membership_only
scTHREAD_NAR_release_20260803	SRR35586253	GSE309071	mouse	ONT	1	False		data/isoquant_smartseq2/GSE309071	data/isoquant_smartseq2/GSE309071	True	data/isoquant_smartseq2/GSE309071		False		0	False		0	False		0	False		0	False		0	False		0	False		0	False		0	False		0	False		0	membership_only
scTHREAD_NAR_release_20260803	SRR35586254	GSE309071	mouse	ONT	1	False		data/isoquant_smartseq2/GSE309071	data/isoquant_smartseq2/GSE309071	True	data/isoquant_smartseq2/GSE309071		False		0	False		0	False		0	False		0	False		0	False		0	False		0	False		0	False		0	False		0	membership_only
scTHREAD_NAR_release_20260803	SRR35586255	GSE309071	mouse	ONT	1	False		data/isoquant_smartseq2/GSE309071	data/isoquant_smartseq2/GSE309071	True	data/isoquant_smartseq2/GSE309071		False		0	False		0	False		0	False		0	False		0	False		0	False		0	False		0	False		0	False		0	membership_only
scTHREAD_NAR_release_20260803	SRR35586256	GSE309071	mouse	ONT	1	False		data/isoquant_smartseq2/GSE309071	data/isoquant_smartseq2/GSE309071	True	data/isoquant_smartseq2/GSE309071		False		0	False		0	False		0	False		0	False		0	False		0	False		0	False		0	False		0	False		0	membership_only
scTHREAD_NAR_release_20260803	SRR35586257	GSE309071	mouse	ONT	1	False		data/isoquant_smartseq2/GSE309071	data/isoquant_smartseq2/GSE309071	True	data/isoquant_smartseq2/GSE309071		False		0	False		0	False		0	False		0	False		0	False		0	False		0	False		0	False		0	False		0	membership_only
scTHREAD_NAR_release_20260803	SRR35586258	GSE309071	mouse	ONT	1	False		data/isoquant_smartseq2/GSE309071	data/isoquant_smartseq2/GSE309071	True	data/isoquant_smartseq2/GSE309071		False		0	False		0	False		0	False		0	False		0	False		0	False		0	False		0	False		0	False		0	membership_only
scTHREAD_NAR_release_20260803	SRR35586259	GSE309071	mouse	ONT	1	False		data/isoquant_smartseq2/GSE309071	data/isoquant_smartseq2/GSE309071	True	data/isoquant_smartseq2/GSE309071		False		0	False		0	False		0	False		0	False		0	False		0	False		0	False		0	False		0	False		0	membership_only
scTHREAD_NAR_release_20260803	SRR35586260	GSE309071	mouse	ONT	1	False		data/isoquant_smartseq2/GSE309071	data/isoquant_smartseq2/GSE309071	True	data/isoquant_smartseq2/GSE309071		False		0	False		0	False		0	False		0	False		0	False		0	False		0	False		0	False		0	False		0	membership_only
scTHREAD_NAR_release_20260803	SRR35586261	GSE309071	mouse	ONT	1	False		data/isoquant_smartseq2/GSE309071	data/isoquant_smartseq2/GSE309071	True	data/isoquant_smartseq2/GSE309071		False		0	False		0	False		0	False		0	False		0	False		0	False		0	False		0	False		0	False		0	membership_only
scTHREAD_NAR_release_20260803	SRR35586263	GSE309071	mouse	ONT	1	False		data/isoquant_smartseq2/GSE309071	data/isoquant_smartseq2/GSE309071	True	data/isoquant_smartseq2/GSE309071		False		0	False		0	False		0	False		0	False		0	False		0	False		0	False		0	False		0	False		0	membership_only
scTHREAD_NAR_release_20260803	SRR35586264	GSE309071	mouse	ONT	1	False		data/isoquant_smartseq2/GSE309071	data/isoquant_smartseq2/GSE309071	True	data/isoquant_smartseq2/GSE309071		False		0	False		0	False		0	False		0	False		0	False		0	False		0	False		0	False		0	False		0	membership_only
scTHREAD_NAR_release_20260803	SRR35586265	GSE309071	mouse	ONT	1	False		data/isoquant_smartseq2/GSE309071	data/isoquant_smartseq2/GSE309071	True	data/isoquant_smartseq2/GSE309071		False		0	False		0	False		0	False		0	False		0	False		0	False		0	False		0	False		0	False		0	membership_only
scTHREAD_NAR_release_20260803	SRR35586266	GSE309071	mouse	ONT	1	False		data/isoquant_smartseq2/GSE309071	data/isoquant_smartseq2/GSE309071	True	data/isoquant_smartseq2/GSE309071		False		0	False		0	False		0	False		0	False		0	False		0	False		0	False		0	False		0	False		0	membership_only
scTHREAD_NAR_release_20260803	SRR35586267	GSE309071	mouse	ONT	1	False		data/isoquant_smartseq2/GSE309071	data/isoquant_smartseq2/GSE309071	True	data/isoquant_smartseq2/GSE309071		False		0	False		0	False		0	False		0	False		0	False		0	False		0	False		0	False		0	False		0	membership_only
scTHREAD_NAR_release_20260803	SRR35586268	GSE309071	mouse	ONT	1	False		data/isoquant_smartseq2/GSE309071	data/isoquant_smartseq2/GSE309071	True	data/isoquant_smartseq2/GSE309071		False		0	False		0	False		0	False		0	False		0	False		0	False		0	False		0	False		0	False		0	membership_only
scTHREAD_NAR_release_20260803	SRR35586269	GSE309071	mouse	ONT	1	False		data/isoquant_smartseq2/GSE309071	data/isoquant_smartseq2/GSE309071	True	data/isoquant_smartseq2/GSE309071		False		0	False		0	False		0	False		0	False		0	False		0	False		0	False		0	False		0	False		0	membership_only
scTHREAD_NAR_release_20260803	SRR35586270	GSE309071	mouse	ONT	1	False		data/isoquant_smartseq2/GSE309071	data/isoquant_smartseq2/GSE309071	True	data/isoquant_smartseq2/GSE309071		False		0	False		0	False		0	False		0	False		0	False		0	False		0	False		0	False		0	False		0	membership_only
scTHREAD_NAR_release_20260803	SRR35586271	GSE309071	mouse	ONT	1	False		data/isoquant_smartseq2/GSE309071	data/isoquant_smartseq2/GSE309071	True	data/isoquant_smartseq2/GSE309071		False		0	False		0	False		0	False		0	False		0	False		0	False		0	False		0	False		0	False		0	membership_only
scTHREAD_NAR_release_20260803	SRR35586272	GSE309071	mouse	ONT	1	False		data/isoquant_smartseq2/GSE309071	data/isoquant_smartseq2/GSE309071	True	data/isoquant_smartseq2/GSE309071		False		0	False		0	False		0	False		0	False		0	False		0	False		0	False		0	False		0	False		0	membership_only
scTHREAD_NAR_release_20260803	SRR35586274	GSE309071	mouse	ONT	1	False		data/isoquant_smartseq2/GSE309071	data/isoquant_smartseq2/GSE309071	True	data/isoquant_smartseq2/GSE309071		False		0	False		0	False		0	False		0	False		0	False		0	False		0	False		0	False		0	False		0	membership_only
scTHREAD_NAR_release_20260803	SRR35586275	GSE309071	mouse	ONT	1	False		data/isoquant_smartseq2/GSE309071	data/isoquant_smartseq2/GSE309071	True	data/isoquant_smartseq2/GSE309071		False		0	False		0	False		0	False		0	False		0	False		0	False		0	False		0	False		0	False		0	membership_only
scTHREAD_NAR_release_20260803	SRR35586276	GSE309071	mouse	ONT	1	False		data/isoquant_smartseq2/GSE309071	data/isoquant_smartseq2/GSE309071	True	data/isoquant_smartseq2/GSE309071		False		0	False		0	False		0	False		0	False		0	False		0	False		0	False		0	False		0	False		0	membership_only
scTHREAD_NAR_release_20260803	SRR35586277	GSE309071	mouse	ONT	1	False		data/isoquant_smartseq2/GSE309071	data/isoquant_smartseq2/GSE309071	True	data/isoquant_smartseq2/GSE309071		False		0	False		0	False		0	False		0	False		0	False		0	False		0	False		0	False		0	False		0	membership_only
scTHREAD_NAR_release_20260803	SRR35586278	GSE309071	mouse	ONT	1	False		data/isoquant_smartseq2/GSE309071	data/isoquant_smartseq2/GSE309071	True	data/isoquant_smartseq2/GSE309071		False		0	False		0	False		0	False		0	False		0	False		0	False		0	False		0	False		0	False		0	membership_only
scTHREAD_NAR_release_20260803	SRR35586279	GSE309071	mouse	ONT	1	False		data/isoquant_smartseq2/GSE309071	data/isoquant_smartseq2/GSE309071	True	data/isoquant_smartseq2/GSE309071		False		0	False		0	False		0	False		0	False		0	False		0	False		0	False		0	False		0	False		0	membership_only
scTHREAD_NAR_release_20260803	SRR35586280	GSE309071	mouse	ONT	1	False		data/isoquant_smartseq2/GSE309071	data/isoquant_smartseq2/GSE309071	True	data/isoquant_smartseq2/GSE309071		False		0	False		0	False		0	False		0	False		0	False		0	False		0	False		0	False		0	False		0	membership_only
scTHREAD_NAR_release_20260803	SRR35586281	GSE309071	mouse	ONT	1	False		data/isoquant_smartseq2/GSE309071	data/isoquant_smartseq2/GSE309071	True	data/isoquant_smartseq2/GSE309071		False		0	False		0	False		0	False		0	False		0	False		0	False		0	False		0	False		0	False		0	membership_only
scTHREAD_NAR_release_20260803	SRR35586282	GSE309071	mouse	ONT	1	False		data/isoquant_smartseq2/GSE309071	data/isoquant_smartseq2/GSE309071	True	data/isoquant_smartseq2/GSE309071		False		0	False		0	False		0	False		0	False		0	False		0	False		0	False		0	False		0	False		0	membership_only
scTHREAD_NAR_release_20260803	SRR35586283	GSE309071	mouse	ONT	1	False		data/isoquant_smartseq2/GSE309071	data/isoquant_smartseq2/GSE309071	True	data/isoquant_smartseq2/GSE309071		False		0	False		0	False		0	False		0	False		0	False		0	False		0	False		0	False		0	False		0	membership_only
scTHREAD_NAR_release_20260803	SRR35586284	GSE309071	mouse	ONT	1	False		data/isoquant_smartseq2/GSE309071	data/isoquant_smartseq2/GSE309071	True	data/isoquant_smartseq2/GSE309071		False		0	False		0	False		0	False		0	False		0	False		0	False		0	False		0	False		0	False		0	membership_only
scTHREAD_NAR_release_20260803	SRR35586285	GSE309071	mouse	ONT	1	False		data/isoquant_smartseq2/GSE309071	data/isoquant_smartseq2/GSE309071	True	data/isoquant_smartseq2/GSE309071		False		0	False		0	False		0	False		0	False		0	False		0	False		0	False		0	False		0	False		0	membership_only
scTHREAD_NAR_release_20260803	SRR35586286	GSE309071	mouse	ONT	1	False		data/isoquant_smartseq2/GSE309071	data/isoquant_smartseq2/GSE309071	True	data/isoquant_smartseq2/GSE309071		False		0	False		0	False		0	False		0	False		0	False		0	False		0	False		0	False		0	False		0	membership_only
scTHREAD_NAR_release_20260803	SRR35586287	GSE309071	mouse	ONT	1	False		data/isoquant_smartseq2/GSE309071	data/isoquant_smartseq2/GSE309071	True	data/isoquant_smartseq2/GSE309071		False		0	False		0	False		0	False		0	False		0	False		0	False		0	False		0	False		0	False		0	membership_only
scTHREAD_NAR_release_20260803	SRR35586288	GSE309071	mouse	ONT	1	False		data/isoquant_smartseq2/GSE309071	data/isoquant_smartseq2/GSE309071	True	data/isoquant_smartseq2/GSE309071		False		0	False		0	False		0	False		0	False		0	False		0	False		0	False		0	False		0	False		0	membership_only
scTHREAD_NAR_release_20260803	SRR35586289	GSE309071	mouse	ONT	1	False		data/isoquant_smartseq2/GSE309071	data/isoquant_smartseq2/GSE309071	True	data/isoquant_smartseq2/GSE309071		False		0	False		0	False		0	False		0	False		0	False		0	False		0	False		0	False		0	False		0	membership_only
scTHREAD_NAR_release_20260803	SRR35586290	GSE309071	mouse	ONT	1	False		data/isoquant_smartseq2/GSE309071	data/isoquant_smartseq2/GSE309071	True	data/isoquant_smartseq2/GSE309071		False		0	False		0	False		0	False		0	False		0	False		0	False		0	False		0	False		0	False		0	membership_only
scTHREAD_NAR_release_20260803	SRR35586291	GSE309071	mouse	ONT	1	False		data/isoquant_smartseq2/GSE309071	data/isoquant_smartseq2/GSE309071	True	data/isoquant_smartseq2/GSE309071		False		0	False		0	False		0	False		0	False		0	False		0	False		0	False		0	False		0	False		0	membership_only
scTHREAD_NAR_release_20260803	SRR35586292	GSE309071	mouse	ONT	1	False		data/isoquant_smartseq2/GSE309071	data/isoquant_smartseq2/GSE309071	True	data/isoquant_smartseq2/GSE309071		False		0	False		0	False		0	False		0	False		0	False		0	False		0	False		0	False		0	False		0	membership_only
scTHREAD_NAR_release_20260803	SRR35586293	GSE309071	mouse	ONT	1	False		data/isoquant_smartseq2/GSE309071	data/isoquant_smartseq2/GSE309071	True	data/isoquant_smartseq2/GSE309071		False		0	False		0	False		0	False		0	False		0	False		0	False		0	False		0	False		0	False		0	membership_only
scTHREAD_NAR_release_20260803	SRR35586294	GSE309071	mouse	ONT	1	False		data/isoquant_smartseq2/GSE309071	data/isoquant_smartseq2/GSE309071	True	data/isoquant_smartseq2/GSE309071		False		0	False		0	False		0	False		0	False		0	False		0	False		0	False		0	False		0	False		0	membership_only
scTHREAD_NAR_release_20260803	SRR35586295	GSE309071	mouse	ONT	1	False		data/isoquant_smartseq2/GSE309071	data/isoquant_smartseq2/GSE309071	True	data/isoquant_smartseq2/GSE309071		False		0	False		0	False		0	False		0	False		0	False		0	False		0	False		0	False		0	False		0	membership_only
scTHREAD_NAR_release_20260803	SRR35586296	GSE309071	mouse	ONT	1	False		data/isoquant_smartseq2/GSE309071	data/isoquant_smartseq2/GSE309071	True	data/isoquant_smartseq2/GSE309071		False		0	False		0	False		0	False		0	False		0	False		0	False		0	False		0	False		0	False		0	membership_only
scTHREAD_NAR_release_20260803	SRR35586297	GSE309071	mouse	ONT	1	False		data/isoquant_smartseq2/GSE309071	data/isoquant_smartseq2/GSE309071	True	data/isoquant_smartseq2/GSE309071		False		0	False		0	False		0	False		0	False		0	False		0	False		0	False		0	False		0	False		0	membership_only
scTHREAD_NAR_release_20260803	SRR35586298	GSE309071	mouse	ONT	1	False		data/isoquant_smartseq2/GSE309071	data/isoquant_smartseq2/GSE309071	True	data/isoquant_smartseq2/GSE309071		False		0	False		0	False		0	False		0	False		0	False		0	False		0	False		0	False		0	False		0	membership_only
scTHREAD_NAR_release_20260803	SRR35586299	GSE309071	mouse	ONT	1	False		data/isoquant_smartseq2/GSE309071	data/isoquant_smartseq2/GSE309071	True	data/isoquant_smartseq2/GSE309071		False		0	False		0	False		0	False		0	False		0	False		0	False		0	False		0	False		0	False		0	membership_only
scTHREAD_NAR_release_20260803	SRR35586300	GSE309071	mouse	ONT	1	False		data/isoquant_smartseq2/GSE309071	data/isoquant_smartseq2/GSE309071	True	data/isoquant_smartseq2/GSE309071		False		0	False		0	False		0	False		0	False		0	False		0	False		0	False		0	False		0	False		0	membership_only
scTHREAD_NAR_release_20260803	SRR35586301	GSE309071	mouse	ONT	1	False		data/isoquant_smartseq2/GSE309071	data/isoquant_smartseq2/GSE309071	True	data/isoquant_smartseq2/GSE309071		False		0	False		0	False		0	False		0	False		0	False		0	False		0	False		0	False		0	False		0	membership_only
scTHREAD_NAR_release_20260803	SRR35586302	GSE309071	mouse	ONT	1	False		data/isoquant_smartseq2/GSE309071	data/isoquant_smartseq2/GSE309071	True	data/isoquant_smartseq2/GSE309071		False		0	False		0	False		0	False		0	False		0	False		0	False		0	False		0	False		0	False		0	membership_only
scTHREAD_NAR_release_20260803	SRR35586303	GSE309071	mouse	ONT	1	False		data/isoquant_smartseq2/GSE309071	data/isoquant_smartseq2/GSE309071	True	data/isoquant_smartseq2/GSE309071		False		0	False		0	False		0	False		0	False		0	False		0	False		0	False		0	False		0	False		0	membership_only
scTHREAD_NAR_release_20260803	SRR35586304	GSE309071	mouse	ONT	1	False		data/isoquant_smartseq2/GSE309071	data/isoquant_smartseq2/GSE309071	True	data/isoquant_smartseq2/GSE309071		False		0	False		0	False		0	False		0	False		0	False		0	False		0	False		0	False		0	False		0	membership_only
scTHREAD_NAR_release_20260803	SRR35586305	GSE309071	mouse	ONT	1	False		data/isoquant_smartseq2/GSE309071	data/isoquant_smartseq2/GSE309071	True	data/isoquant_smartseq2/GSE309071		False		0	False		0	False		0	False		0	False		0	False		0	False		0	False		0	False		0	False		0	membership_only
scTHREAD_NAR_release_20260803	SRR35586306	GSE309071	mouse	ONT	1	False		data/isoquant_smartseq2/GSE309071	data/isoquant_smartseq2/GSE309071	True	data/isoquant_smartseq2/GSE309071		False		0	False		0	False		0	False		0	False		0	False		0	False		0	False		0	False		0	False		0	membership_only
scTHREAD_NAR_release_20260803	SRR35586307	GSE309071	mouse	ONT	1	False		data/isoquant_smartseq2/GSE309071	data/isoquant_smartseq2/GSE309071	True	data/isoquant_smartseq2/GSE309071		False		0	False		0	False		0	False		0	False		0	False		0	False		0	False		0	False		0	False		0	membership_only
scTHREAD_NAR_release_20260803	SRR35586308	GSE309071	mouse	ONT	1	False		data/isoquant_smartseq2/GSE309071	data/isoquant_smartseq2/GSE309071	True	data/isoquant_smartseq2/GSE309071		False		0	False		0	False		0	False		0	False		0	False		0	False		0	False		0	False		0	False		0	membership_only
scTHREAD_NAR_release_20260803	SRR35586309	GSE309071	mouse	ONT	1	False		data/isoquant_smartseq2/GSE309071	data/isoquant_smartseq2/GSE309071	True	data/isoquant_smartseq2/GSE309071		False		0	False		0	False		0	False		0	False		0	False		0	False		0	False		0	False		0	False		0	membership_only
scTHREAD_NAR_release_20260803	SRR35586310	GSE309071	mouse	ONT	1	False		data/isoquant_smartseq2/GSE309071	data/isoquant_smartseq2/GSE309071	True	data/isoquant_smartseq2/GSE309071		False		0	False		0	False		0	False		0	False		0	False		0	False		0	False		0	False		0	False		0	membership_only
scTHREAD_NAR_release_20260803	SRR35586311	GSE309071	mouse	ONT	1	False		data/isoquant_smartseq2/GSE309071	data/isoquant_smartseq2/GSE309071	True	data/isoquant_smartseq2/GSE309071		False		0	False		0	False		0	False		0	False		0	False		0	False		0	False		0	False		0	False		0	membership_only
scTHREAD_NAR_release_20260803	SRR35586312	GSE309071	mouse	ONT	1	False		data/isoquant_smartseq2/GSE309071	data/isoquant_smartseq2/GSE309071	True	data/isoquant_smartseq2/GSE309071		False		0	False		0	False		0	False		0	False		0	False		0	False		0	False		0	False		0	False		0	membership_only
scTHREAD_NAR_release_20260803	SRR35586313	GSE309071	mouse	ONT	1	False		data/isoquant_smartseq2/GSE309071	data/isoquant_smartseq2/GSE309071	True	data/isoquant_smartseq2/GSE309071		False		0	False		0	False		0	False		0	False		0	False		0	False		0	False		0	False		0	False		0	membership_only
scTHREAD_NAR_release_20260803	SRR35586314	GSE309071	mouse	ONT	1	False		data/isoquant_smartseq2/GSE309071	data/isoquant_smartseq2/GSE309071	True	data/isoquant_smartseq2/GSE309071		False		0	False		0	False		0	False		0	False		0	False		0	False		0	False		0	False		0	False		0	membership_only
scTHREAD_NAR_release_20260803	SRR35586315	GSE309071	mouse	ONT	1	False		data/isoquant_smartseq2/GSE309071	data/isoquant_smartseq2/GSE309071	True	data/isoquant_smartseq2/GSE309071		False		0	False		0	False		0	False		0	False		0	False		0	False		0	False		0	False		0	False		0	membership_only
scTHREAD_NAR_release_20260803	SRR35586316	GSE309071	mouse	ONT	1	False		data/isoquant_smartseq2/GSE309071	data/isoquant_smartseq2/GSE309071	True	data/isoquant_smartseq2/GSE309071		False		0	False		0	False		0	False		0	False		0	False		0	False		0	False		0	False		0	False		0	membership_only
scTHREAD_NAR_release_20260803	SRR35586317	GSE309071	mouse	ONT	1	False		data/isoquant_smartseq2/GSE309071	data/isoquant_smartseq2/GSE309071	True	data/isoquant_smartseq2/GSE309071		False		0	False		0	False		0	False		0	False		0	False		0	False		0	False		0	False		0	False		0	membership_only
scTHREAD_NAR_release_20260803	SRR35586318	GSE309071	mouse	ONT	1	False		data/isoquant_smartseq2/GSE309071	data/isoquant_smartseq2/GSE309071	True	data/isoquant_smartseq2/GSE309071		False		0	False		0	False		0	False		0	False		0	False		0	False		0	False		0	False		0	False		0	membership_only
scTHREAD_NAR_release_20260803	SRR35586319	GSE309071	mouse	ONT	1	False		data/isoquant_smartseq2/GSE309071	data/isoquant_smartseq2/GSE309071	True	data/isoquant_smartseq2/GSE309071		False		0	False		0	False		0	False		0	False		0	False		0	False		0	False		0	False		0	False		0	membership_only
scTHREAD_NAR_release_20260803	SRR35586320	GSE309071	mouse	ONT	1	False		data/isoquant_smartseq2/GSE309071	data/isoquant_smartseq2/GSE309071	True	data/isoquant_smartseq2/GSE309071		False		0	False		0	False		0	False		0	False		0	False		0	False		0	False		0	False		0	False		0	membership_only
scTHREAD_NAR_release_20260803	SRR35586321	GSE309071	mouse	ONT	1	False		data/isoquant_smartseq2/GSE309071	data/isoquant_smartseq2/GSE309071	True	data/isoquant_smartseq2/GSE309071		False		0	False		0	False		0	False		0	False		0	False		0	False		0	False		0	False		0	False		0	membership_only
scTHREAD_NAR_release_20260803	SRR35586323	GSE309071	mouse	ONT	1	False		data/isoquant_smartseq2/GSE309071	data/isoquant_smartseq2/GSE309071	True	data/isoquant_smartseq2/GSE309071		False		0	False		0	False		0	False		0	False		0	False		0	False		0	False		0	False		0	False		0	membership_only
scTHREAD_NAR_release_20260803	SRR35586324	GSE309071	mouse	ONT	1	False		data/isoquant_smartseq2/GSE309071	data/isoquant_smartseq2/GSE309071	True	data/isoquant_smartseq2/GSE309071		False		0	False		0	False		0	False		0	False		0	False		0	False		0	False		0	False		0	False		0	membership_only
scTHREAD_NAR_release_20260803	SRR35586325	GSE309071	mouse	ONT	1	False		data/isoquant_smartseq2/GSE309071	data/isoquant_smartseq2/GSE309071	True	data/isoquant_smartseq2/GSE309071		False		0	False		0	False		0	False		0	False		0	False		0	False		0	False		0	False		0	False		0	membership_only
scTHREAD_NAR_release_20260803	SRR35586326	GSE309071	mouse	ONT	1	False		data/isoquant_smartseq2/GSE309071	data/isoquant_smartseq2/GSE309071	True	data/isoquant_smartseq2/GSE309071		False		0	False		0	False		0	False		0	False		0	False		0	False		0	False		0	False		0	False		0	membership_only
scTHREAD_NAR_release_20260803	SRR35586327	GSE309071	mouse	ONT	1	False		data/isoquant_smartseq2/GSE309071	data/isoquant_smartseq2/GSE309071	True	data/isoquant_smartseq2/GSE309071		False		0	False		0	False		0	False		0	False		0	False		0	False		0	False		0	False		0	False		0	membership_only
scTHREAD_NAR_release_20260803	SRR35586328	GSE309071	mouse	ONT	1	False		data/isoquant_smartseq2/GSE309071	data/isoquant_smartseq2/GSE309071	True	data/isoquant_smartseq2/GSE309071		False		0	False		0	False		0	False		0	False		0	False		0	False		0	False		0	False		0	False		0	membership_only
scTHREAD_NAR_release_20260803	SRR35586329	GSE309071	mouse	ONT	1	False		data/isoquant_smartseq2/GSE309071	data/isoquant_smartseq2/GSE309071	True	data/isoquant_smartseq2/GSE309071		False		0	False		0	False		0	False		0	False		0	False		0	False		0	False		0	False		0	False		0	membership_only
scTHREAD_NAR_release_20260803	SRR35586330	GSE309071	mouse	ONT	1	False		data/isoquant_smartseq2/GSE309071	data/isoquant_smartseq2/GSE309071	True	data/isoquant_smartseq2/GSE309071		False		0	False		0	False		0	False		0	False		0	False		0	False		0	False		0	False		0	False		0	membership_only
scTHREAD_NAR_release_20260803	SRR35586331	GSE309071	mouse	ONT	1	False		data/isoquant_smartseq2/GSE309071	data/isoquant_smartseq2/GSE309071	True	data/isoquant_smartseq2/GSE309071		False		0	False		0	False		0	False		0	False		0	False		0	False		0	False		0	False		0	False		0	membership_only
scTHREAD_NAR_release_20260803	SRR35586332	GSE309071	mouse	ONT	1	False		data/isoquant_smartseq2/GSE309071	data/isoquant_smartseq2/GSE309071	True	data/isoquant_smartseq2/GSE309071		False		0	False		0	False		0	False		0	False		0	False		0	False		0	False		0	False		0	False		0	membership_only
scTHREAD_NAR_release_20260803	SRR35586333	GSE309071	mouse	ONT	1	False		data/isoquant_smartseq2/GSE309071	data/isoquant_smartseq2/GSE309071	True	data/isoquant_smartseq2/GSE309071		False		0	False		0	False		0	False		0	False		0	False		0	False		0	False		0	False		0	False		0	membership_only
scTHREAD_NAR_release_20260803	SRR35586334	GSE309071	mouse	ONT	1	False		data/isoquant_smartseq2/GSE309071	data/isoquant_smartseq2/GSE309071	True	data/isoquant_smartseq2/GSE309071		False		0	False		0	False		0	False		0	False		0	False		0	False		0	False		0	False		0	False		0	membership_only
scTHREAD_NAR_release_20260803	SRR35586335	GSE309071	mouse	ONT	1	False		data/isoquant_smartseq2/GSE309071	data/isoquant_smartseq2/GSE309071	True	data/isoquant_smartseq2/GSE309071		False		0	False		0	False		0	False		0	False		0	False		0	False		0	False		0	False		0	False		0	membership_only
scTHREAD_NAR_release_20260803	SRR35586336	GSE309071	mouse	ONT	1	False		data/isoquant_smartseq2/GSE309071	data/isoquant_smartseq2/GSE309071	True	data/isoquant_smartseq2/GSE309071		False		0	False		0	False		0	False		0	False		0	False		0	False		0	False		0	False		0	False		0	membership_only
scTHREAD_NAR_release_20260803	SRR35586337	GSE309071	mouse	ONT	1	False		data/isoquant_smartseq2/GSE309071	data/isoquant_smartseq2/GSE309071	True	data/isoquant_smartseq2/GSE309071		False		0	False		0	False		0	False		0	False		0	False		0	False		0	False		0	False		0	False		0	membership_only
scTHREAD_NAR_release_20260803	SRR35586338	GSE309071	mouse	ONT	1	False		data/isoquant_smartseq2/GSE309071	data/isoquant_smartseq2/GSE309071	True	data/isoquant_smartseq2/GSE309071		False		0	False		0	False		0	False		0	False		0	False		0	False		0	False		0	False		0	False		0	membership_only
scTHREAD_NAR_release_20260803	SRR35586339	GSE309071	mouse	ONT	1	False		data/isoquant_smartseq2/GSE309071	data/isoquant_smartseq2/GSE309071	True	data/isoquant_smartseq2/GSE309071		False		0	False		0	False		0	False		0	False		0	False		0	False		0	False		0	False		0	False		0	membership_only
scTHREAD_NAR_release_20260803	SRR35586340	GSE309071	mouse	ONT	1	False		data/isoquant_smartseq2/GSE309071	data/isoquant_smartseq2/GSE309071	True	data/isoquant_smartseq2/GSE309071		False		0	False		0	False		0	False		0	False		0	False		0	False		0	False		0	False		0	False		0	membership_only
scTHREAD_NAR_release_20260803	SRR35586341	GSE309071	mouse	ONT	1	False		data/isoquant_smartseq2/GSE309071	data/isoquant_smartseq2/GSE309071	True	data/isoquant_smartseq2/GSE309071		False		0	False		0	False		0	False		0	False		0	False		0	False		0	False		0	False		0	False		0	membership_only
scTHREAD_NAR_release_20260803	SRR35586342	GSE309071	mouse	ONT	1	False		data/isoquant_smartseq2/GSE309071	data/isoquant_smartseq2/GSE309071	True	data/isoquant_smartseq2/GSE309071		False		0	False		0	False		0	False		0	False		0	False		0	False		0	False		0	False		0	False		0	membership_only
scTHREAD_NAR_release_20260803	SRR35586343	GSE309071	mouse	ONT	1	False		data/isoquant_smartseq2/GSE309071	data/isoquant_smartseq2/GSE309071	True	data/isoquant_smartseq2/GSE309071		False		0	False		0	False		0	False		0	False		0	False		0	False		0	False		0	False		0	False		0	membership_only
scTHREAD_NAR_release_20260803	SRR35586344	GSE309071	mouse	ONT	1	False		data/isoquant_smartseq2/GSE309071	data/isoquant_smartseq2/GSE309071	True	data/isoquant_smartseq2/GSE309071		False		0	False		0	False		0	False		0	False		0	False		0	False		0	False		0	False		0	False		0	membership_only
scTHREAD_NAR_release_20260803	SRR35586345	GSE309071	mouse	ONT	1	False		data/isoquant_smartseq2/GSE309071	data/isoquant_smartseq2/GSE309071	True	data/isoquant_smartseq2/GSE309071		False		0	False		0	False		0	False		0	False		0	False		0	False		0	False		0	False		0	False		0	membership_only
scTHREAD_NAR_release_20260803	SRR35586346	GSE309071	mouse	ONT	1	False		data/isoquant_smartseq2/GSE309071	data/isoquant_smartseq2/GSE309071	True	data/isoquant_smartseq2/GSE309071		False		0	False		0	False		0	False		0	False		0	False		0	False		0	False		0	False		0	False		0	membership_only
scTHREAD_NAR_release_20260803	SRR35586347	GSE309071	mouse	ONT	1	False		data/isoquant_smartseq2/GSE309071	data/isoquant_smartseq2/GSE309071	True	data/isoquant_smartseq2/GSE309071		False		0	False		0	False		0	False		0	False		0	False		0	False		0	False		0	False		0	False		0	membership_only
scTHREAD_NAR_release_20260803	SRR35586348	GSE309071	mouse	ONT	1	False		data/isoquant_smartseq2/GSE309071	data/isoquant_smartseq2/GSE309071	True	data/isoquant_smartseq2/GSE309071		False		0	False		0	False		0	False		0	False		0	False		0	False		0	False		0	False		0	False		0	membership_only
scTHREAD_NAR_release_20260803	SRR35586349	GSE309071	mouse	ONT	1	False		data/isoquant_smartseq2/GSE309071	data/isoquant_smartseq2/GSE309071	True	data/isoquant_smartseq2/GSE309071		False		0	False		0	False		0	False		0	False		0	False		0	False		0	False		0	False		0	False		0	membership_only
scTHREAD_NAR_release_20260803	SRR35586350	GSE309071	mouse	ONT	1	False		data/isoquant_smartseq2/GSE309071	data/isoquant_smartseq2/GSE309071	True	data/isoquant_smartseq2/GSE309071		False		0	False		0	False		0	False		0	False		0	False		0	False		0	False		0	False		0	False		0	membership_only
scTHREAD_NAR_release_20260803	SRR35586351	GSE309071	mouse	ONT	1	False		data/isoquant_smartseq2/GSE309071	data/isoquant_smartseq2/GSE309071	True	data/isoquant_smartseq2/GSE309071		False		0	False		0	False		0	False		0	False		0	False		0	False		0	False		0	False		0	False		0	membership_only
scTHREAD_NAR_release_20260803	SRR35586352	GSE309071	mouse	ONT	1	False		data/isoquant_smartseq2/GSE309071	data/isoquant_smartseq2/GSE309071	True	data/isoquant_smartseq2/GSE309071		False		0	False		0	False		0	False		0	False		0	False		0	False		0	False		0	False		0	False		0	membership_only
scTHREAD_NAR_release_20260803	SRR35586353	GSE309071	mouse	ONT	1	False		data/isoquant_smartseq2/GSE309071	data/isoquant_smartseq2/GSE309071	True	data/isoquant_smartseq2/GSE309071		False		0	False		0	False		0	False		0	False		0	False		0	False		0	False		0	False		0	False		0	membership_only
scTHREAD_NAR_release_20260803	SRR35586354	GSE309071	mouse	ONT	1	False		data/isoquant_smartseq2/GSE309071	data/isoquant_smartseq2/GSE309071	True	data/isoquant_smartseq2/GSE309071		False		0	False		0	False		0	False		0	False		0	False		0	False		0	False		0	False		0	False		0	membership_only
scTHREAD_NAR_release_20260803	SRR35586355	GSE309071	mouse	ONT	1	False		data/isoquant_smartseq2/GSE309071	data/isoquant_smartseq2/GSE309071	True	data/isoquant_smartseq2/GSE309071		False		0	False		0	False		0	False		0	False		0	False		0	False		0	False		0	False		0	False		0	membership_only
scTHREAD_NAR_release_20260803	SRR35586356	GSE309071	mouse	ONT	1	False		data/isoquant_smartseq2/GSE309071	data/isoquant_smartseq2/GSE309071	True	data/isoquant_smartseq2/GSE309071		False		0	False		0	False		0	False		0	False		0	False		0	False		0	False		0	False		0	False		0	membership_only
scTHREAD_NAR_release_20260803	SRR35586357	GSE309071	mouse	ONT	1	False		data/isoquant_smartseq2/GSE309071	data/isoquant_smartseq2/GSE309071	True	data/isoquant_smartseq2/GSE309071		False		0	False		0	False		0	False		0	False		0	False		0	False		0	False		0	False		0	False		0	membership_only
scTHREAD_NAR_release_20260803	SRR35586358	GSE309071	mouse	ONT	1	False		data/isoquant_smartseq2/GSE309071	data/isoquant_smartseq2/GSE309071	True	data/isoquant_smartseq2/GSE309071		False		0	False		0	False		0	False		0	False		0	False		0	False		0	False		0	False		0	False		0	membership_only
scTHREAD_NAR_release_20260803	SRR35586359	GSE309071	mouse	ONT	1	False		data/isoquant_smartseq2/GSE309071	data/isoquant_smartseq2/GSE309071	True	data/isoquant_smartseq2/GSE309071		False		0	False		0	False		0	False		0	False		0	False		0	False		0	False		0	False		0	False		0	membership_only
scTHREAD_NAR_release_20260803	SRR35586360	GSE309071	mouse	ONT	1	False		data/isoquant_smartseq2/GSE309071	data/isoquant_smartseq2/GSE309071	True	data/isoquant_smartseq2/GSE309071		False		0	False		0	False		0	False		0	False		0	False		0	False		0	False		0	False		0	False		0	membership_only
scTHREAD_NAR_release_20260803	SRR35586361	GSE309071	mouse	ONT	1	False		data/isoquant_smartseq2/GSE309071	data/isoquant_smartseq2/GSE309071	True	data/isoquant_smartseq2/GSE309071		False		0	False		0	False		0	False		0	False		0	False		0	False		0	False		0	False		0	False		0	membership_only
scTHREAD_NAR_release_20260803	SRR35586362	GSE309071	mouse	ONT	1	False		data/isoquant_smartseq2/GSE309071	data/isoquant_smartseq2/GSE309071	True	data/isoquant_smartseq2/GSE309071		False		0	False		0	False		0	False		0	False		0	False		0	False		0	False		0	False		0	False		0	membership_only
scTHREAD_NAR_release_20260803	SRR35586363	GSE309071	mouse	ONT	1	False		data/isoquant_smartseq2/GSE309071	data/isoquant_smartseq2/GSE309071	True	data/isoquant_smartseq2/GSE309071		False		0	False		0	False		0	False		0	False		0	False		0	False		0	False		0	False		0	False		0	membership_only
scTHREAD_NAR_release_20260803	SRR35586364	GSE309071	mouse	ONT	1	False		data/isoquant_smartseq2/GSE309071	data/isoquant_smartseq2/GSE309071	True	data/isoquant_smartseq2/GSE309071		False		0	False		0	False		0	False		0	False		0	False		0	False		0	False		0	False		0	False		0	membership_only
scTHREAD_NAR_release_20260803	SRR35586365	GSE309071	mouse	ONT	1	False		data/isoquant_smartseq2/GSE309071	data/isoquant_smartseq2/GSE309071	True	data/isoquant_smartseq2/GSE309071		False		0	False		0	False		0	False		0	False		0	False		0	False		0	False		0	False		0	False		0	membership_only
scTHREAD_NAR_release_20260803	SRR35586366	GSE309071	mouse	ONT	1	False		data/isoquant_smartseq2/GSE309071	data/isoquant_smartseq2/GSE309071	True	data/isoquant_smartseq2/GSE309071		False		0	False		0	False		0	False		0	False		0	False		0	False		0	False		0	False		0	False		0	membership_only
scTHREAD_NAR_release_20260803	SRR35586367	GSE309071	mouse	ONT	1	False		data/isoquant_smartseq2/GSE309071	data/isoquant_smartseq2/GSE309071	True	data/isoquant_smartseq2/GSE309071		False		0	False		0	False		0	False		0	False		0	False		0	False		0	False		0	False		0	False		0	membership_only
scTHREAD_NAR_release_20260803	SRR36480452	GSE314176	mouse	PacBio	14400	True	60686	data/isoquant_pacbio/GSE314059/SRR36480452	data/isoquant_pacbio/GSE314059/SRR36480452	True	data/isoquant_pacbio/GSE314059/SRR36480452	SRR36480452	True	data/isoquant_pacbio/GSE314059/SRR36480452/SRR36480452.gene_counts.tsv	848004	True	data/isoquant_pacbio/GSE314059/SRR36480452/SRR36480452.transcript_counts.tsv	3059643	True	data/isoquant_pacbio/GSE314059/SRR36480452/SRR36480452.read_assignments.tsv.gz	2132916069	True	data/isoquant_pacbio/GSE314059/SRR36480452/SRR36480452.transcript_models.gtf	349187267	True	data/isoquant_pacbio/GSE314059/SRR36480452/SRR36480452.extended_annotation.gtf	859598842	True	data/isoquant_pacbio/GSE314059/SRR36480452/SRR36480452.discovered_transcript_counts.tsv	8315655	True	results/paper1/f2_grammar/agg_diu/SRR36480452.diu.parquet	2341330	False		0	False		0	False		0	isoquant_core_complete
scTHREAD_NAR_release_20260803	SRR36480453	GSE314176	mouse	PacBio	12730	True	61170	data/isoquant_pacbio/GSE314059/SRR36480453	data/isoquant_pacbio/GSE314059/SRR36480453	True	data/isoquant_pacbio/GSE314059/SRR36480453	SRR36480453	True	data/isoquant_pacbio/GSE314059/SRR36480453/SRR36480453.gene_counts.tsv	849025	True	data/isoquant_pacbio/GSE314059/SRR36480453/SRR36480453.transcript_counts.tsv	3061268	True	data/isoquant_pacbio/GSE314059/SRR36480453/SRR36480453.read_assignments.tsv.gz	2319608372	True	data/isoquant_pacbio/GSE314059/SRR36480453/SRR36480453.transcript_models.gtf	356443261	True	data/isoquant_pacbio/GSE314059/SRR36480453/SRR36480453.extended_annotation.gtf	862429297	True	data/isoquant_pacbio/GSE314059/SRR36480453/SRR36480453.discovered_transcript_counts.tsv	8524649	True	results/paper1/f2_grammar/agg_diu/SRR36480453.diu.parquet	2382745	False		0	False		0	False		0	isoquant_core_complete
scTHREAD_NAR_release_20260803	SRR36480454	GSE314176	mouse	PacBio	4094	True	8435	data/isoquant_pacbio/GSE314059/SRR36480454	data/isoquant_pacbio/GSE314059/SRR36480454	True	data/isoquant_pacbio/GSE314059/SRR36480454	SRR36480454	True	data/isoquant_pacbio/GSE314059/SRR36480454/SRR36480454.gene_counts.tsv	814542	True	data/isoquant_pacbio/GSE314059/SRR36480454/SRR36480454.transcript_counts.tsv	3020626	True	data/isoquant_pacbio/GSE314059/SRR36480454/SRR36480454.read_assignments.tsv.gz	298573827	True	data/isoquant_pacbio/GSE314059/SRR36480454/SRR36480454.transcript_models.gtf	52190044	True	data/isoquant_pacbio/GSE314059/SRR36480454/SRR36480454.extended_annotation.gtf	776292955	True	data/isoquant_pacbio/GSE314059/SRR36480454/SRR36480454.discovered_transcript_counts.tsv	1366314	True	results/paper1/f2_grammar/agg_diu/SRR36480454.diu.parquet	264075	False		0	False		0	False		0	isoquant_core_complete
scTHREAD_NAR_release_20260803	SRR3224853	GSE76026	mouse	PacBio	1	False		data/isoquant_smartseq2/GSE76026	data/isoquant_smartseq2/GSE76026	True	data/isoquant_smartseq2/GSE76026		False		0	False		0	False		0	False		0	False		0	False		0	False		0	False		0	False		0	False		0	membership_only
scTHREAD_NAR_release_20260803	SRR3224854	GSE76026	mouse	PacBio	1	False		data/isoquant_smartseq2/GSE76026	data/isoquant_smartseq2/GSE76026	True	data/isoquant_smartseq2/GSE76026		False		0	False		0	False		0	False		0	False		0	False		0	False		0	False		0	False		0	False		0	membership_only
scTHREAD_NAR_release_20260803	SRR3224855	GSE76026	mouse	PacBio	1	False		data/isoquant_smartseq2/GSE76026	data/isoquant_smartseq2/GSE76026	True	data/isoquant_smartseq2/GSE76026		False		0	False		0	False		0	False		0	False		0	False		0	False		0	False		0	False		0	False		0	membership_only
scTHREAD_NAR_release_20260803	SRR3224856	GSE76026	mouse	PacBio	1	False		data/isoquant_smartseq2/GSE76026	data/isoquant_smartseq2/GSE76026	True	data/isoquant_smartseq2/GSE76026		False		0	False		0	False		0	False		0	False		0	False		0	False		0	False		0	False		0	False		0	membership_only
scTHREAD_NAR_release_20260803	SRR3224857	GSE76026	mouse	PacBio	1	False		data/isoquant_smartseq2/GSE76026	data/isoquant_smartseq2/GSE76026	True	data/isoquant_smartseq2/GSE76026		False		0	False		0	False		0	False		0	False		0	False		0	False		0	False		0	False		0	False		0	membership_only
scTHREAD_NAR_release_20260803	SRR3224858	GSE76026	mouse	PacBio	1	False		data/isoquant_smartseq2/GSE76026	data/isoquant_smartseq2/GSE76026	True	data/isoquant_smartseq2/GSE76026		False		0	False		0	False		0	False		0	False		0	False		0	False		0	False		0	False		0	False		0	membership_only
scTHREAD_NAR_release_20260803	SRR3224859	GSE76026	mouse	PacBio	1	False		data/isoquant_smartseq2/GSE76026	data/isoquant_smartseq2/GSE76026	True	data/isoquant_smartseq2/GSE76026		False		0	False		0	False		0	False		0	False		0	False		0	False		0	False		0	False		0	False		0	membership_only
scTHREAD_NAR_release_20260803	SRR3224860	GSE76026	mouse	PacBio	1	False		data/isoquant_smartseq2/GSE76026	data/isoquant_smartseq2/GSE76026	True	data/isoquant_smartseq2/GSE76026		False		0	False		0	False		0	False		0	False		0	False		0	False		0	False		0	False		0	False		0	membership_only
scTHREAD_NAR_release_20260803	SRR3224861	GSE76026	mouse	PacBio	1	False		data/isoquant_smartseq2/GSE76026	data/isoquant_smartseq2/GSE76026	True	data/isoquant_smartseq2/GSE76026		False		0	False		0	False		0	False		0	False		0	False		0	False		0	False		0	False		0	False		0	membership_only
scTHREAD_NAR_release_20260803	SRR3224862	GSE76026	mouse	PacBio	1	False		data/isoquant_smartseq2/GSE76026	data/isoquant_smartseq2/GSE76026	True	data/isoquant_smartseq2/GSE76026		False		0	False		0	False		0	False		0	False		0	False		0	False		0	False		0	False		0	False		0	membership_only
scTHREAD_NAR_release_20260803	SRR3224863	GSE76026	mouse	PacBio	1	False		data/isoquant_smartseq2/GSE76026	data/isoquant_smartseq2/GSE76026	True	data/isoquant_smartseq2/GSE76026		False		0	False		0	False		0	False		0	False		0	False		0	False		0	False		0	False		0	False		0	membership_only
scTHREAD_NAR_release_20260803	SRR3224864	GSE76026	mouse	PacBio	1	False		data/isoquant_smartseq2/GSE76026	data/isoquant_smartseq2/GSE76026	True	data/isoquant_smartseq2/GSE76026		False		0	False		0	False		0	False		0	False		0	False		0	False		0	False		0	False		0	False		0	membership_only
scTHREAD_NAR_release_20260803	E6.5	OWN_ASE_scONT	mouse	ONT	8908	True	52660	data/isoquant/OWN_ASE_scONT/E6.5	data/isoquant/OWN_ASE_scONT/E6.5	True	data/isoquant/OWN_ASE_scONT/E6.5/E6.5	E6.5	True	data/isoquant/OWN_ASE_scONT/E6.5/E6.5/E6.5.gene_counts.tsv	849867	True	data/isoquant/OWN_ASE_scONT/E6.5/E6.5/E6.5.transcript_counts.tsv	3068046	True	data/isoquant/OWN_ASE_scONT/E6.5/E6.5/E6.5.read_assignments.tsv.gz	7806764207	True	data/isoquant/OWN_ASE_scONT/E6.5/E6.5/E6.5.transcript_models.gtf	274911483	True	data/isoquant/OWN_ASE_scONT/E6.5/E6.5/E6.5.extended_annotation.gtf	787365899	True	data/isoquant/OWN_ASE_scONT/E6.5/E6.5/E6.5.discovered_transcript_counts.tsv	1938642	True	results/paper1/f2_grammar/agg_diu/E6.5.diu.parquet	2646972	False		0	False		0	False		0	isoquant_core_complete
scTHREAD_NAR_release_20260803	E7.5	OWN_ASE_scONT	mouse	ONT	8125	True	52575	data/isoquant/OWN_ASE_scONT/E7.5	data/isoquant/OWN_ASE_scONT/E7.5	True	data/isoquant/OWN_ASE_scONT/E7.5/E7.5	E7.5	True	data/isoquant/OWN_ASE_scONT/E7.5/E7.5/E7.5.gene_counts.tsv	851065	True	data/isoquant/OWN_ASE_scONT/E7.5/E7.5/E7.5.transcript_counts.tsv	3069169	True	data/isoquant/OWN_ASE_scONT/E7.5/E7.5/E7.5.read_assignments.tsv.gz	7820816665	True	data/isoquant/OWN_ASE_scONT/E7.5/E7.5/E7.5.transcript_models.gtf	279588122	True	data/isoquant/OWN_ASE_scONT/E7.5/E7.5/E7.5.extended_annotation.gtf	789232554	True	data/isoquant/OWN_ASE_scONT/E7.5/E7.5/E7.5.discovered_transcript_counts.tsv	2038568	True	results/paper1/f2_grammar/agg_diu/E7.5.diu.parquet	4887384	False		0	False		0	False		0	isoquant_core_complete
scTHREAD_NAR_release_20260803	E8.5	OWN_ASE_scONT	mouse	ONT	10363	True	51693	data/isoquant/OWN_ASE_scONT/E8.5	data/isoquant/OWN_ASE_scONT/E8.5	True	data/isoquant/OWN_ASE_scONT/E8.5/E8.5	E8.5	True	data/isoquant/OWN_ASE_scONT/E8.5/E8.5/E8.5.gene_counts.tsv	849908	True	data/isoquant/OWN_ASE_scONT/E8.5/E8.5/E8.5.transcript_counts.tsv	3066479	True	data/isoquant/OWN_ASE_scONT/E8.5/E8.5/E8.5.read_assignments.tsv.gz	7606774067	True	data/isoquant/OWN_ASE_scONT/E8.5/E8.5/E8.5.transcript_models.gtf	286043699	True	data/isoquant/OWN_ASE_scONT/E8.5/E8.5/E8.5.extended_annotation.gtf	790399249	True	data/isoquant/OWN_ASE_scONT/E8.5/E8.5/E8.5.discovered_transcript_counts.tsv	2030505	True	results/paper1/f2_grammar/agg_diu/E8.5.diu.parquet	4417919	False		0	False		0	False		0	isoquant_core_complete
scTHREAD_NAR_release_20260803	FJ_E6.5	OWN_ASE_scONT	mouse	ONT	10000	True	52557	data/isoquant/OWN_ASE_scONT/FJ_E6.5	data/isoquant/OWN_ASE_scONT/FJ_E6.5	True	data/isoquant/OWN_ASE_scONT/FJ_E6.5/FJ_E6.5	FJ_E6.5	True	data/isoquant/OWN_ASE_scONT/FJ_E6.5/FJ_E6.5/FJ_E6.5.gene_counts.tsv	850753	True	data/isoquant/OWN_ASE_scONT/FJ_E6.5/FJ_E6.5/FJ_E6.5.transcript_counts.tsv	3070295	True	data/isoquant/OWN_ASE_scONT/FJ_E6.5/FJ_E6.5/FJ_E6.5.read_assignments.tsv.gz	8349202142	True	data/isoquant/OWN_ASE_scONT/FJ_E6.5/FJ_E6.5/FJ_E6.5.transcript_models.gtf	276764652	True	data/isoquant/OWN_ASE_scONT/FJ_E6.5/FJ_E6.5/FJ_E6.5.extended_annotation.gtf	788758263	True	data/isoquant/OWN_ASE_scONT/FJ_E6.5/FJ_E6.5/FJ_E6.5.discovered_transcript_counts.tsv	1963312	True	results/paper1/f2_grammar/agg_diu/FJ_E6.5.diu.parquet	1888630	False		0	False		0	False		0	isoquant_core_complete
scTHREAD_NAR_release_20260803	FJ_E7.5	OWN_ASE_scONT	mouse	ONT	13621	True	56288	data/isoquant/OWN_ASE_scONT/FJ_E7.5	data/isoquant/OWN_ASE_scONT/FJ_E7.5	True	data/isoquant/OWN_ASE_scONT/FJ_E7.5/FJ_E7.5	FJ_E7.5	True	data/isoquant/OWN_ASE_scONT/FJ_E7.5/FJ_E7.5/FJ_E7.5.gene_counts.tsv	851487	True	data/isoquant/OWN_ASE_scONT/FJ_E7.5/FJ_E7.5/FJ_E7.5.transcript_counts.tsv	3072456	True	data/isoquant/OWN_ASE_scONT/FJ_E7.5/FJ_E7.5/FJ_E7.5.read_assignments.tsv.gz	8135896492	True	data/isoquant/OWN_ASE_scONT/FJ_E7.5/FJ_E7.5/FJ_E7.5.transcript_models.gtf	288253708	True	data/isoquant/OWN_ASE_scONT/FJ_E7.5/FJ_E7.5/FJ_E7.5.extended_annotation.gtf	786773239	True	data/isoquant/OWN_ASE_scONT/FJ_E7.5/FJ_E7.5/FJ_E7.5.discovered_transcript_counts.tsv	1982357	True	results/paper1/f2_grammar/agg_diu/FJ_E7.5.diu.parquet	4708435	False		0	False		0	False		0	isoquant_core_complete
scTHREAD_NAR_release_20260803	FJ_E8.5	OWN_ASE_scONT	mouse	ONT	17400	True	57598	data/isoquant/OWN_ASE_scONT/FJ_E8.5	data/isoquant/OWN_ASE_scONT/FJ_E8.5	True	data/isoquant/OWN_ASE_scONT/FJ_E8.5/FJ_E8.5	FJ_E8.5	True	data/isoquant/OWN_ASE_scONT/FJ_E8.5/FJ_E8.5/FJ_E8.5.gene_counts.tsv	854901	True	data/isoquant/OWN_ASE_scONT/FJ_E8.5/FJ_E8.5/FJ_E8.5.transcript_counts.tsv	3077613	True	data/isoquant/OWN_ASE_scONT/FJ_E8.5/FJ_E8.5/FJ_E8.5.read_assignments.tsv.gz	9150822551	True	data/isoquant/OWN_ASE_scONT/FJ_E8.5/FJ_E8.5/FJ_E8.5.transcript_models.gtf	291627180	True	data/isoquant/OWN_ASE_scONT/FJ_E8.5/FJ_E8.5/FJ_E8.5.extended_annotation.gtf	793412233	True	data/isoquant/OWN_ASE_scONT/FJ_E8.5/FJ_E8.5/FJ_E8.5.discovered_transcript_counts.tsv	2416067	True	results/paper1/f2_grammar/agg_diu/FJ_E8.5.diu.parquet	6747384	False		0	False		0	False		0	isoquant_core_complete
scTHREAD_NAR_release_20260803	A1	benagen_human_ovary	human	ONT	12650	True	47671	data/isoquant/benagen_human_ovary/A1	data/isoquant/benagen_human_ovary/A1	True	data/isoquant/benagen_human_ovary/A1	A1	True	data/isoquant/benagen_human_ovary/A1/A1.gene_counts.tsv	837372	True	data/isoquant/benagen_human_ovary/A1/A1.transcript_counts.tsv	4767571	True	data/isoquant/benagen_human_ovary/A1/A1.read_assignments.tsv.gz	820561716	True	data/isoquant/benagen_human_ovary/A1/A1.transcript_models.gtf	249316639	True	data/isoquant/benagen_human_ovary/A1/A1.extended_annotation.gtf	1358855139	True	data/isoquant/benagen_human_ovary/A1/A1.discovered_transcript_counts.tsv	1493234	True	results/paper1/f2_grammar/agg_diu/A1.diu.parquet	762780	True	results/paper1/f2_grammar/agg_apa/A1.apa.parquet	5074744	True	results/paper1/f2_grammar/agg_jct/A1.jct_ct.parquet	20484324	True	results/paper1/f2_grammar/agg_ase_ct/A1.ase_ct.parquet	558236	isoquant_core_complete
scTHREAD_NAR_release_20260803	Y1	benagen_human_ovary	human	ONT	16271	True	47065	data/isoquant/benagen_human_ovary/Y1	data/isoquant/benagen_human_ovary/Y1	True	data/isoquant/benagen_human_ovary/Y1	Y1	True	data/isoquant/benagen_human_ovary/Y1/Y1.gene_counts.tsv	837309	True	data/isoquant/benagen_human_ovary/Y1/Y1.transcript_counts.tsv	4767169	True	data/isoquant/benagen_human_ovary/Y1/Y1.read_assignments.tsv.gz	799699822	True	data/isoquant/benagen_human_ovary/Y1/Y1.transcript_models.gtf	247745780	True	data/isoquant/benagen_human_ovary/Y1/Y1.extended_annotation.gtf	1359337026	True	data/isoquant/benagen_human_ovary/Y1/Y1.discovered_transcript_counts.tsv	1513815	True	results/paper1/f2_grammar/agg_diu/Y1.diu.parquet	905048	True	results/paper1/f2_grammar/agg_apa/Y1.apa.parquet	5779194	True	results/paper1/f2_grammar/agg_jct/Y1.jct_ct.parquet	22455662	True	results/paper1/f2_grammar/agg_ase_ct/Y1.ase_ct.parquet	702212	isoquant_core_complete
scTHREAD_NAR_release_20260803	benagen_ovary_Young2_ONT	benagen_human_ovary	human	ONT	16576	True	40556	data/isoquant/benagen_human_ovary/Young2	data/isoquant/benagen_human_ovary/Young2	True	data/isoquant/benagen_human_ovary/Young2	Young2	True	data/isoquant/benagen_human_ovary/Young2/Young2.gene_counts.tsv	835011	True	data/isoquant/benagen_human_ovary/Young2/Young2.transcript_counts.tsv	4762757	True	data/isoquant/benagen_human_ovary/Young2/Young2.read_assignments.tsv.gz	891268360	True	data/isoquant/benagen_human_ovary/Young2/Young2.transcript_models.gtf	208333189	True	data/isoquant/benagen_human_ovary/Young2/Young2.extended_annotation.gtf	1360987035	True	data/isoquant/benagen_human_ovary/Young2/Young2.discovered_transcript_counts.tsv	1542468	False		0	False		0	False		0	False		0	isoquant_core_complete
