release	srr	gse	species	platform	ena_assay	biology_group	description	pipeline	isoquant_status	isoquant_cells	isoquant_cells_method	isoquant_transcripts	annotation_status	annotation_method	metadata_resolution
scTHREAD_NAR_release_20260803	CT	GSA_mouse_testis_11week	mouse	ONT	scONT	Tissue atlas	Adult mouse testis long-read transcriptomes		done	23549	wf_tagged_barcodes	36273	annotated	computational_v2	
scTHREAD_NAR_release_20260803	MTECTRSCRNAONTR2	GSA_mouse_testis_11week	mouse	ONT	scONT	Tissue atlas	Adult mouse testis long-read transcriptomes		done	16036	wf_tagged_barcodes	36123	annotated	computational_v2	
scTHREAD_NAR_release_20260803	SRR7173239	GSE114157	mouse	ONT	bulk-longread	Inner ear	Single-cell Nanopore sequencing of cochlear outer hair cells	EXCLUDE	done	1	smartseq2_one_well		annotated	author_cell_type	
scTHREAD_NAR_release_20260803	SRR7173240	GSE114157	mouse	ONT	bulk-longread	Inner ear	Single-cell Nanopore sequencing of cochlear outer hair cells	EXCLUDE	done	1	smartseq2_one_well		annotated	author_cell_type	
scTHREAD_NAR_release_20260803	SRR7173241	GSE114157	mouse	ONT	bulk-longread	Inner ear	Single-cell Nanopore sequencing of cochlear outer hair cells	EXCLUDE	done	1	smartseq2_one_well		annotated	author_cell_type	
scTHREAD_NAR_release_20260803	SRR7173242	GSE114157	mouse	ONT	bulk-longread	Inner ear	Single-cell Nanopore sequencing of cochlear outer hair cells	EXCLUDE	done	1	smartseq2_one_well		annotated	author_cell_type	
scTHREAD_NAR_release_20260803	SRR7173246	GSE114157	mouse	ONT	bulk-longread	Inner ear	Single-cell Nanopore sequencing of cochlear outer hair cells	EXCLUDE	done	1	smartseq2_one_well		annotated	author_cell_type	
scTHREAD_NAR_release_20260803	SRR9008425	GSE130708	mouse	ONT	scONT	Developmental atlas	Error-corrected Nanopore single-cell transcriptomes from the E18 brain	EXCLUDE	done	177	wf_tagged_barcodes	17848	annotated	author_cell_type	
scTHREAD_NAR_release_20260803	SRR9008427	GSE130708	mouse	ONT	scONT	Developmental atlas	Error-corrected Nanopore single-cell transcriptomes from the E18 brain	EXCLUDE	done	827	wf_tagged_barcodes	16782	annotated	author_cell_type	
scTHREAD_NAR_release_20260803	SRR9008428	GSE130708	mouse	ONT	scONT	Developmental atlas	Error-corrected Nanopore single-cell transcriptomes from the E18 brain	wf-single-cell	done	896	wf_tagged_barcodes	20869	annotated	author_cell_type	
scTHREAD_NAR_release_20260803	SRR9008429	GSE130708	mouse	ONT	scONT	Developmental atlas	Error-corrected Nanopore single-cell transcriptomes from the E18 brain	wf-single-cell	done	922	wf_tagged_barcodes	22375	annotated	author_cell_type	
scTHREAD_NAR_release_20260803	SRR9008431	GSE130708	mouse	ONT	scONT	Developmental atlas	Error-corrected Nanopore single-cell transcriptomes from the E18 brain	EXCLUDE	done	917	wf_tagged_barcodes	20940	annotated	author_cell_type	
scTHREAD_NAR_release_20260803	SRR9008433	GSE130708	mouse	ONT	scONT	Developmental atlas	Error-corrected Nanopore single-cell transcriptomes from the E18 brain	wf-single-cell	done	905	wf_tagged_barcodes	19001	annotated	author_cell_type	
scTHREAD_NAR_release_20260803	SRR12699083	GSE158450	mouse	PacBio	bulk-longread	Tissue atlas	Brain-region- and cell-type-specific isoform usage during postnatal development	unclassified	done	7286	min_genes>=200	37347	annotated	author_cell_type	
scTHREAD_NAR_release_20260803	SRR12699084	GSE158450	mouse	PacBio	bulk-longread	Tissue atlas	Brain-region- and cell-type-specific isoform usage during postnatal development	unclassified	done	5273	min_genes>=200	25993	annotated	author_cell_type	
scTHREAD_NAR_release_20260803	SRR12699085	GSE158450	mouse	PacBio	bulk-longread	Tissue atlas	Brain-region- and cell-type-specific isoform usage during postnatal development	unclassified	done	3146	min_genes>=200	26624	annotated	author_cell_type	
scTHREAD_NAR_release_20260803	SRR12699086	GSE158450	mouse	PacBio	bulk-longread	Tissue atlas	Brain-region- and cell-type-specific isoform usage during postnatal development	wf-single-cell	done	2474	min_genes>=200	22505	annotated	author_cell_type	
scTHREAD_NAR_release_20260803	SRR14808726	GSE178175	human	PacBio	scPacBio	Tissue atlas	Single-nucleus isoform sequencing of human frontal cortex with a mouse hippocampus sample	wf-single-cell	done	5135	wf_tagged_barcodes	4916	annotated	computational_v2	
scTHREAD_NAR_release_20260803	SRR14808727	GSE178175	human	PacBio	scPacBio	Tissue atlas	Single-nucleus isoform sequencing of human frontal cortex with a mouse hippocampus sample	wf-single-cell	done	5224	wf_tagged_barcodes	6786	annotated	computational_v2	
scTHREAD_NAR_release_20260803	SRR14808728	GSE178175	human	PacBio	scPacBio	Tissue atlas	Single-nucleus isoform sequencing of human frontal cortex with a mouse hippocampus sample	wf-single-cell	done	7739	wf_tagged_barcodes	16116	annotated	computational_v2	
scTHREAD_NAR_release_20260803	SRR14808729	GSE178175	human	PacBio	scPacBio	Tissue atlas	Single-nucleus isoform sequencing of human frontal cortex with a mouse hippocampus sample	wf-single-cell	done	7738	wf_tagged_barcodes	19118	annotated	computational_v2	
scTHREAD_NAR_release_20260803	SRR14808730	GSE178175	human	PacBio	scPacBio	Tissue atlas	Single-nucleus isoform sequencing of human frontal cortex with a mouse hippocampus sample	wf-single-cell	done	7658	wf_tagged_barcodes	18013	annotated	computational_v2	
scTHREAD_NAR_release_20260803	SRR14808732	GSE178175	human	PacBio	scPacBio	Tissue atlas	Single-nucleus isoform sequencing of human frontal cortex with a mouse hippocampus sample	wf-single-cell	done	7745	wf_tagged_barcodes	17763	annotated	computational_v2	
scTHREAD_NAR_release_20260803	SRR14808733	GSE178175	human	PacBio	scPacBio	Tissue atlas	Single-nucleus isoform sequencing of human frontal cortex with a mouse hippocampus sample	wf-single-cell	done	7692	wf_tagged_barcodes	17390	annotated	computational_v2	
scTHREAD_NAR_release_20260803	SRR14808735	GSE178175	human	PacBio	scPacBio	Tissue atlas	Single-nucleus isoform sequencing of human frontal cortex with a mouse hippocampus sample	wf-single-cell	done	7639	wf_tagged_barcodes	16457	annotated	computational_v2	
scTHREAD_NAR_release_20260803	SRR14808736	GSE178175	human	PacBio	scPacBio	Tissue atlas	Single-nucleus isoform sequencing of human frontal cortex with a mouse hippocampus sample	wf-single-cell	done	5851	wf_tagged_barcodes	9020	annotated	computational_v2	
scTHREAD_NAR_release_20260803	SRR14808737	GSE178175	human	PacBio	scPacBio	Tissue atlas	Single-nucleus isoform sequencing of human frontal cortex with a mouse hippocampus sample	wf-single-cell	done	3881	wf_tagged_barcodes	4260	annotated	computational_v2	
scTHREAD_NAR_release_20260803	SRR14808738	GSE178175	human	PacBio	scPacBio	Tissue atlas	Single-nucleus isoform sequencing of human frontal cortex with a mouse hippocampus sample	wf-single-cell	done	4719	wf_tagged_barcodes	6213	annotated	computational_v2	
scTHREAD_NAR_release_20260803	SRR14808739	GSE178175	human	PacBio	scPacBio	Tissue atlas	Single-nucleus isoform sequencing of human frontal cortex with a mouse hippocampus sample	wf-single-cell	done	4243	wf_tagged_barcodes	5050	annotated	computational_v2	
scTHREAD_NAR_release_20260803	SRR14808740	GSE178175	human	PacBio	scPacBio	Tissue atlas	Single-nucleus isoform sequencing of human frontal cortex with a mouse hippocampus sample	wf-single-cell	done	6239	wf_tagged_barcodes	11334	annotated	computational_v2	
scTHREAD_NAR_release_20260803	SRR14808741	GSE178175	human	PacBio	scPacBio	Tissue atlas	Single-nucleus isoform sequencing of human frontal cortex with a mouse hippocampus sample	wf-single-cell	done	4078	wf_tagged_barcodes	4953	annotated	computational_v2	
scTHREAD_NAR_release_20260803	SRR14808743	GSE178175	human	ONT	scONT	Tissue atlas	Single-nucleus isoform sequencing of human frontal cortex with a mouse hippocampus sample	wf-single-cell	done	7770	wf_tagged_barcodes	39616	annotated	computational_v2	
scTHREAD_NAR_release_20260803	SRR14808744	GSE178175	human	ONT	scONT	Tissue atlas	Single-nucleus isoform sequencing of human frontal cortex with a mouse hippocampus sample	wf-single-cell	done	678	wf_tagged_barcodes	673	annotated	computational_v2	
scTHREAD_NAR_release_20260803	SRR14808745	GSE178175	human	ONT	scONT	Tissue atlas	Single-nucleus isoform sequencing of human frontal cortex with a mouse hippocampus sample	wf-single-cell	done	7879	wf_tagged_barcodes	57758	annotated	computational_v2	
scTHREAD_NAR_release_20260803	SRR14808746	GSE178175	human	ONT	scONT	Tissue atlas	Single-nucleus isoform sequencing of human frontal cortex with a mouse hippocampus sample	wf-single-cell	done	7050	wf_tagged_barcodes	52084	annotated	computational_v2	
scTHREAD_NAR_release_20260803	SRR14808747	GSE178175	human	ONT	scONT	Tissue atlas	Single-nucleus isoform sequencing of human frontal cortex with a mouse hippocampus sample	wf-single-cell	done	1153	wf_tagged_barcodes	1181	annotated	computational_v2	
scTHREAD_NAR_release_20260803	SRR17074937	GSE178175	human	PacBio	scPacBio	Tissue atlas	Single-nucleus isoform sequencing of human frontal cortex with a mouse hippocampus sample	wf-single-cell	done	6016	wf_tagged_barcodes	7227	annotated	computational_v2	
scTHREAD_NAR_release_20260803	SRR17074938	GSE178175	mouse	ONT	scONT	Tissue atlas	Single-nucleus isoform sequencing of human frontal cortex with a mouse hippocampus sample	wf-single-cell	done	5117	wf_tagged_barcodes	20565	annotated	computational_v2	
scTHREAD_NAR_release_20260803	SRR16248566	GSE185554	mouse	ONT	scONT-plate	Developmental atlas	Arterial and hemogenic endothelial cells during embryonic hematopoiesis	EXCLUDE	done	1	smartseq2_one_well		annotated	computational_v2	
scTHREAD_NAR_release_20260803	SRR16248568	GSE185554	mouse	ONT	scONT-plate	Developmental atlas	Arterial and hemogenic endothelial cells during embryonic hematopoiesis	EXCLUDE	done	1	smartseq2_one_well		annotated	computational_v2	
scTHREAD_NAR_release_20260803	SRR16248569	GSE185554	mouse	ONT	scONT-plate	Developmental atlas	Arterial and hemogenic endothelial cells during embryonic hematopoiesis	EXCLUDE	done	1	smartseq2_one_well		annotated	computational_v2	
scTHREAD_NAR_release_20260803	SRR16248570	GSE185554	mouse	ONT	scONT-plate	Developmental atlas	Arterial and hemogenic endothelial cells during embryonic hematopoiesis	EXCLUDE	done	1	smartseq2_one_well		annotated	computational_v2	
scTHREAD_NAR_release_20260803	SRR16248571	GSE185554	mouse	ONT	scONT-plate	Developmental atlas	Arterial and hemogenic endothelial cells during embryonic hematopoiesis	EXCLUDE	done	1	smartseq2_one_well		annotated	computational_v2	
scTHREAD_NAR_release_20260803	SRR16248573	GSE185554	mouse	ONT	scONT-plate	Developmental atlas	Arterial and hemogenic endothelial cells during embryonic hematopoiesis	EXCLUDE	done	1	smartseq2_one_well		annotated	computational_v2	
scTHREAD_NAR_release_20260803	SRR16248574	GSE185554	mouse	ONT	scONT-plate	Developmental atlas	Arterial and hemogenic endothelial cells during embryonic hematopoiesis	EXCLUDE	done	1	smartseq2_one_well		annotated	computational_v2	
scTHREAD_NAR_release_20260803	SRR16248575	GSE185554	mouse	ONT	scONT-plate	Developmental atlas	Arterial and hemogenic endothelial cells during embryonic hematopoiesis	EXCLUDE	done	1	smartseq2_one_well		annotated	computational_v2	
scTHREAD_NAR_release_20260803	SRR16248576	GSE185554	mouse	ONT	scONT-plate	Developmental atlas	Arterial and hemogenic endothelial cells during embryonic hematopoiesis	EXCLUDE	done	1	smartseq2_one_well		annotated	computational_v2	
scTHREAD_NAR_release_20260803	SRR16248577	GSE185554	mouse	ONT	scONT-plate	Developmental atlas	Arterial and hemogenic endothelial cells during embryonic hematopoiesis	EXCLUDE	done	1	smartseq2_one_well		annotated	computational_v2	
scTHREAD_NAR_release_20260803	SRR16248578	GSE185554	mouse	ONT	scONT-plate	Developmental atlas	Arterial and hemogenic endothelial cells during embryonic hematopoiesis	EXCLUDE	done	1	smartseq2_one_well		annotated	computational_v2	
scTHREAD_NAR_release_20260803	SRR16248579	GSE185554	mouse	ONT	scONT-plate	Developmental atlas	Arterial and hemogenic endothelial cells during embryonic hematopoiesis	EXCLUDE	done	1	smartseq2_one_well		annotated	computational_v2	
scTHREAD_NAR_release_20260803	SRR16248581	GSE185554	mouse	ONT	scONT-plate	Developmental atlas	Arterial and hemogenic endothelial cells during embryonic hematopoiesis	EXCLUDE	done	1	smartseq2_one_well		annotated	computational_v2	
scTHREAD_NAR_release_20260803	SRR16248582	GSE185554	mouse	ONT	scONT-plate	Developmental atlas	Arterial and hemogenic endothelial cells during embryonic hematopoiesis	EXCLUDE	done	1	smartseq2_one_well		annotated	computational_v2	
scTHREAD_NAR_release_20260803	SRR16248583	GSE185554	mouse	ONT	scONT-plate	Developmental atlas	Arterial and hemogenic endothelial cells during embryonic hematopoiesis	EXCLUDE	done	1	smartseq2_one_well		annotated	computational_v2	
scTHREAD_NAR_release_20260803	SRR16248584	GSE185554	mouse	ONT	scONT-plate	Developmental atlas	Arterial and hemogenic endothelial cells during embryonic hematopoiesis	EXCLUDE	done	1	smartseq2_one_well		annotated	computational_v2	
scTHREAD_NAR_release_20260803	SRR16248585	GSE185554	mouse	ONT	scONT-plate	Developmental atlas	Arterial and hemogenic endothelial cells during embryonic hematopoiesis	EXCLUDE	done	1	smartseq2_one_well		annotated	computational_v2	
scTHREAD_NAR_release_20260803	SRR16248586	GSE185554	mouse	ONT	scONT-plate	Developmental atlas	Arterial and hemogenic endothelial cells during embryonic hematopoiesis	EXCLUDE	done	1	smartseq2_one_well		annotated	computational_v2	
scTHREAD_NAR_release_20260803	SRR16248587	GSE185554	mouse	ONT	scONT-plate	Developmental atlas	Arterial and hemogenic endothelial cells during embryonic hematopoiesis	EXCLUDE	done	1	smartseq2_one_well		annotated	computational_v2	
scTHREAD_NAR_release_20260803	SRR16248588	GSE185554	mouse	ONT	scONT-plate	Developmental atlas	Arterial and hemogenic endothelial cells during embryonic hematopoiesis	EXCLUDE	done	1	smartseq2_one_well		annotated	computational_v2	
scTHREAD_NAR_release_20260803	SRR16248589	GSE185554	mouse	ONT	scONT-plate	Developmental atlas	Arterial and hemogenic endothelial cells during embryonic hematopoiesis	EXCLUDE	done	1	smartseq2_one_well		annotated	computational_v2	
scTHREAD_NAR_release_20260803	SRR16248590	GSE185554	mouse	ONT	scONT-plate	Developmental atlas	Arterial and hemogenic endothelial cells during embryonic hematopoiesis	EXCLUDE	done	1	smartseq2_one_well		annotated	computational_v2	
scTHREAD_NAR_release_20260803	SRR16248591	GSE185554	mouse	ONT	scONT-plate	Developmental atlas	Arterial and hemogenic endothelial cells during embryonic hematopoiesis	EXCLUDE	done	1	smartseq2_one_well		annotated	computational_v2	
scTHREAD_NAR_release_20260803	SRR16248592	GSE185554	mouse	ONT	scONT-plate	Developmental atlas	Arterial and hemogenic endothelial cells during embryonic hematopoiesis	EXCLUDE	done	1	smartseq2_one_well		annotated	computational_v2	
scTHREAD_NAR_release_20260803	SRR16248593	GSE185554	mouse	ONT	scONT-plate	Developmental atlas	Arterial and hemogenic endothelial cells during embryonic hematopoiesis	EXCLUDE	done	1	smartseq2_one_well		annotated	computational_v2	
scTHREAD_NAR_release_20260803	SRR16248594	GSE185554	mouse	ONT	scONT-plate	Developmental atlas	Arterial and hemogenic endothelial cells during embryonic hematopoiesis	EXCLUDE	done	1	smartseq2_one_well		annotated	computational_v2	
scTHREAD_NAR_release_20260803	SRR16248595	GSE185554	mouse	ONT	scONT-plate	Developmental atlas	Arterial and hemogenic endothelial cells during embryonic hematopoiesis	EXCLUDE	done	1	smartseq2_one_well		annotated	computational_v2	
scTHREAD_NAR_release_20260803	SRR16248596	GSE185554	mouse	ONT	scONT-plate	Developmental atlas	Arterial and hemogenic endothelial cells during embryonic hematopoiesis	EXCLUDE	done	1	smartseq2_one_well		annotated	computational_v2	
scTHREAD_NAR_release_20260803	SRR16248597	GSE185554	mouse	ONT	scONT-plate	Developmental atlas	Arterial and hemogenic endothelial cells during embryonic hematopoiesis	EXCLUDE	done	1	smartseq2_one_well		annotated	computational_v2	
scTHREAD_NAR_release_20260803	SRR16248598	GSE185554	mouse	ONT	scONT-plate	Developmental atlas	Arterial and hemogenic endothelial cells during embryonic hematopoiesis	EXCLUDE	done	1	smartseq2_one_well		annotated	computational_v2	
scTHREAD_NAR_release_20260803	SRR16248599	GSE185554	mouse	ONT	scONT-plate	Developmental atlas	Arterial and hemogenic endothelial cells during embryonic hematopoiesis	EXCLUDE	done	1	smartseq2_one_well		annotated	computational_v2	
scTHREAD_NAR_release_20260803	SRR16248601	GSE185554	mouse	ONT	scONT-plate	Developmental atlas	Arterial and hemogenic endothelial cells during embryonic hematopoiesis	EXCLUDE	done	1	smartseq2_one_well		annotated	computational_v2	
scTHREAD_NAR_release_20260803	SRR16248602	GSE185554	mouse	ONT	scONT-plate	Developmental atlas	Arterial and hemogenic endothelial cells during embryonic hematopoiesis	EXCLUDE	done	1	smartseq2_one_well		annotated	computational_v2	
scTHREAD_NAR_release_20260803	SRR16248603	GSE185554	mouse	ONT	scONT-plate	Developmental atlas	Arterial and hemogenic endothelial cells during embryonic hematopoiesis	EXCLUDE	done	1	smartseq2_one_well		annotated	computational_v2	
scTHREAD_NAR_release_20260803	SRR16248606	GSE185554	mouse	ONT	scONT-plate	Developmental atlas	Arterial and hemogenic endothelial cells during embryonic hematopoiesis	EXCLUDE	done	1	smartseq2_one_well		annotated	computational_v2	
scTHREAD_NAR_release_20260803	SRR16248607	GSE185554	mouse	ONT	scONT-plate	Developmental atlas	Arterial and hemogenic endothelial cells during embryonic hematopoiesis	EXCLUDE	done	1	smartseq2_one_well		annotated	computational_v2	
scTHREAD_NAR_release_20260803	SRR16248608	GSE185554	mouse	ONT	scONT-plate	Developmental atlas	Arterial and hemogenic endothelial cells during embryonic hematopoiesis	EXCLUDE	done	1	smartseq2_one_well		annotated	computational_v2	
scTHREAD_NAR_release_20260803	SRR16248609	GSE185554	mouse	ONT	scONT-plate	Developmental atlas	Arterial and hemogenic endothelial cells during embryonic hematopoiesis	EXCLUDE	done	1	smartseq2_one_well		annotated	computational_v2	
scTHREAD_NAR_release_20260803	SRR16248610	GSE185554	mouse	ONT	scONT-plate	Developmental atlas	Arterial and hemogenic endothelial cells during embryonic hematopoiesis	EXCLUDE	done	1	smartseq2_one_well		annotated	computational_v2	
scTHREAD_NAR_release_20260803	SRR16248611	GSE185554	mouse	ONT	scONT-plate	Developmental atlas	Arterial and hemogenic endothelial cells during embryonic hematopoiesis	EXCLUDE	done	1	smartseq2_one_well		annotated	computational_v2	
scTHREAD_NAR_release_20260803	SRR16248612	GSE185554	mouse	ONT	scONT-plate	Developmental atlas	Arterial and hemogenic endothelial cells during embryonic hematopoiesis	EXCLUDE	done	1	smartseq2_one_well		annotated	computational_v2	
scTHREAD_NAR_release_20260803	SRR16248613	GSE185554	mouse	ONT	scONT-plate	Developmental atlas	Arterial and hemogenic endothelial cells during embryonic hematopoiesis	EXCLUDE	done	1	smartseq2_one_well		annotated	computational_v2	
scTHREAD_NAR_release_20260803	SRR21492154	GSE212945	human	ONT	scONT	Tumor and cell-line atlas	Melanoma and renal-cell carcinoma nuclei plus A375 and H2030 cell lines	wf-single-cell	done	6603	wf_tagged_barcodes	51834	annotated	computational_v2	
scTHREAD_NAR_release_20260803	SRR21492155	GSE212945	human	ONT	scONT	Tumor and cell-line atlas	Melanoma and renal-cell carcinoma nuclei plus A375 and H2030 cell lines	wf-single-cell	done	8429	wf_tagged_barcodes	52177	annotated	computational_v2	
scTHREAD_NAR_release_20260803	SRR21492156	GSE212945	human	ONT	scONT	Tumor and cell-line atlas	Melanoma and renal-cell carcinoma nuclei plus A375 and H2030 cell lines	wf-single-cell	done	3690	wf_tagged_barcodes	50813	annotated	computational_v2	
scTHREAD_NAR_release_20260803	SRR21492157	GSE212945	human	ONT	scONT	Tumor and cell-line atlas	Melanoma and renal-cell carcinoma nuclei plus A375 and H2030 cell lines	wf-single-cell	done	3587	wf_tagged_barcodes	41320	annotated	computational_v2	
scTHREAD_NAR_release_20260803	SRR34318914	GSE212945	human	ONT	scONT	Tumor and cell-line atlas	Melanoma and renal-cell carcinoma nuclei plus A375 and H2030 cell lines	wf-single-cell	done	3672	wf_tagged_barcodes	49600	annotated	computational_v2	
scTHREAD_NAR_release_20260803	SRR34318915	GSE212945	human	ONT	scONT	Tumor and cell-line atlas	Melanoma and renal-cell carcinoma nuclei plus A375 and H2030 cell lines	wf-single-cell	done	4059	wf_tagged_barcodes	28873	annotated	computational_v2	
scTHREAD_NAR_release_20260803	SRR21714350	GSE214231	human	PacBio	scPacBio	Cell therapy	Long-read profiling of engineered CAR T-cell constructs and states	unclassified	done	0	min_genes>=200	868	annotated	computational_v2	
scTHREAD_NAR_release_20260803	SRR21714351	GSE214231	human	PacBio	scPacBio	Cell therapy	Long-read profiling of engineered CAR T-cell constructs and states	unclassified	done	0	min_genes>=200	810	annotated	computational_v2	
scTHREAD_NAR_release_20260803	SRR21714352	GSE214231	human	PacBio	scPacBio	Cell therapy	Long-read profiling of engineered CAR T-cell constructs and states	unclassified	done	0	min_genes>=200	631	annotated	computational_v2	
scTHREAD_NAR_release_20260803	SRR21714353	GSE214231	human	PacBio	scPacBio	Cell therapy	Long-read profiling of engineered CAR T-cell constructs and states	unclassified	done	0	min_genes>=200	2391	annotated	computational_v2	
scTHREAD_NAR_release_20260803	SRR21714354	GSE214231	human	PacBio	scPacBio	Cell therapy	Long-read profiling of engineered CAR T-cell constructs and states	unclassified	done	0	min_genes>=200	286	annotated	computational_v2	
scTHREAD_NAR_release_20260803	SRR21714355	GSE214231	human	PacBio	scPacBio	Cell therapy	Long-read profiling of engineered CAR T-cell constructs and states	unclassified	done	0	min_genes>=200	584	annotated	computational_v2	
scTHREAD_NAR_release_20260803	SRR23271781	GSE224045	human	ONT	bulk-longread	Cell-line benchmark	Mixture of H2228, H1975, A549, H838 and HCC827 cells	wf-single-cell	done	8756	wf_tagged_barcodes	54954	annotated	computational_v2	
scTHREAD_NAR_release_20260803	SRR26865982	GSE248118	human	ONT	scONT	Cell-line benchmark	PromethION mixture of IGROV1, SK-OV-3 and COV504 cells	wf-single-cell	done	2331	wf_tagged_barcodes	63178	annotated	computational_v2	
scTHREAD_NAR_release_20260803	SRR27237241	GSE250381	mouse	PacBio	scPacBio	Developmental atlas	HIT-scISOseq profiling across preimplantation development	unclassified	done	17	min_genes>=200	10409	annotated	computational_v2	
scTHREAD_NAR_release_20260803	SRR27237242	GSE250381	mouse	PacBio	scPacBio	Developmental atlas	HIT-scISOseq profiling across preimplantation development	unclassified	done	88	min_genes>=200	18948	annotated	computational_v2	
scTHREAD_NAR_release_20260803	SRR27237243	GSE250381	mouse	PacBio	scPacBio	Developmental atlas	HIT-scISOseq profiling across preimplantation development	unclassified	done	87	min_genes>=200	17218	annotated	computational_v2	
scTHREAD_NAR_release_20260803	SRR27237244	GSE250381	mouse	PacBio	scPacBio	Developmental atlas	HIT-scISOseq profiling across preimplantation development	unclassified	done	51	min_genes>=200	16764	annotated	computational_v2	
scTHREAD_NAR_release_20260803	SRR27405402	GSE252344	human	PacBio	scPacBio	Clinical cohort	Targeted single-cell transcript resequencing in follicular lymphoma	unclassified	done	45	min_genes>=200	15624	annotated	computational_v2	
scTHREAD_NAR_release_20260803	SRR27406895	GSE252416	human	PacBio	scPacBio	Clinical cohort	Targeted genotype-to-transcript profiling in follicular lymphoma	starsolo-cellranger	done	0	min_genes>=200	7929	annotated	computational_v2	
scTHREAD_NAR_release_20260803	SRR27935476	GSE255520	mouse	ONT	scONT	Tissue atlas	Retina and retinal ganglion cell isoform transcriptomes	wf-single-cell	done	2396	wf_tagged_barcodes	21414	annotated	computational_v2	
scTHREAD_NAR_release_20260803	SRR27935477	GSE255520	mouse	ONT	scONT	Tissue atlas	Retina and retinal ganglion cell isoform transcriptomes	wf-single-cell	done	6398	wf_tagged_barcodes	22581	annotated	computational_v2	
scTHREAD_NAR_release_20260803	SRR27935479	GSE255520	mouse	ONT	scONT	Tissue atlas	Retina and retinal ganglion cell isoform transcriptomes	wf-single-cell	done	2895	wf_tagged_barcodes	20017	annotated	computational_v2	
scTHREAD_NAR_release_20260803	SRR30166096	GSE274249	human	ONT	scONT	Differentiation	Long-read isoform profiles across cortical-layer neuronal differentiation	wf-single-cell	done	8736	wf_tagged_barcodes	61055	annotated	computational_v2	
scTHREAD_NAR_release_20260803	SRR30166097	GSE274249	human	ONT	scONT	Differentiation	Long-read isoform profiles across cortical-layer neuronal differentiation	wf-single-cell	done	8776	wf_tagged_barcodes	33683	annotated	computational_v2	
scTHREAD_NAR_release_20260803	SRR30166098	GSE274249	human	ONT	scONT	Differentiation	Long-read isoform profiles across cortical-layer neuronal differentiation	wf-single-cell	done	8730	wf_tagged_barcodes	67069	annotated	computational_v2	
scTHREAD_NAR_release_20260803	SRR30166099	GSE274249	human	ONT	scONT	Differentiation	Long-read isoform profiles across cortical-layer neuronal differentiation	wf-single-cell	done	8731	wf_tagged_barcodes	34012	annotated	computational_v2	
scTHREAD_NAR_release_20260803	SRR30209150	GSE274527	mouse	ONT	bulk-longread	Developmental atlas	Individually indexed cells spanning endothelial-to-hematopoietic transitions	EXCLUDE	done	1	smartseq2_one_well		annotated	author_cell_type	
scTHREAD_NAR_release_20260803	SRR30209151	GSE274527	mouse	ONT	bulk-longread	Developmental atlas	Individually indexed cells spanning endothelial-to-hematopoietic transitions	EXCLUDE	done	1	smartseq2_one_well		annotated	author_cell_type	
scTHREAD_NAR_release_20260803	SRR30209152	GSE274527	mouse	ONT	bulk-longread	Developmental atlas	Individually indexed cells spanning endothelial-to-hematopoietic transitions	EXCLUDE	done	1	smartseq2_one_well		annotated	author_cell_type	
scTHREAD_NAR_release_20260803	SRR30209153	GSE274527	mouse	ONT	bulk-longread	Developmental atlas	Individually indexed cells spanning endothelial-to-hematopoietic transitions	EXCLUDE	done	1	smartseq2_one_well		annotated	author_cell_type	
scTHREAD_NAR_release_20260803	SRR30209154	GSE274527	mouse	ONT	bulk-longread	Developmental atlas	Individually indexed cells spanning endothelial-to-hematopoietic transitions	EXCLUDE	done	1	smartseq2_one_well		annotated	author_cell_type	
scTHREAD_NAR_release_20260803	SRR30209155	GSE274527	mouse	ONT	bulk-longread	Developmental atlas	Individually indexed cells spanning endothelial-to-hematopoietic transitions	EXCLUDE	done	1	smartseq2_one_well		annotated	author_cell_type	
scTHREAD_NAR_release_20260803	SRR30209156	GSE274527	mouse	ONT	bulk-longread	Developmental atlas	Individually indexed cells spanning endothelial-to-hematopoietic transitions	EXCLUDE	done	1	smartseq2_one_well		annotated	author_cell_type	
scTHREAD_NAR_release_20260803	SRR30209158	GSE274527	mouse	ONT	bulk-longread	Developmental atlas	Individually indexed cells spanning endothelial-to-hematopoietic transitions	EXCLUDE	done	1	smartseq2_one_well		annotated	author_cell_type	
scTHREAD_NAR_release_20260803	SRR30209159	GSE274527	mouse	ONT	bulk-longread	Developmental atlas	Individually indexed cells spanning endothelial-to-hematopoietic transitions	EXCLUDE	done	1	smartseq2_one_well		annotated	author_cell_type	
scTHREAD_NAR_release_20260803	SRR30209160	GSE274527	mouse	ONT	bulk-longread	Developmental atlas	Individually indexed cells spanning endothelial-to-hematopoietic transitions	EXCLUDE	done	1	smartseq2_one_well		annotated	author_cell_type	
scTHREAD_NAR_release_20260803	SRR30209162	GSE274527	mouse	ONT	bulk-longread	Developmental atlas	Individually indexed cells spanning endothelial-to-hematopoietic transitions	EXCLUDE	done	1	smartseq2_one_well		annotated	author_cell_type	
scTHREAD_NAR_release_20260803	SRR30209163	GSE274527	mouse	ONT	bulk-longread	Developmental atlas	Individually indexed cells spanning endothelial-to-hematopoietic transitions	EXCLUDE	done	1	smartseq2_one_well		annotated	author_cell_type	
scTHREAD_NAR_release_20260803	SRR30209164	GSE274527	mouse	ONT	bulk-longread	Developmental atlas	Individually indexed cells spanning endothelial-to-hematopoietic transitions	EXCLUDE	done	1	smartseq2_one_well		annotated	author_cell_type	
scTHREAD_NAR_release_20260803	SRR30209165	GSE274527	mouse	ONT	bulk-longread	Developmental atlas	Individually indexed cells spanning endothelial-to-hematopoietic transitions	EXCLUDE	done	1	smartseq2_one_well		annotated	author_cell_type	
scTHREAD_NAR_release_20260803	SRR30209166	GSE274527	mouse	ONT	bulk-longread	Developmental atlas	Individually indexed cells spanning endothelial-to-hematopoietic transitions	EXCLUDE	done	1	smartseq2_one_well		annotated	author_cell_type	
scTHREAD_NAR_release_20260803	SRR30209167	GSE274527	mouse	ONT	bulk-longread	Developmental atlas	Individually indexed cells spanning endothelial-to-hematopoietic transitions	EXCLUDE	done	1	smartseq2_one_well		annotated	author_cell_type	
scTHREAD_NAR_release_20260803	SRR30209169	GSE274527	mouse	ONT	bulk-longread	Developmental atlas	Individually indexed cells spanning endothelial-to-hematopoietic transitions	EXCLUDE	done	1	smartseq2_one_well		annotated	author_cell_type	
scTHREAD_NAR_release_20260803	SRR30209170	GSE274527	mouse	ONT	bulk-longread	Developmental atlas	Individually indexed cells spanning endothelial-to-hematopoietic transitions	EXCLUDE	done	1	smartseq2_one_well		annotated	author_cell_type	
scTHREAD_NAR_release_20260803	SRR30209171	GSE274527	mouse	ONT	bulk-longread	Developmental atlas	Individually indexed cells spanning endothelial-to-hematopoietic transitions	EXCLUDE	done	1	smartseq2_one_well		annotated	author_cell_type	
scTHREAD_NAR_release_20260803	SRR30209172	GSE274527	mouse	ONT	bulk-longread	Developmental atlas	Individually indexed cells spanning endothelial-to-hematopoietic transitions	EXCLUDE	done	1	smartseq2_one_well		annotated	author_cell_type	
scTHREAD_NAR_release_20260803	SRR30209173	GSE274527	mouse	ONT	bulk-longread	Developmental atlas	Individually indexed cells spanning endothelial-to-hematopoietic transitions	EXCLUDE	done	1	smartseq2_one_well		annotated	author_cell_type	
scTHREAD_NAR_release_20260803	SRR30209174	GSE274527	mouse	ONT	bulk-longread	Developmental atlas	Individually indexed cells spanning endothelial-to-hematopoietic transitions	EXCLUDE	done	1	smartseq2_one_well		annotated	author_cell_type	
scTHREAD_NAR_release_20260803	SRR30209175	GSE274527	mouse	ONT	bulk-longread	Developmental atlas	Individually indexed cells spanning endothelial-to-hematopoietic transitions	EXCLUDE	done	1	smartseq2_one_well		annotated	author_cell_type	
scTHREAD_NAR_release_20260803	SRR30209176	GSE274527	mouse	ONT	bulk-longread	Developmental atlas	Individually indexed cells spanning endothelial-to-hematopoietic transitions	EXCLUDE	done	1	smartseq2_one_well		annotated	author_cell_type	
scTHREAD_NAR_release_20260803	SRR30639543	GSE276974	human	ONT	scONT	Clinical cohort	Bone-marrow mononuclear cells from CCUS patients and healthy donors	wf-single-cell	done	9352	wf_tagged_barcodes	63210	annotated	computational_v2	
scTHREAD_NAR_release_20260803	SRR30639544	GSE276974	human	ONT	scONT	Clinical cohort	Bone-marrow mononuclear cells from CCUS patients and healthy donors	wf-single-cell	done	9684	wf_tagged_barcodes	63511	annotated	computational_v2	
scTHREAD_NAR_release_20260803	SRR30639545	GSE276974	human	ONT	scONT	Clinical cohort	Bone-marrow mononuclear cells from CCUS patients and healthy donors	wf-single-cell	done	10232	wf_tagged_barcodes	63899	annotated	computational_v2	
scTHREAD_NAR_release_20260803	SRR30639546	GSE276974	human	ONT	scONT	Clinical cohort	Bone-marrow mononuclear cells from CCUS patients and healthy donors	wf-single-cell	done	8545	wf_tagged_barcodes	66293	annotated	computational_v2	
scTHREAD_NAR_release_20260803	SRR30639548	GSE276974	human	ONT	scONT	Clinical cohort	Bone-marrow mononuclear cells from CCUS patients and healthy donors	wf-single-cell	done	11620	wf_tagged_barcodes	69284	annotated	computational_v2	
scTHREAD_NAR_release_20260803	SRR30639549	GSE276974	human	ONT	scONT	Clinical cohort	Bone-marrow mononuclear cells from CCUS patients and healthy donors	wf-single-cell	done	6577	wf_tagged_barcodes	60645	annotated	computational_v2	
scTHREAD_NAR_release_20260803	SRR30639550	GSE276974	human	ONT	scONT	Clinical cohort	Bone-marrow mononuclear cells from CCUS patients and healthy donors	wf-single-cell	done	5705	wf_tagged_barcodes	2232	annotated	computational_v2	
scTHREAD_NAR_release_20260803	SRR30639551	GSE276974	human	ONT	scONT	Clinical cohort	Bone-marrow mononuclear cells from CCUS patients and healthy donors	wf-single-cell	done	6204	wf_tagged_barcodes	26160	annotated	computational_v2	
scTHREAD_NAR_release_20260803	SRR30639552	GSE276974	human	ONT	scONT	Clinical cohort	Bone-marrow mononuclear cells from CCUS patients and healthy donors	wf-single-cell	done	6453	wf_tagged_barcodes	62530	annotated	computational_v2	
scTHREAD_NAR_release_20260803	SRR30639553	GSE276974	human	ONT	scONT	Clinical cohort	Bone-marrow mononuclear cells from CCUS patients and healthy donors	wf-single-cell	done	6139	wf_tagged_barcodes	60150	annotated	computational_v2	
scTHREAD_NAR_release_20260803	SRR30639554	GSE276974	human	ONT	scONT	Clinical cohort	Bone-marrow mononuclear cells from CCUS patients and healthy donors	wf-single-cell	done	5916	wf_tagged_barcodes	59110	annotated	computational_v2	
scTHREAD_NAR_release_20260803	SRR30639555	GSE276974	human	ONT	scONT	Clinical cohort	Bone-marrow mononuclear cells from CCUS patients and healthy donors	wf-single-cell	done	6365	wf_tagged_barcodes	61047	annotated	computational_v2	
scTHREAD_NAR_release_20260803	SRR30639556	GSE276974	human	ONT	scONT	Clinical cohort	Bone-marrow mononuclear cells from CCUS patients and healthy donors	wf-single-cell	done	6130	wf_tagged_barcodes	61833	annotated	computational_v2	
scTHREAD_NAR_release_20260803	SRR30639557	GSE276974	human	ONT	scONT	Clinical cohort	Bone-marrow mononuclear cells from CCUS patients and healthy donors	wf-single-cell	done	6285	wf_tagged_barcodes	60066	annotated	computational_v2	
scTHREAD_NAR_release_20260803	SRR30639558	GSE276974	human	ONT	scONT	Clinical cohort	Bone-marrow mononuclear cells from CCUS patients and healthy donors	wf-single-cell	done	12093	wf_tagged_barcodes	61484	annotated	computational_v2	
scTHREAD_NAR_release_20260803	SRR31435216	GSE283629	human	ONT	scONT	Differentiation	Synaptic-development model with molecular rescue conditions	wf-single-cell	done	17097	wf_tagged_barcodes	53283	annotated	computational_v2	
scTHREAD_NAR_release_20260803	SRR31435217	GSE283629	human	ONT	scONT	Differentiation	Synaptic-development model with molecular rescue conditions	wf-single-cell	done	17171	wf_tagged_barcodes	32287	annotated	computational_v2	
scTHREAD_NAR_release_20260803	SRR31435218	GSE283629	human	ONT	scONT	Differentiation	Synaptic-development model with molecular rescue conditions	wf-single-cell	done	20205	wf_tagged_barcodes	66385	annotated	computational_v2	
scTHREAD_NAR_release_20260803	SRR31435219	GSE283629	human	ONT	scONT	Differentiation	Synaptic-development model with molecular rescue conditions	wf-single-cell	done	20067	wf_tagged_barcodes	32390	annotated	computational_v2	
scTHREAD_NAR_release_20260803	SRR31632206	GSE283658	human	ONT	scONT	Reprogramming	Direct reprogramming trajectory toward hematopoietic stem cells	wf-single-cell	done	3463	wf_tagged_barcodes	29988	annotated	computational_v2	
scTHREAD_NAR_release_20260803	SRR31632207	GSE283658	human	ONT	scONT	Reprogramming	Direct reprogramming trajectory toward hematopoietic stem cells	wf-single-cell	done	8656	wf_tagged_barcodes	57656	annotated	computational_v2	
scTHREAD_NAR_release_20260803	SRR31632208	GSE283658	human	ONT	scONT	Reprogramming	Direct reprogramming trajectory toward hematopoietic stem cells	wf-single-cell	done	8574	wf_tagged_barcodes	50810	annotated	computational_v2	
scTHREAD_NAR_release_20260803	SRR34899601	GSE283658	human	ONT	scONT	Reprogramming	Direct reprogramming trajectory toward hematopoietic stem cells	wf-single-cell	done	8445	wf_tagged_barcodes	32733	annotated	computational_v2	
scTHREAD_NAR_release_20260803	SRR32154422	GSE288222	human	ONT	scONT	Tissue atlas	Single-cell splicing isoform atlas of adult healthy and failing hearts	wf-single-cell	done	3727	wf_tagged_barcodes	42106	annotated	author_cell_type	
scTHREAD_NAR_release_20260803	SRR32154423	GSE288222	human	ONT	scONT	Tissue atlas	Single-cell splicing isoform atlas of adult healthy and failing hearts	wf-single-cell	done	4165	wf_tagged_barcodes	40397	annotated	author_cell_type	
scTHREAD_NAR_release_20260803	SRR32154424	GSE288222	human	ONT	scONT	Tissue atlas	Single-cell splicing isoform atlas of adult healthy and failing hearts	wf-single-cell	done	4002	wf_tagged_barcodes	38750	annotated	author_cell_type	
scTHREAD_NAR_release_20260803	SRR32154425	GSE288222	human	ONT	scONT	Tissue atlas	Single-cell splicing isoform atlas of adult healthy and failing hearts	wf-single-cell	done	7529	wf_tagged_barcodes	47101	annotated	author_cell_type	
scTHREAD_NAR_release_20260803	SRR32154426	GSE288222	human	ONT	scONT	Tissue atlas	Single-cell splicing isoform atlas of adult healthy and failing hearts	wf-single-cell	done	5916	wf_tagged_barcodes	37952	annotated	author_cell_type	
scTHREAD_NAR_release_20260803	SRR32154427	GSE288222	human	ONT	scONT	Tissue atlas	Single-cell splicing isoform atlas of adult healthy and failing hearts	wf-single-cell	done	5216	wf_tagged_barcodes	42024	annotated	author_cell_type	
scTHREAD_NAR_release_20260803	SRR32154428	GSE288222	human	ONT	scONT	Tissue atlas	Single-cell splicing isoform atlas of adult healthy and failing hearts	wf-single-cell	done	9532	wf_tagged_barcodes	44196	annotated	author_cell_type	
scTHREAD_NAR_release_20260803	SRR32154429	GSE288222	human	ONT	scONT	Tissue atlas	Single-cell splicing isoform atlas of adult healthy and failing hearts	wf-single-cell	done	9884	wf_tagged_barcodes	43004	annotated	author_cell_type	
scTHREAD_NAR_release_20260803	SRR32154430	GSE288222	human	ONT	scONT	Tissue atlas	Single-cell splicing isoform atlas of adult healthy and failing hearts	wf-single-cell	done	3905	wf_tagged_barcodes	42880	annotated	author_cell_type	
scTHREAD_NAR_release_20260803	SRR32154431	GSE288222	human	ONT	scONT	Tissue atlas	Single-cell splicing isoform atlas of adult healthy and failing hearts	wf-single-cell	done	5298	wf_tagged_barcodes	38134	annotated	author_cell_type	
scTHREAD_NAR_release_20260803	SRR32154433	GSE288222	human	ONT	scONT	Tissue atlas	Single-cell splicing isoform atlas of adult healthy and failing hearts	wf-single-cell	done	5206	wf_tagged_barcodes	9782	annotated	author_cell_type	
scTHREAD_NAR_release_20260803	SRR36251361	GSE288222	human	ONT	scONT	Tissue atlas	Single-cell splicing isoform atlas of adult healthy and failing hearts	wf-single-cell	done	3612	wf_tagged_barcodes	35361	annotated	author_cell_type	
scTHREAD_NAR_release_20260803	SRR32322922	GSE289428	human	ONT	bulk-longread	Method benchmark	Full-length capped RNA profiling with and without polyadenylation	unclassified	done	1	smartseq2_one_well		no_celltype_by_design	none (cell_line/method)	
scTHREAD_NAR_release_20260803	SRR32322923	GSE289428	human	ONT	bulk-longread	Method benchmark	Full-length capped RNA profiling with and without polyadenylation	unclassified	done	1	smartseq2_one_well		no_celltype_by_design	none (cell_line/method)	
scTHREAD_NAR_release_20260803	SRR32322924	GSE289428	human	ONT	bulk-longread	Method benchmark	Full-length capped RNA profiling with and without polyadenylation	unclassified	done	1	smartseq2_one_well		no_celltype_by_design	none (cell_line/method)	
scTHREAD_NAR_release_20260803	SRR32370261	GSE289790	human	ONT	scONT	Cancer cell line	Lineage-plasticity model profiled by single-cell Nanopore RNA sequencing	wf-single-cell	done	2030	wf_tagged_barcodes	52044	no_celltype_by_design	none (cell_line/method)	
scTHREAD_NAR_release_20260803	SRR32370262	GSE289790	human	ONT	scONT	Cancer cell line	Lineage-plasticity model profiled by single-cell Nanopore RNA sequencing	wf-single-cell	done	1985	wf_tagged_barcodes	56929	no_celltype_by_design	none (cell_line/method)	
scTHREAD_NAR_release_20260803	SRR32771574	GSE292324	human	PacBio	scPacBio	Clinical cohort	Long-read single-cell technical replicate series from AML	unclassified	done	8104	annotation_v2_called	58401	annotated	computational_v2	
scTHREAD_NAR_release_20260803	SRR32771575	GSE292324	human	PacBio	scPacBio	Clinical cohort	Long-read single-cell technical replicate series from AML	unclassified	done	8097	annotation_v2_called	56077	annotated	computational_v2	
scTHREAD_NAR_release_20260803	SRR32771576	GSE292324	human	PacBio	scPacBio	Clinical cohort	Long-read single-cell technical replicate series from AML	unclassified	done	7371	annotation_v2_called	60257	annotated	computational_v2	
scTHREAD_NAR_release_20260803	SRR32771577	GSE292324	human	PacBio	scPacBio	Clinical cohort	Long-read single-cell technical replicate series from AML	unclassified	done	7367	annotation_v2_called	58328	annotated	computational_v2	
scTHREAD_NAR_release_20260803	SRR32771578	GSE292324	human	PacBio	scPacBio	Clinical cohort	Long-read single-cell technical replicate series from AML	unclassified	done	5187	annotation_v2_called	52957	annotated	computational_v2	
scTHREAD_NAR_release_20260803	SRR32771579	GSE292324	human	PacBio	scPacBio	Clinical cohort	Long-read single-cell technical replicate series from AML	unclassified	done	7425	annotation_v2_called	53164	annotated	computational_v2	
scTHREAD_NAR_release_20260803	SRR32771580	GSE292324	human	PacBio	scPacBio	Clinical cohort	Long-read single-cell technical replicate series from AML	unclassified	done	5195	annotation_v2_called	50698	annotated	computational_v2	
scTHREAD_NAR_release_20260803	SRR32771581	GSE292324	human	PacBio	scPacBio	Clinical cohort	Long-read single-cell technical replicate series from AML	unclassified	done	6761	annotation_v2_called	50119	annotated	computational_v2	
scTHREAD_NAR_release_20260803	SRR33259865	GSE295352	mouse	ONT	scONT	Tissue and method	Long-read protocol comparison using 3′ and 5′ single-cell capture	EXCLUDE	done	2754	wf_tagged_barcodes	29400	annotated	computational_v2	
scTHREAD_NAR_release_20260803	SRR33259866	GSE295352	mouse	ONT	scONT	Tissue and method	Long-read protocol comparison using 3′ and 5′ single-cell capture	EXCLUDE	done	2647	wf_tagged_barcodes	27887	annotated	computational_v2	
scTHREAD_NAR_release_20260803	SRR33259867	GSE295352	mouse	ONT	scONT	Tissue and method	Long-read protocol comparison using 3′ and 5′ single-cell capture	EXCLUDE	done	6786	wf_tagged_barcodes	11263	annotated	computational_v2	
scTHREAD_NAR_release_20260803	SRR35432392	GSE295352	mouse	ONT	scONT	Tissue and method	Long-read protocol comparison using 3′ and 5′ single-cell capture	EXCLUDE	done	3552	wf_tagged_barcodes	34890	annotated	computational_v2	
scTHREAD_NAR_release_20260803	SRR35432393	GSE295352	mouse	ONT	scONT	Tissue and method	Long-read protocol comparison using 3′ and 5′ single-cell capture	EXCLUDE	done	3839	wf_tagged_barcodes	33981	annotated	computational_v2	
scTHREAD_NAR_release_20260803	SRR35432394	GSE295352	mouse	ONT	scONT	Tissue and method	Long-read protocol comparison using 3′ and 5′ single-cell capture	EXCLUDE	done	3372	wf_tagged_barcodes	14349	annotated	computational_v2	
scTHREAD_NAR_release_20260803	SRR33259246	GSE295353	mouse	ONT	scONT	Tissue and method	Long-read islet transcriptomes with insulin depletion and 3′/5′ capture	EXCLUDE	done	26635	wf_tagged_barcodes	35253	annotated	author_cell_type	
scTHREAD_NAR_release_20260803	SRR33259247	GSE295353	mouse	ONT	scONT	Tissue and method	Long-read islet transcriptomes with insulin depletion and 3′/5′ capture	EXCLUDE	done	45303	wf_tagged_barcodes	32369	annotated	author_cell_type	
scTHREAD_NAR_release_20260803	SRR33259248	GSE295353	mouse	ONT	scONT	Tissue and method	Long-read islet transcriptomes with insulin depletion and 3′/5′ capture	EXCLUDE	done	1554	wf_tagged_barcodes	5155	annotated	author_cell_type	
scTHREAD_NAR_release_20260803	SRR35432458	GSE295353	mouse	ONT	scONT	Tissue and method	Long-read islet transcriptomes with insulin depletion and 3′/5′ capture	EXCLUDE	done	6398	wf_tagged_barcodes	41857	annotated	author_cell_type	
scTHREAD_NAR_release_20260803	SRR35432459	GSE295353	mouse	ONT	scONT	Tissue and method	Long-read islet transcriptomes with insulin depletion and 3′/5′ capture	EXCLUDE	done	9513	wf_tagged_barcodes	40489	annotated	author_cell_type	
scTHREAD_NAR_release_20260803	SRR35432460	GSE295353	mouse	ONT	scONT	Tissue and method	Long-read islet transcriptomes with insulin depletion and 3′/5′ capture	EXCLUDE	done	1560	wf_tagged_barcodes	4972	annotated	author_cell_type	
scTHREAD_NAR_release_20260803	SRR33369385	GSE295932	human	ONT	scONT	Perturbation	Targeted and whole-transcriptome long-read CRISPR conditions	unclassified	done	2911	wf_tagged_barcodes	38373	no_celltype_by_design	none (cell_line/method)	
scTHREAD_NAR_release_20260803	SRR33369386	GSE295932	human	ONT	scONT	Perturbation	Targeted and whole-transcriptome long-read CRISPR conditions	unclassified	done	5362	wf_tagged_barcodes	8157	no_celltype_by_design	none (cell_line/method)	
scTHREAD_NAR_release_20260803	SRR33369387	GSE295932	human	ONT	scONT	Perturbation	Targeted and whole-transcriptome long-read CRISPR conditions	unclassified	done	5968	wf_tagged_barcodes	41459	no_celltype_by_design	none (cell_line/method)	
scTHREAD_NAR_release_20260803	SRR33369388	GSE295932	human	ONT	scONT	Perturbation	Targeted and whole-transcriptome long-read CRISPR conditions	unclassified	done	7382	wf_tagged_barcodes	9024	no_celltype_by_design	none (cell_line/method)	
scTHREAD_NAR_release_20260803	SRR34364189	GSE301658	human	ONT	scONT	Tumor atlas	High-grade glioma cells with curated malignant-state annotations	wf-single-cell	done	3831	wf_tagged_barcodes	39632	annotated	author_cluster+computational_celltype	
scTHREAD_NAR_release_20260803	SRR30947478	GSE303762	human	ONT	bulk-longread	Cell-line benchmark	ONT and PacBio benchmark of multiple cancer cell lines	mixed	done	66691	wf_tagged_barcodes	71210	no_celltype_by_design	none (cell_line/method)	
scTHREAD_NAR_release_20260803	SRR30947479	GSE303762	human	ONT	bulk-longread	Cell-line benchmark	ONT and PacBio benchmark of multiple cancer cell lines	mixed	done	5109	wf_tagged_barcodes	73714	no_celltype_by_design	none (cell_line/method)	
scTHREAD_NAR_release_20260803	SRR35267327	GSE307660	human	ONT	scONT	Clinical cohort	Bone-marrow immune response to belantamab mafodotin	wf-single-cell	done	3190	wf_tagged_barcodes	51372	annotated	computational_v2	
scTHREAD_NAR_release_20260803	SRR35267328	GSE307660	human	ONT	scONT	Clinical cohort	Bone-marrow immune response to belantamab mafodotin	wf-single-cell	done	6900	wf_tagged_barcodes	23246	annotated	computational_v2	
scTHREAD_NAR_release_20260803	SRR35267329	GSE307660	human	ONT	scONT	Clinical cohort	Bone-marrow immune response to belantamab mafodotin	wf-single-cell	done	4255	wf_tagged_barcodes	62291	annotated	computational_v2	
scTHREAD_NAR_release_20260803	SRR35267330	GSE307660	human	ONT	scONT	Clinical cohort	Bone-marrow immune response to belantamab mafodotin	wf-single-cell	done	2280	wf_tagged_barcodes	50271	annotated	computational_v2	
scTHREAD_NAR_release_20260803	SRR35267331	GSE307660	human	ONT	scONT	Clinical cohort	Bone-marrow immune response to belantamab mafodotin	wf-single-cell	done	2906	wf_tagged_barcodes	58368	annotated	computational_v2	
scTHREAD_NAR_release_20260803	SRR35267332	GSE307660	human	ONT	scONT	Clinical cohort	Bone-marrow immune response to belantamab mafodotin	wf-single-cell	done	3211	wf_tagged_barcodes	58898	annotated	computational_v2	
scTHREAD_NAR_release_20260803	SRR35267333	GSE307660	human	ONT	scONT	Clinical cohort	Bone-marrow immune response to belantamab mafodotin	wf-single-cell	done	3932	wf_tagged_barcodes	56495	annotated	computational_v2	
scTHREAD_NAR_release_20260803	SRR35267334	GSE307660	human	ONT	scONT	Clinical cohort	Bone-marrow immune response to belantamab mafodotin	wf-single-cell	done	4885	wf_tagged_barcodes	57537	annotated	computational_v2	
scTHREAD_NAR_release_20260803	SRR35267335	GSE307660	human	ONT	scONT	Clinical cohort	Bone-marrow immune response to belantamab mafodotin	wf-single-cell	done	2890	wf_tagged_barcodes	38944	annotated	computational_v2	
scTHREAD_NAR_release_20260803	SRR35267336	GSE307660	human	ONT	scONT	Clinical cohort	Bone-marrow immune response to belantamab mafodotin	wf-single-cell	done	1232	wf_tagged_barcodes	36397	annotated	computational_v2	
scTHREAD_NAR_release_20260803	SRR35267337	GSE307660	human	ONT	scONT	Clinical cohort	Bone-marrow immune response to belantamab mafodotin	wf-single-cell	done	1005	wf_tagged_barcodes	35659	annotated	computational_v2	
scTHREAD_NAR_release_20260803	SRR35267338	GSE307660	human	ONT	scONT	Clinical cohort	Bone-marrow immune response to belantamab mafodotin	wf-single-cell	done	5339	wf_tagged_barcodes	53089	annotated	computational_v2	
scTHREAD_NAR_release_20260803	SRR35267339	GSE307660	human	ONT	scONT	Clinical cohort	Bone-marrow immune response to belantamab mafodotin	wf-single-cell	done	8842	wf_tagged_barcodes	47009	annotated	computational_v2	
scTHREAD_NAR_release_20260803	SRR35267340	GSE307660	human	ONT	scONT	Clinical cohort	Bone-marrow immune response to belantamab mafodotin	wf-single-cell	done	3075	wf_tagged_barcodes	45680	annotated	computational_v2	
scTHREAD_NAR_release_20260803	SRR35267341	GSE307660	human	ONT	scONT	Clinical cohort	Bone-marrow immune response to belantamab mafodotin	wf-single-cell	done	3540	wf_tagged_barcodes	48544	annotated	computational_v2	
scTHREAD_NAR_release_20260803	SRR35267342	GSE307660	human	ONT	scONT	Clinical cohort	Bone-marrow immune response to belantamab mafodotin	wf-single-cell	done	2481	wf_tagged_barcodes	50409	annotated	computational_v2	
scTHREAD_NAR_release_20260803	SRR35267343	GSE307660	human	ONT	scONT	Clinical cohort	Bone-marrow immune response to belantamab mafodotin	wf-single-cell	done	2287	wf_tagged_barcodes	51349	annotated	computational_v2	
scTHREAD_NAR_release_20260803	SRR35267344	GSE307660	human	ONT	scONT	Clinical cohort	Bone-marrow immune response to belantamab mafodotin	wf-single-cell	done	4020	wf_tagged_barcodes	51869	annotated	computational_v2	
scTHREAD_NAR_release_20260803	SRR35267345	GSE307660	human	ONT	scONT	Clinical cohort	Bone-marrow immune response to belantamab mafodotin	wf-single-cell	done	2137	wf_tagged_barcodes	48968	annotated	computational_v2	
scTHREAD_NAR_release_20260803	SRR35586147	GSE309071	mouse	ONT	scONT-plate	Developmental atlas	Embryonic endothelial-to-hematopoietic states in AGM and yolk sac	EXCLUDE	done	1	smartseq2_one_well		annotated	computational_v2	
scTHREAD_NAR_release_20260803	SRR35586148	GSE309071	mouse	ONT	scONT-plate	Developmental atlas	Embryonic endothelial-to-hematopoietic states in AGM and yolk sac	EXCLUDE	done	1	smartseq2_one_well		annotated	computational_v2	
scTHREAD_NAR_release_20260803	SRR35586149	GSE309071	mouse	ONT	scONT-plate	Developmental atlas	Embryonic endothelial-to-hematopoietic states in AGM and yolk sac	EXCLUDE	done	1	smartseq2_one_well		annotated	computational_v2	
scTHREAD_NAR_release_20260803	SRR35586150	GSE309071	mouse	ONT	scONT-plate	Developmental atlas	Embryonic endothelial-to-hematopoietic states in AGM and yolk sac	EXCLUDE	done	1	smartseq2_one_well		annotated	computational_v2	
scTHREAD_NAR_release_20260803	SRR35586151	GSE309071	mouse	ONT	scONT-plate	Developmental atlas	Embryonic endothelial-to-hematopoietic states in AGM and yolk sac	EXCLUDE	done	1	smartseq2_one_well		annotated	computational_v2	
scTHREAD_NAR_release_20260803	SRR35586152	GSE309071	mouse	ONT	scONT-plate	Developmental atlas	Embryonic endothelial-to-hematopoietic states in AGM and yolk sac	EXCLUDE	done	1	smartseq2_one_well		annotated	computational_v2	
scTHREAD_NAR_release_20260803	SRR35586153	GSE309071	mouse	ONT	scONT-plate	Developmental atlas	Embryonic endothelial-to-hematopoietic states in AGM and yolk sac	EXCLUDE	done	1	smartseq2_one_well		annotated	computational_v2	
scTHREAD_NAR_release_20260803	SRR35586154	GSE309071	mouse	ONT	scONT-plate	Developmental atlas	Embryonic endothelial-to-hematopoietic states in AGM and yolk sac	EXCLUDE	done	1	smartseq2_one_well		annotated	computational_v2	
scTHREAD_NAR_release_20260803	SRR35586155	GSE309071	mouse	ONT	scONT-plate	Developmental atlas	Embryonic endothelial-to-hematopoietic states in AGM and yolk sac	EXCLUDE	done	1	smartseq2_one_well		annotated	computational_v2	
scTHREAD_NAR_release_20260803	SRR35586156	GSE309071	mouse	ONT	scONT-plate	Developmental atlas	Embryonic endothelial-to-hematopoietic states in AGM and yolk sac	EXCLUDE	done	1	smartseq2_one_well		annotated	computational_v2	
scTHREAD_NAR_release_20260803	SRR35586157	GSE309071	mouse	ONT	scONT-plate	Developmental atlas	Embryonic endothelial-to-hematopoietic states in AGM and yolk sac	EXCLUDE	done	1	smartseq2_one_well		annotated	computational_v2	
scTHREAD_NAR_release_20260803	SRR35586158	GSE309071	mouse	ONT	scONT-plate	Developmental atlas	Embryonic endothelial-to-hematopoietic states in AGM and yolk sac	EXCLUDE	done	1	smartseq2_one_well		annotated	computational_v2	
scTHREAD_NAR_release_20260803	SRR35586159	GSE309071	mouse	ONT	scONT-plate	Developmental atlas	Embryonic endothelial-to-hematopoietic states in AGM and yolk sac	EXCLUDE	done	1	smartseq2_one_well		annotated	computational_v2	
scTHREAD_NAR_release_20260803	SRR35586160	GSE309071	mouse	ONT	scONT-plate	Developmental atlas	Embryonic endothelial-to-hematopoietic states in AGM and yolk sac	EXCLUDE	done	1	smartseq2_one_well		annotated	computational_v2	
scTHREAD_NAR_release_20260803	SRR35586161	GSE309071	mouse	ONT	scONT-plate	Developmental atlas	Embryonic endothelial-to-hematopoietic states in AGM and yolk sac	EXCLUDE	done	1	smartseq2_one_well		annotated	computational_v2	
scTHREAD_NAR_release_20260803	SRR35586162	GSE309071	mouse	ONT	scONT-plate	Developmental atlas	Embryonic endothelial-to-hematopoietic states in AGM and yolk sac	EXCLUDE	done	1	smartseq2_one_well		annotated	computational_v2	
scTHREAD_NAR_release_20260803	SRR35586163	GSE309071	mouse	ONT	scONT-plate	Developmental atlas	Embryonic endothelial-to-hematopoietic states in AGM and yolk sac	EXCLUDE	done	1	smartseq2_one_well		annotated	computational_v2	
scTHREAD_NAR_release_20260803	SRR35586164	GSE309071	mouse	ONT	scONT-plate	Developmental atlas	Embryonic endothelial-to-hematopoietic states in AGM and yolk sac	EXCLUDE	done	1	smartseq2_one_well		annotated	computational_v2	
scTHREAD_NAR_release_20260803	SRR35586165	GSE309071	mouse	ONT	scONT-plate	Developmental atlas	Embryonic endothelial-to-hematopoietic states in AGM and yolk sac	EXCLUDE	done	1	smartseq2_one_well		annotated	computational_v2	
scTHREAD_NAR_release_20260803	SRR35586166	GSE309071	mouse	ONT	scONT-plate	Developmental atlas	Embryonic endothelial-to-hematopoietic states in AGM and yolk sac	EXCLUDE	done	1	smartseq2_one_well		annotated	computational_v2	
scTHREAD_NAR_release_20260803	SRR35586167	GSE309071	mouse	ONT	scONT-plate	Developmental atlas	Embryonic endothelial-to-hematopoietic states in AGM and yolk sac	EXCLUDE	done	1	smartseq2_one_well		annotated	computational_v2	
scTHREAD_NAR_release_20260803	SRR35586168	GSE309071	mouse	ONT	scONT-plate	Developmental atlas	Embryonic endothelial-to-hematopoietic states in AGM and yolk sac	EXCLUDE	done	1	smartseq2_one_well		annotated	computational_v2	
scTHREAD_NAR_release_20260803	SRR35586169	GSE309071	mouse	ONT	scONT-plate	Developmental atlas	Embryonic endothelial-to-hematopoietic states in AGM and yolk sac	EXCLUDE	done	1	smartseq2_one_well		annotated	computational_v2	
scTHREAD_NAR_release_20260803	SRR35586170	GSE309071	mouse	ONT	scONT-plate	Developmental atlas	Embryonic endothelial-to-hematopoietic states in AGM and yolk sac	EXCLUDE	done	1	smartseq2_one_well		annotated	computational_v2	
scTHREAD_NAR_release_20260803	SRR35586171	GSE309071	mouse	ONT	scONT-plate	Developmental atlas	Embryonic endothelial-to-hematopoietic states in AGM and yolk sac	EXCLUDE	done	1	smartseq2_one_well		annotated	computational_v2	
scTHREAD_NAR_release_20260803	SRR35586172	GSE309071	mouse	ONT	scONT-plate	Developmental atlas	Embryonic endothelial-to-hematopoietic states in AGM and yolk sac	EXCLUDE	done	1	smartseq2_one_well		annotated	computational_v2	
scTHREAD_NAR_release_20260803	SRR35586173	GSE309071	mouse	ONT	scONT-plate	Developmental atlas	Embryonic endothelial-to-hematopoietic states in AGM and yolk sac	EXCLUDE	done	1	smartseq2_one_well		annotated	computational_v2	
scTHREAD_NAR_release_20260803	SRR35586174	GSE309071	mouse	ONT	scONT-plate	Developmental atlas	Embryonic endothelial-to-hematopoietic states in AGM and yolk sac	EXCLUDE	done	1	smartseq2_one_well		annotated	computational_v2	
scTHREAD_NAR_release_20260803	SRR35586175	GSE309071	mouse	ONT	scONT-plate	Developmental atlas	Embryonic endothelial-to-hematopoietic states in AGM and yolk sac	EXCLUDE	done	1	smartseq2_one_well		annotated	computational_v2	
scTHREAD_NAR_release_20260803	SRR35586176	GSE309071	mouse	ONT	scONT-plate	Developmental atlas	Embryonic endothelial-to-hematopoietic states in AGM and yolk sac	EXCLUDE	done	1	smartseq2_one_well		annotated	computational_v2	
scTHREAD_NAR_release_20260803	SRR35586177	GSE309071	mouse	ONT	scONT-plate	Developmental atlas	Embryonic endothelial-to-hematopoietic states in AGM and yolk sac	EXCLUDE	done	1	smartseq2_one_well		annotated	computational_v2	
scTHREAD_NAR_release_20260803	SRR35586178	GSE309071	mouse	ONT	scONT-plate	Developmental atlas	Embryonic endothelial-to-hematopoietic states in AGM and yolk sac	EXCLUDE	done	1	smartseq2_one_well		annotated	computational_v2	
scTHREAD_NAR_release_20260803	SRR35586179	GSE309071	mouse	ONT	scONT-plate	Developmental atlas	Embryonic endothelial-to-hematopoietic states in AGM and yolk sac	EXCLUDE	done	1	smartseq2_one_well		annotated	computational_v2	
scTHREAD_NAR_release_20260803	SRR35586180	GSE309071	mouse	ONT	scONT-plate	Developmental atlas	Embryonic endothelial-to-hematopoietic states in AGM and yolk sac	EXCLUDE	done	1	smartseq2_one_well		annotated	computational_v2	
scTHREAD_NAR_release_20260803	SRR35586181	GSE309071	mouse	ONT	scONT-plate	Developmental atlas	Embryonic endothelial-to-hematopoietic states in AGM and yolk sac	EXCLUDE	done	1	smartseq2_one_well		annotated	computational_v2	
scTHREAD_NAR_release_20260803	SRR35586182	GSE309071	mouse	ONT	scONT-plate	Developmental atlas	Embryonic endothelial-to-hematopoietic states in AGM and yolk sac	EXCLUDE	done	1	smartseq2_one_well		annotated	computational_v2	
scTHREAD_NAR_release_20260803	SRR35586183	GSE309071	mouse	ONT	scONT-plate	Developmental atlas	Embryonic endothelial-to-hematopoietic states in AGM and yolk sac	EXCLUDE	done	1	smartseq2_one_well		annotated	computational_v2	
scTHREAD_NAR_release_20260803	SRR35586184	GSE309071	mouse	ONT	scONT-plate	Developmental atlas	Embryonic endothelial-to-hematopoietic states in AGM and yolk sac	EXCLUDE	done	1	smartseq2_one_well		annotated	computational_v2	
scTHREAD_NAR_release_20260803	SRR35586185	GSE309071	mouse	ONT	scONT-plate	Developmental atlas	Embryonic endothelial-to-hematopoietic states in AGM and yolk sac	EXCLUDE	done	1	smartseq2_one_well		annotated	computational_v2	
scTHREAD_NAR_release_20260803	SRR35586186	GSE309071	mouse	ONT	scONT-plate	Developmental atlas	Embryonic endothelial-to-hematopoietic states in AGM and yolk sac	EXCLUDE	done	1	smartseq2_one_well		annotated	computational_v2	
scTHREAD_NAR_release_20260803	SRR35586187	GSE309071	mouse	ONT	scONT-plate	Developmental atlas	Embryonic endothelial-to-hematopoietic states in AGM and yolk sac	EXCLUDE	done	1	smartseq2_one_well		annotated	computational_v2	
scTHREAD_NAR_release_20260803	SRR35586188	GSE309071	mouse	ONT	scONT-plate	Developmental atlas	Embryonic endothelial-to-hematopoietic states in AGM and yolk sac	EXCLUDE	done	1	smartseq2_one_well		annotated	computational_v2	
scTHREAD_NAR_release_20260803	SRR35586189	GSE309071	mouse	ONT	scONT-plate	Developmental atlas	Embryonic endothelial-to-hematopoietic states in AGM and yolk sac	EXCLUDE	done	1	smartseq2_one_well		annotated	computational_v2	
scTHREAD_NAR_release_20260803	SRR35586190	GSE309071	mouse	ONT	scONT-plate	Developmental atlas	Embryonic endothelial-to-hematopoietic states in AGM and yolk sac	EXCLUDE	done	1	smartseq2_one_well		annotated	computational_v2	
scTHREAD_NAR_release_20260803	SRR35586191	GSE309071	mouse	ONT	scONT-plate	Developmental atlas	Embryonic endothelial-to-hematopoietic states in AGM and yolk sac	EXCLUDE	done	1	smartseq2_one_well		annotated	computational_v2	
scTHREAD_NAR_release_20260803	SRR35586192	GSE309071	mouse	ONT	scONT-plate	Developmental atlas	Embryonic endothelial-to-hematopoietic states in AGM and yolk sac	EXCLUDE	done	1	smartseq2_one_well		annotated	computational_v2	
scTHREAD_NAR_release_20260803	SRR35586193	GSE309071	mouse	ONT	scONT-plate	Developmental atlas	Embryonic endothelial-to-hematopoietic states in AGM and yolk sac	EXCLUDE	done	1	smartseq2_one_well		annotated	computational_v2	
scTHREAD_NAR_release_20260803	SRR35586194	GSE309071	mouse	ONT	scONT-plate	Developmental atlas	Embryonic endothelial-to-hematopoietic states in AGM and yolk sac	EXCLUDE	done	1	smartseq2_one_well		annotated	computational_v2	
scTHREAD_NAR_release_20260803	SRR35586195	GSE309071	mouse	ONT	scONT-plate	Developmental atlas	Embryonic endothelial-to-hematopoietic states in AGM and yolk sac	EXCLUDE	done	1	smartseq2_one_well		annotated	computational_v2	
scTHREAD_NAR_release_20260803	SRR35586197	GSE309071	mouse	ONT	scONT-plate	Developmental atlas	Embryonic endothelial-to-hematopoietic states in AGM and yolk sac	EXCLUDE	done	1	smartseq2_one_well		annotated	computational_v2	
scTHREAD_NAR_release_20260803	SRR35586198	GSE309071	mouse	ONT	scONT-plate	Developmental atlas	Embryonic endothelial-to-hematopoietic states in AGM and yolk sac	EXCLUDE	done	1	smartseq2_one_well		annotated	computational_v2	
scTHREAD_NAR_release_20260803	SRR35586199	GSE309071	mouse	ONT	scONT-plate	Developmental atlas	Embryonic endothelial-to-hematopoietic states in AGM and yolk sac	EXCLUDE	done	1	smartseq2_one_well		annotated	computational_v2	
scTHREAD_NAR_release_20260803	SRR35586200	GSE309071	mouse	ONT	scONT-plate	Developmental atlas	Embryonic endothelial-to-hematopoietic states in AGM and yolk sac	EXCLUDE	done	1	smartseq2_one_well		annotated	computational_v2	
scTHREAD_NAR_release_20260803	SRR35586201	GSE309071	mouse	ONT	scONT-plate	Developmental atlas	Embryonic endothelial-to-hematopoietic states in AGM and yolk sac	EXCLUDE	done	1	smartseq2_one_well		annotated	computational_v2	
scTHREAD_NAR_release_20260803	SRR35586202	GSE309071	mouse	ONT	scONT-plate	Developmental atlas	Embryonic endothelial-to-hematopoietic states in AGM and yolk sac	EXCLUDE	done	1	smartseq2_one_well		annotated	computational_v2	
scTHREAD_NAR_release_20260803	SRR35586203	GSE309071	mouse	ONT	scONT-plate	Developmental atlas	Embryonic endothelial-to-hematopoietic states in AGM and yolk sac	EXCLUDE	done	1	smartseq2_one_well		annotated	computational_v2	
scTHREAD_NAR_release_20260803	SRR35586204	GSE309071	mouse	ONT	scONT-plate	Developmental atlas	Embryonic endothelial-to-hematopoietic states in AGM and yolk sac	EXCLUDE	done	1	smartseq2_one_well		annotated	computational_v2	
scTHREAD_NAR_release_20260803	SRR35586205	GSE309071	mouse	ONT	scONT-plate	Developmental atlas	Embryonic endothelial-to-hematopoietic states in AGM and yolk sac	EXCLUDE	done	1	smartseq2_one_well		annotated	computational_v2	
scTHREAD_NAR_release_20260803	SRR35586206	GSE309071	mouse	ONT	scONT-plate	Developmental atlas	Embryonic endothelial-to-hematopoietic states in AGM and yolk sac	EXCLUDE	done	1	smartseq2_one_well		annotated	computational_v2	
scTHREAD_NAR_release_20260803	SRR35586207	GSE309071	mouse	ONT	scONT-plate	Developmental atlas	Embryonic endothelial-to-hematopoietic states in AGM and yolk sac	EXCLUDE	done	1	smartseq2_one_well		annotated	computational_v2	
scTHREAD_NAR_release_20260803	SRR35586208	GSE309071	mouse	ONT	scONT-plate	Developmental atlas	Embryonic endothelial-to-hematopoietic states in AGM and yolk sac	EXCLUDE	done	1	smartseq2_one_well		annotated	computational_v2	
scTHREAD_NAR_release_20260803	SRR35586209	GSE309071	mouse	ONT	scONT-plate	Developmental atlas	Embryonic endothelial-to-hematopoietic states in AGM and yolk sac	EXCLUDE	done	1	smartseq2_one_well		annotated	computational_v2	
scTHREAD_NAR_release_20260803	SRR35586210	GSE309071	mouse	ONT	scONT-plate	Developmental atlas	Embryonic endothelial-to-hematopoietic states in AGM and yolk sac	EXCLUDE	done	1	smartseq2_one_well		annotated	computational_v2	
scTHREAD_NAR_release_20260803	SRR35586211	GSE309071	mouse	ONT	scONT-plate	Developmental atlas	Embryonic endothelial-to-hematopoietic states in AGM and yolk sac	EXCLUDE	done	1	smartseq2_one_well		annotated	computational_v2	
scTHREAD_NAR_release_20260803	SRR35586212	GSE309071	mouse	ONT	scONT-plate	Developmental atlas	Embryonic endothelial-to-hematopoietic states in AGM and yolk sac	EXCLUDE	done	1	smartseq2_one_well		annotated	computational_v2	
scTHREAD_NAR_release_20260803	SRR35586213	GSE309071	mouse	ONT	scONT-plate	Developmental atlas	Embryonic endothelial-to-hematopoietic states in AGM and yolk sac	EXCLUDE	done	1	smartseq2_one_well		annotated	computational_v2	
scTHREAD_NAR_release_20260803	SRR35586215	GSE309071	mouse	ONT	scONT-plate	Developmental atlas	Embryonic endothelial-to-hematopoietic states in AGM and yolk sac	EXCLUDE	done	1	smartseq2_one_well		annotated	computational_v2	
scTHREAD_NAR_release_20260803	SRR35586217	GSE309071	mouse	ONT	scONT-plate	Developmental atlas	Embryonic endothelial-to-hematopoietic states in AGM and yolk sac	EXCLUDE	done	1	smartseq2_one_well		annotated	computational_v2	
scTHREAD_NAR_release_20260803	SRR35586218	GSE309071	mouse	ONT	scONT-plate	Developmental atlas	Embryonic endothelial-to-hematopoietic states in AGM and yolk sac	EXCLUDE	done	1	smartseq2_one_well		annotated	computational_v2	
scTHREAD_NAR_release_20260803	SRR35586219	GSE309071	mouse	ONT	scONT-plate	Developmental atlas	Embryonic endothelial-to-hematopoietic states in AGM and yolk sac	EXCLUDE	done	1	smartseq2_one_well		annotated	computational_v2	
scTHREAD_NAR_release_20260803	SRR35586220	GSE309071	mouse	ONT	scONT-plate	Developmental atlas	Embryonic endothelial-to-hematopoietic states in AGM and yolk sac	EXCLUDE	done	1	smartseq2_one_well		annotated	computational_v2	
scTHREAD_NAR_release_20260803	SRR35586222	GSE309071	mouse	ONT	scONT-plate	Developmental atlas	Embryonic endothelial-to-hematopoietic states in AGM and yolk sac	EXCLUDE	done	1	smartseq2_one_well		annotated	computational_v2	
scTHREAD_NAR_release_20260803	SRR35586223	GSE309071	mouse	ONT	scONT-plate	Developmental atlas	Embryonic endothelial-to-hematopoietic states in AGM and yolk sac	EXCLUDE	done	1	smartseq2_one_well		annotated	computational_v2	
scTHREAD_NAR_release_20260803	SRR35586225	GSE309071	mouse	ONT	scONT-plate	Developmental atlas	Embryonic endothelial-to-hematopoietic states in AGM and yolk sac	EXCLUDE	done	1	smartseq2_one_well		annotated	computational_v2	
scTHREAD_NAR_release_20260803	SRR35586227	GSE309071	mouse	ONT	scONT-plate	Developmental atlas	Embryonic endothelial-to-hematopoietic states in AGM and yolk sac	EXCLUDE	done	1	smartseq2_one_well		annotated	computational_v2	
scTHREAD_NAR_release_20260803	SRR35586228	GSE309071	mouse	ONT	scONT-plate	Developmental atlas	Embryonic endothelial-to-hematopoietic states in AGM and yolk sac	EXCLUDE	done	1	smartseq2_one_well		annotated	computational_v2	
scTHREAD_NAR_release_20260803	SRR35586229	GSE309071	mouse	ONT	scONT-plate	Developmental atlas	Embryonic endothelial-to-hematopoietic states in AGM and yolk sac	EXCLUDE	done	1	smartseq2_one_well		annotated	computational_v2	
scTHREAD_NAR_release_20260803	SRR35586230	GSE309071	mouse	ONT	scONT-plate	Developmental atlas	Embryonic endothelial-to-hematopoietic states in AGM and yolk sac	EXCLUDE	done	1	smartseq2_one_well		annotated	computational_v2	
scTHREAD_NAR_release_20260803	SRR35586231	GSE309071	mouse	ONT	scONT-plate	Developmental atlas	Embryonic endothelial-to-hematopoietic states in AGM and yolk sac	EXCLUDE	done	1	smartseq2_one_well		annotated	computational_v2	
scTHREAD_NAR_release_20260803	SRR35586232	GSE309071	mouse	ONT	scONT-plate	Developmental atlas	Embryonic endothelial-to-hematopoietic states in AGM and yolk sac	EXCLUDE	done	1	smartseq2_one_well		annotated	computational_v2	
scTHREAD_NAR_release_20260803	SRR35586233	GSE309071	mouse	ONT	scONT-plate	Developmental atlas	Embryonic endothelial-to-hematopoietic states in AGM and yolk sac	EXCLUDE	done	1	smartseq2_one_well		annotated	computational_v2	
scTHREAD_NAR_release_20260803	SRR35586234	GSE309071	mouse	ONT	scONT-plate	Developmental atlas	Embryonic endothelial-to-hematopoietic states in AGM and yolk sac	EXCLUDE	done	1	smartseq2_one_well		annotated	computational_v2	
scTHREAD_NAR_release_20260803	SRR35586235	GSE309071	mouse	ONT	scONT-plate	Developmental atlas	Embryonic endothelial-to-hematopoietic states in AGM and yolk sac	EXCLUDE	done	1	smartseq2_one_well		annotated	computational_v2	
scTHREAD_NAR_release_20260803	SRR35586236	GSE309071	mouse	ONT	scONT-plate	Developmental atlas	Embryonic endothelial-to-hematopoietic states in AGM and yolk sac	EXCLUDE	done	1	smartseq2_one_well		annotated	computational_v2	
scTHREAD_NAR_release_20260803	SRR35586237	GSE309071	mouse	ONT	scONT-plate	Developmental atlas	Embryonic endothelial-to-hematopoietic states in AGM and yolk sac	EXCLUDE	done	1	smartseq2_one_well		annotated	computational_v2	
scTHREAD_NAR_release_20260803	SRR35586238	GSE309071	mouse	ONT	scONT-plate	Developmental atlas	Embryonic endothelial-to-hematopoietic states in AGM and yolk sac	EXCLUDE	done	1	smartseq2_one_well		annotated	computational_v2	
scTHREAD_NAR_release_20260803	SRR35586239	GSE309071	mouse	ONT	scONT-plate	Developmental atlas	Embryonic endothelial-to-hematopoietic states in AGM and yolk sac	EXCLUDE	done	1	smartseq2_one_well		annotated	computational_v2	
scTHREAD_NAR_release_20260803	SRR35586240	GSE309071	mouse	ONT	scONT-plate	Developmental atlas	Embryonic endothelial-to-hematopoietic states in AGM and yolk sac	EXCLUDE	done	1	smartseq2_one_well		annotated	computational_v2	
scTHREAD_NAR_release_20260803	SRR35586241	GSE309071	mouse	ONT	scONT-plate	Developmental atlas	Embryonic endothelial-to-hematopoietic states in AGM and yolk sac	EXCLUDE	done	1	smartseq2_one_well		annotated	computational_v2	
scTHREAD_NAR_release_20260803	SRR35586242	GSE309071	mouse	ONT	scONT-plate	Developmental atlas	Embryonic endothelial-to-hematopoietic states in AGM and yolk sac	EXCLUDE	done	1	smartseq2_one_well		annotated	computational_v2	
scTHREAD_NAR_release_20260803	SRR35586243	GSE309071	mouse	ONT	scONT-plate	Developmental atlas	Embryonic endothelial-to-hematopoietic states in AGM and yolk sac	EXCLUDE	done	1	smartseq2_one_well		annotated	computational_v2	
scTHREAD_NAR_release_20260803	SRR35586244	GSE309071	mouse	ONT	scONT-plate	Developmental atlas	Embryonic endothelial-to-hematopoietic states in AGM and yolk sac	EXCLUDE	done	1	smartseq2_one_well		annotated	computational_v2	
scTHREAD_NAR_release_20260803	SRR35586245	GSE309071	mouse	ONT	scONT-plate	Developmental atlas	Embryonic endothelial-to-hematopoietic states in AGM and yolk sac	EXCLUDE	done	1	smartseq2_one_well		annotated	computational_v2	
scTHREAD_NAR_release_20260803	SRR35586246	GSE309071	mouse	ONT	scONT-plate	Developmental atlas	Embryonic endothelial-to-hematopoietic states in AGM and yolk sac	EXCLUDE	done	1	smartseq2_one_well		annotated	computational_v2	
scTHREAD_NAR_release_20260803	SRR35586247	GSE309071	mouse	ONT	scONT-plate	Developmental atlas	Embryonic endothelial-to-hematopoietic states in AGM and yolk sac	EXCLUDE	done	1	smartseq2_one_well		annotated	computational_v2	
scTHREAD_NAR_release_20260803	SRR35586248	GSE309071	mouse	ONT	scONT-plate	Developmental atlas	Embryonic endothelial-to-hematopoietic states in AGM and yolk sac	EXCLUDE	done	1	smartseq2_one_well		annotated	computational_v2	
scTHREAD_NAR_release_20260803	SRR35586249	GSE309071	mouse	ONT	scONT-plate	Developmental atlas	Embryonic endothelial-to-hematopoietic states in AGM and yolk sac	EXCLUDE	done	1	smartseq2_one_well		annotated	computational_v2	
scTHREAD_NAR_release_20260803	SRR35586250	GSE309071	mouse	ONT	scONT-plate	Developmental atlas	Embryonic endothelial-to-hematopoietic states in AGM and yolk sac	EXCLUDE	done	1	smartseq2_one_well		annotated	computational_v2	
scTHREAD_NAR_release_20260803	SRR35586251	GSE309071	mouse	ONT	scONT-plate	Developmental atlas	Embryonic endothelial-to-hematopoietic states in AGM and yolk sac	EXCLUDE	done	1	smartseq2_one_well		annotated	computational_v2	
scTHREAD_NAR_release_20260803	SRR35586252	GSE309071	mouse	ONT	scONT-plate	Developmental atlas	Embryonic endothelial-to-hematopoietic states in AGM and yolk sac	EXCLUDE	done	1	smartseq2_one_well		annotated	computational_v2	
scTHREAD_NAR_release_20260803	SRR35586253	GSE309071	mouse	ONT	scONT-plate	Developmental atlas	Embryonic endothelial-to-hematopoietic states in AGM and yolk sac	EXCLUDE	done	1	smartseq2_one_well		annotated	computational_v2	
scTHREAD_NAR_release_20260803	SRR35586254	GSE309071	mouse	ONT	scONT-plate	Developmental atlas	Embryonic endothelial-to-hematopoietic states in AGM and yolk sac	EXCLUDE	done	1	smartseq2_one_well		annotated	computational_v2	
scTHREAD_NAR_release_20260803	SRR35586255	GSE309071	mouse	ONT	scONT-plate	Developmental atlas	Embryonic endothelial-to-hematopoietic states in AGM and yolk sac	EXCLUDE	done	1	smartseq2_one_well		annotated	computational_v2	
scTHREAD_NAR_release_20260803	SRR35586256	GSE309071	mouse	ONT	scONT-plate	Developmental atlas	Embryonic endothelial-to-hematopoietic states in AGM and yolk sac	EXCLUDE	done	1	smartseq2_one_well		annotated	computational_v2	
scTHREAD_NAR_release_20260803	SRR35586257	GSE309071	mouse	ONT	scONT-plate	Developmental atlas	Embryonic endothelial-to-hematopoietic states in AGM and yolk sac	EXCLUDE	done	1	smartseq2_one_well		annotated	computational_v2	
scTHREAD_NAR_release_20260803	SRR35586258	GSE309071	mouse	ONT	scONT-plate	Developmental atlas	Embryonic endothelial-to-hematopoietic states in AGM and yolk sac	EXCLUDE	done	1	smartseq2_one_well		annotated	computational_v2	
scTHREAD_NAR_release_20260803	SRR35586259	GSE309071	mouse	ONT	scONT-plate	Developmental atlas	Embryonic endothelial-to-hematopoietic states in AGM and yolk sac	EXCLUDE	done	1	smartseq2_one_well		annotated	computational_v2	
scTHREAD_NAR_release_20260803	SRR35586260	GSE309071	mouse	ONT	scONT-plate	Developmental atlas	Embryonic endothelial-to-hematopoietic states in AGM and yolk sac	EXCLUDE	done	1	smartseq2_one_well		annotated	computational_v2	
scTHREAD_NAR_release_20260803	SRR35586261	GSE309071	mouse	ONT	scONT-plate	Developmental atlas	Embryonic endothelial-to-hematopoietic states in AGM and yolk sac	EXCLUDE	done	1	smartseq2_one_well		annotated	computational_v2	
scTHREAD_NAR_release_20260803	SRR35586263	GSE309071	mouse	ONT	scONT-plate	Developmental atlas	Embryonic endothelial-to-hematopoietic states in AGM and yolk sac	EXCLUDE	done	1	smartseq2_one_well		annotated	computational_v2	
scTHREAD_NAR_release_20260803	SRR35586264	GSE309071	mouse	ONT	scONT-plate	Developmental atlas	Embryonic endothelial-to-hematopoietic states in AGM and yolk sac	EXCLUDE	done	1	smartseq2_one_well		annotated	computational_v2	
scTHREAD_NAR_release_20260803	SRR35586265	GSE309071	mouse	ONT	scONT-plate	Developmental atlas	Embryonic endothelial-to-hematopoietic states in AGM and yolk sac	EXCLUDE	done	1	smartseq2_one_well		annotated	computational_v2	
scTHREAD_NAR_release_20260803	SRR35586266	GSE309071	mouse	ONT	scONT-plate	Developmental atlas	Embryonic endothelial-to-hematopoietic states in AGM and yolk sac	EXCLUDE	done	1	smartseq2_one_well		annotated	computational_v2	
scTHREAD_NAR_release_20260803	SRR35586267	GSE309071	mouse	ONT	scONT-plate	Developmental atlas	Embryonic endothelial-to-hematopoietic states in AGM and yolk sac	EXCLUDE	done	1	smartseq2_one_well		annotated	computational_v2	
scTHREAD_NAR_release_20260803	SRR35586268	GSE309071	mouse	ONT	scONT-plate	Developmental atlas	Embryonic endothelial-to-hematopoietic states in AGM and yolk sac	EXCLUDE	done	1	smartseq2_one_well		annotated	computational_v2	
scTHREAD_NAR_release_20260803	SRR35586269	GSE309071	mouse	ONT	scONT-plate	Developmental atlas	Embryonic endothelial-to-hematopoietic states in AGM and yolk sac	EXCLUDE	done	1	smartseq2_one_well		annotated	computational_v2	
scTHREAD_NAR_release_20260803	SRR35586270	GSE309071	mouse	ONT	scONT-plate	Developmental atlas	Embryonic endothelial-to-hematopoietic states in AGM and yolk sac	EXCLUDE	done	1	smartseq2_one_well		annotated	computational_v2	
scTHREAD_NAR_release_20260803	SRR35586271	GSE309071	mouse	ONT	scONT-plate	Developmental atlas	Embryonic endothelial-to-hematopoietic states in AGM and yolk sac	EXCLUDE	done	1	smartseq2_one_well		annotated	computational_v2	
scTHREAD_NAR_release_20260803	SRR35586272	GSE309071	mouse	ONT	scONT-plate	Developmental atlas	Embryonic endothelial-to-hematopoietic states in AGM and yolk sac	EXCLUDE	done	1	smartseq2_one_well		annotated	computational_v2	
scTHREAD_NAR_release_20260803	SRR35586274	GSE309071	mouse	ONT	scONT-plate	Developmental atlas	Embryonic endothelial-to-hematopoietic states in AGM and yolk sac	EXCLUDE	done	1	smartseq2_one_well		annotated	computational_v2	
scTHREAD_NAR_release_20260803	SRR35586275	GSE309071	mouse	ONT	scONT-plate	Developmental atlas	Embryonic endothelial-to-hematopoietic states in AGM and yolk sac	EXCLUDE	done	1	smartseq2_one_well		annotated	computational_v2	
scTHREAD_NAR_release_20260803	SRR35586276	GSE309071	mouse	ONT	scONT-plate	Developmental atlas	Embryonic endothelial-to-hematopoietic states in AGM and yolk sac	EXCLUDE	done	1	smartseq2_one_well		annotated	computational_v2	
scTHREAD_NAR_release_20260803	SRR35586277	GSE309071	mouse	ONT	scONT-plate	Developmental atlas	Embryonic endothelial-to-hematopoietic states in AGM and yolk sac	EXCLUDE	done	1	smartseq2_one_well		annotated	computational_v2	
scTHREAD_NAR_release_20260803	SRR35586278	GSE309071	mouse	ONT	scONT-plate	Developmental atlas	Embryonic endothelial-to-hematopoietic states in AGM and yolk sac	EXCLUDE	done	1	smartseq2_one_well		annotated	computational_v2	
scTHREAD_NAR_release_20260803	SRR35586279	GSE309071	mouse	ONT	scONT-plate	Developmental atlas	Embryonic endothelial-to-hematopoietic states in AGM and yolk sac	EXCLUDE	done	1	smartseq2_one_well		annotated	computational_v2	
scTHREAD_NAR_release_20260803	SRR35586280	GSE309071	mouse	ONT	scONT-plate	Developmental atlas	Embryonic endothelial-to-hematopoietic states in AGM and yolk sac	EXCLUDE	done	1	smartseq2_one_well		annotated	computational_v2	
scTHREAD_NAR_release_20260803	SRR35586281	GSE309071	mouse	ONT	scONT-plate	Developmental atlas	Embryonic endothelial-to-hematopoietic states in AGM and yolk sac	EXCLUDE	done	1	smartseq2_one_well		annotated	computational_v2	
scTHREAD_NAR_release_20260803	SRR35586282	GSE309071	mouse	ONT	scONT-plate	Developmental atlas	Embryonic endothelial-to-hematopoietic states in AGM and yolk sac	EXCLUDE	done	1	smartseq2_one_well		annotated	computational_v2	
scTHREAD_NAR_release_20260803	SRR35586283	GSE309071	mouse	ONT	scONT-plate	Developmental atlas	Embryonic endothelial-to-hematopoietic states in AGM and yolk sac	EXCLUDE	done	1	smartseq2_one_well		annotated	computational_v2	
scTHREAD_NAR_release_20260803	SRR35586284	GSE309071	mouse	ONT	scONT-plate	Developmental atlas	Embryonic endothelial-to-hematopoietic states in AGM and yolk sac	EXCLUDE	done	1	smartseq2_one_well		annotated	computational_v2	
scTHREAD_NAR_release_20260803	SRR35586285	GSE309071	mouse	ONT	scONT-plate	Developmental atlas	Embryonic endothelial-to-hematopoietic states in AGM and yolk sac	EXCLUDE	done	1	smartseq2_one_well		annotated	computational_v2	
scTHREAD_NAR_release_20260803	SRR35586286	GSE309071	mouse	ONT	scONT-plate	Developmental atlas	Embryonic endothelial-to-hematopoietic states in AGM and yolk sac	EXCLUDE	done	1	smartseq2_one_well		annotated	computational_v2	
scTHREAD_NAR_release_20260803	SRR35586287	GSE309071	mouse	ONT	scONT-plate	Developmental atlas	Embryonic endothelial-to-hematopoietic states in AGM and yolk sac	EXCLUDE	done	1	smartseq2_one_well		annotated	computational_v2	
scTHREAD_NAR_release_20260803	SRR35586288	GSE309071	mouse	ONT	scONT-plate	Developmental atlas	Embryonic endothelial-to-hematopoietic states in AGM and yolk sac	EXCLUDE	done	1	smartseq2_one_well		annotated	computational_v2	
scTHREAD_NAR_release_20260803	SRR35586289	GSE309071	mouse	ONT	scONT-plate	Developmental atlas	Embryonic endothelial-to-hematopoietic states in AGM and yolk sac	EXCLUDE	done	1	smartseq2_one_well		annotated	computational_v2	
scTHREAD_NAR_release_20260803	SRR35586290	GSE309071	mouse	ONT	scONT-plate	Developmental atlas	Embryonic endothelial-to-hematopoietic states in AGM and yolk sac	EXCLUDE	done	1	smartseq2_one_well		annotated	computational_v2	
scTHREAD_NAR_release_20260803	SRR35586291	GSE309071	mouse	ONT	scONT-plate	Developmental atlas	Embryonic endothelial-to-hematopoietic states in AGM and yolk sac	EXCLUDE	done	1	smartseq2_one_well		annotated	computational_v2	
scTHREAD_NAR_release_20260803	SRR35586292	GSE309071	mouse	ONT	scONT-plate	Developmental atlas	Embryonic endothelial-to-hematopoietic states in AGM and yolk sac	EXCLUDE	done	1	smartseq2_one_well		annotated	computational_v2	
scTHREAD_NAR_release_20260803	SRR35586293	GSE309071	mouse	ONT	scONT-plate	Developmental atlas	Embryonic endothelial-to-hematopoietic states in AGM and yolk sac	EXCLUDE	done	1	smartseq2_one_well		annotated	computational_v2	
scTHREAD_NAR_release_20260803	SRR35586294	GSE309071	mouse	ONT	scONT-plate	Developmental atlas	Embryonic endothelial-to-hematopoietic states in AGM and yolk sac	EXCLUDE	done	1	smartseq2_one_well		annotated	computational_v2	
scTHREAD_NAR_release_20260803	SRR35586295	GSE309071	mouse	ONT	scONT-plate	Developmental atlas	Embryonic endothelial-to-hematopoietic states in AGM and yolk sac	EXCLUDE	done	1	smartseq2_one_well		annotated	computational_v2	
scTHREAD_NAR_release_20260803	SRR35586296	GSE309071	mouse	ONT	scONT-plate	Developmental atlas	Embryonic endothelial-to-hematopoietic states in AGM and yolk sac	EXCLUDE	done	1	smartseq2_one_well		annotated	computational_v2	
scTHREAD_NAR_release_20260803	SRR35586297	GSE309071	mouse	ONT	scONT-plate	Developmental atlas	Embryonic endothelial-to-hematopoietic states in AGM and yolk sac	EXCLUDE	done	1	smartseq2_one_well		annotated	computational_v2	
scTHREAD_NAR_release_20260803	SRR35586298	GSE309071	mouse	ONT	scONT-plate	Developmental atlas	Embryonic endothelial-to-hematopoietic states in AGM and yolk sac	EXCLUDE	done	1	smartseq2_one_well		annotated	computational_v2	
scTHREAD_NAR_release_20260803	SRR35586299	GSE309071	mouse	ONT	scONT-plate	Developmental atlas	Embryonic endothelial-to-hematopoietic states in AGM and yolk sac	EXCLUDE	done	1	smartseq2_one_well		annotated	computational_v2	
scTHREAD_NAR_release_20260803	SRR35586300	GSE309071	mouse	ONT	scONT-plate	Developmental atlas	Embryonic endothelial-to-hematopoietic states in AGM and yolk sac	EXCLUDE	done	1	smartseq2_one_well		annotated	computational_v2	
scTHREAD_NAR_release_20260803	SRR35586301	GSE309071	mouse	ONT	scONT-plate	Developmental atlas	Embryonic endothelial-to-hematopoietic states in AGM and yolk sac	EXCLUDE	done	1	smartseq2_one_well		annotated	computational_v2	
scTHREAD_NAR_release_20260803	SRR35586302	GSE309071	mouse	ONT	scONT-plate	Developmental atlas	Embryonic endothelial-to-hematopoietic states in AGM and yolk sac	EXCLUDE	done	1	smartseq2_one_well		annotated	computational_v2	
scTHREAD_NAR_release_20260803	SRR35586303	GSE309071	mouse	ONT	scONT-plate	Developmental atlas	Embryonic endothelial-to-hematopoietic states in AGM and yolk sac	EXCLUDE	done	1	smartseq2_one_well		annotated	computational_v2	
scTHREAD_NAR_release_20260803	SRR35586304	GSE309071	mouse	ONT	scONT-plate	Developmental atlas	Embryonic endothelial-to-hematopoietic states in AGM and yolk sac	EXCLUDE	done	1	smartseq2_one_well		annotated	computational_v2	
scTHREAD_NAR_release_20260803	SRR35586305	GSE309071	mouse	ONT	scONT-plate	Developmental atlas	Embryonic endothelial-to-hematopoietic states in AGM and yolk sac	EXCLUDE	done	1	smartseq2_one_well		annotated	computational_v2	
scTHREAD_NAR_release_20260803	SRR35586306	GSE309071	mouse	ONT	scONT-plate	Developmental atlas	Embryonic endothelial-to-hematopoietic states in AGM and yolk sac	EXCLUDE	done	1	smartseq2_one_well		annotated	computational_v2	
scTHREAD_NAR_release_20260803	SRR35586307	GSE309071	mouse	ONT	scONT-plate	Developmental atlas	Embryonic endothelial-to-hematopoietic states in AGM and yolk sac	EXCLUDE	done	1	smartseq2_one_well		annotated	computational_v2	
scTHREAD_NAR_release_20260803	SRR35586308	GSE309071	mouse	ONT	scONT-plate	Developmental atlas	Embryonic endothelial-to-hematopoietic states in AGM and yolk sac	EXCLUDE	done	1	smartseq2_one_well		annotated	computational_v2	
scTHREAD_NAR_release_20260803	SRR35586309	GSE309071	mouse	ONT	scONT-plate	Developmental atlas	Embryonic endothelial-to-hematopoietic states in AGM and yolk sac	EXCLUDE	done	1	smartseq2_one_well		annotated	computational_v2	
scTHREAD_NAR_release_20260803	SRR35586310	GSE309071	mouse	ONT	scONT-plate	Developmental atlas	Embryonic endothelial-to-hematopoietic states in AGM and yolk sac	EXCLUDE	done	1	smartseq2_one_well		annotated	computational_v2	
scTHREAD_NAR_release_20260803	SRR35586311	GSE309071	mouse	ONT	scONT-plate	Developmental atlas	Embryonic endothelial-to-hematopoietic states in AGM and yolk sac	EXCLUDE	done	1	smartseq2_one_well		annotated	computational_v2	
scTHREAD_NAR_release_20260803	SRR35586312	GSE309071	mouse	ONT	scONT-plate	Developmental atlas	Embryonic endothelial-to-hematopoietic states in AGM and yolk sac	EXCLUDE	done	1	smartseq2_one_well		annotated	computational_v2	
scTHREAD_NAR_release_20260803	SRR35586313	GSE309071	mouse	ONT	scONT-plate	Developmental atlas	Embryonic endothelial-to-hematopoietic states in AGM and yolk sac	EXCLUDE	done	1	smartseq2_one_well		annotated	computational_v2	
scTHREAD_NAR_release_20260803	SRR35586314	GSE309071	mouse	ONT	scONT-plate	Developmental atlas	Embryonic endothelial-to-hematopoietic states in AGM and yolk sac	EXCLUDE	done	1	smartseq2_one_well		annotated	computational_v2	
scTHREAD_NAR_release_20260803	SRR35586315	GSE309071	mouse	ONT	scONT-plate	Developmental atlas	Embryonic endothelial-to-hematopoietic states in AGM and yolk sac	EXCLUDE	done	1	smartseq2_one_well		annotated	computational_v2	
scTHREAD_NAR_release_20260803	SRR35586316	GSE309071	mouse	ONT	scONT-plate	Developmental atlas	Embryonic endothelial-to-hematopoietic states in AGM and yolk sac	EXCLUDE	done	1	smartseq2_one_well		annotated	computational_v2	
scTHREAD_NAR_release_20260803	SRR35586317	GSE309071	mouse	ONT	scONT-plate	Developmental atlas	Embryonic endothelial-to-hematopoietic states in AGM and yolk sac	EXCLUDE	done	1	smartseq2_one_well		annotated	computational_v2	
scTHREAD_NAR_release_20260803	SRR35586318	GSE309071	mouse	ONT	scONT-plate	Developmental atlas	Embryonic endothelial-to-hematopoietic states in AGM and yolk sac	EXCLUDE	done	1	smartseq2_one_well		annotated	computational_v2	
scTHREAD_NAR_release_20260803	SRR35586319	GSE309071	mouse	ONT	scONT-plate	Developmental atlas	Embryonic endothelial-to-hematopoietic states in AGM and yolk sac	EXCLUDE	done	1	smartseq2_one_well		annotated	computational_v2	
scTHREAD_NAR_release_20260803	SRR35586320	GSE309071	mouse	ONT	scONT-plate	Developmental atlas	Embryonic endothelial-to-hematopoietic states in AGM and yolk sac	EXCLUDE	done	1	smartseq2_one_well		annotated	computational_v2	
scTHREAD_NAR_release_20260803	SRR35586321	GSE309071	mouse	ONT	scONT-plate	Developmental atlas	Embryonic endothelial-to-hematopoietic states in AGM and yolk sac	EXCLUDE	done	1	smartseq2_one_well		annotated	computational_v2	
scTHREAD_NAR_release_20260803	SRR35586323	GSE309071	mouse	ONT	scONT-plate	Developmental atlas	Embryonic endothelial-to-hematopoietic states in AGM and yolk sac	EXCLUDE	done	1	smartseq2_one_well		annotated	computational_v2	
scTHREAD_NAR_release_20260803	SRR35586324	GSE309071	mouse	ONT	scONT-plate	Developmental atlas	Embryonic endothelial-to-hematopoietic states in AGM and yolk sac	EXCLUDE	done	1	smartseq2_one_well		annotated	computational_v2	
scTHREAD_NAR_release_20260803	SRR35586325	GSE309071	mouse	ONT	scONT-plate	Developmental atlas	Embryonic endothelial-to-hematopoietic states in AGM and yolk sac	EXCLUDE	done	1	smartseq2_one_well		annotated	computational_v2	
scTHREAD_NAR_release_20260803	SRR35586326	GSE309071	mouse	ONT	scONT-plate	Developmental atlas	Embryonic endothelial-to-hematopoietic states in AGM and yolk sac	EXCLUDE	done	1	smartseq2_one_well		annotated	computational_v2	
scTHREAD_NAR_release_20260803	SRR35586327	GSE309071	mouse	ONT	scONT-plate	Developmental atlas	Embryonic endothelial-to-hematopoietic states in AGM and yolk sac	EXCLUDE	done	1	smartseq2_one_well		annotated	computational_v2	
scTHREAD_NAR_release_20260803	SRR35586328	GSE309071	mouse	ONT	scONT-plate	Developmental atlas	Embryonic endothelial-to-hematopoietic states in AGM and yolk sac	EXCLUDE	done	1	smartseq2_one_well		annotated	computational_v2	
scTHREAD_NAR_release_20260803	SRR35586329	GSE309071	mouse	ONT	scONT-plate	Developmental atlas	Embryonic endothelial-to-hematopoietic states in AGM and yolk sac	EXCLUDE	done	1	smartseq2_one_well		annotated	computational_v2	
scTHREAD_NAR_release_20260803	SRR35586330	GSE309071	mouse	ONT	scONT-plate	Developmental atlas	Embryonic endothelial-to-hematopoietic states in AGM and yolk sac	EXCLUDE	done	1	smartseq2_one_well		annotated	computational_v2	
scTHREAD_NAR_release_20260803	SRR35586331	GSE309071	mouse	ONT	scONT-plate	Developmental atlas	Embryonic endothelial-to-hematopoietic states in AGM and yolk sac	EXCLUDE	done	1	smartseq2_one_well		annotated	computational_v2	
scTHREAD_NAR_release_20260803	SRR35586332	GSE309071	mouse	ONT	scONT-plate	Developmental atlas	Embryonic endothelial-to-hematopoietic states in AGM and yolk sac	EXCLUDE	done	1	smartseq2_one_well		annotated	computational_v2	
scTHREAD_NAR_release_20260803	SRR35586333	GSE309071	mouse	ONT	scONT-plate	Developmental atlas	Embryonic endothelial-to-hematopoietic states in AGM and yolk sac	EXCLUDE	done	1	smartseq2_one_well		annotated	computational_v2	
scTHREAD_NAR_release_20260803	SRR35586334	GSE309071	mouse	ONT	scONT-plate	Developmental atlas	Embryonic endothelial-to-hematopoietic states in AGM and yolk sac	EXCLUDE	done	1	smartseq2_one_well		annotated	computational_v2	
scTHREAD_NAR_release_20260803	SRR35586335	GSE309071	mouse	ONT	scONT-plate	Developmental atlas	Embryonic endothelial-to-hematopoietic states in AGM and yolk sac	EXCLUDE	done	1	smartseq2_one_well		annotated	computational_v2	
scTHREAD_NAR_release_20260803	SRR35586336	GSE309071	mouse	ONT	scONT-plate	Developmental atlas	Embryonic endothelial-to-hematopoietic states in AGM and yolk sac	EXCLUDE	done	1	smartseq2_one_well		annotated	computational_v2	
scTHREAD_NAR_release_20260803	SRR35586337	GSE309071	mouse	ONT	scONT-plate	Developmental atlas	Embryonic endothelial-to-hematopoietic states in AGM and yolk sac	EXCLUDE	done	1	smartseq2_one_well		annotated	computational_v2	
scTHREAD_NAR_release_20260803	SRR35586338	GSE309071	mouse	ONT	scONT-plate	Developmental atlas	Embryonic endothelial-to-hematopoietic states in AGM and yolk sac	EXCLUDE	done	1	smartseq2_one_well		annotated	computational_v2	
scTHREAD_NAR_release_20260803	SRR35586339	GSE309071	mouse	ONT	scONT-plate	Developmental atlas	Embryonic endothelial-to-hematopoietic states in AGM and yolk sac	EXCLUDE	done	1	smartseq2_one_well		annotated	computational_v2	
scTHREAD_NAR_release_20260803	SRR35586340	GSE309071	mouse	ONT	scONT-plate	Developmental atlas	Embryonic endothelial-to-hematopoietic states in AGM and yolk sac	EXCLUDE	done	1	smartseq2_one_well		annotated	computational_v2	
scTHREAD_NAR_release_20260803	SRR35586341	GSE309071	mouse	ONT	scONT-plate	Developmental atlas	Embryonic endothelial-to-hematopoietic states in AGM and yolk sac	EXCLUDE	done	1	smartseq2_one_well		annotated	computational_v2	
scTHREAD_NAR_release_20260803	SRR35586342	GSE309071	mouse	ONT	scONT-plate	Developmental atlas	Embryonic endothelial-to-hematopoietic states in AGM and yolk sac	EXCLUDE	done	1	smartseq2_one_well		annotated	computational_v2	
scTHREAD_NAR_release_20260803	SRR35586343	GSE309071	mouse	ONT	scONT-plate	Developmental atlas	Embryonic endothelial-to-hematopoietic states in AGM and yolk sac	EXCLUDE	done	1	smartseq2_one_well		annotated	computational_v2	
scTHREAD_NAR_release_20260803	SRR35586344	GSE309071	mouse	ONT	scONT-plate	Developmental atlas	Embryonic endothelial-to-hematopoietic states in AGM and yolk sac	EXCLUDE	done	1	smartseq2_one_well		annotated	computational_v2	
scTHREAD_NAR_release_20260803	SRR35586345	GSE309071	mouse	ONT	scONT-plate	Developmental atlas	Embryonic endothelial-to-hematopoietic states in AGM and yolk sac	EXCLUDE	done	1	smartseq2_one_well		annotated	computational_v2	
scTHREAD_NAR_release_20260803	SRR35586346	GSE309071	mouse	ONT	scONT-plate	Developmental atlas	Embryonic endothelial-to-hematopoietic states in AGM and yolk sac	EXCLUDE	done	1	smartseq2_one_well		annotated	computational_v2	
scTHREAD_NAR_release_20260803	SRR35586347	GSE309071	mouse	ONT	scONT-plate	Developmental atlas	Embryonic endothelial-to-hematopoietic states in AGM and yolk sac	EXCLUDE	done	1	smartseq2_one_well		annotated	computational_v2	
scTHREAD_NAR_release_20260803	SRR35586348	GSE309071	mouse	ONT	scONT-plate	Developmental atlas	Embryonic endothelial-to-hematopoietic states in AGM and yolk sac	EXCLUDE	done	1	smartseq2_one_well		annotated	computational_v2	
scTHREAD_NAR_release_20260803	SRR35586349	GSE309071	mouse	ONT	scONT-plate	Developmental atlas	Embryonic endothelial-to-hematopoietic states in AGM and yolk sac	EXCLUDE	done	1	smartseq2_one_well		annotated	computational_v2	
scTHREAD_NAR_release_20260803	SRR35586350	GSE309071	mouse	ONT	scONT-plate	Developmental atlas	Embryonic endothelial-to-hematopoietic states in AGM and yolk sac	EXCLUDE	done	1	smartseq2_one_well		annotated	computational_v2	
scTHREAD_NAR_release_20260803	SRR35586351	GSE309071	mouse	ONT	scONT-plate	Developmental atlas	Embryonic endothelial-to-hematopoietic states in AGM and yolk sac	EXCLUDE	done	1	smartseq2_one_well		annotated	computational_v2	
scTHREAD_NAR_release_20260803	SRR35586352	GSE309071	mouse	ONT	scONT-plate	Developmental atlas	Embryonic endothelial-to-hematopoietic states in AGM and yolk sac	EXCLUDE	done	1	smartseq2_one_well		annotated	computational_v2	
scTHREAD_NAR_release_20260803	SRR35586353	GSE309071	mouse	ONT	scONT-plate	Developmental atlas	Embryonic endothelial-to-hematopoietic states in AGM and yolk sac	EXCLUDE	done	1	smartseq2_one_well		annotated	computational_v2	
scTHREAD_NAR_release_20260803	SRR35586354	GSE309071	mouse	ONT	scONT-plate	Developmental atlas	Embryonic endothelial-to-hematopoietic states in AGM and yolk sac	EXCLUDE	done	1	smartseq2_one_well		annotated	computational_v2	
scTHREAD_NAR_release_20260803	SRR35586355	GSE309071	mouse	ONT	scONT-plate	Developmental atlas	Embryonic endothelial-to-hematopoietic states in AGM and yolk sac	EXCLUDE	done	1	smartseq2_one_well		annotated	computational_v2	
scTHREAD_NAR_release_20260803	SRR35586356	GSE309071	mouse	ONT	scONT-plate	Developmental atlas	Embryonic endothelial-to-hematopoietic states in AGM and yolk sac	EXCLUDE	done	1	smartseq2_one_well		annotated	computational_v2	
scTHREAD_NAR_release_20260803	SRR35586357	GSE309071	mouse	ONT	scONT-plate	Developmental atlas	Embryonic endothelial-to-hematopoietic states in AGM and yolk sac	EXCLUDE	done	1	smartseq2_one_well		annotated	computational_v2	
scTHREAD_NAR_release_20260803	SRR35586358	GSE309071	mouse	ONT	scONT-plate	Developmental atlas	Embryonic endothelial-to-hematopoietic states in AGM and yolk sac	EXCLUDE	done	1	smartseq2_one_well		annotated	computational_v2	
scTHREAD_NAR_release_20260803	SRR35586359	GSE309071	mouse	ONT	scONT-plate	Developmental atlas	Embryonic endothelial-to-hematopoietic states in AGM and yolk sac	EXCLUDE	done	1	smartseq2_one_well		annotated	computational_v2	
scTHREAD_NAR_release_20260803	SRR35586360	GSE309071	mouse	ONT	scONT-plate	Developmental atlas	Embryonic endothelial-to-hematopoietic states in AGM and yolk sac	EXCLUDE	done	1	smartseq2_one_well		annotated	computational_v2	
scTHREAD_NAR_release_20260803	SRR35586361	GSE309071	mouse	ONT	scONT-plate	Developmental atlas	Embryonic endothelial-to-hematopoietic states in AGM and yolk sac	EXCLUDE	done	1	smartseq2_one_well		annotated	computational_v2	
scTHREAD_NAR_release_20260803	SRR35586362	GSE309071	mouse	ONT	scONT-plate	Developmental atlas	Embryonic endothelial-to-hematopoietic states in AGM and yolk sac	EXCLUDE	done	1	smartseq2_one_well		annotated	computational_v2	
scTHREAD_NAR_release_20260803	SRR35586363	GSE309071	mouse	ONT	scONT-plate	Developmental atlas	Embryonic endothelial-to-hematopoietic states in AGM and yolk sac	EXCLUDE	done	1	smartseq2_one_well		annotated	computational_v2	
scTHREAD_NAR_release_20260803	SRR35586364	GSE309071	mouse	ONT	scONT-plate	Developmental atlas	Embryonic endothelial-to-hematopoietic states in AGM and yolk sac	EXCLUDE	done	1	smartseq2_one_well		annotated	computational_v2	
scTHREAD_NAR_release_20260803	SRR35586365	GSE309071	mouse	ONT	scONT-plate	Developmental atlas	Embryonic endothelial-to-hematopoietic states in AGM and yolk sac	EXCLUDE	done	1	smartseq2_one_well		annotated	computational_v2	
scTHREAD_NAR_release_20260803	SRR35586366	GSE309071	mouse	ONT	scONT-plate	Developmental atlas	Embryonic endothelial-to-hematopoietic states in AGM and yolk sac	EXCLUDE	done	1	smartseq2_one_well		annotated	computational_v2	
scTHREAD_NAR_release_20260803	SRR35586367	GSE309071	mouse	ONT	scONT-plate	Developmental atlas	Embryonic endothelial-to-hematopoietic states in AGM and yolk sac	EXCLUDE	done	1	smartseq2_one_well		annotated	computational_v2	
scTHREAD_NAR_release_20260803	SRR36480452	GSE314176	mouse	PacBio	scPacBio	Brain and translation	Isoform-specific single-cell translational profiling of the mouse hippocampus	unclassified	done	14400	min_genes>=200	60686	annotated	author_cell_type	
scTHREAD_NAR_release_20260803	SRR36480453	GSE314176	mouse	PacBio	scPacBio	Brain and translation	Isoform-specific single-cell translational profiling of the mouse hippocampus	unclassified	done	12730	min_genes>=200	61170	annotated	author_cell_type	
scTHREAD_NAR_release_20260803	SRR36480454	GSE314176	mouse	PacBio	scPacBio	Brain and translation	Isoform-specific single-cell translational profiling of the mouse hippocampus	unclassified	done	4094	min_genes>=200	8435	annotated	author_cell_type	
scTHREAD_NAR_release_20260803	SRR3224853	GSE76026	mouse	PacBio	scPacBio	Brain cell atlas	Oligodendrocyte progenitors and maturing oligodendrocytes	unclassified	done	1	smartseq2_one_well		annotated	author_cell_type	
scTHREAD_NAR_release_20260803	SRR3224854	GSE76026	mouse	PacBio	scPacBio	Brain cell atlas	Oligodendrocyte progenitors and maturing oligodendrocytes	unclassified	done	1	smartseq2_one_well		annotated	author_cell_type	
scTHREAD_NAR_release_20260803	SRR3224855	GSE76026	mouse	PacBio	scPacBio	Brain cell atlas	Oligodendrocyte progenitors and maturing oligodendrocytes	unclassified	done	1	smartseq2_one_well		annotated	author_cell_type	
scTHREAD_NAR_release_20260803	SRR3224856	GSE76026	mouse	PacBio	scPacBio	Brain cell atlas	Oligodendrocyte progenitors and maturing oligodendrocytes	unclassified	done	1	smartseq2_one_well		annotated	author_cell_type	
scTHREAD_NAR_release_20260803	SRR3224857	GSE76026	mouse	PacBio	scPacBio	Brain cell atlas	Oligodendrocyte progenitors and maturing oligodendrocytes	unclassified	done	1	smartseq2_one_well		annotated	author_cell_type	
scTHREAD_NAR_release_20260803	SRR3224858	GSE76026	mouse	PacBio	scPacBio	Brain cell atlas	Oligodendrocyte progenitors and maturing oligodendrocytes	unclassified	done	1	smartseq2_one_well		annotated	author_cell_type	
scTHREAD_NAR_release_20260803	SRR3224859	GSE76026	mouse	PacBio	scPacBio	Brain cell atlas	Oligodendrocyte progenitors and maturing oligodendrocytes	unclassified	done	1	smartseq2_one_well		annotated	author_cell_type	
scTHREAD_NAR_release_20260803	SRR3224860	GSE76026	mouse	PacBio	scPacBio	Brain cell atlas	Oligodendrocyte progenitors and maturing oligodendrocytes	unclassified	done	1	smartseq2_one_well		annotated	author_cell_type	
scTHREAD_NAR_release_20260803	SRR3224861	GSE76026	mouse	PacBio	scPacBio	Brain cell atlas	Oligodendrocyte progenitors and maturing oligodendrocytes	unclassified	done	1	smartseq2_one_well		annotated	author_cell_type	
scTHREAD_NAR_release_20260803	SRR3224862	GSE76026	mouse	PacBio	scPacBio	Brain cell atlas	Oligodendrocyte progenitors and maturing oligodendrocytes	unclassified	done	1	smartseq2_one_well		annotated	author_cell_type	
scTHREAD_NAR_release_20260803	SRR3224863	GSE76026	mouse	PacBio	scPacBio	Brain cell atlas	Oligodendrocyte progenitors and maturing oligodendrocytes	unclassified	done	1	smartseq2_one_well		annotated	author_cell_type	
scTHREAD_NAR_release_20260803	SRR3224864	GSE76026	mouse	PacBio	scPacBio	Brain cell atlas	Oligodendrocyte progenitors and maturing oligodendrocytes	unclassified	done	1	smartseq2_one_well		annotated	author_cell_type	
scTHREAD_NAR_release_20260803	E6.5	OWN_ASE_scONT	mouse	ONT	scONT	Developmental atlas	Forward and reciprocal C57BL/6J–DBA/2J crosses across gastrulation	wf-single-cell+IsoQuant	done	8908	wf_tagged_barcodes	52660	no_celltype_by_design	none (cell_line/method)	
scTHREAD_NAR_release_20260803	E7.5	OWN_ASE_scONT	mouse	ONT	scONT	Developmental atlas	Forward and reciprocal C57BL/6J–DBA/2J crosses across gastrulation	wf-single-cell+IsoQuant	done	8125	wf_tagged_barcodes	52575	no_celltype_by_design	none (cell_line/method)	
scTHREAD_NAR_release_20260803	E8.5	OWN_ASE_scONT	mouse	ONT	scONT	Developmental atlas	Forward and reciprocal C57BL/6J–DBA/2J crosses across gastrulation	wf-single-cell+IsoQuant	done	10363	wf_tagged_barcodes	51693	no_celltype_by_design	none (cell_line/method)	
scTHREAD_NAR_release_20260803	FJ_E6.5	OWN_ASE_scONT	mouse	ONT	scONT	Developmental atlas	Forward and reciprocal C57BL/6J–DBA/2J crosses across gastrulation	wf-single-cell+IsoQuant	done	10000	wf_tagged_barcodes	52557	no_celltype_by_design	none (cell_line/method)	
scTHREAD_NAR_release_20260803	FJ_E7.5	OWN_ASE_scONT	mouse	ONT	scONT	Developmental atlas	Forward and reciprocal C57BL/6J–DBA/2J crosses across gastrulation	wf-single-cell+IsoQuant	done	13621	wf_tagged_barcodes	56288	no_celltype_by_design	none (cell_line/method)	
scTHREAD_NAR_release_20260803	FJ_E8.5	OWN_ASE_scONT	mouse	ONT	scONT	Developmental atlas	Forward and reciprocal C57BL/6J–DBA/2J crosses across gastrulation	wf-single-cell+IsoQuant	done	17400	wf_tagged_barcodes	57598	no_celltype_by_design	none (cell_line/method)	
scTHREAD_NAR_release_20260803	A1	benagen_human_ovary	human	ONT	scONT	Tissue dataset	Long-read ovarian transcriptomes across age groups		done	12650	wf_tagged_barcodes	47671	annotated	author_cell_type	
scTHREAD_NAR_release_20260803	Y1	benagen_human_ovary	human	ONT	scONT	Tissue dataset	Long-read ovarian transcriptomes across age groups		done	16271	wf_tagged_barcodes	47065	annotated	author_cell_type	
scTHREAD_NAR_release_20260803	benagen_ovary_Young2_ONT	benagen_human_ovary	human	ONT	scONT	Tissue dataset	Long-read ovarian transcriptomes across age groups		done	16576	wf_tagged_barcodes	40556	annotated	author_cell_type	
