statistic	pval	effect_equal_donor	effect_pooled_counts	hi_celltype	lo_celltype	n_features	n_celltypes	n_donors	min_donors_per_celltype	max_donors_per_celltype	gene	qval	sig
0.0013680492430445264	0.004975124378109453	0.22709204124901805	0.24138138138138143	Plasma cell	Monocyte	2	7	13	4	8	ADCY7	0.9946565545798768	False
0.0006154883540462405	0.004975124378109453	0.36524272983490685	0.5275903136165144	Erythroid	Monocyte	2	7	9	4	6	BIN2	0.9946565545798768	False
0.0017577459100326434	0.004975124378109453	0.25916474542482604	0.2898713613781899	Dendritic cell	NK	2	6	9	3	7	C11orf54	0.9946565545798768	False
0.000761955895410076	0.004975124378109453	0.1183864930657006	0.2583714664499851	Erythroid	Dendritic cell	2	7	7	3	7	C1orf35	0.9946565545798768	False
0.0013137958961430285	0.004975124378109453	0.2856975362769287	0.30904001658718644	Monocyte	NK	2	7	12	3	8	C8orf33	0.9946565545798768	False
0.0037851978824583288	0.004975124378109453	0.3195063625404183	0.3015597157753481	T cell	NK	2	5	7	3	5	CAMK2G	0.9946565545798768	False
0.0007712080343471307	0.004975124378109453	0.1539273424401293	0.14877822665232077	Monocyte	B cell	2	7	8	3	7	CAND1	0.9946565545798768	False
0.0005418727529317993	0.004975124378109453	0.12502964797007077	0.13605621645435229	Monocyte	B cell	2	7	11	5	10	CCNY	0.9946565545798768	False
0.0010335318704613418	0.004975124378109453	0.16135747941496853	0.1558644163948376	Erythroid	Monocyte	2	7	10	4	8	CEP57	0.9946565545798768	False
0.0015453998979129983	0.004975124378109453	0.19915180839728125	0.2147631779984721	Erythroid	Monocyte	2	5	6	3	6	CEPT1	0.9946565545798768	False
0.0002663848217052562	0.004975124378109453	0.15345645583026324	0.40151238373060766	Erythroid	Monocyte	2	7	10	5	8	DCP2	0.9946565545798768	False
5.749280464260138e-05	0.004975124378109453	0.041419258294885575	0.09721961413940394	Monocyte	Dendritic cell	2	7	19	12	18	DYRK1A	0.9946565545798768	False
0.0003229737024576796	0.004975124378109453	0.09898122949656107	0.19998098136173448	Monocyte	B cell	2	6	4	3	4	H2AC20	0.9946565545798768	False
0.0012814863016288784	0.004975124378109453	0.12511603815136751	0.21253019323671496	B cell	Dendritic cell	2	6	7	3	6	IP6K2	0.9946565545798768	False
0.0007165112915165266	0.004975124378109453	0.30308081324803837	0.2876404494382022	T cell	Erythroid	2	4	4	3	3	MRNIP	0.9946565545798768	False
0.0012050442458165218	0.004975124378109453	0.3238814904190342	0.41707707461216453	B cell	Erythroid	2	7	11	3	5	P2RX1	0.9946565545798768	False
0.0010788028680097427	0.004975124378109453	0.1340699531414632	0.1847619226542172	Dendritic cell	T cell	2	7	12	6	9	SMU1	0.9946565545798768	False
0.0013452363479483295	0.004975124378109453	0.20117784501158914	0.285702826747949	B cell	Monocyte	2	7	9	3	7	SNRK	0.9946565545798768	False
0.0003770975794953348	0.004975124378109453	0.1940995017760021	0.3085442120788597	Plasma cell	NK	2	7	10	5	8	TAF7	0.9946565545798768	False
0.0010143383317440214	0.004975124378109453	0.20551678083680225	0.21591112412368452	NK	B cell	2	7	10	3	7	TEX9	0.9946565545798768	False
0.0006021678121006414	0.004975124378109453	0.45904058383468127	0.450635692983833	B cell	Monocyte	2	7	13	3	6	TMEM71	0.9946565545798768	False
0.0004592775073544872	0.004975124378109453	0.11274515079351466	0.08576731337122534	NK	B cell	2	7	9	6	8	TRAK1	0.9946565545798768	False
0.001999553333290708	0.004975124378109453	0.2532479472222834	0.17313218390804597	Dendritic cell	NK	2	7	12	3	10	ZNF395	0.9946565545798768	False
0.0015640292167844187	0.009950248756218905	0.16599399824513228	0.4000478680315192	Dendritic cell	NK	2	5	7	3	6	CHD1L	0.9946565545798768	False
0.0003018478826779088	0.009950248756218905	0.07544577582905199	0.12558186762316104	B cell	Dendritic cell	2	7	18	10	17	DLEU2	0.9946565545798768	False
0.00019125888022043718	0.009950248756218905	0.10241933544332033	0.16569883607715735	Plasma cell	Dendritic cell	2	7	6	4	6	EIF1	0.9946565545798768	False
0.00020919854271710768	0.009950248756218905	0.08602035385703394	0.5885911888064597	Erythroid	Plasma cell	2	7	9	6	8	ENSG00000257732	0.9946565545798768	False
0.00013530394256510678	0.009950248756218905	0.11960819554277496	0.14440496098104794	T cell	NK	2	4	6	4	5	ENSG00000261526	0.9946565545798768	False
0.0011119931788407763	0.009950248756218905	0.18744117175489722	0.25048564644938487	Dendritic cell	NK	2	6	6	3	4	ENSG00000263244	0.9946565545798768	False
0.0016333449311894967	0.009950248756218905	0.2198977457448843	0.1955952778705869	T cell	Erythroid	2	4	5	3	5	ENSG00000274677	0.9946565545798768	False
0.00040324566113997604	0.009950248756218905	0.08425107782566388	0.07761535384555085	B cell	NK	2	7	13	7	9	ENSG00000288891	0.9946565545798768	False
0.000847170469716363	0.009950248756218905	0.1943571193967813	0.15853722019781363	B cell	NK	2	5	7	3	4	EXOG	0.9946565545798768	False
0.00043433814897912053	0.009950248756218905	0.22208910252866443	0.23259970612930309	Erythroid	Monocyte	2	7	10	4	7	FYB1	0.9946565545798768	False
0.0008894379352534646	0.009950248756218905	0.2503992526437456	0.223691152840732	T cell	Plasma cell	2	7	8	4	5	GHITM	0.9946565545798768	False
0.0008986438452888144	0.009950248756218905	0.12325279330445066	0.15146198830409363	B cell	NK	2	4	5	3	4	GPR160	0.9946565545798768	False
0.00027396549461869267	0.009950248756218905	0.1488741629964187	0.30020847896503855	Dendritic cell	Plasma cell	2	7	11	6	9	LSM14A	0.9946565545798768	False
0.0012749959790164845	0.009950248756218905	0.1767699405564911	0.21396439426834563	Monocyte	NK	2	7	10	3	7	MARK2	0.9946565545798768	False
0.00051206019715948	0.009950248756218905	0.19722419481455616	0.0928260192966075	Dendritic cell	Plasma cell	2	4	7	3	4	MFN1	0.9946565545798768	False
0.0029010283789324704	0.009950248756218905	0.31810871975920524	0.409881498470948	B cell	Plasma cell	2	6	8	3	5	MRPL10	0.9946565545798768	False
0.00019423170657034542	0.009950248756218905	0.06330647501493758	0.1344901978166277	Plasma cell	T cell	2	7	14	9	14	NCOA2	0.9946565545798768	False
0.0006248798800606158	0.009950248756218905	0.13809779459671867	0.14359099804305286	Dendritic cell	Monocyte	2	7	14	4	10	NKAP	0.9946565545798768	False
0.0013602916766004395	0.009950248756218905	0.23939254471723964	0.18119581464872953	Erythroid	NK	2	5	7	3	6	NOL9	0.9946565545798768	False
0.0008705326612797877	0.009950248756218905	0.12098308562089893	0.11951763797098969	Monocyte	B cell	2	5	7	3	6	PLD1	0.9946565545798768	False
0.0013580915118027055	0.009950248756218905	0.214426765646076	0.5048461860986693	Monocyte	Plasma cell	2	7	9	4	8	RPL13	0.9946565545798768	False
0.0009332141348328799	0.009950248756218905	0.22269456074950322	0.2258292225156543	NK	Plasma cell	2	6	11	3	7	RPP38	0.9946565545798768	False
0.00025658985301546734	0.009950248756218905	0.07483111445628748	0.09488847814993212	NK	Monocyte	2	7	13	6	10	SEMA4D	0.9946565545798768	False
0.000904859766313752	0.009950248756218905	0.06917162883705641	0.15987470418393057	T cell	Erythroid	2	3	4	3	4	SLC15A2	0.9946565545798768	False
0.0007797022985025938	0.009950248756218905	0.1687155493037581	0.16958819643250383	Plasma cell	Dendritic cell	2	7	11	4	7	SNX30	0.9946565545798768	False
0.0004064619469163126	0.009950248756218905	0.1403056916011653	0.145359895885474	Dendritic cell	Plasma cell	2	7	9	4	8	TSC22D2	0.9946565545798768	False
0.0030318078145538324	0.009950248756218905	0.23432793846585914	0.2212640862322391	T cell	B cell	2	4	7	4	6	UTP4	0.9946565545798768	False
0.0002251282369944841	0.009950248756218905	0.09170036213833072	0.15506171079254627	T cell	Plasma cell	2	7	9	5	8	WNK1	0.9946565545798768	False
0.0007336397635250486	0.009950248756218905	0.12408735592705533	0.12070158102766798	B cell	Monocyte	2	7	14	5	10	XKR6	0.9946565545798768	False
0.0007506973348614103	0.009950248756218905	0.20524398282367695	0.20487464239857633	Monocyte	NK	2	7	11	4	7	ZBTB43	0.9946565545798768	False
0.00022850154105961157	0.014925373134328358	0.09051303570561736	0.1282601072574081	B cell	Plasma cell	2	7	13	3	9	ABCG1	0.9946565545798768	False
0.0025937863874734204	0.014925373134328358	0.35207537931773164	0.5133442265795207	Erythroid	Dendritic cell	2	5	6	3	4	BROX	0.9946565545798768	False
0.0005186467694556611	0.014925373134328358	0.1671723570592526	0.5081161763013157	B cell	T cell	2	7	10	3	7	CCDC88B	0.9946565545798768	False
0.0006373301424642934	0.014925373134328358	0.1102468870320838	0.14223298700595427	Erythroid	Monocyte	2	7	8	4	7	CCM2	0.9946565545798768	False
0.0012765498552393664	0.014925373134328358	0.10432985917190213	0.26024211137299047	Monocyte	NK	2	7	10	6	8	CD74	0.9946565545798768	False
0.00047408665943249567	0.014925373134328358	0.14916749772769233	0.21870815938612553	Monocyte	Plasma cell	2	7	12	4	8	CEP152	0.9946565545798768	False
0.00044759783892393335	0.014925373134328358	0.2365938506930958	0.28561033290885934	Plasma cell	NK	2	5	7	3	4	COPB2	0.9946565545798768	False
0.0002547107991047623	0.014925373134328358	0.477574456616552	0.33756601607347875	Plasma cell	Monocyte	2	7	14	4	11	CPNE3	0.9946565545798768	False
0.00082254051891435	0.014925373134328358	0.21915219685131848	0.2881170816950634	B cell	T cell	2	6	9	3	6	DCAF7	0.9946565545798768	False
0.000884006771487825	0.014925373134328358	0.3388125101013107	0.552984429065744	Dendritic cell	Plasma cell	2	6	12	3	7	DNAJA3	0.9946565545798768	False
0.00022481712869479713	0.014925373134328358	0.13369047951367824	0.3115305098770525	Plasma cell	Monocyte	2	7	18	9	15	DNAJC15	0.9946565545798768	False
0.0007507663121131432	0.014925373134328358	0.17226039171920882	0.46727207977207974	Plasma cell	Erythroid	2	6	11	4	8	EIF3H	0.9946565545798768	False
0.0003884194025976657	0.014925373134328358	0.10735886691729646	0.2297449035611024	Erythroid	B cell	2	4	8	4	7	ELOB	0.9946565545798768	False
0.00029223865892972123	0.014925373134328358	0.09171779957248688	0.33414914302319515	Monocyte	T cell	2	7	12	6	10	FBXL5	0.9946565545798768	False
0.0001651641083153727	0.014925373134328358	0.09905118663859913	0.25598511596162177	Plasma cell	Dendritic cell	2	7	13	5	11	GLYR1	0.9946565545798768	False
0.0003624356186113975	0.014925373134328358	0.13864195919540262	0.2943340068197522	B cell	Plasma cell	2	7	8	5	8	IKZF1	0.9946565545798768	False
0.0007989280580260689	0.014925373134328358	0.2014259142617113	0.2162049168455289	Erythroid	Plasma cell	2	6	8	3	4	INPP5K	0.9946565545798768	False
7.141279157558999e-05	0.014925373134328358	0.21975387108987793	0.7540457099113145	Erythroid	T cell	2	7	16	7	14	LIME1	0.9946565545798768	False
0.000338264280143649	0.014925373134328358	0.13981215374458866	0.1332763370380925	B cell	Dendritic cell	2	7	12	3	9	LYAR	0.9946565545798768	False
0.00046479816231697414	0.014925373134328358	0.1583726125160465	0.10795485302874469	NK	Monocyte	2	4	6	4	5	MCM3AP-AS1	0.9946565545798768	False
0.0001662189590180145	0.014925373134328358	0.020888611997646356	0.20529229852733755	B cell	Plasma cell	2	7	11	6	10	NCOR1	0.9946565545798768	False
0.0008851139064084306	0.014925373134328358	0.16963610095831605	0.3275598086124402	Erythroid	Monocyte	2	7	9	4	7	PNPLA2	0.9946565545798768	False
0.00026267408824278066	0.014925373134328358	0.24834539823251567	0.3791660039696459	NK	B cell	2	7	13	6	9	PTAR1	0.9946565545798768	False
0.00020218335533025644	0.014925373134328358	0.1060759311945107	0.15532252265454866	T cell	Plasma cell	2	7	11	5	10	PTEN	0.9946565545798768	False
0.002292212528467799	0.014925373134328358	0.10260460153138651	0.1420490163885489	B cell	Erythroid	2	5	5	3	4	RHEB	0.9946565545798768	False
0.0011394116694450952	0.014925373134328358	0.14758140544191756	0.24083066239316242	Erythroid	Dendritic cell	2	7	10	4	7	SCAMP1	0.9946565545798768	False
0.0009099200838478494	0.014925373134328358	0.39925775843934413	0.43376189028362944	B cell	Plasma cell	2	6	10	3	7	SCAMP4	0.9946565545798768	False
0.0014940417449330373	0.014925373134328358	0.12173717400768208	0.15907736828666275	T cell	B cell	2	4	5	3	4	SETD1B	0.9946565545798768	False
0.0001329087405135552	0.014925373134328358	0.3615757943580624	0.3384972309534501	Dendritic cell	NK	2	5	7	3	4	SIRT7	0.9946565545798768	False
0.0005070295415952796	0.014925373134328358	0.10588198419296235	0.07431891025641024	B cell	Erythroid	2	6	7	3	6	SRGAP2	0.9946565545798768	False
0.0017149774166351486	0.014925373134328358	0.17014180158400738	0.17708006279434851	B cell	Plasma cell	2	5	7	3	4	SVIL-AS1	0.9946565545798768	False
0.00017486382175549005	0.014925373134328358	0.26831672575844506	0.3283359056480895	Plasma cell	NK	2	6	9	4	7	TARS1	0.9946565545798768	False
0.00042127219984643767	0.014925373134328358	0.06572464073551448	0.05263602211810392	B cell	NK	2	3	4	3	4	ZNF709	0.9946565545798768	False
0.0017231020238003224	0.014925373134328358	0.37258495616643356	0.25041489950212065	B cell	T cell	2	5	6	3	5	ZPR1	0.9946565545798768	False
0.000884238125149682	0.01990049751243781	0.3683367638835652	0.6002167976023693	Plasma cell	NK	2	7	7	3	6	ADAR	0.9946565545798768	False
0.0008828440961785787	0.01990049751243781	0.15719399628508757	0.25579108391608396	T cell	B cell	2	3	5	3	5	ARHGAP31	0.9946565545798768	False
0.0007404777462716072	0.01990049751243781	0.05822277094033668	0.06229218071981618	B cell	Erythroid	2	3	5	3	5	ARNT	0.9946565545798768	False
0.0005017981908386866	0.01990049751243781	0.14985077940551783	0.1511586452762923	Monocyte	Dendritic cell	2	7	12	5	8	CBFB	0.9946565545798768	False
0.0007756480568005818	0.01990049751243781	0.17069131246104607	0.06545853926414058	Dendritic cell	NK	2	5	7	3	5	FMNL1-DT	0.9946565545798768	False
0.0003728918497068876	0.01990049751243781	0.12523821487921571	0.17179384521709395	Dendritic cell	Erythroid	2	7	12	3	7	FNIP2	0.9946565545798768	False
0.0009424270737508338	0.01990049751243781	0.1714619254092823	0.32097566524824517	Dendritic cell	T cell	2	7	13	8	12	FUS	0.9946565545798768	False
0.001503676427910103	0.01990049751243781	0.1961298580131523	0.16368874841428538	Monocyte	Dendritic cell	2	7	9	3	7	LIMD1	0.9946565545798768	False
0.002511859887966237	0.01990049751243781	0.2602742333247242	0.18729768947427172	Erythroid	NK	2	5	8	3	5	LINC00662	0.9946565545798768	False
0.003323742689957499	0.01990049751243781	0.17150855414422994	0.34242980844922594	T cell	NK	2	4	6	3	5	MAK16	0.9946565545798768	False
0.0007491014013116277	0.01990049751243781	0.1980042276151624	0.1312771119770606	Monocyte	Plasma cell	2	7	10	3	7	OSBPL5	0.9946565545798768	False
0.0009802986013521574	0.01990049751243781	0.13010731178206913	0.13167926600762414	T cell	Dendritic cell	2	5	7	3	5	PEMT	0.9946565545798768	False
0.0005643030292237592	0.01990049751243781	0.08125181462467834	0.163038726717104	B cell	NK	2	7	13	8	11	RNF111	0.9946565545798768	False
0.0007205999065611326	0.01990049751243781	0.1634759092445771	0.20972358650992323	Erythroid	Plasma cell	2	6	13	6	10	SIAH1	0.9946565545798768	False
0.0014151579754649781	0.01990049751243781	0.2009464518873652	0.2231284794575934	Erythroid	Dendritic cell	2	7	11	5	8	TBC1D4	0.9946565545798768	False
0.0013750747041797722	0.01990049751243781	0.18792336386847158	0.19140652818991094	Erythroid	Dendritic cell	2	6	11	4	7	TRDMT1	0.9946565545798768	False
0.0005831682436126813	0.01990049751243781	0.11375925163479556	0.13976909850159663	Dendritic cell	NK	2	7	13	5	10	XPO6	0.9946565545798768	False
0.0010169043670052807	0.024875621890547265	0.4056960082850855	0.2682843472317157	NK	B cell	2	7	13	3	6	ACSS1	0.9946565545798768	False
0.001318256593305874	0.024875621890547265	0.12150839031068356	0.2767834658828162	NK	Erythroid	2	7	12	5	9	ANP32A	0.9946565545798768	False
0.0009623239418346815	0.024875621890547265	0.15947832466533546	0.14706822025934974	T cell	Plasma cell	2	6	9	3	6	ARHGEF12	0.9946565545798768	False
0.0004599365225755177	0.024875621890547265	0.23444248131660528	0.2406130422930528	T cell	Dendritic cell	2	7	10	3	6	BORCS7	0.9946565545798768	False
0.0051696443104787635	0.024875621890547265	0.16462720936113223	0.2917457305502847	B cell	Erythroid	2	3	4	3	4	CDKN2AIP	0.9946565545798768	False
0.0017427550008922653	0.024875621890547265	0.2717154225940994	0.3306719367588932	NK	B cell	2	7	12	3	8	CLN8	0.9946565545798768	False
0.0006830027144656174	0.024875621890547265	0.1668796270625167	0.44503676348732757	Plasma cell	Monocyte	2	7	8	4	7	COA1	0.9946565545798768	False
0.00013668319425357069	0.024875621890547265	0.22899790298142852	0.2871975183785288	T cell	Plasma cell	2	7	13	8	13	COX4I1	0.9946565545798768	False
0.0003713897962925858	0.024875621890547265	0.113533084808625	0.08734389922508734	B cell	Plasma cell	2	7	13	6	10	CPNE1	0.9946565545798768	False
0.00048490435975141294	0.024875621890547265	0.12890772120077637	0.11133102424542307	Dendritic cell	Plasma cell	2	6	9	4	7	DROSHA	0.9946565545798768	False
0.0004889397934322828	0.024875621890547265	0.16058351663674875	0.2964543195295391	Dendritic cell	Monocyte	2	7	10	5	8	ETF1	0.9946565545798768	False
0.0006229626644125324	0.024875621890547265	0.1317073602502401	0.20630274543318017	NK	Dendritic cell	2	6	11	4	8	FAM241A	0.9946565545798768	False
0.0007128339204895648	0.024875621890547265	0.23425484186969064	0.2736892460773058	Dendritic cell	Erythroid	2	7	9	4	6	FAM76B	0.9946565545798768	False
0.002868634240473226	0.024875621890547265	0.23291634726340987	0.2858636690412391	Erythroid	Dendritic cell	2	7	11	3	6	KCNG2	0.9946565545798768	False
0.00017297459110785987	0.024875621890547265	0.08433970759812504	0.10767835925446456	Monocyte	NK	2	7	11	5	9	KLHL2	0.9946565545798768	False
8.511281502407776e-06	0.024875621890547265	0.30251781250841164	0.7180315380565322	Monocyte	T cell	2	7	9	5	9	LDHB	0.9946565545798768	False
0.0005884162496220025	0.024875621890547265	0.0882226586515572	0.14282686368315872	NK	Erythroid	2	4	6	4	5	MAPK9	0.9946565545798768	False
0.0008732849970197709	0.024875621890547265	0.14655735205114911	0.2362850327966607	B cell	Plasma cell	2	7	11	4	7	MED29	0.9946565545798768	False
0.0006246159080897753	0.024875621890547265	0.04299201620461163	0.17597978793542973	T cell	Plasma cell	2	7	9	5	7	MLXIP	0.9946565545798768	False
0.00018193650928051433	0.024875621890547265	0.12552823743659058	0.16261920626037918	Monocyte	Plasma cell	2	7	17	11	15	MYL12B	0.9946565545798768	False
0.0009306456318675995	0.024875621890547265	0.21796522521339345	0.1820657867169495	Plasma cell	Erythroid	2	7	10	3	6	NMRK1	0.9946565545798768	False
0.0011292946302529196	0.024875621890547265	0.3292618926261302	0.3019480519480519	T cell	B cell	2	6	8	3	4	NUDT15	0.9946565545798768	False
0.0009366516415731501	0.024875621890547265	0.1362901870171297	0.18650266299924795	Plasma cell	T cell	2	6	11	3	7	OTUD5	0.9946565545798768	False
0.0012812232757712255	0.024875621890547265	0.07339778314524503	0.29934210526315785	NK	Plasma cell	2	7	13	3	9	PINX1	0.9946565545798768	False
0.001923047628971027	0.024875621890547265	0.3613147481739305	0.38350272580335865	T cell	Dendritic cell	2	6	8	3	5	PPP2R1B	0.9946565545798768	False
0.0012257853350182287	0.024875621890547265	0.13366716735082523	0.10088781275221947	T cell	Dendritic cell	2	6	9	4	7	QSER1	0.9946565545798768	False
0.0009650231157079977	0.024875621890547265	0.28116907660627516	0.2882373586703101	Erythroid	Dendritic cell	2	4	8	3	6	RAB37	0.9946565545798768	False
0.0003378176855784066	0.024875621890547265	0.24375982301310417	0.5487395573198408	Plasma cell	T cell	2	7	8	4	7	RBM33	0.9946565545798768	False
0.0003000378490888388	0.024875621890547265	0.28971171531432655	0.41680024043277897	Plasma cell	B cell	2	7	9	4	6	RGS19	0.9946565545798768	False
0.00022523216147668482	0.024875621890547265	0.22412262178246162	0.5864632939009752	T cell	Plasma cell	2	7	12	7	12	RPS2	0.9946565545798768	False
0.0004134715428699982	0.024875621890547265	0.1945002987209945	0.15693358268162755	NK	Monocyte	2	7	12	6	10	SIN3A	0.9946565545798768	False
0.0005409134471436518	0.024875621890547265	0.16867108626524835	0.25516855848856373	Erythroid	Plasma cell	2	7	8	3	6	SLC4A7	0.9946565545798768	False
0.0003174921900344833	0.024875621890547265	0.32118788139623566	0.481788195253858	B cell	NK	2	4	6	3	6	SMS	0.9946565545798768	False
0.0005484937309436975	0.024875621890547265	0.1346055121444642	0.10605434179444612	Monocyte	Erythroid	2	7	10	6	8	SNRPA1	0.9946565545798768	False
0.0008421539038614374	0.024875621890547265	0.2593759392811283	0.24906976744186043	B cell	Plasma cell	2	7	13	4	8	SNRPB	0.9946565545798768	False
0.00023812907302039177	0.024875621890547265	0.1877005329595013	0.3975138294660203	Monocyte	Dendritic cell	2	7	11	4	8	STX8	0.9946565545798768	False
0.00459258111772562	0.024875621890547265	0.19405315199543083	0.19427139276763333	T cell	NK	2	3	5	3	4	TMEM184C	0.9946565545798768	False
0.0003890856790250819	0.024875621890547265	0.21005038715291058	0.2663468923549569	T cell	Dendritic cell	2	7	11	3	9	TTC19	0.9946565545798768	False
0.0008084109696072368	0.024875621890547265	0.14985660890833308	0.08039215686274509	Monocyte	NK	2	3	5	3	5	YBX1	0.9946565545798768	False
0.0013373137098380513	0.024875621890547265	0.24236309494682617	0.3072236727589209	Dendritic cell	T cell	2	7	11	5	9	ZNF33B	0.9946565545798768	False
0.00034902899963952473	0.024875621890547265	0.1485227646675389	0.17379107099845564	NK	Dendritic cell	2	7	11	4	8	ZNF710	0.9946565545798768	False
0.0018840496897909937	0.024875621890547265	0.23375955946205956	0.1797315941301894	B cell	NK	2	4	5	3	4	ZSCAN32	0.9946565545798768	False
0.0007493444080113024	0.029850746268656716	0.08119996369391341	0.11368531652219593	NK	B cell	2	6	7	4	7	AHCTF1	0.9946565545798768	False
0.00030250340374197656	0.029850746268656716	0.17854106339833675	0.36048086269492463	T cell	Plasma cell	2	6	6	4	6	APRT	0.9946565545798768	False
0.0005363341169152472	0.029850746268656716	0.056901760051376815	0.13030981659536994	B cell	Monocyte	2	7	11	3	8	ARHGAP12	0.9946565545798768	False
0.0008735301427978085	0.029850746268656716	0.16723189648112285	0.1897503017897444	Dendritic cell	T cell	2	6	7	3	5	BLOC1S2	0.9946565545798768	False
0.0007423600216813398	0.029850746268656716	0.10765869024927144	0.19105833813087697	Erythroid	Monocyte	2	7	10	6	8	CCDC69	0.9946565545798768	False
0.000641414929811047	0.029850746268656716	0.16625149047089993	0.1965734299179227	Dendritic cell	NK	2	7	9	4	7	CEP63	0.9946565545798768	False
0.00084738668727866	0.029850746268656716	0.1395177992683327	0.0784014254804633	T cell	NK	2	4	7	3	5	CERS4	0.9946565545798768	False
0.0007866635053914349	0.029850746268656716	0.22709193916767095	0.26930622436240415	Monocyte	B cell	2	7	11	4	7	CLASRP	0.9946565545798768	False
0.000651125490251777	0.029850746268656716	0.21988876258634737	0.17992092143716693	T cell	Monocyte	2	7	13	3	8	ENOX2	0.9946565545798768	False
0.0012260336549532276	0.029850746268656716	0.23132122539711503	0.2538676424942414	Monocyte	Plasma cell	2	7	8	3	7	ENSG00000284707	0.9946565545798768	False
0.0012900091767972372	0.029850746268656716	0.2654667071198289	0.23007817425293153	NK	Erythroid	2	4	7	3	5	FANCB	0.9946565545798768	False
0.000283221071358876	0.029850746268656716	0.1969715357856811	0.18155817071354097	Dendritic cell	B cell	2	7	5	3	4	GPX1	0.9946565545798768	False
0.0006968325873543832	0.029850746268656716	0.09841414293469092	0.2158385093167702	NK	T cell	2	3	4	3	3	LDAF1	0.9946565545798768	False
0.0007083625786182251	0.029850746268656716	0.28421708508207205	0.3202714470167852	T cell	Monocyte	2	7	12	3	8	MROH1	0.9946565545798768	False
0.0012115583870808398	0.029850746268656716	0.2753795125733079	0.2587671232876712	Erythroid	Monocyte	2	6	9	3	7	MTFMT	0.9946565545798768	False
0.0007394124241310539	0.029850746268656716	0.25207345468942116	0.2906617192331478	Plasma cell	NK	2	7	9	3	7	OSBPL11	0.9946565545798768	False
0.0002616947365088686	0.029850746268656716	0.15526407027322547	0.15241596929750745	B cell	Plasma cell	2	7	11	4	9	RAP1GAP2	0.9946565545798768	False
5.206701236936251e-06	0.029850746268656716	0.11790101159102812	0.3182620200158164	Erythroid	Monocyte	2	7	11	7	10	RNASEK	0.9946565545798768	False
0.007188535452451736	0.029850746268656716	0.5445558160324935	0.5729903115998953	Monocyte	Erythroid	2	6	9	3	6	S100B	0.9946565545798768	False
0.0013999288266072327	0.029850746268656716	0.20753598110859162	0.39068248712288445	T cell	NK	2	4	7	3	6	TFE3	0.9946565545798768	False
0.0006527284813712912	0.029850746268656716	0.14722351218201363	0.20612038970076552	NK	Plasma cell	2	7	8	3	7	TNPO3	0.9946565545798768	False
0.0003587172025966654	0.029850746268656716	0.07230346429693657	0.28194524921011493	B cell	NK	2	7	13	5	10	UHRF2	0.9946565545798768	False
0.001641548030483093	0.029850746268656716	0.1560161396418681	0.19246077526534378	NK	Plasma cell	2	6	9	3	7	USP53	0.9946565545798768	False
7.309017610953237e-05	0.029850746268656716	0.24127255553384142	0.3910046296387001	Plasma cell	T cell	2	7	14	8	12	VPS28	0.9946565545798768	False
0.0002104789381263682	0.029850746268656716	0.10780067554728295	0.11435688682544654	NK	B cell	2	7	15	5	10	ZNF516	0.9946565545798768	False
0.0002848700769176923	0.03482587064676617	0.1382317323011878	0.15419139729848985	Monocyte	B cell	2	7	12	5	9	ABCB7	0.9946565545798768	False
0.0005722805191370515	0.03482587064676617	0.10037794773102565	0.19582063928739785	Plasma cell	Monocyte	2	7	7	4	7	ARF1	0.9946565545798768	False
0.0004798525555658653	0.03482587064676617	0.14489396194863258	0.18631041803757004	B cell	NK	2	6	10	3	7	ARL14EP	0.9946565545798768	False
0.00045510651540752665	0.03482587064676617	0.17279186646292927	0.19751794005909667	T cell	NK	2	7	11	4	8	CACUL1	0.9946565545798768	False
0.0012184807805301278	0.03482587064676617	0.43767646946252464	0.5412012809497774	Monocyte	Dendritic cell	2	7	11	4	8	CAPNS1	0.9946565545798768	False
0.00035062545867267116	0.03482587064676617	0.0800545941532016	0.2236491897667497	Dendritic cell	B cell	2	7	10	7	9	CLINT1	0.9946565545798768	False
0.0008730454337057164	0.03482587064676617	0.10574868782038027	0.09497727103360909	Erythroid	B cell	2	6	10	3	6	CNOT6	0.9946565545798768	False
0.0002798019198559138	0.03482587064676617	0.04561154739954726	0.06135005973715646	NK	Monocyte	2	7	7	5	7	DENND1B	0.9946565545798768	False
0.0011838225231020436	0.03482587064676617	0.10746018917140071	0.1079407479358912	T cell	NK	2	3	5	3	5	DOCK7	0.9946565545798768	False
5.8340942301085305e-05	0.03482587064676617	0.18154761904761907	0.14235148153554228	T cell	Dendritic cell	2	3	4	3	3	DUSP12	0.9946565545798768	False
0.00024232210130079355	0.03482587064676617	0.20764314068788275	0.320984808570425	Monocyte	Plasma cell	2	7	9	3	7	FRG1	0.9946565545798768	False
0.0014974004596622827	0.03482587064676617	0.15730863393641492	0.14749119476088274	Erythroid	Plasma cell	2	6	7	4	7	GALNT2	0.9946565545798768	False
0.0002522712708020636	0.03482587064676617	0.11845917382637638	0.18865384615384612	Erythroid	Dendritic cell	2	7	9	5	7	GOLGB1	0.9946565545798768	False
0.00022094371099211973	0.03482587064676617	0.07954749866178862	0.040821586470786486	B cell	T cell	2	7	14	5	11	IER3IP1	0.9946565545798768	False
0.001759362839291215	0.03482587064676617	0.19557848599837246	0.15547335568142417	Erythroid	T cell	2	5	8	3	5	LINC00426	0.9946565545798768	False
0.00029688246410824055	0.03482587064676617	0.12604992498040513	0.3147400095724007	Erythroid	Monocyte	2	7	18	9	14	PHF11	0.9946565545798768	False
0.000251185410724833	0.03482587064676617	0.13644844003774764	0.1351695700518903	T cell	Dendritic cell	2	7	17	7	12	RALGAPB	0.9946565545798768	False
0.0006218061420274795	0.03482587064676617	0.20459872877992796	0.3214375697368894	NK	Plasma cell	2	7	13	4	9	RBM10	0.9946565545798768	False
0.0005316735053808939	0.03482587064676617	0.08458665454348668	0.19664322757388902	Monocyte	NK	2	7	12	6	12	SLC25A6	0.9946565545798768	False
0.0008960720496714839	0.03482587064676617	0.12505990447042015	0.08365778177098926	NK	Erythroid	2	6	11	4	6	SLC38A10	0.9946565545798768	False
0.00033922030654762864	0.03482587064676617	0.19326132099108806	0.3041517966600376	Plasma cell	NK	2	7	13	7	10	ZNF106	0.9946565545798768	False
0.0010491683249690554	0.03482587064676617	0.11573778067871837	0.08284012991699746	NK	T cell	2	4	6	3	5	ZNF782	0.9946565545798768	False
0.0017533822560725854	0.03980099502487562	0.15508484734704958	0.18686059410822142	Dendritic cell	B cell	2	5	6	3	4	AMN1	0.9946565545798768	False
0.001049237248106066	0.03980099502487562	0.13303992102100576	0.15851928537768673	NK	Dendritic cell	2	7	9	3	5	AP3D1	0.9946565545798768	False
0.0002499749011793563	0.03980099502487562	0.08990309878521358	0.08981529178011627	Erythroid	B cell	2	5	9	3	6	ARHGAP21	0.9946565545798768	False
0.0006873147823207758	0.03980099502487562	0.26470220411396894	0.2624072535796247	B cell	Dendritic cell	2	7	11	3	6	ARHGEF1	0.9946565545798768	False
0.0005941476265992649	0.03980099502487562	0.07758962516656115	0.19035297565721127	Plasma cell	T cell	2	7	10	5	9	CELF1	0.9946565545798768	False
0.0007700037306220688	0.03980099502487562	0.1267262660529785	0.14449845540882325	T cell	Erythroid	2	7	9	3	6	DNAJB12	0.9946565545798768	False
0.0007095767595970142	0.03980099502487562	0.09111312218428286	0.01966922934664861	NK	Erythroid	2	3	6	4	6	FBXO32	0.9946565545798768	False
0.0009401450287791619	0.03980099502487562	0.31089052607768586	0.34693806176336867	Monocyte	NK	2	7	10	3	7	GTF2F1	0.9946565545798768	False
0.0004611236903499209	0.03980099502487562	0.2517548730628379	0.37513730145148116	Erythroid	Plasma cell	2	7	8	3	7	IFRD1	0.9946565545798768	False
0.0010926620330500379	0.03980099502487562	0.31530099466733325	0.3438284190715182	T cell	Plasma cell	2	6	10	3	7	MCMBP	0.9946565545798768	False
0.00019893749847471918	0.03980099502487562	0.08871756770323913	0.085625440377333	B cell	Monocyte	2	7	11	4	9	MCU	0.9946565545798768	False
0.0010131428178364818	0.03980099502487562	0.10700510788321788	0.1338593216160051	NK	T cell	2	6	10	4	7	MED19	0.9946565545798768	False
0.001555729330389884	0.03980099502487562	0.24415132970546505	0.21634615384615385	NK	Plasma cell	2	6	10	3	6	MED24	0.9946565545798768	False
0.0004452034630708732	0.03980099502487562	0.08756697959544646	0.0790719316223808	Dendritic cell	Erythroid	2	7	13	6	10	MGA	0.9946565545798768	False
0.0004580893432734998	0.03980099502487562	0.10492383976590597	0.15692538996429245	T cell	Erythroid	2	4	5	3	4	MIER3	0.9946565545798768	False
0.0004363015909264697	0.03980099502487562	0.34401622514664454	0.31273299803675025	Dendritic cell	NK	2	7	8	3	6	MKRN1	0.9946565545798768	False
2.028045970849982e-05	0.03980099502487562	0.40260882359167005	0.3949588368464005	NK	Plasma cell	2	7	12	5	10	MRFAP1	0.9946565545798768	False
0.0008179421209987667	0.03980099502487562	0.19102277077297164	0.28528306344563026	Dendritic cell	Monocyte	2	7	10	4	8	MRPS27	0.9946565545798768	False
0.00013953981300630555	0.03980099502487562	0.42636981947622676	0.6860118813954097	Plasma cell	Monocyte	2	6	8	3	5	NINJ1	0.9946565545798768	False
0.0008964575248323018	0.03980099502487562	0.1122485150749139	0.07728912426126339	Dendritic cell	NK	2	4	5	3	5	NUDT5	0.9946565545798768	False
0.0004199604506887632	0.03980099502487562	0.33065181039302105	0.4280440265994039	Erythroid	Plasma cell	2	7	9	4	8	NUP107	0.9946565545798768	False
0.000413008214533083	0.03980099502487562	0.08903881559384719	0.10343490678480671	NK	Monocyte	2	7	19	8	14	PCNT	0.9946565545798768	False
0.0011404066229374213	0.03980099502487562	0.19069017139669314	0.1705669083717864	NK	B cell	2	3	4	3	3	PEPD	0.9946565545798768	False
0.0007423667160716382	0.03980099502487562	0.1469380769756511	0.41087345249758495	NK	Monocyte	2	7	7	4	7	RBBP4	0.9946565545798768	False
0.0013974528781435403	0.03980099502487562	0.2506402308353422	0.38205233382898357	T cell	Plasma cell	2	7	11	3	6	SEC16A	0.9946565545798768	False
0.0003231688612988132	0.03980099502487562	0.11269527509887256	0.10523856432017376	Erythroid	NK	2	7	7	3	7	SRSF11	0.9946565545798768	False
0.0003067810810497726	0.03980099502487562	0.13583303047767292	0.35979941105713104	Plasma cell	NK	2	7	10	5	8	STK10	0.9946565545798768	False
0.00047457409575602183	0.03980099502487562	0.2041450036152167	0.2369840193806393	NK	T cell	2	7	8	3	5	SUMO2	0.9946565545798768	False
0.000652334991009379	0.03980099502487562	0.12489618606256986	0.10030286671119698	NK	B cell	2	5	9	4	6	TCEAL3	0.9946565545798768	False
0.002044143213127053	0.03980099502487562	0.20194937439182964	0.19519331243469173	NK	B cell	2	3	4	3	4	TRIM8	0.9946565545798768	False
0.00040917522098769127	0.03980099502487562	0.07676427507932215	0.11976831683168321	Plasma cell	T cell	2	7	12	5	7	TSHZ1	0.9946565545798768	False
0.0011502219639698225	0.03980099502487562	0.1981297252130586	0.21635772749157434	Monocyte	B cell	2	7	11	3	8	ZNF44	0.9946565545798768	False
0.0017125807202993558	0.04477611940298507	0.2240388668737725	0.1592281356987239	Erythroid	T cell	2	3	4	3	4	BSCL2	0.9946565545798768	False
0.0006467824163654477	0.04477611940298507	0.09233749459146023	0.12301230123012302	NK	B cell	2	5	9	3	6	CAMSAP1	0.9946565545798768	False
0.0018730053877338848	0.04477611940298507	0.16283144048533932	0.15077569489334197	Dendritic cell	B cell	2	6	8	3	6	CCDC171	0.9946565545798768	False
0.000709847435768877	0.04477611940298507	0.14820605991338393	0.22312731234215943	B cell	Monocyte	2	7	16	5	9	CENPJ	0.9946565545798768	False
0.0004364715389209683	0.04477611940298507	0.26119012240114947	0.2764648088603072	T cell	Monocyte	2	7	9	4	7	CGGBP1	0.9946565545798768	False
0.0016975389741169858	0.04477611940298507	0.26882687825176005	0.24510104102878139	NK	T cell	2	6	11	4	9	CYB5B	0.9946565545798768	False
0.0007236780559967581	0.04477611940298507	0.14891408627800684	0.28459302413880044	Dendritic cell	NK	2	6	10	4	7	DCPS	0.9946565545798768	False
0.00021230498491590802	0.04477611940298507	0.06402537166736466	0.12817723141650367	NK	Erythroid	2	7	17	9	13	DNAJC3	0.9946565545798768	False
0.0007256645638960931	0.04477611940298507	0.14443187462255258	0.2732491389207807	Erythroid	Monocyte	2	7	7	3	7	DR1	0.9946565545798768	False
0.00165339572033932	0.04477611940298507	0.1390536065964031	0.15894665090770377	NK	Monocyte	2	4	6	3	5	DTL	0.9946565545798768	False
0.0009351112649517367	0.04477611940298507	0.03852961921298648	0.204614491962183	NK	Erythroid	2	6	7	3	7	EFCAB2	0.9946565545798768	False
0.0005977543716721308	0.04477611940298507	0.16206368287432382	0.10387140733399403	Dendritic cell	Plasma cell	2	6	10	5	8	EMSY	0.9946565545798768	False
0.0008723799680745493	0.04477611940298507	0.26125767206996	0.27233866519580807	Dendritic cell	Plasma cell	2	7	14	3	8	GABPA	0.9946565545798768	False
0.0008906231439344442	0.04477611940298507	0.1045878037009812	0.10102475794209259	NK	Monocyte	2	7	11	4	7	GABPB1-IT1	0.9946565545798768	False
0.0006037023036189417	0.04477611940298507	0.1211679121858657	0.21537308268942446	T cell	Erythroid	2	4	5	3	3	GDAP2	0.9946565545798768	False
3.543483893397089e-05	0.04477611940298507	0.29491713335305586	0.9100741208011355	Erythroid	B cell	2	4	6	3	5	HEBP1	0.9946565545798768	False
0.0005756176771624098	0.04477611940298507	0.11029964743471465	0.16924586881532122	B cell	Erythroid	2	7	9	4	8	KPNA1	0.9946565545798768	False
0.0007068810618944052	0.04477611940298507	0.11605059295848769	0.09823762543216119	NK	B cell	2	7	8	3	5	LHFPL6	0.9946565545798768	False
0.0005052185021587104	0.04477611940298507	0.15850071814363076	0.35026904766247735	T cell	Dendritic cell	2	5	5	3	4	LINC00513	0.9946565545798768	False
0.0005572737936008201	0.04477611940298507	0.16415693160477823	0.11974025974025976	Monocyte	B cell	2	7	12	4	8	LRRC28	0.9946565545798768	False
0.0005336596431402314	0.04477611940298507	0.2168423528619326	0.4421776460755262	B cell	Plasma cell	2	6	10	3	7	MAD2L1	0.9946565545798768	False
0.0001996007339450782	0.04477611940298507	0.16813691740382525	0.2562358276643991	B cell	Erythroid	2	7	17	5	11	MBD1	0.9946565545798768	False
9.88532098458831e-05	0.04477611940298507	0.19990201275197034	0.36903297488194914	Plasma cell	Monocyte	2	7	17	6	13	NARS1	0.9946565545798768	False
0.0007463944542485282	0.04477611940298507	0.08291891786357641	0.20839143288811257	T cell	B cell	2	6	10	4	7	PRMT3	0.9946565545798768	False
0.0005212930633216638	0.04477611940298507	0.17019720258189852	0.23318042897054725	Erythroid	Dendritic cell	2	7	7	4	7	RC3H1	0.9946565545798768	False
0.0002639389784401514	0.04477611940298507	0.4370761392867126	0.4147246824122993	Plasma cell	Monocyte	2	7	9	3	7	RPS23	0.9946565545798768	False
0.0015014544073423306	0.04477611940298507	0.1386630624338817	0.17769005847953218	Erythroid	B cell	2	4	7	3	5	SLC25A43	0.9946565545798768	False
0.00032860276724242893	0.04477611940298507	0.5405298622945681	0.44969799311554204	T cell	Erythroid	2	6	11	3	6	SNHG11	0.9946565545798768	False
0.0005154027664324942	0.04477611940298507	0.10800873993613999	0.4658704762757214	Dendritic cell	Erythroid	2	7	7	4	7	SRSF10	0.9946565545798768	False
0.00031679080965665575	0.04477611940298507	0.09384524643935754	0.25571600072483464	NK	Dendritic cell	2	7	11	5	10	SUPT5H	0.9946565545798768	False
0.00018168555347586234	0.04477611940298507	0.08149311740780985	0.09646406892448595	Plasma cell	Dendritic cell	2	7	17	7	14	TAF4B	0.9946565545798768	False
0.0006578596842300108	0.04477611940298507	0.13226592268131748	0.13926741803278686	T cell	B cell	2	4	6	3	3	TBC1D12	0.9946565545798768	False
0.00017938358839900595	0.04477611940298507	0.17560667844045974	0.2125539322398875	Dendritic cell	T cell	2	7	10	6	9	TNFAIP8	0.9946565545798768	False
0.0007537761500841242	0.04477611940298507	0.33646247033214693	0.47566827454527183	NK	Plasma cell	2	6	7	3	6	TRMT13	0.9946565545798768	False
0.0004470545978729039	0.04477611940298507	0.18308774556301782	0.22954172890406843	NK	Plasma cell	2	6	10	4	7	UBE4A	0.9946565545798768	False
0.00034019080204188335	0.04477611940298507	0.12455198911514426	0.16372114563648055	T cell	Dendritic cell	2	7	11	3	7	USP6NL	0.9946565545798768	False
0.00012438206243798689	0.04477611940298507	0.0814872726113734	0.10555137678273824	T cell	Erythroid	2	7	13	8	12	ZCCHC7	0.9946565545798768	False
0.00038270367962060103	0.04477611940298507	0.13998936211323032	0.2818966011348656	T cell	Erythroid	2	7	8	3	6	ZCCHC8	0.9946565545798768	False
0.000796069020285209	0.04975124378109453	0.3198288452706423	0.4597783898835608	Dendritic cell	Erythroid	2	5	6	3	4	AGAP9	0.9946565545798768	False
0.0003314321974340656	0.04975124378109453	0.1997598728400804	0.21190604982206407	T cell	Plasma cell	2	7	15	5	9	CD226	0.9946565545798768	False
0.001685941089708297	0.04975124378109453	0.16767225502337618	0.2114570755557315	Dendritic cell	T cell	2	7	13	8	12	CNTRL	0.9946565545798768	False
7.113943855237607e-05	0.04975124378109453	0.12440032133119311	0.11437147880724674	Monocyte	Plasma cell	2	7	15	8	14	DIAPH2	0.9946565545798768	False
0.0014653958907250744	0.04975124378109453	0.5286340236340237	0.5246157224418094	NK	B cell	2	4	7	3	5	EMC8	0.9946565545798768	False
0.0005738831400766198	0.04975124378109453	0.1174719253314015	0.0786853202819589	NK	Erythroid	2	3	4	3	4	ENSG00000251259	0.9946565545798768	False
0.00223669534807934	0.04975124378109453	0.24833264061062393	0.2219480798111993	T cell	Plasma cell	2	6	10	3	5	GTPBP6	0.9946565545798768	False
0.0008261238785963137	0.04975124378109453	0.14362742398813844	0.22971506981053513	T cell	B cell	2	7	9	5	8	IQSEC1	0.9946565545798768	False
0.0002880025280323942	0.04975124378109453	0.054355492978697406	0.09583333333333333	Erythroid	Monocyte	2	7	11	5	10	MAP2K4	0.9946565545798768	False
0.0007907335940353898	0.04975124378109453	0.15616432059313562	0.05071363498329784	NK	T cell	2	3	4	3	3	MED31	0.9946565545798768	False
0.0009143415154928933	0.04975124378109453	0.15392691372194778	0.32873394119792665	Plasma cell	Erythroid	2	7	11	3	7	MXI1	0.9946565545798768	False
0.003776663746761685	0.04975124378109453	0.32107068552194323	0.3394037066881547	T cell	Plasma cell	2	4	5	3	4	NAPEPLD	0.9946565545798768	False
0.00135606881291549	0.04975124378109453	0.24678949761691715	0.2812233589087809	Plasma cell	Erythroid	2	6	10	3	7	NCAPD3	0.9946565545798768	False
0.000318618973613653	0.04975124378109453	0.28846103307764415	0.27509182488422795	Plasma cell	Monocyte	2	7	11	5	10	NDEL1	0.9946565545798768	False
0.0025092192510629027	0.04975124378109453	0.18046088430992663	0.20021786492374732	B cell	Dendritic cell	2	5	7	3	4	NMT2	0.9946565545798768	False
0.0008864733836515117	0.04975124378109453	0.2874865229528781	0.3112195998562358	B cell	Monocyte	2	7	11	3	8	NSUN6	0.9946565545798768	False
0.0004331122291421804	0.04975124378109453	0.36356133821820447	0.45605077304829167	Dendritic cell	Erythroid	2	5	6	3	5	ODR4	0.9946565545798768	False
0.003540836316464728	0.04975124378109453	0.15817297985172912	0.18459308807134894	NK	Monocyte	2	7	12	5	7	PATL2	0.9946565545798768	False
0.0006675884829392769	0.04975124378109453	0.29771971747477866	0.32602183237637017	Monocyte	Plasma cell	2	7	8	3	7	RNF216P1	0.9946565545798768	False
0.00012977195481927441	0.04975124378109453	0.2768320610788661	0.7091183823942118	Dendritic cell	T cell	2	7	10	5	9	RPL10	0.9946565545798768	False
0.003385970996016561	0.04975124378109453	0.14482252319361932	0.06204673650282028	Erythroid	NK	2	3	3	3	3	RPL24	0.9946565545798768	False
0.0008337676484292923	0.04975124378109453	0.17367860125213075	0.1643885036276907	Monocyte	Dendritic cell	2	7	9	3	6	SDHAP1	0.9946565545798768	False
0.0004435205772115066	0.04975124378109453	0.08352569154408923	0.08165603010963834	Erythroid	Monocyte	2	7	10	3	8	SIK2	0.9946565545798768	False
0.0032132022183042038	0.04975124378109453	0.16711829160049074	0.17013142174432494	B cell	NK	2	4	5	3	4	THEMIS2	0.9946565545798768	False
0.0004963927299210759	0.04975124378109453	0.07032038766573262	0.20651150052492023	B cell	Monocyte	2	7	9	5	8	U2SURP	0.9946565545798768	False
0.000951641429772962	0.05472636815920398	0.24650538965890512	0.24373463152927144	Dendritic cell	T cell	2	6	8	3	5	ABHD5	0.9946565545798768	False
0.00014729521999549882	0.05472636815920398	0.39385328476258613	0.6202319466480065	T cell	NK	2	7	16	8	12	ADRM1	0.9946565545798768	False
0.003559995439496587	0.05472636815920398	0.25573319583204	0.20515230950013558	Erythroid	NK	2	3	4	3	3	BMERB1	0.9946565545798768	False
0.00021587801016389552	0.05472636815920398	0.10771440024671608	0.14034428535790378	Plasma cell	Monocyte	2	7	11	5	9	CORO7	0.9946565545798768	False
0.0020905418537396497	0.05472636815920398	0.31405591914274755	0.29026192662556294	T cell	Dendritic cell	2	5	6	3	5	EBP	0.9946565545798768	False
0.00041168334140650526	0.05472636815920398	0.3040782032509974	0.3885714531391744	Monocyte	Plasma cell	2	7	10	3	8	ENSG00000287555	0.9946565545798768	False
0.0004615848829567977	0.05472636815920398	0.30438560754488686	0.3147319749563062	Monocyte	T cell	2	7	11	3	8	FAM204A	0.9946565545798768	False
0.00032270143885939067	0.05472636815920398	0.07236183555012038	0.0780706355450651	Erythroid	Plasma cell	2	7	11	5	10	FBXL20	0.9946565545798768	False
0.0007403377456605178	0.05472636815920398	0.3766092597265644	0.626978130523689	B cell	T cell	2	5	7	3	6	GRWD1	0.9946565545798768	False
0.00015995325993991395	0.05472636815920398	0.16601459752936198	0.07950995100013664	B cell	Plasma cell	2	7	16	8	14	HMGN1	0.9946565545798768	False
0.000435479566937424	0.05472636815920398	0.258603927203065	0.5587696617108382	B cell	NK	2	4	7	3	5	HSBP1	0.9946565545798768	False
0.0021103350440682166	0.05472636815920398	0.20060936259331874	0.14695891058399552	Monocyte	T cell	2	5	7	3	5	HSPBAP1	0.9946565545798768	False
0.0004911359964304237	0.05472636815920398	0.28769807915074813	0.2313430947458357	Plasma cell	Dendritic cell	2	6	6	3	5	ITPA	0.9946565545798768	False
0.0012524598380355195	0.05472636815920398	0.11768172568172564	0.16449234259784462	B cell	Plasma cell	2	6	7	3	5	KLHL6	0.9946565545798768	False
0.0004566997249135356	0.05472636815920398	0.11132899305780164	0.09971657587918764	NK	Dendritic cell	2	7	7	3	5	LRRC8C	0.9946565545798768	False
0.000909926958545918	0.05472636815920398	0.19511485886562185	0.20890418803891964	Dendritic cell	B cell	2	7	7	3	5	MACROH2A1	0.9946565545798768	False
0.00023705384574534277	0.05472636815920398	0.13144416808267856	0.250429522013353	Dendritic cell	Plasma cell	2	7	13	5	9	MTAP	0.9946565545798768	False
0.0008749962189763136	0.05472636815920398	0.17239254521183706	0.2795981890209394	Monocyte	Erythroid	2	7	14	3	9	MTBP	0.9946565545798768	False
0.0014717275027329956	0.05472636815920398	0.18239282127189654	0.19807073954983923	Plasma cell	Erythroid	2	7	10	3	7	MTMR9	0.9946565545798768	False
0.00031076767571627513	0.05472636815920398	0.1930846626610927	0.4526482137726272	Plasma cell	B cell	2	7	8	4	7	PCED1B-AS1	0.9946565545798768	False
0.00024181941368699695	0.05472636815920398	0.0783034420170291	0.08835277084591375	Plasma cell	NK	2	7	18	7	13	PIGN	0.9946565545798768	False
0.0011230496129700292	0.05472636815920398	0.21651061633613966	0.1755057408419901	B cell	Plasma cell	2	7	6	3	5	PPCS	0.9946565545798768	False
0.0008007403922675759	0.05472636815920398	0.13725592239888335	0.3045940170940171	B cell	Dendritic cell	2	6	12	3	8	RBM41	0.9946565545798768	False
0.0003223231954769931	0.05472636815920398	0.06973880874229921	0.21756248807164952	B cell	Monocyte	2	7	9	5	8	RBM5	0.9946565545798768	False
0.00027512599783344167	0.05472636815920398	0.12821869938252983	0.2363358644731745	B cell	Dendritic cell	2	7	11	3	6	RFX2	0.9946565545798768	False
0.0004976248647678493	0.05472636815920398	0.32752601527929104	0.7223851356280155	Dendritic cell	Plasma cell	2	7	10	4	7	RSKR	0.9946565545798768	False
0.00029428096996555336	0.05472636815920398	0.24428188454033117	0.17212543554006965	Dendritic cell	NK	2	6	6	3	4	SELENOK	0.9946565545798768	False
0.0006977010339569592	0.05472636815920398	0.2107281640661034	0.2684057971014493	Plasma cell	NK	2	7	15	5	12	SLC37A1	0.9946565545798768	False
0.0008620978974987997	0.05472636815920398	0.23181863780752082	0.3485030963856005	B cell	Plasma cell	2	7	13	6	8	SPG21	0.9946565545798768	False
0.0004351423615847687	0.05472636815920398	0.15913988575566257	0.1510368017933869	Monocyte	Plasma cell	2	7	10	3	8	TMEM135	0.9946565545798768	False
0.0033240671555217934	0.05472636815920398	0.24977738660643206	0.314647123525951	Erythroid	Dendritic cell	2	5	6	3	5	TMEM220	0.9946565545798768	False
0.0004188434444360097	0.05472636815920398	0.13614499877682518	0.4302487080103359	T cell	Plasma cell	2	7	9	4	7	VDAC1	0.9946565545798768	False
0.0011126400567912638	0.05472636815920398	0.14595250600610138	0.2230047497601722	T cell	Monocyte	2	7	12	4	7	ZNF519	0.9946565545798768	False
0.0017225990854390551	0.05970149253731343	0.1551217678136606	0.1319796954314721	T cell	Plasma cell	2	4	5	3	4	ACADM	0.9946565545798768	False
0.00022986582478191849	0.05970149253731343	0.0389902362131862	0.14894501580412317	NK	Monocyte	2	7	17	6	12	ADNP2	0.9946565545798768	False
0.00011988149702439992	0.05970149253731343	0.06759256719120765	0.0462791306831718	Dendritic cell	Monocyte	2	7	16	7	12	ATRN	0.9946565545798768	False
0.0039071456962085655	0.05970149253731343	0.38439627388877473	0.40212527964205824	NK	Dendritic cell	2	4	6	3	4	C8orf76	0.9946565545798768	False
0.0004027270468294219	0.05970149253731343	0.25543078397241903	0.6504988228561023	Plasma cell	Monocyte	2	7	7	4	6	CAP1	0.9946565545798768	False
9.345071436904285e-05	0.05970149253731343	0.0945508933297543	0.21728600631391465	T cell	Dendritic cell	2	7	6	3	6	COX6A1	0.9946565545798768	False
0.0002524894068208865	0.05970149253731343	0.055981149710684075	0.07543625071037685	NK	Dendritic cell	2	7	15	6	9	DNAJC5	0.9946565545798768	False
0.0005210939641279149	0.05970149253731343	0.2118167390279766	0.23440768061379608	T cell	NK	2	4	6	3	4	FAM111A	0.9946565545798768	False
0.001703023738974397	0.05970149253731343	0.27690216759984193	0.1456456456456457	B cell	Plasma cell	2	5	7	3	4	GXYLT1	0.9946565545798768	False
0.0012207990134161916	0.05970149253731343	0.12608530358530345	0.20179760927091894	Erythroid	NK	2	4	7	3	5	KIF18A	0.9946565545798768	False
0.00148757261687269	0.05970149253731343	0.21603609863076295	0.19660097343014438	B cell	Dendritic cell	2	7	9	3	6	MARK4	0.9946565545798768	False
0.002058855188428072	0.05970149253731343	0.2734487734487735	0.3167477696674777	B cell	Dendritic cell	2	4	6	3	5	MTPAP	0.9946565545798768	False
0.002846918581706786	0.05970149253731343	0.27392972466156695	0.513910572659714	Monocyte	Erythroid	2	7	7	3	7	NSL1	0.9946565545798768	False
0.0007148320312070613	0.05970149253731343	0.03926708897436315	0.0999286412770568	NK	Erythroid	2	3	4	3	3	POC5	0.9946565545798768	False
1.8920962340499733e-05	0.05970149253731343	0.19060759377148767	0.40691576159141446	NK	T cell	2	3	5	3	4	PRKCD	0.9946565545798768	False
0.0002232972028796111	0.05970149253731343	0.08869846561637978	0.16149935017036077	NK	Plasma cell	2	7	10	7	9	RSF1	0.9946565545798768	False
0.0004447679944317992	0.05970149253731343	0.17133487194531866	0.21833865660085178	Dendritic cell	B cell	2	7	14	3	9	RUBCNL	0.9946565545798768	False
0.0026449072429088113	0.05970149253731343	0.34535850354699793	0.31636363636363635	Plasma cell	B cell	2	7	11	3	6	SASH3	0.9946565545798768	False
0.00150506558391603	0.05970149253731343	0.17572806473729563	0.4731185812896347	T cell	NK	2	5	4	3	4	SELENOF	0.9946565545798768	False
0.0009481265394248326	0.05970149253731343	0.2023009825979999	0.22520762090864677	Erythroid	Monocyte	2	7	10	3	6	SIL1	0.9946565545798768	False
0.0008317545054565958	0.05970149253731343	0.25219291454668225	0.3802113621113844	Dendritic cell	Erythroid	2	7	12	4	9	SMARCAD1	0.9946565545798768	False
0.00048490721389671444	0.05970149253731343	0.056348771932036634	0.11829246921250935	Monocyte	T cell	2	7	11	5	9	SYNRG	0.9946565545798768	False
0.0005956823426937841	0.05970149253731343	0.19060437380853545	0.37645374298501266	Erythroid	Plasma cell	2	7	16	4	11	TPGS2	0.9946565545798768	False
0.0008794953910683204	0.05970149253731343	0.17136094976492616	0.17313412027140068	Plasma cell	Erythroid	2	6	8	3	6	VKORC1L1	0.9946565545798768	False
0.0004282193181077221	0.05970149253731343	0.14728110234913339	0.16541086541086536	T cell	B cell	2	7	13	6	9	WHAMM	0.9946565545798768	False
0.00038611250681879665	0.05970149253731343	0.16988086904669314	0.15873015873015878	Monocyte	Plasma cell	2	5	8	3	6	ZFP64	0.9946565545798768	False
0.0035505876119673414	0.06467661691542288	0.24411377265227285	0.2495512307829023	T cell	Dendritic cell	2	4	7	4	6	ALG8	0.9946565545798768	False
0.00048729784923368585	0.06467661691542288	0.0826208129489649	0.0980425824175824	T cell	NK	2	3	5	3	4	CARD8-AS1	0.9946565545798768	False
0.0010089694012420606	0.06467661691542288	0.3216452843774163	0.2870209059233449	Plasma cell	Dendritic cell	2	6	10	3	6	CSNK2A2	0.9946565545798768	False
0.00022855414861795026	0.06467661691542288	0.12422148935587263	0.26625738089460493	Dendritic cell	Plasma cell	2	7	13	6	8	CYLD	0.9946565545798768	False
0.0007386366925850039	0.06467661691542288	0.13114108855521073	0.22722358722358724	NK	B cell	2	6	10	4	6	DIS3L	0.9946565545798768	False
0.00029290134719023097	0.06467661691542288	0.23165962815463137	0.49068725936782387	Plasma cell	Erythroid	2	7	9	5	7	EIF2A	0.9946565545798768	False
0.00014298836572515066	0.06467661691542288	0.17419475841047305	0.07934263318719276	NK	Monocyte	2	7	9	4	6	GAB2	0.9946565545798768	False
0.0015365102965707615	0.06467661691542288	0.4131985548046643	0.4536441294074882	Dendritic cell	Monocyte	2	7	8	3	6	GABARAPL1	0.9946565545798768	False
0.0006212659024063589	0.06467661691542288	0.11755277990782076	0.21977250173056184	Erythroid	B cell	2	7	12	3	8	GALK2	0.9946565545798768	False
0.00022513035644291282	0.06467661691542288	0.10284137137673	0.13561777227251615	Plasma cell	T cell	2	7	13	8	11	ITFG1	0.9946565545798768	False
0.0007161613171862319	0.06467661691542288	0.17807236056601766	0.1260525694499095	Dendritic cell	T cell	2	5	7	3	6	KCTD13	0.9946565545798768	False
0.0004149780558758164	0.06467661691542288	0.5663434799593704	0.6870360941186595	T cell	Plasma cell	2	7	13	3	8	MPHOSPH6	0.9946565545798768	False
0.0002548005672885795	0.06467661691542288	0.0787643850437964	0.20388687543926132	NK	Erythroid	2	7	16	6	10	NHLRC3	0.9946565545798768	False
0.0008681349348135194	0.06467661691542288	0.2552481654792049	0.23029739776951674	T cell	NK	2	5	7	4	5	PDIA4	0.9946565545798768	False
0.0015977684194150021	0.06467661691542288	0.21982994797152072	0.22095095966504996	B cell	T cell	2	3	4	3	4	RFC2	0.9946565545798768	False
0.0005691802822025063	0.06467661691542288	0.10176158315679212	0.12058284852402495	NK	Dendritic cell	2	6	9	3	7	SAE1	0.9946565545798768	False
0.0007081918079003756	0.06467661691542288	0.1624450966909945	0.09877632987233664	T cell	Erythroid	2	6	6	3	4	TENT5C	0.9946565545798768	False
0.0025241555139099607	0.06467661691542288	0.18335224971638575	0.33848182159544077	NK	Erythroid	2	7	12	6	9	UBE2Q2	0.9946565545798768	False
0.0004690205522928648	0.06467661691542288	0.1357709613474664	0.1322233641658102	Dendritic cell	NK	2	7	9	4	7	VPS8	0.9946565545798768	False
0.0012924230841102732	0.06467661691542288	0.26000216544306615	0.309165222799769	Plasma cell	B cell	2	7	7	3	4	WIPI2	0.9946565545798768	False
0.0010833104257241505	0.06467661691542288	0.09688849609909617	0.11274509803921573	NK	Dendritic cell	2	4	7	3	5	ZNF562	0.9946565545798768	False
0.0006820599704423267	0.06467661691542288	0.1723735600261106	0.13365357239325165	Monocyte	B cell	2	7	8	4	7	ZNRF2	0.9946565545798768	False
0.0012183652880202883	0.06965174129353234	0.09932482313532676	0.12766474605717198	NK	Plasma cell	2	7	8	3	7	AHCYL2	0.9946565545798768	False
0.0012816524747795981	0.06965174129353234	0.20563837010200803	0.43401216870383075	Dendritic cell	Erythroid	2	6	9	3	7	AP1M1	0.9946565545798768	False
0.0009219226444848597	0.06965174129353234	0.27792275898310875	0.45882975006845494	Plasma cell	Erythroid	2	7	9	3	6	API5	0.9946565545798768	False
0.0003160821119765073	0.06965174129353234	0.10378161748406323	0.04808228730822872	Dendritic cell	Erythroid	2	5	6	3	4	ARHGAP32	0.9946565545798768	False
0.0005202250744143278	0.06965174129353234	0.11316391215329649	0.1570691434468524	Plasma cell	NK	2	7	9	5	8	CAPN7	0.9946565545798768	False
0.003430209117157101	0.06965174129353234	0.32691414997037344	0.35821008837195173	Erythroid	T cell	2	5	5	3	5	EIF2D	0.9946565545798768	False
0.0006698845200366539	0.06965174129353234	0.14693744102882694	0.09812139587420488	NK	B cell	2	6	9	3	6	ELP3	0.9946565545798768	False
0.00016311402130537615	0.06965174129353234	0.08712325387779635	0.2752921701646449	Erythroid	NK	2	7	14	5	9	EMILIN2	0.9946565545798768	False
0.00048217469893803325	0.06965174129353234	0.16648636446827997	0.23125564588979225	Plasma cell	Monocyte	2	7	8	3	5	GRIK1	0.9946565545798768	False
0.00048627997523786827	0.06965174129353234	0.2137601845785817	0.3475994127537103	NK	Plasma cell	2	5	6	3	6	IRF2BP2	0.9946565545798768	False
0.0004608333576665174	0.06965174129353234	0.043404844505413764	0.08730964467005076	T cell	NK	2	3	5	3	4	KIF14	0.9946565545798768	False
0.0004727852800251729	0.06965174129353234	0.11489483645166326	0.1688342822894816	Monocyte	NK	2	7	11	4	9	KIN	0.9946565545798768	False
0.00014822303733324322	0.06965174129353234	0.08939695498259403	0.06647145157157897	Monocyte	Dendritic cell	2	7	9	6	8	LPP	0.9946565545798768	False
0.0002003648705405617	0.06965174129353234	0.34563956610727986	0.3869591946515023	T cell	Dendritic cell	2	5	9	4	7	LRRC59	0.9946565545798768	False
0.0005123294794507285	0.06965174129353234	0.2836035393087396	0.24083517953433933	Monocyte	Erythroid	2	7	11	3	7	MAN2B1	0.9946565545798768	False
0.0009157094152585087	0.06965174129353234	0.31488139155956846	0.45367644125274287	NK	Plasma cell	2	6	9	3	7	MRPS30	0.9946565545798768	False
0.000642125776056114	0.06965174129353234	0.13489701377192803	0.28596937566171016	Erythroid	Plasma cell	2	7	7	3	6	MTF2	0.9946565545798768	False
0.00033652975598451367	0.06965174129353234	0.10243087917581428	0.23518280720527912	Erythroid	B cell	2	7	13	5	10	NDE1	0.9946565545798768	False
0.0005247270150575497	0.06965174129353234	0.11182758458737402	0.09051381551264676	Monocyte	T cell	2	7	14	7	12	NDUFAF6	0.9946565545798768	False
0.0002634028076586836	0.06965174129353234	0.34810489305051456	0.5122149612595472	Monocyte	Plasma cell	2	7	9	4	7	NDUFS7	0.9946565545798768	False
0.0011073912878136066	0.06965174129353234	0.09961920201461638	0.1446028766425082	T cell	B cell	2	5	7	3	6	PGM2L1	0.9946565545798768	False
0.0008183596505242976	0.06965174129353234	0.24055975906854343	0.510973528594674	Erythroid	Monocyte	2	7	8	3	7	PSMC2	0.9946565545798768	False
0.0006964525926355663	0.06965174129353234	0.06871047481701908	0.04862298195631526	Erythroid	T cell	2	5	8	3	5	RAMAC	0.9946565545798768	False
0.0009077286118230307	0.06965174129353234	0.1441836368806605	0.348719112103867	B cell	Dendritic cell	2	5	8	4	6	RCHY1	0.9946565545798768	False
0.00018707463551721464	0.06965174129353234	0.07456689106504055	0.1313020586077424	T cell	Erythroid	2	3	5	3	5	RIPOR1	0.9946565545798768	False
0.002546982683616218	0.06965174129353234	0.11741455846954363	0.23436641101484174	Dendritic cell	Monocyte	2	7	12	3	9	SEPTIN11	0.9946565545798768	False
0.0034013832294220573	0.06965174129353234	0.18043651082945394	0.20275978597578148	NK	Dendritic cell	2	3	4	3	3	STK33	0.9946565545798768	False
0.00015412717176259237	0.06965174129353234	0.05823404574229718	0.19664728184390723	Monocyte	Plasma cell	2	7	17	7	12	TPT1-AS1	0.9946565545798768	False
0.0007631728539853051	0.06965174129353234	0.16558283072595253	0.13104498115729485	Monocyte	Dendritic cell	2	7	11	3	6	TRIM25	0.9946565545798768	False
0.0003504294769008059	0.06965174129353234	0.20157677461709383	0.2467899080775977	Plasma cell	Monocyte	2	7	15	5	11	TXLNG	0.9946565545798768	False
0.00019463792022133758	0.06965174129353234	0.17974497023852454	0.4693847688726305	Plasma cell	NK	2	6	11	5	8	UFSP2	0.9946565545798768	False
0.0007264325753639817	0.07462686567164178	0.3804774635594242	0.45823514008902855	Plasma cell	NK	2	7	8	3	4	ARL8B	0.9946565545798768	False
0.0009694282648746641	0.07462686567164178	0.22921542268880934	0.286155296335572	Dendritic cell	T cell	2	6	9	3	5	BIRC3	0.9946565545798768	False
0.00044307897220664577	0.07462686567164178	0.2092383087084006	0.15111799105607154	NK	Plasma cell	2	6	7	3	5	CCZ1	0.9946565545798768	False
0.00031146872920048376	0.07462686567164178	0.17805567515513643	0.3923676179721571	NK	Plasma cell	2	7	9	6	7	CDKN1B	0.9946565545798768	False
6.477763143580328e-05	0.07462686567164178	0.36163691777051526	0.8290334997583346	Monocyte	T cell	2	7	7	3	7	CTSS	0.9946565545798768	False
0.0003139573344990803	0.07462686567164178	0.1637954238023771	0.21136001777316993	Plasma cell	NK	2	5	8	3	5	DMXL2	0.9946565545798768	False
0.00021882488077993095	0.07462686567164178	0.17734682334829405	0.3058084702058366	Dendritic cell	NK	2	7	13	6	9	ENSG00000232855	0.9946565545798768	False
0.004955268238025207	0.07462686567164178	0.1616217657993237	0.18863206271965394	B cell	Erythroid	2	3	5	3	5	ENSG00000271774	0.9946565545798768	False
0.0007021566270095512	0.07462686567164178	0.14750663337642755	0.1735607062038767	Erythroid	Monocyte	2	7	11	4	9	ENTPD1-AS1	0.9946565545798768	False
0.0005780007585541576	0.07462686567164178	0.11977368107161235	0.3630727950051668	T cell	Dendritic cell	2	7	17	5	12	GET1	0.9946565545798768	False
0.00029177841190950577	0.07462686567164178	0.14963610868073562	0.22549356550960398	Plasma cell	Monocyte	2	7	8	3	6	GSAP	0.9946565545798768	False
0.0007555543882603759	0.07462686567164178	0.15434860901423592	0.24127053990610325	T cell	Erythroid	2	5	6	3	4	HERC2P9	0.9946565545798768	False
0.0006396094310082127	0.07462686567164178	0.22137884787292234	0.22672652550701333	Monocyte	NK	2	4	6	3	5	LEF1	0.9946565545798768	False
0.0009963130442867028	0.07462686567164178	0.16383273725836012	0.1574624305221986	Monocyte	Plasma cell	2	7	10	3	8	MAGED1	0.9946565545798768	False
0.0015648221322402292	0.07462686567164178	0.2180141457912182	0.21052631578947373	T cell	Erythroid	2	7	11	4	7	MAP2K2	0.9946565545798768	False
0.0005669446221893482	0.07462686567164178	0.15238077550671253	0.1741146679480432	Dendritic cell	Plasma cell	2	7	13	3	8	MMP24OS	0.9946565545798768	False
0.00037168565469690115	0.07462686567164178	0.0767841391665075	0.18418946064734398	Monocyte	B cell	2	7	15	6	11	OGT	0.9946565545798768	False
0.00018028109659957599	0.07462686567164178	0.08642634877797584	0.09270395939300807	T cell	B cell	2	7	13	6	10	PEAK1	0.9946565545798768	False
0.0007232236821328583	0.07462686567164178	0.1489235450421879	0.15238095238095245	NK	B cell	2	6	8	3	5	PIGX	0.9946565545798768	False
0.001093528976120182	0.07462686567164178	0.2439264921523599	0.3078501852714727	Dendritic cell	Erythroid	2	5	7	3	5	POLDIP2	0.9946565545798768	False
0.0005761372797361071	0.07462686567164178	0.0635062032475826	0.1890243902439025	Erythroid	B cell	2	4	4	3	4	PRPF38B	0.9946565545798768	False
0.0007667162189784046	0.07462686567164178	0.09729273255388282	0.10756797104822291	T cell	Erythroid	2	6	6	3	6	PTP4A2	0.9946565545798768	False
0.0007206812094547319	0.07462686567164178	0.11706066938874393	0.1170043030508146	B cell	NK	2	7	12	4	9	RAB33B-AS1	0.9946565545798768	False
0.0006965961229580313	0.07462686567164178	0.2053065075168733	0.21003671970624233	Monocyte	Dendritic cell	2	6	6	3	4	RNF34	0.9946565545798768	False
0.0006973171071863994	0.07462686567164178	0.19811084427362496	0.12609454453383334	Erythroid	Plasma cell	2	7	13	4	9	SNRPD1	0.9946565545798768	False
0.00041358496413996046	0.07462686567164178	0.23006356243235004	0.2382020709730973	Monocyte	T cell	2	7	11	3	8	STRADA	0.9946565545798768	False
0.00018281639129944291	0.07462686567164178	0.07510436572790247	0.14760228749121423	NK	Plasma cell	2	7	9	5	8	TFDP2	0.9946565545798768	False
0.01489314104575552	0.07462686567164178	0.10630640464088675	0.5066284288974146	T cell	Dendritic cell	2	7	18	9	15	TPT1	0.9946565545798768	False
0.0008796012092520968	0.07462686567164178	0.1391962620840118	0.08880390907159547	T cell	Dendritic cell	2	4	5	3	3	UAP1	0.9946565545798768	False
0.0006321177435200866	0.07462686567164178	0.09053450176786187	0.2642609294715242	Plasma cell	Dendritic cell	2	7	13	8	12	USP3	0.9946565545798768	False
0.00018564693608508288	0.07462686567164178	0.14498938012743967	0.31733489163145445	T cell	Monocyte	2	7	11	5	9	USP36	0.9946565545798768	False
0.0025399196980611743	0.07462686567164178	0.23634094998872607	0.2423411933899547	NK	Erythroid	2	5	7	3	5	ZNF264	0.9946565545798768	False
0.0008772992222838513	0.07462686567164178	0.1797580611592708	0.13318065270966617	Monocyte	Dendritic cell	2	7	11	3	9	ZNF532	0.9946565545798768	False
0.0003755360382063803	0.07462686567164178	0.28133951600727203	0.23340413802049553	Plasma cell	Monocyte	2	7	8	3	7	ZNF800	0.9946565545798768	False
2.6510694596491823e-05	0.07960199004975124	0.20723888452496403	0.4232641001129747	Erythroid	Monocyte	2	7	11	6	10	ARHGDIA	0.9946565545798768	False
0.0019102503107832302	0.07960199004975124	0.16322362423692993	0.1773559190031152	B cell	Erythroid	2	5	5	3	4	CHODL	0.9946565545798768	False
0.0009844632817358249	0.07960199004975124	0.21048635598389498	0.29818633436944936	NK	Erythroid	2	4	7	4	6	CSTF3	0.9946565545798768	False
0.0002882971643406874	0.07960199004975124	0.08246936647755632	0.15809621723675998	Monocyte	Plasma cell	2	7	17	8	14	CUL4A	0.9946565545798768	False
0.0003132207256919711	0.07960199004975124	0.09727762046944444	0.23833399144036282	Dendritic cell	Erythroid	2	6	9	3	7	ELL	0.9946565545798768	False
0.00035417990152821833	0.07960199004975124	0.08266338674777407	0.12450374190308972	Plasma cell	NK	2	7	10	5	8	GALNT10	0.9946565545798768	False
0.00012707187918233973	0.07960199004975124	0.054938871424964786	0.13949422853632282	T cell	B cell	2	7	14	8	13	KAT6A	0.9946565545798768	False
0.0007794987018906862	0.07960199004975124	0.21284094606667453	0.2029236078847813	B cell	T cell	2	5	5	3	4	MAPKAPK2	0.9946565545798768	False
5.6623281839554654e-05	0.07960199004975124	0.0987264533369635	0.07203424268957731	Plasma cell	Dendritic cell	2	7	15	6	12	PMAIP1	0.9946565545798768	False
0.001031419601871167	0.07960199004975124	0.14973078448919458	0.2169006532124403	NK	Plasma cell	2	7	11	4	8	PRKCQ	0.9946565545798768	False
0.0005487288929092635	0.07960199004975124	0.1400532561721763	0.1689698381602866	NK	Plasma cell	2	6	8	3	4	PRPSAP1	0.9946565545798768	False
0.00028518597218619963	0.07960199004975124	0.2459532423654929	0.4057388517816692	Erythroid	T cell	2	7	17	6	12	PSMG1	0.9946565545798768	False
0.0005081042465137386	0.07960199004975124	0.15104114624201154	0.1289880952380953	Plasma cell	T cell	2	4	6	3	3	RAB40C	0.9946565545798768	False
0.002789674756665626	0.07960199004975124	0.14004540712287195	0.1592365967365968	B cell	NK	2	4	5	3	4	RNFT1	0.9946565545798768	False
0.00032723062602542624	0.07960199004975124	0.3182242812127398	0.44609835167343953	NK	Dendritic cell	2	5	6	3	5	RPS26	0.9946565545798768	False
0.0007664218109467504	0.07960199004975124	0.08484691422126278	0.10278309244446499	NK	T cell	2	7	17	7	12	SEC23B	0.9946565545798768	False
0.00020881925904520817	0.07960199004975124	0.29740576111818057	0.26941659483736335	Plasma cell	Erythroid	2	7	11	4	8	SNRPA	0.9946565545798768	False
0.0003308415789113672	0.07960199004975124	0.09522363616406598	0.1791292328956462	B cell	Monocyte	2	7	12	7	11	SPCS3	0.9946565545798768	False
0.00034102573503939665	0.07960199004975124	0.08467767628790174	0.12170498586210537	T cell	Dendritic cell	2	7	12	7	10	SRP72	0.9946565545798768	False
0.0025442792656912233	0.07960199004975124	0.14812784223723902	0.1588209654571211	B cell	Dendritic cell	2	4	5	3	3	STARD9	0.9946565545798768	False
0.0007825736658872811	0.07960199004975124	0.1413481040701166	0.10084276891405047	T cell	Erythroid	2	4	7	3	6	ZBTB5	0.9946565545798768	False
0.0005967494389467729	0.07960199004975124	0.11470661599255433	0.10777126099706746	T cell	B cell	2	4	7	4	5	ZNF251	0.9946565545798768	False
0.0005502455435401788	0.07960199004975124	0.13293751198520348	0.1761760428707645	Dendritic cell	NK	2	6	7	4	7	ZZZ3	0.9946565545798768	False
0.00025709083945740633	0.0845771144278607	0.2308986839163768	0.5151421663128869	T cell	Plasma cell	2	7	11	4	8	ADISSP	0.9946565545798768	False
0.000349342801164451	0.0845771144278607	0.2091127277492868	0.24987327513376517	T cell	Plasma cell	2	3	5	3	4	AGPAT2	0.9946565545798768	False
0.0006406753470318139	0.0845771144278607	0.13261751340363043	0.21622022485242204	Plasma cell	NK	2	7	7	4	7	ARPC5	0.9946565545798768	False
0.0015701236713530763	0.0845771144278607	0.15449451187382218	0.19432495867466693	B cell	NK	2	4	4	3	3	CFAP20	0.9946565545798768	False
0.001045727028950571	0.0845771144278607	0.2281997546430825	0.16019342657881552	Dendritic cell	B cell	2	7	8	3	5	CPNE8	0.9946565545798768	False
0.0002560566303835406	0.0845771144278607	0.1859353129549503	0.20646042868265085	B cell	Monocyte	2	7	9	5	7	CPSF6	0.9946565545798768	False
0.0008359840707933592	0.0845771144278607	0.1937375702780053	0.355361296312263	NK	Dendritic cell	2	7	13	6	8	CTSH	0.9946565545798768	False
0.00017929181117219106	0.0845771144278607	0.13560843024428348	0.11555393559627858	Monocyte	T cell	2	7	13	5	10	ERCC6L2	0.9946565545798768	False
0.001658809755323489	0.0845771144278607	0.22874677784619246	0.3415177296865186	T cell	NK	2	3	4	3	3	G6PC3	0.9946565545798768	False
0.00031262997735485344	0.0845771144278607	0.082638890958313	0.08690822939391724	NK	Dendritic cell	2	7	13	6	11	JAK2	0.9946565545798768	False
0.0007495140763988181	0.0845771144278607	0.08376924743317271	0.1016427995784514	T cell	NK	2	4	7	3	5	LINC02649	0.9946565545798768	False
0.0007104332184807594	0.0845771144278607	0.17852926974659034	0.14400719348355023	Dendritic cell	Erythroid	2	6	7	3	6	LPGAT1	0.9946565545798768	False
0.00020277186346062643	0.0845771144278607	0.29492923719583225	0.27222556934570435	Plasma cell	Dendritic cell	2	7	10	3	6	MYH10	0.9946565545798768	False
0.00043890459164705003	0.0845771144278607	0.13430293998674958	0.17613946879440373	NK	Monocyte	2	7	13	6	10	NFATC2IP	0.9946565545798768	False
0.0007788275659685906	0.0845771144278607	0.18995188988378067	0.20364557928445698	NK	Plasma cell	2	7	13	6	9	NIPA2	0.9946565545798768	False
6.268162783842748e-05	0.0845771144278607	0.07218343708090891	0.08898615177312458	Monocyte	T cell	2	7	13	9	13	PRKCB	0.9946565545798768	False
0.00022317507435898025	0.0845771144278607	0.1270766685026371	0.2623385494287134	Monocyte	T cell	2	7	14	7	12	RAD21	0.9946565545798768	False
0.0008500759958255341	0.0845771144278607	0.21226274312078447	0.21661123752844386	NK	Plasma cell	2	6	14	4	9	RRAGB	0.9946565545798768	False
8.055240098345787e-05	0.0845771144278607	0.2769178687428686	0.3591097910722694	Dendritic cell	T cell	2	7	13	5	10	TLN1	0.9946565545798768	False
0.0001269082090481651	0.0845771144278607	0.12378914387969409	0.16311915730794502	Dendritic cell	NK	2	7	16	7	12	TMX4	0.9946565545798768	False
0.0005864012112445403	0.0845771144278607	0.13832231658537658	0.34291399245356274	NK	Dendritic cell	2	7	10	6	9	TNPO1	0.9946565545798768	False
0.0004982771079187564	0.0845771144278607	0.10281448675385896	0.0982142857142857	Dendritic cell	NK	2	7	8	4	7	TYW1	0.9946565545798768	False
0.00028139685704144313	0.0845771144278607	0.18720270697367064	0.2838144334566089	T cell	Monocyte	2	7	9	5	8	WASHC4	0.9946565545798768	False
0.0008644475819126667	0.08955223880597014	0.21350734763954482	0.21234132337172695	Erythroid	B cell	2	7	9	3	5	APAF1	0.9946565545798768	False
0.0008101405079705419	0.08955223880597014	0.17596956823043786	0.19996404602109302	Plasma cell	Dendritic cell	2	6	11	3	6	CEP76	0.9946565545798768	False
0.00019838095669105156	0.08955223880597014	0.3555267395541995	0.45039007092198585	NK	Plasma cell	2	6	10	3	7	CLN8-AS1	0.9946565545798768	False
0.00034294626695199074	0.08955223880597014	0.28931494987329914	0.25192865518731106	NK	Plasma cell	2	7	11	3	6	CYFIP1	0.9946565545798768	False
0.00022696597386450052	0.08955223880597014	0.10690554779661682	0.26674195462938544	T cell	Plasma cell	2	7	14	8	12	CYRIB	0.9946565545798768	False
0.0009033967066443798	0.08955223880597014	0.17806074348188933	0.22122287968441812	NK	Plasma cell	2	6	11	3	6	DCUN1D2	0.9946565545798768	False
0.0003150075046082484	0.08955223880597014	0.07445521671151356	0.17069940343691564	T cell	NK	2	4	6	3	6	EBF1	0.9946565545798768	False
0.00029093660051528615	0.08955223880597014	0.15733444251033335	0.19988988347370573	Erythroid	Dendritic cell	2	7	8	3	6	EIF2AK1	0.9946565545798768	False
0.00039191227240125765	0.08955223880597014	0.3159965227916547	0.2881906825568797	T cell	Monocyte	2	7	9	4	7	ERGIC2	0.9946565545798768	False
0.00044104315727849357	0.08955223880597014	0.2425467605182624	0.24639081186659473	Plasma cell	Erythroid	2	7	11	4	9	FHIP2A	0.9946565545798768	False
0.0006742695457546576	0.08955223880597014	0.17146666255743281	0.08019589837771657	Plasma cell	B cell	2	6	10	3	5	IPPK	0.9946565545798768	False
0.00024570309341617015	0.08955223880597014	0.26809325224349567	0.3928178178178178	Monocyte	NK	2	4	6	3	4	KLRD1	0.9946565545798768	False
0.0007108160607264249	0.08955223880597014	0.14927300683164968	0.22516855817241305	Dendritic cell	T cell	2	7	12	8	11	N4BP2	0.9946565545798768	False
0.00016327729271400538	0.08955223880597014	0.15071739770132764	0.22571328654463013	Plasma cell	T cell	2	7	10	5	9	NAP1L4	0.9946565545798768	False
0.00044697342356275635	0.08955223880597014	0.21208101990340517	0.29238268047105703	NK	Dendritic cell	2	7	7	3	6	PAIP2	0.9946565545798768	False
0.0005641138225896007	0.08955223880597014	0.26865718622638113	0.516913187293266	T cell	B cell	2	4	4	3	4	PAXIP1-DT	0.9946565545798768	False
0.00010016784272526726	0.08955223880597014	0.12240369154529168	0.44511380251503524	Monocyte	Erythroid	2	7	11	4	8	PIK3R5	0.9946565545798768	False
0.00044778706126221015	0.08955223880597014	0.23140384659666574	0.194464905819215	NK	Monocyte	2	7	11	3	7	PITPNA	0.9946565545798768	False
0.0010204629787619636	0.08955223880597014	0.13558365307694986	0.13188864283454604	T cell	Monocyte	2	7	9	3	6	PLEKHA5	0.9946565545798768	False
0.0008102651236590694	0.08955223880597014	0.06527387409003887	0.08091801884410421	T cell	B cell	2	7	13	3	8	PTPN9	0.9946565545798768	False
0.0006171801809673209	0.08955223880597014	0.12749773227277056	0.24121300694190717	Plasma cell	Erythroid	2	7	7	3	6	SELL	0.9946565545798768	False
0.0010259283274577909	0.08955223880597014	0.2683582524621868	0.2652068126520681	T cell	Dendritic cell	2	5	6	3	5	SIPA1	0.9946565545798768	False
0.0009756312548085552	0.08955223880597014	0.22010917716705508	0.24172932330827063	NK	Dendritic cell	2	7	11	3	7	SLC25A30	0.9946565545798768	False
0.0006372550767958135	0.08955223880597014	0.11089721052235801	0.16646165432408688	NK	Erythroid	2	4	7	3	6	SNX16	0.9946565545798768	False
0.00028108853841797175	0.08955223880597014	0.21796497365859602	0.303643157044945	Dendritic cell	NK	2	7	13	6	11	UBAP2	0.9946565545798768	False
0.0004954249557289253	0.08955223880597014	0.09277236128989519	0.09510470855008668	B cell	NK	2	7	12	3	8	UBE2A	0.9946565545798768	False
0.0010378055773820438	0.08955223880597014	0.21555967359953432	0.26649944258639907	Erythroid	B cell	2	7	7	3	5	UBE2N	0.9946565545798768	False
9.733798136895726e-05	0.08955223880597014	0.05486928010272285	0.07336086006110426	NK	Dendritic cell	2	7	18	8	14	USP12	0.9946565545798768	False
0.00021439612388027664	0.08955223880597014	0.10908440338192804	0.4578570683397495	Dendritic cell	NK	2	7	11	6	10	WAPL	0.9946565545798768	False
0.0007493431485920924	0.0945273631840796	0.10955415444440697	0.18889134136343566	Dendritic cell	Plasma cell	2	4	6	3	3	BRD9	0.9946565545798768	False
0.0010933846533048904	0.0945273631840796	0.33797194252285706	0.31897812451094487	Monocyte	B cell	2	7	8	4	7	DMTF1	0.9946565545798768	False
0.0030764116989777284	0.0945273631840796	0.23787980331699243	0.2478637158806966	NK	Dendritic cell	2	7	7	3	6	ENSA	0.9946565545798768	False
9.776544156917957e-05	0.0945273631840796	0.0715314229072338	0.16596275737982874	T cell	Plasma cell	2	7	14	7	13	ENSG00000288716	0.9946565545798768	False
0.0007512554787786095	0.0945273631840796	0.20516331004585558	0.18641371196320655	NK	Erythroid	2	4	4	3	3	ENSG00000291055	0.9946565545798768	False
0.0008077786317115974	0.0945273631840796	0.2399249941185425	0.2385317657448805	B cell	Plasma cell	2	7	12	4	7	ENSG00000291100	0.9946565545798768	False
0.000889207923110981	0.0945273631840796	0.14962945476603134	0.29870129870129875	Dendritic cell	T cell	2	6	7	3	4	GGA3	0.9946565545798768	False
0.00015105238629561604	0.0945273631840796	0.11651823975173903	0.2914462775342088	Plasma cell	Dendritic cell	2	7	10	7	9	GPBP1	0.9946565545798768	False
0.0002472302290353291	0.0945273631840796	0.21854996523411657	0.3868128660389948	Plasma cell	Dendritic cell	2	7	13	5	9	HAGH	0.9946565545798768	False
0.00043099291050884177	0.0945273631840796	0.08444111001181664	0.18507194977783215	Dendritic cell	T cell	2	7	13	4	8	HAUS6	0.9946565545798768	False
0.001201925771233651	0.0945273631840796	0.16331141387073	0.21217462594794012	B cell	T cell	2	6	7	3	6	KCNAB2	0.9946565545798768	False
6.994960528368956e-05	0.0945273631840796	0.07072400869801748	0.16536110357153333	Erythroid	NK	2	7	18	12	17	KLF12	0.9946565545798768	False
0.00029552027100068187	0.0945273631840796	0.10217897784935287	0.12338574522173051	Plasma cell	T cell	2	7	11	5	9	LARP4B	0.9946565545798768	False
0.00012459647457419397	0.0945273631840796	0.06962631260607371	0.16804397005563204	Dendritic cell	NK	2	7	11	6	10	LCOR	0.9946565545798768	False
0.000591177671385195	0.0945273631840796	0.45864345565934994	0.40474638355994286	NK	Plasma cell	2	7	9	3	6	LSG1	0.9946565545798768	False
0.0004146579778657292	0.0945273631840796	0.23297416070940535	0.21853889210577104	Monocyte	T cell	2	7	11	3	7	MARF1	0.9946565545798768	False
0.0003023988897844689	0.0945273631840796	0.08464627659270374	0.0929222923273072	Monocyte	T cell	2	7	11	5	10	MRPS26	0.9946565545798768	False
0.0010304668522261619	0.0945273631840796	0.1207816554207399	0.1157426600836694	NK	T cell	2	3	5	3	4	NAGPA	0.9946565545798768	False
0.00043354458227437684	0.0945273631840796	0.07981247663997187	0.08850964131607336	B cell	T cell	2	7	15	6	11	OSBPL1A	0.9946565545798768	False
0.00036008865165914694	0.0945273631840796	0.15819910819910815	0.12653494365556617	Dendritic cell	NK	2	5	5	3	4	PIK3R4	0.9946565545798768	False
0.0008661569808164558	0.0945273631840796	0.36100981628732565	0.4648273268231091	Dendritic cell	Erythroid	2	7	6	3	4	RAB5C	0.9946565545798768	False
0.0018636313062599566	0.0945273631840796	0.301597516091638	0.41852170855155235	T cell	B cell	2	7	12	5	10	RELL1	0.9946565545798768	False
6.157105290382026e-05	0.0945273631840796	0.08056621588248464	0.03423376498973246	Monocyte	Plasma cell	2	7	9	4	8	RPS14	0.9946565545798768	False
0.00019602408044142158	0.0945273631840796	0.10650323996803451	0.2577151271629925	NK	Plasma cell	2	7	14	5	10	SGK3	0.9946565545798768	False
0.0006389842623791577	0.0945273631840796	0.17653193756601615	0.2215073841453064	Dendritic cell	T cell	2	6	11	4	9	SLC25A16	0.9946565545798768	False
0.0009273825152967107	0.0945273631840796	0.07876280639020855	0.040010997597893116	B cell	NK	2	3	5	3	4	SLC2A13	0.9946565545798768	False
0.00029746910750970504	0.0945273631840796	0.2221928595264661	0.4184989606149811	Plasma cell	NK	2	6	7	3	7	STXBP3	0.9946565545798768	False
0.00018266173986927886	0.0945273631840796	0.08544344633145629	0.10430273026168879	Monocyte	Plasma cell	2	7	11	5	9	TAOK1	0.9946565545798768	False
0.0010417288351463664	0.0945273631840796	0.22299755774386526	0.2478369500883293	B cell	Monocyte	2	7	9	3	6	TCHP	0.9946565545798768	False
0.000525799237876489	0.0945273631840796	0.13518219540479826	0.15478821696438283	B cell	Dendritic cell	2	7	11	3	6	TGFBR1	0.9946565545798768	False
0.0005641660974073551	0.0945273631840796	0.5744570833347082	0.5754985754985755	NK	Plasma cell	2	6	7	3	5	THEM4	0.9946565545798768	False
0.0004791537563511842	0.0945273631840796	0.05317432032124175	0.1544762571751937	T cell	Plasma cell	2	7	13	4	9	WDR59	0.9946565545798768	False
0.0002895210425000894	0.0945273631840796	0.41220549996213296	0.5990765171503958	Plasma cell	Erythroid	2	7	9	4	6	WDR6	0.9946565545798768	False
0.00017401236644567955	0.0945273631840796	0.31784722419569406	0.6722989967500353	Dendritic cell	NK	2	6	11	4	9	ZNF22	0.9946565545798768	False
0.0007128905701641315	0.0945273631840796	0.27319897995813797	0.26896274457250063	Plasma cell	B cell	2	5	9	3	6	ZNF317	0.9946565545798768	False
0.0007773063918191808	0.0945273631840796	0.22535776235589133	0.2354898259610133	Monocyte	Dendritic cell	2	7	11	4	9	ZNF611	0.9946565545798768	False
0.0014985985554102363	0.0945273631840796	0.16959746039986212	0.13750628456510805	T cell	B cell	2	4	6	4	5	ZNG1C	0.9946565545798768	False
0.0002495619404005996	0.09950248756218906	0.13947226178777095	0.19641825534373192	Plasma cell	Monocyte	2	7	7	5	7	ASH1L	0.9946565545798768	False
0.0046277433009833105	0.09950248756218906	0.44014653734765186	0.3129886375482122	NK	B cell	2	4	6	3	4	ATMIN	0.9946565545798768	False
0.0009500797538222192	0.09950248756218906	0.14303605007102527	0.1453559990145356	Plasma cell	NK	2	7	9	3	7	BMS1	0.9946565545798768	False
0.0011023146726914772	0.09950248756218906	0.3542859973209235	0.3301948051948052	Plasma cell	NK	2	6	10	3	8	BPNT2	0.9946565545798768	False
0.001154637787768296	0.09950248756218906	0.1648132227076859	0.3299637447263575	T cell	Dendritic cell	2	7	13	6	11	CDK5RAP2	0.9946565545798768	False
0.00040756355095339386	0.09950248756218906	0.27340571136236763	0.2895456895736552	NK	Plasma cell	2	6	10	3	7	CLN6	0.9946565545798768	False
0.0009900012419962355	0.09950248756218906	0.2934461696387807	0.37573702830188677	Dendritic cell	Erythroid	2	7	12	3	7	DIP2A-IT1	0.9946565545798768	False
0.0006413894716215352	0.09950248756218906	0.09485163252481388	0.14079889171092125	T cell	B cell	2	6	7	3	7	EDEM3	0.9946565545798768	False
0.0005210836529488693	0.09950248756218906	0.143733409186462	0.20913461538461536	B cell	Erythroid	2	7	10	3	7	EFTUD2	0.9946565545798768	False
0.0013786072202156643	0.09950248756218906	0.6018992776011118	0.6149764624311207	Dendritic cell	NK	2	6	10	3	6	FAM110A	0.9946565545798768	False
0.0012550545478256494	0.09950248756218906	0.17246962340527	0.7460495620740444	B cell	Plasma cell	2	7	4	3	4	FTL	0.9946565545798768	False
0.000293828836951785	0.09950248756218906	0.1270195760804652	0.13268765133171911	Monocyte	Plasma cell	2	7	10	4	7	GRK5	0.9946565545798768	False
0.001016051675278148	0.09950248756218906	0.15929323035461845	0.1926964602979363	Dendritic cell	B cell	2	6	10	4	7	IDE	0.9946565545798768	False
0.00044985024417121435	0.09950248756218906	0.22288418905670465	0.21900391605221642	B cell	Monocyte	2	7	12	4	7	INTS10	0.9946565545798768	False
0.0011612587761981263	0.09950248756218906	0.3070794094051359	0.5069817400644469	B cell	Plasma cell	2	6	7	3	5	IRF3	0.9946565545798768	False
0.0022141821218774472	0.09950248756218906	0.22229969697709484	0.33887784635770823	T cell	Erythroid	2	3	4	3	3	KLHL36	0.9946565545798768	False
0.0030364369017256967	0.09950248756218906	0.32955159057441763	0.33241835585585583	Monocyte	Plasma cell	2	7	13	3	9	KRBOX5	0.9946565545798768	False
0.000869259328057799	0.09950248756218906	0.15949998459518566	0.2261186525892408	B cell	Monocyte	2	7	8	3	6	KRIT1	0.9946565545798768	False
0.00032698551867212875	0.09950248756218906	0.1781566144096846	0.27308622078968575	T cell	Plasma cell	2	7	13	4	9	MTM1	0.9946565545798768	False
0.0013134593702202205	0.09950248756218906	0.5668343414860235	0.7244827178781929	Plasma cell	Erythroid	2	7	10	3	7	NDUFV1	0.9946565545798768	False
0.0007880520431421824	0.09950248756218906	0.09095000313876267	0.17260512799098005	Plasma cell	Erythroid	2	6	10	3	7	NPAT	0.9946565545798768	False
0.0021235098243502764	0.09950248756218906	0.456008166742775	0.4715079644632304	NK	Dendritic cell	2	7	12	3	6	ODF2	0.9946565545798768	False
0.00011759128563167023	0.09950248756218906	0.07426844634808355	0.09621770311425487	Erythroid	Plasma cell	2	7	10	6	9	PHF21A	0.9946565545798768	False
0.00158538496239607	0.09950248756218906	0.19275458592639222	0.3323555544736426	Monocyte	T cell	2	4	5	3	4	PRR5L	0.9946565545798768	False
0.0018739371068960803	0.09950248756218906	0.25554754033055904	0.2636025833849421	T cell	Dendritic cell	2	5	8	3	5	RETREG3	0.9946565545798768	False
0.0005444340770021644	0.09950248756218906	0.10381414506730963	0.48979974544250315	NK	T cell	2	4	7	5	7	RIOK2	0.9946565545798768	False
8.91010401027542e-05	0.09950248756218906	0.13324307081417297	0.2455086258809041	T cell	Dendritic cell	2	6	10	4	8	RPS25	0.9946565545798768	False
0.0010918661739392635	0.09950248756218906	0.20628336599588531	0.21583976887604867	B cell	NK	2	6	10	3	8	SDAD1	0.9946565545798768	False
0.0006183651400969221	0.09950248756218906	0.10653553923662684	0.13342857142857145	NK	T cell	2	6	8	3	5	SQOR	0.9946565545798768	False
0.00024411672168209573	0.09950248756218906	0.09426548293237802	0.23742580443611377	T cell	Dendritic cell	2	6	7	3	7	SSBP3	0.9946565545798768	False
0.0001970176631878201	0.09950248756218906	0.17744366514770354	0.11366388375501879	Plasma cell	Monocyte	2	7	13	7	11	UBE3A	0.9946565545798768	False
0.0003641942644553231	0.09950248756218906	0.019993089042000256	0.16616317702927585	NK	T cell	2	7	8	4	7	UBE3C	0.9946565545798768	False
0.0001993039195421915	0.09950248756218906	0.1071062993031755	0.14961936395455144	Monocyte	Plasma cell	2	7	15	5	10	UGGT2	0.9946565545798768	False
0.0006334679660571704	0.09950248756218906	0.14413761187878643	0.20013514197348958	Monocyte	Plasma cell	2	7	10	3	6	VAV1	0.9946565545798768	False
0.0002948114730708252	0.09950248756218906	0.25313067006229817	0.22999252056843683	T cell	NK	2	5	8	3	5	ZNF337	0.9946565545798768	False
0.00030368763299296606	0.1044776119402985	0.081578945660773	0.12045454545454548	Erythroid	T cell	2	4	8	3	6	ARID3A	0.9946565545798768	False
0.0002646604815272073	0.1044776119402985	0.24192382889823472	0.2587865817587082	NK	Monocyte	2	7	9	4	7	CHFR	0.9946565545798768	False
0.0007409541169033645	0.1044776119402985	0.2635167437889042	0.4277942631058358	NK	Erythroid	2	5	7	3	4	CKLF	0.9946565545798768	False
0.0006051418985581049	0.1044776119402985	0.15739513360203028	0.19728441686898668	Dendritic cell	T cell	2	4	7	3	5	CLIC2	0.9946565545798768	False
0.0004014807821840193	0.1044776119402985	0.12672357179893862	0.14167976045773917	B cell	Erythroid	2	5	9	3	7	FAM199X	0.9946565545798768	False
0.00044985560331010026	0.1044776119402985	0.13138532668312075	0.37067552602436327	Erythroid	Monocyte	2	7	7	3	7	HEATR1	0.9946565545798768	False
0.00016568663040628887	0.1044776119402985	0.12929336690788962	0.6112811575708034	Monocyte	Plasma cell	2	7	18	12	18	HMGB1	0.9946565545798768	False
0.0010474427205542777	0.1044776119402985	0.20553805596675562	0.18153804930332268	B cell	Monocyte	2	6	7	3	6	LINC00598	0.9946565545798768	False
4.400137039122213e-05	0.1044776119402985	0.29157201106970493	0.855492903204191	T cell	Erythroid	2	7	9	3	6	LYZ	0.9946565545798768	False
0.0006004508039446705	0.1044776119402985	0.16573630583056032	0.24468992096769887	NK	Dendritic cell	2	7	15	6	11	MAGT1	0.9946565545798768	False
0.0007812329858464218	0.1044776119402985	0.10362320647641016	0.05854548470022386	Erythroid	B cell	2	7	7	3	5	MDFIC	0.9946565545798768	False
0.00028424472988729265	0.1044776119402985	0.23142006570577683	0.0506638714185883	NK	T cell	2	3	4	3	3	MMD	0.9946565545798768	False
0.0011251999638183445	0.1044776119402985	0.13876523437275207	0.17324840764331206	Erythroid	Dendritic cell	2	5	5	3	5	NBPF12	0.9946565545798768	False
0.00010807400474431949	0.1044776119402985	0.07915635892408629	0.31894938304033327	Dendritic cell	Erythroid	2	7	14	8	13	PABPC1	0.9946565545798768	False
0.0006695133968205101	0.1044776119402985	0.07388610158949016	0.11274061803849889	T cell	NK	2	7	16	6	13	RBBP8	0.9946565545798768	False
0.0009883100369674764	0.1044776119402985	0.12617974944282379	0.21922364174122205	T cell	Erythroid	2	4	7	3	6	RNF41	0.9946565545798768	False
0.0002122097792983472	0.1044776119402985	0.2631624325649193	0.09083508490975217	Dendritic cell	Monocyte	2	7	13	3	8	RPS15A	0.9946565545798768	False
0.0002435862945177436	0.1044776119402985	0.12074242845750394	0.19371510936050118	Monocyte	B cell	2	7	7	4	7	SPCS1	0.9946565545798768	False
0.00026928249325878573	0.1044776119402985	0.12762506957553393	0.11356219036662035	B cell	NK	2	6	7	3	5	TBXAS1	0.9946565545798768	False
0.0007266504592242554	0.1044776119402985	0.4097222222222222	0.3278024562320355	Dendritic cell	T cell	2	5	9	3	6	TM2D2	0.9946565545798768	False
0.00016860624027384855	0.1044776119402985	0.18140392022954943	0.24623250369840521	T cell	Erythroid	2	4	5	3	4	TMED7	0.9946565545798768	False
0.00039559820351156414	0.1044776119402985	0.06571862803782419	0.06866251488703046	T cell	B cell	2	7	8	4	6	UQCR11	0.9946565545798768	False
0.000385487791957767	0.1044776119402985	0.15389037311725096	0.29756762316157565	T cell	Monocyte	2	7	15	5	10	XIAP	0.9946565545798768	False
0.0005021837389617249	0.1044776119402985	0.10637125130017538	0.1955465003930794	Dendritic cell	Plasma cell	2	7	13	4	10	ZC3H18	0.9946565545798768	False
0.0008849220319564494	0.1044776119402985	0.41273996982418887	0.4704516884749443	T cell	NK	2	4	5	3	4	ZDHHC24	0.9946565545798768	False
0.0010172767779791157	0.10945273631840796	0.21620823806573197	0.23633487824615612	T cell	Dendritic cell	2	4	5	3	4	AURKA	0.9946565545798768	False
0.0011070043992915956	0.10945273631840796	0.3082925008382943	0.2533088235294118	Erythroid	NK	2	5	7	3	5	BLMH	0.9946565545798768	False
0.0004947535064303681	0.10945273631840796	0.19961029805938685	0.25159587628865976	Plasma cell	Erythroid	2	7	10	4	9	CCDC47	0.9946565545798768	False
0.0018996494872478987	0.10945273631840796	0.1988843484478912	0.1665213013106669	Erythroid	B cell	2	6	11	3	9	CFAP97	0.9946565545798768	False
0.0001846550527803528	0.10945273631840796	0.17803864269056857	0.19293942089553628	B cell	Erythroid	2	7	8	3	5	CPVL	0.9946565545798768	False
9.296107911352863e-05	0.10945273631840796	0.032395668272096834	0.24922018507607524	T cell	NK	2	3	3	3	3	CSRNP1	0.9946565545798768	False
0.0005793231253446548	0.10945273631840796	0.15905598589842856	0.14724799010513295	NK	Plasma cell	2	6	10	3	6	DPY19L3	0.9946565545798768	False
0.00014779619966522436	0.10945273631840796	0.18848408478805556	0.37069641839608225	Monocyte	B cell	2	7	10	6	8	FAR1	0.9946565545798768	False
0.0007439488998107354	0.10945273631840796	0.3693567437852279	0.36362641277686536	Erythroid	Plasma cell	2	7	10	4	8	HSPA9	0.9946565545798768	False
0.00016818519427316578	0.10945273631840796	0.5416617738404264	0.630842725556382	B cell	Plasma cell	2	6	11	5	8	IFI35	0.9946565545798768	False
0.00037444492221076287	0.10945273631840796	0.1192635297899905	0.0966430050280982	NK	Erythroid	2	7	13	4	9	IGF1R	0.9946565545798768	False
3.5324629183864313e-06	0.10945273631840796	0.5042833187518228	0.38425925925925924	Monocyte	Plasma cell	2	7	7	3	6	ISG15	0.9946565545798768	False
0.001041369813983912	0.10945273631840796	0.25576936787242094	0.2963933829414772	Erythroid	T cell	2	4	5	3	4	LACTB	0.9946565545798768	False
0.0008436425804879395	0.10945273631840796	0.25289320535465437	0.19930983735505314	Monocyte	Plasma cell	2	7	11	3	7	MOB3B	0.9946565545798768	False
0.0004554695490403169	0.10945273631840796	0.5204100312989266	0.5069879015435962	Plasma cell	Monocyte	2	7	9	3	8	NAPA	0.9946565545798768	False
0.0005456388510864795	0.10945273631840796	0.3822075454681658	0.33222469143217515	Monocyte	Plasma cell	2	7	12	3	10	PAICS	0.9946565545798768	False
0.00018347624677464335	0.10945273631840796	0.17176285088817378	0.2812302228967537	T cell	Monocyte	2	7	7	4	7	PRRC2C	0.9946565545798768	False
0.0014378856348145094	0.10945273631840796	0.1690747383770727	0.2735962099226331	NK	Monocyte	2	7	10	3	8	PSMA1	0.9946565545798768	False
0.0017940036636578185	0.10945273631840796	0.2523187003526437	0.2279005524861878	Dendritic cell	NK	2	6	7	3	3	PSTPIP1	0.9946565545798768	False
0.00021732272431942493	0.10945273631840796	0.0838093246501912	0.11616237767945115	Plasma cell	Monocyte	2	7	17	10	16	PTPN1	0.9946565545798768	False
0.0003062007339566142	0.10945273631840796	0.20429534005226468	0.33102312914109183	Dendritic cell	B cell	2	7	13	4	8	RIGI	0.9946565545798768	False
0.0006640500543772439	0.10945273631840796	0.15990743655400036	0.28047169393093047	Plasma cell	Dendritic cell	2	7	7	3	6	RNF115	0.9946565545798768	False
0.0013624943603137477	0.10945273631840796	0.21925228114710682	0.25448356952781725	Plasma cell	T cell	2	7	12	6	10	RNPS1	0.9946565545798768	False
0.0005913939284055722	0.10945273631840796	0.18094139804043896	0.1955143189364788	Plasma cell	T cell	2	6	7	3	5	RPL37	0.9946565545798768	False
0.0010727830283779104	0.10945273631840796	0.14803412176300068	0.17478979227613106	T cell	Plasma cell	2	7	13	7	12	SMC5	0.9946565545798768	False
6.811330075433175e-05	0.10945273631840796	0.0297269888134693	0.052803409457318706	Erythroid	Dendritic cell	2	7	13	8	12	SNX29	0.9946565545798768	False
0.0007142706943947648	0.10945273631840796	0.1479637279896835	0.19914195905190724	Erythroid	Monocyte	2	7	7	3	5	TTC13	0.9946565545798768	False
0.00015134563809451152	0.10945273631840796	0.08452389546493466	0.08613546791467208	Monocyte	Dendritic cell	2	7	7	4	7	VAV3	0.9946565545798768	False
0.0003823139817141861	0.10945273631840796	0.2409637015331751	0.593646080760095	NK	Plasma cell	2	7	9	3	7	YBX3	0.9946565545798768	False
0.0006221525565359605	0.10945273631840796	0.36762495778453214	0.5185428051001821	Plasma cell	Monocyte	2	7	7	3	7	ZNF326	0.9946565545798768	False
0.00035726480328432	0.11442786069651742	0.21566675216993925	0.19690525080668814	T cell	Plasma cell	2	6	12	3	8	APOOL	0.9946565545798768	False
0.0007438761955615266	0.11442786069651742	0.38444630631667154	0.37809523809523815	Monocyte	Erythroid	2	7	8	3	6	ARHGAP1	0.9946565545798768	False
0.0001473872017102336	0.11442786069651742	0.11918087028728974	0.13359663418061496	Plasma cell	Dendritic cell	2	7	17	7	14	ATP8B1	0.9946565545798768	False
0.0009026082991679061	0.11442786069651742	0.2559321847150453	0.40298691246833657	T cell	Dendritic cell	2	6	10	3	5	C4orf33	0.9946565545798768	False
0.0002627161219130159	0.11442786069651742	0.1787361988449736	0.1703069503699512	T cell	Erythroid	2	7	10	4	6	CCDC125	0.9946565545798768	False
0.0007659699971853465	0.11442786069651742	0.31540017009419297	0.2464404392508967	NK	T cell	2	6	9	4	6	CFAP410	0.9946565545798768	False
0.00021328416836939612	0.11442786069651742	0.2221136333030534	0.37082448140860363	Plasma cell	Erythroid	2	7	10	5	9	CSNK1A1	0.9946565545798768	False
0.000582337379418155	0.11442786069651742	0.12171902666246992	0.3500705577920271	B cell	Dendritic cell	2	7	9	4	7	DCUN1D1	0.9946565545798768	False
0.0002701854708802565	0.11442786069651742	0.09190935642655063	0.1511844702785699	Dendritic cell	NK	2	3	4	3	3	DUSP16	0.9946565545798768	False
0.0005016436893663691	0.11442786069651742	0.1503539816548587	0.06536658022226782	Plasma cell	T cell	2	7	7	3	6	EIF3G	0.9946565545798768	False
9.295760256138071e-05	0.11442786069651742	0.36408974891704987	0.4327729339435496	Dendritic cell	T cell	2	6	8	3	5	ENSG00000265987	0.9946565545798768	False
0.00032830841802248927	0.11442786069651742	0.142947904266419	0.12984864228088872	T cell	Monocyte	2	7	7	4	7	FOXJ3	0.9946565545798768	False
0.0007516506286873369	0.11442786069651742	0.15331511219321636	0.2514071621503877	NK	Plasma cell	2	7	9	4	8	FXR1	0.9946565545798768	False
8.434193498745384e-05	0.11442786069651742	0.12543397194783867	0.16805284581768348	Monocyte	Plasma cell	2	7	12	6	10	G3BP2	0.9946565545798768	False
0.0009460542611166418	0.11442786069651742	0.20618157208084364	0.24797128589263429	T cell	Dendritic cell	2	6	8	3	5	HIBADH	0.9946565545798768	False
0.0002014016999309064	0.11442786069651742	0.20301685404374104	0.17385510527371761	Plasma cell	Erythroid	2	7	11	4	9	LSM6	0.9946565545798768	False
0.0028274494033167005	0.11442786069651742	0.1643560305761499	0.3088332719911667	Erythroid	NK	2	5	6	3	4	METTL2A	0.9946565545798768	False
0.0006016872079676707	0.11442786069651742	0.2731504543168653	0.22678571428571426	Dendritic cell	T cell	2	7	7	3	6	MRPL38	0.9946565545798768	False
0.0010327603713446327	0.11442786069651742	0.3303366789660877	0.5543786295005807	Plasma cell	NK	2	7	7	3	7	NASP	0.9946565545798768	False
0.002939686087139367	0.11442786069651742	0.21364730126891524	0.09434894289666074	Dendritic cell	NK	2	5	6	3	5	NXF1	0.9946565545798768	False
0.00020356404816928824	0.11442786069651742	0.11989421796287919	0.11327303053631005	Monocyte	B cell	2	7	17	5	12	RAB22A	0.9946565545798768	False
0.00032622386431729986	0.11442786069651742	0.1902798126155179	0.5427457502499454	NK	Erythroid	2	7	17	6	13	RBFA	0.9946565545798768	False
0.0010727810710564538	0.11442786069651742	0.10477683236303931	0.17811059907834104	NK	T cell	2	3	4	3	3	RGS12	0.9946565545798768	False
0.00025729343095942127	0.11442786069651742	0.18818133481360333	0.10455530012032477	Dendritic cell	Monocyte	2	7	9	3	8	RPL8	0.9946565545798768	False
0.002990692184925472	0.11442786069651742	0.3690495682735201	0.13454545454545452	NK	T cell	2	5	6	3	4	SLC25A45	0.9946565545798768	False
3.129203153339112e-05	0.11442786069651742	0.04876999396300369	0.19864251436672076	Dendritic cell	B cell	2	7	18	12	18	SMCHD1	0.9946565545798768	False
0.00038825886091363915	0.11442786069651742	0.4428689120961206	0.6522131464109238	Dendritic cell	Erythroid	2	6	8	3	6	THG1L	0.9946565545798768	False
0.00013367239108794628	0.11442786069651742	0.2551861332315762	0.7506386743027964	Plasma cell	T cell	2	5	6	3	4	TSPAN13	0.9946565545798768	False
9.531126796737654e-05	0.11442786069651742	0.04975401188287598	0.16241115615876678	Erythroid	Plasma cell	2	7	19	10	17	USP25	0.9946565545798768	False
0.0007580452220821246	0.11442786069651742	0.13795816491040547	0.06215518384740326	B cell	T cell	2	7	11	5	8	ZNF83	0.9946565545798768	False
0.001464541895587126	0.11940298507462686	0.3270925276778634	0.2692064066600308	T cell	NK	2	5	11	4	7	ARHGAP4	0.9946565545798768	False
0.0002030625586937836	0.11940298507462686	0.06059127339625464	0.16641697544851114	Monocyte	Erythroid	2	7	13	9	13	ARIH1	0.9946565545798768	False
0.0012863316779780612	0.11940298507462686	0.21205100636671498	0.2911892067045688	T cell	NK	2	4	5	3	4	CCDC174	0.9946565545798768	False
0.001074570074306317	0.11940298507462686	0.14775653000344646	0.1629685981150416	B cell	Erythroid	2	4	5	3	5	CENPX	0.9946565545798768	False
0.0003069427070603618	0.11940298507462686	0.4518771995511305	0.4712018140589569	B cell	Erythroid	2	3	5	3	5	CHID1	0.9946565545798768	False
0.0006049148145143555	0.11940298507462686	0.10844548064405646	0.3305198408563033	T cell	B cell	2	7	13	8	13	CYBA	0.9946565545798768	False
0.0008309092420703935	0.11940298507462686	0.10473475418862105	0.37890472825253096	Erythroid	T cell	2	7	12	4	8	DDX60L	0.9946565545798768	False
0.0012363406561946	0.11940298507462686	0.16233808895175234	0.14318815704784382	NK	B cell	2	3	4	3	3	EPB41L4A	0.9946565545798768	False
0.0007952167028235195	0.11940298507462686	0.11626932739717755	0.09104205272387772	T cell	Erythroid	2	3	4	3	4	FAM227B	0.9946565545798768	False
0.0004397722002395415	0.11940298507462686	0.08284074668943125	0.06061991025427954	Erythroid	Monocyte	2	7	11	4	9	FBXW4	0.9946565545798768	False
0.0007376156993937525	0.11940298507462686	0.263525941573254	0.2971485036702428	Dendritic cell	T cell	2	6	7	3	4	HACL1	0.9946565545798768	False
0.0019343178239675865	0.11940298507462686	0.1343795246785069	0.2505579723850956	B cell	NK	2	4	4	3	3	ISG20L2	0.9946565545798768	False
0.0012382934554585334	0.11940298507462686	0.12688337884587153	0.17698633025266192	Monocyte	Erythroid	2	5	7	3	6	ITPKB	0.9946565545798768	False
0.0009303565677273262	0.11940298507462686	0.1778380929736616	0.21793133480468324	Plasma cell	NK	2	4	7	3	4	KLRG1	0.9946565545798768	False
0.0008885848547378217	0.11940298507462686	0.25402465861704104	0.16916369888247573	NK	Dendritic cell	2	5	6	4	6	MIA3	0.9946565545798768	False
0.00022649433356985925	0.11940298507462686	0.06102409687822208	0.09856108495419968	Dendritic cell	B cell	2	7	17	7	12	MIB1	0.9946565545798768	False
0.00031613370034559994	0.11940298507462686	0.2166126533509491	0.33898833026234976	Erythroid	Plasma cell	2	7	12	4	8	MOB1B	0.9946565545798768	False
0.00016667161683112236	0.11940298507462686	0.1549829197578556	0.17792093066549114	Monocyte	Plasma cell	2	7	14	8	13	NBDY	0.9946565545798768	False
0.0006126527465701283	0.11940298507462686	0.2092759585056339	0.21137566137566133	T cell	Erythroid	2	6	10	3	8	NOC3L	0.9946565545798768	False
0.00045609139019480945	0.11940298507462686	0.21785257009226977	0.298622207271606	NK	T cell	2	7	12	3	7	NOCT	0.9946565545798768	False
0.0005335768278960132	0.11940298507462686	0.21089737849388296	0.34059485530546624	Monocyte	Dendritic cell	2	7	11	3	7	POU2F2	0.9946565545798768	False
0.0002763056345457664	0.11940298507462686	0.07923946183617858	0.14875085004626476	Erythroid	Dendritic cell	2	7	10	5	9	PPIP5K2	0.9946565545798768	False
0.0006032567626571926	0.11940298507462686	0.18577768970009845	0.31388864029241226	Monocyte	T cell	2	7	11	5	8	PRDX3	0.9946565545798768	False
0.00032932664594910455	0.11940298507462686	0.11620176614209166	0.12455160691568123	Plasma cell	NK	2	7	10	3	8	PRKAR1A	0.9946565545798768	False
0.0038184002162079582	0.11940298507462686	0.13398268398268398	0.14097393015248405	Dendritic cell	B cell	2	3	4	3	4	ZNF248	0.9946565545798768	False
0.0014825237078628915	0.11940298507462686	0.24206469158777205	0.3898786541643684	NK	B cell	2	6	10	4	7	ZNF302	0.9946565545798768	False
0.0008300176268529186	0.11940298507462686	0.20207244651217487	0.19204980842911878	NK	B cell	2	6	8	3	4	ZNF580	0.9946565545798768	False
0.00039658912357484473	0.12437810945273632	0.1262068867739276	0.19534235551451867	T cell	Dendritic cell	2	7	12	5	7	BLOC1S6	0.9946565545798768	False
0.0005804839475082774	0.12437810945273632	0.09259843821536595	0.09387027797576619	T cell	Erythroid	2	6	8	3	6	CDC37L1	0.9946565545798768	False
0.00045682613374070863	0.12437810945273632	0.23844636154354237	0.2906737706230063	Plasma cell	Erythroid	2	7	10	3	8	CEP120	0.9946565545798768	False
0.0007284804858121084	0.12437810945273632	0.20969968770236724	0.10924783458207055	Monocyte	NK	2	6	8	3	6	DLD	0.9946565545798768	False
0.00052752447213684	0.12437810945273632	0.13923113226301204	0.2554066769638912	Plasma cell	Erythroid	2	6	9	3	6	DNHD1	0.9946565545798768	False
0.00015739285086611057	0.12437810945273632	0.024989603148697026	0.1475863126753464	Dendritic cell	Erythroid	2	7	18	11	17	DYM	0.9946565545798768	False
0.0002223231855249988	0.12437810945273632	0.167679142062368	0.5046685525019055	B cell	Erythroid	2	7	9	5	8	EIF4B	0.9946565545798768	False
0.0007054971024624229	0.12437810945273632	0.12775617868969563	0.13913280239602482	Dendritic cell	Erythroid	2	7	9	3	4	ENSG00000263657	0.9946565545798768	False
0.0008291166294338048	0.12437810945273632	0.20761208734156866	0.05847034397620787	NK	B cell	2	4	5	3	4	ENSG00000290057	0.9946565545798768	False
0.0004174289016740807	0.12437810945273632	0.15441846007065563	0.32030021047967216	Plasma cell	Erythroid	2	7	13	8	11	GABPB1-AS1	0.9946565545798768	False
0.0003177871677674108	0.12437810945273632	0.11088752077603348	0.210204878598661	T cell	Dendritic cell	2	7	13	6	10	ICE2	0.9946565545798768	False
9.44239282237541e-05	0.12437810945273632	0.1512600107296755	0.45748782792289766	Erythroid	Plasma cell	2	7	11	3	7	IFI30	0.9946565545798768	False
0.000894955417316777	0.12437810945273632	0.21466319360651132	0.2542470036477332	Erythroid	Monocyte	2	7	7	3	6	LGALS8	0.9946565545798768	False
0.004202034483415822	0.12437810945273632	0.17838321099190668	0.16485971723683246	Plasma cell	Dendritic cell	2	4	5	3	3	LINC01089	0.9946565545798768	False
0.0007304709454228823	0.12437810945273632	0.21690262607369493	0.23873549380279468	Erythroid	B cell	2	4	6	3	5	LIPA	0.9946565545798768	False
0.0004542467688655148	0.12437810945273632	0.2714227109415448	0.252625121269189	Erythroid	B cell	2	6	8	3	6	MAN2A2	0.9946565545798768	False
7.365005613349559e-05	0.12437810945273632	0.0681361068921939	0.17086042575797455	B cell	Dendritic cell	2	7	9	7	9	MBNL1	0.9946565545798768	False
0.0001317616895886081	0.12437810945273632	0.09423645289868932	0.11561718146640593	Plasma cell	Monocyte	2	7	9	6	9	MED13L	0.9946565545798768	False
6.700293962085009e-05	0.12437810945273632	0.5339986818956292	0.8243553518797063	NK	Plasma cell	2	7	8	4	7	NT5C3A	0.9946565545798768	False
0.00040839713790880543	0.12437810945273632	0.0918243699527288	0.21414998217193448	Monocyte	Erythroid	2	7	16	6	9	PDXK	0.9946565545798768	False
0.0007210562468455242	0.12437810945273632	0.190934435812541	0.2783114992721979	B cell	Plasma cell	2	6	7	3	5	POLR1F	0.9946565545798768	False
0.0006555494948316009	0.12437810945273632	0.20009910036703987	0.22594994834117788	T cell	B cell	2	3	4	3	3	POLR3A	0.9946565545798768	False
0.0008694110820039972	0.12437810945273632	0.07620113068951145	0.1622393247269116	Erythroid	NK	2	2	4	4	4	SIRT3	0.9946565545798768	False
0.0011971277083647062	0.12437810945273632	0.2599860286656001	0.13548350782393342	NK	Dendritic cell	2	5	6	3	5	THAP12	0.9946565545798768	False
0.0005226544026727109	0.12437810945273632	0.21124637275141972	0.3567806432917994	Plasma cell	B cell	2	7	6	3	5	TIMM17A	0.9946565545798768	False
0.0013460265028894167	0.12437810945273632	0.1115228245120935	0.5039020701659271	Plasma cell	T cell	2	4	5	3	4	TMEM9	0.9946565545798768	False
0.0007415750137894363	0.12437810945273632	0.15129996603496976	0.14563769306149005	Dendritic cell	B cell	2	7	8	4	7	TRANK1	0.9946565545798768	False
0.0006165902890715454	0.12437810945273632	0.1533249708626166	0.20477367600946456	Plasma cell	B cell	2	6	8	3	7	UBALD2	0.9946565545798768	False
9.475982392806394e-05	0.12437810945273632	0.16494317734049735	0.4292691042973925	Plasma cell	T cell	2	7	10	3	6	VASP	0.9946565545798768	False
0.0009136812183769857	0.12935323383084577	0.18935140278867357	0.1581973581973582	Plasma cell	B cell	2	6	10	3	6	ARHGEF9	0.9946565545798768	False
0.00029208787206757084	0.12935323383084577	0.22715699124820599	0.2436906890386467	NK	B cell	2	6	7	3	4	ARL5B	0.9946565545798768	False
0.0003202528829294451	0.12935323383084577	0.22558699465338033	0.5460407776197249	Erythroid	Plasma cell	2	7	8	3	4	BTG1	0.9946565545798768	False
0.0026430391600551707	0.12935323383084577	0.15430444269298177	0.06360625534621545	Erythroid	T cell	2	3	4	3	4	C11orf65	0.9946565545798768	False
0.0001617994661572651	0.12935323383084577	0.09940427471942415	0.14406358668653751	T cell	Monocyte	2	7	13	8	11	CSNK1G1	0.9946565545798768	False
0.0006254233117410705	0.12935323383084577	0.12567589394042145	0.36546148255813954	B cell	T cell	2	5	6	3	5	DPF2	0.9946565545798768	False
0.0003412529506641738	0.12935323383084577	0.21219911094410293	0.17019717559285907	NK	Monocyte	2	7	9	3	6	ERGIC1	0.9946565545798768	False
0.0005009274913041843	0.12935323383084577	0.14278147343008363	0.13189860215464067	NK	B cell	2	6	8	4	6	GOLGA3	0.9946565545798768	False
0.000267653526916519	0.12935323383084577	0.09777189637076011	0.09503621652597305	Monocyte	Erythroid	2	7	9	4	8	GRN	0.9946565545798768	False
0.0005004807274241732	0.12935323383084577	0.12965841151728896	0.06743124600267453	NK	B cell	2	4	5	3	5	GSTO1	0.9946565545798768	False
0.0001795345102872814	0.12935323383084577	0.20491828568231518	0.4041938794350909	Erythroid	Plasma cell	2	4	7	3	5	HCK	0.9946565545798768	False
0.0008221565294286312	0.12935323383084577	0.13314763968678855	0.21209579912197374	NK	Dendritic cell	2	7	12	5	10	KIAA0232	0.9946565545798768	False
0.00024607701979563934	0.12935323383084577	0.14247581433146145	0.22376398908559664	Monocyte	Erythroid	2	7	18	8	13	ME2	0.9946565545798768	False
0.00031262678613442273	0.12935323383084577	0.07526693355756592	0.09358895491898411	T cell	Monocyte	2	7	10	4	8	METTL15	0.9946565545798768	False
0.00015227224516437693	0.12935323383084577	0.11709920128444185	0.07250953389020931	Erythroid	B cell	2	3	4	3	4	NDUFA7	0.9946565545798768	False
0.0006311524015492535	0.12935323383084577	0.06315349380841945	0.11521739130434783	B cell	NK	2	4	4	3	4	NDUFB2	0.9946565545798768	False
0.0012990452729910857	0.12935323383084577	0.18785665288176068	0.23353196099674967	Erythroid	T cell	2	5	6	3	4	ORAI1	0.9946565545798768	False
0.0006301509206151396	0.12935323383084577	0.1333453648108428	0.2537699927794833	Plasma cell	NK	2	7	9	4	7	PDCD6	0.9946565545798768	False
0.001754075572966697	0.12935323383084577	0.21358867796477163	0.18966218966218967	Erythroid	B cell	2	3	5	3	5	PIK3C2B	0.9946565545798768	False
0.00010644036760488434	0.12935323383084577	0.31795178663206214	0.34815331119435106	Monocyte	Plasma cell	2	7	9	5	7	RPSA	0.9946565545798768	False
0.0001623677555745557	0.12935323383084577	0.20471488518820175	0.3571155808960687	Erythroid	T cell	2	7	7	4	6	SELENOT	0.9946565545798768	False
0.00043625477669867626	0.12935323383084577	0.2016852733049395	0.382937062937063	T cell	Erythroid	2	6	7	3	6	SLAMF7	0.9946565545798768	False
4.8376855530619356e-05	0.12935323383084577	0.04644883454376825	0.13957360465229168	NK	Dendritic cell	2	7	14	8	13	SPIDR	0.9946565545798768	False
0.001819523523511538	0.12935323383084577	0.09957703790887418	0.2025398485079386	NK	Dendritic cell	2	7	12	7	10	TMEM165	0.9946565545798768	False
8.637766921936459e-05	0.12935323383084577	0.07997199110925607	0.16363089947464915	T cell	Plasma cell	2	7	19	12	18	TTC3	0.9946565545798768	False
0.00019948067913934278	0.12935323383084577	0.30674317946441565	0.3851213192183187	Erythroid	T cell	2	7	5	3	4	UCP2	0.9946565545798768	False
0.001970471645749409	0.12935323383084577	0.23864638519016396	0.17096649980747014	B cell	T cell	2	4	6	3	5	ZNF888	0.9946565545798768	False
0.0004413902653400479	0.13432835820895522	0.19819322535873068	0.34102197727427364	NK	T cell	2	3	5	3	4	CCDC159	0.9946565545798768	False
0.0028562344636343644	0.13432835820895522	0.23274317561183278	0.329004329004329	Monocyte	Plasma cell	2	7	9	3	4	CD4	0.9946565545798768	False
0.00011383693320089713	0.13432835820895522	0.0935096661595769	0.1975823405648171	Dendritic cell	NK	2	7	9	5	8	CDK17	0.9946565545798768	False
0.0002656632775629566	0.13432835820895522	0.23508732121537007	0.27017695044339507	Monocyte	B cell	2	7	9	3	6	ENSG00000254420	0.9946565545798768	False
0.0007687120060459667	0.13432835820895522	0.15657287891117633	0.13304854714546344	Monocyte	NK	2	5	8	3	7	ENSG00000278462	0.9946565545798768	False
0.005402925757695484	0.13432835820895522	0.13094433175569076	0.12914653784219	NK	B cell	2	2	4	4	4	FLVCR1	0.9946565545798768	False
0.0005138165969231927	0.13432835820895522	0.10050553444437654	0.06871356393315192	Erythroid	T cell	2	6	9	3	6	HCCS-DT	0.9946565545798768	False
0.0003770887700101705	0.13432835820895522	0.060545845425779454	0.07419377761224383	Plasma cell	B cell	2	7	9	3	6	KANSL2	0.9946565545798768	False
0.001916211067323985	0.13432835820895522	0.2261390804788594	0.21311148665219	B cell	NK	2	6	7	3	6	MT2A	0.9946565545798768	False
6.658309248502262e-05	0.13432835820895522	0.029606491599052487	0.09888629497777113	B cell	Plasma cell	2	7	18	11	18	MYCBP2	0.9946565545798768	False
0.00010980778527762793	0.13432835820895522	0.039952681289513514	0.14254757731762574	Dendritic cell	Plasma cell	2	7	18	12	16	N4BP2L2	0.9946565545798768	False
0.0009513231991308717	0.13432835820895522	0.11825828495953705	0.16133765156535917	Plasma cell	Erythroid	2	7	13	6	9	PARP16	0.9946565545798768	False
9.635043251274919e-05	0.13432835820895522	0.09745079804273099	0.0984598689427772	NK	B cell	2	3	4	3	3	PRDM4	0.9946565545798768	False
0.00022621253163593484	0.13432835820895522	0.271652079994725	0.2992218191200843	Plasma cell	Dendritic cell	2	6	7	3	5	RAB21	0.9946565545798768	False
0.00015069442536164162	0.13432835820895522	0.12913201412434483	0.20126036692855886	B cell	Monocyte	2	7	18	8	14	RPRD1A	0.9946565545798768	False
0.00040523650301701894	0.13432835820895522	0.13441243967415917	0.14278524028561856	Monocyte	Erythroid	2	7	17	5	9	TMCO3	0.9946565545798768	False
0.0006728267301899275	0.13432835820895522	0.17017667026480543	0.09873376049846638	Monocyte	T cell	2	7	7	3	6	TNFRSF14	0.9946565545798768	False
0.00045709224651452383	0.13432835820895522	0.38976127619390677	0.2885733452593918	Dendritic cell	T cell	2	4	6	3	4	TP53	0.9946565545798768	False
0.0009352851171739675	0.13432835820895522	0.20359188725073163	0.3852307757949418	Erythroid	NK	2	6	11	4	7	TVP23B	0.9946565545798768	False
0.0006216870427945254	0.13432835820895522	0.12853881738725192	0.18819743544172646	NK	T cell	2	6	11	3	7	ZNF429	0.9946565545798768	False
0.0005688184412470771	0.13432835820895522	0.3543676109465583	0.4891156462585034	Dendritic cell	Plasma cell	2	6	10	3	6	ZNF600	0.9946565545798768	False
0.001269650439424537	0.13930348258706468	0.10246094878478296	0.07785636248634348	T cell	NK	2	4	6	3	4	AAR2	0.9946565545798768	False
0.00026732597580799306	0.13930348258706468	0.09240845392855801	0.12581026803467749	T cell	Monocyte	2	7	13	5	9	ARHGAP17	0.9946565545798768	False
0.00037861728093931005	0.13930348258706468	0.08454001098291947	0.16148343787828767	B cell	T cell	2	5	6	3	4	ARHGAP30	0.9946565545798768	False
0.0003053739931145648	0.13930348258706468	0.09277110462706623	0.2696055366685002	Erythroid	Dendritic cell	2	7	9	5	8	ATF7IP	0.9946565545798768	False
0.0003111021863666533	0.13930348258706468	0.5698747763694818	0.5935496794871795	T cell	Dendritic cell	2	6	10	3	6	BAG1	0.9946565545798768	False
0.0003818604310580511	0.13930348258706468	0.22552602226952911	0.20640566395549748	B cell	Monocyte	2	7	13	5	9	BANP	0.9946565545798768	False
0.0004332017085311291	0.13930348258706468	0.1366220421532099	0.11299435028248589	NK	Plasma cell	2	3	4	3	3	CCDC102B	0.9946565545798768	False
0.00034039491683446967	0.13930348258706468	0.14007735275241417	0.1077793461172124	NK	Erythroid	2	7	12	4	9	CLOCK	0.9946565545798768	False
0.0004693231313521977	0.13930348258706468	0.18539424609983707	0.3870206945654516	Erythroid	Dendritic cell	2	7	8	4	6	CREB3L2	0.9946565545798768	False
0.000598930400753862	0.13930348258706468	0.11509611567402667	0.12075784052239491	Dendritic cell	T cell	2	4	6	3	4	DDX60	0.9946565545798768	False
0.001623430877393485	0.13930348258706468	0.38896229589127757	0.554397159933492	Erythroid	B cell	2	4	8	4	6	ENG	0.9946565545798768	False
0.0003429482789975266	0.13930348258706468	0.11935557071186204	0.24051417306671935	NK	T cell	2	7	18	9	14	EPSTI1	0.9946565545798768	False
0.0010534428991967187	0.13930348258706468	0.06862136705291738	0.06880242397369102	B cell	Erythroid	2	3	4	3	4	FAM162A	0.9946565545798768	False
0.00043389776487679285	0.13930348258706468	0.12312579689936415	0.17884963601277426	Monocyte	Erythroid	2	7	10	4	8	GNB5	0.9946565545798768	False
0.00023332334958853563	0.13930348258706468	0.21709909581646075	0.2674514316059654	Dendritic cell	Monocyte	2	7	5	3	5	H2AJ	0.9946565545798768	False
0.0019493561704236344	0.13930348258706468	0.2880695444398374	0.5437001594896332	B cell	Dendritic cell	2	3	4	3	4	LINC00412	0.9946565545798768	False
2.522792982377544e-05	0.13930348258706468	0.3001022200278776	0.6257574463546585	Dendritic cell	Monocyte	2	7	14	6	12	LY6E	0.9946565545798768	False
0.001148494949608881	0.13930348258706468	0.11862122118216678	0.12698225781127337	Dendritic cell	Plasma cell	2	6	7	3	4	MAPKAPK5	0.9946565545798768	False
0.0003666804239891328	0.13930348258706468	0.3303940642721651	0.23205929453849672	Erythroid	Plasma cell	2	7	16	5	9	MX2	0.9946565545798768	False
0.0007999931895835857	0.13930348258706468	0.13790697143046043	0.10111550285463333	T cell	Erythroid	2	3	6	3	5	PABPC1L	0.9946565545798768	False
0.0003067400110615737	0.13930348258706468	0.08460843978402316	0.1129357746858024	Erythroid	T cell	2	7	9	5	8	PBRM1	0.9946565545798768	False
0.0032598335852906364	0.13930348258706468	0.2717668036042482	0.5154515123338621	B cell	Erythroid	2	5	7	3	4	PFAS	0.9946565545798768	False
0.0037601907894492435	0.13930348258706468	0.19452896486621418	0.3060984661058882	Dendritic cell	T cell	2	6	7	3	5	PRCP	0.9946565545798768	False
0.0003363412028555741	0.13930348258706468	0.3826624841293919	0.3904149620105202	Erythroid	Dendritic cell	2	4	6	3	4	RAB29	0.9946565545798768	False
0.0007110940057955583	0.13930348258706468	0.2879146220225105	0.3110974955962319	Erythroid	Plasma cell	2	7	8	4	7	RNF216	0.9946565545798768	False
0.0005494990032948137	0.13930348258706468	0.14436823544646943	0.25057755775577556	NK	B cell	2	7	11	3	9	SCARB2	0.9946565545798768	False
0.0005076559981966831	0.13930348258706468	0.12837571582519286	0.12225034370703663	NK	Dendritic cell	2	7	7	3	7	SEC61B	0.9946565545798768	False
0.0002650049307465553	0.13930348258706468	0.1129656668307713	0.11668420823187253	B cell	Dendritic cell	2	7	13	6	11	SMAD3	0.9946565545798768	False
0.0009356704391089946	0.13930348258706468	0.06644059494833926	0.04176493384266178	Erythroid	NK	2	3	3	3	3	SNX10	0.9946565545798768	False
0.001327863703130165	0.13930348258706468	0.1699568433611261	0.38081714000996514	Monocyte	Plasma cell	2	7	6	3	5	SSU72	0.9946565545798768	False
0.0003570901297032911	0.13930348258706468	0.14257743992674332	0.19331672893316726	T cell	B cell	2	6	9	4	5	TMEM38B	0.9946565545798768	False
0.0007183748499372172	0.13930348258706468	0.11276772187062423	0.09895833333333337	Dendritic cell	B cell	2	5	9	3	7	TSHZ2	0.9946565545798768	False
0.00022182997512901317	0.13930348258706468	0.04742097393734612	0.11664978442678298	Erythroid	Dendritic cell	2	7	17	7	14	TTC39C	0.9946565545798768	False
0.0009280426224791928	0.13930348258706468	0.3182758188005564	0.3591359135913591	T cell	Erythroid	2	3	4	3	3	UBA1	0.9946565545798768	False
0.0012198666268322023	0.14427860696517414	0.05094822584303643	0.04854341011704483	Dendritic cell	Erythroid	2	4	5	3	5	ACADSB	0.9946565545798768	False
0.0005030617004620861	0.14427860696517414	0.30825764765190683	0.3692531253651128	B cell	Dendritic cell	2	6	12	3	9	ACSF3	0.9946565545798768	False
0.0009521449504734346	0.14427860696517414	0.096934914793054	0.07364464631975987	Erythroid	NK	2	2	4	4	4	APOO	0.9946565545798768	False
0.0005211538483072041	0.14427860696517414	0.1600653284321562	0.12925170068027214	NK	B cell	2	6	11	3	8	ARFIP1	0.9946565545798768	False
0.0009637578541447242	0.14427860696517414	0.275437325513136	0.34901648059542795	B cell	NK	2	6	9	3	7	BAG4	0.9946565545798768	False
0.0003317443547554458	0.14427860696517414	0.1670807685991712	0.21693250209159853	B cell	Plasma cell	2	7	9	5	7	CCDC59	0.9946565545798768	False
0.00024141452666039562	0.14427860696517414	0.17805800693101226	0.3606051482763811	Dendritic cell	Plasma cell	2	7	11	4	8	CD99P1	0.9946565545798768	False
0.0001599721991440838	0.14427860696517414	0.058605749429125276	0.10016072515997643	Erythroid	NK	2	7	13	8	12	CHD9	0.9946565545798768	False
0.0008092810570957416	0.14427860696517414	0.18752144000735654	0.2094575630921407	NK	Erythroid	2	6	9	3	5	ELAVL1	0.9946565545798768	False
0.000513632401941912	0.14427860696517414	0.17028572936622977	0.11827956989247312	Plasma cell	Dendritic cell	2	7	8	3	6	ENSG00000280614	0.9946565545798768	False
0.0006630770983532295	0.14427860696517414	0.2000878072151363	0.2960626506024096	T cell	Dendritic cell	2	6	10	3	6	EZH1	0.9946565545798768	False
0.00023287633101438135	0.14427860696517414	0.12427950633891716	0.2554019014693172	NK	Dendritic cell	2	4	5	3	4	MRPL11	0.9946565545798768	False
3.173342037043651e-05	0.14427860696517414	0.19549110133673586	0.5231761015927504	NK	Dendritic cell	2	7	7	4	7	MRPS15	0.9946565545798768	False
0.00015335187827840498	0.14427860696517414	0.08732525700049526	0.3694561380507315	Erythroid	Plasma cell	2	7	17	8	13	MRPS6	0.9946565545798768	False
0.0009341842142637541	0.14427860696517414	0.20556065311500094	0.18564425770308118	T cell	NK	2	6	9	3	4	OGFOD1	0.9946565545798768	False
0.0002621189810397043	0.14427860696517414	0.15144377108542784	0.049723636004096905	T cell	Dendritic cell	2	7	6	3	6	PPDPF	0.9946565545798768	False
0.00036799942274743063	0.14427860696517414	0.35057508231728063	0.7040113885331443	Plasma cell	Erythroid	2	7	10	3	8	RAD50	0.9946565545798768	False
0.0015321073592931141	0.14427860696517414	0.16104284976276	0.20614692653673167	Dendritic cell	Erythroid	2	5	6	3	5	RCN1	0.9946565545798768	False
0.00037557253684167736	0.14427860696517414	0.20789285891723946	0.16951832469073846	T cell	Erythroid	2	7	9	3	7	SEC22A	0.9946565545798768	False
0.0002905237168024878	0.14427860696517414	0.15238713911264545	0.1349914873858536	NK	Dendritic cell	2	7	12	4	9	SEC24D	0.9946565545798768	False
0.0003716652932808419	0.14427860696517414	0.114425475314897	0.17319584264713084	NK	B cell	2	7	11	4	8	SMARCA4	0.9946565545798768	False
0.0013951264025060142	0.14427860696517414	0.22953065872962136	0.23706896551724133	NK	Plasma cell	2	7	10	3	6	TBC1D19	0.9946565545798768	False
0.00032134717002305394	0.14427860696517414	0.12403241520082214	0.11025537769723814	Plasma cell	T cell	2	5	6	3	5	TIMMDC1	0.9946565545798768	False
0.000189463230507397	0.14427860696517414	0.10308138430434544	0.2067806446740258	Monocyte	Dendritic cell	2	7	13	7	11	TLE4	0.9946565545798768	False
0.0016433915417046053	0.14427860696517414	0.08808486120551029	0.08988313994301528	Erythroid	NK	2	2	4	4	4	TSNARE1	0.9946565545798768	False
8.008889599499345e-05	0.14427860696517414	0.2182506042971995	0.5837343538075294	Dendritic cell	T cell	2	7	7	5	7	TXNIP	0.9946565545798768	False
0.00033313460674873243	0.14427860696517414	0.13207589986463902	0.1705117074033889	Monocyte	B cell	2	7	14	7	12	ZHX2	0.9946565545798768	False
0.000936943801950457	0.14925373134328357	0.1410787512231626	0.14651077822433328	NK	Dendritic cell	2	5	8	4	6	AKT2	0.9946565545798768	False
0.0016103727956108752	0.14925373134328357	0.22810215555624708	0.17673615567820417	T cell	B cell	2	7	8	4	7	CARD11	0.9946565545798768	False
0.00022892409460109874	0.14925373134328357	0.12603292454318527	0.28950489548903396	Monocyte	Erythroid	2	7	12	3	7	CLTA	0.9946565545798768	False
0.00044675435835776734	0.14925373134328357	0.25394724319989337	0.2860523798067509	T cell	Dendritic cell	2	7	14	4	9	CXorf38	0.9946565545798768	False
0.0006296984345321953	0.14925373134328357	0.23066769663191738	0.2433970676948095	NK	B cell	2	4	5	3	3	DAG1	0.9946565545798768	False
0.000557819978893115	0.14925373134328357	0.18633406932467012	0.17858705760078775	NK	T cell	2	3	5	3	5	DCUN1D5	0.9946565545798768	False
0.0004507376006875516	0.14925373134328357	0.20183216875872756	0.4299418604651163	Plasma cell	Monocyte	2	7	12	3	8	EIF4E	0.9946565545798768	False
0.00048004963962874425	0.14925373134328357	0.10706981398905335	0.09780357532156092	B cell	NK	2	3	5	3	5	ENSG00000267655	0.9946565545798768	False
0.0003036074084814872	0.14925373134328357	0.19272274870274408	0.4005040232119889	B cell	T cell	2	3	5	3	4	ENSG00000268119	0.9946565545798768	False
0.0021973074641281156	0.14925373134328357	0.1277972943611405	0.12112394808158605	Erythroid	Plasma cell	2	6	9	4	6	ENSG00000268362	0.9946565545798768	False
0.00031859161392096686	0.14925373134328357	0.26612058714179426	0.4236162576107648	T cell	NK	2	7	11	3	8	GPR174	0.9946565545798768	False
0.0005888748126695169	0.14925373134328357	0.17581789370971856	0.2505807537561135	T cell	NK	2	5	6	3	6	IARS2	0.9946565545798768	False
0.00019037744808521356	0.14925373134328357	0.20598097701845086	0.33483215716193016	T cell	Dendritic cell	2	7	12	3	8	ITGAL	0.9946565545798768	False
6.646446855663375e-05	0.14925373134328357	0.1993825950555197	0.4674069269684784	B cell	Plasma cell	2	7	10	5	8	LDHA	0.9946565545798768	False
0.0013024395599996734	0.14925373134328357	0.27865523805489234	0.1333434466019418	T cell	Erythroid	2	6	7	3	4	MRPS36	0.9946565545798768	False
0.0018826835642836884	0.14925373134328357	0.16669350757271373	0.198027027027027	Erythroid	NK	2	5	7	3	5	PHF19	0.9946565545798768	False
0.0002782305933490657	0.14925373134328357	0.1956684056991554	0.1765734265734265	NK	Monocyte	2	7	15	4	10	RFC3	0.9946565545798768	False
7.894334738536702e-05	0.14925373134328357	0.06850354395562192	0.07129139213487312	Erythroid	NK	2	7	13	8	11	RIC1	0.9946565545798768	False
0.000326394343316144	0.14925373134328357	0.06658425918171568	0.08234019501625134	NK	Dendritic cell	2	6	4	3	4	RPS17	0.9946565545798768	False
0.00016734453530343153	0.14925373134328357	0.09759738725468481	0.36060657449638067	Erythroid	B cell	2	7	17	6	13	RRP1B	0.9946565545798768	False
0.0003824521501478203	0.14925373134328357	0.19345308859796162	0.23173262190603228	Plasma cell	NK	2	7	13	4	9	SF3B3	0.9946565545798768	False
0.0006740174201087951	0.14925373134328357	0.1621238502617955	0.3395017281105991	T cell	NK	2	7	8	3	7	SMIM10L1	0.9946565545798768	False
0.0005284088584412884	0.14925373134328357	0.15090767007808142	0.1938311225217515	Dendritic cell	B cell	2	7	12	4	10	TBC1D14	0.9946565545798768	False
0.0005389464446447148	0.14925373134328357	0.10838687638708988	0.28617876697000166	Dendritic cell	T cell	2	7	9	5	8	TBC1D15	0.9946565545798768	False
0.0011548317006641125	0.14925373134328357	0.2028792082434222	0.19455373406193077	Plasma cell	T cell	2	7	11	3	7	UBE2V2	0.9946565545798768	False
0.0009290456925452371	0.14925373134328357	0.0888899292960777	0.1534788326653307	NK	B cell	2	7	7	3	7	USP33	0.9946565545798768	False
0.0001432480433083093	0.14925373134328357	0.09224641613530504	0.17288678835289006	T cell	B cell	2	3	5	3	5	VAV2	0.9946565545798768	False
0.00014971902624254455	0.14925373134328357	0.04492554312922792	0.07661551706674768	Monocyte	T cell	2	7	9	6	9	ZBTB20	0.9946565545798768	False
0.0005499474190736631	0.14925373134328357	0.19442306157408407	0.20835635359116023	T cell	Dendritic cell	2	5	7	3	5	ZNF552	0.9946565545798768	False
0.00022861306733997001	0.15422885572139303	0.2072048118082913	0.31075522629042795	T cell	Plasma cell	2	7	11	5	10	AP2B1	0.9946565545798768	False
0.00124942526303502	0.15422885572139303	0.30093478427498305	0.3756417186757744	Plasma cell	B cell	2	7	6	3	4	AP2S1	0.9946565545798768	False
0.0006757373053615657	0.15422885572139303	0.1877041811188208	0.26658151196896585	Plasma cell	Erythroid	2	7	13	3	8	ARHGAP11A	0.9946565545798768	False
0.0008293928133579583	0.15422885572139303	0.4463844809947479	0.3090471713764309	B cell	T cell	2	5	7	3	5	BISPR	0.9946565545798768	False
0.0009223707370172664	0.15422885572139303	0.09190950663160541	0.13129263664553148	NK	B cell	2	7	10	3	8	BTBD10	0.9946565545798768	False
0.00028021187292098207	0.15422885572139303	0.09601991131692411	0.09102431998405358	NK	Dendritic cell	2	7	17	6	12	CLYBL	0.9946565545798768	False
0.000389940054254067	0.15422885572139303	0.22889809735493777	0.17554649548924356	Plasma cell	Monocyte	2	7	10	4	7	CTNNA1	0.9946565545798768	False
0.000433546556194286	0.15422885572139303	0.28542878256671805	0.26627771925559784	B cell	Monocyte	2	7	11	3	7	DAPP1	0.9946565545798768	False
0.0004197431537991274	0.15422885572139303	0.16305658485548463	0.10574885430041864	Dendritic cell	T cell	2	7	11	3	6	DHX8	0.9946565545798768	False
0.0022795468675260626	0.15422885572139303	0.19939128447900378	0.20852882911062454	B cell	NK	2	4	5	3	3	DNAJC17	0.9946565545798768	False
0.0005455004403775859	0.15422885572139303	0.08222850230813405	0.20747600888404644	NK	Dendritic cell	2	3	6	3	5	ENSG00000229151	0.9946565545798768	False
5.375357816960594e-05	0.15422885572139303	0.04711231560955487	0.10407667743031063	NK	B cell	2	7	8	5	8	EXOC4	0.9946565545798768	False
0.0009637104957858246	0.15422885572139303	0.297129583336584	0.5788932132894583	NK	Dendritic cell	2	6	9	4	7	FGFR1OP2	0.9946565545798768	False
0.0011888759211726872	0.15422885572139303	0.16953436453536896	0.16957552251669894	Plasma cell	Dendritic cell	2	7	8	3	6	GNG10	0.9946565545798768	False
0.001216446575371227	0.15422885572139303	0.16753547122254814	0.3386529056386651	Monocyte	Dendritic cell	2	7	15	7	12	IL3RA	0.9946565545798768	False
0.00034730500970346173	0.15422885572139303	0.10965409226336198	0.11176277845452931	Erythroid	NK	2	7	15	5	9	KATNAL1	0.9946565545798768	False
0.000243381654477554	0.15422885572139303	0.21112223192212748	0.3300583474496518	NK	Dendritic cell	2	5	6	3	5	LYSMD3	0.9946565545798768	False
0.001011279584062687	0.15422885572139303	0.6399703002104841	0.5091225847323408	Dendritic cell	T cell	2	5	7	3	5	MRPS18C	0.9946565545798768	False
6.145845158094975e-05	0.15422885572139303	0.16962077500294392	0.46318512477820234	Monocyte	Erythroid	2	7	8	3	7	NAMPT	0.9946565545798768	False
0.0007657979756430231	0.15422885572139303	0.289153330135473	0.2712321523003701	T cell	Dendritic cell	2	6	10	3	7	NRBF2	0.9946565545798768	False
0.0004694949408196751	0.15422885572139303	0.2197561760423271	0.3115363100446077	Monocyte	T cell	2	7	16	4	10	PIGT	0.9946565545798768	False
0.0003922232417989625	0.15422885572139303	0.24314985709448478	0.4400227700307638	T cell	Plasma cell	2	7	8	3	7	PNPLA8	0.9946565545798768	False
0.00047089700054351317	0.15422885572139303	0.2039057546156054	0.34718754875955693	NK	T cell	2	4	5	3	4	PSMD7	0.9946565545798768	False
0.00010150592750861437	0.15422885572139303	0.22995838335651453	0.35509583409922635	Plasma cell	NK	2	7	9	4	7	RPS21	0.9946565545798768	False
0.0007164890345185634	0.15422885572139303	0.12335309646039277	0.2009919697685404	Dendritic cell	Erythroid	2	7	10	4	7	SLC12A2-DT	0.9946565545798768	False
0.00044797234278471157	0.15422885572139303	0.06574672941028759	0.06847512311088466	NK	B cell	2	7	9	4	6	SLC16A7	0.9946565545798768	False
9.307008743288938e-05	0.15422885572139303	0.11510219331074939	0.05347155614535293	Dendritic cell	Erythroid	2	4	7	3	5	TMOD2	0.9946565545798768	False
0.00046385156857625177	0.15422885572139303	0.29980615850160147	0.3499800372025589	NK	Plasma cell	2	7	13	4	8	TRIM13	0.9946565545798768	False
0.00035547183871429897	0.15422885572139303	0.3267394285232414	0.4053835110746513	Dendritic cell	B cell	2	7	14	5	10	TUBB6	0.9946565545798768	False
8.76738345879529e-05	0.15422885572139303	0.1392331496352462	0.2136611126785095	T cell	Monocyte	2	7	9	5	8	USP15	0.9946565545798768	False
0.0011947726613575403	0.15920398009950248	0.2808592082320055	0.29228830645161286	Plasma cell	B cell	2	6	8	3	4	C12orf43	0.9946565545798768	False
0.0005644607879049578	0.15920398009950248	0.23185899768206247	0.24418953659841575	Monocyte	NK	2	7	10	3	8	CDC123	0.9946565545798768	False
0.0003242901638181232	0.15920398009950248	0.13816836065477667	0.22594523635343788	B cell	NK	2	6	12	3	9	CENPE	0.9946565545798768	False
0.00039977104522671977	0.15920398009950248	0.288342663364005	0.6019739124401582	Monocyte	Plasma cell	2	7	10	3	7	CENPK	0.9946565545798768	False
0.0008001506741969926	0.15920398009950248	0.23216097315571416	0.24735597859897962	Dendritic cell	T cell	2	5	8	3	6	DDX55	0.9946565545798768	False
0.0011754083360236071	0.15920398009950248	0.16416967756693485	0.1396667966791107	NK	Monocyte	2	6	8	3	5	DLEU7	0.9946565545798768	False
0.002528421325833566	0.15920398009950248	0.5877922220444728	0.43950834575198944	B cell	T cell	2	5	7	3	6	DYNLT3	0.9946565545798768	False
0.001250431049417492	0.15920398009950248	0.1532676960453434	0.15437234755416568	Erythroid	Monocyte	2	6	9	4	6	ENSG00000267476	0.9946565545798768	False
0.0006167956545138005	0.15920398009950248	0.11437824573417793	0.14500377636871414	Erythroid	Plasma cell	2	6	9	3	6	FBXO38	0.9946565545798768	False
0.00029421837882673973	0.15920398009950248	0.24489858445924784	0.6286714857063267	T cell	Plasma cell	2	7	8	3	6	GGCT	0.9946565545798768	False
0.0004222659249790878	0.15920398009950248	0.5851424567167606	0.6463236635650429	Dendritic cell	T cell	2	6	8	3	6	MED11	0.9946565545798768	False
0.004761194206352056	0.15920398009950248	0.37799741788487234	0.4333868378812199	Dendritic cell	T cell	2	5	7	3	5	METTL23	0.9946565545798768	False
0.002650285272957667	0.15920398009950248	0.11928781294743246	0.1765307349933839	NK	Erythroid	2	7	8	3	6	MIR99AHG	0.9946565545798768	False
0.002162465424046152	0.15920398009950248	0.1859405199848242	0.32526895827866703	B cell	T cell	2	3	5	3	4	NEK3	0.9946565545798768	False
0.0007451734075518093	0.15920398009950248	0.28969660800576247	0.3937031241569093	B cell	Monocyte	2	7	12	3	7	OBI1	0.9946565545798768	False
0.000612060585552619	0.15920398009950248	0.1478138299994201	0.2351379489849037	Monocyte	B cell	2	7	12	3	7	PCDH9	0.9946565545798768	False
0.00012352630002112816	0.15920398009950248	0.5129342850157824	0.6796544411052255	T cell	Dendritic cell	2	7	7	3	7	PITHD1	0.9946565545798768	False
3.980318471785625e-05	0.15920398009950248	0.27860948523670614	0.5773120696049479	T cell	Plasma cell	2	7	17	9	14	RPN2	0.9946565545798768	False
0.0006416318533413844	0.15920398009950248	0.359487591682183	0.41365461847389556	NK	Dendritic cell	2	6	9	3	7	SMIM15	0.9946565545798768	False
0.000828757180296851	0.15920398009950248	0.15997627564154854	0.17699633699633704	Monocyte	T cell	2	7	9	3	5	SNTB2	0.9946565545798768	False
0.00019018356070334564	0.15920398009950248	0.11014030818760451	0.1698118741127599	Erythroid	Plasma cell	2	7	13	7	13	SRRM2	0.9946565545798768	False
0.00022181336328053598	0.15920398009950248	0.20252357703066365	0.22012672296975316	Monocyte	T cell	2	7	9	4	6	UBE2L6	0.9946565545798768	False
0.0011269763360317654	0.15920398009950248	0.15029611196957587	0.0957868649318463	Erythroid	NK	2	6	6	3	4	ZBTB16	0.9946565545798768	False
0.0005884059155376888	0.15920398009950248	0.09146028555848323	0.06856986215538846	Erythroid	NK	2	5	8	4	6	ZNF169	0.9946565545798768	False
0.00022398700159938592	0.15920398009950248	0.1307400971187258	0.12873114706478922	Plasma cell	Monocyte	2	7	7	4	7	ZNF644	0.9946565545798768	False
0.0003010389175274985	0.15920398009950248	0.04687988723079162	0.17284980422723312	Dendritic cell	Plasma cell	2	7	9	5	7	ZNF654	0.9946565545798768	False
0.000367657473526566	0.16417910447761194	0.07532974106756452	0.10470118974688103	T cell	Erythroid	2	7	15	9	15	CD99	0.9946565545798768	False
0.00017204884915873107	0.16417910447761194	0.31744343611991976	0.47651928456601816	Erythroid	Plasma cell	2	7	14	4	10	CYC1	0.9946565545798768	False
0.0005478304922209	0.16417910447761194	0.24228264194476506	0.2569513406156902	Erythroid	T cell	2	4	7	3	4	DCAF12	0.9946565545798768	False
0.0007160986213213706	0.16417910447761194	0.2678586978155943	0.11001642036124792	NK	Dendritic cell	2	4	7	3	6	ELOVL6	0.9946565545798768	False
0.0005621762091942112	0.16417910447761194	0.11620845226275966	0.16497326203208557	NK	B cell	2	3	5	3	4	GOLIM4	0.9946565545798768	False
0.001434348180266856	0.16417910447761194	0.12950153898768813	0.3848092115454123	NK	Dendritic cell	2	7	9	3	4	GRK6	0.9946565545798768	False
0.0006465114099838993	0.16417910447761194	0.17317803337186954	0.3222493815016473	Dendritic cell	NK	2	7	8	4	7	HNRNPA2B1	0.9946565545798768	False
0.0003931156166780633	0.16417910447761194	0.2888146934053353	0.4108615204830228	T cell	Erythroid	2	5	10	3	6	LY96	0.9946565545798768	False
0.0005046430845662658	0.16417910447761194	0.12745628917950413	0.1961640211640212	T cell	Plasma cell	2	6	11	4	6	MED1	0.9946565545798768	False
6.705504862359118e-05	0.16417910447761194	0.49523136746973956	0.6559526060376883	Monocyte	Plasma cell	2	7	11	4	9	MRPS7	0.9946565545798768	False
0.0008095479024479319	0.16417910447761194	0.10723747686441132	0.1115255245635311	Erythroid	Monocyte	2	4	5	3	4	PCCA-AS1	0.9946565545798768	False
0.0003290976773493105	0.16417910447761194	0.23432860106577713	0.19731205825658604	Dendritic cell	T cell	2	6	8	3	5	RTL8A	0.9946565545798768	False
0.00033120381541539544	0.16417910447761194	0.13722140264909988	0.15947020731018297	Monocyte	T cell	2	7	9	4	6	SATB1	0.9946565545798768	False
8.422983075761585e-05	0.16417910447761194	0.2614143624258895	0.3412768335316231	Monocyte	Plasma cell	2	7	14	7	12	SMC1A	0.9946565545798768	False
0.00022296090347339914	0.16417910447761194	0.05937438681414736	0.1377200120688034	NK	Monocyte	2	7	11	6	11	SSH2	0.9946565545798768	False
0.0011939254121528997	0.16417910447761194	0.1891030450497837	0.40995503684127443	Dendritic cell	T cell	2	7	7	4	7	THRAP3	0.9946565545798768	False
0.0003151776008885373	0.1691542288557214	0.14980532108855782	0.20456930935553846	T cell	NK	2	7	12	3	9	ABCE1	0.9946565545798768	False
0.0008163481446000559	0.1691542288557214	0.1653700912483529	0.20423253442121364	NK	B cell	2	6	8	3	5	BRAP	0.9946565545798768	False
0.0002119227823563174	0.1691542288557214	0.2589584618157889	0.5071926656131638	T cell	NK	2	7	11	3	6	CD320	0.9946565545798768	False
0.000788293051731584	0.1691542288557214	0.2212566709435524	0.3066535700515909	T cell	NK	2	6	10	3	7	COQ4	0.9946565545798768	False
0.0003327349406200377	0.1691542288557214	0.20234793719313204	0.6809665151497006	Dendritic cell	Monocyte	2	7	10	5	9	CORO1A	0.9946565545798768	False
0.0014948274728646095	0.1691542288557214	0.08625029831178843	0.12455799126316114	T cell	Plasma cell	2	6	7	4	6	DIPK1A	0.9946565545798768	False
0.001134418416880614	0.1691542288557214	0.2348697740135049	0.2761333832896216	Dendritic cell	T cell	2	4	5	3	3	ENSG00000285534	0.9946565545798768	False
0.00020254472206880983	0.1691542288557214	0.11775402857881112	0.15248642161744158	NK	Plasma cell	2	7	17	5	10	EVA1C	0.9946565545798768	False
0.0002448017860561699	0.1691542288557214	0.09000509746255958	0.10519144937749592	Erythroid	Plasma cell	2	7	11	4	7	FANCC	0.9946565545798768	False
0.0001835821678795016	0.1691542288557214	0.1984164535606563	0.17048060305697704	Plasma cell	Monocyte	2	7	9	4	7	HCLS1	0.9946565545798768	False
0.0008378266904740208	0.1691542288557214	0.208430709936971	0.2989852523339196	Plasma cell	T cell	2	6	8	3	5	HMGCS1	0.9946565545798768	False
0.00021740296787220597	0.1691542288557214	0.0704417043494906	0.26202620824843753	Dendritic cell	NK	2	7	11	6	10	ITGB1	0.9946565545798768	False
0.000472821489204764	0.1691542288557214	0.29572809975124176	0.27368460599229827	Plasma cell	NK	2	7	7	3	7	IVNS1ABP	0.9946565545798768	False
0.0013747925575940086	0.1691542288557214	0.2262048360659213	0.23770960839926353	Erythroid	Monocyte	2	7	11	4	7	JAK3	0.9946565545798768	False
0.0005238578877420121	0.1691542288557214	0.08700905434623107	0.09108604947539328	B cell	Dendritic cell	2	6	7	3	7	KPNA6	0.9946565545798768	False
0.000812274593382359	0.1691542288557214	0.2020138254767505	0.24577221978984237	Monocyte	T cell	2	7	11	3	9	MFSD11	0.9946565545798768	False
0.00035761330276844433	0.1691542288557214	0.09551575395099066	0.4086981710134419	Plasma cell	B cell	2	7	16	6	11	MX1	0.9946565545798768	False
0.0003422394487896611	0.1691542288557214	0.10534381150189698	0.15647946286463282	NK	B cell	2	5	7	3	5	MYBL2	0.9946565545798768	False
0.00022467738556111082	0.1691542288557214	0.25683039101050825	0.2612907647951468	Plasma cell	Monocyte	2	7	17	7	15	NOP56	0.9946565545798768	False
0.0003835727170490755	0.1691542288557214	0.1148961647861736	0.21088658047000614	Monocyte	Plasma cell	2	7	11	5	10	NPEPPS	0.9946565545798768	False
0.0004191703457959228	0.1691542288557214	0.07592595864328738	0.04841542338798199	B cell	NK	2	4	6	4	6	OVCA2	0.9946565545798768	False
2.887945032208807e-05	0.1691542288557214	0.22652642779607046	0.334853849954	Plasma cell	Dendritic cell	2	4	6	3	4	PIGQ	0.9946565545798768	False
0.00022083458177589766	0.1691542288557214	0.24224622731216872	0.5123324646314221	Dendritic cell	B cell	2	6	7	3	5	PTPN22	0.9946565545798768	False
0.00023400111087185845	0.1691542288557214	0.1255723868073284	0.3059539119486665	NK	Plasma cell	2	7	12	6	10	RAB11A	0.9946565545798768	False
0.00016112884552382998	0.1691542288557214	0.0993011814087249	0.2594338892320362	Erythroid	B cell	2	7	12	6	11	RBPJ	0.9946565545798768	False
0.0002156505176314245	0.1691542288557214	0.19998277178697532	0.214544306360332	Dendritic cell	Monocyte	2	7	10	4	9	SLC38A9	0.9946565545798768	False
0.0010563619745021997	0.1691542288557214	0.23781870585163006	0.22343697396032414	Erythroid	T cell	2	7	11	3	8	SLC39A6	0.9946565545798768	False
0.0005190567747701053	0.1691542288557214	0.1508639468737223	0.09828470898695202	Plasma cell	Monocyte	2	7	6	3	5	SYNGR2	0.9946565545798768	False
0.000500293712206278	0.1691542288557214	0.08659657891953754	0.12927484814277268	Monocyte	Erythroid	2	7	13	4	8	TEX10	0.9946565545798768	False
0.0004791253600798245	0.1691542288557214	0.23476835201355017	0.26799704360679977	T cell	Plasma cell	2	7	10	3	6	TLE3	0.9946565545798768	False
0.0009404635800918197	0.1691542288557214	0.49202504770959665	0.5506255792400371	Monocyte	T cell	2	7	12	3	8	TMEM170A	0.9946565545798768	False
0.0002589035684066934	0.1691542288557214	0.0914683725071378	0.12796366793561748	Plasma cell	NK	2	7	13	5	9	TTF1	0.9946565545798768	False
0.00024348603683992928	0.1691542288557214	0.19439246098221935	0.2109349019798687	NK	T cell	2	7	18	7	13	UPF3A	0.9946565545798768	False
0.0002866864762083858	0.1691542288557214	0.06593805948546139	0.14151688973868704	B cell	Erythroid	2	7	10	3	7	USP38	0.9946565545798768	False
0.00032565680092039805	0.1691542288557214	0.08993709182273274	0.1598538470367678	Plasma cell	Monocyte	2	7	11	4	9	ZNF652	0.9946565545798768	False
0.0004485109016547275	0.17412935323383086	0.2639057112099333	0.48475459874350957	NK	Plasma cell	2	7	11	5	9	ACTN4	0.9946565545798768	False
0.0004911960892208945	0.17412935323383086	0.05791649585606751	0.1591190906742444	Erythroid	Dendritic cell	2	5	8	4	7	AIMP1	0.9946565545798768	False
4.962135800043158e-05	0.17412935323383086	0.20138315919565714	0.4036914866280855	Dendritic cell	Monocyte	2	7	17	10	16	ATP5PO	0.9946565545798768	False
0.0007023528184874645	0.17412935323383086	0.2050764928374036	0.22648908620051794	Dendritic cell	Monocyte	2	6	6	3	4	ATP6V1A	0.9946565545798768	False
0.00025130722251542355	0.17412935323383086	0.38980473129104043	0.6834759229789221	Erythroid	Plasma cell	2	6	9	3	7	CD59	0.9946565545798768	False
0.0008827815480316415	0.17412935323383086	0.22520038587044494	0.14335175655930374	Dendritic cell	B cell	2	3	4	3	3	CSTB	0.9946565545798768	False
0.0003746957548519998	0.17412935323383086	0.14414234970025885	0.21016621569385385	Monocyte	T cell	2	7	10	5	6	EMB	0.9946565545798768	False
0.00017185466630095073	0.17412935323383086	0.12281366048338471	0.10746792130025662	Erythroid	B cell	2	4	7	4	6	ENSG00000253372	0.9946565545798768	False
0.0006808213327760845	0.17412935323383086	0.1396433850204702	0.12737627651217598	Erythroid	Plasma cell	2	7	12	3	8	ENSG00000261460	0.9946565545798768	False
0.00020826527958444098	0.17412935323383086	0.047936316857459305	0.18297364890604034	NK	B cell	2	7	13	7	10	FAM120A	0.9946565545798768	False
0.0003656791913551824	0.17412935323383086	0.3800155901454852	0.5598767161669935	Plasma cell	Erythroid	2	7	11	3	5	FAM78A	0.9946565545798768	False
0.00029577908188636144	0.17412935323383086	0.23309579785540951	0.3353755265029265	B cell	Erythroid	2	7	10	4	6	GADD45B	0.9946565545798768	False
0.00028169570288601474	0.17412935323383086	0.258524157946401	0.5437697437697437	Monocyte	T cell	2	7	7	4	7	GTF2B	0.9946565545798768	False
0.0005410882864768122	0.17412935323383086	0.11671682177580717	0.17914351095129122	T cell	NK	2	7	10	3	7	MAN2C1	0.9946565545798768	False
0.00018893834495563728	0.17412935323383086	0.16645519616394044	0.19754380423181667	Monocyte	B cell	2	7	11	4	10	MBTD1	0.9946565545798768	False
0.00029244591726163715	0.17412935323383086	0.08031725275783524	0.1315696641002123	NK	Plasma cell	2	7	12	3	8	MEGF9	0.9946565545798768	False
0.0003870907841502987	0.17412935323383086	0.2292578379767778	0.26488157987209215	Plasma cell	T cell	2	7	8	3	7	MRPL43	0.9946565545798768	False
0.0005021155483919883	0.17412935323383086	0.19698889161063277	0.08564453530952276	NK	T cell	2	7	12	5	8	MYO1E	0.9946565545798768	False
0.0006112411254763144	0.17412935323383086	0.053011497178466094	0.1085694099807003	Erythroid	Monocyte	2	7	8	3	6	PALS2	0.9946565545798768	False
0.0008286812251252162	0.17412935323383086	0.15596386520675043	0.16278398151713513	Erythroid	T cell	2	6	10	3	6	PEDS1	0.9946565545798768	False
0.000453761956763645	0.17412935323383086	0.10169174098900308	0.17467336855682253	T cell	Dendritic cell	2	6	7	3	7	PEX14	0.9946565545798768	False
0.0014434800618105112	0.17412935323383086	0.13670676428721829	0.12152777777777773	T cell	Erythroid	2	5	4	3	3	PRKCI	0.9946565545798768	False
0.00042733541970702276	0.17412935323383086	0.10458939693980202	0.1995497228427236	T cell	B cell	2	7	14	9	14	PTK2B	0.9946565545798768	False
0.0014350640539709792	0.17412935323383086	0.14965026694211542	0.13161464257129618	T cell	B cell	2	6	12	3	8	RSPRY1	0.9946565545798768	False
0.0004528710364501667	0.17412935323383086	0.1438066510809573	0.19939885664892049	Plasma cell	B cell	2	7	9	4	6	SLC25A26	0.9946565545798768	False
0.00030719283052464734	0.17412935323383086	0.07006735683113474	0.10005169047941664	B cell	NK	2	7	13	7	11	SPG11	0.9946565545798768	False
0.0009054065582342134	0.17412935323383086	0.2883970977478192	0.2655714285714285	Dendritic cell	T cell	2	5	8	3	6	SRSF8	0.9946565545798768	False
0.00038142596852770456	0.17412935323383086	0.1505308683574068	0.285600016329405	B cell	Plasma cell	2	7	11	3	8	TUBGCP2	0.9946565545798768	False
0.00013422845838017086	0.17412935323383086	0.1093445183424514	0.16169911086166666	T cell	Erythroid	2	7	11	6	10	VMP1	0.9946565545798768	False
0.0001842552759823181	0.1791044776119403	0.13226727172638292	0.27392226182865514	Plasma cell	Erythroid	2	7	14	5	11	ATAD2	0.9946565545798768	False
0.002581023456565186	0.1791044776119403	0.5159047285559688	0.42613897516609334	NK	Dendritic cell	2	5	6	3	4	ATP6AP1	0.9946565545798768	False
0.0003711034975997182	0.1791044776119403	0.2551289324261335	0.3677988983691543	B cell	Erythroid	2	6	9	3	7	BRMS1	0.9946565545798768	False
0.0004399327624267065	0.1791044776119403	0.37394654355490503	0.4069185645272602	Plasma cell	Monocyte	2	7	12	4	8	DCAF16	0.9946565545798768	False
0.00038196416262921564	0.1791044776119403	0.181878389207681	0.4309560266557398	Erythroid	Dendritic cell	2	5	6	3	4	DELE1	0.9946565545798768	False
0.001774979699581495	0.1791044776119403	0.18684605739004523	0.220700765203383	T cell	NK	2	6	8	3	6	ENSG00000269825	0.9946565545798768	False
0.00016081800508530673	0.1791044776119403	0.13668760819774123	0.13487040385774562	T cell	Dendritic cell	2	7	7	3	7	EVI5	0.9946565545798768	False
0.0007626365071972065	0.1791044776119403	0.15467932270253737	0.21816181634205728	Erythroid	Plasma cell	2	7	9	6	9	MALAT1	0.9946565545798768	False
0.00011516837345078689	0.1791044776119403	0.0805942541087275	0.112291054300862	B cell	NK	2	7	10	3	7	MARCHF3	0.9946565545798768	False
0.0007135369085675574	0.1791044776119403	0.07560793105385133	0.03521244763614606	NK	Erythroid	2	3	3	3	3	MTMR14	0.9946565545798768	False
0.0008690740977484502	0.1791044776119403	0.26768037506939857	0.29765252215405597	NK	Dendritic cell	2	5	7	4	4	NXPE3	0.9946565545798768	False
0.0005559658501866244	0.1791044776119403	0.23388382004845826	0.2782358492025432	T cell	Erythroid	2	4	6	3	5	PPP2R1A	0.9946565545798768	False
0.00016364888805398936	0.1791044776119403	0.08274427040724891	0.18013502526357028	T cell	Plasma cell	2	7	11	5	10	R3HCC1L	0.9946565545798768	False
0.0009910004143561936	0.1791044776119403	0.1851101338358861	0.3755980386318067	Plasma cell	T cell	2	4	6	3	4	RHEX	0.9946565545798768	False
0.00041172404417004406	0.1791044776119403	0.18135276044083454	0.23743616967490777	T cell	Plasma cell	2	7	9	4	7	SACM1L	0.9946565545798768	False
0.0028354145561190714	0.1791044776119403	0.15320314505365973	0.15333235824679436	Monocyte	NK	2	5	5	3	4	STAG3L4	0.9946565545798768	False
0.00029187350695639765	0.1791044776119403	0.14874658801036145	0.3050433839479393	Monocyte	Erythroid	2	7	9	4	6	TBC1D23	0.9946565545798768	False
0.00019968642998903125	0.1791044776119403	0.059976129829692415	0.041527074578783185	Erythroid	B cell	2	7	9	5	7	TMCC1	0.9946565545798768	False
0.00028752046096927283	0.1791044776119403	0.10373974320312196	0.37786941406990704	Dendritic cell	Plasma cell	2	7	14	8	13	TMEM230	0.9946565545798768	False
0.000258266592869421	0.1791044776119403	0.09050519456216755	0.16315699668743644	Dendritic cell	Erythroid	2	7	9	4	7	UBXN7	0.9946565545798768	False
0.0007608786882061223	0.1791044776119403	0.16903087862118382	0.25620240727094085	Plasma cell	Erythroid	2	6	8	3	5	VPS11	0.9946565545798768	False
0.0012495182193149146	0.1791044776119403	0.12083229485974295	0.15173027989821886	Monocyte	NK	2	7	8	3	7	WASL	0.9946565545798768	False
0.00020952172814561325	0.18407960199004975	0.14106543947658434	0.171873743590378	T cell	Plasma cell	2	7	13	6	10	AP3S2	0.9946565545798768	False
0.001166159993280865	0.18407960199004975	0.19952128834319205	0.31378549913941484	Dendritic cell	Plasma cell	2	6	6	3	5	ATP5PF	0.9946565545798768	False
8.029723681975869e-05	0.18407960199004975	0.18619708544478558	0.3053635205944006	Dendritic cell	Monocyte	2	7	11	6	10	BAX	0.9946565545798768	False
0.0023731924838856075	0.18407960199004975	0.18682080391439998	0.2741932480494572	Monocyte	T cell	2	7	11	3	8	C18orf32	0.9946565545798768	False
0.00051925576265179	0.18407960199004975	0.19663748395791042	0.15629118372588113	Erythroid	B cell	2	3	4	3	4	CXADR	0.9946565545798768	False
0.00024008232849683466	0.18407960199004975	0.08429169421806021	0.10215245931014738	T cell	Erythroid	2	7	9	6	8	DLG1	0.9946565545798768	False
0.0003668596095361016	0.18407960199004975	0.19056852349535347	0.32858268661443424	Erythroid	NK	2	3	5	3	4	DNAJA4	0.9946565545798768	False
0.0012344860912521954	0.18407960199004975	0.3032623029381578	0.36579470789997104	Plasma cell	Monocyte	2	7	11	4	9	DNMT1	0.9946565545798768	False
0.000411147157228917	0.18407960199004975	0.11727907462425219	0.23418748622603328	Plasma cell	Erythroid	2	7	12	6	9	ENSG00000291203	0.9946565545798768	False
0.00037301404051626744	0.18407960199004975	0.10002693421762526	0.3411773023788309	Dendritic cell	T cell	2	7	13	6	11	FAM91A1	0.9946565545798768	False
0.00014414777781135562	0.18407960199004975	0.03443426313326142	0.05572305840815173	T cell	Dendritic cell	2	7	10	7	10	FBXL17	0.9946565545798768	False
0.0005470418057792524	0.18407960199004975	0.14537776030589622	0.4610474448467655	B cell	NK	2	5	8	3	6	HDAC3	0.9946565545798768	False
0.0008673925820705517	0.18407960199004975	0.13610004504204998	0.23332088745652135	Plasma cell	Dendritic cell	2	7	8	3	5	HMG20B	0.9946565545798768	False
0.0004424828130210377	0.18407960199004975	0.3506470164682336	0.40336746775549226	Monocyte	Plasma cell	2	7	11	5	10	HNRNPH3	0.9946565545798768	False
0.001061666479878046	0.18407960199004975	0.18671438823003844	0.21514423076923078	Dendritic cell	B cell	2	5	8	3	5	HSD17B4	0.9946565545798768	False
0.001580702504820736	0.18407960199004975	0.08198405819522586	0.12318087318087317	Erythroid	B cell	2	3	3	3	3	LENG8	0.9946565545798768	False
0.00018649546479909047	0.18407960199004975	0.11105160366672118	0.1531488511944764	Erythroid	T cell	2	7	13	7	11	MYO9A	0.9946565545798768	False
0.0005640651408431545	0.18407960199004975	0.12101349090651264	0.06207220699764199	Dendritic cell	B cell	2	7	8	4	7	NRF1	0.9946565545798768	False
0.0011659285142547884	0.18407960199004975	0.3012799570658459	0.26248709344346927	B cell	NK	2	7	8	3	5	NUDT4	0.9946565545798768	False
0.0004967871940585601	0.18407960199004975	0.16575742991393366	0.17866770052409264	Erythroid	Monocyte	2	7	14	7	11	PAG1	0.9946565545798768	False
4.954726399103347e-05	0.18407960199004975	0.048386546952337794	0.0939762563578539	Erythroid	Monocyte	2	7	18	11	16	PDS5B	0.9946565545798768	False
0.0006334774964781946	0.18407960199004975	0.22707478714935514	0.19638587142173936	Dendritic cell	B cell	2	5	9	4	5	PDSS1	0.9946565545798768	False
0.0008148584084232631	0.18407960199004975	0.21247331356216376	0.34433439367649893	T cell	Dendritic cell	2	5	7	3	5	POP4	0.9946565545798768	False
0.0004360872043611899	0.18407960199004975	0.24605080270271307	0.3456678618021914	Erythroid	Plasma cell	2	7	9	3	7	PRPF18	0.9946565545798768	False
0.0002537115026246227	0.18407960199004975	0.05722237642019434	0.2147028481861215	NK	Plasma cell	2	7	18	11	16	PTPN2	0.9946565545798768	False
0.0013783043580526148	0.18407960199004975	0.21922658283849117	0.2541013323665368	Plasma cell	NK	2	6	9	4	6	PXMP4	0.9946565545798768	False
0.00016224838971938622	0.18407960199004975	0.09621971909963584	0.13699407057763385	Dendritic cell	NK	2	7	18	10	16	RNMT	0.9946565545798768	False
0.00044657662156070754	0.18407960199004975	0.2555282557893938	0.3197063639541516	Erythroid	Monocyte	2	7	9	5	8	SBNO1	0.9946565545798768	False
0.000651833372091519	0.18407960199004975	0.17137311412484219	0.3156417367899628	Monocyte	T cell	2	7	12	4	10	SLC39A8	0.9946565545798768	False
0.0003050401163319425	0.18407960199004975	0.28838846869793755	0.3756097560975609	T cell	Dendritic cell	2	6	10	4	7	SLFN11	0.9946565545798768	False
0.00020191598162884916	0.18407960199004975	0.06665177933575733	0.14060651001513863	Monocyte	Dendritic cell	2	7	17	10	16	STK4	0.9946565545798768	False
0.0004950314539630345	0.18407960199004975	0.2863082733723896	0.27964247541301124	B cell	Erythroid	2	6	7	3	6	TMEM243	0.9946565545798768	False
0.0003668441508555126	0.18407960199004975	0.1512274450674403	0.19614981048844732	Plasma cell	Erythroid	2	6	10	4	5	UPF1	0.9946565545798768	False
0.0007121373905130007	0.18407960199004975	0.12244711807322028	0.17313765091333416	NK	Erythroid	2	7	11	5	8	VCP	0.9946565545798768	False
0.0004713640440733469	0.18407960199004975	0.1449254514443653	0.16302747275863522	T cell	Dendritic cell	2	7	11	3	6	VPS35L	0.9946565545798768	False
0.0012048406079308736	0.18407960199004975	0.28824313696726256	0.2582222971833362	T cell	Erythroid	2	4	6	3	4	ZNF28	0.9946565545798768	False
0.0007991425298653339	0.18407960199004975	0.10356232139320376	0.06371703537057866	Monocyte	T cell	2	5	8	3	5	ZNF618	0.9946565545798768	False
0.0010413791930164997	0.18407960199004975	0.0882595691864671	0.15706080411962764	Erythroid	NK	2	2	3	3	3	ZNF805	0.9946565545798768	False
0.0005466959172493608	0.1890547263681592	0.13589072150285197	0.18616049600031298	Monocyte	NK	2	7	15	6	10	AKAP11	0.9946565545798768	False
0.00031821342432218066	0.1890547263681592	0.10490340055792058	0.26015315810339906	T cell	Plasma cell	2	7	13	5	9	AUH	0.9946565545798768	False
0.00011300654987658714	0.1890547263681592	0.07915986135635478	0.3398714482232127	Plasma cell	Erythroid	2	7	11	8	11	CELF2	0.9946565545798768	False
0.0002304687579565567	0.1890547263681592	0.1618599544337982	0.2139567398634757	Plasma cell	Monocyte	2	7	11	5	9	CEP95	0.9946565545798768	False
0.0008795316839556974	0.1890547263681592	0.15682626357068558	0.10489990862490206	B cell	Erythroid	2	4	6	3	4	ENSG00000260733	0.9946565545798768	False
0.0002033833852066442	0.1890547263681592	0.07082326615043089	0.18144193911065082	Dendritic cell	B cell	2	7	13	7	10	GABPB1	0.9946565545798768	False
0.00018304207448336353	0.1890547263681592	0.3948869360033517	0.3798875963595398	Dendritic cell	Monocyte	2	7	11	4	8	HACD4	0.9946565545798768	False
0.00047391798245519095	0.1890547263681592	0.5080182453310962	0.6888148667601683	NK	B cell	2	7	9	3	6	HEXB	0.9946565545798768	False
0.002951552693424928	0.1890547263681592	0.40313692086919256	0.41480263157894737	Erythroid	T cell	2	5	6	3	4	LIN7C	0.9946565545798768	False
0.00021128762564158316	0.1890547263681592	0.11330875867630663	0.06912503985596491	Plasma cell	B cell	2	7	13	6	9	MFSD14CP	0.9946565545798768	False
0.0002992095557922428	0.1890547263681592	0.3914859413593591	0.4240746138152143	Monocyte	T cell	2	6	6	3	6	MRPL9	0.9946565545798768	False
0.0004913470492073859	0.1890547263681592	0.10785418715486583	0.09545836932521701	Erythroid	Monocyte	2	7	7	3	6	MTPN	0.9946565545798768	False
0.0008316237656418601	0.1890547263681592	0.18463185135392585	0.38558546107867187	Plasma cell	Erythroid	2	5	8	3	5	NCAPD2	0.9946565545798768	False
0.00023476416718804432	0.1890547263681592	0.2130770487415542	0.20507602153943616	Erythroid	Plasma cell	2	6	10	3	7	NFIC	0.9946565545798768	False
0.00041604474674609396	0.1890547263681592	0.10222873941928706	0.0614699253415974	NK	Dendritic cell	2	5	6	3	6	NIPA1	0.9946565545798768	False
0.000264847922269832	0.1890547263681592	0.27205765566597706	0.34150181990821327	B cell	Monocyte	2	6	7	3	4	PLSCR1	0.9946565545798768	False
0.0005292316273692491	0.1890547263681592	0.11113048804435632	0.2986058815578598	Dendritic cell	NK	2	6	7	4	7	POLR2K	0.9946565545798768	False
9.156249361623868e-05	0.1890547263681592	0.0811043288799923	0.14297679165607485	Erythroid	Plasma cell	2	7	17	7	14	PREX1	0.9946565545798768	False
0.0006406721922471915	0.1890547263681592	0.1098943318727294	0.11744730679156912	Plasma cell	Dendritic cell	2	5	8	3	5	REEP3	0.9946565545798768	False
0.0015548454249081362	0.1890547263681592	0.21769173817339016	0.24697754749568218	B cell	Erythroid	2	3	5	3	5	RINL	0.9946565545798768	False
0.0010159826774520121	0.1890547263681592	0.10366303914918085	0.07079101261926746	T cell	B cell	2	3	4	3	4	SGTA	0.9946565545798768	False
0.0005408319974922619	0.1890547263681592	0.20204655372496533	0.2525507285705544	B cell	T cell	2	7	11	3	7	SH3GL1	0.9946565545798768	False
0.0002328569880884991	0.1890547263681592	0.23596014358907547	0.25300226334709086	Plasma cell	Monocyte	2	7	10	6	8	SUB1	0.9946565545798768	False
0.00041023710639665693	0.1890547263681592	0.18984372722048048	0.28265094074698116	Dendritic cell	T cell	2	7	10	4	9	SUMO3	0.9946565545798768	False
0.00046456725577761067	0.1890547263681592	0.15705842392779196	0.21682523185161495	Plasma cell	T cell	2	7	9	3	5	TCF7L2	0.9946565545798768	False
9.265303783855031e-05	0.1890547263681592	0.12408896946911874	0.3732413226035306	Monocyte	Plasma cell	2	7	13	7	13	TXN	0.9946565545798768	False
0.0013305028386256241	0.1890547263681592	0.30592990288591126	0.32552954292084724	B cell	T cell	2	6	6	3	5	U2AF1L4	0.9946565545798768	False
0.0001591794181825569	0.1890547263681592	0.0519122467264837	0.22869045032042745	T cell	Plasma cell	2	7	8	5	7	UMAD1	0.9946565545798768	False
0.00019431082424597963	0.1890547263681592	0.12089023099527535	0.19548384683482745	Erythroid	Plasma cell	2	7	8	3	6	VDAC2	0.9946565545798768	False
0.000165653758527777	0.1890547263681592	0.0713754379572209	0.08143023236772728	B cell	T cell	2	7	18	10	14	VPS4B	0.9946565545798768	False
2.8454396475370725e-05	0.1890547263681592	0.4038789758978167	0.6901221214922026	T cell	Monocyte	2	7	12	5	8	ZDHHC12	0.9946565545798768	False
0.00012619265935905478	0.19402985074626866	0.10707592407592403	0.47534472113603626	B cell	T cell	2	3	5	3	4	AFMID	0.9946565545798768	False
0.000837415632964296	0.19402985074626866	0.1212386897049077	0.13041212468923313	B cell	T cell	2	4	7	4	5	CCNG1	0.9946565545798768	False
0.00134453421615251	0.19402985074626866	0.2865130691896017	0.26054437869822483	Erythroid	NK	2	7	9	3	7	DHX30	0.9946565545798768	False
0.0011176903362379409	0.19402985074626866	0.23698484547694088	0.24821558074735683	NK	Plasma cell	2	6	8	3	5	DLAT	0.9946565545798768	False
2.2324622019442052e-05	0.19402985074626866	0.4844032141567353	0.6732011245346099	NK	Plasma cell	2	6	6	3	4	ENSG00000290122	0.9946565545798768	False
0.0021488912539857734	0.19402985074626866	0.07590303090303091	0.12614113413740252	Erythroid	NK	2	2	3	3	3	ENSG00000290879	0.9946565545798768	False
0.00021807453216737027	0.19402985074626866	0.10977699183028	0.148392248205644	Monocyte	T cell	2	7	9	4	8	GNAI2	0.9946565545798768	False
0.00026226778761824564	0.19402985074626866	0.1267725169840026	0.252260127980101	NK	Monocyte	2	7	13	6	9	IARS1	0.9946565545798768	False
0.0008306301049094018	0.19402985074626866	0.11830373354911694	0.03165849673202614	B cell	Erythroid	2	3	4	3	4	KYAT3	0.9946565545798768	False
0.00022739299792541234	0.19402985074626866	0.13621443544036343	0.1082703388062336	Monocyte	Plasma cell	2	7	13	6	11	NUP214	0.9946565545798768	False
0.00034721988101944626	0.19402985074626866	0.15948951366013875	0.14075580477017852	Erythroid	Monocyte	2	7	11	5	10	PCGF5	0.9946565545798768	False
0.00016712040608392027	0.19402985074626866	0.05916952299633965	0.053672903672903616	Plasma cell	B cell	2	6	8	4	7	PMS2P4	0.9946565545798768	False
4.048975059364006e-05	0.19402985074626866	0.18961847488432	0.48117075581883517	Erythroid	Dendritic cell	2	7	10	6	10	POLR2L	0.9946565545798768	False
0.00018285505797045303	0.19402985074626866	0.07789015116160247	0.08487654320987653	Dendritic cell	Monocyte	2	5	5	3	4	PSAP	0.9946565545798768	False
0.0007216524630005391	0.19402985074626866	0.14163414842472605	0.05433377456786115	Dendritic cell	Erythroid	2	3	4	3	3	RAB11FIP4	0.9946565545798768	False
0.0005922432700248739	0.19402985074626866	0.22690343819984166	0.27046437286300223	T cell	Erythroid	2	7	10	3	8	RRP12	0.9946565545798768	False
0.00013064025273807272	0.19402985074626866	0.11094956702502601	0.18380678141987944	T cell	Plasma cell	2	7	10	3	8	SKAP1	0.9946565545798768	False
0.0011195559180346678	0.19402985074626866	0.31731218036854447	0.3745210727969349	Dendritic cell	T cell	2	6	10	3	7	STN1	0.9946565545798768	False
0.0008248009429225162	0.19402985074626866	0.11665646103304539	0.14194690265486726	NK	Erythroid	2	4	6	3	5	TSR1	0.9946565545798768	False
9.548713246834013e-05	0.19402985074626866	0.13713983836256566	0.14631239460250062	Plasma cell	Monocyte	2	7	14	5	10	UBE2W	0.9946565545798768	False
0.000995940725794209	0.19402985074626866	0.10526529041371768	0.2086756229778663	Erythroid	T cell	2	7	13	6	11	USP10	0.9946565545798768	False
0.0006364359976400722	0.19402985074626866	0.17648479218666618	0.169555983154226	T cell	Plasma cell	2	7	10	3	5	WBP1L	0.9946565545798768	False
0.0008007926965589451	0.19402985074626866	0.17847184547951805	0.1330462896281201	Erythroid	T cell	2	7	8	3	6	WDR74	0.9946565545798768	False
0.004817773569214525	0.19900497512437812	0.18936514943774463	0.20410065237651442	NK	T cell	2	3	4	3	3	ATP5F1E	0.9946565545798768	False
0.0006396147982002959	0.19900497512437812	0.11930641964403121	0.08926205617382088	Dendritic cell	T cell	2	7	8	3	7	BAZ1B	0.9946565545798768	False
0.00024555878495821106	0.19900497512437812	0.1477131691688825	0.3733667524844694	NK	Dendritic cell	2	7	18	8	15	BTG3	0.9946565545798768	False
0.00012019892633684502	0.19900497512437812	0.10700414906775813	0.14845748735201802	Monocyte	T cell	2	7	17	8	10	CARS2	0.9946565545798768	False
0.00011111811190890557	0.19900497512437812	0.2438785164698427	0.7544676871573153	B cell	Plasma cell	2	7	7	3	7	CD52	0.9946565545798768	False
0.002421114797232071	0.19900497512437812	0.18422924457407214	0.27556185462644256	NK	Monocyte	2	6	5	3	4	CDC37	0.9946565545798768	False
0.000532831443072024	0.19900497512437812	0.1857519769397848	0.18403111196466299	Monocyte	B cell	2	4	5	3	3	ENSG00000289557	0.9946565545798768	False
0.003543544108032157	0.19900497512437812	0.14055186006405518	0.10767215826842214	Plasma cell	Dendritic cell	2	2	3	3	3	FDX1	0.9946565545798768	False
0.0001563461926372402	0.19900497512437812	0.08639691716754849	0.10278737774828456	Plasma cell	B cell	2	7	18	8	15	FRY	0.9946565545798768	False
0.000973842201827643	0.19900497512437812	0.06842475060232772	0.08422575301556195	Erythroid	NK	2	2	3	3	3	FSD1L	0.9946565545798768	False
0.00026231313911254106	0.19900497512437812	0.5516440807381721	0.5163477310005468	Plasma cell	Erythroid	2	7	8	3	6	GLIPR1	0.9946565545798768	False
0.0010695090418913107	0.19900497512437812	0.14852335841299902	0.35083905747326316	Dendritic cell	T cell	2	5	8	3	6	ICE1	0.9946565545798768	False
0.0007372699756075006	0.19900497512437812	0.08455065121731797	0.11897435897435893	Plasma cell	NK	2	5	10	3	8	KLHL15	0.9946565545798768	False
0.0005416679372954771	0.19900497512437812	0.11771338306324691	0.012013008893070998	Erythroid	T cell	2	5	5	3	4	LINC01138	0.9946565545798768	False
0.00021017955379020028	0.19900497512437812	0.1396110851638786	0.2361712138923811	Monocyte	NK	2	7	13	4	10	NAA35	0.9946565545798768	False
0.00023926167751855946	0.19900497512437812	0.14272269636257706	0.155467070721308	Plasma cell	T cell	2	7	13	5	10	PUM3	0.9946565545798768	False
0.0005131381345631045	0.19900497512437812	0.12462748930084488	0.15774484322291654	B cell	NK	2	7	8	4	6	SKAP2	0.9946565545798768	False
7.347819549094212e-05	0.19900497512437812	0.032263366212073485	0.0363914771616603	T cell	B cell	2	3	5	3	5	SLC2A1	0.9946565545798768	False
0.0013682483983099927	0.19900497512437812	0.19355568463024508	0.39750098719467475	Dendritic cell	NK	2	7	14	4	10	SLC35C2	0.9946565545798768	False
0.0015543556922896994	0.19900497512437812	0.21793316909716556	0.2555191568152685	Erythroid	NK	2	4	5	3	3	STARD3	0.9946565545798768	False
0.00022757649597922482	0.19900497512437812	0.22623197070067302	0.2486405453375478	Monocyte	Plasma cell	2	7	18	7	14	SUGT1	0.9946565545798768	False
0.0003486113171027758	0.19900497512437812	0.17822160926973535	0.3059764708076243	Monocyte	Erythroid	2	7	14	7	12	TGS1	0.9946565545798768	False
0.00056715478962299	0.19900497512437812	0.22776153942401894	0.32327912078089915	B cell	Erythroid	2	5	9	4	8	THOC3	0.9946565545798768	False
0.000698252791162633	0.19900497512437812	0.17615009164993445	0.2238095238095238	Erythroid	NK	2	6	9	4	6	THUMPD3	0.9946565545798768	False
0.0014845420063167632	0.19900497512437812	0.15912014151719361	0.16869796869796871	NK	B cell	2	4	7	3	5	TMLHE-AS1	0.9946565545798768	False
0.0005054416062360876	0.19900497512437812	0.13431947649098946	0.023836946238328327	Monocyte	Erythroid	2	4	4	3	3	UBASH3A	0.9946565545798768	False
0.0005783125776272417	0.19900497512437812	0.22780949302589037	0.3573486753095032	Plasma cell	Monocyte	2	7	11	7	10	UQCRFS1	0.9946565545798768	False
0.0005125929446224527	0.19900497512437812	0.1656280177683399	0.3699824355971897	Plasma cell	T cell	2	7	11	4	9	URI1	0.9946565545798768	False
0.0013720600795372301	0.19900497512437812	0.14361998737028359	0.12235399820305476	Dendritic cell	NK	2	6	9	3	6	YIF1B	0.9946565545798768	False
0.0005790113895400101	0.19900497512437812	0.12634243573714143	0.15490196078431373	Dendritic cell	NK	2	6	9	3	6	ZBTB10	0.9946565545798768	False
0.0005656295699975299	0.19900497512437812	0.25657780377980344	0.3600719424460432	T cell	NK	2	7	15	5	10	ZNF397	0.9946565545798768	False
0.003504777572670271	0.19900497512437812	0.20367940406790225	0.23760330578512395	NK	B cell	2	3	4	3	4	ZNF749	0.9946565545798768	False
0.000551938688039585	0.20398009950248755	0.17722384381365763	0.24890426909842606	Dendritic cell	Plasma cell	2	7	12	4	7	ACSM3	0.9946565545798768	False
5.112236863269896e-05	0.20398009950248755	0.0372790110785719	0.08329007837797908	B cell	T cell	2	7	10	4	9	ARHGAP26	0.9946565545798768	False
0.0003336410911355631	0.20398009950248755	0.22301849230970272	0.269407290847102	NK	Plasma cell	2	7	7	4	7	ATF6	0.9946565545798768	False
0.00017512655396396715	0.20398009950248755	0.12302109659032445	0.31307128451934196	T cell	Plasma cell	2	7	7	5	7	CALR	0.9946565545798768	False
0.00022236431754415835	0.20398009950248755	0.2381711589526454	0.3384567640492056	Dendritic cell	T cell	2	7	9	4	8	CDC26	0.9946565545798768	False
0.0002628859837873312	0.20398009950248755	0.05572554185679346	0.06777030744725177	Plasma cell	T cell	2	7	18	9	14	DLEU1	0.9946565545798768	False
8.946475632022358e-05	0.20398009950248755	0.06863004834942327	0.19345552763840762	B cell	Plasma cell	2	7	10	7	10	DOCK2	0.9946565545798768	False
0.00016049029828723235	0.20398009950248755	0.06344498047945357	0.08171558320612154	Monocyte	NK	2	7	9	6	8	ENSG00000275778	0.9946565545798768	False
0.0008852797094396417	0.20398009950248755	0.052477188525707597	0.07001819185250291	NK	Erythroid	2	2	3	3	3	ENSG00000275964	0.9946565545798768	False
0.0004896365348221915	0.20398009950248755	0.08079185168097308	0.04857667766342033	Erythroid	B cell	2	3	4	3	3	ENSG00000289546	0.9946565545798768	False
0.0003939063600661652	0.20398009950248755	0.11046588431132803	0.2799816770336081	Dendritic cell	Erythroid	2	7	10	4	8	ENSG00000290548	0.9946565545798768	False
0.0005329721463834045	0.20398009950248755	0.09978869095992482	0.2110072921912009	B cell	Plasma cell	2	7	13	3	8	FANCA	0.9946565545798768	False
0.0010243490493911398	0.20398009950248755	0.17010783311325578	0.167211561241412	NK	Dendritic cell	2	6	9	3	5	FBRSL1	0.9946565545798768	False
0.0002655704798208202	0.20398009950248755	0.12734589894540138	0.14512118031189647	NK	T cell	2	7	7	4	7	GNB1	0.9946565545798768	False
0.0002024972052505708	0.20398009950248755	0.12475789655906089	0.10405470090791985	Monocyte	NK	2	7	9	5	8	KDM5A	0.9946565545798768	False
0.00016786126636577332	0.20398009950248755	0.31075241704285866	0.4108602946708216	T cell	Erythroid	2	7	11	3	8	LAIR1	0.9946565545798768	False
0.0005480573821547279	0.20398009950248755	0.19922283038063637	0.3012518076644975	T cell	Dendritic cell	2	7	14	4	9	LSS	0.9946565545798768	False
0.0006558488314836492	0.20398009950248755	0.2774409796196071	0.49083924349881797	T cell	Monocyte	2	7	7	3	6	LYPLAL1	0.9946565545798768	False
0.00069788220571907	0.20398009950248755	0.1855183315427803	0.27710797796077385	Dendritic cell	Erythroid	2	7	10	3	8	MCTP1	0.9946565545798768	False
0.00013291166236334764	0.20398009950248755	0.12749438074971609	0.2488229213382661	B cell	Erythroid	2	7	14	7	10	NBN	0.9946565545798768	False
0.0003723388048766084	0.20398009950248755	0.08565578281773495	0.07409909192837649	T cell	Plasma cell	2	7	10	5	9	PDE4D	0.9946565545798768	False
0.00044303326304527275	0.20398009950248755	0.1010436109228885	0.36509535320977704	B cell	T cell	2	7	7	3	7	PNRC2	0.9946565545798768	False
3.471414576940358e-05	0.20398009950248755	0.21674717834529822	0.026447331656887396	NK	Dendritic cell	2	5	5	4	5	RPL11	0.9946565545798768	False
0.0008929767047377574	0.20398009950248755	0.24335032851938587	0.16588848538748485	T cell	Dendritic cell	2	5	7	3	6	RPS13	0.9946565545798768	False
7.57322089537333e-05	0.20398009950248755	0.07232551195655718	0.14250095496058612	Erythroid	Plasma cell	2	7	11	5	10	SFMBT2	0.9946565545798768	False
9.93438245712295e-05	0.20398009950248755	0.2803983774827566	0.4166264715703779	Plasma cell	Erythroid	2	6	8	3	4	SLC43A2	0.9946565545798768	False
0.0005252248759974271	0.20398009950248755	0.20503012110154956	0.24132153515890892	T cell	NK	2	4	7	3	4	SNX20	0.9946565545798768	False
0.0006885846482766895	0.20398009950248755	0.40640657503012845	0.6027956989247312	Monocyte	NK	2	6	9	3	5	SULT1A1	0.9946565545798768	False
0.0005458284755578707	0.20398009950248755	0.13624973576287075	0.17899070716502125	T cell	B cell	2	7	10	4	9	TMEM123	0.9946565545798768	False
0.0014442503779102927	0.20398009950248755	0.13485838779956433	0.14276986454405804	Dendritic cell	Plasma cell	2	6	6	3	4	TMEM126B	0.9946565545798768	False
0.0014177040121991402	0.20398009950248755	0.22750582400470576	0.25991792065663477	B cell	Erythroid	2	4	5	3	4	TMEM43	0.9946565545798768	False
0.0009708982042800051	0.20398009950248755	0.15148090945245352	0.07733499377335001	B cell	NK	2	5	9	3	6	TNFRSF10A	0.9946565545798768	False
0.000596498382736664	0.208955223880597	0.2904750248649405	0.19266318802401278	Plasma cell	Erythroid	2	7	13	3	7	ACOT9	0.9946565545798768	False
8.728733153948878e-05	0.208955223880597	0.21921742134391164	0.19714811891607475	NK	Erythroid	2	4	7	4	5	AP1S2	0.9946565545798768	False
5.33334475738821e-05	0.208955223880597	0.056553553046503335	0.1124353570840132	Monocyte	T cell	2	7	17	11	14	ARFGEF2	0.9946565545798768	False
0.00032807142465157273	0.208955223880597	0.1695166561771032	0.18240819812126385	Dendritic cell	NK	2	7	13	5	9	AZIN1	0.9946565545798768	False
0.0004834006436106031	0.208955223880597	0.2221912951525658	0.477614665788032	B cell	Plasma cell	2	6	7	3	6	C11orf98	0.9946565545798768	False
0.0016668712555451368	0.208955223880597	0.15257005560524628	0.13355397876089337	T cell	NK	2	4	7	4	6	CCNDBP1	0.9946565545798768	False
0.002292248901651899	0.208955223880597	0.10618906596485472	0.08196629213483148	NK	Erythroid	2	2	3	3	3	CCZ1B	0.9946565545798768	False
0.001014201631049804	0.208955223880597	0.08232014733562726	0.029203101798383146	T cell	B cell	2	2	3	3	3	ENC1	0.9946565545798768	False
0.00035766926138614333	0.208955223880597	0.07595987155926237	0.16384615384615392	Erythroid	NK	2	2	3	3	3	ENSG00000290993	0.9946565545798768	False
0.0004165887579465668	0.208955223880597	0.20003931117470458	0.1596855254857757	B cell	Plasma cell	2	7	8	3	5	HYPK	0.9946565545798768	False
0.00026469678393289644	0.208955223880597	0.2472626525338869	0.42748760832181276	NK	Erythroid	2	6	11	5	8	ISOC2	0.9946565545798768	False
0.0026026401345493563	0.208955223880597	0.29554040157968436	0.4778481012658228	Dendritic cell	NK	2	7	8	3	5	LINC02384	0.9946565545798768	False
0.0008567807623546047	0.208955223880597	0.22131475718083393	0.22585489146595306	Plasma cell	B cell	2	7	7	3	5	MLF2	0.9946565545798768	False
0.00017439056170302086	0.208955223880597	0.1438093346339155	0.14264970723290304	T cell	Dendritic cell	2	6	12	5	7	MON1B	0.9946565545798768	False
0.00190501369815314	0.208955223880597	0.11158881389693387	0.00462962962962965	Dendritic cell	Plasma cell	2	2	3	3	3	NNT-AS1	0.9946565545798768	False
0.00017934903425503672	0.208955223880597	0.10543929461402629	0.16633284382629837	Dendritic cell	NK	2	7	13	6	10	POLE3	0.9946565545798768	False
0.0001410489440957814	0.208955223880597	0.1536120874571088	0.21837334763542293	T cell	Plasma cell	2	7	9	5	8	RAB7A	0.9946565545798768	False
0.0008005711167871711	0.208955223880597	0.05301475268230593	0.06630856730161594	NK	T cell	2	3	5	4	4	RALGPS1	0.9946565545798768	False
0.0002513557898552735	0.208955223880597	0.08340786134579842	0.09412024280253467	Monocyte	B cell	2	7	18	9	14	RELCH	0.9946565545798768	False
0.0005766776868064273	0.208955223880597	0.11457765864764785	0.10897885196374624	NK	T cell	2	6	10	3	6	RMDN3	0.9946565545798768	False
0.0006870827227157992	0.208955223880597	0.2910808904215864	0.3695367132867133	NK	B cell	2	7	9	3	6	SLFN12L	0.9946565545798768	False
0.00038430339141399823	0.208955223880597	0.07205311732373043	0.08091349062310954	B cell	Dendritic cell	2	3	5	3	4	SNIP1	0.9946565545798768	False
0.00035856826664638236	0.208955223880597	0.235649257108056	0.15165599674351482	Dendritic cell	T cell	2	4	6	3	4	SRI	0.9946565545798768	False
0.00016381683968228313	0.208955223880597	0.1688430524414381	0.1754638298642207	T cell	B cell	2	6	7	3	4	SUPV3L1	0.9946565545798768	False
0.000954058647417875	0.208955223880597	0.037756675732426914	0.1056019839652127	Erythroid	T cell	2	5	7	3	5	TMEM223	0.9946565545798768	False
8.087472793926092e-05	0.208955223880597	0.08748460107314954	0.2488728120450548	Dendritic cell	Monocyte	2	7	11	5	10	UPF2	0.9946565545798768	False
0.00012916065783359152	0.208955223880597	0.052662552373887506	0.25467115097159937	Monocyte	T cell	2	7	9	5	8	ZNF148	0.9946565545798768	False
0.0002560084849806979	0.21393034825870647	0.10101291340307633	0.21313905485923923	Plasma cell	NK	2	7	9	5	7	APPL2	0.9946565545798768	False
0.0005919975001357507	0.21393034825870647	0.13373012461285522	0.1738979871582137	Dendritic cell	NK	2	4	7	3	5	CBFA2T3	0.9946565545798768	False
0.0010971062307575084	0.21393034825870647	0.13535327418719223	0.2172573678861789	B cell	Plasma cell	2	7	9	4	7	CCNT1	0.9946565545798768	False
0.0014202481399184315	0.21393034825870647	0.05623579933875256	0.08119878516990425	B cell	Erythroid	2	3	4	3	4	CLIP2	0.9946565545798768	False
0.0005822499640845023	0.21393034825870647	0.36721925133689837	0.4758884526326387	NK	B cell	2	5	7	3	4	COPS7A	0.9946565545798768	False
0.0005696547187483547	0.21393034825870647	0.4388565682683331	0.49031933618305257	Plasma cell	B cell	2	6	9	3	4	COX15	0.9946565545798768	False
0.0002890189932852719	0.21393034825870647	0.04636740314312865	0.0820341994226072	NK	T cell	2	2	3	3	3	DDX47	0.9946565545798768	False
0.002537073836603881	0.21393034825870647	0.14780772430206468	0.13834555119341285	Erythroid	NK	2	3	5	3	4	EFHC2	0.9946565545798768	False
0.000835265658271676	0.21393034825870647	0.09538643534651542	0.1624311209803438	Monocyte	B cell	2	3	3	3	3	EIF6	0.9946565545798768	False
0.0007898112216690857	0.21393034825870647	0.22054024736689687	0.22876536699856287	NK	Plasma cell	2	6	10	3	6	ENSG00000249456	0.9946565545798768	False
0.0005232641097881648	0.21393034825870647	0.10436423966236452	0.1377592989985693	Monocyte	T cell	2	7	7	4	7	EPB41	0.9946565545798768	False
0.00016500466879871187	0.21393034825870647	0.03742596028310313	0.08273255407013369	Erythroid	NK	2	2	3	3	3	EPN1	0.9946565545798768	False
0.0001247130143500011	0.21393034825870647	0.13875666766334255	0.21760580587137457	T cell	Erythroid	2	7	16	4	12	EXOSC8	0.9946565545798768	False
8.627474108794577e-05	0.21393034825870647	0.07978561555727531	0.1592065486545814	T cell	Plasma cell	2	7	9	5	9	ITPR2	0.9946565545798768	False
0.0007321958754163543	0.21393034825870647	0.2544249999495356	0.3366977073141981	Monocyte	T cell	2	7	14	3	7	KIF4A	0.9946565545798768	False
0.00032877703031121007	0.21393034825870647	0.09646278800303998	0.11296700299972734	Erythroid	NK	2	3	4	3	4	LMF1	0.9946565545798768	False
6.169472727034721e-05	0.21393034825870647	0.08544344379112978	0.29397381780720117	B cell	Dendritic cell	2	7	18	10	16	MBP	0.9946565545798768	False
0.001635887948441223	0.21393034825870647	0.245962578354613	0.3034957627118644	Erythroid	B cell	2	3	4	3	4	MBTPS2	0.9946565545798768	False
0.0007923009013535506	0.21393034825870647	0.36971177416527834	0.4963984358921589	Dendritic cell	NK	2	5	7	3	6	METTL2B	0.9946565545798768	False
0.0011491745823430496	0.21393034825870647	0.10337254959974779	0.12005916213623274	NK	Erythroid	2	4	7	4	5	MOSMO	0.9946565545798768	False
0.0006801457699963384	0.21393034825870647	0.13698898590914754	0.11886136462407648	Plasma cell	Erythroid	2	6	10	4	6	MYO18A	0.9946565545798768	False
0.0007188973902235188	0.21393034825870647	0.20774012852870988	0.3368158712925035	B cell	Plasma cell	2	7	10	4	8	NR1H2	0.9946565545798768	False
0.0003774199017508792	0.21393034825870647	0.16959831162461586	0.1718001415505227	Monocyte	Plasma cell	2	7	10	3	7	PCSK7	0.9946565545798768	False
0.0006544895332709444	0.21393034825870647	0.24456664701344671	0.3149024491490245	NK	Plasma cell	2	6	6	3	4	PDE12	0.9946565545798768	False
0.00046768277030245363	0.21393034825870647	0.39794245696294794	0.38294816555686123	Erythroid	Dendritic cell	2	3	4	3	3	PRPF19	0.9946565545798768	False
0.0001649404681289881	0.21393034825870647	0.19177916042242354	0.34688660318177966	Dendritic cell	Monocyte	2	7	9	5	8	PSMB6	0.9946565545798768	False
0.0002455537743611081	0.21393034825870647	0.21056734834400592	0.4179192815959998	Dendritic cell	T cell	2	7	10	6	9	RABAC1	0.9946565545798768	False
0.0003775715303623302	0.21393034825870647	0.08832465567554543	0.2671130428592897	Dendritic cell	Erythroid	2	7	17	11	17	RBM39	0.9946565545798768	False
0.0005114727776802111	0.21393034825870647	0.14137966842178323	0.3092717149937245	B cell	NK	2	7	12	5	11	REST	0.9946565545798768	False
0.0003891977252270472	0.21393034825870647	0.18262098768735235	0.13610815162061707	T cell	Monocyte	2	7	16	6	11	RNF6	0.9946565545798768	False
0.0001209970500915415	0.21393034825870647	0.07219516312003504	0.12811610323271266	B cell	Erythroid	2	7	11	5	9	SGMS1	0.9946565545798768	False
0.002433954741532105	0.21393034825870647	0.35748596798865384	0.5786612758310872	NK	Monocyte	2	5	10	3	6	SKA1	0.9946565545798768	False
0.00015208005126546753	0.21393034825870647	0.4883297650906929	0.5778113207547171	T cell	Erythroid	2	4	5	3	4	SLC25A38	0.9946565545798768	False
0.00026195511208221305	0.21393034825870647	0.19325506703011075	0.16558623002123624	Erythroid	B cell	2	2	3	3	3	SNHG6	0.9946565545798768	False
0.0007318430653195854	0.21393034825870647	0.06678707652544824	0.07502173643025711	Erythroid	NK	2	4	5	3	5	STX12	0.9946565545798768	False
0.0002667110134836351	0.21393034825870647	0.14393313658678764	0.16138155200655202	Plasma cell	Monocyte	2	7	14	7	12	TAF2	0.9946565545798768	False
0.00029230876000309216	0.21393034825870647	0.17284144823976577	0.20520102330602952	Monocyte	T cell	2	6	8	3	7	TIPARP	0.9946565545798768	False
0.0005029070831780151	0.21393034825870647	0.22933772625210413	0.17864387134164006	Plasma cell	Erythroid	2	6	9	3	5	TRAP1	0.9946565545798768	False
0.0008181524330253378	0.21890547263681592	0.2497861905808892	0.21471040028914795	NK	Plasma cell	2	6	7	3	5	ASB8	0.9946565545798768	False
0.00032479392992346525	0.21890547263681592	0.19420694000831246	0.3808657963355397	B cell	Monocyte	2	7	9	5	8	ATXN7L3B	0.9946565545798768	False
0.00015371499202450597	0.21890547263681592	0.3354758561357283	0.6723424421631579	Erythroid	NK	2	6	7	3	5	BMI1	0.9946565545798768	False
0.00026250074423298886	0.21890547263681592	0.4184373051011604	0.36771380936784703	Dendritic cell	T cell	2	7	11	5	9	CCDC107	0.9946565545798768	False
0.00016257068757663927	0.21890547263681592	0.08938561469862821	0.13126386120546873	Monocyte	Plasma cell	2	7	13	6	11	CFDP1	0.9946565545798768	False
0.00027034509181969157	0.21890547263681592	0.20005354649468382	0.14424207157404706	Plasma cell	Monocyte	2	7	9	4	6	CMSS1	0.9946565545798768	False
0.0019461438541954034	0.21890547263681592	0.09027445969340842	0.1739776733747037	Monocyte	NK	2	2	3	3	3	COL6A2	0.9946565545798768	False
8.512360394815709e-05	0.21890547263681592	0.042156537476749356	0.08207948468643655	B cell	Erythroid	2	5	9	3	5	CRACD	0.9946565545798768	False
0.0005992650719215037	0.21890547263681592	0.08634856224878729	0.19869682868561983	NK	B cell	2	5	6	3	6	DSTYK	0.9946565545798768	False
0.0003577611987762895	0.21890547263681592	0.18553435727156636	0.11348665713413553	B cell	Dendritic cell	2	7	9	5	7	DYNC1LI1	0.9946565545798768	False
0.0007264052446666477	0.21890547263681592	0.15870441223064435	0.08690430509508662	B cell	T cell	2	7	9	3	6	EHD4	0.9946565545798768	False
0.0022644876486895902	0.21890547263681592	0.20670469487709714	0.10901346840105908	T cell	B cell	2	2	3	3	3	ENSG00000273674	0.9946565545798768	False
0.0007097216786517804	0.21890547263681592	0.14307481266794214	0.1997480457393888	NK	Dendritic cell	2	6	12	3	8	ENSG00000285679	0.9946565545798768	False
0.0006543209313625633	0.21890547263681592	0.29038191355040704	0.3098096454418294	Erythroid	B cell	2	7	10	3	7	FAM193B	0.9946565545798768	False
0.0011082508207206476	0.21890547263681592	0.1896357007828927	0.15713042101930996	B cell	NK	2	4	6	3	4	FBXO8	0.9946565545798768	False
0.0025977389456022892	0.21890547263681592	0.15229217216429497	0.18593836984641582	Erythroid	B cell	2	2	3	3	3	FYCO1	0.9946565545798768	False
0.00035528337914589076	0.21890547263681592	0.3055964804722617	0.5064173993197557	T cell	Monocyte	2	6	12	3	9	HSBP1L1	0.9946565545798768	False
0.0002762257249303023	0.21890547263681592	0.14833770362531562	0.1328576115485564	Plasma cell	T cell	2	7	12	4	9	HSD17B11	0.9946565545798768	False
9.337035241326174e-05	0.21890547263681592	0.1931329054916811	0.1584671559768377	Monocyte	NK	2	7	19	9	16	IFNAR1	0.9946565545798768	False
0.0005803494059807843	0.21890547263681592	0.12117493366106025	0.18638396726881873	NK	Plasma cell	2	6	9	3	6	INTS4	0.9946565545798768	False
7.389224496075317e-05	0.21890547263681592	0.18982259337245538	0.08123807872377309	T cell	Dendritic cell	2	3	5	3	4	JAML	0.9946565545798768	False
0.0007311010566392309	0.21890547263681592	0.01859716163266467	0.07986009909647335	Dendritic cell	T cell	2	3	4	3	3	KAT14	0.9946565545798768	False
0.0005754815467070228	0.21890547263681592	0.11091788238018546	0.1056636263728572	Dendritic cell	NK	2	6	11	4	9	KNOP1	0.9946565545798768	False
0.00022314732857151826	0.21890547263681592	0.15145686101983735	0.25269150818578834	Erythroid	Monocyte	2	7	9	5	8	LINC01619	0.9946565545798768	False
0.0014593653377373967	0.21890547263681592	0.22851133787618055	0.38562802468587665	NK	B cell	2	7	12	4	9	MED28	0.9946565545798768	False
0.0002755671611790921	0.21890547263681592	0.08215430423178427	0.1399578333127139	B cell	Dendritic cell	2	7	18	7	13	MED4	0.9946565545798768	False
0.00040906901848410517	0.21890547263681592	0.12477421841229475	0.11224821841137617	Erythroid	Monocyte	2	6	8	3	6	NR3C2	0.9946565545798768	False
0.0009136163059760193	0.21890547263681592	0.06269940318977041	0.11752509821038848	NK	Erythroid	2	2	3	3	3	OTUB1	0.9946565545798768	False
0.00023972658890633196	0.21890547263681592	0.10185953666963699	0.2067847864084934	NK	Monocyte	2	7	12	7	10	PDXDC1	0.9946565545798768	False
0.0010795333787656364	0.21890547263681592	0.296891896837134	0.27668533899942055	NK	Plasma cell	2	5	8	3	6	PHF12	0.9946565545798768	False
0.00015437234901917007	0.21890547263681592	0.23146589101552628	0.3133293644630809	Monocyte	T cell	2	7	11	5	9	RAB18	0.9946565545798768	False
0.001746568974312816	0.21890547263681592	0.08921210474005503	0.16276292826306604	Erythroid	NK	2	2	3	3	3	TWF2	0.9946565545798768	False
0.0007490727275101431	0.21890547263681592	0.09892358449114569	0.3540145642471224	NK	Erythroid	2	2	5	5	5	UBXN8	0.9946565545798768	False
0.0010892641522408097	0.21890547263681592	0.09770078860018688	0.39814814814814814	Erythroid	NK	2	2	3	3	3	WDR5	0.9946565545798768	False
0.0003535595201533676	0.21890547263681592	0.06983126078504887	0.03268519190306901	NK	Erythroid	2	2	3	3	3	ZNF461	0.9946565545798768	False
0.0004321851345275954	0.21890547263681592	0.2241440106230433	0.3334188911704312	Erythroid	Plasma cell	2	7	11	4	9	ZNF506	0.9946565545798768	False
0.0004999522042290432	0.21890547263681592	0.055717910279465044	0.11822925009725621	T cell	Plasma cell	2	7	11	3	8	ZNF529	0.9946565545798768	False
0.00036466793168164226	0.21890547263681592	0.1031764030842271	0.11164865328529766	Erythroid	Plasma cell	2	6	11	3	6	ZNF808	0.9946565545798768	False
0.0007114169854198068	0.21890547263681592	0.15081788966224635	0.16379632098107172	T cell	Plasma cell	2	6	10	3	6	ZNRF1	0.9946565545798768	False
0.0008564006086261267	0.22388059701492538	0.171427032654777	0.16312527667109344	NK	B cell	2	7	11	4	8	ANKRD27	0.9946565545798768	False
0.0009205623894442076	0.22388059701492538	0.11328773275581788	0.13568693378163815	T cell	NK	2	4	6	4	5	C5orf22	0.9946565545798768	False
0.001047380255681325	0.22388059701492538	0.24768806073153898	0.32867629647170254	Monocyte	Plasma cell	2	7	7	3	4	CAMTA1	0.9946565545798768	False
2.7392352318185478e-05	0.22388059701492538	0.17167413993223435	0.5352460084718149	Erythroid	Dendritic cell	2	6	5	3	5	CD48	0.9946565545798768	False
0.0017872522502917535	0.22388059701492538	0.28067066031064153	0.27619215409913084	T cell	NK	2	4	6	3	5	CEP104	0.9946565545798768	False
0.0010360930276326465	0.22388059701492538	0.07536028008309703	0.09414853713428362	Erythroid	B cell	2	2	3	3	3	CISD3	0.9946565545798768	False
0.01219815643992133	0.22388059701492538	0.28975815501848534	0.34825277093596063	Erythroid	Plasma cell	2	5	7	3	5	CUBN	0.9946565545798768	False
0.0003732984720717227	0.22388059701492538	0.1278981325025148	0.16282331857919263	Monocyte	T cell	2	7	8	3	7	DYNC2I1	0.9946565545798768	False
0.001227345345610315	0.22388059701492538	0.12990074359955145	0.20060031702134837	T cell	NK	2	4	6	3	5	E4F1	0.9946565545798768	False
0.0006256055026045042	0.22388059701492538	0.07483156854813822	0.02812104699815121	NK	T cell	2	4	5	3	5	ENSG00000289152	0.9946565545798768	False
0.00010283668338040174	0.22388059701492538	0.24305411859981046	0.2989044366464979	Monocyte	Dendritic cell	2	7	10	3	6	ENSG00000291188	0.9946565545798768	False
0.0014402617452936822	0.22388059701492538	0.11197296557176128	0.10928832762893903	Erythroid	T cell	2	4	5	3	4	FAM53C	0.9946565545798768	False
0.000260451644038731	0.22388059701492538	0.19052868471685963	0.24382072086990125	Plasma cell	T cell	2	7	12	5	8	HERC3	0.9946565545798768	False
0.00025340027474332643	0.22388059701492538	0.13585168148607202	0.2654076409173728	Dendritic cell	Erythroid	2	6	7	4	7	HP1BP3	0.9946565545798768	False
0.0002604900709670205	0.22388059701492538	0.2505515251363817	0.3172687433823059	B cell	Monocyte	2	7	11	3	7	IPMK	0.9946565545798768	False
0.000354000425494937	0.22388059701492538	0.0753410477576687	0.22833322658265925	B cell	T cell	2	7	16	6	11	IRS2	0.9946565545798768	False
0.00022433000516535313	0.22388059701492538	0.09651796272592578	0.13977464855342348	Erythroid	Dendritic cell	2	7	12	3	9	LATS2	0.9946565545798768	False
9.089665379141104e-05	0.22388059701492538	0.07366649752149357	0.0893353268975774	Plasma cell	Erythroid	2	7	19	9	14	LTN1	0.9946565545798768	False
0.0005537541974985176	0.22388059701492538	0.5443210556659559	0.6776582792207793	NK	Plasma cell	2	7	7	4	6	MDH2	0.9946565545798768	False
0.00024628297408634084	0.22388059701492538	0.06462958625171977	0.6973606125965368	Dendritic cell	T cell	2	6	6	3	6	MRTO4	0.9946565545798768	False
0.0011824252085122237	0.22388059701492538	0.07925148549650174	0.06782661782661792	Erythroid	NK	2	2	3	3	3	NBPF11	0.9946565545798768	False
0.0004517526059573972	0.22388059701492538	0.08359274691135982	0.13313645424593323	Dendritic cell	Plasma cell	2	7	12	5	10	NEK1	0.9946565545798768	False
0.0030491652726888853	0.22388059701492538	0.2367196673488653	0.25587112635052084	T cell	B cell	2	5	10	3	7	NOMO1	0.9946565545798768	False
0.0005139397145293863	0.22388059701492538	0.15346867314940676	0.1912079468744855	Dendritic cell	Monocyte	2	4	8	3	5	PDGFD	0.9946565545798768	False
0.0003488199417229793	0.22388059701492538	0.07433943493860368	0.09603663170694637	Plasma cell	Erythroid	2	7	9	3	7	PIK3CA	0.9946565545798768	False
0.00020454838097581666	0.22388059701492538	0.11534000704592295	0.14716405593913706	Plasma cell	NK	2	7	9	5	8	PRH1	0.9946565545798768	False
0.0011841024784153909	0.22388059701492538	0.179992570390484	0.22191644362158136	B cell	Plasma cell	2	3	4	3	3	PRKAR2B	0.9946565545798768	False
0.00031558413645460515	0.22388059701492538	0.43980310120465604	0.46376363100501033	NK	Dendritic cell	2	7	7	3	6	RABGGTB	0.9946565545798768	False
0.0002378148899719795	0.22388059701492538	0.058791582712680035	0.0518137736014071	Dendritic cell	Erythroid	2	7	7	4	7	RLF	0.9946565545798768	False
0.001470093799104909	0.22388059701492538	0.08805204393619032	0.011715065773144684	NK	B cell	2	2	3	3	3	SIAH2	0.9946565545798768	False
0.0004696391447827041	0.22388059701492538	0.38641436440562693	0.33285802270779774	Monocyte	T cell	2	6	10	3	6	SMARCD2	0.9946565545798768	False
0.00016674929457442057	0.22388059701492538	0.10301092906146486	0.19879980789436064	Plasma cell	Dendritic cell	2	7	15	8	12	SNRPB2	0.9946565545798768	False
0.00021823148859393784	0.22388059701492538	0.11482019149872202	0.11610690787943084	T cell	Erythroid	2	7	9	5	7	SUMF1	0.9946565545798768	False
0.0005560368616322159	0.22388059701492538	0.06424183694959507	0.1026755229995654	T cell	NK	2	6	10	3	7	TEX2	0.9946565545798768	False
0.0024318240425534833	0.22388059701492538	0.247448470088936	0.17137370375112015	Monocyte	Erythroid	2	5	5	3	4	TGIF1	0.9946565545798768	False
0.0002978407493332007	0.22388059701492538	0.1668664157794037	0.14893380170195925	T cell	NK	2	7	7	3	7	TRIM33	0.9946565545798768	False
0.0014095758739630555	0.22388059701492538	0.20915963706045143	0.294302689120453	T cell	Plasma cell	2	6	11	4	8	UPRT	0.9946565545798768	False
0.0008201061682416074	0.22388059701492538	0.08669876822050737	0.1827068644837579	NK	Erythroid	2	2	3	3	3	ZNF333	0.9946565545798768	False
0.0004259527886523015	0.22388059701492538	0.10148804080475338	0.1648258159149249	NK	Plasma cell	2	7	11	3	9	ZNF33A	0.9946565545798768	False
8.063363247839958e-05	0.22885572139303484	0.10429068532239977	0.10798046581400372	T cell	Erythroid	2	7	12	7	12	CAMK2D	0.9946565545798768	False
0.0005308325016437135	0.22885572139303484	0.39823523093993546	0.6573072650650982	Erythroid	Dendritic cell	2	5	9	3	6	CD151	0.9946565545798768	False
0.0006533297397495542	0.22885572139303484	0.3404494936739393	0.45706739867323803	Plasma cell	NK	2	7	7	4	6	CDC14A	0.9946565545798768	False
0.00032831957245042207	0.22885572139303484	0.27979042995737796	0.27547735951991265	Plasma cell	B cell	2	6	8	3	5	CEP290	0.9946565545798768	False
0.002186259624072309	0.22885572139303484	0.17279516866781014	0.14950487329434697	Erythroid	NK	2	6	9	3	4	CNTROB	0.9946565545798768	False
0.0007356032135985573	0.22885572139303484	0.05742910598651335	0.033383579539744745	T cell	Dendritic cell	2	4	5	3	4	COX10-DT	0.9946565545798768	False
0.00023422891583452872	0.22885572139303484	0.0660137821623783	0.07918014309516813	NK	Erythroid	2	2	4	4	4	CYSLTR2	0.9946565545798768	False
0.0005815947222957362	0.22885572139303484	0.22849868433927412	0.2479434823591482	Erythroid	T cell	2	7	10	3	6	DPYSL2	0.9946565545798768	False
0.00012585126086828724	0.22885572139303484	0.10251033917778563	0.42352599436969984	T cell	Erythroid	2	7	9	7	9	EIF5A	0.9946565545798768	False
0.0002782126858393175	0.22885572139303484	0.06463550104422017	0.21507448652093164	NK	Erythroid	2	5	6	3	4	ENSG00000287837	0.9946565545798768	False
0.0011527571009672067	0.22885572139303484	0.13392451896279373	0.11232234621256104	B cell	Erythroid	2	4	5	3	5	ENSG00000290192	0.9946565545798768	False
0.0003250612074413803	0.22885572139303484	0.15968645283286365	0.19519317160826594	Plasma cell	Monocyte	2	7	12	3	8	ENSG00000291181	0.9946565545798768	False
0.0005939845879008528	0.22885572139303484	0.1989601371395942	0.19061062300874565	T cell	Monocyte	2	7	10	3	9	LARP1	0.9946565545798768	False
0.0007411995567612347	0.22885572139303484	0.16752654570091174	0.15606259288399332	Erythroid	B cell	2	4	7	3	6	LCMT1	0.9946565545798768	False
7.917271462423074e-05	0.22885572139303484	0.08112079908033498	0.2527565247721851	T cell	B cell	2	7	11	7	10	LUC7L3	0.9946565545798768	False
0.00015815412873029978	0.22885572139303484	0.1163810095539653	0.0698014753881534	Erythroid	NK	2	4	8	3	6	METTL9	0.9946565545798768	False
0.00024344480018908692	0.22885572139303484	0.2966786633728354	0.43805165400260954	T cell	NK	2	5	5	3	4	NFKB2	0.9946565545798768	False
0.00034291351954639714	0.22885572139303484	0.17652921684284156	0.20990451741345661	NK	Monocyte	2	7	8	3	6	PHTF2	0.9946565545798768	False
0.0005148426314199178	0.22885572139303484	0.09055310116833798	0.21910443364265725	B cell	Monocyte	2	7	11	3	7	PLIN2	0.9946565545798768	False
0.00024084558748099002	0.22885572139303484	0.261925889982156	0.2702211993351234	Monocyte	Erythroid	2	5	8	3	5	POMP	0.9946565545798768	False
5.0035562021486436e-05	0.22885572139303484	0.2519648457709594	0.39301647838438925	Plasma cell	Monocyte	2	7	11	6	10	PSMB3	0.9946565545798768	False
0.0005609303647049976	0.22885572139303484	0.10009793788449078	0.12295893122216728	Dendritic cell	B cell	2	7	10	3	7	PWWP2A	0.9946565545798768	False
0.0005431763239619944	0.22885572139303484	0.24442678800576084	0.2399910190962375	Erythroid	Monocyte	2	7	14	4	12	RGCC	0.9946565545798768	False
0.00043300719744666276	0.22885572139303484	0.03931302615513138	0.05355397290881164	NK	Erythroid	2	2	3	3	3	RGP1	0.9946565545798768	False
0.0006040243310934996	0.22885572139303484	0.3003049106016985	0.40952181208053684	B cell	Plasma cell	2	5	9	3	5	SETD6	0.9946565545798768	False
0.00047007829298974485	0.22885572139303484	0.1615894957740548	0.1601466842981683	T cell	Plasma cell	2	7	9	4	7	SLC9A9	0.9946565545798768	False
0.00028172387310241735	0.22885572139303484	0.10308387451905454	0.260097326199236	Erythroid	Monocyte	2	7	8	4	7	SND1	0.9946565545798768	False
0.0003658003174189474	0.22885572139303484	0.304433651933969	0.3918090914485787	Plasma cell	Erythroid	2	7	11	5	9	UBA2	0.9946565545798768	False
0.0005385157933775159	0.22885572139303484	0.06564383627056641	0.09272388059701492	T cell	B cell	2	4	7	3	5	VPS16	0.9946565545798768	False
0.00017487036039956198	0.22885572139303484	0.03738750756803033	0.007750963633316621	Plasma cell	Dendritic cell	2	2	3	3	3	XPOT	0.9946565545798768	False
0.00281668023576541	0.22885572139303484	0.09127316647004219	0.10625000000000001	Erythroid	NK	2	2	3	3	3	ZBTB49	0.9946565545798768	False
0.00040823922569307254	0.22885572139303484	0.058328557542276616	0.03056957462148524	B cell	Erythroid	2	2	4	4	4	ZFAND2A	0.9946565545798768	False
0.0008407705591295664	0.22885572139303484	0.07752421464424136	0.03114666190008042	NK	B cell	2	3	4	3	4	ZMPSTE24	0.9946565545798768	False
0.00028657262073895754	0.22885572139303484	0.09360473216264614	0.08464069429211768	NK	Erythroid	2	2	3	3	3	ZNF440	0.9946565545798768	False
0.00014036037880560203	0.22885572139303484	0.23385048454464796	0.42561810113365156	NK	T cell	2	7	7	3	7	ZNF593	0.9946565545798768	False
0.0025732058937466148	0.23383084577114427	0.16380731470493037	0.19426751592356684	NK	B cell	2	3	4	3	4	ABHD10	0.9946565545798768	False
0.0001995669011778139	0.23383084577114427	0.10324479935855513	0.2109273842553237	Monocyte	Erythroid	2	7	11	6	9	ARID5B	0.9946565545798768	False
8.52251183116704e-05	0.23383084577114427	0.04958583600268851	0.03758083073424878	Dendritic cell	B cell	2	7	11	6	11	BCAS3	0.9946565545798768	False
0.0010588966091836674	0.23383084577114427	0.2794903550552366	0.5302249666636397	T cell	Plasma cell	2	7	11	3	9	DENND10	0.9946565545798768	False
0.001255991079009858	0.23383084577114427	0.2627967977416388	0.20483207221558475	Monocyte	Plasma cell	2	7	12	3	6	DPM1	0.9946565545798768	False
0.0033883852900616616	0.23383084577114427	0.1548251703884353	0.10627622227930478	Erythroid	NK	2	2	3	3	3	ENSG00000188897	0.9946565545798768	False
0.00149852757824617	0.23383084577114427	0.12987678189177587	0.2336092891983374	B cell	Erythroid	2	7	11	4	8	FAM107B	0.9946565545798768	False
0.0006252989564102182	0.23383084577114427	0.15762609965840435	0.46893617021276596	Dendritic cell	T cell	2	5	6	3	5	FAU	0.9946565545798768	False
0.00025814294360792926	0.23383084577114427	0.14927132724676284	0.27406759906759903	B cell	Dendritic cell	2	7	8	4	6	GNL3	0.9946565545798768	False
0.0004580714323373944	0.23383084577114427	0.18946705088093818	0.11135902636916839	Plasma cell	Dendritic cell	2	4	5	3	3	IDH3B	0.9946565545798768	False
0.0005061988418447	0.23383084577114427	0.16091652260593353	0.19052634112875072	Dendritic cell	Plasma cell	2	7	17	4	10	IFT52	0.9946565545798768	False
0.0002629393389091424	0.23383084577114427	0.1304827621887597	0.09810924369747903	Monocyte	B cell	2	5	9	3	5	IGF2BP2	0.9946565545798768	False
0.0005464791365415465	0.23383084577114427	0.15196602961316413	0.10417098983191536	NK	Dendritic cell	2	5	6	3	6	MYDGF	0.9946565545798768	False
0.0001435923372712669	0.23383084577114427	0.06764376587139037	0.12179038281979454	B cell	Dendritic cell	2	7	10	7	10	NEAT1	0.9946565545798768	False
0.00017305377975043227	0.23383084577114427	0.1102425128886903	0.27336427405064473	B cell	Erythroid	2	7	13	5	11	NLRC5	0.9946565545798768	False
0.0011446239053671983	0.23383084577114427	0.2378229028900622	0.17991699022626856	T cell	Dendritic cell	2	6	8	3	7	PPAT	0.9946565545798768	False
0.00034426868456018144	0.23383084577114427	0.13927212013336976	0.19500135642463967	T cell	B cell	2	4	6	3	5	RBM7	0.9946565545798768	False
0.0016031843520088003	0.23383084577114427	0.10804068854970916	0.11113414886999795	B cell	T cell	2	2	3	3	3	RIMKLB	0.9946565545798768	False
9.67526682794056e-05	0.23383084577114427	0.32795556530995174	0.42705514462685673	NK	Monocyte	2	6	6	3	5	RPF1	0.9946565545798768	False
0.0002600754034762841	0.23383084577114427	0.20784459311696868	0.17731599496628053	Erythroid	Plasma cell	2	7	11	4	8	SAMD8	0.9946565545798768	False
0.00013057378930938596	0.23383084577114427	0.15356928868861985	0.1367101480718121	B cell	Monocyte	2	7	14	7	12	SAP18	0.9946565545798768	False
0.00030339851386853694	0.23383084577114427	0.1965812221262634	0.32151898734177214	T cell	Monocyte	2	7	8	3	6	SBDSP1	0.9946565545798768	False
0.0008256855365099385	0.23383084577114427	0.22342462038580957	0.11740330607095056	Plasma cell	Erythroid	2	6	10	3	6	SEPSECS	0.9946565545798768	False
0.0003208485760426108	0.23383084577114427	0.3318037952344959	0.351811887420196	Erythroid	Plasma cell	2	6	7	3	5	SLC25A3	0.9946565545798768	False
0.0005597647257008075	0.23383084577114427	0.13256758744108071	0.32870503390414896	Plasma cell	B cell	2	7	10	4	7	SLF1	0.9946565545798768	False
0.000672580565931922	0.23383084577114427	0.1040347984544413	0.25726062639334923	NK	Erythroid	2	6	11	3	9	TNPO2	0.9946565545798768	False
0.0001199460286447776	0.23383084577114427	0.11300709244408602	0.1979940564635958	Monocyte	T cell	2	7	12	7	11	UBA6	0.9946565545798768	False
0.00015161776653061534	0.23383084577114427	0.16846823417227788	0.33436690053761314	Dendritic cell	NK	2	6	12	3	7	UBAC1	0.9946565545798768	False
0.00048034974295009503	0.23383084577114427	0.05674220360547405	0.06525144916183612	NK	Erythroid	2	2	3	3	3	USP28	0.9946565545798768	False
0.0003177421327162483	0.23383084577114427	0.11266268418040348	0.16274039982286326	NK	T cell	2	6	14	4	9	UTP23	0.9946565545798768	False
0.001745437896353289	0.23383084577114427	0.0988392810661683	0.03835954363243904	NK	Erythroid	2	2	4	4	4	WAS	0.9946565545798768	False
0.0004694974841396416	0.23383084577114427	0.054850756590662825	0.12173649857879779	Erythroid	NK	2	2	3	3	3	WWC3	0.9946565545798768	False
0.005334647586659991	0.23383084577114427	0.152817003179322	0.15393518518518517	NK	B cell	2	2	3	3	3	ZNF566	0.9946565545798768	False
0.0013420115274524668	0.23880597014925373	0.2196724540542212	0.403458021612635	B cell	Monocyte	2	4	5	3	4	ALOX5AP	0.9946565545798768	False
0.0036843147556126178	0.23880597014925373	0.14509710632899042	0.1100023207240659	Erythroid	NK	2	2	3	3	3	ARL16	0.9946565545798768	False
0.0003784746953756911	0.23880597014925373	0.12068937999530549	0.1778773691300068	Monocyte	Plasma cell	2	7	11	4	8	ATAD5	0.9946565545798768	False
0.0004497619884499491	0.23880597014925373	0.09117422044237283	0.15284436493738818	B cell	Plasma cell	2	7	13	3	7	ATXN1L	0.9946565545798768	False
0.0001957993752385295	0.23880597014925373	0.05723529704889868	0.1348676365370856	Plasma cell	Erythroid	2	7	11	5	10	BTRC	0.9946565545798768	False
0.00013869609278432628	0.23880597014925373	0.09898174802365534	0.2573202347347107	T cell	Dendritic cell	2	7	10	6	9	CAST	0.9946565545798768	False
0.0014543123504091363	0.23880597014925373	0.087235705092848	0.04292906178489703	NK	Erythroid	2	2	3	3	3	CLN3	0.9946565545798768	False
8.268681272413672e-05	0.23880597014925373	0.17249696128131087	0.28634200303568214	Plasma cell	Erythroid	2	7	11	3	7	CPD	0.9946565545798768	False
0.00020649871257651356	0.23880597014925373	0.10600166073993622	0.22269514937359458	Monocyte	Plasma cell	2	7	13	8	13	DOCK8	0.9946565545798768	False
0.0004668854242558662	0.23880597014925373	0.256131093003282	0.2220887360702597	Plasma cell	Monocyte	2	7	13	3	8	EBAG9	0.9946565545798768	False
0.0004907145636102242	0.23880597014925373	0.102407450273304	0.09670757329767926	T cell	Monocyte	2	7	13	3	7	ECM2	0.9946565545798768	False
0.004046060983203022	0.23880597014925373	0.134500800320128	0.10886189833558257	NK	Erythroid	2	2	3	3	3	ENSG00000280206	0.9946565545798768	False
0.0009572173044694729	0.23880597014925373	0.2277850812819825	0.22291756071352548	T cell	Monocyte	2	7	12	4	8	ENSG00000291003	0.9946565545798768	False
0.0008386871938198745	0.23880597014925373	0.31328960559509755	0.3253364334531107	T cell	NK	2	6	9	3	5	FAM234A	0.9946565545798768	False
1.7926610107375842e-05	0.23880597014925373	0.4275874843775814	0.8994788409422556	Monocyte	T cell	2	6	8	3	4	GZMA	0.9946565545798768	False
0.00011682863381220839	0.23880597014925373	0.7750758529888503	0.9173509684698803	Plasma cell	Monocyte	2	7	8	3	6	HIGD1A	0.9946565545798768	False
0.0006637028832867998	0.23880597014925373	0.23816332497723447	0.26592574117209394	T cell	Erythroid	2	6	8	3	6	IKZF5	0.9946565545798768	False
0.00035287771614833224	0.23880597014925373	0.21071812721174482	0.28082683897667776	T cell	Dendritic cell	2	7	11	4	8	ILF3-DT	0.9946565545798768	False
0.0010434681504812077	0.23880597014925373	0.04031708468006323	0.0061917745966825755	Erythroid	B cell	2	3	4	3	4	ING3	0.9946565545798768	False
0.0002993424794341318	0.23880597014925373	0.22433219741432553	0.3077429971642431	T cell	Erythroid	2	6	9	3	6	LILRB1	0.9946565545798768	False
0.0005467825400774742	0.23880597014925373	0.11259958981477974	0.1412593624452385	B cell	Dendritic cell	2	3	4	3	4	LINC00623	0.9946565545798768	False
0.0028381195900647	0.23880597014925373	0.13790811214750387	0.08864293221229635	NK	B cell	2	2	3	3	3	LRP2BP	0.9946565545798768	False
0.00024392462867530685	0.23880597014925373	0.14005341885201283	0.2292561447480202	Plasma cell	Erythroid	2	7	8	3	7	MIR142HG	0.9946565545798768	False
0.005237384984284008	0.23880597014925373	0.18228480326003532	0.20507892930679472	B cell	Erythroid	2	2	3	3	3	NAT9	0.9946565545798768	False
0.0006647988812995299	0.23880597014925373	0.1321346356643709	0.15437429493912164	B cell	NK	2	4	6	3	6	NEU3	0.9946565545798768	False
0.00024885277118811156	0.23880597014925373	0.2870406537610363	0.4951965930474398	Monocyte	Plasma cell	2	7	7	3	7	NRDC	0.9946565545798768	False
0.0002988482905118431	0.23880597014925373	0.12685239895918232	0.11107249255213503	T cell	Plasma cell	2	7	10	3	5	PLEKHM1	0.9946565545798768	False
0.00028897545930941485	0.23880597014925373	0.04783966388290917	0.015399610136452246	NK	Erythroid	2	2	4	4	4	RAP2A	0.9946565545798768	False
0.00026106554690452573	0.23880597014925373	0.11503444496673682	0.2115248753564848	Monocyte	Plasma cell	2	7	13	6	9	RFX3-DT	0.9946565545798768	False
6.26278812837315e-05	0.23880597014925373	0.12272848797161318	0.048204054520151196	Monocyte	Erythroid	2	7	8	3	7	RPL7A	0.9946565545798768	False
0.0019676460150993245	0.23880597014925373	0.12318669807432298	0.07074226586421706	NK	B cell	2	2	3	3	3	SLC25A33	0.9946565545798768	False
1.379345498439332e-05	0.23880597014925373	0.07241249648005643	0.04781787173939178	NK	T cell	2	2	3	3	3	SPI1	0.9946565545798768	False
0.00025049595515092807	0.23880597014925373	0.09896982538637233	0.429323467230444	NK	T cell	2	7	12	5	10	TACC3	0.9946565545798768	False
0.0003369026833384853	0.23880597014925373	0.10261124311164682	0.11175827708132441	Erythroid	NK	2	7	9	5	7	TAFA2	0.9946565545798768	False
0.0004888538715818487	0.23880597014925373	0.11246957328635399	0.1256864722929375	Monocyte	NK	2	4	4	3	3	TARDBP	0.9946565545798768	False
0.00019663513181388534	0.23880597014925373	0.08542814620998984	0.1338882387041027	Erythroid	Plasma cell	2	6	11	4	8	TERF1	0.9946565545798768	False
0.001434592030701108	0.23880597014925373	0.21760402718020155	0.18763375731879672	T cell	B cell	2	5	8	3	5	TRAF1	0.9946565545798768	False
0.0015454429364325614	0.23880597014925373	0.1276179568862495	0.13898482927469075	Erythroid	T cell	2	3	4	3	4	TSC2	0.9946565545798768	False
0.0005007922891935537	0.23880597014925373	0.3062833816888882	0.4339558251967011	B cell	Plasma cell	2	6	10	4	6	UBTF	0.9946565545798768	False
0.0002491165827812965	0.23880597014925373	0.07190992748845565	0.1382289094814061	B cell	Dendritic cell	2	7	11	5	9	WSB1	0.9946565545798768	False
0.0002645382158050557	0.23880597014925373	0.17006036472958486	0.285499237804878	T cell	Monocyte	2	7	11	6	9	ZNF431	0.9946565545798768	False
0.0012322508581882905	0.23880597014925373	0.2067946968137664	0.2815594549170597	T cell	Plasma cell	2	6	8	3	5	ZNF84	0.9946565545798768	False
0.0002803745774583362	0.24378109452736318	0.09377526257797864	0.06635795166765684	NK	Monocyte	2	7	13	8	11	ABCC1	0.9946565545798768	False
0.00041205782685134294	0.24378109452736318	0.1594922126847373	0.15170852079561675	Erythroid	Monocyte	2	7	13	3	7	ABHD13	0.9946565545798768	False
0.00029117128682553105	0.24378109452736318	0.1166201723408884	0.09583402332568425	T cell	B cell	2	7	13	7	10	ABHD2	0.9946565545798768	False
0.0007340453944138525	0.24378109452736318	0.13139162535781473	0.18073465963566632	Erythroid	T cell	2	7	7	3	5	AVEN	0.9946565545798768	False
0.0003804195663891092	0.24378109452736318	0.20077950479091883	0.1817050313360276	Dendritic cell	Erythroid	2	7	11	3	7	BCL2L1	0.9946565545798768	False
0.00014508742340323786	0.24378109452736318	0.14052972230662558	0.2827863780100444	Monocyte	T cell	2	7	12	6	11	BOD1L1	0.9946565545798768	False
0.00033274435001395884	0.24378109452736318	0.1308825379300812	0.21190945779521625	Monocyte	Dendritic cell	2	7	7	4	6	C19orf53	0.9946565545798768	False
0.00046974034776339665	0.24378109452736318	0.14254079362137556	0.1703535169576303	B cell	Plasma cell	2	7	9	4	8	CLEC2D	0.9946565545798768	False
0.0009066459398144166	0.24378109452736318	0.11053272244639245	0.08352941176470585	Dendritic cell	B cell	2	2	3	3	3	COMMD4	0.9946565545798768	False
0.0006170517008140384	0.24378109452736318	0.248642736573771	0.36807170542635653	Monocyte	NK	2	7	8	3	5	CORO1C	0.9946565545798768	False
0.007373963667546158	0.24378109452736318	0.22548654015887032	0.1743919885550787	Erythroid	NK	2	2	3	3	3	COX18	0.9946565545798768	False
0.0007523748328855278	0.24378109452736318	0.08734301458471583	0.0364232977850697	NK	Erythroid	2	2	4	4	4	CTPS2	0.9946565545798768	False
0.001154850321482523	0.24378109452736318	0.3784875705072743	0.44162538492435394	B cell	T cell	2	6	8	3	5	CYTH2	0.9946565545798768	False
0.001273156572166839	0.24378109452736318	0.24499100031202925	0.30661793499543144	B cell	T cell	2	4	6	3	4	DDX54	0.9946565545798768	False
0.0007775793246005383	0.24378109452736318	0.07657247765006381	0.0115277130880298	Erythroid	NK	2	2	3	3	3	DMAP1	0.9946565545798768	False
0.007809408574885779	0.24378109452736318	0.29367968538546657	0.20726825641905416	Erythroid	NK	2	3	4	3	3	ENSG00000248268	0.9946565545798768	False
0.0003665579092034689	0.24378109452736318	0.05432985315338257	0.08411499044641302	NK	Erythroid	2	2	3	3	3	ENSG00000254538	0.9946565545798768	False
0.0032325426570219075	0.24378109452736318	0.09339484037669216	0.09933827632942677	NK	B cell	2	3	4	3	4	ENSG00000255968	0.9946565545798768	False
0.0025332566710387183	0.24378109452736318	0.19199770497957241	0.21411121629462243	Erythroid	NK	2	2	3	3	3	ERI2	0.9946565545798768	False
0.00023253115021465472	0.24378109452736318	0.1856611614266468	0.23945330543705678	Plasma cell	Erythroid	2	7	9	3	5	FGD4	0.9946565545798768	False
0.002444072872108117	0.24378109452736318	0.172024646708191	0.12176283507496588	NK	Erythroid	2	2	3	3	3	GFOD2	0.9946565545798768	False
0.00020667088251065434	0.24378109452736318	0.16293381264454726	0.14547109763529525	Dendritic cell	NK	2	5	8	4	5	INSYN2B	0.9946565545798768	False
0.00035099540119622213	0.24378109452736318	0.1440891444906623	0.10021886081560283	Erythroid	Dendritic cell	2	7	6	3	5	KIF1B	0.9946565545798768	False
0.002555162117432723	0.24378109452736318	0.13291402032801838	0.00903977501004416	Erythroid	T cell	2	2	3	3	3	MRPL50	0.9946565545798768	False
0.00035674245643759676	0.24378109452736318	0.12884117273885753	0.1598440283707016	Dendritic cell	B cell	2	7	9	4	7	NAA25	0.9946565545798768	False
0.0004894911204025124	0.24378109452736318	0.22843888367317133	0.334098673486559	NK	B cell	2	7	9	6	8	NDUFB7	0.9946565545798768	False
0.000374680016545817	0.24378109452736318	0.10839134870901823	0.13832265113861975	Plasma cell	B cell	2	7	12	3	7	PCLAF	0.9946565545798768	False
0.001304867876211689	0.24378109452736318	0.14347506776889235	0.11892885271724862	NK	T cell	2	4	6	3	6	PIGG	0.9946565545798768	False
0.0004279744987249148	0.24378109452736318	0.3130037498908858	0.41141362904494994	Monocyte	Plasma cell	2	7	8	3	7	POP5	0.9946565545798768	False
0.00013863974368548594	0.24378109452736318	0.07842786710854799	0.10908622606390972	T cell	Plasma cell	2	7	13	7	12	RNF38	0.9946565545798768	False
0.0006072638180574696	0.24378109452736318	0.07697207695719277	0.17430965492650852	B cell	Dendritic cell	2	2	3	3	3	TK1	0.9946565545798768	False
0.000323904949608737	0.24378109452736318	0.1469156137448821	0.16579128160804912	B cell	Dendritic cell	2	6	9	4	6	TRIM14	0.9946565545798768	False
0.00041897694185067313	0.24378109452736318	0.21200158225583648	0.26220039502482245	Erythroid	Plasma cell	2	6	8	3	7	TRIM56	0.9946565545798768	False
0.00047354342053277125	0.24378109452736318	0.06374092738712589	0.09944637713687204	Dendritic cell	Erythroid	2	6	10	3	8	UBE2O	0.9946565545798768	False
0.0003216516970561385	0.24378109452736318	0.38496108771538445	0.4200671083686411	Monocyte	Plasma cell	2	7	11	4	9	USE1	0.9946565545798768	False
8.129970691481706e-05	0.24378109452736318	0.07142228134937134	0.09446708683726113	Plasma cell	Monocyte	2	7	18	9	13	VAPA	0.9946565545798768	False
0.0011914201402171512	0.24378109452736318	0.07178753134905225	0.0804367201426025	NK	Erythroid	2	2	3	3	3	VPS26B	0.9946565545798768	False
0.0011171024426467819	0.24378109452736318	0.08456404207034718	0.11335311572700296	NK	Erythroid	2	2	4	4	4	YTHDF1	0.9946565545798768	False
0.00015339186839079122	0.24378109452736318	0.04665155382491093	0.038461538461538436	NK	Erythroid	2	2	3	3	3	ZC4H2	0.9946565545798768	False
0.0012697071356133022	0.24378109452736318	0.17847682397529957	0.20626130904099338	Plasma cell	NK	2	7	7	3	5	ZMYM6	0.9946565545798768	False
0.0006878711519572099	0.24378109452736318	0.0898633224328595	0.06320810971973762	Erythroid	NK	2	2	4	4	4	ZNF10	0.9946565545798768	False
0.00015647868170023824	0.24378109452736318	0.02691647362085814	0.04581108764183284	NK	Erythroid	2	2	3	3	3	ZNF674	0.9946565545798768	False
0.00037302303005348015	0.24875621890547264	0.12018571718988291	0.1190047195668743	Erythroid	Plasma cell	2	7	10	4	8	ADH5	0.9946565545798768	False
7.41183116282176e-05	0.24875621890547264	0.08304549471886435	0.18566637848518086	Dendritic cell	Erythroid	2	7	11	7	10	ADK	0.9946565545798768	False
0.0005222486051390165	0.24875621890547264	0.13448497512456314	0.17310088174065413	NK	Erythroid	2	4	6	3	6	ADSS2	0.9946565545798768	False
0.0016056478337184805	0.24875621890547264	0.08397511381001965	0.20643274853801175	NK	B cell	2	3	4	3	4	ALG6	0.9946565545798768	False
0.00013847689065477715	0.24875621890547264	0.09411780276135073	0.20846254650947244	Plasma cell	NK	2	7	10	6	9	ANKHD1	0.9946565545798768	False
0.0031620280604265014	0.24875621890547264	0.1551460369734552	0.12890025575447567	B cell	NK	2	2	3	3	3	ARCN1	0.9946565545798768	False
0.0004194046918369416	0.24875621890547264	0.2205757579289268	0.3402920733331719	T cell	NK	2	6	7	3	6	ARL6IP4	0.9946565545798768	False
0.0004396690139673817	0.24875621890547264	0.393578789162766	0.41737121419778567	T cell	Erythroid	2	7	9	3	6	CARD19	0.9946565545798768	False
0.0010033239961765932	0.24875621890547264	0.08806500005290535	0.045772409408773085	NK	Erythroid	2	2	3	3	3	CCDC120	0.9946565545798768	False
0.0007075085865006584	0.24875621890547264	0.29828287612770366	0.3360730407353021	T cell	B cell	2	4	6	3	5	CHMP7	0.9946565545798768	False
0.0006279194901654172	0.24875621890547264	0.13926692981833327	0.18083832335329342	T cell	Erythroid	2	4	6	3	6	DUS2	0.9946565545798768	False
0.00021751396312283503	0.24875621890547264	0.05517716603690692	0.05515019627922857	T cell	NK	2	2	3	3	3	ENSG00000253720	0.9946565545798768	False
5.962397756619726e-05	0.24875621890547264	0.014492753623188415	0.024253430185633584	Erythroid	NK	2	2	3	3	3	ENSG00000288654	0.9946565545798768	False
0.0007181726141846273	0.24875621890547264	0.1999455194048081	0.20270924557441589	Plasma cell	Monocyte	2	7	7	3	6	ERO1B	0.9946565545798768	False
0.003764852068416515	0.24875621890547264	0.13243654627712603	0.1418391839183918	NK	B cell	2	2	3	3	3	F11R	0.9946565545798768	False
0.000350174939117116	0.24875621890547264	0.22985256430180007	0.1893432549309892	Erythroid	Plasma cell	2	7	16	5	9	FAM217B	0.9946565545798768	False
0.0010940788642399939	0.24875621890547264	0.23261903189006994	0.4224097174237189	Monocyte	Plasma cell	2	7	10	4	9	ITM2B	0.9946565545798768	False
0.00011475714612791895	0.24875621890547264	0.07861961648561416	0.09859055649474463	NK	Erythroid	2	7	11	6	10	KAT6B	0.9946565545798768	False
0.0008865340235022038	0.24875621890547264	0.17753142598734895	0.20772714164841888	Erythroid	Dendritic cell	2	6	6	3	5	KDELR1	0.9946565545798768	False
0.004196879087798007	0.24875621890547264	0.1695919649781814	0.1353444994290064	NK	Erythroid	2	2	3	3	3	KMT2B	0.9946565545798768	False
0.0004966326347296811	0.24875621890547264	0.16612296997076498	0.15867166893662765	Plasma cell	Dendritic cell	2	7	12	4	8	L3MBTL4	0.9946565545798768	False
0.00011135902990501624	0.24875621890547264	0.13140133788760533	0.4804371159289527	Dendritic cell	Monocyte	2	7	9	6	9	NAP1L1	0.9946565545798768	False
0.0006653777424412853	0.24875621890547264	0.15073673944163968	0.2550528179764303	NK	B cell	2	5	6	3	5	PARL	0.9946565545798768	False
0.0003126430400856234	0.24875621890547264	0.10016394619755004	0.04290549589694892	Erythroid	B cell	2	4	9	5	8	RAP2C-AS1	0.9946565545798768	False
0.00030546464614469675	0.24875621890547264	0.13836950958346972	0.12200126406154799	T cell	Plasma cell	2	7	7	3	5	RCSD1	0.9946565545798768	False
0.0022976295081515424	0.24875621890547264	0.12433178071277745	0.09388833357132659	Erythroid	NK	2	2	3	3	3	RDH13	0.9946565545798768	False
0.0005756360977137766	0.24875621890547264	0.07637780094301838	0.07561561561561558	NK	Erythroid	2	2	3	3	3	REXO1	0.9946565545798768	False
0.0020341409548367932	0.24875621890547264	0.10226914001618359	0.16683373429564285	T cell	B cell	2	2	3	3	3	SASS6	0.9946565545798768	False
0.0009228699511231752	0.24875621890547264	0.13026945609685558	0.24312110062390013	T cell	NK	2	6	9	5	7	TIFA	0.9946565545798768	False
0.000193242064905808	0.24875621890547264	0.11398193512346072	0.24835334657615465	Plasma cell	NK	2	7	9	5	8	UBE2E1	0.9946565545798768	False
7.92144295259435e-06	0.24875621890547264	0.021935592637569723	0.15900510143410945	B cell	Erythroid	2	2	3	3	3	UQCRQ	0.9946565545798768	False
0.0008328192299825854	0.24875621890547264	0.21128258840677833	0.22552519487644496	Dendritic cell	Erythroid	2	6	6	3	6	WASF2	0.9946565545798768	False
0.0014845713911931695	0.2537313432835821	0.22896502528462864	0.39188511225385675	Plasma cell	NK	2	6	7	3	6	AGL	0.9946565545798768	False
0.0003010694463569279	0.2537313432835821	0.33266050289408594	0.4395215795442175	NK	Dendritic cell	2	7	11	5	9	ATE1	0.9946565545798768	False
0.0001527453589114459	0.2537313432835821	0.0778673963632805	0.2058641325461733	Dendritic cell	NK	2	7	13	9	12	ATOSA	0.9946565545798768	False
0.00013998770407977666	0.2537313432835821	0.06016030292574037	0.20341210751666255	B cell	Monocyte	2	7	17	9	15	BCL2	0.9946565545798768	False
0.001981694990755934	0.2537313432835821	0.13531656879273038	0.02242142779997841	Dendritic cell	B cell	2	2	3	3	3	CASP6	0.9946565545798768	False
0.00038057147499787134	0.2537313432835821	0.09106970408949244	0.08816178141331515	NK	B cell	2	3	4	3	3	CCDC77	0.9946565545798768	False
0.0006789553020501903	0.2537313432835821	0.11353475524746243	0.06085778249086843	NK	Erythroid	2	2	3	3	3	CHAMP1	0.9946565545798768	False
0.001375530416414969	0.2537313432835821	0.1999955192008896	0.2132273913711039	Erythroid	T cell	2	7	5	3	5	CSDE1	0.9946565545798768	False
0.0002955404024338444	0.2537313432835821	0.0772566119375076	0.1343908220901987	Monocyte	B cell	2	7	8	4	7	CUL1	0.9946565545798768	False
0.004526654475792406	0.2537313432835821	0.14810728139889595	0.050330895158481326	B cell	Dendritic cell	2	2	3	3	3	DPAGT1	0.9946565545798768	False
0.00045684526435908084	0.2537313432835821	0.1781812999501679	0.30486425339366513	Dendritic cell	T cell	2	5	8	3	6	EMC2	0.9946565545798768	False
0.005636310548025231	0.2537313432835821	0.294586616457868	0.22466467958271238	Dendritic cell	B cell	2	2	3	3	3	ENSG00000272447	0.9946565545798768	False
0.00014025057842761057	0.2537313432835821	0.0661202714672165	0.1032840716911218	Dendritic cell	Monocyte	2	7	18	6	13	EPG5	0.9946565545798768	False
5.206271200844233e-05	0.2537313432835821	0.06516402181241787	0.17268710093822198	Monocyte	B cell	2	7	9	6	8	FNDC3B	0.9946565545798768	False
0.000169620235115461	0.2537313432835821	0.06904047960324355	0.0977000444211657	B cell	NK	2	7	13	5	8	FOCAD	0.9946565545798768	False
0.0021827870729605693	0.2537313432835821	0.12314283953143629	0.1402971412477116	Erythroid	B cell	2	2	3	3	3	FUZ	0.9946565545798768	False
0.0002185595879135633	0.2537313432835821	0.09754508423056218	0.10793738790698931	Plasma cell	NK	2	7	7	5	7	GATAD2B	0.9946565545798768	False
0.0007194189384219561	0.2537313432835821	0.0904698228588145	0.05534509600415152	NK	Erythroid	2	2	3	3	3	GRK2	0.9946565545798768	False
0.0006051868140088648	0.2537313432835821	0.1512578591957605	0.1674287182121757	Erythroid	Dendritic cell	2	5	9	3	6	HELQ	0.9946565545798768	False
0.0010469993314366692	0.2537313432835821	0.11106712087563453	0.1660881519030844	NK	Plasma cell	2	5	7	3	5	HERC2P3	0.9946565545798768	False
0.00019340530270870783	0.2537313432835821	0.24530888481628876	0.41255965406245093	Plasma cell	T cell	2	7	11	3	7	IRF8	0.9946565545798768	False
0.00036447623736351765	0.2537313432835821	0.13476004281578408	0.20547819540309875	Monocyte	T cell	2	7	8	3	6	JAZF1	0.9946565545798768	False
0.00010746158587047531	0.2537313432835821	0.07138598769484106	0.26544785342002036	B cell	Monocyte	2	7	8	5	8	JUND	0.9946565545798768	False
9.256763691735712e-05	0.2537313432835821	0.23183728902486944	0.30797989659037495	Dendritic cell	Erythroid	2	7	10	4	7	LCP2	0.9946565545798768	False
0.0010443031142066228	0.2537313432835821	0.07037698195152559	0.05622803592346737	T cell	Erythroid	2	2	3	3	3	LINC02334	0.9946565545798768	False
0.0007762279465423358	0.2537313432835821	0.2086279027456368	0.23937308058879586	T cell	NK	2	6	9	3	7	LMNB1	0.9946565545798768	False
0.0005079461340817487	0.2537313432835821	0.19290908450259808	0.14573569079389548	T cell	NK	2	5	5	3	5	MTOR	0.9946565545798768	False
0.0001229735637143694	0.2537313432835821	0.1495029525188476	0.2495925946980464	Plasma cell	T cell	2	7	18	7	13	NAPG	0.9946565545798768	False
0.0006367679887656967	0.2537313432835821	0.23663983420080975	0.25590767037666545	B cell	T cell	2	6	9	3	6	NDRG1	0.9946565545798768	False
8.412808118538374e-05	0.2537313432835821	0.036504497305714256	0.015393794749403389	Erythroid	NK	2	2	3	3	3	PBX4	0.9946565545798768	False
0.0011460603204558517	0.2537313432835821	0.3206880949690829	0.40603085336108996	NK	Dendritic cell	2	6	9	3	7	PLIN3	0.9946565545798768	False
0.00018969194556218568	0.2537313432835821	0.08009536344413537	0.09996644182690695	Plasma cell	Erythroid	2	7	15	6	9	RAB12	0.9946565545798768	False
0.0006059878165063383	0.2537313432835821	0.11985735585921736	0.11888930325559993	Monocyte	Dendritic cell	2	7	8	4	7	RALA	0.9946565545798768	False
0.0023140862446324765	0.2537313432835821	0.15397705815163126	0.096271186440678	B cell	NK	2	2	3	3	3	RAVER2	0.9946565545798768	False
0.0001889858607043674	0.2537313432835821	0.1317721228888245	0.33145440868655157	Plasma cell	T cell	2	7	16	7	14	RRBP1	0.9946565545798768	False
0.0002120086447220832	0.2537313432835821	0.08238009791279505	0.08962100788406824	Dendritic cell	B cell	2	6	6	3	4	SHOC1	0.9946565545798768	False
0.00046540989796855554	0.2537313432835821	0.35577337647199025	0.5037920931612521	Plasma cell	Dendritic cell	2	6	10	3	6	SPPL2B	0.9946565545798768	False
0.0005196720658666378	0.2537313432835821	0.119482473116089	0.39463336606594246	T cell	Erythroid	2	7	16	6	9	SULF2	0.9946565545798768	False
8.655466336249286e-05	0.2537313432835821	0.08023655202396668	0.14793063556902586	Dendritic cell	Plasma cell	2	7	9	6	9	TAOK3	0.9946565545798768	False
0.0004715600774924443	0.2537313432835821	0.10480627984376101	0.08442091920567107	NK	Dendritic cell	2	5	8	4	7	TMEM161B	0.9946565545798768	False
4.7577118711558916e-05	0.2537313432835821	0.05753965952706375	0.03690076116154889	T cell	Erythroid	2	7	14	9	14	TRAPPC9	0.9946565545798768	False
0.0010973354211123209	0.2537313432835821	0.044538585516886275	0.06660793626474648	Erythroid	B cell	2	2	3	3	3	TUBD1	0.9946565545798768	False
0.00016843043954181236	0.2537313432835821	0.10351236053139817	0.08916209660523089	T cell	Plasma cell	2	7	16	6	10	ZNF217	0.9946565545798768	False
0.0009805840524523823	0.2537313432835821	0.0874929382392069	0.0574162679425837	B cell	T cell	2	2	3	3	3	ZNF713	0.9946565545798768	False
0.00047128421294682	0.25870646766169153	0.39986164068671276	0.6020444083401029	B cell	T cell	2	4	4	3	3	AK1	0.9946565545798768	False
0.001421211973375957	0.25870646766169153	0.07324837020969621	0.07563025210084034	Erythroid	B cell	2	2	3	3	3	ANKRD13A	0.9946565545798768	False
0.0006766710077880678	0.25870646766169153	0.1134689971139059	0.10114607614607612	Plasma cell	B cell	2	6	10	3	8	APPBP2	0.9946565545798768	False
0.0005682474794322843	0.25870646766169153	0.08270331261614505	0.08217847917491561	B cell	Dendritic cell	2	2	3	3	3	ASPM	0.9946565545798768	False
0.0007468568388900609	0.25870646766169153	0.14487502140208092	0.10953348729792145	NK	Erythroid	2	4	6	3	4	B4GALT6	0.9946565545798768	False
0.0004217258757343774	0.25870646766169153	0.17786450438095502	0.15023469940422463	Dendritic cell	T cell	2	7	11	4	7	BICRA	0.9946565545798768	False
0.00035999347987422263	0.25870646766169153	0.12084696462874717	0.16582467875374052	NK	T cell	2	7	10	3	8	CKAP5	0.9946565545798768	False
0.0006846952015621926	0.25870646766169153	0.20183300395256915	0.3256376948512046	Erythroid	B cell	2	4	5	3	3	ENSG00000267002	0.9946565545798768	False
0.0029247478055366583	0.25870646766169153	0.13820075849172186	0.09832689832689834	Erythroid	T cell	2	2	3	3	3	ENSG00000289306	0.9946565545798768	False
0.00023689553816005486	0.25870646766169153	0.07793114670910106	0.1428442499041087	B cell	Erythroid	2	7	10	4	7	FAM168A	0.9946565545798768	False
0.00023785603862953853	0.25870646766169153	0.1242138639351471	0.12087630537205174	NK	Dendritic cell	2	7	10	5	7	FAM98B	0.9946565545798768	False
0.0004702126400247303	0.25870646766169153	0.17942597738263188	0.26916815993436816	NK	Plasma cell	2	6	6	3	3	FBXO21	0.9946565545798768	False
0.0012738645941348398	0.25870646766169153	0.170702004495071	0.239291444736914	T cell	Monocyte	2	7	9	5	8	GSTP1	0.9946565545798768	False
0.000195947227566937	0.25870646766169153	0.09241446768136075	0.23451812734843092	Dendritic cell	T cell	2	6	9	3	6	ITGAX	0.9946565545798768	False
0.00016385502695292077	0.25870646766169153	0.12327934097861792	0.09317933879267154	Erythroid	Dendritic cell	2	7	18	9	15	KIAA1328	0.9946565545798768	False
0.0008395328224200883	0.25870646766169153	0.13857292936125665	0.31895053475935825	Dendritic cell	Erythroid	2	6	10	3	8	LIG1	0.9946565545798768	False
0.0005664181648046	0.25870646766169153	0.047619008586750555	0.053037671010828014	Erythroid	NK	2	2	3	3	3	NOMO2	0.9946565545798768	False
0.001017736997516665	0.25870646766169153	0.1549216610249552	0.07572639225181599	T cell	Erythroid	2	4	5	3	4	NR4A3	0.9946565545798768	False
0.00017369024127425727	0.25870646766169153	0.10097181113612064	0.20962320412035784	Erythroid	Plasma cell	2	7	12	5	11	NUP54	0.9946565545798768	False
0.0025384707885314148	0.25870646766169153	0.09571151930843314	0.148347343999518	Erythroid	T cell	2	3	4	3	4	PGRMC2	0.9946565545798768	False
0.0017315668948936502	0.25870646766169153	0.05989007332064211	0.10273972602739734	NK	Erythroid	2	2	4	4	4	PHF2	0.9946565545798768	False
0.0012774679866534148	0.25870646766169153	0.16826968762188416	0.2584826132771338	B cell	NK	2	3	4	3	3	RFT1	0.9946565545798768	False
3.0370087851281465e-05	0.25870646766169153	0.1301285571779323	0.01742415566442257	B cell	Dendritic cell	2	6	9	4	8	RPL27A	0.9946565545798768	False
0.0007709850669500376	0.25870646766169153	0.17186840711894508	0.3368637834657252	T cell	NK	2	4	6	4	5	RPUSD4	0.9946565545798768	False
0.00036093345835143127	0.25870646766169153	0.09610965505075347	0.19221813725490194	B cell	Erythroid	2	3	4	3	4	SETDB1	0.9946565545798768	False
0.00047237587118912586	0.25870646766169153	0.08497664779160502	0.1540663245163837	Erythroid	B cell	2	4	5	3	4	SPATA2	0.9946565545798768	False
0.00010964496284673291	0.25870646766169153	0.11590250244847328	0.32832848808991155	Plasma cell	T cell	2	7	10	6	9	TENT2	0.9946565545798768	False
0.0007982261931958367	0.25870646766169153	0.06034339939744038	0.027445109780439125	B cell	NK	2	2	3	3	3	TFB2M	0.9946565545798768	False
0.000354239660972367	0.25870646766169153	0.13834251184512347	0.05766363585944101	T cell	Erythroid	2	7	10	5	8	TIMM23B	0.9946565545798768	False
0.0010765283124747347	0.25870646766169153	0.13275642693746137	0.20437788018433178	B cell	NK	2	4	5	3	4	TNIP2	0.9946565545798768	False
0.0010816369762485323	0.25870646766169153	0.11368599581922018	0.20400987179767188	Erythroid	B cell	2	5	7	3	5	TRIM66	0.9946565545798768	False
0.0010772665320185168	0.25870646766169153	0.08808467506697853	0.07074898785425104	NK	Dendritic cell	2	2	4	4	4	UNC93B1	0.9946565545798768	False
0.0002801195496253721	0.25870646766169153	0.1724508670386833	0.15187234800154303	Plasma cell	NK	2	7	7	3	5	VPS50	0.9946565545798768	False
0.0013603527297262987	0.25870646766169153	0.2673390944709404	0.350253601136133	Plasma cell	T cell	2	7	11	3	8	ZNF146	0.9946565545798768	False
0.000246079599092774	0.263681592039801	0.07189284671479906	0.17244036166118953	T cell	Erythroid	2	2	3	3	3	ADAM7-AS1	0.9946565545798768	False
3.468400532750899e-05	0.263681592039801	0.4045870507257361	0.30002378817544695	Erythroid	NK	2	3	5	3	4	ADAM8	0.9946565545798768	False
0.001045134282552808	0.263681592039801	0.10455892027498415	0.06870860927152322	B cell	T cell	2	3	4	3	3	AK2	0.9946565545798768	False
0.00038322330666141764	0.263681592039801	0.0879019647470538	0.14530965698497206	Erythroid	B cell	2	7	10	6	9	AMBRA1	0.9946565545798768	False
0.000424457370311424	0.263681592039801	0.134233596099692	0.06622311619990717	Erythroid	T cell	2	7	7	3	5	C18orf21	0.9946565545798768	False
0.0009270218992643715	0.263681592039801	0.13678082488964882	0.059878255320193474	NK	Erythroid	2	2	3	3	3	CASTOR3P	0.9946565545798768	False
0.00014444353644021732	0.263681592039801	0.0839290868498801	0.14888672086060917	Erythroid	B cell	2	7	11	6	9	CCDC6	0.9946565545798768	False
0.0008392273341450479	0.263681592039801	0.14090258886895501	0.36787391581308265	B cell	T cell	2	6	8	3	7	CHCHD3	0.9946565545798768	False
0.00021686842551001372	0.263681592039801	0.07425034481038256	0.0910215865065605	Plasma cell	T cell	2	7	13	7	10	CLEC16A	0.9946565545798768	False
0.00036233700293783895	0.263681592039801	0.1883924148381268	0.20692291050695893	Plasma cell	Monocyte	2	7	8	3	5	CPEB2	0.9946565545798768	False
0.00017944477444981335	0.263681592039801	0.09663252354181084	0.16102055103378005	Plasma cell	B cell	2	7	17	9	12	CSNK2A1	0.9946565545798768	False
0.000525776626781467	0.263681592039801	0.06012673362027743	0.0577981282885488	NK	Erythroid	2	2	3	3	3	DPH7	0.9946565545798768	False
0.00021193934538151076	0.263681592039801	0.21138998254953023	0.2875165375165375	Monocyte	Plasma cell	2	7	12	6	10	EIF3J	0.9946565545798768	False
0.0006569711580887217	0.263681592039801	0.07666666666666663	0.4580202660784449	B cell	Erythroid	2	2	3	3	3	FAM3C	0.9946565545798768	False
0.0002267580978243793	0.263681592039801	0.2636313998328432	0.4150773659589781	NK	Monocyte	2	7	13	3	9	GDE1	0.9946565545798768	False
0.000428796106098359	0.263681592039801	0.11013780876059182	0.19959762523999508	Dendritic cell	Plasma cell	2	7	13	5	11	GSPT1	0.9946565545798768	False
0.000924039053542942	0.263681592039801	0.035166863131068926	0.06832624086407263	NK	Erythroid	2	2	3	3	3	IL12RB2	0.9946565545798768	False
0.0001548109212121883	0.263681592039801	0.0843617639607831	0.14528507036833765	Plasma cell	B cell	2	7	18	10	15	LDLRAD4	0.9946565545798768	False
0.0011395847621341393	0.263681592039801	0.4422416933392188	0.5830720092915215	Dendritic cell	T cell	2	5	7	3	6	LPXN	0.9946565545798768	False
0.0002828095152251911	0.263681592039801	0.09129211654138503	0.20926508007783262	Plasma cell	Dendritic cell	2	6	9	4	5	LRRC37A2	0.9946565545798768	False
0.00035579118706587976	0.263681592039801	0.10730313923841656	0.269838804321563	Plasma cell	Monocyte	2	7	13	5	10	LUC7L	0.9946565545798768	False
0.0028842493608122115	0.263681592039801	0.1460359767261521	0.1548179659467056	T cell	B cell	2	7	8	3	6	MAD1L1	0.9946565545798768	False
0.00048046189314301815	0.263681592039801	0.28813893858056816	0.3010440976273824	Plasma cell	Erythroid	2	7	12	3	7	MSN	0.9946565545798768	False
0.004722082380805743	0.263681592039801	0.21175663963867347	0.3800331150748852	B cell	Erythroid	2	2	3	3	3	MYL12-AS1	0.9946565545798768	False
0.00016025593456425602	0.263681592039801	0.1306191750062165	0.09070939089324515	B cell	T cell	2	7	17	6	8	NOL4L	0.9946565545798768	False
0.0004877505572038297	0.263681592039801	0.26013381338295993	0.3680351906158358	Plasma cell	Erythroid	2	7	11	5	8	NSRP1	0.9946565545798768	False
0.001401483043060252	0.263681592039801	0.1620872694021111	0.15097587303439625	Monocyte	B cell	2	7	10	3	8	PTPRS	0.9946565545798768	False
0.0005922638255275881	0.263681592039801	0.1522799901229439	0.24640104586291295	T cell	Erythroid	2	5	7	3	5	R3HDM4	0.9946565545798768	False
0.001098020412357964	0.263681592039801	0.2126954984525659	0.31053064802683183	Erythroid	NK	2	7	13	6	10	RORA	0.9946565545798768	False
6.207419013671607e-05	0.263681592039801	0.0676816095058061	0.21499762695775987	Erythroid	NK	2	2	3	3	3	SDHAF3	0.9946565545798768	False
0.00016698334998258978	0.263681592039801	0.07562379388507084	0.23450845223914646	Dendritic cell	T cell	2	7	9	5	8	SENP5	0.9946565545798768	False
0.0005061200111255862	0.263681592039801	0.1602707028307474	0.40811721254921063	Plasma cell	NK	2	7	10	3	7	SLC25A32	0.9946565545798768	False
0.0001302670998507896	0.263681592039801	0.07604879890544408	0.21916511658110632	Plasma cell	T cell	2	7	10	6	9	STIM1	0.9946565545798768	False
0.00028144913553981556	0.263681592039801	0.10382124226917044	0.08956988029152974	Erythroid	Monocyte	2	7	11	5	10	TLK2	0.9946565545798768	False
8.046625138334301e-05	0.263681592039801	0.2968514451194195	0.42804777927680004	Monocyte	T cell	2	7	7	4	6	TMA7	0.9946565545798768	False
0.00156458697366717	0.263681592039801	0.20191061689007717	0.6476367825962668	T cell	Monocyte	2	7	8	4	7	TMEM147	0.9946565545798768	False
0.0002973335172939927	0.263681592039801	0.1503240704848815	0.40328294553646665	NK	Erythroid	2	5	7	3	4	TOB1	0.9946565545798768	False
0.0005287557747836208	0.263681592039801	0.11112814351948341	0.12263064998848894	Monocyte	NK	2	7	15	4	8	VAPB	0.9946565545798768	False
0.00016499125079273445	0.263681592039801	0.05706541757636252	0.08061085995061879	Monocyte	NK	2	7	13	6	10	XYLT1	0.9946565545798768	False
0.0002680748946048507	0.263681592039801	0.08853310486294241	0.13705318705735314	B cell	NK	2	4	6	3	6	ZNF678	0.9946565545798768	False
0.00867268627530932	0.263681592039801	0.19577150908672641	0.3707482993197279	B cell	NK	2	2	3	3	3	ZNF85	0.9946565545798768	False
0.005526833985614891	0.26865671641791045	0.17751572421550654	0.1595570139458572	NK	B cell	2	2	3	3	3	BET1	0.9946565545798768	False
3.837492332259237e-05	0.26865671641791045	0.23779184668798764	0.37395271595813595	Dendritic cell	B cell	2	7	10	4	8	CASP4	0.9946565545798768	False
0.0015499972910526562	0.26865671641791045	0.10941513873909209	0.10246414205716992	T cell	Erythroid	2	2	3	3	3	CDCA5	0.9946565545798768	False
0.0002519491716718427	0.26865671641791045	0.20338806156473266	0.27159923671308184	Plasma cell	T cell	2	7	14	5	10	CNOT7	0.9946565545798768	False
0.0002721875545728561	0.26865671641791045	0.13951559446175393	0.25943732193732194	B cell	T cell	2	4	5	3	3	CRYBG3	0.9946565545798768	False
0.005066704972730599	0.26865671641791045	0.12884757978780692	0.14992117708880714	NK	Erythroid	2	2	3	3	3	EML2	0.9946565545798768	False
0.0011476657396140223	0.26865671641791045	0.10125530336589095	0.06533601904413111	NK	Erythroid	2	2	3	3	3	ENSG00000255321	0.9946565545798768	False
8.828336419189909e-05	0.26865671641791045	0.076082489515649	0.23261815092377736	T cell	B cell	2	5	9	5	7	ENSG00000272256	0.9946565545798768	False
0.0003877129236101823	0.26865671641791045	0.1442301659393193	0.32506459948320415	T cell	B cell	2	7	9	3	8	ETS1	0.9946565545798768	False
0.000956710765113913	0.26865671641791045	0.3024374431118223	0.1864644487932159	Dendritic cell	NK	2	6	10	3	6	EXD3	0.9946565545798768	False
0.000550796696767321	0.26865671641791045	0.08042171503709966	0.08082031102198345	NK	Erythroid	2	2	3	3	3	FRMPD3	0.9946565545798768	False
0.0008886989151722074	0.26865671641791045	0.1726490868860861	0.2727946127946128	Monocyte	Plasma cell	2	7	8	3	5	GALNT11	0.9946565545798768	False
0.00034937704590293835	0.26865671641791045	0.14116483718740325	0.0995062258480035	Monocyte	Erythroid	2	7	7	4	7	GPBP1L1	0.9946565545798768	False
0.0011091977535253512	0.26865671641791045	0.2905266589850443	0.33256218905472634	T cell	Dendritic cell	2	7	12	4	8	GRSF1	0.9946565545798768	False
0.0008490423563517588	0.26865671641791045	0.31801923287671297	0.2967798164304715	Plasma cell	NK	2	7	15	4	8	ING1	0.9946565545798768	False
0.00016099931385865016	0.26865671641791045	0.22305166133572968	0.5034286195722086	NK	Dendritic cell	2	7	12	7	11	ISG20	0.9946565545798768	False
8.154830180055408e-05	0.26865671641791045	0.04034051839839975	0.02864974006246046	NK	Dendritic cell	2	2	3	3	3	KCNQ1	0.9946565545798768	False
0.00013336680309136324	0.26865671641791045	0.027608291005356445	0.21637156025455767	NK	T cell	2	7	11	7	10	KLF6	0.9946565545798768	False
0.00027061467992991626	0.26865671641791045	0.19324787370985363	0.26172884575195554	Plasma cell	B cell	2	7	16	6	10	METTL4	0.9946565545798768	False
0.00014742687146992813	0.26865671641791045	0.1219641977638169	0.44012687846444526	B cell	Plasma cell	2	6	9	3	7	MTCH2	0.9946565545798768	False
0.002862582389917084	0.26865671641791045	0.12170033670033659	0.1122255353754405	T cell	Erythroid	2	2	3	3	3	PDE4DIP	0.9946565545798768	False
0.00016652987041248772	0.26865671641791045	0.1286713572233396	0.15076965130780928	Plasma cell	NK	2	7	9	5	8	PHC3	0.9946565545798768	False
0.0005728276973062033	0.26865671641791045	0.16716309052346257	0.1225494403561001	Plasma cell	Monocyte	2	7	16	4	11	PIGP	0.9946565545798768	False
0.0002731404955966928	0.26865671641791045	0.19742636382110074	0.2790703893881044	NK	Plasma cell	2	6	10	4	6	POLG2	0.9946565545798768	False
0.0006493907103801938	0.26865671641791045	0.06277845611178945	0.06228676406263667	T cell	B cell	2	2	3	3	3	RAD1	0.9946565545798768	False
0.00024377614664839627	0.26865671641791045	0.11396116318420824	0.2553214556756171	Plasma cell	B cell	2	6	11	4	8	SIRT1	0.9946565545798768	False
0.0011112697563113929	0.26865671641791045	0.16259808631595818	0.267029831387808	Plasma cell	Dendritic cell	2	5	9	3	7	SLC9A6	0.9946565545798768	False
0.0002293579002624632	0.26865671641791045	0.08521963861876886	0.12028824970220836	Monocyte	Erythroid	2	7	13	7	11	SNHG14	0.9946565545798768	False
0.00025026210405627034	0.26865671641791045	0.14841765755343833	0.09157607240400573	B cell	T cell	2	7	12	6	10	TBCK	0.9946565545798768	False
0.00041819292445830413	0.26865671641791045	0.12233184765640781	0.21359573467147558	Plasma cell	NK	2	6	12	5	8	TP53BP1	0.9946565545798768	False
0.00012081407392792636	0.26865671641791045	0.192555451950559	0.371607581442568	Erythroid	Dendritic cell	2	7	17	11	15	TRPC4AP	0.9946565545798768	False
0.00024644127651856143	0.26865671641791045	0.24030863070457137	0.38833976833976835	Plasma cell	NK	2	6	8	3	5	VPS29	0.9946565545798768	False
0.0006120333345445569	0.26865671641791045	0.15643394366509727	0.25639343159028205	NK	T cell	2	4	5	3	4	ZNF511	0.9946565545798768	False
0.0003417458077623012	0.2736318407960199	0.14259713203304225	0.20863498749506387	Dendritic cell	NK	2	5	7	3	5	DHX29	0.9946565545798768	False
0.0007474172941241567	0.2736318407960199	0.09078751538702379	0.07859619214073893	Plasma cell	Dendritic cell	2	6	7	3	6	DISP1	0.9946565545798768	False
0.00041854027375959097	0.2736318407960199	0.06395743286965272	0.16113892999777002	B cell	Plasma cell	2	7	11	3	8	EEF1AKMT2	0.9946565545798768	False
0.0013310705664146762	0.2736318407960199	0.14135542172506171	0.09349680170575692	Erythroid	NK	2	2	3	3	3	ENSG00000235119	0.9946565545798768	False
0.0018759080882427847	0.2736318407960199	0.11340518723420956	0.0045662100456621	T cell	NK	2	2	3	3	3	ENSG00000288841	0.9946565545798768	False
0.0003538599617960431	0.2736318407960199	0.07456155424480393	0.192891014634944	NK	Erythroid	2	2	3	3	3	ENSG00000291054	0.9946565545798768	False
0.000507622048238207	0.2736318407960199	0.5947990631750462	0.4465283907031479	Erythroid	Plasma cell	2	7	8	3	6	ERV3-1	0.9946565545798768	False
0.0014206918305503396	0.2736318407960199	0.07801670335662836	0.057432432432432456	NK	Erythroid	2	2	3	3	3	FRMD8	0.9946565545798768	False
0.00037324631649426427	0.2736318407960199	0.20238003503427193	0.24695634947012257	NK	Erythroid	2	2	3	3	3	HBA2	0.9946565545798768	False
0.0031432334124476967	0.2736318407960199	0.16271404237133696	0.024443002379407275	Dendritic cell	B cell	2	2	3	3	3	LACTB2	0.9946565545798768	False
0.00017353489000851424	0.2736318407960199	0.3788824109815963	0.24199476621583854	T cell	NK	2	6	9	3	7	LENG1	0.9946565545798768	False
0.00028881006509663427	0.2736318407960199	0.21929258415655284	0.4350919360653767	B cell	NK	2	4	8	4	5	NIBAN3	0.9946565545798768	False
0.00017446167019935288	0.2736318407960199	0.266340393021386	0.3687443541102078	Monocyte	Dendritic cell	2	7	11	3	9	NSMCE4A	0.9946565545798768	False
0.0003207770329871427	0.2736318407960199	0.16200098917654165	0.17841489608730993	Plasma cell	Erythroid	2	6	9	3	6	PARPBP	0.9946565545798768	False
0.00011424541373173281	0.2736318407960199	0.0813172271902956	0.2568069645596726	B cell	Erythroid	2	7	18	11	15	PIBF1	0.9946565545798768	False
0.0003035809645537264	0.2736318407960199	0.20124389196555215	0.17878098350231642	T cell	Plasma cell	2	7	14	8	11	PLEKHA2	0.9946565545798768	False
0.00016091749937986068	0.2736318407960199	0.17956834369822194	0.28046388864313304	Plasma cell	T cell	2	7	13	7	10	PMM2	0.9946565545798768	False
0.0003393531243318371	0.2736318407960199	0.1687094488204216	0.1439436714877927	B cell	NK	2	5	8	4	7	RAB4B	0.9946565545798768	False
0.0006644983209143146	0.2736318407960199	0.18530567548374544	0.1622075842897992	Erythroid	B cell	2	5	7	3	6	RBM4B	0.9946565545798768	False
1.5478937134772096e-05	0.2736318407960199	0.18214483712829344	0.17449143292197378	T cell	NK	2	7	8	3	5	RPL38	0.9946565545798768	False
0.0002669779659113764	0.2736318407960199	0.09797258064850445	0.2361025111799106	T cell	Erythroid	2	4	6	3	5	RPS28	0.9946565545798768	False
0.00015603085859421987	0.2736318407960199	0.130239907838069	0.2638278017817126	Dendritic cell	T cell	2	7	13	8	13	RPS4X	0.9946565545798768	False
0.0017353201630668602	0.2736318407960199	0.16274478446838236	0.21750370440430028	B cell	Erythroid	2	6	8	3	5	RRP8	0.9946565545798768	False
0.0005375312568388932	0.2736318407960199	0.2192236590735211	0.16864629186227664	Monocyte	T cell	2	7	12	6	11	SLTM	0.9946565545798768	False
0.0006357936005891081	0.2736318407960199	0.3693602858328886	0.32309021350117245	Monocyte	Plasma cell	2	7	7	3	6	TMCO1	0.9946565545798768	False
0.0011529217357087332	0.2736318407960199	0.5746654862031925	0.6821052631578948	Dendritic cell	B cell	2	6	6	3	3	TMEM80	0.9946565545798768	False
0.0003183827452135801	0.2736318407960199	0.13633093246735406	0.1693068463461631	NK	Plasma cell	2	7	9	6	9	TRA2B	0.9946565545798768	False
0.001486193082785842	0.2736318407960199	0.09544494720965313	0.03546562228024369	Monocyte	T cell	2	2	3	3	3	TTC39B	0.9946565545798768	False
0.0002317322934392236	0.2736318407960199	0.07152073599120723	0.042474002558513746	Monocyte	NK	2	7	18	10	14	VPS36	0.9946565545798768	False
0.00023373685923149405	0.27860696517412936	0.10774175503459182	0.23656596138678376	Monocyte	Plasma cell	2	7	7	4	7	C1orf43	0.9946565545798768	False
0.0008239462380150783	0.27860696517412936	0.14683850830483758	0.16104484037160988	Plasma cell	Dendritic cell	2	6	6	3	4	CASD1	0.9946565545798768	False
0.00014837894908154015	0.27860696517412936	0.055479625536854316	0.06878242271292928	Dendritic cell	T cell	2	7	18	9	15	CEP192	0.9946565545798768	False
0.00011644224684218177	0.27860696517412936	0.0599551014822981	0.11361783784889734	NK	Monocyte	2	7	13	7	12	CREBBP	0.9946565545798768	False
0.00037506214998260463	0.27860696517412936	0.14012123704727214	0.2170637440356727	Plasma cell	Monocyte	2	7	11	4	9	DDX50	0.9946565545798768	False
0.0014766580002991095	0.27860696517412936	0.1932763246692779	0.27000445699004605	NK	Plasma cell	2	7	9	3	5	ENSG00000253736	0.9946565545798768	False
0.0003925845850923773	0.27860696517412936	0.08965626175265512	0.013999146393512574	NK	Erythroid	2	2	3	3	3	ENSG00000274093	0.9946565545798768	False
0.0006393190524482712	0.27860696517412936	0.1335431233747581	0.15909090909090906	Plasma cell	Erythroid	2	6	8	3	5	ENSG00000288545	0.9946565545798768	False
0.0008624716594760486	0.27860696517412936	0.14250715718150042	0.12191957104557638	Erythroid	Monocyte	2	5	6	3	5	FOXK1	0.9946565545798768	False
0.000398140891756845	0.27860696517412936	0.12733591476896527	0.14548580067889255	Dendritic cell	T cell	2	7	8	3	7	GARS1-DT	0.9946565545798768	False
0.0018123356276957075	0.27860696517412936	0.09481974962339615	0.02611940298507462	B cell	Dendritic cell	2	2	3	3	3	GET4	0.9946565545798768	False
0.0003185506060713191	0.27860696517412936	0.3030449093436078	0.30850541638456325	B cell	Monocyte	2	7	10	3	5	GLIPR2	0.9946565545798768	False
0.00916036214276684	0.27860696517412936	0.15908362889011735	0.26978588421887395	NK	Erythroid	2	2	4	4	4	GOLGA8N	0.9946565545798768	False
0.00016836056115100082	0.27860696517412936	0.034501106894370526	0.040959040959041015	NK	B cell	2	2	3	3	3	HDAC5	0.9946565545798768	False
0.0014591030591068496	0.27860696517412936	0.12153894787508451	0.1135127684635241	Erythroid	B cell	2	2	3	3	3	LY9	0.9946565545798768	False
0.0005263479610066453	0.27860696517412936	0.2978042755191951	0.24341874341874342	Monocyte	T cell	2	7	10	3	6	MRPS2	0.9946565545798768	False
0.0013820611527922601	0.27860696517412936	0.10088759248773133	0.05071225071225077	NK	Erythroid	2	2	3	3	3	PARD6G	0.9946565545798768	False
0.002354015442327528	0.27860696517412936	0.3167112428983194	0.29830790970687343	B cell	NK	2	3	4	3	4	PIN4	0.9946565545798768	False
0.00043676716902123057	0.27860696517412936	0.3418655016481103	0.27511961722488043	NK	Monocyte	2	5	9	3	5	PPIF	0.9946565545798768	False
0.002412187378204946	0.27860696517412936	0.2106092251585842	0.02617892048721132	Erythroid	B cell	2	2	3	3	3	RGS2	0.9946565545798768	False
0.0002469754003224944	0.27860696517412936	0.28639718338296377	0.3319968658308882	NK	Dendritic cell	2	7	10	3	6	SMC2	0.9946565545798768	False
0.00023701308928955752	0.27860696517412936	0.14154836412285454	0.5204919897016949	B cell	Plasma cell	2	7	10	4	10	TRIM22	0.9946565545798768	False
0.00021124014903137336	0.27860696517412936	0.20203126733866272	0.1486545175138223	Dendritic cell	Plasma cell	2	6	9	4	6	TRPT1	0.9946565545798768	False
0.00016336563085495547	0.27860696517412936	0.06091977871264881	0.10551129148091243	Plasma cell	B cell	2	7	11	4	7	UBE2R2	0.9946565545798768	False
0.00044136118993386034	0.27860696517412936	0.03685185185185186	0.007280525256804005	NK	Erythroid	2	2	3	3	3	UCK1	0.9946565545798768	False
0.0008517645605154701	0.27860696517412936	0.06699864353537505	0.08190029529268711	Dendritic cell	B cell	2	2	3	3	3	ZMYM1	0.9946565545798768	False
0.0004365858783856311	0.27860696517412936	0.1530898960684074	0.21773217476992618	B cell	Erythroid	2	7	10	5	8	ZNF131	0.9946565545798768	False
0.00011273377299568342	0.27860696517412936	0.22532387009915011	0.36806578301423665	B cell	Erythroid	2	5	8	3	5	ZWINT	0.9946565545798768	False
0.0006369977236973396	0.2835820895522388	0.11609358134205361	0.07711847185531395	Dendritic cell	B cell	2	5	8	3	6	ANGPT2	0.9946565545798768	False
0.00014514708235259215	0.2835820895522388	0.27683528121890244	0.3536884848284071	Plasma cell	Monocyte	2	7	11	3	10	ARL6IP1	0.9946565545798768	False
0.0006672996482795908	0.2835820895522388	0.08934273617296468	0.1695096600635852	NK	Dendritic cell	2	7	13	3	8	C2CD2	0.9946565545798768	False
0.000246703046207697	0.2835820895522388	0.08915848436144946	0.2857339758625481	B cell	NK	2	7	9	6	8	CBLB	0.9946565545798768	False
0.0005401671147079211	0.2835820895522388	0.12499726900255295	0.11047038471043744	B cell	NK	2	3	5	4	4	CYP2R1	0.9946565545798768	False
4.631316569493692e-05	0.2835820895522388	0.12481396013523349	0.27492182845679775	Plasma cell	T cell	2	7	14	8	12	EFR3A	0.9946565545798768	False
0.0002615755579130975	0.2835820895522388	0.02453655531905885	0.15886434566554553	NK	T cell	2	4	4	3	4	ENSG00000266965	0.9946565545798768	False
0.0011982694008356126	0.2835820895522388	0.2970066417752443	0.2582300884955752	NK	Plasma cell	2	6	9	3	6	ENSG00000290823	0.9946565545798768	False
0.000433504011835924	0.2835820895522388	0.03421642483795645	0.038095238095238126	B cell	NK	2	2	3	3	3	ENTPD7	0.9946565545798768	False
3.320997978710106e-05	0.2835820895522388	0.04454998925988696	0.2875197472353871	Dendritic cell	B cell	2	2	3	3	3	GINS2	0.9946565545798768	False
0.0003462734886760149	0.2835820895522388	0.10236347273536114	0.2297310324881905	NK	B cell	2	7	11	5	10	GTPBP4	0.9946565545798768	False
0.00046472850861109733	0.2835820895522388	0.1376920342792679	0.21508990272092998	Erythroid	NK	2	6	9	4	7	HDAC7	0.9946565545798768	False
0.0008289230298886517	0.2835820895522388	0.25958552625692993	0.240287261596421	Monocyte	Erythroid	2	6	7	3	6	HERPUD2	0.9946565545798768	False
0.00023252098943576672	0.2835820895522388	0.10303838251138042	0.17376299019010594	T cell	Erythroid	2	6	10	3	7	HSD17B12	0.9946565545798768	False
0.00013682280307106777	0.2835820895522388	0.1330057998720966	0.21464284192655841	Dendritic cell	Monocyte	2	7	17	8	12	IL10RB	0.9946565545798768	False
0.00025803885468632295	0.2835820895522388	0.15477206627583967	0.1394836324941895	Plasma cell	Erythroid	2	7	15	4	8	KIF16B	0.9946565545798768	False
0.0003815138482732858	0.2835820895522388	0.040741689076734144	0.1733701313845915	B cell	Erythroid	2	7	10	5	9	LNPEP	0.9946565545798768	False
6.28610122439321e-05	0.2835820895522388	0.048811939938368076	0.04627909371467115	Plasma cell	Erythroid	2	7	12	8	12	LRBA	0.9946565545798768	False
0.0004589636819602639	0.2835820895522388	0.09853824118656818	0.21151498335183133	Erythroid	Monocyte	2	7	7	4	7	MACF1	0.9946565545798768	False
0.002303855668997822	0.2835820895522388	0.37648609277075606	0.2740546813851178	Plasma cell	T cell	2	7	7	3	4	MAP4K1	0.9946565545798768	False
0.0010365797142608943	0.2835820895522388	0.15205887683581576	0.246648102310231	B cell	Erythroid	2	3	4	3	4	MCRIP1	0.9946565545798768	False
0.0007893861954175125	0.2835820895522388	0.3384080970017034	0.2799856784819191	Dendritic cell	Monocyte	2	7	11	3	6	MFSD8	0.9946565545798768	False
0.000782718374067476	0.2835820895522388	0.1341967095391553	0.1813306075061205	B cell	Monocyte	2	6	7	3	5	MIR155HG	0.9946565545798768	False
0.0005376977901695065	0.2835820895522388	0.20342076224429173	0.15679594055817325	Dendritic cell	B cell	2	5	7	3	5	MRPL16	0.9946565545798768	False
0.00025350664727178144	0.2835820895522388	0.04719155835397182	0.090884285355258	Dendritic cell	B cell	2	6	11	5	9	MYO1D	0.9946565545798768	False
0.0003755228028405296	0.2835820895522388	0.0610722353973841	0.18359288097886542	Erythroid	NK	2	2	3	3	3	N4BP2L2-IT2	0.9946565545798768	False
0.00033612784151766054	0.2835820895522388	0.2338341932117216	0.18105045221750027	Plasma cell	B cell	2	7	11	3	7	NAAA	0.9946565545798768	False
0.0005025258812997866	0.2835820895522388	0.1443952197798244	0.23980183720820114	Erythroid	Plasma cell	2	6	11	5	8	NCBP3	0.9946565545798768	False
0.0015942351204300822	0.2835820895522388	0.1809688596331604	0.12454576334190004	Dendritic cell	NK	2	6	11	4	7	NDUFAF5	0.9946565545798768	False
0.00018658392580316174	0.2835820895522388	0.16428214297793803	0.23559240360876377	NK	Plasma cell	2	7	19	8	14	NDUFV3	0.9946565545798768	False
0.0007808792490230418	0.2835820895522388	0.2310802160486844	0.4148252310164725	Plasma cell	NK	2	6	10	3	7	POLD3	0.9946565545798768	False
0.0004498673014137034	0.2835820895522388	0.17174103528046064	0.28558512193766944	T cell	Monocyte	2	7	15	9	14	SEPTIN6	0.9946565545798768	False
9.856066517494773e-05	0.2835820895522388	0.08529031046564906	0.1777103448275862	B cell	Erythroid	2	4	11	6	8	SHARPIN	0.9946565545798768	False
0.0012164847759941998	0.2835820895522388	0.1069744033106102	0.12671486837226548	Dendritic cell	NK	2	3	5	3	5	SLC16A1	0.9946565545798768	False
0.005286417814319809	0.2835820895522388	0.17656256684336424	0.12120418848167547	Erythroid	NK	2	2	3	3	3	SURF2	0.9946565545798768	False
0.0017450383407570226	0.2835820895522388	0.37086926927090125	0.2608625941959275	Dendritic cell	T cell	2	5	8	3	5	THAP1	0.9946565545798768	False
0.00017041253605821596	0.2835820895522388	0.06224575013771044	0.09882576720622993	T cell	NK	2	4	5	3	5	TTC1	0.9946565545798768	False
9.251647654873e-05	0.2835820895522388	0.08387685904541364	0.11459743981235626	T cell	Plasma cell	2	7	18	10	15	USP16	0.9946565545798768	False
0.0004499945540028207	0.2835820895522388	0.11730691636670426	0.10977888508252881	NK	B cell	2	6	7	3	4	ZKSCAN1	0.9946565545798768	False
0.00020673228592499193	0.2835820895522388	0.40947680682933774	0.5929951690821256	Dendritic cell	Erythroid	2	6	7	3	5	ZMIZ2	0.9946565545798768	False
0.0004347367886858058	0.2885572139303483	0.37806410504581234	0.36982368896925866	NK	Plasma cell	2	7	9	3	7	APIP	0.9946565545798768	False
0.007267956771040921	0.2885572139303483	0.18982102019974706	0.24717420943836038	NK	B cell	2	2	3	3	3	ARL1	0.9946565545798768	False
0.0001249845134803469	0.2885572139303483	0.09841751613603078	0.15008109867718245	Dendritic cell	Monocyte	2	7	13	5	9	ATP8B4	0.9946565545798768	False
0.0007341999846583318	0.2885572139303483	0.20208133096947034	0.5616807900993721	Erythroid	NK	2	7	8	3	4	BRI3	0.9946565545798768	False
0.000932642034467569	0.2885572139303483	0.11484912074350306	0.16378217821782176	Dendritic cell	Erythroid	2	4	4	3	4	CCNL2	0.9946565545798768	False
0.0005127436088832898	0.2885572139303483	0.04625267873764455	0.04661004913795552	Erythroid	NK	2	2	3	3	3	ENSG00000290459	0.9946565545798768	False
0.0005399509711205184	0.2885572139303483	0.14428205298201013	0.22175339353402806	Dendritic cell	T cell	2	6	9	3	7	FTSJ3	0.9946565545798768	False
0.0006000373179978738	0.2885572139303483	0.2644753623487359	0.3993719037508847	NK	Dendritic cell	2	6	9	3	6	GNPDA2	0.9946565545798768	False
0.0012392272158369315	0.2885572139303483	0.15499327345339825	0.1749871597329225	T cell	Plasma cell	2	4	6	3	4	HIF1AN	0.9946565545798768	False
0.0003829332155218483	0.2885572139303483	0.09116022593610446	0.16840323907129756	Plasma cell	Dendritic cell	2	7	9	4	8	HSP90B1	0.9946565545798768	False
0.0006119401060797939	0.2885572139303483	0.1540659825286806	0.20743286705901554	Dendritic cell	B cell	2	5	10	4	8	IMPA1	0.9946565545798768	False
0.00040230414888107715	0.2885572139303483	0.2204358360259	0.31738746933487694	Erythroid	T cell	2	7	11	4	7	LINS1	0.9946565545798768	False
0.00011846292616160587	0.2885572139303483	0.18125871115943243	0.2962051852485668	NK	T cell	2	7	8	4	6	LUC7L2	0.9946565545798768	False
0.0004628199960561715	0.2885572139303483	0.06796997271240551	0.29906175189210893	Erythroid	Monocyte	2	7	16	4	10	MIS18A	0.9946565545798768	False
0.00035963551302857196	0.2885572139303483	0.2786580086580087	0.26785714285714285	Dendritic cell	Monocyte	2	7	10	3	6	NEK6	0.9946565545798768	False
0.00023466183274382393	0.2885572139303483	0.07630118009635639	0.08677411138781976	Plasma cell	Monocyte	2	7	11	4	8	NLK	0.9946565545798768	False
0.0004777972727603586	0.2885572139303483	0.17340160817226152	0.2614560579069974	B cell	Erythroid	2	5	7	3	7	NOC2L	0.9946565545798768	False
0.0004480920954778741	0.2885572139303483	0.08724459185665256	0.16939368693139795	Monocyte	Dendritic cell	2	7	9	4	8	NUP88	0.9946565545798768	False
0.0001565965002328048	0.2885572139303483	0.06368426051222459	0.29130643777217935	T cell	B cell	2	7	11	5	11	OCIAD1	0.9946565545798768	False
0.00018854201210678466	0.2885572139303483	0.24155218928334837	0.34904795398025573	Erythroid	T cell	2	7	13	5	10	OIP5-AS1	0.9946565545798768	False
6.658819539717203e-05	0.2885572139303483	0.430762987012987	0.6059290382819795	Dendritic cell	NK	2	4	7	3	5	ORMDL3	0.9946565545798768	False
0.00022681219754864325	0.2885572139303483	0.10908684121600021	0.2143228650683574	B cell	Plasma cell	2	7	11	5	9	PRPF8	0.9946565545798768	False
0.0011611806656580377	0.2885572139303483	0.3277950603010542	0.47754303599374015	T cell	Erythroid	2	4	6	3	4	PRPS2	0.9946565545798768	False
0.0004303981421986633	0.2885572139303483	0.09419948047899862	0.12227087198515768	T cell	Erythroid	2	7	14	4	9	RHOXF1	0.9946565545798768	False
0.0008039184115596628	0.2885572139303483	0.038901579508924145	0.09475546598551782	Dendritic cell	B cell	2	3	3	3	3	RPL41	0.9946565545798768	False
0.0011246030930992593	0.2885572139303483	0.5819735819735821	0.5554029304029304	NK	B cell	2	6	9	3	4	SIRT6	0.9946565545798768	False
0.0007576214420714547	0.2885572139303483	0.1715847661303303	0.24850366601825527	B cell	Dendritic cell	2	3	5	3	4	SMIM30	0.9946565545798768	False
0.0013030456561787759	0.2885572139303483	0.0955670206371469	0.03508771929824561	NK	Erythroid	2	2	3	3	3	SNTA1	0.9946565545798768	False
0.000786900414631906	0.2885572139303483	0.07304461908220083	0.06276054905948136	Erythroid	NK	2	2	3	3	3	TOR1B	0.9946565545798768	False
0.003336260366969313	0.2885572139303483	0.11448869970609099	0.07547353084021369	NK	Erythroid	2	2	3	3	3	TTI2	0.9946565545798768	False
0.0003314175860283346	0.2885572139303483	0.23585921671791876	0.16445290535393442	NK	Monocyte	2	7	13	3	9	ZDHHC2	0.9946565545798768	False
0.0010031889377655912	0.2885572139303483	0.38564184296219134	0.434657427288698	Erythroid	Plasma cell	2	6	8	3	4	ZDHHC6	0.9946565545798768	False
0.0075614195313230366	0.2885572139303483	0.17570815211330437	0.18891142663962135	NK	Erythroid	2	2	3	3	3	ZNF345	0.9946565545798768	False
4.8069227953659505e-05	0.2935323383084577	0.06960804259248354	0.16816350761141496	Monocyte	T cell	2	7	9	5	9	ACAP2	1.0	False
0.0014582930814854183	0.2935323383084577	0.06393417874396135	0.10642014458090354	NK	B cell	2	3	5	3	4	B3GALNT2	1.0	False
7.044218697972554e-05	0.2935323383084577	0.08470061684205327	0.24647165092813922	Dendritic cell	T cell	2	7	11	7	10	BTAF1	1.0	False
0.00015925641042502253	0.2935323383084577	0.5346433579921317	0.7866985914057922	B cell	T cell	2	5	5	3	3	DOK3	1.0	False
0.0008951515368333388	0.2935323383084577	0.12515461591548555	0.055509390061492414	B cell	T cell	2	2	3	3	3	ENSG00000287124	1.0	False
0.000560251254008776	0.2935323383084577	0.10678129221193844	0.16744526857079345	B cell	T cell	2	7	10	5	9	IQGAP2	1.0	False
0.0023069880438222595	0.2935323383084577	0.10706157933890348	0.15276345325486862	NK	Erythroid	2	2	3	3	3	LINC00921	1.0	False
0.006889318777985584	0.2935323383084577	0.13938626682655475	0.14765994671756333	Erythroid	NK	2	3	4	3	4	NAA40	1.0	False
0.0010874337093529087	0.2935323383084577	0.22160312611554422	0.18309622224358363	Erythroid	Dendritic cell	2	6	11	3	8	PCAT1	1.0	False
0.0019037929708224134	0.2935323383084577	0.15128989282778726	0.15645718410063414	Dendritic cell	Monocyte	2	7	7	4	7	PDE4B	1.0	False
0.0012176084780662199	0.2935323383084577	0.11500984522393698	0.19621624969036416	Plasma cell	T cell	2	5	8	3	4	PNPLA6	1.0	False
0.0017640893696768377	0.2935323383084577	0.0958994333971403	0.13335488041370397	NK	Erythroid	2	2	3	3	3	POMK	1.0	False
0.00023814685909836624	0.2935323383084577	0.17241122753302573	0.3529797150486806	Dendritic cell	T cell	2	6	10	4	7	RBM14	1.0	False
0.0001553166129641031	0.2935323383084577	0.5272302102070979	0.4425064201335388	T cell	Monocyte	2	7	10	4	8	RNF167	1.0	False
0.000574792909094135	0.2935323383084577	0.2083202463267692	0.4507599719187531	Dendritic cell	T cell	2	7	14	9	13	SLC25A5	1.0	False
0.0010670742432569444	0.2935323383084577	0.16446653685156243	0.10360667949593394	NK	B cell	2	4	7	3	6	SLC25A53	1.0	False
0.000548250066367447	0.2935323383084577	0.13401163240334013	0.20763505402160864	T cell	Monocyte	2	7	8	3	6	TES	1.0	False
0.0015932552054729438	0.2935323383084577	0.27660015697100093	0.16170212765957448	Dendritic cell	B cell	2	4	5	3	3	ZFYVE19	1.0	False
8.375350106675282e-05	0.29850746268656714	0.13914072039072045	0.22607595878436187	B cell	Plasma cell	2	5	8	3	6	ABCA1	1.0	False
0.001904591883371309	0.29850746268656714	0.16942860717704405	0.11850135241744619	T cell	Dendritic cell	2	7	11	3	8	ABHD17B	1.0	False
0.0018840899615199505	0.29850746268656714	0.11570965677348655	0.22455371124334483	B cell	Dendritic cell	2	3	5	3	5	ALKBH3	1.0	False
0.001204913230353724	0.29850746268656714	0.23506112712517196	0.32139881817301175	B cell	Plasma cell	2	7	10	3	6	ALOX12-AS1	1.0	False
0.0008567107328749802	0.29850746268656714	0.12748820019451396	0.08022653623671216	B cell	NK	2	3	4	3	4	BZW2	1.0	False
0.00017148939465455013	0.29850746268656714	0.12991825033607746	0.15185460892779218	T cell	Dendritic cell	2	5	9	3	5	CD300A	1.0	False
0.0005315100714101509	0.29850746268656714	0.12937788174421738	0.12226043627205396	Monocyte	T cell	2	7	11	3	7	CHSY1	1.0	False
0.00046301372701731643	0.29850746268656714	0.08667373251378507	0.05692995529061101	T cell	B cell	2	3	5	3	5	DNAH14	1.0	False
0.0022825690050007653	0.29850746268656714	0.23943310657596373	0.09582496711209582	T cell	B cell	2	4	5	3	4	ENSG00000277368	1.0	False
0.00021575686764297347	0.29850746268656714	0.23457655412982065	0.4312605356808391	Erythroid	B cell	2	7	10	3	8	EVI2A	1.0	False
0.00035047430902253936	0.29850746268656714	0.2332682156301451	0.2677507981724254	T cell	Plasma cell	2	6	8	4	6	FBXO3	1.0	False
0.00045919631047116444	0.29850746268656714	0.12655930858867293	0.19402759217314275	NK	Plasma cell	2	7	9	5	7	FRS2	1.0	False
0.0007845831467546416	0.29850746268656714	0.20509905254091315	0.16355932203389828	B cell	NK	2	4	6	3	4	LASP1	1.0	False
0.000827244230867147	0.29850746268656714	0.18880738670999037	0.16300182920958894	Erythroid	Plasma cell	2	7	8	3	6	LINC03006	1.0	False
0.0004527667117277487	0.29850746268656714	0.32299436820869354	0.27168174962292607	Plasma cell	Dendritic cell	2	7	9	3	5	LPCAT1	1.0	False
0.0005034644268757296	0.29850746268656714	0.30422800071922873	0.5078851294517622	T cell	Dendritic cell	2	7	11	3	7	MASTL	1.0	False
0.0002949486968534534	0.29850746268656714	0.3443744424934735	0.3762289608804771	Erythroid	Plasma cell	2	7	7	3	6	MCL1	1.0	False
0.0005278426229445369	0.29850746268656714	0.19495589299064592	0.3600623423928272	Dendritic cell	B cell	2	5	9	3	7	MLST8	1.0	False
0.0015523572117773345	0.29850746268656714	0.052967617580834125	0.04373543123543122	Dendritic cell	B cell	2	3	5	3	4	MYEF2	1.0	False
0.00016071384146200955	0.29850746268656714	0.17195066878020165	0.2241597970830691	Plasma cell	Monocyte	2	7	13	4	10	RBCK1	1.0	False
0.00023515960217860074	0.29850746268656714	0.11079885376160808	0.4704361315958542	Monocyte	T cell	2	7	9	5	8	SNHG29	1.0	False
0.004390268099137999	0.29850746268656714	0.3303370141853716	0.5603145914187905	B cell	Erythroid	2	3	5	3	4	SNX8	1.0	False
0.00038728601484597046	0.29850746268656714	0.0853123947386174	0.11705256741258696	NK	B cell	2	7	18	7	13	TSC22D1	1.0	False
0.00034252137904527746	0.3034825870646766	0.09376690083497996	0.054778554778554756	Dendritic cell	B cell	2	5	6	3	4	ABTB3	1.0	False
0.0003614513456350408	0.3034825870646766	0.07377389947050322	0.07633233431732656	NK	Dendritic cell	2	4	6	3	5	CFAP68	1.0	False
7.935876225637092e-05	0.3034825870646766	0.07948388744784074	0.05287956934207322	NK	T cell	2	7	7	4	7	COP1	1.0	False
0.003584743569833443	0.3034825870646766	0.19200246776236585	0.17482605945604052	Erythroid	NK	2	3	4	3	3	CPED1	1.0	False
0.0002642596281370364	0.3034825870646766	0.2656700287490343	0.28918247515808493	Plasma cell	NK	2	7	7	3	5	CROCCP2	1.0	False
0.0008921873980800269	0.3034825870646766	0.0744922151333352	0.08029197080291972	Erythroid	NK	2	2	3	3	3	FAM210B	1.0	False
0.0010943058842364406	0.3034825870646766	0.11712726560469505	0.18430598215591634	B cell	NK	2	5	7	3	4	FRMD4B	1.0	False
0.0007732747771407781	0.3034825870646766	0.19401301742650134	0.2768369974252327	NK	B cell	2	7	11	4	8	KAT7	1.0	False
5.858565324694801e-06	0.3034825870646766	0.3302469135802469	0.5626401510680986	T cell	Plasma cell	2	3	4	3	3	LINC00339	1.0	False
0.000968607444594942	0.3034825870646766	0.14317307851790612	0.13927940887987966	B cell	NK	2	5	6	3	5	PATL1	1.0	False
0.0006248838156520791	0.3034825870646766	0.17019437916177044	0.1001082251082251	NK	B cell	2	4	5	3	4	PTGES2	1.0	False
0.00033628952897038576	0.3034825870646766	0.2987886510912827	0.4262920664767857	NK	Plasma cell	2	6	9	3	8	QDPR	1.0	False
0.0005683360968168207	0.3034825870646766	0.08181931758513267	0.19202113835224816	Plasma cell	Monocyte	2	7	16	4	9	RIPOR3	1.0	False
0.00031155069150531927	0.3034825870646766	0.08142243990193698	0.11055685166994106	B cell	Plasma cell	2	7	10	4	9	RNF169	1.0	False
7.66118515210156e-05	0.3034825870646766	0.16174498178093272	0.08308194048104361	T cell	Dendritic cell	2	7	7	3	5	RPL15	1.0	False
0.0014409715838940222	0.3034825870646766	0.18844839708618255	0.12056802846276532	B cell	T cell	2	6	9	3	6	RPL26	1.0	False
0.00014649587720771092	0.3034825870646766	0.1525467210399007	0.26000119475116534	T cell	Plasma cell	2	7	8	4	6	RSL24D1	1.0	False
0.0006240010767056192	0.3034825870646766	0.16115906461021545	0.138979738906289	Plasma cell	Monocyte	2	7	9	4	7	SSR3	1.0	False
0.001948563610094232	0.3034825870646766	0.031239200661107358	0.06270638183165977	T cell	B cell	2	3	4	3	3	TUBA1B-AS1	1.0	False
0.00015388373211143585	0.3034825870646766	0.059274741716688395	0.11583330772770767	Plasma cell	B cell	2	7	14	8	12	UBR5	1.0	False
0.0007965610499692791	0.3034825870646766	0.16377576485862838	0.20738636363636365	Erythroid	Plasma cell	2	7	11	3	7	VPS4A	1.0	False
0.0018030550366293138	0.3034825870646766	0.3147026943747963	0.2942627268808965	Plasma cell	NK	2	6	7	3	5	ZNF789	1.0	False
0.00018476065469290299	0.30845771144278605	0.14912924882803935	0.2099218314367733	Dendritic cell	B cell	2	7	11	4	6	ABR	1.0	False
0.00015664052520481396	0.30845771144278605	0.17135456115812175	0.19658425983823657	Monocyte	T cell	2	6	10	3	5	ARHGAP11B	1.0	False
0.0023267069116533604	0.30845771144278605	0.11772058823529413	0.06165766956777202	NK	B cell	2	2	3	3	3	BCL9L	1.0	False
0.0004691016987449602	0.30845771144278605	0.12358360411284303	0.15988266382215333	NK	Dendritic cell	2	7	10	4	8	CDC25B	1.0	False
0.0002535292125416586	0.30845771144278605	0.053735292844377947	0.12787323405880108	T cell	Erythroid	2	5	9	4	6	CRK	1.0	False
0.00016953138717910987	0.30845771144278605	0.07695128459444	0.24104722881797647	Erythroid	Plasma cell	2	7	9	5	8	DAZAP2	1.0	False
0.00025592048646307997	0.30845771144278605	0.3591038656252994	0.5061820652173913	Monocyte	Dendritic cell	2	7	13	4	10	EIF1AX	1.0	False
0.0008193203554935528	0.30845771144278605	0.22279748192159582	0.24114750849808703	Plasma cell	Monocyte	2	7	11	3	6	FBXW2	1.0	False
0.0018979378604845408	0.30845771144278605	0.12305681701380133	0.22261626613262125	Plasma cell	B cell	2	5	6	3	4	FCGRT	1.0	False
0.0007826852755072303	0.30845771144278605	0.12531478429913778	0.48190890976304174	T cell	B cell	2	7	11	5	8	FOSB	1.0	False
0.00021089641114848797	0.30845771144278605	0.19123747760878385	0.2094353530886039	B cell	Plasma cell	2	6	9	3	6	FUBP3	1.0	False
0.00048818539140426114	0.30845771144278605	0.10770214931958705	0.086707468298732	Erythroid	Plasma cell	2	7	11	3	7	GCNT1	1.0	False
0.001069318928300482	0.30845771144278605	0.1248516840074016	0.21161507814894265	Erythroid	B cell	2	4	5	3	4	GFM2	1.0	False
7.75128833578146e-05	0.30845771144278605	0.06028784882792437	0.3448883162633486	Dendritic cell	Plasma cell	2	7	13	8	11	IQGAP1	1.0	False
0.0002326395856985464	0.30845771144278605	0.1031850308201066	0.08550016002961508	T cell	Erythroid	2	7	9	4	8	ITPR1	1.0	False
0.001175152206717201	0.30845771144278605	0.3187697041599714	0.44606060606060605	NK	B cell	2	7	13	5	9	KAT8	1.0	False
0.00045292432265308145	0.30845771144278605	0.18338248300564852	0.22934516523867804	T cell	NK	2	6	7	3	7	KDM1A	1.0	False
0.00042267158365486056	0.30845771144278605	0.23660766007134792	0.20573639724493392	Plasma cell	NK	2	7	11	3	9	LARP7	1.0	False
0.00020477011234487993	0.30845771144278605	0.113529397004072	0.10000886760663297	B cell	Erythroid	2	3	5	3	4	MCM10	1.0	False
0.0003615738715606067	0.30845771144278605	0.09319132781907802	0.13683451649965378	B cell	NK	2	6	10	5	7	MGMT	1.0	False
4.729419968177577e-05	0.30845771144278605	0.10784809669615275	0.09908304183432076	B cell	Plasma cell	2	7	7	3	7	MGST3	1.0	False
0.00010781417641556683	0.30845771144278605	0.334737702506492	0.4883113629355535	T cell	Dendritic cell	2	6	9	3	8	NDUFC1	1.0	False
0.0007032550039985687	0.30845771144278605	0.24306172182188768	0.3608287961282517	Monocyte	NK	2	7	9	4	7	PAN3-AS1	1.0	False
2.5599818137826725e-05	0.30845771144278605	0.2928191576823441	0.5537059379789351	Dendritic cell	NK	2	6	9	3	7	PEX16	1.0	False
0.00026498052280402967	0.30845771144278605	0.11169857145140982	0.21680418182749955	Monocyte	T cell	2	7	11	4	8	PIK3AP1	1.0	False
0.00011386053664027315	0.30845771144278605	0.10821117138095077	0.21752255378209573	Plasma cell	Erythroid	2	7	7	4	7	PKN2	1.0	False
0.00026726563347528236	0.30845771144278605	0.252183317466704	0.443896933837394	Erythroid	Dendritic cell	2	7	14	5	8	POLR3F	1.0	False
0.0011165915107709983	0.30845771144278605	0.0874512932425221	0.20956959027031785	Dendritic cell	Plasma cell	2	7	14	8	12	PPP2R2A	1.0	False
0.00045996517953982024	0.30845771144278605	0.2279670184242154	0.43493984124456986	Monocyte	Dendritic cell	2	7	8	4	5	PPWD1	1.0	False
0.00039617752573578515	0.30845771144278605	0.11955688228026562	0.15682903133365478	Plasma cell	NK	2	7	10	4	8	PYGB	1.0	False
0.0008762415164310271	0.30845771144278605	0.1776662480294144	0.3187156323644933	Monocyte	Dendritic cell	2	6	8	3	6	RASA3-IT1	1.0	False
0.0002701017110944652	0.30845771144278605	0.141141166836441	0.1608147353408178	Erythroid	Plasma cell	2	7	8	4	6	RASSF3	1.0	False
0.003597072948897816	0.30845771144278605	0.11777498818766319	0.09154929577464788	B cell	NK	2	2	3	3	3	RAVER1	1.0	False
3.6362475252634225e-05	0.30845771144278605	0.20960980577344834	0.26682990397927814	Dendritic cell	Monocyte	2	7	11	5	8	RPS3A	1.0	False
0.0005141654029096588	0.30845771144278605	0.22419027875210157	0.2476584022038567	Dendritic cell	Plasma cell	2	7	12	4	8	SERF2	1.0	False
0.00031195105327045346	0.30845771144278605	0.12807552383414417	0.18508708893679637	B cell	Plasma cell	2	7	8	3	7	SLC38A2	1.0	False
0.0008955492924842795	0.30845771144278605	0.2488216127843788	0.22649480844969572	Dendritic cell	NK	2	5	6	3	3	SLC52A2	1.0	False
0.00024256448134767967	0.30845771144278605	0.09257948700860857	0.11707736202363772	Erythroid	Monocyte	2	7	13	6	10	SLC9A7	1.0	False
0.0002952082713581149	0.30845771144278605	0.1892262827584822	0.3207686622320769	Plasma cell	Monocyte	2	7	9	3	7	SNX4	1.0	False
0.00017795761426323716	0.30845771144278605	0.11199231061098514	0.20455254295767866	T cell	NK	2	7	15	8	13	STAG2	1.0	False
0.00028324714915344354	0.30845771144278605	0.0327748984999211	0.32973777348777344	Monocyte	Erythroid	2	5	3	3	3	TOMM7	1.0	False
0.0003248658270407553	0.30845771144278605	0.08479214334428042	0.10494109372252514	NK	Dendritic cell	2	7	10	3	8	WIPF2	1.0	False
0.002352655220283421	0.30845771144278605	0.15773136545066385	0.13216715257531586	Erythroid	NK	2	2	3	3	3	YIF1A	1.0	False
0.00027555432566686366	0.30845771144278605	0.417644183773216	0.410958904109589	Plasma cell	NK	2	7	10	3	4	ZNF524	1.0	False
0.0006368971649946883	0.31343283582089554	0.3905737759083847	0.5403687084392064	NK	B cell	2	5	12	3	9	CD40	1.0	False
0.00027861911220012904	0.31343283582089554	0.07983978265069386	0.15253569509792747	Monocyte	Plasma cell	2	7	9	4	8	DCP1A	1.0	False
0.0014799943190918685	0.31343283582089554	0.2761343322463866	0.226984126984127	B cell	T cell	2	3	4	3	3	DCTN2	1.0	False
0.00021913701068796852	0.31343283582089554	0.19718158388683926	0.09731406385272762	NK	Erythroid	2	7	9	3	7	EID1	1.0	False
0.0003023602296335571	0.31343283582089554	0.13782705931268385	0.11754608855490084	Plasma cell	B cell	2	7	12	5	10	GAK	1.0	False
0.00018300089162289835	0.31343283582089554	0.10414729435310327	0.11633938798887256	Monocyte	NK	2	7	9	5	8	GNPTAB	1.0	False
0.00023351552467655744	0.31343283582089554	0.12764008824785944	0.04818707596485372	NK	Plasma cell	2	7	11	4	7	KIAA1958	1.0	False
0.003432481792651928	0.31343283582089554	0.2022231939759373	0.24884259259259262	Dendritic cell	Erythroid	2	6	7	3	4	MED16	1.0	False
0.0015243300708495046	0.31343283582089554	0.30161395295068805	0.3867170579572035	Plasma cell	Monocyte	2	7	9	3	7	MED17	1.0	False
0.0003297773220524949	0.31343283582089554	0.17436848178473702	0.3856537879530139	Erythroid	B cell	2	3	4	3	4	MIIP	1.0	False
0.000226125660720717	0.31343283582089554	0.15359855160769637	0.17869380930730533	Monocyte	Plasma cell	2	7	13	7	10	NFX1	1.0	False
0.0003800147681205398	0.31343283582089554	0.15562826820531533	0.14201852573412205	NK	Plasma cell	2	7	9	5	8	OPA1	1.0	False
0.00043234226390908545	0.31343283582089554	0.15826400148389008	0.13300054309518028	Plasma cell	Dendritic cell	2	7	8	4	7	OSBPL3	1.0	False
0.003073175297380341	0.31343283582089554	0.20213994887682496	0.2651405659937526	Erythroid	Dendritic cell	2	4	5	3	5	PEAK3	1.0	False
0.00013258724683353016	0.31343283582089554	0.06618503625871086	0.06251265566467556	Erythroid	NK	2	7	9	4	8	PLCL2	1.0	False
0.0001563781449110164	0.31343283582089554	0.04759877014778979	0.09052169421487605	T cell	Erythroid	2	2	3	3	3	PLK4	1.0	False
0.0011251027195527093	0.31343283582089554	0.6530165912518853	0.6625	T cell	Dendritic cell	2	5	9	3	7	PRAF2	1.0	False
0.0001897531910396312	0.31343283582089554	0.1034914244854952	0.29202428176463524	Dendritic cell	B cell	2	7	14	5	9	PRELID3B	1.0	False
0.0001225980698400725	0.31343283582089554	0.15593641089096272	0.17134426573879225	Monocyte	Dendritic cell	2	7	16	7	11	PSMG2	1.0	False
0.0018546201767584108	0.31343283582089554	0.12386322201507383	0.15714471629359705	Erythroid	T cell	2	3	3	3	3	QSOX2	1.0	False
0.00032947046459629015	0.31343283582089554	0.10009071287230548	0.18857990938915797	NK	B cell	2	6	7	3	6	RAP1A	1.0	False
0.0011169539361743155	0.31343283582089554	0.09351475765410189	0.179430632260821	Monocyte	NK	2	7	8	3	5	RPS6KB2	1.0	False
8.618758128704597e-05	0.31343283582089554	0.16643444229390603	0.25762850178097735	Monocyte	Plasma cell	2	7	19	9	13	SAMSN1	1.0	False
0.0001394150907324223	0.31343283582089554	0.0634404829795206	0.2229575786645711	Dendritic cell	Monocyte	2	7	12	5	10	SCLT1	1.0	False
0.0014810375297753843	0.31343283582089554	0.1587148393774715	0.22461866491717242	NK	T cell	2	6	9	3	7	SERPINB8	1.0	False
0.0002748584554769623	0.31343283582089554	0.058182433646968346	0.05634898190045251	Monocyte	NK	2	5	8	3	5	SPIRE1	1.0	False
0.0005589221921560074	0.31343283582089554	0.08377572907226699	0.08172808486878841	Erythroid	NK	2	2	4	4	4	SPRY3	1.0	False
0.00014415794202704072	0.31343283582089554	0.11857130507997649	0.2862269121377796	Dendritic cell	T cell	2	6	6	3	5	SSNA1	1.0	False
0.0005546148692335243	0.31343283582089554	0.1474365122457691	0.12861699703804974	NK	Monocyte	2	7	8	3	6	TPK1	1.0	False
0.00027909812142064684	0.31840796019900497	0.08208890266598518	0.3349809912800147	Monocyte	Plasma cell	2	7	8	4	7	CDK6	1.0	False
1.7205908677256617e-05	0.31840796019900497	0.010291898126780552	0.0002515723270440917	NK	Erythroid	2	2	3	3	3	ENSG00000275576	1.0	False
0.0007172980615229552	0.31840796019900497	0.08897435897435901	0.11764705882352944	B cell	NK	2	4	6	3	4	ERCC6L2-AS1	1.0	False
0.00015712107457313792	0.31840796019900497	0.26966836515195336	0.26629376087688417	T cell	Monocyte	2	7	8	3	6	ESD	1.0	False
0.0001416716701371685	0.31840796019900497	0.3133542025951049	0.31560713304462734	B cell	T cell	2	7	15	4	9	FAM3A	1.0	False
6.867743694158423e-05	0.31840796019900497	0.04533060308225684	0.04722961301646561	NK	Plasma cell	2	7	9	6	8	FHIT	1.0	False
0.0003381667805663528	0.31840796019900497	0.25289373009160515	0.35806069664295354	Erythroid	Dendritic cell	2	7	9	5	7	FYTTD1	1.0	False
0.0013224835527874735	0.31840796019900497	0.18926989691552498	0.19255102351187758	B cell	T cell	2	4	7	3	4	GAS6	1.0	False
0.0006475506101183048	0.31840796019900497	0.14988537459650564	0.23409488868506628	Dendritic cell	Monocyte	2	7	14	6	9	GPR183	1.0	False
0.00011376597584522058	0.31840796019900497	0.03994691514791898	0.30109150714018934	T cell	Monocyte	2	7	17	10	13	HM13	1.0	False
0.00021512689344827912	0.31840796019900497	0.29586741983367587	0.13671964221244748	T cell	NK	2	4	4	3	4	IGBP1	1.0	False
0.0001369104709284481	0.31840796019900497	0.1212960249260559	0.15120656222779583	Dendritic cell	NK	2	7	10	6	8	IL6ST	1.0	False
0.0014402563022267965	0.31840796019900497	0.20054594633921835	0.22564102564102562	Plasma cell	Erythroid	2	7	9	3	5	IRAK4	1.0	False
0.000772520130923958	0.31840796019900497	0.07773097403210444	0.12022917525285626	Dendritic cell	NK	2	7	7	3	6	MIGA1	1.0	False
0.00017691831721342111	0.31840796019900497	0.12930523320639686	0.12824259457990006	Dendritic cell	NK	2	7	11	5	10	MLLT10	1.0	False
0.0001228813355449342	0.31840796019900497	0.171905144024527	0.18566146225720692	Monocyte	Plasma cell	2	7	17	5	11	MPPE1	1.0	False
0.0007385434200984007	0.31840796019900497	0.34987509257742366	0.5818560667911428	T cell	Dendritic cell	2	7	11	3	6	NET1	1.0	False
0.00011086650493764041	0.31840796019900497	0.11571118033951167	0.07273609749218668	Erythroid	T cell	2	7	11	4	8	NLRP1	1.0	False
0.00023919461879122497	0.31840796019900497	0.17039605316367973	0.1567542806109879	B cell	T cell	2	7	14	5	9	PDK3	1.0	False
0.0004590158999656917	0.31840796019900497	0.1857091573067034	0.20343355101643407	Dendritic cell	T cell	2	7	8	3	5	PIK3CG	1.0	False
0.0005280921405583555	0.31840796019900497	0.1165856525562271	0.1586597207098006	Dendritic cell	T cell	2	7	12	8	12	PPP3CA	1.0	False
0.0003016240198697948	0.31840796019900497	0.2185562297985128	0.10109444308227267	Dendritic cell	Plasma cell	2	6	12	3	8	RAE1	1.0	False
0.0011356542277587824	0.31840796019900497	0.16908460395652525	0.090034965034965	B cell	T cell	2	4	8	5	6	RBIS	1.0	False
0.0004329769545306515	0.31840796019900497	0.11959966916335879	0.23620810647307922	NK	Dendritic cell	2	7	9	3	6	RBM22	1.0	False
0.0006246016620808429	0.31840796019900497	0.26897494284190376	0.24938574938574937	NK	T cell	2	4	7	3	6	SPRYD7	1.0	False
9.623273689598631e-05	0.31840796019900497	0.02051448376008569	0.2007067137809187	Erythroid	B cell	2	2	3	3	3	SYPL1	1.0	False
0.00031443462706917446	0.31840796019900497	0.10250731500731503	0.13384173466534482	Plasma cell	Dendritic cell	2	7	9	3	7	TCOF1	1.0	False
0.0005010123834126999	0.31840796019900497	0.1452277715827806	0.17082616179001725	T cell	Plasma cell	2	6	6	3	5	TRMT10C	1.0	False
0.00024844829600080385	0.31840796019900497	0.1467375388105172	0.18481626686158548	Plasma cell	T cell	2	7	11	4	8	TSPAN14	1.0	False
0.0008732111278595845	0.31840796019900497	0.09162759531820613	0.30754470644089255	T cell	Monocyte	2	5	5	3	4	U2AF1	1.0	False
0.0003446209698372691	0.31840796019900497	0.1924458754954823	0.24925942967128306	Plasma cell	Erythroid	2	7	8	4	7	VPS41	1.0	False
0.0002902632408237715	0.31840796019900497	0.11401853029949538	0.10556328596130615	Erythroid	Plasma cell	2	7	11	3	8	ZNF438	1.0	False
3.7604519983622784e-05	0.32338308457711445	0.0871922241946732	0.20236725010032586	Plasma cell	Erythroid	2	7	13	6	11	AGTPBP1	1.0	False
0.00010357367561782288	0.32338308457711445	0.05955162216492699	0.18771068436092414	NK	Monocyte	2	7	12	8	12	ANKRD17	1.0	False
0.0012607494506927145	0.32338308457711445	0.257656906238446	0.4193977591036415	T cell	B cell	2	5	7	3	4	ATF5	1.0	False
0.000880163244610034	0.32338308457711445	0.16124907313925047	0.12334998881348347	Monocyte	NK	2	7	8	3	5	ATXN7L1	1.0	False
0.0006513808814751974	0.32338308457711445	0.1649267340597385	0.15732054756445002	Plasma cell	Monocyte	2	7	11	3	7	BRD3	1.0	False
0.002407885195565847	0.32338308457711445	0.25268647139405764	0.2826725987129578	T cell	Monocyte	2	6	10	3	5	COQ7	1.0	False
0.00011777665730616438	0.32338308457711445	0.10509943553668416	0.29874179452133903	Erythroid	NK	2	7	11	5	10	CSGALNACT2	1.0	False
0.0002872724571229473	0.32338308457711445	0.19309935103612785	0.28415218636531175	Plasma cell	Erythroid	2	7	13	8	13	EEF1D	1.0	False
0.0004786776930084471	0.32338308457711445	0.23894505057650572	0.23244287634408606	Monocyte	Plasma cell	2	7	14	4	8	ENSG00000290856	1.0	False
0.0021015513727820705	0.32338308457711445	0.319655318388496	0.3684341548419219	Erythroid	Monocyte	2	7	12	3	6	ENTPD6	1.0	False
0.0006128904805038005	0.32338308457711445	0.09002163345074132	0.17360544217687068	Plasma cell	B cell	2	7	13	8	13	GLG1	1.0	False
0.00011648379930997233	0.32338308457711445	0.12133991154773527	0.295659110897505	Dendritic cell	Erythroid	2	7	11	4	8	HAPSTR1	1.0	False
0.0002130028675090962	0.32338308457711445	0.09642645091591134	0.11221881390593053	Monocyte	B cell	2	7	14	7	11	HMBOX1	1.0	False
0.00013876482383467126	0.32338308457711445	0.22262528329933817	0.3431955126411896	NK	B cell	2	6	11	4	7	LINC00649	1.0	False
0.00044376641010356065	0.32338308457711445	0.055838907809483085	0.029853382794559236	B cell	T cell	2	2	3	3	3	MGLL	1.0	False
8.840505747614702e-05	0.32338308457711445	0.05861931488377897	0.1311890681649806	Monocyte	NK	2	7	14	5	9	MIR646HG	1.0	False
0.00028426371497533267	0.32338308457711445	0.11358869163723373	0.23203231950479136	NK	T cell	2	6	10	4	7	NAT10	1.0	False
0.0002539860011217242	0.32338308457711445	0.3085487190001033	0.4143505778756192	B cell	Plasma cell	2	5	7	3	5	NFKBID	1.0	False
0.0017324665344612673	0.32338308457711445	0.07178048643565876	0.07395513803680981	B cell	NK	2	3	5	3	5	NTAQ1	1.0	False
0.0003182657367970482	0.32338308457711445	0.20004586341884495	0.1895968048687714	Plasma cell	T cell	2	7	8	4	7	NUB1	1.0	False
0.00014792921343814735	0.32338308457711445	0.1879750663748287	0.20250148898153664	B cell	T cell	2	4	5	3	4	OAT	1.0	False
0.0021165856149560867	0.32338308457711445	0.12621607782898114	0.06988992780210679	Erythroid	B cell	2	3	3	3	3	POLR2J3	1.0	False
7.385263012828794e-05	0.32338308457711445	0.14331987755331338	0.1930337696042389	Monocyte	Dendritic cell	2	7	17	9	14	PSMF1	1.0	False
0.00016586720677602907	0.32338308457711445	0.2656536599297054	0.2317097249434243	Monocyte	Dendritic cell	2	4	5	3	4	PZP	1.0	False
0.0004764498849679488	0.32338308457711445	0.3036597765875222	0.6100968325119492	NK	T cell	2	7	7	3	6	RAB24	1.0	False
0.0006883265928745517	0.32338308457711445	0.17789918969413543	0.16681735985533458	T cell	Monocyte	2	7	14	4	10	SLC20A2	1.0	False
0.00022032472866080556	0.32338308457711445	0.20130800120041886	0.3511701486540779	NK	Dendritic cell	2	7	10	3	6	SVIL	1.0	False
9.815631215951936e-05	0.32338308457711445	0.08132313540567576	0.052547405912177436	Erythroid	B cell	2	2	3	3	3	SVIP	1.0	False
0.0003592477729880551	0.32338308457711445	0.06782709156819655	0.09657708810530047	Plasma cell	NK	2	7	8	3	7	TYW1B	1.0	False
0.00031958755999867674	0.3283582089552239	0.13352214190513473	0.3000180554301706	B cell	Plasma cell	2	6	13	5	9	ARMCX3	1.0	False
0.0005980834343629084	0.3283582089552239	0.26693075855008946	0.26712679644449366	Dendritic cell	T cell	2	4	4	3	4	CBX3	1.0	False
0.0006647670452427404	0.3283582089552239	0.3010221643591191	0.29392374619792033	Plasma cell	NK	2	6	8	3	5	CIB1	1.0	False
0.00015090758144306723	0.3283582089552239	0.12506195851251817	0.1589097583666491	Plasma cell	T cell	2	6	12	3	8	DYNC1LI2	1.0	False
0.00031492871424417256	0.3283582089552239	0.35856033434021267	0.34548483386061807	Plasma cell	T cell	2	7	7	4	6	ENSG00000273338	1.0	False
0.0006359569194002648	0.3283582089552239	0.21684790292513872	0.22275843881856544	B cell	Plasma cell	2	6	8	3	5	ENSG00000290876	1.0	False
0.001120360075783023	0.3283582089552239	0.10791944972228651	0.2075459720253084	Monocyte	B cell	2	7	7	3	6	EYA3	1.0	False
0.001050600275823112	0.3283582089552239	0.14987014556160017	0.1648729881714175	T cell	NK	2	6	7	3	7	IPO9	1.0	False
0.00027219013834341843	0.3283582089552239	0.13390874339154585	0.24008070570570572	Dendritic cell	NK	2	7	13	7	11	IST1	1.0	False
0.00046692310320963463	0.3283582089552239	0.09155383331790906	0.1786446886446887	T cell	Monocyte	2	7	13	5	9	IVD	1.0	False
0.0016095288195753857	0.3283582089552239	0.17788355230661118	0.2999094518353416	B cell	Plasma cell	2	6	9	3	6	KARS1	1.0	False
8.427805767193867e-05	0.3283582089552239	0.06040840208997267	0.0470361868300288	B cell	Monocyte	2	7	14	8	13	LYN	1.0	False
0.00038525407855818336	0.3283582089552239	0.10325545411062242	0.08022598870056497	Erythroid	T cell	2	6	8	4	5	MLEC	1.0	False
0.000799812996142824	0.3283582089552239	0.08698736809340046	0.04990146396396394	T cell	Plasma cell	2	2	3	3	3	MROH9	1.0	False
0.0006210108132120104	0.3283582089552239	0.2040085507914252	0.22149811308787626	Plasma cell	Erythroid	2	7	9	3	7	NARS2	1.0	False
0.00017812332167113843	0.3283582089552239	0.15213129563949407	0.1480069904067821	Plasma cell	Erythroid	2	7	7	3	5	PRDM2	1.0	False
0.0003425444802295103	0.3283582089552239	0.10165927597284868	0.15656565656565652	Monocyte	Dendritic cell	2	7	8	3	7	PRKAG2	1.0	False
0.0017213318359972454	0.3283582089552239	0.18615691028609999	0.18436173145850565	Dendritic cell	Monocyte	2	7	10	3	7	PRPSAP2	1.0	False
0.00048468229339245183	0.3283582089552239	0.08817376617334893	0.09675663062922918	T cell	NK	2	3	4	3	3	PTOV1	1.0	False
0.0003636242857288828	0.3283582089552239	0.14964211868655686	0.1824268242152906	Erythroid	Plasma cell	2	7	10	4	8	RASA1	1.0	False
1.925974652701627e-05	0.3283582089552239	0.19999260588771484	0.3508896992776676	Dendritic cell	Erythroid	2	7	15	10	15	RBM3	1.0	False
0.0016768738027246953	0.3283582089552239	0.43449544078683155	0.43051865696548963	NK	B cell	2	4	7	4	6	RNF40	1.0	False
6.759571951447776e-05	0.3283582089552239	0.07588620484353364	0.055880096184674544	T cell	Plasma cell	2	7	9	5	9	RPL28	1.0	False
0.00046450607681779393	0.3283582089552239	0.20084381305684407	0.42697460086869327	Dendritic cell	Plasma cell	2	7	12	5	10	SAT1	1.0	False
0.00026689286778545137	0.3283582089552239	0.13998622078602446	0.09400077923725358	Plasma cell	Erythroid	2	7	16	6	10	SEH1L	1.0	False
0.0002602480561964679	0.3283582089552239	0.10706269620588021	0.06524420152757338	T cell	Dendritic cell	2	6	10	3	7	SLC24A3	1.0	False
0.000677150220843916	0.3283582089552239	0.19298179871829035	0.24901226866292375	NK	B cell	2	3	4	3	4	SPOUT1	1.0	False
0.0006044697416595712	0.3283582089552239	0.10050384774033666	0.06463533960192835	NK	T cell	2	7	9	4	6	TFCP2	1.0	False
0.0001061419372365559	0.3283582089552239	0.16036366396613394	0.12368313420970767	B cell	T cell	2	7	14	7	11	TRAM1	1.0	False
0.00012059826301111335	0.3283582089552239	0.10759412017685538	0.07504730675730054	Monocyte	Erythroid	2	7	9	5	8	VEZT	1.0	False
0.0002679490911302507	0.3283582089552239	0.22769104579957777	0.2505478920701108	Monocyte	T cell	2	7	11	4	7	WAC-AS1	1.0	False
0.0005157332944690448	0.3283582089552239	0.18638916143418588	0.32337146950074525	T cell	Monocyte	2	7	11	3	8	ZNF791	1.0	False
0.00041601655941284467	0.3333333333333333	0.05512092699843857	0.1033294061986883	Monocyte	T cell	2	7	7	3	7	AGO3	1.0	False
0.0003929096522260049	0.3333333333333333	0.06597813283833609	0.04493816218829316	Erythroid	B cell	2	3	5	3	4	ARFRP1	1.0	False
0.0006578531662191898	0.3333333333333333	0.35937644958981485	0.33683060109289614	Erythroid	Plasma cell	2	6	12	4	7	BRCC3	1.0	False
0.00013986637517394952	0.3333333333333333	0.22668437434024002	0.2674688813449725	Plasma cell	B cell	2	7	16	6	12	COMMD7	1.0	False
0.0003948193175907595	0.3333333333333333	0.13829037426488366	0.2166312793711876	Dendritic cell	B cell	2	6	10	4	7	CTR9	1.0	False
0.0001435628712923081	0.3333333333333333	0.22845121294107917	0.2874487368391974	Dendritic cell	Plasma cell	2	7	13	7	12	DPP7	1.0	False
0.00020263282583844326	0.3333333333333333	0.09538510261040167	0.1177669020288471	Plasma cell	Erythroid	2	7	5	3	5	EEF1G	1.0	False
0.0006240878073703376	0.3333333333333333	0.10886645645198756	0.18152679226816743	Erythroid	B cell	2	3	5	4	4	ENSG00000261079	1.0	False
7.470653149978166e-05	0.3333333333333333	0.3971791692243975	0.4583333333333333	NK	T cell	2	7	6	3	5	ENSG00000289341	1.0	False
0.0007083762561471854	0.3333333333333333	0.036466980925386194	0.05183946488294311	T cell	NK	2	3	4	3	4	EXOSC10	1.0	False
0.0004338024880166921	0.3333333333333333	0.24311194662098512	0.37527307431349305	Monocyte	Erythroid	2	7	10	3	6	FURIN	1.0	False
0.0002814640449392156	0.3333333333333333	0.09832744033162893	0.05033125354757978	Dendritic cell	NK	2	7	14	5	9	LNX2	1.0	False
0.0007554227079535989	0.3333333333333333	0.1826930361949886	0.1684667708429084	T cell	NK	2	3	5	3	4	MIR222HG	1.0	False
0.00127578850177033	0.3333333333333333	0.10093223455063238	0.25952844473285747	Plasma cell	B cell	2	7	9	4	7	NCKAP1L	1.0	False
0.0006590610291823824	0.3333333333333333	0.1179080575042547	0.23669129036101516	T cell	NK	2	7	7	3	6	NIBAN1	1.0	False
0.0007905892842418845	0.3333333333333333	0.1174069898962295	0.18984082397003743	Erythroid	T cell	2	3	4	3	3	PIM2	1.0	False
0.0005237450244485227	0.3333333333333333	0.14707976749038149	0.37605351875263376	Monocyte	T cell	2	7	9	3	6	PTBP1	1.0	False
0.0007064107007020195	0.3333333333333333	0.2092233608010723	0.24848753662592216	Monocyte	B cell	2	7	15	6	13	RBMX	1.0	False
0.0007010801007720112	0.3333333333333333	0.14154180518332538	0.1101651095834068	NK	Monocyte	2	7	7	3	6	RPA2	1.0	False
0.0007610814357775794	0.3333333333333333	0.15849018131626824	0.07605449794699509	B cell	Plasma cell	2	4	4	3	3	SRPRB	1.0	False
0.0005938439551039097	0.3333333333333333	0.2694066238421077	0.37815500108274586	Monocyte	Plasma cell	2	7	10	3	7	UROS	1.0	False
0.00012528381052109093	0.3333333333333333	0.3205987107108835	0.40643027327311854	Monocyte	Plasma cell	2	7	10	3	7	VSIR	1.0	False
0.00020435660608811407	0.3333333333333333	0.178005396205271	0.13696517766677924	NK	Monocyte	2	7	13	4	8	ZBTB21	1.0	False
0.0010676602789186991	0.3333333333333333	0.16527323055473053	0.17756039721357636	B cell	Dendritic cell	2	6	9	3	6	ZNF41	1.0	False
2.2536491325939497e-05	0.3383084577114428	0.046101279983691734	0.12977908483526462	B cell	T cell	2	7	13	9	13	AKAP13	1.0	False
0.0007653254210623427	0.3383084577114428	0.16170059700795408	0.1849497126436782	T cell	NK	2	7	9	4	8	BORCS5	1.0	False
0.0022394471586633696	0.3383084577114428	0.11357000750782575	0.23512185905913469	NK	Plasma cell	2	6	8	4	6	CARS1	1.0	False
0.0004671072160028953	0.3383084577114428	0.2527965927877086	0.3003210566590146	Plasma cell	NK	2	7	7	4	7	CD55	1.0	False
0.0008181876920085673	0.3383084577114428	0.10456034265558067	0.2447786633378145	NK	Erythroid	2	3	3	3	3	CLPB	1.0	False
0.0007643647805806323	0.3383084577114428	0.2663091836430099	0.3221012634621661	NK	Plasma cell	2	5	5	3	3	COPS6	1.0	False
0.0006744001578393944	0.3383084577114428	0.14366151482030737	0.13647342995169087	Plasma cell	B cell	2	6	10	3	7	DCAF13	1.0	False
0.000999307059299446	0.3383084577114428	0.1913482514059614	0.14069453108754415	T cell	B cell	2	3	4	3	3	DDB2	1.0	False
0.0003278775145236476	0.3383084577114428	0.10551718520020781	0.1818111456469847	Dendritic cell	T cell	2	6	11	4	7	FLT3	1.0	False
0.0002733188543555204	0.3383084577114428	0.19878672809535647	0.3874434690077148	NK	Monocyte	2	7	13	5	9	FXN	1.0	False
0.0001144462230255744	0.3383084577114428	0.06789610577053112	0.12773768027508403	Monocyte	T cell	2	7	11	5	10	GPATCH8	1.0	False
0.0003155705964641953	0.3383084577114428	0.1815861411767134	0.2743024302430243	Plasma cell	Erythroid	2	6	9	3	6	GSDMD	1.0	False
0.0005370724434510248	0.3383084577114428	0.06263050132781939	0.0188306978093718	NK	B cell	2	4	4	3	3	HNRNPAB	1.0	False
9.352436217146656e-05	0.3383084577114428	0.11106963959306798	0.17277504683141676	Plasma cell	Monocyte	2	7	8	5	8	KMT2E	1.0	False
6.494525752845514e-05	0.3383084577114428	0.11332021787220137	0.22683163591928573	Plasma cell	Monocyte	2	7	18	10	13	LRCH1	1.0	False
0.00019820400958988005	0.3383084577114428	0.10408062871732549	0.11191109577723102	T cell	Plasma cell	2	7	14	8	12	PPP3CC	1.0	False
6.137464359438524e-05	0.3383084577114428	0.0332139048962698	0.07511014501388491	B cell	NK	2	7	7	5	7	RABGAP1L	1.0	False
0.00016761796563718299	0.3383084577114428	0.1311275677111104	0.1921052702133878	Dendritic cell	Monocyte	2	7	10	5	9	RAPGEF6	1.0	False
0.0010444972719006978	0.3383084577114428	0.09535449429404885	0.11825396825396828	T cell	Plasma cell	2	4	6	3	4	RBPMS	1.0	False
0.00037550043737483786	0.3383084577114428	0.07962579099267625	0.2173955059578831	Erythroid	NK	2	5	6	3	6	RNF220	1.0	False
0.0006414761544507081	0.3383084577114428	0.10854199612016358	0.1562792602996254	Monocyte	Erythroid	2	7	7	3	7	SPEN	1.0	False
9.637562690968914e-05	0.3383084577114428	0.12796313601554787	0.2726331194416301	Plasma cell	Monocyte	2	7	10	7	8	SQSTM1	1.0	False
0.0019464516659697707	0.3383084577114428	0.12434215073511273	0.2804733727810651	Dendritic cell	NK	2	5	7	3	5	STARD3NL	1.0	False
0.00035888073184477327	0.3383084577114428	0.2447668340502837	0.31216931216931215	Plasma cell	NK	2	5	6	3	5	TATDN3	1.0	False
0.00046343743468719816	0.3383084577114428	0.45271021929376076	0.49521045207128567	Plasma cell	NK	2	7	9	3	5	TNFSF10	1.0	False
0.00021600165793164618	0.3383084577114428	0.2296917498249929	0.2763749744703989	B cell	Plasma cell	2	7	13	6	10	TXNL1	1.0	False
0.001004462076276684	0.3383084577114428	0.1476758150636655	0.1720253718285214	NK	B cell	2	4	6	3	5	ZNF280C	1.0	False
0.00029758545312488175	0.3383084577114428	0.19757513799116955	0.3360484763300338	NK	Plasma cell	2	7	16	7	12	ZNF335	1.0	False
0.0005395756114971889	0.3383084577114428	0.12441437694313146	0.2651716133311226	Dendritic cell	T cell	2	7	11	5	6	ZNF738	1.0	False
9.377344554146348e-05	0.34328358208955223	0.06443605092486593	0.09551729238906864	Dendritic cell	Erythroid	2	7	17	10	15	ASXL1	1.0	False
0.0001673537650052365	0.34328358208955223	0.05895781442814957	0.045841995841995886	B cell	NK	2	5	9	5	7	CDK9	1.0	False
0.0009593777001584268	0.34328358208955223	0.15100852765565698	0.14041284586821406	Erythroid	T cell	2	6	9	3	5	CHP1	1.0	False
0.0005108868162059422	0.34328358208955223	0.10540819548696329	0.11280191631972125	Erythroid	T cell	2	7	12	7	11	CNOT6L	1.0	False
0.00022786603061648715	0.34328358208955223	0.22428155496634683	0.23480877499514657	Monocyte	Plasma cell	2	7	12	5	7	DCAF10	1.0	False
0.0007349565064696994	0.34328358208955223	0.10366356694859108	0.0846185064935065	T cell	B cell	2	2	3	3	3	ENSG00000274265	1.0	False
0.0013956994070417012	0.34328358208955223	0.23282552082800506	0.32334442238928807	Erythroid	NK	2	5	11	5	7	ENSG00000291066	1.0	False
0.0006371542264956485	0.34328358208955223	0.12115915831124086	0.07339181286549706	Erythroid	T cell	2	4	7	3	5	HDGFL3	1.0	False
0.0002981276129628861	0.34328358208955223	0.1799122118171506	0.17027650995286886	Dendritic cell	Erythroid	2	7	8	3	7	LANCL2	1.0	False
0.00016526795929985724	0.34328358208955223	0.20676010542526324	0.29329712686186493	Plasma cell	Erythroid	2	7	7	3	6	LYST	1.0	False
0.0015088378751929225	0.34328358208955223	0.08520369047808701	0.17962343695883243	T cell	Monocyte	2	7	13	6	11	MLLT3	1.0	False
0.0004450272452533302	0.34328358208955223	0.15984647709104577	0.3985609309637226	T cell	Dendritic cell	2	7	9	4	7	MPHOSPH9	1.0	False
0.0006599229341546618	0.34328358208955223	0.12612682998960129	0.14114334048522864	Erythroid	Monocyte	2	7	7	4	7	MTR	1.0	False
0.0005785716277592203	0.34328358208955223	0.16910290712056097	0.16454749439042637	Erythroid	B cell	2	5	6	3	5	NIPSNAP2	1.0	False
0.000792154714543259	0.34328358208955223	0.13501327884989212	0.2123342939481268	B cell	Erythroid	2	4	5	3	5	PANK3	1.0	False
6.647084827047016e-05	0.34328358208955223	0.11148765888516082	0.4886615424868168	Erythroid	Dendritic cell	2	7	10	7	9	PICALM	1.0	False
0.0005949557541573683	0.34328358208955223	0.18516142094304405	0.26282271046983074	Monocyte	Plasma cell	2	6	8	3	5	PLCB2	1.0	False
0.0002753456851093277	0.34328358208955223	0.17025470180336483	0.1859619347799733	T cell	B cell	2	7	11	3	8	PNKP	1.0	False
0.00045869914109835546	0.34328358208955223	0.1361231489240436	0.1134646962233169	Dendritic cell	Erythroid	2	7	9	4	7	PPP4R2	1.0	False
5.861993976963304e-05	0.34328358208955223	0.10608159889891755	0.1413076372465107	Dendritic cell	T cell	2	7	14	8	11	RAB11FIP1	1.0	False
0.0006067852962987132	0.34328358208955223	0.09425327376963838	0.11579161579161579	Erythroid	Plasma cell	2	7	7	3	6	RPAP2	1.0	False
0.0003028811588933756	0.34328358208955223	0.07804255651835779	0.07074415752926583	B cell	Erythroid	2	6	7	4	7	RPRD2	1.0	False
0.0005534755693411319	0.34328358208955223	0.2531710531516648	0.212516846361186	T cell	Dendritic cell	2	5	6	3	6	TARBP1	1.0	False
0.0012263173937930743	0.34328358208955223	0.18290728253463534	0.15173143008194556	NK	T cell	2	4	6	3	5	TCP11L1	1.0	False
0.0005502632615950752	0.34328358208955223	0.16084128285000504	0.14175289211495173	B cell	Erythroid	2	5	6	3	5	TIPRL	1.0	False
2.0536867843961754e-05	0.34328358208955223	0.10103705202357438	0.12192219668855181	Plasma cell	Erythroid	2	4	4	3	4	TOMM5	1.0	False
0.0007291400059496767	0.34328358208955223	0.08956885667014974	0.13700486319931698	B cell	NK	2	4	5	3	4	TRMT44	1.0	False
7.392034140022669e-05	0.34328358208955223	0.17494978845586961	0.22646649301792454	Monocyte	Dendritic cell	2	7	9	5	8	UBE2E2	1.0	False
0.0004159055498223391	0.3482587064676617	0.13909487816710492	0.26740923996577504	Plasma cell	Erythroid	2	7	13	8	12	AQR	1.0	False
8.563991767521712e-05	0.3482587064676617	0.3305671239349219	0.4823012077490476	T cell	Erythroid	2	6	8	3	5	ATP5MC2	1.0	False
0.00019579794671810704	0.3482587064676617	0.24185779636315136	0.2939335788536758	Plasma cell	NK	2	7	7	4	7	CEP350	1.0	False
0.0006980817464112643	0.3482587064676617	0.21900461943778604	0.19876136680260398	Dendritic cell	T cell	2	7	9	3	6	CERS5	1.0	False
0.0012438967325723793	0.3482587064676617	0.15448199908824978	0.18842160369950267	B cell	T cell	2	3	4	3	4	COX17	1.0	False
5.08985418121569e-05	0.3482587064676617	0.08314307298616513	0.2548254028105229	Dendritic cell	Plasma cell	2	7	12	7	11	ELF2	1.0	False
0.00033499581659280394	0.3482587064676617	0.1380354391929256	0.15242616517011787	B cell	Plasma cell	2	7	9	4	8	ELP4	1.0	False
0.0008002993592460108	0.3482587064676617	0.1611369390413509	0.20809614168247947	Dendritic cell	NK	2	7	9	3	5	ERMP1	1.0	False
7.147191863092074e-05	0.3482587064676617	0.14731996527915692	0.3171970850648289	Dendritic cell	B cell	2	7	15	7	12	FKBP1A	1.0	False
0.0004934104578859603	0.3482587064676617	0.1089081017548526	0.14196666890967413	Erythroid	Monocyte	2	7	12	6	11	GALNT7	1.0	False
0.0024128232136404336	0.3482587064676617	0.19111089520369134	0.5107041954737868	Dendritic cell	Plasma cell	2	7	7	3	6	GLRX	1.0	False
0.0007248455033247262	0.3482587064676617	0.26688352616474487	0.30825188181103247	Monocyte	Plasma cell	2	7	14	5	11	HDHD2	1.0	False
0.0020147850927367686	0.3482587064676617	0.09578311531844363	0.17106111694581094	B cell	Dendritic cell	2	5	6	3	6	HPS5	1.0	False
0.0002517291557962443	0.3482587064676617	0.09518290099926696	0.2798813447381303	Erythroid	Dendritic cell	2	7	7	4	7	JAK1	1.0	False
0.0011391630388595793	0.3482587064676617	0.18975654962893035	0.3235403235403235	T cell	Plasma cell	2	7	7	3	7	KDM5B	1.0	False
0.00024324456225932711	0.3482587064676617	0.2422687576142804	0.2642048039304885	NK	Dendritic cell	2	6	9	3	5	KLHL18	1.0	False
0.0012740356261993322	0.3482587064676617	0.15019345118483035	0.1770652243899299	T cell	Erythroid	2	4	5	3	4	LINC01145	1.0	False
0.00011147729936568186	0.3482587064676617	0.11546268435917295	0.20711415671354705	Dendritic cell	Monocyte	2	7	12	6	10	MANBA	1.0	False
8.003601530816621e-05	0.3482587064676617	0.08733919901540649	0.17606851352981384	Erythroid	Monocyte	2	7	18	11	15	MBNL2	1.0	False
0.0004006323354958595	0.3482587064676617	0.13973359954413572	0.10569196773495682	NK	Plasma cell	2	7	13	4	9	MED27	1.0	False
0.00022660479980927256	0.3482587064676617	0.20042819214957824	0.31007699581250847	Monocyte	B cell	2	7	9	4	6	MOB3A	1.0	False
0.00021029724460756816	0.3482587064676617	0.10462454451854475	0.13311780948064544	Plasma cell	NK	2	7	18	8	14	MTIF3	1.0	False
9.913543365287838e-05	0.3482587064676617	0.11759761578577732	0.0761515533223519	Monocyte	Dendritic cell	2	7	17	7	11	NCOA6	1.0	False
0.0006260753644954934	0.3482587064676617	0.18517195134095749	0.23617159571010726	T cell	NK	2	6	8	3	4	NKAPD1	1.0	False
0.00015257028017339779	0.3482587064676617	0.06760228486409287	0.05403591715156558	Dendritic cell	Erythroid	2	6	11	5	7	RAB28	1.0	False
0.00038374143664261106	0.3482587064676617	0.1322632877775945	0.1522658108206359	Erythroid	NK	2	7	11	5	9	RFFL	1.0	False
0.00047166405521249354	0.3482587064676617	0.18501167690967357	0.3600264667270417	Monocyte	Plasma cell	2	7	11	4	8	SEPTIN9	1.0	False
0.0002809340615965066	0.3482587064676617	0.33177637983249886	0.3609184774233318	Plasma cell	NK	2	7	11	3	7	SH2D3C	1.0	False
0.0008185533218528566	0.3482587064676617	0.24306917096326347	0.31792929292929295	Erythroid	Monocyte	2	7	10	3	5	SLC25A25	1.0	False
0.0005454059376756952	0.3482587064676617	0.22815622038381278	0.25137234790206464	Erythroid	Plasma cell	2	7	11	3	7	TERF2	1.0	False
0.00046470956536892377	0.3482587064676617	0.10031432608550073	0.2317859181878501	NK	B cell	2	7	11	5	10	ZNF207	1.0	False
0.00036635100880065286	0.3482587064676617	0.1778872081159737	0.1754776592992061	B cell	Plasma cell	2	7	12	4	6	ZNF75D	1.0	False
0.0003974667463766813	0.3482587064676617	0.12288106199166271	0.14227121037982748	Erythroid	Plasma cell	2	7	8	4	7	ZNF767P	1.0	False
0.00027077728410559776	0.3482587064676617	0.18567769774759102	0.1576352067868505	Monocyte	T cell	2	7	11	3	8	ZRANB1	1.0	False
0.00028544700121799297	0.35323383084577115	0.19989877068886847	0.45258600987323255	Plasma cell	NK	2	7	14	4	10	AKAP17A	1.0	False
0.00028820177626372927	0.35323383084577115	0.08626348353834701	0.11553901979697762	B cell	Erythroid	2	7	9	3	6	ANK3	1.0	False
0.0002546070398167582	0.35323383084577115	0.21148513711900446	0.2723758783480382	Monocyte	NK	2	7	8	4	7	AVL9	1.0	False
0.000712703594151236	0.35323383084577115	0.4389634084827819	0.4416097736255839	Monocyte	Plasma cell	2	7	12	4	7	C16orf87	1.0	False
0.00023692718284102146	0.35323383084577115	0.16780968778195265	0.31007202925237526	Plasma cell	Monocyte	2	7	7	3	7	CCDC18	1.0	False
0.00045699098567520725	0.35323383084577115	0.18159925160732937	0.40522601968958116	Plasma cell	NK	2	7	13	5	10	CCDC32	1.0	False
8.184376728539906e-06	0.35323383084577115	0.5664887103565076	0.7919372900335946	Plasma cell	Erythroid	2	6	9	3	4	CD68	1.0	False
0.001422784739533489	0.35323383084577115	0.3036305188902414	0.4103365188270849	T cell	NK	2	6	13	3	7	COG4	1.0	False
0.00012497119418652337	0.35323383084577115	0.08102190291948275	0.1899954059810368	Monocyte	Plasma cell	2	7	10	5	9	COMMD10	1.0	False
0.0005837842717656022	0.35323383084577115	0.17525609879087223	0.15941194443791568	T cell	B cell	2	4	6	4	5	CTSO	1.0	False
0.000157143212690163	0.35323383084577115	0.11362278552553268	0.15992217610984122	B cell	Erythroid	2	3	5	3	5	ELF4	1.0	False
0.0011825126805012573	0.35323383084577115	0.16710776566116753	0.15192650486768128	Erythroid	T cell	2	3	5	3	4	ENSG00000291201	1.0	False
0.00024145322834053963	0.35323383084577115	0.1773500193839273	0.2648747828139852	T cell	Plasma cell	2	7	13	6	9	FGD3	1.0	False
0.0008934196714722126	0.35323383084577115	0.18050818420137238	0.1357052590648391	B cell	Monocyte	2	5	6	3	5	GNA15	1.0	False
0.0003262532308877655	0.35323383084577115	0.1364979282288552	0.1478469871041162	Plasma cell	NK	2	6	7	3	5	GREB1L	1.0	False
0.0012037343014666866	0.35323383084577115	0.33492030346197016	0.23915557667934095	Erythroid	B cell	2	3	4	3	4	HDHD3	1.0	False
0.00032461623434723396	0.35323383084577115	0.22019892482012668	0.535594861358889	Dendritic cell	Plasma cell	2	7	12	4	9	HPF1	1.0	False
0.000117443520847778	0.35323383084577115	0.4433844052130498	0.7505159160088737	NK	T cell	2	5	6	3	4	HRG-AS1	1.0	False
0.0014925337809733239	0.35323383084577115	0.33318688141369207	0.4053955430336564	NK	T cell	2	6	11	3	7	KHSRP	1.0	False
0.0003466254483076169	0.35323383084577115	0.26409296704134183	0.2168708279331633	Plasma cell	B cell	2	7	13	5	9	LEPROTL1	1.0	False
0.0007811457298606773	0.35323383084577115	0.11055931432530242	0.21407474208865063	Dendritic cell	Erythroid	2	7	14	5	9	LPAR6	1.0	False
0.00011121000047819827	0.35323383084577115	0.06560209538151213	0.22539567170959546	Plasma cell	B cell	2	7	9	6	8	MON2	1.0	False
0.000295734228606584	0.35323383084577115	0.14857798527411742	0.1634193871820097	Plasma cell	NK	2	7	9	4	7	NAA50	1.0	False
0.0020904533321681367	0.35323383084577115	0.11745818147836645	0.22043010752688175	Erythroid	Monocyte	2	3	4	3	3	NDUFA2	1.0	False
0.0003129879556701321	0.35323383084577115	0.35431875930954654	0.6229320591069708	B cell	Plasma cell	2	6	7	3	6	PAIP1	1.0	False
0.0004296158421889533	0.35323383084577115	0.08385762977835304	0.13807773565247583	T cell	B cell	2	5	9	3	7	PCBP3	1.0	False
6.052577763253506e-05	0.35323383084577115	0.06011216427542537	0.10777117630463856	Dendritic cell	B cell	2	7	18	10	16	PSPC1	1.0	False
0.00024284037167828713	0.35323383084577115	0.1574582146747095	0.25938241055778943	NK	Monocyte	2	7	9	3	6	PYROXD1	1.0	False
0.000322005132756506	0.35323383084577115	0.1868293856069883	0.3277310924369748	T cell	Dendritic cell	2	7	9	4	8	SNRPN	1.0	False
9.116026370944689e-05	0.35323383084577115	0.0698535759689648	0.10059466375325615	Erythroid	Dendritic cell	2	7	8	5	8	SRPK2	1.0	False
0.00025659796210889874	0.35323383084577115	0.14812729478754982	0.15677770961964682	Monocyte	NK	2	7	7	4	7	USP24	1.0	False
7.750318251450558e-05	0.35323383084577115	0.1383053569898633	0.596139981143586	B cell	Erythroid	2	7	14	4	10	VBP1	1.0	False
0.00020303475718673293	0.35323383084577115	0.44780516233403955	0.43800077405074833	NK	Plasma cell	2	6	9	4	7	YEATS4	1.0	False
0.00023082341150606835	0.35323383084577115	0.05682291998829159	0.07156673114119921	NK	Dendritic cell	2	3	5	3	4	ZNF780B	1.0	False
0.0005800913585448433	0.35323383084577115	0.09210014956791757	0.12952783650458072	T cell	Plasma cell	2	5	8	3	4	ZNF850	1.0	False
3.600969247895233e-05	0.3582089552238806	0.2608643752636888	0.3377921328116943	Erythroid	Monocyte	2	6	7	3	5	BLVRA	1.0	False
0.0006316667975522932	0.3582089552238806	0.27743589743589736	0.2670907995783767	T cell	Dendritic cell	2	7	11	3	6	COG7	1.0	False
0.0017309875858277412	0.3582089552238806	0.29254745942067945	0.6632211474542542	NK	Dendritic cell	2	7	17	7	14	CST3	1.0	False
0.00027032488190092746	0.3582089552238806	0.08764071139175805	0.06255151262288	Dendritic cell	Erythroid	2	7	14	4	9	DHX35	1.0	False
0.001158835123090237	0.3582089552238806	0.23362869939013975	0.2908793820558526	Plasma cell	B cell	2	6	9	3	5	HDGFL2	1.0	False
8.318544858959095e-05	0.3582089552238806	0.08890741150214293	0.22024592446435254	Erythroid	T cell	2	7	11	7	11	JMJD1C	1.0	False
0.0001173240671632842	0.3582089552238806	0.17748258614216245	0.22145015833486192	T cell	Dendritic cell	2	7	7	4	6	MDM4	1.0	False
0.0002818466970559215	0.3582089552238806	0.1959436030428871	0.3895521449991919	Erythroid	Plasma cell	2	7	8	4	6	NGLY1	1.0	False
0.0006898544409181661	0.3582089552238806	0.1643431560334846	0.20962904728627996	Monocyte	Plasma cell	2	3	5	3	4	NME8	1.0	False
0.0008007577127630925	0.3582089552238806	0.07882655160726204	0.10250079643198468	B cell	T cell	2	4	5	3	4	NPIPA1	1.0	False
0.0017117686978842758	0.3582089552238806	0.13217372312747883	0.12180851063829784	T cell	B cell	2	6	8	3	5	NPIPB11	1.0	False
0.00019314078831160017	0.3582089552238806	0.10591682801041596	0.149566274478866	Dendritic cell	B cell	2	7	8	4	6	PCED1B	1.0	False
0.00041741710126898723	0.3582089552238806	0.2113171541988813	0.13999077490774903	Plasma cell	B cell	2	6	11	3	7	PRNP	1.0	False
0.0010122460898553576	0.3582089552238806	0.35464966934496	0.47318218069955564	Dendritic cell	T cell	2	7	10	3	7	RRM1	1.0	False
0.001500555013854793	0.3582089552238806	0.05631644840006955	0.24068145545891523	Dendritic cell	NK	2	6	9	4	7	SLFN13	1.0	False
0.00031509124899291877	0.3582089552238806	0.12971755541587404	0.287112999061816	T cell	Monocyte	2	7	12	7	11	SMARCA5	1.0	False
0.0005480063970159218	0.3582089552238806	0.06921243702498014	0.05328760556108714	NK	Erythroid	2	2	4	4	4	SNX12	1.0	False
0.00032517823457960874	0.3582089552238806	0.11477689351567943	0.3019241215656003	Plasma cell	Dendritic cell	2	6	9	3	7	SNX19	1.0	False
0.0008843600273305462	0.3582089552238806	0.12160734590612643	0.1293708408953418	NK	Monocyte	2	5	6	3	6	SNX27	1.0	False
0.0017701441009835553	0.3582089552238806	0.09081421615023771	0.18089430894308944	Erythroid	B cell	2	4	6	3	5	TIMM29	1.0	False
0.002357364880054447	0.3582089552238806	0.36876617404168344	0.3742385477582846	Plasma cell	Dendritic cell	2	7	11	4	9	U2AF2	1.0	False
0.0003857829328581824	0.3582089552238806	0.12746621383720447	0.07805428104829304	Dendritic cell	NK	2	5	7	3	4	XPNPEP1	1.0	False
0.0004877109949813339	0.3582089552238806	0.23362442453125964	0.22639494660851256	T cell	NK	2	7	10	3	7	ZNF587	1.0	False
0.00021885010227763903	0.36318407960199006	0.2418483263157259	0.24458818698604362	Dendritic cell	B cell	2	7	14	4	9	ALG13	1.0	False
0.0027518642268433125	0.36318407960199006	0.14434026385999882	0.22262848078700165	Erythroid	Plasma cell	2	7	11	4	9	AMZ2	1.0	False
0.00043544589651738845	0.36318407960199006	0.379540655732132	0.4168633777247412	Plasma cell	T cell	2	7	7	4	7	DDOST	1.0	False
0.0002113476187535257	0.36318407960199006	0.25758834468768743	0.26595744680851063	Plasma cell	Dendritic cell	2	7	7	4	6	DNAJB11	1.0	False
0.00015278346501223367	0.36318407960199006	0.22029102000274967	0.28147766380620365	B cell	Monocyte	2	6	7	3	6	ENSG00000279463	1.0	False
0.000298774194895322	0.36318407960199006	0.14431353699551402	0.09170124481327802	Monocyte	NK	2	5	4	3	4	ENSG00000283125	1.0	False
0.0003640701348521046	0.36318407960199006	0.317385793325922	0.24131169128592694	NK	T cell	2	5	7	3	7	ENSG00000287263	1.0	False
0.0003545454368214735	0.36318407960199006	0.03744419378069341	0.00699396755989512	Erythroid	NK	2	2	5	5	5	FUT10	1.0	False
5.2472599092689176e-05	0.36318407960199006	0.20182994673412663	0.3558473360483962	Dendritic cell	NK	2	7	16	7	12	IFNGR2	1.0	False
0.0002169803736234671	0.36318407960199006	0.1164650122287752	0.11291538198013018	Plasma cell	Dendritic cell	2	7	12	6	9	KLHL5	1.0	False
0.0007522032480642182	0.36318407960199006	0.20474215794229578	0.2179145234012828	B cell	Erythroid	2	7	8	4	7	NFKBIB	1.0	False
0.0014612472236645772	0.36318407960199006	0.22090510534983315	0.18982048143614855	NK	Plasma cell	2	6	7	3	4	POT1	1.0	False
0.0007952776387050448	0.36318407960199006	0.14637271919256506	0.03659598598537778	B cell	Erythroid	2	2	4	4	4	PPTC7	1.0	False
0.00046895816705711115	0.36318407960199006	0.0931031046701351	0.27790460427754077	Plasma cell	NK	2	7	9	4	7	RECQL	1.0	False
0.0001570379255001909	0.36318407960199006	0.1152518415903398	0.1874221993634324	B cell	T cell	2	4	5	3	4	RXRA	1.0	False
0.0004944909603691096	0.36318407960199006	0.06546647143421347	0.08715720879717626	NK	B cell	2	5	6	3	4	SLC41A2	1.0	False
0.00018405273944991664	0.36318407960199006	0.1477446573034808	0.09348641495782645	T cell	Erythroid	2	4	6	3	5	SMAD7	1.0	False
0.0002510084805418606	0.36318407960199006	0.49555313653406374	0.7053741080204884	T cell	Monocyte	2	7	12	3	7	STOM	1.0	False
0.00031524319135336	0.36318407960199006	0.06582817688841758	0.06413694622457511	Monocyte	B cell	2	7	13	4	7	TANGO6	1.0	False
0.0006106930400597618	0.36318407960199006	0.23255509025857857	0.2235509824311751	B cell	Plasma cell	2	6	9	3	5	UBE2Z	1.0	False
0.00014775718692511795	0.36318407960199006	0.0698606395213971	0.13625113046789472	Monocyte	Plasma cell	2	7	11	6	10	ZEB1	1.0	False
0.0022470736173116333	0.36318407960199006	0.15545046945421342	0.19981182630750033	NK	Erythroid	2	6	8	3	6	ZFYVE28	1.0	False
0.0010526688826196266	0.36318407960199006	0.15816834654561462	0.25938689217758987	Plasma cell	T cell	2	6	8	3	5	ZNF460	1.0	False
0.00048662216975182244	0.36318407960199006	0.10943204245716981	0.13983973700431473	NK	T cell	2	7	11	3	7	ZNF700	1.0	False
0.006823646003071287	0.3681592039800995	0.42782595582389915	0.3639016724660456	NK	T cell	2	4	5	3	4	ABCA2	1.0	False
0.001354776024124755	0.3681592039800995	0.08902636666349756	0.02281302097043081	B cell	Plasma cell	2	4	5	3	4	ADAL	1.0	False
0.0005524209904656644	0.3681592039800995	0.10784117151499767	0.05589988651627492	B cell	Erythroid	2	4	7	3	6	C2CD3	1.0	False
0.0002292560458978297	0.3681592039800995	0.15910927330554048	0.2552046419701867	B cell	Plasma cell	2	7	9	5	7	DCTN4	1.0	False
0.0003513271599341583	0.3681592039800995	0.13220672303678827	0.17709529276693453	B cell	T cell	2	5	7	3	5	DENND1C	1.0	False
0.0009509059670191281	0.3681592039800995	0.2217678612168244	0.18946762670708944	Plasma cell	NK	2	6	7	3	4	EIF4A2	1.0	False
0.00011294855315578748	0.3681592039800995	0.10968531974445994	0.15466304029161365	Dendritic cell	B cell	2	7	17	8	10	ENSG00000266049	1.0	False
0.0009671845541999441	0.3681592039800995	0.12074045490916968	0.16245138231893197	B cell	NK	2	4	5	3	4	ENSG00000286444	1.0	False
0.00038349943328263225	0.3681592039800995	0.2852113732437562	0.2989652623798965	NK	Plasma cell	2	7	11	4	6	ENSG00000287070	1.0	False
0.00018097736545573121	0.3681592039800995	0.13503330303253097	0.22057130702434877	T cell	Dendritic cell	2	6	9	3	8	ENSG00000288839	1.0	False
0.00033525304221282393	0.3681592039800995	0.2183174877837546	0.13562841530054642	NK	T cell	2	3	5	4	4	ENSG00000291224	1.0	False
0.00043030634891447596	0.3681592039800995	0.07833007204606701	0.15817740546465198	Erythroid	B cell	2	7	9	3	6	FAR2	1.0	False
0.001543773718701322	0.3681592039800995	0.15389273279370258	0.13533484223139397	B cell	Erythroid	2	4	6	3	4	FGFR1	1.0	False
8.69271489030344e-05	0.3681592039800995	0.06598054460971803	0.22277160779699662	B cell	Dendritic cell	2	7	10	5	7	FLI1	1.0	False
7.101723572789254e-05	0.3681592039800995	0.5381705782124151	0.5233211263423566	NK	Plasma cell	2	7	12	4	9	GFUS	1.0	False
0.00020596520274323416	0.3681592039800995	0.23747416113232173	0.3532175032175032	T cell	Plasma cell	2	7	10	4	7	HIPK3	1.0	False
0.0007506824622521268	0.3681592039800995	0.12568390300874932	0.2641538633566586	Dendritic cell	Plasma cell	2	7	17	8	13	HSPH1	1.0	False
0.00035446310748050926	0.3681592039800995	0.19899715817459285	0.17777489065003677	Erythroid	T cell	2	4	5	3	5	INTS13	1.0	False
6.674914432062057e-05	0.3681592039800995	0.11710961745013038	0.03948720877112838	NK	Plasma cell	2	7	13	4	9	LINC01572	1.0	False
0.0004291512691224221	0.3681592039800995	0.09028332051099386	0.19828033360236746	Plasma cell	Dendritic cell	2	7	11	3	7	MAPK8IP3	1.0	False
0.001071121430036396	0.3681592039800995	0.2968047338124693	0.2556063298637556	Erythroid	T cell	2	6	9	3	5	METTL25	1.0	False
0.0017904047114185217	0.3681592039800995	0.29075413202492917	0.4789818367353789	B cell	Dendritic cell	2	7	9	3	7	MIR23AHG	1.0	False
0.0005067741176710353	0.3681592039800995	0.3244834218611868	0.4042005500779443	NK	Plasma cell	2	7	12	4	7	MRPL28	1.0	False
0.0005928395502208462	0.3681592039800995	0.1050205906383	0.0654744596297373	T cell	NK	2	4	5	3	4	NDOR1	1.0	False
0.00011192850471758838	0.3681592039800995	0.10892111085554879	0.07789914680338211	Erythroid	Dendritic cell	2	7	11	4	10	NPLOC4	1.0	False
0.0005861691764698221	0.3681592039800995	0.11259798627887657	0.12745314973362148	B cell	NK	2	7	11	3	7	NSF	1.0	False
0.0007233116769403512	0.3681592039800995	0.3056496475748751	0.3607720114596081	Erythroid	Plasma cell	2	6	11	4	7	OPA3	1.0	False
0.0004837042247844417	0.3681592039800995	0.17920715103668972	0.19883100902379003	NK	T cell	2	7	8	3	6	PPID	1.0	False
0.0002041938647097099	0.3681592039800995	0.10164906565852938	0.19138686099043706	B cell	NK	2	7	16	6	13	PTTG1IP	1.0	False
0.0001457123890646761	0.3681592039800995	0.08891882826777825	0.38690996698256036	Plasma cell	Monocyte	2	7	14	5	9	SLA	1.0	False
0.0005055884580915487	0.3681592039800995	0.15363096672367527	0.24132017022006408	T cell	Plasma cell	2	7	10	3	6	SLFN5	1.0	False
0.0005965316450962598	0.3681592039800995	0.25131028688087764	0.19219166743309107	Plasma cell	Erythroid	2	6	8	3	7	STK17A	1.0	False
0.0006273875315024378	0.3681592039800995	0.1373297685747109	0.18046749754356933	Plasma cell	Erythroid	2	6	7	3	5	TESK2	1.0	False
0.0012381294360020445	0.3681592039800995	0.6693696365097161	0.6204274829303691	T cell	Erythroid	2	5	8	4	6	TSSC4	1.0	False
0.0005019668518022317	0.3681592039800995	0.127387369711979	0.1593013100436681	B cell	T cell	2	7	12	3	8	TUBGCP5	1.0	False
0.0003106252724437249	0.3681592039800995	0.1489743295887097	0.16987060929778364	Erythroid	Plasma cell	2	7	8	3	6	UBP1	1.0	False
0.0002130740284463118	0.3681592039800995	0.08469057878205294	0.15907125705384878	Monocyte	Dendritic cell	2	7	15	4	11	UQCC1	1.0	False
0.0003328231353423539	0.3681592039800995	0.41125611247660593	0.4343521881075529	T cell	Dendritic cell	2	5	9	3	7	UQCRB	1.0	False
0.00019183618773047138	0.3681592039800995	0.13704248797401147	0.13856475401262186	Monocyte	Plasma cell	2	7	11	4	9	USP32	1.0	False
4.101763212131158e-05	0.3681592039800995	0.06567493972859262	0.14590485574965978	Erythroid	B cell	2	7	18	10	15	WDFY2	1.0	False
0.00022945679341578344	0.3681592039800995	0.07716594408482502	0.46480186480186475	B cell	T cell	2	6	8	3	5	ZDHHC3	1.0	False
0.0005380774358309249	0.373134328358209	0.15001775791227573	0.20065452104350423	Plasma cell	Dendritic cell	2	7	12	3	8	ACAA2	1.0	False
0.00014475102842757676	0.373134328358209	0.08271961541943013	0.2271846808545117	Monocyte	Erythroid	2	7	13	7	12	ADAM10	1.0	False
0.0005564818068380711	0.373134328358209	0.14735202636908673	0.159787952465611	T cell	Plasma cell	2	7	11	5	9	ADD3	1.0	False
0.00033206836680622524	0.373134328358209	0.15877180644337496	0.15993265993265993	Monocyte	Plasma cell	2	7	9	4	6	BLTP3B	1.0	False
0.0002984919318741832	0.373134328358209	0.2843658066304574	0.3018049950921584	Monocyte	B cell	2	7	12	4	8	CHIC2	1.0	False
9.041791419257891e-05	0.373134328358209	0.19518671412083155	0.16169032468591937	B cell	Dendritic cell	2	7	11	3	6	CSF2RA	1.0	False
0.0001290557694544907	0.373134328358209	0.29358459472161663	0.4122251195132551	Plasma cell	T cell	2	7	13	4	11	DMAC1	1.0	False
0.0019207461045039472	0.373134328358209	0.2478429186104793	0.18979488478095724	NK	T cell	2	4	4	3	3	ENSG00000258216	1.0	False
0.00037955875729236684	0.373134328358209	0.07586779419110423	0.08253779814173445	Erythroid	Plasma cell	2	6	8	3	5	ENSG00000286803	1.0	False
0.0005881710568820795	0.373134328358209	0.38040051526616375	0.36030169586807836	Dendritic cell	Monocyte	2	7	10	3	7	ERAP2	1.0	False
0.0001644468084978235	0.373134328358209	0.12076300307177446	0.09296506625365691	Monocyte	Plasma cell	2	7	9	5	8	GSK3B	1.0	False
0.0007067657004444479	0.373134328358209	0.2677353974776995	0.21474517565561602	Monocyte	NK	2	7	15	3	9	HSPA13	1.0	False
8.40275365791218e-05	0.373134328358209	0.11146341232027762	0.13688734030197447	NK	T cell	2	6	9	4	7	IL10RA	1.0	False
0.00017842036325886688	0.373134328358209	0.11978696917694698	0.16229559017282802	Plasma cell	Monocyte	2	7	10	4	7	LGALS9	1.0	False
3.8272101981217086e-05	0.373134328358209	0.06409232448509883	0.07239591237921789	B cell	NK	2	7	11	4	8	LRMDA	1.0	False
0.00014097981586074488	0.373134328358209	0.050249194738916175	0.08217489657101293	Dendritic cell	T cell	2	7	14	8	13	MCPH1	1.0	False
0.0005640643180548067	0.373134328358209	0.10703433072560548	0.12708021176705625	Plasma cell	Dendritic cell	2	7	9	3	6	MED12L	1.0	False
9.899598077032194e-05	0.373134328358209	0.2821280293960843	0.4096945333742276	Monocyte	Plasma cell	2	7	7	4	7	MICOS10	1.0	False
0.00019676266586673803	0.373134328358209	0.30069958380393114	0.5225169806484686	Dendritic cell	NK	2	7	11	4	6	MPDU1	1.0	False
0.00027554538539529335	0.373134328358209	0.1625018422692905	0.30382925298179536	B cell	NK	2	5	6	3	5	NDUFS6	1.0	False
0.0006043190126650263	0.373134328358209	0.22529488133602488	0.2902798858599963	Dendritic cell	Monocyte	2	7	8	3	6	NSMCE1	1.0	False
0.0001110884699007915	0.373134328358209	0.17579328982074982	0.3216406874984849	Monocyte	Dendritic cell	2	7	18	9	16	POLR1D	1.0	False
5.0710843766017255e-05	0.373134328358209	0.3057489199162862	0.395957987162023	Plasma cell	Erythroid	2	7	13	5	12	PSMA4	1.0	False
0.000135835986915067	0.373134328358209	0.11226590133798386	0.10509223737414153	Dendritic cell	T cell	2	7	14	8	13	RB1CC1	1.0	False
0.00023795961265248337	0.373134328358209	0.141347958032094	0.22398847786086395	Dendritic cell	Erythroid	2	7	10	5	9	RBM27	1.0	False
0.0001604910600217442	0.373134328358209	0.23349631247466934	0.19245602260318934	Plasma cell	T cell	2	7	10	4	8	SKP1	1.0	False
0.00046630745016982997	0.373134328358209	0.2691791800423047	0.31706496443825527	T cell	Dendritic cell	2	7	13	4	7	SPTLC1	1.0	False
0.0002449337713031456	0.373134328358209	0.1449262583966573	0.1327384046528507	Plasma cell	Monocyte	2	7	10	5	8	ST8SIA4	1.0	False
0.0003932993391820628	0.373134328358209	0.13545415493943008	0.12625079838194586	T cell	Erythroid	2	7	15	3	9	TCP10L	1.0	False
0.00024809695044474505	0.373134328358209	0.37826907786846	0.47875	B cell	Plasma cell	2	6	11	4	8	UPF3B	1.0	False
0.0009509516175844088	0.373134328358209	0.19973642731604482	0.2686633916913733	Plasma cell	T cell	2	6	8	3	4	ZNF787	1.0	False
0.0004801379793478288	0.373134328358209	0.08030003697380328	0.21583149216685577	Monocyte	NK	2	7	6	4	6	ZRANB2	1.0	False
0.0007292329060365112	0.3781094527363184	0.16413289239294643	0.2880762900033043	NK	B cell	2	5	10	3	8	AIFM1	1.0	False
0.001117215219220488	0.3781094527363184	0.16894726211335925	0.18841791478842523	B cell	NK	2	5	9	4	7	AP3M2	1.0	False
0.00019519636760788653	0.3781094527363184	0.06843531872854919	0.11279549040459852	Plasma cell	Monocyte	2	7	9	5	8	ATR	1.0	False
0.008275415221497774	0.3781094527363184	0.4298157912147838	0.49479674796747963	T cell	B cell	2	5	6	3	5	BEX4	1.0	False
0.00038346260240139444	0.3781094527363184	0.12817406103780216	0.25778155065082065	B cell	T cell	2	5	7	4	6	CATSPER2	1.0	False
0.0003833777111272453	0.3781094527363184	0.18213462997784075	0.3229242631973007	Plasma cell	B cell	2	6	11	4	8	COX10	1.0	False
0.0003185594799239253	0.3781094527363184	0.15449485383258765	0.1806581939256131	NK	B cell	2	7	8	3	7	CRY1	1.0	False
0.000246967910400913	0.3781094527363184	0.19275186108140419	0.21156943763568875	Plasma cell	T cell	2	6	10	4	7	DCTN5	1.0	False
0.0005347467223164147	0.3781094527363184	0.21382349475668666	0.19107290803645405	Plasma cell	Monocyte	2	7	9	3	6	MAPKBP1	1.0	False
0.00028638447721724824	0.3781094527363184	0.15015731190839487	0.14689487133773105	NK	Plasma cell	2	7	11	4	6	MESD	1.0	False
0.0004147610216364578	0.3781094527363184	0.06359367289171708	0.07898950364703788	Erythroid	Dendritic cell	2	6	8	3	6	MVB12B	1.0	False
0.0005304774189596289	0.3781094527363184	0.13222080843606182	0.07638888888888884	Plasma cell	T cell	2	7	7	4	5	NBEA	1.0	False
6.510060381334843e-05	0.3781094527363184	0.12790765690770162	0.4510738267694865	Plasma cell	B cell	2	7	9	5	8	NFKBIZ	1.0	False
0.0009980266493075957	0.3781094527363184	0.12325700625621844	0.1255411255411255	T cell	Dendritic cell	2	4	6	3	4	PIGS	1.0	False
0.00017581179557189574	0.3781094527363184	0.09229445531540448	0.30566489560727383	Dendritic cell	Erythroid	2	6	9	3	6	POLQ	1.0	False
0.00016577818245902925	0.3781094527363184	0.1449160493324947	0.24347726111538281	NK	Plasma cell	2	7	8	5	7	RABGEF1	1.0	False
3.9876845603783164e-05	0.3781094527363184	0.2216512260597691	0.2760893770200698	Plasma cell	Erythroid	2	7	6	3	5	RPLP0	1.0	False
0.0004962796237411071	0.3781094527363184	0.14702861899469588	0.1889805805312641	NK	Plasma cell	2	7	9	3	5	SAT2	1.0	False
0.00015335713133433527	0.3781094527363184	0.4465861823159585	0.6482413583990297	NK	Plasma cell	2	7	10	3	7	SDHAF2	1.0	False
0.0001907383501561406	0.3781094527363184	0.09450662277561184	0.13162461494556776	Dendritic cell	Plasma cell	2	7	9	5	8	SETD2	1.0	False
0.00027602528556765486	0.3781094527363184	0.061485064442062254	0.08191170655388208	Erythroid	Dendritic cell	2	7	10	6	9	SF3B2	1.0	False
0.00015443783159328536	0.3781094527363184	0.15788566288365835	0.1266524353005115	Monocyte	Dendritic cell	2	7	11	3	8	STAM	1.0	False
0.0007755256684952122	0.3781094527363184	0.06483091693818777	0.1353051490976352	Plasma cell	T cell	2	7	16	8	13	STAU1	1.0	False
0.0009281623096312271	0.3781094527363184	0.07190051466223119	0.06357013641030662	T cell	Erythroid	2	5	8	4	5	SURF4	1.0	False
0.00026963100982123437	0.3781094527363184	0.37961615283808037	0.4097719429917045	NK	Plasma cell	2	6	9	3	7	TM7SF3	1.0	False
0.0005960785900178025	0.3781094527363184	0.26864956544146934	0.20780566428735897	NK	Erythroid	2	6	10	3	5	TMEM101	1.0	False
0.0009500599635151536	0.3781094527363184	0.09224156085260227	0.4832340663623698	Monocyte	Dendritic cell	2	7	13	8	12	TMEM87A	1.0	False
0.00030619863637908754	0.3781094527363184	0.07866943096286833	0.15889642272620996	Plasma cell	B cell	2	6	8	4	6	TMX2	1.0	False
0.00015164079320165356	0.3781094527363184	0.1726580129828082	0.35201031103024033	Plasma cell	Erythroid	2	7	7	4	7	TUT4	1.0	False
0.0005193791556887654	0.3781094527363184	0.08104198900810239	0.15817853457172343	T cell	Erythroid	2	6	12	4	8	VAC14	1.0	False
0.001904863775707945	0.3781094527363184	0.26524686693522787	0.19636493228795432	Erythroid	B cell	2	4	6	3	4	ZNF133	1.0	False
0.0001276967353371436	0.38308457711442784	0.1018401590618313	0.20559453091835939	B cell	Monocyte	2	7	10	4	9	ADAM19	1.0	False
0.001785366776405516	0.38308457711442784	0.2248685758004354	0.4532421209032983	Dendritic cell	Erythroid	2	7	13	6	11	ATF7IP2	1.0	False
0.0003031085314587537	0.38308457711442784	0.31055339424012945	0.3507345113902491	T cell	Plasma cell	2	6	10	3	6	ELAC2	1.0	False
0.0005295072251236729	0.38308457711442784	0.09060744909436336	0.25273526410799785	Erythroid	NK	2	2	4	4	4	GK	1.0	False
0.00024643332455921826	0.38308457711442784	0.21374926632863067	0.19381548384940595	B cell	Dendritic cell	2	6	7	3	5	KCNQ1OT1	1.0	False
0.00023775230185701953	0.38308457711442784	0.12388300088032828	0.09943025373829789	Plasma cell	B cell	2	7	9	3	7	KDM2B	1.0	False
0.000399108698890838	0.38308457711442784	0.16676820847568014	0.1337228172671211	Monocyte	Plasma cell	2	7	8	3	6	LARS2	1.0	False
0.0010891413956641172	0.38308457711442784	0.11765978778487374	0.08428207306711977	B cell	T cell	2	3	5	3	4	LHFPL2	1.0	False
0.0005557498187476707	0.38308457711442784	0.2149007234819592	0.1703638963928174	Erythroid	T cell	2	4	5	3	4	MRPL47	1.0	False
0.002148853899528467	0.38308457711442784	0.5900547961016949	0.5836453934613444	Monocyte	Plasma cell	2	7	13	3	7	NOB1	1.0	False
0.0002466793276969545	0.38308457711442784	0.1317568251253433	0.2015068015347053	B cell	Erythroid	2	7	12	4	8	NPTN	1.0	False
0.0005037434425170684	0.38308457711442784	0.14669696969696971	0.1259968102073365	NK	B cell	2	6	9	3	5	PABIR3	1.0	False
0.0002907129340256796	0.38308457711442784	0.1579608847066481	0.3088705663981062	Dendritic cell	Erythroid	2	7	8	3	5	PTPN12	1.0	False
0.00017726920359338263	0.38308457711442784	0.1157151456565445	0.1794896096025102	Plasma cell	T cell	2	7	9	6	8	RBM6	1.0	False
0.0003580275524559287	0.38308457711442784	0.10133922558922559	0.053880899705014695	T cell	NK	2	4	6	3	5	SGF29	1.0	False
0.000285669951949428	0.38308457711442784	0.11463660620232219	0.13675481145360657	Monocyte	Dendritic cell	2	7	9	3	6	SNX25	1.0	False
0.00034036750168218115	0.38308457711442784	0.202478079717674	0.22687981737268026	Dendritic cell	T cell	2	7	9	5	8	STT3B	1.0	False
0.0002475078912565261	0.38308457711442784	0.1285940827554355	0.3376874592479896	Plasma cell	NK	2	7	7	3	7	TPR	1.0	False
6.682852992068695e-05	0.38308457711442784	0.1087290214810781	0.13670580917670644	Erythroid	T cell	2	7	10	7	9	UVRAG	1.0	False
0.0009026950080033863	0.38308457711442784	0.2931654342156968	0.32884252033188205	T cell	NK	2	3	6	3	6	VAMP7	1.0	False
0.0006549420266161482	0.38308457711442784	0.11428098427598471	0.12702582515317212	NK	T cell	2	4	8	4	6	ZBED1	1.0	False
0.00038252227478960025	0.38308457711442784	0.15624551857182967	0.3581670474363769	NK	Monocyte	2	7	11	6	10	ZNF708	1.0	False
0.0010397999800735088	0.3880597014925373	0.26007165212232536	0.2617859778597786	T cell	Erythroid	2	7	11	3	8	ACBD5	1.0	False
0.0012100048130865744	0.3880597014925373	0.06049756669396439	0.09483853337834147	B cell	NK	2	3	5	3	5	ADGRG1	1.0	False
0.00013022280778762833	0.3880597014925373	0.19880517732299713	0.23801055556318462	B cell	Monocyte	2	7	9	3	7	BMAL1	1.0	False
0.00019547980997526888	0.3880597014925373	0.1264089749692731	0.22956140560998395	Monocyte	NK	2	7	8	4	6	CCDC50	1.0	False
0.0001891933793384723	0.3880597014925373	0.0972033598494288	0.04673325158125724	Monocyte	Plasma cell	2	7	9	6	8	CCDC91	1.0	False
9.850040497052357e-05	0.3880597014925373	0.03790756427491976	0.12627532612162523	B cell	Plasma cell	2	7	8	5	7	COG5	1.0	False
0.0021696828787340283	0.3880597014925373	0.1873502950749396	0.42855605651383255	Plasma cell	B cell	2	6	10	3	8	CYB5A	1.0	False
0.0009349420619596882	0.3880597014925373	0.11524982321795069	0.1182008138128231	Plasma cell	Erythroid	2	6	7	3	5	ENSG00000278390	1.0	False
0.0003251642569252511	0.3880597014925373	0.1822279023971261	0.2407510071330894	B cell	Plasma cell	2	5	7	3	6	ENSG00000287214	1.0	False
0.0005906918204516403	0.3880597014925373	0.08528183198521488	0.08347197106690779	B cell	NK	2	6	8	3	6	EOLA2-DT	1.0	False
0.00024782715662574313	0.3880597014925373	0.09109800242893179	0.11289048890953435	Erythroid	B cell	2	7	10	4	6	GAS7	1.0	False
0.0007504740300702347	0.3880597014925373	0.14926887844078518	0.23605024832018695	Dendritic cell	NK	2	6	9	3	5	GK5	1.0	False
0.0004045227114539509	0.3880597014925373	0.10030829970863941	0.1365411704443591	Monocyte	Plasma cell	2	6	9	3	5	GNB4	1.0	False
1.4686478857352922e-07	0.3880597014925373	0.11475359887905737	0.45562096791990586	Dendritic cell	B cell	2	7	8	5	8	HBB	1.0	False
0.0006641713747667316	0.3880597014925373	0.14075844246632585	0.2716934536256995	Monocyte	NK	2	6	6	3	6	MEAF6	1.0	False
0.0001386419521306327	0.3880597014925373	0.1642289531256577	0.4682799883690862	Erythroid	Dendritic cell	2	5	4	3	4	PARK7	1.0	False
0.00019126065831897638	0.3880597014925373	0.17688479886818176	0.2700140087088858	B cell	Erythroid	2	7	11	4	6	PFKFB3	1.0	False
0.0005043505518294122	0.3880597014925373	0.17376567662102316	0.20763247581354444	T cell	Erythroid	2	6	7	3	6	PHTF1	1.0	False
0.00025523288518557787	0.3880597014925373	0.07265946272173007	0.2741976671506627	Erythroid	B cell	2	7	11	6	10	PIP4K2A	1.0	False
7.560715472773686e-05	0.3880597014925373	0.2930927051034256	0.21097062031634983	T cell	Dendritic cell	2	7	8	4	8	PPIA	1.0	False
0.0005148928267333987	0.3880597014925373	0.18363212116865416	0.17043671102012967	NK	Plasma cell	2	7	12	4	9	PPM1K	1.0	False
0.00019049653624450937	0.3880597014925373	0.13084820587784507	0.069400283424434	B cell	NK	2	7	9	5	7	R3HDM2	1.0	False
0.00018870923480132152	0.3880597014925373	0.10459656724062188	0.14489795918367349	Dendritic cell	B cell	2	6	9	4	8	RELB	1.0	False
0.00028821276056019743	0.3880597014925373	0.1471975099545197	0.14408142493638681	Erythroid	T cell	2	7	8	4	8	RPN1	1.0	False
6.577983105545118e-05	0.3880597014925373	0.07671591949522893	0.13012794405480782	T cell	B cell	2	7	18	10	15	STK24	1.0	False
1.1436201102276386e-05	0.3880597014925373	0.0755017936108131	0.34568000358552864	B cell	Monocyte	2	7	9	6	9	UBC	1.0	False
0.0008653497196591925	0.3880597014925373	0.04366587884446682	0.07793202000612431	NK	Erythroid	2	2	4	4	4	ZBTB26	1.0	False
0.0004338633964987044	0.3880597014925373	0.22507324513836624	0.3695685444009215	NK	Plasma cell	2	6	8	4	6	ZNF107	1.0	False
0.001216046607582292	0.3880597014925373	0.2723169407853632	0.39422973698336017	Plasma cell	Monocyte	2	7	11	3	7	ZNF587B	1.0	False
0.00032764706774375643	0.39303482587064675	0.13863668673004537	0.25727731896394057	Dendritic cell	Plasma cell	2	7	18	6	11	ALG11	1.0	False
0.00023651497362610487	0.39303482587064675	0.38548724172931903	0.28660226696389607	B cell	Plasma cell	2	6	10	3	7	ARAF	1.0	False
0.000280298552931988	0.39303482587064675	0.10105778523795017	0.10930236615242572	Monocyte	NK	2	7	9	5	8	CHD4	1.0	False
0.00021344476601232586	0.39303482587064675	0.11692989832740358	0.06351601462422851	Dendritic cell	Monocyte	2	7	16	7	12	COG6	1.0	False
0.00028501880092071273	0.39303482587064675	0.1704710797363208	0.5997859920320248	NK	T cell	2	4	5	3	5	ENSG00000270681	1.0	False
0.0004995774082114371	0.39303482587064675	0.03876999982733004	0.21998202131758055	NK	Erythroid	2	3	4	3	3	ENSG00000288924	1.0	False
0.00025402199194978837	0.39303482587064675	0.1450874870214478	0.2395218064122403	T cell	B cell	2	6	10	3	6	ENSG00000289653	1.0	False
0.00036860959510564916	0.39303482587064675	0.17670462954581878	0.18755693606706714	Plasma cell	B cell	2	7	8	3	5	FMNL1	1.0	False
0.0006450409167522834	0.39303482587064675	0.2592178790245083	0.2817467205594267	Erythroid	B cell	2	7	11	5	8	GNG7	1.0	False
0.0005769556728533584	0.39303482587064675	0.11825039050167924	0.21751666967021088	Erythroid	Dendritic cell	2	6	8	3	6	IL21R	1.0	False
0.00018371827751103423	0.39303482587064675	0.2703677597649181	0.3826624996756124	T cell	Monocyte	2	7	6	3	4	MRPL34	1.0	False
8.502562288025926e-05	0.39303482587064675	0.04216383291318704	0.01611721611721617	NK	Erythroid	2	2	3	3	3	NTMT1	1.0	False
0.0003646540915331043	0.39303482587064675	0.14152734051277482	0.21899603461861233	Erythroid	Monocyte	2	7	7	4	6	PMF1	1.0	False
0.00013920991174016386	0.39303482587064675	0.10760667469515423	0.16024180232796148	Plasma cell	B cell	2	7	11	4	6	RHOT1	1.0	False
0.00021407652054305243	0.39303482587064675	0.1811393304072354	0.27262251334303733	Monocyte	T cell	2	7	9	5	7	RNF168	1.0	False
0.00010349657683249292	0.39303482587064675	0.04416253608141696	0.06364481172287212	Monocyte	NK	2	7	19	9	15	SCAF4	1.0	False
0.0001718408710076789	0.39303482587064675	0.1992499413011209	0.1653733723093277	Monocyte	NK	2	6	9	3	6	SNAP23	1.0	False
0.0002552876388705036	0.39303482587064675	0.14306043636011045	0.1557496051958996	NK	T cell	2	7	13	7	12	SNX1	1.0	False
0.00024393749433566147	0.39303482587064675	0.15585667473273124	0.2084672443486162	T cell	Monocyte	2	7	13	4	8	VPS39	1.0	False
0.00034149885871588397	0.39303482587064675	0.35713104918905353	0.4485562097000281	NK	Plasma cell	2	6	9	3	7	WDR45B	1.0	False
0.0016524771248971062	0.39303482587064675	0.1851993818668463	0.07290915645277579	B cell	T cell	2	4	4	3	4	ZNF468	1.0	False
0.0005539305448085125	0.39303482587064675	0.1182089200731849	0.14190233601114666	Dendritic cell	NK	2	6	9	3	7	ZNF544	1.0	False
0.001782683043837233	0.39800995024875624	0.15517503294420754	0.19600982197667283	NK	B cell	2	3	4	3	3	ADPRM	1.0	False
0.0005079479444521002	0.39800995024875624	0.13719800485790257	0.29057684282690993	NK	Plasma cell	2	7	11	4	9	ANKRD26	1.0	False
0.0001244411696762782	0.39800995024875624	0.10223370092120748	0.12290978178358597	Plasma cell	Erythroid	2	7	12	4	10	BMP2K	1.0	False
0.00013467109888098543	0.39800995024875624	0.056788332496796434	0.1930406431161557	T cell	Dendritic cell	2	7	17	7	13	BRCA2	1.0	False
0.0008198863560302976	0.39800995024875624	0.27378316160786503	0.47513819513819516	Dendritic cell	Erythroid	2	5	7	3	4	COX5A	1.0	False
0.0009550186358815202	0.39800995024875624	0.21008081818326518	0.12926415919527667	Dendritic cell	Plasma cell	2	7	10	4	8	CPT1A	1.0	False
0.0006853135985811337	0.39800995024875624	0.2799855886536429	0.41356235245104844	Plasma cell	NK	2	7	7	3	5	CTSD	1.0	False
0.000649761801281012	0.39800995024875624	0.06252138558652698	0.1604154878344516	Plasma cell	Dendritic cell	2	2	4	4	4	GTPBP8	1.0	False
0.00031032723254863145	0.39800995024875624	0.11213286595815919	0.19865841073271417	NK	T cell	2	3	4	3	3	NDUFA9	1.0	False
0.00012411271687202328	0.39800995024875624	0.2942160857470135	0.37301587301587297	T cell	NK	2	4	7	4	5	NOA1	1.0	False
0.00021709645803632839	0.39800995024875624	0.1251767357833966	0.17773125307560828	T cell	Plasma cell	2	7	9	5	8	PA2G4	1.0	False
0.007502430585941316	0.39800995024875624	0.23822292667225708	0.5336783216783216	T cell	Erythroid	2	6	11	4	7	PHYH	1.0	False
0.0002082723310172527	0.39800995024875624	0.10517661345787843	0.1267254233284616	Dendritic cell	B cell	2	7	12	5	7	PIGB	1.0	False
0.0005587200759928097	0.39800995024875624	0.10615839385607018	0.2794459338695263	Dendritic cell	Monocyte	2	7	7	3	7	PRKACB	1.0	False
0.00014194365109190406	0.39800995024875624	0.08464832757390423	0.15081680095267047	Plasma cell	T cell	2	7	9	5	8	SENP7	1.0	False
0.00016563470983857874	0.39800995024875624	0.09295600209966925	0.1546823488212674	B cell	T cell	2	7	18	9	15	THOC1	1.0	False
0.0006807143876884634	0.39800995024875624	0.41020687414651336	0.463821892393321	Dendritic cell	Erythroid	2	5	8	3	5	TRIM4	1.0	False
0.00019730694366373787	0.39800995024875624	0.13815932422804367	0.12057306132067525	Erythroid	Plasma cell	2	7	11	3	8	TSPAN5	1.0	False
6.891325778561934e-05	0.39800995024875624	0.10854646213559316	0.14388543406539983	Erythroid	Plasma cell	2	7	16	7	12	UBE2V1	1.0	False
0.0028935101062653227	0.39800995024875624	0.36437061441931895	0.4965159124497617	B cell	Plasma cell	2	6	9	4	6	ZNF195	1.0	False
0.00048497710040641543	0.40298507462686567	0.05830134522944991	0.04188567786679098	Erythroid	Plasma cell	2	4	6	3	5	ARMCX4	1.0	False
0.0012319477225280432	0.40298507462686567	0.14806566615434602	0.28322697696329047	Dendritic cell	NK	2	7	10	6	9	ATM	1.0	False
0.0007213660357418974	0.40298507462686567	0.11599210129589421	0.1828971657282974	T cell	Plasma cell	2	7	12	4	9	BRD7	1.0	False
0.0015742058720267403	0.40298507462686567	0.10563051277448637	0.10308187780624839	Erythroid	NK	2	3	4	3	3	CC2D2B	1.0	False
0.00026308571091752974	0.40298507462686567	0.24401027537501846	0.08651644952358578	T cell	Dendritic cell	2	7	8	3	7	DDX5	1.0	False
0.0006295640117254757	0.40298507462686567	0.06861625876825284	0.09612327259386089	Erythroid	B cell	2	4	7	3	6	ENSG00000266846	1.0	False
0.0011316774194415848	0.40298507462686567	0.36870524928063797	0.30302839909525003	B cell	Plasma cell	2	7	9	3	5	ENSG00000272688	1.0	False
0.001025901362127003	0.40298507462686567	0.15092946350918313	0.29745262750770224	Erythroid	Monocyte	2	6	8	3	6	HELB	1.0	False
0.00013941498956293138	0.40298507462686567	0.15120253806561545	0.35939380676222776	T cell	B cell	2	7	11	5	9	HNRNPF	1.0	False
0.0006630869113611064	0.40298507462686567	0.11195123459538359	0.16247334754797438	B cell	Erythroid	2	5	7	3	5	INCENP	1.0	False
9.635877271680895e-07	0.40298507462686567	0.4940458649582304	0.8652735709483542	B cell	Plasma cell	2	7	11	4	7	JCHAIN	1.0	False
0.0006190465424609529	0.40298507462686567	0.4709765050559401	0.5139382848656031	Erythroid	B cell	2	5	9	3	5	MPP1	1.0	False
0.0007715887837521424	0.40298507462686567	0.12892936039258052	0.22704186684969113	Dendritic cell	T cell	2	6	11	3	7	NMRAL1	1.0	False
0.0003552721606022534	0.40298507462686567	0.13126606304460187	0.2725399137149295	NK	T cell	2	7	11	4	9	NT5C	1.0	False
0.0002974480277205216	0.40298507462686567	0.21714834655150628	0.3818627450980392	Erythroid	T cell	2	7	11	4	9	PER1	1.0	False
0.0019354119307040585	0.40298507462686567	0.1755804709151565	0.15837169456887473	Plasma cell	NK	2	5	5	3	3	PTCH2	1.0	False
0.00010482966799362676	0.40298507462686567	0.08192087511492147	0.1306378919554269	NK	T cell	2	7	12	8	11	RAPGEF2	1.0	False
0.0003902445561057811	0.40298507462686567	0.07792797036803173	0.05469097052804828	Plasma cell	T cell	2	7	7	4	7	SCMH1	1.0	False
0.0003809530286902252	0.40298507462686567	0.07575622902011486	0.13263652991899655	B cell	Erythroid	2	4	5	3	4	SEC22C	1.0	False
0.00028211949639507137	0.40298507462686567	0.0924344819987174	0.11800756914119359	Dendritic cell	T cell	2	7	9	4	7	SNHG1	1.0	False
0.00012952326616297053	0.40298507462686567	0.1355159899700129	0.13846507261141405	Monocyte	B cell	2	7	11	3	6	SPAG1	1.0	False
8.650302206166385e-05	0.40298507462686567	0.08035705717498948	0.20343214737601106	Plasma cell	Monocyte	2	7	11	5	9	SPECC1	1.0	False
0.00016343061740859698	0.40298507462686567	0.1779107787324412	0.42166989396540844	T cell	NK	2	5	7	3	5	STIP1	1.0	False
0.0018220850875047328	0.40298507462686567	0.07777967646388706	0.29929377384527966	Erythroid	NK	2	3	5	3	4	SYCE1L	1.0	False
0.0008070520897375764	0.40298507462686567	0.11061297492954764	0.12333236996914126	T cell	Erythroid	2	5	7	4	6	TTC33	1.0	False
0.0020196040410613383	0.40298507462686567	0.11453047646863401	0.1327274761962492	NK	Erythroid	2	7	10	3	7	ZNF875	1.0	False
0.00042103760295945307	0.4079601990049751	0.12419116593258439	0.12211734942103725	Plasma cell	B cell	2	6	10	3	7	ARHGAP19	1.0	False
0.0005474708225724662	0.4079601990049751	0.283685803627088	0.518377049662928	Dendritic cell	Erythroid	2	6	9	3	5	ARL3	1.0	False
0.000189341671179787	0.4079601990049751	0.12803798609607814	0.1740939331906579	B cell	Erythroid	2	7	13	4	7	CNTLN	1.0	False
0.003666483315976865	0.4079601990049751	0.15438960587932155	0.18478577674147484	NK	B cell	2	2	3	3	3	DESI2	1.0	False
0.0004257212585993208	0.4079601990049751	0.30049899081601655	0.3934098264195352	Monocyte	NK	2	4	5	3	5	ENSG00000278075	1.0	False
0.0002653687679038322	0.4079601990049751	0.11408587851284896	0.372056165194274	Plasma cell	Dendritic cell	2	7	11	4	9	ERN1	1.0	False
0.00035677273629315567	0.4079601990049751	0.12115964448595118	0.15980903831371118	NK	Erythroid	2	7	13	7	8	ERP44	1.0	False
4.6653576032121317e-05	0.4079601990049751	0.061163848466593174	0.07530090520798904	Plasma cell	Monocyte	2	7	9	6	8	ETV6	1.0	False
0.00031307751239874603	0.4079601990049751	0.11865717159022432	0.19905777126255464	Erythroid	Dendritic cell	2	6	10	4	8	GOSR1	1.0	False
0.0002088049031813464	0.4079601990049751	0.03146367872633693	0.15096840564227354	NK	T cell	2	3	5	3	5	GTF3C5	1.0	False
0.0003299970999154777	0.4079601990049751	0.2318973768506426	0.3226682255738727	Erythroid	Monocyte	2	7	12	4	7	IL4R	1.0	False
9.370280451948573e-05	0.4079601990049751	0.15441614877731263	0.11846991037131885	Plasma cell	T cell	2	3	4	3	3	ING4	1.0	False
0.00032551295713360574	0.4079601990049751	0.1437013668886586	0.3771730923547212	B cell	T cell	2	7	10	5	7	IRF1-AS1	1.0	False
3.115212462283413e-05	0.4079601990049751	0.5553228567373905	0.568823334775637	Erythroid	Plasma cell	2	7	13	3	9	MAZ	1.0	False
0.001207934578473171	0.4079601990049751	0.24315409320011117	0.27132600926964373	NK	Dendritic cell	2	7	13	3	8	NUFIP1	1.0	False
0.00031664304594633774	0.4079601990049751	0.18517869513454455	0.2967419920106967	Dendritic cell	B cell	2	6	11	4	8	OTUD6B	1.0	False
0.00016072639206644672	0.4079601990049751	0.0805130913160047	0.08513341804320201	Monocyte	B cell	2	7	10	5	8	PAM	1.0	False
0.00037196553625750003	0.4079601990049751	0.15122454886788061	0.30433588065898054	B cell	T cell	2	6	9	5	7	PCF11	1.0	False
0.0001187421556907421	0.4079601990049751	0.04601275850312714	0.05808015776506836	Monocyte	Erythroid	2	7	14	7	13	PDE7A	1.0	False
0.0008655412634998392	0.4079601990049751	0.21879451105290953	0.3307112970711298	Plasma cell	NK	2	6	10	3	7	PLPP5	1.0	False
0.0003066941133675096	0.4079601990049751	0.10018254424693213	0.19065867916044155	B cell	T cell	2	5	7	3	6	RACK1	1.0	False
0.00026245308078003495	0.4079601990049751	0.19107809494731637	0.142759412931251	Dendritic cell	Erythroid	2	7	17	8	11	RMC1	1.0	False
0.0003102580025752269	0.4079601990049751	0.005538195902833332	0.16080055210489996	T cell	Erythroid	2	3	4	3	4	RPAP3	1.0	False
0.0001409287627634278	0.4079601990049751	0.068233139368363	0.05059568561043737	B cell	T cell	2	5	8	5	8	RPS3	1.0	False
0.0003632021385806518	0.4079601990049751	0.12490117934528494	0.1271786492374728	Plasma cell	NK	2	7	13	3	8	SDCBP2-AS1	1.0	False
1.7088503439469105e-05	0.4079601990049751	0.24170725552059746	0.47803880317905567	Monocyte	NK	2	7	7	4	7	SDHB	1.0	False
0.00016454041381230362	0.4079601990049751	0.1074675816614114	0.15942678330132992	Monocyte	B cell	2	7	12	5	11	TAPT1	1.0	False
0.0010619006109329533	0.4079601990049751	0.22017409114183312	0.2092391304347826	Dendritic cell	NK	2	4	6	3	4	USP38-DT	1.0	False
0.00013564745410690293	0.4079601990049751	0.14539102716502195	0.06934752902370489	NK	T cell	2	7	13	3	7	XACT	1.0	False
0.00021477104474708616	0.4079601990049751	0.10043014567414943	0.13860830527497192	Dendritic cell	Erythroid	2	7	18	7	13	ZCCHC2	1.0	False
0.0004037291046091456	0.4079601990049751	0.1429344716998056	0.11928104575163401	Plasma cell	Dendritic cell	2	6	9	3	6	ZNF337-AS1	1.0	False
0.0017309920132763986	0.4129353233830846	0.2943400668316406	0.39321573481878824	Plasma cell	B cell	2	5	5	3	4	BLZF1	1.0	False
0.0001140830015506694	0.4129353233830846	0.36369835557979036	0.5485426356184501	T cell	Dendritic cell	2	7	7	3	7	BTF3	1.0	False
0.0003523841863089045	0.4129353233830846	0.06491045538360551	0.1442015678210694	NK	T cell	2	6	7	3	7	FBXO42	1.0	False
0.00038597403015443085	0.4129353233830846	0.375075824513636	0.4558982683982684	T cell	Erythroid	2	7	8	3	6	GUSB	1.0	False
0.0006797634264685147	0.4129353233830846	0.10420998617901267	0.3651505445227418	NK	Dendritic cell	2	4	6	3	4	HAUS3	1.0	False
0.00032373777585253445	0.4129353233830846	0.12534695099919424	0.18433741528108827	B cell	Monocyte	2	7	8	4	7	HIPK2	1.0	False
0.00027492194762075554	0.4129353233830846	0.30677867383512547	0.33724422096515116	Monocyte	Plasma cell	2	7	9	4	7	JAGN1	1.0	False
0.00016994473102797012	0.4129353233830846	0.1362119568241743	0.20272281209781207	T cell	Dendritic cell	2	7	7	3	7	MIER1	1.0	False
0.00012612210801704585	0.4129353233830846	0.14609468279789628	0.18217506155696916	Plasma cell	T cell	2	7	13	8	12	PLCG2	1.0	False
0.0017591568527441323	0.4129353233830846	0.1376257124139978	0.35536070304796624	Monocyte	Erythroid	2	7	14	7	10	PVT1	1.0	False
0.0004328259119829333	0.4129353233830846	0.19460706380074527	0.3293973999856352	Dendritic cell	Erythroid	2	7	11	5	9	SAR1A	1.0	False
0.0008040816829965005	0.4129353233830846	0.14533396927494951	0.11213758920306943	NK	T cell	2	6	10	3	7	SLC7A5	1.0	False
0.0011471655064606565	0.4129353233830846	0.19245713436889905	0.142926761347814	B cell	Plasma cell	2	6	9	3	6	SOGA1	1.0	False
0.001757619697470839	0.4129353233830846	0.473340524979387	0.7914941009676089	Dendritic cell	T cell	2	5	7	3	6	TCIRG1	1.0	False
0.0004549676811595485	0.4129353233830846	0.19679243051120943	0.12407472168794076	Dendritic cell	Plasma cell	2	6	7	3	5	TRIM44	1.0	False
0.0005102732199147881	0.417910447761194	0.25237584639316885	0.3321104786000421	Dendritic cell	T cell	2	7	14	4	8	ASH2L	1.0	False
0.000658296103135509	0.417910447761194	0.18287825579284755	0.27868782955507665	NK	Monocyte	2	6	6	3	6	ATP5MG	1.0	False
0.00037142108658903486	0.417910447761194	0.08069295759098027	0.03578975435789755	NK	Erythroid	2	4	4	3	4	ATP5PB	1.0	False
0.0009113522910094092	0.417910447761194	0.14065417150000697	0.3826472476328037	Erythroid	B cell	2	7	8	3	7	BCAP29	1.0	False
0.0007866858123273608	0.417910447761194	0.11706105318369109	0.3053513071895425	T cell	Erythroid	2	4	5	3	5	BSDC1	1.0	False
0.0005144711987409436	0.417910447761194	0.24990104936529556	0.23894294559929236	Dendritic cell	B cell	2	6	9	3	6	C11orf80	1.0	False
0.0004971170730866931	0.417910447761194	0.29740386215518566	0.46060665266448486	T cell	Dendritic cell	2	5	7	3	6	C1orf174	1.0	False
0.0003545088914442536	0.417910447761194	0.15240907703664636	0.17717617684306564	Plasma cell	B cell	2	7	12	3	6	CIITA	1.0	False
0.000528779498529224	0.417910447761194	0.3680661920949092	0.2332504691574664	Dendritic cell	T cell	2	6	10	3	7	COMMD9	1.0	False
0.0007862483393676959	0.417910447761194	0.2931125082629117	0.27847503373819166	Plasma cell	Erythroid	2	5	7	3	4	DGKE	1.0	False
0.00022957201312781133	0.417910447761194	0.14665893182857082	0.12298744975119835	Plasma cell	Dendritic cell	2	7	15	5	9	DTD1	1.0	False
5.5114800300367515e-05	0.417910447761194	0.15038441875475833	0.43229918229918224	T cell	Monocyte	2	7	9	6	9	DYNLL1	1.0	False
0.0002760029313152591	0.417910447761194	0.09292909964406204	0.15789968384175002	Erythroid	B cell	2	3	4	3	4	ENSG00000278330	1.0	False
0.0006483452751956867	0.417910447761194	0.10832986309637249	0.108147044212618	B cell	Erythroid	2	3	5	3	5	FLYWCH1	1.0	False
0.000881390933742522	0.417910447761194	0.13848369496949786	0.2056170561705617	T cell	B cell	2	3	4	3	4	FRMD4A	1.0	False
0.0003082824822363097	0.417910447761194	0.09583374142197681	0.13174619790342595	NK	B cell	2	3	5	3	4	HDX	1.0	False
0.0009965120819388639	0.417910447761194	0.21983898189746293	0.15545206476259782	Plasma cell	T cell	2	7	13	3	9	HTATSF1	1.0	False
0.0002842935830202122	0.417910447761194	0.20817210680374393	0.23429934406678593	Dendritic cell	Monocyte	2	7	10	3	7	KMT5B	1.0	False
0.00014117343687057812	0.417910447761194	0.13794614842316333	0.2752030150582957	Dendritic cell	Plasma cell	2	7	13	9	12	MEF2A	1.0	False
0.00018854725585322872	0.417910447761194	0.3345588857253933	0.576542769449665	Plasma cell	T cell	2	7	10	5	10	NDUFC2	1.0	False
0.00033187863377856763	0.417910447761194	0.19075331122268918	0.16626948775055672	B cell	Monocyte	2	7	12	3	8	PDLIM5	1.0	False
0.0007186754148354162	0.417910447761194	0.17824132435536144	0.1906247271518739	Plasma cell	T cell	2	7	10	4	7	RASGRP1	1.0	False
0.0004160908961599177	0.417910447761194	0.132594977621538	0.1933555740895191	Monocyte	B cell	2	6	9	3	6	SAMD4B	1.0	False
0.0012348291937483759	0.417910447761194	0.23213114111472904	0.3404474488974731	Erythroid	Plasma cell	2	6	9	3	5	SCO1	1.0	False
0.0007558209032300418	0.417910447761194	0.09771039540985749	0.20750685893126092	NK	Dendritic cell	2	7	13	8	11	SECISBP2L	1.0	False
0.00033298855598946605	0.417910447761194	0.2596504956319757	0.24263376088589633	Erythroid	Plasma cell	2	6	10	3	7	SRP68	1.0	False
0.0002197941574272003	0.417910447761194	0.10534342753682374	0.17651826175316104	Dendritic cell	Monocyte	2	7	9	3	6	STK38L	1.0	False
0.0005269826104377716	0.417910447761194	0.10036820171354077	0.41009889121965837	Erythroid	Dendritic cell	2	6	7	3	4	SUN1	1.0	False
0.0005852445214357346	0.417910447761194	0.12150765398899954	0.20404377867687734	Plasma cell	T cell	2	7	11	3	6	TOP3A	1.0	False
0.0002915592453308052	0.417910447761194	0.11745954707515571	0.1526691116544417	Plasma cell	NK	2	7	8	3	6	UBA3	1.0	False
0.002188792507900575	0.417910447761194	0.3547166325887321	0.45651244791110157	Monocyte	Plasma cell	2	7	10	3	7	ZNF675	1.0	False
0.0001725320984622653	0.4228855721393035	0.13236117830266525	0.25518100821921014	T cell	Monocyte	2	7	11	5	10	CLTC	1.0	False
3.121633034216929e-05	0.4228855721393035	0.08341772666024289	0.15629704827911944	B cell	Dendritic cell	2	7	14	5	10	DOCK5	1.0	False
0.0007020182139447476	0.4228855721393035	0.1564310080081931	0.1178436501017146	B cell	Erythroid	2	5	6	3	4	DOK6	1.0	False
0.0003212202643559988	0.4228855721393035	0.15713122553222725	0.06834804539722572	B cell	NK	2	5	7	3	5	DTWD1	1.0	False
0.00015157232531507942	0.4228855721393035	0.12403417010254203	0.1788201616179549	Dendritic cell	NK	2	7	11	3	8	ENSG00000267787	1.0	False
0.0009294391538464571	0.4228855721393035	0.26371945132944447	0.16753187316116375	Erythroid	NK	2	6	11	4	6	FEM1B	1.0	False
0.00020615861568991486	0.4228855721393035	0.26150384860062287	0.28302499188575136	Monocyte	Plasma cell	2	7	13	4	9	GTF2E2	1.0	False
0.0010322589248399606	0.4228855721393035	0.31053328871363317	0.2997772208298525	B cell	Plasma cell	2	6	10	3	6	HAUS2	1.0	False
9.328483658835875e-05	0.4228855721393035	0.06049084064492005	0.0832383012988187	B cell	T cell	2	7	13	9	13	HERC1	1.0	False
0.0030287038651538476	0.4228855721393035	0.33123051837273837	0.47719594353797157	B cell	Monocyte	2	7	13	7	11	IMP3	1.0	False
0.00033900989165946873	0.4228855721393035	0.10425245125861826	0.13792131915713923	Erythroid	T cell	2	3	5	3	5	LRRC40	1.0	False
7.659107154028288e-05	0.4228855721393035	0.3765607719629692	0.7469677951909341	NK	Dendritic cell	2	7	8	3	6	MAGOHB	1.0	False
0.00017235535280723954	0.4228855721393035	0.059390349029125156	0.1130168520901133	Dendritic cell	NK	2	7	11	3	9	NDUFB9	1.0	False
0.000671826349468447	0.4228855721393035	0.3245882762718464	0.42536804133762307	Monocyte	Plasma cell	2	7	9	3	6	NOPCHAP1	1.0	False
0.00012709577010970588	0.4228855721393035	0.1078592026976673	0.1211248242944748	Plasma cell	Erythroid	2	7	12	4	8	PIP5K1B	1.0	False
0.000798159367328771	0.4228855721393035	0.0530261362788208	0.25761035007610356	Erythroid	Dendritic cell	2	4	5	3	4	PPP1CA	1.0	False
5.170286297968028e-05	0.4228855721393035	0.3888405211272614	0.2842675955022148	Plasma cell	NK	2	7	9	3	7	RPLP2	1.0	False
0.0006821940521246376	0.4228855721393035	0.19550277092704327	0.19326036866359442	T cell	Dendritic cell	2	6	9	4	5	RPP30	1.0	False
8.046459966180364e-06	0.4228855721393035	0.03091129430516515	0.16491770672919331	T cell	Erythroid	2	7	9	4	9	RPS20	1.0	False
0.0006780267187932215	0.4228855721393035	0.20747789603267297	0.21836602940563954	NK	Plasma cell	2	6	9	3	4	SGO1	1.0	False
0.0003679438722851674	0.4228855721393035	0.15663047967405602	0.12539272344304514	Erythroid	B cell	2	7	12	3	8	TAB3	1.0	False
0.00021751489181594377	0.4228855721393035	0.11533614067619141	0.17386631444616674	Plasma cell	T cell	2	7	9	5	8	TMBIM4	1.0	False
5.080953677587819e-05	0.4228855721393035	0.23384574673492786	0.26604152125854563	Monocyte	Plasma cell	2	7	16	10	15	TOP1	1.0	False
0.0005512837024247378	0.4228855721393035	0.1976214718681884	0.15497332424606813	B cell	T cell	2	7	11	4	8	ZNF254	1.0	False
0.00023847384011655508	0.42786069651741293	0.17681766152188172	0.15432734716414492	T cell	NK	2	5	6	3	5	ACBD3	1.0	False
3.325955607137846e-05	0.42786069651741293	0.20087103884332008	0.5785191348682924	NK	Plasma cell	2	7	11	6	10	C17orf49	1.0	False
0.00013540827059655523	0.42786069651741293	0.08384163818288531	0.2031062357798124	NK	B cell	2	7	13	8	12	COPS2	1.0	False
0.0011108645086744485	0.42786069651741293	0.13598109836499933	0.15920103370302569	B cell	Erythroid	2	4	5	3	4	DEAF1	1.0	False
0.0005694496185141704	0.42786069651741293	0.3291940845817234	0.3781838316722037	Plasma cell	NK	2	6	11	3	7	EDEM2	1.0	False
0.001247877138551567	0.42786069651741293	0.09162973526205731	0.16868686868686866	T cell	B cell	2	5	7	3	5	EXOSC2	1.0	False
0.0003493565146872221	0.42786069651741293	0.06995616507399038	0.3708705309009359	T cell	Dendritic cell	2	6	9	4	6	HLTF	1.0	False
0.00028265765674463823	0.42786069651741293	0.3979237659257031	0.5680426716141003	NK	Plasma cell	2	7	11	4	9	KPNA2	1.0	False
0.000516917953626708	0.42786069651741293	0.1524384851171604	0.1249235057918412	Plasma cell	NK	2	7	7	3	7	LEPROT	1.0	False
0.0003694505786493619	0.42786069651741293	0.44832201024384194	0.48427443837279904	Dendritic cell	Monocyte	2	7	9	3	5	MGAT1	1.0	False
0.00016738237638732787	0.42786069651741293	0.15108292245743998	0.12944162436548223	Plasma cell	Dendritic cell	2	7	12	3	7	NR6A1	1.0	False
0.0004216990366291134	0.42786069651741293	0.11590797336721254	0.23846995746803173	Dendritic cell	Plasma cell	2	6	9	3	6	PCBD2	1.0	False
8.74675153410428e-05	0.42786069651741293	0.14577977339077564	0.1628263452591654	T cell	Plasma cell	2	7	19	6	14	PFKL	1.0	False
0.0005342713010449697	0.42786069651741293	0.23374595700823692	0.3200049688069343	NK	Dendritic cell	2	6	9	3	6	POC1B	1.0	False
0.00010877840840755405	0.42786069651741293	0.17355325862879345	0.24649110524464424	Plasma cell	B cell	2	7	13	6	11	RBL2	1.0	False
0.0001658721914284921	0.42786069651741293	0.03339039600049931	0.10429127082096495	T cell	NK	2	7	17	7	11	RBM38	1.0	False
0.0002707229123877163	0.42786069651741293	0.17945830865077778	0.32601314143846477	Plasma cell	Monocyte	2	7	13	4	8	RPGR	1.0	False
0.0001166375254957341	0.42786069651741293	0.11896677152594448	0.2354186599070076	Dendritic cell	T cell	2	7	9	5	9	SCAF11	1.0	False
0.00011535507155587042	0.42786069651741293	0.09452996360792143	0.09572731029151055	B cell	T cell	2	7	9	4	8	SLC38A1	1.0	False
0.00010043245004114472	0.42786069651741293	0.015053338947189632	0.02206080172181868	NK	Erythroid	2	2	3	3	3	SMIM12	1.0	False
0.0003806650112698818	0.42786069651741293	0.13112045100509795	0.07192807192807193	NK	Erythroid	2	4	6	4	5	SUPT4H1	1.0	False
0.0003251784298823757	0.42786069651741293	0.08681515714131494	0.07393111638954869	NK	B cell	2	3	4	3	4	TOLLIP	1.0	False
0.0007564791778731029	0.42786069651741293	0.1838767336130418	0.19259446693657217	Dendritic cell	T cell	2	6	9	3	6	TRIM5	1.0	False
0.0004017245365192647	0.42786069651741293	0.11309368311214707	0.16789028105922021	NK	T cell	2	3	3	3	3	WDR83OS	1.0	False
0.00042031639187908604	0.42786069651741293	0.15311425938440404	0.08897802581095221	T cell	Plasma cell	2	4	6	3	5	ZNF385D	1.0	False
0.00016673228274512896	0.43283582089552236	0.47521575409876404	0.568873077960615	T cell	Plasma cell	2	7	10	3	8	ARL14EPL	1.0	False
0.002218480843347206	0.43283582089552236	0.08033866822363034	0.0864485981308411	B cell	Erythroid	2	2	3	3	3	BBS2	1.0	False
0.0005088730966901298	0.43283582089552236	0.15839391606299752	0.1720941512509936	Plasma cell	Dendritic cell	2	6	9	3	7	BECN1	1.0	False
0.00035935523308748465	0.43283582089552236	0.1137156211056099	0.1594019979062099	Dendritic cell	Monocyte	2	7	11	4	7	CHD7	1.0	False
0.0005634751419736655	0.43283582089552236	0.12494793742609078	0.11854811854811859	T cell	Erythroid	2	3	5	3	4	ENSG00000253853	1.0	False
9.399885879160481e-05	0.43283582089552236	0.06671133399251966	0.27525327092755447	Plasma cell	Erythroid	2	7	9	6	9	ERC1	1.0	False
0.0005559540999960691	0.43283582089552236	0.28928431762538875	0.407552973342447	T cell	NK	2	4	6	4	5	EXOSC9	1.0	False
0.00010311744796176188	0.43283582089552236	0.4441391399709294	0.5258838186756271	Dendritic cell	T cell	2	7	7	3	7	FAAP20	1.0	False
0.0001884085029098829	0.43283582089552236	0.17080769733567158	0.22578710819244563	Erythroid	T cell	2	5	7	3	4	FLII	1.0	False
0.0002477707237838163	0.43283582089552236	0.14235193749772124	0.23609236234458253	Erythroid	Dendritic cell	2	6	11	5	8	GOSR2	1.0	False
0.0008515561724194044	0.43283582089552236	0.11751056975283092	0.16877369007803794	NK	B cell	2	6	4	3	4	H1-10	1.0	False
0.002315509508832581	0.43283582089552236	0.13420838614037855	0.1725037257824143	Dendritic cell	T cell	2	6	6	3	4	LINC00869	1.0	False
0.0012240325938901878	0.43283582089552236	0.3302286768815985	0.3824045634050022	Erythroid	Plasma cell	2	6	8	3	5	MIS12	1.0	False
0.00018871238908480816	0.43283582089552236	0.09239606763482949	0.4154208298900658	T cell	NK	2	7	18	9	15	NAA16	1.0	False
0.000328256282824187	0.43283582089552236	0.08496468801513285	0.19879741470650558	Erythroid	NK	2	3	4	3	4	NDUFA5	1.0	False
0.0005058045390271529	0.43283582089552236	0.07843056595987152	0.04090196078431374	Erythroid	T cell	2	4	8	3	7	NELFA	1.0	False
0.00029553089700521507	0.43283582089552236	0.06436454308281525	0.08260864409442747	T cell	Monocyte	2	7	11	6	10	NUTM2B-AS1	1.0	False
0.0015541650601645488	0.43283582089552236	0.2198209002883989	0.2428925310366679	Erythroid	B cell	2	5	6	3	4	PFDN5	1.0	False
0.0003991594441551674	0.43283582089552236	0.1124806056273463	0.3059136427761975	Erythroid	Dendritic cell	2	7	13	4	10	PPCDC	1.0	False
0.0012119704780960642	0.43283582089552236	0.10911344431620523	0.08072211476466795	B cell	T cell	2	2	3	3	3	RP9	1.0	False
8.051681795570905e-05	0.43283582089552236	0.22086314408159557	0.5596588917319878	NK	B cell	2	7	15	6	9	RPL17	1.0	False
0.00016190063689262957	0.43283582089552236	0.05604220547190969	0.0847773101094973	B cell	Dendritic cell	2	7	11	5	9	RPTOR	1.0	False
0.0010930138172987	0.43283582089552236	0.24397452853843432	0.20802498048399687	Erythroid	Plasma cell	2	6	10	3	5	SAP30L-AS1	1.0	False
0.0005865777161417375	0.43283582089552236	0.12094863193447625	0.23722796179926864	NK	Dendritic cell	2	6	9	4	5	SLC35B1	1.0	False
0.00031869864865723	0.43283582089552236	0.11759380719442064	0.19759901483442954	Dendritic cell	NK	2	5	9	5	7	SMIM14	1.0	False
0.00011084513864174363	0.43283582089552236	0.3135033399489805	0.34863254650569503	Erythroid	Plasma cell	2	7	11	4	9	SNHG16	1.0	False
6.980977156715005e-05	0.43283582089552236	0.13613488159661763	0.3293514441812589	NK	Dendritic cell	2	7	10	6	9	SNRNP70	1.0	False
0.0005914731798728676	0.43283582089552236	0.16625665175871895	0.18311608460403345	Monocyte	Dendritic cell	2	6	7	3	7	SRGAP2C	1.0	False
0.00017288912720776309	0.43283582089552236	0.10063735662851359	0.14903373730756636	T cell	B cell	2	4	5	3	5	USP46	1.0	False
0.00028140528340866804	0.43283582089552236	0.12805988885430364	0.15491187739463597	Dendritic cell	T cell	2	7	11	3	6	UVSSA	1.0	False
0.0009465039944936669	0.43283582089552236	0.0988075698283516	0.2021040353880278	Plasma cell	Monocyte	2	7	13	8	12	ZFAND6	1.0	False
0.0005790064198470931	0.43283582089552236	0.14126467453312708	0.1958672252461623	Plasma cell	Dendritic cell	2	7	11	5	8	ZNF100	1.0	False
0.00030675520318664126	0.43781094527363185	0.09660439981193697	0.08913138367525097	T cell	Dendritic cell	2	7	9	3	4	ADCY9	1.0	False
0.0008325675438569773	0.43781094527363185	0.16793606287956692	0.33638934733138004	Plasma cell	Monocyte	2	7	12	5	10	ADD1	1.0	False
0.00017265621637099012	0.43781094527363185	0.11250828731808293	0.07734479599746319	Erythroid	Dendritic cell	2	7	15	5	11	ATP11C	1.0	False
0.00017179130674518575	0.43781094527363185	0.13127463493351904	0.11389992895954537	B cell	Plasma cell	2	7	10	3	6	BICD2	1.0	False
0.0004351362189873269	0.43781094527363185	0.19048648953430458	0.17906258335986508	Dendritic cell	Plasma cell	2	7	7	4	7	CD46	1.0	False
0.0004811046727766613	0.43781094527363185	0.09080030538708084	0.17556799827716163	Erythroid	T cell	2	5	8	3	5	CHEK1	1.0	False
0.000255126175270661	0.43781094527363185	0.17161764963102077	0.1789510600757817	Plasma cell	NK	2	7	10	4	7	CWC25	1.0	False
0.0006440199928252029	0.43781094527363185	0.14383030649410644	0.22562979189485222	B cell	NK	2	4	5	3	4	DNAJA2	1.0	False
0.0005934847093240766	0.43781094527363185	0.24467600043946935	0.20966639160674283	Plasma cell	Erythroid	2	6	7	3	5	ENSG00000267503	1.0	False
0.0008434924400623433	0.43781094527363185	0.11114045933086064	0.09024016953143399	B cell	NK	2	3	4	3	4	ENSG00000272368	1.0	False
0.0012652805170093552	0.43781094527363185	0.0852021402590622	0.0857010857010857	NK	T cell	2	4	4	3	4	ENSG00000275119	1.0	False
0.0014393977475659428	0.43781094527363185	0.08690653012299354	0.2680124223602484	Erythroid	B cell	2	3	4	3	4	ENSG00000291079	1.0	False
0.0008375758943365891	0.43781094527363185	0.14780797931074147	0.10886080238547036	Plasma cell	Erythroid	2	7	13	5	10	LINC02256	1.0	False
0.00023333071755432059	0.43781094527363185	0.1296811218056539	0.18601618420033295	Plasma cell	T cell	2	7	9	6	8	MAP4	1.0	False
0.0008034292655725174	0.43781094527363185	0.34317118772995736	0.5111626001689752	Dendritic cell	Erythroid	2	7	9	3	6	MED21	1.0	False
5.055451291056855e-06	0.43781094527363185	0.23486046122087098	0.44274987100219976	T cell	Erythroid	2	7	7	4	7	MRPS21	1.0	False
0.00021478923098058544	0.43781094527363185	0.09971468688344554	0.14543773184392772	Plasma cell	Dendritic cell	2	6	8	3	6	NEDD1	1.0	False
0.0001535884688473351	0.43781094527363185	0.1298160920755006	0.17240023406589444	Erythroid	B cell	2	7	16	8	10	NELFCD	1.0	False
0.0001601166147235717	0.43781094527363185	0.0443845625337449	0.03844383057090239	B cell	Erythroid	2	2	3	3	3	ORC5	1.0	False
0.0014603164669187002	0.43781094527363185	0.07156249870671383	0.04218457921412189	Erythroid	NK	2	2	4	4	4	PGAP6	1.0	False
0.0017994053886919155	0.43781094527363185	0.20635898278174702	0.18432971014492755	Plasma cell	B cell	2	6	8	3	4	POFUT1	1.0	False
0.0006990922831199856	0.43781094527363185	0.08507231928824371	0.1050441489901553	Erythroid	B cell	2	4	5	3	5	PRCC	1.0	False
1.9883487335478232e-05	0.43781094527363185	0.0013452251880909372	0.017465193977700355	T cell	NK	2	3	3	3	3	RPS15	1.0	False
1.0270734236774971e-05	0.43781094527363185	0.017348589921405422	0.024613570867173196	NK	Erythroid	2	2	3	3	3	SIGMAR1	1.0	False
0.00014404680245720019	0.43781094527363185	0.2245756991438665	0.2894701098490637	NK	Monocyte	2	7	10	5	9	SREK1IP1	1.0	False
0.0009264588280360896	0.43781094527363185	0.028245650871778882	0.07142430576291425	T cell	Erythroid	2	3	5	3	4	TAF1C	1.0	False
0.00015555787002903977	0.43781094527363185	0.11124935891072735	0.03238477653631289	Plasma cell	Erythroid	2	6	11	3	6	TANC2	1.0	False
0.00014200933614270865	0.43781094527363185	0.1013270083823396	0.15478684015656408	Dendritic cell	Monocyte	2	7	12	3	9	TEC	1.0	False
0.0004246476395487527	0.43781094527363185	0.3307025798714897	0.33589529991774464	NK	Plasma cell	2	6	9	4	5	THUMPD3-AS1	1.0	False
0.00016046197702893557	0.43781094527363185	0.16003575760676997	0.343914909906215	T cell	Dendritic cell	2	7	7	4	6	TOMM20	1.0	False
0.0004647503645067576	0.43781094527363185	0.13329756144882193	0.14879510391431844	Monocyte	Dendritic cell	2	7	12	3	7	ZHX1	1.0	False
0.0008843262161507037	0.43781094527363185	0.2641031311309949	0.1983065953654189	T cell	NK	2	4	5	3	4	ZNF518B	1.0	False
8.205193802364162e-05	0.43781094527363185	0.05909341952774155	0.07779146141215104	B cell	NK	2	3	4	3	3	ZNF682	1.0	False
1.4030874825108513e-05	0.4427860696517413	0.010113605403239578	0.02279254264692976	Plasma cell	T cell	2	7	19	14	19	-	1.0	False
0.00018013746340454144	0.4427860696517413	0.10618377259636241	0.10573781414066036	Dendritic cell	Monocyte	2	7	13	6	8	AOPEP	1.0	False
0.00029824654908526944	0.4427860696517413	0.08636955269696095	0.092494515288633	Erythroid	Monocyte	2	7	7	3	7	ARID1A	1.0	False
0.0006430453354715669	0.4427860696517413	0.05204637971077808	0.08273982330458027	NK	Erythroid	2	3	4	3	4	B4GALT4	1.0	False
0.0006267594641714372	0.4427860696517413	0.27523659454263877	0.2953534719348563	Monocyte	Plasma cell	2	7	9	3	7	CDK7	1.0	False
0.00043798587986260975	0.4427860696517413	0.08806900261350747	0.14440382659453727	B cell	Dendritic cell	2	5	8	4	7	DHRS7B	1.0	False
0.0005784637754901286	0.4427860696517413	0.17561872011242846	0.19976722532588453	Plasma cell	Erythroid	2	6	10	3	6	DHTKD1	1.0	False
7.128432706167062e-05	0.4427860696517413	0.1951542786437912	0.4636671390332231	Erythroid	T cell	2	7	10	3	8	EIF4A1	1.0	False
8.774144216572747e-05	0.4427860696517413	0.08394224082849083	0.3244979114318774	Dendritic cell	Plasma cell	2	7	10	6	9	FNIP1	1.0	False
0.0002812173506644201	0.4427860696517413	0.1365508758425253	0.29347826086956524	Erythroid	NK	2	4	6	3	5	GEMIN5	1.0	False
0.00016951643712709416	0.4427860696517413	0.2879696996704141	0.4228731551727245	Erythroid	Monocyte	2	7	8	3	7	H2AZ2	1.0	False
4.460996127046948e-05	0.4427860696517413	0.09130326682915968	0.32686451957858137	Monocyte	Dendritic cell	2	7	12	7	11	HERPUD1	1.0	False
0.0006310935457243915	0.4427860696517413	0.14539167235640643	0.1780303030303031	Monocyte	Dendritic cell	2	6	6	3	5	KIFAP3	1.0	False
0.0007628458847664174	0.4427860696517413	0.2052337678833956	0.13336349924585217	T cell	Dendritic cell	2	6	9	3	5	LMAN2	1.0	False
7.548547141107237e-06	0.4427860696517413	0.6991952488254558	0.805020579327483	NK	Plasma cell	2	6	10	4	7	NUDT22	1.0	False
0.0004836971666476144	0.4427860696517413	0.1331994932432809	0.24093887119071944	Erythroid	NK	2	3	4	3	3	OAZ1	1.0	False
0.0002064583108241011	0.4427860696517413	0.2780408486015626	0.4308127906070603	Monocyte	B cell	2	7	9	3	7	SELENOH	1.0	False
5.904205359285251e-05	0.4427860696517413	0.08230540620702687	0.2521020863073496	T cell	B cell	2	7	17	9	13	SLC9A8	1.0	False
0.00048609562165564767	0.4427860696517413	0.11840300251727293	0.06954689146469972	T cell	B cell	2	6	6	3	4	TM2D1	1.0	False
0.00012982825235736007	0.4427860696517413	0.11172021623677075	0.04514831573655104	Plasma cell	NK	2	6	9	4	7	TMEM117	1.0	False
0.0007198415692038014	0.4427860696517413	0.18987354193099287	0.22879461350306407	Erythroid	T cell	2	4	7	3	6	TP53TG5	1.0	False
0.00015700841633627506	0.4427860696517413	0.0751887581947363	0.12830021223229787	Monocyte	Erythroid	2	7	16	8	14	XRN2	1.0	False
2.0479998659888138e-05	0.4427860696517413	0.05639935588335321	0.2599319860951028	Plasma cell	T cell	2	7	17	11	16	ZFAS1	1.0	False
0.0002979704194115072	0.4427860696517413	0.13066797004519942	0.12238963785355533	Monocyte	Plasma cell	2	7	16	5	10	ZHX3	1.0	False
0.00017579275999138092	0.44776119402985076	0.14625458092599752	0.08438244995264693	Monocyte	B cell	2	7	9	3	6	ALCAM	1.0	False
0.0006334524853157756	0.44776119402985076	0.20547009530284316	0.5151500642840949	B cell	Dendritic cell	2	6	9	3	7	CD82	1.0	False
0.0003867921930329189	0.44776119402985076	0.030983829362323356	0.0886440159167432	Erythroid	NK	2	3	5	3	4	CHIC1	1.0	False
9.299363880502406e-05	0.44776119402985076	0.08904240042667422	0.13290091924888342	Monocyte	NK	2	6	9	3	7	CHKA	1.0	False
0.0005047080382087226	0.44776119402985076	0.11773376504399158	0.22296706124549667	Dendritic cell	NK	2	5	7	3	7	DCTN6	1.0	False
0.00025815744364765476	0.44776119402985076	0.05774796866757964	0.2294616992055155	T cell	Erythroid	2	7	19	8	15	DIP2A	1.0	False
0.0009015268435573284	0.44776119402985076	0.12273078901789192	0.1343164607413312	T cell	Erythroid	2	6	8	3	6	ENOPH1	1.0	False
0.0006424260734797015	0.44776119402985076	0.10754963889805802	0.1491402402142919	Plasma cell	Monocyte	2	6	7	3	4	ENSG00000289872	1.0	False
0.00010262115665968282	0.44776119402985076	0.07718392224336496	0.1494822449079275	Dendritic cell	T cell	2	7	7	4	7	EPS15	1.0	False
0.008388856929598558	0.44776119402985076	0.15760829850182612	0.1923839917198551	Erythroid	NK	2	2	3	3	3	GOLGA2	1.0	False
0.00012176994098761817	0.44776119402985076	0.06072347164278785	0.16066073745831727	Erythroid	Plasma cell	2	7	17	11	16	GPCPD1	1.0	False
0.00019978315244721846	0.44776119402985076	0.11083076262193825	0.15643949120069522	T cell	Monocyte	2	7	15	7	12	HDAC8	1.0	False
0.00040938066205192054	0.44776119402985076	0.40981725938106794	0.2735785953177257	Dendritic cell	NK	2	5	6	3	5	KIAA0040	1.0	False
0.00015803422523088306	0.44776119402985076	0.08826702756966304	0.30215384615384616	Plasma cell	Erythroid	2	7	13	6	9	KLF13	1.0	False
0.0005828641315509662	0.44776119402985076	0.45959007230472343	0.513185572828485	Monocyte	Dendritic cell	2	7	13	4	9	MAF1	1.0	False
0.0005937963191676066	0.44776119402985076	0.28848165927545794	0.340247162762699	Plasma cell	B cell	2	7	12	3	7	MAN1B1	1.0	False
0.00011672000453414065	0.44776119402985076	0.2882369642369642	0.4897630217731264	NK	B cell	2	3	6	3	6	MMGT1	1.0	False
0.0002917583598276174	0.44776119402985076	0.1489844801302817	0.13311032964519548	Dendritic cell	B cell	2	7	8	3	6	MRPS35	1.0	False
0.0009711136295722072	0.44776119402985076	0.2913132532002468	0.4722479275110854	B cell	Monocyte	2	6	7	3	4	N6AMT1	1.0	False
0.00018177027057307636	0.44776119402985076	0.1298416435327423	0.10474652889893449	Dendritic cell	Monocyte	2	7	9	3	7	NR2C2	1.0	False
0.000497462507006686	0.44776119402985076	0.31102585961921003	0.2981288981288981	Erythroid	T cell	2	4	6	3	4	NUDT9	1.0	False
0.0003619506285432328	0.44776119402985076	0.1870076872418635	0.24449331590558582	Monocyte	Plasma cell	2	7	8	3	7	POM121	1.0	False
0.00047152210292333694	0.44776119402985076	0.061490064035069736	0.23822388671298017	B cell	Erythroid	2	5	9	3	6	PRR11	1.0	False
0.0005130378973398003	0.44776119402985076	0.14642413698681866	0.25449912887599824	Erythroid	T cell	2	6	8	4	6	PSMD6	1.0	False
0.00010976399314550483	0.44776119402985076	0.24038323858900196	0.32383444846907566	Plasma cell	Erythroid	2	7	12	6	10	RNF4	1.0	False
0.0001939446223233983	0.44776119402985076	0.1658688819260279	0.25562411691981635	Erythroid	T cell	2	7	7	4	7	RSRP1	1.0	False
0.00014316911750576611	0.44776119402985076	0.07512950731602258	0.07565258293367727	Plasma cell	Erythroid	2	7	11	4	6	RYR3	1.0	False
0.0002733406027312864	0.44776119402985076	0.08302120586439765	0.2025276736686133	T cell	Dendritic cell	2	5	5	3	5	SKI	1.0	False
0.0003248294527920751	0.44776119402985076	0.10602346138132718	0.18733196054533924	T cell	Monocyte	2	7	10	4	8	SPCS2	1.0	False
5.450641315200594e-05	0.44776119402985076	0.1469123577110759	0.4892640631608628	B cell	NK	2	5	6	3	4	SYTL1	1.0	False
0.0007408866833333392	0.44776119402985076	0.15382663446610317	0.15377254846369204	Plasma cell	Dendritic cell	2	6	7	3	5	SZT2	1.0	False
0.0004155804518824568	0.44776119402985076	0.19438041249514676	0.23326677522746064	Plasma cell	T cell	2	7	10	7	10	TAF1D	1.0	False
0.0004217756054736307	0.44776119402985076	0.28168000311503466	0.23928296397706855	T cell	Monocyte	2	7	14	4	9	TRAPPC2	1.0	False
0.00047755999967705767	0.44776119402985076	0.11687635123144985	0.1557239057239057	B cell	T cell	2	5	7	3	5	ZNF14	1.0	False
0.0003542029566641749	0.44776119402985076	0.14428121291506107	0.08716181725370081	Dendritic cell	Erythroid	2	7	11	4	10	ZNF37A	1.0	False
0.00022158579558129534	0.4527363184079602	0.5156738110086565	0.5138492918897619	Plasma cell	B cell	2	6	9	3	4	ACTR1A	1.0	False
0.000442270619829922	0.4527363184079602	0.18370529233887112	0.26848174412644327	B cell	Dendritic cell	2	7	14	3	7	ARHGEF6	1.0	False
0.00017678612905853503	0.4527363184079602	0.028860269169547537	0.2943973981345116	Erythroid	B cell	2	2	3	3	3	CCDC144A	1.0	False
0.0004843231967952094	0.4527363184079602	0.18709072527659726	0.26371712864250174	T cell	B cell	2	4	6	3	4	CCDC200	1.0	False
0.00036819347042131817	0.4527363184079602	0.16531989706590744	0.20393374741200826	T cell	NK	2	4	6	3	4	CCDC9	1.0	False
0.0005114626547109978	0.4527363184079602	0.2937632926739102	0.33285361842105265	Dendritic cell	Plasma cell	2	7	9	3	7	CHM	1.0	False
0.0005260617304950917	0.4527363184079602	0.22866283258571168	0.4472335575258198	Dendritic cell	B cell	2	6	8	3	5	CNOT10	1.0	False
0.0008131895598864547	0.4527363184079602	0.39491079904554577	0.35286608170310707	Erythroid	Monocyte	2	7	13	4	7	CRYL1	1.0	False
0.0008130718935713281	0.4527363184079602	0.11361541559884608	0.11039208222306818	B cell	Dendritic cell	2	4	5	3	5	CYTH3	1.0	False
0.0003821967769874501	0.4527363184079602	0.11206489783773477	0.22798497044637922	Plasma cell	NK	2	7	11	5	11	DDX21	1.0	False
0.00021621075162100317	0.4527363184079602	0.37886453941371606	0.5819055036344756	Erythroid	Dendritic cell	2	6	15	4	9	DNTTIP1	1.0	False
0.0026428344881342276	0.4527363184079602	0.20418912168715792	0.17408819730610742	Plasma cell	T cell	2	4	6	3	4	EAF2	1.0	False
0.00012378315440906656	0.4527363184079602	0.12655500212391413	0.31845315283776565	Erythroid	T cell	2	7	10	8	10	FCHSD2	1.0	False
0.000366312505475267	0.4527363184079602	0.07159873691852653	0.13750323718383511	Erythroid	T cell	2	7	13	6	9	GSE1	1.0	False
0.0005634433224846255	0.4527363184079602	0.13716283380597888	0.2590596199795198	Erythroid	Dendritic cell	2	6	12	4	7	IFT74	1.0	False
0.00010719815826085658	0.4527363184079602	0.2636383441109938	0.32994142609527227	NK	Plasma cell	2	7	11	6	10	KPNB1	1.0	False
7.474866286293594e-05	0.4527363184079602	0.14568574589615024	0.23902020647736255	NK	Dendritic cell	2	7	9	5	8	LRRFIP2	1.0	False
0.00138771506912924	0.4527363184079602	0.19706555035807427	0.18504098360655735	T cell	B cell	2	5	6	3	4	NIPAL3	1.0	False
0.00045570134571694843	0.4527363184079602	0.08222875478708602	0.06550062720948796	B cell	Erythroid	2	4	7	4	5	NPIPB4	1.0	False
0.0003686388762185119	0.4527363184079602	0.1583648362579883	0.15880948573256265	Erythroid	B cell	2	7	7	4	7	ODF2L	1.0	False
0.00014676121372678318	0.4527363184079602	0.07623607116924874	0.21646891611088892	Dendritic cell	Erythroid	2	7	10	5	9	PIK3R1	1.0	False
0.00023989118241259295	0.4527363184079602	0.11423993416204598	0.08026773108691876	Plasma cell	B cell	2	7	7	4	7	PPP1R12B	1.0	False
0.000866935933078646	0.4527363184079602	0.0850941386655672	0.03038548752834469	Erythroid	NK	2	2	3	3	3	PQBP1	1.0	False
0.0008555727625212814	0.4527363184079602	0.4104839848801586	0.5967142649883073	Erythroid	Plasma cell	2	7	13	5	10	PSME3IP1	1.0	False
0.00015955310411839164	0.4527363184079602	0.1528128526096006	0.04704727921498664	Erythroid	T cell	2	3	4	3	3	RINT1	1.0	False
8.435494949788735e-05	0.4527363184079602	0.06081302732526617	0.059476380193511647	B cell	T cell	2	5	6	3	5	STAG3L5P	1.0	False
0.00044478635716144866	0.4527363184079602	0.17116258822241315	0.08892068156626198	Dendritic cell	B cell	2	6	9	3	6	SUFU	1.0	False
0.0008384370884460556	0.4527363184079602	0.13150627115377828	0.17099289551204294	Erythroid	B cell	2	2	3	3	3	TMCO4	1.0	False
0.00020436986590716353	0.4527363184079602	0.23670663666210867	0.1753148779847809	NK	Erythroid	2	6	8	5	6	TMEM107	1.0	False
0.0003436467424861513	0.4527363184079602	0.055693986285919234	0.09782059608861948	B cell	Erythroid	2	2	3	3	3	TMEM216	1.0	False
0.0006358954437478417	0.4527363184079602	0.2381887821841236	0.23467437897020088	Erythroid	NK	2	5	6	3	5	TMEM218	1.0	False
0.0006768964965480647	0.4527363184079602	0.06073433629660502	0.22871539557946718	NK	B cell	2	4	4	3	4	TMEM63A	1.0	False
0.00024035589707308163	0.4527363184079602	0.1026624833308018	0.07529396304293934	Erythroid	Plasma cell	2	7	7	4	7	XPR1	1.0	False
0.0010100328194872403	0.4527363184079602	0.11304957790465037	0.18280580321331164	NK	B cell	2	3	4	3	3	ZNF595	1.0	False
0.0002041543962927999	0.4577114427860697	0.02513094862584153	0.08004920150486616	B cell	Erythroid	2	7	10	5	8	APC	1.0	False
0.0016979632482502002	0.4577114427860697	0.12156750536643501	0.09734966450874816	Dendritic cell	NK	2	3	5	3	5	ATG16L2	1.0	False
0.0003512726700531464	0.4577114427860697	0.1353172763997928	0.280920060331825	T cell	Monocyte	2	7	12	3	10	CHAF1B	1.0	False
0.0005609269415986605	0.4577114427860697	0.1662735867422761	0.15269673244778076	Erythroid	Plasma cell	2	7	10	3	8	CSTPP1	1.0	False
0.0001490577856926496	0.4577114427860697	0.10033957069496274	0.19878104680576547	NK	Erythroid	2	7	9	5	8	DNM1L	1.0	False
0.0012206966587411912	0.4577114427860697	0.3281517536836686	0.2336466587533284	NK	Monocyte	2	6	9	3	6	DPH3	1.0	False
0.00014538774429105996	0.4577114427860697	0.32448102729527617	0.22794117647058826	Monocyte	NK	2	6	8	3	5	EDEM1	1.0	False
0.00018983273990474736	0.4577114427860697	0.05323286690636364	0.1416672501575425	Dendritic cell	B cell	2	7	9	5	7	ELK3	1.0	False
0.00037451097048265246	0.4577114427860697	0.17642527456976692	0.19364011754572624	Erythroid	T cell	2	7	9	3	6	ERGIC3	1.0	False
0.0010905530159247578	0.4577114427860697	0.1868876377950337	0.20416149582195747	Dendritic cell	T cell	2	6	11	4	6	JADE1	1.0	False
3.309520663312413e-05	0.4577114427860697	0.09013321293003052	0.13272847047550607	Erythroid	B cell	2	7	11	6	10	MYO9B	1.0	False
0.00032876239176884243	0.4577114427860697	0.21971712002916988	0.23003515446980832	Dendritic cell	T cell	2	7	17	7	12	N4BP2L1	1.0	False
0.005986805029272767	0.4577114427860697	0.1524721018250606	0.36373785952968357	T cell	NK	2	6	7	3	6	NECAP2	1.0	False
8.702724345632794e-05	0.4577114427860697	0.03185857395498398	0.020399829429238403	B cell	Erythroid	2	3	3	3	3	NUDC	1.0	False
0.0006979737109610989	0.4577114427860697	0.2619461189217288	0.2837856792201417	NK	Dendritic cell	2	5	11	4	6	NUDCD1	1.0	False
0.00015111400229462558	0.4577114427860697	0.1130522785462662	0.11304956150473117	Plasma cell	NK	2	7	9	4	8	PIK3CB	1.0	False
0.00012197099849946109	0.4577114427860697	0.18217946572912186	0.21129992989358226	NK	Plasma cell	2	7	10	7	9	PJA2	1.0	False
0.00011931409680578262	0.4577114427860697	0.7607088497499456	0.8630275097220221	Dendritic cell	Monocyte	2	6	6	3	5	PPT1	1.0	False
0.0005771656246314206	0.4577114427860697	0.2941839236297365	0.3951527924130664	NK	Dendritic cell	2	6	8	3	6	PRIMPOL	1.0	False
0.00047718829913382066	0.4577114427860697	0.26331111425306136	0.17734118376200808	Erythroid	Dendritic cell	2	6	8	3	7	RAD17	1.0	False
0.00023023711112956345	0.4577114427860697	0.0953109597881544	0.12089623771866764	NK	Plasma cell	2	6	11	4	7	SLAIN1	1.0	False
0.0005146045954533268	0.4577114427860697	0.2693184056937205	0.26363339856490536	T cell	NK	2	5	6	3	4	SLC25A42	1.0	False
0.0005205389406757996	0.4577114427860697	0.17029096411035227	0.2257425555618498	NK	Monocyte	2	7	9	4	8	TMF1	1.0	False
0.0008114387875900002	0.4577114427860697	0.18415753254701445	0.11650430287710534	B cell	T cell	2	4	4	3	3	TRAPPC2B	1.0	False
0.0001281965925328779	0.4577114427860697	0.17796780304197982	0.28232540162912295	Dendritic cell	Erythroid	2	4	5	3	4	UTP11	1.0	False
0.0003617520643169934	0.4577114427860697	0.11890891825417721	0.2029522217253435	T cell	Plasma cell	2	7	13	7	12	VPS13A	1.0	False
0.00016370452152063007	0.4577114427860697	0.04097497009576567	0.08932411674347157	Dendritic cell	NK	2	7	7	4	7	VPS13D	1.0	False
0.0007687753589418998	0.4577114427860697	0.30924357132035873	0.31250000000000006	Erythroid	NK	2	5	8	3	6	ZNF224	1.0	False
0.0005263881517088055	0.4626865671641791	0.09160628070379434	0.21116766388380298	Erythroid	Dendritic cell	2	6	9	3	6	ANAPC7	1.0	False
0.00018961050382423927	0.4626865671641791	0.021616585698827295	0.02553579571363429	Erythroid	NK	2	2	3	3	3	ANKRD42	1.0	False
0.0005220956398930476	0.4626865671641791	0.053923206331546236	0.12171003891414711	NK	T cell	2	4	4	3	3	ARRDC3	1.0	False
0.00011576701975365668	0.4626865671641791	0.14485485629809697	0.5201851198401144	Erythroid	Plasma cell	2	7	14	5	11	ASAH1	1.0	False
0.0006375563949007784	0.4626865671641791	0.2678757521539361	0.28655652737285386	Plasma cell	Erythroid	2	5	7	3	5	ATF7	1.0	False
8.09054288243522e-05	0.4626865671641791	0.1795942250043142	0.1132234560437812	Erythroid	Plasma cell	2	3	5	3	4	BCL7A	1.0	False
0.00015341660038446298	0.4626865671641791	0.17949407525687983	0.346553265488568	Plasma cell	Monocyte	2	7	14	5	9	BIN3	1.0	False
0.00012961979784326054	0.4626865671641791	0.120360701644461	0.1735116219368844	B cell	Plasma cell	2	5	10	4	6	BRCA1	1.0	False
0.00030331706989953434	0.4626865671641791	0.5094355406181015	0.6672834661206091	T cell	Dendritic cell	2	7	10	3	5	BTK	1.0	False
0.0017418129586019599	0.4626865671641791	0.2014134641433492	0.17901234567901236	T cell	Monocyte	2	3	4	3	3	C1orf21	1.0	False
5.982048812296207e-05	0.4626865671641791	0.19536576315395088	0.39461223968846554	Erythroid	T cell	2	7	13	4	10	CHRAC1	1.0	False
0.0002513949277645608	0.4626865671641791	0.10846601250650689	0.1423078580973317	Dendritic cell	T cell	2	7	9	4	7	DHX36	1.0	False
0.0009731448287143272	0.4626865671641791	0.2808683933513078	0.26416173946214	Dendritic cell	B cell	2	5	5	3	4	DNAJB9	1.0	False
0.0002103853772798707	0.4626865671641791	0.03409623138815299	0.07130089374379345	Erythroid	NK	2	2	3	3	3	ECSIT	1.0	False
0.0002966337713572415	0.4626865671641791	0.12480516003466402	0.14285982598569757	Monocyte	NK	2	7	11	4	8	ENSG00000291175	1.0	False
0.00015381485544796442	0.4626865671641791	0.13377821281866134	0.1348716224585494	Dendritic cell	Plasma cell	2	7	14	7	12	ERICH1	1.0	False
0.00010528407763049402	0.4626865671641791	0.027764220593244904	0.14221743026179495	T cell	NK	2	7	9	6	8	FOXP1	1.0	False
0.00032735581805164095	0.4626865671641791	0.24196959738513685	0.2602029698346978	Plasma cell	Dendritic cell	2	3	4	3	4	GLUL	1.0	False
0.0004287637091575618	0.4626865671641791	0.0750658634149095	0.09677002583979333	Dendritic cell	NK	2	2	3	3	3	GRK5-IT1	1.0	False
9.007923932169651e-05	0.4626865671641791	0.09285906480549438	0.1827067889764704	Monocyte	Plasma cell	2	7	11	5	10	ILF3	1.0	False
0.00020726302056484194	0.4626865671641791	0.23258480313156277	0.4066400377958167	Erythroid	Monocyte	2	7	14	4	8	IMPACT	1.0	False
6.590991735319755e-05	0.4626865671641791	0.058630880142695796	0.11428084204256328	T cell	Erythroid	2	7	11	5	10	MAPK8	1.0	False
0.00020598017409502326	0.4626865671641791	0.1459060240234641	0.19141392334045176	Dendritic cell	T cell	2	7	10	5	9	MEF2C	1.0	False
0.00032623034469140806	0.4626865671641791	0.2308968956139626	0.13474201883804288	Dendritic cell	T cell	2	6	10	3	9	MRPL45P2	1.0	False
0.0002875779686866541	0.4626865671641791	0.1503758140230841	0.16802658047600744	Dendritic cell	Erythroid	2	4	8	3	5	NCAPG	1.0	False
2.7911384862743262e-05	0.4626865671641791	0.00028524271034280346	0.025119737503638384	T cell	Erythroid	2	2	3	3	3	PAX5	1.0	False
0.00045060789049185517	0.4626865671641791	0.2560955539405489	0.36010709504685406	Dendritic cell	NK	2	7	9	4	6	PDHB	1.0	False
6.92410425257269e-05	0.4626865671641791	0.01627677789916876	0.28980526918671246	NK	Erythroid	2	3	4	3	3	PFN1	1.0	False
0.00020975297347590786	0.4626865671641791	0.07706605282381873	0.15095031858195757	T cell	Dendritic cell	2	7	9	4	8	PLXNC1	1.0	False
0.0004705749204564716	0.4626865671641791	0.13690047963802232	0.20843155744145841	Plasma cell	Monocyte	2	7	11	5	8	PPP6C	1.0	False
0.0030596724546773117	0.4626865671641791	0.1061695476484753	0.1330110010570411	T cell	Erythroid	2	2	3	3	3	PRKAB1	1.0	False
7.93179003364877e-05	0.4626865671641791	0.13079370329934686	0.14725116257532755	T cell	Plasma cell	2	7	13	7	12	PTBP3	1.0	False
0.0017606631160758319	0.4626865671641791	0.3202858610830219	0.4775219298245614	Erythroid	B cell	2	5	8	3	4	QPRT	1.0	False
0.0003979391608318336	0.4626865671641791	0.24638808836999038	0.29618257126463216	T cell	Monocyte	2	7	10	5	8	RDX	1.0	False
0.0002516099520027443	0.4626865671641791	0.10411738625229505	0.14527362805168292	T cell	NK	2	7	7	3	6	RTN3	1.0	False
0.00022760377329873852	0.4626865671641791	0.1632369533486453	0.32727451407671365	T cell	Plasma cell	2	7	9	3	7	SEC13	1.0	False
0.0002820171736564303	0.4626865671641791	0.15289890699034547	0.21007217757819835	B cell	Erythroid	2	7	12	4	8	UBQLN1	1.0	False
0.0006885079849896249	0.4626865671641791	0.12394624123178788	0.13755542702911128	Dendritic cell	B cell	2	6	10	3	7	XRCC1	1.0	False
0.00011658793866980055	0.4626865671641791	0.15602498845779023	0.18330510274380607	B cell	Plasma cell	2	7	11	5	8	ZBTB7A	1.0	False
0.00040264404117705115	0.46766169154228854	0.0912443475014405	0.035777962676809716	Erythroid	Dendritic cell	2	4	5	3	4	ARRDC1	1.0	False
0.00021780430180387512	0.46766169154228854	0.33753261176005256	0.46353997106167477	Plasma cell	B cell	2	7	14	4	10	CCDC25	1.0	False
0.0001093037804260399	0.46766169154228854	0.15228859359121028	0.10835037217263921	Dendritic cell	Erythroid	2	7	18	8	13	CDK8	1.0	False
0.0002013007371905972	0.46766169154228854	0.1164395873189838	0.20673103147329952	Monocyte	Plasma cell	2	7	12	4	7	CRLS1	1.0	False
0.0003295033340089335	0.46766169154228854	0.22565104939542846	0.39488243294621195	Dendritic cell	T cell	2	7	15	8	12	CTSZ	1.0	False
0.00031623439639080634	0.46766169154228854	0.5269982993197279	0.5233142037302726	NK	Dendritic cell	2	5	8	3	4	DYNC2I2	1.0	False
4.961600186038428e-05	0.46766169154228854	0.13432238290281523	0.19518144788002223	T cell	Plasma cell	2	7	10	6	8	ELL2	1.0	False
0.0003507072402991693	0.46766169154228854	0.11805742748309361	0.29288383383792926	Dendritic cell	B cell	2	5	8	4	5	FOXRED1	1.0	False
0.00013039733878034075	0.46766169154228854	0.10311893973622677	0.3370910345720016	B cell	Plasma cell	2	7	9	6	8	GOLGA4	1.0	False
2.0005798576625314e-05	0.46766169154228854	0.3418093412483473	0.7037605962337146	Plasma cell	Monocyte	2	7	7	4	7	HMGN2	1.0	False
0.00031388936456398656	0.46766169154228854	0.15490499128349317	0.13455908861489657	T cell	NK	2	5	8	3	6	INO80C	1.0	False
0.0003286378041298943	0.46766169154228854	0.1291563739096825	0.032944351829800766	Erythroid	NK	2	2	3	3	3	KYAT1	1.0	False
0.00018037006650681867	0.46766169154228854	0.22957087889889338	0.27606255915626265	Monocyte	NK	2	7	10	4	8	LARS1	1.0	False
0.00010041455098644278	0.46766169154228854	0.072159865069646	0.14250448560523749	T cell	Plasma cell	2	7	10	5	9	MAML2	1.0	False
0.0007559643074183291	0.46766169154228854	0.07090528617698455	0.10173658702010713	Erythroid	NK	2	4	8	4	6	MAP1LC3A	1.0	False
0.0002837115927002742	0.46766169154228854	0.2050054961230115	0.3160035354721098	Monocyte	NK	2	6	13	4	7	MCM4	1.0	False
0.0006341735210365726	0.46766169154228854	0.028208042459347105	0.036395045479117205	Erythroid	T cell	2	2	3	3	3	NEIL1	1.0	False
0.0002248336451424928	0.46766169154228854	0.10151477533892606	0.04688238931936417	Erythroid	B cell	2	2	3	3	3	OSTC	1.0	False
0.0004232719464999891	0.46766169154228854	0.10425240410278974	0.15092009685230023	B cell	Monocyte	2	7	8	3	7	PRR13	1.0	False
0.0005078725000265028	0.46766169154228854	0.1347483282676063	0.07251082251082253	Erythroid	NK	2	3	5	3	4	PSMD10	1.0	False
8.43359264407121e-05	0.46766169154228854	0.09983983811181596	0.07269399502612683	Erythroid	T cell	2	2	3	3	3	RAD51AP1	1.0	False
0.0018991921806043818	0.46766169154228854	0.13177652413270718	0.11294209094442287	Erythroid	NK	2	2	3	3	3	RASGRF2	1.0	False
0.00029030726389083167	0.46766169154228854	0.20939504928059377	0.23431750205234486	NK	Dendritic cell	2	6	8	4	6	RPAIN	1.0	False
0.0002103293352702083	0.46766169154228854	0.10530525630612636	0.11869362389286703	Dendritic cell	Monocyte	2	7	9	5	8	SETD5	1.0	False
0.0002260941104825509	0.46766169154228854	0.20307488198515167	0.7632871048324575	Dendritic cell	Erythroid	2	5	8	4	6	SFXN4	1.0	False
0.0005887916043818815	0.46766169154228854	0.11875503544207988	0.20830631465184496	Dendritic cell	Erythroid	2	6	6	3	5	SH3GLB1	1.0	False
0.0002618459389667307	0.46766169154228854	0.1793234809947517	0.4430114388869705	Erythroid	NK	2	7	8	3	6	SKIL	1.0	False
0.00010426245757193099	0.46766169154228854	0.013717668028012886	0.020332480818414322	B cell	NK	2	2	3	3	3	SLC35F2	1.0	False
0.0017279165957556626	0.46766169154228854	0.15090888701813743	0.5533505087825906	Monocyte	B cell	2	7	13	9	13	SRP14	1.0	False
0.00022963184787084772	0.46766169154228854	0.07053994758161569	0.12287722930999939	T cell	Plasma cell	2	7	13	7	11	TRPM7	1.0	False
0.0005316182220442741	0.46766169154228854	0.12046517498926651	0.19492063822696215	B cell	Plasma cell	2	7	16	5	11	TWSG1	1.0	False
0.002308174240818785	0.46766169154228854	0.4770309543100952	0.5690961337513061	Dendritic cell	Erythroid	2	6	8	3	6	VPS51	1.0	False
0.0001893066913818867	0.46766169154228854	0.03957418543169444	0.01472626472626476	NK	B cell	2	2	3	3	3	WARS2-AS1	1.0	False
0.0008930744982574768	0.46766169154228854	0.1157437647767377	0.048624736238107535	T cell	Monocyte	2	5	5	3	4	ZMAT2	1.0	False
0.0007366186865902639	0.46766169154228854	0.13665025562943567	0.3721069783779564	T cell	Plasma cell	2	6	10	3	6	ZNF276	1.0	False
0.0007638116986435369	0.46766169154228854	0.2495955198386649	0.30806898020012774	Plasma cell	Monocyte	2	7	11	4	8	ZNF714	1.0	False
0.00030489787922641275	0.46766169154228854	0.09047982928891374	0.20558835415050605	Dendritic cell	Erythroid	2	6	9	4	6	ZSWIM7	1.0	False
0.0011797963136601945	0.472636815920398	0.4837670795743047	0.45053791655733405	Plasma cell	NK	2	6	9	3	6	ATP5MK	1.0	False
0.00016785958325872113	0.472636815920398	0.1201244028706076	0.07437356337299844	Dendritic cell	Erythroid	2	7	9	4	6	ATXN2	1.0	False
0.0001400316871626388	0.472636815920398	0.018378765979163214	0.09454016558514206	Erythroid	NK	2	2	4	4	4	CHST7	1.0	False
0.00029293773019071546	0.472636815920398	0.23260586113408693	0.2015503875968992	Dendritic cell	T cell	2	4	7	3	4	COMMD8	1.0	False
0.0003668125491279561	0.472636815920398	0.2160680577184525	0.30527836134453784	Monocyte	Erythroid	2	6	7	3	6	DBF4	1.0	False
0.00024484793437806187	0.472636815920398	0.1466749348878098	0.12140409669402813	Erythroid	Plasma cell	2	7	9	4	7	DENND6A	1.0	False
0.003997333982080389	0.472636815920398	0.11566239790148708	0.13201320132013206	B cell	T cell	2	2	3	3	3	DLGAP1-AS1	1.0	False
0.009635984511930117	0.472636815920398	0.09337084869214657	0.07200926448594325	B cell	Erythroid	2	3	4	3	4	ENSG00000243004	1.0	False
0.0002109976635723538	0.472636815920398	0.12093609560205898	0.01397747854161746	T cell	Erythroid	2	2	3	3	3	ENSG00000270103	1.0	False
0.0013529444467319709	0.472636815920398	0.07778441185157398	0.006244830438378868	NK	T cell	2	2	3	3	3	ENSG00000290680	1.0	False
0.000488597080700322	0.472636815920398	0.2524103061214599	0.36646094913811444	B cell	NK	2	3	5	3	4	ENSG00000291113	1.0	False
0.0001766266720645189	0.472636815920398	0.07995573096428998	0.046286239013511754	Plasma cell	Monocyte	2	7	13	7	10	FTO	1.0	False
0.00021314444427148786	0.472636815920398	0.4468188303944117	0.7170073356598533	B cell	Plasma cell	2	6	9	3	5	GLRX3	1.0	False
0.0002495766145382	0.472636815920398	0.03400690446915411	0.4155014743250038	NK	Erythroid	2	2	3	3	3	IL2RG	1.0	False
0.00033423876691655955	0.472636815920398	0.3251882277427718	0.41824497512207004	Monocyte	Dendritic cell	2	7	17	6	11	IPO5	1.0	False
9.316591339177086e-05	0.472636815920398	0.05598200993100666	0.06884429506921108	Plasma cell	T cell	2	7	11	8	11	KANSL1	1.0	False
0.00011815365711498126	0.472636815920398	0.10710588692909917	0.16350070557509638	NK	Plasma cell	2	7	10	5	8	KDM3B	1.0	False
0.00010006394181016227	0.472636815920398	0.026895836228867487	0.03895084675753824	B cell	T cell	2	2	3	3	3	LEPR	1.0	False
0.0008007292572643872	0.472636815920398	0.20696393345850028	0.29054527033250444	Plasma cell	NK	2	7	13	4	8	NAA60	1.0	False
0.0002530520698909643	0.472636815920398	0.20091525987817532	0.143308290337829	B cell	Plasma cell	2	7	14	3	8	NCOA5	1.0	False
0.0005529677282764872	0.472636815920398	0.15698799534927577	0.14321431277261265	Dendritic cell	Erythroid	2	7	16	3	9	NDC80	1.0	False
0.0005973571376170462	0.472636815920398	0.1457335928624947	0.19971152048020657	Monocyte	B cell	2	7	13	4	9	PALM2AKAP2	1.0	False
0.00019648849825485717	0.472636815920398	0.06430779938795628	0.18000518956450162	NK	Erythroid	2	7	16	7	11	PANK2	1.0	False
0.0004749089181454527	0.472636815920398	0.1225792642510733	0.22562280194301348	Dendritic cell	Plasma cell	2	6	9	4	7	PLPP1	1.0	False
0.0002425343557914712	0.472636815920398	0.10019974484108624	0.21443195389660863	Erythroid	B cell	2	4	6	3	5	RBM28	1.0	False
0.0009135078571386817	0.472636815920398	0.10499523046237463	0.10606403013182675	Dendritic cell	NK	2	4	4	3	3	SHFL	1.0	False
0.00013128828581964456	0.472636815920398	0.13797666549066157	0.2221252695451582	Plasma cell	NK	2	7	13	6	12	SMG1	1.0	False
0.0002914787110789782	0.472636815920398	0.3701689065834075	0.8211698314649584	Dendritic cell	T cell	2	6	13	3	8	ST6GALNAC4	1.0	False
0.00016626061681213278	0.472636815920398	0.22963949364365874	0.2990207053976318	Erythroid	Monocyte	2	7	13	3	8	TPM1	1.0	False
0.0002629230204383128	0.472636815920398	0.27319097920257474	0.24419713831478534	Erythroid	Plasma cell	2	5	8	3	6	TYK2	1.0	False
0.000949561143636251	0.472636815920398	0.31193093848543874	0.3783226119674718	Dendritic cell	B cell	2	6	9	3	5	ZNF627	1.0	False
0.00027120881899127394	0.47761194029850745	0.16342755205494663	0.21904352127475862	Dendritic cell	T cell	2	5	7	3	6	ADIPOR1	1.0	False
8.144272061018103e-05	0.47761194029850745	0.20702546638777408	0.20488349455727173	Erythroid	T cell	2	7	9	5	8	ARL6IP5	1.0	False
0.00099306216026877	0.47761194029850745	0.1304529364335002	0.2552070184296894	Erythroid	B cell	2	4	6	3	5	ASB6	1.0	False
0.0007002369592369769	0.47761194029850745	0.1071587631293151	0.3413099095806426	NK	B cell	2	7	10	4	8	C9orf78	1.0	False
0.000942189346266968	0.47761194029850745	0.33235417874133777	0.30558728878734254	Plasma cell	Erythroid	2	6	9	3	7	CD38	1.0	False
8.316592430272768e-05	0.47761194029850745	0.12508376063004534	0.23499980302451573	Dendritic cell	Plasma cell	2	7	13	6	12	CEMIP2	1.0	False
0.001204167534182152	0.47761194029850745	0.09750723732819022	0.3227797343003591	Erythroid	NK	2	2	3	3	3	CTNNBL1	1.0	False
0.0007743054693095567	0.47761194029850745	0.3669016779385986	0.44302091537586424	Plasma cell	B cell	2	6	10	3	6	DRG2	1.0	False
0.00014443749879756532	0.47761194029850745	0.02934945699568342	0.00417417417417415	Dendritic cell	NK	2	2	3	3	3	EML3	1.0	False
0.0010579785373847448	0.47761194029850745	0.05347838213531114	0.05299539170506912	Erythroid	NK	2	2	3	3	3	ENSG00000268056	1.0	False
0.0010547563157178841	0.47761194029850745	0.059368707566331	0.09974560101759589	Erythroid	NK	2	2	3	3	3	ITGAE	1.0	False
0.0003367244799508329	0.47761194029850745	0.3639775113251532	0.452991452991453	T cell	Monocyte	2	7	13	3	6	METTL22	1.0	False
0.00015275547595865955	0.47761194029850745	0.12160200811279215	0.0824242424242424	B cell	Erythroid	2	4	5	3	3	OGN	1.0	False
0.00026022349071693846	0.47761194029850745	0.2532454007526867	0.3397137883543879	T cell	NK	2	6	11	4	7	OTUD6B-AS1	1.0	False
0.00022533635391355132	0.47761194029850745	0.14559046857275776	0.07148836033987177	Erythroid	T cell	2	3	7	3	7	PIGA	1.0	False
0.00016054229197551978	0.47761194029850745	0.2720268076965283	0.41389700042903826	B cell	Monocyte	2	7	11	5	9	POLR2E	1.0	False
0.00032123078348416945	0.47761194029850745	0.31219345270584486	0.3203363137573664	T cell	Erythroid	2	7	10	3	7	RBM17	1.0	False
5.7431828835850857e-05	0.47761194029850745	0.05285749954644553	0.1687086152621486	T cell	Erythroid	2	2	3	3	3	RHOBTB3	1.0	False
0.00021133754447183762	0.47761194029850745	0.10606679000112318	0.13877635810989997	Plasma cell	Dendritic cell	2	7	14	8	13	RNF19A	1.0	False
0.0007433790542143819	0.47761194029850745	0.28847561185409343	0.4593863307365481	Plasma cell	Monocyte	2	7	16	5	12	RPL21	1.0	False
0.00044813310320579523	0.47761194029850745	0.36435989398784313	0.3692828910220215	T cell	Dendritic cell	2	6	7	3	4	RPP14	1.0	False
0.0003365311679343141	0.47761194029850745	0.28590777617127744	0.3011493776792925	Plasma cell	Monocyte	2	7	12	6	10	SLC30A9	1.0	False
0.0006233298213555018	0.47761194029850745	0.1414148542274507	0.1875	B cell	Erythroid	2	3	4	3	3	SMAD1	1.0	False
0.00014034679135312324	0.47761194029850745	0.17399759611888738	0.3675425654159986	Plasma cell	T cell	2	7	15	7	12	SYAP1	1.0	False
0.0003263237849451504	0.47761194029850745	0.4626750235749358	0.42314814814814816	Plasma cell	Erythroid	2	6	7	3	4	TMEM60	1.0	False
0.0006292730843765777	0.47761194029850745	0.16573581000946402	0.22585499316005475	Monocyte	B cell	2	7	10	3	7	TRIP4	1.0	False
0.0012210565966422175	0.47761194029850745	0.16725773743547745	0.13106575963718825	B cell	Monocyte	2	7	7	3	5	WASHC3	1.0	False
0.0005979360118822252	0.48258706467661694	0.31059792917058365	0.6462533465114717	Plasma cell	T cell	2	6	9	4	6	ANXA2R-OT1	1.0	False
0.0010978387695063595	0.48258706467661694	0.09536585403117909	0.08739955465195087	T cell	Erythroid	2	2	3	3	3	APBB2	1.0	False
0.0003634896823743866	0.48258706467661694	0.21548108309512892	0.19761990623873055	T cell	Dendritic cell	2	7	7	3	5	ARMH1	1.0	False
0.0001250737231948223	0.48258706467661694	0.13601185671579985	0.14225092449260401	Plasma cell	Dendritic cell	2	7	13	8	12	ARPC5L	1.0	False
0.0009918053825847103	0.48258706467661694	0.5521327415563919	0.5973953175507762	Erythroid	T cell	2	6	9	3	6	BANF1	1.0	False
0.0004814243268077427	0.48258706467661694	0.10876239769206386	0.24701274548100616	Monocyte	Erythroid	2	7	11	6	11	BST2	1.0	False
0.00019455427252903913	0.48258706467661694	0.20013394477357055	0.24536669037359332	Monocyte	Erythroid	2	7	12	4	8	C15orf40	1.0	False
0.0005356345140469288	0.48258706467661694	0.07720096704214652	0.2181943665284421	NK	T cell	2	7	8	3	7	CALU	1.0	False
5.2816463365556866e-05	0.48258706467661694	0.18041332278953215	0.49236753820874996	B cell	Dendritic cell	2	7	9	3	7	CAT	1.0	False
9.856660549641637e-05	0.48258706467661694	0.4105950717501718	0.4466477058016269	Dendritic cell	Erythroid	2	5	8	3	5	COMMD5	1.0	False
0.00027894103990103354	0.48258706467661694	0.09010334850128643	0.11193685021178279	NK	Plasma cell	2	6	9	4	7	CSNK1G3	1.0	False
0.0003863620455608423	0.48258706467661694	0.1928473650452901	0.19112849931806358	Dendritic cell	B cell	2	6	8	3	5	DHX40	1.0	False
0.0002653260055300475	0.48258706467661694	0.2923776038570254	0.2463357886497904	T cell	Erythroid	2	4	6	4	5	ELP6	1.0	False
0.0006864315324781493	0.48258706467661694	0.2030875786939732	0.15175632985996512	B cell	Plasma cell	2	4	5	3	4	HMCES	1.0	False
0.001956677525711409	0.48258706467661694	0.24817772113345787	0.2781240315416136	B cell	T cell	2	4	5	3	4	IGHMBP2	1.0	False
4.216429891718818e-05	0.48258706467661694	0.43136443406215874	0.8620221394940695	Plasma cell	Monocyte	2	7	7	3	5	JUN	1.0	False
0.00040341543913273794	0.48258706467661694	0.09029005502964865	0.09465303609173625	Dendritic cell	B cell	2	6	8	3	7	KLHDC10	1.0	False
0.00015011910677947685	0.48258706467661694	0.18424228089581568	0.3716097649437028	Erythroid	Dendritic cell	2	7	11	5	10	LRPAP1	1.0	False
0.0010970610935103218	0.48258706467661694	0.21587485929300998	0.11855950653120462	NK	Erythroid	2	4	4	3	4	NUDCD2	1.0	False
0.0004948203523603749	0.48258706467661694	0.32971206135575326	0.410392181120871	T cell	B cell	2	5	7	3	5	P2RY10	1.0	False
0.00018931981064673013	0.48258706467661694	0.3054067254208222	0.3342188650257658	Monocyte	Plasma cell	2	7	12	4	8	PIGBOS1	1.0	False
1.7355725571087457e-05	0.48258706467661694	0.1805526701941801	0.41063468220021454	Monocyte	Plasma cell	2	7	17	11	17	PSMA7	1.0	False
0.00038335063296929473	0.48258706467661694	0.09407024585969792	0.2328703960891062	B cell	Erythroid	2	5	5	3	4	RAD23A	1.0	False
0.0003030116600477984	0.48258706467661694	0.14719462719462723	0.1717171717171717	Plasma cell	Dendritic cell	2	5	7	3	4	REPS2	1.0	False
0.00031650364669233455	0.48258706467661694	0.08740773707380262	0.15464516129032257	Erythroid	Plasma cell	2	7	12	5	9	RLIM	1.0	False
0.00065582659572644	0.48258706467661694	0.09681121478084376	0.054423837032532674	Erythroid	NK	2	6	10	3	6	SEC23IP	1.0	False
0.00012156459370360077	0.48258706467661694	0.17221400704112155	0.16897880084134898	Plasma cell	Monocyte	2	7	7	3	7	SFT2D2	1.0	False
0.0005791076039151699	0.48258706467661694	0.1688415716809683	0.24401749453295846	Monocyte	NK	2	7	9	3	7	SLC35E1	1.0	False
0.0004889176723372188	0.48258706467661694	0.08918358008955124	0.005580693815987914	B cell	T cell	2	2	3	3	3	SLC37A3	1.0	False
0.005759222557771851	0.48258706467661694	0.0745437012358221	0.1777777777777778	NK	Erythroid	2	2	3	3	3	SPTBN4	1.0	False
0.00024261979583630087	0.48258706467661694	0.06563813961982429	0.07305068226120859	Dendritic cell	B cell	2	4	6	3	5	ST7L	1.0	False
3.9229730610604175e-05	0.48258706467661694	0.3311721484135277	0.40351891354968983	NK	Plasma cell	2	5	7	3	4	TMEM106C	1.0	False
6.418276762308107e-05	0.48258706467661694	0.2221793655511387	0.13775703066809514	Monocyte	Erythroid	2	5	8	3	4	TOP2A	1.0	False
7.859120771682666e-05	0.48258706467661694	0.11963508992162353	0.15831387687374626	Monocyte	B cell	2	7	10	6	9	ZFR	1.0	False
0.0005716547851174314	0.48258706467661694	0.05541784492003121	0.10503875968992249	NK	Erythroid	2	2	3	3	3	ZNF182	1.0	False
0.00039319859907647076	0.48258706467661694	0.14229963551272318	0.11585760517799348	NK	Monocyte	2	5	6	3	4	ZNF236-DT	1.0	False
0.0005971745112477892	0.48258706467661694	0.07153423961329086	0.031448566297144986	NK	Erythroid	2	2	3	3	3	ZNF383	1.0	False
0.00016525245629835846	0.48756218905472637	0.2172906840670477	0.17388080496087133	NK	Plasma cell	2	7	11	5	8	ANXA11	1.0	False
0.00015661226178991636	0.48756218905472637	0.02276114182139516	0.16673312068048907	NK	Erythroid	2	2	3	3	3	ARHGEF18-AS1	1.0	False
0.00033207025622813383	0.48756218905472637	0.15915834045396166	0.22591677614668415	NK	Plasma cell	2	6	9	3	7	ATP6V0A2	1.0	False
0.0002251031211675941	0.48756218905472637	0.14129729249977568	0.1479882781561856	B cell	NK	2	6	9	3	6	BAZ2A	1.0	False
0.0005153563132045593	0.48756218905472637	0.2291568248034009	0.4067515923566879	B cell	Dendritic cell	2	5	7	3	6	CAPN2	1.0	False
9.676335997609115e-05	0.48756218905472637	0.2668642867443152	0.5869558104649648	Plasma cell	Erythroid	2	7	9	5	7	CD69	1.0	False
0.00045341560840404365	0.48756218905472637	0.09829771038850321	0.17607698869695027	Dendritic cell	Plasma cell	2	3	4	3	4	CDK4	1.0	False
0.00020494189981574838	0.48756218905472637	0.023054078001370326	0.021222222222222198	NK	Erythroid	2	2	3	3	3	CDKN2B-AS1	1.0	False
0.00019188871642483819	0.48756218905472637	0.2641618999569178	0.33319192299113487	NK	B cell	2	3	4	3	4	CNEP1R1	1.0	False
0.000279153811156711	0.48756218905472637	0.163509328069666	0.15520084001878987	Dendritic cell	T cell	2	7	7	3	4	CNOT8	1.0	False
0.00119222012825482	0.48756218905472637	0.17290032930811333	0.15270440251572326	NK	B cell	2	6	8	3	5	COL18A1	1.0	False
0.0012013246892938392	0.48756218905472637	0.0582286894732465	0.03993121484612905	T cell	NK	2	3	5	3	5	CRAMP1	1.0	False
0.0007196567252534221	0.48756218905472637	0.11921398824972695	0.11777351844177375	T cell	B cell	2	3	4	3	3	DZIP3	1.0	False
0.00024369441721748428	0.48756218905472637	0.192666717914028	0.4306980656013457	Plasma cell	Erythroid	2	7	11	4	8	ERVK3-1	1.0	False
0.00013215320500025113	0.48756218905472637	0.07189892015597349	0.3212942423659342	Erythroid	NK	2	7	11	4	7	EVI2B	1.0	False
0.0013706297828390314	0.48756218905472637	0.28741778579822064	0.24047619047619045	Dendritic cell	Monocyte	2	7	10	3	7	FMR1	1.0	False
0.0006576297823025052	0.48756218905472637	0.16535739542886663	0.32801123361764095	Dendritic cell	Erythroid	2	7	7	3	6	GNAI3	1.0	False
0.00044069956512619775	0.48756218905472637	0.22632987948290412	0.2262228680972111	NK	Plasma cell	2	7	9	3	7	GRPEL1	1.0	False
0.0017623982344468249	0.48756218905472637	0.25136794636993115	0.4519282795412779	Plasma cell	T cell	2	7	12	6	10	HEXA	1.0	False
0.00046408636370876623	0.48756218905472637	0.0544953167143753	0.12248381576645201	Dendritic cell	NK	2	7	11	3	9	HGSNAT	1.0	False
0.00025580093474118895	0.48756218905472637	0.15886424672937483	0.3843692570228407	Erythroid	T cell	2	4	7	3	6	HSF1	1.0	False
0.0010185445908291514	0.48756218905472637	0.11852421358235321	0.1976133677848726	Dendritic cell	NK	2	4	5	4	5	NFYC	1.0	False
0.0007048195017324641	0.48756218905472637	0.19777598571375898	0.13401912489133588	T cell	NK	2	4	6	3	4	PAM16	1.0	False
0.0009507704511478568	0.48756218905472637	0.03616623577773487	0.10420110862588738	NK	B cell	2	4	6	3	4	PDCL	1.0	False
9.415237416191348e-05	0.48756218905472637	0.13387263416942585	0.37668246675020733	Erythroid	T cell	2	7	9	5	7	PPP1R2	1.0	False
0.0012339986905202185	0.48756218905472637	0.1482265133141188	0.08653846153846156	NK	Erythroid	2	2	3	3	3	PPP2CB	1.0	False
0.000435181056491832	0.48756218905472637	0.06967087733227217	0.07357235561323816	NK	T cell	2	2	3	3	3	PSME3	1.0	False
0.0009165729543254	0.48756218905472637	0.31540259030004714	0.1890974362976548	NK	Dendritic cell	2	5	11	4	8	R3HCC1	1.0	False
0.0006130871703534247	0.48756218905472637	0.05121615866903545	0.07486981263756914	Erythroid	NK	2	2	3	3	3	RNF165	1.0	False
0.0008252280972854515	0.48756218905472637	0.14254381226807805	0.3295837546343107	NK	B cell	2	7	10	3	7	RPAP1	1.0	False
0.00010819399754120625	0.48756218905472637	0.08858634379301317	0.2755277880507054	Monocyte	NK	2	7	13	8	12	RPLP1	1.0	False
0.00039918641094188897	0.48756218905472637	0.17034058194133	0.22116878168869608	B cell	T cell	2	6	8	3	6	SLC33A1	1.0	False
0.00016095698583085404	0.48756218905472637	0.10537235886324786	0.10684861707166543	B cell	Erythroid	2	6	9	4	5	SLC44A1	1.0	False
0.00041509151953595806	0.48756218905472637	0.08261730777875331	0.14311270125223613	T cell	Erythroid	2	6	9	3	5	TADA2A	1.0	False
0.00014905722369243992	0.48756218905472637	0.22394372422034164	0.435367750351194	Dendritic cell	Plasma cell	2	7	6	3	5	TKT	1.0	False
0.000432667765676144	0.48756218905472637	0.2526126372199303	0.21262312566660393	NK	Monocyte	2	7	7	3	6	TMED4	1.0	False
0.000495028846303895	0.48756218905472637	0.24538055840849193	0.3281237759498629	NK	Plasma cell	2	7	9	3	7	TMPO	1.0	False
0.00021171637873285923	0.48756218905472637	0.0796799373050196	0.05404996431905129	Plasma cell	NK	2	7	7	3	6	TPM3	1.0	False
0.0004048550970725009	0.48756218905472637	0.09216429875409549	0.1595651607378865	Erythroid	Dendritic cell	2	7	11	3	6	TRPM2	1.0	False
0.0008368129783338375	0.48756218905472637	0.04666861311842263	0.16999244957394022	Dendritic cell	Plasma cell	2	2	3	3	3	TTC4	1.0	False
0.0002835695888981726	0.48756218905472637	0.07565308087788891	0.1018800064014555	Monocyte	Erythroid	2	7	9	4	7	ULK4	1.0	False
0.00019297088211038795	0.48756218905472637	0.1511356030716841	0.11983507533595766	T cell	Erythroid	2	7	10	3	5	ZMIZ1	1.0	False
0.0006540603377512384	0.48756218905472637	0.23002143558009053	0.27459288709765267	Erythroid	T cell	2	7	11	4	8	ZNF160	1.0	False
0.00025364934392977506	0.48756218905472637	0.1464765945573513	0.17225521969591884	B cell	T cell	2	6	10	4	8	ZNF91	1.0	False
0.0002141793435273751	0.48756218905472637	0.13074334725639686	0.15591879384982826	NK	Monocyte	2	7	10	3	7	ZNG1F	1.0	False
0.00042444489717165766	0.4925373134328358	0.09817511382814398	0.18503917559325184	T cell	B cell	2	7	10	4	7	ANKH	1.0	False
7.88192395095497e-05	0.4925373134328358	0.15087974265261633	0.3181546747869604	B cell	Dendritic cell	2	7	12	5	9	ANXA5	1.0	False
0.00038782979399325354	0.4925373134328358	0.04053391212645163	0.009922041105598911	B cell	T cell	2	2	3	3	3	ARMC6	1.0	False
0.000357366683266865	0.4925373134328358	0.1663917920363437	0.16252565904191527	B cell	T cell	2	7	8	3	5	DIPK2A	1.0	False
0.0011964581858180984	0.4925373134328358	0.1400650356872632	0.07907207168397012	Monocyte	T cell	2	5	6	3	4	ENSG00000288016	1.0	False
0.0001782015352139915	0.4925373134328358	0.4697423005650075	0.4471034987440913	T cell	Monocyte	2	7	13	3	9	GRINA	1.0	False
0.00039418997454777405	0.4925373134328358	0.1207665417694937	0.03222020293805844	B cell	Erythroid	2	5	5	3	4	IFT57	1.0	False
0.0015360800404527687	0.4925373134328358	0.2991303501538837	0.3776043003200929	Dendritic cell	Plasma cell	2	7	14	4	10	LAMP2	1.0	False
0.0005479388633699875	0.4925373134328358	0.13183694575898458	0.1331568391496189	NK	Erythroid	2	2	3	3	3	LINC00861	1.0	False
0.0002571372410395893	0.4925373134328358	0.08299269931091202	0.07592364592188705	NK	Plasma cell	2	7	18	8	13	LPIN2	1.0	False
0.0005715588715668467	0.4925373134328358	0.2410944620899802	0.24818276220145374	Dendritic cell	NK	2	6	8	3	4	MYO15B	1.0	False
0.0014411637069212105	0.4925373134328358	0.24551118560765917	0.30949138214436667	B cell	Dendritic cell	2	5	7	3	6	NFRKB	1.0	False
0.0002158275279980476	0.4925373134328358	0.2733480645763533	0.28621545306751095	NK	Plasma cell	2	7	12	4	8	NOL8	1.0	False
0.0006640430635398734	0.4925373134328358	0.21246203198508712	0.18876112352144137	Plasma cell	Erythroid	2	6	9	3	7	NPM1	1.0	False
0.0002884635829038863	0.4925373134328358	0.0968804791897327	0.11111597481936641	T cell	B cell	2	7	14	7	12	OXR1	1.0	False
0.0002566885804402239	0.4925373134328358	0.14914408542251778	0.17841894533103098	Erythroid	B cell	2	6	9	3	6	PHRF1	1.0	False
4.730457816300929e-05	0.4925373134328358	0.25459523666148126	0.2076995525659283	Plasma cell	NK	2	7	17	6	12	PSTPIP2	1.0	False
0.0007519415817601582	0.4925373134328358	0.06849548911368852	0.0834106791875956	NK	Erythroid	2	2	3	3	3	PTS	1.0	False
0.0004477942040846984	0.4925373134328358	0.19908194473528185	0.25559038662486944	Dendritic cell	NK	2	5	8	4	5	RUVBL1	1.0	False
0.00197780816278532	0.4925373134328358	0.27266684217801196	0.17899929527836506	NK	Erythroid	2	4	6	3	5	SH3PXD2A	1.0	False
0.0004515569181731292	0.4925373134328358	0.1949630821149585	0.3794042255090831	Monocyte	T cell	2	7	8	3	6	TMEM106B	1.0	False
0.0010422073265724313	0.4925373134328358	0.21796174513526467	0.36915157643165736	NK	T cell	2	7	10	4	8	UHRF1	1.0	False
0.0006522695069863726	0.4925373134328358	0.07438835973719682	0.06573476068300449	Plasma cell	Dendritic cell	2	3	4	3	3	XXYLT1	1.0	False
0.002736947750229448	0.4925373134328358	0.1485568582271618	0.10469336670838547	Erythroid	NK	2	2	3	3	3	ZNF565	1.0	False
0.00016907219401479266	0.4975124378109453	0.11774580723717176	0.27342960644668424	Plasma cell	T cell	2	7	10	4	7	ACER3	1.0	False
0.0005699645610285929	0.4975124378109453	0.18682663076715722	0.1057666755248472	Monocyte	Erythroid	2	5	7	3	6	ALDH9A1	1.0	False
0.00035319344997061645	0.4975124378109453	0.18689651212816993	0.24578047014896937	Erythroid	Monocyte	2	7	9	3	7	BIRC2	1.0	False
0.0011296841458336639	0.4975124378109453	0.07606760532187995	0.09943181818181823	Erythroid	NK	2	2	3	3	3	CAPN15	1.0	False
8.373151279061599e-05	0.4975124378109453	0.03365309777697767	0.07928550878181279	Erythroid	Dendritic cell	2	7	13	8	11	CNOT1	1.0	False
0.0006644591727411615	0.4975124378109453	0.07983123183156926	0.09019106363773127	NK	B cell	2	5	7	3	5	CREBZF	1.0	False
7.95196177842795e-05	0.4975124378109453	0.023408861933452152	0.23745852039820417	B cell	Erythroid	2	2	3	3	3	DEDD2	1.0	False
0.0005659878377191202	0.4975124378109453	0.2417155177960617	0.16959360576381854	T cell	NK	2	3	5	3	5	DNAJC11	1.0	False
0.0005047692177624398	0.4975124378109453	0.24987981367291706	0.37328042328042327	Dendritic cell	B cell	2	4	4	3	3	ENSG00000283045	1.0	False
0.0005308187082460351	0.4975124378109453	0.05352621308393418	0.05907902504849458	Erythroid	NK	2	2	3	3	3	ENSG00000285796	1.0	False
0.0001378781513734445	0.4975124378109453	0.06306118746008887	0.13252038212408646	Dendritic cell	NK	2	7	11	5	9	HERC4	1.0	False
0.0003608977719262414	0.4975124378109453	0.1716553772580937	0.18111512457164025	B cell	Plasma cell	2	6	10	3	6	HERC6	1.0	False
8.783467010886254e-05	0.4975124378109453	0.02329085688967264	0.03092279771045653	B cell	Erythroid	2	2	3	3	3	JMJD1C-AS1	1.0	False
0.0002343331749607779	0.4975124378109453	0.19375498565321586	0.17801279357519723	B cell	T cell	2	4	5	3	5	MED30	1.0	False
0.0005504833268571876	0.4975124378109453	0.19794466403162053	0.1852453102453102	Dendritic cell	Monocyte	2	7	7	3	5	MPZL1	1.0	False
0.00012198045370272832	0.4975124378109453	0.09363218607959184	0.05144790691599371	NK	Dendritic cell	2	7	16	4	10	NEDD4L	1.0	False
6.234098969146572e-05	0.4975124378109453	0.050497030058141434	0.09873651633538344	T cell	Erythroid	2	7	12	6	11	NFKB1	1.0	False
0.00015280199330367815	0.4975124378109453	0.06570895828271556	0.1654919130419747	Dendritic cell	Monocyte	2	7	14	7	13	NSD3	1.0	False
0.0005969866958016165	0.4975124378109453	0.06381408845657704	0.27933284289487326	NK	Erythroid	2	2	3	3	3	RASGRP2	1.0	False
0.0010659500114387672	0.4975124378109453	0.20892709574316204	0.1293471502590673	T cell	Monocyte	2	3	4	3	4	RNF11	1.0	False
0.003238000783388789	0.4975124378109453	0.292460733913183	0.2831233012107734	Erythroid	Dendritic cell	2	5	6	3	4	SNHG9	1.0	False
4.374260854300347e-05	0.4975124378109453	0.13561524277758508	0.3197704842573841	NK	B cell	2	7	13	6	9	SYK	1.0	False
0.0007438253279901717	0.4975124378109453	0.05158910679704759	0.13474336594541197	B cell	Dendritic cell	2	5	8	4	6	TIMM44	1.0	False
0.00032635071129398665	0.4975124378109453	0.12898579665212462	0.16891116508427173	T cell	B cell	2	7	13	5	10	TPD52	1.0	False
0.0003848036282372135	0.4975124378109453	0.05503117913832195	0.0739018457576191	Dendritic cell	B cell	2	6	9	3	4	TUBGCP4	1.0	False
0.0004574040011810975	0.4975124378109453	0.07238953167779116	0.18806707304806158	Plasma cell	B cell	2	6	9	3	6	ZNF274	1.0	False
0.014169400840389838	0.5024875621890548	0.26400591138000556	0.32704169750801876	Erythroid	NK	2	2	3	3	3	ABHD17A	1.0	False
0.00031508398336874144	0.5024875621890548	0.09444666598210077	0.056130390989836076	B cell	T cell	2	2	3	3	3	ADAMTS17	1.0	False
0.00038679428770035235	0.5024875621890548	0.23706467017052557	0.26614809163146436	NK	Plasma cell	2	6	7	3	6	ARL4A	1.0	False
0.00047279591068144825	0.5024875621890548	0.25046913926300374	0.24535217275857418	T cell	Erythroid	2	7	10	3	7	CBL	1.0	False
0.00024759842928169274	0.5024875621890548	0.2106493457090688	0.4004355400696864	NK	Erythroid	2	5	5	3	4	CCT2	1.0	False
0.0002587893154309894	0.5024875621890548	0.3187927040091858	0.2733516483516483	Erythroid	T cell	2	7	10	3	6	CLK4	1.0	False
0.00012320690363219335	0.5024875621890548	0.1109795752654471	0.16040454441914975	NK	Plasma cell	2	7	9	4	7	CNOT2	1.0	False
0.00036091320389456766	0.5024875621890548	0.21411199432124287	0.34826847238293146	T cell	Monocyte	2	7	7	3	6	DDIT4	1.0	False
0.00015262775501666384	0.5024875621890548	0.16265214974024772	0.307548511594304	Dendritic cell	Erythroid	2	7	11	5	9	DHX15	1.0	False
0.0005075011199677215	0.5024875621890548	0.16110850517364994	0.0524194831224748	NK	Plasma cell	2	6	10	3	6	ENSG00000291067	1.0	False
0.00020916047306046803	0.5024875621890548	0.12912115782519373	0.17254174397031535	Erythroid	B cell	2	7	8	4	7	ESYT2	1.0	False
9.59865305584463e-05	0.5024875621890548	0.09075718313334408	0.1403438087563793	NK	B cell	2	5	7	3	6	FCHO2	1.0	False
0.0002725734031179979	0.5024875621890548	0.12363763075606815	0.1671324216220652	Monocyte	Erythroid	2	7	7	4	7	FUBP1	1.0	False
0.0005953830176228309	0.5024875621890548	0.22397940224027185	0.3592445681131964	Plasma cell	NK	2	5	8	3	5	GALNT6	1.0	False
0.0004955823309155706	0.5024875621890548	0.16635699181032243	0.11635846372688474	Plasma cell	NK	2	7	13	3	8	INTS9	1.0	False
0.0003735959621561779	0.5024875621890548	0.10651300017263232	0.132695810564663	Erythroid	Plasma cell	2	7	11	4	8	MPRIP	1.0	False
0.0007141739381702318	0.5024875621890548	0.05996612775247606	0.12014433357091947	Monocyte	Erythroid	2	7	10	4	8	NDUFAF2	1.0	False
0.00014389124503533918	0.5024875621890548	0.5032099142412693	0.6442271366419005	Plasma cell	Erythroid	2	7	12	3	8	NIPSNAP3A	1.0	False
0.0012501066459763691	0.5024875621890548	0.12187304561963935	0.1966619908329834	T cell	Erythroid	2	5	6	3	6	NUP133	1.0	False
8.883240109486933e-05	0.5024875621890548	0.20512096442755567	0.415238244769666	Dendritic cell	T cell	2	7	11	3	5	NUSAP1	1.0	False
0.00027496074712570417	0.5024875621890548	0.13896646946609353	0.13417996113345687	Erythroid	T cell	2	5	6	3	4	PMPCA	1.0	False
7.302964393766135e-05	0.5024875621890548	0.11827802023796136	0.24640276415255613	Monocyte	Dendritic cell	2	7	18	11	16	RBM26	1.0	False
0.00026904511012831086	0.5024875621890548	0.4957945129463012	0.6150659133709981	Dendritic cell	Monocyte	2	7	11	3	6	RFK	1.0	False
0.0004980999187496861	0.5024875621890548	0.2223745769551035	0.29657347067479506	B cell	Plasma cell	2	6	9	3	6	RNF20	1.0	False
0.00018766579117914263	0.5024875621890548	0.13374801900721167	0.14268395530255112	B cell	Monocyte	2	7	11	4	8	SEC24C	1.0	False
0.00037270179101264815	0.5024875621890548	0.20238844914659226	0.5120564569318031	B cell	T cell	2	5	8	3	4	SKA3	1.0	False
0.0003339787471332661	0.5024875621890548	0.17735398040305478	0.24549384590650064	Erythroid	Dendritic cell	2	7	9	4	6	SLC25A36	1.0	False
4.0212849940958435e-05	0.5024875621890548	0.019647414640329153	0.055768616171300744	NK	B cell	2	2	3	3	3	TNK2	1.0	False
0.0019395243416126023	0.5024875621890548	0.2998413572024261	0.2863462458153993	NK	B cell	2	7	9	3	6	TPP1	1.0	False
0.00137464029057405	0.5024875621890548	0.30690604757276757	0.22391405019912936	T cell	Erythroid	2	7	8	3	4	TSPOAP1-AS1	1.0	False
0.00025831561821997246	0.5024875621890548	0.13382487470385857	0.04792981875572755	Erythroid	Monocyte	2	7	14	4	8	TTI1	1.0	False
0.0008208912728321035	0.5024875621890548	0.09043825900818092	0.09561997884323986	T cell	Erythroid	2	6	8	3	5	URM1	1.0	False
0.0010864226442177138	0.5024875621890548	0.11524774213022904	0.11502564692503853	Monocyte	T cell	2	7	13	9	13	VPS13C	1.0	False
0.00033149933404560175	0.5024875621890548	0.1265826068749038	0.3510298153869107	Erythroid	Plasma cell	2	7	9	6	8	VPS37B	1.0	False
0.0007896069802114868	0.5024875621890548	0.057973787423179934	0.06159420289855072	NK	B cell	2	4	6	3	6	WDR19	1.0	False
0.0004489610715248237	0.5024875621890548	0.07264604170105782	0.29055166631309914	Plasma cell	Dendritic cell	2	6	6	3	6	YARS1	1.0	False
0.0006579541809120687	0.5024875621890548	0.09204835780466031	0.03559483465125035	Erythroid	B cell	2	3	4	3	4	YJU2	1.0	False
0.0003584761198019648	0.5024875621890548	0.14282173227937917	0.2668551476949697	T cell	NK	2	7	13	3	8	ZER1	1.0	False
0.0001507550784051255	0.5024875621890548	0.12443547331930982	0.22284936866841315	T cell	Plasma cell	2	7	10	3	6	ZNF266	1.0	False
4.607998982073282e-05	0.5074626865671642	0.03416582616922309	0.16526423015187064	Dendritic cell	B cell	2	7	19	11	18	BRWD1	1.0	False
0.0004050607399016708	0.5074626865671642	0.3267204604456629	0.36152314436836985	B cell	Plasma cell	2	7	9	3	7	DDB1	1.0	False
0.0003601755729301962	0.5074626865671642	0.19636875970547374	0.24658679297854558	Erythroid	Plasma cell	2	5	7	3	5	DIMT1	1.0	False
0.0005358615518846757	0.5074626865671642	0.14009963641164203	0.265627469574838	Monocyte	NK	2	7	7	3	7	GON4L	1.0	False
0.0002000779935368885	0.5074626865671642	0.2091468086437127	0.14932680538555693	T cell	Dendritic cell	2	3	6	4	5	IL27RA	1.0	False
2.9669753655787033e-05	0.5074626865671642	0.13340113945510373	0.3515713078747409	B cell	Plasma cell	2	7	13	7	11	IREB2	1.0	False
5.15431894343732e-05	0.5074626865671642	0.14260175706246586	0.3172578198761144	Dendritic cell	B cell	2	7	18	9	14	ITGB2	1.0	False
0.00028353591554590733	0.5074626865671642	0.25366012241967456	0.4237265668875004	Dendritic cell	Plasma cell	2	7	18	5	10	ITGB2-AS1	1.0	False
0.0004170866595402814	0.5074626865671642	0.16192520364580565	0.13771637566071293	NK	Plasma cell	2	7	7	3	6	KIAA0319L	1.0	False
7.666038343331387e-05	0.5074626865671642	0.09237636626849949	0.17130741691021245	Monocyte	B cell	2	7	13	6	10	KIAA2026	1.0	False
0.0010037610361938736	0.5074626865671642	0.22857709200029513	0.47637954656550563	Plasma cell	NK	2	7	12	3	11	LAP3	1.0	False
5.635542946174013e-05	0.5074626865671642	0.07370585358384951	0.04449135725581427	Dendritic cell	T cell	2	7	12	5	10	MAML3	1.0	False
0.00042069162815893676	0.5074626865671642	0.12143417051464384	0.21791290333411678	B cell	Plasma cell	2	7	7	4	6	MAN1A2	1.0	False
0.0006293679491945976	0.5074626865671642	0.34680439569879684	0.46921017402945114	NK	B cell	2	4	7	4	5	MANBAL	1.0	False
0.00036447417769879117	0.5074626865671642	0.14414692159894443	0.25638211382113824	T cell	B cell	2	5	7	3	7	NUCKS1	1.0	False
0.00019844933405791312	0.5074626865671642	0.08776649747738813	0.14191359346433224	Dendritic cell	Plasma cell	2	7	8	4	7	NUDCD3	1.0	False
7.144184871608666e-05	0.5074626865671642	0.07429562198912315	0.16180761193254467	Erythroid	NK	2	7	11	5	9	NUFIP2	1.0	False
0.00018816706540030037	0.5074626865671642	0.15342731105782392	0.2345349414400515	Monocyte	T cell	2	7	8	3	6	PDCD5	1.0	False
0.0001828067908161297	0.5074626865671642	0.003984848806141139	0.03408438308758266	NK	Erythroid	2	2	3	3	3	PPP6R1	1.0	False
0.00042039094505764947	0.5074626865671642	0.12026924057417537	0.21785217354640135	Dendritic cell	NK	2	7	13	4	7	PROSER1	1.0	False
0.00024746243471584204	0.5074626865671642	0.1241218723035058	0.07495777027027029	NK	B cell	2	5	5	3	5	SPINT2	1.0	False
0.0007176822333607689	0.5074626865671642	0.17800860837106414	0.19744572690528772	Dendritic cell	NK	2	5	6	3	6	TSNAX	1.0	False
0.002929261573553594	0.5074626865671642	0.054873601826756935	0.1499270305026948	NK	Erythroid	2	2	3	3	3	UEVLD	1.0	False
0.00032506502601967023	0.5074626865671642	0.14069067933606383	0.2346383621043907	T cell	Monocyte	2	7	9	3	7	USP4	1.0	False
0.006385458663221362	0.5074626865671642	0.19710546323449546	0.17503621438918399	Erythroid	NK	2	2	3	3	3	ZNF561	1.0	False
0.0005392112975103199	0.5124378109452736	0.15744155452035874	0.30920314253647585	Dendritic cell	T cell	2	6	10	3	6	AARS1	1.0	False
0.00011125388026153883	0.5124378109452736	0.2489889567089587	0.31043440095089125	Plasma cell	Dendritic cell	2	7	13	4	9	ADAM28	1.0	False
0.00022923731249421705	0.5124378109452736	0.10237028010082755	0.09228431153564842	Erythroid	T cell	2	7	8	3	6	APH1B	1.0	False
0.0003918036685903913	0.5124378109452736	0.06155626780626783	0.069868578255675	NK	Plasma cell	2	4	6	3	4	CABLES1	1.0	False
0.00026597902586974424	0.5124378109452736	0.25078467021595907	0.1775497361924585	Plasma cell	Dendritic cell	2	7	8	3	6	CDV3	1.0	False
0.0010898705304798442	0.5124378109452736	0.07117439245840224	0.1253153062254061	T cell	Erythroid	2	6	8	3	5	CEP97	1.0	False
6.146909691636917e-05	0.5124378109452736	0.5222222222222223	0.551487414187643	Dendritic cell	B cell	2	5	8	3	4	DBNDD2	1.0	False
0.00021026401371407533	0.5124378109452736	0.027489030399561964	0.057647907647907615	T cell	Erythroid	2	3	4	3	4	DSN1	1.0	False
0.00029437592270355146	0.5124378109452736	0.35572641013681927	0.38953750808232374	Erythroid	Plasma cell	2	7	9	3	7	EIF4G1	1.0	False
0.00029254579745231844	0.5124378109452736	0.240992865074104	0.24429890219560885	Plasma cell	Erythroid	2	7	9	3	5	ENSG00000261369	1.0	False
8.310342990968972e-05	0.5124378109452736	0.022483182722908668	0.023719222202155166	B cell	T cell	2	2	3	3	3	FAM20B	1.0	False
9.266159073974244e-05	0.5124378109452736	0.19730959153617883	0.3430185692630952	Monocyte	Plasma cell	2	7	13	7	10	GTF2A2	1.0	False
0.0009298471477012293	0.5124378109452736	0.1494383982125193	0.2276859504132231	T cell	Dendritic cell	2	6	8	3	4	GTF2H3	1.0	False
0.00020608566403055952	0.5124378109452736	0.16759222238003374	0.25556268903726537	T cell	Dendritic cell	2	7	12	6	10	HNRNPDL	1.0	False
0.00038873917091432765	0.5124378109452736	0.2279311976990232	0.45608462112129594	Plasma cell	NK	2	7	7	3	7	LBR	1.0	False
5.0369691062295555e-05	0.5124378109452736	0.005009303043818081	0.0999333777481679	NK	B cell	2	2	3	3	3	LMO4	1.0	False
0.00035257543834257875	0.5124378109452736	0.09166070328052367	0.25352931675012114	NK	Erythroid	2	2	3	3	3	MBD4	1.0	False
8.180315289460967e-05	0.5124378109452736	0.17112014927230584	0.20150479934275525	Plasma cell	T cell	2	7	7	4	7	NME2	1.0	False
0.00034401710548038474	0.5124378109452736	0.35227131404032186	0.7870126121836715	Dendritic cell	Erythroid	2	7	10	3	7	NME4	1.0	False
0.00023209723606928777	0.5124378109452736	0.12655758784752563	0.12904849350472697	T cell	Dendritic cell	2	7	12	4	9	NORAD	1.0	False
0.000408842747502843	0.5124378109452736	0.24120112749266998	0.1921154403405924	B cell	Plasma cell	2	7	13	6	9	OSTF1	1.0	False
0.00022446478695607207	0.5124378109452736	0.15438645817327445	0.4063225045967136	Monocyte	NK	2	7	11	5	8	PCGF3-AS1	1.0	False
0.0004112784365123574	0.5124378109452736	0.18741636457163607	0.3048735506839649	Plasma cell	Erythroid	2	6	10	3	6	PDPK1	1.0	False
0.0006058529416110735	0.5124378109452736	0.19996478177529436	0.2791061534780127	T cell	Monocyte	2	7	8	3	7	PHF14	1.0	False
0.00015027486956589422	0.5124378109452736	0.034425559455960986	0.3386834598202272	Erythroid	T cell	2	3	4	3	4	SLC50A1	1.0	False
0.0002931632157396651	0.5124378109452736	0.02912356719392334	0.06134782387892945	Erythroid	NK	2	3	4	3	3	STS	1.0	False
7.983107224900896e-06	0.5124378109452736	0.010221178942018683	0.1145038167938931	Erythroid	NK	2	2	3	3	3	STT3A	1.0	False
0.00022736196832611846	0.5124378109452736	0.21226159713105736	0.13740739728274243	B cell	Monocyte	2	7	11	4	9	SYMPK	1.0	False
0.0009478198116575667	0.5124378109452736	0.39736905615567575	0.31271671943313734	Erythroid	Plasma cell	2	6	6	3	5	TEX14	1.0	False
4.593759751951991e-05	0.5124378109452736	0.183042195247696	0.17673035328046144	Dendritic cell	T cell	2	6	7	3	5	TNFRSF1B	1.0	False
0.000355813045025996	0.5124378109452736	0.1897633926868849	0.266183574879227	Plasma cell	Erythroid	2	7	15	3	8	TPX2	1.0	False
0.0010394138433871686	0.5124378109452736	0.12639735177218864	0.1711923607785697	Dendritic cell	B cell	2	6	7	3	6	TSIX	1.0	False
0.00042496892026969065	0.5124378109452736	0.24705839921579809	0.3047809982518978	Dendritic cell	Erythroid	2	7	10	4	7	UNKL	1.0	False
0.00025120803471528707	0.5124378109452736	0.12374056464357275	0.25141005640225605	B cell	Monocyte	2	7	10	4	9	WDR41	1.0	False
0.0011012898334302307	0.5124378109452736	0.28555344713085906	0.254144385026738	Dendritic cell	NK	2	5	13	5	8	ZFAND1	1.0	False
0.0006419439261523752	0.5174129353233831	0.09780387539481561	0.05855855855855857	Erythroid	B cell	2	4	4	3	4	ABHD15-AS1	1.0	False
0.00026247269852973024	0.5174129353233831	0.1421364483431073	0.3035356042274204	Dendritic cell	NK	2	7	11	3	7	AK3	1.0	False
0.011860562837951078	0.5174129353233831	0.17006009771786706	0.21387871387871388	NK	Erythroid	2	2	3	3	3	ARRDC5	1.0	False
0.00021082240689156357	0.5174129353233831	0.07109848949606823	0.04349085397172581	Plasma cell	B cell	2	7	12	7	12	B2M	1.0	False
0.00012078413642044346	0.5174129353233831	0.029633481401274142	0.07402057684143493	Erythroid	NK	2	2	3	3	3	BRK1	1.0	False
0.00021729760319623504	0.5174129353233831	0.06477523762976356	0.2071257450040902	NK	Erythroid	2	7	12	4	10	CDR2	1.0	False
0.00012380453230526465	0.5174129353233831	0.5409222497932176	0.7392661982825917	Monocyte	Plasma cell	2	7	11	3	5	DYNLL2	1.0	False
0.0007128152305986834	0.5174129353233831	0.08214585707393501	0.19373433583959904	Erythroid	Dendritic cell	2	6	9	3	6	FBXW8	1.0	False
0.0002516638401976118	0.5174129353233831	0.16843673187176972	0.22810469765117442	Monocyte	Erythroid	2	6	7	3	6	HIPK1	1.0	False
0.0006738625596980023	0.5174129353233831	0.11784654879056072	0.01919159838234985	T cell	Erythroid	2	2	3	3	3	HMGB3	1.0	False
0.000717347365961609	0.5174129353233831	0.14832143452162433	0.159719667783091	Erythroid	Plasma cell	2	6	9	4	7	IQCH-AS1	1.0	False
0.0005773751598593631	0.5174129353233831	0.0830694393913356	0.19223706560161596	NK	B cell	2	6	8	3	6	MCM8	1.0	False
0.00016959795725011846	0.5174129353233831	0.03224129730153824	0.07286404568416427	Monocyte	Erythroid	2	4	4	3	4	MYOM1	1.0	False
0.0022938726419896947	0.5174129353233831	0.12092214728606698	0.010055304172951196	NK	B cell	2	2	3	3	3	NADK	1.0	False
0.0001685692629246308	0.5174129353233831	0.39522000484525366	0.39367750069222296	Erythroid	T cell	2	7	11	3	7	NELFB	1.0	False
0.00010780325012917697	0.5174129353233831	0.19972050394144097	0.36859656981785505	T cell	Monocyte	2	7	13	4	10	NSFL1C	1.0	False
0.00013229551711398376	0.5174129353233831	0.1183256068443086	0.19742269344160968	Plasma cell	B cell	2	7	9	4	6	PARP15	1.0	False
0.0015753006341115902	0.5174129353233831	0.1256912983657169	0.25081444394911007	Erythroid	T cell	2	2	3	3	3	PCTP	1.0	False
0.0002493891220746289	0.5174129353233831	0.18259423810902653	0.17528864059590316	NK	T cell	2	7	6	3	5	PIGY	1.0	False
0.00013631965916219234	0.5174129353233831	0.10853338065713902	0.15390523704831166	T cell	Erythroid	2	7	12	6	10	SLAIN2	1.0	False
0.0002953591055675517	0.5174129353233831	0.19730652660712167	0.22017464716698087	T cell	NK	2	7	10	3	7	TAF15	1.0	False
0.00011811815416730465	0.5174129353233831	0.10776684139163784	0.10052551379229513	Monocyte	Dendritic cell	2	7	13	5	10	TENT4B	1.0	False
0.00011025784264328818	0.5174129353233831	0.08734291784751685	0.1647200814049573	T cell	Erythroid	2	7	12	7	11	TMEM131L	1.0	False
0.0009150616999899729	0.5174129353233831	0.15011519524690708	0.1844280121792084	Plasma cell	Erythroid	2	6	9	3	5	TMEM267	1.0	False
0.00014287925409583278	0.5174129353233831	0.07011013831689417	0.12699696663296256	Monocyte	T cell	2	7	9	3	5	TMTC2	1.0	False
0.0002827638283295583	0.5174129353233831	0.11559485332283237	0.28740550623561306	Monocyte	Dendritic cell	2	7	10	4	9	UBE2B	1.0	False
0.0007241125889592466	0.5174129353233831	0.22890066842633205	0.3011074380165289	NK	B cell	2	7	11	3	8	WDR76	1.0	False
0.00043485198896735954	0.5174129353233831	0.17537559145871323	0.34127647714604237	B cell	NK	2	4	8	3	6	ZBTB33	1.0	False
0.0003559831771827793	0.5174129353233831	0.2511608266672138	0.2404791619393389	Dendritic cell	Monocyte	2	7	7	3	6	ZYG11B	1.0	False
0.00039120753271831767	0.5223880597014925	0.22465005173939154	0.09055093137496742	NK	Dendritic cell	2	3	4	3	3	C1orf162	1.0	False
0.0004986105301268436	0.5223880597014925	0.10332087279697072	0.22337901637788543	NK	Plasma cell	2	7	7	4	7	CDC73	1.0	False
0.0007175706470154233	0.5223880597014925	0.4686563795938796	0.6676349987639548	T cell	B cell	2	6	9	3	7	CDKN2D	1.0	False
7.207396751467694e-05	0.5223880597014925	0.028059981559544145	0.11591265690376573	T cell	B cell	2	2	3	3	3	CHML	1.0	False
0.00017738894977725278	0.5223880597014925	0.1096868239267541	0.1684117514568041	Erythroid	Plasma cell	2	6	9	4	7	COIL	1.0	False
0.0006428638414780676	0.5223880597014925	0.0957955191994388	0.20717517776341304	B cell	T cell	2	7	10	3	7	CREM	1.0	False
9.410395003192368e-05	0.5223880597014925	0.03126243081585617	0.1378568971448229	Erythroid	B cell	2	2	3	3	3	DCAF8	1.0	False
0.00027092646302561964	0.5223880597014925	0.25698664660246534	0.1966233566146261	NK	Plasma cell	2	7	7	3	7	DHX9	1.0	False
0.0005012107219707239	0.5223880597014925	0.27326659720977686	0.588067384399773	Plasma cell	Monocyte	2	7	15	5	11	DKC1	1.0	False
0.0001467293978252564	0.5223880597014925	0.2575067804641684	0.35742211715695593	T cell	Plasma cell	2	5	6	3	4	ENSG00000288755	1.0	False
0.00031981690422083986	0.5223880597014925	0.10338444216209319	0.15633423180592987	Dendritic cell	T cell	2	6	11	4	8	EXOSC1	1.0	False
0.0001747525955933981	0.5223880597014925	0.06319937110608687	0.27479231206677834	Dendritic cell	Erythroid	2	7	9	5	8	GIT2	1.0	False
0.0002057356810074467	0.5223880597014925	0.053307120564579646	0.008804526835859972	NK	T cell	2	2	3	3	3	GNG5	1.0	False
0.0008682509197725028	0.5223880597014925	0.10889380745682326	0.15997249963815313	Erythroid	Plasma cell	2	7	8	3	7	GTF2I	1.0	False
0.0002000362318237483	0.5223880597014925	0.19749313839626853	0.2051591345443804	Monocyte	NK	2	7	10	5	7	IPO7	1.0	False
0.00023873785138246715	0.5223880597014925	0.08641947526880062	0.15953654188948302	Plasma cell	B cell	2	5	6	3	4	JADE3	1.0	False
1.3535478673151197e-05	0.5223880597014925	0.16467062427443413	0.449959544362465	Erythroid	Plasma cell	2	7	13	6	12	MAP1LC3B	1.0	False
0.00014733038093766822	0.5223880597014925	0.13313511293456465	0.34343954958340805	Plasma cell	Erythroid	2	7	12	5	10	MCUB	1.0	False
0.00018327484550207697	0.5223880597014925	0.0192124907057602	0.08753321243304796	T cell	NK	2	2	3	3	3	PCBP2-OT1	1.0	False
0.0009746613517174923	0.5223880597014925	0.024728072223532627	0.07453224741360337	Erythroid	NK	2	2	3	3	3	PDE4A	1.0	False
0.00022733341127614094	0.5223880597014925	0.14803893623828934	0.2328643011390354	T cell	Plasma cell	2	7	10	6	9	PIK3C2A	1.0	False
0.0006223690489375474	0.5223880597014925	0.03091661843579696	0.11883229552402486	B cell	NK	2	4	7	4	6	SAAL1	1.0	False
0.00019903236814967223	0.5223880597014925	0.07263490492906854	0.1941968706674589	T cell	Dendritic cell	2	5	7	3	6	SLC35D1	1.0	False
0.000658335759316352	0.5223880597014925	0.06894904009034442	0.20348837209302328	NK	Erythroid	2	2	3	3	3	SLC39A13	1.0	False
0.00035697564896383736	0.5223880597014925	0.14271790002325868	0.16171595804384625	Dendritic cell	T cell	2	7	13	5	10	SPG7	1.0	False
0.0015239521285141686	0.5223880597014925	0.26531911699514676	0.31296070184959074	Plasma cell	T cell	2	5	8	3	5	SYVN1	1.0	False
0.00018290825736507076	0.5223880597014925	0.046103461834232085	0.23106658036048022	Erythroid	NK	2	6	8	4	6	TDG	1.0	False
0.0001550938160336882	0.5223880597014925	0.12251408229606314	0.2448823972362137	B cell	NK	2	7	10	3	9	TERF2IP	1.0	False
0.0004883013542659716	0.5223880597014925	0.18457115509099092	0.17511112717285243	NK	B cell	2	3	4	3	3	TET2-AS1	1.0	False
0.00031806983245726505	0.5223880597014925	0.24849056392858243	0.3620638234416941	Monocyte	Dendritic cell	2	7	12	3	9	THAP9-AS1	1.0	False
0.001203005191144646	0.5223880597014925	0.16164324937478164	0.11567240323787492	T cell	Dendritic cell	2	6	8	4	6	TRIM24	1.0	False
0.0006741674804741233	0.5223880597014925	0.24080493481226062	0.23848238482384826	Dendritic cell	NK	2	5	6	3	4	TTLL3	1.0	False
0.000948887063715866	0.527363184079602	0.19808374951345875	0.13161057692307693	B cell	T cell	2	4	5	3	5	ABRAXAS1	1.0	False
0.00010106800170581918	0.527363184079602	0.12482612996072562	0.09466753466420574	Plasma cell	T cell	2	7	8	5	7	CUX1	1.0	False
0.0005353213104720878	0.527363184079602	0.15876396515336705	0.2755604828775561	Dendritic cell	T cell	2	7	11	4	7	DDX52	1.0	False
0.00015342298292433102	0.527363184079602	0.11324233488863328	0.12735086014123853	Plasma cell	Monocyte	2	7	12	3	9	DECR1	1.0	False
0.00020654861277651275	0.527363184079602	0.16526587683395189	0.3259979905939008	Plasma cell	T cell	2	7	11	4	9	DNAJC7	1.0	False
0.0001138095714028947	0.527363184079602	0.24995241892453585	0.26749417749847115	Plasma cell	Dendritic cell	2	7	9	4	7	EIF3M	1.0	False
0.0023463280200453802	0.527363184079602	0.08548550100969451	0.13930348258706465	Dendritic cell	NK	2	4	4	3	4	ENSG00000256712	1.0	False
0.0001362170059939944	0.527363184079602	0.22611893652557963	0.3751408462911921	NK	Monocyte	2	7	11	4	8	FAM104A	1.0	False
0.00011242337243401389	0.527363184079602	0.09219967460427048	0.18018691994101832	Dendritic cell	NK	2	7	12	5	10	FAM13A	1.0	False
0.00010874199003054799	0.527363184079602	0.15443930254063692	0.3485664982028978	Dendritic cell	Erythroid	2	7	11	5	8	IKZF3	1.0	False
0.00014030035266931616	0.527363184079602	0.04740794101566098	0.18925994640280352	NK	Monocyte	2	7	18	8	13	INTS6	1.0	False
0.00011175207115770486	0.527363184079602	0.07508125442616853	0.24466343635411208	Erythroid	T cell	2	3	4	3	4	LPCAT2	1.0	False
0.00023097469330068932	0.527363184079602	0.07325371264984798	0.03394607843137254	Erythroid	NK	2	2	3	3	3	MEF2B	1.0	False
0.0017653489831123935	0.527363184079602	0.10949287659030654	0.14370541738962794	Erythroid	B cell	2	3	3	3	3	PACC1	1.0	False
0.00016606873152940537	0.527363184079602	0.03455649632738972	0.13884258156703977	Erythroid	NK	2	2	3	3	3	PDCD10	1.0	False
0.0007423164510540447	0.527363184079602	0.19332278436982614	0.16115827468693922	Erythroid	NK	2	4	6	3	4	PDCD11	1.0	False
0.00022715362853846985	0.527363184079602	0.1350581720634922	0.24773876212597346	Plasma cell	Erythroid	2	6	10	4	7	PHAX	1.0	False
0.0010608945522653324	0.527363184079602	0.13730158730158726	0.12142857142857139	NK	B cell	2	4	5	3	4	PHLDB3	1.0	False
0.0004344810080285686	0.527363184079602	0.10439239847492121	0.1870555285154113	Plasma cell	Erythroid	2	7	13	8	12	PIAS1	1.0	False
0.00017582493534090758	0.527363184079602	0.28801060252557537	0.2715266314688575	Erythroid	T cell	2	7	7	4	7	PSMB4	1.0	False
0.0004513534524934388	0.527363184079602	0.1325544196691586	0.09242789669379958	Plasma cell	Monocyte	2	7	9	3	7	PTPN11	1.0	False
0.00018472948635190272	0.527363184079602	0.24165938954749333	0.31475847544826047	Plasma cell	B cell	2	7	10	4	8	RPS9	1.0	False
6.221724479598862e-05	0.527363184079602	0.07645441813527581	0.08727326042234618	Dendritic cell	NK	2	7	12	7	12	SCFD2	1.0	False
0.0004394745088202741	0.527363184079602	0.316917472409796	0.31461970642908843	Plasma cell	Erythroid	2	7	10	4	8	SDHA	1.0	False
2.4561976295882656e-05	0.527363184079602	0.28018199785701764	0.45517397559546013	Monocyte	NK	2	7	9	4	7	SIGIRR	1.0	False
0.00022432658716697903	0.527363184079602	0.10276166794262176	0.07898221090191626	T cell	Erythroid	2	7	8	3	7	SLC25A13	1.0	False
9.034413642969732e-05	0.527363184079602	0.06484824279300822	0.18553750524635687	Dendritic cell	B cell	2	7	13	7	11	STRBP	1.0	False
0.00018288361174242582	0.527363184079602	0.013566740639478159	0.037945849350871697	NK	B cell	2	2	3	3	3	TBC1D22A	1.0	False
0.0012904219056303603	0.527363184079602	0.218900935570488	0.16966070762960056	Erythroid	NK	2	7	8	4	7	TMEM248	1.0	False
0.00015338070757392686	0.5323383084577115	0.09749226256513105	0.030445167543616702	Erythroid	Dendritic cell	2	4	9	4	7	ABAT	1.0	False
0.00010511552917229021	0.5323383084577115	0.14211691138317684	0.16435583931968523	T cell	Plasma cell	2	7	11	6	10	APBB1IP	1.0	False
0.00023259512691365704	0.5323383084577115	0.10464654271471174	0.0867901234567901	Plasma cell	B cell	2	7	9	4	7	BICD1	1.0	False
0.00012415128286657163	0.5323383084577115	0.2777409773451172	0.3589840430554245	NK	Plasma cell	2	6	11	4	9	CBX1	1.0	False
0.00032079931185499737	0.5323383084577115	0.17965300813403917	0.16295336787564768	Monocyte	Dendritic cell	2	7	9	3	7	CCDC14	1.0	False
0.00013711532732864004	0.5323383084577115	0.07019835531795143	0.0741512424583291	B cell	Erythroid	2	4	7	3	5	CIT	1.0	False
0.00036790017411610836	0.5323383084577115	0.18939330103941276	0.22692528638529375	Erythroid	B cell	2	6	8	3	6	COMMD2	1.0	False
0.001085519250019488	0.5323383084577115	0.12348342889455366	0.14154846335697396	Monocyte	Dendritic cell	2	7	10	3	7	CPLANE1	1.0	False
0.00023173449552379204	0.5323383084577115	0.15173233440063094	0.47267271605100397	Dendritic cell	T cell	2	7	8	3	6	CRBN	1.0	False
0.0002506440540869991	0.5323383084577115	0.09189615373081694	0.20997796810029173	B cell	Dendritic cell	2	7	17	6	12	CSE1L	1.0	False
0.001035745862842754	0.5323383084577115	0.08896904510143544	0.2618157980989839	B cell	Erythroid	2	2	3	3	3	DDX28	1.0	False
0.00022127750396097243	0.5323383084577115	0.06433465446514536	0.14155418311626294	Erythroid	Monocyte	2	7	13	9	13	DENND4A	1.0	False
9.332871503697708e-05	0.5323383084577115	0.06957901074398781	0.030373376931482066	NK	Dendritic cell	2	7	19	8	14	DOP1B	1.0	False
0.00024587723269678353	0.5323383084577115	0.21695628505474063	0.19206589574155658	NK	Dendritic cell	2	4	6	3	4	ENSG00000291214	1.0	False
0.00012816015106070463	0.5323383084577115	0.16582812636774086	0.29473345780054033	T cell	Dendritic cell	2	7	10	5	7	ERAP1	1.0	False
0.000439218972302098	0.5323383084577115	0.19644951502091196	0.21257306117854652	T cell	Plasma cell	2	7	10	4	9	FAF2	1.0	False
5.590819750447673e-07	0.5323383084577115	0.19575719861671825	0.704209917541627	T cell	Monocyte	2	4	5	3	3	FCN1	1.0	False
0.0007535622455928108	0.5323383084577115	0.11795309343788829	0.13316811570650844	B cell	Erythroid	2	5	9	3	5	KIF11	1.0	False
0.00036870262937666216	0.5323383084577115	0.17474004435380697	0.15364122369432676	B cell	Plasma cell	2	6	10	3	5	MCPH1-AS1	1.0	False
0.00011377341654692908	0.5323383084577115	0.41172207673353584	0.48318488267999604	Dendritic cell	T cell	2	7	10	5	8	NDUFS4	1.0	False
0.0003097009907520964	0.5323383084577115	0.05945353613714255	0.185061248101546	Monocyte	T cell	2	7	17	9	14	NFATC2	1.0	False
0.0002595513391000505	0.5323383084577115	0.37225496187435786	0.36802134646962226	NK	Dendritic cell	2	4	7	4	5	PDHX	1.0	False
0.0001621167674683616	0.5323383084577115	0.2498326122873636	0.28356146777199415	T cell	Dendritic cell	2	6	7	3	5	PGGT1B	1.0	False
0.000144392553829294	0.5323383084577115	0.1902883746092353	0.38256740844903386	T cell	NK	2	7	11	5	9	PIH1D1	1.0	False
0.0003736689452327522	0.5323383084577115	0.3225153990861068	0.36076220543466003	Dendritic cell	Erythroid	2	6	14	4	7	PLCXD1	1.0	False
0.0002254817369132071	0.5323383084577115	0.15233626677623224	0.34954533639387586	T cell	Plasma cell	2	7	19	9	16	PRMT2	1.0	False
0.0007092430429834523	0.5323383084577115	0.1690615110229109	0.16225477778715974	T cell	Monocyte	2	5	6	3	5	PRPF3	1.0	False
0.0006191976885726318	0.5323383084577115	0.12725004648935623	0.1770909163973472	Monocyte	Erythroid	2	7	8	4	7	PSMB10	1.0	False
0.00020976904797143748	0.5323383084577115	0.18285178179587414	0.18244118424530797	Plasma cell	Erythroid	2	7	9	5	7	PSMD2	1.0	False
0.0001531485074794253	0.5323383084577115	0.07125505585366076	0.10777657944031332	T cell	Plasma cell	2	7	11	5	10	SMG6	1.0	False
0.00016259877954166914	0.5323383084577115	0.09047272812342816	0.05955334987593053	Monocyte	Dendritic cell	2	4	5	3	5	SYF2	1.0	False
0.0033868246670308837	0.5323383084577115	0.1369405524760774	0.0919080919080919	B cell	Monocyte	2	2	3	3	3	TBCE	1.0	False
0.00021048858675471675	0.5323383084577115	0.10336427399288561	0.08638008787040091	T cell	Erythroid	2	7	11	4	8	TNRC6C	1.0	False
0.00015391595235769343	0.5323383084577115	0.16332764584946413	0.15207016850974198	Plasma cell	NK	2	6	9	3	6	VEZF1	1.0	False
0.00028172797047449786	0.5323383084577115	0.42362354993933937	0.6604274407609705	NK	Plasma cell	2	6	8	4	7	ZNF138	1.0	False
0.000635904756722906	0.5323383084577115	0.17510767190600046	0.1348339160839161	Dendritic cell	T cell	2	5	8	4	6	ZNF143	1.0	False
0.000422464786016675	0.5323383084577115	0.030816105588603093	0.020967741935483897	NK	B cell	2	2	3	3	3	ZNF426	1.0	False
0.0017739680838196263	0.5323383084577115	0.13818114252896863	0.20178264604810991	B cell	Erythroid	2	2	3	3	3	ZNF594-DT	1.0	False
0.002870256230541026	0.5373134328358209	0.19756659837864216	0.22015591246360472	Dendritic cell	NK	2	4	5	3	5	CAPN1	1.0	False
0.00012614270482860047	0.5373134328358209	0.2923174564574455	0.2462089373510346	Erythroid	T cell	2	4	7	3	6	CASP1	1.0	False
0.00025916900073479917	0.5373134328358209	0.04958141266646354	0.13595190304175736	Erythroid	T cell	2	7	13	9	13	CHD2	1.0	False
0.0002631882602350805	0.5373134328358209	0.16353509274419975	0.3169563556489352	Dendritic cell	B cell	2	7	12	3	9	CLCN3	1.0	False
0.0002766237716563873	0.5373134328358209	0.15544584018555518	0.12373538984463939	NK	Plasma cell	2	6	7	4	5	CMTM6	1.0	False
0.00040219600881739886	0.5373134328358209	0.20689964290897006	0.3024865118461178	Dendritic cell	NK	2	6	7	3	5	CYREN	1.0	False
0.00023223179345362353	0.5373134328358209	0.3040159029358778	0.403921568627451	Plasma cell	B cell	2	6	10	3	6	DCAF15	1.0	False
0.00016668552956628134	0.5373134328358209	0.03980551829078216	0.14224049944038858	Plasma cell	T cell	2	7	13	8	11	EHMT1	1.0	False
0.0006213363217782335	0.5373134328358209	0.24407573857302117	0.07153375093492897	NK	Dendritic cell	2	4	6	3	4	ENSG00000214719	1.0	False
0.0004245110425561306	0.5373134328358209	0.24258182908339798	0.34432718864987905	NK	B cell	2	6	7	3	6	ENSG00000266538	1.0	False
0.00017640407365758845	0.5373134328358209	0.08412860474199446	0.14396544078519485	NK	Plasma cell	2	7	9	5	7	IP6K1	1.0	False
9.526532317341846e-05	0.5373134328358209	0.061502313054869806	0.1213728041639558	NK	Dendritic cell	2	7	9	5	8	KLHL24	1.0	False
0.00018065932744084406	0.5373134328358209	0.13018365635183993	0.3249506160107256	Erythroid	B cell	2	4	6	3	5	MED25	1.0	False
0.00041557312011527767	0.5373134328358209	0.04207066595929071	0.09670608108108103	Erythroid	NK	2	2	4	4	4	MIGA2	1.0	False
0.0007604186701796739	0.5373134328358209	0.27320501594708585	0.1781285659946748	Erythroid	Monocyte	2	5	7	3	4	NAXD	1.0	False
0.0002169840150014017	0.5373134328358209	0.11532002074317943	0.20433253364177167	Plasma cell	Erythroid	2	7	10	4	8	NDFIP1	1.0	False
0.0006554382060780518	0.5373134328358209	0.10930745337877928	0.07141284865255809	Erythroid	Monocyte	2	6	5	3	5	NUDT1	1.0	False
0.00020189467542155393	0.5373134328358209	0.3506596448273347	0.3320908024794773	NK	B cell	2	4	6	3	5	PABIR1	1.0	False
0.0038215658988319445	0.5373134328358209	0.07317391751087915	0.41932621938754644	B cell	Dendritic cell	2	6	6	3	6	PIGC	1.0	False
0.0015843730957068995	0.5373134328358209	0.25094896037368486	0.3350350124237633	NK	B cell	2	3	4	3	3	PON2	1.0	False
7.214962010117962e-05	0.5373134328358209	0.21098251033476603	0.40708934627065907	Monocyte	Plasma cell	2	7	10	6	8	PPP2CA	1.0	False
1.630904871450323e-05	0.5373134328358209	0.10223106202233162	0.10154929624788739	Monocyte	Erythroid	2	7	12	5	9	RBM47	1.0	False
0.00023874016629720678	0.5373134328358209	0.2470312477558544	0.33994795055302535	Plasma cell	NK	2	7	10	4	9	RPL9	1.0	False
0.0005366384690751755	0.5373134328358209	0.15161357030699407	0.204969902762772	Dendritic cell	Erythroid	2	6	9	3	7	RRN3	1.0	False
0.00029848327219214436	0.5373134328358209	0.19518007752076627	0.4031787038077052	Dendritic cell	NK	2	6	6	3	4	RTCA	1.0	False
8.717232381488235e-05	0.5373134328358209	0.21685369177111752	0.4737201758598785	B cell	Plasma cell	2	7	17	6	13	SAMHD1	1.0	False
0.0005904782693892429	0.5373134328358209	0.2318098052110814	0.22895817211211816	Dendritic cell	Plasma cell	2	6	9	5	8	SART3	1.0	False
0.00039851002519662867	0.5373134328358209	0.11061664428162782	0.09030953017060417	NK	Monocyte	2	5	4	3	4	SOAT1	1.0	False
0.0005370048589419807	0.5373134328358209	0.05631580244930312	0.07609770465590876	T cell	B cell	2	5	6	3	4	STX18-AS1	1.0	False
0.0003310248489482015	0.5373134328358209	0.07032436858057123	0.09678504594293402	Plasma cell	NK	2	5	8	3	5	TAMM41	1.0	False
6.762030497341053e-05	0.5373134328358209	0.07394762753571948	0.08920101612264958	Plasma cell	T cell	2	7	15	8	11	TBL1X	1.0	False
0.0005119560841675138	0.5373134328358209	0.06547187663649029	0.08869514675966289	Plasma cell	Dendritic cell	2	2	3	3	3	TCAIM	1.0	False
0.0002474427020983703	0.5373134328358209	0.03941273137062895	0.053482935951379096	NK	Erythroid	2	2	3	3	3	TIMM23	1.0	False
0.0003138276615934567	0.5373134328358209	0.17794858269703967	0.35830249943366305	Dendritic cell	T cell	2	6	11	4	7	TMEM154	1.0	False
0.00023388155030383456	0.5373134328358209	0.07159231807692201	0.1475449988607883	Monocyte	T cell	2	7	9	4	7	TMEM39A	1.0	False
0.00027401405376939193	0.5373134328358209	0.1564505116141902	0.12805006187685342	Dendritic cell	NK	2	6	12	4	7	UTP3	1.0	False
0.0009612516778397694	0.5373134328358209	0.0805882693295254	0.053437358661239276	NK	Dendritic cell	2	5	8	3	6	ZC3H4	1.0	False
0.0001516454349976767	0.5422885572139303	0.1833294132239915	0.1705685618729097	Monocyte	Plasma cell	2	5	8	3	6	ACSM1	1.0	False
0.0011545924258629517	0.5422885572139303	0.033329216255719496	0.06850853548966762	NK	Erythroid	2	3	4	3	3	AMZ1	1.0	False
0.00015237462088852456	0.5422885572139303	0.4680664671595599	0.6289355052325629	Monocyte	Plasma cell	2	7	9	4	7	ATG3	1.0	False
0.00019503710610227053	0.5422885572139303	0.21063166264835298	0.2968378761459003	T cell	Monocyte	2	7	11	4	7	ATP2A3	1.0	False
0.0002592225016354475	0.5422885572139303	0.4041480688254377	0.46308030518556836	Plasma cell	NK	2	6	7	3	7	AURKAIP1	1.0	False
2.034349810328829e-05	0.5422885572139303	0.5426430522113935	0.6311532715379181	Dendritic cell	Erythroid	2	5	8	3	6	BOLA2	1.0	False
0.0003673073644292722	0.5422885572139303	0.2708755247952022	0.3242424242424243	B cell	Dendritic cell	2	6	10	3	6	CCP110	1.0	False
0.00013718602622288058	0.5422885572139303	0.48701679525313046	0.5218958611481975	NK	Plasma cell	2	7	11	5	8	CNN2	1.0	False
0.00028289418431440153	0.5422885572139303	0.03196893257745185	0.05084978070175439	T cell	NK	2	2	3	3	3	DALRD3	1.0	False
0.0003618041397324244	0.5422885572139303	0.31981354980468496	0.20575354229282955	B cell	Monocyte	2	4	5	3	5	ENSG00000274275	1.0	False
0.00022883859828800554	0.5422885572139303	0.14221767733400675	0.1816178433290141	NK	T cell	2	7	18	8	13	FBXL3	1.0	False
3.76777128622587e-05	0.5422885572139303	0.018201270375183487	0.18162229426597248	T cell	B cell	2	2	3	3	3	GAS5	1.0	False
9.13863276997994e-05	0.5422885572139303	0.10932647477452223	0.06612682557867922	Erythroid	Dendritic cell	2	7	11	4	7	IDH2	1.0	False
0.000122749576348978	0.5422885572139303	0.07501278219377211	0.1772798163655746	Monocyte	NK	2	7	10	3	8	IPO11	1.0	False
0.00017116050595142432	0.5422885572139303	0.1957935398924177	0.18199799181835646	NK	T cell	2	7	11	5	10	KIF5B	1.0	False
0.00016740434529233312	0.5422885572139303	0.1668809367792567	0.21159764525988084	Plasma cell	T cell	2	7	11	5	10	OGA	1.0	False
0.0025591346708003443	0.5422885572139303	0.1585037371246904	0.171468253968254	Plasma cell	B cell	2	5	7	3	5	PDCD7	1.0	False
0.00020498104084305368	0.5422885572139303	0.1840168924674691	0.33195443254018364	Dendritic cell	T cell	2	7	11	6	9	PSMB7	1.0	False
0.00021731992697312903	0.5422885572139303	0.0588876750430426	0.05829537521513439	Dendritic cell	B cell	2	4	5	3	4	SIDT1	1.0	False
0.00040344103113937904	0.5422885572139303	0.1967048817864825	0.06930155577623298	Erythroid	NK	2	2	3	3	3	SLC25A15	1.0	False
0.00019456665690671478	0.5422885572139303	0.07659213222371258	0.18386918339850145	Monocyte	Dendritic cell	2	7	10	5	9	TCERG1	1.0	False
3.4023586665328414e-05	0.5422885572139303	0.0492270025972652	0.270935829319104	Plasma cell	Erythroid	2	7	12	7	11	TET2	1.0	False
0.00027798899395766835	0.5422885572139303	0.06561160232288876	0.09237766670659003	NK	T cell	2	7	16	5	13	TMEM241	1.0	False
0.0004655622599379358	0.5422885572139303	0.15158814804874088	0.13173700305810404	Plasma cell	B cell	2	7	12	4	6	TMTC4	1.0	False
8.98710420857479e-05	0.5422885572139303	0.10587965627058132	0.11621388992882326	Erythroid	Plasma cell	2	7	13	7	11	TNRC6A	1.0	False
4.6913634931866655e-05	0.5422885572139303	0.039331189271947786	0.08981337813858198	NK	Monocyte	2	7	8	5	7	UBE2H	1.0	False
0.00031744385907430203	0.5422885572139303	0.18535906043890038	0.20024058480614415	Dendritic cell	T cell	2	6	11	3	7	UNK	1.0	False
0.0002496670940208103	0.5422885572139303	0.10883950654142827	0.05556916458448524	Monocyte	Plasma cell	2	7	8	4	7	ZC3HAV1	1.0	False
0.0010061789106839037	0.5472636815920398	0.14763476332772785	0.16208654801008326	NK	T cell	2	6	9	4	6	CTC1	1.0	False
0.000824632415723416	0.5472636815920398	0.22024576745895336	0.305483847367816	Erythroid	Plasma cell	2	6	7	3	5	CWC15	1.0	False
0.0007404151080899811	0.5472636815920398	0.19895446071924205	0.2910187155562831	Erythroid	Plasma cell	2	4	5	3	4	ENSG00000257496	1.0	False
0.0022582584366346655	0.5472636815920398	0.1137443438914027	0.05901639344262294	NK	Erythroid	2	2	3	3	3	ENSG00000291026	1.0	False
0.00042644527562416153	0.5472636815920398	0.04958878499934535	0.0028368794326241176	T cell	B cell	2	2	3	3	3	ENSG00000291124	1.0	False
0.00019087664337205442	0.5472636815920398	0.0628376456485743	0.19459543064209645	Dendritic cell	Plasma cell	2	2	3	3	3	FAHD1	1.0	False
0.0006804231441671201	0.5472636815920398	0.2129545310156455	0.19236180072823567	NK	B cell	2	4	5	3	4	FAS	1.0	False
0.010987465476859847	0.5472636815920398	0.1846249038068028	0.2298360304361805	Erythroid	NK	2	3	5	4	4	FHIP2B	1.0	False
0.0005249140741404082	0.5472636815920398	0.3479583452065011	0.4317813822685566	Monocyte	Plasma cell	2	7	9	3	6	MRPL1	1.0	False
0.0005621137699876623	0.5472636815920398	0.11691815142196427	0.09184776425076807	NK	Erythroid	2	4	5	3	5	PLEKHM2	1.0	False
0.0005753535865306687	0.5472636815920398	0.1925874859071467	0.27499288165565194	Plasma cell	NK	2	6	9	4	5	RABL6	1.0	False
0.0007774591112327073	0.5472636815920398	0.2543335219757147	0.3678002450980392	Plasma cell	NK	2	6	7	3	5	RIT1	1.0	False
0.00010585681199835253	0.5472636815920398	0.09942667230840418	0.17319125319125317	Dendritic cell	Plasma cell	2	7	14	7	12	TACC1	1.0	False
0.00040012465534674363	0.5472636815920398	0.050581098342603825	0.06781179985063479	B cell	Erythroid	2	3	5	3	4	TEX30	1.0	False
0.00019526933555023856	0.5472636815920398	0.08651139650014034	0.09169923666276297	Plasma cell	Dendritic cell	2	7	15	5	11	TMX3	1.0	False
0.00043260723479877943	0.5472636815920398	0.10470445192667421	0.17179487179487185	Erythroid	NK	2	2	3	3	3	TRIM59	1.0	False
0.00043117073482453383	0.5472636815920398	0.12544629035378563	0.1774572429425098	Dendritic cell	Plasma cell	2	3	4	3	4	UQCC6	1.0	False
0.00016936822667554008	0.5472636815920398	0.08489760614406766	0.06617087909664332	T cell	Erythroid	2	7	17	9	14	USP14	1.0	False
0.000370515313411504	0.5472636815920398	0.24420694007399663	0.3000276395798784	Erythroid	Dendritic cell	2	4	6	3	5	ZNF92	1.0	False
0.0009603809728860172	0.5522388059701493	0.1759834246637743	0.14544930875576034	Plasma cell	B cell	2	7	10	3	6	ANXA2R-AS1	1.0	False
0.00013298882504862746	0.5522388059701493	0.23960325634830004	0.505858267066844	Monocyte	Erythroid	2	7	14	4	10	ASPH	1.0	False
0.00013213909372469278	0.5522388059701493	0.19894638198178258	0.18781308571023986	T cell	Plasma cell	2	7	10	6	10	BDP1	1.0	False
0.0001779169677944262	0.5522388059701493	0.12047395403684358	0.34527250665463854	Dendritic cell	Plasma cell	2	7	15	4	11	C21orf91	1.0	False
0.0001881046438155088	0.5522388059701493	0.14781607956790438	0.06473608987568968	Erythroid	T cell	2	2	3	3	3	CBR1	1.0	False
5.001060873829214e-06	0.5522388059701493	0.020041725868835625	0.6506493675160394	Dendritic cell	B cell	2	2	3	3	3	CCNB1	1.0	False
0.00015151876030209554	0.5522388059701493	0.24197550178493316	0.2855188668072104	Monocyte	T cell	2	7	10	5	10	CTSC	1.0	False
0.0013165791339348433	0.5522388059701493	0.11000540542557352	0.2077391044180712	B cell	NK	2	5	8	3	7	DDHD2	1.0	False
0.0008664268638616238	0.5522388059701493	0.07783762284716456	0.19687692262619755	Dendritic cell	NK	2	6	9	3	6	DPP9	1.0	False
0.0004839630982351761	0.5522388059701493	0.2536615871333768	0.32443405922224144	T cell	Erythroid	2	6	7	3	5	FAM174B	1.0	False
0.00014452039004492356	0.5522388059701493	0.2110314420283494	0.38926645091693635	T cell	NK	2	3	5	3	5	GNL2	1.0	False
0.00022161078847738762	0.5522388059701493	0.19692642240791225	0.2802711547452081	T cell	Dendritic cell	2	6	12	3	7	GPAT4	1.0	False
0.0002904518368719869	0.5522388059701493	0.09833608069043243	0.07753236862147755	Dendritic cell	Erythroid	2	6	7	3	6	GPATCH2	1.0	False
0.0004171761528176079	0.5522388059701493	0.01715609563456888	0.03783153441449261	T cell	B cell	2	2	3	3	3	GPC5	1.0	False
0.0016054781769611424	0.5522388059701493	0.23785057404241344	0.27984943977591037	T cell	Monocyte	2	7	11	3	7	GTF3C1	1.0	False
0.004685642449429895	0.5522388059701493	0.15314055588565395	0.16852905323039416	B cell	NK	2	2	3	3	3	GTPBP3	1.0	False
0.00020328139701999298	0.5522388059701493	0.09455902832853796	0.1038753799392097	Erythroid	Dendritic cell	2	7	9	3	7	INSR	1.0	False
0.00022954529049302132	0.5522388059701493	0.15765482582825374	0.1319229969115553	Dendritic cell	Erythroid	2	7	12	3	8	KDSR	1.0	False
0.000484840376977114	0.5522388059701493	0.11278173046465723	0.1367458606722411	T cell	NK	2	4	5	3	4	LMBRD2	1.0	False
0.00032579980525443967	0.5522388059701493	0.09587239254539648	0.17330619612278797	Monocyte	Erythroid	2	7	9	3	5	MAP3K3	1.0	False
9.892691664609011e-05	0.5522388059701493	0.28558878131032983	0.7104202393790994	NK	Dendritic cell	2	4	5	3	5	NEURL1B	1.0	False
3.1289737419624765e-05	0.5522388059701493	0.046335033524568914	0.03690661512857479	Erythroid	T cell	2	7	18	9	14	NRIP1	1.0	False
0.0006492415732500363	0.5522388059701493	0.07717015951829381	0.11500573661754687	Erythroid	NK	2	6	10	3	7	PHKA2	1.0	False
0.0023855337920398447	0.5522388059701493	0.21161824819113828	0.2621664050235478	Dendritic cell	NK	2	4	5	3	4	PIK3CD-AS2	1.0	False
1.4301097342409565e-05	0.5522388059701493	0.04841228591228591	0.006953642384105951	Plasma cell	Dendritic cell	2	2	3	3	3	PTPRG	1.0	False
0.00030491111263329244	0.5522388059701493	0.08352891165300375	0.04978676725409498	Dendritic cell	Plasma cell	2	6	12	5	7	PUDP	1.0	False
0.0037583283776351593	0.5522388059701493	0.5555069949697649	0.6456876456876457	NK	Plasma cell	2	7	10	3	6	RAD51-AS1	1.0	False
0.00016429477999138818	0.5522388059701493	0.22773563875946062	0.1413430790315212	NK	Plasma cell	2	7	12	5	7	SELENOS	1.0	False
0.00047832380889752547	0.5522388059701493	0.1879138978082504	0.23207475209763534	NK	T cell	2	6	8	3	6	SNX2	1.0	False
1.0493311698174967e-05	0.5522388059701493	0.2675761119149265	0.6509896448259743	Dendritic cell	Monocyte	2	7	11	7	10	SRSF2	1.0	False
0.0014334627470651766	0.5522388059701493	0.10095815077290216	0.14448380824400125	Erythroid	NK	2	2	3	3	3	TENM1	1.0	False
0.0003806156126654766	0.5522388059701493	0.21965051104516975	0.29175598615723036	Monocyte	Plasma cell	2	7	10	3	7	TIAL1	1.0	False
0.0011830085399400587	0.5522388059701493	0.195881063996164	0.2396266917982146	Plasma cell	Erythroid	2	6	11	4	7	TMEM192	1.0	False
0.0007260030970914227	0.5522388059701493	0.07577304022487985	0.1835542977896475	Monocyte	Plasma cell	2	7	9	4	6	ZFP91	1.0	False
0.001149637053501626	0.5572139303482587	0.318705788628442	0.30046139359698676	Plasma cell	NK	2	6	9	4	7	AIP	1.0	False
0.0001346618121206747	0.5572139303482587	0.043321887097417744	0.08886359324606341	Erythroid	B cell	2	3	3	3	3	ARPC1A	1.0	False
0.0005686290005974823	0.5572139303482587	0.28331009778446126	0.5451369671855857	Erythroid	Plasma cell	2	7	9	4	7	CCND2	1.0	False
0.00015402502240405904	0.5572139303482587	0.07355871122581303	0.090091533180778	B cell	T cell	2	7	13	6	11	CMIP	1.0	False
0.0001381865638644658	0.5572139303482587	0.20929695746106142	0.29673707440100877	B cell	Monocyte	2	3	5	3	4	DAGLB	1.0	False
0.00044734794870576034	0.5572139303482587	0.18200568105418857	0.1307718463107787	B cell	Plasma cell	2	7	9	3	6	DAPK2	1.0	False
0.000246459675280974	0.5572139303482587	0.08795686785705192	0.17132328308207706	NK	B cell	2	6	10	3	7	DDX46	1.0	False
0.00046132289563517433	0.5572139303482587	0.04459447172213127	0.2436440677966102	NK	B cell	2	2	3	3	3	EIF2B1	1.0	False
0.00027653463483422414	0.5572139303482587	0.03143617969089918	0.15869887737994304	NK	Dendritic cell	2	7	18	10	16	ELP2	1.0	False
0.0009307716546520046	0.5572139303482587	0.1149334009388357	0.12115183246073302	B cell	Monocyte	2	5	7	3	4	FHIP1A	1.0	False
0.00023951747547792785	0.5572139303482587	0.05963396386623315	0.024599901226658116	Erythroid	NK	2	2	3	3	3	GALNT7-DT	1.0	False
0.0003952331712089562	0.5572139303482587	0.15134667618311232	0.16412524452328592	Dendritic cell	Monocyte	2	7	10	3	6	GNE	1.0	False
0.0001332859997658354	0.5572139303482587	0.0751511546373036	0.27213754169874266	Erythroid	NK	2	5	7	3	4	HERC5	1.0	False
0.0004360512344769135	0.5572139303482587	0.051158700952411706	0.20705182790422438	Erythroid	B cell	2	7	7	3	5	INPP5B	1.0	False
0.00039308395546644513	0.5572139303482587	0.12075085911430006	0.09482443079338632	B cell	T cell	2	7	9	4	7	KAT2B	1.0	False
0.0005483859604097431	0.5572139303482587	0.1721713742160545	0.3502898014551733	Erythroid	T cell	2	7	9	4	7	LETMD1	1.0	False
0.00015963602565559294	0.5572139303482587	0.18509285775159612	0.3732136821282325	NK	Monocyte	2	7	17	6	10	LINC00667	1.0	False
9.168848070866036e-05	0.5572139303482587	0.12817388097540583	0.13471576661682483	Dendritic cell	B cell	2	7	9	4	8	NCOR2	1.0	False
4.336915990331053e-05	0.5572139303482587	0.25027671510506744	0.3928330946468299	Plasma cell	T cell	2	7	11	4	8	NKG7	1.0	False
0.00024944898165229324	0.5572139303482587	0.1837050531940807	0.15579578217242596	Monocyte	B cell	2	7	10	4	8	NNT	1.0	False
0.00021402318559499714	0.5572139303482587	0.10378736796024618	0.18311577311577315	Erythroid	Dendritic cell	2	7	10	7	9	PPP6R3	1.0	False
4.370963494269857e-05	0.5572139303482587	0.15534222895482602	0.2862611315142801	Dendritic cell	NK	2	7	15	5	10	SEC11C	1.0	False
0.000824962262092577	0.5572139303482587	0.19869742779175137	0.18949028994179412	T cell	Erythroid	2	6	11	3	6	SEMA4B	1.0	False
0.0006655596666922108	0.5572139303482587	0.38453519533253755	0.4137028997606723	Dendritic cell	Erythroid	2	5	6	3	4	SLC17A9	1.0	False
0.00030249380367774575	0.5572139303482587	0.16540908839729418	0.11666161490328386	NK	Dendritic cell	2	7	18	7	14	SLC7A1	1.0	False
0.00019823073498587387	0.5572139303482587	0.22920161020223023	0.18767631578947366	NK	Dendritic cell	2	7	15	4	8	TBC1D20	1.0	False
5.715189046478537e-05	0.5572139303482587	0.0676499814034715	0.03530827233862982	B cell	Monocyte	2	7	18	9	14	TCF4	1.0	False
0.0013493876184223967	0.5572139303482587	0.2859454710787108	0.2796011108305983	Monocyte	NK	2	4	6	3	4	TCF7	1.0	False
0.00015635510296081737	0.5572139303482587	0.09308148337457328	0.3630616577841328	Plasma cell	T cell	2	7	9	5	8	YAF2	1.0	False
0.00024025311089780876	0.5572139303482587	0.1671989624923731	0.19227887811958608	NK	Dendritic cell	2	4	5	3	5	ZNF507	1.0	False
0.0007022877653643867	0.5621890547263682	0.3272798202060675	0.25165277378557055	Plasma cell	T cell	2	6	10	3	6	ACD	1.0	False
7.360087456646519e-05	0.5621890547263682	0.08221480599572245	0.20507346859339268	Dendritic cell	T cell	2	7	7	4	7	ARID4B	1.0	False
0.00026878316933444136	0.5621890547263682	0.28365307202496887	0.233032564163081	Monocyte	Plasma cell	2	7	10	3	5	B3GNTL1	1.0	False
3.170124686149664e-05	0.5621890547263682	0.1778256699583044	0.41884808474129565	Dendritic cell	Plasma cell	2	7	11	7	11	CD37	1.0	False
0.0002524646064843048	0.5621890547263682	0.1395922736600837	0.16022906889088834	Erythroid	Plasma cell	2	7	7	3	7	CEP170	1.0	False
0.00010144512246633872	0.5621890547263682	0.05052807334389431	0.06555446659742836	Dendritic cell	Monocyte	2	7	13	6	11	DENND4C	1.0	False
0.00039070152195605593	0.5621890547263682	0.3390031711382276	0.34515441463782776	T cell	Monocyte	2	7	9	4	7	DENR	1.0	False
0.00019366567312180258	0.5621890547263682	0.0861184057649576	0.14824227773896775	NK	T cell	2	7	11	6	9	DNM2	1.0	False
0.00029582461226714305	0.5621890547263682	0.10909266446061677	0.07954545454545453	B cell	Dendritic cell	2	6	10	3	6	FBXO31	1.0	False
9.694448789398755e-05	0.5621890547263682	0.05064109974781866	0.20880124423487445	T cell	Plasma cell	2	7	18	10	17	FNDC3A	1.0	False
0.0014690162331818363	0.5621890547263682	0.19501560213409835	0.36827472527472527	Plasma cell	NK	2	7	9	6	8	GOLGA8A	1.0	False
0.0002750031471564345	0.5621890547263682	0.2062880662957876	0.2835401401622544	NK	Monocyte	2	7	10	3	6	GPI	1.0	False
1.2175023402869543e-05	0.5621890547263682	0.3287957037972189	0.27849940020992653	Dendritic cell	NK	2	7	8	3	5	MZB1	1.0	False
0.0004715413901560745	0.5621890547263682	0.1485977651028767	0.20489642184557438	Plasma cell	B cell	2	6	9	3	6	NUP188	1.0	False
0.000589694050770955	0.5621890547263682	0.20353953006885261	0.3070737859995796	Monocyte	Dendritic cell	2	5	5	3	4	PILRB	1.0	False
0.0007737314995364213	0.5621890547263682	0.03811940723881535	0.1688119755911518	Erythroid	NK	2	2	3	3	3	QARS1	1.0	False
0.006339263096577915	0.5621890547263682	0.4187629785571471	0.5114519259017547	Erythroid	Monocyte	2	7	13	4	9	RNF166	1.0	False
9.740079288669178e-05	0.5621890547263682	0.09172550170157023	0.2385078572477603	Erythroid	NK	2	7	7	3	6	RNPC3	1.0	False
0.000472342847050456	0.5621890547263682	0.08569832646967668	0.04884004884004889	Erythroid	NK	2	3	3	3	3	RPA3	1.0	False
0.0011778671983040513	0.5621890547263682	0.22492839691330924	0.24129064245334833	B cell	NK	2	5	9	3	8	STK26	1.0	False
0.00023201401953039575	0.5621890547263682	0.12123603759663443	0.17652923221664502	Dendritic cell	Plasma cell	2	7	13	5	10	TARS3	1.0	False
0.0013119054257289247	0.5621890547263682	0.08005099486404138	0.09090909090909088	Erythroid	NK	2	2	3	3	3	TIRAP	1.0	False
0.0006428635527389447	0.5621890547263682	0.1483267593126067	0.2044910664049011	Plasma cell	Dendritic cell	2	7	7	4	7	ZC3H11A	1.0	False
0.0006667028838894365	0.5671641791044776	0.1359773242609193	0.32695457523476745	Erythroid	Dendritic cell	2	6	9	4	6	ALG9	1.0	False
0.00013639689144140496	0.5671641791044776	0.08781968698125558	0.0716504895973945	Monocyte	B cell	2	7	14	3	10	ATP7A	1.0	False
0.0005368420672227177	0.5671641791044776	0.14508554717119798	0.13479399857108842	B cell	Monocyte	2	5	7	3	5	CASS4	1.0	False
0.0005201579755505847	0.5671641791044776	0.14124638584672766	0.09825216666062297	Dendritic cell	NK	2	5	8	3	6	CENPI	1.0	False
0.00031476301484275443	0.5671641791044776	0.14952491504965365	0.08024176478231526	T cell	Dendritic cell	2	4	8	3	6	CYSLTR1	1.0	False
8.116851654756693e-05	0.5671641791044776	0.0802633747091464	0.12929620293682226	T cell	NK	2	5	6	3	5	DISC1	1.0	False
0.00021775959279598763	0.5671641791044776	0.24916345507068444	0.4768966633161502	T cell	Erythroid	2	7	13	8	11	ETFA	1.0	False
0.00011538604614911615	0.5671641791044776	0.03238942366849351	0.11177259768572867	Erythroid	B cell	2	2	3	3	3	ETFRF1	1.0	False
0.00012049678169866968	0.5671641791044776	0.13039185812377485	0.22221958337710268	T cell	Monocyte	2	7	13	4	7	FKBP15	1.0	False
0.0008864488351128073	0.5671641791044776	0.08533631730946156	0.20405405405405408	B cell	NK	2	2	3	3	3	GPATCH4	1.0	False
5.5924448631168926e-05	0.5671641791044776	0.178237554789295	0.7016589529362265	Monocyte	Dendritic cell	2	7	8	4	7	MRPL32	1.0	False
0.00028274072209376685	0.5671641791044776	0.07375155014840523	0.06281079955218827	Monocyte	B cell	2	7	7	3	7	NEK7	1.0	False
0.00012569861937479843	0.5671641791044776	0.046670840551570114	0.12242165920984122	B cell	Monocyte	2	7	13	6	11	PDE8A	1.0	False
0.0004057073925872281	0.5671641791044776	0.3251126006602568	0.517037622746749	T cell	Plasma cell	2	7	10	3	6	PET100	1.0	False
9.965773238350777e-05	0.5671641791044776	0.3253194296959261	0.27579208478971706	B cell	NK	2	5	5	3	4	PHPT1	1.0	False
5.135848394531243e-05	0.5671641791044776	0.20968869627840336	0.45794764273340327	T cell	Plasma cell	2	7	8	5	7	POLR2J	1.0	False
0.0003545579835341454	0.5671641791044776	0.12807496891941056	0.3243211944496144	Dendritic cell	NK	2	7	8	4	7	PPA1	1.0	False
0.0001893676339169839	0.5671641791044776	0.11137230725493313	0.07673727475414338	Dendritic cell	T cell	2	7	12	5	10	RPS27L	1.0	False
0.00017687895340507526	0.5671641791044776	0.1629090943191987	0.17029270125345808	NK	Dendritic cell	2	6	7	3	5	RUBCN	1.0	False
0.0003417513829929341	0.5671641791044776	0.06133406216644083	0.09722846441947569	NK	Dendritic cell	2	7	9	4	6	SFMBT1	1.0	False
0.0005627212582541425	0.5671641791044776	0.14468864712311663	0.16026079683698297	Monocyte	Plasma cell	2	7	13	3	8	SLC7A6	1.0	False
0.000469712793979753	0.5671641791044776	0.10589130585436335	0.06431066412762532	Dendritic cell	Erythroid	2	7	18	9	13	TMEM50B	1.0	False
0.00054486687114206	0.5671641791044776	0.20151690414848322	0.17954545454545456	Monocyte	Plasma cell	2	7	12	3	8	TMEM70	1.0	False
0.0004748900016251597	0.5671641791044776	0.25053944593418276	0.26890006489292667	Dendritic cell	NK	2	5	6	3	6	TMEM9B	1.0	False
9.635823593874157e-05	0.5671641791044776	0.1909827896496576	0.19836779458727133	Plasma cell	Monocyte	2	7	13	8	12	USP8	1.0	False
0.00027381381912813856	0.5671641791044776	0.13154793496457434	0.28828804628988486	B cell	NK	2	7	11	6	9	ZNF430	1.0	False
0.0006167023333944009	0.572139303482587	0.08642495895184066	0.1292625745950554	Erythroid	B cell	2	6	8	3	6	ANKLE2	1.0	False
0.00013613694698641306	0.572139303482587	0.1394538986850684	0.2384051746027886	NK	Plasma cell	2	7	9	5	8	ATP2B1	1.0	False
0.00032071409742984885	0.572139303482587	0.07634352369347763	0.06640128211756191	Erythroid	Monocyte	2	3	3	3	3	ATP6V0C	1.0	False
0.0006216740793127414	0.572139303482587	0.18099098466941765	0.2465753424657534	Erythroid	Dendritic cell	2	5	8	3	5	BORCS8	1.0	False
0.00020222157748201537	0.572139303482587	0.11363438272562215	0.08046222316453533	Dendritic cell	Plasma cell	2	7	11	4	8	CCSER2	1.0	False
0.0003702008744503382	0.572139303482587	0.16355458111056786	0.10430486944248413	T cell	Monocyte	2	5	6	3	5	DNAJC25	1.0	False
6.2278639487839e-05	0.572139303482587	0.025702190175230566	0.09899288042685006	T cell	B cell	2	3	6	3	5	E2F8	1.0	False
0.00042302838357953157	0.572139303482587	0.3527556586408581	0.45879970152435773	Erythroid	Plasma cell	2	6	10	3	6	EIF4A3	1.0	False
0.0002661611870950394	0.572139303482587	0.18072663777103515	0.38015381107356816	Plasma cell	Erythroid	2	7	11	6	9	GPX4	1.0	False
0.00039746591445691184	0.572139303482587	0.35608749100937936	0.33304753412442556	T cell	Monocyte	2	7	13	3	8	HCFC1	1.0	False
0.00019343676569496187	0.572139303482587	0.0809445914955575	0.13777278366507312	Plasma cell	Monocyte	2	7	11	5	8	INPP4B	1.0	False
0.00044072505706241815	0.572139303482587	0.07494815543027122	0.07091732398480866	NK	B cell	2	7	10	3	7	MAML1	1.0	False
0.00029587590898637583	0.572139303482587	0.21672525503170664	0.22759740259740263	Plasma cell	Monocyte	2	6	11	3	7	MRPS31P5	1.0	False
7.446346535029501e-05	0.572139303482587	0.11296052911781551	0.1386679218207808	T cell	Plasma cell	2	7	13	8	11	MYO5A	1.0	False
0.001306819232593832	0.572139303482587	0.29454906204906217	0.49581339712918665	Dendritic cell	Monocyte	2	6	10	4	7	NAF1	1.0	False
4.417150747064199e-05	0.572139303482587	0.03870530166494557	0.03484702099734949	Plasma cell	Erythroid	2	7	18	7	13	PHLPP1	1.0	False
0.0010971740898264304	0.572139303482587	0.07262837101059916	0.12881214894944865	Monocyte	T cell	2	7	10	3	8	PLAC8	1.0	False
0.0005747147417048368	0.572139303482587	0.1516622910529501	0.1990893841361131	NK	B cell	2	6	11	4	7	PPM1D	1.0	False
4.725971504406983e-05	0.572139303482587	0.07694604929490889	0.10186667878789601	Plasma cell	NK	2	7	17	10	14	PTPRA	1.0	False
0.0004544070545342469	0.572139303482587	0.11004668077925434	0.4159363017999909	Monocyte	Erythroid	2	7	17	8	14	RASA3	1.0	False
0.0014236458187530758	0.572139303482587	0.16469144642071815	0.21331581483402623	Erythroid	NK	2	3	6	5	5	TAFAZZIN	1.0	False
0.0004589617273356665	0.572139303482587	0.11733802222066492	0.02371541501976282	T cell	NK	2	3	5	3	4	TMEM175	1.0	False
0.00013887298896127735	0.572139303482587	0.19129657348774126	0.19943253151853074	Monocyte	Plasma cell	2	7	11	5	10	USP22	1.0	False
0.0004062711109202852	0.572139303482587	0.1763683146733994	0.24012237762237762	B cell	Dendritic cell	2	4	7	3	5	VMA21	1.0	False
0.00010853927771145785	0.572139303482587	0.18123895094163373	0.3275925900533395	Plasma cell	NK	2	7	9	4	8	WASHC2C	1.0	False
6.11324189209776e-05	0.5771144278606966	0.1564910209544803	0.44747428600622297	Plasma cell	T cell	2	7	12	4	7	ACSL1	1.0	False
0.0005053208559000689	0.5771144278606966	0.1522929559670515	0.19131845585111668	Erythroid	Plasma cell	2	7	9	4	7	ATG13	1.0	False
0.0002824425973837778	0.5771144278606966	0.2324996374033117	0.37752463054187196	B cell	T cell	2	5	6	3	5	ATG4C	1.0	False
0.00020524601661876931	0.5771144278606966	0.05901368552371217	0.1188057661155274	T cell	Dendritic cell	2	7	11	3	7	CCDC26	1.0	False
0.0003714951279358194	0.5771144278606966	0.22975434281623808	0.10835493178150524	T cell	Dendritic cell	2	6	7	3	5	CENATAC	1.0	False
0.0004996224115433337	0.5771144278606966	0.0496555631365414	0.13854096812108369	T cell	NK	2	6	6	4	5	CTBS	1.0	False
0.0009891939096167291	0.5771144278606966	0.15581511185690022	0.02905448956319101	NK	Erythroid	2	3	4	3	4	EIF1AD	1.0	False
0.00011327403728943892	0.5771144278606966	0.19042862956849843	0.3032473932691084	T cell	Erythroid	2	7	9	7	9	EMP3	1.0	False
0.0006593203365446187	0.5771144278606966	0.2518801082426646	0.3092803830446416	NK	Plasma cell	2	7	11	3	6	HEATR3	1.0	False
0.0002486703381968034	0.5771144278606966	0.13988688248280995	0.2315073005859664	B cell	Dendritic cell	2	7	11	3	7	HK1	1.0	False
3.2833447338377436e-05	0.5771144278606966	0.06474915846069035	0.05929142542045773	NK	B cell	2	7	19	8	15	HLCS	1.0	False
0.00014898091585748978	0.5771144278606966	0.13252233236798505	0.1793042004263775	B cell	NK	2	7	17	7	10	IFT88	1.0	False
0.00035423524698637287	0.5771144278606966	0.039725827645276546	0.15200369253086726	NK	B cell	2	7	7	3	7	KLHL20	1.0	False
0.00013549488853498986	0.5771144278606966	0.04335381548771755	0.09023268398268403	Monocyte	Plasma cell	2	7	9	5	8	KRAS	1.0	False
0.0004874814943568474	0.5771144278606966	0.12799894473604234	0.20098354978354976	Plasma cell	Erythroid	2	7	9	3	6	LMO7	1.0	False
0.0009619179318857939	0.5771144278606966	0.04926376695413903	0.14356664493569604	NK	Plasma cell	2	6	10	3	5	MSL1	1.0	False
0.00041566821876898335	0.5771144278606966	0.20104956070653235	0.32308210914768287	Erythroid	Plasma cell	2	6	11	4	7	NUP85	1.0	False
9.10354170923987e-05	0.5771144278606966	0.07334484039182254	0.29750764905549726	T cell	Plasma cell	2	7	9	6	8	OSBPL8	1.0	False
0.0005412716890192094	0.5771144278606966	0.13078366325990143	0.19945791815504166	Dendritic cell	Plasma cell	2	6	8	3	5	POGLUT1	1.0	False
0.00011091808567211499	0.5771144278606966	0.10085023177062541	0.2290195366017969	B cell	NK	2	7	10	3	7	POLK	1.0	False
0.00015766088957864	0.5771144278606966	0.12817359927517075	0.11523198098814352	NK	Plasma cell	2	7	11	5	10	POLR2A	1.0	False
0.0003596882929258221	0.5771144278606966	0.1391571291003339	0.204850398220564	Plasma cell	B cell	2	4	6	3	3	PURB	1.0	False
0.00027150677849012005	0.5771144278606966	0.17009627863678983	0.09168525548207002	Plasma cell	B cell	2	6	8	3	5	RBM18	1.0	False
0.00018454624644601223	0.5771144278606966	0.3526281325136406	0.28333874728972064	T cell	Monocyte	2	7	9	4	7	RNF13	1.0	False
0.0006996057949162477	0.5771144278606966	0.25283887909443625	0.29932537125149117	Monocyte	Dendritic cell	2	7	11	4	8	SIRT2	1.0	False
0.0004539998267387444	0.5771144278606966	0.13313363932300742	0.14757286512836226	T cell	B cell	2	7	18	9	13	SUCLA2	1.0	False
0.00044278475384638245	0.5771144278606966	0.3178792753901047	0.30461441334583234	T cell	NK	2	6	9	3	5	TGDS	1.0	False
0.0003075284527442481	0.5771144278606966	0.14206692417412115	0.07935222672064779	Dendritic cell	NK	2	6	6	3	6	TOR1AIP2	1.0	False
0.00031054771443103136	0.5771144278606966	0.10505519469411484	0.10709473366845818	T cell	Dendritic cell	2	7	10	7	10	TTC17	1.0	False
0.0003225011103936239	0.5771144278606966	0.2032828604238084	0.22675736961451243	Dendritic cell	T cell	2	6	7	3	6	YWHAG	1.0	False
0.0003247846659851145	0.582089552238806	0.48357929695628127	0.5643427209955125	Plasma cell	T cell	2	7	11	4	10	ANXA7	1.0	False
0.0003140376694383678	0.582089552238806	0.10591216161643485	0.10717349422859046	Dendritic cell	Plasma cell	2	7	14	6	13	ARFGEF1	1.0	False
0.000694420625490527	0.582089552238806	0.20186757686757684	0.19668737060041408	NK	B cell	2	4	6	3	4	BDH2	1.0	False
0.0004557804756529458	0.582089552238806	0.19450876245460963	0.34438691301436397	Dendritic cell	B cell	2	7	10	4	7	CCDC144BP	1.0	False
0.00018483924478041147	0.582089552238806	0.08303548815261519	0.0735947860156721	T cell	NK	2	7	11	5	9	CRLF3	1.0	False
0.0001264515944968433	0.582089552238806	0.16848780586017548	0.6721960817309248	Plasma cell	T cell	2	7	12	3	9	DCK	1.0	False
0.00048350073077698357	0.582089552238806	0.14243513906521077	0.24283559577677227	Dendritic cell	T cell	2	7	9	3	6	EGLN2	1.0	False
0.002141127592012759	0.582089552238806	0.08250863000922576	0.15868018990581184	Erythroid	Monocyte	2	7	13	8	12	FNBP1	1.0	False
0.00016220850197884754	0.582089552238806	0.08954489223538914	0.10982418428495455	Plasma cell	Erythroid	2	7	12	6	11	HTT	1.0	False
0.00018113276232528306	0.582089552238806	0.08012839827407897	0.046871579418052756	T cell	Monocyte	2	3	5	3	5	LINC01505	1.0	False
0.0007633561456567121	0.582089552238806	0.25055184758307636	0.5321386104768193	NK	T cell	2	7	9	3	7	NANS	1.0	False
0.00039388757806409696	0.582089552238806	0.10940344634687987	0.038204574744815256	Plasma cell	B cell	2	4	5	3	3	NEGR1	1.0	False
0.00016700200516694567	0.582089552238806	0.06795789041826117	0.13981204316045948	Dendritic cell	NK	2	6	11	4	9	PIGL	1.0	False
4.442582629690578e-05	0.582089552238806	0.06634355796656038	0.09905352633429221	Erythroid	B cell	2	7	17	9	14	PPP1R16B	1.0	False
0.00022062680531603003	0.582089552238806	0.16937738585541212	0.20484138735585766	NK	Dendritic cell	2	7	8	4	7	PRKRIP1	1.0	False
0.0002628928666863929	0.582089552238806	0.1428507562175193	0.11428899527025566	Erythroid	B cell	2	7	13	5	8	RC3H2	1.0	False
0.0004955521346742819	0.582089552238806	0.2522919546504971	0.4669443840710956	Monocyte	T cell	2	7	7	3	7	RCC2	1.0	False
0.00040781215043050314	0.582089552238806	0.14785999427550828	0.14805954279638495	Dendritic cell	B cell	2	5	9	4	6	RRM2B	1.0	False
0.00010829536522753325	0.582089552238806	0.044220659003925356	0.07340687603613094	T cell	Plasma cell	2	7	8	4	7	SENP2	1.0	False
0.00012607766804430568	0.582089552238806	0.19017722743775062	0.26102794837542637	Plasma cell	Monocyte	2	7	8	5	7	SEPTIN7	1.0	False
1.54956687833374e-06	0.582089552238806	0.4282384282384282	0.3371757925072046	Dendritic cell	Monocyte	2	7	13	4	9	SNHG19	1.0	False
0.0020886908728572806	0.582089552238806	0.2243859825762738	0.14377912761166667	NK	B cell	2	6	7	3	4	STMP1	1.0	False
9.048721942634e-05	0.582089552238806	0.052035839128954764	0.05920602170695044	Dendritic cell	Erythroid	2	7	9	6	9	TBC1D5	1.0	False
0.002090084985828591	0.582089552238806	0.2579927673364825	0.29537612146307796	Plasma cell	T cell	2	4	6	3	3	TELO2	1.0	False
0.000316465717972067	0.582089552238806	0.33820543139759607	0.3182068206820682	Dendritic cell	Monocyte	2	7	8	4	6	TUBA1A	1.0	False
0.0001389521444077954	0.582089552238806	0.07027300005319786	0.08627495922057193	B cell	Monocyte	2	7	18	8	15	ZNF236	1.0	False
0.0004910906402482106	0.582089552238806	0.14234955101033697	0.15962732919254663	B cell	Dendritic cell	2	5	8	3	5	ZNF701	1.0	False
0.0007046859965778894	0.5870646766169154	0.1643585071142269	0.1596726859884755	Monocyte	T cell	2	6	6	3	6	ANKRD13C	1.0	False
1.0468544141708614e-05	0.5870646766169154	0.014454576156703815	0.011895070104025327	Erythroid	B cell	2	3	4	3	3	C4orf48	1.0	False
7.348720360648536e-05	0.5870646766169154	0.14424359314855972	0.4285695946761286	Plasma cell	Monocyte	2	7	10	5	9	CANX	1.0	False
0.0005193453308704506	0.5870646766169154	0.20831004811784148	0.2472901199314677	B cell	Erythroid	2	5	9	3	7	CTNNAL1	1.0	False
8.495076253979512e-05	0.5870646766169154	0.09122585480298984	0.23980711639385194	B cell	Erythroid	2	7	10	5	8	DIAPH1	1.0	False
0.002340900044822302	0.5870646766169154	0.11526263896312461	0.23815073815073812	B cell	Monocyte	2	7	9	3	6	EED	1.0	False
0.0004338414025706067	0.5870646766169154	0.1333561786890487	0.17062442770915476	T cell	Dendritic cell	2	7	12	3	8	ENSG00000291060	1.0	False
5.6123898744070964e-05	0.5870646766169154	0.028488756649272307	0.04019245399863808	Plasma cell	Erythroid	2	7	14	6	12	EXT1	1.0	False
0.0007803395599033969	0.5870646766169154	0.1318627560641592	0.09883339409405761	Plasma cell	Dendritic cell	2	7	10	3	6	GARRE1	1.0	False
0.0007194705356453018	0.5870646766169154	0.08455104403721009	0.02541161851506679	NK	B cell	2	2	3	3	3	INTS7	1.0	False
0.0009500328774002254	0.5870646766169154	0.11851921419232614	0.13997487670019876	Erythroid	Plasma cell	2	6	6	3	4	MACROD2	1.0	False
5.307432915619305e-05	0.5870646766169154	0.11906527991719712	0.20180509248538148	T cell	Dendritic cell	2	7	10	7	10	MIR4300HG	1.0	False
7.22251422066922e-05	0.5870646766169154	0.12684558965801707	0.08063474106866292	B cell	Monocyte	2	7	12	4	9	MSRA	1.0	False
0.0002953681626556658	0.5870646766169154	0.33541693031800146	0.5712638606180519	Monocyte	NK	2	7	8	3	4	MYO1G	1.0	False
0.0002685463076244356	0.5870646766169154	0.11449536333970523	0.1691867480816503	Monocyte	T cell	2	7	11	5	10	NF1	1.0	False
0.0001830039941904606	0.5870646766169154	0.05627402374420343	0.15390208434318953	Plasma cell	Dendritic cell	2	7	15	8	12	P2RY8	1.0	False
0.0007333602351146258	0.5870646766169154	0.17992295495717076	0.13247461519141768	Dendritic cell	T cell	2	7	13	3	8	PDPR	1.0	False
0.00014357942152071646	0.5870646766169154	0.28519939677865735	0.34414416408377513	Erythroid	T cell	2	4	7	4	4	PKM	1.0	False
0.00024149489580294907	0.5870646766169154	0.26886989154381974	0.3142922538665272	Dendritic cell	Monocyte	2	7	11	3	9	POLR3E	1.0	False
9.725972347673539e-05	0.5870646766169154	0.10977925625525808	0.043111391748972605	T cell	Dendritic cell	2	6	5	3	5	PPIB	1.0	False
0.004498669347670185	0.5870646766169154	0.25946736048003105	0.4844033613445378	NK	B cell	2	3	4	3	4	RAB1B	1.0	False
0.0001221998899817994	0.5870646766169154	0.23599631411805178	0.22885617351266208	Plasma cell	B cell	2	7	13	4	8	RIPK2	1.0	False
0.00015812736333680084	0.5870646766169154	0.22645061671367595	0.4818678191260193	Monocyte	Plasma cell	2	7	11	5	10	SUPT6H	1.0	False
0.000596776510310636	0.5870646766169154	0.2106610546671715	0.13419628492028668	T cell	NK	2	5	6	3	4	TMEM160	1.0	False
0.00031470256018393156	0.5870646766169154	0.1991526148405774	0.2175851284084402	T cell	B cell	2	5	6	3	5	TOR3A	1.0	False
3.283491227086256e-05	0.5870646766169154	0.25480026645350706	0.5752531782465806	Plasma cell	Monocyte	2	7	6	4	6	TUBA1B	1.0	False
0.00018971982914760724	0.5870646766169154	0.13398779989815546	0.08184212332292495	Dendritic cell	Monocyte	2	5	7	3	4	ZFHX3	1.0	False
0.0004966279693397642	0.5920398009950248	0.1345545360766341	0.07801379909816913	Dendritic cell	T cell	2	6	5	3	5	ABCD3	1.0	False
9.912781883271569e-05	0.5920398009950248	0.1229128177125437	0.10440609760256453	Dendritic cell	Plasma cell	2	7	12	8	11	AFF1	1.0	False
0.0005351764143200101	0.5920398009950248	0.16741471687690057	0.17494917223351725	NK	Dendritic cell	2	7	7	3	5	CLIC4	1.0	False
0.00046210362678736626	0.5920398009950248	0.1771717156346459	0.15123213535098784	NK	T cell	2	4	6	3	4	DZANK1	1.0	False
8.754444262047987e-05	0.5920398009950248	0.0893773168162103	0.25770289625988396	NK	Plasma cell	2	7	17	10	14	GNAS	1.0	False
0.0002973311617989881	0.5920398009950248	0.2108942166341598	0.28249233669242374	T cell	Dendritic cell	2	7	9	5	8	LARP4	1.0	False
0.0004491080054388766	0.5920398009950248	0.11519973006005846	0.08658357771261	NK	T cell	2	4	5	3	5	LNCRNA-IUR	1.0	False
6.935485133154848e-05	0.5920398009950248	0.057403808414276336	0.08135173081578312	Monocyte	Erythroid	2	7	10	6	9	NSD1	1.0	False
0.0010606054829510015	0.5920398009950248	0.12061427861029461	0.20712379804334496	Dendritic cell	NK	2	7	10	6	9	NUP98	1.0	False
0.0004564250454530374	0.5920398009950248	0.08190876808708353	0.07491611708897372	NK	B cell	2	4	4	3	3	PHF6	1.0	False
0.000292331223929951	0.5920398009950248	0.14778831946341003	0.37166573595793195	Erythroid	B cell	2	7	10	6	9	PPP1R15A	1.0	False
0.0003895852425758864	0.5920398009950248	0.18310382573513184	0.2765366430260047	T cell	B cell	2	4	4	3	3	PPP1R15B	1.0	False
0.0001590509554524001	0.5920398009950248	0.12101601828359698	0.134990253411306	Monocyte	Dendritic cell	2	3	4	3	3	PRDX6-AS1	1.0	False
9.519309060616039e-05	0.5920398009950248	0.16575521239768065	0.42194374825953773	B cell	Dendritic cell	2	4	5	3	4	PYCR2	1.0	False
0.0003601084353757769	0.5920398009950248	0.1585171536641175	0.11754385964912284	B cell	Dendritic cell	2	7	10	3	7	REXO4	1.0	False
0.00021252517503367817	0.5920398009950248	0.040888798341507826	0.080895004441495	T cell	B cell	2	7	13	7	11	RFX3	1.0	False
4.363500431630743e-05	0.5920398009950248	0.07881374347329706	0.20539956247587188	Erythroid	NK	2	5	8	3	6	RP2	1.0	False
0.0003668696500082947	0.5920398009950248	0.2536337590805944	0.4005016722408027	B cell	Plasma cell	2	6	10	3	8	SH3TC1	1.0	False
0.00022600770951503293	0.5920398009950248	0.19870739039590257	0.3421774977716554	T cell	Dendritic cell	2	7	9	4	7	SLU7	1.0	False
0.0009026207990859317	0.5920398009950248	0.07463040397823006	0.11071428571428571	T cell	Dendritic cell	2	4	5	3	3	STAMBPL1	1.0	False
0.0003904011316180656	0.5920398009950248	0.2950051716291874	0.32744631468081364	B cell	Plasma cell	2	6	6	3	5	STAT2	1.0	False
0.00026434740702582695	0.5920398009950248	0.1581929645069674	0.16347560131189176	Erythroid	Monocyte	2	7	9	4	7	TTC14	1.0	False
3.2008049199776966e-05	0.5920398009950248	0.06844524769065946	0.19863875563308614	Dendritic cell	B cell	2	7	19	11	17	UBE2G2	1.0	False
0.0001191345378811644	0.5920398009950248	0.08882128237378434	0.13544856542664857	Plasma cell	Dendritic cell	2	7	17	8	12	USPL1	1.0	False
0.00013252715254377106	0.5920398009950248	0.1062495372851518	0.18764554366414965	NK	B cell	2	7	11	5	9	VCL	1.0	False
0.0015019716344677873	0.5920398009950248	0.10146717408523537	0.1357927786499215	B cell	NK	2	2	3	3	3	ZNF480	1.0	False
0.0001571581104284425	0.5920398009950248	0.16044183807596624	0.21524703804037998	NK	Plasma cell	2	7	12	5	10	ZNF721	1.0	False
0.0004856927217950544	0.5920398009950248	0.05285049239185308	0.15776523375307566	B cell	Plasma cell	2	7	13	3	7	ZSCAN30	1.0	False
0.0002800089014796476	0.5970149253731343	0.23113274712704213	0.2665348818054526	Plasma cell	NK	2	6	9	3	7	ACAT1	1.0	False
0.00010049011071246077	0.5970149253731343	0.3543881113398925	0.41849816849816845	T cell	Monocyte	2	7	9	3	6	APLP2	1.0	False
4.52709714362504e-05	0.5970149253731343	0.050814854437086276	0.07303288255654827	Plasma cell	Erythroid	2	7	14	8	13	ASAP1	1.0	False
0.00022786155905123265	0.5970149253731343	0.08974615807349329	0.07948748980268755	NK	Plasma cell	2	7	12	4	10	ATP10A	1.0	False
8.209867084662878e-05	0.5970149253731343	0.1919447544984354	0.5158528050922253	T cell	Monocyte	2	7	7	4	7	CAPZA1	1.0	False
0.0003286781667080054	0.5970149253731343	0.09051650203661332	0.22871973511761046	B cell	NK	2	7	11	4	9	CCDC57	1.0	False
6.139784585167314e-05	0.5970149253731343	0.1569725449126781	0.21775978599688284	Plasma cell	Monocyte	2	7	10	3	10	ECH1	1.0	False
0.0003500509383707988	0.5970149253731343	0.19532638908086913	0.29497944546488236	Plasma cell	T cell	2	7	10	3	7	EDRF1	1.0	False
0.002210623492262091	0.5970149253731343	0.39727412204828655	0.3886302971476473	Dendritic cell	Plasma cell	2	6	5	3	5	EMD	1.0	False
0.00027328371006786977	0.5970149253731343	0.2737006094209344	0.2180240030053186	T cell	Plasma cell	2	6	9	3	7	ENSG00000291283	1.0	False
0.00017731025578636065	0.5970149253731343	0.08221991251612693	0.07087342810641756	T cell	Dendritic cell	2	7	7	4	7	GAPDH	1.0	False
0.0003678079904896185	0.5970149253731343	0.038339302918855234	0.07450980392156861	Dendritic cell	B cell	2	2	3	3	3	GNS	1.0	False
0.0005424175249698612	0.5970149253731343	0.10145201589487007	0.11977351916376311	Erythroid	T cell	2	4	5	3	4	KIAA1191	1.0	False
0.000650323628229114	0.5970149253731343	0.07067782246442916	0.42779755132714736	B cell	Erythroid	2	3	3	3	3	MATK	1.0	False
0.00016172395331028256	0.5970149253731343	0.11737825494218646	0.23765630658458137	Plasma cell	NK	2	7	9	4	8	MDM2	1.0	False
0.0007253550129176164	0.5970149253731343	0.11302613279481438	0.2675125248273204	NK	Erythroid	2	3	4	3	4	MKRN2	1.0	False
0.00012333386462743065	0.5970149253731343	0.11324400359001424	0.11150700355186466	Dendritic cell	NK	2	7	15	7	11	MRPS31	1.0	False
0.00021611725643109117	0.5970149253731343	0.09584541073677083	0.5051794609562645	NK	Dendritic cell	2	7	18	11	16	NDUFV2	1.0	False
9.456172854670517e-05	0.5970149253731343	0.07737757336772483	0.2516523294761704	Erythroid	T cell	2	7	11	6	10	NT5C2	1.0	False
0.00045786526897888735	0.5970149253731343	0.22440707469045135	0.21306471306471303	Plasma cell	Dendritic cell	2	6	9	3	6	NUP155	1.0	False
0.00016047006070247447	0.5970149253731343	0.07760286062087746	0.050813705207492066	NK	Plasma cell	2	7	12	4	9	PARN	1.0	False
0.0003032951983319526	0.5970149253731343	0.07389836348306922	0.14100962049264326	Plasma cell	Erythroid	2	6	7	3	6	PPP2R5A	1.0	False
0.00014351969916731277	0.5970149253731343	0.06709391863046993	0.21735279659111595	Plasma cell	Dendritic cell	2	7	9	5	8	RASA2	1.0	False
0.00011001458882526086	0.5970149253731343	0.08158850478888063	0.056156716417910424	NK	Dendritic cell	2	7	17	7	12	TASP1	1.0	False
0.0003315013570201468	0.5970149253731343	0.43716985875728404	0.6958958260667364	Plasma cell	Monocyte	2	7	7	3	6	TOR1AIP1	1.0	False
0.00022028281222002336	0.5970149253731343	0.23148692046480868	0.4721967146209571	Plasma cell	NK	2	6	7	3	7	USP1	1.0	False
0.0003186510625699767	0.5970149253731343	0.13209192039149154	0.09302355350742453	T cell	Erythroid	2	7	14	4	10	WWP1	1.0	False
0.00021188793592037068	0.5970149253731343	0.14791611341669553	0.220359351988218	B cell	T cell	2	4	5	3	4	YPEL2	1.0	False
7.443082503338423e-05	0.5970149253731343	0.06355454629653268	0.20919538085554912	Monocyte	Erythroid	2	7	9	4	8	ZFC3H1	1.0	False
6.584263857126466e-05	0.6019900497512438	0.5364716194942367	0.794034760408484	Plasma cell	Erythroid	2	6	10	4	7	CCDC137	1.0	False
0.002734872279425505	0.6019900497512438	0.2572051459514037	0.3771255602583377	NK	Plasma cell	2	7	9	3	6	COPS4	1.0	False
0.008705290451192796	0.6019900497512438	0.17404625128884965	0.29962406015037596	Erythroid	B cell	2	3	4	3	3	CSKMT	1.0	False
0.00013698491511986152	0.6019900497512438	0.059233719301160004	0.08340293324314108	B cell	NK	2	7	9	5	8	DIP2B	1.0	False
3.9231973761829184e-05	0.6019900497512438	0.16879493891247535	0.1968717813442345	T cell	Plasma cell	2	7	13	7	13	DNAJA1	1.0	False
0.00032980241776280484	0.6019900497512438	0.18343186145695733	0.2235478806907379	B cell	NK	2	5	6	3	4	ENSG00000262265	1.0	False
0.0008182559735456925	0.6019900497512438	0.2452540106951871	0.2661960132890365	Plasma cell	B cell	2	6	6	3	4	ENSG00000286162	1.0	False
0.0002931883747877827	0.6019900497512438	0.22889276678413295	0.5089018402458985	B cell	Dendritic cell	2	4	4	3	3	ENSG00000288623	1.0	False
0.0001647924728583538	0.6019900497512438	0.1197470116257297	0.1763984029734295	T cell	Erythroid	2	7	13	7	11	ENSG00000291073	1.0	False
0.00015939296248435267	0.6019900497512438	0.12273451079695308	0.31381606470506207	Dendritic cell	B cell	2	6	9	4	6	GUF1	1.0	False
0.0008751427583137226	0.6019900497512438	0.3941760018453444	0.6089306139234812	Erythroid	B cell	2	3	4	3	4	KIF9	1.0	False
0.00023425711393508433	0.6019900497512438	0.142773691825416	0.20889882161722878	Dendritic cell	Monocyte	2	6	7	3	6	LINC01004	1.0	False
6.119833919783642e-05	0.6019900497512438	0.053952516908145565	0.12166137350614625	T cell	Plasma cell	2	7	13	6	10	MFSD14B	1.0	False
0.0006122954308788115	0.6019900497512438	0.13409938874335153	0.10957792207792205	NK	Plasma cell	2	4	6	3	5	NAALADL2	1.0	False
0.00038700345000531146	0.6019900497512438	0.21898386708724066	0.2548153107912064	B cell	Erythroid	2	7	9	3	7	NRROS	1.0	False
0.0005750998117979891	0.6019900497512438	0.24235854016592162	0.2632522931822756	Dendritic cell	NK	2	6	10	3	7	PTDSS1	1.0	False
0.00025924272327340983	0.6019900497512438	0.11116132274828788	0.09659609027698624	Plasma cell	B cell	2	7	9	4	6	PXK	1.0	False
0.0002710761576170537	0.6019900497512438	0.08982437788911674	0.12391160220994474	Erythroid	Monocyte	2	7	9	4	7	QRICH1	1.0	False
0.0003508794489348458	0.6019900497512438	0.15776286553151025	0.18481995087546077	Plasma cell	Monocyte	2	7	11	3	9	RPS6KB1	1.0	False
0.00025846088506529787	0.6019900497512438	0.11913620785818169	0.09984625466276847	Erythroid	Plasma cell	2	6	10	4	7	RUFY1	1.0	False
0.0005575528782261878	0.6019900497512438	0.13577621458764588	0.2631968992301296	Monocyte	T cell	2	7	9	5	8	RYBP	1.0	False
0.00011939753875320986	0.6019900497512438	0.14043443763191366	0.17761340343997867	T cell	Plasma cell	2	5	7	3	4	SDHAP4	1.0	False
0.00010162333052240912	0.6019900497512438	0.06508686539851527	0.11748145106894631	Erythroid	Dendritic cell	2	7	9	3	6	TENT4A	1.0	False
0.00017670912300254263	0.6019900497512438	0.21885506407140448	0.16554629760391654	Plasma cell	Erythroid	2	7	13	4	9	UBN1	1.0	False
0.00022771313691587533	0.6069651741293532	0.10805596580217086	0.02694415698899999	NK	B cell	2	4	5	3	4	ARL2BP	1.0	False
0.0026536930240608505	0.6069651741293532	0.15237565469987135	0.17955094157411883	B cell	Erythroid	2	5	7	3	5	ASCC1	1.0	False
0.0003080858081083241	0.6069651741293532	0.18152335095163874	0.18945989449320316	Monocyte	Plasma cell	2	7	18	6	13	CKAP2	1.0	False
0.0006408741248920309	0.6069651741293532	0.19355479577356954	0.2608508624768787	Monocyte	Erythroid	2	7	10	3	6	COLGALT1	1.0	False
0.00035435306096680497	0.6069651741293532	0.1557734417009436	0.1574711503078265	T cell	Erythroid	2	7	17	7	12	CRYZL1	1.0	False
9.889064832504654e-05	0.6069651741293532	0.08685672164022429	0.2489850116180506	T cell	B cell	2	7	11	6	10	CYTH1	1.0	False
0.00020973783638898762	0.6069651741293532	0.2170282084872136	0.11460096479350029	NK	Plasma cell	2	7	9	3	8	EEA1	1.0	False
0.0004209708278271185	0.6069651741293532	0.20210051351513214	0.22222222222222227	Dendritic cell	Erythroid	2	5	7	3	6	EIF2B3	1.0	False
0.00026629308591788725	0.6069651741293532	0.18428395947519843	0.15756558877364246	Monocyte	Dendritic cell	2	6	10	3	7	HMG20A	1.0	False
0.00012127927942893411	0.6069651741293532	0.2203327802392792	0.27821940891335034	Dendritic cell	Monocyte	2	7	9	3	7	JMY	1.0	False
0.00030011711795846616	0.6069651741293532	0.23273501993389956	0.09292552652688002	Dendritic cell	Monocyte	2	6	6	3	5	MCOLN2	1.0	False
0.00016064778521168642	0.6069651741293532	0.20325482336783268	0.4353719503950575	Erythroid	Plasma cell	2	7	11	4	9	MTG1	1.0	False
0.0028563773525104538	0.6069651741293532	0.33018094513823126	0.46554621848739497	Erythroid	T cell	2	6	12	4	8	MVD	1.0	False
0.0001726386469660286	0.6069651741293532	0.23353065645776055	0.23347512267010534	NK	Monocyte	2	7	9	4	7	PCBP2	1.0	False
0.000255561772986781	0.6069651741293532	0.35033976113556653	0.2029950695415409	Erythroid	T cell	2	4	8	3	7	RBBP7	1.0	False
0.0005555164969961499	0.6069651741293532	0.17747338693276438	0.21316013387032734	Dendritic cell	Plasma cell	2	7	10	5	7	RBM4	1.0	False
4.106207875695869e-05	0.6069651741293532	0.03015381599182737	0.22057336253507887	T cell	NK	2	7	17	9	16	ROCK1	1.0	False
0.0003994405437152853	0.6069651741293532	0.11268221637762516	0.2268354327177857	B cell	T cell	2	4	5	3	4	SIDT2	1.0	False
9.558315608755877e-05	0.6069651741293532	0.062203952868130186	0.0632713386931667	T cell	Dendritic cell	2	6	11	5	7	STX17	1.0	False
0.019531233318015116	0.6069651741293532	0.27019839795928347	0.7248113372083562	Dendritic cell	Plasma cell	2	7	10	4	7	TMSB4X	1.0	False
0.0004744568190603231	0.6069651741293532	0.18975686843800332	0.31816525730000994	NK	Plasma cell	2	7	13	4	9	VPS35	1.0	False
4.6535690241818686e-05	0.6069651741293532	0.12573181226817293	0.1566349078321655	B cell	Monocyte	2	7	15	7	11	ZFX	1.0	False
0.001332691943222897	0.6119402985074627	0.11811837948308884	0.21907808869569462	Monocyte	B cell	2	7	13	6	11	ASMTL	1.0	False
0.0001252403166040736	0.6119402985074627	0.2221601020976407	0.4561133987963257	Plasma cell	NK	2	5	7	3	4	ASPSCR1	1.0	False
0.00013099782059742957	0.6119402985074627	0.08842605108545532	0.17107215226516137	B cell	T cell	2	5	6	3	6	C1orf52	1.0	False
0.0003074908108338462	0.6119402985074627	0.21447507279659733	0.22209842967766302	Dendritic cell	Plasma cell	2	7	15	4	10	CA5BP1	1.0	False
0.0003151280464175019	0.6119402985074627	0.18029663747262303	0.20068807339449546	Plasma cell	NK	2	6	7	3	5	CLNS1A	1.0	False
0.0010472531269586252	0.6119402985074627	0.14308783892063276	0.16919220690440923	NK	B cell	2	4	5	3	4	CLUAP1	1.0	False
0.000417948102791028	0.6119402985074627	0.20302697956044663	0.33416452166452165	Dendritic cell	Monocyte	2	7	13	4	8	CPQ	1.0	False
0.00018164988872605345	0.6119402985074627	0.13738388833903403	0.12566127526111537	Erythroid	T cell	2	3	5	3	4	CR1	1.0	False
0.00038714433815254803	0.6119402985074627	0.13381198434971292	0.09017487582781458	T cell	B cell	2	4	6	3	5	ENSG00000226824	1.0	False
0.00045070431660506434	0.6119402985074627	0.18256629709971844	0.21609830347872538	Plasma cell	Erythroid	2	6	9	4	7	ENSG00000291143	1.0	False
0.00024402175139947218	0.6119402985074627	0.0881006273256913	0.15164378128651212	Monocyte	NK	2	7	10	3	7	ERCC8	1.0	False
0.0005139344704668779	0.6119402985074627	0.15104019163598614	0.11516446082537557	T cell	Erythroid	2	3	4	3	3	ERP29	1.0	False
0.00024022927707121795	0.6119402985074627	0.3276478748142869	0.4429066899404243	Erythroid	Plasma cell	2	7	8	3	6	MRPS33	1.0	False
0.0006154593378152978	0.6119402985074627	0.10445774415470843	0.16502397714518935	Erythroid	Dendritic cell	2	6	9	4	5	NFXL1	1.0	False
0.0006521564775751443	0.6119402985074627	0.19059599584051862	0.25330139067430174	NK	B cell	2	4	6	3	5	RAB27B	1.0	False
0.0008856705882861304	0.6119402985074627	0.09886116806221695	0.1073820999796774	Monocyte	Plasma cell	2	7	10	5	8	RAB8A	1.0	False
0.0008848108919927329	0.6119402985074627	0.16067447040233518	0.20041744382271964	Erythroid	Dendritic cell	2	6	9	3	5	RBM19	1.0	False
0.00018482137440731903	0.6119402985074627	0.16217306153162842	0.23799849206639084	NK	Plasma cell	2	7	17	6	11	RCBTB1	1.0	False
0.00022945494120261617	0.6119402985074627	0.13137554618528174	0.1588079160700056	T cell	Plasma cell	2	7	9	3	7	SCYL2	1.0	False
0.0002913009178388634	0.6119402985074627	0.12943960656170173	0.15292223860517018	Plasma cell	T cell	2	7	18	7	13	SPATA13	1.0	False
0.00011502133526744641	0.6119402985074627	0.04774052078288288	0.043648542303398596	Dendritic cell	T cell	2	3	5	3	4	SSH1	1.0	False
0.0004205589428727091	0.6119402985074627	0.0550800197882364	0.1082906712172923	NK	B cell	2	7	11	4	9	STAT5B	1.0	False
0.0011609222557903702	0.6119402985074627	0.29504972284499953	0.4925029472443265	NK	B cell	2	3	4	3	4	STING1	1.0	False
0.0001679850963405195	0.6119402985074627	0.17449111079255686	0.19904218588429112	B cell	Plasma cell	2	7	12	4	7	STX18	1.0	False
0.0003741879886785841	0.6119402985074627	0.1141063583514706	0.08793659444974339	Erythroid	T cell	2	4	9	5	7	SURF6	1.0	False
1.8601172699443424e-05	0.6119402985074627	0.03963133576663036	0.08109288086185862	Dendritic cell	T cell	2	7	19	10	15	TRAPPC10	1.0	False
0.0002348405675676209	0.6119402985074627	0.24155768860860577	0.30297981850196404	Plasma cell	NK	2	7	15	4	9	TRMT6	1.0	False
0.00047416701058695514	0.6119402985074627	0.13118754889542983	0.0759412488905431	Dendritic cell	Plasma cell	2	6	9	4	7	ZBTB44	1.0	False
0.0008528950445739497	0.6119402985074627	0.08307951842835565	0.18306210675984508	Dendritic cell	Monocyte	2	7	7	3	7	ZNF124	1.0	False
0.0007206142228922709	0.6119402985074627	0.10676309311519272	0.2119058329584645	NK	Dendritic cell	2	6	11	5	8	ZRSR2	1.0	False
0.0003828340248747777	0.6169154228855721	0.06939818851409152	0.10875160875160872	Dendritic cell	NK	2	6	9	4	7	ARL17B	1.0	False
0.0003587174547454933	0.6169154228855721	0.07173633515538191	0.08776851198086622	Plasma cell	Dendritic cell	2	7	8	4	7	BBS9	1.0	False
0.00044905762547607663	0.6169154228855721	0.09637014126839422	0.14079726828258787	Plasma cell	T cell	2	7	8	3	6	CRY2	1.0	False
0.00010166831423934536	0.6169154228855721	0.15826056112151538	0.2747627341271707	Erythroid	T cell	2	5	10	3	7	CYBB	1.0	False
0.0006400790819390838	0.6169154228855721	0.11235672793509427	0.13967505241090145	T cell	NK	2	4	4	3	3	DERL2	1.0	False
0.0002626024381305637	0.6169154228855721	0.16438007972653373	0.1902161282825935	NK	T cell	2	3	5	3	4	ELMOD2	1.0	False
0.0003902657140261202	0.6169154228855721	0.13549164491030796	0.1472447335735455	Erythroid	Monocyte	2	6	9	4	6	ENSG00000225218	1.0	False
0.0002804298476931364	0.6169154228855721	0.25724235789855404	0.19196604816423213	Dendritic cell	T cell	2	6	9	3	5	ENSG00000268027	1.0	False
7.757760292341807e-05	0.6169154228855721	0.03782373706710984	0.051430287359212346	Dendritic cell	B cell	2	7	18	7	13	GALNT1	1.0	False
0.0009636325640692341	0.6169154228855721	0.032121389385740884	0.12148635678047442	Erythroid	NK	2	4	5	3	5	HARS1	1.0	False
6.882278839977309e-05	0.6169154228855721	0.3015287799966061	0.32819913353817964	NK	Monocyte	2	7	16	4	12	MRPL39	1.0	False
0.001060361469069426	0.6169154228855721	0.13646489633333525	0.1921518198113943	Dendritic cell	B cell	2	5	6	3	3	NCF1	1.0	False
9.10253170602051e-05	0.6169154228855721	0.03800470977265075	0.12928449733412317	T cell	Dendritic cell	2	7	14	8	13	PCM1	1.0	False
0.00013582864310330686	0.6169154228855721	0.16017455779817924	0.12570131145241603	Monocyte	Plasma cell	2	7	12	3	9	PKD2	1.0	False
0.0001939065675279645	0.6169154228855721	0.06305711179353496	0.2760118763589143	Erythroid	NK	2	7	13	3	10	PRC1	1.0	False
0.0002943539802671316	0.6169154228855721	0.2078772435428955	0.2246986203430384	T cell	Monocyte	2	7	10	3	7	SFXN1	1.0	False
0.0002915239474699963	0.6169154228855721	0.19550122789156116	0.27382629064820163	Plasma cell	Monocyte	2	7	9	4	7	SS18L2	1.0	False
0.0006282061158825259	0.6169154228855721	0.25720780706894636	0.280091533180778	Plasma cell	NK	2	6	6	3	4	TCF3	1.0	False
0.00020524150238160888	0.6169154228855721	0.1620342542588864	0.2011559170149479	T cell	B cell	2	4	7	4	5	TJP2	1.0	False
7.060671013617725e-05	0.6169154228855721	0.09058399844216053	0.23346683828762188	Dendritic cell	T cell	2	7	17	9	12	TM9SF2	1.0	False
0.0006198963503912989	0.6169154228855721	0.22902391033970088	0.25744000562172803	NK	Plasma cell	2	6	9	3	6	TMEM128	1.0	False
0.0002918622569404727	0.6169154228855721	0.06277949772610592	0.1155172413793103	Dendritic cell	B cell	2	7	10	3	7	TMEM62	1.0	False
0.00030981005862308446	0.6169154228855721	0.16151108113757395	0.13902797103195907	T cell	Erythroid	2	6	11	4	9	UTP6	1.0	False
0.0002733084875476336	0.6218905472636815	0.29148920363619074	0.2482210589009749	NK	Erythroid	2	5	8	3	6	ACLY	1.0	False
0.00044832698707537145	0.6218905472636815	0.18500661402622193	0.24628896585848592	T cell	Plasma cell	2	6	12	4	8	ADAT1	1.0	False
9.097983591239365e-05	0.6218905472636815	0.033776064311590304	0.09754997662281867	B cell	T cell	2	7	19	6	14	AGPAT3	1.0	False
7.488421598991176e-05	0.6218905472636815	0.20254039674680246	0.5217169906911181	Plasma cell	Erythroid	2	7	10	4	8	AHNAK	1.0	False
0.0013725128711612187	0.6218905472636815	0.11243229776618702	0.483098149289205	B cell	NK	2	7	9	4	8	ATP1B3	1.0	False
0.0006272051646355159	0.6218905472636815	0.41794233258185465	0.728083853083853	Monocyte	Erythroid	2	7	13	3	9	CENPN	1.0	False
5.213198785544053e-05	0.6218905472636815	0.4482379801193245	0.8647766893574631	T cell	Dendritic cell	2	7	7	3	6	CERS2	1.0	False
0.00013370489514521544	0.6218905472636815	0.058050232302723104	0.07450387615352266	T cell	Plasma cell	2	7	11	4	6	DAPK1	1.0	False
9.424176953675633e-05	0.6218905472636815	0.12033705188877963	0.06833189778926219	B cell	Dendritic cell	2	7	18	7	10	DOCK9	1.0	False
9.075134492445862e-05	0.6218905472636815	0.07628335997759322	0.19671455280255412	Plasma cell	Erythroid	2	7	18	8	12	ENOSF1	1.0	False
0.0005134085190985964	0.6218905472636815	0.08269966396602357	0.041782028693682305	B cell	T cell	2	4	6	3	5	ETHE1	1.0	False
0.00017968140909987006	0.6218905472636815	0.07968714212479588	0.07512288140442436	Dendritic cell	NK	2	7	7	5	7	FAF1	1.0	False
6.379447796303535e-05	0.6218905472636815	0.10118374693014615	0.07567626172277336	B cell	T cell	2	5	8	3	5	FAM120C	1.0	False
0.000595839100494565	0.6218905472636815	0.17074168817285845	0.2618834789694195	Erythroid	Plasma cell	2	6	7	3	4	FANCD2	1.0	False
0.00041997013983306335	0.6218905472636815	0.19017911541977128	0.3123729012957766	Erythroid	T cell	2	7	13	3	7	GSR	1.0	False
0.00011837149733455588	0.6218905472636815	0.07849403830692075	0.047975129448514675	Monocyte	Plasma cell	2	7	11	5	10	H3-3B	1.0	False
0.0009448305441026408	0.6218905472636815	0.11994037659821699	0.2142735169226216	NK	Plasma cell	2	6	11	5	8	HACD3	1.0	False
6.891864499462575e-05	0.6218905472636815	0.1933038239642738	0.2515792990891512	Dendritic cell	NK	2	5	9	3	7	IRF7	1.0	False
4.302818685283176e-05	0.6218905472636815	0.2298436321217313	0.44158050139703275	Dendritic cell	Erythroid	2	7	11	6	10	LSM4	1.0	False
0.00011119200718833313	0.6218905472636815	0.19923359972753113	0.21368861024033442	Dendritic cell	Erythroid	2	6	9	3	6	NARF	1.0	False
0.0005432751044005012	0.6218905472636815	0.24794269388829565	0.4063319563242428	Dendritic cell	T cell	2	4	5	3	4	PHC2	1.0	False
0.00037454679823778806	0.6218905472636815	0.2824534663091413	0.2378192123144302	NK	Dendritic cell	2	4	5	3	3	PXN	1.0	False
0.0004056493069452377	0.6218905472636815	0.11851560960210272	0.22314249869478153	Plasma cell	Erythroid	2	7	14	7	11	RAB2A	1.0	False
6.452353002636404e-05	0.6218905472636815	0.09961159246026657	0.16067750133761372	Dendritic cell	Plasma cell	2	7	18	9	13	RNF138	1.0	False
0.000223570330758536	0.6218905472636815	0.0603841833960857	0.04742608073968824	Dendritic cell	NK	2	5	5	3	5	SLC3A2	1.0	False
0.0003482384590164608	0.6218905472636815	0.10981525355371025	0.22169318695777313	Erythroid	Plasma cell	2	6	11	5	8	SLF2	1.0	False
0.00019388115901005002	0.6218905472636815	0.06440684320169543	0.09489306038184142	B cell	Plasma cell	2	7	9	5	8	SMARCC1	1.0	False
0.0003673419412548151	0.6218905472636815	0.07443153810949521	0.16289717829159256	Erythroid	NK	2	6	5	3	4	TFAM	1.0	False
0.0010422645221320596	0.6218905472636815	0.25399471248610705	0.27327467218771573	Erythroid	Plasma cell	2	7	11	5	8	TM2D3	1.0	False
0.00029816253471728795	0.6218905472636815	0.09053500904851675	0.16304569563443494	Erythroid	T cell	2	7	16	6	11	TM9SF4	1.0	False
0.0002467497153896153	0.6218905472636815	0.2945761452651806	0.43101795803066995	T cell	Erythroid	2	7	7	3	6	TRAF3IP3	1.0	False
0.0007326649569492464	0.6218905472636815	0.17959006413290218	0.2873467815832459	NK	Dendritic cell	2	6	7	3	5	TRIM23	1.0	False
0.0005308374451307806	0.6218905472636815	0.11187280108040348	0.10730431208902375	Dendritic cell	B cell	2	6	10	5	6	TVP23C	1.0	False
4.983342728604177e-05	0.6218905472636815	0.04117494259817678	0.20423784421115315	Plasma cell	NK	2	7	13	8	12	UBR1	1.0	False
0.0005423479992918981	0.6218905472636815	0.1497367878803753	0.1513081418493925	T cell	Plasma cell	2	6	8	3	5	ZNF439	1.0	False
0.00040135321825103255	0.6218905472636815	0.14616208357309063	0.19374027865109045	NK	B cell	2	5	8	3	6	ZNF69	1.0	False
0.00021669191329312708	0.6268656716417911	0.09652870876849906	0.24472573839662448	Dendritic cell	B cell	2	4	5	3	4	ACAA1	1.0	False
0.0002000579903698087	0.6268656716417911	0.14781172311933283	0.37342259156663593	B cell	Plasma cell	2	5	8	3	5	ACAD9	1.0	False
0.0010947112990055104	0.6268656716417911	0.3183688912668188	0.23706317204301075	NK	Dendritic cell	2	4	5	3	4	ANGEL2	1.0	False
9.226804413950965e-05	0.6268656716417911	0.1818780722639733	0.26491383966685833	Monocyte	Plasma cell	2	7	9	5	8	ATP5F1C	1.0	False
0.00028835608218287555	0.6268656716417911	0.15212482203413108	0.2205665455533629	Erythroid	Dendritic cell	2	7	13	5	9	ATP6V1H	1.0	False
0.00014701077410565237	0.6268656716417911	0.10872202463900116	0.09286251373705823	B cell	Dendritic cell	2	7	8	3	6	DENND5A	1.0	False
0.00039219880002996015	0.6268656716417911	0.2921797674175339	0.24898753894080997	NK	Plasma cell	2	5	7	3	5	DTWD2	1.0	False
9.457643352457672e-05	0.6268656716417911	0.09245886138842602	0.031155976989952705	T cell	B cell	2	7	5	3	4	GABARAP	1.0	False
0.00011397066407680031	0.6268656716417911	0.1329843414518681	0.23942894988593721	NK	Erythroid	2	7	11	5	9	HELLS	1.0	False
0.0013035092407820117	0.6268656716417911	0.04796245990046871	0.0774219090225266	NK	Erythroid	2	5	6	3	4	HMGCR	1.0	False
0.0002846359928906038	0.6268656716417911	0.12817816756491168	0.08044526375496314	Erythroid	T cell	2	4	5	3	4	HNRNPH2	1.0	False
0.00035355071989367424	0.6268656716417911	0.2063760153696952	0.23590797691517118	Plasma cell	Monocyte	2	7	7	3	7	KHDRBS1	1.0	False
0.0010212924366272138	0.6268656716417911	0.10510290985758347	0.1573283792764441	B cell	NK	2	5	8	4	6	LDLR	1.0	False
0.00017615859289254687	0.6268656716417911	0.09680165441194583	0.06781291899992115	Plasma cell	T cell	2	7	11	4	7	LINC01278	1.0	False
0.00023655262980414735	0.6268656716417911	0.40693742408156386	0.5078274150439099	Dendritic cell	T cell	2	7	7	3	7	LZIC	1.0	False
9.734926459992036e-05	0.6268656716417911	0.09404351585020793	0.07180414088161347	Erythroid	Plasma cell	2	7	11	6	10	MED13	1.0	False
0.0005426599146523004	0.6268656716417911	0.0625309230404073	0.18493069914071658	NK	Erythroid	2	3	4	3	4	MYH11	1.0	False
5.6303458087901026e-05	0.6268656716417911	0.19141840298699814	0.36909975623581703	Plasma cell	NK	2	7	13	6	11	NME3	1.0	False
0.0003960111722709958	0.6268656716417911	0.20374990764217096	0.2832160310960998	B cell	Plasma cell	2	7	9	4	7	PSMD13	1.0	False
7.443504350495554e-05	0.6268656716417911	0.15522812766755384	0.34384449848619875	Monocyte	B cell	2	7	13	4	7	RAB31	1.0	False
7.911214720932222e-05	0.6268656716417911	0.18927822812589856	0.2607920330790286	Monocyte	Erythroid	2	7	16	6	10	RASSF2	1.0	False
0.0001961367161152158	0.6268656716417911	0.1600970550502564	0.2016317016317017	Erythroid	Plasma cell	2	6	11	4	8	RUFY2	1.0	False
7.336798263398414e-05	0.6268656716417911	0.2245464996668372	0.30310438325576	B cell	NK	2	7	10	3	8	SLC25A39	1.0	False
0.00012411025989400354	0.6268656716417911	0.08993845034103054	0.06694838334318592	Dendritic cell	B cell	2	7	10	5	10	SRPRA	1.0	False
0.00038208552215268887	0.6268656716417911	0.2239970062703452	0.226661867050636	B cell	Plasma cell	2	6	7	3	4	STXBP4	1.0	False
0.0006333673397022981	0.6268656716417911	0.2744130998881253	0.19607843137254904	Plasma cell	NK	2	6	8	3	5	TMEM168	1.0	False
0.00037871821905859066	0.6268656716417911	0.22649133952737927	0.27799934619156585	Plasma cell	Monocyte	2	7	11	5	8	USP3-AS1	1.0	False
0.00024321548389070628	0.6318407960199005	0.10313799291371362	0.13091170484885828	T cell	B cell	2	4	6	3	5	AGAP6	1.0	False
0.0005338634999484342	0.6318407960199005	0.12680315009648147	0.14516129032258063	NK	Monocyte	2	7	10	3	6	ARSG	1.0	False
0.00029686505217208745	0.6318407960199005	0.3199674759600011	0.49943186122263467	Plasma cell	B cell	2	6	12	3	7	BUB1B	1.0	False
0.00012380723282169137	0.6318407960199005	0.10159348062438761	0.25631578616035455	Plasma cell	NK	2	6	9	5	8	CDK5RAP3	1.0	False
0.00022188635301604386	0.6318407960199005	0.1510431434225294	0.20935941087972132	B cell	Dendritic cell	2	5	9	4	7	DCTD	1.0	False
0.0005633614315658211	0.6318407960199005	0.15536273726832966	0.21125203280014454	Monocyte	B cell	2	7	9	3	5	DTX3L	1.0	False
0.0002452853865545336	0.6318407960199005	0.17769339886545982	0.18509390344089716	Plasma cell	T cell	2	6	10	3	6	ENSG00000291259	1.0	False
0.00012948674368252667	0.6318407960199005	0.16660666971268234	0.24587568995467118	Plasma cell	Dendritic cell	2	6	8	4	5	ERCC6	1.0	False
7.301639447584996e-05	0.6318407960199005	0.1268685623463236	0.27946602227854067	Plasma cell	Erythroid	2	7	12	6	11	FIP1L1	1.0	False
0.00021450934345012548	0.6318407960199005	0.09863739036189101	0.12778500880483878	B cell	NK	2	3	5	3	4	HACD2	1.0	False
9.503788253840449e-05	0.6318407960199005	0.08666563199806587	0.13429321548641548	Erythroid	B cell	2	7	8	3	5	INPP5A	1.0	False
0.0014539329721097683	0.6318407960199005	0.09985229856017425	0.1371835825020905	NK	Dendritic cell	2	7	17	5	11	ITSN1	1.0	False
1.6074605328203953e-05	0.6318407960199005	0.17428332266853835	0.1503543879639278	Erythroid	Plasma cell	2	3	6	3	5	LINC00926	1.0	False
7.021120374727668e-05	0.6318407960199005	0.01147396832090064	0.061880643030169546	T cell	NK	2	3	3	3	3	LPCAT3	1.0	False
0.00027125416255615714	0.6318407960199005	0.2179911848898059	0.2878203854559904	Dendritic cell	T cell	2	6	9	3	7	MAEA	1.0	False
3.129038015055356e-05	0.6318407960199005	0.04457458952465032	0.008971713990987562	NK	Erythroid	2	2	4	4	4	MRPL21	1.0	False
0.00022519991664582612	0.6318407960199005	0.20366866031077718	0.3802178513032606	NK	Plasma cell	2	7	11	4	7	MRPL4	1.0	False
8.932154658936353e-05	0.6318407960199005	0.06426074252130798	0.10785833925109589	NK	B cell	2	7	10	5	8	MSH3	1.0	False
0.0018541868664565175	0.6318407960199005	0.17408422305150723	0.25681452539646055	Dendritic cell	B cell	2	4	6	3	4	NDRG3	1.0	False
0.000666423872434623	0.6318407960199005	0.07697328249922303	0.11702696640844712	T cell	NK	2	3	6	3	5	NKRF	1.0	False
0.0006957961493152201	0.6318407960199005	0.4301913308444233	0.5990102365941292	Monocyte	Plasma cell	2	7	13	5	9	NUBP2	1.0	False
0.0011505961049520941	0.6318407960199005	0.36414362610947903	0.39589195783959863	Dendritic cell	Monocyte	2	7	9	5	8	PCNP	1.0	False
0.00026085364375568696	0.6318407960199005	0.5001517181847923	0.27768822742826205	T cell	NK	2	5	8	3	6	PTGDS	1.0	False
0.000308000887873875	0.6318407960199005	0.13477248110554502	0.06735368262372299	Monocyte	Plasma cell	2	7	13	8	10	RABGAP1	1.0	False
0.0005550363831122577	0.6318407960199005	0.09920211452032379	0.10717185946304275	B cell	Erythroid	2	3	4	3	4	RAD51C	1.0	False
0.0012104312247033934	0.6318407960199005	0.14409780139866674	0.1680969587473653	T cell	NK	2	3	4	3	3	RANBP17	1.0	False
0.00012909348041407684	0.6318407960199005	0.17067392574460777	0.24868981685026814	B cell	Erythroid	2	4	9	5	7	RCL1	1.0	False
0.0005355223386679004	0.6318407960199005	0.23100387473885153	0.612195558739255	Monocyte	Plasma cell	2	7	10	4	5	SEPTIN1	1.0	False
0.00020829038893512266	0.6318407960199005	0.09813404559735678	0.2256554307116105	T cell	Erythroid	2	4	4	3	3	SHLD3	1.0	False
0.00045006395324706413	0.6318407960199005	0.2125775213886757	0.20957655887082366	Monocyte	B cell	2	7	8	3	6	SLC15A4	1.0	False
0.0004546650979807098	0.6318407960199005	0.1174142375222218	0.2533075299085152	Monocyte	B cell	2	7	9	3	6	SMAD5	1.0	False
0.00033769275736678306	0.6318407960199005	0.08044080245569146	0.1378945405891514	T cell	NK	2	7	9	4	8	SMARCC2	1.0	False
0.00010750026802885746	0.6318407960199005	0.32225390934770404	0.388742877675684	Monocyte	Plasma cell	2	7	7	4	7	SRSF4	1.0	False
0.0021637098424522674	0.6318407960199005	0.2816003853056505	0.4450663349917081	Plasma cell	Monocyte	2	7	9	3	5	STK32C	1.0	False
7.97943193541774e-05	0.6318407960199005	0.19585833008923897	0.13138857083376698	Monocyte	T cell	2	7	11	6	10	TM9SF3	1.0	False
0.0003678362995818348	0.6318407960199005	0.11528418980246541	0.15321666876495021	Dendritic cell	NK	2	6	8	3	6	TMEM161B-DT	1.0	False
0.00023404886616612845	0.6318407960199005	0.14879080592227245	0.12469374597034172	T cell	Plasma cell	2	7	11	3	6	TRAPPC11	1.0	False
0.0007258079121293969	0.6318407960199005	0.3661632387283453	0.4998354839349072	Plasma cell	NK	2	6	8	3	5	TRBC2	1.0	False
0.0014266543283116555	0.6318407960199005	0.11181796721770731	0.21928418803418798	Plasma cell	Erythroid	2	7	11	4	9	VPS26A	1.0	False
0.00016336549800178123	0.6318407960199005	0.12890967363968664	0.22525595837529366	Dendritic cell	Erythroid	2	7	6	3	5	WDR48	1.0	False
0.00032831123313310014	0.6318407960199005	0.21507891641945237	0.23648934669112465	NK	Dendritic cell	2	6	8	3	5	ZNF484	1.0	False
0.0003551867171977208	0.6368159203980099	0.12610592349724464	0.11138519924098672	Erythroid	B cell	2	4	6	3	5	ACO1	1.0	False
0.00042885634895118644	0.6368159203980099	0.139574715713626	0.054480348523788635	Erythroid	NK	2	4	6	3	5	AMPD3	1.0	False
0.0006291451462833434	0.6368159203980099	0.09833640673167127	0.11447285177328714	NK	Plasma cell	2	6	7	3	5	ATG101	1.0	False
0.00012918587808629	0.6368159203980099	0.36745446060363995	0.2774066961676546	Dendritic cell	B cell	2	5	11	4	7	CXXC1	1.0	False
0.0004687427154625972	0.6368159203980099	0.21004684590281697	0.27593246957204554	Dendritic cell	T cell	2	6	9	3	6	DDA1	1.0	False
0.0003743202556130809	0.6368159203980099	0.15669768649566046	0.12813406106089026	NK	Plasma cell	2	7	14	3	9	DGKH	1.0	False
0.0019900837438286503	0.6368159203980099	0.05390808451570839	0.07889936150805715	B cell	Monocyte	2	5	7	3	5	DHRS12	1.0	False
0.0001586180727048987	0.6368159203980099	0.16912565933080048	0.30865014911955685	T cell	Dendritic cell	2	7	11	3	7	EXOSC3	1.0	False
0.00023523208411177667	0.6368159203980099	0.26255496967027553	0.24112164982538803	Erythroid	B cell	2	6	12	5	8	FBXO22	1.0	False
0.00014791594588695132	0.6368159203980099	0.056043713616273805	0.12393583428066185	Erythroid	T cell	2	2	4	4	4	FZD6	1.0	False
8.626775297570629e-05	0.6368159203980099	0.28020751022192797	0.5644590495449949	B cell	Erythroid	2	3	5	3	4	GM2A	1.0	False
0.00016193904690314933	0.6368159203980099	0.05606939321143839	0.2107910413073526	B cell	Monocyte	2	7	13	6	10	KATNBL1	1.0	False
0.00046618757645801426	0.6368159203980099	0.13858167254669151	0.22304363651069686	Monocyte	NK	2	7	11	4	8	KDM4B	1.0	False
0.0008917056000771962	0.6368159203980099	0.05521164021164021	0.11386809269162207	B cell	NK	2	5	8	4	6	MAP2K6	1.0	False
0.00034727265211013177	0.6368159203980099	0.09019087131477677	0.03911085260913005	Plasma cell	T cell	2	6	10	3	7	MRTFB	1.0	False
0.0003415173448669791	0.6368159203980099	0.07467471975751139	0.07508188460569415	T cell	Erythroid	2	5	8	3	6	MTMR8	1.0	False
0.0001401432475344141	0.6368159203980099	0.11797839643982333	0.14272827430924745	T cell	Monocyte	2	7	13	5	9	N4BP1	1.0	False
1.0946313029272533e-05	0.6368159203980099	0.06815412245997632	0.684434080121458	Plasma cell	Monocyte	2	7	9	6	9	NACA	1.0	False
0.0002566200668091736	0.6368159203980099	0.29831170054389855	0.34929294556061075	Erythroid	Plasma cell	2	7	18	7	11	PCID2	1.0	False
0.00016350745360958535	0.6368159203980099	0.3732410663475473	0.379189243427654	Plasma cell	Erythroid	2	6	9	4	6	PITRM1	1.0	False
0.0001927612249074533	0.6368159203980099	0.04078061708544145	0.13342655116749652	NK	B cell	2	7	13	6	11	PRRC2B	1.0	False
1.409866742631777e-05	0.6368159203980099	0.46505020815782433	0.662075055187638	Dendritic cell	NK	2	6	9	3	5	PRSS57	1.0	False
0.0005109063392198657	0.6368159203980099	0.2864252602867303	0.3595986622073579	Plasma cell	Erythroid	2	6	6	3	4	PSMD11	1.0	False
0.00019950640505076315	0.6368159203980099	0.36734667358348316	0.48594298245614037	T cell	B cell	2	7	9	3	6	PTPN6	1.0	False
9.751633202950944e-05	0.6368159203980099	0.14158749546227983	0.2112945360694951	B cell	Plasma cell	2	7	11	5	8	PTPRE	1.0	False
6.156182041469233e-05	0.6368159203980099	0.10608017068504921	0.2998253495034846	Erythroid	Monocyte	2	7	12	8	11	RHOH	1.0	False
0.0007097620721730439	0.6368159203980099	0.14240372951567098	0.14374055462696456	NK	B cell	2	6	8	3	6	RNF121	1.0	False
0.00039264703253898234	0.6368159203980099	0.27973533607236845	0.3935105947803322	T cell	Dendritic cell	2	5	12	5	6	SHCBP1	1.0	False
8.362839007941208e-05	0.6368159203980099	0.08422387261443282	0.061716802854742736	NK	Plasma cell	2	7	7	5	7	SMYD3	1.0	False
9.238084771166122e-05	0.6368159203980099	0.08593720633142526	0.2153360128786524	T cell	NK	2	7	10	6	9	UIMC1	1.0	False
0.00015342762995497697	0.6368159203980099	0.09794131819014579	0.33391122039293947	Plasma cell	B cell	2	7	14	6	12	XPO7	1.0	False
0.0008451491729130421	0.6368159203980099	0.10596395356938532	0.12791997646366576	Monocyte	Plasma cell	2	7	10	3	7	XRCC4	1.0	False
0.000638947832418431	0.6368159203980099	0.19150666886910372	0.38526460751524694	T cell	Plasma cell	2	7	7	3	6	YTHDF2	1.0	False
0.0004526109499695109	0.6417910447761194	0.13849585899090033	0.1625116495806151	NK	Plasma cell	2	4	10	4	7	ADGRG5	1.0	False
0.0003184455144463772	0.6417910447761194	0.17609857051177574	0.20946851593018673	NK	Plasma cell	2	7	8	4	7	C1GALT1	1.0	False
0.000137254444312576	0.6417910447761194	0.09070479556090288	0.18534014344707678	T cell	Monocyte	2	6	8	3	5	CMC1	1.0	False
8.211783366848325e-05	0.6417910447761194	0.2881926252655327	0.43430660688737693	Monocyte	Dendritic cell	2	7	9	6	9	CNBP	1.0	False
0.0001373183798890289	0.6417910447761194	0.06409264940273901	0.07023996411751514	B cell	Erythroid	2	2	4	4	4	COA6-AS1	1.0	False
0.00028378932053728574	0.6417910447761194	0.11770289496658909	0.32361027922763186	Plasma cell	Erythroid	2	7	7	4	6	COPA	1.0	False
0.00047084517111187685	0.6417910447761194	0.1795029122381877	0.13454131973737293	T cell	NK	2	7	8	3	7	CYP51A1	1.0	False
0.00033099103907637065	0.6417910447761194	0.1553989182381048	0.3321297989031079	Plasma cell	Monocyte	2	7	7	3	6	DAP3	1.0	False
0.0006472706021139736	0.6417910447761194	0.12419242314707307	0.05775322283609574	B cell	Erythroid	2	3	4	3	4	DAPK3	1.0	False
4.8586786343112226e-05	0.6417910447761194	0.3269329074333664	0.6114264433244714	Plasma cell	Monocyte	2	7	10	6	9	EIF3F	1.0	False
4.921663859853237e-05	0.6417910447761194	0.21081864907966047	0.40337941628264207	Dendritic cell	Erythroid	2	4	6	3	5	EPC1-AS1	1.0	False
0.0001679164949506395	0.6417910447761194	0.10661866905549944	0.07156192812906492	Monocyte	NK	2	7	17	6	11	ESF1	1.0	False
0.0007278998770680583	0.6417910447761194	0.16254723797999177	0.17116475692513067	Erythroid	NK	2	6	6	3	5	FEM1C	1.0	False
0.0006499064139734799	0.6417910447761194	0.2598594814831561	0.2683762111593719	B cell	Plasma cell	2	6	11	3	6	GINS1	1.0	False
6.809029560820651e-05	0.6417910447761194	0.12915082168859932	0.24416534848751148	T cell	Erythroid	2	7	11	5	10	HELZ	1.0	False
0.0010950385351738707	0.6417910447761194	0.2452419927689531	0.28733453670276776	NK	B cell	2	5	7	4	5	METAP1	1.0	False
0.00022242272874196966	0.6417910447761194	0.313189059446446	0.40946137138074645	Dendritic cell	T cell	2	6	7	3	5	MFSD1	1.0	False
6.557428333965055e-05	0.6417910447761194	0.10093290904654117	0.11043836829681347	Dendritic cell	T cell	2	7	19	8	13	MORC3	1.0	False
0.00020372592486568578	0.6417910447761194	0.07922644320166983	0.07485632603051434	Dendritic cell	NK	2	4	6	4	4	MRPL58	1.0	False
0.000429015080781513	0.6417910447761194	0.0789476997125419	0.14548160835168422	T cell	NK	2	4	6	4	5	NUDT21	1.0	False
5.712145927711131e-05	0.6417910447761194	0.29287058304040015	0.4772606644326135	Plasma cell	Erythroid	2	7	9	5	8	PPP1R12A	1.0	False
0.00014297321272962668	0.6417910447761194	0.11594726262871186	0.3730127141754087	T cell	Erythroid	2	7	10	6	9	PRDX5	1.0	False
0.000210212458550599	0.6417910447761194	0.1612138569451147	0.12966200466200467	B cell	T cell	2	6	9	4	6	RAD54L2	1.0	False
0.0004882540760100041	0.6417910447761194	0.08436399732411737	0.14390355702236896	T cell	B cell	2	5	8	3	6	SEC24A	1.0	False
0.000650915415885451	0.6417910447761194	0.0956350927694935	0.12494967290594411	T cell	B cell	2	6	9	3	7	SERGEF	1.0	False
0.0010154753426638709	0.6417910447761194	0.1793962839757537	0.19578351164254243	Dendritic cell	NK	2	6	10	4	6	SLC25A46	1.0	False
0.00024125147380851315	0.6417910447761194	0.0825875362551648	0.21955187012532335	NK	Monocyte	2	7	18	8	13	SS18	1.0	False
0.0008176569110746747	0.6417910447761194	0.4000731399712724	0.4793447293447294	Plasma cell	B cell	2	6	9	3	4	TMUB2	1.0	False
2.229841973025089e-05	0.6417910447761194	0.035771287440513055	0.06823384586248116	T cell	Monocyte	2	7	18	9	16	WDR7	1.0	False
0.00023188114980717564	0.6417910447761194	0.1353548345971078	0.12069377990430619	T cell	B cell	2	4	6	3	5	ZDHHC5	1.0	False
5.1187805028796415e-05	0.6467661691542289	0.2531831469222351	0.7264342773393628	Monocyte	T cell	2	7	7	4	6	ACTB	1.0	False
0.00010581075496271454	0.6467661691542289	0.06954029579193977	0.1912609522725225	B cell	T cell	2	7	8	5	8	AKAP9	1.0	False
7.306282529757484e-05	0.6467661691542289	0.0936578262309683	0.10934428595161788	Plasma cell	B cell	2	7	10	5	9	ARSB	1.0	False
0.000586844691939927	0.6467661691542289	0.07705349517420457	0.08553621319578764	T cell	NK	2	3	4	3	3	ASPN	1.0	False
0.00036953356675356803	0.6467661691542289	0.12659951075850895	0.215872437357631	Erythroid	B cell	2	6	8	3	4	CTBP1	1.0	False
0.00012469348354219242	0.6467661691542289	0.1704922826464546	0.16468186361364767	Erythroid	Plasma cell	2	6	10	6	9	CWF19L2	1.0	False
0.0005885042002018272	0.6467661691542289	0.21290062265677184	0.31422272020819025	T cell	B cell	2	5	6	3	4	DGKA	1.0	False
1.3880754577691253e-05	0.6467661691542289	0.37487492457654437	0.40990577837071623	B cell	Erythroid	2	3	5	3	4	EI24	1.0	False
0.00014210073227498873	0.6467661691542289	0.2035988802487878	0.2500410987858245	Erythroid	Plasma cell	2	7	10	3	5	ENSG00000291117	1.0	False
0.00015939854628694146	0.6467661691542289	0.1651832007688543	0.22376417326046172	Plasma cell	Dendritic cell	2	5	7	3	6	FAM133B	1.0	False
0.0002343493176881005	0.6467661691542289	0.12420750754617998	0.08204218411196529	Dendritic cell	Erythroid	2	7	8	4	6	GNA12	1.0	False
0.00027938904745099865	0.6467661691542289	0.11081910534293565	0.15739432473801956	T cell	Plasma cell	2	7	7	3	6	HIVEP3	1.0	False
0.0006601099006079491	0.6467661691542289	0.2032318876214224	0.06726583238528633	Monocyte	NK	2	6	7	3	5	IK	1.0	False
0.00016790171639606398	0.6467661691542289	0.07048513133788187	0.13084309720878567	Erythroid	B cell	2	3	4	3	4	IQCN	1.0	False
0.00011550797978633444	0.6467661691542289	0.12994971418714107	0.14692710650902263	Plasma cell	Erythroid	2	7	11	5	9	KIF20B	1.0	False
9.719769609610374e-05	0.6467661691542289	0.07965472133491264	0.036480686695278985	Monocyte	T cell	2	7	8	4	7	LMBR1	1.0	False
0.00017036503641195647	0.6467661691542289	0.11118356024858828	0.34963522162710553	Erythroid	Dendritic cell	2	7	13	7	12	MBTPS1	1.0	False
0.000557487293583692	0.6467661691542289	0.12590416040337077	0.036314068832710156	B cell	Erythroid	2	3	3	3	3	MFSD14A	1.0	False
8.099528783934102e-05	0.6467661691542289	0.2553537240800093	0.33456596847333187	T cell	Monocyte	2	7	12	3	9	MRPL13	1.0	False
0.0003581815003725373	0.6467661691542289	0.12195657092336704	0.16099074975657252	NK	Plasma cell	2	7	11	3	7	NEDD4	1.0	False
0.00014981023766337504	0.6467661691542289	0.25200985852417945	0.28838403451995687	Dendritic cell	Monocyte	2	7	11	4	7	RPS6	1.0	False
0.00035353601463016475	0.6467661691542289	0.49709677671084834	0.5028490028490028	NK	Plasma cell	2	6	9	3	5	SCOC	1.0	False
0.0003092268530202697	0.6467661691542289	0.39637577420408776	0.47757961783439484	T cell	NK	2	4	5	3	5	SERBP1	1.0	False
0.0005476220793829919	0.6467661691542289	0.09507555992246641	0.0852724099008802	T cell	NK	2	7	13	7	12	SETX	1.0	False
0.00024330925081520155	0.6467661691542289	0.038461235331901156	0.07564717276000255	Plasma cell	T cell	2	7	10	8	10	SIK3	1.0	False
0.00014453946519520845	0.6467661691542289	0.04749903056410848	0.053295368223001405	B cell	Monocyte	2	7	14	6	9	SLX4IP	1.0	False
8.04412000941138e-05	0.6467661691542289	0.14633296188555617	0.12296323951409677	B cell	T cell	2	7	16	5	9	TIAM1	1.0	False
0.00037761976440879206	0.6467661691542289	0.1933138234318458	0.37810032827803247	T cell	NK	2	4	5	3	5	TSFM	1.0	False
0.00047731782886545636	0.6467661691542289	0.11026417018181833	0.07368006304176516	NK	T cell	2	4	6	4	5	TSTD2	1.0	False
0.00021078491111630677	0.6467661691542289	0.13494457740250193	0.3582197382173766	Erythroid	Monocyte	2	7	10	5	8	YTHDC2	1.0	False
0.0010427031738990669	0.6467661691542289	0.11050811611360245	0.19101721995384346	B cell	Erythroid	2	3	4	3	4	ZNF655	1.0	False
0.0019543645619555785	0.6517412935323383	0.17805527344103994	0.1627711854249071	NK	B cell	2	4	7	3	6	ALDH18A1	1.0	False
0.00040347583168889205	0.6517412935323383	0.11284260166743415	0.13920024466702346	B cell	NK	2	7	9	4	5	ANO6	1.0	False
0.0008840190299293449	0.6517412935323383	0.21344028437584892	0.22289902441440104	T cell	B cell	2	4	5	3	4	BUD13	1.0	False
0.00011119406863350149	0.6517412935323383	0.05574996310269559	0.07726785342048376	Erythroid	T cell	2	7	15	7	10	CDS2	1.0	False
0.0002966319207938602	0.6517412935323383	0.09413299904231454	0.12280701754385959	T cell	Monocyte	2	7	14	3	9	CTIF	1.0	False
0.00013582666092976285	0.6517412935323383	0.07831482837706133	0.1750130751285393	T cell	Erythroid	2	7	10	7	10	ERBIN	1.0	False
0.0001401511563312889	0.6517412935323383	0.12167002424320283	0.1252915899324739	Monocyte	T cell	2	7	8	3	5	FERMT3	1.0	False
2.2658933376668265e-05	0.6517412935323383	0.05328823186613563	0.08699039521791546	Dendritic cell	Erythroid	2	7	13	5	10	GNAQ	1.0	False
0.0001552481832738454	0.6517412935323383	0.05136788134794046	0.04499690210656754	Dendritic cell	T cell	2	7	9	5	8	HECTD4	1.0	False
0.00011483220186067367	0.6517412935323383	0.0795870864622123	0.15516812907419092	NK	B cell	2	7	12	5	8	LRRK1	1.0	False
9.214492490832712e-05	0.6517412935323383	0.06799156588150462	0.169475204622051	Erythroid	B cell	2	2	4	4	4	MINCR	1.0	False
0.0008733579574615158	0.6517412935323383	0.31827184130534625	0.5758752237579599	Plasma cell	Dendritic cell	2	7	17	8	13	MZT1	1.0	False
1.5121492347520993e-05	0.6517412935323383	0.19919173599337192	0.47353758555490777	Erythroid	Plasma cell	2	7	11	7	11	NOP53	1.0	False
0.0006148086814619544	0.6517412935323383	0.25603494029572477	0.44841880341880336	Erythroid	Dendritic cell	2	6	7	3	5	ORAI2	1.0	False
0.0006736650774916547	0.6517412935323383	0.2146951257196401	0.26493915439367594	Erythroid	T cell	2	7	9	3	7	OXNAD1	1.0	False
0.0005125658789207725	0.6517412935323383	0.08026181134215427	0.0927901094878365	Monocyte	Erythroid	2	7	13	4	8	PML	1.0	False
0.0005477654664939644	0.6517412935323383	0.12292771973223104	0.04973913043478262	B cell	NK	2	3	3	3	3	SPATA1	1.0	False
0.00046801177534634063	0.6517412935323383	0.06505257485448201	0.1799129553154133	T cell	Dendritic cell	2	5	7	3	6	TESPA1	1.0	False
0.0002801862802821056	0.6517412935323383	0.07489597918167035	0.17679490320999758	Erythroid	T cell	2	5	9	3	6	THAP6	1.0	False
6.593631369012872e-05	0.6517412935323383	0.15241937620407398	0.1969584962669209	Dendritic cell	Monocyte	2	7	13	8	12	UBE2I	1.0	False
0.0002490064022503435	0.6517412935323383	0.1773019842431408	0.09047438223422355	Erythroid	T cell	2	7	7	3	7	UBR4	1.0	False
0.00016286695481298422	0.6517412935323383	0.09613182568632145	0.16084012670831183	NK	Plasma cell	2	7	11	5	10	VPS53	1.0	False
0.0001990688132471456	0.6517412935323383	0.07671233350930762	0.2651499239870187	B cell	Monocyte	2	7	14	8	12	WRN	1.0	False
0.0001793192420656337	0.6567164179104478	0.0991134900287044	0.20815217091051724	B cell	Plasma cell	2	7	8	4	7	ANKIB1	1.0	False
0.00039365534198499514	0.6567164179104478	0.08628232220011678	0.12470449172576836	Erythroid	T cell	2	4	5	3	5	ATP6V0E1	1.0	False
0.001526118527097694	0.6567164179104478	0.4866159371925309	0.6528861317739661	Erythroid	B cell	2	3	5	3	4	AURKB	1.0	False
5.959835344751019e-05	0.6567164179104478	0.04849957188958787	0.1584210907374063	NK	B cell	2	7	19	11	16	BACH1	1.0	False
0.00021073047608650167	0.6567164179104478	0.1439005794205891	0.17048767558971645	Erythroid	Monocyte	2	7	12	3	7	BLM	1.0	False
0.0001450927165700527	0.6567164179104478	0.07858009806228206	0.11461476356017591	Dendritic cell	Monocyte	2	7	15	4	10	CA5B	1.0	False
0.00022329035347773017	0.6567164179104478	0.21464119645242807	0.4577817754393227	Erythroid	Dendritic cell	2	6	9	3	7	CCDC90B	1.0	False
0.00026716759465750337	0.6567164179104478	0.03564298703347618	0.10054749172396227	NK	B cell	2	4	3	3	3	CLDND1	1.0	False
6.601693427023129e-05	0.6567164179104478	0.2537220037498773	0.26130518131955904	T cell	NK	2	7	10	5	9	EIF4G2	1.0	False
4.1967285049875705e-05	0.6567164179104478	0.08202185505457027	0.16782164735774446	Plasma cell	T cell	2	7	7	5	7	EIF4G3	1.0	False
0.0002231952511520486	0.6567164179104478	0.3983200598993058	0.2719326517720164	T cell	Dendritic cell	2	6	7	3	4	ENSG00000272173	1.0	False
0.0005654956988190437	0.6567164179104478	0.11640760069392742	0.27325218706866483	T cell	Dendritic cell	2	7	10	5	7	ERCC1	1.0	False
0.00010768835901707447	0.6567164179104478	0.1066134647952473	0.18218799292424215	Dendritic cell	Erythroid	2	7	13	6	8	GPR107	1.0	False
5.6901144786796216e-05	0.6567164179104478	0.05697376821797184	0.038450922891150596	T cell	Plasma cell	2	7	8	5	8	IMMP2L	1.0	False
0.00015556358771520628	0.6567164179104478	0.16230514415032998	0.14773286646706668	Monocyte	T cell	2	7	9	5	7	LRCH3	1.0	False
0.000669728311281204	0.6567164179104478	0.2809971936938705	0.37084471439259453	Monocyte	Plasma cell	2	7	16	5	11	MRPL57	1.0	False
0.0003348449834500681	0.6567164179104478	0.10110546508562113	0.19374503047972436	T cell	NK	2	7	9	3	6	OXSR1	1.0	False
0.00020918964655619336	0.6567164179104478	0.09420683347726116	0.09008656086142652	Plasma cell	B cell	2	7	13	8	13	RAPGEF1	1.0	False
0.0003480388627374213	0.6567164179104478	0.27411083366657374	0.3619027480079586	Plasma cell	NK	2	7	8	3	5	RILPL2	1.0	False
0.0010167391441860505	0.6567164179104478	0.20441322578688892	0.1185879757308328	B cell	T cell	2	5	5	3	4	RPL5	1.0	False
9.845311082658268e-05	0.6567164179104478	0.07322409006013392	0.15603288189721448	Monocyte	B cell	2	7	17	8	12	RPRD1B	1.0	False
0.00018487283600238593	0.6567164179104478	0.030928245413202604	0.09867724867724864	Erythroid	NK	2	3	3	3	3	RWDD2B	1.0	False
0.00015756149528210474	0.6567164179104478	0.07044654809763545	0.04699232261874631	B cell	NK	2	6	9	3	8	SAMD12	1.0	False
0.00031134718150486725	0.6567164179104478	0.20486316571063057	0.1230907457322552	T cell	Erythroid	2	6	7	3	5	SINHCAF	1.0	False
0.00022919776464228706	0.6567164179104478	0.09445458636315407	0.22921811889682553	Erythroid	T cell	2	7	10	4	8	SKIC3	1.0	False
4.902871229214686e-05	0.6567164179104478	0.06421769051908366	0.09730859443404966	Dendritic cell	Plasma cell	2	7	19	12	19	SON	1.0	False
0.0003472251041337493	0.6567164179104478	0.0760671299970409	0.16002438744775976	Erythroid	B cell	2	6	8	3	6	SRFBP1	1.0	False
0.0005822111315031418	0.6567164179104478	0.16528110700597615	0.18163691989764208	Erythroid	Plasma cell	2	6	8	3	6	STX5	1.0	False
4.7961512280301536e-05	0.6567164179104478	0.04191624940735994	0.05983391420334755	B cell	Erythroid	2	6	11	4	7	TBC1D9	1.0	False
0.0009708832910671908	0.6567164179104478	0.12652868732704242	0.15921409214092141	Plasma cell	NK	2	7	6	3	5	TRIT1	1.0	False
0.0005206660115898325	0.6567164179104478	0.1306075251926468	0.05456777580221833	NK	T cell	2	4	4	3	4	TXNDC15	1.0	False
0.00038731743433893876	0.6567164179104478	0.2754211352935188	0.47694505079904065	Erythroid	T cell	2	4	6	3	4	VPS9D1	1.0	False
0.00016665121426205068	0.6567164179104478	0.09256308092805332	0.2792642140468227	Monocyte	Dendritic cell	2	4	6	3	6	YY1AP1	1.0	False
0.00034050002407482464	0.6567164179104478	0.18435965497985962	0.15974967061923584	Dendritic cell	NK	2	4	6	3	4	ZBED5	1.0	False
0.000265221340269398	0.6567164179104478	0.18514939997109764	0.26336067223158965	Dendritic cell	NK	2	6	10	4	7	ZCCHC10	1.0	False
0.00018135090551663438	0.6567164179104478	0.3733461780119054	0.30341248914440205	Monocyte	Erythroid	2	7	17	6	11	ZNF407-AS1	1.0	False
0.00046907523642350274	0.6567164179104478	0.09100543024279495	0.28259293966060006	Plasma cell	T cell	2	6	12	4	7	ZNF718	1.0	False
0.0005701996357759966	0.6616915422885572	0.11638720939767672	0.27765293980153416	Plasma cell	Monocyte	2	7	13	6	9	ADPGK	1.0	False
0.00027070900373453693	0.6616915422885572	0.27916683083824567	0.15960652250974827	T cell	Dendritic cell	2	6	10	3	6	C19orf25	1.0	False
0.00010618011695050438	0.6616915422885572	0.11173918996055743	0.12829485697519416	Monocyte	Plasma cell	2	7	13	6	10	ENSG00000288645	1.0	False
0.0007641819198183521	0.6616915422885572	0.2655263727719986	0.5382923524658392	Plasma cell	B cell	2	5	6	3	4	GGH	1.0	False
0.00022696256095450977	0.6616915422885572	0.15521800451290868	0.1492600882476638	Monocyte	Erythroid	2	7	8	3	7	HBP1	1.0	False
0.0004350452747066312	0.6616915422885572	0.35318911633077127	0.6295539033457249	Plasma cell	Monocyte	2	7	9	4	7	NCBP2	1.0	False
0.0002856165411229711	0.6616915422885572	0.17113751692382873	0.1355555555555556	Plasma cell	Erythroid	2	6	10	3	7	NOLC1	1.0	False
0.0005416847590914794	0.6616915422885572	0.1258552398987448	0.40374971541788957	T cell	Monocyte	2	7	15	6	9	OGFR	1.0	False
0.0004432396155078823	0.6616915422885572	0.14651565394155885	0.09546525984959031	NK	Erythroid	2	5	6	3	4	QTRT2	1.0	False
0.00013370241094080447	0.6616915422885572	0.1671134465925368	0.11177515543712724	B cell	T cell	2	5	8	3	6	RUVBL2	1.0	False
0.0005117596955141641	0.6616915422885572	0.21556199004213172	0.25666618448334055	Dendritic cell	Plasma cell	2	6	9	3	7	RYK	1.0	False
0.0005116009712106237	0.6616915422885572	0.2265804116890594	0.28697754749568216	Dendritic cell	Monocyte	2	7	7	3	7	S100PBP	1.0	False
0.0002232059769084144	0.6616915422885572	0.19530709984893047	0.5075807724045376	Dendritic cell	Monocyte	2	5	8	3	7	SH2D1A	1.0	False
0.00016976586335805294	0.6616915422885572	0.08238387978965295	0.1358236268045429	Plasma cell	B cell	2	7	12	3	8	SMG1P5	1.0	False
0.00021274526928736852	0.6616915422885572	0.28615101521131453	0.2675685276182582	Plasma cell	Erythroid	2	7	8	3	6	SUDS3	1.0	False
0.000135288058420809	0.6616915422885572	0.2361943463823724	0.2406208441240288	Monocyte	T cell	2	7	10	3	7	TBRG1	1.0	False
0.0001106826446781555	0.6616915422885572	0.05442973337283408	0.10976511666859934	Erythroid	Plasma cell	2	7	13	6	10	TMEM245	1.0	False
0.00032408383896863607	0.6616915422885572	0.1749456151088894	0.20391252680255245	Monocyte	Plasma cell	2	7	9	3	7	TMEM259	1.0	False
6.849693874829927e-05	0.6616915422885572	0.16604113074131693	0.3559825148642854	Erythroid	Plasma cell	2	6	13	5	7	TPD52L2	1.0	False
0.00019021902709301163	0.6616915422885572	0.08191836219653886	0.09717476723327922	Erythroid	B cell	2	7	8	4	7	TRRAP	1.0	False
6.712113957434409e-05	0.6616915422885572	0.2792744197808741	0.3449456584492716	Erythroid	NK	2	2	3	3	3	TSPO	1.0	False
0.00018108157984500018	0.6616915422885572	0.1510422545185645	0.185944151361004	NK	B cell	2	7	12	3	8	UBL7-DT	1.0	False
8.886140471122973e-05	0.6616915422885572	0.07789536661840218	0.19300421970760934	Dendritic cell	Monocyte	2	7	18	6	13	YES1	1.0	False
0.00018724006501127995	0.6616915422885572	0.08917729550930614	0.14543007134203795	Erythroid	Dendritic cell	2	7	13	5	10	ZDHHC21	1.0	False
7.309454464427738e-05	0.6616915422885572	0.06550120674218363	0.010822510822510845	Erythroid	B cell	2	2	4	4	4	ZNF277	1.0	False
0.001145282111105863	0.6616915422885572	0.061026372982894705	0.012205128205128202	B cell	NK	2	3	4	3	4	ZNF621	1.0	False
0.00036543329397789023	0.6666666666666666	0.23395721203706443	0.26627586819433346	Erythroid	Plasma cell	2	6	10	4	6	AASDH	1.0	False
0.0005567272091767337	0.6666666666666666	0.11514693491371453	0.26048951048951047	Dendritic cell	B cell	2	5	7	3	4	ACSL5	1.0	False
0.00044647776230843206	0.6666666666666666	0.13757669327625194	0.14048914122364708	Erythroid	T cell	2	4	5	3	4	ATL3	1.0	False
0.00025168771158171126	0.6666666666666666	0.1959967926730381	0.6120425499964823	B cell	Plasma cell	2	7	13	4	10	CARHSP1	1.0	False
0.00011251955659955923	0.6666666666666666	0.1558775199431739	0.17814903564795365	Erythroid	B cell	2	7	11	5	9	CCDC186	1.0	False
0.0015057541757513635	0.6666666666666666	0.23285939954844048	0.3635955507906727	T cell	Dendritic cell	2	7	10	5	9	COPB1	1.0	False
0.0008001659085590296	0.6666666666666666	0.27570502206474007	0.28996379586437376	Plasma cell	Erythroid	2	6	12	3	8	DDX19A	1.0	False
0.00041176270985041595	0.6666666666666666	0.16700551086350213	0.11623997082421594	Dendritic cell	NK	2	6	11	3	7	DLGAP4	1.0	False
0.00031316290071005675	0.6666666666666666	0.10858953454686548	0.21527958049945484	NK	Dendritic cell	2	5	6	4	5	DRAM2	1.0	False
0.00038464295147201276	0.6666666666666666	0.05874417530582582	0.08576026977314527	NK	Dendritic cell	2	4	5	3	4	ENSG00000233783	1.0	False
0.00027049571236232054	0.6666666666666666	0.16471644749740233	0.14731732243229428	Erythroid	Dendritic cell	2	6	7	3	5	ENSG00000291121	1.0	False
8.561384805962156e-05	0.6666666666666666	0.1161241802329675	0.05721546271469896	Dendritic cell	T cell	2	7	10	3	9	G3BP1	1.0	False
0.0002131685784972886	0.6666666666666666	0.14406210556241938	0.1623272982732909	Erythroid	Plasma cell	2	7	13	5	9	INTS8	1.0	False
0.000584676900894436	0.6666666666666666	0.13605701404187848	0.21019156651667903	T cell	Dendritic cell	2	5	8	3	7	NAA20	1.0	False
0.00022907532781206587	0.6666666666666666	0.2249283514823121	0.40888359583453443	Erythroid	Plasma cell	2	7	7	3	6	P4HB	1.0	False
0.0001978360576838237	0.6666666666666666	0.2434162615213032	0.4963286713286713	Plasma cell	Monocyte	2	7	7	3	7	RO60	1.0	False
6.964321477265132e-05	0.6666666666666666	0.3013248225282812	0.1110898908616581	Monocyte	Plasma cell	2	7	13	6	10	RPL12	1.0	False
7.046749211968563e-05	0.6666666666666666	0.024836816400075457	0.13738259790891366	NK	Erythroid	2	3	4	3	4	RPL32	1.0	False
0.0007251655461602626	0.6666666666666666	0.19854809857004768	0.12663755458515286	Dendritic cell	T cell	2	5	5	3	5	SLC35A3	1.0	False
0.00038147363052645446	0.6666666666666666	0.2529511564278888	0.3012956827060977	B cell	Plasma cell	2	7	15	5	8	SLC46A3	1.0	False
0.00031859673444351966	0.6666666666666666	0.2613695037940477	0.23079530255390374	NK	T cell	2	7	12	3	7	SNAPC3	1.0	False
0.0008054061829470338	0.6666666666666666	0.2945494074048917	0.3494548130309719	T cell	Monocyte	2	7	10	3	7	TCTN3	1.0	False
0.0001526758537364136	0.6666666666666666	0.0848044661099191	0.08394062078272602	NK	Plasma cell	2	7	10	6	8	TRIO	1.0	False
0.0001867783999599875	0.6666666666666666	0.24320932899508804	0.37631487286659693	Plasma cell	NK	2	6	9	5	7	TRNT1	1.0	False
0.00035965385268215755	0.6666666666666666	0.6080572777435538	0.7256402407917559	Plasma cell	Erythroid	2	6	10	3	5	UBXN6	1.0	False
0.00010628059670601601	0.6666666666666666	0.32773000505315375	0.3599462365591398	Plasma cell	Erythroid	2	7	10	3	7	VKORC1	1.0	False
7.972941375348997e-05	0.6666666666666666	0.07355151968335594	0.07300856173217507	Monocyte	Dendritic cell	2	7	10	6	8	WDR70	1.0	False
0.00027348344665570725	0.6666666666666666	0.0886203756298376	0.045653907496012724	Erythroid	NK	2	4	6	3	6	ZNF490	1.0	False
0.00027769470134462147	0.6666666666666666	0.19067955010830007	0.29579684880544477	Dendritic cell	NK	2	7	8	3	7	ZNF736	1.0	False
0.00031872319977056384	0.6716417910447762	0.14913758927296483	0.4241898148148148	T cell	Erythroid	2	6	9	3	8	AGA	1.0	False
0.00022544865368675715	0.6716417910447762	0.06057825138373807	0.09354593835705888	NK	Dendritic cell	2	7	11	5	10	BRD4	1.0	False
0.00036940742248070047	0.6716417910447762	0.1244958692207292	0.13302418136915228	Plasma cell	B cell	2	7	11	4	7	DSTN	1.0	False
0.00042647288156798827	0.6716417910447762	0.31732853729980465	0.3339984060241295	Erythroid	Plasma cell	2	7	14	3	9	ERI1	1.0	False
5.4492694536194954e-05	0.6716417910447762	0.04555324317986176	0.0679025436874724	Plasma cell	Dendritic cell	2	7	18	10	17	FOXO1	1.0	False
0.00015809508187708408	0.6716417910447762	0.12495462421199521	0.2987995423575417	Erythroid	T cell	2	4	4	3	4	GARS1	1.0	False
0.000446485365960304	0.6716417910447762	0.1843406847228099	0.3934286687095676	Erythroid	Plasma cell	2	5	9	3	5	GNPDA1	1.0	False
0.0010345866824897983	0.6716417910447762	0.04548765155558243	0.03799336993680724	B cell	NK	2	3	4	3	4	JRK	1.0	False
0.00014765538172781538	0.6716417910447762	0.1506193929359042	0.17233973485748733	T cell	Plasma cell	2	6	12	3	8	KLHL8	1.0	False
0.0004838958157576521	0.6716417910447762	0.11105903449671822	0.055640174935907116	Monocyte	NK	2	4	5	3	4	LRRC8A	1.0	False
8.066436103541397e-05	0.6716417910447762	0.11074873403969254	0.17287298420071312	T cell	Erythroid	2	7	10	6	8	MAP3K1	1.0	False
0.0003615131864757561	0.6716417910447762	0.1759761253290661	0.1333833833833834	NK	Erythroid	2	3	4	3	3	MTCL1	1.0	False
0.0003160254860909328	0.6716417910447762	0.0991921747165706	0.10939998316923333	NK	Dendritic cell	2	5	6	3	5	NOP16	1.0	False
0.00011957925151471204	0.6716417910447762	0.15241141323289387	0.20652191362139227	Plasma cell	Erythroid	2	7	11	5	10	RABEP1	1.0	False
0.00011061135568004266	0.6716417910447762	0.16089894583127926	0.2146532208273307	Dendritic cell	NK	2	7	9	4	8	RESF1	1.0	False
2.506630053796828e-05	0.6716417910447762	0.15163971036645385	0.5624177609887807	NK	T cell	2	7	14	4	9	SLC25A37	1.0	False
0.0006333302216742646	0.6716417910447762	0.1284326932137161	0.15010122433240142	NK	T cell	2	6	10	3	7	SPIN1	1.0	False
7.115012625490832e-05	0.6716417910447762	0.08355088438161506	0.12703085126687413	Dendritic cell	Plasma cell	2	7	13	7	12	SPPL2A	1.0	False
0.00019109805688063698	0.6716417910447762	0.12962967247565066	0.07169207444689668	NK	T cell	2	7	13	5	8	SUSD1	1.0	False
0.0002450236315539639	0.6716417910447762	0.2871146672591927	0.47159473101592664	Plasma cell	Erythroid	2	7	9	4	7	TASOR	1.0	False
0.00011438534256819424	0.6716417910447762	0.06260518175768348	0.07954160377067865	Erythroid	Monocyte	2	7	13	4	10	TMEM65	1.0	False
0.00017839739145450285	0.6716417910447762	0.13248592366239426	0.2817210194573856	NK	B cell	2	4	6	3	5	USB1	1.0	False
0.002174468038354243	0.6716417910447762	0.38427215477693333	0.47744360902255634	Monocyte	T cell	2	7	8	3	4	YJU2B	1.0	False
0.00017871174895725393	0.6716417910447762	0.11491172094279906	0.15374925656212396	Monocyte	Plasma cell	2	7	18	8	13	ZC3H13	1.0	False
0.00037497516599104897	0.6766169154228856	0.12497941470419088	0.1672493719731697	T cell	B cell	2	4	8	3	5	ACOT8	1.0	False
0.0002891986649202452	0.6766169154228856	0.3649101452334458	0.4363109504272116	B cell	T cell	2	6	8	4	6	ARFGAP2	1.0	False
0.0015858935883122185	0.6766169154228856	0.25524289741921496	0.3459058671824629	B cell	T cell	2	4	5	3	4	COPS5	1.0	False
0.00021289185172946963	0.6766169154228856	0.05489128334836102	0.11232814359640192	T cell	Erythroid	2	7	13	5	9	CTCF	1.0	False
0.0008663634791621087	0.6766169154228856	0.09770522115049995	0.11354536739412396	Erythroid	B cell	2	3	4	3	4	CYSTM1	1.0	False
0.00021739311058047015	0.6766169154228856	0.12704487062101638	0.09482756517092195	Erythroid	NK	2	5	6	3	5	DDX10	1.0	False
3.759457771299523e-05	0.6766169154228856	0.30776707803344383	0.3869369369369369	NK	Dendritic cell	2	6	11	5	9	FRA10AC1	1.0	False
0.00010193159021633107	0.6766169154228856	0.2530319275242405	0.2761270491803279	NK	Dendritic cell	2	6	11	4	7	HSDL2	1.0	False
2.0389001094016707e-05	0.6766169154228856	0.07418641421355732	0.4415522470131851	Plasma cell	NK	2	7	8	7	8	LINC-PINT	1.0	False
0.0010902247892930102	0.6766169154228856	0.2386581094038433	0.3177342681993342	Plasma cell	NK	2	6	12	3	10	MTHFD2L	1.0	False
0.00011341575962743017	0.6766169154228856	0.10455595106888116	0.10664838431762758	T cell	Dendritic cell	2	7	17	8	14	NPC1	1.0	False
0.0001904105002383682	0.6766169154228856	0.1700761126371736	0.15937511806263938	T cell	B cell	2	6	6	3	4	OS9	1.0	False
0.00023846549803329374	0.6766169154228856	0.00657577740911075	0.023743245456034068	Erythroid	Dendritic cell	2	3	4	3	4	PCNX2	1.0	False
2.9931449535525187e-05	0.6766169154228856	0.634703196347032	0.8302583025830258	Erythroid	T cell	2	5	7	3	6	PDCD4-AS1	1.0	False
0.00011401984326577552	0.6766169154228856	0.15656924935302127	0.3673452735506507	T cell	Monocyte	2	7	14	5	10	PEX2	1.0	False
6.089708301107716e-05	0.6766169154228856	0.11318840585300555	0.07625354109920846	Plasma cell	Erythroid	2	7	17	8	12	PIK3C3	1.0	False
0.00016339924867083072	0.6766169154228856	0.14533864984848643	0.09167414434046911	Monocyte	B cell	2	7	11	4	8	PPP2R2D	1.0	False
0.0006709281455610596	0.6766169154228856	0.16446067992640095	0.22476111341919397	B cell	Plasma cell	2	6	7	3	5	PRDM10	1.0	False
0.00017308044663405793	0.6766169154228856	0.0612853048378218	0.0751652439631979	Dendritic cell	B cell	2	7	14	4	10	PRPF6	1.0	False
0.0003416639226528654	0.6766169154228856	0.2903063062696054	0.2940244847357818	Monocyte	T cell	2	7	8	4	6	RAB5A	1.0	False
0.00021630201875461296	0.6766169154228856	0.0913641492735971	0.09017290049400145	Monocyte	Erythroid	2	7	8	5	7	RSBN1L	1.0	False
0.00026050331744222277	0.6766169154228856	0.22722453605206672	0.40680272108843535	B cell	Erythroid	2	6	10	4	7	SART1	1.0	False
0.00012463926800533544	0.6766169154228856	0.09259010886001834	0.1070484968180821	NK	Monocyte	2	7	12	7	10	SEC24B	1.0	False
0.00039583364863609964	0.6766169154228856	0.1823831612170027	0.11858169863086421	Monocyte	T cell	2	7	11	6	9	SLC44A2	1.0	False
0.005597786290742425	0.6766169154228856	0.36215338449865564	0.3253285715448765	Monocyte	Dendritic cell	2	7	10	4	8	TBC1D10C	1.0	False
0.00031104233481452634	0.6766169154228856	0.17214077548207501	0.29950867108915186	T cell	B cell	2	7	13	6	9	UBAP1	1.0	False
0.00044474929608869494	0.6766169154228856	0.4063427563541494	0.5187391915261564	Dendritic cell	Monocyte	2	5	6	3	5	UBXN11	1.0	False
0.00012430017094651355	0.6766169154228856	0.15885020312270492	0.23998244459073947	T cell	B cell	2	7	12	5	9	UGCG	1.0	False
0.0010523013515791064	0.6766169154228856	0.17221767221767217	0.13686991289447378	NK	B cell	2	3	4	3	3	ZFPL1	1.0	False
6.549519489276608e-05	0.6766169154228856	0.1152895290558198	0.15544476386778322	Monocyte	Dendritic cell	2	7	17	9	12	ZNFX1	1.0	False
0.00012351749353526714	0.681592039800995	0.10483779811352784	0.10058531820154981	Plasma cell	Monocyte	2	7	17	9	13	ADNP	1.0	False
0.00026838728821413184	0.681592039800995	0.05195782601794763	0.040226829700513944	NK	B cell	2	3	4	3	4	ARHGEF2	1.0	False
0.0001605368399587485	0.681592039800995	0.11255426251275108	0.15468239490160518	Erythroid	Monocyte	2	7	14	7	10	BNIP3L	1.0	False
0.00028520938065983376	0.681592039800995	0.09776150997153543	0.10269137096525571	Dendritic cell	NK	2	7	10	3	7	BUB3	1.0	False
0.00011589679553269034	0.681592039800995	0.18591127136323682	0.46968854282536154	Erythroid	Monocyte	2	7	9	5	7	CD47	1.0	False
0.0005686686419676295	0.681592039800995	0.2185401124386786	0.24768270944741538	Monocyte	Erythroid	2	7	11	4	9	CWF19L1	1.0	False
0.00015750651856376608	0.681592039800995	0.10727559816081239	0.1518357315668033	Erythroid	Plasma cell	2	7	10	7	9	DMXL1	1.0	False
0.0005428125483155127	0.681592039800995	0.10469578512616146	0.11449434717640761	NK	Dendritic cell	2	7	8	3	5	ENSG00000259589	1.0	False
0.000122090459222463	0.681592039800995	0.02249200075287039	0.0005668934240363743	Erythroid	B cell	2	2	3	3	3	ENSG00000278743	1.0	False
0.00020766238147092414	0.681592039800995	0.09801789787519477	0.11061396728924167	B cell	Erythroid	2	7	11	7	11	FXYD5	1.0	False
0.0001955420285092383	0.681592039800995	0.21992823558961128	0.17564788153023447	NK	Plasma cell	2	6	9	3	6	GKAP1	1.0	False
0.0005862191171575257	0.681592039800995	0.3984831086799305	0.37648691514670896	T cell	Dendritic cell	2	5	6	3	5	MAP2K7	1.0	False
2.9241128326842384e-05	0.681592039800995	0.3529211938391715	0.4661521277635588	Monocyte	Erythroid	2	7	9	6	9	MRPL54	1.0	False
0.0003611945755183216	0.681592039800995	0.07374741642409799	0.2825951396807298	NK	Plasma cell	2	4	3	3	3	NDUFS8	1.0	False
7.270632952548259e-05	0.681592039800995	0.22581862737668756	0.3567010070877704	Plasma cell	Monocyte	2	7	15	3	9	NPEPL1	1.0	False
0.0007224333490513745	0.681592039800995	0.11419673709307998	0.08810245217000051	Erythroid	Plasma cell	2	7	7	3	7	RAB3GAP2	1.0	False
0.00026463362163662104	0.681592039800995	0.21240218425230295	0.18815240567349584	B cell	Dendritic cell	2	5	7	3	6	RANBP3	1.0	False
0.00025169102234081145	0.681592039800995	0.11668857344100048	0.08888403263403266	Monocyte	Dendritic cell	2	7	12	5	8	SCAI	1.0	False
0.00010354033585341484	0.681592039800995	0.3080302249457826	0.3389582693830072	Monocyte	Plasma cell	2	7	9	3	7	SHKBP1	1.0	False
0.00014298509201872246	0.681592039800995	0.05731357935398512	0.19068638097023832	T cell	Dendritic cell	2	7	11	5	10	STAT3	1.0	False
7.162004454298057e-05	0.681592039800995	0.12813338115522233	0.30290603472151045	Erythroid	Monocyte	2	7	11	6	9	SUGP2	1.0	False
0.00015717076590707584	0.681592039800995	0.096965201110634	0.2855420947323362	Plasma cell	B cell	2	7	15	8	13	THOC2	1.0	False
0.0005027514573530433	0.681592039800995	0.12822663310271692	0.15741539641453361	Dendritic cell	B cell	2	4	5	3	4	TMEM140	1.0	False
0.000247195763702532	0.681592039800995	0.24468757325666807	0.3903648561461986	T cell	Plasma cell	2	7	12	7	11	USO1	1.0	False
0.0006290157440422672	0.681592039800995	0.1527258211291304	0.16404004361185448	Monocyte	T cell	2	7	11	3	8	ZNF567	1.0	False
0.00016272037452566443	0.6865671641791045	0.04668785184984148	0.055534781946348644	Erythroid	Plasma cell	2	7	9	4	7	AEBP2	1.0	False
0.00011897706805344616	0.6865671641791045	0.07846100726275773	0.09730701425616683	Erythroid	T cell	2	7	8	4	7	AUTS2	1.0	False
0.00016754820597235332	0.6865671641791045	0.19346896607305636	0.13679653679653675	Erythroid	Plasma cell	2	3	5	3	4	CCDC122	1.0	False
0.00010392335368425192	0.6865671641791045	0.08648684454531402	0.3952527598913447	NK	Plasma cell	2	4	6	3	4	DAZAP1	1.0	False
0.0005845949818954269	0.6865671641791045	0.13549207563302984	0.18757446808510642	Erythroid	T cell	2	6	7	3	5	EIF4H	1.0	False
2.5813629350680706e-05	0.6865671641791045	0.12642723115127513	0.1411477761836442	NK	Erythroid	2	3	5	3	5	ENSG00000286035	1.0	False
0.0002531674864276208	0.6865671641791045	0.07834967458179298	0.08375400152040335	B cell	T cell	2	7	13	7	12	GANC	1.0	False
0.0003388905427158423	0.6865671641791045	0.15714958064516804	0.29444096110762774	Monocyte	Plasma cell	2	7	11	4	10	GNA13	1.0	False
0.0007301892495072821	0.6865671641791045	0.14019480918841215	0.47141217817374403	Dendritic cell	NK	2	7	11	8	10	HNRNPM	1.0	False
0.00015381634260605922	0.6865671641791045	0.29639173577913125	0.4091711885479242	B cell	Monocyte	2	7	11	3	8	LONRF1	1.0	False
0.00019476101429875505	0.6865671641791045	0.10111264293060312	0.17963167854077694	B cell	Monocyte	2	7	13	7	10	MAPKAP1	1.0	False
0.00020200122231378234	0.6865671641791045	0.06323663530489071	0.15839379272419746	Dendritic cell	Erythroid	2	7	11	5	10	METTL16	1.0	False
8.804271242479042e-05	0.6865671641791045	0.08007889882223501	0.15674364647603362	NK	Erythroid	2	7	13	6	9	MTMR10	1.0	False
0.0002363690971284196	0.6865671641791045	0.15212461755885404	0.18823503355407406	T cell	Dendritic cell	2	6	10	4	6	NUBP1	1.0	False
0.00036142082453940235	0.6865671641791045	0.2783202287402479	0.17939596683000375	Erythroid	Plasma cell	2	7	7	3	5	RSBN1	1.0	False
0.0002500123895869488	0.6865671641791045	0.10725725686056053	0.10842307168609439	Monocyte	T cell	2	7	11	5	8	RSU1	1.0	False
0.0001544382465650456	0.6865671641791045	0.24396170538970702	0.3935673680015104	Plasma cell	T cell	2	6	11	4	7	SPNS1	1.0	False
0.0006497442051668748	0.6865671641791045	0.1554796724174609	0.18401048492791605	B cell	Erythroid	2	3	4	3	4	SREBF1	1.0	False
0.0008472769157633691	0.6865671641791045	0.19700154398430253	0.19866933492735922	Erythroid	Monocyte	2	6	9	3	6	TMEM109	1.0	False
0.0005788290322629914	0.6865671641791045	0.22791006778290407	0.3257956109806462	Erythroid	Monocyte	2	7	10	3	6	UNC13D	1.0	False
0.00010331446545804965	0.6865671641791045	0.20952129012726606	0.42041310293926104	B cell	Monocyte	2	7	17	6	10	ZBP1	1.0	False
0.000653312523565927	0.6865671641791045	0.10527170473762049	0.18930736165205098	T cell	B cell	2	4	5	3	4	ZCCHC17	1.0	False
0.0004915754232171796	0.6865671641791045	0.12446303402620784	0.10451127819548867	Dendritic cell	NK	2	6	11	5	8	ZNF586	1.0	False
0.000342185852912294	0.6865671641791045	0.19917831197977548	0.21570228622526366	Dendritic cell	Monocyte	2	7	12	4	7	ZNF831	1.0	False
0.0008357557842392496	0.6915422885572139	0.12456026359657973	0.18513581771242565	B cell	Dendritic cell	2	4	5	3	4	AGO4	1.0	False
0.00016745622476744155	0.6915422885572139	0.09400368116690688	0.08410943894814862	NK	Dendritic cell	2	5	7	4	6	ANKRA2	1.0	False
0.00017966769657043572	0.6915422885572139	0.3373190756538107	0.7112076469005681	Plasma cell	B cell	2	6	8	3	6	ARRB2	1.0	False
0.0008563941503619127	0.6915422885572139	0.04713746810561226	0.17053915110181095	Dendritic cell	B cell	2	5	5	3	4	C7orf50	1.0	False
0.0008279060875205303	0.6915422885572139	0.027771644937298445	0.061092741300582565	NK	Erythroid	2	3	4	3	4	ENSG00000233367	1.0	False
0.00016676818320438092	0.6915422885572139	0.0849475432695947	0.03835308454210101	Plasma cell	B cell	2	6	8	4	7	FILIP1L	1.0	False
0.00017629041084802832	0.6915422885572139	0.12750731354638822	0.13099725754176011	Erythroid	B cell	2	7	12	3	8	FIRRE	1.0	False
0.00022412356922368198	0.6915422885572139	0.06165825123640212	0.06646825396825395	B cell	NK	2	4	6	3	4	FLNB	1.0	False
0.0007420444153683269	0.6915422885572139	0.2390976055544934	0.21764705882352942	B cell	Plasma cell	2	7	9	3	5	GLCE	1.0	False
0.00015754567827929277	0.6915422885572139	0.04240237090520388	0.0921021747338987	Plasma cell	B cell	2	6	9	3	7	ILK	1.0	False
2.0712463565433084e-05	0.6915422885572139	0.054556339573824664	0.20617127969033056	Plasma cell	B cell	2	7	15	9	14	KDM6A	1.0	False
0.00022299509615782284	0.6915422885572139	0.1893691969720882	0.24761872536831958	B cell	T cell	2	7	8	4	7	LINC00910	1.0	False
0.00013735454932550564	0.6915422885572139	0.16932857846675792	0.25208214126772205	Dendritic cell	Monocyte	2	7	7	3	7	MRPL37	1.0	False
9.11590889933191e-06	0.6915422885572139	0.14164152759060283	0.04987988208674049	Dendritic cell	T cell	2	7	15	5	11	MYL12A	1.0	False
0.0009003389487839394	0.6915422885572139	0.2426470481420145	0.16874999999999996	Monocyte	NK	2	6	7	3	7	NUP42	1.0	False
1.1404319228672028e-05	0.6915422885572139	0.04229905917681437	0.10235665797855764	T cell	Plasma cell	2	7	18	11	18	PAN3	1.0	False
0.0007794443996281843	0.6915422885572139	0.14761714932667225	0.3556371326029094	Erythroid	T cell	2	7	13	4	10	PIEZO1	1.0	False
0.00020325811332544711	0.6915422885572139	0.03239867812584912	0.03592933424221767	NK	Erythroid	2	3	4	3	3	POLR3B	1.0	False
0.0011097817442408929	0.6915422885572139	0.14227102497983357	0.09891289198606273	Dendritic cell	NK	2	7	13	4	9	PRMT7	1.0	False
0.00014702460870446446	0.6915422885572139	0.08087717551377555	0.076929216143787	Dendritic cell	Monocyte	2	7	13	8	12	RFX7	1.0	False
0.00026446094122692875	0.6915422885572139	0.11042796620947293	0.2942119979379595	Erythroid	Monocyte	2	7	14	4	10	RRP1	1.0	False
0.0010830397143680867	0.6915422885572139	0.23943283214657274	0.3200260198866276	NK	T cell	2	6	8	3	5	SAFB2	1.0	False
0.0004354445067225782	0.6915422885572139	0.28141085125831433	0.22791947324604556	NK	B cell	2	6	11	3	5	SLC19A1	1.0	False
0.0003940158511729704	0.6915422885572139	0.09731605111490926	0.05144191360937922	T cell	B cell	2	5	6	3	4	SLC35E2B	1.0	False
0.002661829211528454	0.6915422885572139	0.18821720575429013	0.07526699898630596	Erythroid	NK	2	2	3	3	3	SNRPD3	1.0	False
5.93965214116993e-05	0.6915422885572139	0.10354206394509108	0.10794739546017107	T cell	Plasma cell	2	7	14	5	10	STK3	1.0	False
0.00017954717086205536	0.6915422885572139	0.09046713538115347	0.20747637012697256	T cell	NK	2	7	15	7	11	TAF1	1.0	False
0.0001840480484170608	0.6915422885572139	0.2689162546533948	0.5443855979598229	Plasma cell	NK	2	7	7	4	6	TMED5	1.0	False
0.00018806099846015536	0.6915422885572139	0.42170765930930454	0.39534137577002054	Monocyte	Plasma cell	2	7	12	3	9	TP53INP1	1.0	False
0.00027903997589620746	0.6915422885572139	0.07244550937326782	0.09375206393236907	T cell	Plasma cell	2	7	12	5	8	URB1	1.0	False
0.000219049689073351	0.6915422885572139	0.16308832858757694	0.2516129032258065	B cell	Plasma cell	2	7	12	4	8	WASHC5	1.0	False
0.0001797544405491008	0.6915422885572139	0.1762102318331712	0.28484447004608293	NK	Dendritic cell	2	7	9	4	7	ZDHHC17	1.0	False
0.0007765011556863275	0.6915422885572139	0.271461662560287	0.2764660093409445	NK	Erythroid	2	7	8	3	4	ZNF626	1.0	False
8.389177130228812e-05	0.6965174129353234	0.13929544319664683	0.34448772541572414	Plasma cell	Erythroid	2	7	11	4	8	ABLIM1	1.0	False
6.746984737129187e-05	0.6965174129353234	0.05915850439188497	0.10171714172604907	Erythroid	Monocyte	2	7	18	7	13	ATP11A	1.0	False
0.0002465426703013908	0.6965174129353234	0.06799752466021464	0.09235599235599234	NK	Monocyte	2	5	4	3	4	CHD1-DT	1.0	False
0.00010242526534992353	0.6965174129353234	0.1952541607452039	0.23528650450322675	Erythroid	Monocyte	2	7	14	7	11	DERL1	1.0	False
0.00020552298163862415	0.6965174129353234	0.2345184457999897	0.247942765905183	Monocyte	Plasma cell	2	7	10	3	7	EMC10	1.0	False
0.0011123771696374904	0.6965174129353234	0.1791717168978374	0.3053149353739948	T cell	Erythroid	2	4	5	3	5	ENSG00000289017	1.0	False
0.0005397700661717983	0.6965174129353234	0.15214231298161812	0.5677250505230623	Erythroid	T cell	2	7	11	5	7	KLF2	1.0	False
0.00014768767245995965	0.6965174129353234	0.19451434365245718	0.3486812027570453	Monocyte	Dendritic cell	2	7	10	6	10	LSP1	1.0	False
0.0001602738293633473	0.6965174129353234	0.2300250584368525	0.3466715682670392	Monocyte	B cell	2	7	11	4	8	MAP3K8	1.0	False
6.39347874320415e-05	0.6965174129353234	0.008119166184665239	0.17431027228466667	B cell	Erythroid	2	2	3	3	3	MOSPD1	1.0	False
5.7944592250400794e-05	0.6965174129353234	0.22950834153081934	0.3088150031219338	Monocyte	Plasma cell	2	7	9	5	8	NSA2	1.0	False
4.815541793403126e-05	0.6965174129353234	0.17128144198922773	0.5144087938205585	Erythroid	B cell	2	4	4	3	4	PSMD4	1.0	False
5.219837962164793e-05	0.6965174129353234	0.17018970216981727	0.4421062679616391	Dendritic cell	T cell	2	7	9	6	8	SERP1	1.0	False
0.00011258880296277108	0.6965174129353234	0.0792188522966551	0.06351379832327908	Monocyte	Plasma cell	2	7	13	7	11	SMARCA2	1.0	False
0.00016710900967557108	0.6965174129353234	0.14748382102942684	0.47947135492925064	T cell	Monocyte	2	7	13	5	9	SNRNP25	1.0	False
0.0003900004753711301	0.6965174129353234	0.08609416168578399	0.06149732620320858	Dendritic cell	Erythroid	2	4	6	4	4	SUGP1	1.0	False
0.0002182286881157631	0.6965174129353234	0.10008898223893897	0.1064429442223242	T cell	Monocyte	2	7	8	3	6	TNS3	1.0	False
2.1955566206346442e-05	0.6965174129353234	0.05047130820440593	0.06714480874316942	NK	Erythroid	2	2	3	3	3	VDAC3	1.0	False
7.074128391930028e-05	0.6965174129353234	0.059317598224383095	0.20185258722495147	NK	T cell	2	7	18	10	16	XPO4	1.0	False
0.00028072182664938067	0.7014925373134329	0.14005709746383632	0.17012288786482332	Dendritic cell	Monocyte	2	7	9	4	7	APPL1	1.0	False
0.0007274541827970411	0.7014925373134329	0.2315352957712764	0.24965260683250262	Erythroid	Dendritic cell	2	7	12	4	10	CBR4	1.0	False
0.00012745350129689064	0.7014925373134329	0.11316289037570681	0.28449558865013674	Monocyte	Dendritic cell	2	7	10	5	8	CCNH	1.0	False
4.550764998021621e-05	0.7014925373134329	0.0035405298462132806	0.03341240802541107	NK	Erythroid	2	2	4	4	4	DLGAP1-AS2	1.0	False
3.660546457328876e-05	0.7014925373134329	0.5011098477017435	0.8685782556750299	Plasma cell	Erythroid	2	6	9	3	7	ENSG00000250697	1.0	False
4.311913689170225e-05	0.7014925373134329	0.15251957594455795	0.24675014090085157	NK	Dendritic cell	2	4	7	3	5	ENSG00000254325	1.0	False
0.00029309116737188484	0.7014925373134329	0.21086018779857701	0.22331407663308217	Dendritic cell	T cell	2	7	14	5	9	GOLGA7	1.0	False
0.0017707194477732963	0.7014925373134329	0.09715951278001	0.14922742044270032	B cell	T cell	2	4	5	3	5	GTF3C4	1.0	False
0.000186741600243259	0.7014925373134329	0.17475897298377813	0.2669240321256184	Plasma cell	T cell	2	7	11	5	9	HNRNPUL1	1.0	False
0.0003180336994935014	0.7014925373134329	0.09082813615787072	0.21828433346757947	T cell	Monocyte	2	7	13	3	10	IKBKB	1.0	False
0.000130126164504038	0.7014925373134329	0.1579267818512619	0.09687493830816313	Erythroid	NK	2	4	5	3	4	LINGO2	1.0	False
7.134680052907247e-05	0.7014925373134329	0.12781970187965597	0.24062004894720113	Monocyte	Plasma cell	2	7	13	5	10	LONP2	1.0	False
0.00025329215328058735	0.7014925373134329	0.15069781126725232	0.3064360993976787	Erythroid	Plasma cell	2	6	9	3	6	MRE11	1.0	False
0.00013924491414378607	0.7014925373134329	0.0970683346172942	0.110148054906192	NK	Dendritic cell	2	6	10	4	5	NHLRC2	1.0	False
0.0008101822575060707	0.7014925373134329	0.15418327379204988	0.15543492651926383	NK	B cell	2	5	6	3	5	NSUN3	1.0	False
0.0003179600347136468	0.7014925373134329	0.1963720679941779	0.21862348178137658	Erythroid	B cell	2	5	6	3	5	PARP6	1.0	False
0.00011627477629524149	0.7014925373134329	0.04729123186658313	0.18031642624476507	B cell	Erythroid	2	2	3	3	3	PPP5C	1.0	False
0.0010512576330779784	0.7014925373134329	0.2780645237800077	0.36137244050913114	B cell	Dendritic cell	2	6	7	3	5	SEC61A1	1.0	False
4.185574403836457e-05	0.7014925373134329	0.10124926782785953	0.16192550826414887	B cell	Plasma cell	2	7	13	4	10	SLCO3A1	1.0	False
0.0006214500464262694	0.7014925373134329	0.12189989469855589	0.3429059464076012	NK	B cell	2	5	7	3	5	SYTL2	1.0	False
6.57418532275502e-05	0.7014925373134329	0.12334707102275944	0.1270541437334462	Dendritic cell	Monocyte	2	7	15	4	11	TMEM164	1.0	False
0.0005337145319557801	0.7014925373134329	0.15759066211902661	0.16666666666666674	Dendritic cell	T cell	2	5	6	3	6	UCK2	1.0	False
0.001850513998038866	0.7014925373134329	0.3731495363429396	0.16853932584269662	Erythroid	B cell	2	7	9	3	5	ULK3	1.0	False
0.00028474376245818156	0.7014925373134329	0.1369060183003914	0.17969710588574483	Dendritic cell	NK	2	7	11	5	9	WDR37	1.0	False
0.0002981513043658839	0.7014925373134329	0.2622916747647905	0.2845736135209819	Plasma cell	Erythroid	2	7	9	3	6	ZXDC	1.0	False
0.0001232869937254702	0.7064676616915423	0.19328663617021336	0.2876931021441248	NK	Erythroid	2	4	6	3	6	ATP5MC1	1.0	False
0.0006502033493629392	0.7064676616915423	0.11164861195421483	0.10192495126705647	Erythroid	T cell	2	4	6	3	4	BCAS4	1.0	False
0.0005103703845370679	0.7064676616915423	0.05663678426836327	0.004110497237569066	NK	T cell	2	2	3	3	3	BNIP1	1.0	False
0.0006864324985443032	0.7064676616915423	0.035391474942036816	0.05287806822333674	NK	T cell	2	2	3	3	3	C12orf4	1.0	False
3.382611351170013e-05	0.7064676616915423	0.011605331940485852	0.04088963140858304	T cell	B cell	2	2	3	3	3	C5orf15	1.0	False
0.0005624932616592008	0.7064676616915423	0.12157106089815484	0.11395812120943816	Dendritic cell	Erythroid	2	5	8	3	5	C8orf44	1.0	False
0.0003696728331901623	0.7064676616915423	0.2056986231072404	0.32004081285604963	Erythroid	Dendritic cell	2	5	6	3	5	CEP164	1.0	False
0.00018379870391753715	0.7064676616915423	0.387589412711857	0.3384076053638193	Dendritic cell	NK	2	7	9	3	6	DUSP1	1.0	False
4.771560005954827e-05	0.7064676616915423	0.07661639189058805	0.19410094014949703	Monocyte	T cell	2	7	12	6	10	GAB1	1.0	False
0.0001485997459617016	0.7064676616915423	0.17763003754657092	0.12558927422425903	Monocyte	Dendritic cell	2	7	14	4	9	GMEB2	1.0	False
0.00024383797380318753	0.7064676616915423	0.21283271085479594	0.29911469383532885	NK	Plasma cell	2	7	9	5	7	IRAG2	1.0	False
0.00032732085053592877	0.7064676616915423	0.04232367032194462	0.04418704418704417	NK	B cell	2	2	3	3	3	KLHL12	1.0	False
0.0003043941794267742	0.7064676616915423	0.06691871483362427	0.04566924809139339	NK	B cell	2	3	5	3	5	LRSAM1	1.0	False
0.0007042235570224718	0.7064676616915423	0.09114291004037772	0.12229870671672921	T cell	NK	2	6	9	3	5	OTULIN	1.0	False
0.0005470165246566464	0.7064676616915423	0.07528846060193117	0.1399485821034484	Plasma cell	Erythroid	2	7	11	4	7	PLEKHF2	1.0	False
0.0003523957407030674	0.7064676616915423	0.12472585047446749	0.19369402572513178	Erythroid	Dendritic cell	2	7	12	3	7	PRDM15	1.0	False
0.0004418752740284277	0.7064676616915423	0.12755842863512262	0.1722926875571007	Plasma cell	B cell	2	7	11	3	6	PTGR3	1.0	False
0.0002807037215246203	0.7064676616915423	0.22605171528513207	0.2021835382119187	B cell	T cell	2	6	9	3	5	RANBP6	1.0	False
0.0005344121266646618	0.7064676616915423	0.24290132381069154	0.21404761904761904	Monocyte	T cell	2	7	9	3	6	SDCBP	1.0	False
0.00034460958429742485	0.7064676616915423	0.20200347562299803	0.3542742841100506	Plasma cell	Erythroid	2	7	10	4	7	SEC11A	1.0	False
0.002403761256891632	0.7064676616915423	0.3888814398940035	0.37902187902187906	Dendritic cell	Monocyte	2	7	11	4	6	SPTAN1	1.0	False
0.00015792493864558394	0.7064676616915423	0.1617582182651256	0.2985306465155332	T cell	Plasma cell	2	7	9	4	6	SWAP70	1.0	False
0.006410512522395495	0.7064676616915423	0.44608157393967257	0.46611127952801806	Erythroid	Plasma cell	2	7	10	4	7	TSPAN32	1.0	False
0.00015048994634876619	0.7064676616915423	0.1343157288689732	0.11604798069415861	B cell	NK	2	7	17	5	10	UCHL3	1.0	False
0.00023970799093969814	0.7064676616915423	0.08393089988355162	0.15925451629346893	B cell	Monocyte	2	7	13	6	9	VIRMA	1.0	False
0.00024462203368355215	0.7064676616915423	0.19069265174380617	0.1576167982184582	Monocyte	Erythroid	2	7	11	3	8	WDR11	1.0	False
8.340437440052003e-05	0.7114427860696517	0.07789116056138817	0.13958061089558027	T cell	NK	2	7	11	5	10	ADGRE5	1.0	False
0.0011823634755984576	0.7114427860696517	0.12582920495218652	0.08941058941058944	Erythroid	B cell	2	4	5	3	5	BABAM1	1.0	False
0.00019977305977848868	0.7114427860696517	0.2137700671618591	0.1741290018832392	B cell	Erythroid	2	3	5	3	4	CCNA2	1.0	False
0.00028927610592305303	0.7114427860696517	0.14495957558492678	0.2791226312884564	Monocyte	Dendritic cell	2	7	10	4	7	CSNK1D	1.0	False
0.0010481645600887485	0.7114427860696517	0.16600291968849934	0.1191348457094547	Erythroid	T cell	2	4	4	3	4	DNAJC21	1.0	False
0.00032223684950710544	0.7114427860696517	0.047281775892967004	0.0592727272727272	NK	B cell	2	7	9	3	6	ENSG00000259363	1.0	False
0.00019017650323436622	0.7114427860696517	0.16349602730215457	0.3635596267175215	Plasma cell	B cell	2	7	8	4	7	ENSG00000291207	1.0	False
0.00010090443332840497	0.7114427860696517	0.027859394703657003	0.06958141041211238	NK	B cell	2	3	5	4	5	ENY2	1.0	False
0.00014617858074772805	0.7114427860696517	0.10370877074436086	0.12029510476304922	Erythroid	Monocyte	2	7	10	6	9	KMT2A	1.0	False
0.00023956523708122543	0.7114427860696517	0.31270926361211676	0.4332612568506657	T cell	NK	2	6	10	3	6	KRI1	1.0	False
0.000338231133042374	0.7114427860696517	0.1771491407216328	0.21242821321685673	Plasma cell	Monocyte	2	7	9	3	7	LEMD3	1.0	False
0.0001866839426060209	0.7114427860696517	0.05738055278980991	0.06829963198923661	T cell	Dendritic cell	2	6	9	3	6	MICAL2	1.0	False
0.00011911259386472985	0.7114427860696517	0.1103186451992636	0.2570636259374108	Monocyte	Dendritic cell	2	7	14	9	13	MTDH	1.0	False
0.0018180671584781879	0.7114427860696517	0.13905180236776815	0.05361653272101036	B cell	Erythroid	2	2	3	3	3	NBPF8	1.0	False
0.0005210375795109349	0.7114427860696517	0.2037802018318835	0.26665161435990065	Monocyte	Plasma cell	2	7	13	3	7	NIPAL2	1.0	False
0.0002535674031280965	0.7114427860696517	0.32357895727460956	0.34643304130162705	Erythroid	Plasma cell	2	6	10	3	6	PGM2	1.0	False
0.0003352857965371788	0.7114427860696517	0.31307542974657687	0.4105566621932595	T cell	Monocyte	2	7	11	3	8	PGS1	1.0	False
0.0002450953221679856	0.7114427860696517	0.21312437939455814	0.2585743920481363	Monocyte	Dendritic cell	2	7	11	5	9	RBBP6	1.0	False
0.0001064878507514814	0.7114427860696517	0.15103668259554864	0.3627284193236148	Plasma cell	B cell	2	7	11	5	10	SMC3	1.0	False
0.0003073353445831376	0.7114427860696517	0.21168539910283002	0.153141847927124	Monocyte	Erythroid	2	7	11	3	7	SMNDC1	1.0	False
7.651909896932554e-05	0.7114427860696517	0.10028313683312201	0.3145342859121688	T cell	Plasma cell	2	7	9	3	8	SNF8	1.0	False
0.00041449038744444713	0.7114427860696517	0.2482723523330756	0.2663206111974856	T cell	Erythroid	2	4	6	3	6	STAG2-AS1	1.0	False
0.000169442628345188	0.7114427860696517	0.28234911938285656	0.3458522604369457	T cell	B cell	2	6	12	4	6	TMEM68	1.0	False
0.0002297771601622613	0.7114427860696517	0.0827539881314529	0.16108383510884666	Erythroid	B cell	2	4	5	3	5	TRAPPC13	1.0	False
8.91843623308227e-05	0.7114427860696517	0.14204182131197918	0.3036581091829432	T cell	B cell	2	7	7	5	6	TRAPPC5	1.0	False
0.00015337346005521324	0.7114427860696517	0.18225996095800479	0.2750162827368709	Plasma cell	Erythroid	2	7	16	7	11	UBL3	1.0	False
0.0006954050648146238	0.7114427860696517	0.1427722982914137	0.1619817738416121	B cell	Dendritic cell	2	5	8	3	7	USP12-AS1	1.0	False
0.000800587986598427	0.7114427860696517	0.07830852250642345	0.04929577464788737	B cell	Erythroid	2	3	3	3	3	ZNF227	1.0	False
0.00019236350879587444	0.7164179104477612	0.19946708925618467	0.1763625521765057	Monocyte	Dendritic cell	2	7	10	4	7	AKAP8	1.0	False
0.0004128411365211856	0.7164179104477612	0.10847623048465282	0.18450670498084293	Erythroid	Plasma cell	2	7	11	4	7	ARHGAP35	1.0	False
4.896158908053637e-05	0.7164179104477612	0.04352234510591424	0.06468703736320236	B cell	Monocyte	2	7	9	4	8	ATG7	1.0	False
0.000470045095753297	0.7164179104477612	0.1359190564355059	0.1568181818181818	B cell	Erythroid	2	4	6	3	5	C1orf131	1.0	False
0.00022604101172643494	0.7164179104477612	0.2969066249596336	0.4141151385927505	Erythroid	T cell	2	7	7	3	6	CDC42	1.0	False
7.860296064481754e-05	0.7164179104477612	0.06097751455900369	0.10478057635997967	Monocyte	Erythroid	2	7	8	5	7	CDK14	1.0	False
0.00044108828419821457	0.7164179104477612	0.08928717064356817	0.14722222222222225	B cell	Erythroid	2	7	11	3	8	CHAF1A	1.0	False
0.00017792860286915683	0.7164179104477612	0.4236302793320567	0.5021871884227709	Plasma cell	B cell	2	7	13	3	7	COTL1	1.0	False
0.00016741891702925528	0.7164179104477612	0.08360856596171551	0.15452890558737048	T cell	Monocyte	2	7	15	10	14	DDX3X	1.0	False
0.0006378632721902783	0.7164179104477612	0.1748675630579936	0.18818264723971917	NK	Dendritic cell	2	5	5	3	4	DUSP5	1.0	False
0.00016736216204765573	0.7164179104477612	0.20892860264680335	0.21038575667655784	Erythroid	Plasma cell	2	7	10	4	7	ECD	1.0	False
0.0012067791057622011	0.7164179104477612	0.04324634471247207	0.09316011547856984	B cell	NK	2	2	3	3	3	ENSG00000255340	1.0	False
0.00043431533488994895	0.7164179104477612	0.047646421820103535	0.10680821371610844	Dendritic cell	NK	2	6	11	3	6	ENSG00000259972	1.0	False
0.00016047887399192867	0.7164179104477612	0.1187249935091515	0.07810528240924192	Monocyte	B cell	2	7	11	3	10	FAM222B	1.0	False
4.661004896044778e-05	0.7164179104477612	0.1637463334245695	0.10637966185072723	NK	Plasma cell	2	6	9	3	5	IRAK3	1.0	False
0.0005175127545299186	0.7164179104477612	0.12455872002100216	0.15460251113601936	Erythroid	T cell	2	7	9	3	7	MTHFS	1.0	False
0.0004023347458311293	0.7164179104477612	0.11438993248756552	0.1541844476055002	Monocyte	B cell	2	7	11	3	8	NMT1	1.0	False
0.000534852846159391	0.7164179104477612	0.12830329050696287	0.1276838305149155	Monocyte	Dendritic cell	2	5	6	3	5	PRPF38A	1.0	False
0.0004015312615221044	0.7164179104477612	0.27932861642539075	0.33515482695810567	Dendritic cell	B cell	2	3	4	3	3	RMI1	1.0	False
0.0003809197343606119	0.7164179104477612	0.07541305133616055	0.09406739439962025	T cell	B cell	2	4	6	3	5	SLC12A2	1.0	False
0.00017874146904747933	0.7164179104477612	0.2030548346150428	0.4698902641980445	B cell	T cell	2	6	9	3	6	TASL	1.0	False
9.108093082823955e-05	0.7164179104477612	0.09769472913365856	0.06495404673146493	Erythroid	Plasma cell	2	7	18	9	13	TDRD3	1.0	False
3.0051476497878936e-05	0.7164179104477612	0.3660570702247571	0.6401966870323783	Erythroid	B cell	2	4	8	4	6	UBALD1	1.0	False
0.0005213471904447958	0.7164179104477612	0.15426223718853715	0.23529118920408587	NK	Dendritic cell	2	7	11	4	8	UTP18	1.0	False
0.00019657501715263158	0.7164179104477612	0.2074477172418781	0.21302728279472466	NK	Plasma cell	2	6	8	3	6	WDR82	1.0	False
0.0001692567970012839	0.7164179104477612	0.10603743913530922	0.24878808864265928	Erythroid	Plasma cell	2	7	11	4	9	ZNF518A	1.0	False
0.00015513744181494554	0.7164179104477612	0.18104941035975525	0.16827665299281014	T cell	B cell	2	4	5	3	4	ZNF845	1.0	False
0.00036332423693336826	0.7213930348258707	0.06406052935055884	0.047290422472904214	Erythroid	NK	2	2	3	3	3	CAPS	1.0	False
0.0011127954303645198	0.7213930348258707	0.1156196863093415	0.1407591073812703	B cell	T cell	2	3	4	3	3	CENPL	1.0	False
0.0005060195545960677	0.7213930348258707	0.25327637309803797	0.24485066489020285	NK	Monocyte	2	7	9	3	6	CHPT1	1.0	False
8.25061845025538e-05	0.7213930348258707	0.1354005422508009	0.25247297808806834	Dendritic cell	T cell	2	7	18	9	13	COG3	1.0	False
6.85291647075893e-05	0.7213930348258707	0.0598634203669286	0.1363051136254858	Monocyte	Erythroid	2	7	17	8	12	DNAAF9	1.0	False
5.715846767987204e-05	0.7213930348258707	0.09690706570569374	0.13005359301150593	NK	Dendritic cell	2	7	15	7	11	ENSG00000227486	1.0	False
8.93837745211731e-05	0.7213930348258707	0.12921417353309717	0.3018735759433357	Plasma cell	Erythroid	2	7	11	6	10	EPC1	1.0	False
0.0006450241646757855	0.7213930348258707	0.13175571890262372	0.0636313288833183	NK	B cell	2	2	3	3	3	FAM169A	1.0	False
0.0003843078967649765	0.7213930348258707	0.15778513120040588	0.14188452754286623	T cell	Dendritic cell	2	7	17	6	11	GPALPP1	1.0	False
0.0002452147807467749	0.7213930348258707	0.04976192006267188	0.05101214574898788	T cell	Erythroid	2	3	3	3	3	HIKESHI	1.0	False
0.0005292573395225067	0.7213930348258707	0.08319398890964791	0.10368551563183737	Erythroid	NK	2	2	3	3	3	KIAA1143	1.0	False
0.00016458426542419752	0.7213930348258707	0.06704482788379817	0.11786037011700184	Dendritic cell	Plasma cell	2	7	12	5	8	LINC01684	1.0	False
2.3727860481238683e-05	0.7213930348258707	0.2820361855191465	0.773841937901193	Plasma cell	Monocyte	2	7	8	5	8	LSM8	1.0	False
2.9397773171409563e-05	0.7213930348258707	0.3121493166867027	0.5106930442485342	T cell	B cell	2	3	5	3	4	LYPLA2	1.0	False
0.00020247367314803162	0.7213930348258707	0.1566526417178271	0.17260354352119528	Dendritic cell	Erythroid	2	7	17	6	10	MAVS	1.0	False
0.0002138178574162876	0.7213930348258707	0.04279284238476405	0.11025397357780387	Erythroid	B cell	2	7	14	3	11	MBNL3	1.0	False
0.00020705575822699886	0.7213930348258707	0.14028567409817538	0.10326632617426224	T cell	B cell	2	7	13	4	8	MEX3C	1.0	False
3.677275419548398e-05	0.7213930348258707	0.13658418761831326	0.10321042027403021	B cell	Monocyte	2	6	7	3	6	NFIA	1.0	False
0.00015922055606444027	0.7213930348258707	0.17843122656051497	0.20959758182497185	Monocyte	Dendritic cell	2	7	11	6	10	NUTM2A-AS1	1.0	False
6.250534945201603e-05	0.7213930348258707	0.06312118806072287	0.21913619105974247	B cell	T cell	2	6	10	4	7	PAK1	1.0	False
0.00023027594596086351	0.7213930348258707	0.027720951057195187	0.03615384615384615	NK	Erythroid	2	2	3	3	3	PARD6B	1.0	False
0.0008857889039419826	0.7213930348258707	0.12897236658004685	0.17561507188063202	Monocyte	NK	2	6	6	3	4	PATJ	1.0	False
0.00011134148727462254	0.7213930348258707	0.22620042338108443	0.4278929694307568	Plasma cell	Erythroid	2	7	9	5	8	PPHLN1	1.0	False
0.0002534782794879993	0.7213930348258707	0.11645057213582033	0.17050613135243486	NK	Dendritic cell	2	7	13	5	9	PSIP1	1.0	False
0.00013275585140702434	0.7213930348258707	0.08232386447578943	0.08698990734993223	Dendritic cell	Plasma cell	2	7	12	5	10	RUFY3	1.0	False
0.00024257796563912563	0.7213930348258707	0.13299692801686258	0.1667114334318202	Monocyte	Plasma cell	2	7	11	3	9	RWDD4	1.0	False
3.566294803706298e-05	0.7213930348258707	0.0910239798584474	0.17638233100490164	T cell	Plasma cell	2	7	18	7	13	SMAD2	1.0	False
9.034713664127267e-05	0.7213930348258707	0.06250270933433338	0.07600980553326053	Plasma cell	Erythroid	2	7	12	6	11	SNHG8	1.0	False
0.0007270217135936867	0.7213930348258707	0.10279518379736058	0.2762318703642462	NK	T cell	2	6	9	5	8	SPATS2	1.0	False
0.00038553380628973465	0.7213930348258707	0.25478793032195013	0.3878360655737705	Dendritic cell	Erythroid	2	5	9	3	8	STEEP1	1.0	False
0.00015803769421708844	0.7213930348258707	0.07330003128218204	0.05888934635368348	Dendritic cell	Plasma cell	2	7	12	6	11	TBC1D1	1.0	False
8.793787457051221e-05	0.7213930348258707	0.12549935337150475	0.3638894008138143	T cell	Plasma cell	2	7	9	4	6	TBK1	1.0	False
0.00034436161200064526	0.7213930348258707	0.19456420421019233	0.19615352936331443	Erythroid	Dendritic cell	2	7	10	3	5	TRMT10B	1.0	False
0.00024610995482593647	0.7213930348258707	0.1921762060568032	0.13423645320197042	Plasma cell	Monocyte	2	7	12	3	6	TSC1	1.0	False
9.94720673172706e-05	0.7213930348258707	0.1051020210600842	0.1727108126637018	Plasma cell	Erythroid	2	7	18	9	13	TUBGCP3	1.0	False
0.00011812284694248464	0.7263681592039801	0.1287099383037037	0.24458030713640466	Plasma cell	Dendritic cell	2	7	18	6	12	ADARB1	1.0	False
0.00038143940232957847	0.7263681592039801	0.30192488030934117	0.3456174185253508	Erythroid	Dendritic cell	2	6	10	3	6	ANAPC4	1.0	False
0.00028426275360372356	0.7263681592039801	0.1397316311144039	0.2749266862170088	Erythroid	B cell	2	6	9	4	6	AP2A1	1.0	False
0.00045813966314315214	0.7263681592039801	0.17312101835911364	0.19651214728215483	NK	B cell	2	4	7	3	4	ARHGAP27	1.0	False
0.00022045672282103898	0.7263681592039801	0.06453619688913803	0.013242260082175272	NK	Erythroid	2	2	3	3	3	C3orf33	1.0	False
0.0019445976304457908	0.7263681592039801	0.14867609641878882	0.1870789567950451	Dendritic cell	T cell	2	6	9	3	7	C4orf19	1.0	False
9.898432212495235e-05	0.7263681592039801	0.03878928678695648	0.06810994251749958	NK	Plasma cell	2	7	17	10	14	CHD6	1.0	False
0.00024236243035382162	0.7263681592039801	0.1334924552594831	0.12928514707621608	Plasma cell	B cell	2	7	9	3	6	CRADD	1.0	False
0.0002391078938548153	0.7263681592039801	0.0411419230879263	0.11837083165930096	T cell	Erythroid	2	4	7	3	6	DIAPH2-AS1	1.0	False
0.00013984688349089134	0.7263681592039801	0.006477909345556421	0.03291547027102737	B cell	Monocyte	2	2	4	4	4	EBPL	1.0	False
0.0003647141814469119	0.7263681592039801	0.11925689101304915	0.15073105544492194	NK	Dendritic cell	2	4	5	4	5	EFCAB14	1.0	False
0.0002741970264832018	0.7263681592039801	0.06493875917225095	0.12497372079617508	T cell	NK	2	7	9	3	4	EIF4E3	1.0	False
3.2480614877063565e-06	0.7263681592039801	0.012561541878517046	0.14839900112218513	Erythroid	NK	2	2	3	3	3	ENSG00000286835	1.0	False
0.00038150212565056697	0.7263681592039801	0.08503347692513186	0.2732916666666667	NK	Dendritic cell	2	5	6	3	4	ENSG00000291228	1.0	False
0.00024214613271497805	0.7263681592039801	0.2310521621528187	0.14688180304776544	T cell	Dendritic cell	2	7	11	3	6	FRMD3	1.0	False
6.542807323924183e-05	0.7263681592039801	0.06616550632472906	0.0482801737505506	NK	Plasma cell	2	7	11	6	10	GBF1	1.0	False
0.0003948865054726129	0.7263681592039801	0.3131823530371625	0.18881793881793885	Dendritic cell	T cell	2	5	5	3	5	GNPAT	1.0	False
0.00011126949397331454	0.7263681592039801	0.17246795213323135	0.22208832575861912	Dendritic cell	T cell	2	6	6	3	6	HIGD2A	1.0	False
0.00019639705583877047	0.7263681592039801	0.0829637609096947	0.14291006949938379	Erythroid	Plasma cell	2	7	15	8	13	HUWE1	1.0	False
0.000355189098892213	0.7263681592039801	0.07267730906035985	0.06488399953249185	T cell	B cell	2	7	13	7	10	INO80	1.0	False
0.0005826126214326868	0.7263681592039801	0.26541230332458887	0.7600833974958516	Monocyte	T cell	2	7	12	4	7	MGST2	1.0	False
0.00011452442086021662	0.7263681592039801	0.10497823459447492	0.06765102496402142	NK	B cell	2	3	5	3	4	NDC1	1.0	False
0.00027166819999649384	0.7263681592039801	0.14676251553726805	0.12306843267108164	NK	Dendritic cell	2	5	7	3	4	PCSK5	1.0	False
0.0002969744500983517	0.7263681592039801	0.12731968690060635	0.09133089133089134	T cell	Erythroid	2	4	5	3	3	PROCR	1.0	False
0.00029131054548590317	0.7263681592039801	0.1492661591978438	0.24115098483597736	Dendritic cell	NK	2	7	13	5	8	PSMD5	1.0	False
0.0001635024856895205	0.7263681592039801	0.08988007975084528	0.2345751402719507	T cell	Erythroid	2	6	7	3	5	RARS1	1.0	False
0.0003343229863225928	0.7263681592039801	0.12004003979081995	0.24862516056518946	NK	Dendritic cell	2	7	8	3	6	RNH1	1.0	False
4.211704604537037e-05	0.7263681592039801	0.23094079917384097	0.28316509956756486	T cell	Erythroid	2	7	13	6	12	RPL30	1.0	False
5.5273633492057576e-05	0.7263681592039801	0.0165890617089387	0.077680113012086	NK	Erythroid	2	2	3	3	3	SCML2	1.0	False
6.2242000821952e-05	0.7263681592039801	0.12240281342176085	0.27310425818876166	T cell	Dendritic cell	2	5	7	3	5	SH3BP2	1.0	False
0.00041893756781829486	0.7263681592039801	0.08851946575731745	0.10814040328603436	Erythroid	NK	2	2	3	3	3	SPIN2B	1.0	False
0.0001851346147633515	0.7263681592039801	0.11608841010075766	0.11020408163265305	B cell	Erythroid	2	4	5	3	5	SZRD1	1.0	False
0.00030881809150202404	0.7263681592039801	0.17800792297829332	0.2435088264424291	Erythroid	Plasma cell	2	7	8	4	7	TFG	1.0	False
0.0004168229429283724	0.7263681592039801	0.4914409938315597	0.5739279251431258	T cell	NK	2	6	8	4	6	TIMM17B	1.0	False
0.0004144105171672283	0.7263681592039801	0.19789261071553688	0.3008538685445761	B cell	Monocyte	2	7	11	3	7	TNFSF13B	1.0	False
9.552481650540028e-05	0.7263681592039801	0.09485154321519057	0.12167063341807755	T cell	Dendritic cell	2	7	9	5	7	TOP2B	1.0	False
0.0002261165689163443	0.7263681592039801	0.3657308157346719	0.4043622228620789	Plasma cell	Erythroid	2	7	10	3	6	XAF1	1.0	False
0.0003395737825972558	0.7263681592039801	0.30248831357030326	0.49949093782963533	B cell	Plasma cell	2	7	13	3	7	ZNF267	1.0	False
2.1348746892724432e-05	0.7313432835820896	0.0046747925116035205	0.20630887563736922	Erythroid	B cell	2	2	3	3	3	AQP3	1.0	False
0.00019372024872977653	0.7313432835820896	0.3611098853207222	0.3690976811245945	Monocyte	Plasma cell	2	7	6	3	5	BCAS2	1.0	False
0.0001950728497908871	0.7313432835820896	0.21134451872525478	0.12100681557460014	Plasma cell	T cell	2	5	7	3	4	CIZ1	1.0	False
0.00019898150366135685	0.7313432835820896	0.08365244426209073	0.07021291810429586	Dendritic cell	Erythroid	2	7	7	3	7	CLCC1	1.0	False
0.00013421828412595803	0.7313432835820896	0.36902556322296254	0.5631983240223464	B cell	Erythroid	2	6	10	4	6	CLPTM1L	1.0	False
0.003083130832716068	0.7313432835820896	0.055938319039532725	0.11447010869565216	T cell	Plasma cell	2	2	3	3	3	COL24A1	1.0	False
2.8311279288113812e-05	0.7313432835820896	0.2511732834982615	0.47613561553653716	Erythroid	T cell	2	7	11	5	8	ECHS1	1.0	False
0.00015324544376095841	0.7313432835820896	0.08899803489192665	0.10241395853849455	T cell	Erythroid	2	7	13	5	8	EFL1	1.0	False
7.819237489603082e-05	0.7313432835820896	0.04983531857247314	0.05482404205939467	NK	Erythroid	2	2	3	3	3	ENSG00000255476	1.0	False
0.000509104054526175	0.7313432835820896	0.2781626514156027	0.33279292557111273	Plasma cell	T cell	2	3	4	3	3	ENSG00000262202	1.0	False
0.00012742142354772696	0.7313432835820896	0.05265163325178884	0.11010750766848332	Plasma cell	T cell	2	7	12	7	11	FAM193A	1.0	False
0.00665464353956892	0.7313432835820896	0.17335815199659016	0.11269906084115966	Erythroid	NK	2	2	3	3	3	FAM219B	1.0	False
0.00020511762120498	0.7313432835820896	0.08561709664693856	0.08913790190889126	T cell	Dendritic cell	2	4	5	3	3	FGGY	1.0	False
0.0005316904521651332	0.7313432835820896	0.05684681697612737	0.00037878787878786735	Erythroid	NK	2	2	3	3	3	GRAMD1A	1.0	False
0.0001290942319019707	0.7313432835820896	0.2328039357469021	0.4704770553679371	Monocyte	T cell	2	7	9	3	6	HMGXB3	1.0	False
0.0002120122518688194	0.7313432835820896	0.18332036520088735	0.1670591580287662	Dendritic cell	NK	2	5	6	3	4	LIMD2	1.0	False
0.00044104791004201345	0.7313432835820896	0.15373067447891242	0.33203048661324985	NK	Plasma cell	2	5	5	3	3	MAP2K3	1.0	False
0.00029808582700412183	0.7313432835820896	0.0016919191919192444	0.11440284653465349	Erythroid	B cell	2	2	3	3	3	MCC	1.0	False
0.00032831382260837156	0.7313432835820896	0.17414435236633413	0.26113743216620944	T cell	NK	2	7	12	3	8	METTL14	1.0	False
1.4931702968520562e-05	0.7313432835820896	0.006355732405372239	0.16781274795027767	NK	Erythroid	2	2	3	3	3	MOSPD2	1.0	False
0.00012155444295141742	0.7313432835820896	0.10697076151417118	0.13555937655998662	Monocyte	B cell	2	7	14	4	8	NAPB	1.0	False
0.0001552288255932853	0.7313432835820896	0.03918245973567641	0.08427637542230887	NK	B cell	2	4	4	3	4	NDUFS2	1.0	False
0.00016268311029767432	0.7313432835820896	0.25789632948607544	0.3154204037130247	B cell	Dendritic cell	2	7	10	4	8	NONO	1.0	False
0.0003230312074460949	0.7313432835820896	0.21216216216216222	0.4974304948866849	T cell	B cell	2	4	5	3	4	PRSS21	1.0	False
0.0002898385524998309	0.7313432835820896	0.20596156950257	0.2162320883251116	Plasma cell	Monocyte	2	7	13	3	9	RMDN1	1.0	False
0.0006669699114698293	0.7313432835820896	0.04543823396925112	0.10238598834836171	NK	Erythroid	2	2	3	3	3	SBNO2	1.0	False
0.00020087807483941357	0.7313432835820896	0.017210987038573267	0.02609178386380462	Erythroid	NK	2	2	3	3	3	SPAG4	1.0	False
0.0010036113281996152	0.7313432835820896	0.13346777517919495	0.1970649895178197	Plasma cell	NK	2	6	7	3	6	SPEN-AS1	1.0	False
0.0005028414553427069	0.7313432835820896	0.3676804189962084	0.4610185138347918	T cell	Erythroid	2	5	7	3	4	SQLE	1.0	False
0.00016664887934734644	0.7313432835820896	0.11182086674539166	0.1816227779643022	T cell	Dendritic cell	2	7	9	5	8	TGFBR2	1.0	False
0.0011456778580679363	0.7313432835820896	0.21415595708696228	0.2451875	Plasma cell	NK	2	6	7	3	5	UTP20	1.0	False
0.0002182837652912197	0.7313432835820896	0.13483158378288373	0.1489247766868929	Dendritic cell	Monocyte	2	7	14	4	10	VPS26C	1.0	False
0.0001935994401641879	0.7313432835820896	0.10550512620553282	0.15848252911813643	Monocyte	T cell	2	7	11	5	8	WASHC2A	1.0	False
4.753556650770317e-05	0.7313432835820896	0.08444375721982489	0.1436146377893951	NK	Erythroid	2	2	3	3	3	WDR45	1.0	False
0.00023895586183318474	0.7313432835820896	0.15940503048728538	0.2148868172820666	Erythroid	Dendritic cell	2	6	8	3	5	ZFYVE27	1.0	False
0.0018333945678147005	0.7313432835820896	0.37409986356527236	0.49826086956521737	Dendritic cell	T cell	2	5	6	3	5	ZNF699	1.0	False
0.0008701553920186562	0.736318407960199	0.13406129092403601	0.29676617851899256	B cell	NK	2	4	5	3	4	ACADS	1.0	False
0.0001049657808004522	0.736318407960199	0.0388726030458314	0.03155339805825241	NK	Erythroid	2	2	3	3	3	ANKRD49	1.0	False
0.00044168575086260504	0.736318407960199	0.1142630131598043	0.17168639940917169	NK	Monocyte	2	6	9	3	6	AREG	1.0	False
0.0009905009568052655	0.736318407960199	0.1926698207256914	0.16084640426161584	B cell	NK	2	5	7	3	4	ATPAF2	1.0	False
0.00022466070024722767	0.736318407960199	0.277441139330197	0.4907169498549524	Plasma cell	Erythroid	2	5	8	3	5	BLNK	1.0	False
0.0006154366497810722	0.736318407960199	0.09140069256223976	0.25132405290423404	Plasma cell	Erythroid	2	7	11	5	9	CARD8	1.0	False
0.00040445648913534137	0.736318407960199	0.0657645212431327	0.08974358974358976	NK	Monocyte	2	3	4	3	4	CATSPER2P1	1.0	False
0.00012665896916605866	0.736318407960199	0.20823575971450947	0.36358046871880867	Monocyte	NK	2	7	13	5	9	CCPG1	1.0	False
0.0001528146337871535	0.736318407960199	0.2971702980501012	0.2873504273504273	Erythroid	Plasma cell	2	7	15	6	10	CHMP1B	1.0	False
0.00011936907275602041	0.736318407960199	0.044564660059150496	0.04656510661440871	B cell	T cell	2	6	7	3	5	CYBC1	1.0	False
0.0017621331450173735	0.736318407960199	0.24072012289462524	0.38584805710928216	Dendritic cell	T cell	2	7	10	6	9	DDX6	1.0	False
9.634577785888275e-05	0.736318407960199	0.0683554884773902	0.06518364178616659	Plasma cell	NK	2	7	7	3	5	DNAJC9	1.0	False
0.0005500853512289997	0.736318407960199	0.04054381425945741	0.06945175207829102	Erythroid	NK	2	4	5	3	5	ENSG00000234185	1.0	False
0.00013269301997670212	0.736318407960199	0.18719054913847583	0.1782760629004077	Monocyte	Dendritic cell	2	7	10	3	6	ENSG00000286153	1.0	False
0.0002462643952790722	0.736318407960199	0.017867201831707258	0.018839507477672657	Erythroid	NK	2	2	3	3	3	ENSG00000286787	1.0	False
0.00036756075461165545	0.736318407960199	0.3416223715593464	0.3219371793267426	NK	Dendritic cell	2	5	5	3	4	ENSG00000290989	1.0	False
0.00010110474182792447	0.736318407960199	0.15818094629535562	0.15060640693980465	Erythroid	Plasma cell	2	7	18	10	13	ESCO1	1.0	False
0.00031777944290754215	0.736318407960199	0.1621967610009037	0.13498128888024885	Monocyte	Plasma cell	2	7	12	5	11	EXOC1	1.0	False
0.00244430989075412	0.736318407960199	0.19103783537961694	0.3566551452694138	B cell	Monocyte	2	7	11	4	8	GPRIN3	1.0	False
3.3366163274183526e-05	0.736318407960199	9.540436677119013e-05	0.11827956989247312	T cell	Monocyte	2	2	3	3	3	KLRK1	1.0	False
0.0002458492285821991	0.736318407960199	0.13038406312568485	0.021755777360224382	NK	Erythroid	2	2	3	3	3	LINC01151	1.0	False
0.00025835552983495254	0.736318407960199	0.04830108695061708	0.05863310730567367	NK	Erythroid	2	3	7	4	6	NPIPB13	1.0	False
0.0002266106905869339	0.736318407960199	0.09850080457714999	0.07538540596094556	NK	Dendritic cell	2	4	4	3	3	NUDT13	1.0	False
8.31803837560316e-05	0.736318407960199	0.17733043512357932	0.1685226776467652	NK	B cell	2	7	18	6	10	PKNOX1	1.0	False
0.00029394664112782174	0.736318407960199	0.08598923147239995	0.16989307444217372	T cell	Monocyte	2	7	7	4	7	PTPRC	1.0	False
0.0001270784197756045	0.736318407960199	0.18856451950769093	0.2715224781382683	T cell	Dendritic cell	2	7	13	5	8	RAB14	1.0	False
0.0004303816323993719	0.736318407960199	0.1763044949841976	0.11889044943820226	T cell	NK	2	7	12	3	7	RALGDS	1.0	False
0.0002166555178351119	0.736318407960199	0.10570027638774032	0.3308858467050943	Plasma cell	T cell	2	7	11	5	8	SAFB	1.0	False
5.1542010544727494e-05	0.736318407960199	0.07862216647443404	0.1529763975790171	NK	Plasma cell	2	7	10	5	9	SREK1	1.0	False
5.6379480894614355e-05	0.736318407960199	0.05606958684973651	0.14376754889935794	Plasma cell	Monocyte	2	7	10	6	9	SSBP2	1.0	False
0.002489724368527172	0.736318407960199	0.3509132773298389	0.22231960688525532	Plasma cell	B cell	2	7	8	3	6	STRAP	1.0	False
0.00014893626018060372	0.736318407960199	0.12344094807029715	0.18588791269043486	Dendritic cell	Plasma cell	2	7	8	3	7	TAX1BP1	1.0	False
5.652330198337633e-05	0.736318407960199	0.38444588154584003	0.5431348354331981	Plasma cell	Monocyte	2	7	9	5	8	TMED2	1.0	False
0.0006060878570076957	0.736318407960199	0.039895183880003515	0.041387959866220736	Dendritic cell	B cell	2	2	3	3	3	TOR1A	1.0	False
0.0006725652759886607	0.736318407960199	0.23470794616399443	0.2554747597165413	T cell	Dendritic cell	2	7	7	3	5	ZNF394	1.0	False
0.00027702520559505495	0.7412935323383084	0.1706118227715504	0.2511923148729612	Erythroid	Monocyte	2	7	10	4	8	ANAPC16	1.0	False
3.907929490879748e-05	0.7412935323383084	0.1334060103386812	0.2757122153880857	Monocyte	Plasma cell	2	7	9	5	9	ARHGDIB	1.0	False
0.0003670519034780313	0.7412935323383084	0.07768338797750557	0.13616659350307292	Monocyte	NK	2	3	4	3	3	ARRB1	1.0	False
3.8009988899261396e-05	0.7412935323383084	0.11115129585691086	0.1987625438650495	B cell	Plasma cell	2	7	15	9	14	ATRX	1.0	False
0.0001927492611647424	0.7412935323383084	0.2894618071776346	0.4376058797466704	Monocyte	Plasma cell	2	7	11	4	9	CCDC124	1.0	False
0.00028999366531855307	0.7412935323383084	0.23115244027756837	0.35066858585226446	Plasma cell	NK	2	7	9	3	7	CCDC66	1.0	False
0.0001510253982242211	0.7412935323383084	0.08645948670818016	0.10803184135366017	Dendritic cell	T cell	2	7	8	4	7	CDK13	1.0	False
0.000372047387840283	0.7412935323383084	0.08691514614127893	0.06136680613668066	T cell	B cell	2	7	7	3	7	CNST	1.0	False
0.0008461035284599487	0.7412935323383084	0.1701223390878564	0.18785106382978722	NK	Dendritic cell	2	4	4	3	4	COX19	1.0	False
0.0007035500713672507	0.7412935323383084	0.1267951044193079	0.23754712796628963	Monocyte	Plasma cell	2	7	13	3	11	FAN1	1.0	False
4.644256132894594e-05	0.7412935323383084	0.21207007356939145	0.23861023083035737	Monocyte	Plasma cell	2	7	15	6	10	GRIPAP1	1.0	False
0.00031619287708081203	0.7412935323383084	0.13509058803791035	0.1657290277472065	Dendritic cell	NK	2	7	9	3	7	GUSBP1	1.0	False
0.0006994059399693656	0.7412935323383084	0.23697384674805677	0.3258696007662298	B cell	Monocyte	2	6	9	3	6	ITM2A	1.0	False
0.00012884293411117626	0.7412935323383084	0.15755805150999835	0.11608934191634424	NK	Monocyte	2	6	7	3	5	JOSD2	1.0	False
0.00032612252375939906	0.7412935323383084	0.22682538397759322	0.4008208890992813	NK	Plasma cell	2	7	7	3	6	MACO1	1.0	False
0.00011461077645028684	0.7412935323383084	0.21637923768643652	0.31755688014870803	NK	Plasma cell	2	7	10	6	9	MARCHF6	1.0	False
0.00042886125539459414	0.7412935323383084	0.08851850620838464	0.12358472689374206	B cell	Plasma cell	2	6	10	3	7	MMS19	1.0	False
2.5093419892979106e-05	0.7412935323383084	0.03747455516087328	0.034113730776637596	NK	Erythroid	2	2	3	3	3	MRRF	1.0	False
0.00029893763806913967	0.7412935323383084	0.06515252472545008	0.11638458110007655	Dendritic cell	T cell	2	6	8	4	6	MTMR2	1.0	False
3.1611752635782696e-05	0.7412935323383084	0.03800404626022891	0.049666326903475166	Erythroid	NK	2	2	3	3	3	MYNN	1.0	False
8.335702962789985e-05	0.7412935323383084	0.0668980127989034	0.007546099290780095	NK	Erythroid	2	2	3	3	3	MYO16	1.0	False
0.00016775919339878504	0.7412935323383084	0.14166801107477595	0.08189352437140052	B cell	T cell	2	3	4	3	3	NMD3	1.0	False
0.0003919924287344604	0.7412935323383084	0.10553576249966917	0.15687003968253965	Dendritic cell	Plasma cell	2	5	9	3	5	PARP11	1.0	False
0.00020797925970176208	0.7412935323383084	0.20766297303067538	0.2687430323299888	T cell	Plasma cell	2	7	12	4	10	PCGF3	1.0	False
0.0008686242202446805	0.7412935323383084	0.0826155079137531	0.08388385953328348	Plasma cell	Erythroid	2	7	7	3	7	PHACTR4	1.0	False
9.308515462693335e-05	0.7412935323383084	0.13733466984638404	0.09996753246753248	T cell	Erythroid	2	6	11	4	7	PIGU	1.0	False
0.00026852606705520476	0.7412935323383084	0.0855127172950389	0.1060418450022893	T cell	B cell	2	7	9	4	7	PPM1L	1.0	False
0.0002442868819515348	0.7412935323383084	0.09799940939319296	0.11779214857190234	T cell	Plasma cell	2	5	10	3	6	PTER	1.0	False
0.00011324365378295949	0.7412935323383084	0.03515325111248713	0.0547281252223783	Plasma cell	T cell	2	7	12	7	10	SPATA5	1.0	False
1.9049794082884822e-05	0.7412935323383084	0.015822914500058682	0.018893100247524774	NK	Erythroid	2	2	3	3	3	SPATA5L1	1.0	False
0.00011356220569211615	0.7412935323383084	0.37407902554961375	0.7613017020144367	Dendritic cell	Monocyte	2	6	7	3	6	SPOCK2	1.0	False
0.0001604021134388534	0.7412935323383084	0.058530454784109454	0.11633796881584496	NK	Erythroid	2	7	12	7	10	STIM2	1.0	False
7.914413073794522e-05	0.7412935323383084	0.09552618759908837	0.16423452638321723	B cell	NK	2	5	11	3	7	STK35	1.0	False
0.000611724217191668	0.7412935323383084	0.11078247787776002	0.1250934579439253	Dendritic cell	NK	2	4	7	3	5	TBC1D31	1.0	False
0.00046008175445334793	0.7412935323383084	0.23604413789361606	0.3604518284106892	Erythroid	NK	2	6	8	3	6	TCP11L2	1.0	False
0.00012027229683600265	0.7412935323383084	0.10531289462289384	0.1298883700569094	B cell	Dendritic cell	2	7	9	4	6	TNIK	1.0	False
0.00038543983996199103	0.7412935323383084	0.13516144223823712	0.14757945676496803	T cell	B cell	2	6	7	3	4	TRIM52	1.0	False
0.00036280402797816654	0.7412935323383084	0.06484848484848482	0.05181558547531623	B cell	Dendritic cell	2	2	3	3	3	TSC22D4	1.0	False
0.00014831901227104995	0.7412935323383084	0.09931175032178086	0.09093245812727158	NK	Monocyte	2	7	13	5	10	TTBK2	1.0	False
0.00017595943628319309	0.7412935323383084	0.08804125624777792	0.24571107904441242	B cell	Monocyte	2	7	9	3	6	XPC	1.0	False
4.0575852776952884e-05	0.7412935323383084	0.37027148433722623	0.3793864468864469	Plasma cell	NK	2	6	11	5	8	ZNF830	1.0	False
0.00010764819850062704	0.746268656716418	0.18094291525832046	0.3014806658185356	Erythroid	Plasma cell	2	7	11	4	9	AKAP10	1.0	False
9.598000394586803e-05	0.746268656716418	0.04442047234024754	0.14551890305035825	B cell	Monocyte	2	7	13	8	12	ANKRD11	1.0	False
0.00044681735033943093	0.746268656716418	0.06715844188975639	0.29901955633084976	Erythroid	T cell	2	4	4	3	4	C12orf29	1.0	False
0.0003394743535131156	0.746268656716418	0.5848472443701642	0.4145318914167881	T cell	Dendritic cell	2	5	7	3	4	CD36	1.0	False
0.0001575564201941601	0.746268656716418	0.3464900027340283	0.5983510337112791	Dendritic cell	NK	2	7	7	3	6	CDC42SE1	1.0	False
0.0006413594472921433	0.746268656716418	0.0506747552149851	0.06847768831364287	Erythroid	T cell	2	2	3	3	3	CDK2AP1	1.0	False
0.0005850171950657528	0.746268656716418	0.22620788081314402	0.33106841611996246	B cell	NK	2	6	8	3	4	CHMP6	1.0	False
7.912139160480688e-05	0.746268656716418	0.08671856330258015	0.009721974692568136	NK	B cell	2	2	3	3	3	CMAS	1.0	False
0.00024559379991214987	0.746268656716418	0.17399580120551988	0.413431260744498	Plasma cell	Monocyte	2	7	11	3	7	FAM120AOS	1.0	False
0.0016654737650468256	0.746268656716418	0.03234921810845737	0.029344512195121963	NK	Erythroid	2	2	3	3	3	FUNDC2	1.0	False
0.00026621472342567675	0.746268656716418	0.11090918750496176	0.044469530509807065	B cell	Erythroid	2	4	5	3	5	GPR89B	1.0	False
0.0001746046444872478	0.746268656716418	0.08834003876922192	0.16083305340947268	T cell	Erythroid	2	5	7	4	5	GTPBP10	1.0	False
6.294612821152463e-05	0.746268656716418	0.40650340944458596	0.3956349206349206	NK	B cell	2	3	5	3	4	IFRD2	1.0	False
0.0014457230668168152	0.746268656716418	0.12718198938537917	0.11162162162162159	B cell	NK	2	2	3	3	3	LAPTM4B	1.0	False
0.0003609958741940207	0.746268656716418	0.059909172844666625	0.2197110706882694	NK	B cell	2	3	6	3	5	LINC02968	1.0	False
1.3238182333604647e-05	0.746268656716418	0.18711018823214265	0.674469316830383	B cell	Monocyte	2	7	8	4	7	LSM5	1.0	False
0.0019033723953973986	0.746268656716418	0.04935857479152883	0.20212786499063506	Erythroid	NK	2	2	3	3	3	MAN2B2	1.0	False
9.88549983795226e-05	0.746268656716418	0.07060102559098402	0.10162043940749582	NK	T cell	2	7	13	7	10	NFATC3	1.0	False
7.583652246589991e-05	0.746268656716418	0.24035775019295902	0.3274146291069905	Monocyte	Plasma cell	2	7	9	4	8	NUP210	1.0	False
0.0004916782623929945	0.746268656716418	0.11156314181273363	0.10834159779614327	T cell	B cell	2	7	15	7	12	PRKX	1.0	False
0.0003463534562165046	0.746268656716418	0.38638915407854346	0.5666657888499724	Monocyte	Plasma cell	2	7	7	3	4	RASSF1	1.0	False
8.024805050318442e-05	0.746268656716418	0.07026632882074552	0.015423443634324185	NK	Erythroid	2	2	3	3	3	RIN2	1.0	False
8.682910072590785e-06	0.746268656716418	0.1934026344973031	0.35400520430410015	B cell	Monocyte	2	5	6	3	6	RPL19	1.0	False
4.58415428432192e-06	0.746268656716418	0.008272725839756578	0.0021825949661001265	B cell	Erythroid	2	2	3	3	3	RRAGA	1.0	False
4.4589388358108716e-05	0.746268656716418	0.20545306239773142	0.34350184818203533	Plasma cell	Erythroid	2	7	17	7	12	STX16	1.0	False
4.445862354644409e-05	0.746268656716418	0.054546347881525126	0.09773939202910442	Erythroid	Plasma cell	2	7	9	6	8	TBL1XR1	1.0	False
0.00020460150812689278	0.746268656716418	0.1262551118935586	0.20880321109685168	Plasma cell	Erythroid	2	6	10	3	7	TCEAL4	1.0	False
0.0006857324506311544	0.746268656716418	0.11008460988115815	0.2198431456811345	B cell	Dendritic cell	2	7	10	3	8	TGFB1	1.0	False
0.0014179478439737218	0.746268656716418	0.14188973540958782	0.19246194512806486	T cell	B cell	2	7	13	6	10	TSPAN3	1.0	False
6.047373074549575e-05	0.746268656716418	0.32713523509945447	0.605241069159627	Erythroid	Dendritic cell	2	6	8	3	5	UQCC3	1.0	False
0.00020621071270485267	0.746268656716418	0.235491784813331	0.3006848655545124	Erythroid	Plasma cell	2	7	11	3	8	ZMYND11	1.0	False
0.00010804233983870097	0.7512437810945274	0.11535426554755052	0.10152940554887346	Dendritic cell	Erythroid	2	6	11	4	8	ABCA5	1.0	False
3.7421204613779024e-05	0.7512437810945274	0.0808384181073587	0.2723872260358346	Erythroid	B cell	2	7	9	5	8	ATP11B	1.0	False
0.0006642508787948996	0.7512437810945274	0.015985249318582695	0.2928571428571428	Erythroid	NK	2	2	3	3	3	CA3	1.0	False
0.00039287945739796846	0.7512437810945274	0.09078308757999398	0.07695546407185627	Plasma cell	NK	2	5	6	3	5	CBR3-AS1	1.0	False
0.0006692833855549587	0.7512437810945274	0.03634302205730777	0.02557196371629361	Erythroid	NK	2	2	3	3	3	CDAN1	1.0	False
0.0007912560708252883	0.7512437810945274	0.03332064219370279	0.032644190707835086	NK	Erythroid	2	2	3	3	3	CEP70	1.0	False
0.0008408282395739177	0.7512437810945274	0.21004587282049308	0.2146700212393643	Plasma cell	Dendritic cell	2	7	12	4	9	CSK	1.0	False
0.0011103536209681143	0.7512437810945274	0.06734701222762007	0.26537513333598894	NK	Erythroid	2	2	3	3	3	DLGAP4-AS1	1.0	False
0.0002732081483983352	0.7512437810945274	0.1444710269850833	0.2280282278657319	Monocyte	B cell	2	7	15	8	12	EIF2S3	1.0	False
0.0001915930256279982	0.7512437810945274	0.1499960389118986	0.21661818671781502	Erythroid	Plasma cell	2	7	9	4	7	ETNK1	1.0	False
0.000191352225891687	0.7512437810945274	0.2478797178020845	0.3616567627647888	T cell	NK	2	7	11	4	7	ETS2	1.0	False
8.5825685263102e-05	0.7512437810945274	0.19547038378170795	0.389797077633908	Erythroid	Plasma cell	2	7	13	6	11	GGA2	1.0	False
0.00043071723144216844	0.7512437810945274	0.25317102682755593	0.32158906882591093	B cell	Plasma cell	2	6	8	3	4	LIG3	1.0	False
0.00029607922115746147	0.7512437810945274	0.005481612935029134	0.00981161695447419	Erythroid	NK	2	2	3	3	3	MED12	1.0	False
4.940503022534533e-05	0.7512437810945274	0.03420714692023319	0.11835126899637438	NK	Erythroid	2	2	4	4	4	MTA2	1.0	False
0.000411064126938733	0.7512437810945274	0.19625179312143293	0.3663245126659761	Plasma cell	NK	2	6	7	3	6	NOM1	1.0	False
0.00016531860010733055	0.7512437810945274	0.14736877175831997	0.20062515233559286	T cell	Dendritic cell	2	6	6	3	5	NOTCH2	1.0	False
0.0024335809040876245	0.7512437810945274	0.3793853035173628	0.41337630181261453	Plasma cell	Dendritic cell	2	6	10	3	6	NUP62	1.0	False
0.00021923640461101257	0.7512437810945274	0.15531661898903432	0.14634707397865293	NK	Plasma cell	2	6	11	4	9	PARG	1.0	False
0.0004430766026941764	0.7512437810945274	0.11022925195032052	0.17054173448035342	B cell	Plasma cell	2	6	7	3	4	RCAN1	1.0	False
0.0006934892011188485	0.7512437810945274	0.13040250153448857	0.15031645569620256	Plasma cell	NK	2	4	6	3	3	RFX1	1.0	False
2.100722374668149e-05	0.7512437810945274	0.09029426821424508	0.22159631535052493	B cell	Monocyte	2	7	18	8	14	RNF125	1.0	False
4.945563485405867e-05	0.7512437810945274	0.2722352613711392	0.38300490275225596	T cell	Dendritic cell	2	7	10	4	8	RNF130	1.0	False
0.00026517908119589836	0.7512437810945274	0.3640991838870814	0.6568935346881869	NK	Plasma cell	2	6	10	4	7	RPSA2	1.0	False
8.50231577556912e-05	0.7512437810945274	0.1172567122730892	0.18323249210519327	Erythroid	Plasma cell	2	7	9	5	8	RSRC1	1.0	False
0.000337562319144645	0.7512437810945274	0.17631988122809272	0.12785388127853886	T cell	B cell	2	6	7	4	7	SFPQ	1.0	False
0.00020329087460179118	0.7512437810945274	0.09875435534612964	0.28471524755421646	Erythroid	Plasma cell	2	6	10	3	6	SLC30A5	1.0	False
0.0001355687499837512	0.7512437810945274	0.21711150520422035	0.30710059171597626	Plasma cell	B cell	2	6	11	3	8	SNHG17	1.0	False
0.0001424942809171601	0.7512437810945274	0.07155604953664918	0.139992172807347	B cell	Plasma cell	2	7	9	5	8	ST6GAL1	1.0	False
3.735709460485496e-05	0.7512437810945274	0.058820551573714186	0.08338836632337976	B cell	Erythroid	2	2	3	3	3	TAS2R19	1.0	False
0.0003082818652433501	0.7512437810945274	0.12983731441927432	0.21792025908291512	NK	Monocyte	2	7	13	4	11	TBC1D2B	1.0	False
0.00048520704413467956	0.7512437810945274	0.07800864480377662	0.12893360160965794	B cell	Erythroid	2	6	7	3	5	ZNF680	1.0	False
0.0002167514396026776	0.7562189054726368	0.2842070827930988	0.30155022297727757	T cell	B cell	2	5	7	3	5	ABRAXAS2	1.0	False
3.8847725842284303e-05	0.7562189054726368	0.32248657057394103	0.32639043484713565	T cell	NK	2	6	6	3	6	ANP32E	1.0	False
3.1364675513821834e-05	0.7562189054726368	0.020538304808164376	0.07702702702702707	T cell	B cell	2	2	3	3	3	ARRDC3-AS1	1.0	False
0.0002176892276590785	0.7562189054726368	0.312711966507033	0.3231076850219685	Monocyte	Plasma cell	2	7	10	3	7	BCCIP	1.0	False
0.00011380986515069354	0.7562189054726368	0.14004690112429152	0.5578894064311408	Dendritic cell	T cell	2	4	8	4	5	BIRC5	1.0	False
0.0003833034541559207	0.7562189054726368	0.25923238854846736	0.46926097803388456	Plasma cell	Erythroid	2	7	5	3	4	BTG2	1.0	False
0.0002672793233660938	0.7562189054726368	0.0475406803157194	0.06884272997032637	NK	Erythroid	2	2	3	3	3	C13orf46	1.0	False
0.000764729320676242	0.7562189054726368	0.15898434794890037	0.14054715101005522	B cell	Plasma cell	2	5	7	3	4	CSTF1	1.0	False
2.9693761942841667e-05	0.7562189054726368	0.04336374123297515	0.16717155240713988	NK	Dendritic cell	2	2	3	3	3	DCXR	1.0	False
0.00012392285986279316	0.7562189054726368	0.15288211923152673	0.15121029205536252	Plasma cell	Erythroid	2	7	13	6	10	ENSG00000283674	1.0	False
1.916084676329175e-06	0.7562189054726368	0.0063841757355656	0.00427230046948357	NK	Erythroid	2	2	3	3	3	ENSG00000287330	1.0	False
8.659282266397365e-05	0.7562189054726368	0.07036750415957682	0.13738427380503537	NK	B cell	2	3	5	3	4	ENSG00000290927	1.0	False
0.0001116463473406944	0.7562189054726368	0.08137892826546306	0.15045664173353912	B cell	Plasma cell	2	7	10	6	9	FAM13B	1.0	False
2.4025127066294472e-05	0.7562189054726368	0.05643634289839711	0.23564475533620804	NK	Dendritic cell	2	7	12	8	11	FBXW7	1.0	False
0.0001777153584111445	0.7562189054726368	0.10587723116568254	0.25702359104064815	Dendritic cell	Plasma cell	2	7	19	7	14	GART	1.0	False
0.0003223788757322192	0.7562189054726368	0.19492152638749055	0.1822454002109457	T cell	Dendritic cell	2	6	10	3	7	GPS2	1.0	False
0.0008507863718135088	0.7562189054726368	0.28996148075687	0.4112082630260265	Dendritic cell	NK	2	6	11	3	8	LHPP	1.0	False
0.00010847884504063389	0.7562189054726368	0.011658706035605704	0.06672126409095291	NK	Erythroid	2	2	3	3	3	LYSMD2	1.0	False
0.00047683457387313134	0.7562189054726368	0.17159352639541536	0.15162538699690403	B cell	Plasma cell	2	5	7	3	4	MAP3K13	1.0	False
2.651623648171421e-05	0.7562189054726368	0.08365614439735808	0.1354788859860322	Monocyte	Erythroid	2	7	10	7	8	PARP8	1.0	False
0.00024338606296178276	0.7562189054726368	0.11099682046835141	0.46950407335129946	B cell	Monocyte	2	7	13	4	9	RPL4	1.0	False
0.0005423713084762648	0.7562189054726368	0.015471483126174135	0.04447497894596869	Erythroid	NK	2	2	4	4	4	TBC1D13	1.0	False
7.925996830987115e-05	0.7562189054726368	0.10393187619831123	0.1512743807586454	Dendritic cell	Erythroid	2	6	11	5	8	TMEM33	1.0	False
0.0001257605741291074	0.7562189054726368	0.03080695982101117	0.0619548265822259	Dendritic cell	Plasma cell	2	7	13	5	10	TOX	1.0	False
0.0010955350762629139	0.7562189054726368	0.0832185451726325	0.1551414458913336	Dendritic cell	NK	2	2	3	3	3	TRG-AS1	1.0	False
0.00017293825484421724	0.7562189054726368	0.1448036789503399	0.10710817634492131	NK	Dendritic cell	2	7	8	3	5	USP42	1.0	False
0.00016902018097841306	0.7562189054726368	0.06812664605942531	0.139575466884376	Plasma cell	NK	2	7	13	5	9	USP7	1.0	False
0.00010576049552295184	0.7562189054726368	0.03513392780214292	0.07182745017675088	NK	T cell	2	2	3	3	3	WDR53	1.0	False
0.00011711109884520167	0.7562189054726368	0.057415136957312096	0.18406395975565942	Plasma cell	T cell	2	6	8	3	5	XNDC1N	1.0	False
0.00026065414151247755	0.7562189054726368	0.16551469413649755	0.3117039701572076	Monocyte	Dendritic cell	2	7	11	3	8	ZNF66	1.0	False
0.00013657243838367583	0.7562189054726368	0.14957658199040497	0.14994649914306651	T cell	B cell	2	7	11	5	8	ZNF770	1.0	False
0.0002339613413694317	0.7611940298507462	0.18805028777879101	0.22948699863638494	T cell	Erythroid	2	6	10	3	6	ACOX1	1.0	False
0.00025921670111460956	0.7611940298507462	0.10852451309162164	0.13374524121575238	NK	T cell	2	3	5	3	4	ALG2	1.0	False
0.00014248127984924766	0.7611940298507462	0.06645264716519256	0.05111351685740795	Erythroid	Dendritic cell	2	6	8	3	7	ARHGAP10	1.0	False
8.17118656555458e-05	0.7611940298507462	0.18476412730778663	0.14168292922002118	Monocyte	Plasma cell	2	7	9	4	8	ARMC8	1.0	False
7.140002408236294e-05	0.7611940298507462	0.017913067896296098	0.1733766233766234	Erythroid	NK	2	2	3	3	3	BEX2	1.0	False
0.00013506001797803765	0.7611940298507462	0.05164047573213487	0.0014098158428055285	Erythroid	B cell	2	2	3	3	3	C12orf42	1.0	False
0.00013551466098861277	0.7611940298507462	0.033538055877996964	0.07052531221188507	NK	Erythroid	2	2	4	4	4	CARNMT1	1.0	False
3.33142399914581e-05	0.7611940298507462	0.036663017697500355	0.049422658559714394	NK	B cell	2	2	3	3	3	CASC3	1.0	False
2.6834686653478462e-05	0.7611940298507462	0.01252964531095857	0.04464108380460574	T cell	B cell	2	2	3	3	3	CCT3	1.0	False
0.00014202923955621761	0.7611940298507462	0.10248207827736167	0.13453255362315697	Dendritic cell	Erythroid	2	7	11	5	9	CDK12	1.0	False
0.00012092840403865184	0.7611940298507462	0.16429819111528043	0.2069684568222212	T cell	Dendritic cell	2	7	10	7	10	CFL1	1.0	False
0.0007878026531235328	0.7611940298507462	0.3688960471841404	0.29151853732859323	Plasma cell	Erythroid	2	6	10	3	7	COX11	1.0	False
0.0011019848210900933	0.7611940298507462	0.5168416869871761	0.492742163897281	Erythroid	T cell	2	5	8	3	5	DCTN6-DT	1.0	False
0.00012974840757585708	0.7611940298507462	0.05691395351043771	0.01642501089820131	NK	Erythroid	2	2	3	3	3	DLGAP1	1.0	False
5.939740539847958e-05	0.7611940298507462	0.053776249637990214	0.07843569656741567	B cell	Monocyte	2	7	8	6	8	ELMO1	1.0	False
0.00023929639961228603	0.7611940298507462	0.2295571983220926	0.1662732756359822	Dendritic cell	Monocyte	2	6	9	3	6	ENSG00000265204	1.0	False
0.0006345814026902039	0.7611940298507462	0.185142998561102	0.14379048469957562	T cell	Dendritic cell	2	4	6	3	5	FBXO46	1.0	False
0.0001860488156234682	0.7611940298507462	0.16434753992343037	0.20688372403997413	Dendritic cell	T cell	2	7	12	5	11	HNRNPD	1.0	False
4.784708254299806e-05	0.7611940298507462	0.2111955562708075	0.20984560052038215	Monocyte	T cell	2	7	12	7	9	HNRNPK	1.0	False
0.00022887456312011752	0.7611940298507462	0.072051518839446	0.1306112979932722	B cell	NK	2	3	5	3	5	KDM6B	1.0	False
0.0030083223043302896	0.7611940298507462	0.29532651851265196	0.39301785096177627	B cell	Plasma cell	2	6	11	3	7	MAGED2	1.0	False
0.0001396196970652833	0.7611940298507462	0.16919191919191923	0.15055724417426541	NK	Dendritic cell	2	4	5	3	3	NSUN5P2	1.0	False
7.381418817887238e-05	0.7611940298507462	0.11666969734087795	0.07742168348547962	Erythroid	B cell	2	3	3	3	3	PMPCB	1.0	False
0.0003381445430318724	0.7611940298507462	0.4096119745069811	0.33974140302613476	Monocyte	Dendritic cell	2	7	11	4	7	POLR2M	1.0	False
0.0006728416035354203	0.7611940298507462	0.11550638201245844	0.1015488594762039	Plasma cell	NK	2	5	7	3	4	RSL1D1-DT	1.0	False
8.434661911410714e-05	0.7611940298507462	0.14525047599565444	0.12385520937859462	Dendritic cell	NK	2	7	7	3	7	SDCCAG8	1.0	False
5.2906564516690024e-05	0.7611940298507462	0.041633849752177654	0.10684368157894242	Plasma cell	B cell	2	7	17	8	12	SLC23A2	1.0	False
4.8686442896260303e-05	0.7611940298507462	0.03834531878662001	0.10179422944397137	NK	Plasma cell	2	7	9	5	8	SLMAP	1.0	False
0.00029571501580268164	0.7611940298507462	0.40332354779910834	0.4103051662812619	NK	Dendritic cell	2	6	9	3	6	TOR2A	1.0	False
0.00010216663973348782	0.7611940298507462	0.10464644030823433	0.3611850857993445	Plasma cell	Monocyte	2	7	12	7	11	UBE2D3	1.0	False
0.00013444775449381445	0.7611940298507462	0.11418706717513477	0.19597974919397704	Erythroid	T cell	2	7	15	9	14	USP9X	1.0	False
4.298505888989944e-05	0.7611940298507462	0.03961923758229041	0.02146001950910864	B cell	T cell	2	2	4	4	4	VAMP4	1.0	False
0.0001399093355226567	0.7611940298507462	0.17488202815139037	0.19656954887218048	Dendritic cell	T cell	2	5	9	3	7	VPS37A	1.0	False
0.0006709897871301363	0.7611940298507462	0.02296390765656131	0.021528371827773007	Erythroid	NK	2	2	3	3	3	ZNF500	1.0	False
0.00010700263578297202	0.7661691542288557	0.17615424247844447	0.142833123160992	Monocyte	Plasma cell	2	6	7	3	4	AHR	1.0	False
0.0002570114062764016	0.7661691542288557	0.21597645128330534	0.28026595416347005	Monocyte	Plasma cell	2	7	10	6	9	C11orf58	1.0	False
0.00013800737810587153	0.7661691542288557	0.07543467021404981	0.07433988764044941	Monocyte	B cell	2	7	9	3	7	C5orf24	1.0	False
0.00014306990586060447	0.7661691542288557	0.22383320175793403	0.40367073003698123	B cell	NK	2	5	10	4	8	CALM3	1.0	False
9.216116581681148e-05	0.7661691542288557	0.00727552762768191	0.18315259619607444	T cell	B cell	2	2	3	3	3	CAPRIN2	1.0	False
0.00015708593473526437	0.7661691542288557	0.11706412958284951	0.08958647561588734	Monocyte	Erythroid	2	7	11	4	7	CCDC7	1.0	False
0.0014334904339884265	0.7661691542288557	0.22645001060668413	0.2784296807592752	Plasma cell	Monocyte	2	7	12	4	9	CEP44	1.0	False
2.589039917894904e-05	0.7661691542288557	0.07191307600081365	0.07284718173370647	Dendritic cell	Plasma cell	2	7	13	7	11	DENND1A	1.0	False
0.00022847589266543724	0.7661691542288557	0.11304135189250991	0.14216415548240063	NK	Erythroid	2	4	8	3	5	DNA2	1.0	False
0.00034927903221791543	0.7661691542288557	0.3674119380543014	0.3170995670995671	Plasma cell	Erythroid	2	6	8	3	5	GCDH	1.0	False
0.0004165311850896724	0.7661691542288557	0.11942851319302689	0.09396086528084086	Erythroid	Dendritic cell	2	5	7	5	7	HS2ST1	1.0	False
0.00036892979718151366	0.7661691542288557	0.1497718947718948	0.04504588874321036	Dendritic cell	NK	2	5	7	3	5	HYOU1	1.0	False
0.00023813378485163772	0.7661691542288557	0.08640894022019541	0.18150521029423963	Erythroid	Plasma cell	2	6	9	4	7	KXD1	1.0	False
0.00016675067521658456	0.7661691542288557	0.07484088928273641	0.19765984619797572	Monocyte	Dendritic cell	2	7	11	4	8	LYPLA1	1.0	False
7.633900498577049e-05	0.7661691542288557	0.2395666036028673	0.34748368678629693	Monocyte	Dendritic cell	2	4	8	3	5	NCAPG2	1.0	False
5.1062608643154526e-05	0.7661691542288557	0.04098822238422645	0.14206316329348642	NK	Erythroid	2	2	3	3	3	NFIL3	1.0	False
0.0001666900017356457	0.7661691542288557	0.2654776545589967	0.29489795918367345	T cell	Monocyte	2	7	10	3	8	PHYKPL	1.0	False
0.0001494067177522855	0.7661691542288557	0.10977359870534092	0.14494673193204727	B cell	Dendritic cell	2	7	16	6	10	RALBP1	1.0	False
0.00038077488849303024	0.7661691542288557	0.01902061919283471	0.06479779411764708	B cell	Erythroid	2	3	4	3	4	RPL34	1.0	False
0.0004982572096858806	0.7661691542288557	0.06919608915202186	0.11795482801491919	T cell	B cell	2	5	6	3	5	SEC22B	1.0	False
0.00031615305151081586	0.7661691542288557	0.3385608162263262	0.2746860331749443	NK	T cell	2	7	8	3	6	SNHG15	1.0	False
0.0005014357784478067	0.7661691542288557	0.30798756457324494	0.2158754774417736	Erythroid	T cell	2	6	8	3	5	SRSF1	1.0	False
0.0002834186717975788	0.7661691542288557	0.011619366593436875	0.04595570763235435	Erythroid	NK	2	2	3	3	3	TMEM138	1.0	False
7.074227918386728e-05	0.7661691542288557	0.2451156687542418	0.2792580971318327	Plasma cell	NK	2	7	11	7	10	YME1L1	1.0	False
0.0004921117969172368	0.7661691542288557	0.12240125588504408	0.06599235228814604	Plasma cell	NK	2	5	7	3	5	ZNF136	1.0	False
0.00029289193515090526	0.7661691542288557	0.05317367997271938	0.12725123213216438	T cell	B cell	2	5	8	3	6	ZNF821	1.0	False
0.00012982191684948678	0.7711442786069652	0.1373314597166787	0.3161688831737222	T cell	Monocyte	2	7	12	5	10	ARID3B	1.0	False
3.275927345456303e-05	0.7711442786069652	0.0015737885978647226	0.05477886344312333	Erythroid	NK	2	2	3	3	3	ARMCX5-GPRASP2	1.0	False
0.0005471165569216321	0.7711442786069652	0.05658759328707086	0.12858076455680295	B cell	Dendritic cell	2	7	12	7	10	B4GALT1	1.0	False
6.580318127407167e-05	0.7711442786069652	0.2840349373077525	0.5756696155051935	NK	T cell	2	7	8	4	7	BUD23	1.0	False
1.6512562821539737e-05	0.7711442786069652	0.37620624303813577	0.49907773386034254	Dendritic cell	NK	2	4	7	4	5	C15orf39	1.0	False
0.00014379959582612586	0.7711442786069652	0.34260771717099686	0.2647582458770615	Plasma cell	Monocyte	2	7	10	3	8	CALCOCO2	1.0	False
0.00022537889415356535	0.7711442786069652	0.03375359290093616	0.006951252116567108	T cell	Monocyte	2	2	3	3	3	CD247	1.0	False
0.0004156643650293087	0.7711442786069652	0.16074677731950282	0.19196814955859448	Monocyte	B cell	2	6	7	3	4	CRACR2A	1.0	False
0.000746553055947435	0.7711442786069652	0.08891489068259179	0.3001801250529454	T cell	Erythroid	2	7	10	6	9	CUL5	1.0	False
4.193603438496979e-05	0.7711442786069652	0.013959874111815984	0.20562266637381943	T cell	Plasma cell	2	2	3	3	3	CXXC5	1.0	False
0.00011965811736609728	0.7711442786069652	0.004188826703446613	0.022322558865727093	Erythroid	NK	2	2	3	3	3	DHRSX-IT1	1.0	False
0.00032514944415560373	0.7711442786069652	0.05560399565348312	0.10592105263157897	Plasma cell	Dendritic cell	2	2	3	3	3	DPH5	1.0	False
0.00019768913346125618	0.7711442786069652	0.12639214472055227	0.30874911210722544	Plasma cell	Erythroid	2	7	18	11	18	ELF1	1.0	False
0.00029686215215444286	0.7711442786069652	0.01846756623796475	0.058690704786288295	Erythroid	NK	2	2	3	3	3	ENSG00000275807	1.0	False
0.0008291489869516394	0.7711442786069652	0.10159574758730872	0.19840964473515454	Erythroid	NK	2	2	3	3	3	ENSG00000290073	1.0	False
0.0001570876706061545	0.7711442786069652	0.03950300571282239	0.15968996425427956	NK	T cell	2	7	11	5	9	ENSG00000290928	1.0	False
0.0001262538384311429	0.7711442786069652	0.009670377735047031	0.00477430555555558	NK	B cell	2	2	3	3	3	GPR137B	1.0	False
7.525147124516924e-06	0.7711442786069652	0.03508027131215541	0.01864090092840992	Erythroid	NK	2	2	3	3	3	H2AC25	1.0	False
0.0001434808412367703	0.7711442786069652	0.13475612594681197	0.12362801937272178	Dendritic cell	B cell	2	7	13	5	9	KIF3B	1.0	False
0.00021610739817143047	0.7711442786069652	0.10206682432104036	0.10858585858585856	Dendritic cell	Erythroid	2	7	10	3	7	MAP3K14	1.0	False
2.488609552358638e-05	0.7711442786069652	0.02052981242294405	0.008598466307717378	Erythroid	T cell	2	2	3	3	3	MAP9	1.0	False
0.00014423388648029064	0.7711442786069652	0.035841039203139746	0.1548940289734813	Dendritic cell	Plasma cell	2	2	3	3	3	METTL6	1.0	False
9.506076026917513e-05	0.7711442786069652	0.1468772908726279	0.20472957251940688	NK	Monocyte	2	7	11	4	9	MICU1	1.0	False
0.0006890160356646608	0.7711442786069652	0.1645338026710067	0.32454573849271884	Dendritic cell	T cell	2	7	14	5	10	MORF4L2	1.0	False
0.0001729210068562269	0.7711442786069652	0.06327405002148007	0.08681150395411674	T cell	Plasma cell	2	7	13	4	7	MTG2	1.0	False
8.885901647890256e-05	0.7711442786069652	0.11548324863542248	0.0841562902533276	B cell	Erythroid	2	7	9	3	6	NCAM1	1.0	False
0.0003105227157035583	0.7711442786069652	0.17109936883498705	0.21428452896566602	Monocyte	Plasma cell	2	7	11	3	5	SLC25A51	1.0	False
0.000588272156122529	0.7711442786069652	0.25152260182002417	0.2800509183487907	Erythroid	T cell	2	5	5	3	4	TAS2R30	1.0	False
0.0002283549388489701	0.7711442786069652	0.15537535547229286	0.17723958450182842	Erythroid	Plasma cell	2	7	11	5	10	TNKS2	1.0	False
0.00030546977166755933	0.7711442786069652	0.16176034917084903	0.17914209810147086	Dendritic cell	NK	2	7	9	4	6	USF3	1.0	False
0.0008932972811083371	0.7711442786069652	0.28600002074839465	0.2746954208094105	B cell	T cell	2	5	6	3	5	ZDHHC13	1.0	False
1.3412581434610544e-05	0.7711442786069652	0.1947905690909345	0.22094861660079052	Plasma cell	NK	2	7	12	4	8	ZFAND5	1.0	False
0.0003663608457687283	0.7711442786069652	0.2064913288888282	0.33336362121969315	Plasma cell	Erythroid	2	7	11	4	7	ZNF493	1.0	False
0.00022534339361028876	0.7711442786069652	0.2564662475205484	0.22778827977315697	Plasma cell	Erythroid	2	6	10	3	6	ZNF564	1.0	False
0.00031089267143385546	0.7711442786069652	0.1716814638723988	0.18262032085561497	T cell	Monocyte	2	7	11	5	8	ZNF761	1.0	False
0.0005457123815630117	0.7711442786069652	0.051216158292868796	0.04597701149425287	NK	Erythroid	2	2	3	3	3	ZNF778	1.0	False
0.00012858968515299068	0.7761194029850746	0.17762463825062685	0.3569631892035763	T cell	Dendritic cell	2	7	12	6	9	ANTXR2	1.0	False
0.00015351949174572922	0.7761194029850746	0.07990203657800499	0.28478700500525334	B cell	Dendritic cell	2	7	11	5	9	ARHGEF18	1.0	False
0.0001150249392854545	0.7761194029850746	0.040768895773658165	0.029264069264069326	NK	Erythroid	2	5	8	3	5	ATP9A	1.0	False
3.599933020958554e-05	0.7761194029850746	0.17425852829665167	0.38302087467259305	B cell	Plasma cell	2	7	13	4	9	BLCAP	1.0	False
0.00036018377640529306	0.7761194029850746	0.24811528624874757	0.20404190557089258	Plasma cell	T cell	2	7	11	3	8	C4orf3	1.0	False
0.0009623668668518896	0.7761194029850746	0.0876968803026405	0.10888888888888892	Erythroid	NK	2	2	3	3	3	CFAP298	1.0	False
0.00013777548874225153	0.7761194029850746	0.3014648047690754	0.20051020408163267	T cell	NK	2	5	9	3	7	CHMP1A	1.0	False
7.316298944983092e-05	0.7761194029850746	0.09748563420682982	0.3494187967872179	NK	Plasma cell	2	7	10	4	8	CPEB4	1.0	False
0.00020055782698224147	0.7761194029850746	0.08994907997177815	0.12952490404017414	Erythroid	Plasma cell	2	7	13	7	12	CRTC3	1.0	False
0.000275573737251831	0.7761194029850746	0.06700415681785749	0.16148182446993997	Erythroid	Plasma cell	2	7	13	5	9	CTDP1	1.0	False
2.0625309185376405e-05	0.7761194029850746	0.1335703203049159	0.3615182978753244	B cell	Erythroid	2	7	14	5	11	CTSB	1.0	False
0.00012660385341305535	0.7761194029850746	0.11521283082198397	0.3082277758758416	NK	B cell	2	3	5	3	4	DDI2	1.0	False
0.00034285573419673345	0.7761194029850746	0.07809708634282436	0.11347175277643656	B cell	T cell	2	6	8	3	6	DRAM1	1.0	False
0.00020334677656825336	0.7761194029850746	0.12592975431960213	0.3137720326222345	NK	Erythroid	2	7	13	7	11	EIF2AK4	1.0	False
0.00014006431033887162	0.7761194029850746	0.08682022793456906	0.21806030774156115	Plasma cell	B cell	2	7	12	3	7	ELP1	1.0	False
0.00026663166035692835	0.7761194029850746	0.08156138220543158	0.05956725755995834	Plasma cell	NK	2	6	10	3	6	FMN1	1.0	False
3.511324261113129e-05	0.7761194029850746	0.09831103912561551	0.17470333396119797	Monocyte	Plasma cell	2	4	6	3	5	KANK1	1.0	False
0.00037117305593999594	0.7761194029850746	0.21033321650224662	0.2238241210843951	Erythroid	T cell	2	6	7	3	4	KATNAL2	1.0	False
0.00022488248613809024	0.7761194029850746	0.03640801685879569	0.1472189349112426	Dendritic cell	T cell	2	5	10	4	7	MHENCR	1.0	False
2.233802474898335e-05	0.7761194029850746	0.10608396790768926	0.22527498168719262	Plasma cell	T cell	2	7	17	11	17	NCOA3	1.0	False
0.00018815999831753126	0.7761194029850746	0.14023674013305343	0.0717603255028405	T cell	Dendritic cell	2	4	6	3	6	NDUFAF1	1.0	False
0.0002471616484915645	0.7761194029850746	0.06528336905911275	0.014089870525514109	NK	B cell	2	2	3	3	3	NSUN5P1	1.0	False
9.581253921298471e-05	0.7761194029850746	0.0777325350562506	0.0572405627205641	NK	T cell	2	7	18	9	16	PCCA	1.0	False
3.6766235939216386e-05	0.7761194029850746	0.18768535431113093	0.5106166070421008	B cell	Erythroid	2	6	11	5	8	PECAM1	1.0	False
0.00015978652633564573	0.7761194029850746	0.28301057287733306	0.23845445530528403	Plasma cell	NK	2	6	9	3	6	PRRC1	1.0	False
0.00026418863199383807	0.7761194029850746	0.13323927724063034	0.10041998114370376	Dendritic cell	Erythroid	2	6	10	4	6	RBM12	1.0	False
0.00018892131852352124	0.7761194029850746	0.10102440393032408	0.03500708662062407	NK	T cell	2	4	8	5	6	RBM12B	1.0	False
0.0004603136980838679	0.7761194029850746	0.29405797954638835	0.25936110317816496	Plasma cell	T cell	2	7	9	3	6	SAP30BP	1.0	False
3.217914581213209e-05	0.7761194029850746	0.10028236905649979	0.1958244780597575	Erythroid	T cell	2	4	6	3	5	SLC31A1	1.0	False
0.0002284743633291328	0.7761194029850746	0.6651982378854626	0.9106529209621993	T cell	Plasma cell	2	6	10	3	6	TMEM276	1.0	False
0.0005911992990797264	0.7761194029850746	0.15060299238456887	0.14615278353363725	Plasma cell	Erythroid	2	6	6	3	4	WDR47	1.0	False
5.854449940611138e-05	0.7761194029850746	0.06780386456563547	0.05049750112623802	Dendritic cell	Monocyte	2	7	13	8	11	ZNF609	1.0	False
0.000271259478250773	0.7761194029850746	0.2693767959027111	0.1930580762250454	Plasma cell	Erythroid	2	7	12	3	10	ZNG1E	1.0	False
0.00017889659273717066	0.7761194029850746	0.04369235409273092	0.038538737467582185	Plasma cell	NK	2	5	5	3	5	ZNHIT1	1.0	False
4.258753775581538e-05	0.7810945273631841	0.26893244761417545	0.4175561952055547	Erythroid	Plasma cell	2	6	10	3	8	AARSD1	1.0	False
4.227588227327486e-05	0.7810945273631841	0.12387611637836399	0.14072909513655468	NK	T cell	2	7	18	8	13	ABCC4	1.0	False
3.02551008184511e-05	0.7810945273631841	0.09616541584998634	0.21907148265677112	B cell	Dendritic cell	2	7	10	7	9	AFF4	1.0	False
0.00019104391172816687	0.7810945273631841	0.07968940954336856	0.14328890385373322	Plasma cell	NK	2	7	13	5	9	ATP5F1A	1.0	False
0.00010606903745477597	0.7810945273631841	0.06839344111931389	0.1788232875304115	T cell	Plasma cell	2	7	12	5	9	CAAP1	1.0	False
9.60422665027126e-05	0.7810945273631841	0.20936507936507942	0.3640634667617479	B cell	T cell	2	6	11	4	8	CCAR2	1.0	False
0.00011722133195035621	0.7810945273631841	0.21904343958416095	0.5811919433334417	Monocyte	Dendritic cell	2	7	9	5	8	CCDC12	1.0	False
3.593723058799674e-05	0.7810945273631841	0.10982503500493107	0.2581018587420951	Erythroid	Plasma cell	2	7	11	6	10	CDC27	1.0	False
4.834626457694292e-05	0.7810945273631841	0.03120318365544994	0.09227544055509923	NK	T cell	2	7	9	7	9	CHST11	1.0	False
0.0001596535884171556	0.7810945273631841	0.1181986926343847	0.11496732026143791	Dendritic cell	Monocyte	2	7	14	5	10	CSPP1	1.0	False
3.6479339616051916e-05	0.7810945273631841	0.008245389410351467	0.014405360134003342	NK	B cell	2	2	3	3	3	DLG2	1.0	False
8.96156806054522e-05	0.7810945273631841	0.12260032637735563	0.2490021739711687	Dendritic cell	NK	2	7	7	4	7	DPYD	1.0	False
0.0010715219210557692	0.7810945273631841	0.08938191438191445	0.08117408906882584	Erythroid	T cell	2	2	3	3	3	ENSG00000259543	1.0	False
0.00023456837587489308	0.7810945273631841	0.2689897913748379	0.2938114517061885	T cell	Dendritic cell	2	6	11	3	7	ENSG00000285756	1.0	False
9.813222803597468e-06	0.7810945273631841	0.0057508127031759	0.01899957965531729	NK	Erythroid	2	2	3	3	3	FAAH2	1.0	False
0.0001812069440467227	0.7810945273631841	0.159803221095767	0.3525438070725946	Dendritic cell	B cell	2	7	11	4	8	FANCI	1.0	False
9.587306593833184e-05	0.7810945273631841	0.1675557540060419	0.18975756305456576	T cell	Erythroid	2	5	8	3	5	LINC00174	1.0	False
0.00012872888667301715	0.7810945273631841	0.08217174492740925	0.0863828967642527	T cell	NK	2	4	4	3	4	LINC00571	1.0	False
6.210985275053854e-05	0.7810945273631841	0.056130655298430865	0.039157983666572804	NK	Erythroid	2	4	6	3	4	LINC01374	1.0	False
0.00020702632163402184	0.7810945273631841	0.44946668667944906	0.5087212150906418	Erythroid	NK	2	4	6	3	3	LRRCC1	1.0	False
0.001860258222214526	0.7810945273631841	0.47060225110432247	0.4662184160237809	NK	Plasma cell	2	5	6	3	5	LSM7	1.0	False
0.0003009886777335726	0.7810945273631841	0.12078559502749431	0.09160997732426301	B cell	T cell	2	4	4	3	3	MRPS14	1.0	False
4.154612994625738e-05	0.7810945273631841	0.002900816002742501	0.048882885514018704	NK	Erythroid	2	2	3	3	3	NLGN3	1.0	False
9.514713346977392e-05	0.7810945273631841	0.05560478829498183	0.15371007609169773	Monocyte	Erythroid	2	5	9	3	7	NPIPB5	1.0	False
7.278813634639311e-05	0.7810945273631841	0.3280326649484011	0.5637194709922089	Monocyte	Plasma cell	2	7	11	6	10	PDCD4	1.0	False
0.00015276027847860259	0.7810945273631841	0.561439908474294	0.7600563284784791	B cell	Dendritic cell	2	7	9	3	6	PGGHG	1.0	False
0.0001673390911123204	0.7810945273631841	0.08562327572863282	0.21523803164658933	Erythroid	Dendritic cell	2	7	14	6	11	PHF20L1	1.0	False
0.0001606677954253565	0.7810945273631841	0.2297266672390399	0.1684782608695652	NK	Plasma cell	2	5	7	3	5	PRELID2	1.0	False
0.0005623589022718412	0.7810945273631841	0.511561330365764	0.58	Plasma cell	NK	2	7	12	3	7	PTPA	1.0	False
7.635815964592437e-05	0.7810945273631841	0.3152940615890048	0.5163808533980021	Monocyte	Plasma cell	2	7	11	3	8	RAB11B	1.0	False
0.00017659737673032485	0.7810945273631841	0.13072151641041174	0.1536085669564678	Dendritic cell	NK	2	7	13	3	8	RANBP10	1.0	False
0.00033846662429763973	0.7810945273631841	0.23169581616914042	0.3048817011081162	Plasma cell	Erythroid	2	6	6	3	4	SBDS	1.0	False
0.00016540338197717843	0.7810945273631841	0.154176811372345	0.2354018658321344	Monocyte	B cell	2	7	11	5	9	SEC14L1	1.0	False
9.727641844870033e-05	0.7810945273631841	0.07855040161482724	0.13388467256313802	Plasma cell	B cell	2	7	10	3	7	SERINC5	1.0	False
0.000254829709177331	0.7810945273631841	0.14314212897930645	0.23675948675948677	Dendritic cell	T cell	2	7	11	4	9	SLK	1.0	False
4.2656550490438315e-05	0.7810945273631841	0.04061484561427764	0.08741930077675275	B cell	Erythroid	2	7	14	6	11	SNTB1	1.0	False
5.782121764240236e-06	0.7810945273631841	0.023951402135298616	0.05138539621298249	T cell	Plasma cell	2	2	3	3	3	SOX5	1.0	False
0.000368181392900627	0.7810945273631841	0.23565061438727153	0.13113674838547867	Dendritic cell	NK	2	5	8	3	6	SRCAP	1.0	False
0.00017445265322253527	0.7810945273631841	0.09757921597766983	0.16499963760237735	Dendritic cell	Plasma cell	2	5	7	3	5	STYXL1	1.0	False
0.0003383924808465498	0.7810945273631841	0.29399443542472264	0.3760522496371552	Dendritic cell	Plasma cell	2	6	9	3	5	TAX1BP3	1.0	False
4.866464216838464e-05	0.7810945273631841	0.0035039599347774786	0.031135531135531136	NK	T cell	2	3	3	3	3	TMEM41A	1.0	False
0.00025519676166211073	0.7810945273631841	0.06705618548518755	0.09288167385050755	T cell	Monocyte	2	7	13	7	11	TMOD3	1.0	False
7.150252468649543e-05	0.7810945273631841	0.14901313667584787	0.09623862903803454	Plasma cell	Dendritic cell	2	7	18	10	17	TPP2	1.0	False
5.82761473625868e-05	0.7810945273631841	0.19777487420782414	0.3276420379140299	B cell	Plasma cell	2	7	12	4	7	TRMO	1.0	False
0.0004975509795161006	0.7810945273631841	0.16867391721576802	0.30126693275278177	NK	Dendritic cell	2	5	9	3	6	TRUB2	1.0	False
3.229805502233782e-05	0.7810945273631841	0.03590515150942564	0.0313253012048193	B cell	NK	2	2	3	3	3	TSC22D3	1.0	False
1.1651284084564596e-05	0.7810945273631841	0.028835054096077506	0.0951891577076715	T cell	Plasma cell	2	7	14	9	14	VPS13B	1.0	False
5.703772764953788e-05	0.7810945273631841	0.09662798751071716	0.2435278835829175	Erythroid	T cell	2	7	9	5	7	WBP11	1.0	False
0.000219298334147061	0.7810945273631841	0.05076303536003529	0.2657373187231192	Erythroid	Monocyte	2	7	11	3	7	ZNF121	1.0	False
2.8722962098204334e-05	0.7810945273631841	0.03910585934395011	0.049948166996513055	NK	Dendritic cell	2	7	18	11	17	ZNF407	1.0	False
0.00023922038220969966	0.7810945273631841	0.19109099206828706	0.15669148011301887	Monocyte	T cell	2	7	12	3	8	ZNF827	1.0	False
7.311757833720934e-05	0.7860696517412935	0.06530936757962152	0.194904508035684	Monocyte	Plasma cell	2	7	12	4	9	ARHGAP24	1.0	False
0.00010816919377158973	0.7860696517412935	0.1247568545370758	0.15996914390477424	Monocyte	T cell	2	7	9	3	8	ARL17A	1.0	False
9.870375406512816e-05	0.7860696517412935	0.2881870926006023	0.26345982037899085	Plasma cell	Erythroid	2	6	10	3	5	ATP6V0A1	1.0	False
0.00019749863112449237	0.7860696517412935	0.27691812944555155	0.27944305143986015	Plasma cell	B cell	2	6	8	3	4	ATP6V1B2	1.0	False
0.00039977372909586476	0.7860696517412935	0.31101904295530625	0.37474195506982394	Dendritic cell	Plasma cell	2	7	12	3	9	ATXN2L	1.0	False
0.0002327318566269862	0.7860696517412935	0.2245962959599715	0.3608111086621115	B cell	Plasma cell	2	6	6	3	4	AZI2	1.0	False
4.200283630181702e-05	0.7860696517412935	0.1033900463424981	0.10246118635393225	B cell	Plasma cell	2	7	17	7	12	B4GALT5	1.0	False
0.00025850289785599693	0.7860696517412935	0.10548277351858548	0.11296583850931674	B cell	T cell	2	4	6	3	4	BCL2L1-AS1	1.0	False
0.00013918794514273736	0.7860696517412935	0.1812021894079408	0.2053774900511332	Plasma cell	Dendritic cell	2	6	10	5	7	CEP295	1.0	False
0.00026455326995644554	0.7860696517412935	0.019249526922389126	0.06228448275862064	Plasma cell	Dendritic cell	2	3	4	3	3	CHST15	1.0	False
0.00019602977362048586	0.7860696517412935	0.2899477047432982	0.4409510007770987	B cell	Plasma cell	2	7	11	3	9	CLPTM1	1.0	False
0.00025689310345019444	0.7860696517412935	0.040378221180845775	0.1290657439446367	NK	B cell	2	3	4	3	4	CLSTN1	1.0	False
4.2601458818788085e-05	0.7860696517412935	0.031146723452082414	0.006841046277666019	Dendritic cell	B cell	2	2	3	3	3	COPG2	1.0	False
0.00031458953454467626	0.7860696517412935	0.3803183786770276	0.7241958511799782	NK	B cell	2	6	9	3	5	DDX41	1.0	False
0.00040070228301182444	0.7860696517412935	0.10924986130614933	0.10479684831679148	NK	Dendritic cell	2	6	6	3	5	ECE1	1.0	False
0.00020015393383296498	0.7860696517412935	0.06446267289922131	0.15879532740898294	T cell	Monocyte	2	7	13	5	10	ECPAS	1.0	False
3.7089952748128245e-05	0.7860696517412935	0.0366571167707902	0.032236842105263175	NK	B cell	2	2	3	3	3	EMC4	1.0	False
3.8951520309972794e-05	0.7860696517412935	0.05846216875983001	0.21241131892937765	Erythroid	B cell	2	2	3	3	3	ENSG00000288744	1.0	False
0.00011186028090152477	0.7860696517412935	0.04528903991262212	0.07639785376181935	B cell	T cell	2	7	11	4	9	FAM53B	1.0	False
0.00020617448002601101	0.7860696517412935	0.11170009362037003	0.05037680513791437	NK	B cell	2	4	6	3	6	FNTA	1.0	False
6.3216081478046e-05	0.7860696517412935	0.09592790371970511	0.10144359892569382	Erythroid	Plasma cell	2	7	11	5	10	GATAD2A	1.0	False
0.0001875969499924516	0.7860696517412935	0.09950795125309259	0.10927671085766327	Dendritic cell	Monocyte	2	7	9	3	7	GBE1	1.0	False
8.721635687015246e-05	0.7860696517412935	0.24208923548786454	0.4729822161422708	T cell	Monocyte	2	6	6	3	6	KHDC4	1.0	False
0.00017521273503130538	0.7860696517412935	0.05229102035593791	0.1384543136991816	Plasma cell	Monocyte	2	7	12	4	9	KLHDC4	1.0	False
0.0005469980936700176	0.7860696517412935	0.22575115516291983	0.30841302038056595	B cell	Plasma cell	2	4	5	3	3	LIAS	1.0	False
5.118587707146651e-05	0.7860696517412935	0.22192514489671217	0.37315085905033984	Erythroid	Plasma cell	2	7	10	4	7	NDUFA8	1.0	False
0.00017360953110592345	0.7860696517412935	0.1857677565678036	0.11687028983101494	T cell	B cell	2	6	10	4	7	NGRN	1.0	False
0.00010376425137135253	0.7860696517412935	0.14161084203479424	0.36780436075963546	Monocyte	T cell	2	7	9	5	8	PAK2	1.0	False
0.0005105491488612223	0.7860696517412935	0.05793021226060524	0.02672176308539942	Erythroid	NK	2	2	3	3	3	POLA2	1.0	False
0.00040524401488475545	0.7860696517412935	0.07997830056653576	0.03473818646232435	NK	Erythroid	2	2	3	3	3	PPME1	1.0	False
0.0002342301526001134	0.7860696517412935	0.2783476047165476	0.263081640873712	Monocyte	T cell	2	7	12	5	9	SCAMP2	1.0	False
0.00030138188700037195	0.7860696517412935	0.21151621548697236	0.27845666133795755	Dendritic cell	NK	2	6	10	3	8	SLC14A1	1.0	False
0.0008685937153765419	0.7860696517412935	0.30545714071069036	0.29180767884233866	Plasma cell	Erythroid	2	4	5	3	4	UCHL5	1.0	False
0.00011987824883943771	0.7860696517412935	0.193322842281906	0.23540087366819457	Plasma cell	Monocyte	2	7	7	4	7	USP48	1.0	False
9.002936237973752e-05	0.7860696517412935	0.012762743342017269	0.05987730061349694	Erythroid	NK	2	2	4	4	4	VCPIP1	1.0	False
9.672535048101493e-05	0.7910447761194029	0.19376420441785464	0.22168803418803418	Plasma cell	Monocyte	2	7	8	3	7	AATF	1.0	False
2.1180789012492e-05	0.7910447761194029	0.23559090486263895	0.20023281468073303	B cell	NK	2	4	6	3	4	ANK1	1.0	False
0.0002431559321413925	0.7910447761194029	0.15709140112083098	0.08715581674948086	Plasma cell	Monocyte	2	7	9	4	8	ATP2C1	1.0	False
0.00013282488156831672	0.7910447761194029	0.08417380694519677	0.11510470774021225	B cell	Dendritic cell	2	7	12	4	8	AXIN1	1.0	False
0.0003398511259325561	0.7910447761194029	0.14353127758019896	0.1267622268749664	B cell	NK	2	5	5	3	4	BCL10	1.0	False
6.011422813002418e-05	0.7910447761194029	0.18764682700190904	0.3319114902692616	Monocyte	Erythroid	2	5	5	3	4	C1QBP	1.0	False
5.4781325253192826e-06	0.7910447761194029	0.19633035747150562	0.5034535698271434	B cell	Erythroid	2	3	6	3	5	CA2	1.0	False
0.00017318391392334972	0.7910447761194029	0.10019662206310043	0.1714863999068088	B cell	Dendritic cell	2	5	8	3	5	CC2D2A	1.0	False
0.00010662335819494148	0.7910447761194029	0.060259537303026606	0.20603246245985593	NK	Dendritic cell	2	7	7	4	7	CCDC18-AS1	1.0	False
0.00012396971870207106	0.7910447761194029	0.08192557990659555	0.16729597244303124	B cell	Erythroid	2	4	5	3	4	CHMP4B	1.0	False
0.00027022266559815843	0.7910447761194029	0.09757000013526695	0.1952559028686242	NK	Dendritic cell	2	7	11	7	10	COPE	1.0	False
0.00020697658670203599	0.7910447761194029	0.15752850243387984	0.2236494012809802	Monocyte	B cell	2	7	11	3	7	COPS3	1.0	False
0.00012720390405459228	0.7910447761194029	0.1574870911439301	0.4262125352232944	NK	T cell	2	4	5	3	4	CSRP1	1.0	False
0.00020856445940345433	0.7910447761194029	0.13336378091159035	0.11557402277623885	T cell	Erythroid	2	5	5	3	5	DEGS1	1.0	False
0.00041807094558711185	0.7910447761194029	0.27684925432865853	0.2367678778828604	Erythroid	Plasma cell	2	6	8	3	6	ENSG00000290833	1.0	False
0.00025052672539955183	0.7910447761194029	0.07309219439256431	0.1015324397478079	NK	Dendritic cell	2	7	8	4	7	ENSG00000291136	1.0	False
0.0004121961796574766	0.7910447761194029	0.06462025949106709	0.14751718869365932	Erythroid	Dendritic cell	2	6	9	4	5	FAM83D	1.0	False
0.000623832171992372	0.7910447761194029	0.22313824769402935	0.14989106753812637	NK	Dendritic cell	2	6	8	3	6	FCHO1	1.0	False
7.850374231222919e-05	0.7910447761194029	0.038039408706116884	0.11908711504617742	Monocyte	Plasma cell	2	7	13	6	11	GAPVD1	1.0	False
0.0018771359907370825	0.7910447761194029	0.22223251360395058	0.16450995654148015	Monocyte	Erythroid	2	7	11	5	9	HSH2D	1.0	False
0.00036476276285547435	0.7910447761194029	0.14986657086445604	0.45455881174364865	B cell	NK	2	4	6	3	5	ING2	1.0	False
8.463452896608815e-05	0.7910447761194029	0.19066590820485513	0.47025535587880185	NK	Plasma cell	2	7	10	5	10	IRF1	1.0	False
0.0002533220489920905	0.7910447761194029	0.1501980903868837	0.3879672660808529	Plasma cell	B cell	2	7	12	6	10	IRF2	1.0	False
0.00016412091741790474	0.7910447761194029	0.14408920410659076	0.16148064317237804	Plasma cell	Monocyte	2	7	9	5	7	METAP2	1.0	False
0.0007089351297705343	0.7910447761194029	0.4042005541025212	0.4844668642946591	Plasma cell	B cell	2	6	10	4	7	MOB2	1.0	False
0.0007454123118815809	0.7910447761194029	0.10260221126170754	0.030869747647305545	Erythroid	NK	2	2	4	4	4	PHKG2	1.0	False
9.846596227488543e-05	0.7910447761194029	0.0362679782611226	0.03350443099061151	Erythroid	T cell	2	4	7	4	5	PLCG1	1.0	False
0.00014034294827469708	0.7910447761194029	0.12737879194860202	0.05436931686071461	Plasma cell	Monocyte	2	7	7	3	7	PTBP2	1.0	False
2.0808093434410824e-05	0.7910447761194029	0.06971956654048778	0.07389246329476551	Dendritic cell	Plasma cell	2	7	17	8	12	RALGAPA2	1.0	False
8.791274995479364e-05	0.7910447761194029	0.07234928072105284	0.11454694261945869	Erythroid	Plasma cell	2	7	12	6	10	RAP1GDS1	1.0	False
0.00046749485226558823	0.7910447761194029	0.18429244609930445	0.13661551577152597	Dendritic cell	NK	2	6	7	3	5	RGS10	1.0	False
0.0003610360288902035	0.7910447761194029	0.1527725487073313	0.17404714694866708	Erythroid	T cell	2	3	6	3	5	RPL36A	1.0	False
2.8068678319626057e-05	0.7910447761194029	0.06732970526612786	0.07308070032849068	Plasma cell	T cell	2	7	11	6	9	SLC39A11	1.0	False
0.0001964045054524509	0.7910447761194029	0.2604647542946776	0.4633870368493937	Dendritic cell	Monocyte	2	7	11	4	10	TMEM156	1.0	False
0.0002775480209495597	0.7910447761194029	0.23445256132756132	0.25936186240917597	B cell	NK	2	6	8	3	5	ULK1	1.0	False
0.0005029746262324556	0.7910447761194029	0.29176764846425624	0.28700866089273824	Plasma cell	T cell	2	7	13	3	7	USP20	1.0	False
0.0001527410505736207	0.7910447761194029	0.05298988806500021	0.039958568439831865	Monocyte	Erythroid	2	7	15	7	10	WDR44	1.0	False
0.0005752263800187225	0.7910447761194029	0.18199702748423457	0.2998586158857741	Plasma cell	B cell	2	6	7	3	6	ZCRB1	1.0	False
0.00026308715217832475	0.7910447761194029	0.1430505695141019	0.22708436601566373	B cell	Erythroid	2	7	11	4	7	ZNF766	1.0	False
0.0005251503457170002	0.7960199004975125	0.16672300711377264	0.20266477786959425	Dendritic cell	Plasma cell	2	6	9	3	6	AAMDC	1.0	False
0.00024595761786761524	0.7960199004975125	0.1283258243165034	0.1253745440333507	T cell	Monocyte	2	7	11	3	8	ATAD1	1.0	False
0.00015152648313427895	0.7960199004975125	0.19102722426976676	0.4474071382754924	T cell	NK	2	6	8	3	7	ATP6AP2	1.0	False
0.00043360144288111864	0.7960199004975125	0.10117502518109445	0.13373780011334518	B cell	Dendritic cell	2	7	12	6	11	ATP8A1	1.0	False
0.00017753077589174448	0.7960199004975125	0.002682235396373578	0.11553837111589299	NK	Erythroid	2	2	3	3	3	CD3G	1.0	False
0.00045522453644024536	0.7960199004975125	0.2030448802863002	0.2340853482505833	Erythroid	Plasma cell	2	7	10	3	9	CHORDC1	1.0	False
0.00044661232054281396	0.7960199004975125	0.06343050817560614	0.09292253714160403	Dendritic cell	NK	2	4	5	3	5	ENSG00000290832	1.0	False
7.932743000525811e-05	0.7960199004975125	0.1841811714140167	0.28890241428281604	Dendritic cell	NK	2	5	7	3	6	GTF2H1	1.0	False
0.0001725947197018764	0.7960199004975125	0.05171578241643604	0.2559941949329175	NK	Monocyte	2	7	10	3	8	HSPA4	1.0	False
0.0001962023428827283	0.7960199004975125	0.1104304661853523	0.11447489708359276	Monocyte	Dendritic cell	2	7	9	3	6	HTR1F	1.0	False
0.0012230574143513274	0.7960199004975125	0.1495962278238308	0.20863474128223236	B cell	Dendritic cell	2	6	9	3	5	IMMP1L	1.0	False
0.00022601493357662716	0.7960199004975125	0.059187312130117686	0.3107475691273106	B cell	Erythroid	2	6	9	4	7	MCCC1	1.0	False
1.9282956056359263e-05	0.7960199004975125	0.219868229439808	0.4272264700280265	T cell	Monocyte	2	7	10	6	9	MED10	1.0	False
0.0002038747140348922	0.7960199004975125	0.11636486377247363	0.13152775128743083	T cell	Erythroid	2	4	5	3	4	MSRB2	1.0	False
7.36236310234338e-05	0.7960199004975125	0.34519733340821573	0.6471544979366954	Monocyte	Plasma cell	2	7	11	5	9	MYADM	1.0	False
0.0009718630216375028	0.7960199004975125	0.1793977082760555	0.17527594442952638	T cell	B cell	2	6	9	3	6	POFUT2	1.0	False
0.00027598341440474114	0.7960199004975125	0.041817231056573534	0.10681412549046843	T cell	B cell	2	4	4	3	3	PRDX6	1.0	False
0.0001639111727823931	0.7960199004975125	0.2559627161658089	0.12654243193135162	Monocyte	NK	2	6	7	4	7	RPS8	1.0	False
0.00014148017993981246	0.7960199004975125	0.19346125341308973	0.25152129817444213	T cell	Dendritic cell	2	6	9	3	6	SLBP	1.0	False
8.795095275633132e-05	0.7960199004975125	0.06512379147535419	0.1286872042685996	Dendritic cell	T cell	2	7	9	6	8	SPPL3	1.0	False
6.334789700309514e-05	0.7960199004975125	0.1327690233512413	0.346958283600434	Dendritic cell	Erythroid	2	7	14	8	13	TNKS	1.0	False
2.0464337356668635e-05	0.7960199004975125	0.3055427961484368	0.5284954986308092	Dendritic cell	Monocyte	2	7	9	4	7	TUBA1C	1.0	False
0.0010479310966063538	0.7960199004975125	0.17366867101487082	0.3830206320513619	Dendritic cell	NK	2	4	6	3	5	WASH6P	1.0	False
8.224025976526752e-05	0.7960199004975125	0.11262992691965695	0.2718221724105725	Dendritic cell	T cell	2	7	12	3	8	ZC3H3	1.0	False
0.0003759609523006789	0.7960199004975125	0.03056318681318687	0.0395885954022005	T cell	B cell	2	2	3	3	3	ZNF273	1.0	False
0.0002467142843098217	0.7960199004975125	0.07111526887167918	0.14931697444978498	Erythroid	Dendritic cell	2	3	5	3	4	ZNF329	1.0	False
0.0005915023247930016	0.8009950248756219	0.18203375481227524	0.12159517578791668	T cell	B cell	2	7	14	3	9	ALG5	1.0	False
0.00012157581510825371	0.8009950248756219	0.07353108112652462	0.05732585578131222	B cell	Erythroid	2	4	7	4	5	ANKRD33B	1.0	False
0.0016435298659442424	0.8009950248756219	0.17699119214943865	0.09437415243637515	B cell	NK	2	7	10	3	7	AP2A2	1.0	False
1.711303538677442e-05	0.8009950248756219	0.008523027609181055	0.022461072068347798	T cell	B cell	2	2	3	3	3	APH1A	1.0	False
0.0005366375569934916	0.8009950248756219	0.07542056788280721	0.1688727065038909	Erythroid	Dendritic cell	2	7	12	4	6	APTX	1.0	False
0.0005524727911867627	0.8009950248756219	0.31551189195348683	0.333097605893186	NK	Dendritic cell	2	6	10	4	6	C9orf85	1.0	False
6.244418280213099e-05	0.8009950248756219	0.08432960820039254	0.043965281366856124	Plasma cell	Monocyte	2	7	15	7	12	CASK	1.0	False
0.00043494698034309297	0.8009950248756219	0.019445716949680475	0.3036765371728697	Erythroid	T cell	2	3	3	3	3	CCS	1.0	False
2.207164662853038e-05	0.8009950248756219	0.10127382253753242	0.27684798310676717	Plasma cell	T cell	2	7	10	8	10	CDC42SE2	1.0	False
5.3127805326538205e-05	0.8009950248756219	0.09151478843784555	0.23928184721996643	B cell	Plasma cell	2	7	10	5	8	CERT1	1.0	False
0.00045353391780466197	0.8009950248756219	0.3191314151519064	0.31112364075714866	T cell	Dendritic cell	2	6	9	3	6	DDX49	1.0	False
6.757601300984409e-05	0.8009950248756219	0.22958316213611651	0.3408100286980224	Monocyte	Plasma cell	2	7	12	5	8	DENND3	1.0	False
0.00010385675346575634	0.8009950248756219	0.20788636800131055	0.2812369021561961	B cell	T cell	2	4	5	3	5	EBNA1BP2	1.0	False
0.00010764100342249206	0.8009950248756219	0.2501844587906586	0.22566893424036288	Plasma cell	NK	2	6	9	4	6	ENSG00000290453	1.0	False
0.00010524567264634257	0.8009950248756219	0.13761579063256663	0.35256308070686837	Plasma cell	B cell	2	7	9	4	7	GOLT1B	1.0	False
0.00020582200163315667	0.8009950248756219	0.1800756162887598	0.3973389935804514	B cell	Dendritic cell	2	6	9	4	5	IPO8	1.0	False
0.0006422478325566189	0.8009950248756219	0.06427190265909655	0.13136872004260608	Erythroid	NK	2	3	4	3	4	IRAK2	1.0	False
4.531470987154911e-05	0.8009950248756219	0.0066732402054320294	0.07044845510606002	Dendritic cell	Plasma cell	2	2	3	3	3	KNSTRN	1.0	False
3.849696383282703e-05	0.8009950248756219	0.08024026889112867	0.2496522832499306	Monocyte	B cell	2	7	10	7	9	MAN2A1	1.0	False
9.041825273954049e-05	0.8009950248756219	0.1290127791218848	0.20898876404494382	NK	Dendritic cell	2	7	8	3	6	NSUN2	1.0	False
0.00012095613751228509	0.8009950248756219	0.13402597918723536	0.07410806049038321	Erythroid	NK	2	6	7	4	7	PARP1	1.0	False
0.00035540117980802934	0.8009950248756219	0.10065372946493095	0.12209706577666529	T cell	B cell	2	2	3	3	3	PRKAR1B	1.0	False
4.397462394181116e-05	0.8009950248756219	0.05525854165443428	0.18726830825129503	Monocyte	Plasma cell	2	6	8	3	6	RAB30	1.0	False
5.8713274136676716e-05	0.8009950248756219	0.03034830962116397	0.23849962918045114	Erythroid	T cell	2	5	8	3	8	RASGEF1B	1.0	False
0.00022452669968992512	0.8009950248756219	0.1459715954215976	0.2197571645388805	NK	Dendritic cell	2	5	6	3	4	SGTB	1.0	False
0.00011174103505350727	0.8009950248756219	0.17151049816990577	0.24451935524145585	T cell	NK	2	7	11	5	9	SHLD2	1.0	False
0.00011528466060376627	0.8009950248756219	0.049982537324415766	0.057776847393761765	Erythroid	Dendritic cell	2	4	6	3	3	SPRED1	1.0	False
0.000660745256691276	0.8009950248756219	0.06989660039756956	0.09905883590094117	NK	Erythroid	2	2	3	3	3	TOX2	1.0	False
3.62459021214803e-05	0.8009950248756219	0.25720340880181214	0.18589743589743596	Dendritic cell	T cell	2	7	10	3	6	TYMS	1.0	False
3.201685682988795e-05	0.8009950248756219	0.049010409826513	0.12320802650391255	Monocyte	Erythroid	2	7	18	10	16	VWA8	1.0	False
0.00010993621344744456	0.8009950248756219	0.2362713500806008	0.4413950829045168	Dendritic cell	T cell	2	5	7	3	6	ZFYVE16	1.0	False
0.0004711484062253191	0.8009950248756219	0.3876416484924071	0.15310334660179858	T cell	NK	2	6	8	3	4	ZNF706	1.0	False
2.6764298463927963e-05	0.8059701492537313	0.3427395217363534	0.3601010101010101	Monocyte	Erythroid	2	6	7	3	5	AGTRAP	1.0	False
4.283263415779986e-05	0.8059701492537313	0.11039310456850443	0.429815270115385	Dendritic cell	T cell	2	7	9	6	8	ANKRD28	1.0	False
0.0003645513392538605	0.8059701492537313	0.07671816201227971	0.261106490377721	B cell	Plasma cell	2	4	6	3	4	ARRDC2	1.0	False
2.0031248293439718e-05	0.8059701492537313	0.08484011892018728	0.2180017118304235	Erythroid	B cell	2	6	12	4	7	BANK1	1.0	False
5.262118936327001e-05	0.8059701492537313	0.16413117748170525	0.2737433228324887	B cell	Plasma cell	2	7	13	7	11	BTBD1	1.0	False
0.000360775999196734	0.8059701492537313	0.1237007696929543	0.31664408588906684	NK	Monocyte	2	7	8	3	6	CRCP	1.0	False
8.763659723374991e-05	0.8059701492537313	0.17520575935863641	0.2602491187535176	Monocyte	Erythroid	2	7	12	5	9	CRNKL1	1.0	False
0.0001859559072254934	0.8059701492537313	0.08854809462429081	0.11984108616832528	T cell	Erythroid	2	6	12	3	8	EEF2K	1.0	False
0.00017483599964626393	0.8059701492537313	0.11480070483201427	0.23017425528751734	T cell	Erythroid	2	4	6	3	6	ELOC	1.0	False
0.00017785729510256797	0.8059701492537313	0.10170740860412825	0.078125	B cell	Plasma cell	2	7	14	3	11	ENSG00000224905	1.0	False
0.0005074359178434535	0.8059701492537313	0.05624648204435445	0.04176267281105989	Erythroid	NK	2	2	3	3	3	ENSG00000286242	1.0	False
0.00024738885833622547	0.8059701492537313	0.23565880996927308	0.0939045727526363	NK	T cell	2	7	11	5	10	ENSG00000290039	1.0	False
0.0001736841016040617	0.8059701492537313	0.12360252138973532	0.21172037838704502	Erythroid	B cell	2	3	4	3	4	GABPB2	1.0	False
0.00011737226577679437	0.8059701492537313	0.24678405304009995	0.4753551038147731	NK	T cell	2	6	8	4	5	IL7R	1.0	False
0.0031167934821101726	0.8059701492537313	0.13184586237015905	0.1205357142857143	T cell	B cell	2	2	3	3	3	LOXL2	1.0	False
0.00022506922360017526	0.8059701492537313	0.11528261824899316	0.13994720852632103	Erythroid	Dendritic cell	2	4	5	3	4	LRIG2	1.0	False
0.0019167315484240515	0.8059701492537313	0.08928801084620858	0.057688273547304325	NK	T cell	2	3	4	3	3	MFAP3	1.0	False
0.000572465407550604	0.8059701492537313	0.200771367133872	0.16048593350383628	B cell	NK	2	4	6	3	5	PGAP2	1.0	False
0.0004064473713567034	0.8059701492537313	0.14653775161566263	0.1935063518042241	Plasma cell	Erythroid	2	7	12	3	10	PPA2	1.0	False
0.00021844942245008417	0.8059701492537313	0.1591676578719965	0.16536295266633005	Plasma cell	Erythroid	2	6	9	3	6	PPFIA1	1.0	False
7.561098831223701e-05	0.8059701492537313	0.015330407552461456	0.04515683147262095	Erythroid	B cell	2	3	4	3	4	PPIE	1.0	False
0.00031106301084144405	0.8059701492537313	0.1963712417078714	0.16380593840394764	Dendritic cell	T cell	2	6	9	3	5	PRKAA1	1.0	False
0.00015830811325846472	0.8059701492537313	0.15391938264343058	0.17524851881681877	NK	Monocyte	2	7	7	3	7	RCOR3	1.0	False
0.0004261326023318509	0.8059701492537313	0.46471951659451666	0.33609032891507123	Plasma cell	NK	2	7	7	3	6	RPS6KA1	1.0	False
0.00011147425655913636	0.8059701492537313	0.10750922097718879	0.0696630835584055	Plasma cell	B cell	2	7	17	6	11	SUGT1P3	1.0	False
0.00030342873538756433	0.8059701492537313	0.0685158678655109	0.040001624431449	Dendritic cell	B cell	2	2	3	3	3	TGFBR3	1.0	False
0.00014180789390433253	0.8059701492537313	0.10616200923970792	0.12342088805503437	B cell	Plasma cell	2	7	13	5	11	THUMPD1	1.0	False
0.0004588314045866789	0.8059701492537313	0.13189970994000927	0.06570741268709906	T cell	NK	2	3	5	3	5	UMPS	1.0	False
0.00021556831593902773	0.8059701492537313	0.0566537822462676	0.2430238866297536	T cell	NK	2	7	8	5	8	VOPP1	1.0	False
2.810672809922889e-05	0.8059701492537313	0.024837771440660406	0.028708624356553247	Dendritic cell	T cell	2	7	13	8	13	WWOX	1.0	False
0.0003198807796835391	0.8109452736318408	0.12097948530511349	0.26459933342993774	B cell	Dendritic cell	2	6	9	3	5	ATF1	1.0	False
0.0001347575351065682	0.8109452736318408	0.15715357289628729	0.10202468296704598	Monocyte	Dendritic cell	2	7	13	8	11	BNIP2	1.0	False
0.0002551686929323035	0.8109452736318408	0.1881831959646202	0.1436853002070393	Dendritic cell	Erythroid	2	4	8	4	6	C19orf12	1.0	False
0.00026077540992546915	0.8109452736318408	0.2868512833371691	0.2802962409758527	Plasma cell	Erythroid	2	6	7	3	5	CLEC2B	1.0	False
0.00016758307400837382	0.8109452736318408	0.05369628921024927	0.1025172413793104	NK	T cell	2	3	5	3	5	CTPS1	1.0	False
0.0003695955977722307	0.8109452736318408	0.24995037998115405	0.2966320092419799	B cell	T cell	2	5	7	3	4	DEPTOR	1.0	False
0.00011075702274570412	0.8109452736318408	0.25923723096315815	0.40748321221598743	T cell	Erythroid	2	4	6	3	4	GAPT	1.0	False
0.00013798005039824664	0.8109452736318408	0.14153705942540623	0.17102284790129002	Plasma cell	B cell	2	7	15	6	11	GTF2F2	1.0	False
0.0003644882311381021	0.8109452736318408	0.16740428178507222	0.3444303459128035	Erythroid	T cell	2	5	5	3	5	LMNA	1.0	False
0.00020440112285602296	0.8109452736318408	0.31537084750710714	0.5261375661375661	B cell	Erythroid	2	4	4	3	4	MDM1	1.0	False
0.00038949215712304327	0.8109452736318408	0.1970379021275646	0.25846205319801485	Dendritic cell	T cell	2	5	8	3	6	MSMO1	1.0	False
0.0008923383341944163	0.8109452736318408	0.11575266691655728	0.2803192166202314	Monocyte	B cell	2	7	15	4	7	MTRF1	1.0	False
0.00012564252254817373	0.8109452736318408	0.10514477914288578	0.05422885572139302	Erythroid	B cell	2	4	7	3	6	OSGIN2	1.0	False
5.854038840322845e-05	0.8109452736318408	0.1488534499375877	0.20838398055146823	Plasma cell	T cell	2	7	11	6	10	PAFAH1B1	1.0	False
0.00017429788968296756	0.8109452736318408	0.06646641399057962	0.0965505123715934	B cell	Plasma cell	2	7	12	4	8	PHF8	1.0	False
0.0004994405267001297	0.8109452736318408	0.07499529737027655	0.08282208588957057	Monocyte	B cell	2	7	11	3	7	PPP3CB	1.0	False
8.312586523841684e-05	0.8109452736318408	0.14488370704520726	0.38327244001184946	Dendritic cell	Erythroid	2	6	9	4	7	REEP5	1.0	False
0.00022124316244722793	0.8109452736318408	0.12864707170369039	0.33747604981223883	Dendritic cell	NK	2	7	12	6	11	RFC1	1.0	False
0.0001036485146378573	0.8109452736318408	0.060869293248009604	0.09572277058119477	Dendritic cell	NK	2	7	13	7	11	RTF1	1.0	False
0.0001258650993794843	0.8109452736318408	0.029134074504347518	0.031156901688182692	Erythroid	B cell	2	4	4	3	4	TP53BP2	1.0	False
0.00023739270829964182	0.8109452736318408	0.10613146044477184	0.09775641025641024	Monocyte	B cell	2	7	9	4	7	YEATS2	1.0	False
2.380311697417924e-05	0.8109452736318408	0.08534644488900489	0.1643104734264516	B cell	Dendritic cell	2	7	18	11	17	ZMYM2	1.0	False
8.771734798343932e-05	0.8159203980099502	0.1510797964366981	0.18736634365580457	Erythroid	Dendritic cell	2	7	13	7	10	AAGAB	1.0	False
0.0002018176744027586	0.8159203980099502	0.08950455762237447	0.10407385407385406	NK	B cell	2	7	11	4	9	ANKFY1	1.0	False
0.00023473662200721078	0.8159203980099502	0.17430774756200368	0.3240332965301641	Monocyte	NK	2	7	11	5	8	ARPP19	1.0	False
7.856637907891181e-05	0.8159203980099502	0.08228445532756623	0.13389830508474576	Dendritic cell	NK	2	5	8	4	6	C9orf72	1.0	False
1.8062589814368127e-05	0.8159203980099502	0.18275889784718585	0.6579608044553982	NK	Erythroid	2	7	7	3	6	CACYBP	1.0	False
0.00023848405515466113	0.8159203980099502	0.18985500527282073	0.11492537313432838	B cell	T cell	2	7	9	3	8	CCNI	1.0	False
9.905212870842878e-05	0.8159203980099502	0.07709091144407909	0.05187684786331226	T cell	NK	2	3	5	3	5	CDYL2	1.0	False
0.00032831574624891165	0.8159203980099502	0.16130756826477916	0.149895178197065	Dendritic cell	T cell	2	4	5	3	3	CHST12	1.0	False
6.629892246964025e-05	0.8159203980099502	0.20009995594004787	0.20853811565408342	Monocyte	Dendritic cell	2	7	11	4	7	CTBP2	1.0	False
9.815271850038819e-05	0.8159203980099502	0.11328494799961342	0.1340758507709035	T cell	Plasma cell	2	6	10	3	7	CTNND1	1.0	False
0.00010898238308140597	0.8159203980099502	0.07408290895052222	0.06416142615986797	B cell	Erythroid	2	7	12	5	7	DACH1	1.0	False
0.00021135271988358313	0.8159203980099502	0.18580865965956078	0.3283263563982599	Plasma cell	B cell	2	7	9	3	7	DIABLO	1.0	False
7.490588372005662e-05	0.8159203980099502	0.13635302479432143	0.23734967022656395	T cell	B cell	2	7	12	5	10	DNAJB14	1.0	False
0.00014738083106073478	0.8159203980099502	0.02064161677016535	0.051566910327856985	NK	B cell	2	3	4	3	4	ELK4	1.0	False
0.00013341592165807935	0.8159203980099502	0.03578289106487553	0.09290959958034622	B cell	T cell	2	4	6	3	5	GLA	1.0	False
3.256486077510122e-05	0.8159203980099502	0.09386470882122094	0.29091123002462566	B cell	NK	2	6	8	3	5	GPR141	1.0	False
6.184536873159035e-05	0.8159203980099502	0.05373097096082291	0.07905615045928466	B cell	Plasma cell	2	7	12	7	11	LCORL	1.0	False
0.00010800338573431559	0.8159203980099502	0.1448319741435255	0.2107490111494592	Erythroid	Dendritic cell	2	7	10	4	9	MTREX	1.0	False
1.894445359251494e-05	0.8159203980099502	0.1284783016885171	0.31298940324365865	Erythroid	Monocyte	2	4	4	3	4	NDUFB10	1.0	False
0.0001419873956993517	0.8159203980099502	0.12024996749351996	0.08207178081881544	Monocyte	Plasma cell	2	7	12	5	10	NSD2	1.0	False
4.85607480686772e-06	0.8159203980099502	0.006943604799025227	0.06018518518518523	NK	Erythroid	2	2	3	3	3	PLAGL2	1.0	False
0.00014321825107116166	0.8159203980099502	0.16183545986177567	0.2269389934588173	NK	T cell	2	4	6	3	4	PLEKHA1	1.0	False
0.00027189663220314583	0.8159203980099502	0.29621320635664056	0.3631961259079903	NK	T cell	2	4	5	3	3	PLPBP	1.0	False
9.184193539785324e-05	0.8159203980099502	0.09489295999222591	0.18407582322807858	Erythroid	NK	2	7	10	6	9	RICTOR	1.0	False
4.717839890547025e-05	0.8159203980099502	0.1271020479826407	0.28834510869930763	Plasma cell	T cell	2	7	11	7	11	RPS16	1.0	False
0.0009259852974676664	0.8159203980099502	0.26023267823136614	0.26748545572074983	T cell	Dendritic cell	2	6	8	3	7	RRN3P3	1.0	False
0.0002475600017367892	0.8159203980099502	0.21223485872813058	0.1417243192944127	B cell	Plasma cell	2	6	11	4	5	RTEL1	1.0	False
0.0005609519801149449	0.8159203980099502	0.24472790609234268	0.34490740740740744	NK	Plasma cell	2	4	7	3	4	SMYD4	1.0	False
8.588108621855644e-05	0.8159203980099502	0.13214193584554645	0.1153397850427601	Erythroid	Monocyte	2	7	14	5	11	ST3GAL1	1.0	False
0.00016446718256695454	0.8159203980099502	0.10765600658870961	0.15755307758263976	Erythroid	Dendritic cell	2	7	11	4	8	TBCD	1.0	False
0.00025537221255769087	0.8159203980099502	0.13457138531773893	0.1976120123017548	NK	Dendritic cell	2	6	10	4	8	TMLHE	1.0	False
3.6691766423736716e-05	0.8159203980099502	0.06603894722009962	0.12621556522000021	B cell	Monocyte	2	7	11	7	11	VIM	1.0	False
0.00020043260793002913	0.8159203980099502	0.2544368100278199	0.2633173909458234	Dendritic cell	T cell	2	5	7	3	4	WDR18	1.0	False
2.8562271313434686e-05	0.8159203980099502	0.06857717605655606	0.027063239838991504	NK	T cell	2	7	17	10	16	YWHAB	1.0	False
0.00012554408904195095	0.8159203980099502	0.25168823598979545	0.19568764568764568	B cell	T cell	2	4	8	3	6	ZMAT1	1.0	False
0.00016336981165259844	0.8159203980099502	0.07353003535203151	0.11760631925726267	NK	Dendritic cell	2	6	7	4	7	ZMYM4	1.0	False
6.853517451115461e-05	0.8208955223880597	0.06867446661663523	0.11497421623402382	NK	Plasma cell	2	7	16	6	12	ABHD3	1.0	False
0.00013020082230701292	0.8208955223880597	0.13872188120515144	0.2495022390972172	T cell	Dendritic cell	2	6	10	3	7	AKAP8L	1.0	False
0.00013460224071471977	0.8208955223880597	0.08763495257094162	0.08702219988099885	Dendritic cell	Erythroid	2	7	13	4	8	AMMECR1	1.0	False
0.00011211969732191675	0.8208955223880597	0.10595018759725644	0.09193888303477349	Erythroid	NK	2	3	6	3	5	ENSG00000228061	1.0	False
5.488083153692281e-05	0.8208955223880597	0.08184630913573504	0.17885821678748387	T cell	Erythroid	2	7	11	4	8	EXOC6	1.0	False
0.00034352044096464966	0.8208955223880597	0.18996008685912663	0.39293130422415024	Dendritic cell	T cell	2	6	7	3	5	EXOSC7	1.0	False
0.00014411318288167825	0.8208955223880597	0.11045480910864414	0.11904196964229624	Plasma cell	Erythroid	2	7	10	4	9	FBXW11	1.0	False
0.00033180169489801625	0.8208955223880597	0.18353370476208797	0.34747522019823834	Plasma cell	NK	2	7	14	7	10	FDFT1	1.0	False
0.00034804037158765765	0.8208955223880597	0.1082837689827274	0.07247963363346921	NK	B cell	2	7	11	4	9	FOXK2	1.0	False
0.0014254605837499107	0.8208955223880597	0.1302591862260853	0.12827056933785475	Erythroid	Monocyte	2	4	6	3	4	GAREM1	1.0	False
0.00024719222492587217	0.8208955223880597	0.17130128578384707	0.23982134226621998	T cell	Dendritic cell	2	6	7	3	6	H3-3A	1.0	False
0.012877826910962013	0.8208955223880597	0.18794726930320144	0.229380641145347	NK	Erythroid	2	2	3	3	3	HEXA-AS1	1.0	False
0.00010551467746256098	0.8208955223880597	0.17383350514530588	0.21822689100645298	Erythroid	T cell	2	7	12	3	7	MARCHF1	1.0	False
0.00020245712189182404	0.8208955223880597	0.11138539288857513	0.4149601943174255	Plasma cell	B cell	2	7	13	4	9	NPRL3	1.0	False
0.00014729543026741046	0.8208955223880597	0.07689227405864762	0.05357801497708725	Plasma cell	Erythroid	2	7	18	7	12	PIAS2	1.0	False
0.0002452320511352964	0.8208955223880597	0.04763833617565294	0.03648023102730702	NK	T cell	2	5	7	3	6	PPAN	1.0	False
6.513934112062722e-05	0.8208955223880597	0.19726276153730432	0.2108121633157693	Erythroid	Dendritic cell	2	7	9	4	7	SMC4	1.0	False
9.114023313977647e-05	0.8208955223880597	0.08306399813398163	0.22847162884158534	Monocyte	Erythroid	2	7	12	4	10	TCEA1	1.0	False
0.00011946665538399941	0.8208955223880597	0.015918188321220994	0.05244795241363531	Monocyte	Dendritic cell	2	2	3	3	3	TECR	1.0	False
0.0002329310820757364	0.8208955223880597	0.12165658042005367	0.08516541832186075	T cell	Plasma cell	2	7	9	5	8	XIST	1.0	False
7.226197877223559e-05	0.8258706467661692	0.052161644082289294	0.09910709428213915	T cell	B cell	2	6	11	4	9	ACACA	1.0	False
9.798352986360952e-05	0.8258706467661692	0.06002806128922411	0.09902370990237103	Erythroid	Dendritic cell	2	7	13	4	8	AMFR	1.0	False
0.0003626820908985478	0.8258706467661692	0.10409499126604382	0.07789174367827767	Erythroid	B cell	2	3	5	3	5	ANXA2R	1.0	False
0.00031335360614143153	0.8258706467661692	0.07368427050114146	0.1564818803963618	B cell	Dendritic cell	2	7	9	3	6	ARHGEF3	1.0	False
0.0003282894030789897	0.8258706467661692	0.12684472944831288	0.16548089591567855	T cell	Erythroid	2	4	5	3	4	CD72	1.0	False
0.0004537044670759986	0.8258706467661692	0.27099226049055486	0.2814814814814815	NK	B cell	2	6	9	3	6	CUL4B	1.0	False
0.00012752877247703624	0.8258706467661692	0.039504319419301104	0.13497621053110842	Monocyte	B cell	2	7	17	8	12	DIS3	1.0	False
0.00023001504056836076	0.8258706467661692	0.02256375745196082	0.0972313147845063	Erythroid	Dendritic cell	2	4	6	3	5	ENSG00000261267	1.0	False
0.00012773096787327182	0.8258706467661692	0.19563871350551237	0.24583954532501506	Monocyte	Plasma cell	2	7	9	4	8	ENSG00000274383	1.0	False
0.00015882314914481433	0.8258706467661692	0.12374437209883071	0.20390126259043834	NK	T cell	2	5	7	3	4	ENSG00000290737	1.0	False
0.00018494356834933295	0.8258706467661692	0.12328196605684966	0.0466843054096468	Erythroid	Plasma cell	2	5	6	3	4	HDDC3	1.0	False
0.000169431144365606	0.8258706467661692	0.06744401451136672	0.0992134845204457	B cell	Dendritic cell	2	6	9	3	5	KSR1	1.0	False
9.18972926434965e-05	0.8258706467661692	0.046671392790080146	0.050343837472550335	Plasma cell	Dendritic cell	2	7	8	4	7	LINC03009	1.0	False
9.19855105748285e-05	0.8258706467661692	0.22747362943212646	0.3005144539504729	Plasma cell	Erythroid	2	6	8	3	7	MTRFR	1.0	False
0.00019567741906706908	0.8258706467661692	0.1511800176660858	0.14145504461221686	Dendritic cell	NK	2	5	6	3	5	NEPRO	1.0	False
3.35065288984419e-05	0.8258706467661692	0.18140824974476022	0.4652902731742106	Plasma cell	Erythroid	2	7	9	5	8	NKTR	1.0	False
0.0004690975508178693	0.8258706467661692	0.12251730036972053	0.2157617999510883	T cell	Plasma cell	2	7	10	4	8	NUP160	1.0	False
0.00048641710395314747	0.8258706467661692	0.09041075230342199	0.31420557913887204	Erythroid	T cell	2	6	7	3	7	NVL	1.0	False
5.196296069214526e-05	0.8258706467661692	0.16436680610364307	0.17308946074211212	NK	Plasma cell	2	7	10	4	8	PGLS	1.0	False
7.799618413358742e-05	0.8258706467661692	0.20764265498029433	0.36043650793650794	B cell	Erythroid	2	4	8	4	6	PLA2G12A	1.0	False
0.000103844115454221	0.8258706467661692	0.11898958571869878	0.16625656167978997	Dendritic cell	T cell	2	7	10	3	7	PLD3	1.0	False
0.000729207691815939	0.8258706467661692	0.17285725881173386	0.14031085678935973	Dendritic cell	NK	2	5	8	3	7	POLG	1.0	False
0.0007694053496952132	0.8258706467661692	0.10548054610811114	0.1693512782169052	Dendritic cell	T cell	2	7	7	3	6	RAB4A	1.0	False
0.0001444788104338382	0.8258706467661692	0.10965925483274169	0.3097790301340151	B cell	T cell	2	7	10	5	8	RALY	1.0	False
0.00012956574791002913	0.8258706467661692	0.26823549070905106	0.2776406035665294	T cell	Dendritic cell	2	5	7	3	4	RAP2B	1.0	False
0.0002652642028509583	0.8258706467661692	0.23236107325704736	0.28491180402811916	B cell	Plasma cell	2	7	9	3	6	RFTN1	1.0	False
0.0005347452092548417	0.8258706467661692	0.08969811652781123	0.16452374527792774	Dendritic cell	Erythroid	2	6	8	3	6	SAR1B	1.0	False
0.0004244114962852438	0.8258706467661692	0.21022511323263204	0.08767955268485483	Monocyte	B cell	2	4	5	3	4	SET	1.0	False
7.936985872359e-05	0.8258706467661692	0.05772186915614963	0.03259629562126509	Monocyte	Dendritic cell	2	7	11	6	10	SIPA1L3	1.0	False
0.00042938629559373674	0.8258706467661692	0.3240600243349129	0.2103424296465785	Erythroid	T cell	2	6	10	3	6	SNX11	1.0	False
0.00023895697318699537	0.8258706467661692	0.14352426743894287	0.24932732619986236	Monocyte	NK	2	7	11	3	7	SS18L1	1.0	False
0.0002000177180337486	0.8258706467661692	0.0786528545163857	0.1488210461285009	NK	Erythroid	2	5	8	4	7	SULT1A4	1.0	False
3.441752458074875e-05	0.8258706467661692	0.14662281402074062	0.09589293790343578	Dendritic cell	Monocyte	2	7	17	7	13	TRAPPC8	1.0	False
0.00012517720286072537	0.8308457711442786	0.06057628298682677	0.14676182380360764	Dendritic cell	B cell	2	7	7	3	6	AKT3	1.0	False
0.0004525009019076313	0.8308457711442786	0.09859201366746106	0.20427465524244243	Erythroid	T cell	2	7	11	5	9	ANKDD1A	1.0	False
0.001960252343114181	0.8308457711442786	0.09117544291457336	0.1454678654678655	B cell	Erythroid	2	4	6	3	5	BTD	1.0	False
3.9932752639103076e-05	0.8308457711442786	0.13705681920338547	0.13730348995159541	Dendritic cell	Erythroid	2	7	10	5	9	CHD1	1.0	False
5.5087210182604214e-05	0.8308457711442786	0.05277623561504874	0.03640027709553495	B cell	Erythroid	2	3	4	3	3	CIAO2B	1.0	False
0.00020259688152179798	0.8308457711442786	0.28639328948684306	0.19946817160074615	NK	T cell	2	7	9	3	6	CPSF7	1.0	False
9.88557344743524e-05	0.8308457711442786	0.19889478517466008	0.15706255986288253	Monocyte	Dendritic cell	2	7	13	5	10	EIF2S2	1.0	False
0.00041477926720634244	0.8308457711442786	0.21988635892386588	0.27958900192016994	Dendritic cell	B cell	2	7	11	3	7	ENSG00000290709	1.0	False
0.00011130898821878079	0.8308457711442786	0.2330335950435709	0.5471376295088751	Erythroid	Plasma cell	2	6	10	3	5	EREG	1.0	False
0.00016793223035360653	0.8308457711442786	0.1156090847121245	0.10612595718080947	Dendritic cell	T cell	2	7	10	3	7	EXT2	1.0	False
7.55821523595637e-05	0.8308457711442786	0.07264623427337613	0.21028792758069836	B cell	Dendritic cell	2	7	15	5	11	GAB3	1.0	False
0.00018454913876393263	0.8308457711442786	0.09688940595976142	0.12039553847595841	B cell	T cell	2	7	11	3	7	GAN	1.0	False
0.00047917369119226423	0.8308457711442786	0.21104816639299406	0.13940602836879434	Erythroid	B cell	2	4	5	3	4	GGPS1	1.0	False
0.00037049726636488036	0.8308457711442786	0.025027645894785844	0.017328456983629392	Erythroid	NK	2	2	3	3	3	GPR143	1.0	False
0.00033597334997639405	0.8308457711442786	0.1809732358146886	0.1553343324391493	Erythroid	Dendritic cell	2	6	11	4	8	INTS12	1.0	False
0.00016529038764688403	0.8308457711442786	0.135528516652613	0.23210111162354286	T cell	NK	2	7	9	5	8	KPNA4	1.0	False
0.000262586811954915	0.8308457711442786	0.29793121387772925	0.15347810084652186	Erythroid	T cell	2	5	9	4	6	MAP7D3	1.0	False
0.00013954197534284083	0.8308457711442786	0.08372905762801353	0.09795180866112718	Erythroid	Dendritic cell	2	4	4	3	4	MEF2D	1.0	False
0.0001093242888964316	0.8308457711442786	0.26796254101177486	0.2397375215146299	Erythroid	Plasma cell	2	6	11	4	8	MINK1	1.0	False
0.00016986690044634028	0.8308457711442786	0.08540250833499285	0.3168911744347441	Dendritic cell	T cell	2	7	10	6	10	NR3C1	1.0	False
0.00010603315594967522	0.8308457711442786	0.1548981745959609	0.1950045201327606	Monocyte	T cell	2	7	14	7	10	NSMAF	1.0	False
0.00037672017904936245	0.8308457711442786	0.4448841698841699	0.37511230907457316	NK	Plasma cell	2	6	8	3	5	OGFOD3	1.0	False
0.00010203735708082316	0.8308457711442786	0.054831968258370556	0.10769593547579859	B cell	Erythroid	2	7	13	3	8	PLAA	1.0	False
0.00023616547799376465	0.8308457711442786	0.23939418696269946	0.4948918362783642	Plasma cell	NK	2	7	10	4	8	SDHD	1.0	False
0.000124002744996311	0.8308457711442786	0.08814501932675345	0.08468831277791761	Dendritic cell	T cell	2	7	11	4	9	TMC6	1.0	False
0.00012214885482908557	0.8308457711442786	0.007725049496593028	0.07352941176470584	NK	Dendritic cell	2	3	5	3	4	TRAF5	1.0	False
0.00027245586186035447	0.8308457711442786	0.15291453020239476	0.2572878555411306	Erythroid	Dendritic cell	2	5	7	3	7	UBAP2L	1.0	False
9.649272921325748e-05	0.8308457711442786	0.10121801622957727	0.15395618675062528	T cell	Dendritic cell	2	7	10	5	8	ZSWIM6	1.0	False
0.00014442283374874095	0.835820895522388	0.0520035995066353	0.12960493661810935	Erythroid	Dendritic cell	2	7	12	5	8	ANAPC10	1.0	False
0.00025029214288385616	0.835820895522388	0.18677122475984592	0.34265568032234006	Dendritic cell	NK	2	7	10	3	7	ANXA6	1.0	False
4.397541022901063e-05	0.835820895522388	0.13567487650293997	0.1398198554714754	NK	Plasma cell	2	7	10	6	8	AP3B1	1.0	False
8.43942408352799e-05	0.835820895522388	0.046991200819187506	0.1373909650809576	Erythroid	T cell	2	6	9	4	8	ATP2A2	1.0	False
6.375830310691084e-05	0.835820895522388	0.334593075560917	0.4877752211085544	Dendritic cell	Monocyte	2	7	10	6	8	CAPRIN1	1.0	False
0.0001229568217748771	0.835820895522388	0.13096745160185397	0.17709065016790632	Plasma cell	NK	2	7	12	5	10	CEP135	1.0	False
7.288974541400887e-05	0.835820895522388	0.030067001227875256	0.06934560327198364	Monocyte	NK	2	4	6	3	5	ENSG00000285921	1.0	False
0.0013639829753041642	0.835820895522388	0.03575618723495633	0.11424373748317412	T cell	Erythroid	2	3	4	3	3	ENSG00000286746	1.0	False
0.00038323241312340474	0.835820895522388	0.0532368931787181	0.046955624355005166	B cell	NK	2	2	3	3	3	ENSG00000287042	1.0	False
0.00020812739813169009	0.835820895522388	0.1746527777777777	0.41665717183787465	Plasma cell	Monocyte	2	7	12	4	10	GAR1	1.0	False
0.0002463466186498529	0.835820895522388	0.14620082530275574	0.2276207951070336	B cell	Dendritic cell	2	7	9	4	7	GMPS	1.0	False
6.39535302856169e-05	0.835820895522388	0.11730130553253054	0.06583923319036256	Erythroid	B cell	2	4	9	5	6	LINC00630	1.0	False
0.00033541359224396606	0.835820895522388	0.1172715606744541	0.11895033985811387	Monocyte	B cell	2	7	8	3	5	MIOS	1.0	False
0.0005742757959899463	0.835820895522388	0.42880623331470785	0.4451058201058201	T cell	Plasma cell	2	6	11	3	7	MRFAP1L1	1.0	False
0.0005652608804239169	0.835820895522388	0.13080395273050643	0.16605526260342496	B cell	Dendritic cell	2	7	7	3	7	OSBPL10	1.0	False
7.012901677126274e-05	0.835820895522388	0.1477883295691439	0.21316554796117454	T cell	Plasma cell	2	7	9	4	9	PARP14	1.0	False
5.9803986577876526e-05	0.835820895522388	0.10840739411792133	0.06457860197788734	B cell	Plasma cell	2	7	11	5	9	PITPNC1	1.0	False
0.00021418126611892524	0.835820895522388	0.15713517012950107	0.18925407732428184	NK	Erythroid	2	5	7	3	6	RNF126	1.0	False
0.00015512015014598207	0.835820895522388	0.27524275334725434	0.18643523441793408	Monocyte	Dendritic cell	2	7	11	4	8	RPA1	1.0	False
0.0002387529956645358	0.835820895522388	0.12441924850183289	0.17091924138904002	T cell	Dendritic cell	2	7	9	4	6	SESN3	1.0	False
0.00012907458514180837	0.835820895522388	0.14508335256131638	0.24379337533830103	T cell	NK	2	6	9	3	6	SLC11A2	1.0	False
0.00010898503696922221	0.835820895522388	0.06107504208469966	0.15343137254901967	NK	Erythroid	2	2	3	3	3	TCEANC	1.0	False
0.0001803004015308396	0.835820895522388	0.17109761709116983	0.17518793345943062	Erythroid	Monocyte	2	7	8	3	7	TNRC18	1.0	False
0.00016494787731766524	0.835820895522388	0.1764420652670735	0.20058829709003045	Monocyte	Dendritic cell	2	7	9	3	7	VGLL4	1.0	False
6.986617938154797e-05	0.835820895522388	0.14069367355777546	0.2911687439735789	Plasma cell	Erythroid	2	7	11	7	10	WAC	1.0	False
0.0004308134557298069	0.835820895522388	0.07914498027420858	0.10742646591703198	Erythroid	B cell	2	3	6	3	5	WDR62	1.0	False
0.0002376496500655853	0.8407960199004975	0.07194485748114565	0.11995500655294478	Monocyte	Erythroid	2	7	9	4	8	ATP13A3	1.0	False
3.824954480020295e-05	0.8407960199004975	0.08464567617393981	0.09279752237791289	Plasma cell	Erythroid	2	7	11	7	11	CAMK1D	1.0	False
6.0723889365541866e-05	0.8407960199004975	0.025264273990991792	0.030438831589578552	Erythroid	B cell	2	3	5	3	5	CDKL5	1.0	False
4.804279389819638e-05	0.8407960199004975	0.04910177502454921	0.04972714771410991	Plasma cell	Erythroid	2	7	13	4	8	CENPP	1.0	False
9.132319717182336e-05	0.8407960199004975	0.08432708911447345	0.07659724221774322	Erythroid	Dendritic cell	2	7	8	3	7	CHN2	1.0	False
0.00044277016228132227	0.8407960199004975	0.09162026656388583	0.057032924215858205	Erythroid	B cell	2	4	4	3	4	EGLN1	1.0	False
0.00020966631926970096	0.8407960199004975	0.2579578091947526	0.28028754204313133	Erythroid	T cell	2	4	6	3	5	ENSG00000268205	1.0	False
0.0001811176621427476	0.8407960199004975	0.11816569316569314	0.21700091355983814	Dendritic cell	Erythroid	2	6	9	3	4	FAM13A-AS1	1.0	False
0.00014978266519871374	0.8407960199004975	0.2725810583934768	0.5233867959716524	Erythroid	T cell	2	6	10	3	7	FN3KRP	1.0	False
0.00011241085053229393	0.8407960199004975	0.17926308977273342	0.35497937962353776	Plasma cell	T cell	2	7	7	4	6	LAMTOR4	1.0	False
0.00016533636103270891	0.8407960199004975	0.21737810049648826	0.25319252320124724	NK	Plasma cell	2	7	11	4	8	MAU2	1.0	False
0.0003281114888308861	0.8407960199004975	0.21976446210801687	0.22211901993062788	Monocyte	T cell	2	6	12	3	8	MFHAS1	1.0	False
0.0006894591656067574	0.8407960199004975	0.19034928681500835	0.28933947772657453	Plasma cell	Erythroid	2	7	14	4	9	MIPEP	1.0	False
0.0007690380554372654	0.8407960199004975	0.04162235300224748	0.1456485329694187	T cell	B cell	2	4	7	4	6	MRPL42	1.0	False
0.00010333174071687933	0.8407960199004975	0.16816469973867848	0.19291671479727385	B cell	Erythroid	2	7	9	3	7	NCK1	1.0	False
8.647537866233089e-05	0.8407960199004975	0.14984086063569924	0.20267262428782623	Monocyte	NK	2	7	10	3	6	PI4K2A	1.0	False
3.6879285338930507e-05	0.8407960199004975	0.1664703404728765	0.17457379054085664	Monocyte	Plasma cell	2	7	9	5	8	RSRC2	1.0	False
0.0002604151538601024	0.8407960199004975	0.24723246202678872	0.3351530421799179	NK	Erythroid	2	7	7	3	5	SAMD9L	1.0	False
0.00012963319101303114	0.8407960199004975	0.029876030713128165	0.06841887417218545	NK	B cell	2	4	4	3	3	SERTAD1	1.0	False
0.0002367954448785977	0.8407960199004975	0.2715258980055819	0.2716131907308378	T cell	Monocyte	2	6	9	3	8	SLA2	1.0	False
9.149648372764871e-05	0.8407960199004975	0.17601639143498776	0.2611381138137863	Plasma cell	Monocyte	2	7	9	3	6	SLC36A4	1.0	False
0.0003404547283634751	0.8407960199004975	0.13082768981347487	0.13302105084937077	NK	Dendritic cell	2	7	7	3	7	SMG7	1.0	False
0.0013140649431290278	0.8407960199004975	0.22428977148189766	0.24682964416646097	Plasma cell	B cell	2	7	13	4	9	SPN	1.0	False
5.7308405461422854e-05	0.8407960199004975	0.08695578056496245	0.014056224899598346	B cell	NK	2	3	4	3	4	ST6GALNAC6	1.0	False
0.00013886833840119183	0.8407960199004975	0.08976468302011614	0.16216115786931234	NK	Plasma cell	2	7	11	5	9	TLE5	1.0	False
4.437624348692124e-05	0.8407960199004975	0.19659182370930928	0.28796081228548265	Dendritic cell	Monocyte	2	7	11	3	5	WDFY4	1.0	False
0.00011459127943019224	0.8407960199004975	0.35637907902804766	0.3442894153634859	Monocyte	Plasma cell	2	7	14	5	9	YBEY	1.0	False
0.00014592212530610524	0.8407960199004975	0.06407374060656901	0.12682638349391112	T cell	NK	2	7	13	5	9	ZNF592	1.0	False
0.0011520812452639145	0.845771144278607	0.17732820156357143	0.2498302322422925	T cell	Monocyte	2	6	6	3	5	AKIRIN1	1.0	False
2.601340801349694e-05	0.845771144278607	0.23159615013035756	0.3261272483055085	Dendritic cell	T cell	2	7	8	3	6	AOAH	1.0	False
0.0008946425518156586	0.845771144278607	0.4790244534581054	0.7156189843601051	B cell	Dendritic cell	2	7	10	3	8	CTSW	1.0	False
7.595734471301142e-05	0.845771144278607	0.033786349900371215	0.07553542799983554	T cell	Monocyte	2	7	9	4	7	DENND5B	1.0	False
0.00014036134968518162	0.845771144278607	0.09547431484394076	0.2195071709967299	Dendritic cell	Erythroid	2	4	5	3	4	ENSG00000272831	1.0	False
0.0001686288828598925	0.845771144278607	0.18527337999193244	0.33839956052005127	NK	T cell	2	5	8	3	5	FGD5-AS1	1.0	False
0.00012778791684449318	0.845771144278607	0.16196955131031637	0.10696940600883675	B cell	NK	2	4	7	3	4	MELK	1.0	False
8.353290944280824e-05	0.845771144278607	0.052557065888375554	0.07284804478038276	Plasma cell	NK	2	7	9	4	8	NAA38	1.0	False
0.0001993096931204482	0.845771144278607	0.09261401505260836	0.33602339646832313	Plasma cell	Dendritic cell	2	7	8	4	8	NOP10	1.0	False
2.2407821574955184e-05	0.845771144278607	0.08399805270679783	0.08707938860091302	Dendritic cell	B cell	2	7	17	10	14	PHF20	1.0	False
0.00019557707272938778	0.845771144278607	0.14577735327973063	0.3145242914979757	B cell	Plasma cell	2	7	11	3	7	PIAS4	1.0	False
9.968488907751434e-05	0.845771144278607	0.09062298364697441	0.1979758347834652	T cell	Plasma cell	2	5	7	3	4	PRIM1	1.0	False
0.0003591873248810615	0.845771144278607	0.050722154902834216	0.08197674418604656	B cell	Erythroid	2	5	8	3	6	RAD9A	1.0	False
0.00017664031269115662	0.845771144278607	0.04224142759462313	0.03561029636311697	Dendritic cell	T cell	2	7	7	4	7	RERE	1.0	False
0.0001248950546517315	0.845771144278607	0.1830328234036674	0.27520053652897525	Dendritic cell	B cell	2	6	11	4	7	RHOT2	1.0	False
0.0009844266270603182	0.845771144278607	0.11595753573140377	0.2261110449183844	T cell	B cell	2	4	7	3	5	SHMT1	1.0	False
4.310955336008507e-05	0.845771144278607	0.13432434059679327	0.17317068042067063	Monocyte	Plasma cell	2	7	11	5	9	SHOC2	1.0	False
7.115909268345831e-05	0.845771144278607	0.1513507749784503	0.4741028758964703	Plasma cell	Monocyte	2	7	11	4	9	SNHG7	1.0	False
0.00023180752600695468	0.845771144278607	0.08772160349244262	0.1283125045345716	B cell	Monocyte	2	7	14	7	11	STAU2	1.0	False
5.668136029795114e-05	0.845771144278607	0.21769715060874759	0.4176697726532896	NK	Plasma cell	2	7	11	5	8	STXBP2	1.0	False
0.0003191257185336293	0.845771144278607	0.06434258568973261	0.1805647809006889	Monocyte	NK	2	7	9	4	7	TOPBP1	1.0	False
0.00037082298708612923	0.8507462686567164	0.10906740046658481	0.24785526506994993	T cell	Dendritic cell	2	7	12	4	9	ARAP2	1.0	False
0.00011878150618858802	0.8507462686567164	0.1855932530449615	0.4144241674399423	Erythroid	T cell	2	6	14	4	9	ARMC1	1.0	False
2.9104841692582244e-05	0.8507462686567164	0.23192980019837325	0.20284171191009948	T cell	Erythroid	2	7	7	5	7	CHCHD2	1.0	False
0.0002820482479517205	0.8507462686567164	0.3481933415693238	0.31963192187729633	NK	Dendritic cell	2	7	13	5	12	CIAO2A	1.0	False
0.00031867275648026996	0.8507462686567164	0.03581435702049729	0.016602809706258048	Dendritic cell	Erythroid	2	3	4	3	4	EPM2AIP1	1.0	False
1.726110649264834e-05	0.8507462686567164	0.24254037951634366	0.5499765690586275	Dendritic cell	Monocyte	2	7	10	5	10	FKBP2	1.0	False
0.0004119139888787781	0.8507462686567164	0.3300447729175748	0.430297700475539	Dendritic cell	T cell	2	5	6	3	5	LONP1	1.0	False
0.0002880214991200245	0.8507462686567164	0.15298956495188437	0.15994531784005472	Plasma cell	B cell	2	6	11	4	6	LRRC57	1.0	False
4.738812817331182e-06	0.8507462686567164	0.16151533672546842	0.25285992454667156	B cell	Erythroid	2	3	5	3	4	LRRK2	1.0	False
0.0001774226105330531	0.8507462686567164	0.11132963438971932	0.07801091088588441	T cell	Erythroid	2	5	6	3	5	MRPL36	1.0	False
0.0008417816716747745	0.8507462686567164	0.059133132576913106	0.08411109225634933	Erythroid	NK	2	3	5	3	4	MRPS28	1.0	False
0.0001279035908676144	0.8507462686567164	0.07697408866487748	0.11137852322350145	Erythroid	Dendritic cell	2	7	11	4	9	P4HA1	1.0	False
0.000758575760887083	0.8507462686567164	0.09042574487238653	0.12983362238188723	T cell	Monocyte	2	7	7	3	6	PIP5K1A	1.0	False
2.058016812954464e-05	0.8507462686567164	0.09606134556959828	0.34703092451592593	Erythroid	Plasma cell	2	7	12	8	11	SEC31A	1.0	False
8.598961958357525e-05	0.8507462686567164	0.1452282411686326	0.17077256602286167	NK	Dendritic cell	2	6	8	3	7	TOMM70	1.0	False
0.0002683683982797447	0.8507462686567164	0.1890860642709224	0.1563845050215208	B cell	T cell	2	4	7	3	6	TPCN2	1.0	False
4.233712932729338e-05	0.8507462686567164	0.09584042115722008	0.2325579595638726	Dendritic cell	NK	2	7	18	10	17	ZDHHC20	1.0	False
0.0011381877184002654	0.8507462686567164	0.32073385720497805	0.2950953045095305	Plasma cell	T cell	2	7	11	6	10	ZNF331	1.0	False
0.00028939108969854396	0.8507462686567164	0.3306600871467632	0.3691074882564245	Plasma cell	Monocyte	2	7	12	3	7	ZNF75A	1.0	False
0.00011567187405499032	0.8557213930348259	0.0668503863942459	0.11459271565154155	Monocyte	Erythroid	2	7	11	5	10	CUL2	1.0	False
0.00010130399764490105	0.8557213930348259	0.1093427494002287	0.10623943241719985	NK	Dendritic cell	2	7	17	4	10	DIAPH3	1.0	False
9.704488322733186e-05	0.8557213930348259	0.1811252922964744	0.3559018740239458	B cell	Plasma cell	2	4	6	3	4	EIF3B	1.0	False
0.0002714675463856245	0.8557213930348259	0.2881322721677494	0.37817275747508305	Plasma cell	Dendritic cell	2	7	10	3	7	ENSG00000271533	1.0	False
0.0005370223227643166	0.8557213930348259	0.08431494411467316	0.1468381340981736	NK	Monocyte	2	7	10	5	9	GOLPH3	1.0	False
0.00029924032393255964	0.8557213930348259	0.10732335042637409	0.04011949385963093	NK	Dendritic cell	2	6	9	3	6	GPAA1	1.0	False
0.0001427889411930672	0.8557213930348259	0.20720859983734063	0.10530508951166939	Monocyte	T cell	2	6	10	3	7	HNRNPA1L2	1.0	False
0.00010176243348721427	0.8557213930348259	0.07210069972645095	0.09304565351089983	Dendritic cell	Monocyte	2	7	13	6	11	KDM5C	1.0	False
0.00040542829597801	0.8557213930348259	0.19787034298421463	0.10560784958099578	Monocyte	Erythroid	2	5	6	3	5	LUZP1	1.0	False
0.0001814571341933067	0.8557213930348259	0.16724913871268116	0.22997476839647513	B cell	T cell	2	6	8	3	6	MINDY3	1.0	False
0.0003458951096420406	0.8557213930348259	0.09608678427120898	0.08198440527082629	B cell	T cell	2	6	12	4	7	PHLPP2	1.0	False
3.7129217282677334e-05	0.8557213930348259	0.1181504709306283	0.22049765504807245	T cell	Plasma cell	2	7	14	7	12	PRKDC	1.0	False
5.547877326332042e-05	0.8557213930348259	0.05674203446275172	0.06235058838359836	Erythroid	Dendritic cell	2	7	17	8	13	RBL1	1.0	False
0.00015176171475228897	0.8557213930348259	0.4416209598458065	0.504717975751186	Plasma cell	Erythroid	2	6	9	3	6	RFC4	1.0	False
1.720063926925052e-05	0.8557213930348259	0.07496709692919323	0.051120638108469174	T cell	Erythroid	2	7	10	5	8	SBF2	1.0	False
0.0005336645588901869	0.8557213930348259	0.16621318799177232	0.1983334393486419	Plasma cell	Dendritic cell	2	6	8	3	6	SLC9B2	1.0	False
0.00012139076702738001	0.8557213930348259	0.32112493750065985	0.4107784431137725	Monocyte	Dendritic cell	2	7	10	4	9	TIMM13	1.0	False
0.0001428621694208795	0.8557213930348259	0.0834666183489553	0.09994520547945213	B cell	Plasma cell	2	7	10	3	7	TRIM37	1.0	False
5.4842951723413634e-05	0.8557213930348259	0.10599007575567393	0.06874597852958109	NK	Dendritic cell	2	3	4	3	4	TRPV2	1.0	False
0.0001290270649400506	0.8557213930348259	0.14114322088919062	0.17847905912404882	T cell	Erythroid	2	4	6	4	5	ZBTB8OS	1.0	False
0.000499885139924751	0.8557213930348259	0.06546374454995746	0.0999136733851293	Dendritic cell	NK	2	6	8	3	7	ZFPM1	1.0	False
0.00011011714677579925	0.8606965174129353	0.09726032444812832	0.10215418679712973	Erythroid	T cell	2	7	8	5	7	CCNL1	1.0	False
8.857218800550032e-05	0.8606965174129353	0.12086133936796728	0.13036881419234364	Plasma cell	Erythroid	2	4	5	3	4	EEF1AKMT1	1.0	False
0.00034743923214210795	0.8606965174129353	0.12412671300104394	0.25675123623439994	Plasma cell	Monocyte	2	7	12	3	7	ELMO2	1.0	False
0.0007464522710811175	0.8606965174129353	0.08562714835461999	0.13704606590450574	Plasma cell	Erythroid	2	7	11	3	8	ENSG00000290886	1.0	False
0.0006302214224259536	0.8606965174129353	0.050117418322137286	0.11588685759815853	Monocyte	Erythroid	2	4	4	3	3	GNAL	1.0	False
3.785213891858085e-05	0.8606965174129353	0.6687768489492627	0.5789431625212267	Plasma cell	Monocyte	2	7	12	4	9	KIF22	1.0	False
0.00031488322659941936	0.8606965174129353	0.06648362991018747	0.07103586992960104	T cell	Erythroid	2	6	7	3	5	LRRC8D	1.0	False
0.000374114306704206	0.8606965174129353	0.1666306371224404	0.2630491667814351	B cell	NK	2	3	4	3	3	MARCHF2	1.0	False
0.00048274338511331645	0.8606965174129353	0.0871902111311611	0.07375722543352603	Dendritic cell	T cell	2	5	7	3	7	MAST2	1.0	False
6.077518529605299e-05	0.8606965174129353	0.04836978572256251	0.1596000409165303	Monocyte	Erythroid	2	7	8	5	7	MKLN1	1.0	False
3.9612049391061004e-05	0.8606965174129353	0.03451297613766546	0.14297227842768312	Erythroid	Monocyte	2	7	11	6	10	MSI2	1.0	False
6.073823868348986e-05	0.8606965174129353	0.20656079269616257	0.44454936919241517	NK	Plasma cell	2	6	8	3	5	MTRR	1.0	False
0.0003765731366630879	0.8606965174129353	0.1059000845804472	0.0887418328028145	T cell	Dendritic cell	2	5	7	3	4	NUP205	1.0	False
0.00021901329865514347	0.8606965174129353	0.05488211437444879	0.14436551501453015	Plasma cell	Erythroid	2	7	8	3	7	POM121C	1.0	False
0.0001528355046260216	0.8606965174129353	0.07960679458803915	0.17412927174817178	NK	Plasma cell	2	7	14	6	10	PTK2	1.0	False
0.00010033386046269276	0.8606965174129353	0.09888620261114489	0.16179080327783285	T cell	Plasma cell	2	7	12	4	8	RAB27A	1.0	False
0.00014748933665823956	0.8606965174129353	0.14219798248072002	0.07133176288360388	B cell	Monocyte	2	7	11	3	7	TFDP1	1.0	False
0.0001062024708604238	0.8606965174129353	0.08095119943274837	0.08373271043929242	Plasma cell	B cell	2	6	12	3	9	TGIF2	1.0	False
0.000894397493188452	0.8606965174129353	0.2658282829712911	0.47008959354810337	B cell	Dendritic cell	2	7	12	5	9	TIMP1	1.0	False
0.0004494241294261725	0.8606965174129353	0.20877087601663874	0.18290383406662475	Dendritic cell	Erythroid	2	6	7	3	5	UBA6-DT	1.0	False
0.00020441597448550038	0.8606965174129353	0.12264653292738847	0.25977565430406746	B cell	Dendritic cell	2	7	18	9	15	UBAC2	1.0	False
0.000663035882715333	0.8606965174129353	0.1501417371200322	0.05618667047238474	Plasma cell	Erythroid	2	6	9	4	6	ZNF330	1.0	False
0.0001570739293845175	0.8656716417910447	0.22777145620485173	0.25509083492830475	NK	Dendritic cell	2	6	10	3	7	AGGF1	1.0	False
0.0004301737502960325	0.8656716417910447	0.16235443603039224	0.26779332936271594	T cell	Plasma cell	2	6	11	4	7	ALKBH5	1.0	False
5.6904920486810224e-05	0.8656716417910447	0.07140813414053937	0.06333679478666993	Erythroid	B cell	2	7	12	3	8	ALPK1	1.0	False
0.00047873955213425227	0.8656716417910447	0.07462154829678691	0.061580882352941124	B cell	Plasma cell	2	3	4	3	3	BCAT1	1.0	False
0.0001651967082438392	0.8656716417910447	0.5702250002210728	0.5945008635578585	Plasma cell	NK	2	7	9	4	7	CHMP2B	1.0	False
6.251870116115163e-05	0.8656716417910447	0.1613017305856287	0.16013180484022815	B cell	Erythroid	2	4	6	3	5	CHTOP	1.0	False
0.00013233665643102237	0.8656716417910447	0.15711793563271592	0.29676364061222105	B cell	Plasma cell	2	6	11	4	7	CLPX	1.0	False
0.00015388223681840081	0.8656716417910447	0.07727947883072689	0.0393995986820459	Plasma cell	Monocyte	2	7	11	3	8	CPEB3	1.0	False
0.0001816365386825959	0.8656716417910447	0.09570851118544893	0.08531926505366566	Plasma cell	Dendritic cell	2	6	6	3	6	DBNL	1.0	False
0.00023399859233498097	0.8656716417910447	0.10321609874381943	0.14012282497441148	Erythroid	NK	2	6	8	3	6	DONSON	1.0	False
0.0001463776770167788	0.8656716417910447	0.18118098403563898	0.20026614556987266	Erythroid	Dendritic cell	2	7	13	7	11	DPP8	1.0	False
0.0001234548485860658	0.8656716417910447	0.16127680669869726	0.10078096511486567	Plasma cell	B cell	2	7	9	4	7	EP400	1.0	False
0.00014220622513223376	0.8656716417910447	0.10275211052993838	0.18552849786156933	NK	Dendritic cell	2	6	9	3	5	EXOC3	1.0	False
0.00019671427718885421	0.8656716417910447	0.09433963202286166	0.11913395449743969	T cell	Monocyte	2	7	8	3	7	EZH2	1.0	False
0.0003407011473075475	0.8656716417910447	0.26650847976062186	0.38105292792792794	Dendritic cell	T cell	2	6	9	3	6	FAM200B	1.0	False
0.0003698606036361721	0.8656716417910447	0.10152336046383814	0.22478141719953018	B cell	Plasma cell	2	3	4	3	4	FASTK	1.0	False
0.0002468036525878063	0.8656716417910447	0.1438096184876747	0.3667751521154662	Erythroid	Plasma cell	2	7	7	3	5	GFM1	1.0	False
0.0001489034661685498	0.8656716417910447	0.08825796142099834	0.03893122701172236	Dendritic cell	T cell	2	5	6	3	4	GIHCG	1.0	False
0.0002221189034155327	0.8656716417910447	0.09918241387977444	0.2053305159675703	Dendritic cell	NK	2	7	12	5	9	KLF10	1.0	False
0.0005411036752890217	0.8656716417910447	0.22322705179578395	0.13048116031002988	Dendritic cell	T cell	2	6	8	3	6	MBD3	1.0	False
5.144232120409454e-05	0.8656716417910447	0.21466108523990135	0.41722296554976046	Plasma cell	Erythroid	2	7	13	7	12	MORF4L1	1.0	False
0.00014661153270097068	0.8656716417910447	0.07013751079908936	0.04854465709728867	NK	T cell	2	4	6	3	5	MRPS25	1.0	False
0.00010713391283135122	0.8656716417910447	0.17037573096727637	0.17605136009447064	B cell	T cell	2	7	9	4	8	MSL2	1.0	False
3.060438386920358e-05	0.8656716417910447	0.11883888723079167	0.1468354430379747	T cell	Erythroid	2	5	8	3	6	NDUFV2-AS1	1.0	False
0.00018027018812369987	0.8656716417910447	0.10335665792525622	0.25033140985651897	Erythroid	T cell	2	6	10	3	7	OXCT1	1.0	False
0.00012114397374807328	0.8656716417910447	0.30613311553601735	0.33583275602102775	B cell	NK	2	6	12	3	7	POLR2C	1.0	False
0.0003152724636416022	0.8656716417910447	0.11328792440208757	0.19770237370663418	Erythroid	NK	2	6	8	3	5	PUS7L	1.0	False
0.0008577214641609582	0.8656716417910447	0.23444215572139682	0.06857916769268646	T cell	Erythroid	2	4	5	3	4	RABL3	1.0	False
0.0006420054447292921	0.8656716417910447	0.05423742872212134	0.12712736220781817	B cell	Erythroid	2	7	18	10	15	RB1	1.0	False
0.00023422288377924864	0.8656716417910447	0.04937355134983579	0.26760310281829347	B cell	T cell	2	3	3	3	3	SDF4	1.0	False
3.2328933452624054e-05	0.8656716417910447	0.041703408048480606	0.17954528517908802	Dendritic cell	B cell	2	7	13	7	12	SECISBP2	1.0	False
0.00018144169880369242	0.8656716417910447	0.11223079255053647	0.19100660066006597	T cell	NK	2	5	8	4	7	SMARCE1	1.0	False
0.00035672277862416543	0.8656716417910447	0.21739699181759264	0.22871643745907005	Plasma cell	Dendritic cell	2	7	13	6	10	TMED3	1.0	False
1.821546799738566e-05	0.8656716417910447	0.10205300260911992	0.0987058487058487	Erythroid	B cell	2	3	4	3	3	TMEM263	1.0	False
0.0004003214582899734	0.8656716417910447	0.18202441097825856	0.27080441612897604	B cell	Plasma cell	2	7	9	3	5	TNFRSF10B	1.0	False
2.5840650411028224e-05	0.8656716417910447	0.13781159154883088	0.376072399309628	NK	Monocyte	2	7	13	7	11	TXNDC11	1.0	False
0.00010562725192592067	0.8656716417910447	0.09529656987462065	0.13068026279770045	Plasma cell	NK	2	6	10	3	7	UBXN2B	1.0	False
6.156447329713024e-05	0.8706467661691543	0.08841912117402317	0.23770910062500983	Plasma cell	Erythroid	2	7	11	7	10	ABI1	1.0	False
9.995818446193782e-05	0.8706467661691543	0.29740706140068296	0.3963499152933929	Plasma cell	B cell	2	6	9	3	6	ATP10D	1.0	False
4.82629990064475e-06	0.8706467661691543	0.23217126169006758	0.05079196621927551	Dendritic cell	T cell	2	4	8	3	5	CDK1	1.0	False
0.00012017513466731264	0.8706467661691543	0.12966119634681517	0.5005963029218843	Dendritic cell	Plasma cell	2	7	7	4	7	CDK11A	1.0	False
0.00019216128392540483	0.8706467661691543	0.17120555975729157	0.16289360357156968	Monocyte	NK	2	7	14	6	13	EIF3E	1.0	False
0.00012275379768418896	0.8706467661691543	0.16810832526042746	0.1819260622646307	T cell	NK	2	5	6	3	6	ENSG00000273284	1.0	False
8.529319739389656e-05	0.8706467661691543	0.044066786992176366	0.10491221026298314	NK	B cell	2	7	13	3	7	ERG	1.0	False
0.00012428978143892963	0.8706467661691543	0.11688846667355479	0.17237376136870808	T cell	Plasma cell	2	7	11	5	10	GGNBP2	1.0	False
2.0100348283812244e-07	0.8706467661691543	0.16398785719775616	0.6016872562147771	Monocyte	Plasma cell	2	7	10	6	10	IFITM1	1.0	False
0.00017679796279490123	0.8706467661691543	0.059262863356256745	0.09915227698111562	Erythroid	Plasma cell	2	6	9	3	5	KIAA0825	1.0	False
0.0005345766795250297	0.8706467661691543	0.13585079452178883	0.1400625978090767	Dendritic cell	NK	2	7	7	3	5	MIR29B2CHG	1.0	False
4.398482946843205e-05	0.8706467661691543	0.10252466893917274	0.11236191921747195	B cell	NK	2	3	4	3	4	MRPS22	1.0	False
0.0002451837423825302	0.8706467661691543	0.16781157163339533	0.08344208360701749	Monocyte	B cell	2	7	12	4	10	NCALD	1.0	False
7.310600585900978e-05	0.8706467661691543	0.04368669251809798	0.099244094488189	Plasma cell	Dendritic cell	2	7	9	6	9	PEBP1	1.0	False
0.00013107705837403882	0.8706467661691543	0.19422185012130289	0.12035530241388664	Plasma cell	Monocyte	2	7	7	4	7	POGZ	1.0	False
0.00020241336418021943	0.8706467661691543	0.0694025477873158	0.062684831994544	Dendritic cell	Plasma cell	2	7	8	5	7	PTGES3	1.0	False
9.7495540453322e-05	0.8706467661691543	0.6528549215118035	0.3488156182212581	Dendritic cell	Monocyte	2	7	14	3	8	STMN3	1.0	False
0.00045138726384739975	0.8706467661691543	0.07705581345838058	0.05273983623167605	Dendritic cell	B cell	2	5	4	3	4	TALAM1	1.0	False
0.00041256654217418023	0.8706467661691543	0.12112913438089012	0.07977028125033597	Monocyte	B cell	2	6	7	3	7	UBE4B	1.0	False
0.00018398567668545982	0.8706467661691543	0.13102256117229663	0.202123695976155	NK	B cell	2	4	5	3	4	UBOX5	1.0	False
0.0005078604861359342	0.8706467661691543	0.24816436573045303	0.4456967477368272	B cell	Plasma cell	2	6	8	3	5	VRK3	1.0	False
0.0001879554327776829	0.8706467661691543	0.1569014992152697	0.17279075091575086	T cell	Erythroid	2	7	18	4	12	WDR4	1.0	False
0.00019327186529467187	0.8706467661691543	0.1511130920358485	0.255331770490866	Monocyte	NK	2	5	6	3	4	ZBTB14	1.0	False
6.051555627612242e-05	0.8706467661691543	0.06797879377997335	0.2571503232981832	B cell	NK	2	5	7	3	5	ZDHHC7	1.0	False
0.00041417013135226685	0.8706467661691543	0.07712595263452948	0.11897759103641453	Monocyte	Dendritic cell	2	7	12	3	9	ZNF141	1.0	False
8.779273719789494e-05	0.8756218905472637	0.2673580029425317	0.32881280725916817	Plasma cell	B cell	2	7	11	4	7	ACAP1	1.0	False
0.00010967155404335094	0.8756218905472637	0.08507010462944276	0.09691679256896651	Plasma cell	B cell	2	7	12	3	8	APMAP	1.0	False
9.933538097804867e-05	0.8756218905472637	0.12054358484472488	0.09399999999999997	T cell	Dendritic cell	2	7	10	4	8	ATG12	1.0	False
1.5800872849609987e-05	0.8756218905472637	0.2293034027249481	0.46777672455421815	Dendritic cell	B cell	2	7	13	4	10	BCAP31	1.0	False
5.465010013711823e-05	0.8756218905472637	0.0743093491418439	0.06458001063264224	Dendritic cell	B cell	2	7	12	6	11	CCSER1	1.0	False
0.00010287723571272322	0.8756218905472637	0.07956982516666472	0.27614954080212745	T cell	Dendritic cell	2	7	16	5	9	CDC16	1.0	False
0.0004844971319886591	0.8756218905472637	0.26107101765382684	0.34399174832387824	Plasma cell	Monocyte	2	7	7	3	7	CMPK1	1.0	False
0.000100830617603472	0.8756218905472637	0.15443626198442617	0.31474150171218573	Erythroid	B cell	2	6	9	3	5	CNP	1.0	False
4.938794376835968e-05	0.8756218905472637	0.3239105929132181	0.5528718595570842	T cell	Plasma cell	2	5	7	4	6	HINT1	1.0	False
3.6865089296404215e-05	0.8756218905472637	0.1886201598769675	0.3197472692225316	Plasma cell	T cell	2	7	11	4	9	HPS1	1.0	False
8.966885208163715e-05	0.8756218905472637	0.35566604785746025	0.15848922916441144	Plasma cell	T cell	2	7	9	3	8	ICAM3	1.0	False
0.0008284412659822065	0.8756218905472637	0.29807311710476236	0.45503279155973764	NK	Dendritic cell	2	7	8	3	6	KBTBD2	1.0	False
5.156080988235475e-05	0.8756218905472637	0.0483749808123658	0.042272562586935125	Erythroid	Dendritic cell	2	7	13	8	13	KDM4C	1.0	False
9.146587331207068e-05	0.8756218905472637	0.35527668916273253	0.635416286898295	Dendritic cell	B cell	2	7	9	3	6	MPZL3	1.0	False
8.756568925504806e-05	0.8756218905472637	0.22444715505434276	0.4164761836427187	NK	Monocyte	2	7	8	3	5	MRPL22	1.0	False
0.00014296884274741118	0.8756218905472637	0.0727821354674551	0.1081951919626839	NK	Erythroid	2	7	13	4	9	NUP93	1.0	False
0.00018090595462798062	0.8756218905472637	0.09448393178973152	0.18740960458902262	B cell	Plasma cell	2	6	7	3	5	OSBP	1.0	False
0.0001864929989986831	0.8756218905472637	0.11443976387457006	0.09350770357059662	Dendritic cell	T cell	2	6	9	3	6	PCMTD2	1.0	False
6.300665692768152e-05	0.8756218905472637	0.23977059292317196	0.2314333113212106	T cell	Monocyte	2	7	9	3	8	PDCD6IP	1.0	False
0.0001092150483919352	0.8756218905472637	0.11020822100506283	0.16215151185067944	NK	T cell	2	7	15	5	11	POLA1	1.0	False
7.711460643133784e-05	0.8756218905472637	0.13994378107695482	0.6077345557641505	Erythroid	Monocyte	2	7	9	5	7	PSMD9	1.0	False
0.00018146248986435992	0.8756218905472637	0.14509588391864603	0.3826507760817524	Erythroid	Plasma cell	2	7	7	3	7	PUM1	1.0	False
6.284541821348046e-05	0.8756218905472637	0.11601114272535484	0.053773500484042835	Plasma cell	B cell	2	7	6	3	4	ROMO1	1.0	False
1.382844743356984e-05	0.8756218905472637	0.10210642811989473	0.04148134955124255	T cell	Plasma cell	2	7	6	4	6	RPL13A	1.0	False
6.703092718553187e-05	0.8756218905472637	0.10619769511191607	0.0315234163049376	NK	Erythroid	2	7	11	4	9	SMURF2	1.0	False
0.0009416767316919987	0.8756218905472637	0.20828256208981422	0.2518938423591237	T cell	B cell	2	5	6	3	6	SRP9	1.0	False
0.00024026456596166774	0.8756218905472637	0.2517378303482282	0.3526651651651652	T cell	B cell	2	5	5	3	4	TIMM10B	1.0	False
0.00022298533255826037	0.8756218905472637	0.10813671408864756	0.14124875267284398	Monocyte	Dendritic cell	2	7	14	4	10	TRMT2B	1.0	False
0.00021208835932944595	0.8756218905472637	0.16578618930203548	0.29249133378938225	T cell	Erythroid	2	7	7	3	7	UHMK1	1.0	False
8.910575495754881e-05	0.8756218905472637	0.10477939629122263	0.14869019657938515	Dendritic cell	T cell	2	7	15	4	10	WBP4	1.0	False
0.000148167594516972	0.8756218905472637	0.24630398415977162	0.273469387755102	NK	Plasma cell	2	6	8	3	6	ZCCHC9	1.0	False
0.00011662301920541464	0.8756218905472637	0.1421036844527524	0.18828847061998244	NK	Plasma cell	2	6	10	3	6	ZNF346	1.0	False
0.00013472296223891828	0.8805970149253731	0.09491924842887006	0.2451810279348468	Monocyte	NK	2	7	11	3	6	DOT1L	1.0	False
0.004316823538291854	0.8805970149253731	0.3135704560460416	0.4763405999380414	T cell	Erythroid	2	7	12	5	8	FLNA	1.0	False
0.00011985939834688332	0.8805970149253731	0.3411061921068939	0.3464923747276688	T cell	Erythroid	2	5	7	3	4	HEXIM1	1.0	False
0.00014588473592863115	0.8805970149253731	0.14607407572927894	0.1499153272527407	NK	Plasma cell	2	6	8	3	6	IFNG-AS1	1.0	False
5.2998912018630576e-05	0.8805970149253731	0.03706913735055822	0.08683570696071802	Dendritic cell	B cell	2	6	10	5	9	MARCHF8	1.0	False
0.0002824140878099632	0.8805970149253731	0.155859393919835	0.2701730408394913	Monocyte	T cell	2	7	13	3	8	NAPRT	1.0	False
9.435106338594232e-05	0.8805970149253731	0.08865705895361042	0.07924157123664516	Monocyte	NK	2	5	4	3	4	NFS1	1.0	False
9.61953281792443e-05	0.8805970149253731	0.2636485185034587	0.27499999999999997	Plasma cell	B cell	2	6	8	3	4	PARP9	1.0	False
0.00013417598875499804	0.8805970149253731	0.2042690326636229	0.18502132196162052	Plasma cell	NK	2	7	9	3	7	PCYT1A	1.0	False
9.386579838732166e-05	0.8805970149253731	0.15108374519591694	0.19583263454865968	Plasma cell	T cell	2	7	17	6	10	SLC66A2	1.0	False
0.00011584702962950488	0.8805970149253731	0.11905318546035754	0.15645311589982525	Dendritic cell	Plasma cell	2	7	17	6	12	SNX5	1.0	False
2.356652916028674e-05	0.8805970149253731	0.2222521965127468	0.5205460024941542	Erythroid	Plasma cell	2	7	11	7	10	SRGN	1.0	False
0.0006092672915169009	0.8805970149253731	0.12749026015065928	0.02797657774886142	T cell	B cell	2	3	4	3	3	STX2	1.0	False
0.0007464096424151331	0.8805970149253731	0.03547470423874921	0.0762096774193548	NK	Erythroid	2	3	4	3	4	WDTC1	1.0	False
0.00038965978885635816	0.8805970149253731	0.20391140260753782	0.18152011922503725	Monocyte	Erythroid	2	7	12	3	8	ZGRF1	1.0	False
0.00033246358732647144	0.8805970149253731	0.067050930005217	0.030142265156913983	NK	B cell	2	2	4	4	4	ZNF525	1.0	False
0.00022099498829774463	0.8855721393034826	0.11429877421323664	0.20703140148838906	T cell	Dendritic cell	2	7	13	6	8	AKNA	1.0	False
0.0007736919600281291	0.8855721393034826	0.24468261018095666	0.20996336996336995	Plasma cell	T cell	2	6	8	3	5	ALKBH8	1.0	False
0.00024484636824777034	0.8855721393034826	0.03183875895927091	0.06811649016641452	Erythroid	B cell	2	7	9	4	8	ATXN7	1.0	False
0.0002189619256121987	0.8855721393034826	0.12010395983177413	0.20498084291187746	T cell	Dendritic cell	2	5	10	4	7	BCLAF3	1.0	False
9.68442744861031e-05	0.8855721393034826	0.14954757980485273	0.14101308041065191	B cell	NK	2	7	13	3	10	BFAR	1.0	False
0.0001306361722372181	0.8855721393034826	0.1419605318027996	0.17473237614469445	Plasma cell	Erythroid	2	7	10	3	8	CCDC82	1.0	False
5.978481626737213e-05	0.8855721393034826	0.09184844778748236	0.10644979333442223	NK	Plasma cell	2	7	13	8	12	CHASERR	1.0	False
0.00012422072700630574	0.8855721393034826	0.0804187700845706	0.13576090907654137	Erythroid	Plasma cell	2	6	7	3	7	DCAF6	1.0	False
0.0027381538642094784	0.8855721393034826	0.2874537856781715	0.19954290689448773	NK	B cell	2	4	4	3	3	ENSG00000289401	1.0	False
0.0001711039915407199	0.8855721393034826	0.1009555417652706	0.2829334761635271	Erythroid	B cell	2	5	9	3	6	ENTPD1	1.0	False
0.00046960425778514857	0.8855721393034826	0.1263572970011363	0.23943035897521114	Monocyte	Dendritic cell	2	7	7	3	6	FBXO28	1.0	False
9.016758833657441e-05	0.8855721393034826	0.12517340396755322	0.14534559643255296	B cell	Plasma cell	2	7	11	6	8	GDI2	1.0	False
0.0006047173657847217	0.8855721393034826	0.5335247184769984	0.5781862745098039	Dendritic cell	B cell	2	5	8	3	5	METTL7A	1.0	False
8.517410376911672e-05	0.8855721393034826	0.047216052242413986	0.05300817392433255	NK	Dendritic cell	2	7	16	5	9	MIR924HG	1.0	False
0.0002934602954979681	0.8855721393034826	0.11663297434933967	0.19335985312117498	Erythroid	T cell	2	4	5	3	4	MLH1	1.0	False
0.00031877771706151814	0.8855721393034826	0.13346869123419314	0.08482119099568941	T cell	NK	2	7	10	3	6	MTMR12	1.0	False
0.00026701118064824836	0.8855721393034826	0.2534308548655293	0.4093248282025207	Monocyte	B cell	2	6	9	3	6	NLRC3	1.0	False
6.731624100777471e-05	0.8855721393034826	0.1385985173824617	0.12790915330379987	B cell	T cell	2	4	6	3	4	POLE	1.0	False
0.00038795234541435267	0.8855721393034826	0.14929686538410697	0.15422989708703994	NK	Dendritic cell	2	5	8	3	5	PRKD2	1.0	False
0.000602880620625471	0.8855721393034826	0.1388207750044156	0.1337455628077408	B cell	Erythroid	2	3	3	3	3	RIC8A	1.0	False
0.00014700441262487454	0.8855721393034826	0.08769364857091855	0.032928606119475456	Erythroid	B cell	2	4	8	5	6	RIPK2-DT	1.0	False
6.56995374848327e-05	0.8855721393034826	0.051890809187915055	0.11251276551934764	Plasma cell	Dendritic cell	2	7	15	8	13	RPS6KA3	1.0	False
0.0005678993823476452	0.8855721393034826	0.14423747850435314	0.2305305388012155	NK	Dendritic cell	2	6	6	3	4	SPICE1	1.0	False
6.594846479531029e-05	0.8855721393034826	0.2382122595606428	0.4180777877617994	T cell	Plasma cell	2	7	13	6	10	TUT7	1.0	False
6.0947174109720034e-05	0.8855721393034826	0.08828487554407666	0.2601767571022414	B cell	Erythroid	2	4	7	3	7	UBQLN2	1.0	False
8.23902992684166e-05	0.8855721393034826	0.09700204015105907	0.2999248703407493	Plasma cell	NK	2	6	9	3	6	ZBTB38	1.0	False
0.00020525858164607285	0.8855721393034826	0.12876932468429625	0.12560194694236848	NK	Plasma cell	2	6	10	3	6	ZBTB4	1.0	False
7.80039060879084e-05	0.8905472636815921	0.11650657963412031	0.062075520490706304	Plasma cell	Dendritic cell	2	7	13	6	8	ABL1	1.0	False
3.620808447767953e-05	0.8905472636815921	0.11871661966329833	0.23235160827517815	Erythroid	Plasma cell	2	7	11	7	10	ACTG1	1.0	False
1.680588609325324e-05	0.8905472636815921	0.1781450628140253	0.2841570868783962	B cell	NK	2	7	9	3	8	ANP32B	1.0	False
2.5598802158127955e-05	0.8905472636815921	0.08443004384580233	0.38876549727830473	NK	Plasma cell	2	5	5	3	4	ATP6V1G1	1.0	False
0.0001879282549247542	0.8905472636815921	0.16142618786599167	0.23216064314171886	NK	B cell	2	4	6	4	4	BORA	1.0	False
0.00021717343088364737	0.8905472636815921	0.17683162361555033	0.23634060365719328	B cell	NK	2	6	10	3	5	CD99L2	1.0	False
2.693141541095618e-05	0.8905472636815921	0.1766974337721653	0.07930881306633913	Monocyte	T cell	2	7	13	7	11	COMMD6	1.0	False
1.974987002461045e-05	0.8905472636815921	0.09692183514696306	0.02886880561299171	T cell	B cell	2	7	6	3	6	COX6C	1.0	False
0.00023415975209440315	0.8905472636815921	0.1586350494318719	0.17579065923207982	Dendritic cell	NK	2	7	10	5	8	CYFIP2	1.0	False
0.0001504393437504384	0.8905472636815921	0.10269404228475776	0.11677539608574089	Erythroid	B cell	2	3	4	3	4	DDX19B	1.0	False
5.679831236692891e-05	0.8905472636815921	0.06560345382386346	0.061178940279682736	Monocyte	Erythroid	2	7	15	7	12	DHRSX	1.0	False
0.0005525045483006318	0.8905472636815921	0.1423379075708423	0.17712694549235353	Monocyte	NK	2	7	9	3	6	EEFSEC	1.0	False
0.00019353233434021025	0.8905472636815921	0.3426234831253417	0.41995278233414557	Erythroid	Dendritic cell	2	7	10	4	7	EIF4EBP2	1.0	False
0.00036358501688448826	0.8905472636815921	0.27354997729534974	0.32605791708410864	Dendritic cell	Erythroid	2	7	8	3	5	GP6-AS1	1.0	False
3.2751237674728564e-05	0.8905472636815921	0.09155107670316198	0.1029761741937249	NK	Plasma cell	2	5	8	3	6	GRAMD1B	1.0	False
0.0001421651917826002	0.8905472636815921	0.07226081301795584	0.058475108940892806	Monocyte	Plasma cell	2	7	13	7	10	HERC2	1.0	False
0.0003564996101501938	0.8905472636815921	0.13623378394669605	0.043538440254450306	Plasma cell	B cell	2	6	5	3	5	HSPA8	1.0	False
0.00041094254018046294	0.8905472636815921	0.176997792402661	0.3319176891784729	T cell	Monocyte	2	7	11	5	10	IDI1	1.0	False
9.383091802339091e-05	0.8905472636815921	0.280472234842589	0.3603858204828899	Dendritic cell	NK	2	5	7	3	5	JADE2	1.0	False
0.00017218640840068256	0.8905472636815921	0.09033197122778996	0.17106487756197247	T cell	Plasma cell	2	7	10	7	9	KDM2A	1.0	False
4.178674139501085e-05	0.8905472636815921	0.03725489293619266	0.046892783974504804	Erythroid	NK	2	3	5	3	5	MXD4	1.0	False
1.4011520147092317e-06	0.8905472636815921	0.26666666666666666	0.5545077089712902	T cell	Monocyte	2	7	9	3	7	MYG1	1.0	False
5.4902119983996124e-05	0.8905472636815921	0.13702421835536088	0.13056136270311197	Plasma cell	Monocyte	2	7	18	10	14	NUP58	1.0	False
9.68942431175515e-05	0.8905472636815921	0.16979513211955866	0.3444410382178622	Monocyte	T cell	2	7	11	3	7	OPTN	1.0	False
7.819962911231892e-05	0.8905472636815921	0.2967692690177333	0.6546803288675884	Erythroid	B cell	2	6	7	3	4	PCNA	1.0	False
0.000403839451109183	0.8905472636815921	0.1494378989449412	0.2963717827786013	Plasma cell	Erythroid	2	6	7	3	6	PIGK	1.0	False
5.6571981498957003e-05	0.8905472636815921	0.30073305126635697	0.6254448079899311	Monocyte	T cell	2	7	10	5	8	PSMC5	1.0	False
0.0002082887120976473	0.8905472636815921	0.283594411092761	0.22325617099674178	NK	Plasma cell	2	7	12	3	7	SETD4	1.0	False
0.00016987953246618646	0.8905472636815921	0.28584180864931685	0.3732563732563733	Monocyte	Plasma cell	2	7	13	3	9	SLC7A6OS	1.0	False
0.00024288733445889017	0.8905472636815921	0.2150251475061848	0.16894195168893017	Dendritic cell	T cell	2	7	8	3	5	TADA3	1.0	False
5.894273536010709e-06	0.8905472636815921	0.11361377640689246	0.5346675244234425	Monocyte	Plasma cell	2	7	10	6	10	UBA52	1.0	False
0.0006049424530695195	0.8905472636815921	0.13030265505519512	0.15516014234875442	Erythroid	Dendritic cell	2	6	8	3	7	ZNF841	1.0	False
8.844725306085787e-05	0.8955223880597015	0.15789834776274736	0.1530623240527471	Monocyte	B cell	2	7	14	4	10	ACSL4	1.0	False
3.2870968859964176e-05	0.8955223880597015	0.17721603344684406	0.4444343994072247	Erythroid	B cell	2	6	10	4	7	ADAM9	1.0	False
0.0002101189427748919	0.8955223880597015	0.12746069923457637	0.2398274216482596	Dendritic cell	Erythroid	2	7	15	6	9	AFG3L2	1.0	False
0.00017619539340585022	0.8955223880597015	0.15294518949650043	0.22697010434671272	NK	Plasma cell	2	6	9	3	6	ANAPC5	1.0	False
0.0005555062069942918	0.8955223880597015	0.12140105435983711	0.1809665895343645	Plasma cell	B cell	2	7	10	4	7	ANKRD10-IT1	1.0	False
0.0007148128351266482	0.8955223880597015	0.09900540812927572	0.16077993045206157	NK	T cell	2	6	10	4	6	AP3M1	1.0	False
8.08860622136091e-05	0.8955223880597015	0.06573838034376595	0.07526994955854188	Plasma cell	B cell	2	7	17	6	13	ARGLU1	1.0	False
0.0003296918072393053	0.8955223880597015	0.14678932800116978	0.1091939022879691	Plasma cell	T cell	2	7	12	3	8	B3GLCT	1.0	False
0.00021600992969184252	0.8955223880597015	0.2019306615776082	0.21642294713160848	T cell	Erythroid	2	6	7	3	5	BCKDHA	1.0	False
0.00020468054496890705	0.8955223880597015	0.38011203756835044	0.3788060243150064	Dendritic cell	Monocyte	2	7	10	3	8	BIVM	1.0	False
6.922950597241842e-06	0.8955223880597015	0.005020202009500707	0.10186402293207475	NK	Erythroid	2	2	5	5	5	BLVRB	1.0	False
0.00020187079732092108	0.8955223880597015	0.14976682826357468	0.25893508219721795	Monocyte	Dendritic cell	2	5	5	3	5	CAPZB	1.0	False
5.116390769592941e-05	0.8955223880597015	0.31420596798019085	0.37748664675947347	Erythroid	Plasma cell	2	6	12	4	7	CLCN7	1.0	False
0.0008048705741654136	0.8955223880597015	0.19006346840595878	0.09419747542783019	Erythroid	T cell	2	4	5	3	4	CS	1.0	False
0.0001732864153350929	0.8955223880597015	0.1365424986629909	0.18428510709709395	Plasma cell	Erythroid	2	6	10	4	7	DAP	1.0	False
0.00033518759066302557	0.8955223880597015	0.16270676523125027	0.18439685314685317	Dendritic cell	NK	2	7	12	4	9	ENTPD4	1.0	False
0.00013774413645327357	0.8955223880597015	0.0657706159696601	0.09600848333242695	Monocyte	Plasma cell	2	7	12	4	7	KATNIP	1.0	False
0.000235116787244075	0.8955223880597015	0.2766083082566916	0.2806506340518935	Dendritic cell	T cell	2	6	6	3	6	LSM10	1.0	False
6.559706754897103e-05	0.8955223880597015	0.11087348582794915	0.12263021164287002	T cell	B cell	2	7	11	3	7	MAPK6	1.0	False
0.0003275355838959197	0.8955223880597015	0.158529469610042	0.141582366970968	NK	Dendritic cell	2	5	8	3	6	MCCC2	1.0	False
4.1536941683354805e-05	0.8955223880597015	0.07246761131188328	0.07263509884436126	Erythroid	Plasma cell	2	7	10	6	9	NIPBL	1.0	False
2.9188984088170167e-05	0.8955223880597015	0.03422133049264919	0.05308775519002329	Erythroid	T cell	2	7	13	5	11	PBX3	1.0	False
6.457713730909334e-05	0.8955223880597015	0.1571337760770341	0.21803116705835057	Monocyte	Plasma cell	2	7	12	5	11	POLR2B	1.0	False
0.0002023019452530791	0.8955223880597015	0.13678799428799426	0.15559133489461352	NK	Dendritic cell	2	6	9	3	7	SNUPN	1.0	False
0.0003822043216858199	0.8955223880597015	0.019452979076990395	0.10675311791383219	Monocyte	T cell	2	6	8	3	4	SP4	1.0	False
5.051122381649222e-05	0.8955223880597015	0.33590685513748386	0.812933491768669	Dendritic cell	NK	2	7	13	6	11	STOML2	1.0	False
0.0002505290265382465	0.8955223880597015	0.17791159457826133	0.323972744508747	Plasma cell	NK	2	6	7	3	7	TTF2	1.0	False
0.00020281809694671656	0.8955223880597015	0.17190881799309632	0.2746832832159102	B cell	T cell	2	7	10	3	8	WDR1	1.0	False
0.0001890573345952817	0.8955223880597015	0.19587360027498274	0.4322715096481271	Dendritic cell	Erythroid	2	7	13	8	12	YWHAZ	1.0	False
0.0002260733812280457	0.8955223880597015	0.0976693527186735	0.14889368160396194	T cell	Plasma cell	2	7	13	5	10	ZFAT	1.0	False
0.0003102811563735953	0.900497512437811	0.14770690326679004	0.11493483160748702	T cell	Monocyte	2	7	7	3	6	AKR1A1	1.0	False
0.0004747047357383831	0.900497512437811	0.29809001034807475	0.34810322780640907	Plasma cell	NK	2	7	8	3	6	APOLD1	1.0	False
1.4322333774261188e-05	0.900497512437811	0.17811334609880553	0.4822002852451925	NK	Plasma cell	2	7	5	3	4	ATP5IF1	1.0	False
4.873677841512244e-05	0.900497512437811	0.2213396070457867	0.3612099463755335	Erythroid	Plasma cell	2	7	11	5	9	BSG	1.0	False
3.706530277849822e-05	0.900497512437811	0.04758443187670219	0.12630705412344712	Dendritic cell	Plasma cell	2	7	17	9	13	CBFA2T2	1.0	False
8.109503233349152e-05	0.900497512437811	0.22509953135902955	0.21931953801937193	B cell	Monocyte	2	7	9	3	7	CBX5	1.0	False
9.873984741735075e-05	0.900497512437811	0.17209035173166193	0.21036305147058826	NK	Plasma cell	2	7	16	6	10	CEP250	1.0	False
0.00020100542406440683	0.900497512437811	0.10847992179576293	0.12938290833155597	Plasma cell	T cell	2	7	10	5	8	CWC27	1.0	False
0.00034826420576900956	0.900497512437811	0.056178638301817796	0.1682109906302402	T cell	B cell	2	7	18	8	14	ERCC5	1.0	False
3.3212775509697976e-05	0.900497512437811	0.31042416202291045	0.4637814646399108	Erythroid	Dendritic cell	2	7	8	3	6	KDELR2	1.0	False
9.521615427773741e-05	0.900497512437811	0.051196751030459176	0.016567015445939248	NK	Erythroid	2	3	5	3	4	LAMTOR3	1.0	False
8.185082821951865e-05	0.900497512437811	0.12001005648341817	0.18592271055645987	Plasma cell	NK	2	7	11	4	9	MARCHF5	1.0	False
0.0001959774757442962	0.900497512437811	0.1579574947977399	0.3001017214397496	Dendritic cell	Erythroid	2	7	12	3	9	NAE1	1.0	False
0.00023458442499106928	0.900497512437811	0.31872022900281594	0.3931876374161587	Plasma cell	T cell	2	6	10	3	7	NCLN	1.0	False
0.00019072753709382354	0.900497512437811	0.04519207258952884	0.0600295920524202	B cell	Dendritic cell	2	5	6	3	5	NR1D2	1.0	False
0.0001006459748720785	0.900497512437811	0.13331683784180004	0.1643320655583438	Dendritic cell	Plasma cell	2	7	11	4	6	PKN1	1.0	False
0.0003111613862207067	0.900497512437811	0.14545925607273136	0.07690058479532158	T cell	Dendritic cell	2	7	11	3	6	RAB11FIP3	1.0	False
0.000325187937763497	0.900497512437811	0.2870207414812348	0.26855098131347815	Erythroid	Plasma cell	2	6	8	3	6	RAD18	1.0	False
1.071058885180759e-05	0.900497512437811	0.061652895279062314	0.34639471317402637	Monocyte	Dendritic cell	2	7	17	7	12	RNF24	1.0	False
0.00032568666726612354	0.900497512437811	0.15304385552173305	0.15461194410840928	B cell	NK	2	7	13	4	7	SACS	1.0	False
0.00016017556213434404	0.900497512437811	0.18329009739019464	0.13714477726574503	Monocyte	NK	2	4	6	3	4	SOCS6	1.0	False
0.00014464350060331397	0.900497512437811	0.06854091644789317	0.06336374614249296	NK	T cell	2	3	4	3	3	TMEM120B	1.0	False
8.012945150976284e-05	0.900497512437811	0.1855452488458908	0.5312597802145891	Dendritic cell	Erythroid	2	7	16	9	12	TXNL4A	1.0	False
0.002615773738894152	0.900497512437811	0.1102623767646228	0.2772593907798472	NK	B cell	2	4	6	3	4	UBE2S	1.0	False
9.993008455741267e-05	0.900497512437811	0.06512046101056662	0.0655209336275771	NK	Dendritic cell	2	7	11	5	10	ZZEF1	1.0	False
0.000455189508054277	0.9054726368159204	0.19813777709185698	0.31863395225464186	Plasma cell	Erythroid	2	6	9	3	7	ANKS3	1.0	False
2.3998259076103418e-05	0.9054726368159204	0.03768133167984272	0.05315879481359409	Dendritic cell	NK	2	7	10	7	10	ARL15	1.0	False
3.622684382984725e-05	0.9054726368159204	0.06386956418557693	0.16339044849777867	T cell	Erythroid	2	7	11	7	10	BPTF	1.0	False
0.00011016367685266815	0.9054726368159204	0.18645947077656072	0.2046908315565032	NK	Plasma cell	2	5	8	3	5	CEP250-AS1	1.0	False
0.0002452696892809149	0.9054726368159204	0.09941823197409172	0.02048272725239164	Erythroid	B cell	2	4	6	3	6	DDX31	1.0	False
4.9976518369659795e-05	0.9054726368159204	0.30060638787303795	0.2730105777054516	T cell	Monocyte	2	6	7	4	7	DNTTIP2	1.0	False
4.69770141772068e-05	0.9054726368159204	0.340835821784707	0.755707909704655	Plasma cell	NK	2	7	12	3	9	DPM2	1.0	False
5.079360355018535e-05	0.9054726368159204	0.23404246137004758	0.34988332901218566	T cell	NK	2	7	12	3	7	FLYWCH2	1.0	False
0.0012485230014561983	0.9054726368159204	0.45241902275160006	0.5758837490111172	Erythroid	T cell	2	5	8	3	6	GPR108	1.0	False
0.00023087924075893712	0.9054726368159204	0.07414299550809861	0.10270270270270271	Monocyte	Erythroid	2	4	6	3	4	HM13-IT1	1.0	False
0.00010729443498491936	0.9054726368159204	0.07780392809900843	0.1107705406555981	T cell	Dendritic cell	2	5	6	3	6	HMOX2	1.0	False
2.100456919268107e-05	0.9054726368159204	0.1570508582936756	0.23822902538267776	Dendritic cell	NK	2	5	7	4	5	HSPA14	1.0	False
7.176573022087232e-05	0.9054726368159204	0.14433294118162543	0.17959393360539488	Plasma cell	NK	2	7	9	3	8	KNTC1	1.0	False
0.00011905780397500111	0.9054726368159204	0.0972795720048013	0.18762129556779433	Plasma cell	NK	2	7	9	4	7	MADD	1.0	False
5.338322479858327e-05	0.9054726368159204	0.01447099493544901	0.054483188044831876	Erythroid	B cell	2	2	4	4	4	MAT2B	1.0	False
9.442218670125236e-05	0.9054726368159204	0.08259268312823453	0.23000678886625936	Erythroid	Plasma cell	2	7	10	6	9	MATR3	1.0	False
0.00018278772758347576	0.9054726368159204	0.28599840335095006	0.2824721709625573	NK	Plasma cell	2	6	7	3	4	MRPL48	1.0	False
0.0001314073554072845	0.9054726368159204	0.17877195701174362	0.302726833976834	Plasma cell	T cell	2	7	13	5	9	NCBP1	1.0	False
9.532673392786544e-05	0.9054726368159204	0.036817454623659374	0.19479028050826264	Plasma cell	T cell	2	7	14	8	13	NSMCE2	1.0	False
0.00012974615347124632	0.9054726368159204	0.11340846041527358	0.06558136698981765	T cell	NK	2	5	9	3	5	NTAN1	1.0	False
2.7616244588070464e-05	0.9054726368159204	0.1795087054377535	0.2850518587756758	T cell	Dendritic cell	2	7	15	5	9	OSBPL2	1.0	False
4.647307120189509e-05	0.9054726368159204	0.0436698605826249	0.10455107227873334	T cell	Erythroid	2	7	13	7	10	PHKB	1.0	False
1.3017501329137426e-05	0.9054726368159204	0.1375892272500024	0.16432218103837715	Dendritic cell	NK	2	7	11	4	8	PLXDC2	1.0	False
8.10506492899653e-05	0.9054726368159204	0.07746807730011296	0.09648172165272029	T cell	Plasma cell	2	7	17	7	12	PPP4R1	1.0	False
0.00014590274916301754	0.9054726368159204	0.15118740918432144	0.23963933691756273	Plasma cell	T cell	2	7	8	3	7	PRKCSH	1.0	False
0.00024821992851749926	0.9054726368159204	0.0844233718914878	0.21441030769588582	Plasma cell	B cell	2	7	9	3	6	RAD52	1.0	False
3.1942988822665994e-05	0.9054726368159204	0.12991771845195843	0.5147698022221499	Dendritic cell	T cell	2	6	7	3	7	SF3A3	1.0	False
0.00020524419213976744	0.9054726368159204	0.08937283833833892	0.15518444403486142	Erythroid	Monocyte	2	7	7	3	6	SLC30A7	1.0	False
7.35797696896698e-05	0.9054726368159204	0.22688595690331914	0.21806043381505208	Dendritic cell	Plasma cell	2	7	7	3	5	SNRNP40	1.0	False
0.00015524280835838364	0.9054726368159204	0.19833072229890097	0.22463632416001733	NK	Erythroid	2	7	11	4	8	TMC8	1.0	False
0.00017366225514615276	0.9054726368159204	0.042456143393533985	0.0439702696031376	Plasma cell	B cell	2	5	9	4	7	TOM1L2	1.0	False
0.0001436371333383453	0.9054726368159204	0.09834320863579199	0.38140020898641586	NK	Erythroid	2	7	11	5	8	TPM4	1.0	False
0.00027989553258643026	0.9054726368159204	0.22069189262150707	0.2966050358196376	Dendritic cell	NK	2	7	11	3	5	TSR2	1.0	False
0.0005844393035850366	0.9054726368159204	0.19222458196910724	0.28474724314881533	T cell	Erythroid	2	5	6	3	4	ZNF737	1.0	False
0.00011858652953993356	0.9104477611940298	0.1894793493847956	0.10834354608989438	Plasma cell	B cell	2	6	8	3	5	AASDHPPT	1.0	False
0.00022055461777944991	0.9104477611940298	0.2464811336385414	0.2841031409535346	Plasma cell	T cell	2	5	7	3	5	ARAP1	1.0	False
0.0005165280846495928	0.9104477611940298	0.2051448710809714	0.18621309510839956	NK	Dendritic cell	2	5	8	3	6	BBS4	1.0	False
4.975946988838744e-05	0.9104477611940298	0.06760043946353078	0.09360696011969633	T cell	Dendritic cell	2	7	14	5	9	BRWD3	1.0	False
0.000149559883424389	0.9104477611940298	0.24612352394516018	0.21158660776292215	Monocyte	T cell	2	6	10	3	6	CAB39L	1.0	False
0.0001118143492822614	0.9104477611940298	0.2711374726395704	0.14460784313725494	Plasma cell	Erythroid	2	6	12	4	9	CEP20	1.0	False
0.0002395229055526877	0.9104477611940298	0.17747811643329647	0.2936119756929006	Dendritic cell	T cell	2	7	9	3	5	CMTM7	1.0	False
0.0001444260062632806	0.9104477611940298	0.04505176266242883	0.07192185337362411	Plasma cell	T cell	2	6	10	3	6	CNNM2	1.0	False
0.00223322865644111	0.9104477611940298	0.319039494943394	0.5175270074618554	Monocyte	T cell	2	6	8	3	6	CYB561A3	1.0	False
0.000124723321381014	0.9104477611940298	0.1294782093708548	0.1571824306579665	Plasma cell	B cell	2	7	17	7	11	DDX27	1.0	False
0.00013643821342480136	0.9104477611940298	0.10030339823811829	0.20718385323646205	Dendritic cell	T cell	2	7	7	3	6	DNAJC2	1.0	False
8.025539050813456e-05	0.9104477611940298	0.049538719488858185	0.0706680086878212	T cell	B cell	2	7	10	5	9	FER	1.0	False
7.954239582275277e-05	0.9104477611940298	0.08611729441018251	0.17922537476677602	NK	Dendritic cell	2	7	15	8	11	GNL3L	1.0	False
0.002194123610016387	0.9104477611940298	0.1906095668775275	0.32580372596317647	Dendritic cell	T cell	2	7	6	3	4	ISY1	1.0	False
0.00013048051736196692	0.9104477611940298	0.04821837759450864	0.11606899186725611	Erythroid	T cell	2	6	8	3	6	KDM7A	1.0	False
0.00028209282949526827	0.9104477611940298	0.15496959643299174	0.1150546770082495	B cell	Monocyte	2	7	7	3	5	MIDN	1.0	False
3.8145784151379444e-05	0.9104477611940298	0.08756460789744636	0.19254981213377703	T cell	NK	2	4	4	3	4	MRPL20	1.0	False
6.281519729069101e-05	0.9104477611940298	0.16862772116835867	0.23017316017316014	Monocyte	Plasma cell	2	7	15	7	12	MTMR1	1.0	False
0.00019187056500910075	0.9104477611940298	0.06853206914387489	0.18523755656108598	B cell	T cell	2	7	14	4	9	NFATC1	1.0	False
0.00015085443541537516	0.9104477611940298	0.15762243893049638	0.4193965517241379	Monocyte	T cell	2	7	11	4	8	NUCB1	1.0	False
0.00010526585622454031	0.9104477611940298	0.1453990741810945	0.28978216914021887	Erythroid	Dendritic cell	2	7	10	5	9	PAFAH1B2	1.0	False
0.0001380553525693184	0.9104477611940298	0.3024541788939401	0.4574643652103436	B cell	T cell	2	4	7	4	5	PELP1	1.0	False
0.00047824804727804066	0.9104477611940298	0.12518237534449428	0.1713358919376648	NK	B cell	2	7	9	4	8	PRKAR2A	1.0	False
6.148127629211532e-05	0.9104477611940298	0.15649440943159593	0.12151067323481118	Dendritic cell	Plasma cell	2	6	10	3	8	PSMD3	1.0	False
0.004953718797172579	0.9104477611940298	0.09706756327557442	0.23571959375774093	Erythroid	B cell	2	3	3	3	3	RBBP5	1.0	False
8.467656882022948e-05	0.9104477611940298	0.09123260033521802	0.14824451847821773	Plasma cell	NK	2	7	18	8	13	RNASEH2B	1.0	False
0.00014188480857537663	0.9104477611940298	0.23526682692150136	0.48563147391428296	T cell	Dendritic cell	2	6	8	4	5	RNF10	1.0	False
1.97748313155569e-05	0.9104477611940298	0.09659042273941298	0.10743891061594857	T cell	Plasma cell	2	7	18	9	15	SETBP1	1.0	False
0.00012255322408098176	0.9104477611940298	0.21154220803741963	0.31695618270203907	Plasma cell	NK	2	7	8	3	6	SNX13	1.0	False
0.00027992811373133233	0.9104477611940298	0.09467121620416485	0.09954191479615215	T cell	B cell	2	4	4	3	3	TADA2B	1.0	False
0.0005424832650787448	0.9104477611940298	0.1365779444820387	0.1491216863621846	Erythroid	Plasma cell	2	6	9	4	6	UBE2Q2P1	1.0	False
0.0002802092202161291	0.9104477611940298	0.3598062223399288	0.34600527605049936	Erythroid	T cell	2	5	7	3	5	ZNF557	1.0	False
0.0002179509881342924	0.9154228855721394	0.14686527771639302	0.1613062899753977	Erythroid	Monocyte	2	7	12	5	10	ABHD18	1.0	False
1.2010329900380517e-05	0.9154228855721394	0.16730237832584754	0.3568989848408977	Plasma cell	B cell	2	6	12	3	7	ALAD	1.0	False
5.2434102067037e-05	0.9154228855721394	0.33617808586163017	0.5833971623445308	Erythroid	Plasma cell	2	6	8	3	6	AP1S1	1.0	False
7.229341866034431e-05	0.9154228855721394	0.03208456073098942	0.06346647364611435	Erythroid	B cell	2	3	3	3	3	ARF5	1.0	False
7.054900774221042e-05	0.9154228855721394	0.08070402569464186	0.11872065380905478	NK	T cell	2	7	9	5	8	ARID2	1.0	False
0.0001498343794246575	0.9154228855721394	0.1685838437901726	0.16078695921436792	Plasma cell	Erythroid	2	6	12	3	8	BCOR	1.0	False
9.315651450059072e-05	0.9154228855721394	0.050287845240891194	0.12006317537270361	NK	Erythroid	2	7	14	6	10	CSGALNACT1	1.0	False
0.00013575797896899053	0.9154228855721394	0.10277310116235883	0.2046231140044571	Plasma cell	Dendritic cell	2	7	15	7	13	DOCK11	1.0	False
0.0002467835824806463	0.9154228855721394	0.23742645008977664	0.2581518151815182	Erythroid	NK	2	4	4	3	3	ENSG00000251131	1.0	False
6.057978244746042e-05	0.9154228855721394	0.45557985857731403	0.693939393939394	Erythroid	T cell	2	7	7	3	6	ENSG00000287979	1.0	False
0.0007771971409333858	0.9154228855721394	0.4047956741319551	0.5431286385818592	T cell	Monocyte	2	7	7	4	7	EPRS1	1.0	False
0.00017994505119318463	0.9154228855721394	0.21516059976293328	0.17032309533306744	T cell	Erythroid	2	6	9	3	6	FAM114A2	1.0	False
0.00017440750885471955	0.9154228855721394	0.08493082677202513	0.07644127418409219	T cell	NK	2	5	8	3	6	IL7	1.0	False
0.0005591515545991549	0.9154228855721394	0.06919309059244105	0.1134921087581785	B cell	T cell	2	6	9	4	5	INIP	1.0	False
3.3404401646664774e-05	0.9154228855721394	0.16088509380920718	0.1576488762497647	B cell	Dendritic cell	2	7	12	6	9	LITAF	1.0	False
5.3567496412322426e-05	0.9154228855721394	0.20388872171575056	0.3729769923891173	Monocyte	NK	2	7	10	3	8	MKNK2	1.0	False
5.717492255538575e-06	0.9154228855721394	0.048455217374372306	0.018673756363998095	T cell	NK	2	3	5	4	5	MRPS34	1.0	False
9.605336247658122e-05	0.9154228855721394	0.04740857804583304	0.06307977736549158	T cell	B cell	2	4	5	3	4	NUDT19	1.0	False
0.00016044821900494717	0.9154228855721394	0.09464678936438026	0.25329284766007515	Monocyte	Dendritic cell	2	7	18	6	11	PAXBP1	1.0	False
0.000143477101507503	0.9154228855721394	0.11766094604211597	0.1815903418414484	Monocyte	Erythroid	2	7	12	6	10	PI4K2B	1.0	False
1.4221886478698072e-05	0.9154228855721394	0.23538749938733752	0.3086049734660838	Dendritic cell	T cell	2	7	8	4	7	PRELID1	1.0	False
2.1138328532261254e-05	0.9154228855721394	0.150889489136681	0.38928464755077663	Erythroid	Dendritic cell	2	7	17	10	14	RTF2	1.0	False
4.740334077390525e-05	0.9154228855721394	0.08032203364922968	0.04672265196420072	Plasma cell	NK	2	7	18	10	14	RTTN	1.0	False
9.056826438462277e-05	0.9154228855721394	0.055376200242653106	0.07418613426640597	Plasma cell	Erythroid	2	7	8	3	5	SH2B3	1.0	False
0.00013119973036364551	0.9154228855721394	0.08416914820393728	0.2314838590400674	Plasma cell	NK	2	7	11	4	10	SH3D19	1.0	False
9.286992601645222e-05	0.9154228855721394	0.1715714710708161	0.16566641660415105	Dendritic cell	NK	2	6	9	3	6	SKIC8	1.0	False
0.0001437740097620975	0.9154228855721394	0.14378873102891904	0.10963270557959998	NK	Monocyte	2	7	8	4	6	SLC38A4-AS1	1.0	False
0.0005997313120751373	0.9154228855721394	0.16209081707759587	0.3412684883887287	Monocyte	B cell	2	7	9	3	7	SPTY2D1	1.0	False
0.00015705495409780302	0.9154228855721394	0.10374479887779381	0.2673159913730813	Plasma cell	Erythroid	2	7	7	4	7	SRRM1	1.0	False
7.277107272329826e-05	0.9154228855721394	0.3551631841679979	0.36365231427869604	NK	Dendritic cell	2	6	11	3	8	TIPIN	1.0	False
0.0003332101322198864	0.9154228855721394	0.02262112392417992	0.07528735632183903	NK	Erythroid	2	3	4	3	4	TMEM67	1.0	False
0.0008426743698017353	0.9154228855721394	0.2349346860889765	0.4781844158698758	B cell	Plasma cell	2	7	13	3	8	ZFP90	1.0	False
0.00023250721958409035	0.9154228855721394	0.21601693942733613	0.3313679883161141	Erythroid	Dendritic cell	2	4	5	3	4	ZNHIT6	1.0	False
0.0002030281182918138	0.9203980099502488	0.291858595797468	0.3475493116748722	T cell	NK	2	5	6	3	4	ALDH16A1	1.0	False
7.75655965986717e-05	0.9203980099502488	0.0038092962230892313	0.024932430380515624	Erythroid	NK	2	3	4	3	4	AP1AR	1.0	False
0.00017661202286482194	0.9203980099502488	0.10955498200188885	0.15757519849348534	NK	T cell	2	7	13	4	9	AP4E1	1.0	False
0.0002207484870452564	0.9203980099502488	0.03813844086021506	0.06630651488841721	T cell	B cell	2	4	5	3	4	BET1L	1.0	False
0.00013539971433563562	0.9203980099502488	0.07425249500643061	0.250794091864569	Erythroid	T cell	2	7	10	6	9	CD44	1.0	False
6.527990747647813e-05	0.9203980099502488	0.24841096731302864	0.24252527179095934	Plasma cell	NK	2	7	13	3	8	FPGS	1.0	False
9.571452639459947e-05	0.9203980099502488	0.060888015742428636	0.11330763878876021	Dendritic cell	NK	2	7	17	11	17	ITCH	1.0	False
0.00011289908124668629	0.9203980099502488	0.06371063362735435	0.1301128777764291	NK	B cell	2	4	6	3	5	ITPRIP	1.0	False
0.00011467512779573288	0.9203980099502488	0.09530453080210666	0.14250800544738484	Erythroid	Dendritic cell	2	7	12	4	9	LIN54	1.0	False
0.0001727398037238485	0.9203980099502488	0.31934446307944686	0.3081215645870706	Plasma cell	NK	2	7	7	3	6	MYSM1	1.0	False
6.022903582002021e-05	0.9203980099502488	0.14985453365912116	0.2049427819915331	T cell	Dendritic cell	2	7	12	6	10	NAA15	1.0	False
0.0003549877302881253	0.9203980099502488	0.17322377067112232	0.2429360477089289	Monocyte	Plasma cell	2	7	10	4	8	NUCB2	1.0	False
0.0001004092575709782	0.9203980099502488	0.16988557788969094	0.21588684208931158	B cell	Monocyte	2	7	10	4	9	NUMA1	1.0	False
0.0001931342535825473	0.9203980099502488	0.2130546020065887	0.21703358718768195	Monocyte	Plasma cell	2	7	14	4	10	OFD1	1.0	False
0.00016081622289038753	0.9203980099502488	0.15749550394727807	0.07353935799386091	Monocyte	Plasma cell	2	5	8	3	5	RASAL3	1.0	False
0.0001485700536106531	0.9203980099502488	0.12196691352604733	0.10946903981665923	Dendritic cell	Plasma cell	2	6	8	3	4	SCAP	1.0	False
0.00010640683596056422	0.9203980099502488	0.10643000580441792	0.18248649526826694	NK	T cell	2	7	12	6	9	SEL1L3	1.0	False
7.630732534109154e-05	0.9203980099502488	0.1750878098130142	0.357149989486087	Plasma cell	Erythroid	2	7	16	7	10	SETDB2	1.0	False
0.00020658372198410177	0.9203980099502488	0.24245216634532665	0.5726979916635089	Plasma cell	B cell	2	7	13	4	12	SH3BGRL	1.0	False
7.606850060127768e-05	0.9203980099502488	0.10766735231723651	0.13084630028510907	Dendritic cell	Monocyte	2	7	13	4	9	ST3GAL2	1.0	False
1.9285578759162553e-05	0.9203980099502488	0.0812150485215295	0.12655070118662348	B cell	Erythroid	2	3	4	3	4	ZNF101	1.0	False
0.00011357457704713152	0.9203980099502488	0.2817453036763595	0.2175422306824854	Monocyte	T cell	2	7	18	5	14	ZNF24	1.0	False
6.93534433836578e-05	0.9253731343283582	0.38416186987615575	0.4574938140685755	NK	Dendritic cell	2	6	9	3	6	AEN	1.0	False
1.2600803635739662e-05	0.9253731343283582	0.10133631390832315	0.09336870026525196	T cell	Monocyte	2	4	6	3	4	APBA2	1.0	False
0.00022399543337635368	0.9253731343283582	0.3311184984204335	0.6482355161351199	Dendritic cell	T cell	2	5	7	4	6	ARL2	1.0	False
0.0001248680666072301	0.9253731343283582	0.09990329199473974	0.14440720049658595	B cell	T cell	2	4	6	3	4	BMS1P1	1.0	False
0.00019310463518274027	0.9253731343283582	0.04194908827371102	0.10393471769112594	Erythroid	T cell	2	7	9	5	8	CLIP1	1.0	False
0.00012039451754733334	0.9253731343283582	0.16247230543164304	0.14569233042707253	Plasma cell	Dendritic cell	2	6	10	3	7	DCLRE1C	1.0	False
0.0001420699227582171	0.9253731343283582	0.3311727244958083	0.22925093632958798	T cell	Dendritic cell	2	4	6	3	4	EHBP1L1	1.0	False
0.0001166731847875088	0.9253731343283582	0.31810144014286235	0.3576697958720431	Plasma cell	Erythroid	2	6	7	3	5	EIF1B	1.0	False
3.3993734192056094e-05	0.9253731343283582	0.17124852895091897	0.34514824447525533	NK	T cell	2	7	11	6	10	EIF3A	1.0	False
0.00018631007588683452	0.9253731343283582	0.3456181047994222	0.6269126364190349	Dendritic cell	T cell	2	7	11	4	9	ELOF1	1.0	False
0.00012403376592119394	0.9253731343283582	0.2445567840460227	0.12832065917496277	Plasma cell	Erythroid	2	6	8	3	5	EMC3	1.0	False
6.410272982971496e-05	0.9253731343283582	0.1938121012304389	0.20330895856289022	Plasma cell	T cell	2	6	11	3	8	ETFDH	1.0	False
3.9313171674127294e-05	0.9253731343283582	0.06714414528951945	0.1708502796574149	Dendritic cell	B cell	2	7	10	6	9	FAM172A	1.0	False
4.4365923493024686e-05	0.9253731343283582	0.0653052026564166	0.13323523145602012	Erythroid	Dendritic cell	2	7	13	3	10	GOLM2	1.0	False
9.404036536481842e-05	0.9253731343283582	0.4573082122552601	0.5082815734989647	Dendritic cell	T cell	2	7	12	3	7	GOT2	1.0	False
0.0001768423230634164	0.9253731343283582	0.04784489788343793	0.1668660837551772	Erythroid	B cell	2	4	6	3	5	IL15RA	1.0	False
5.978718508187847e-05	0.9253731343283582	0.31669879738447615	0.6629833081355444	Dendritic cell	Monocyte	2	6	10	3	5	ITGAM	1.0	False
0.00014929719216781568	0.9253731343283582	0.12688595695847732	0.0731220095177692	T cell	B cell	2	5	6	3	4	LINC00540	1.0	False
2.9635496739570762e-05	0.9253731343283582	0.11987349062811598	0.05785209869918778	Erythroid	T cell	2	7	18	9	15	MPHOSPH8	1.0	False
2.4178006039869334e-05	0.9253731343283582	0.08776646271044025	0.3642203628401626	Dendritic cell	Monocyte	2	7	8	4	6	MRPL51	1.0	False
0.00010791981887767923	0.9253731343283582	0.24021969526072773	0.11686429512516472	Dendritic cell	T cell	2	6	11	3	8	MRPS16	1.0	False
0.0002014087010962255	0.9253731343283582	0.190156855209329	0.17145861768062115	Plasma cell	Monocyte	2	7	8	3	6	MYCBP2-AS1	1.0	False
6.604257372784472e-05	0.9253731343283582	0.12650998535678104	0.18272541259240854	T cell	Plasma cell	2	7	11	5	10	PDZD8	1.0	False
0.0002119133556120874	0.9253731343283582	0.1351039794368732	0.10772090512550392	Plasma cell	B cell	2	7	7	4	7	POU2F1	1.0	False
1.8904131284693905e-05	0.9253731343283582	0.1296567975953392	0.4091888355951091	NK	Dendritic cell	2	7	9	6	8	RAP1B	1.0	False
6.937858749057448e-05	0.9253731343283582	0.18193519488526194	0.2370543845953682	T cell	Dendritic cell	2	7	5	3	5	RNF7	1.0	False
0.00013025588924440721	0.9253731343283582	0.11739383737692793	0.22817362194240493	Dendritic cell	Monocyte	2	7	7	3	6	SMAP2	1.0	False
0.0002517623886352089	0.9253731343283582	0.06973489061920646	0.13210365655647205	NK	B cell	2	3	4	3	3	SNAPC2	1.0	False
0.00036944053572531715	0.9253731343283582	0.32604947958599423	0.27214563848301593	Monocyte	Plasma cell	2	7	6	3	5	TMEM50A	1.0	False
0.000130043248566813	0.9253731343283582	0.09317807064644573	0.06526639158017189	Plasma cell	B cell	2	6	9	4	5	TOPORS	1.0	False
8.360699078074605e-05	0.9253731343283582	0.27030805997241275	0.28486912714927176	T cell	B cell	2	7	10	3	7	TXK	1.0	False
0.00011875561525082713	0.9253731343283582	0.14677148888189273	0.177148033126294	NK	Erythroid	2	4	7	3	5	UNC45A	1.0	False
3.5101630924247324e-05	0.9253731343283582	0.2370381888438458	0.19118596482915073	NK	Plasma cell	2	6	8	3	6	WDR36	1.0	False
0.0003250129907823406	0.9253731343283582	0.3532457874165288	0.32909123238657184	Erythroid	Plasma cell	2	7	9	3	6	WIPI1	1.0	False
0.00020812156121603097	0.9303482587064676	0.14480090977000531	0.20929174460340727	B cell	Monocyte	2	7	9	3	8	ARIH2	1.0	False
0.00017910735433770205	0.9303482587064676	0.12345906903127413	0.15805885105210193	Plasma cell	NK	2	7	7	3	6	ATP2B4	1.0	False
9.38357048477837e-05	0.9303482587064676	0.22307051948852458	0.3222293030984263	Monocyte	Erythroid	2	7	14	5	8	ATP8B1-AS1	1.0	False
4.520649260451835e-05	0.9303482587064676	0.05711451421529973	0.04743385737713496	Erythroid	Monocyte	2	7	12	6	11	BLTP1	1.0	False
4.831994551529482e-05	0.9303482587064676	0.2225445512736975	0.5585211079947066	T cell	B cell	2	7	9	3	7	CD79B	1.0	False
7.117191709351943e-05	0.9303482587064676	0.16429769848915088	0.10262381061561388	Erythroid	T cell	2	7	14	3	8	CDK5RAP1	1.0	False
0.0005985699395678436	0.9303482587064676	0.9128200334722074	0.9225852272727273	Plasma cell	NK	2	6	9	3	5	COQ9	1.0	False
8.172270882716339e-05	0.9303482587064676	0.10956795172128908	0.036340852130325785	T cell	NK	2	4	5	3	4	GLOD4	1.0	False
0.00014952461779568942	0.9303482587064676	0.16392689210332162	0.1828906497622821	Monocyte	Dendritic cell	2	7	13	5	8	GOLGA1	1.0	False
0.0002563007388323308	0.9303482587064676	0.048378267846721945	0.10645034928510805	Erythroid	T cell	2	4	6	4	5	HAUS8	1.0	False
9.528687881116657e-05	0.9303482587064676	0.18779083074189473	0.4227552361670556	Erythroid	Dendritic cell	2	7	10	4	8	HNRNPH1	1.0	False
0.00013648913443993236	0.9303482587064676	0.11684218559218568	0.27231933019976495	Monocyte	Dendritic cell	2	7	9	3	6	INSL6	1.0	False
4.9222294660165704e-05	0.9303482587064676	0.19424863706929774	0.28224674511214365	Plasma cell	T cell	2	7	15	4	10	INTS6L	1.0	False
3.274402719966675e-05	0.9303482587064676	0.08716887954879493	0.15167549867005214	Dendritic cell	T cell	2	7	18	9	15	KPNA3	1.0	False
0.0002629357888883331	0.9303482587064676	0.13546523788255005	0.1344997834530655	Plasma cell	Monocyte	2	7	18	10	16	MICU2	1.0	False
9.192671506228441e-05	0.9303482587064676	0.2416610114338532	0.3465873208647073	Plasma cell	B cell	2	6	11	4	8	MLX	1.0	False
4.987121148066182e-05	0.9303482587064676	0.5927612339234616	0.7213043478260869	Erythroid	Dendritic cell	2	6	9	3	5	MRPL45	1.0	False
0.00034618399483682253	0.9303482587064676	0.1540422293000443	0.46937088412498246	Erythroid	Dendritic cell	2	6	8	3	5	NCOA4	1.0	False
4.3856904878876915e-05	0.9303482587064676	0.1130972295145723	0.1888509021842355	Erythroid	Plasma cell	2	7	11	5	10	RNF213	1.0	False
4.476056993058321e-05	0.9303482587064676	0.07700472205081771	0.13479601412038072	B cell	NK	2	7	13	4	9	RORA-AS1	1.0	False
9.67524021630462e-06	0.9303482587064676	0.2587668391530439	0.6239212930878103	T cell	Plasma cell	2	7	11	7	11	RPL27	1.0	False
0.00019403759260264497	0.9303482587064676	0.12368813563645287	0.07754010695187163	B cell	Monocyte	2	5	6	3	4	SAMD9	1.0	False
0.00010154513777096265	0.9303482587064676	0.1873221086856618	0.3859461102876905	Dendritic cell	T cell	2	7	8	3	7	SRP19	1.0	False
0.00026630024612101584	0.9303482587064676	0.3239203453103332	0.3642089884680326	Plasma cell	Monocyte	2	7	14	6	9	SYS1	1.0	False
9.195747198852061e-05	0.9303482587064676	0.10413284628447617	0.18445587216907328	Dendritic cell	T cell	2	7	12	3	10	TMA16	1.0	False
0.00010022324198597879	0.9303482587064676	0.09438500443493492	0.15060706787499262	B cell	Erythroid	2	7	8	4	7	TRA2A	1.0	False
4.8771030127308984e-05	0.9303482587064676	0.11431422478410186	0.3527909154308087	Erythroid	Plasma cell	2	7	9	6	8	XRN1	1.0	False
0.0002591194931408262	0.9303482587064676	0.11297457169101394	0.13585517374950967	Monocyte	Plasma cell	2	7	13	6	9	ZNF280D	1.0	False
4.153695920302396e-05	0.9353233830845771	0.029848516109620193	0.10097698238391578	B cell	T cell	2	7	9	6	9	BBX	1.0	False
7.029566491452183e-05	0.9353233830845771	0.06428550189074472	0.20107228638485236	Plasma cell	NK	2	7	11	6	10	DNAJC1	1.0	False
5.6041497512234414e-05	0.9353233830845771	0.04752417256194935	0.13898928770816182	Dendritic cell	Monocyte	2	7	13	7	10	ENSG00000291075	1.0	False
0.00023440957315371553	0.9353233830845771	0.16030079825834548	0.1778517696386731	Erythroid	Dendritic cell	2	5	7	4	5	ENSG00000291177	1.0	False
4.140196175812927e-05	0.9353233830845771	0.10189115292508916	0.33639004958154156	B cell	Erythroid	2	7	11	6	10	GRB2	1.0	False
0.00010614304550609366	0.9353233830845771	0.4200865331216153	0.5256217775759356	Plasma cell	Erythroid	2	6	10	3	7	HADH	1.0	False
2.6769519631059384e-05	0.9353233830845771	0.23353148896725048	0.39722024971623154	B cell	Dendritic cell	2	7	9	4	8	IFITM2	1.0	False
0.00019870778789562142	0.9353233830845771	0.08974963455136775	0.1783316262660749	Dendritic cell	T cell	2	6	8	3	5	ITFG2	1.0	False
0.0005321852433549021	0.9353233830845771	0.056107066375042314	0.13545454545454544	Erythroid	T cell	2	4	5	3	4	LIMA1	1.0	False
0.00011279172486765627	0.9353233830845771	0.10233959316504332	0.09201808792847899	Plasma cell	Monocyte	2	7	10	4	6	MAP3K7CL	1.0	False
3.800854108224315e-05	0.9353233830845771	0.1864359258467877	0.221009523063056	Plasma cell	NK	2	6	7	3	4	MIR181A1HG	1.0	False
0.00024053229906652595	0.9353233830845771	0.07355028733511887	0.17698672142870742	B cell	T cell	2	3	3	3	3	MPC2	1.0	False
0.0002673269342005076	0.9353233830845771	0.1166492759449036	0.25130917986248824	NK	Plasma cell	2	7	11	4	8	MYO1F	1.0	False
0.00013114509245201584	0.9353233830845771	0.07549829235996586	0.18224881931015358	Erythroid	NK	2	7	16	6	11	OSER1	1.0	False
0.00033595033804807055	0.9353233830845771	0.2462214210636396	0.4355718140595878	NK	Monocyte	2	6	10	3	7	PGK1	1.0	False
0.0005469283329037749	0.9353233830845771	0.08515535226979254	0.22814207650273227	B cell	T cell	2	6	10	3	6	PLRG1	1.0	False
0.0004631337425873666	0.9353233830845771	0.1583829365079364	0.12957393483709273	B cell	Erythroid	2	5	8	3	5	PPP1R37	1.0	False
3.1672312441417266e-05	0.9353233830845771	0.31011981865280674	0.300555275113579	Plasma cell	Dendritic cell	2	6	11	3	7	PRMT9	1.0	False
9.708073424471594e-05	0.9353233830845771	0.04771789069903165	0.04463705652125688	Erythroid	NK	2	3	3	3	3	RBM8A	1.0	False
0.00017212178035613674	0.9353233830845771	0.15632048131093676	0.11892267951181767	Dendritic cell	Plasma cell	2	6	9	3	7	RNF141	1.0	False
4.5775576270829885e-05	0.9353233830845771	0.051136711881946906	0.08433678152365359	B cell	Plasma cell	2	7	12	4	10	SLC10A7	1.0	False
3.9041064352779806e-05	0.9353233830845771	0.09584121707539767	0.1337519572128295	Erythroid	Monocyte	2	7	11	5	10	SPAG9	1.0	False
6.931467113531051e-05	0.9353233830845771	0.10117706000225973	0.2575464253574158	B cell	Monocyte	2	7	10	5	9	SRA1	1.0	False
3.0783675142818306e-05	0.9353233830845771	0.034819209741810464	0.07747252747252747	B cell	NK	2	3	4	3	4	THAP9	1.0	False
3.7866894208478375e-05	0.9353233830845771	0.10082473617924492	0.19150075712205977	NK	Plasma cell	2	4	6	3	4	TIGAR	1.0	False
0.0003860861340354279	0.9353233830845771	0.28463680307558714	0.2954814125652103	Monocyte	Erythroid	2	7	10	5	8	TMEM41B	1.0	False
2.6375838189885366e-05	0.9353233830845771	0.12381839854723814	0.3353695622215077	NK	Dendritic cell	2	7	11	5	10	VAMP2	1.0	False
0.00011808481355080474	0.9353233830845771	0.1001060948495393	0.3010704727921499	Plasma cell	NK	2	6	10	3	6	YIPF5	1.0	False
5.4449659498191084e-05	0.9353233830845771	0.17563770610100388	0.6034153382402851	Plasma cell	Erythroid	2	7	12	8	12	YTHDC1	1.0	False
0.00034148771331162447	0.9402985074626866	0.1230332844781919	0.32996121911514215	B cell	T cell	2	7	10	3	8	ABCA7	1.0	False
3.920210542889856e-05	0.9402985074626866	0.22860921512025134	0.2538358028302202	Plasma cell	Erythroid	2	7	9	4	7	ANXA2	1.0	False
4.547825760510978e-05	0.9402985074626866	0.02072900187869281	0.06776966251556132	Erythroid	Dendritic cell	2	7	18	11	17	ATP9B	1.0	False
1.8769386886e-05	0.9402985074626866	0.15577155340207288	0.4015881755368235	T cell	Dendritic cell	2	4	6	3	5	CENPH	1.0	False
0.00010124106395207331	0.9402985074626866	0.057014547724745235	0.08427260408967718	NK	Plasma cell	2	7	9	3	8	DCAF1	1.0	False
0.0004082536545806802	0.9402985074626866	0.1370369884167244	0.25950834670706285	NK	Plasma cell	2	7	13	5	8	DHX38	1.0	False
2.0130736430599043e-05	0.9402985074626866	0.0918609092034729	0.12807818059695691	T cell	Erythroid	2	6	6	3	5	DPYD-AS1	1.0	False
0.00012845060478211008	0.9402985074626866	0.10762525390938271	0.08250090756853612	Erythroid	Plasma cell	2	6	8	3	6	ENSG00000290968	1.0	False
0.0001994577467255888	0.9402985074626866	0.26653009876822487	0.11598017744833783	Dendritic cell	Monocyte	2	7	16	4	10	FAM210A	1.0	False
0.00011304589483636869	0.9402985074626866	0.1733219483219483	0.2879185407296352	Monocyte	B cell	2	7	9	3	7	FKBP11	1.0	False
0.0002093211207931507	0.9402985074626866	0.2071999133251801	0.2662680540456593	Plasma cell	T cell	2	5	8	3	5	GATC	1.0	False
0.00018788402264546082	0.9402985074626866	0.31387284585287556	0.47747850740808484	B cell	Dendritic cell	2	7	13	5	7	IL16	1.0	False
1.856650756995877e-05	0.9402985074626866	0.22436913427173688	0.47796524877665053	Dendritic cell	Erythroid	2	7	9	6	9	ISCU	1.0	False
6.996476143285322e-05	0.9402985074626866	0.02245520328370465	0.09126607392166947	T cell	Erythroid	2	7	13	6	11	MAP2K5	1.0	False
0.00020220426607650408	0.9402985074626866	0.156835504989929	0.355433629306975	Monocyte	T cell	2	7	13	4	9	MGRN1	1.0	False
0.00039779343598495047	0.9402985074626866	0.11758534840825857	0.17009981044899897	Plasma cell	B cell	2	7	13	4	9	MINDY2	1.0	False
0.00010098523907451745	0.9402985074626866	0.1001800023926796	0.16141039468669155	T cell	Erythroid	2	7	7	3	6	OSBPL9	1.0	False
2.0119297290838043e-05	0.9402985074626866	0.1357785696821951	0.2217557251908397	NK	B cell	2	3	6	4	5	POLR1E	1.0	False
0.0002394027472391759	0.9402985074626866	0.13045764362745493	0.10050125313283209	NK	Dendritic cell	2	5	7	3	4	RAI1	1.0	False
0.00046690904919238714	0.9402985074626866	0.4239207592765118	0.6960370568125871	Dendritic cell	T cell	2	7	12	3	7	RCN2	1.0	False
0.00026104693839686436	0.9402985074626866	0.11655920889389548	0.4019861339791345	Erythroid	Dendritic cell	2	7	9	6	8	RHOA	1.0	False
9.420468807928232e-05	0.9402985074626866	0.09410134479095789	0.18959813027378136	Plasma cell	NK	2	5	8	3	5	ST7	1.0	False
0.00018664468331886918	0.9402985074626866	0.1793681591197182	0.2402757637642028	T cell	B cell	2	7	18	8	13	SUPT20H	1.0	False
6.963884166028453e-05	0.9402985074626866	0.17294994699376426	0.3005579093082763	Erythroid	Plasma cell	2	4	6	3	3	TMEM202-AS1	1.0	False
0.00010160257567631113	0.9402985074626866	0.1044395680673616	0.22560554794463078	Monocyte	B cell	2	7	9	4	7	TNIP1	1.0	False
0.00022524201027781523	0.9402985074626866	0.4261118205567985	0.27568493150684936	Erythroid	B cell	2	5	8	4	5	TRIM69	1.0	False
4.1992976545462415e-05	0.9402985074626866	0.11571250051416465	0.17330332750250593	Erythroid	Dendritic cell	2	7	13	8	11	WWP2	1.0	False
5.164323966658238e-05	0.9402985074626866	0.33454021540441436	0.47588832843915524	Plasma cell	Erythroid	2	7	9	3	6	ZBTB11	1.0	False
0.00041039922289355044	0.9402985074626866	0.14708084973510588	0.11468023255813953	Erythroid	T cell	2	6	9	3	5	ZFHX3-AS1	1.0	False
5.617886308212053e-05	0.945273631840796	0.140476863168838	0.27284328341410796	NK	Monocyte	2	7	9	3	7	ADIPOR2	1.0	False
0.00014187828798186238	0.945273631840796	0.0516489853034412	0.07953388988272708	Monocyte	Erythroid	2	7	11	4	9	ARMH3	1.0	False
8.803934686325549e-05	0.945273631840796	0.1512491723943893	0.4418025657751685	B cell	NK	2	7	9	4	7	C3orf38	1.0	False
0.00014821115446976771	0.945273631840796	0.1915346574528506	0.4051137258686437	Erythroid	Plasma cell	2	7	12	4	8	CPPED1	1.0	False
0.00010463912076793057	0.945273631840796	0.041077689663073014	0.10708368420005704	T cell	Monocyte	2	7	13	7	12	CTDSPL2	1.0	False
0.00011095783716550943	0.945273631840796	0.15994321484721302	0.25514415224177756	Plasma cell	Monocyte	2	7	11	4	9	DDX42	1.0	False
0.00016830857440709043	0.945273631840796	0.06979067444064446	0.05036602736095924	T cell	B cell	2	6	10	3	5	ENSG00000260664	1.0	False
5.349676661748063e-05	0.945273631840796	0.2242282804212793	0.3682766986119398	Erythroid	Monocyte	2	6	11	3	9	G6PD	1.0	False
4.986254542223264e-05	0.945273631840796	0.15531258530617242	0.10830965909090906	T cell	NK	2	6	8	3	5	GCN1	1.0	False
6.543854835390213e-05	0.945273631840796	0.23854023970932914	0.3024401913875598	T cell	Dendritic cell	2	6	14	5	9	GID8	1.0	False
8.206959250926706e-05	0.945273631840796	0.05316092186310667	0.05290182688796624	Monocyte	Plasma cell	2	7	8	4	7	HIP1	1.0	False
0.00018297600363042772	0.945273631840796	0.14228527282866893	0.27456113335386506	NK	T cell	2	6	6	3	6	HNRNPR	1.0	False
0.00020759711713937097	0.945273631840796	0.19297261228097495	0.3066538248399373	Monocyte	Plasma cell	2	7	7	3	7	HNRNPU	1.0	False
1.5503695374408456e-05	0.945273631840796	0.05442486324696272	0.21562061646609426	B cell	Dendritic cell	2	7	19	12	17	IFNAR2	1.0	False
0.00017386382244378182	0.945273631840796	0.22318249576192306	0.19961328480436763	Monocyte	B cell	2	6	9	4	6	KLF9	1.0	False
8.166049677146813e-05	0.945273631840796	0.05515878406698255	0.0713409397619924	T cell	Erythroid	2	3	5	3	4	MME	1.0	False
5.1438337605585473e-05	0.945273631840796	0.17361267254987284	0.2975384819532909	T cell	Erythroid	2	6	7	3	5	MRPS17	1.0	False
3.220773638444857e-05	0.945273631840796	0.1381710991318018	0.3011458772235147	Dendritic cell	Plasma cell	2	7	14	5	10	MTSS1	1.0	False
9.625613706711805e-05	0.945273631840796	0.0786140644816189	0.09006666178301953	T cell	Dendritic cell	2	6	10	4	5	MYO19	1.0	False
3.0177550766321733e-05	0.945273631840796	0.2666659742034037	0.3549036018971264	Plasma cell	Monocyte	2	7	9	5	7	NCBP2AS2	1.0	False
0.00016003073355165903	0.945273631840796	0.2852966488711307	0.3632946807793434	Dendritic cell	NK	2	5	9	3	7	NOP14	1.0	False
8.447675945503937e-05	0.945273631840796	0.09817282193415966	0.06363278306376557	Dendritic cell	Plasma cell	2	7	10	5	10	PACS1	1.0	False
9.31926268608395e-05	0.945273631840796	0.19042829977196885	0.20425415871284425	Dendritic cell	B cell	2	5	8	3	6	PFKP	1.0	False
0.00013562876292211957	0.945273631840796	0.06786832788671021	0.04921851219544471	T cell	B cell	2	4	5	3	5	PRANCR	1.0	False
0.00013089591445819	0.945273631840796	0.07019345117481424	0.2545241052990945	T cell	Plasma cell	2	7	13	8	12	RAB8B	1.0	False
2.052434884126414e-05	0.945273631840796	0.07359231477113504	0.08770424162403034	Erythroid	T cell	2	4	7	3	4	RAD51	1.0	False
1.512503101275038e-05	0.945273631840796	0.08775580854017273	0.14658670273348517	NK	T cell	2	3	5	3	4	RCBTB2	1.0	False
0.0001060772259024417	0.945273631840796	0.07578826675969996	0.10717876972850088	Plasma cell	B cell	2	7	11	4	7	RFWD3	1.0	False
0.0001214376338238048	0.945273631840796	0.09155489645124232	0.10794365094893371	Monocyte	T cell	2	7	8	5	8	SEC62	1.0	False
0.0002185474324461707	0.945273631840796	0.33732301346558163	0.5663139250217173	Dendritic cell	NK	2	6	8	3	7	SUMF2	1.0	False
8.34587035231739e-05	0.945273631840796	0.05062811211055912	0.03795379537953797	NK	T cell	2	4	5	3	4	TDRD7	1.0	False
4.13095902889837e-05	0.945273631840796	0.23533385077160873	0.3949036574935855	Dendritic cell	Monocyte	2	7	10	4	8	TSG101	1.0	False
0.00015914724630188655	0.945273631840796	0.11083523761866498	0.2183495187104859	NK	Dendritic cell	2	7	10	6	9	UBE2D2	1.0	False
2.3765161203636642e-05	0.945273631840796	0.1355702155474664	0.1968096225974676	Erythroid	Plasma cell	2	7	11	5	10	UBE2G1	1.0	False
2.557316045627203e-05	0.945273631840796	0.05553606604971284	0.093191703395538	NK	Plasma cell	2	7	11	5	10	VTI1A	1.0	False
0.00021257442726424348	0.945273631840796	0.3296181285813397	0.3174603174603175	T cell	B cell	2	4	4	3	3	WDR55	1.0	False
0.00039861410218168633	0.9502487562189055	0.44960443380529114	0.419904106733375	T cell	Dendritic cell	2	7	14	4	10	ADA	1.0	False
7.324245278031847e-05	0.9502487562189055	0.14323537607082049	0.26529773599928086	NK	Plasma cell	2	6	11	3	7	ATP6V1C1	1.0	False
0.00034722462393013264	0.9502487562189055	0.26398884209990797	0.20663924430021285	Monocyte	Erythroid	2	7	11	3	8	BBIP1	1.0	False
5.960846970640717e-06	0.9502487562189055	0.3527343132606292	0.8273229291716687	Erythroid	T cell	2	4	5	3	3	CD27	1.0	False
4.11076576694983e-05	0.9502487562189055	0.23240711461199676	0.4622402442815376	NK	Plasma cell	2	7	10	3	6	CENPU	1.0	False
0.0001437026035596559	0.9502487562189055	0.16519310597831044	0.22832777635291096	B cell	Erythroid	2	6	8	3	5	DNAJC13	1.0	False
6.907131720403134e-05	0.9502487562189055	0.08613607291631858	0.1876170212765958	B cell	Plasma cell	2	7	11	4	10	ENSG00000290921	1.0	False
5.58252276175932e-05	0.9502487562189055	0.24589519186166808	0.30688737868113136	NK	Monocyte	2	7	13	5	10	GOLGA8B	1.0	False
1.9708156360414618e-05	0.9502487562189055	0.1576521773333081	0.26884562413013996	Plasma cell	T cell	2	7	14	6	11	HOOK3	1.0	False
0.00011604699141769567	0.9502487562189055	0.15712295875439475	0.11634546752319763	B cell	Erythroid	2	5	8	3	6	L3MBTL1	1.0	False
7.276504403085036e-05	0.9502487562189055	0.10249150210095048	0.1478964401294498	T cell	Monocyte	2	7	11	3	8	MYBL1	1.0	False
8.5731249620286e-05	0.9502487562189055	0.19373233378518984	0.4313788050829621	T cell	Dendritic cell	2	7	14	9	12	PCMTD1	1.0	False
0.0006497245257155536	0.9502487562189055	0.3265229515229516	0.29826047667457356	T cell	Erythroid	2	4	6	3	5	RNF14	1.0	False
3.651297129109697e-06	0.9502487562189055	0.18362473296379989	0.4658145093198239	Plasma cell	Monocyte	2	7	14	9	14	SARAF	1.0	False
0.0002948615942432827	0.9502487562189055	0.16233658350707125	0.06975633062589587	Erythroid	B cell	2	6	8	3	4	SENP1	1.0	False
9.834627229399123e-05	0.9502487562189055	0.2693873901647476	0.2739250209605941	B cell	T cell	2	4	4	3	3	SEPHS2	1.0	False
0.0001267268777879451	0.9502487562189055	0.2495113743116641	0.3276971607238094	Monocyte	Dendritic cell	2	7	9	4	6	SLC2A3	1.0	False
1.7722883768070516e-05	0.9502487562189055	0.10454465415877695	0.02149010889876929	T cell	Plasma cell	2	5	4	3	4	TMBIM6	1.0	False
3.3556852248163e-05	0.9502487562189055	0.02383077977491943	0.13478216638266488	NK	B cell	2	3	3	3	3	TMEM222	1.0	False
0.00022007519986342304	0.9502487562189055	0.13945147969970673	0.16108743800857045	Monocyte	Plasma cell	2	7	7	3	5	WDR26	1.0	False
0.00032688808041864966	0.9502487562189055	0.29016364070324985	0.3639272913466462	Plasma cell	Erythroid	2	7	13	4	8	WDR73	1.0	False
6.338630491039091e-05	0.9502487562189055	0.30035067158419304	0.5339786479666602	NK	T cell	2	7	17	7	10	ZGPAT	1.0	False
7.712106741015668e-05	0.9502487562189055	0.13892364946481872	0.3146227432002394	Plasma cell	Erythroid	2	7	18	8	11	ZMYM5	1.0	False
0.00015106462817421606	0.9502487562189055	0.23477477977052114	0.2584615384615384	T cell	Dendritic cell	2	6	9	3	4	ZNF765	1.0	False
5.6089332405390795e-05	0.9552238805970149	0.03912854886047362	0.06729837778224879	Monocyte	B cell	2	7	17	7	12	ABHD12	1.0	False
0.00015622762810693825	0.9552238805970149	0.11514776350471112	0.15230452321689125	Monocyte	B cell	2	7	9	3	6	ANO10	1.0	False
5.6884036838070205e-05	0.9552238805970149	0.12785403260504724	0.11030861529053276	B cell	Erythroid	2	6	6	3	4	ATP5PD	1.0	False
9.811293724027215e-05	0.9552238805970149	0.4952794079380899	0.7387649772644296	NK	Plasma cell	2	7	6	3	4	CCT6A	1.0	False
6.265494843673727e-05	0.9552238805970149	0.0919928415552963	0.2229712858926342	Plasma cell	Erythroid	2	6	7	3	4	CDCA7L	1.0	False
3.818116838156614e-05	0.9552238805970149	0.06210210775172853	0.0610438024231128	Erythroid	B cell	2	4	6	3	5	CIP2A	1.0	False
2.9029780371337912e-05	0.9552238805970149	0.14793026614974636	0.3593918955088058	NK	Plasma cell	2	7	10	3	8	CISD2	1.0	False
0.00018139730864777303	0.9552238805970149	0.10406346785008203	0.21109438866180913	Erythroid	Dendritic cell	2	7	16	4	10	CLN5	1.0	False
6.114242704071337e-05	0.9552238805970149	0.12483142857526058	0.15955492678857264	Dendritic cell	T cell	2	7	10	5	8	CREBRF	1.0	False
6.601243399257327e-05	0.9552238805970149	0.13383937727215106	0.10941931631586799	Erythroid	Plasma cell	2	6	10	3	8	DCUN1D4	1.0	False
4.951770375273325e-05	0.9552238805970149	0.09138044065328021	0.13566095469763528	Monocyte	Erythroid	2	7	17	8	14	DIDO1	1.0	False
8.693524588581204e-05	0.9552238805970149	0.1148976775635715	0.1185063073394495	B cell	Plasma cell	2	7	11	3	7	DNAJB1	1.0	False
1.804085271268878e-05	0.9552238805970149	0.1119904259439144	0.1486581920903955	T cell	Plasma cell	2	3	4	3	3	ENSG00000264895	1.0	False
0.0001380326292018549	0.9552238805970149	0.11823898814720446	0.19673947351808596	T cell	Dendritic cell	2	7	11	4	9	EPS15L1	1.0	False
1.999722723787661e-05	0.9552238805970149	0.06877845171681751	0.0607471008816739	NK	Plasma cell	2	7	9	5	8	IER2	1.0	False
0.00017909092106303478	0.9552238805970149	0.055558961455189904	0.08711959360015192	NK	Erythroid	2	3	5	3	4	IL10RB-DT	1.0	False
2.9873523727175475e-05	0.9552238805970149	0.07527751165033258	0.27496402487394644	Erythroid	Monocyte	2	7	18	11	17	LCP1	1.0	False
1.7736087885130272e-05	0.9552238805970149	0.042178987756345376	0.17573884971350284	Plasma cell	T cell	2	7	18	8	11	MALT1	1.0	False
5.520069054660394e-05	0.9552238805970149	0.06687210577153069	0.10325821518734823	Plasma cell	B cell	2	7	13	7	12	MAP2K1	1.0	False
0.0002724974398693471	0.9552238805970149	0.48011775510137134	0.5167086481947942	Dendritic cell	T cell	2	6	8	3	5	NISCH	1.0	False
4.451202055405508e-05	0.9552238805970149	0.06418883662451441	0.13009377664109123	T cell	B cell	2	5	8	3	6	NPIPB12	1.0	False
3.429782101252968e-05	0.9552238805970149	0.29373587184051503	0.276043266341724	NK	Monocyte	2	5	9	3	6	ORC6	1.0	False
0.00023054436095826532	0.9552238805970149	0.09597049280147874	0.33094359742917256	Dendritic cell	NK	2	4	6	3	5	OTULINL	1.0	False
0.0006369978276742253	0.9552238805970149	0.18011185074890157	0.26338114128776324	Monocyte	T cell	2	6	10	4	9	POLB	1.0	False
6.030794493022759e-05	0.9552238805970149	0.1449278801428469	0.20040650406504062	NK	B cell	2	3	5	3	5	PRPF4	1.0	False
0.00020030441932500392	0.9552238805970149	0.17858840442905777	0.24690459770842166	T cell	NK	2	7	9	3	8	PWP1	1.0	False
7.900408170958482e-05	0.9552238805970149	0.19329643213513859	0.22987114070742887	B cell	NK	2	4	8	3	6	RABEP2	1.0	False
0.0003985833049006205	0.9552238805970149	0.07898875645051301	0.21422764227642271	NK	Dendritic cell	2	5	7	3	6	SNHG30	1.0	False
0.0002519212244965732	0.9552238805970149	0.25836768794710424	0.46412626921101496	Dendritic cell	Monocyte	2	7	17	6	13	SPART	1.0	False
6.586084867821158e-05	0.9552238805970149	0.24943783537625058	0.5289841405423688	Erythroid	Plasma cell	2	7	16	6	12	SRSF6	1.0	False
0.0006125424999980334	0.9552238805970149	0.14554110233033923	0.2026977160770264	Plasma cell	Erythroid	2	7	10	3	8	TLE1	1.0	False
0.00041212225390556596	0.9552238805970149	0.1119443434575364	0.26979167503340007	Monocyte	Dendritic cell	2	7	12	6	11	UBE2K	1.0	False
8.717756166118954e-05	0.9552238805970149	0.06292378762355422	0.04586296893989206	Erythroid	NK	2	3	4	3	4	ZNF8	1.0	False
0.00015540511081902063	0.9552238805970149	0.2225669761062833	0.305914785989688	T cell	B cell	2	6	10	3	5	ZNF814	1.0	False
0.0003046897709721943	0.9601990049751243	0.08919031436193914	0.06217393276777211	B cell	NK	2	6	7	3	6	ABL2	1.0	False
0.0033849839927185326	0.9601990049751243	0.21454978272226033	0.3126580395656701	Dendritic cell	Monocyte	2	7	9	3	6	ATG2A	1.0	False
7.032523418931262e-05	0.9601990049751243	0.09797889400055648	0.0675710295264399	Dendritic cell	Plasma cell	2	7	11	4	8	BRIP1	1.0	False
5.145564267929536e-05	0.9601990049751243	0.08497895347195472	0.1944512244731918	Dendritic cell	T cell	2	6	8	4	6	BRIX1	1.0	False
2.563712318311349e-05	0.9601990049751243	0.0747016333066346	0.07752217866721683	B cell	NK	2	3	4	3	4	CAMLG	1.0	False
3.325359007101003e-05	0.9601990049751243	0.27099520907440483	0.5907288819903593	Erythroid	Dendritic cell	2	7	14	4	8	CST7	1.0	False
8.699937528145845e-05	0.9601990049751243	0.13535885594751557	0.07355496819353846	Plasma cell	B cell	2	6	7	3	4	DAB1	1.0	False
0.00012931809947190308	0.9601990049751243	0.11675345569407553	0.1093264803512154	Plasma cell	NK	2	7	13	4	10	DDRGK1	1.0	False
3.637961606577328e-05	0.9601990049751243	0.08127464528909306	0.15047928648828873	Monocyte	B cell	2	7	13	4	9	ENSG00000284685	1.0	False
1.1999970129449208e-05	0.9601990049751243	0.24771036875398827	0.42996198066968994	Monocyte	T cell	2	5	12	3	8	FECH	1.0	False
0.00017099047487847843	0.9601990049751243	0.11278757621002866	0.23729672087443343	B cell	NK	2	3	5	3	5	HELZ2	1.0	False
0.0001950546748843011	0.9601990049751243	0.15630819547000596	0.20642367376398413	B cell	Monocyte	2	7	15	4	11	KANTR	1.0	False
6.876144047757293e-05	0.9601990049751243	0.11897356324297792	0.2991150551778227	Monocyte	T cell	2	7	17	6	12	KIZ	1.0	False
0.00017778746110391639	0.9601990049751243	0.23061523882858975	0.3553190701654072	NK	Plasma cell	2	7	13	5	9	KNL1	1.0	False
0.0009669099458033821	0.9601990049751243	0.2496329939689827	0.5126638051529064	Plasma cell	B cell	2	7	18	8	12	LAMP1	1.0	False
0.00013151502821418903	0.9601990049751243	0.11339422975343016	0.15665853106023508	B cell	Plasma cell	2	7	14	6	10	MED14	1.0	False
8.947336803358039e-05	0.9601990049751243	0.07882371679769312	0.2486835568802782	B cell	Plasma cell	2	7	16	4	10	MGME1	1.0	False
0.0001012697952794539	0.9601990049751243	0.4183218816067654	0.3629785361560651	NK	Dendritic cell	2	6	7	3	6	OMA1	1.0	False
7.426855750085027e-05	0.9601990049751243	0.2573242801225558	0.40317460317460313	NK	T cell	2	7	12	4	9	PAPSS1	1.0	False
0.0003670164387352483	0.9601990049751243	0.12340974828617618	0.14467432950191572	Monocyte	NK	2	5	7	4	6	PAQR3	1.0	False
0.000268785807569461	0.9601990049751243	0.31236375401304917	0.37182646620807036	Dendritic cell	Erythroid	2	5	8	3	5	PDLIM2	1.0	False
5.1754670045856716e-05	0.9601990049751243	0.13914445859110025	0.07290639115310737	Erythroid	NK	2	3	6	3	5	RAP2C	1.0	False
0.000130781037428397	0.9601990049751243	0.1123111863022156	0.2082855424383147	T cell	Dendritic cell	2	7	7	3	6	SARNP	1.0	False
4.6103316000039783e-05	0.9601990049751243	0.013522747265275914	0.14086021505376345	T cell	Dendritic cell	2	4	8	3	5	SLC25A19	1.0	False
0.00025205329313922136	0.9601990049751243	0.27162244562028537	0.5487772461456673	NK	Monocyte	2	5	10	5	7	SLC2A4RG	1.0	False
0.0001876599729890487	0.9601990049751243	0.1458078922910343	0.16905278714265926	Monocyte	Plasma cell	2	7	14	5	8	SLC5A3	1.0	False
4.423308014529395e-05	0.9601990049751243	0.21286052441882092	0.23141414141414135	Dendritic cell	T cell	2	5	6	3	4	SRSF9	1.0	False
6.65512364730718e-06	0.9601990049751243	0.0947112139358548	0.17465237058133698	NK	T cell	2	3	5	3	4	SSX2IP	1.0	False
1.464422476736673e-05	0.9601990049751243	0.04424734274055825	0.11143403389501577	NK	B cell	2	7	9	6	9	STAG1	1.0	False
0.0003387922250260478	0.9601990049751243	0.3668289524752461	0.42970145859727776	Erythroid	Plasma cell	2	6	8	3	6	STAT5A	1.0	False
8.408014431065928e-05	0.9601990049751243	0.03863288150112637	0.06882139871830589	Erythroid	B cell	2	3	4	3	4	ZBTB17	1.0	False
9.810778361864076e-05	0.9601990049751243	0.09909940828178498	0.08187134502923982	Erythroid	T cell	2	4	6	4	5	ZCCHC4	1.0	False
0.0001198593923038148	0.9601990049751243	0.08764669012091258	0.013388159349162154	Erythroid	NK	2	4	5	3	4	ZNF250	1.0	False
4.950906672910704e-05	0.9651741293532339	0.28391537592680643	0.35662040510127535	B cell	Monocyte	2	7	11	4	7	ARHGAP45	1.0	False
0.00010689164963693392	0.9651741293532339	0.16318718267411253	0.42031000696644866	Plasma cell	Erythroid	2	7	6	3	6	CD53	1.0	False
1.1615575838077313e-05	0.9651741293532339	0.08487035156101569	0.30106340308707535	Monocyte	Erythroid	2	7	12	7	11	CENPC	1.0	False
4.2515082685299385e-05	0.9651741293532339	0.03972143455708649	0.15906680805938495	NK	T cell	2	4	6	3	5	ENSG00000280800	1.0	False
5.6745457711415095e-05	0.9651741293532339	0.039300609414628096	0.1577864005337012	Dendritic cell	Plasma cell	2	7	15	9	15	FTX	1.0	False
4.038353932900428e-05	0.9651741293532339	0.09251147941212245	0.06376151335584679	T cell	Plasma cell	2	6	7	3	6	HYCC1	1.0	False
5.709574948911509e-05	0.9651741293532339	0.11160259490524632	0.11575156890443	T cell	B cell	2	7	12	4	10	IDH3A	1.0	False
6.154264261778121e-05	0.9651741293532339	0.1095449167193503	0.15046359421870742	NK	T cell	2	4	6	3	5	IKBIP	1.0	False
0.00015138899653332282	0.9651741293532339	0.0522977157423789	0.05275482093663908	Plasma cell	Erythroid	2	5	9	3	6	INTS2	1.0	False
0.0003884930318678949	0.9651741293532339	0.40877897066009744	0.2910122726525866	T cell	Dendritic cell	2	7	12	3	8	ISCA1	1.0	False
8.435227406718948e-05	0.9651741293532339	0.14729455950106773	0.1910299003322259	Erythroid	Dendritic cell	2	6	10	4	6	KCTD9	1.0	False
2.8052517013435158e-05	0.9651741293532339	0.6432724694685418	0.8549859594776674	Plasma cell	T cell	2	6	5	3	3	LINC02067	1.0	False
1.7925315614292895e-05	0.9651741293532339	0.06044436905048223	0.3159651840979163	T cell	Plasma cell	2	7	13	7	12	NFAT5	1.0	False
4.02172783619166e-05	0.9651741293532339	0.11676841404843835	0.14669941643188816	B cell	T cell	2	7	12	4	8	OTUD4	1.0	False
9.37423536485257e-06	0.9651741293532339	0.19387350051503482	0.29815074105274236	Plasma cell	Erythroid	2	7	18	10	15	PARP4	1.0	False
0.0002694764159224696	0.9651741293532339	0.149872860608175	0.1142343729944808	Dendritic cell	Monocyte	2	6	7	3	5	PIK3CD	1.0	False
5.3877020796034355e-05	0.9651741293532339	0.6555555555555557	0.6900810790331136	T cell	B cell	2	6	7	3	4	PPP1R14B	1.0	False
5.565483423504689e-05	0.9651741293532339	0.2865259631268894	0.28212758374910907	Dendritic cell	NK	2	5	6	3	5	PTPN7	1.0	False
0.00011408395961766461	0.9651741293532339	0.28393280090155987	0.2818553745017134	Monocyte	Plasma cell	2	6	7	3	5	RAC1	1.0	False
1.2804771126520231e-05	0.9651741293532339	0.151344854722888	0.46057692307692305	Plasma cell	Monocyte	2	7	13	6	12	RSL1D1	1.0	False
3.497389288872477e-05	0.9651741293532339	0.09242123203588076	0.1084663031557484	T cell	Dendritic cell	2	7	17	7	13	SMAD4	1.0	False
2.275358300601046e-05	0.9651741293532339	0.16364556630939464	0.2560733384262796	Plasma cell	Erythroid	2	5	8	4	5	TRAF6	1.0	False
0.00023946973033868083	0.9651741293532339	0.19408302121034504	0.12358674463937619	Plasma cell	Erythroid	2	4	5	3	4	TREX1	1.0	False
2.7043761086970162e-05	0.9701492537313433	0.07943107555948653	0.06429700668312277	Monocyte	Dendritic cell	2	7	17	6	11	APP	1.0	False
7.391888871912977e-05	0.9701492537313433	0.0448119045045039	0.17141918528252298	Dendritic cell	NK	2	5	3	3	3	ARPC1B	1.0	False
6.667328556430449e-05	0.9701492537313433	0.329886945483645	0.37525180616374315	Plasma cell	Monocyte	2	7	11	4	9	CCAR1	1.0	False
0.0035613279521237505	0.9701492537313433	0.09861198786857689	0.28570738336101464	B cell	NK	2	5	7	3	6	CCDC97	1.0	False
1.2443081667165368e-06	0.9701492537313433	0.1960691534324073	0.2728925535183858	T cell	Dendritic cell	2	3	4	3	3	CD96	1.0	False
2.003025116955353e-05	0.9701492537313433	0.09521202700353248	0.1318455481845256	Erythroid	Plasma cell	2	7	9	6	8	CLASP2	1.0	False
0.00031648965590777464	0.9701492537313433	0.11709803458692336	0.16215277777777776	Monocyte	Plasma cell	2	7	11	3	8	CRTC1	1.0	False
0.00011357844455181385	0.9701492537313433	0.08871283373673733	0.08954269267668691	T cell	Erythroid	2	5	6	3	5	ENSG00000249207	1.0	False
1.9548610598024463e-05	0.9701492537313433	0.5388532396076974	0.47937320115126314	T cell	Monocyte	2	7	9	4	7	ETFB	1.0	False
3.9136321158193666e-05	0.9701492537313433	0.15390998177228105	0.16356404136833735	T cell	NK	2	5	7	3	7	GLMN	1.0	False
6.152237297660252e-05	0.9701492537313433	0.1312751981660884	0.17332572016887032	Plasma cell	Monocyte	2	7	10	3	7	GLUD1	1.0	False
0.0009103873160538002	0.9701492537313433	0.17422916402113459	0.2955243927425046	Plasma cell	Monocyte	2	7	9	4	6	HNRNPL	1.0	False
0.00011852654175846636	0.9701492537313433	0.04942080091882245	0.06797898601177293	Dendritic cell	B cell	2	5	7	3	5	INTS14	1.0	False
4.43932345259464e-05	0.9701492537313433	0.1525559874786523	0.4793745529327611	T cell	Monocyte	2	7	9	6	8	IQCB1	1.0	False
2.7120891767213274e-05	0.9701492537313433	0.10360406485644397	0.1656976569765698	B cell	NK	2	7	15	8	12	JPX	1.0	False
0.000167740661331355	0.9701492537313433	0.2987408396995984	0.38246429841947455	T cell	B cell	2	7	8	3	5	M6PR	1.0	False
2.2297162498617525e-05	0.9701492537313433	0.04810533104665515	0.09863867353902495	T cell	Erythroid	2	7	18	9	14	MAPRE2	1.0	False
6.691770382030248e-05	0.9701492537313433	0.1574671628038376	0.2779796490944252	T cell	NK	2	7	18	10	13	MTMR6	1.0	False
4.24761063895387e-05	0.9701492537313433	0.0677202558098371	0.18250872039654853	Erythroid	B cell	2	3	4	4	4	NDUFA4	1.0	False
0.0001190780946464719	0.9701492537313433	0.1324184199114543	0.2971020408163266	B cell	Dendritic cell	2	7	10	4	7	NHERF1	1.0	False
5.104694119653081e-05	0.9701492537313433	0.19481403707439532	0.21932032186269473	B cell	Plasma cell	2	7	12	3	8	PLEC	1.0	False
6.261508335042668e-05	0.9701492537313433	0.16294433684068893	0.21159100331157255	B cell	Dendritic cell	2	6	5	3	5	RBM34	1.0	False
1.7316579740616345e-05	0.9701492537313433	0.13305229417930647	0.10049400055604418	Plasma cell	Erythroid	2	7	18	8	12	RIOK3	1.0	False
9.508329076238174e-05	0.9701492537313433	0.19996771491309473	0.266329153870429	Plasma cell	B cell	2	7	13	5	9	RNF114	1.0	False
0.00014864543851267556	0.9701492537313433	0.20761335157142885	0.47060969746399234	Monocyte	Plasma cell	2	7	9	6	9	RPL14	1.0	False
0.0003695294548375632	0.9701492537313433	0.2140134835131517	0.19719158227609834	Monocyte	Dendritic cell	2	7	7	3	7	SUCO	1.0	False
0.00013798272081143198	0.9701492537313433	0.06965537214386003	0.06795077581594433	NK	Erythroid	2	3	4	3	4	TATDN1	1.0	False
8.153455983623866e-05	0.9701492537313433	0.028788777654183584	0.05407130094443979	T cell	Erythroid	2	3	4	3	4	TPST1	1.0	False
0.00014845071605223373	0.9701492537313433	0.22297447013552302	0.15542760088095864	Dendritic cell	T cell	2	7	14	4	7	TTPAL	1.0	False
6.62260529752878e-05	0.9701492537313433	0.07320277107336803	0.11677522090407755	B cell	Plasma cell	2	7	9	4	8	TXNRD1	1.0	False
5.3557929539528576e-05	0.9751243781094527	0.09248685664833256	0.1651149375111332	Plasma cell	T cell	2	7	18	12	18	ANKRD12	1.0	False
5.304674702580665e-05	0.9751243781094527	0.12853170866211938	0.1800983390298015	Plasma cell	T cell	2	4	7	3	5	C16orf74	1.0	False
5.537296737452745e-05	0.9751243781094527	0.3175309364408202	0.37958912187829996	Plasma cell	Monocyte	2	7	7	3	7	CAPZA2	1.0	False
0.00013847793842889793	0.9751243781094527	0.2050921857686563	0.22500000000000003	Dendritic cell	B cell	2	5	10	3	6	CHERP	1.0	False
5.3552340872310526e-05	0.9751243781094527	0.15235206448085303	0.20649350649350645	Plasma cell	Monocyte	2	7	13	5	10	CMC2	1.0	False
0.00017043205604661812	0.9751243781094527	0.2717732998761003	0.30952754669596605	Plasma cell	Erythroid	2	5	7	3	4	DCAKD	1.0	False
7.367080681997454e-05	0.9751243781094527	0.18452663004685438	0.19011996931017644	T cell	Erythroid	2	6	11	5	9	EFCAB13	1.0	False
0.000221264981416627	0.9751243781094527	0.15771322286645278	0.15220312341547515	NK	Plasma cell	2	6	9	3	8	ENSG00000262879	1.0	False
3.748859506214556e-06	0.9751243781094527	0.2000554455063669	0.16376141972067632	B cell	NK	2	3	5	3	5	ENSG00000289472	1.0	False
0.00017140618283213212	0.9751243781094527	0.16003116703456266	0.14639118058570944	B cell	T cell	2	6	7	3	4	ENSG00000291178	1.0	False
0.00021682167321295345	0.9751243781094527	0.0857236508347039	0.12122043958622508	Monocyte	Erythroid	2	7	12	7	10	FRYL	1.0	False
1.4263390235097587e-05	0.9751243781094527	0.05719597784874997	0.1677683865590605	Monocyte	Dendritic cell	2	7	8	4	7	GLCCI1	1.0	False
2.211093547131724e-05	0.9751243781094527	0.15737842131230012	0.31759323636368797	Dendritic cell	NK	2	7	15	8	12	GTF3A	1.0	False
0.0004011135269456703	0.9751243781094527	0.06396549094365034	0.018603428638182318	Erythroid	Dendritic cell	2	3	5	3	5	HUS1	1.0	False
1.3901849940375917e-05	0.9751243781094527	0.09223992426382921	0.08325353853026257	T cell	NK	2	7	8	5	8	KMT2C	1.0	False
5.723194211283358e-05	0.9751243781094527	0.5198375395308126	0.7329029172644668	B cell	NK	2	5	8	3	5	KMT5A	1.0	False
2.977936048130283e-05	0.9751243781094527	0.0905240626556657	0.11015292930048909	Erythroid	Dendritic cell	2	7	6	4	6	LAPTM5	1.0	False
2.850261109250461e-05	0.9751243781094527	0.07044721599836595	0.06438714950449986	Monocyte	Plasma cell	2	7	18	10	14	LMAN1	1.0	False
3.140404025201067e-05	0.9751243781094527	0.46426143145204607	0.7391707294984227	Plasma cell	Monocyte	2	7	11	3	8	PDLIM1	1.0	False
0.000177375201938854	0.9751243781094527	0.13643919226058365	0.14515849125989339	Dendritic cell	T cell	2	7	10	4	9	PTPRJ	1.0	False
0.00023292264083216526	0.9751243781094527	0.1443424045708399	0.19878289010834393	Plasma cell	B cell	2	6	8	4	5	RAB11FIP2	1.0	False
2.9984201977287498e-05	0.9751243781094527	0.09071468565652802	0.2094488706623464	NK	B cell	2	7	7	3	6	RALGPS2	1.0	False
4.1754447842445264e-05	0.9751243781094527	0.21975510877507248	0.1952324833579695	Monocyte	Plasma cell	2	7	10	4	6	RNF145	1.0	False
4.184264727028344e-05	0.9751243781094527	0.07286702332754968	0.08956228956228962	Monocyte	Erythroid	2	7	7	4	5	RRAS2	1.0	False
1.3301660299581126e-05	0.9751243781094527	0.030104584268544565	0.1124575074853621	Plasma cell	Dendritic cell	2	7	15	8	15	SH3KBP1	1.0	False
3.446644939788858e-05	0.9751243781094527	0.06047023842640403	0.12537301327391648	T cell	Monocyte	2	7	13	8	11	SLC12A6	1.0	False
0.0007962803425319748	0.9751243781094527	0.21081790170982817	0.2179129464285714	Monocyte	Plasma cell	2	7	12	3	8	SMIM20	1.0	False
4.1427623954424784e-05	0.9751243781094527	0.11904481293368063	0.23830386480988897	T cell	NK	2	6	10	5	8	SPOP	1.0	False
2.5624482485032152e-05	0.9751243781094527	0.10534309459108326	0.09858723257303059	B cell	Erythroid	2	7	18	7	11	SYNJ1	1.0	False
0.00010614311863670665	0.9751243781094527	0.11181934631769641	0.12540293230737243	Dendritic cell	T cell	2	7	11	5	9	TAF3	1.0	False
1.8459935548437728e-05	0.9751243781094527	0.10310569201557007	0.10547655423669061	Erythroid	Monocyte	2	5	9	3	5	TNFSF8	1.0	False
0.0001101427005268666	0.9751243781094527	0.14296065815573072	0.15238895894633597	B cell	T cell	2	6	8	3	5	ZNF26	1.0	False
0.00024101881882435767	0.9751243781094527	0.24039907742746475	0.3110162910143495	T cell	Erythroid	2	7	11	5	9	ZNF433-AS1	1.0	False
0.00043027547012387384	0.9800995024875622	0.189783305780984	0.24142489154013014	Plasma cell	T cell	2	7	8	3	5	ARHGAP9	1.0	False
3.9248000023268525e-05	0.9800995024875622	0.13987082976045934	0.20470936384526844	Plasma cell	T cell	2	7	18	10	16	ARHGEF7	1.0	False
2.3052369419182533e-05	0.9800995024875622	0.13212277275548662	0.1705040458219756	Plasma cell	Erythroid	2	7	18	9	13	C18orf25	1.0	False
0.00014516245578247616	0.9800995024875622	0.2113048792426987	0.20913461538461542	T cell	B cell	2	3	5	3	4	CAPN3	1.0	False
1.2707044387138124e-05	0.9800995024875622	0.21127474014403191	0.7009944698735728	Plasma cell	Erythroid	2	7	9	4	8	CCT5	1.0	False
1.4219638069226501e-05	0.9800995024875622	0.15893753963788265	0.38268049155145933	T cell	Plasma cell	2	7	16	6	15	CCT8	1.0	False
0.00013167583655639988	0.9800995024875622	0.14826298919934416	0.2126855952070852	Plasma cell	B cell	2	7	11	4	7	CEP78	1.0	False
0.00021380614194679688	0.9800995024875622	0.07312469481044315	0.09105267314222543	B cell	Erythroid	2	7	9	4	7	CEP83	1.0	False
0.00028693706717793647	0.9800995024875622	0.18084045042926705	0.5175034091270194	B cell	Plasma cell	2	7	9	6	9	CIRBP	1.0	False
6.043040777308796e-05	0.9800995024875622	0.08283149274758855	0.09720006021375882	Plasma cell	B cell	2	7	10	3	7	CSNK1G2	1.0	False
7.337901733975052e-05	0.9800995024875622	0.05752188868170782	0.09461259364185381	Dendritic cell	B cell	2	7	9	4	8	CTNNB1	1.0	False
3.352851493788198e-05	0.9800995024875622	0.06898484162675017	0.17916113820176288	T cell	Plasma cell	2	7	11	6	11	EEF2	1.0	False
0.0007454566895350573	0.9800995024875622	0.2675763032980104	0.3331634819532908	Erythroid	Dendritic cell	2	7	12	4	8	GPR18	1.0	False
9.367654947678089e-05	0.9800995024875622	0.2891750773329721	0.21395400265369302	Monocyte	NK	2	5	8	3	5	HAUS1	1.0	False
2.7760848929440523e-05	0.9800995024875622	0.043881141289647374	0.1193337184443724	B cell	Dendritic cell	2	7	13	6	11	INVS	1.0	False
0.00019528164856593086	0.9800995024875622	0.05898386941763928	0.07017551402994321	Erythroid	Plasma cell	2	7	14	4	10	MTFR1	1.0	False
5.936224659069751e-06	0.9800995024875622	0.03544877726969642	0.15748671397826913	Erythroid	Dendritic cell	2	7	19	14	19	RUNX1	1.0	False
1.2778864811690667e-05	0.9800995024875622	0.1090436777770058	0.0671156587660045	Plasma cell	B cell	2	6	9	3	7	SIMC1	1.0	False
0.0001003533754569893	0.9800995024875622	0.2556992027011314	0.32313817545797663	T cell	NK	2	4	6	3	5	SNHG20	1.0	False
9.272082800353906e-05	0.9800995024875622	0.08977927198731483	0.18212872781026268	T cell	Monocyte	2	7	10	3	7	SORL1	1.0	False
1.4930263542529999e-05	0.9800995024875622	0.03348375252537039	0.10582677618366532	Erythroid	B cell	2	7	11	5	10	TASOR2	1.0	False
5.2566489187055255e-06	0.9800995024875622	0.060878756542613155	0.11602418901919659	NK	Plasma cell	2	7	14	7	10	TRPS1	1.0	False
7.769986276322161e-05	0.9800995024875622	0.09241741500574535	0.17876272849786845	Dendritic cell	Plasma cell	2	6	11	4	7	UBE2Q2P2	1.0	False
6.192552073227265e-05	0.9800995024875622	0.14817749119510165	0.16104660368288642	Dendritic cell	T cell	2	7	17	9	13	ZMYND8	1.0	False
0.0005549736122790445	0.9850746268656716	0.0931894221602444	0.31837114581081066	T cell	Monocyte	2	7	18	11	16	ANKRD10	1.0	False
1.0495114746033195e-05	0.9850746268656716	0.25963973164688553	0.33298146844944876	Plasma cell	Erythroid	2	6	10	3	7	ANKRD13D	1.0	False
0.0001909882773471159	0.9850746268656716	0.041017163862438547	0.10206972883231877	B cell	NK	2	3	4	3	4	ARF3	1.0	False
0.00017222669242722397	0.9850746268656716	0.09477758035676875	0.05701953952756733	T cell	NK	2	7	11	3	7	CDIN1	1.0	False
4.3771627248958704e-05	0.9850746268656716	0.08121069478580917	0.10027154063051164	B cell	T cell	2	7	8	4	7	CNOT4	1.0	False
0.00026685596132494427	0.9850746268656716	0.19379609120370817	0.276694739807657	T cell	Plasma cell	2	7	7	3	6	DNAJB6	1.0	False
0.00016436899460097766	0.9850746268656716	0.09402350890380817	0.14206410327661906	Dendritic cell	Plasma cell	2	7	10	4	9	ENSG00000287351	1.0	False
4.008878613706544e-05	0.9850746268656716	0.1117889069811942	0.1862757350069607	Dendritic cell	Monocyte	2	7	9	5	8	KRR1	1.0	False
0.0028593498190927816	0.9850746268656716	0.19458715398250875	0.2572124455421769	Plasma cell	Erythroid	2	6	6	3	4	LIN9	1.0	False
2.9579434408794153e-05	0.9850746268656716	0.151537664482514	0.16067563775085497	B cell	Plasma cell	2	6	8	3	7	LMTK2	1.0	False
0.00032032119981544776	0.9850746268656716	0.10545734460395184	0.10073279810334612	Dendritic cell	Monocyte	2	7	9	3	6	LRRC58	1.0	False
1.4551296062106405e-05	0.9850746268656716	0.06978695174633931	0.2295332369646228	Monocyte	Plasma cell	2	7	16	6	13	MBD2	1.0	False
1.1874381338666707e-05	0.9850746268656716	0.05107721952319455	0.07762557077625576	Erythroid	Dendritic cell	2	4	5	3	5	NBPF14	1.0	False
2.4550655821930024e-05	0.9850746268656716	0.16373726950437117	0.3210026040747772	Monocyte	Plasma cell	2	7	13	8	12	PDIA3	1.0	False
1.7450757857790058e-06	0.9850746268656716	0.07278926510787426	0.05051029035408516	T cell	Monocyte	2	7	17	9	15	PLCB1	1.0	False
8.94302776661125e-05	0.9850746268656716	0.2548727535047678	0.17856863165357312	Plasma cell	Monocyte	2	7	10	5	9	PSMD12	1.0	False
1.631258535241496e-05	0.9850746268656716	0.07107695606308306	0.05253095258148743	Dendritic cell	Monocyte	2	6	11	5	8	PTPRM	1.0	False
3.162442199163179e-05	0.9850746268656716	0.07540105145482479	0.30515740628771554	Dendritic cell	Plasma cell	2	7	13	6	8	RAD23B	1.0	False
5.8823890972562854e-05	0.9850746268656716	0.07876431602394479	0.1448192062213013	B cell	Monocyte	2	7	9	5	8	RAF1	1.0	False
0.0007862157975828066	0.9850746268656716	0.041110291046997594	0.11941661099977735	T cell	B cell	2	4	6	3	5	SETD1A	1.0	False
4.1845970873150216e-05	0.9850746268656716	0.052122454653323935	0.10122327529204322	Dendritic cell	Plasma cell	2	7	14	7	10	SHLD1	1.0	False
9.336151740560109e-05	0.9850746268656716	0.34869095245748716	0.4851244203745	Plasma cell	NK	2	4	5	3	4	SRRT	1.0	False
0.00013485360734700495	0.9850746268656716	0.25601164006518645	0.32835410705336504	T cell	Plasma cell	2	7	9	4	6	TEX264	1.0	False
0.00013377562461531556	0.9850746268656716	0.1345856955974858	0.08705696100287552	Plasma cell	Dendritic cell	2	6	10	4	5	TMEM91	1.0	False
0.0003729990651251506	0.9850746268656716	0.1402359506743046	0.0686656282450675	Erythroid	NK	2	6	6	3	6	TUFM	1.0	False
0.0007321830695921237	0.9850746268656716	0.16108073035267867	0.4060927641305632	B cell	NK	2	7	18	10	15	UFM1	1.0	False
0.00040637400007478077	0.9850746268656716	0.40429372284210996	0.389415981446342	Monocyte	B cell	2	7	11	4	7	USP11	1.0	False
2.6747800363772165e-05	0.9850746268656716	0.1376097927091245	0.3525236800792321	T cell	Plasma cell	2	7	9	4	8	VHL	1.0	False
4.5507490657481824e-05	0.9850746268656716	0.07464072754594064	0.18280391195520346	T cell	Plasma cell	2	7	9	4	7	XRRA1	1.0	False
2.7695328606270024e-05	0.9850746268656716	0.03224778439487769	0.05372110792022189	Erythroid	B cell	2	7	14	6	11	ZC3H12B	1.0	False
0.00010369555958023138	0.9850746268656716	0.27095407968370155	0.18311312964492155	B cell	Plasma cell	2	7	9	3	4	ZFP14	1.0	False
0.00013648527733496716	0.9850746268656716	0.18505562512261386	0.20018796992481208	Plasma cell	NK	2	6	9	3	5	ZNF487	1.0	False
0.0001303121323298477	0.9850746268656716	0.0951699115812431	0.23691685631836637	B cell	Erythroid	2	7	11	3	8	ZNG1A	1.0	False
8.982817203410196e-06	0.9900497512437811	0.11536691046888958	0.1433390447633326	Dendritic cell	T cell	2	7	13	3	7	ANXA1	1.0	False
0.0010480369495237704	0.9900497512437811	0.2744661780194554	0.3425925925925926	Monocyte	Plasma cell	2	7	9	4	8	ARF4	1.0	False
3.195432127476968e-05	0.9900497512437811	0.14128911417484802	0.1582286718292445	Dendritic cell	T cell	2	7	9	4	5	C2CD5	1.0	False
5.1054086087067836e-05	0.9900497512437811	0.21846646569426476	0.2827277737736889	NK	T cell	2	7	17	8	13	CNDP2	1.0	False
1.0889590727272594e-06	0.9900497512437811	0.03564055014831344	0.1711835334476844	Dendritic cell	Plasma cell	2	3	5	3	5	DDX56	1.0	False
2.603195519159292e-05	0.9900497512437811	0.10078944481352392	0.2188931277979384	Plasma cell	NK	2	4	6	3	4	ENSG00000286997	1.0	False
8.190885959705084e-05	0.9900497512437811	0.09286806983816359	0.21746546437922004	Dendritic cell	NK	2	7	14	7	11	KIF13B	1.0	False
4.07689179268856e-05	0.9900497512437811	0.1269969796989685	0.23095534928240974	Monocyte	Plasma cell	2	7	10	5	8	KIF2A	1.0	False
2.5545113240573518e-05	0.9900497512437811	0.0671097616307671	0.06182871182871186	NK	T cell	2	4	6	3	5	KIF9-AS1	1.0	False
8.471428501092867e-05	0.9900497512437811	0.09692244834961011	0.2824477794532401	Dendritic cell	Erythroid	2	7	12	5	9	KLF3	1.0	False
0.0003463237240883683	0.9900497512437811	0.06468162608303818	0.12953929539295395	NK	T cell	2	5	5	3	4	LRIG1	1.0	False
0.00015136946044758308	0.9900497512437811	0.12008966547928546	0.03927344133529698	Erythroid	B cell	2	7	11	3	7	MIRLET7A1HG	1.0	False
1.9254537624243094e-05	0.9900497512437811	0.04210240140186633	0.08863827993254636	Erythroid	NK	2	4	6	3	6	NPIPB3	1.0	False
0.00015861643104229673	0.9900497512437811	0.13431686798473857	0.14184136219731325	B cell	Erythroid	2	7	9	3	7	NR2C1	1.0	False
5.603696068285071e-06	0.9900497512437811	0.06820207210411255	0.13926267168696216	Plasma cell	Erythroid	2	7	10	6	8	PDE3B	1.0	False
1.5235328415928515e-05	0.9900497512437811	0.0752861822680474	0.09567227565517766	Erythroid	Monocyte	2	7	12	6	11	PDS5A	1.0	False
4.783115146103175e-05	0.9900497512437811	0.17175130828885882	0.23664574788753268	NK	Plasma cell	2	7	8	4	6	PFDN1	1.0	False
5.7252889825228054e-05	0.9900497512437811	0.3218942440345448	0.294025974025974	Dendritic cell	Erythroid	2	5	10	4	7	POLR3D	1.0	False
2.858602166002029e-06	0.9900497512437811	0.046088832368325894	0.11327870189171557	Erythroid	NK	2	3	5	3	5	RNF139	1.0	False
1.2797533979563713e-05	0.9900497512437811	0.043339430965386616	0.23244987793890493	T cell	B cell	2	7	13	8	12	SCAPER	1.0	False
1.4143319670345147e-05	0.9900497512437811	0.2472634176968542	0.5671768707482993	Plasma cell	NK	2	4	6	3	4	SLC39A3	1.0	False
0.0002121399651954607	0.9900497512437811	0.1350618460368268	0.24688358640636293	B cell	Plasma cell	2	7	10	3	7	SMIM7	1.0	False
2.3553151920101786e-05	0.9900497512437811	0.14847563459579372	0.3787036287238733	Monocyte	T cell	2	7	13	5	10	SPSB3	1.0	False
2.2769813985845136e-05	0.9900497512437811	0.21768195205296342	0.32034238488783945	Monocyte	T cell	2	7	9	5	7	TFRC	1.0	False
4.944576001408157e-05	0.9900497512437811	0.33961488012542396	0.4062639821029083	Plasma cell	B cell	2	6	6	3	4	TMEM167A	1.0	False
0.0004554005086079991	0.9900497512437811	0.16680101632172833	0.14393822393822397	Plasma cell	NK	2	6	13	3	7	TOP1MT	1.0	False
8.954326979332849e-06	0.9900497512437811	0.04372430961235335	0.12853874376229346	T cell	B cell	2	7	10	3	7	UBASH3B	1.0	False
2.75259883405227e-05	0.9900497512437811	0.11080196332515391	0.1698454751255823	Dendritic cell	NK	2	7	14	6	10	YTHDF3	1.0	False
7.712414424838823e-05	0.9900497512437811	0.10892051612970555	0.16360322921279424	B cell	Erythroid	2	7	13	6	9	ZC3H7A	1.0	False
2.618872760533317e-05	0.9950248756218906	0.09756195510986287	0.20030810020563733	Monocyte	NK	2	7	14	6	12	AGO2	1.0	False
0.00010997749569311582	0.9950248756218906	0.15748850949181664	0.21848489511206853	Plasma cell	Monocyte	2	7	14	3	10	AGPAT5	1.0	False
2.192670419918375e-05	0.9950248756218906	0.07519917074048121	0.26684696460701934	T cell	Dendritic cell	2	7	13	7	11	AP1G1	1.0	False
3.738832139721842e-05	0.9950248756218906	0.12722621070432266	0.1520378193051639	T cell	Monocyte	2	7	10	4	8	ATG10	1.0	False
1.4717652498260297e-05	0.9950248756218906	0.0670423726275422	0.1132091266596581	B cell	T cell	2	7	8	5	7	BRAF	1.0	False
1.3749430565991291e-05	0.9950248756218906	0.14472359679368302	0.2521910279263221	T cell	Dendritic cell	2	7	14	3	8	C21orf58	1.0	False
0.0001241728209145427	0.9950248756218906	0.10189756801327249	0.13533414199613358	B cell	Plasma cell	2	5	7	3	5	CALCOCO1	1.0	False
0.0002518380599250102	0.9950248756218906	0.1721837980994424	0.30128846445353946	Erythroid	Plasma cell	2	7	12	5	10	CASP3	1.0	False
6.359624228286949e-05	0.9950248756218906	0.14957118839171124	0.14979222747824272	B cell	T cell	2	6	9	3	5	CHUK	1.0	False
2.8351929634655554e-05	0.9950248756218906	0.10882591305192052	0.15428292232356372	T cell	Erythroid	2	7	11	4	9	DPH6	1.0	False
0.001255400268167511	0.9950248756218906	0.24435257853657677	0.5141692546583851	B cell	Plasma cell	2	7	10	3	6	EHD1	1.0	False
0.002728570113942958	0.9950248756218906	0.34809531595623006	0.5600349235696744	Dendritic cell	NK	2	7	9	3	6	ENSG00000291107	1.0	False
0.0002594542891762615	0.9950248756218906	0.15371736708436506	0.37207097385886495	Erythroid	T cell	2	6	7	3	5	EPN2	1.0	False
3.350995906360693e-05	0.9950248756218906	0.25040245959750607	0.430511818596497	B cell	NK	2	6	7	3	6	EXOSC5	1.0	False
5.068226345689633e-05	0.9950248756218906	0.09863604656805519	0.20014294241462727	Dendritic cell	B cell	2	7	11	3	8	FASTKD5	1.0	False
3.649498621449847e-05	0.9950248756218906	0.39940065574470524	0.4678683385579937	Dendritic cell	T cell	2	6	10	3	5	FLOT2	1.0	False
3.446192002875946e-05	0.9950248756218906	0.21134995188150757	0.14510366636276384	Monocyte	T cell	2	7	9	4	7	FTH1	1.0	False
6.384096521991638e-05	0.9950248756218906	0.16016043067839275	0.24222222222222223	NK	Dendritic cell	2	5	8	3	6	GMIP	1.0	False
3.141646794038567e-05	0.9950248756218906	0.25970020956480927	0.46137762997596393	NK	Plasma cell	2	7	13	4	11	GRHPR	1.0	False
0.00019912787280440783	0.9950248756218906	0.28759999766759836	0.4120210038767919	NK	T cell	2	7	15	6	11	IDS	1.0	False
6.210966065427327e-05	0.9950248756218906	0.1726298734921608	0.4535378119227048	T cell	Erythroid	2	7	7	3	6	IFI16	1.0	False
1.952600760102257e-05	0.9950248756218906	0.08850644832387783	0.13308588871423066	Erythroid	Plasma cell	2	7	10	3	6	IL15	1.0	False
4.183038132857236e-05	0.9950248756218906	0.18001511307100204	0.31271395187267104	Dendritic cell	T cell	2	5	7	3	7	INTS11	1.0	False
1.307106587233212e-05	0.9950248756218906	0.03522565351595308	0.3218223543354002	B cell	Erythroid	2	3	5	3	5	LONRF3	1.0	False
2.076464614890847e-05	0.9950248756218906	0.233931891167674	0.3616693698140705	Erythroid	Plasma cell	2	7	14	6	10	MAPRE1	1.0	False
4.334130969622573e-05	0.9950248756218906	0.049795219413431235	0.08095689328310529	B cell	Plasma cell	2	7	13	9	12	MCTP2	1.0	False
0.00021797324316082345	0.9950248756218906	0.10667921302217837	0.14964203007610127	Dendritic cell	Monocyte	2	7	15	8	13	MECP2	1.0	False
0.00042411004036792504	0.9950248756218906	0.353637265704282	0.3792439761844506	T cell	Dendritic cell	2	7	10	4	7	NADSYN1	1.0	False
2.9353447569512158e-05	0.9950248756218906	0.48924053793905053	0.3743094405594405	T cell	NK	2	7	7	4	7	NAXE	1.0	False
0.0002560125500607805	0.9950248756218906	0.12297019708925516	0.27608218821520286	Dendritic cell	Erythroid	2	7	10	4	9	RAB6A	1.0	False
1.0437272214431367e-05	0.9950248756218906	0.1663154573447707	0.4072447984781833	Dendritic cell	T cell	2	7	10	6	9	REX1BD	1.0	False
2.405154765646189e-05	0.9950248756218906	0.13543353444557066	0.21468823343633692	Monocyte	T cell	2	7	12	4	8	SERINC3	1.0	False
0.0005905575957978893	0.9950248756218906	0.22608553090289996	0.37957258267408384	Plasma cell	Erythroid	2	7	10	6	9	SF1	1.0	False
4.3661848464065236e-05	0.9950248756218906	0.08718521935592288	0.30251287799930604	B cell	NK	2	7	9	5	8	SFSWAP	1.0	False
0.00047923987456365973	0.9950248756218906	0.2322102076819058	0.24089191232048368	NK	Plasma cell	2	6	8	3	4	SLC35E3	1.0	False
8.167658618768484e-05	0.9950248756218906	0.05265232684926763	0.12010113780025283	Erythroid	Plasma cell	2	6	11	3	6	SLC45A4	1.0	False
3.453246778084254e-05	0.9950248756218906	0.394569451092466	0.6347671125866614	T cell	Dendritic cell	2	7	12	5	9	SNAPC5	1.0	False
4.630934477344181e-05	0.9950248756218906	0.10311264441826257	0.132633386908792	Dendritic cell	T cell	2	7	9	5	8	SUCLG2	1.0	False
5.441303515344397e-05	0.9950248756218906	0.08709931348197308	0.05323275862068971	Monocyte	Erythroid	2	7	13	3	7	TAF4	1.0	False
5.212405098259097e-05	0.9950248756218906	0.04206987304276616	0.11043559175477113	NK	Erythroid	2	7	13	9	13	TCF12	1.0	False
3.453528770519825e-05	0.9950248756218906	0.2323676270590483	0.5353247612353744	Monocyte	T cell	2	7	10	6	9	TMED9	1.0	False
0.00034303823199010187	0.9950248756218906	0.1941164625388116	0.2160929432013769	Plasma cell	Dendritic cell	2	7	10	3	8	UQCRC2	1.0	False
4.337877212349962e-05	0.9950248756218906	0.18053668903981912	0.23748635110462737	Erythroid	Plasma cell	2	7	12	5	10	XPA	1.0	False
5.6122056358438724e-05	0.9950248756218906	0.06270855728515029	0.16131726360603782	Monocyte	NK	2	7	11	5	9	YWHAE	1.0	False
3.404583260885857e-05	0.9950248756218906	0.09190682236796338	0.0823723060826071	T cell	NK	2	7	11	4	8	ZNF43	1.0	False
2.839554917412145e-05	1.0	0.01365471033683141	0.061599909990999124	Monocyte	T cell	2	2	3	3	3	A2M	1.0	False
6.967283943185959e-06	1.0	0.01492383622037019	0.04509033377564553	Erythroid	NK	2	2	3	3	3	ABCB1	1.0	False
8.835682975892851e-07	1.0	0.14653311411504755	0.07525252525252524	B cell	T cell	2	3	5	3	4	ABCC5	1.0	False
5.5683360498459984e-05	1.0	0.03287892289224964	0.015315985130111509	Erythroid	NK	2	2	3	3	3	ACOX3	1.0	False
9.198715187377493e-06	1.0	0.01833031166364496	0.0033371472158657545	Erythroid	B cell	2	2	3	3	3	ACTR6	1.0	False
2.2558419462389746e-05	1.0	0.034103857878692315	0.01834862385321101	B cell	T cell	2	2	3	3	3	AIDA	1.0	False
0.0001329990291742885	1.0	0.06604963663787189	0.04562594268476622	Dendritic cell	B cell	2	2	3	3	3	AKIP1	1.0	False
2.7072182767834315e-05	1.0	0.010220543286900252	0.27796543966588927	B cell	Dendritic cell	2	2	3	3	3	AKR1C3	1.0	False
2.0065125558506116e-05	1.0	0.051987523591655926	0.029399861547473205	NK	Erythroid	2	2	3	3	3	ARPC3	1.0	False
4.426634550841164e-08	1.0	0.0011348073501057376	0.22547284400485856	B cell	Erythroid	2	2	3	3	3	ATP6V0D1	1.0	False
2.493535247669117e-06	1.0	0.005598929804967234	0.05285658764088608	Erythroid	NK	2	2	3	3	3	B9D2	1.0	False
0.001108310339540244	1.0	0.017558331305424724	0.12352875860537421	NK	Erythroid	2	2	3	3	3	BCL7C	1.0	False
6.3146647744818e-07	1.0	0.024543392020912325	0.03032581453634081	Erythroid	B cell	2	2	3	3	3	BRAT1	1.0	False
0.005043113437012655	1.0	0.11169176269287484	0.2892509987731605	NK	Erythroid	2	2	3	3	3	C11orf21	1.0	False
1.7199257687678425e-05	1.0	0.07321337149175211	0.140319071791153	T cell	NK	2	6	7	3	5	CAMK4	1.0	False
1.1136039843365983e-07	1.0	0.01362854030076055	0.08148900169204742	T cell	B cell	2	2	3	3	3	CBLL1	1.0	False
2.4187250828966803e-05	1.0	0.15935464316734216	0.1627555240458466	Erythroid	Plasma cell	2	6	7	3	4	CD84	1.0	False
3.158251262659326e-05	1.0	0.16640939141759892	0.2559669051254776	Plasma cell	Erythroid	2	7	17	6	10	CDADC1	1.0	False
4.6710850059576976e-06	1.0	0.02068990215801292	0.06926762491444216	Plasma cell	B cell	2	2	3	3	3	CDC42BPA	1.0	False
4.316209376378754e-05	1.0	0.22227670207529582	0.2369382114891097	Plasma cell	NK	2	7	7	3	6	CDK11B	1.0	False
6.660152057846865e-07	1.0	9.211094534333775e-06	0.031010270317777186	B cell	Dendritic cell	2	2	3	3	3	CENPF	1.0	False
8.024586745539539e-05	1.0	0.05460686924455038	0.05086912065439669	Erythroid	NK	2	2	3	3	3	CIAO3	1.0	False
0.0006435486369298968	1.0	0.06767345619403453	0.1251998720818676	NK	Erythroid	2	2	3	3	3	CMTR2	1.0	False
0.00011551589153853769	1.0	0.03460553955183693	0.0405026300409117	T cell	NK	2	2	3	3	3	CNPY2	1.0	False
5.470843711821338e-07	1.0	0.049625552530986106	0.022654462242562956	Erythroid	NK	2	2	3	3	3	COQ8B	1.0	False
2.1893308208414857e-05	1.0	0.03608002340721239	0.01211683053788315	NK	Erythroid	2	2	3	3	3	CRTAP	1.0	False
0.0006152164973620039	1.0	0.03925693699639743	0.02161854643720662	Monocyte	B cell	2	2	3	3	3	CYCS	1.0	False
0.0002430238155881981	1.0	0.1317767307321116	0.12994253366497988	B cell	NK	2	2	3	3	3	DANCR	1.0	False
4.082781486046757e-06	1.0	0.013439397637004746	0.05723370429252783	Erythroid	B cell	2	2	3	3	3	DHDDS	1.0	False
6.763246352747765e-06	1.0	0.003074057556225751	0.034135348313117264	B cell	Erythroid	2	2	3	3	3	DNMBP	1.0	False
0.0001226915887565783	1.0	0.04422749909226087	0.09396037240391497	Erythroid	NK	2	2	3	3	3	DOCK8-AS2	1.0	False
1.9990896584747133e-06	1.0	0.030555344318029698	0.003155698070952284	Erythroid	NK	2	2	3	3	3	E2F4	1.0	False
1.1143455638924165e-05	1.0	0.37656190632804504	0.3813647342995169	Plasma cell	Monocyte	2	7	13	7	11	EBLN3P	1.0	False
7.985093158288325e-05	1.0	0.18224894503240602	0.13368997980751585	Erythroid	B cell	2	4	4	3	3	EEIG2	1.0	False
1.9799752870404936e-06	1.0	0.004936257327432414	0.0352396141869826	Erythroid	NK	2	2	3	3	3	ENSG00000203279	1.0	False
6.662702624773517e-05	1.0	0.00761784915734437	0.10479867622724764	NK	Erythroid	2	2	3	3	3	ENSG00000214955	1.0	False
0.00024997263618677616	1.0	0.05575198592468267	0.013426206339592128	Erythroid	NK	2	3	4	3	3	ENSG00000253636	1.0	False
0.00013527741084910433	1.0	0.000614768185106751	0.18110363827890769	NK	Erythroid	2	2	3	3	3	ENSG00000254263	1.0	False
4.7190211225285264e-07	1.0	0.007072264389626937	0.17155425219941345	B cell	Erythroid	2	2	3	3	3	ENSG00000260349	1.0	False
6.547085244008592e-08	1.0	0.031646534456875486	0.011910274219272488	Erythroid	T cell	2	2	3	3	3	ENSG00000261218	1.0	False
5.825580433472669e-05	1.0	0.0029736876217107966	0.06360655737704912	NK	Erythroid	2	2	3	3	3	ENSG00000267039	1.0	False
0.00014420982456643435	1.0	0.0464219540292693	0.006506238859180058	Erythroid	NK	2	2	3	3	3	ENSG00000267136	1.0	False
9.380295328007732e-06	1.0	0.004604872251931014	0.10819892473118281	Erythroid	NK	2	2	3	3	3	ENSG00000272991	1.0	False
1.2196822383858779e-05	1.0	0.008899839553652256	0.03918461736114082	Erythroid	NK	2	2	3	3	3	ENSG00000273951	1.0	False
6.717508524412458e-06	1.0	0.061735504668470664	0.023130841121495327	NK	Erythroid	2	2	3	3	3	ENSG00000286245	1.0	False
0.0001307578684489219	1.0	0.042342188896142274	0.024830969110433476	NK	Erythroid	2	2	3	3	3	ENSG00000286894	1.0	False
8.126906810151058e-07	1.0	0.013894151326660553	0.010367346938775501	NK	Erythroid	2	2	3	3	3	ENSG00000289007	1.0	False
5.653583890101843e-06	1.0	0.007141812865497088	0.0619676509867933	B cell	Erythroid	2	2	3	3	3	ENSG00000289119	1.0	False
5.765534869896904e-05	1.0	0.01580278592375378	0.0036496350364964014	NK	Erythroid	2	2	3	3	3	ENSG00000289405	1.0	False
4.901959066868944e-05	1.0	0.05693033876096937	0.08444759785424794	Plasma cell	Monocyte	2	7	16	7	10	ENSG00000290476	1.0	False
2.2629880998558485e-05	1.0	0.11597494303789413	0.015625	Erythroid	NK	2	2	3	3	3	ENSG00000290683	1.0	False
1.9999377071110246e-05	1.0	0.06920932447534889	0.030794198611282297	NK	Erythroid	2	2	3	3	3	ENSG00000290854	1.0	False
4.852896541270079e-06	1.0	0.08015552282456923	0.00303030303030305	NK	Erythroid	2	2	3	3	3	ENSG00000290924	1.0	False
3.6780041316768634e-05	1.0	0.17085956328762153	0.21809637637855167	B cell	NK	2	4	6	3	4	ENSG00000291046	1.0	False
0.0005321547139632938	1.0	0.010819390799148954	0.024129326820981123	NK	Erythroid	2	2	3	3	3	ERVK13-1	1.0	False
0.0002068566679198822	1.0	0.05864303411473232	0.05992509363295884	B cell	Dendritic cell	2	2	3	3	3	FAM185A	1.0	False
0.0003757886032306288	1.0	0.05724802724068734	0.16295660350360786	Dendritic cell	Plasma cell	2	2	3	3	3	FBH1	1.0	False
1.0872225281825022e-05	1.0	0.0334985263556693	0.03227586206896549	T cell	Erythroid	2	2	3	3	3	FBXO16	1.0	False
4.7484473476692154e-05	1.0	0.15306490553048757	0.15053183520599253	NK	Dendritic cell	2	5	8	3	6	FBXO25	1.0	False
0.00034408602150537665	1.0	0.03596866096866097	0.055311827956989246	B cell	NK	2	2	3	3	3	FIGNL1	1.0	False
1.0711732829575996e-06	1.0	0.01240563455596122	0.02490170380078638	Erythroid	T cell	2	2	3	3	3	FKBP14	1.0	False
4.395895548721526e-05	1.0	0.1770293846279516	0.28125971362826235	Erythroid	Monocyte	2	7	10	6	8	FNBP4	1.0	False
1.8164867910581612e-06	1.0	0.008318751169559269	0.024277442157772056	NK	Erythroid	2	2	3	3	3	GALNS	1.0	False
4.1177289424022104e-07	1.0	0.012350968720395511	0.0810814788649476	NK	Erythroid	2	2	3	3	3	GCNT7	1.0	False
1.1206814282200482e-06	1.0	0.019544337243876886	0.015340909090909072	NK	Erythroid	2	2	3	3	3	GDAP1	1.0	False
1.361315703673674e-05	1.0	0.004651836531127218	0.018128005919348822	Erythroid	NK	2	2	3	3	3	GGT7	1.0	False
0.00016856344753983916	1.0	0.2343460023790895	0.30663770553064273	Dendritic cell	T cell	2	6	8	3	5	GLB1	1.0	False
9.066078354411452e-05	1.0	0.027652044533885478	0.04500169817728972	Erythroid	NK	2	2	3	3	3	GLE1	1.0	False
0.0002906419956681818	1.0	0.17898413523413526	0.34798824593128397	Erythroid	T cell	2	6	8	3	5	GPR180	1.0	False
0.00011576617741187114	1.0	0.06579207992290798	0.04165749504732558	T cell	B cell	2	2	3	3	3	GPR89A	1.0	False
5.265082245942451e-05	1.0	0.004395147871826044	0.11573382239731922	NK	Erythroid	2	2	3	3	3	GZF1	1.0	False
0.0001703265765765764	1.0	0.05071704131996102	0.08882319819819828	B cell	Erythroid	2	2	3	3	3	HARS2	1.0	False
1.010400305567436e-05	1.0	0.0859454743660708	0.005856781875026751	B cell	Erythroid	2	2	3	3	3	HCFC1R1	1.0	False
4.8581267887972616e-05	1.0	0.11363021694196779	0.09642213765219704	Plasma cell	Monocyte	2	7	8	4	7	HDAC9	1.0	False
2.382794642361772e-06	1.0	0.025547907698731442	0.07310924369747901	Erythroid	B cell	2	2	3	3	3	HHEX	1.0	False
9.07523912418688e-06	1.0	0.0032825352701129074	0.008074051552312445	Erythroid	NK	2	2	3	3	3	HLCS-AS1	1.0	False
6.323605051473519e-06	1.0	0.013585746725281678	0.010141727431447034	Plasma cell	Dendritic cell	2	2	3	3	3	INO80E	1.0	False
6.205985152564326e-05	1.0	0.18286324786324792	0.15476911889467937	B cell	Plasma cell	2	6	9	3	6	INPP5F	1.0	False
0.00030707072876710634	1.0	0.013311183479772448	0.015261682950844402	Erythroid	NK	2	2	3	3	3	INTS6-AS1	1.0	False
4.842593029174354e-08	1.0	0.00906221379945138	0.25329853794534307	Erythroid	NK	2	2	3	3	3	IRAK1	1.0	False
7.222188971985741e-05	1.0	0.06729028489049149	0.03510876249298911	NK	Erythroid	2	2	3	3	3	ITK	1.0	False
2.2494711350246874e-05	1.0	0.016051794630252747	0.03725809368782779	NK	Erythroid	2	2	3	3	3	KCTD5	1.0	False
2.2135168585869847e-07	1.0	0.0028697425845842783	0.14943507197028327	Erythroid	NK	2	2	3	3	3	KRBOX4	1.0	False
1.5045749346890763e-05	1.0	0.13569671209887452	0.08993815775198	T cell	Dendritic cell	2	6	11	6	9	LARP1B	1.0	False
1.071403185538905e-05	1.0	0.016894881095306236	0.06804707150556955	Erythroid	B cell	2	2	3	3	3	LAT	1.0	False
2.8743837103854114e-06	1.0	0.3068509151621642	0.1255068651856026	B cell	Erythroid	2	3	5	3	4	LMO2	1.0	False
0.00016093470240956655	1.0	0.021856582964259186	0.055899339933993375	NK	Dendritic cell	2	3	4	3	3	LRRC37B	1.0	False
1.658796601842135e-05	1.0	0.16516392855696527	0.13446697187704376	T cell	Dendritic cell	2	7	18	7	11	MCM3AP	1.0	False
1.7908111260149948e-06	1.0	0.049735563478058575	0.0030850991489562163	NK	Erythroid	2	2	3	3	3	MIR3667HG	1.0	False
6.118355613601025e-05	1.0	0.33145190363097793	0.294758966858331	Erythroid	Plasma cell	2	7	11	3	7	MKI67	1.0	False
6.448176754738993e-05	1.0	0.009429946770100173	0.011332227750138146	NK	Erythroid	2	2	3	3	3	MMP24	1.0	False
3.903969435708123e-05	1.0	0.12714099908527238	0.07544577506140782	B cell	NK	2	7	11	4	8	MPP7	1.0	False
1.7599031254215465e-05	1.0	0.01423452501877076	0.09115412888997793	NK	Erythroid	2	2	4	4	4	MRGBP	1.0	False
0.000257141149062221	1.0	0.020628102973709928	0.10508629036851397	T cell	B cell	2	2	3	3	3	MTHFR	1.0	False
1.109310514035931e-06	1.0	0.008914769441085324	0.07127001744093864	NK	B cell	2	2	3	3	3	NBPF10	1.0	False
6.919231607290084e-05	1.0	0.01787984679540422	0.0031914893617021045	NK	Erythroid	2	2	3	3	3	NBR1	1.0	False
1.3376372321292356e-05	1.0	0.13309528102863283	0.01386218409993667	Erythroid	B cell	2	2	3	3	3	NEO1	1.0	False
0.001221177041056774	1.0	0.16844984077640673	0.29597011462429784	Plasma cell	T cell	2	6	11	5	8	NOL11	1.0	False
6.262178323714724e-05	1.0	0.003077115577115652	0.002502887947631871	NK	B cell	2	2	3	3	3	NOTCH2NLA	1.0	False
0.00012944936031114676	1.0	0.03259676331010125	0.08002827854365502	NK	B cell	2	2	3	3	3	NPEPPSP1	1.0	False
1.6815627462792283e-05	1.0	0.11843583223953374	0.14999999999999997	T cell	Dendritic cell	2	7	8	3	7	OGDH	1.0	False
0.0	1.0	0.0	0.4808951965065502	Erythroid	Erythroid	2	2	3	3	3	ORAI3	1.0	False
1.564547622303121e-05	1.0	0.0026895756026512063	0.07342371030843414	Erythroid	NK	2	2	3	3	3	PAK4	1.0	False
2.1085340872050617e-05	1.0	0.27604206045181706	0.393054801953337	T cell	Dendritic cell	2	6	10	3	7	PARP10	1.0	False
1.60167447766325e-06	1.0	0.029339830665387368	0.08700084961767202	NK	Erythroid	2	2	3	3	3	PCED1A	1.0	False
6.419554589598881e-10	1.0	0.0009853041842002863	0.04355563599070966	NK	Erythroid	2	2	3	3	3	PHAF1	1.0	False
4.5071859890626564e-07	1.0	0.04755057671562524	0.033159122449582135	B cell	Erythroid	2	2	3	3	3	PKD2L2	1.0	False
4.2395118267032407e-07	1.0	0.006964709233708344	0.06580086580086575	NK	Erythroid	2	2	4	4	4	PKIG	1.0	False
5.892853711045525e-05	1.0	0.04148675006725866	0.03977676306443423	NK	Erythroid	2	2	3	3	3	PLGRKT	1.0	False
1.4425679009332998e-05	1.0	0.021523505734032167	0.18914305223625816	T cell	B cell	2	2	3	3	3	POLR2I	1.0	False
5.54942835849559e-07	1.0	0.008081388022299234	0.012675717890183832	Erythroid	NK	2	2	3	3	3	POMT1	1.0	False
4.182169311045809e-06	1.0	0.007010417680004599	0.001366551035425212	T cell	B cell	2	2	3	3	3	POMZP3	1.0	False
0.00014520855072749266	1.0	0.025647244662524882	0.1571131571131571	NK	Erythroid	2	2	3	3	3	POP1	1.0	False
2.0716412032666767e-05	1.0	0.056707256128446515	0.04083364308250853	T cell	Monocyte	2	7	11	5	10	PRKCA	1.0	False
2.0498508338559915e-05	1.0	0.10120934557408767	0.014329357927164443	NK	Erythroid	2	2	4	4	4	RABEPK	1.0	False
0.0002536000870772422	1.0	0.0028634503350419283	0.04370866926352024	NK	Erythroid	2	2	3	3	3	RECK	1.0	False
1.3978277217293595e-05	1.0	0.05195221454451959	0.026655005515856756	NK	Erythroid	2	2	4	4	4	RELA	1.0	False
0.0001715757301889832	1.0	0.19871079027549426	0.3271376902694234	B cell	Plasma cell	2	6	9	4	6	RHBDF2	1.0	False
1.4837600529129473e-05	1.0	0.05173616103522638	0.07143964047729745	Erythroid	B cell	2	2	3	3	3	RHOF	1.0	False
2.1211025463160223e-05	1.0	0.007290146619414961	0.019895213820447455	B cell	Erythroid	2	2	3	3	3	RPL7	1.0	False
1.6213804556709225e-05	1.0	0.08655330642294867	0.09400042842312828	Monocyte	Dendritic cell	2	6	7	4	7	RPS6KC1	1.0	False
1.4298588227040557e-05	1.0	0.0012707880686649853	0.003809198931150115	Plasma cell	Dendritic cell	2	2	3	3	3	SHISA5	1.0	False
0.00033420087317041444	1.0	0.038185268940933714	0.18025829594260617	NK	Erythroid	2	2	3	3	3	SLC16A3	1.0	False
9.235979643878963e-08	1.0	0.01610826401044907	0.077916360968452	B cell	NK	2	2	3	3	3	SLC16A4	1.0	False
1.2544690136172674e-06	1.0	0.0030901442193811413	0.03272820512820512	Erythroid	B cell	2	2	3	3	3	SMG5	1.0	False
3.389835757205726e-05	1.0	0.10773801049840992	0.0723895995203011	Monocyte	Erythroid	2	7	8	4	7	SMURF1	1.0	False
1.952463884736408e-06	1.0	0.10391937056063733	0.037001401845882353	Dendritic cell	B cell	2	2	3	3	3	SNCA	1.0	False
0.015993593923238375	1.0	0.12506257923223485	0.48204787234042556	Erythroid	NK	2	2	3	3	3	SNU13	1.0	False
0.00042636883712835226	1.0	0.06658257347912522	0.0523912050629608	NK	Erythroid	2	2	3	3	3	SNX21	1.0	False
5.990744926146462e-07	1.0	0.05006318380191932	0.0582083195305475	NK	Erythroid	2	2	3	3	3	SOD1	1.0	False
1.4442202882808598e-06	1.0	0.004500381388253205	0.38912076767046333	Erythroid	T cell	2	2	3	3	3	SRD5A3	1.0	False
5.406533304403817e-05	1.0	0.10428286001636472	0.08819419540727363	Plasma cell	Erythroid	2	7	7	3	7	ST3GAL3	1.0	False
0.000758276185908841	1.0	0.04904562129962586	0.05797458986061427	Plasma cell	NK	2	2	3	3	3	STAP1	1.0	False
1.5928331621211083e-05	1.0	0.050160018130541495	0.021624977218881014	B cell	Erythroid	2	2	3	3	3	SURF1	1.0	False
5.7864155357753714e-05	1.0	0.14985834677575927	0.20878893184226577	B cell	Monocyte	2	7	11	3	7	SUZ12	1.0	False
5.819359763695532e-06	1.0	0.02666379475333136	0.06270976859212152	B cell	Erythroid	2	2	3	3	3	SWT1	1.0	False
7.469702372843e-07	1.0	0.0028564164415200155	0.09134561066546154	Dendritic cell	B cell	2	2	3	3	3	TAF13	1.0	False
5.517975714576929e-08	1.0	0.01896943888560193	0.010837553337286088	NK	B cell	2	2	3	3	3	TAGLN2	1.0	False
6.459340116777868e-05	1.0	0.02254140884734923	0.09756671899529046	Monocyte	NK	2	2	3	3	3	TAS2R14	1.0	False
3.527866900815155e-05	1.0	0.07857899190105067	0.13892448565903215	B cell	NK	2	3	5	3	5	TBC1D25	1.0	False
4.418736682777095e-05	1.0	0.10073668426987081	0.2643239113827349	Plasma cell	T cell	2	7	13	8	12	TCF25	1.0	False
1.7442664551435297e-06	1.0	0.014893409705280025	0.03504101828348599	Plasma cell	Dendritic cell	2	2	3	3	3	TLN2	1.0	False
4.893950248476598e-05	1.0	0.0042801815379907016	0.03579136690647483	Erythroid	T cell	2	2	3	3	3	TMC3-AS1	1.0	False
2.1848873086815225e-05	1.0	0.007048984468339348	0.17521793275217928	NK	B cell	2	2	3	3	3	TMEM161A	1.0	False
3.539714050909614e-05	1.0	0.024676258203059298	0.19877837267174425	Erythroid	NK	2	2	3	3	3	TMEM179B	1.0	False
9.724442865336341e-05	1.0	0.030399864605762605	0.033427814293642555	B cell	NK	2	3	3	3	3	TNRC6B	1.0	False
0.00010670067822330729	1.0	0.008349774378195562	0.029653679653679654	Erythroid	B cell	2	2	3	3	3	TRIM52-AS1	1.0	False
1.5828723096282214e-05	1.0	0.024634166308507788	0.2985338602654176	T cell	Erythroid	2	2	3	3	3	TSPAN4	1.0	False
6.946999088845751e-07	1.0	0.0004935615302815721	0.03338699517043464	Erythroid	NK	2	2	3	3	3	TXNL4B	1.0	False
3.900153838869045e-06	1.0	0.004864739347498093	0.05260550822270649	NK	Erythroid	2	2	3	3	3	UBFD1	1.0	False
4.6003118335293624e-05	1.0	0.015032499067526073	0.04222222222222222	B cell	NK	2	4	5	3	5	UBLCP1	1.0	False
3.6786852052963795e-09	1.0	0.03026803336887607	0.034977942883677726	Plasma cell	Dendritic cell	2	2	3	3	3	UBN2	1.0	False
0.002419083074758539	1.0	0.102723311546841	0.24161922833649585	Dendritic cell	Plasma cell	2	2	3	3	3	USF2	1.0	False
1.5341096143059246e-06	1.0	0.028417006964255864	0.03355634811131647	Erythroid	NK	2	2	3	3	3	USP31	1.0	False
3.8322964787237565e-05	1.0	0.07474863498767165	0.09795446580546002	Erythroid	Monocyte	2	7	10	7	9	USP47	1.0	False
1.7882979662406033e-07	1.0	0.0076006369109817284	0.1258163836536667	B cell	Erythroid	2	2	3	3	3	UTP15	1.0	False
8.976689477067481e-05	1.0	0.03541628446751788	0.07164902998236339	NK	Erythroid	2	2	3	3	3	VPS33B	1.0	False
7.184245753730807e-06	1.0	0.04408916876128749	0.020065520065520093	B cell	T cell	2	2	3	3	3	WARS2	1.0	False
0.0006291780675455894	1.0	0.012573345473273712	0.05796963946869066	NK	Erythroid	2	2	3	3	3	ZBTB40	1.0	False
0.001995277887884164	1.0	0.021554955765482053	0.0966509988249119	NK	Erythroid	2	2	3	3	3	ZFP1	1.0	False
6.3694392065738586e-06	1.0	0.010915489384159538	0.14226075786769432	B cell	Erythroid	2	2	3	3	3	ZNF320	1.0	False
4.179206885963006e-05	1.0	0.016094766234483027	0.15961337513061652	NK	Erythroid	2	2	3	3	3	ZNF596	1.0	False
8.57949801317839e-05	1.0	0.009691697191697213	0.02350780532598712	NK	Erythroid	2	2	3	3	3	ZNF615	1.0	False
0.00010739734544643558	1.0	0.008535607086885943	0.0398696682464455	NK	Erythroid	2	2	3	3	3	ZNF646	1.0	False
0.002942362368635297	1.0	0.10538763299376153	0.08504786915076196	NK	Erythroid	2	2	3	3	3	ZNF7	1.0	False
2.417233811347094e-06	1.0	0.0004438348882793153	0.01361984167652397	Erythroid	NK	2	2	3	3	3	ZNF81	1.0	False
