statistic	pval	effect_equal_donor	effect_pooled_counts	hi_celltype	lo_celltype	n_features	n_celltypes	n_donors	min_donors_per_celltype	max_donors_per_celltype	gene	qval	sig
0.0024728073842633144	0.004975124378109453	0.09246830467100636	0.19096312905887086	Monocyte	Plasma cell	2	4	4	3	3	ALOX5AP	0.9553843684801797	False
0.0008144384241442839	0.004975124378109453	0.2090095100774897	0.270996640537514	Dendritic cell	T cell	2	5	7	3	6	ARHGAP30	0.9553843684801797	False
0.0013162028874516554	0.004975124378109453	0.13376856510118024	0.1327116734552387	Monocyte	NK	2	7	9	3	6	BMS1	0.9553843684801797	False
0.00046604962864127983	0.004975124378109453	0.1819692597450145	0.18922746585042716	Erythroid	NK	2	7	14	5	11	BRWD3	0.9553843684801797	False
0.001027210399191335	0.004975124378109453	0.12581019959998213	0.0630551538938236	T cell	Plasma cell	2	4	5	3	5	C7orf50	0.9553843684801797	False
0.0002953975612030418	0.004975124378109453	0.11834992367279551	0.09143901443001584	Plasma cell	NK	2	7	15	8	11	CASK	0.9553843684801797	False
0.0008577289811687013	0.004975124378109453	0.2906669294486644	0.2908235964662297	Erythroid	NK	2	7	10	4	7	CDC123	0.9553843684801797	False
0.0010340160200626365	0.004975124378109453	0.09788073625683397	0.11093781912029554	T cell	Dendritic cell	2	6	7	3	5	CLIC4	0.9553843684801797	False
0.0007409439934475813	0.004975124378109453	0.1187002168990755	0.37149459908599913	T cell	Dendritic cell	2	6	11	4	8	COPS3	0.9553843684801797	False
0.0005018305315280693	0.004975124378109453	0.19122571621039403	0.135579398504794	Dendritic cell	Erythroid	2	7	12	3	10	DECR1	0.9553843684801797	False
0.00039129838345262663	0.004975124378109453	0.13848027457810097	0.30034482758620695	B cell	Erythroid	2	6	7	4	7	DNAJB11	0.9553843684801797	False
0.00022472001287604282	0.004975124378109453	0.09373181122062518	0.1552909737546826	Dendritic cell	NK	2	7	19	7	15	DOP1B	0.9553843684801797	False
0.0004904876531537406	0.004975124378109453	0.20290898788668849	0.2219622699841861	Plasma cell	NK	2	7	13	5	10	GOLGA8B	0.9553843684801797	False
0.0007161035409311508	0.004975124378109453	0.21579013654301205	0.376310113890045	T cell	B cell	2	7	9	4	7	GOLT1B	0.9553843684801797	False
0.0017322092767551225	0.004975124378109453	0.19230366081329575	0.2828678740923857	Monocyte	Dendritic cell	2	7	15	7	12	IL3RA	0.9553843684801797	False
0.0009067949927473421	0.004975124378109453	0.35390512935315804	0.33044112671605996	T cell	Plasma cell	2	5	7	3	4	KLRG1	0.9553843684801797	False
0.0016966735468741424	0.004975124378109453	0.2736148767750172	0.24865778484788226	T cell	Monocyte	2	7	9	3	5	MARK4	0.9553843684801797	False
3.6981165435765975e-05	0.004975124378109453	0.05063178673315105	0.11271641439120006	NK	Dendritic cell	2	7	18	11	17	PAN3	0.9553843684801797	False
0.0012412631366135274	0.004975124378109453	0.25007213457709987	0.37862682209953524	NK	Erythroid	2	6	9	4	8	PAN3-AS1	0.9553843684801797	False
0.00028369830131536267	0.004975124378109453	0.0820152186130561	0.08407534552736512	Monocyte	Dendritic cell	2	7	9	5	7	PLCL2	0.9553843684801797	False
0.00019381586328912404	0.004975124378109453	0.24598636576248523	0.5273822866683012	B cell	Dendritic cell	2	7	8	5	8	POLR2J	0.9553843684801797	False
0.0007279703759708244	0.004975124378109453	0.14979837873899154	0.24515754312367316	B cell	Plasma cell	2	7	8	3	8	PRKRIP1	0.9553843684801797	False
0.0005938182249131763	0.004975124378109453	0.12881135118468928	0.11765631761485845	T cell	Monocyte	2	7	11	6	10	RABEP1	0.9553843684801797	False
0.0006179343586394776	0.004975124378109453	0.09639514983850767	0.1785123233184175	Monocyte	Erythroid	2	7	18	7	15	RNASEH2B	0.9553843684801797	False
0.0015897200588578116	0.004975124378109453	0.23276789087987482	0.21525829499120935	Dendritic cell	Monocyte	2	6	9	3	7	SLC12A2-DT	0.9553843684801797	False
0.0023314617354109873	0.004975124378109453	0.22586580086580077	0.20132013201320137	T cell	NK	2	6	8	3	5	SOGA1	0.9553843684801797	False
0.0008814127981820605	0.004975124378109453	0.09025221917449516	0.11756938801693534	T cell	Monocyte	2	5	6	3	5	TM2D1	0.9553843684801797	False
8.342862974256293e-05	0.004975124378109453	0.11275674457404378	0.3171355498721228	Monocyte	T cell	2	5	6	3	5	TMEM106C	0.9553843684801797	False
0.0005089407678053888	0.004975124378109453	0.18085284442641253	0.35825822848989697	Monocyte	Dendritic cell	2	7	14	7	11	TMEM230	0.9553843684801797	False
0.0035983738105384976	0.004975124378109453	0.21543874012835473	0.24794321484462328	Erythroid	Plasma cell	2	7	9	3	6	UBE2Q2P1	0.9553843684801797	False
0.0006957922515894962	0.004975124378109453	0.16627342506093212	0.174521796068488	Erythroid	Dendritic cell	2	7	14	3	9	UTP23	0.9553843684801797	False
0.0009799228198788467	0.009950248756218905	0.19967367204052577	0.25067905320581596	Erythroid	Plasma cell	2	6	9	3	6	AIMP1	0.9921605041790631	False
0.0017955259183858089	0.009950248756218905	0.23514314210694048	0.2285504353956292	Dendritic cell	Monocyte	2	6	10	3	6	BORA	0.9921605041790631	False
0.0004420545745598769	0.009950248756218905	0.10415051621209453	0.08541692947151036	Plasma cell	Monocyte	2	7	11	4	7	CCSER2	0.9921605041790631	False
0.000842491281539344	0.009950248756218905	0.15934046614426361	0.15526032315978455	Dendritic cell	NK	2	7	10	3	7	CDC25B	0.9921605041790631	False
0.00048195092082259074	0.009950248756218905	0.14854552592429798	0.16024579724910853	Erythroid	NK	2	7	9	4	6	DENND5B	0.9921605041790631	False
0.001868122228885518	0.009950248756218905	0.17808111428801093	0.18009776874304245	Erythroid	Dendritic cell	2	4	5	3	3	DEPTOR	0.9921605041790631	False
0.00044044116678399077	0.009950248756218905	0.29169313427546034	0.28806872563438146	Plasma cell	NK	2	7	13	4	8	FKBP15	0.9921605041790631	False
0.0004761591040075031	0.009950248756218905	0.1283939860344953	0.19355049712192568	B cell	NK	2	7	13	4	11	HAUS6	0.9921605041790631	False
0.00021447017896761807	0.009950248756218905	0.21225246850895446	0.26459325043408505	NK	Erythroid	2	7	8	3	6	LUC7L2	0.9921605041790631	False
0.0009177478788437902	0.009950248756218905	0.12844369561575153	0.1950813634232907	Monocyte	Erythroid	2	7	10	5	7	MGMT	0.9921605041790631	False
0.0013760318361607082	0.009950248756218905	0.318238554564188	0.20821030821030817	Plasma cell	Dendritic cell	2	6	7	3	5	MRPS36	0.9921605041790631	False
0.0005991444300434417	0.009950248756218905	0.27319238668745865	0.25463723246735764	Plasma cell	NK	2	7	12	3	9	NORAD	0.9921605041790631	False
0.001506827201278218	0.009950248756218905	0.24899042090574114	0.27168371836141286	Erythroid	T cell	2	7	11	3	8	OPA3	0.9921605041790631	False
0.0005258382028046119	0.009950248756218905	0.11042700524407845	0.24109922160273656	Erythroid	NK	2	5	10	3	6	ORC6	0.9921605041790631	False
6.734654397872437e-05	0.009950248756218905	0.20568868990993183	0.40058670664053614	Erythroid	NK	2	7	10	5	9	POLR2L	0.9921605041790631	False
0.0005403671898832575	0.009950248756218905	0.1441389651875677	0.10544966442953019	Dendritic cell	NK	2	7	13	5	9	ST3GAL2	0.9921605041790631	False
0.0008332637105443075	0.009950248756218905	0.0863805047844512	0.2234534006598411	Dendritic cell	Monocyte	2	7	11	5	9	URI1	0.9921605041790631	False
0.00015156368745966378	0.014925373134328358	0.14529269847020504	0.2586885836525107	Dendritic cell	Plasma cell	2	7	8	4	6	AOAH	0.9921605041790631	False
0.00034790195065216665	0.014925373134328358	0.15602587840849508	0.4274696183952014	Plasma cell	Monocyte	2	7	14	4	9	ASPH	0.9921605041790631	False
0.0003760401264336936	0.014925373134328358	0.059161304656785985	0.1761377958534357	Monocyte	Plasma cell	2	7	9	5	9	ATF7IP	0.9921605041790631	False
0.0013740592445506763	0.014925373134328358	0.19669227876041612	0.4004635482511588	Erythroid	Monocyte	2	4	7	3	6	ATG16L2	0.9921605041790631	False
0.0006102216860058641	0.014925373134328358	0.367709496838959	0.515843121327455	T cell	Erythroid	2	7	9	3	7	BRMS1	0.9921605041790631	False
0.000525869305606854	0.014925373134328358	0.2896340430231866	0.5369551334764628	NK	B cell	2	7	7	3	7	CDK11A	0.9921605041790631	False
0.0002540862524406811	0.014925373134328358	0.1226233839101617	0.2858304222506717	NK	Dendritic cell	2	7	10	5	10	CERT1	0.9921605041790631	False
0.00314007328429584	0.014925373134328358	0.3315078155518895	0.7399303137950283	B cell	Monocyte	2	7	17	6	13	CST3	0.9921605041790631	False
0.0006701697986695159	0.014925373134328358	0.3731078158553903	0.40907471484130903	NK	Plasma cell	2	6	12	4	11	ELMO2	0.9921605041790631	False
0.000981265602423612	0.014925373134328358	0.20559746478421181	0.1592330383480826	T cell	Erythroid	2	5	6	3	4	IK	0.9921605041790631	False
0.0010546599368931998	0.014925373134328358	0.20400820686453908	0.3030379397452283	Erythroid	Monocyte	2	5	6	3	5	IRF2BP2	0.9921605041790631	False
0.000851387273264307	0.014925373134328358	0.1541375918527103	0.17948275862068963	T cell	NK	2	4	5	3	5	LINC00540	0.9921605041790631	False
0.0008190108289325067	0.014925373134328358	0.15193137363629172	0.30017350291223294	Monocyte	Erythroid	2	7	8	4	6	LINC00910	0.9921605041790631	False
0.0010961803206224212	0.014925373134328358	0.2274506326638145	0.27730136297218955	Erythroid	NK	2	7	6	3	5	LSM10	0.9921605041790631	False
0.000827012687036471	0.014925373134328358	0.18657404429234375	0.1815707934797251	Dendritic cell	Plasma cell	2	7	11	4	7	NCBP3	0.9921605041790631	False
0.00011996168517721776	0.014925373134328358	0.6640419947506562	0.8066614332174498	B cell	Dendritic cell	2	6	7	3	4	PPP1R14B	0.9921605041790631	False
0.0002870197506960321	0.014925373134328358	0.10074651633267084	0.10931830025107775	B cell	NK	2	7	17	5	13	RALGAPB	0.9921605041790631	False
0.0004348633586928383	0.014925373134328358	0.20362430842831658	0.2389130693267582	NK	Plasma cell	2	7	17	6	14	RCBTB1	0.9921605041790631	False
0.001452023145175896	0.014925373134328358	0.1739379617167192	0.11185770750988144	Plasma cell	Monocyte	2	7	9	3	5	RPP30	0.9921605041790631	False
0.001207618588763487	0.014925373134328358	0.18942643800901765	0.10885959735064599	Plasma cell	Monocyte	2	5	7	3	5	SENP1	0.9921605041790631	False
0.0004357225835357626	0.014925373134328358	0.09473117974043643	0.13098801262991466	Monocyte	Dendritic cell	2	7	13	5	12	SMAD3	0.9921605041790631	False
0.0001711992719213087	0.014925373134328358	0.6739808881209921	0.8683679177069265	NK	B cell	2	7	13	4	10	STOML2	0.9921605041790631	False
0.0011530418091107713	0.014925373134328358	0.31102283800654756	0.43780193236714976	NK	B cell	2	7	14	5	10	SYS1	0.9921605041790631	False
0.0008821755421311558	0.014925373134328358	0.12480913860726145	0.14880850053619527	Monocyte	NK	2	7	8	3	6	TNRC18	0.9921605041790631	False
0.00040707741914334004	0.014925373134328358	0.11872902356873766	0.0808369864737184	Dendritic cell	NK	2	7	13	5	10	TOX	0.9921605041790631	False
0.0006238351701555037	0.014925373134328358	0.09852774788729463	0.11387103058640169	B cell	Erythroid	2	3	4	3	4	TP53BP2	0.9921605041790631	False
0.0006298968721793547	0.014925373134328358	0.22766430091857598	0.2173218458408177	Plasma cell	NK	2	7	10	3	9	ZNF131	0.9921605041790631	False
0.002294664716181858	0.014925373134328358	0.21654914431709177	0.26195632877685066	B cell	Erythroid	2	4	6	3	5	ZNF460	0.9921605041790631	False
0.0007411540173830559	0.01990049751243781	0.2229041223847305	0.2733643410852713	NK	Erythroid	2	7	11	4	9	ANXA7	0.9921605041790631	False
0.0013984867994664201	0.01990049751243781	0.1785003428218514	0.49147671416025485	T cell	Dendritic cell	2	7	10	3	7	AP1M1	0.9921605041790631	False
0.002520504579092299	0.01990049751243781	0.5263991263991263	0.5270615661161668	B cell	T cell	2	4	5	3	3	ASB6	0.9921605041790631	False
0.0011447429738747129	0.01990049751243781	0.23840438641685435	0.2918593806505644	Dendritic cell	Erythroid	2	7	10	3	6	BIVM	0.9921605041790631	False
0.000442387270301426	0.01990049751243781	0.2953073094307889	0.2689967637540453	Plasma cell	NK	2	7	7	3	7	CEP350	0.9921605041790631	False
0.0006904450767767478	0.01990049751243781	0.07821482353019626	0.0603610942429314	Monocyte	Plasma cell	2	4	10	5	7	DCUN1D4	0.9921605041790631	False
0.00045490126345649475	0.01990049751243781	0.10469848298492568	0.11183269664021939	NK	Erythroid	2	7	13	9	13	DENND4A	0.9921605041790631	False
0.0009227678809554726	0.01990049751243781	0.3534020765970126	0.4185377434411718	Plasma cell	Erythroid	2	6	11	3	7	EIF3H	0.9921605041790631	False
0.0009824509810475997	0.01990049751243781	0.29898414906285664	0.35498468393205235	Plasma cell	Dendritic cell	2	7	11	3	9	GABPB1-IT1	0.9921605041790631	False
0.0004623556796272048	0.01990049751243781	0.1708459008699782	0.16146379343816736	Monocyte	NK	2	4	7	4	6	KCNQ1OT1	0.9921605041790631	False
0.0022123067061342425	0.01990049751243781	0.08811322608535233	0.11001969134954437	T cell	Erythroid	2	4	5	3	4	PTCH2	0.9921605041790631	False
0.002062339056689089	0.01990049751243781	0.31853595387569505	0.22342995169082125	T cell	Erythroid	2	5	7	3	4	RPS13	0.9921605041790631	False
0.0001382620901750355	0.01990049751243781	0.1627200718151245	0.23932430803840432	Monocyte	Erythroid	2	7	15	5	10	SEC11C	0.9921605041790631	False
0.0009434420502443268	0.01990049751243781	0.37372414443839164	0.37159090909090914	Plasma cell	Monocyte	2	6	7	3	4	SERBP1	0.9921605041790631	False
0.003828612526859675	0.01990049751243781	0.03581588272699582	0.12169607135830002	B cell	Erythroid	2	3	5	3	4	SURF2	0.9921605041790631	False
0.00010109531595504768	0.01990049751243781	0.2052810066816687	0.5728664301589173	Dendritic cell	B cell	2	7	6	4	6	TUBA1B	0.9921605041790631	False
0.002608764827855088	0.01990049751243781	0.3017830018828854	0.3725274725274725	Erythroid	T cell	2	5	9	3	5	ZFHX3-AS1	0.9921605041790631	False
0.0013230329178549674	0.024875621890547265	0.2757126126691345	0.22573099415204684	Dendritic cell	T cell	2	6	8	3	5	C19orf12	0.9921605041790631	False
0.0005232932402312591	0.024875621890547265	0.18979846476720635	0.26679030413632515	NK	B cell	2	7	12	3	8	CENPE	0.9921605041790631	False
0.0001884695132158149	0.024875621890547265	0.14314289588044227	0.12418152586962877	Dendritic cell	Plasma cell	2	6	10	4	6	CPD	0.9921605041790631	False
0.0013393732202023091	0.024875621890547265	0.2994842835352508	0.2725277666265221	T cell	NK	2	5	7	3	4	EHBP1L1	0.9921605041790631	False
0.0013543723651252145	0.024875621890547265	0.22992687525104416	0.1695447409733124	B cell	Erythroid	2	4	6	4	4	ENSG00000286162	0.9921605041790631	False
0.0006424893691308799	0.024875621890547265	0.10647055993523385	0.17063244926446905	Monocyte	T cell	2	4	5	3	4	ENSG00000288924	0.9921605041790631	False
0.0007215044023440936	0.024875621890547265	0.19066688950155042	0.20442868585047563	Plasma cell	NK	2	7	9	4	8	FRS2	0.9921605041790631	False
0.00010783463816349907	0.024875621890547265	0.28848456140577444	0.6179227873329889	B cell	NK	2	7	8	3	7	KDELR2	0.9921605041790631	False
0.00024526603078125185	0.024875621890547265	0.09641637961419558	0.2366240341060485	Erythroid	NK	2	7	7	3	7	MDM4	0.9921605041790631	False
0.000974462842858858	0.024875621890547265	0.2658310620343345	0.24955654101995567	Dendritic cell	Erythroid	2	5	7	3	5	NXPE3	0.9921605041790631	False
0.00014218712210141394	0.024875621890547265	0.1016283546271809	0.31835943664875976	T cell	Plasma cell	2	7	14	7	13	PABPC1	0.9921605041790631	False
0.0002974319983191205	0.024875621890547265	0.11718287411496436	0.12882023142073246	B cell	Plasma cell	2	7	9	3	7	PARP15	0.9921605041790631	False
0.000740681000607437	0.024875621890547265	0.13253674635907187	0.2350468031096304	Monocyte	Dendritic cell	2	7	9	3	7	QRICH1	0.9921605041790631	False
0.0008752108379326802	0.024875621890547265	0.151515163103764	0.22090754723797829	Plasma cell	Monocyte	2	7	11	5	8	RPS6KB1	0.9921605041790631	False
0.0010270662999993466	0.024875621890547265	0.16307807769535843	0.24859775448189114	Dendritic cell	B cell	2	7	10	3	9	SCAMP1	0.9921605041790631	False
0.0009758608087105478	0.024875621890547265	0.3128441617848765	0.34416629219997974	Plasma cell	Dendritic cell	2	7	9	3	7	SCYL2	0.9921605041790631	False
0.001044297799624092	0.024875621890547265	0.13315790546906942	0.1735359147343954	NK	Plasma cell	2	7	10	3	7	SIL1	0.9921605041790631	False
8.69641932573626e-05	0.024875621890547265	0.16433692920716075	0.8552207580389426	Dendritic cell	Plasma cell	2	7	14	4	11	SLC25A37	0.9921605041790631	False
0.0011003477461324236	0.024875621890547265	0.24383163452081275	0.5251102400783929	Erythroid	Dendritic cell	2	5	5	3	4	SRRT	0.9921605041790631	False
0.0007340246457672658	0.024875621890547265	0.548898678414097	0.7754434121621622	Erythroid	B cell	2	6	10	3	7	TMEM276	0.9921605041790631	False
0.00021253820055206876	0.024875621890547265	0.08869315143644374	0.19235682943495241	T cell	NK	2	7	18	10	16	TPP2	0.9921605041790631	False
0.000240389397171527	0.024875621890547265	0.0785970325113825	0.10893137719841561	T cell	NK	2	7	10	5	9	WDR70	0.9921605041790631	False
0.0007032278601017061	0.029850746268656716	0.14243250365903687	0.23718410468815654	Plasma cell	NK	2	7	10	3	6	AKAP8L	0.9921605041790631	False
0.0006104308693190649	0.029850746268656716	0.12601923303868895	0.2107943783622197	Dendritic cell	Monocyte	2	7	7	5	7	ARF1	0.9921605041790631	False
0.00013041344155825086	0.029850746268656716	0.08590973862529655	0.12495803648028647	T cell	Plasma cell	2	7	12	6	11	CAMK2D	0.9921605041790631	False
0.0007134892788090093	0.029850746268656716	0.35634719336548676	0.47968582690719813	Monocyte	Plasma cell	2	6	8	3	7	CDV3	0.9921605041790631	False
0.0010934688755342174	0.029850746268656716	0.23279325996968536	0.39364295336455196	B cell	Dendritic cell	2	3	4	3	4	CFAP298	0.9921605041790631	False
0.0007573713559536821	0.029850746268656716	0.04272137301207063	0.1423900529587842	Erythroid	Monocyte	2	4	6	3	4	CLDND1	0.9921605041790631	False
0.0003678011121327966	0.029850746268656716	0.06763446092896652	0.16441228519448603	B cell	Plasma cell	2	7	10	7	10	CLINT1	0.9921605041790631	False
0.0012878901940575646	0.029850746268656716	0.1777220617061071	0.25766132901203637	NK	Dendritic cell	2	7	13	4	9	CPQ	0.9921605041790631	False
0.0005236460521535484	0.029850746268656716	0.22329369884764955	0.1796085404599715	Plasma cell	Monocyte	2	5	10	4	8	DDX46	0.9921605041790631	False
0.0011664639600841404	0.029850746268656716	0.2254217865944385	0.32627727334327145	Plasma cell	Erythroid	2	5	7	3	5	DPF2	0.9921605041790631	False
0.001217381443760716	0.029850746268656716	0.12498122284130547	0.20585791441628587	T cell	Erythroid	2	5	8	3	6	DUS2	0.9921605041790631	False
0.0015929892040002509	0.029850746268656716	0.17111533048403965	0.15578791877868092	T cell	Monocyte	2	5	6	3	5	ENSG00000226824	0.9921605041790631	False
0.0009258454384896999	0.029850746268656716	0.15478005215436436	0.1322771087867335	Monocyte	B cell	2	3	5	3	5	HMGCS1	0.9921605041790631	False
0.001427200801398614	0.029850746268656716	0.14863723850588506	0.4045849686388145	Monocyte	Dendritic cell	2	3	5	3	5	LRRC40	0.9921605041790631	False
0.0004820194961717138	0.029850746268656716	0.22125981412636797	0.24935340038110365	NK	T cell	2	7	16	5	10	MX2	0.9921605041790631	False
0.0011063783271236536	0.029850746268656716	0.16030606618867982	0.07746487590518047	T cell	Monocyte	2	6	10	3	5	NHLRC2	0.9921605041790631	False
0.0011653027475730662	0.029850746268656716	0.13899955783931534	0.2340147358903239	Monocyte	Dendritic cell	2	7	8	3	6	NSMCE1	0.9921605041790631	False
0.0009436507638889047	0.029850746268656716	0.26062328312967703	0.2552123552123552	T cell	Plasma cell	2	3	4	3	3	NUDT9	0.9921605041790631	False
0.00042725893490773204	0.029850746268656716	0.15515989660625468	0.2930633919681381	Dendritic cell	Plasma cell	2	7	9	3	7	NUP107	0.9921605041790631	False
0.00031995780958626586	0.029850746268656716	0.10262564351338832	0.1573664020472531	Monocyte	B cell	2	7	12	6	10	NUP54	0.9921605041790631	False
0.00027952961161120454	0.029850746268656716	0.09526354448665719	0.1758316845599126	T cell	Plasma cell	2	7	11	5	11	OCIAD1	0.9921605041790631	False
5.132128229164924e-06	0.029850746268656716	0.18287762407929997	0.31385882732999515	T cell	B cell	2	3	5	3	4	ORMDL3	0.9921605041790631	False
0.00034622695875190576	0.029850746268656716	0.2189331421019311	0.29181958701597244	Plasma cell	Erythroid	2	5	12	4	8	RCL1	0.9921605041790631	False
0.0003857662441866758	0.029850746268656716	0.10819031856100453	0.06493501995722828	Plasma cell	Dendritic cell	2	7	13	5	13	RTF1	0.9921605041790631	False
0.0007100523508944037	0.029850746268656716	0.1477918648479723	0.10705592210620718	Dendritic cell	Erythroid	2	7	7	3	7	SCMH1	0.9921605041790631	False
0.00010139249835446942	0.029850746268656716	0.15110447342023425	0.26840212294842386	NK	Plasma cell	2	7	12	8	12	SEC31A	0.9921605041790631	False
0.0005998996591827845	0.029850746268656716	0.1569508882548769	0.2858892699657031	B cell	NK	2	7	11	5	9	TLE5	0.9921605041790631	False
0.00031508566382602605	0.029850746268656716	0.08308793252274504	0.10828265069354298	Erythroid	Dendritic cell	2	7	9	5	9	TMCC1	0.9921605041790631	False
0.0002864180097061946	0.029850746268656716	0.22328603133128516	0.2681701004492522	B cell	Plasma cell	2	7	9	4	8	UBE2L6	0.9921605041790631	False
0.001129757464070632	0.029850746268656716	0.26782921491723255	0.3731128941585322	T cell	NK	2	7	11	4	7	UTP18	0.9921605041790631	False
0.0007990269946893245	0.029850746268656716	0.19558503974677788	0.10801737756714058	Plasma cell	NK	2	7	14	4	9	WWP1	0.9921605041790631	False
0.00018954501116675096	0.03482587064676617	0.18512511704028606	0.4568172862753519	Plasma cell	B cell	2	7	16	7	14	ADRM1	0.9921605041790631	False
0.0032259641137853605	0.03482587064676617	0.2640804002760525	0.28592171717171716	B cell	NK	2	6	7	3	4	CAMK2G	0.9921605041790631	False
0.0011134576354603818	0.03482587064676617	0.23238229800599863	0.5130060555280496	Monocyte	Dendritic cell	2	6	9	3	7	CDK7	0.9921605041790631	False
0.0008605753501281939	0.03482587064676617	0.12781484546506416	0.21779410641061553	Erythroid	T cell	2	6	7	3	5	CEPT1	0.9921605041790631	False
0.0007359184276762125	0.03482587064676617	0.15680650465297596	0.10428014622219	B cell	Erythroid	2	6	7	3	6	DCAF6	0.9921605041790631	False
0.000287882162375631	0.03482587064676617	0.14212688225014336	0.29580687396312677	Monocyte	Plasma cell	2	7	12	3	9	DENND3	0.9921605041790631	False
0.001297704209959988	0.03482587064676617	0.34171101511300644	0.3527211032322617	NK	T cell	2	7	11	3	10	ENSG00000290709	0.9921605041790631	False
0.0006563144873016882	0.03482587064676617	0.323068101352289	0.37348927875243665	B cell	Dendritic cell	2	6	9	3	7	FAM114A2	0.9921605041790631	False
0.0006233884052484066	0.03482587064676617	0.12527873140915502	0.27066062414796804	Dendritic cell	T cell	2	7	10	5	10	LNPEP	0.9921605041790631	False
0.001554760184042113	0.03482587064676617	0.27726265297845687	0.25005386770092647	Plasma cell	Erythroid	2	6	7	3	6	MIR155HG	0.9921605041790631	False
0.0008504124998152394	0.03482587064676617	0.12232794825203674	0.18649939676396798	NK	Dendritic cell	2	7	12	7	11	N4BP2	0.9921605041790631	False
0.0008892792160133717	0.03482587064676617	0.1303518605985336	0.1456427190304136	Monocyte	Dendritic cell	2	6	7	3	7	NIBAN1	0.9921605041790631	False
0.0004458995261427133	0.03482587064676617	0.1847150795125263	0.20815801370101195	NK	T cell	2	7	14	5	13	NSMAF	0.9921605041790631	False
0.0006003164605705504	0.03482587064676617	0.18657512998101933	0.26871743099367545	Dendritic cell	Monocyte	2	7	11	4	11	RBBP6	0.9921605041790631	False
0.00035523531729522506	0.03482587064676617	0.10515362501796288	0.07937988513192551	T cell	Plasma cell	2	6	7	4	7	RPS6KC1	0.9921605041790631	False
0.0031008727087379626	0.03482587064676617	0.22313222620862905	0.2955769591774848	NK	Dendritic cell	2	7	12	3	9	SEPTIN11	0.9921605041790631	False
0.0010915966516276765	0.03482587064676617	0.2502994409974947	0.19262813146403124	T cell	Monocyte	2	6	10	3	6	SLC25A30	0.9921605041790631	False
0.00027722711557665193	0.03482587064676617	0.1212354608898098	0.04934704084467906	B cell	Plasma cell	2	7	7	5	7	SMYD3	0.9921605041790631	False
0.001072847232834391	0.03482587064676617	0.13919655060131597	0.13872078015201494	Monocyte	B cell	2	6	8	3	7	STX5	0.9921605041790631	False
0.0005340513746446307	0.03482587064676617	0.15366001574380905	0.2396799628942486	T cell	Erythroid	2	7	11	4	9	ZNF33A	0.9921605041790631	False
0.00017793082143641048	0.03980099502487562	0.31703023812322556	0.5197580786430397	Plasma cell	Erythroid	2	7	10	3	8	AHNAK	0.9921605041790631	False
0.0006294722353404891	0.03980099502487562	0.24916092563151382	0.3073969912057497	Monocyte	NK	2	3	4	3	3	ALDH16A1	0.9921605041790631	False
0.00010068614855416434	0.03980099502487562	0.04928819930080425	0.05880515141828979	Erythroid	NK	2	7	10	7	10	ARL15	0.9921605041790631	False
0.0003214450109137475	0.03980099502487562	0.10507189947901024	0.11751005094718114	Erythroid	NK	2	7	14	4	11	ATP7A	0.9921605041790631	False
0.0006686190765527384	0.03980099502487562	0.2625249421469631	0.36437448218724106	Plasma cell	T cell	2	6	12	4	8	CEP20	0.9921605041790631	False
0.0004709562069664319	0.03980099502487562	0.08757543444532656	0.19445050477002712	NK	Erythroid	2	5	6	3	5	CNOT8	0.9921605041790631	False
0.0007332499668898343	0.03980099502487562	0.13945024474679812	0.12506579771901238	B cell	Dendritic cell	2	6	11	3	8	DSTN	0.9921605041790631	False
0.00036730189487609396	0.03980099502487562	0.09717265400647751	0.1282485749369745	Dendritic cell	B cell	2	7	12	7	12	FAM193A	0.9921605041790631	False
0.0020122588276947546	0.03980099502487562	0.20991335313956638	0.17609427609427608	Erythroid	Monocyte	2	5	8	3	6	FRMD4A	0.9921605041790631	False
0.0005100546085358498	0.03980099502487562	0.346726603394521	0.6812835308378551	Plasma cell	Dendritic cell	2	7	9	4	8	FYTTD1	0.9921605041790631	False
8.562173130011302e-05	0.03980099502487562	0.06460720871355125	0.04292027987688657	Dendritic cell	T cell	2	7	19	9	15	HLCS	0.9921605041790631	False
0.001072200593714087	0.03980099502487562	0.1125691773565361	0.11720142602495542	Dendritic cell	B cell	2	6	9	3	7	IMPA1	0.9921605041790631	False
0.00021497328610715175	0.03980099502487562	0.09030085489024992	0.25605924417273773	NK	B cell	2	7	13	8	13	MORF4L1	0.9921605041790631	False
0.0003583880017447934	0.03980099502487562	0.12611595411513032	0.22249999999999998	Dendritic cell	B cell	2	7	11	6	9	OGA	0.9921605041790631	False
0.0002923224924070284	0.03980099502487562	0.12004201792443919	0.4338669174408631	Erythroid	NK	2	7	11	5	9	PIH1D1	0.9921605041790631	False
0.0018033158245573085	0.03980099502487562	0.2974149873095322	0.32234540855230515	NK	B cell	2	7	10	3	8	PTDSS1	0.9921605041790631	False
0.0014047714107076354	0.03980099502487562	0.2668167140940036	0.4547291125008784	T cell	B cell	2	4	8	4	6	RPUSD4	0.9921605041790631	False
0.00022596865234374323	0.03980099502487562	0.150668195809478	0.20027666201015037	Monocyte	NK	2	7	15	8	14	SNRPB2	0.9921605041790631	False
0.004308748384752347	0.03980099502487562	0.22516816516816515	0.23418118466898952	Plasma cell	Erythroid	2	5	6	3	5	TIMM29	0.9921605041790631	False
0.000532314029710723	0.03980099502487562	0.11920279922240484	0.16112771337558696	Erythroid	Plasma cell	2	7	11	6	10	TNKS2	0.9921605041790631	False
0.0005267593064699215	0.03980099502487562	0.09575028561411203	0.16625730994152046	Erythroid	T cell	2	4	6	3	4	TRG-AS1	0.9921605041790631	False
0.0015023454022223192	0.03980099502487562	0.26831007453860534	0.2522372023706374	Erythroid	Monocyte	2	5	7	3	5	TRIM23	0.9921605041790631	False
0.00020496634808427435	0.03980099502487562	0.22666387523792159	0.2046433958198664	Plasma cell	NK	2	7	9	3	9	VEZT	0.9921605041790631	False
0.003350537090559528	0.03980099502487562	0.3165041296711899	0.18815032093116754	B cell	Monocyte	2	7	10	3	7	ZNF675	0.9921605041790631	False
0.00026895167247379726	0.04477611940298507	0.2913557747242822	0.41225727797386713	Monocyte	Erythroid	2	3	4	3	3	AKR1C3	0.9921605041790631	False
0.00027423518802580235	0.04477611940298507	0.07939587237283952	0.0906039615992223	Erythroid	Plasma cell	2	6	12	4	9	BMP2K	0.9921605041790631	False
0.0014629009243690035	0.04477611940298507	0.15900898482421655	0.07659932659932661	B cell	Erythroid	2	3	4	3	3	CASTOR3P	0.9921605041790631	False
0.0008298933496226478	0.04477611940298507	0.11567612213532558	0.22773810548051276	Monocyte	T cell	2	4	6	3	5	DAG1	0.9921605041790631	False
0.0003535290012008625	0.04477611940298507	0.3183356412736501	0.31159508987899565	T cell	Dendritic cell	2	7	9	3	7	ELL	0.9921605041790631	False
0.002830585273561002	0.04477611940298507	0.23434577578404303	0.20603682284904995	T cell	Plasma cell	2	4	5	3	5	ETHE1	0.9921605041790631	False
0.00010773784193004081	0.04477611940298507	0.3832590547644312	0.42103674600978946	NK	Dendritic cell	2	7	12	3	10	GFUS	0.9921605041790631	False
0.00036339802927609996	0.04477611940298507	0.12306884473551133	0.14525252525252524	NK	B cell	2	4	5	3	4	GRK2	0.9921605041790631	False
0.0002629215357212293	0.04477611940298507	0.29842123454522873	0.5122942832222013	Dendritic cell	Plasma cell	2	6	7	4	7	GTF2B	0.9921605041790631	False
0.0012283249094969218	0.04477611940298507	0.2663364697100464	0.3821621001948871	NK	Dendritic cell	2	7	11	3	6	HEATR3	0.9921605041790631	False
0.0001835807326590118	0.04477611940298507	0.2026922372275814	0.25490987355394135	NK	Erythroid	2	7	11	4	8	HPS1	0.9921605041790631	False
0.0009741476481409338	0.04477611940298507	0.13336452926478148	0.2818745378483231	Erythroid	B cell	2	5	6	4	6	IARS2	0.9921605041790631	False
0.0003144742000325263	0.04477611940298507	0.4103072283939299	0.5710545258528601	Dendritic cell	NK	2	7	11	4	7	IRF8	0.9921605041790631	False
0.00016654458867070785	0.04477611940298507	0.31382916817490036	0.35606253115018127	NK	Monocyte	2	7	10	3	7	LCP2	0.9921605041790631	False
0.001569420022662477	0.04477611940298507	0.3656012891734856	0.5784033884259473	B cell	Monocyte	2	7	12	3	7	MAN1B1	0.9921605041790631	False
0.0004784458873423432	0.04477611940298507	0.09221694592024265	0.08412135725531972	T cell	B cell	2	6	9	4	7	NAA25	0.9921605041790631	False
6.698651113770163e-05	0.04477611940298507	0.0988587218835395	0.5209195561067834	Erythroid	Plasma cell	2	7	8	4	7	NAMPT	0.9921605041790631	False
0.000668227980677053	0.04477611940298507	0.11039838641264821	0.29069763349635575	Monocyte	Plasma cell	2	6	10	3	9	NME4	0.9921605041790631	False
0.0005207694743357648	0.04477611940298507	0.0801127303055078	0.09751413642978374	NK	Monocyte	2	7	11	6	10	NPEPPS	0.9921605041790631	False
0.0006157601545097083	0.04477611940298507	0.16014194349154065	0.15823894730369548	B cell	NK	2	7	12	3	9	NSD2	0.9921605041790631	False
0.0006634912549151649	0.04477611940298507	0.2785856443727331	0.3365167014451362	Dendritic cell	T cell	2	7	11	3	9	POLR3E	0.9921605041790631	False
0.00035605655149729406	0.04477611940298507	0.12144575809394514	0.2170883128977184	NK	B cell	2	7	13	5	11	RFX3-DT	0.9921605041790631	False
0.001263474335955488	0.04477611940298507	0.16273238469663437	0.11143664053633173	Dendritic cell	B cell	2	3	4	3	3	SERTAD3	0.9921605041790631	False
0.0002767111796816966	0.04477611940298507	0.10491228639731415	0.20912884715701613	Monocyte	Plasma cell	2	5	9	4	6	SLC11A2	0.9921605041790631	False
0.0004048877778894546	0.04477611940298507	0.08400159420674203	0.3337474206639532	NK	Monocyte	2	3	5	3	4	SPI1	0.9921605041790631	False
0.0009159694371919129	0.04477611940298507	0.20480195309108545	0.2144099526535787	Erythroid	Plasma cell	2	5	8	3	5	SRSF1	0.9921605041790631	False
0.0010997838088374113	0.04477611940298507	0.4103712512569271	0.42749654218533895	T cell	Dendritic cell	2	7	11	3	7	TRDMT1	0.9921605041790631	False
0.0007007867369890239	0.04477611940298507	0.16608654452064237	0.30982553210477004	B cell	Monocyte	2	4	6	3	4	ZNF596	0.9921605041790631	False
8.47110199401478e-05	0.04975124378109453	0.0918431866403332	0.11164748175785588	NK	Dendritic cell	2	7	17	9	15	ARFGEF2	0.9921605041790631	False
0.0002485330050014824	0.04975124378109453	0.16239516867829162	0.27639229741680654	Monocyte	NK	2	7	13	6	12	BTBD1	0.9921605041790631	False
0.0004654049713129649	0.04975124378109453	0.1267029061537961	0.10823564239194783	Dendritic cell	Erythroid	2	7	16	5	11	CEP250	0.9921605041790631	False
0.0011621239362265895	0.04975124378109453	0.25452892453313325	0.266077441077441	B cell	Monocyte	2	5	8	3	4	DCAKD	0.9921605041790631	False
0.0013126561841691898	0.04975124378109453	0.16705627705627696	0.14502732240437155	B cell	T cell	2	4	4	3	4	ELK4	0.9921605041790631	False
0.001954956276907908	0.04975124378109453	0.19490030530130775	0.18461697401725297	Monocyte	Erythroid	2	4	7	3	5	EPM2AIP1	0.9921605041790631	False
0.0010457680641706747	0.04975124378109453	0.18241463192030216	0.2432779895342076	Erythroid	B cell	2	7	11	5	8	GNG7	0.9921605041790631	False
0.00017017429763638018	0.04975124378109453	0.1773495241623736	0.4162862050506828	Plasma cell	NK	2	7	10	7	10	GPBP1	0.9921605041790631	False
9.556288294884905e-05	0.04975124378109453	0.05852171163727271	0.08124860646599774	Plasma cell	Monocyte	2	7	12	8	12	LRBA	0.9921605041790631	False
0.0014211190251444176	0.04975124378109453	0.12336451096364237	0.1770653095843936	T cell	B cell	2	7	11	3	7	MED24	0.9921605041790631	False
0.0008773456333600343	0.04975124378109453	0.11056477475710735	0.12252941517417265	Dendritic cell	Plasma cell	2	7	11	4	8	MXI1	0.9921605041790631	False
0.0008334516920605599	0.04975124378109453	0.10730685552297253	0.12697079348668905	T cell	B cell	2	5	5	3	4	NDUFA5	0.9921605041790631	False
9.396466955538288e-05	0.04975124378109453	0.09690594719311252	0.27374102540500733	NK	Dendritic cell	2	7	13	7	13	NFAT5	0.9921605041790631	False
0.0011006763536380595	0.04975124378109453	0.21616494262242175	0.21720230260370466	B cell	NK	2	5	8	3	7	NPIPB11	0.9921605041790631	False
0.0009862045038784607	0.04975124378109453	0.21276169337839795	0.3028265801195542	Dendritic cell	B cell	2	6	7	3	7	PRKACB	0.9921605041790631	False
0.0005905356400498492	0.04975124378109453	0.18422237383202866	0.2021791767554479	Monocyte	Dendritic cell	2	7	8	3	7	PRKAG2	0.9921605041790631	False
0.0006797803536423902	0.04975124378109453	0.11557341013452782	0.1685636666709081	Monocyte	T cell	2	7	13	3	10	PROSER1	0.9921605041790631	False
0.00039552631547966875	0.04975124378109453	0.13159859478472047	0.20213423742904274	Monocyte	Erythroid	2	6	7	3	6	RACK1	0.9921605041790631	False
0.0013354184418750677	0.04975124378109453	0.2068720212246255	0.21212681821335239	NK	Dendritic cell	2	6	8	3	6	RASAL3	0.9921605041790631	False
0.0006140837442720393	0.04975124378109453	0.27270582029159873	0.3023174371155368	Dendritic cell	Monocyte	2	7	13	5	13	SH3BGRL	0.9921605041790631	False
0.0010221634766519484	0.04975124378109453	0.26030640473776806	0.26194624546571077	Erythroid	NK	2	5	7	3	5	SIPA1	0.9921605041790631	False
0.00045417798046403537	0.04975124378109453	0.07697785966686738	0.10944645115781282	Erythroid	Dendritic cell	2	7	15	6	13	TAF1	0.9921605041790631	False
0.000480683944845442	0.04975124378109453	0.08157038425060736	0.08212938333420267	B cell	NK	2	5	11	4	8	TGFBR1	0.9921605041790631	False
0.0006923510477584132	0.04975124378109453	0.21867364259638078	0.33084970271694136	Plasma cell	NK	2	7	10	3	7	TLE3	0.9921605041790631	False
0.000833710438455989	0.04975124378109453	0.09233326816249515	0.09918881068005309	B cell	T cell	2	6	11	3	8	UBE2V2	0.9921605041790631	False
0.003765726752039336	0.04975124378109453	0.4283507896840917	0.5005500550055005	NK	Plasma cell	2	6	7	3	5	VPS51	0.9921605041790631	False
0.0012110620436995216	0.05472636815920398	0.35909967711266844	0.35687185443283004	Monocyte	T cell	2	6	9	3	6	ACSL5	0.9921605041790631	False
0.0005550356534965825	0.05472636815920398	0.10526536870164144	0.07924203273040481	NK	B cell	2	7	9	5	7	BICD1	0.9921605041790631	False
0.0005403959893810564	0.05472636815920398	0.22513617098158695	0.5265420261520277	Monocyte	B cell	2	5	6	3	6	CCT6A	0.9921605041790631	False
0.0001395274146854215	0.05472636815920398	0.09678162936581014	0.3285658567291657	Plasma cell	Erythroid	2	7	11	8	11	CELF2	0.9921605041790631	False
0.000348300191869235	0.05472636815920398	0.2352858683242119	0.3631147138295259	Dendritic cell	Erythroid	2	6	7	3	6	CROCCP2	0.9921605041790631	False
0.0014133484843035283	0.05472636815920398	0.2594716502812471	0.28737753474595584	B cell	Plasma cell	2	4	5	3	4	DNAJB9	0.9921605041790631	False
0.0005236532490805137	0.05472636815920398	0.10891395645841168	0.16088947350064525	Erythroid	NK	2	7	16	5	11	FAM217B	0.9921605041790631	False
0.0007880279948858872	0.05472636815920398	0.23868086717779047	0.30015649867868055	Plasma cell	T cell	2	7	13	7	13	FUS	0.9921605041790631	False
0.001162678017004319	0.05472636815920398	0.33968641564011487	0.3030261446487596	Erythroid	NK	2	7	15	4	8	ING1	0.9921605041790631	False
0.0003800778063883176	0.05472636815920398	0.19637337622706635	0.18009868421052633	NK	Dendritic cell	2	7	10	3	8	IPO11	0.9921605041790631	False
0.0004883125888016801	0.05472636815920398	0.12541188837105305	0.20380031930664844	Erythroid	T cell	2	7	8	3	7	LANCL2	0.9921605041790631	False
0.00032775337889055323	0.05472636815920398	0.20210968982415478	0.3100492610837438	T cell	NK	2	7	10	3	8	MKNK2	0.9921605041790631	False
0.001641387334590255	0.05472636815920398	0.1368419020592933	0.34340396445659604	Erythroid	NK	2	5	8	3	6	MTPAP	0.9921605041790631	False
0.0006745531525381016	0.05472636815920398	0.22454974464187957	0.21238464229020365	B cell	Plasma cell	2	7	9	6	9	NDUFB7	0.9921605041790631	False
0.00039427988497209965	0.05472636815920398	0.15007739926347413	0.2599263517880224	NK	Plasma cell	2	7	13	6	11	NFX1	0.9921605041790631	False
0.001312004660746334	0.05472636815920398	0.18267669046753038	0.19848889630990146	B cell	Erythroid	2	6	10	3	6	PTGR3	0.9921605041790631	False
0.00022649076810706386	0.05472636815920398	0.08439779882079923	0.10718799497963899	NK	B cell	2	7	11	6	9	RAP1GAP2	0.9921605041790631	False
0.0013068521817729915	0.05472636815920398	0.26622574874057253	0.28829826504245104	NK	Monocyte	2	7	9	3	6	RNF141	0.9921605041790631	False
0.0014774256419516434	0.05472636815920398	0.11715268413404856	0.26173473796673813	Plasma cell	Erythroid	2	6	10	3	8	RRN3P3	0.9921605041790631	False
0.00027336962619817944	0.05472636815920398	0.08582141596123122	0.15791122022427184	Plasma cell	Dendritic cell	2	7	9	6	9	RSRC1	0.9921605041790631	False
0.000659368894456712	0.05472636815920398	0.3074631068124348	0.3346855451482803	B cell	Plasma cell	2	7	11	6	8	SEPTIN9	0.9921605041790631	False
0.00044582359304939066	0.05472636815920398	0.0987127205642438	0.08591305865921789	Plasma cell	B cell	2	7	8	4	6	SLC38A4-AS1	0.9921605041790631	False
0.0006901749152505635	0.05472636815920398	0.13695765706888496	0.19210526951985163	Plasma cell	Erythroid	2	7	9	4	8	SLC9A9	0.9921605041790631	False
0.0009042900503467949	0.05472636815920398	0.08311607224609635	0.10563584488481315	Dendritic cell	T cell	2	7	10	3	8	TMLHE	0.9921605041790631	False
0.00014681631022113952	0.05472636815920398	0.079275270865796	0.18323664632921216	Dendritic cell	Erythroid	2	7	16	6	13	TMX4	0.9921605041790631	False
0.0003796081184139052	0.05472636815920398	0.2355340400070396	0.35650650395738054	T cell	Plasma cell	2	6	9	3	5	ZDHHC7	0.9921605041790631	False
0.001236030543422943	0.05472636815920398	0.09663864472905337	0.10934463875640349	Erythroid	T cell	2	5	8	3	5	ZNF680	0.9921605041790631	False
0.003417801930449226	0.05970149253731343	0.17874976082525457	0.23253774353191758	B cell	T cell	2	4	5	3	4	CDC37	0.9921605041790631	False
0.0001709351775746763	0.05970149253731343	0.11728390985486103	0.1825031786743832	T cell	Monocyte	2	7	17	7	13	DNAJC3	0.9921605041790631	False
0.0005661299549687039	0.05970149253731343	0.1264680423924997	0.19432150086830707	T cell	Monocyte	2	4	6	3	4	DTL	0.9921605041790631	False
0.005140502779214186	0.05970149253731343	0.4605118596390254	0.5068347735399285	T cell	NK	2	7	9	3	7	ENSG00000291107	0.9921605041790631	False
0.00037141031482424704	0.05970149253731343	0.5317333713802452	0.6804407713498623	Plasma cell	Dendritic cell	2	7	13	4	10	GDE1	0.9921605041790631	False
0.0005555301465307925	0.05970149253731343	0.14778941755239905	0.1502399409376154	Monocyte	Erythroid	2	5	6	3	5	GPR160	0.9921605041790631	False
0.0003251905190114672	0.05970149253731343	0.12978623483610152	0.28439682093897994	Dendritic cell	B cell	2	7	9	4	8	IP6K1	0.9921605041790631	False
0.00021723029528158337	0.05970149253731343	0.11358309499713287	0.07764129797171604	Erythroid	Dendritic cell	2	7	11	6	10	MED13	0.9921605041790631	False
0.0011167954675361561	0.05970149253731343	0.424213431481324	0.6633991644585049	Monocyte	NK	2	7	11	3	6	NET1	0.9921605041790631	False
0.0003654046933993065	0.05970149253731343	0.13877704849412964	0.158233329209452	Monocyte	T cell	2	7	11	3	6	NFIC	0.9921605041790631	False
0.0011363718907653414	0.05970149253731343	0.21308889221729965	0.24277019142830109	Dendritic cell	Plasma cell	2	6	9	3	6	NPM1	0.9921605041790631	False
0.0008167779197683441	0.05970149253731343	0.21301255413260362	0.4415989349775785	B cell	Monocyte	2	4	7	3	5	PDHX	0.9921605041790631	False
0.0007669465120010565	0.05970149253731343	0.15690855454894337	0.06568392604876849	T cell	Monocyte	2	5	10	5	7	POLR3D	0.9921605041790631	False
0.00037380700454705515	0.05970149253731343	0.11807059693082228	0.06489033697054514	T cell	Monocyte	2	4	4	3	4	PRKCI	0.9921605041790631	False
0.001766160059814568	0.05970149253731343	0.3443254361145876	0.34599960293825693	T cell	NK	2	6	9	3	7	RETREG3	0.9921605041790631	False
0.000869878121075071	0.05970149253731343	0.1674841131892546	0.17395679592110558	Monocyte	NK	2	7	9	3	7	RFTN1	0.9921605041790631	False
0.0005463881157230979	0.05970149253731343	0.137529970233977	0.1532472518211952	T cell	NK	2	7	12	4	10	SCAI	0.9921605041790631	False
0.0023332903982291537	0.05970149253731343	0.2890468726675624	0.2666374461246256	Dendritic cell	NK	2	7	9	3	5	SCO1	0.9921605041790631	False
0.0010373008017852793	0.05970149253731343	0.12873809317749524	0.14784427284427287	NK	T cell	2	7	14	4	12	SLC20A2	0.9921605041790631	False
0.0011676192973713382	0.05970149253731343	0.431579178848295	0.46150889734424844	Dendritic cell	B cell	2	4	5	3	4	SLC39A3	0.9921605041790631	False
0.0006454651310561859	0.05970149253731343	0.2314772972477283	0.3133651904034681	T cell	Erythroid	2	7	10	4	7	XAF1	0.9921605041790631	False
0.000342723875382699	0.05970149253731343	0.11186402931211126	0.16605698935150792	T cell	Plasma cell	2	7	11	7	9	YWHAE	0.9921605041790631	False
0.000373580286500559	0.06467661691542288	0.17606031762714908	0.17868546678890962	Monocyte	NK	2	7	12	5	7	APMAP	0.9921605041790631	False
0.0002520697765900835	0.06467661691542288	0.10085524891505243	0.11057984463377096	B cell	NK	2	7	13	6	11	ARPC5L	0.9921605041790631	False
0.000507229357764136	0.06467661691542288	0.15116146774157863	0.09577791595262286	Plasma cell	Dendritic cell	2	4	7	3	5	CDYL2	0.9921605041790631	False
0.0017797592081163721	0.06467661691542288	0.2191180491898993	0.22754953076120954	Dendritic cell	NK	2	7	7	3	5	CWC15	0.9921605041790631	False
0.00036328496113125077	0.06467661691542288	0.34875954368804135	0.12630208333333337	Plasma cell	B cell	2	7	8	4	7	DDX5	0.9921605041790631	False
0.000497324513238486	0.06467661691542288	0.13757233103917765	0.14385448008089985	T cell	NK	2	7	11	5	7	FHIP2A	0.9921605041790631	False
0.0003251492968483373	0.06467661691542288	0.08367636892073571	0.12536996621722624	Dendritic cell	B cell	2	7	10	5	10	KMT2A	0.9921605041790631	False
0.0006739454285675616	0.06467661691542288	0.1531602747397678	0.20990788915317216	Plasma cell	B cell	2	7	9	3	7	LEMD3	0.9921605041790631	False
0.0014170534322408457	0.06467661691542288	0.24256850806638947	0.31423863759365944	Plasma cell	Dendritic cell	2	7	14	3	10	MIPEP	0.9921605041790631	False
0.0002442131913283558	0.06467661691542288	0.4063224017307239	0.49264786299644364	Erythroid	Dendritic cell	2	7	13	4	7	MON1B	0.9921605041790631	False
0.0005988245053044571	0.06467661691542288	0.1613828388989479	0.28297767215132924	B cell	Dendritic cell	2	6	12	3	8	MSN	0.9921605041790631	False
0.0012255042547923047	0.06467661691542288	0.3860915102861721	0.5292688081149619	Dendritic cell	Erythroid	2	6	7	3	5	NOC2L	0.9921605041790631	False
0.0009159977428580084	0.06467661691542288	0.17014318677483942	0.19412484700122395	B cell	Monocyte	2	4	6	3	6	NPIPB13	0.9921605041790631	False
0.00024120564499258577	0.06467661691542288	0.09180780349122486	0.20375549830888662	B cell	Plasma cell	2	7	9	6	9	PHC3	0.9921605041790631	False
0.0002171549097509166	0.06467661691542288	0.08293996933614922	0.21971873167727546	B cell	NK	2	7	12	6	12	RBPJ	0.9921605041790631	False
2.5489173730887982e-05	0.06467661691542288	0.4310649389591051	0.30141858826105905	Monocyte	B cell	2	5	7	3	5	RPL38	0.9921605041790631	False
0.00037268989006855656	0.06467661691542288	0.19941238537642952	0.2655080482336274	Plasma cell	Monocyte	2	7	12	4	10	SERINC3	0.9921605041790631	False
0.0008663149914296616	0.06467661691542288	0.2954165179008462	0.3965499746321664	NK	Plasma cell	2	7	11	3	7	SH3GL1	0.9921605041790631	False
0.0002635977454744712	0.06467661691542288	0.13393592940367183	0.24075410828739108	T cell	Dendritic cell	2	7	12	5	11	SLAIN2	0.9921605041790631	False
0.005488269140643196	0.06467661691542288	0.32697023495093325	0.31892230576441105	T cell	B cell	2	6	10	3	6	SPTAN1	0.9921605041790631	False
0.0004015309670347973	0.06467661691542288	0.1578114034544874	0.14853479184177287	Erythroid	Dendritic cell	2	6	7	3	5	SRGAP2	0.9921605041790631	False
0.0013943106886666736	0.06467661691542288	0.26060311408315134	0.2522117940700258	Plasma cell	Dendritic cell	2	7	10	3	8	UQCRC2	0.9921605041790631	False
0.0003649057640962875	0.06467661691542288	0.15506914775635972	0.19500255463030086	Erythroid	Plasma cell	2	7	11	6	10	USP22	0.9921605041790631	False
0.0005048473704672293	0.06467661691542288	0.1955834370207054	0.25526783423084115	T cell	Dendritic cell	2	7	9	3	8	VPS8	0.9921605041790631	False
0.00024735492086799463	0.06467661691542288	0.13648502652427674	0.3224857788240201	Erythroid	B cell	2	7	11	6	9	WAPL	0.9921605041790631	False
0.0005806098194529326	0.06467661691542288	0.16870680694336254	0.24625043599581442	B cell	Dendritic cell	2	5	6	3	5	ZNF394	0.9921605041790631	False
0.0007650911723918216	0.06965174129353234	0.19404210513723164	0.3252286112046887	Erythroid	NK	2	7	11	5	8	ADD3	0.9921605041790631	False
0.003280075216281922	0.06965174129353234	0.26915948196568684	0.30504813432076094	NK	Erythroid	2	7	11	5	7	AMZ2	0.9921605041790631	False
0.0012029845021093426	0.06965174129353234	0.1880103115824876	0.24575521042890486	Plasma cell	Monocyte	2	5	7	3	5	ATF7	0.9921605041790631	False
0.0003853785431015423	0.06965174129353234	0.23295537928932136	0.14540332891230834	Plasma cell	NK	2	7	13	5	9	ATP5F1A	0.9921605041790631	False
0.00024182329441318467	0.06965174129353234	0.17346271223038168	0.1443214485476801	Plasma cell	Erythroid	2	4	7	3	5	CDC42BPA	0.9921605041790631	False
0.00013819534213147276	0.06965174129353234	0.14249778778474853	0.3029397189294721	NK	T cell	2	7	13	5	10	CEMIP2	0.9921605041790631	False
0.0002941019980471761	0.06965174129353234	0.1716336895544	0.1774847870182556	Dendritic cell	T cell	2	6	8	3	6	ENSG00000253372	0.9921605041790631	False
0.0005887258191600062	0.06965174129353234	0.19766651588944822	0.4740290454459023	B cell	Dendritic cell	2	7	17	4	11	GET1	0.9921605041790631	False
0.0009549157463160992	0.06965174129353234	0.2120922694103602	0.23570316364102656	NK	Erythroid	2	6	8	3	6	HERPUD2	0.9921605041790631	False
0.0005607891680323988	0.06965174129353234	0.21672719572345295	0.4935941675825971	Dendritic cell	Erythroid	2	6	7	3	6	IVNS1ABP	0.9921605041790631	False
0.0003618750795961663	0.06965174129353234	0.1828756341248028	0.24009401750123083	Dendritic cell	Erythroid	2	4	6	4	4	LINGO2	0.9921605041790631	False
0.0004906745800991108	0.06965174129353234	0.10530185649506063	0.1170547491241743	B cell	T cell	2	6	11	4	9	LRRC28	0.9921605041790631	False
0.0003406042149147419	0.06965174129353234	0.14656056403052148	0.30815387071595834	Erythroid	T cell	2	4	7	5	6	LYSMD3	0.9921605041790631	False
9.954502994996845e-05	0.06965174129353234	0.10567599258681704	0.25688066466156617	B cell	Dendritic cell	2	7	10	6	10	MIR4300HG	0.9921605041790631	False
0.0008469207171938511	0.06965174129353234	0.22507601241396108	0.125	B cell	Erythroid	2	3	4	3	3	NBPF8	0.9921605041790631	False
0.0008017829700038444	0.06965174129353234	0.0874915711740728	0.10557261956998687	B cell	Monocyte	2	5	7	3	6	NDUFAF1	0.9921605041790631	False
0.0004879871792774898	0.06965174129353234	0.13989720537162598	0.1635878922521522	Monocyte	Erythroid	2	7	14	5	11	NKAP	0.9921605041790631	False
0.0002367006344855106	0.06965174129353234	0.13768541368932086	0.12196801895689174	Plasma cell	NK	2	7	10	4	8	PGLS	0.9921605041790631	False
0.0018742621569845818	0.06965174129353234	0.007176455631833334	0.16162184272420493	B cell	T cell	2	3	4	3	4	PGPEP1	0.9921605041790631	False
0.00015818853900194247	0.06965174129353234	0.09371336989890627	0.19841054912090655	Erythroid	NK	2	7	11	5	10	PTEN	0.9921605041790631	False
0.0019290286933935459	0.06965174129353234	0.1941003080030379	0.20656840560210388	Erythroid	Monocyte	2	7	10	3	6	PTPRS	0.9921605041790631	False
0.0008183800709368454	0.06965174129353234	0.08886676848188363	0.07213712618526624	B cell	T cell	2	4	5	3	5	RGS10	0.9921605041790631	False
0.0005937635639384134	0.06965174129353234	0.26260306488336393	0.5597955706984669	Erythroid	Monocyte	2	7	13	5	10	RNF114	0.9921605041790631	False
0.00012715718858112668	0.06965174129353234	0.22416027151818385	0.568566682767486	Erythroid	T cell	2	7	15	4	11	RPL17	0.9921605041790631	False
0.001231038997022391	0.06965174129353234	0.19927543855456303	0.2693694057654843	NK	B cell	2	7	11	3	9	SEC16A	0.9921605041790631	False
0.0008336156846728117	0.06965174129353234	0.24337375554346052	0.12182115849380215	NK	Dendritic cell	2	7	12	4	9	SETD4	0.9921605041790631	False
0.0003473208974859709	0.06965174129353234	0.25949376935397644	0.2798055618476311	Dendritic cell	NK	2	7	11	5	9	SHLD2	0.9921605041790631	False
0.0008868479209734745	0.06965174129353234	0.18090403269034494	0.3507264040355309	Erythroid	Dendritic cell	2	7	11	5	9	SLC44A2	0.9921605041790631	False
9.33763601851306e-05	0.06965174129353234	0.368320258760111	0.29167876149008226	T cell	B cell	2	5	6	3	5	SYTL1	0.9921605041790631	False
0.00034887235854772066	0.06965174129353234	0.24520136128255426	0.3419528503826522	Erythroid	Dendritic cell	2	7	8	3	6	TRAF6	0.9921605041790631	False
0.00011962272610351843	0.06965174129353234	0.1467053346013305	0.07872835734031713	Plasma cell	NK	2	7	17	7	14	TRAPPC8	0.9921605041790631	False
0.0007119532380479166	0.06965174129353234	0.29356411536798155	0.34032859141502314	Monocyte	Plasma cell	2	6	7	3	5	TRMT13	0.9921605041790631	False
0.0010390738047869035	0.06965174129353234	0.14143591489633472	0.19006472491909382	Plasma cell	Erythroid	2	5	6	3	5	UCK2	0.9921605041790631	False
0.0019413228150956803	0.06965174129353234	0.30085835121050725	0.3845822266730527	B cell	Monocyte	2	7	10	3	7	ZNF302	0.9921605041790631	False
0.001761397037252148	0.06965174129353234	0.2199532182953397	0.1788291605301915	B cell	Dendritic cell	2	5	8	3	5	ZNF701	0.9921605041790631	False
0.0006434681818015394	0.07462686567164178	0.05229165324566887	0.10033909882657172	B cell	T cell	2	4	5	3	4	A2M	0.9921605041790631	False
0.002833359161976296	0.07462686567164178	0.2236684331194691	0.21392607591275192	NK	T cell	2	7	11	3	9	C18orf32	0.9921605041790631	False
7.203286581259527e-05	0.07462686567164178	0.39421603577435615	0.6254480286738351	Erythroid	Dendritic cell	2	6	7	3	6	CERS2	0.9921605041790631	False
0.00014805819797714207	0.07462686567164178	0.09989301533393408	0.11626907371588224	Erythroid	Monocyte	2	3	5	3	5	CHMP4B	0.9921605041790631	False
0.00023414538327688262	0.07462686567164178	0.1469095354571256	0.18143019038685565	Plasma cell	B cell	2	6	13	4	8	CNTLN	0.9921605041790631	False
0.000876477626194784	0.07462686567164178	0.15114486914549652	0.345320813771518	T cell	Monocyte	2	5	9	3	7	DCTN6	0.9921605041790631	False
0.00033215977840275946	0.07462686567164178	0.36976494936777726	0.6778058899775291	Plasma cell	NK	2	7	12	3	9	DPM2	0.9921605041790631	False
0.0005123607926091334	0.07462686567164178	0.06030997928062232	0.020929202031564176	B cell	T cell	2	5	8	3	5	ENSG00000260664	0.9921605041790631	False
0.0007836862535286722	0.07462686567164178	0.15893755622760858	0.19002582598628553	Monocyte	Erythroid	2	6	10	3	7	FBXO38	0.9921605041790631	False
0.001012030775622947	0.07462686567164178	0.3027329020910776	0.25701530612244894	Plasma cell	B cell	2	5	6	3	4	GGA3	0.9921605041790631	False
0.00046013329150710973	0.07462686567164178	0.2392153651181843	0.38551777879419286	Dendritic cell	Plasma cell	2	7	8	3	6	IFRD1	0.9921605041790631	False
0.0006847448419870485	0.07462686567164178	0.054557499356319705	0.32649599988098205	Dendritic cell	Plasma cell	2	6	7	3	6	MACO1	0.9921605041790631	False
0.0012078589833471728	0.07462686567164178	0.3344793071540457	0.46409011458535643	Dendritic cell	T cell	2	5	8	3	5	METTL2A	0.9921605041790631	False
0.001126762119592964	0.07462686567164178	0.2592228300561635	0.3511400037686075	Erythroid	T cell	2	7	11	3	7	NUP85	0.9921605041790631	False
0.0008266791025070099	0.07462686567164178	0.14504493144329703	0.23936286194726242	B cell	Erythroid	2	7	9	3	8	PDCD6	0.9921605041790631	False
0.0006525116938939009	0.07462686567164178	0.21466262291215193	0.20882294692368625	B cell	Dendritic cell	2	5	11	3	7	PIGU	0.9921605041790631	False
0.002437698773957225	0.07462686567164178	0.2945872185802381	0.3479260369815092	NK	Erythroid	2	7	10	3	7	PRPSAP2	0.9921605041790631	False
0.00016497516998056043	0.07462686567164178	0.22601628439966193	0.25478482553936305	B cell	Dendritic cell	2	6	7	3	6	RNPC3	0.9921605041790631	False
0.0005433864916913175	0.07462686567164178	0.12010092753523277	0.11084505848448889	B cell	NK	2	6	9	3	7	SAE1	0.9921605041790631	False
0.0008335426567655915	0.07462686567164178	0.30533842068108513	0.30775695436591305	Plasma cell	NK	2	7	15	4	10	SLC46A3	0.9921605041790631	False
0.0003179798310780858	0.07462686567164178	0.1603072698718534	0.3950291774893894	Monocyte	B cell	2	7	9	5	6	SNHG29	0.9921605041790631	False
0.0008578602331798784	0.07462686567164178	0.07652475215099974	0.1710520268407023	B cell	NK	2	7	9	4	7	SSR3	0.9921605041790631	False
0.0042660323827623204	0.07462686567164178	0.24483302625501924	0.23543489286167107	Erythroid	B cell	2	4	5	3	4	ST7L	0.9921605041790631	False
0.000981538307062957	0.07462686567164178	0.26219721666266727	0.4151109307359307	NK	Dendritic cell	2	6	8	3	8	TIPARP	0.9921605041790631	False
0.00025449273473362365	0.07462686567164178	0.2427722060277943	0.38237710767616534	Erythroid	NK	2	6	6	3	6	TKT	0.9921605041790631	False
0.0005793063879488845	0.07462686567164178	0.12978128417074059	0.2691572646856295	Plasma cell	Dendritic cell	2	7	8	3	8	TNPO3	0.9921605041790631	False
0.00023380671105032588	0.07462686567164178	0.0808407466091548	0.09479143569632337	Dendritic cell	NK	2	7	14	8	14	UBR5	0.9921605041790631	False
0.0005419687597805011	0.07462686567164178	0.1971419217188941	0.18636363636363634	Plasma cell	B cell	2	7	10	3	7	UBXN2B	0.9921605041790631	False
0.0007854868256888749	0.07462686567164178	0.23005665769866168	0.38658257675514596	B cell	Dendritic cell	2	6	8	3	5	VPS29	0.9921605041790631	False
0.0010243544923982998	0.07462686567164178	0.18246869188713505	0.2207090358841332	B cell	Monocyte	2	7	11	4	7	ZNF44	0.9921605041790631	False
0.0007262554690639065	0.07462686567164178	0.2656163281163282	0.10772922804542373	Monocyte	Plasma cell	2	6	11	3	6	ZNF600	0.9921605041790631	False
0.0003968521830539566	0.07462686567164178	0.12618977354887134	0.11322626017335274	Dendritic cell	Monocyte	2	7	11	4	8	ZRANB1	0.9921605041790631	False
0.002379472510407749	0.07960199004975124	0.18952415176380172	0.26398716896110586	Dendritic cell	Plasma cell	2	7	11	4	9	ABHD17B	0.9921605041790631	False
0.000947791871091561	0.07960199004975124	0.27271806821783284	0.2993803274252469	Dendritic cell	Plasma cell	2	7	9	3	6	API5	0.9921605041790631	False
0.00023730536336439084	0.07960199004975124	0.1731769856036623	0.2881231354576505	B cell	Plasma cell	2	5	9	3	6	ATP6V0A1	0.9921605041790631	False
0.004595291059601966	0.07960199004975124	0.24900284900284886	0.2121606731443454	B cell	T cell	2	3	4	3	3	BDH2	0.9921605041790631	False
0.0004167054748524229	0.07960199004975124	0.2855128922388353	0.3513115237253168	NK	Erythroid	2	7	9	3	7	C2CD5	0.9921605041790631	False
0.0006502159061477496	0.07960199004975124	0.16244697942279823	0.24092032499112148	Dendritic cell	Erythroid	2	6	9	4	7	CCDC66	0.9921605041790631	False
0.00024090351246428332	0.07960199004975124	0.27627577075476845	0.3349305843348529	Monocyte	B cell	2	6	10	4	7	CD320	0.9921605041790631	False
0.00028580314571809357	0.07960199004975124	0.08888509332203248	0.2504837878204005	Plasma cell	B cell	2	7	17	7	15	CUL4A	0.9921605041790631	False
0.0008581115468422592	0.07960199004975124	0.12997496364731098	0.26304464766003227	T cell	Dendritic cell	2	7	10	3	6	DHTKD1	0.9921605041790631	False
0.0004924535397108884	0.07960199004975124	0.0979940375095606	0.15555664589568713	B cell	Dendritic cell	2	5	7	3	6	DISC1	0.9921605041790631	False
0.00048457120541667975	0.07960199004975124	0.1640972243603228	0.07122175688950932	Plasma cell	NK	2	7	11	5	8	FAM222B	0.9921605041790631	False
0.0006525845720722988	0.07960199004975124	0.09574336912924736	0.21880635088182254	T cell	Monocyte	2	6	10	3	9	MRPS27	0.9921605041790631	False
0.0003793636348719643	0.07960199004975124	0.11249871581186666	0.16057593053615887	T cell	NK	2	7	11	5	10	PDZD8	0.9921605041790631	False
0.00042115072531081886	0.07960199004975124	0.16068311186625817	0.07921980394523342	NK	Monocyte	2	6	9	3	7	PI4K2A	0.9921605041790631	False
0.000191659069999211	0.07960199004975124	0.19208192204257762	0.1785014634535288	Monocyte	Dendritic cell	2	7	8	4	8	RSL24D1	0.9921605041790631	False
0.0010139492279143288	0.07960199004975124	0.17747602050862576	0.20159372790951735	NK	T cell	2	6	9	3	5	SLC19A1	0.9921605041790631	False
0.00040820306675887024	0.07960199004975124	0.39850379383017154	0.47527862208713273	Dendritic cell	NK	2	7	11	3	8	SLFN11	0.9921605041790631	False
0.00041515950222372416	0.07960199004975124	0.1686800716230274	0.16930616567516604	Plasma cell	Dendritic cell	2	7	18	7	15	SS18	0.9921605041790631	False
0.00030291309347541104	0.07960199004975124	0.17702632015328057	0.23460035121509087	Erythroid	Monocyte	2	6	8	3	5	SUPV3L1	0.9921605041790631	False
0.00035964426715009155	0.07960199004975124	0.28090412856205216	0.41556995760599447	Plasma cell	Dendritic cell	2	7	10	3	9	TCERG1	0.9921605041790631	False
0.00040236088613590363	0.07960199004975124	0.11587647555614194	0.1816125568324613	T cell	Dendritic cell	2	7	8	3	8	UBE3C	0.9921605041790631	False
0.0007434810947747203	0.07960199004975124	0.19134310346230055	0.416494337764648	Plasma cell	Erythroid	2	7	11	7	11	UQCRFS1	0.9921605041790631	False
0.0027789076050011648	0.07960199004975124	0.3125131132935347	0.30221543162719633	Monocyte	B cell	2	4	5	3	3	USF2	0.9921605041790631	False
0.00031607577913941555	0.07960199004975124	0.13793620731960882	0.1497117879270573	Plasma cell	Monocyte	2	7	17	8	15	USP14	0.9921605041790631	False
0.0005407012348487686	0.07960199004975124	0.1988866380337887	0.3472522404893796	T cell	Plasma cell	2	7	10	3	8	ZCCHC10	0.9921605041790631	False
0.0010465226787835	0.07960199004975124	0.13996423629806126	0.2119964716259924	B cell	NK	2	7	11	3	8	ZNF429	0.9921605041790631	False
0.0003146326309720443	0.0845771144278607	0.17600552903457445	0.19229554071131977	Erythroid	Monocyte	2	5	8	3	5	AASDHPPT	0.9921605041790631	False
0.0012012893553671397	0.0845771144278607	0.3643313182509465	0.5053449144754394	T cell	Plasma cell	2	5	7	3	5	BLNK	0.9921605041790631	False
0.0009782326610429978	0.0845771144278607	0.12255317450766706	0.11247923190591769	Monocyte	NK	2	7	9	4	7	BORCS5	0.9921605041790631	False
0.0001183609545170798	0.0845771144278607	0.05538761019468491	0.17434222872799604	T cell	Dendritic cell	2	7	9	5	9	CDK17	0.9921605041790631	False
0.0009509925129154666	0.0845771144278607	0.24008164117939135	0.3155380399590032	NK	Monocyte	2	7	7	3	6	CTSD	0.9921605041790631	False
0.00028979493117273436	0.0845771144278607	0.1757889738555788	0.17682062509648716	Plasma cell	Dendritic cell	2	6	7	3	6	DNAJC9	0.9921605041790631	False
0.002288380836863827	0.0845771144278607	0.20444251518627077	0.19177545837947896	T cell	Monocyte	2	3	4	3	4	DZANK1	0.9921605041790631	False
0.0012861525028492957	0.0845771144278607	0.3463102604022562	0.3763293310463122	Erythroid	Dendritic cell	2	5	5	3	5	ENSG00000289017	0.9921605041790631	False
0.000672358585993118	0.0845771144278607	0.22179268516045048	0.20461627607519955	Erythroid	Monocyte	2	4	7	3	5	EPB41L4A	0.9921605041790631	False
0.0006665281739003678	0.0845771144278607	0.10032206982948999	0.15817163111660004	T cell	Monocyte	2	4	8	3	7	GATC	0.9921605041790631	False
0.0008300922719100207	0.0845771144278607	0.21810285276528724	0.1514428933166983	Dendritic cell	NK	2	7	17	5	12	GPALPP1	0.9921605041790631	False
0.0003712034167590035	0.0845771144278607	0.11193678941983537	0.13126964379256162	T cell	Plasma cell	2	7	15	6	12	GTF2F2	0.9921605041790631	False
0.0017999064167784843	0.0845771144278607	0.27015187801060586	0.3382597054886212	Erythroid	Monocyte	2	6	8	3	4	GTF2H3	0.9921605041790631	False
0.0014769197522653224	0.0845771144278607	0.3227344973932492	0.37899291896144766	Dendritic cell	Plasma cell	2	5	7	3	4	GTPBP8	0.9921605041790631	False
0.0006432367438372787	0.0845771144278607	0.08448253300798775	0.1157470182317531	B cell	T cell	2	5	9	5	8	GUSBP1	0.9921605041790631	False
8.356310556216841e-05	0.0845771144278607	0.07777585806086407	0.13575179232148593	Erythroid	T cell	2	7	19	11	17	IFNAR2	0.9921605041790631	False
0.0004324919552172226	0.0845771144278607	0.1575289643751216	0.12859635839858174	Monocyte	B cell	2	7	15	5	11	KATNAL1	0.9921605041790631	False
0.0007067311982275385	0.0845771144278607	0.152632310495328	0.09781128404669259	T cell	B cell	2	5	7	3	5	KCTD13	0.9921605041790631	False
0.000828218785339162	0.0845771144278607	0.20792197501944354	0.22110237537638	Dendritic cell	Plasma cell	2	7	9	3	6	MAEA	0.9921605041790631	False
0.0002597260859349042	0.0845771144278607	0.11523766948994196	0.20033411172983656	Plasma cell	B cell	2	7	11	4	8	MICU1	0.9921605041790631	False
0.0004924473526269232	0.0845771144278607	0.3071610049913175	0.358540357010791	Erythroid	Monocyte	2	5	8	3	5	MMGT1	0.9921605041790631	False
5.446517228245187e-05	0.0845771144278607	0.30775590158027966	0.528860999404994	NK	Plasma cell	2	7	9	5	9	MRPL54	0.9921605041790631	False
0.0001471523412421369	0.0845771144278607	0.29538217852397486	0.3242868221769411	Dendritic cell	NK	2	7	9	3	9	NCBP2AS2	0.9921605041790631	False
0.00038460171878082754	0.0845771144278607	0.12633589694533143	0.43351319319346365	Plasma cell	NK	2	7	18	11	16	NDUFV2	0.9921605041790631	False
0.0003291435243501777	0.0845771144278607	0.24969694281285765	0.30942232307590084	T cell	NK	2	6	8	3	6	NFKBID	0.9921605041790631	False
0.0007059003993503532	0.0845771144278607	0.2758928377350619	0.32828976102826485	NK	Erythroid	2	7	11	3	8	OTUD6B	0.9921605041790631	False
0.0008396698947057117	0.0845771144278607	0.18133044391909642	0.2430079908675799	Erythroid	T cell	2	4	5	3	4	PABIR1	0.9921605041790631	False
0.0008471618347636886	0.0845771144278607	0.31785398326832104	0.09603102189781021	T cell	Plasma cell	2	5	9	3	7	PTER	0.9921605041790631	False
0.0012095752123659044	0.0845771144278607	0.1888678187585059	0.1649787944994217	Erythroid	Monocyte	2	6	9	3	6	QSER1	0.9921605041790631	False
0.0008141374144823222	0.0845771144278607	0.07667651840406497	0.14261979208731873	Erythroid	Monocyte	2	7	16	4	10	RIPOR3	0.9921605041790631	False
0.0003565989983228344	0.0845771144278607	0.15523188025506773	0.13028414447689096	NK	Erythroid	2	7	12	7	9	RPS27L	0.9921605041790631	False
0.0004333162011100114	0.0845771144278607	0.17773565321373708	0.2708993777151579	Erythroid	NK	2	7	10	4	7	SPOP	0.9921605041790631	False
0.00016119430814783608	0.0845771144278607	0.14122623144174873	0.30028654219952516	NK	Dendritic cell	2	7	10	4	10	SREK1	0.9921605041790631	False
0.0006170067264625457	0.0845771144278607	0.2254600274952852	0.21805591847400052	B cell	T cell	2	5	7	4	5	SRGAP2C	0.9921605041790631	False
0.00019441650439740654	0.0845771144278607	0.11680246608439848	0.2122486377266426	NK	Erythroid	2	7	9	4	8	TFDP2	0.9921605041790631	False
0.0006624577814510113	0.0845771144278607	0.23049734129028537	0.2156638688621622	Plasma cell	B cell	2	7	11	4	8	ZNF766	0.9921605041790631	False
0.0006008416042941489	0.08955223880597014	0.07203879791712903	0.2122501792459338	Dendritic cell	T cell	2	7	14	6	14	ARFGEF1	0.9921605041790631	False
0.00018892762660199778	0.08955223880597014	0.134199262577967	0.4237298263839411	Monocyte	T cell	2	6	8	3	6	ATP5MC2	0.9921605041790631	False
0.0003401795214223371	0.08955223880597014	0.5507047389483768	0.5126729851680736	Plasma cell	NK	2	6	10	3	8	BAG1	0.9921605041790631	False
0.0004946907998889286	0.08955223880597014	0.2111040076057109	0.17022409946607175	Plasma cell	T cell	2	5	7	3	5	BZW2	0.9921605041790631	False
0.00016175062555432045	0.08955223880597014	0.09611934502821023	0.2596375956059751	T cell	Erythroid	2	4	5	3	4	CDK4	0.9921605041790631	False
0.0011368115723820076	0.08955223880597014	0.24297597534131188	0.3241100953121961	Plasma cell	B cell	2	6	7	3	5	EXOSC9	0.9921605041790631	False
0.002623141847241748	0.08955223880597014	0.38684960990045736	0.28428328157868377	Dendritic cell	NK	2	6	7	3	5	FCHO1	0.9921605041790631	False
0.0003543895079539724	0.08955223880597014	0.22373201872590376	0.18967197268517794	Dendritic cell	Plasma cell	2	7	13	3	10	FPGS	0.9921605041790631	False
0.0007217160242166629	0.08955223880597014	0.049944911556520366	0.12847311071528889	Plasma cell	NK	2	7	12	8	11	FRYL	0.9921605041790631	False
0.0009042870714614855	0.08955223880597014	0.1318866512105119	0.2300130581644917	Erythroid	Plasma cell	2	7	9	5	8	IQSEC1	0.9921605041790631	False
0.000568697799704577	0.08955223880597014	0.18666006010226682	0.1870862261522342	Monocyte	Plasma cell	2	6	7	3	4	KANK1	0.9921605041790631	False
0.0028297557220267	0.08955223880597014	0.1780099005850056	0.2651907546644389	T cell	Dendritic cell	2	6	8	3	5	LINC02384	0.9921605041790631	False
0.001220914576437185	0.08955223880597014	0.22906931877542897	0.29220437111014624	Erythroid	B cell	2	6	7	3	6	NVL	0.9921605041790631	False
0.0007093564401272221	0.08955223880597014	0.1707507061101376	0.31487590624880124	Plasma cell	Dendritic cell	2	7	8	4	7	OGDH	0.9921605041790631	False
0.0003203886433838038	0.08955223880597014	0.2152735632895768	0.26470676646526586	Dendritic cell	B cell	2	7	8	3	8	PDCD5	0.9921605041790631	False
0.0002807424533108362	0.08955223880597014	0.12479897974515036	0.15515298886604362	NK	Plasma cell	2	7	14	7	14	PPP3CC	0.9921605041790631	False
0.00039683824369072455	0.08955223880597014	0.1673393981418822	0.1903731953608651	B cell	Plasma cell	2	7	19	9	17	PRMT2	0.9921605041790631	False
0.0008678809606767863	0.08955223880597014	0.21137017952676895	0.1691569821066224	Monocyte	T cell	2	5	7	3	5	RAMAC	0.9921605041790631	False
0.0019311810834068003	0.08955223880597014	0.37675348467812997	0.23896693628494395	Monocyte	Plasma cell	2	4	6	3	6	RPL24	0.9921605041790631	False
0.00014975814138543222	0.08955223880597014	0.10462511049292844	0.1361629297458894	NK	Erythroid	2	7	17	7	13	SLC23A2	0.9921605041790631	False
0.00013189534022441194	0.08955223880597014	0.048500805095746724	0.3070740340182873	Erythroid	NK	2	7	10	5	9	SNRNP70	0.9921605041790631	False
0.0003971876499732304	0.08955223880597014	0.13021462309441972	0.2512357537685481	Dendritic cell	T cell	2	7	11	3	7	STRADA	0.9921605041790631	False
0.0016838152937772603	0.08955223880597014	0.2209060626406994	0.15098996173257173	Plasma cell	B cell	2	5	6	3	5	TSPOAP1-AS1	0.9921605041790631	False
0.0013161967223236835	0.08955223880597014	0.2402040091679314	0.22764857126161392	B cell	Plasma cell	2	4	5	3	4	TWF2	0.9921605041790631	False
0.0009896774792545874	0.08955223880597014	0.09321250379606	0.11421353721129168	Erythroid	T cell	2	4	6	3	5	VAV2	0.9921605041790631	False
0.000849828817177566	0.08955223880597014	0.62386237610452	0.5956627525653232	NK	Dendritic cell	2	7	13	3	9	ZNF267	0.9921605041790631	False
0.0005514060145437981	0.08955223880597014	0.1122049570485606	0.1796057042653051	Monocyte	T cell	2	6	7	3	7	ZZZ3	0.9921605041790631	False
0.0009120591721661802	0.0945273631840796	0.18649464889519968	0.24479166666666669	Plasma cell	Dendritic cell	2	4	6	3	4	ADGRG1	0.9921605041790631	False
0.0007066296097944802	0.0945273631840796	0.28877900024682274	0.19930364137530826	Erythroid	Dendritic cell	2	7	10	3	6	AP2A1	0.9921605041790631	False
0.00045018100448626625	0.0945273631840796	0.11023754468857316	0.1359596203346204	B cell	Plasma cell	2	4	7	3	5	BCAS4	0.9921605041790631	False
0.0006761832873550942	0.0945273631840796	0.20141142581581517	0.2608599354807645	Dendritic cell	B cell	2	6	10	4	7	C4orf3	0.9921605041790631	False
0.0006822565465903509	0.0945273631840796	0.11771293017222395	0.16384457505364303	B cell	Dendritic cell	2	5	6	3	4	CBR3-AS1	0.9921605041790631	False
0.00048768216688140287	0.0945273631840796	0.1941982825403335	0.2055508859804106	Erythroid	Monocyte	2	7	11	4	9	DDX50	0.9921605041790631	False
0.00037156842356777993	0.0945273631840796	0.21247433279062244	0.27729335143200207	B cell	Monocyte	2	6	7	4	6	DHX9	0.9921605041790631	False
8.599353540784568e-05	0.0945273631840796	0.2975277165560853	0.5341942057118406	NK	Plasma cell	2	6	7	3	5	ENSG00000265987	0.9921605041790631	False
0.00418319539835227	0.0945273631840796	0.18217525143697955	0.36413451490197724	NK	Erythroid	2	7	11	3	7	GPRIN3	0.9921605041790631	False
0.0007448407395306176	0.0945273631840796	0.12866103015864827	0.17348560079443892	Dendritic cell	Plasma cell	2	7	11	3	9	HGSNAT	0.9921605041790631	False
0.001279967706155275	0.0945273631840796	0.28131255208054634	0.3909223352007329	Monocyte	B cell	2	7	7	3	5	IRF3	0.9921605041790631	False
0.00013758495218084082	0.0945273631840796	0.10157274383347026	0.34657176012944774	NK	Plasma cell	2	7	8	5	7	JUND	0.9921605041790631	False
0.0004993307011784346	0.0945273631840796	0.24863308081538033	0.21650348223912347	Dendritic cell	NK	2	7	13	4	8	LEPROTL1	0.9921605041790631	False
0.0004642820017525627	0.0945273631840796	0.1380529214083313	0.11634826182273722	T cell	Plasma cell	2	3	4	3	3	MAST4	0.9921605041790631	False
0.0016278262566438654	0.0945273631840796	0.21217501615991874	0.20162959913798323	Monocyte	B cell	2	5	6	3	5	NOL9	0.9921605041790631	False
0.0010718207273114628	0.0945273631840796	0.1878386800097293	0.10786963434022262	Dendritic cell	Plasma cell	2	6	11	3	7	PHKA2	0.9921605041790631	False
0.0011710661511792255	0.0945273631840796	0.11860602108658047	0.2731684713686469	Plasma cell	T cell	2	6	10	3	8	POLB	0.9921605041790631	False
0.00022382623549547056	0.0945273631840796	0.1812035488510816	0.3727938991779736	Dendritic cell	Erythroid	2	4	7	3	6	PTPN22	0.9921605041790631	False
0.00017047866395641383	0.0945273631840796	0.06746768120331276	0.03295206971677561	Monocyte	Plasma cell	2	7	7	3	6	RRAS2	0.9921605041790631	False
0.0011559698371731355	0.0945273631840796	0.18209979483413424	0.18242496146178866	Plasma cell	Monocyte	2	5	6	3	6	SEC22B	0.9921605041790631	False
0.0005574839445565518	0.0945273631840796	0.3686422148096503	0.23239714439614295	Erythroid	Dendritic cell	2	4	6	3	6	SET	0.9921605041790631	False
0.0012168641981456121	0.0945273631840796	0.12011078439133716	0.3300048132846657	NK	Plasma cell	2	7	13	6	11	SMC5	0.9921605041790631	False
0.00017903744968944066	0.0945273631840796	0.4021197713388693	0.2903991370010788	NK	Plasma cell	2	7	11	3	9	SNHG16	0.9921605041790631	False
0.0002572237288358872	0.0945273631840796	0.5848803994680883	0.8555253477841607	NK	Erythroid	2	6	7	3	5	SPOCK2	0.9921605041790631	False
0.0002191225954409405	0.0945273631840796	0.3008900814349342	0.4764585410547306	NK	Plasma cell	2	7	9	3	8	TFRC	0.9921605041790631	False
0.0008745657548280579	0.0945273631840796	0.23029702380566075	0.29425911102332464	B cell	T cell	2	5	7	3	6	UBE2N	0.9921605041790631	False
0.0006697567325633805	0.0945273631840796	0.17887084107302703	0.24688502811932633	Monocyte	Plasma cell	2	7	10	4	8	WDR1	0.9921605041790631	False
0.0005360574886955965	0.09950248756218906	0.17198455139631613	0.1624264087468461	Dendritic cell	NK	2	7	9	3	8	ATP2C1	0.9921605041790631	False
0.0001927040012343583	0.09950248756218906	0.08480659608171892	0.09434877292301869	Dendritic cell	NK	2	7	12	7	12	BLTP1	0.9921605041790631	False
0.0007418793372915229	0.09950248756218906	0.28695176044928733	0.5351301371173375	Dendritic cell	Plasma cell	2	7	11	7	11	BST2	0.9921605041790631	False
0.00036032620935281146	0.09950248756218906	0.18317341995252856	0.25983585665494213	T cell	Erythroid	2	6	7	3	5	C1orf35	0.9921605041790631	False
0.0006086742838022612	0.09950248756218906	0.12050492783918809	0.06608536761288053	Erythroid	T cell	2	5	8	3	5	CEP250-AS1	0.9921605041790631	False
0.00024193237424481086	0.09950248756218906	0.21330703611266327	0.3236356040069568	B cell	Dendritic cell	2	7	10	3	8	CISD2	0.9921605041790631	False
0.0005369070722495976	0.09950248756218906	0.2605671904856145	0.20512820512820512	Dendritic cell	NK	2	7	12	4	9	DCAF16	0.9921605041790631	False
0.0009666441115638721	0.09950248756218906	0.17926402487354837	0.1948586517552035	T cell	Erythroid	2	6	10	3	7	DDA1	0.9921605041790631	False
0.0006006079894733099	0.09950248756218906	0.22786515582568212	0.27696998123827393	Erythroid	Dendritic cell	2	4	6	3	4	DSN1	0.9921605041790631	False
0.0016409971444278724	0.09950248756218906	0.14168617488369406	0.10078133031767245	B cell	T cell	2	6	8	3	5	ERCC6L2-AS1	0.9921605041790631	False
0.00034126329783851965	0.09950248756218906	0.07084997122481318	0.10065789473684206	Dendritic cell	B cell	2	7	14	4	11	GMEB2	0.9921605041790631	False
0.00033959018436913944	0.09950248756218906	0.1592952463968596	0.3636893494604682	Dendritic cell	NK	2	7	11	3	6	IPMK	0.9921605041790631	False
0.00010650193022119924	0.09950248756218906	0.16700031950416294	0.36686137869782054	Plasma cell	Dendritic cell	2	7	13	8	12	IQGAP1	0.9921605041790631	False
0.002187069422002221	0.09950248756218906	0.3078807853960133	0.5120985864850895	NK	B cell	2	7	12	3	11	LAP3	0.9921605041790631	False
6.821922024184178e-06	0.09950248756218906	0.2255847803409875	0.6933634815534001	Monocyte	NK	2	7	9	5	9	LDHB	0.9921605041790631	False
0.004332993022597641	0.09950248756218906	0.4586405019337302	0.35438311688311686	B cell	Plasma cell	2	4	7	3	5	METTL23	0.9921605041790631	False
0.0016423726655085992	0.09950248756218906	0.2144119956474947	0.1759368982372982	Erythroid	B cell	2	6	8	3	5	NAA20	0.9921605041790631	False
0.0003162741831720935	0.09950248756218906	0.01657839484167367	0.03262339418526028	Erythroid	B cell	2	3	4	3	3	NECAP1	0.9921605041790631	False
0.0011301848136946455	0.09950248756218906	0.246738418901304	0.20290100250626564	Plasma cell	Monocyte	2	7	8	3	7	NFKBIB	0.9921605041790631	False
0.00039344655662082716	0.09950248756218906	0.20369501127476514	0.2546701027521724	Erythroid	NK	2	7	12	4	10	NPTN	0.9921605041790631	False
0.0003091674077582294	0.09950248756218906	0.15571866713764237	0.18052612994350287	B cell	Erythroid	2	5	9	4	6	PARPBP	0.9921605041790631	False
0.0003123922518351654	0.09950248756218906	0.09821239446204344	0.3955146175410493	Dendritic cell	B cell	2	7	8	4	8	RBM33	0.9921605041790631	False
0.00018619185624860237	0.09950248756218906	0.07512409003548853	0.05403484974824624	T cell	Plasma cell	2	7	13	6	12	RNF38	0.9921605041790631	False
0.0008571563343908566	0.09950248756218906	0.07904569429118935	0.20025819488100582	Dendritic cell	B cell	2	6	8	3	5	SAT2	0.9921605041790631	False
0.000803500094014213	0.09950248756218906	0.23253107064307604	0.2287447730700934	Plasma cell	Monocyte	2	7	10	3	9	SDHA	0.9921605041790631	False
0.0005994955588897467	0.09950248756218906	0.11096479036862966	0.21451302897014557	T cell	Dendritic cell	2	7	9	4	7	TBC1D15	0.9921605041790631	False
0.00261856862790158	0.09950248756218906	0.13717833430113013	0.17667060910703725	Dendritic cell	B cell	2	5	6	3	4	TBC1D25	0.9921605041790631	False
0.0007842348160758697	0.09950248756218906	0.06573241548749481	0.0654320987654321	Monocyte	B cell	2	3	5	3	5	TDRD7	0.9921605041790631	False
0.00016759860708725962	0.09950248756218906	0.128470209919402	0.1429646985816007	NK	B cell	2	7	16	6	9	TIAM1	0.9921605041790631	False
0.00020723617789652322	0.09950248756218906	0.21416627226449947	0.32078514190976204	B cell	Dendritic cell	2	7	7	3	7	TRAPPC5	0.9921605041790631	False
0.00012899030877425762	0.09950248756218906	0.20458503832198377	0.34044639705017066	B cell	T cell	2	6	8	3	6	UQCC3	0.9921605041790631	False
0.00028239821154313707	0.09950248756218906	0.0773219687901337	0.13324473975636764	NK	B cell	2	4	7	3	5	ZFHX3	0.9921605041790631	False
0.0012833006575207798	0.09950248756218906	0.2077063359973459	0.2732028480352728	Plasma cell	NK	2	7	11	4	9	ZNF433-AS1	0.9921605041790631	False
0.00019171239833712137	0.09950248756218906	0.29469761629605185	0.26832710451349867	Dendritic cell	T cell	2	7	11	3	8	ZNF830	0.9921605041790631	False
0.00022651955016877719	0.1044776119402985	0.17193034737861707	0.21271713587303093	B cell	NK	2	7	11	6	10	AP2B1	0.9921605041790631	False
0.00015129295695184969	0.1044776119402985	0.1247155799734766	0.06521324221677122	B cell	Dendritic cell	2	7	10	5	9	AP3B1	0.9921605041790631	False
0.000779618136747384	0.1044776119402985	0.3961319232523063	0.47267964071856283	Plasma cell	B cell	2	5	6	3	6	ATP5MC1	0.9921605041790631	False
0.0004936036306943441	0.1044776119402985	0.14846826543043096	0.23504461966497736	Monocyte	NK	2	6	12	4	7	CIITA	0.9921605041790631	False
0.0012511525348380492	0.1044776119402985	0.25874868095545434	0.41995084257840776	Dendritic cell	Erythroid	2	7	13	3	8	CRYL1	0.9921605041790631	False
0.0001948143984160871	0.1044776119402985	0.26484246218049035	0.32489587025877353	Monocyte	B cell	2	5	8	4	5	ENSG00000261526	0.9921605041790631	False
8.361374304073654e-05	0.1044776119402985	0.10730469585510033	0.18751974472792987	Erythroid	Dendritic cell	2	7	14	7	12	ENSG00000288716	0.9921605041790631	False
0.00032433186388107054	0.1044776119402985	0.0615340498404926	0.049955861581920946	Dendritic cell	T cell	2	7	13	5	12	FTO	0.9921605041790631	False
0.0022663963276777213	0.1044776119402985	0.30114913758088	0.381010719754977	Dendritic cell	B cell	2	5	6	3	5	GABPB2	0.9921605041790631	False
0.00024414594436028076	0.1044776119402985	0.07155503500737659	0.17522920958035465	Erythroid	Plasma cell	2	7	9	3	9	GNAI2	0.9921605041790631	False
0.0002212761579659369	0.1044776119402985	0.11948574927699857	0.1682675530122844	Monocyte	Dendritic cell	2	7	9	6	8	GOLGB1	0.9921605041790631	False
0.0008113238680021492	0.1044776119402985	0.20103116691738887	0.3251046559933532	Monocyte	Dendritic cell	2	6	9	3	7	IL21R	0.9921605041790631	False
0.0005867413441722312	0.1044776119402985	0.19951270636723134	0.1412597531564761	B cell	Erythroid	2	5	8	3	5	LPCAT1	0.9921605041790631	False
0.00040702316428147515	0.1044776119402985	0.15215716969382298	0.30395833333333333	Erythroid	Dendritic cell	2	7	9	3	5	LRRC37A2	0.9921605041790631	False
0.0006620660021909547	0.1044776119402985	0.2049683459819665	0.5755487125203487	Dendritic cell	Plasma cell	2	6	7	3	6	LYPLAL1	0.9921605041790631	False
0.0005671452253561107	0.1044776119402985	0.09286613818788503	0.11052892899909461	Plasma cell	T cell	2	5	8	5	6	PALS2	0.9921605041790631	False
0.0007717606672882288	0.1044776119402985	0.1371544628432969	0.08832754768610501	Erythroid	Plasma cell	2	7	11	4	7	PARG	0.9921605041790631	False
0.00024025746420732675	0.1044776119402985	0.05783674649512227	0.1654270345923165	Monocyte	B cell	2	7	9	3	9	PIK3CB	0.9921605041790631	False
0.0004504519867761638	0.1044776119402985	0.24059183402727585	0.27098171776804414	Erythroid	Dendritic cell	2	6	7	3	7	PNRC2	0.9921605041790631	False
0.0007850314487183535	0.1044776119402985	0.20779090759235813	0.12339721008876986	Monocyte	NK	2	7	11	3	7	SS18L1	0.9921605041790631	False
0.00036686336781254267	0.1044776119402985	0.1466820806298793	0.2498978075065032	NK	Plasma cell	2	6	9	4	7	STK38L	0.9921605041790631	False
0.0003486440045126221	0.1044776119402985	0.06133722331183855	0.08363294430001661	Plasma cell	Monocyte	2	4	6	3	5	USP28	0.9921605041790631	False
0.002660449770517875	0.1044776119402985	0.39986546949546525	0.22474747474747475	Monocyte	B cell	2	3	4	3	4	WASH6P	0.9921605041790631	False
0.000954066259107018	0.1044776119402985	0.12612721037712205	0.11333250342337853	Monocyte	B cell	2	4	6	3	5	ZBED5	0.9921605041790631	False
0.001300800256339396	0.1044776119402985	0.27634693906559493	0.29507565956010573	Erythroid	Plasma cell	2	7	10	3	5	ZNF276	0.9921605041790631	False
0.000277609632509783	0.10945273631840796	0.07313509835311116	0.20839019075282278	Erythroid	Plasma cell	2	7	13	6	10	AP3S2	0.9921605041790631	False
0.0012720742474123467	0.10945273631840796	0.3555859442815965	0.6888046921825499	B cell	NK	2	7	11	4	7	CAPNS1	0.9921605041790631	False
0.0005647418555628613	0.10945273631840796	0.15445495686943783	0.1600238226131574	B cell	T cell	2	5	6	4	5	CMTM6	0.9921605041790631	False
0.0005883290985072069	0.10945273631840796	0.22594533885953066	0.3322386715211359	NK	B cell	2	7	8	4	8	COA1	0.9921605041790631	False
0.0009729067582568796	0.10945273631840796	0.1618547500153361	0.11248682472548732	Monocyte	Plasma cell	2	4	5	3	4	COX10-DT	0.9921605041790631	False
0.0010149513749792166	0.10945273631840796	0.290900092694619	0.15217098794183093	NK	Plasma cell	2	6	8	3	7	CPNE8	0.9921605041790631	False
0.0012621928750594909	0.10945273631840796	0.15712696355134897	0.16548395345863703	B cell	Plasma cell	2	7	10	3	5	FAM83D	0.9921605041790631	False
0.0004958079664397443	0.10945273631840796	0.10560207286345996	0.07830293170883668	Plasma cell	Erythroid	2	7	13	7	13	GANC	0.9921605041790631	False
0.0007783743320808799	0.10945273631840796	0.17588256157281956	0.30545186871628344	T cell	Monocyte	2	7	14	5	12	GOLGA7	0.9921605041790631	False
0.0005035011664329236	0.10945273631840796	0.2121720723867041	0.2240903153573428	Monocyte	NK	2	7	11	4	8	GOSR2	0.9921605041790631	False
0.002189713599235893	0.10945273631840796	0.1415122992156822	0.17399723374827103	B cell	Monocyte	2	5	11	4	6	KCNG2	0.9921605041790631	False
5.454005626233821e-05	0.10945273631840796	0.12622445771819613	0.5186428478353944	Plasma cell	T cell	2	7	10	5	9	MED10	0.9921605041790631	False
0.0007052252703158379	0.10945273631840796	0.17342459218131767	0.42350427350427355	Dendritic cell	B cell	2	5	8	4	6	PET100	0.9921605041790631	False
0.0008207067261941103	0.10945273631840796	0.13860243758064628	0.16614577259475216	Plasma cell	T cell	2	3	4	3	3	PRKAR2B	0.9921605041790631	False
0.0003449729528264244	0.10945273631840796	0.06566196696101695	0.06891102665305676	Plasma cell	Erythroid	2	7	7	4	7	RERE	0.9921605041790631	False
9.04213111336681e-05	0.10945273631840796	0.12840015976877317	0.2294495887535366	Dendritic cell	Monocyte	2	7	13	7	13	RSL1D1	0.9921605041790631	False
0.00043096539760550115	0.10945273631840796	0.10310111671472427	0.17832179614990384	Erythroid	Plasma cell	2	7	14	6	12	SHLD1	0.9921605041790631	False
0.00019827100253555713	0.10945273631840796	0.0963143362057104	0.15573233654414464	T cell	B cell	2	6	6	3	5	SSNA1	0.9921605041790631	False
0.0007381104254411534	0.10945273631840796	0.16815983722348016	0.09284032798884284	T cell	Monocyte	2	5	5	3	4	TENT5C	0.9921605041790631	False
0.0009569325703495768	0.10945273631840796	0.17740017168925892	0.1934527759345278	Erythroid	Dendritic cell	2	7	12	3	10	TMEM70	0.9921605041790631	False
0.00038189668044697264	0.10945273631840796	0.3312047570219311	0.46017900140838675	Monocyte	Erythroid	2	7	11	4	7	TUBGCP2	0.9921605041790631	False
0.0009582038537501108	0.10945273631840796	0.14054131786230173	0.24964670898486951	Dendritic cell	Monocyte	2	6	5	3	5	WASF2	0.9921605041790631	False
5.1142343063771624e-05	0.11442786069651742	0.17408417291801598	0.26052460854139	NK	Monocyte	2	6	12	5	7	ANXA1	0.9921605041790631	False
0.0006361592191675313	0.11442786069651742	0.19646552093723424	0.3432971684239756	Dendritic cell	Monocyte	2	6	7	3	6	DAP3	0.9921605041790631	False
0.0005805460740850846	0.11442786069651742	0.22636397837021616	0.3365609759252791	Dendritic cell	NK	2	7	9	3	8	DCUN1D1	0.9921605041790631	False
0.0028047359297759897	0.11442786069651742	0.2595180976430977	0.20781224622381028	B cell	T cell	2	4	5	3	3	DNAJB4	0.9921605041790631	False
0.0015699323506077145	0.11442786069651742	0.1139080556575931	0.20006395906619764	Monocyte	T cell	2	4	7	3	6	E4F1	0.9921605041790631	False
0.000991272205619009	0.11442786069651742	0.08842072398802736	0.17820652173913043	NK	B cell	2	6	9	3	7	EGLN2	0.9921605041790631	False
0.00044409634975952066	0.11442786069651742	0.20909003917068425	0.3506125341702946	Dendritic cell	Erythroid	2	5	7	3	6	EMC2	0.9921605041790631	False
0.00016783333651711798	0.11442786069651742	0.13108661040890002	0.10508142824374955	Monocyte	B cell	2	7	11	6	10	GPATCH8	0.9921605041790631	False
0.0005810119323882828	0.11442786069651742	0.08533267858370935	0.06896202531645573	T cell	Plasma cell	2	6	9	3	5	ILK	0.9921605041790631	False
0.00017699361850753693	0.11442786069651742	0.12011292041214577	0.18859127535426512	Monocyte	Dendritic cell	2	7	9	4	9	KLHL24	0.9921605041790631	False
0.0019511317786404805	0.11442786069651742	0.14755824070234974	0.18406593406593408	Dendritic cell	Erythroid	2	4	6	3	5	LIPA	0.9921605041790631	False
0.00031502249440056463	0.11442786069651742	0.21637615610548688	0.2629249832143075	Erythroid	B cell	2	5	7	4	7	MTRFR	0.9921605041790631	False
0.00126624267474562	0.11442786069651742	0.23129934448915668	0.16778149386845037	Plasma cell	Monocyte	2	5	7	3	5	NAALADL2	0.9921605041790631	False
0.0005358702598202526	0.11442786069651742	0.14053022880895266	0.2999270873069142	Monocyte	Erythroid	2	7	10	3	7	NAT10	0.9921605041790631	False
0.0002510294713801627	0.11442786069651742	0.19877533872932873	0.560704901694301	NK	T cell	2	7	10	5	9	NDUFC2	0.9921605041790631	False
0.0005760880953554971	0.11442786069651742	0.17858644085609554	0.15865500276264277	Monocyte	Dendritic cell	2	6	7	4	7	ODF2L	0.9921605041790631	False
0.0009233656789828264	0.11442786069651742	0.3756278575037837	0.397514733427749	Monocyte	B cell	2	5	7	3	5	PELP1	0.9921605041790631	False
0.0013730824852509166	0.11442786069651742	0.15425411424974766	0.25167431582525923	T cell	Plasma cell	2	5	6	3	5	RHEB	0.9921605041790631	False
0.00012427352284477935	0.11442786069651742	0.15328922629300312	0.3132047358247423	Dendritic cell	NK	2	7	10	4	8	RNF130	0.9921605041790631	False
0.00019365887303888677	0.11442786069651742	0.18191873837675537	0.18270913885512996	Dendritic cell	B cell	2	7	13	9	13	RPS4X	0.9921605041790631	False
0.0011133401880834232	0.11442786069651742	0.11098690544284451	0.12442396313364057	B cell	Monocyte	2	3	4	3	3	SLC16A4	0.9921605041790631	False
0.00023454163558809122	0.11442786069651742	0.10280964140272086	0.20386973177612977	Plasma cell	NK	2	7	17	9	16	STK4	0.9921605041790631	False
0.0006069737291137039	0.11442786069651742	0.24002725013363307	0.27530981574978686	Dendritic cell	B cell	2	5	7	3	6	STXBP4	0.9921605041790631	False
0.0003881257279945039	0.11442786069651742	0.22229946745066664	0.1843718228031953	Erythroid	B cell	2	7	8	3	6	TDG	0.9921605041790631	False
0.00039768851836585647	0.11442786069651742	0.1545183495465583	0.15197740940688703	NK	Dendritic cell	2	7	17	4	11	TMCO3	0.9921605041790631	False
0.0020935220959316632	0.11442786069651742	0.20494475036142584	0.21029281277728484	Monocyte	Dendritic cell	2	5	6	3	4	TMCO4	0.9921605041790631	False
0.00035099975258877586	0.11442786069651742	0.14972817243837816	0.12324913481714472	Plasma cell	T cell	2	5	9	4	7	TMEM161B	0.9921605041790631	False
0.00017200730908425896	0.11442786069651742	0.06152614001844403	0.07196779255602787	NK	Monocyte	2	6	13	3	8	XACT	0.9921605041790631	False
0.0013299065512717497	0.11442786069651742	0.09399689311650083	0.13278116178873867	Monocyte	B cell	2	3	4	3	4	ZNF329	0.9921605041790631	False
0.000578871494745398	0.11442786069651742	0.2174428218664461	0.2418064255405133	NK	Dendritic cell	2	7	10	3	8	ZNF91	0.9921605041790631	False
0.002719761205906884	0.11940298507462686	0.17955314978169834	0.1661111111111111	T cell	Monocyte	2	3	5	3	4	BUD13	0.9921605041790631	False
0.0006622671765866022	0.11940298507462686	0.20602209011386918	0.16708333333333336	NK	B cell	2	7	7	3	5	C18orf21	0.9921605041790631	False
0.0005976973209658958	0.11940298507462686	0.2205853559275418	0.4488942734284349	Dendritic cell	Plasma cell	2	6	8	3	5	CORO1C	0.9921605041790631	False
0.00031913227420307666	0.11940298507462686	0.34209790267274215	0.24746618211185137	B cell	Monocyte	2	6	8	3	7	CRBN	0.9921605041790631	False
0.00021725878783472976	0.11940298507462686	0.0960983825206656	0.25718844017359294	NK	Erythroid	2	7	10	5	10	CSNK1A1	0.9921605041790631	False
0.0003628608181470325	0.11940298507462686	0.07836151936344504	0.10293432665660246	Dendritic cell	T cell	2	7	11	6	9	DDX42	0.9921605041790631	False
0.0004936630456927172	0.11940298507462686	0.20768341291651737	0.2479338842975206	Plasma cell	NK	2	7	9	3	7	DYNC1LI1	0.9921605041790631	False
0.000575412933613022	0.11940298507462686	0.14393017973663141	0.17837143421832796	Monocyte	Plasma cell	2	5	7	3	5	FAM13A-AS1	0.9921605041790631	False
6.297266610781414e-05	0.11940298507462686	0.07466175097529754	0.2269473335802365	Dendritic cell	Plasma cell	2	7	12	7	12	FBXW7	0.9921605041790631	False
0.00038975826015743263	0.11940298507462686	0.10712156715330479	0.3819101789728869	Plasma cell	T cell	2	7	11	8	11	FXYD5	0.9921605041790631	False
0.00028890476757639127	0.11940298507462686	0.42065192335287493	0.46416117333904994	Dendritic cell	B cell	2	6	7	3	6	GLIPR1	0.9921605041790631	False
0.0003045740949337472	0.11940298507462686	0.3102005553791606	0.46976362363280777	Plasma cell	B cell	2	5	7	3	5	GLRX3	0.9921605041790631	False
0.00023174089915235804	0.11940298507462686	0.15490118556587473	0.14713749610791377	Erythroid	NK	2	7	9	4	8	GSK3B	0.9921605041790631	False
0.0001998784521080296	0.11940298507462686	0.08634197278829608	0.03163526676388412	Dendritic cell	Erythroid	2	7	18	9	16	LDLRAD4	0.9921605041790631	False
0.001000055753052993	0.11940298507462686	0.17614704646635232	0.02244954273099964	NK	T cell	2	3	5	3	4	LMO2	0.9921605041790631	False
0.0003181566699518761	0.11940298507462686	0.14502065556326948	0.17463717476387414	T cell	B cell	2	7	18	7	14	MED4	0.9921605041790631	False
0.0016526315612501695	0.11940298507462686	0.22451949737850374	0.3156717296597198	Dendritic cell	Erythroid	2	5	7	3	5	METTL25	0.9921605041790631	False
0.0007475105281653781	0.11940298507462686	0.23645816264863878	0.39727932956126205	NK	Dendritic cell	2	7	9	3	6	NRROS	0.9921605041790631	False
0.002345741365081232	0.11940298507462686	0.21683212471598767	0.2	T cell	Plasma cell	2	4	6	3	4	ORAI1	0.9921605041790631	False
0.0004755544987304688	0.11940298507462686	0.18608519715962946	0.3462432500089404	Plasma cell	NK	2	7	10	3	8	PHYKPL	0.9921605041790631	False
0.0002135858227958005	0.11940298507462686	0.2684714167294347	0.18116525823205748	Plasma cell	Monocyte	2	7	15	6	14	SYAP1	0.9921605041790631	False
0.0005201890201715234	0.11940298507462686	0.25056943245478275	0.14646402578072726	NK	Monocyte	2	7	12	3	10	TGIF2	0.9921605041790631	False
0.0006598743059018863	0.11940298507462686	0.12148498029026367	0.1219334922433668	T cell	Plasma cell	2	6	7	3	7	TMCO1	0.9921605041790631	False
0.0010122207340627098	0.11940298507462686	0.10739619915889576	0.10805537062969173	B cell	T cell	2	5	7	3	7	TMEM161B-DT	0.9921605041790631	False
0.0008260258000795617	0.12437810945273632	0.19455157055980582	0.2098208303822668	Plasma cell	Monocyte	2	7	11	3	6	ARHGAP19	0.9921605041790631	False
0.00025283438994103444	0.12437810945273632	0.05455696132874266	0.11006058277537517	B cell	Monocyte	2	7	18	10	16	ARHGEF7	0.9921605041790631	False
0.0023039018753788	0.12437810945273632	0.24308028966544332	0.43855287016845923	NK	Erythroid	2	7	13	6	11	ATF7IP2	0.9921605041790631	False
0.0007972782193455333	0.12437810945273632	0.15732250410416332	0.2982427972526983	Plasma cell	Monocyte	2	4	7	3	5	BCAT1	0.9921605041790631	False
0.000892334117932374	0.12437810945273632	0.27911840095376494	0.33518309505894156	Monocyte	B cell	2	4	7	4	5	CCDC174	0.9921605041790631	False
0.000301725980241331	0.12437810945273632	0.07272858046282765	0.09430185985164746	Erythroid	B cell	2	7	11	6	9	CCNY	0.9921605041790631	False
0.0007637637523353717	0.12437810945273632	0.11469207812547555	0.18312674930027995	Monocyte	Plasma cell	2	4	7	3	6	CHMP6	0.9921605041790631	False
0.0003635629221231024	0.12437810945273632	0.02862477004688946	0.13274264810679837	T cell	NK	2	6	10	5	8	CKAP5	0.9921605041790631	False
0.000381661136353717	0.12437810945273632	0.18926635731903957	0.12744620098892678	B cell	Plasma cell	2	5	9	3	7	DHX29	0.9921605041790631	False
0.0010329913030523346	0.12437810945273632	0.0812167099129465	0.06593329841103546	B cell	Erythroid	2	4	6	3	4	ENSG00000253853	0.9921605041790631	False
0.0003390756442972391	0.12437810945273632	0.1828587646739704	0.14422058995807463	B cell	Erythroid	2	5	6	3	5	FGD4	0.9921605041790631	False
0.0002808245295154612	0.12437810945273632	0.0848772203038562	0.07818865624791288	NK	Monocyte	2	7	14	5	13	HMBOX1	0.9921605041790631	False
0.0007306304324368783	0.12437810945273632	0.23308286473399986	0.31976971316952807	Plasma cell	B cell	2	6	7	3	5	LGALS8	0.9921605041790631	False
0.00013421998854757373	0.12437810945273632	0.0828303857913234	0.1234451705521219	Erythroid	NK	2	7	11	7	10	MSI2	0.9921605041790631	False
0.0002030874457150989	0.12437810945273632	0.12856774778112118	0.2043087363618781	Monocyte	B cell	2	5	4	3	4	NDUFB10	0.9921605041790631	False
0.0004719995626913891	0.12437810945273632	0.18069459837674995	0.35298896173705013	B cell	Dendritic cell	2	7	10	4	7	NHERF1	0.9921605041790631	False
0.00037786906655575654	0.12437810945273632	0.1012782433595214	0.26213888888888887	Erythroid	B cell	2	7	10	3	9	NONO	0.9921605041790631	False
0.00019605284735931474	0.12437810945273632	0.12184068610317828	0.3109684550837473	Monocyte	Dendritic cell	2	7	9	4	8	NUP210	0.9921605041790631	False
0.0004906269825091731	0.12437810945273632	0.17183839686057195	0.1917313545609421	B cell	Dendritic cell	2	7	9	4	9	OPA1	0.9921605041790631	False
0.0010917613467153553	0.12437810945273632	0.15024066189625962	0.2300701864655353	T cell	Plasma cell	2	6	7	3	6	PIGK	0.9921605041790631	False
0.0003974034416316635	0.12437810945273632	0.1305449297182369	0.10392092616863263	Dendritic cell	Plasma cell	2	7	11	3	7	PPP2R2D	0.9921605041790631	False
0.0008537535569377527	0.12437810945273632	0.27953656318690107	0.19197341513292432	B cell	Erythroid	2	5	9	4	7	RAD17	0.9921605041790631	False
0.00022980888411103367	0.12437810945273632	0.19228736571756372	0.3633376891679338	B cell	Dendritic cell	2	7	9	3	7	SHKBP1	0.9921605041790631	False
0.0003036478002596282	0.12437810945273632	0.06073204064631793	0.14977965802926146	NK	Dendritic cell	2	7	13	5	11	TTBK2	0.9921605041790631	False
0.00019181240423289168	0.12935323383084577	0.14711948812504433	0.24966934775936866	Plasma cell	Erythroid	2	7	13	5	9	ATP8B4	0.9921605041790631	False
0.0003321449883392496	0.12935323383084577	0.08733583969392827	0.1015364354697103	T cell	NK	2	7	13	4	11	AUH	0.9921605041790631	False
0.0010174602566418724	0.12935323383084577	0.28022242288352367	0.24113596197208848	Plasma cell	NK	2	7	9	3	7	BECN1	0.9921605041790631	False
0.0007210496122226886	0.12935323383084577	0.039159252836151626	0.21506837383503177	Monocyte	Erythroid	2	4	3	3	3	CCS	0.9921605041790631	False
0.0013740058145640028	0.12935323383084577	0.25726860496132303	0.6932724813347926	B cell	Monocyte	2	6	9	3	5	CDKN2D	0.9921605041790631	False
0.0003024772671012755	0.12935323383084577	0.1012598336546845	0.416181181598409	NK	B cell	2	7	10	6	9	CTSC	0.9921605041790631	False
0.0008847560760942919	0.12935323383084577	0.21153051390841565	0.3585690060718779	Erythroid	T cell	2	3	6	3	5	DCUN1D5	0.9921605041790631	False
0.00039661801600737387	0.12935323383084577	0.21788263935651725	0.42372134216706075	Plasma cell	Dendritic cell	2	7	10	5	10	FNBP4	0.9921605041790631	False
3.142646548625119e-05	0.12935323383084577	0.17040141321280272	0.7148741301786603	Plasma cell	Erythroid	2	7	7	5	7	HMGN2	0.9921605041790631	False
0.0007874023728087686	0.12935323383084577	0.10986968914928397	0.3139442759740386	T cell	B cell	2	5	7	3	6	KCNAB2	0.9921605041790631	False
0.0008174554592569208	0.12935323383084577	0.15571815630641495	0.1334850262164874	Erythroid	B cell	2	3	5	3	4	KYAT1	0.9921605041790631	False
0.00030129415523251913	0.12935323383084577	0.2768518564659842	0.32968033450229295	Monocyte	Plasma cell	2	7	14	5	11	MAPRE1	0.9921605041790631	False
0.0008201552001722184	0.12935323383084577	0.13407705795115715	0.11342592592592599	Erythroid	Monocyte	2	5	6	3	4	NBR1	0.9921605041790631	False
0.0006216637701806635	0.12935323383084577	0.1391678036688216	0.13355963087051076	B cell	Dendritic cell	2	6	11	3	7	NEDD4	0.9921605041790631	False
0.0016114412006152808	0.12935323383084577	0.19931630402349654	0.38207098373889975	NK	T cell	2	6	9	3	6	NLRC3	0.9921605041790631	False
0.0003200784874511668	0.12935323383084577	0.12356097365242352	0.25712077262564725	Plasma cell	NK	2	7	11	5	7	PIK3AP1	0.9921605041790631	False
0.0014392688786186954	0.12935323383084577	0.19933772520365584	0.2006155493108524	Erythroid	Monocyte	2	5	8	3	7	RBM19	0.9921605041790631	False
8.54788491313003e-05	0.12935323383084577	0.1892970662741199	0.31245912734484405	Dendritic cell	T cell	2	7	9	4	7	RPLP2	0.9921605041790631	False
4.524427205328026e-05	0.12935323383084577	0.1919545186447446	0.29745955179481187	B cell	Dendritic cell	2	7	17	9	16	RPN2	0.9921605041790631	False
0.00028151325979774045	0.12935323383084577	0.4994392243194542	0.6375130890052356	T cell	Dendritic cell	2	5	8	3	5	RTL8A	0.9921605041790631	False
0.00019657334848771957	0.12935323383084577	0.10754802655362045	0.1733230974138888	Dendritic cell	Monocyte	2	7	10	4	9	SKP1	0.9921605041790631	False
0.00043108113340430967	0.12935323383084577	0.2430215108920078	0.288978494623656	Monocyte	Erythroid	2	7	15	3	10	TRMT6	0.9921605041790631	False
0.0011955086843904472	0.12935323383084577	0.08737340538599803	0.12698712457930628	Plasma cell	Monocyte	2	7	10	3	7	XRCC1	0.9921605041790631	False
0.00024954697911427697	0.12935323383084577	0.13636915266096827	0.1440516934084547	Dendritic cell	NK	2	7	16	8	15	XRN2	0.9921605041790631	False
0.0003285582576447526	0.13432835820895522	0.12304233330507242	0.10218659636861516	Dendritic cell	Plasma cell	2	7	13	6	11	ABHD2	0.9921605041790631	False
0.0008928560132419591	0.13432835820895522	0.187061877348079	0.30330881274314403	B cell	T cell	2	5	5	3	5	AP2S1	0.9921605041790631	False
0.00023191116550351525	0.13432835820895522	0.12105143540766744	0.17327574386397915	B cell	NK	2	7	11	5	9	BTRC	0.9921605041790631	False
0.0006769433227905993	0.13432835820895522	0.12963549000211944	0.12148136213794819	Monocyte	Plasma cell	2	6	9	3	7	C11orf80	0.9921605041790631	False
0.0003437145045754212	0.13432835820895522	0.10862675423277912	0.25376152576019	Erythroid	NK	2	7	9	3	7	CDC26	0.9921605041790631	False
0.00026772783946206187	0.13432835820895522	0.3327354687672733	0.3334138217560207	T cell	Plasma cell	2	7	13	3	9	CLCN7	0.9921605041790631	False
0.00028298466011448744	0.13432835820895522	0.11081287602018292	0.119459802410949	NK	Dendritic cell	2	7	17	5	12	CLYBL	0.9921605041790631	False
0.0002181634595265558	0.13432835820895522	0.10115139114904653	0.15041664360493123	Plasma cell	Dendritic cell	2	7	9	4	8	CNOT2	0.9921605041790631	False
0.00032482984925141616	0.13432835820895522	0.07242897117565689	0.09908394637629492	Plasma cell	B cell	2	7	16	7	14	COG6	0.9921605041790631	False
0.0015004166925594	0.13432835820895522	0.16026689845587477	0.1402027027027027	Monocyte	B cell	2	4	5	3	4	CTBP1	0.9921605041790631	False
0.000600550881682456	0.13432835820895522	0.2955787819279912	0.2872458925090504	NK	B cell	2	7	10	4	7	EDRF1	0.9921605041790631	False
0.00012880394082790756	0.13432835820895522	0.093207833910321	0.14470482820101171	Dendritic cell	B cell	2	7	6	5	6	EIF1	0.9921605041790631	False
0.0004284459895821174	0.13432835820895522	0.2231975099440559	0.1835143114174575	Erythroid	T cell	2	7	9	3	6	ENSG00000290453	0.9921605041790631	False
0.00034706580382061806	0.13432835820895522	0.4282129833670455	0.48967822509550396	B cell	Dendritic cell	2	7	8	3	5	ERCC6	0.9921605041790631	False
7.316956564460402e-05	0.13432835820895522	0.07696363520010463	0.10482456140350871	Plasma cell	Erythroid	2	7	9	7	9	ETV6	0.9921605041790631	False
0.0007515998648954748	0.13432835820895522	0.11823653841121473	0.21181879227949346	B cell	NK	2	7	13	8	12	GLG1	0.9921605041790631	False
0.0007290528357144347	0.13432835820895522	0.20103460438355636	0.22240343021036013	Monocyte	Dendritic cell	2	7	10	4	9	HSPA9	0.9921605041790631	False
0.001382948953052679	0.13432835820895522	0.20727018676073183	0.08765904300991334	Plasma cell	B cell	2	3	4	3	3	JMJD1C-AS1	0.9921605041790631	False
8.589007840621467e-05	0.13432835820895522	0.05854759183942276	0.1336625510272979	Erythroid	Plasma cell	2	7	18	5	13	MALT1	0.9921605041790631	False
2.2060664547535845e-06	0.13432835820895522	0.3733193277310925	0.7666401639093606	B cell	Dendritic cell	2	6	9	3	8	MYG1	0.9921605041790631	False
1.9678363368931292e-05	0.13432835820895522	0.2427940049822929	0.40526247752552597	Plasma cell	B cell	2	7	9	7	9	NACA	0.9921605041790631	False
0.001854179377191539	0.13432835820895522	0.23059078687775952	0.1568750550709313	Plasma cell	Dendritic cell	2	7	10	3	7	PLAC8	0.9921605041790631	False
0.0019581258592812254	0.13432835820895522	0.18270543685563434	0.12250712250712248	Erythroid	B cell	2	5	7	3	4	POT1	0.9921605041790631	False
0.0007882116755733179	0.13432835820895522	0.1365592984443877	0.0770173820159254	Plasma cell	B cell	2	6	6	3	5	PPCS	0.9921605041790631	False
0.0009290645091961138	0.13432835820895522	0.22370303343795528	0.2630907098664089	Plasma cell	Erythroid	2	6	8	3	6	PRKD2	0.9921605041790631	False
0.0007467302383134949	0.13432835820895522	0.206229238260223	0.15315367303364302	T cell	B cell	2	7	6	3	5	RAB5C	0.9921605041790631	False
0.0005564040513752718	0.13432835820895522	0.29834707106071406	0.5052301999573046	Dendritic cell	T cell	2	7	13	3	10	RPL4	0.9921605041790631	False
0.0039954357176495685	0.13432835820895522	0.25863875631317496	0.18315312682641727	B cell	Erythroid	2	5	9	3	6	SHMT1	0.9921605041790631	False
0.0006520985966207767	0.13432835820895522	0.1300244158873155	0.2986690675743145	NK	Monocyte	2	7	10	3	8	SLF1	0.9921605041790631	False
0.00024066151363547118	0.13432835820895522	0.07751716912192225	0.08127207424001226	Dendritic cell	Plasma cell	2	7	17	6	14	SMAD4	0.9921605041790631	False
0.00024844110695658477	0.13432835820895522	0.048237922650976206	0.19608628568037512	Monocyte	Plasma cell	2	5	8	4	6	SMAD5	0.9921605041790631	False
0.0005882077232628347	0.13432835820895522	0.2341908550116903	0.257927468633619	Dendritic cell	NK	2	7	8	3	7	STK17A	0.9921605041790631	False
0.0011666555994773492	0.13432835820895522	0.1768770344277888	0.1666294635529849	T cell	Monocyte	2	5	6	3	6	TSNAX	0.9921605041790631	False
0.00028191333625317484	0.13432835820895522	0.3371265305664302	0.5702427889603653	NK	Monocyte	2	7	9	3	7	WDR6	0.9921605041790631	False
0.000451177797233719	0.13432835820895522	0.1554643841007477	0.10883695348490485	NK	Dendritic cell	2	7	16	4	12	ZHX3	0.9921605041790631	False
0.0021804239556229496	0.13432835820895522	0.19982947584101274	0.28165728077232505	B cell	Dendritic cell	2	4	7	3	4	ZNF28	0.9921605041790631	False
0.0005512566806206184	0.13432835820895522	0.10718447670632536	0.17786116322701684	T cell	Monocyte	2	7	11	5	8	ZNF37A	0.9921605041790631	False
5.3352373726973685e-05	0.13930348258706468	0.3540761312494365	0.5838801737771073	T cell	Monocyte	2	7	13	4	11	BCAP31	0.9921605041790631	False
0.0007327219384148969	0.13930348258706468	0.26419910234688077	0.16462188993749233	Erythroid	B cell	2	4	7	3	5	CALCOCO1	0.9921605041790631	False
0.000612970134248932	0.13930348258706468	0.15495443104754741	0.21169927370280706	Monocyte	Dendritic cell	2	7	7	3	7	CD46	0.9921605041790631	False
0.00017928038457831963	0.13930348258706468	0.15686820273159835	0.05347081361280148	B cell	T cell	2	3	5	3	4	CMAS	0.9921605041790631	False
0.0003238409310216094	0.13930348258706468	0.10046923450234779	0.15646708197015197	NK	Dendritic cell	2	7	14	6	11	CSGALNACT1	0.9921605041790631	False
0.0003642385574354169	0.13930348258706468	0.12021063826256168	0.12653041550178346	NK	Erythroid	2	7	10	4	6	CWC25	0.9921605041790631	False
0.0002592492364495284	0.13930348258706468	0.09588968378017132	0.11724525971719235	B cell	NK	2	7	9	5	9	DIP2B	0.9921605041790631	False
0.0006983488009432603	0.13930348258706468	0.19191297797293422	0.20295709467409206	NK	T cell	2	6	7	3	6	DLD	0.9921605041790631	False
0.0006538756663776604	0.13930348258706468	0.20887058342205372	0.10173160173160173	Plasma cell	B cell	2	4	6	3	4	HEXIM1	0.9921605041790631	False
0.0016356456653079145	0.13930348258706468	0.12144637328358254	0.12960865489767226	T cell	Plasma cell	2	5	6	3	5	MAP2K6	0.9921605041790631	False
7.505207285993603e-05	0.13930348258706468	0.05844981313658726	0.2071764173609565	Plasma cell	NK	2	7	9	7	9	MBNL1	0.9921605041790631	False
0.0005712823303282252	0.13930348258706468	0.13891327289163913	0.1342617487083545	T cell	NK	2	7	13	3	10	MED27	0.9921605041790631	False
0.0006508243346436302	0.13930348258706468	0.17528701905614885	0.15613614573346113	Erythroid	Plasma cell	2	5	5	3	5	NDUFS2	0.9921605041790631	False
0.0002787250649435546	0.13930348258706468	0.2485481659131611	0.4129017013232514	Monocyte	Erythroid	2	5	7	4	5	NDUFS6	0.9921605041790631	False
0.0003272057813179604	0.13930348258706468	0.3612041392542551	0.38852544132917965	T cell	Erythroid	2	5	6	3	4	PRIM1	0.9921605041790631	False
0.00018992963316632273	0.13930348258706468	0.040608333077156666	0.04226075776672705	Monocyte	Plasma cell	2	7	14	7	13	RB1CC1	0.9921605041790631	False
0.0005317018645328617	0.13930348258706468	0.1861453520539153	0.460359050125429	Dendritic cell	Erythroid	2	6	7	5	7	RBBP4	0.9921605041790631	False
0.0002592012583526014	0.13930348258706468	0.10198946793532898	0.11166937120190562	Plasma cell	Dendritic cell	2	6	7	4	7	RLF	0.9921605041790631	False
0.0003537622050115337	0.13930348258706468	0.2595135489798071	0.2868601179640282	NK	Erythroid	2	7	11	4	8	SEC24C	0.9921605041790631	False
0.00034878692992337823	0.13930348258706468	0.13528371452232363	0.1607669125667905	Erythroid	T cell	2	7	11	3	9	SMARCA4	0.9921605041790631	False
0.00031387048261147455	0.13930348258706468	0.14189407685950867	0.2636968010493832	Erythroid	NK	2	7	8	5	7	SND1	0.9921605041790631	False
0.00036342237419191364	0.13930348258706468	0.3272568641590192	0.5006344230482161	Plasma cell	Dendritic cell	2	7	9	3	5	TOB1	0.9921605041790631	False
0.00039275526429869773	0.13930348258706468	0.1452026827921427	0.22853764478764482	Dendritic cell	B cell	2	7	8	3	7	VPS41	0.9921605041790631	False
0.0003456664671401716	0.14427860696517414	0.21914745097022253	0.30968180456671507	B cell	Dendritic cell	2	6	10	3	5	ACOX1	0.9921605041790631	False
0.00046238299551055984	0.14427860696517414	0.13744225914955416	0.05367569637216424	Plasma cell	Dendritic cell	2	5	6	3	5	ARRDC1	0.9921605041790631	False
0.00011367666901884255	0.14427860696517414	0.04796695042852295	0.16159099171384933	T cell	Dendritic cell	2	7	19	9	17	BACH1	0.9921605041790631	False
0.00039421009899897035	0.14427860696517414	0.10999648696122255	0.15200145855279157	Monocyte	Erythroid	2	7	12	4	10	CDR2	0.9921605041790631	False
0.0006941834785967329	0.14427860696517414	0.26818570520688106	0.3713449231178698	NK	Plasma cell	2	7	9	3	6	CMTM7	0.9921605041790631	False
0.0011567107194378262	0.14427860696517414	0.23793202195412372	0.2267745526158062	T cell	Erythroid	2	7	8	3	6	CREBZF	0.9921605041790631	False
0.0001569208527949906	0.14427860696517414	0.10846569455872818	0.21279653796933645	Monocyte	Erythroid	2	7	8	5	7	CUX1	0.9921605041790631	False
0.0010435269718241126	0.14427860696517414	0.06981998369884002	0.09925493442551514	T cell	B cell	2	4	7	3	5	CYSLTR1	0.9921605041790631	False
0.0005252543744566797	0.14427860696517414	0.1542675123230679	0.10879182644800417	Monocyte	B cell	2	5	7	3	5	DTWD1	0.9921605041790631	False
0.00022459349774423765	0.14427860696517414	0.11260683054285531	0.1341549274039906	B cell	Dendritic cell	2	6	8	4	7	EIF2AK1	0.9921605041790631	False
0.0009333515296525857	0.14427860696517414	0.13358266675292324	0.18346243131492357	T cell	Monocyte	2	3	4	3	3	GYG1	0.9921605041790631	False
0.000527620516397216	0.14427860696517414	0.22883334157750546	0.12602820211515858	Dendritic cell	NK	2	7	12	4	9	LIN54	0.9921605041790631	False
0.000861867519246717	0.14427860696517414	0.19300639423970606	0.1158088235294118	Plasma cell	Dendritic cell	2	6	7	3	6	LINC01004	0.9921605041790631	False
0.00025346218167200804	0.14427860696517414	0.06194455806538751	0.2194687088668183	B cell	NK	2	6	8	3	6	LMTK2	0.9921605041790631	False
0.00036772425129137827	0.14427860696517414	0.2545964123893818	0.309443007196483	Monocyte	Erythroid	2	6	11	4	8	LONRF1	0.9921605041790631	False
0.0002726924525326794	0.14427860696517414	0.17572304793450966	0.4960211998930957	Plasma cell	NK	2	7	10	4	8	LSP1	0.9921605041790631	False
0.0010276655903331548	0.14427860696517414	0.24420991921293717	0.13306556102617262	Plasma cell	Monocyte	2	6	6	3	4	MCOLN2	0.9921605041790631	False
0.0013474042485826577	0.14427860696517414	0.14463658503224208	0.164683039991931	Monocyte	Erythroid	2	5	9	4	6	MRPL42	0.9921605041790631	False
0.0002862809099409783	0.14427860696517414	0.09824296124457133	0.1397995783201662	NK	Monocyte	2	7	18	9	15	MTIF3	0.9921605041790631	False
0.0003142957331199954	0.14427860696517414	0.08472675196107549	0.10321681717794245	T cell	Monocyte	2	7	12	3	10	PARN	0.9921605041790631	False
0.0006452260201801829	0.14427860696517414	0.1534206074647252	0.12504480286738356	NK	Monocyte	2	4	6	3	5	PARP6	0.9921605041790631	False
4.8023277656365535e-05	0.14427860696517414	0.2765338052923817	0.4983987800228745	Dendritic cell	Erythroid	2	7	9	3	6	PEX16	0.9921605041790631	False
0.00020443654337481498	0.14427860696517414	0.10763324678757746	0.09330133378642425	Plasma cell	Monocyte	2	7	18	6	10	PKNOX1	0.9921605041790631	False
0.00027946739357190915	0.14427860696517414	0.31145827874635884	0.2958549320111186	Plasma cell	Dendritic cell	2	7	13	4	9	PLAA	0.9921605041790631	False
0.00025631282276728477	0.14427860696517414	0.0730722380782754	0.18992461160398186	Dendritic cell	B cell	2	7	16	6	14	PTTG1IP	0.9921605041790631	False
0.0002458885338485648	0.14427860696517414	0.40473757871446836	0.3572114572779466	Plasma cell	Erythroid	2	6	7	3	6	RABGGTB	0.9921605041790631	False
0.00025692320008133794	0.14427860696517414	0.08794214975534143	0.09744915084271444	Dendritic cell	B cell	2	7	13	9	13	RFX7	0.9921605041790631	False
0.000777662368534951	0.14427860696517414	0.204247556876273	0.11520584329349265	Erythroid	Dendritic cell	2	6	14	4	11	RRAGB	0.9921605041790631	False
0.001202879277265277	0.14427860696517414	0.21163560270083026	0.20886802647575303	Erythroid	T cell	2	6	9	3	6	SLC35E1	0.9921605041790631	False
0.0002638313567049807	0.14427860696517414	0.19223520652685022	0.11653843624646543	NK	T cell	2	7	17	4	10	SLC66A2	0.9921605041790631	False
0.0009914702324774671	0.14427860696517414	0.12574950275620456	0.12492267700883392	Dendritic cell	Erythroid	2	7	16	8	15	STAU1	0.9921605041790631	False
0.00034263597961686694	0.14427860696517414	0.17825451084164134	0.25308488014912445	NK	Erythroid	2	7	8	3	6	TAX1BP1	0.9921605041790631	False
0.001551436463315413	0.14427860696517414	0.17480241401019392	0.1653846153846154	NK	T cell	2	5	7	3	5	TMEM223	0.9921605041790631	False
0.00017966154747397825	0.14427860696517414	0.29953485450534373	0.19265697976128693	Plasma cell	T cell	2	7	12	3	9	TRMO	0.9921605041790631	False
0.00014716559408512985	0.14427860696517414	0.03781992422502478	0.11062405235669637	Dendritic cell	Plasma cell	2	7	7	4	6	VAV3	0.9921605041790631	False
0.00015472807857870038	0.14427860696517414	0.11541883019791427	0.25213427168734437	Dendritic cell	Plasma cell	2	7	9	4	9	WNK1	0.9921605041790631	False
0.0010964274071774078	0.14925373134328357	0.27696786056538625	0.1785407390047652	Monocyte	Dendritic cell	2	5	6	3	4	BISPR	0.9921605041790631	False
0.0008939822073697868	0.14925373134328357	0.1135144686029636	0.11727098722825158	Erythroid	T cell	2	7	10	4	8	BTBD10	0.9921605041790631	False
0.0005989402849685571	0.14925373134328357	0.14007618351276174	0.10979484141941737	NK	Dendritic cell	2	7	9	3	8	CDC37L1	0.9921605041790631	False
0.0005335344362362031	0.14925373134328357	0.23296644574031067	0.2273619631901841	NK	Erythroid	2	6	11	3	9	DLGAP4	0.9921605041790631	False
0.0001362830500630314	0.14925373134328357	0.3870305662108855	0.46496739774748075	Dendritic cell	B cell	2	6	11	4	9	FLYWCH2	0.9921605041790631	False
0.00013849090348602315	0.14925373134328357	0.0733726314242849	0.033234052404102044	B cell	Monocyte	2	7	18	8	14	GALNT1	0.9921605041790631	False
0.001124587944874352	0.14925373134328357	0.09709135579395811	0.15951186169414666	T cell	Dendritic cell	2	5	7	3	6	HERC2P3	0.9921605041790631	False
0.0001070778243125231	0.14925373134328357	0.11703229128192538	0.17868395066427306	B cell	Monocyte	2	7	19	9	16	IFNAR1	0.9921605041790631	False
0.0028646713834953215	0.14925373134328357	0.2536267378023798	0.282064384261625	Plasma cell	Erythroid	2	5	9	3	6	IMMP1L	0.9921605041790631	False
0.0002784105080278781	0.14925373134328357	0.13612933292668522	0.37280081683945965	NK	Monocyte	2	7	9	4	9	PPHLN1	0.9921605041790631	False
0.00021451967101570598	0.14925373134328357	0.09786209495566861	0.06445783132530125	T cell	NK	2	7	11	5	9	PRKCA	0.9921605041790631	False
0.00040469445462866597	0.14925373134328357	0.10889331801305113	0.24327606135191177	Plasma cell	T cell	2	7	17	10	17	RBM39	0.9921605041790631	False
0.0005341854301024501	0.14925373134328357	0.0386002155430093	0.048598889941789625	B cell	T cell	2	3	5	3	4	RGS12	0.9921605041790631	False
0.0011798440480464475	0.14925373134328357	0.1747202573053941	0.291988791735593	Erythroid	NK	2	7	13	4	10	RORA	0.9921605041790631	False
0.00014348430986179696	0.14925373134328357	0.12366412507979041	0.1755719313866439	Plasma cell	B cell	2	7	18	8	15	RPRD1A	0.9921605041790631	False
0.00011786910662369027	0.14925373134328357	0.05920413260031576	0.1636311320483677	B cell	T cell	2	7	9	4	9	SLMAP	0.9921605041790631	False
0.0018183870676825222	0.14925373134328357	0.4525113585752542	0.598091976516634	B cell	Monocyte	2	4	6	3	4	UBXN8	0.9921605041790631	False
0.0002943949562150197	0.14925373134328357	0.1820652701885359	0.17412274912234127	Plasma cell	Monocyte	2	7	7	5	7	USP48	0.9921605041790631	False
0.0005139913726498705	0.15422885572139303	0.2811675741484178	0.2987466362820917	Erythroid	NK	2	7	13	4	11	ARMCX3	0.9921605041790631	False
0.0011206839544094173	0.15422885572139303	0.12286511260991995	0.19284989858012175	T cell	Dendritic cell	2	5	6	3	4	CASD1	0.9921605041790631	False
0.00014174039863208438	0.15422885572139303	0.06815092435895304	0.0648125820539614	Monocyte	Erythroid	2	7	12	6	11	CCSER1	0.9921605041790631	False
0.00018319909256672863	0.15422885572139303	0.2798858046973096	0.6712643678160919	Erythroid	Dendritic cell	2	7	10	3	6	CLN8-AS1	0.9921605041790631	False
0.0011118615163208832	0.15422885572139303	0.23542279509674624	0.25305119290252964	B cell	Plasma cell	2	7	7	3	4	ENSG00000267503	0.9921605041790631	False
0.0011904502515895196	0.15422885572139303	0.07607568584342805	0.13965125426099112	B cell	Monocyte	2	6	7	3	6	EYA3	0.9921605041790631	False
0.0003118737737794978	0.15422885572139303	0.20178978557426558	0.20678666318553895	Erythroid	B cell	2	5	10	4	7	HSDL2	0.9921605041790631	False
0.0002940261984115842	0.15422885572139303	0.08285002329388119	0.1627331430435116	Dendritic cell	Erythroid	2	7	13	6	12	JAK2	0.9921605041790631	False
0.0023231267136590867	0.15422885572139303	0.23893876296224092	0.2848566259115083	Monocyte	T cell	2	7	14	5	11	LAMP2	0.9921605041790631	False
0.0015175625748862268	0.15422885572139303	0.12987720197338842	0.1379598662207358	Plasma cell	B cell	2	4	5	3	4	LENG8	0.9921605041790631	False
0.000766999259547791	0.15422885572139303	0.12115217482472862	0.122062923138192	Dendritic cell	T cell	2	3	5	3	5	LMBRD2	0.9921605041790631	False
0.00015025011421201527	0.15422885572139303	0.1685488044662688	0.4393573415312546	B cell	T cell	2	3	5	3	4	MED25	0.9921605041790631	False
9.014475837798461e-05	0.15422885572139303	0.2113108986064801	0.63710572627589	Monocyte	Dendritic cell	2	6	8	4	8	MRPL32	0.9921605041790631	False
0.0011698555679591253	0.15422885572139303	0.1981093660790056	0.2127508240770719	Erythroid	Dendritic cell	2	7	17	6	14	MZT1	0.9921605041790631	False
0.0014823653394903699	0.15422885572139303	0.13356119848765152	0.06783814589665654	B cell	Monocyte	2	4	6	3	5	NUP133	0.9921605041790631	False
0.0023271932584427793	0.15422885572139303	0.30452128063847506	0.508944318468128	B cell	T cell	2	4	6	3	4	POLR2J3	0.9921605041790631	False
0.0005470147456029668	0.15422885572139303	0.08261044274655271	0.15639861651534798	T cell	Plasma cell	2	7	8	3	8	POM121	0.9921605041790631	False
0.001190857116258678	0.15422885572139303	0.16360586914666603	0.1673489278752437	Erythroid	B cell	2	4	6	3	3	PRKAB1	0.9921605041790631	False
0.0004846238475159913	0.15422885572139303	0.1391537248234671	0.17035902800055241	B cell	Monocyte	2	7	14	7	13	PTK2B	0.9921605041790631	False
0.0006268901938847563	0.15422885572139303	0.25384760393812283	0.2363915332845138	T cell	B cell	2	7	9	3	7	RAB4B	0.9921605041790631	False
0.00027571782543622163	0.15422885572139303	0.17184143396620544	0.3442766185681166	Plasma cell	NK	2	7	13	3	10	RIGI	0.9921605041790631	False
0.002072776357103076	0.15422885572139303	0.28798786230690254	0.2530832030571478	Monocyte	Erythroid	2	4	5	3	3	SLC25A15	0.9921605041790631	False
0.0012529536965275607	0.15422885572139303	0.23821470386259347	0.21744893895431527	Monocyte	Plasma cell	2	6	9	3	5	SLC25A25	0.9921605041790631	False
0.0033050038940963494	0.15422885572139303	0.23508252843068167	0.22957430918595967	Dendritic cell	Erythroid	2	4	7	3	4	SPIN2B	0.9921605041790631	False
0.0008106115569726498	0.15422885572139303	0.13183091636159494	0.16920609739870363	B cell	Plasma cell	2	5	8	3	7	ST7	0.9921605041790631	False
0.00011805493161024842	0.15422885572139303	0.13234711452883863	0.2111108062364856	Dendritic cell	Erythroid	2	7	10	6	10	TENT2	0.9921605041790631	False
0.0007193107611432395	0.15422885572139303	0.21969847833023104	0.2457029479536112	NK	Dendritic cell	2	7	16	4	11	TWSG1	0.9921605041790631	False
0.00018307062245364746	0.15422885572139303	0.05532480107702348	0.10617683724909965	Plasma cell	B cell	2	7	18	8	16	VPS4B	0.9921605041790631	False
0.0008729322777874698	0.15422885572139303	0.19696317437660182	0.22596759030577285	Erythroid	B cell	2	5	7	3	5	ZNF14	0.9921605041790631	False
0.00036665669890239346	0.15422885572139303	0.17136743654205516	0.3060663705009685	Dendritic cell	B cell	2	7	11	4	8	ZNF518A	0.9921605041790631	False
0.0006797594787335965	0.15422885572139303	0.14472144297361272	0.12469698837257076	NK	Erythroid	2	7	11	3	8	ZNF532	0.9921605041790631	False
0.0023919432680298476	0.15422885572139303	0.20958221967349766	0.22280471821756226	NK	Erythroid	2	7	10	3	7	ZNF875	0.9921605041790631	False
0.0001911635068211409	0.15920398009950248	0.1266879086115663	0.22796023543385352	Erythroid	Plasma cell	2	7	12	8	12	AFF1	0.9921605041790631	False
0.0005107641220674403	0.15920398009950248	0.14718602791974134	0.21239883711793817	T cell	NK	2	6	8	3	7	ANAPC5	0.9921605041790631	False
0.0003224601719810788	0.15920398009950248	0.11580311000865162	0.18415730085272797	Monocyte	Erythroid	2	7	15	4	11	CA5B	0.9921605041790631	False
0.0038263686002253426	0.15920398009950248	0.13477523757682974	0.44901401141670993	B cell	Monocyte	2	3	4	3	3	DDX19B	0.9921605041790631	False
0.00046147170211466375	0.15920398009950248	0.13870402710976576	0.16184663639753455	Plasma cell	Monocyte	2	7	11	6	10	DDX21	0.9921605041790631	False
0.00014083749322399094	0.15920398009950248	0.11889604144119892	0.41497332312908086	Erythroid	Plasma cell	2	7	9	7	9	EIF5A	0.9921605041790631	False
0.0006914084693680056	0.15920398009950248	0.12576184778825134	0.15822072877195492	Monocyte	T cell	2	6	7	3	6	FBXO42	0.9921605041790631	False
9.875518839062746e-05	0.15920398009950248	0.11448496785212497	0.4573567004804532	Erythroid	Dendritic cell	2	7	15	6	14	FKBP1A	0.9921605041790631	False
0.0006204329212989075	0.15920398009950248	0.19554243179771313	0.20526315789473681	NK	Plasma cell	2	6	7	3	4	FMNL1-DT	0.9921605041790631	False
0.0007899072458645514	0.15920398009950248	0.06725222851516405	0.06240401787737854	T cell	Monocyte	2	5	8	4	7	GNG10	0.9921605041790631	False
0.0005938046521602047	0.15920398009950248	0.08210406349269528	0.18053760661669682	Erythroid	Plasma cell	2	4	5	3	4	GPATCH4	0.9921605041790631	False
0.0003172263992126129	0.15920398009950248	0.07247691058481143	0.07421865715983361	NK	Dendritic cell	2	7	9	4	8	HECTD4	0.9921605041790631	False
0.000593638810961388	0.15920398009950248	0.07374177469217702	0.07930672268907568	Plasma cell	Monocyte	2	3	3	3	3	HNRNPA0	0.9921605041790631	False
0.0003231015006911173	0.15920398009950248	0.13114957895857499	0.0792700382921061	Erythroid	B cell	2	5	8	4	8	MRPS35	0.9921605041790631	False
0.00018398995388720072	0.15920398009950248	0.26172757479600284	0.6297427414052724	Plasma cell	Dendritic cell	2	7	9	3	7	MTCH2	0.9921605041790631	False
0.00011676052445313474	0.15920398009950248	0.14522223916117932	0.24146498049674747	Erythroid	Dendritic cell	2	7	10	6	10	PHF21A	0.9921605041790631	False
0.0002658839311691603	0.15920398009950248	0.13004675853618186	0.12130622331323232	Dendritic cell	NK	2	7	13	4	11	PUM3	0.9921605041790631	False
0.0005902469724904771	0.15920398009950248	0.1649017521915832	0.12476461695553576	NK	B cell	2	7	13	5	11	SPG7	0.9921605041790631	False
0.00027210193250748607	0.15920398009950248	0.10399807252691418	0.193103129061093	B cell	Dendritic cell	2	7	14	5	13	TAF2	0.9921605041790631	False
0.001092423443040533	0.15920398009950248	0.08201978263564763	0.09439259314567305	Monocyte	Plasma cell	2	4	6	3	5	TMEM218	0.9921605041790631	False
0.0011207701604605473	0.15920398009950248	0.13961485020201608	0.19752924763618318	Monocyte	Dendritic cell	2	7	13	5	13	USP10	0.9921605041790631	False
0.0027334835970119755	0.15920398009950248	0.12385510317247839	0.13560606060606062	Erythroid	B cell	2	3	4	3	3	ZNF589	0.9921605041790631	False
0.0008147734210942211	0.16417910447761194	0.19660905814308943	0.3031653565412689	NK	Dendritic cell	2	7	15	5	11	AFG3L2	0.9921605041790631	False
0.0008540917564904176	0.16417910447761194	0.23562513241465471	0.21098973537997928	Monocyte	T cell	2	5	7	3	6	ATL3	0.9921605041790631	False
0.0003192660566570753	0.16417910447761194	0.16382821481259335	0.19261455131020344	Dendritic cell	T cell	2	7	14	4	13	BNIP3L	0.9921605041790631	False
0.00015092719839688895	0.16417910447761194	0.24862093618173997	0.6093929929171991	T cell	B cell	2	5	8	3	5	BTG1	0.9921605041790631	False
0.000280720088725638	0.16417910447761194	0.15948428253640956	0.3414447239087722	Monocyte	NK	2	7	9	6	9	CBLB	0.9921605041790631	False
6.514412364934516e-05	0.16417910447761194	0.20258066409646358	0.5711323432223577	Erythroid	NK	2	7	9	4	9	CCT5	0.9921605041790631	False
0.0010853308116097451	0.16417910447761194	0.3629331391509275	0.3750565084430262	NK	B cell	2	7	10	3	7	COMMD9	0.9921605041790631	False
0.0003700820701459617	0.16417910447761194	0.11999652340243211	0.42102006541147347	T cell	Monocyte	2	4	5	3	4	DELE1	0.9921605041790631	False
0.0010896981787918902	0.16417910447761194	0.1357765549600845	0.6387566567707972	Erythroid	B cell	2	6	4	4	4	FTL	0.9921605041790631	False
0.00020687676837478566	0.16417910447761194	0.17486778328149272	0.38465208699887943	B cell	Plasma cell	2	7	13	6	12	GGA2	0.9921605041790631	False
0.0017546257289990882	0.16417910447761194	0.2549840711323889	0.19539435939245703	Plasma cell	B cell	2	7	9	5	8	GOLGA8A	0.9921605041790631	False
0.0002653743932641587	0.16417910447761194	0.1657226192025733	0.3100601932429549	T cell	Monocyte	2	7	10	3	8	HIPK3	0.9921605041790631	False
2.073424879921032e-05	0.16417910447761194	0.36244018591371063	0.16485836423027234	T cell	Plasma cell	2	6	7	3	5	MZB1	0.9921605041790631	False
0.0006163544570938979	0.16417910447761194	0.17419701103093932	0.2541729455236051	Plasma cell	Dendritic cell	2	7	13	4	9	NPRL3	0.9921605041790631	False
0.0009085175054551348	0.16417910447761194	0.2037933023043007	0.12931224567522603	Plasma cell	Monocyte	2	4	7	3	6	NSUN3	0.9921605041790631	False
0.0005958614466361345	0.16417910447761194	0.14994502454963493	0.2930622930622931	B cell	T cell	2	6	8	3	6	PIK3CG	0.9921605041790631	False
0.0005812707060424324	0.16417910447761194	0.15253091352992898	0.13609108573925244	Erythroid	NK	2	7	12	4	9	RAB33B-AS1	0.9921605041790631	False
0.00017838394053870698	0.16417910447761194	0.05812197975947253	0.1268267369948386	B cell	NK	2	7	10	6	10	RICTOR	0.9921605041790631	False
0.00010479211774073953	0.16417910447761194	0.23328086609986204	0.36580383084223733	Plasma cell	B cell	2	5	6	3	5	RPF1	0.9921605041790631	False
0.00046300122165383005	0.16417910447761194	0.14523204616058172	0.2789961979418975	B cell	T cell	2	7	11	4	8	SEC14L1	0.9921605041790631	False
0.00048579887037777665	0.16417910447761194	0.09318941890575783	0.06898194331741275	B cell	Erythroid	2	7	8	5	8	SEC62	0.9921605041790631	False
0.0003766891156436846	0.16417910447761194	0.11405341095456106	0.23137105999026547	Dendritic cell	Erythroid	2	7	12	6	9	SEL1L3	0.9921605041790631	False
0.00032449858745123083	0.16417910447761194	0.14639468227215358	0.19703295282503436	Monocyte	T cell	2	3	5	3	5	SGTA	0.9921605041790631	False
0.0011530532228841792	0.16417910447761194	0.3169731701989766	0.4503642987249545	Erythroid	Plasma cell	2	3	4	3	3	SLC15A2	0.9921605041790631	False
0.0010515428520437766	0.16417910447761194	0.14747704526481176	0.18314825486317698	T cell	Plasma cell	2	7	14	4	9	SLC5A3	0.9921605041790631	False
0.0006886927198975569	0.16417910447761194	0.12403072692850003	0.1510376021586784	Monocyte	B cell	2	7	13	3	12	SNRPB	0.9921605041790631	False
0.002796798388907039	0.16417910447761194	0.3046705318921706	0.26443962769348467	NK	Plasma cell	2	4	7	3	5	SRCAP	0.9921605041790631	False
0.0005729655571561884	0.16417910447761194	0.15612578689589968	0.1412818426570882	Monocyte	Plasma cell	2	5	8	3	6	TADA3	0.9921605041790631	False
0.0007173213423872201	0.16417910447761194	0.22919306363994896	0.14422577920690322	Erythroid	Monocyte	2	5	9	3	7	TJP2	0.9921605041790631	False
0.000459143348554926	0.16417910447761194	0.15948140811051387	0.2893743667679837	Plasma cell	B cell	2	7	7	3	6	USP1	0.9921605041790631	False
0.0012425042488048623	0.1691542288557214	0.2083231695217263	0.19649553860080182	T cell	Dendritic cell	2	7	12	3	10	ANP32A	0.9921605041790631	False
0.00025945022879733193	0.1691542288557214	0.4668698772686914	0.6206022923396911	Dendritic cell	B cell	2	6	10	3	9	ARL14EPL	0.9921605041790631	False
0.000589133754977073	0.1691542288557214	0.30000312880277435	0.32871246400658166	NK	Dendritic cell	2	7	11	5	8	ARPP19	0.9921605041790631	False
0.0004515657639397378	0.1691542288557214	0.1434072580621561	0.11819335083114607	B cell	NK	2	7	11	4	7	ATAD5	0.9921605041790631	False
0.0010955395794243065	0.1691542288557214	0.11938953847180722	0.20376137139276485	B cell	Dendritic cell	2	7	12	4	10	CASP3	0.9921605041790631	False
0.00032353415284922936	0.1691542288557214	0.352967233123441	0.374862962321851	Dendritic cell	T cell	2	7	11	3	7	CCAR2	0.9921605041790631	False
0.002585419525956644	0.1691542288557214	0.09882793534967438	0.12955771305285868	Plasma cell	T cell	2	3	5	3	5	CEP104	0.9921605041790631	False
0.00031924852505391696	0.1691542288557214	0.12517932233572238	0.1898042206966692	Erythroid	B cell	2	7	11	5	9	CUL2	0.9921605041790631	False
0.0007100305882053099	0.1691542288557214	0.13478210793312828	0.14848701041730533	Dendritic cell	T cell	2	6	6	3	5	DBNL	0.9921605041790631	False
0.00028273791403466125	0.1691542288557214	0.2736059832792688	0.3320101117825967	Dendritic cell	Plasma cell	2	7	9	5	7	ICAM3	0.9921605041790631	False
0.00101499641181196	0.1691542288557214	0.23405265931861668	0.38198247535596935	Erythroid	Plasma cell	2	3	4	3	3	IL18	0.9921605041790631	False
8.746511115621507e-05	0.1691542288557214	0.08110825039981395	0.08791365046535671	Monocyte	T cell	2	7	18	8	15	LRCH1	0.9921605041790631	False
5.405240758938388e-05	0.1691542288557214	0.2238190717859287	0.4732251371618467	Plasma cell	B cell	2	7	8	5	8	LSM8	0.9921605041790631	False
0.0005592939592475966	0.1691542288557214	0.1447166192990535	0.19093651665295724	T cell	Monocyte	2	7	11	5	9	NSRP1	0.9921605041790631	False
0.00016301721761904477	0.1691542288557214	0.11957370617609486	0.059771243900893445	Erythroid	Monocyte	2	3	4	3	4	NUDC	0.9921605041790631	False
0.00029982130884899426	0.1691542288557214	0.16815686103177224	0.2752077939773811	Dendritic cell	B cell	2	7	9	4	8	RBM5	0.9921605041790631	False
0.008597932711243416	0.1691542288557214	0.3286328305020529	0.4668831168831168	Plasma cell	Erythroid	2	7	13	5	9	RNF166	0.9921605041790631	False
0.0003287161651472069	0.1691542288557214	0.22058476909880148	0.4572845395769255	Plasma cell	Monocyte	2	5	8	3	5	STIP1	0.9921605041790631	False
0.0011835224554522141	0.1691542288557214	0.38323541514013304	0.5878048780487805	NK	Plasma cell	2	7	10	3	6	STN1	0.9921605041790631	False
0.0024452817024227806	0.1691542288557214	0.6264350464350464	0.6903588807785888	NK	B cell	2	5	7	3	5	TCIRG1	0.9921605041790631	False
0.002607808198258437	0.1691542288557214	0.09101464277638677	0.04676170275736202	T cell	B cell	2	4	5	3	5	TGIF1	0.9921605041790631	False
0.000692590137140905	0.1691542288557214	0.06540927839000676	0.08854284728724188	B cell	T cell	2	3	4	3	4	WARS2	0.9921605041790631	False
0.0005535534576969107	0.1691542288557214	0.25450071730859913	0.23764835248170474	Erythroid	NK	2	6	9	3	7	ZFYVE27	0.9921605041790631	False
0.00021638410900752913	0.17412935323383086	0.17001841914184418	0.27829357162259627	Plasma cell	B cell	2	7	8	6	8	AKAP9	0.9921605041790631	False
0.0009134965561719387	0.17412935323383086	0.07597909825599652	0.0698137823699434	Plasma cell	Monocyte	2	4	5	3	4	ATP9A	0.9921605041790631	False
0.0007182620730509714	0.17412935323383086	0.1945210102078645	0.20015723270440255	Erythroid	Dendritic cell	2	7	13	3	8	C2CD2	0.9921605041790631	False
0.000635287473083348	0.17412935323383086	0.24437969396915954	0.2813652607201794	NK	B cell	2	7	15	4	11	CA5BP1	0.9921605041790631	False
0.0002806278134965048	0.17412935323383086	0.19236804703247656	0.16585624860272746	T cell	Plasma cell	2	7	11	3	9	CDK9	0.9921605041790631	False
0.00014188461473793617	0.17412935323383086	0.045733692453954145	0.13100854677328339	Monocyte	Erythroid	2	7	8	6	8	COG5	0.9921605041790631	False
0.00037973827834311994	0.17412935323383086	0.2078893945573927	0.21046806909740723	Dendritic cell	Erythroid	2	7	9	3	8	DHX36	0.9921605041790631	False
0.0007371710950096382	0.17412935323383086	0.0633282008282009	0.06595593461265103	T cell	B cell	2	3	4	3	4	GDAP2	0.9921605041790631	False
0.00044031081508972924	0.17412935323383086	0.1803896270391262	0.3388996602724683	Monocyte	B cell	2	7	7	3	7	HEATR1	0.9921605041790631	False
0.000761342165011036	0.17412935323383086	0.1440897536344512	0.21693315800523771	Erythroid	NK	2	7	12	6	10	KIAA0232	0.9921605041790631	False
0.000421667059454408	0.17412935323383086	0.06514197568318836	0.15484031300653683	Plasma cell	T cell	2	5	9	3	6	MELK	0.9921605041790631	False
0.0011905284955128499	0.17412935323383086	0.20588998070965414	0.20483772198407835	Monocyte	T cell	2	3	4	3	4	MIIP	0.9921605041790631	False
0.0016273699184061795	0.17412935323383086	0.2484933541713833	0.25027580772261626	Dendritic cell	Plasma cell	2	4	4	3	3	MRPS14	0.9921605041790631	False
0.00034412609712789095	0.17412935323383086	0.22299763528721045	0.3220297997937485	Plasma cell	Dendritic cell	2	7	7	3	6	NRDC	0.9921605041790631	False
0.0002972643277486253	0.17412935323383086	0.06941786526549659	0.13616175695065713	T cell	NK	2	7	14	7	13	NSMCE2	0.9921605041790631	False
0.00021160632800874615	0.17412935323383086	0.03858159044769349	0.04482974920141114	T cell	Monocyte	2	7	18	8	14	PCCA	0.9921605041790631	False
0.001347962477258811	0.17412935323383086	0.3475352176844714	0.4289014825789207	T cell	Erythroid	2	5	10	3	7	PRAF2	0.9921605041790631	False
0.003804989151772287	0.17412935323383086	0.3350504926307879	0.5165484633569739	B cell	Plasma cell	2	4	7	3	5	SNX8	0.9921605041790631	False
0.001018910847077498	0.17412935323383086	0.10911620159815832	0.16718295550512685	NK	B cell	2	5	4	3	4	TALAM1	0.9921605041790631	False
0.0026482106333494165	0.17412935323383086	0.18698031927147507	0.25104306669226717	B cell	Plasma cell	2	6	9	4	6	TPP1	0.9921605041790631	False
7.166578650484636e-05	0.17412935323383086	0.056129559337766255	0.10284671462463313	Monocyte	Erythroid	2	7	14	6	12	TRPS1	0.9921605041790631	False
0.00021169721510588078	0.17412935323383086	0.14043173263030406	0.26449282429770105	Plasma cell	T cell	2	7	11	3	10	UBE2R2	0.9921605041790631	False
0.0014416518340369018	0.17412935323383086	0.10725436415947254	0.22688172043010757	T cell	Dendritic cell	2	5	6	3	5	ZCCHC17	0.9921605041790631	False
8.107510123517648e-05	0.1791044776119403	0.05350497025631801	0.20522999272839443	NK	Plasma cell	2	7	11	8	10	ADK	0.9921605041790631	False
8.091286868862434e-05	0.1791044776119403	0.1312612061017921	0.25909922051806855	Dendritic cell	Plasma cell	2	7	9	5	9	ATP11B	0.9921605041790631	False
0.000166355418855626	0.1791044776119403	0.2787476858450659	0.4250042409148039	Dendritic cell	NK	2	7	10	3	7	CENPU	0.9921605041790631	False
0.00033575793273038463	0.1791044776119403	0.0701377256937411	0.2411242585438111	Erythroid	Monocyte	2	7	13	9	13	CHD2	0.9921605041790631	False
0.0007598719537070286	0.1791044776119403	0.2473206938204277	0.1448085176625949	B cell	T cell	2	5	7	3	4	CTPS1	0.9921605041790631	False
0.0016187595537204885	0.1791044776119403	0.1335638299556105	0.12863070539419086	Erythroid	Plasma cell	2	5	5	3	4	ENSG00000275119	0.9921605041790631	False
0.00013624495964291807	0.1791044776119403	0.08113620654530718	0.036206280710899985	NK	Dendritic cell	2	7	10	7	10	FBXL17	0.9921605041790631	False
0.0007145766647050442	0.1791044776119403	0.10072818258570848	0.131211943734323	Plasma cell	B cell	2	7	11	5	7	FOXK2	0.9921605041790631	False
0.00024666621085141796	0.1791044776119403	0.16639215463191998	0.2267851548364691	Monocyte	Dendritic cell	2	7	11	7	10	ITGB1	0.9921605041790631	False
0.000289956955147797	0.1791044776119403	0.09592938754486813	0.09498463233073356	T cell	Monocyte	2	7	9	4	8	ITPR1	0.9921605041790631	False
0.0007126926037433229	0.1791044776119403	0.10437853370611994	0.14106249334610876	T cell	Erythroid	2	2	3	3	3	LRIF1	0.9921605041790631	False
0.0011917237949060557	0.1791044776119403	0.19697618509456905	0.2174576119135193	B cell	Monocyte	2	7	10	3	8	MTMR9	0.9921605041790631	False
0.00017149917744520057	0.1791044776119403	0.14050815297214497	0.3001359017735052	Dendritic cell	Monocyte	2	7	13	7	10	PLCG2	0.9921605041790631	False
0.0004281544343776115	0.1791044776119403	0.20061483404044156	0.2489754853082527	B cell	Dendritic cell	2	6	8	4	8	POP5	0.9921605041790631	False
0.0009138522565430391	0.1791044776119403	0.2958744064124311	0.23672994963192567	Erythroid	T cell	2	4	6	3	4	RPP14	0.9921605041790631	False
0.0013496040615402338	0.1791044776119403	0.09691416101929234	0.1562372604973502	Erythroid	B cell	2	5	8	3	6	SURF4	0.9921605041790631	False
0.0016753814534500888	0.1791044776119403	0.1847176892604327	0.17544694005490824	T cell	B cell	2	6	6	3	4	TMEM126B	0.9921605041790631	False
0.00015318351183511586	0.1791044776119403	0.08821596525540237	0.08959583163824675	Plasma cell	Erythroid	2	7	15	4	12	TMEM164	0.9921605041790631	False
0.00012650407020787675	0.1791044776119403	0.0920932037093879	0.20401034119245254	Plasma cell	B cell	2	7	10	6	10	TNFAIP8	0.9921605041790631	False
0.0001345117388396488	0.1791044776119403	0.3893973025106544	0.6241269481711816	Monocyte	Plasma cell	2	7	10	3	7	VSIR	0.9921605041790631	False
0.00027339854037463	0.18407960199004975	0.09751542258633933	0.23694094893746576	Dendritic cell	Erythroid	2	7	18	6	14	ADARB1	0.9921605041790631	False
0.0013149706969537809	0.18407960199004975	0.2811706388458101	0.3350419384902143	Monocyte	Dendritic cell	2	6	6	3	6	ATP5PF	0.9921605041790631	False
0.000116444362653621	0.18407960199004975	0.07117675390755501	0.05752175867903592	T cell	NK	2	7	9	7	9	CHST11	0.9921605041790631	False
0.000931756855318842	0.18407960199004975	0.29491958198425855	0.29539816422723886	T cell	NK	2	6	8	3	6	CHUK	0.9921605041790631	False
0.00043906801137123894	0.18407960199004975	0.1053181057353047	0.17112450479671448	Dendritic cell	Plasma cell	2	6	8	3	5	DIPK2A	0.9921605041790631	False
0.00030972524846997534	0.18407960199004975	0.11009535176061974	0.11279970105932757	B cell	Plasma cell	2	7	17	6	14	DIS3	0.9921605041790631	False
0.00018775784796916064	0.18407960199004975	0.3976236640494237	0.5865904322898873	NK	Erythroid	2	7	13	4	10	DMAC1	0.9921605041790631	False
0.0012715617901797754	0.18407960199004975	0.3753777430443647	0.17086021505376348	Plasma cell	Dendritic cell	2	6	9	3	6	DPP9	0.9921605041790631	False
3.324507121026516e-05	0.18407960199004975	0.05147994608762707	0.11090198652887912	Dendritic cell	Plasma cell	2	7	19	12	18	DYRK1A	0.9921605041790631	False
0.0003366481846284265	0.18407960199004975	0.16842389992811913	0.30756066471532434	Plasma cell	Erythroid	2	4	5	3	4	EBNA1BP2	0.9921605041790631	False
0.000943297883530666	0.18407960199004975	0.2105100926582394	0.18450167718460397	Monocyte	Dendritic cell	2	7	9	3	6	ENSG00000262879	0.9921605041790631	False
0.001868763540647262	0.18407960199004975	0.3727222451176469	0.25557251908396944	Dendritic cell	Plasma cell	2	7	10	3	8	FMR1	0.9921605041790631	False
0.0011276646155596339	0.18407960199004975	0.28937554657617176	0.24032158317872598	NK	Monocyte	2	7	10	3	7	KLF9	0.9921605041790631	False
0.0002207192427697203	0.18407960199004975	0.1170589557192862	0.06346683619410892	Erythroid	Plasma cell	2	5	7	3	6	LARS2	0.9921605041790631	False
0.0004960646712585039	0.18407960199004975	0.08799359500418191	0.07269610663598008	Erythroid	T cell	2	4	5	3	4	LINC01138	0.9921605041790631	False
0.0012213102056209276	0.18407960199004975	0.2503448338389561	0.2782515419683561	Dendritic cell	B cell	2	5	8	3	5	LINC02968	0.9921605041790631	False
0.0020458754060328627	0.18407960199004975	0.08648718431327129	0.1221569128545873	B cell	Plasma cell	2	3	4	3	3	LRRC37B	0.9921605041790631	False
0.0014594911775058735	0.18407960199004975	0.42686395777228414	0.5110275477437891	Plasma cell	NK	2	6	7	3	5	MAP2K7	0.9921605041790631	False
0.0005188298508910908	0.18407960199004975	0.2399934318785532	0.3018464326255168	Erythroid	NK	2	7	12	3	10	MROH1	0.9921605041790631	False
0.0001696134010192845	0.18407960199004975	0.06851289189105175	0.05345800110900778	B cell	NK	2	7	18	7	15	PIGN	0.9921605041790631	False
0.0017877899408244098	0.18407960199004975	0.2406112681538019	0.43414214609866786	T cell	Erythroid	2	4	6	3	5	PIN4	0.9921605041790631	False
0.0004200246707559765	0.18407960199004975	0.1970324816027711	0.1890422093630857	Dendritic cell	Plasma cell	2	7	12	4	10	RLIM	0.9921605041790631	False
0.0004222927220390476	0.18407960199004975	0.3982416537079114	0.30592988355000833	Erythroid	NK	2	7	11	3	8	RPA1	0.9921605041790631	False
0.0019534968050163954	0.18407960199004975	0.15010734164647638	0.17138375740676198	T cell	B cell	2	5	8	3	6	TTC33	0.9921605041790631	False
0.0008855287355154324	0.18407960199004975	0.2685920185364012	0.2633046429870287	Dendritic cell	T cell	2	5	6	3	4	UMPS	0.9921605041790631	False
0.0004876486617233115	0.18407960199004975	0.2784829797905698	0.3083908936038408	Monocyte	NK	2	7	12	6	11	USO1	0.9921605041790631	False
0.00021414428241806491	0.18407960199004975	0.20248274708027514	0.5147444679971047	Dendritic cell	NK	2	7	9	3	7	VHL	0.9921605041790631	False
0.00035410354396342035	0.18407960199004975	0.14355132842588325	0.2913634067626647	Erythroid	T cell	2	7	15	4	12	XIAP	0.9921605041790631	False
0.0001330054956754772	0.18407960199004975	0.11793089847488791	0.1522819153507512	NK	Dendritic cell	2	7	10	5	10	ZFR	0.9921605041790631	False
0.0006547964586362108	0.1890547263681592	0.1411080775052595	0.15138947259763913	Monocyte	Erythroid	2	7	12	4	8	ACAA2	0.9921605041790631	False
0.00016472582878328663	0.1890547263681592	0.2626474001703359	0.3507522495813596	B cell	NK	2	6	8	3	6	APLP2	0.9921605041790631	False
0.0007705387083034684	0.1890547263681592	0.3310391517690788	0.32339878447872833	Dendritic cell	B cell	2	4	5	3	4	ARRDC2	0.9921605041790631	False
0.00038498086852794736	0.1890547263681592	0.11173927251067767	0.20996866439527118	NK	Dendritic cell	2	7	16	5	11	CDC16	0.9921605041790631	False
0.0008077541266925254	0.1890547263681592	0.26826150270866106	0.18972431077694235	Dendritic cell	NK	2	7	9	3	7	CERS5	0.9921605041790631	False
0.00037956117984889635	0.1890547263681592	0.13209226888689662	0.12582236842105265	NK	Plasma cell	2	7	14	4	10	DHX35	0.9921605041790631	False
0.00010005616914799904	0.1890547263681592	0.04439120094715426	0.03113896142814332	B cell	Plasma cell	2	2	3	3	3	DLGAP1	0.9921605041790631	False
0.00014372357589021855	0.1890547263681592	0.15791475426254964	0.38651778846190715	Erythroid	Plasma cell	2	7	10	5	10	FAR1	0.9921605041790631	False
0.0008489004434382036	0.1890547263681592	0.1492103998221247	0.35209952378736403	Dendritic cell	Monocyte	2	6	7	3	6	GNAI3	0.9921605041790631	False
3.291948410592966e-07	0.1890547263681592	0.15897033646760717	0.46172084401434343	NK	Plasma cell	2	7	8	4	8	HBB	0.9921605041790631	False
3.4972713929439895e-05	0.1890547263681592	0.2591766880290703	0.4862125403986275	B cell	NK	2	7	8	4	8	LSM5	0.9921605041790631	False
0.0007799161055423956	0.1890547263681592	0.3665915699305552	0.45864302008977853	Dendritic cell	Plasma cell	2	7	11	3	7	MLST8	0.9921605041790631	False
0.0002773754827189551	0.1890547263681592	0.12725713090402946	0.14574268340128393	Dendritic cell	B cell	2	7	10	4	9	NDFIP1	0.9921605041790631	False
0.0008886661986868303	0.1890547263681592	0.12318856639531756	0.12615184944841012	B cell	T cell	2	6	8	3	5	NTAN1	0.9921605041790631	False
0.0032094275461954373	0.1890547263681592	0.1328263658712125	0.40522001725625534	NK	B cell	2	7	8	3	6	PRCP	0.9921605041790631	False
0.00486781485614634	0.1890547263681592	0.38964264144948363	0.2871572447254282	Erythroid	Plasma cell	2	5	10	4	8	RAD51-AS1	0.9921605041790631	False
0.0007845999666500686	0.1890547263681592	0.09242579244258364	0.1080322121077561	T cell	NK	2	7	13	7	12	SETX	0.9921605041790631	False
0.00048543458771180796	0.1890547263681592	0.18810754586987205	0.2867720229351277	NK	Dendritic cell	2	7	9	3	7	SLC25A36	0.9921605041790631	False
0.00025970713400092865	0.1890547263681592	0.04643366533628246	0.022864365898645267	NK	B cell	2	2	3	3	3	SLC49A4	0.9921605041790631	False
0.0013598579514379693	0.1890547263681592	0.35190188972599656	0.36495343221800625	Erythroid	NK	2	6	9	3	7	SLC9A6	0.9921605041790631	False
0.0001725038675732457	0.1890547263681592	0.20402007908701614	0.3284591194968554	Dendritic cell	Erythroid	2	6	7	3	5	SNRNP40	0.9921605041790631	False
0.0001264413566463724	0.1890547263681592	0.08997879764159333	0.3020886452329469	Monocyte	T cell	2	7	11	4	8	SPECC1	0.9921605041790631	False
0.00023131529308339504	0.1890547263681592	0.09512570036215034	0.31427701442545575	T cell	Erythroid	2	7	10	3	9	TAF7	0.9921605041790631	False
0.0004540650302477725	0.1890547263681592	0.138196410931759	0.3444933453973834	Plasma cell	Dendritic cell	2	7	9	5	8	VPS37B	0.9921605041790631	False
0.0014040974624221166	0.1890547263681592	0.1457895682689085	0.25756504316567963	Monocyte	T cell	2	2	3	3	3	VPS9D1	0.9921605041790631	False
0.0006192087722964529	0.1890547263681592	0.1515212340472546	0.177928712411471	Monocyte	B cell	2	5	6	3	5	ZBTB8OS	0.9921605041790631	False
0.0009446455483803817	0.19402985074626866	0.13602673105347074	0.10024065916136404	Erythroid	Plasma cell	2	7	8	3	6	AHCYL2	0.9921605041790631	False
0.00024777147306505976	0.19402985074626866	0.1772899620246851	0.27854904736538705	Erythroid	NK	2	7	12	5	11	ANTXR2	0.9921605041790631	False
0.0001929666020426785	0.19402985074626866	0.13541741607246482	0.25871212121212117	Dendritic cell	Plasma cell	2	7	9	3	7	ARMC8	0.9921605041790631	False
0.00015610252038238988	0.19402985074626866	0.12134334759113313	0.0749093546047861	Plasma cell	Erythroid	2	7	10	5	8	ARSB	0.9921605041790631	False
0.00030139563625719524	0.19402985074626866	0.32501499322503197	0.28516011885110604	Erythroid	NK	2	7	10	3	7	BORCS7	0.9921605041790631	False
4.42562828647703e-05	0.19402985074626866	0.32466263715424065	0.5995697470523695	Dendritic cell	Plasma cell	2	7	10	3	7	CASP4	0.9921605041790631	False
0.00017909010088741024	0.19402985074626866	0.21139723208314032	0.3656972586412396	T cell	Monocyte	2	7	9	3	6	CD79B	0.9921605041790631	False
0.013133848941622277	0.19402985074626866	0.3594997139323027	0.4160847007881292	Monocyte	Dendritic cell	2	7	7	3	5	CUBN	0.9921605041790631	False
0.0008298240590576488	0.19402985074626866	0.13664244517903062	0.08034690038085623	Dendritic cell	Monocyte	2	6	8	3	7	ENSG00000259589	0.9921605041790631	False
0.00030733947628418056	0.19402985074626866	0.13632259413671188	0.36821398967784597	T cell	Erythroid	2	7	13	7	11	ETFA	0.9921605041790631	False
0.0009277161914571707	0.19402985074626866	0.37123791949613294	0.36719798085449873	T cell	Plasma cell	2	4	6	3	4	HELZ2	0.9921605041790631	False
0.0004208222429174562	0.19402985074626866	0.10706316440242802	0.09793278207522005	B cell	Dendritic cell	2	7	9	4	8	KPNA1	0.9921605041790631	False
0.0004035928007568384	0.19402985074626866	0.1456446641791595	0.19300780601229034	Dendritic cell	T cell	2	6	6	3	4	LINC00571	0.9921605041790631	False
0.00023072126117091934	0.19402985074626866	0.05290914398540009	0.07136196913823001	Erythroid	T cell	2	7	8	3	8	LINC03009	0.9921605041790631	False
0.00014480609413257588	0.19402985074626866	0.09271698074362744	0.3203239709857403	Monocyte	Plasma cell	2	7	13	4	13	LONP2	0.9921605041790631	False
0.0001941125934044847	0.19402985074626866	0.17356377489941976	0.17762913415087328	T cell	NK	2	7	12	4	9	LYAR	0.9921605041790631	False
0.002000760212348833	0.19402985074626866	0.2300793471639181	0.2298533468854364	T cell	Erythroid	2	4	5	3	4	MCRIP1	0.9921605041790631	False
0.0003914498527230433	0.19402985074626866	0.19791286722225299	0.1410943396226415	Monocyte	Erythroid	2	5	8	4	6	MRPS25	0.9921605041790631	False
0.0012308404033251794	0.19402985074626866	0.12593619756688101	0.27833991113758777	B cell	Erythroid	2	5	12	5	9	MTHFD2L	0.9921605041790631	False
0.0004732839456364957	0.19402985074626866	0.18270853768209033	0.21996779388083731	B cell	T cell	2	4	7	4	5	PHRF1	0.9921605041790631	False
0.0007104071396556193	0.19402985074626866	0.14132084731688888	0.16661278445318534	B cell	Erythroid	2	6	7	3	5	PIK3CD	0.9921605041790631	False
0.0050536671546250085	0.19402985074626866	0.19053850586365784	0.08658662549840612	B cell	Monocyte	2	3	5	3	4	RAB1B	0.9921605041790631	False
0.00030564677452989255	0.19402985074626866	0.18687003014670722	0.21516052838771765	NK	Monocyte	2	7	9	3	8	RNF168	0.9921605041790631	False
0.0005063526533711811	0.19402985074626866	0.2142578108868905	0.22923976608187135	Monocyte	Plasma cell	2	6	8	4	7	SKAP2	0.9921605041790631	False
0.0008057895161165345	0.19402985074626866	0.14826146774171667	0.2100212803342379	B cell	Plasma cell	2	7	8	3	5	SLC15A4	0.9921605041790631	False
0.0008941297337451252	0.19402985074626866	0.316054770598415	0.4339811912225705	Plasma cell	NK	2	7	9	3	5	SLC35B1	0.9921605041790631	False
0.0006710447996712691	0.19402985074626866	0.08823156623450845	0.27940065925251556	NK	Plasma cell	2	7	12	4	10	SMU1	0.9921605041790631	False
0.0005780238108424698	0.19402985074626866	0.2711679305717325	0.309552975276479	B cell	Erythroid	2	6	8	4	8	TMEM106B	0.9921605041790631	False
0.0026294938255623963	0.19402985074626866	0.5310252993676905	0.5346053540779707	Erythroid	B cell	2	6	7	3	6	TMEM220	0.9921605041790631	False
0.0008557418976331408	0.19402985074626866	0.18865720740579994	0.3147262094630516	Monocyte	Erythroid	2	5	5	3	4	TMEM9B	0.9921605041790631	False
0.00029626948315156204	0.19402985074626866	0.04992428507690738	0.10868554938207986	NK	Monocyte	2	7	18	6	13	ZCCHC2	0.9921605041790631	False
3.183817560012422e-05	0.19402985074626866	0.351135147550253	0.4807562282207313	Erythroid	NK	2	7	12	3	9	ZFAND5	0.9921605041790631	False
0.0002603583730898275	0.19900497512437812	0.35875133072323867	0.47739474825777595	B cell	Dendritic cell	2	7	11	3	8	CBX1	0.9921605041790631	False
0.0021836127201445704	0.19900497512437812	0.20374191217435061	0.30988261421319796	Erythroid	B cell	2	3	4	3	4	CYCS	0.9921605041790631	False
0.0030598703945020653	0.19900497512437812	0.28760988800978476	0.20667653789204465	Erythroid	B cell	2	3	4	3	3	CZIB	0.9921605041790631	False
0.0004788774522159836	0.19900497512437812	0.13886734432433934	0.22929966176013694	Monocyte	Erythroid	2	6	7	3	7	DR1	0.9921605041790631	False
0.0006833620652770178	0.19900497512437812	0.27514689159954614	0.23360233852087686	T cell	NK	2	7	12	4	9	ENSG00000291100	0.9921605041790631	False
0.000292933849209619	0.19900497512437812	0.11083125236623731	0.15962990700867508	B cell	Plasma cell	2	7	13	3	7	ERG	0.9921605041790631	False
0.00016197444731145196	0.19900497512437812	0.13477898804389687	0.19993573629198402	B cell	NK	2	7	7	3	6	EVI5	0.9921605041790631	False
0.0004942507680408916	0.19900497512437812	0.11547539757261704	0.17233872286357	Plasma cell	B cell	2	7	8	4	7	HIPK2	0.9921605041790631	False
0.0004814586957075913	0.19900497512437812	0.11664768669396125	0.07022518765638036	B cell	Plasma cell	2	6	7	3	6	HIVEP3	0.9921605041790631	False
0.0010782705258618958	0.19900497512437812	0.16220689833197222	0.1324833702882483	NK	T cell	2	5	7	3	6	HSPBAP1	0.9921605041790631	False
0.0009420493437875762	0.19900497512437812	0.21067139042531569	0.3553796844541466	Monocyte	B cell	2	7	17	8	14	HSPH1	0.9921605041790631	False
0.00034839507924288183	0.19900497512437812	0.21181799549087926	0.2817675282464015	Dendritic cell	T cell	2	3	4	3	4	ING4	0.9921605041790631	False
0.0007168644692249261	0.19900497512437812	0.07642725533424427	0.15350332533046335	Monocyte	B cell	2	5	6	3	4	INPP5K	0.9921605041790631	False
0.0004068347302941551	0.19900497512437812	0.18017165363878884	0.13038904658540657	Erythroid	Dendritic cell	2	7	13	4	10	INTS8	0.9921605041790631	False
0.0003289261507825503	0.19900497512437812	0.32241991023593697	0.3664540803195486	Monocyte	B cell	2	6	9	4	8	JAGN1	0.9921605041790631	False
0.0002370933170380621	0.19900497512437812	0.10480401991129773	0.04120291256784048	NK	Plasma cell	2	6	11	4	8	KIAA1958	0.9921605041790631	False
0.00026612952992219964	0.19900497512437812	0.07682557759473962	0.19281776188347488	B cell	Dendritic cell	2	2	3	3	3	KLRK1	0.9921605041790631	False
0.0005597090525895434	0.19900497512437812	0.21923094166949686	0.20140977678534233	Plasma cell	B cell	2	6	7	3	6	MRPL36	0.9921605041790631	False
0.0013543976083075307	0.19900497512437812	0.182893466626591	0.1630138422818792	Dendritic cell	Erythroid	2	5	7	3	5	MSMO1	0.9921605041790631	False
0.0005302878830672346	0.19900497512437812	0.04460570933431118	0.14603154542237506	Erythroid	B cell	2	6	7	4	7	MTR	0.9921605041790631	False
0.0001905614966530273	0.19900497512437812	0.09174137401816879	0.14940626057394368	Monocyte	Plasma cell	2	7	17	7	13	NPC1	0.9921605041790631	False
0.0001879949106155828	0.19900497512437812	0.09420637893133305	0.0958991901940478	NK	Dendritic cell	2	7	13	5	11	POLE3	0.9921605041790631	False
0.0008330701277109561	0.19900497512437812	0.11973765832084515	0.18912381793627736	Plasma cell	Dendritic cell	2	7	12	4	9	PPA2	0.9921605041790631	False
0.00013490508361199376	0.19900497512437812	0.295078555275071	0.5096751700423408	Plasma cell	B cell	2	7	9	5	9	PPP1R2	0.9921605041790631	False
0.00024360313311329134	0.19900497512437812	0.15695827320827316	0.26290892511113645	Monocyte	Erythroid	2	4	4	3	4	PRPF38B	0.9921605041790631	False
0.0007682484268154338	0.19900497512437812	0.12493319096114541	0.13926218708827404	Dendritic cell	Erythroid	2	6	10	3	7	RBM12	0.9921605041790631	False
0.0021900538338379644	0.19900497512437812	0.2768708311631357	0.23942840478273542	B cell	NK	2	6	8	4	5	RRP8	0.9921605041790631	False
0.0005980132569890725	0.19900497512437812	0.1298984158378283	0.1451601030548399	T cell	NK	2	5	10	4	9	SLC25A32	0.9921605041790631	False
0.00011435859970971335	0.19900497512437812	0.1334764375898678	0.27722674823586424	B cell	Dendritic cell	2	6	9	3	7	TARS1	0.9921605041790631	False
0.0006045572336039215	0.19900497512437812	0.1557340797077571	0.13838727398108863	B cell	Plasma cell	2	4	5	3	4	TPCN1	0.9921605041790631	False
0.0006218254599515031	0.19900497512437812	0.21635451187739918	0.19851923076923073	B cell	Plasma cell	2	7	12	3	8	URB1	0.9921605041790631	False
0.0011159202927301702	0.19900497512437812	0.13361863580487504	0.03724609702870574	Monocyte	T cell	2	2	3	3	3	VAMP4	0.9921605041790631	False
0.00031666566794236385	0.19900497512437812	0.03777184095445196	0.009254567124629465	Erythroid	T cell	2	2	3	3	3	WDR83OS	0.9921605041790631	False
1.741681423351411e-05	0.20398009950248755	0.016580860553995602	0.024292627971707448	Monocyte	Plasma cell	2	7	19	14	19	-	0.9921605041790631	False
0.0012768066854602698	0.20398009950248755	0.4509190037016123	0.3931554160125588	B cell	NK	2	7	14	4	8	ADA	0.9921605041790631	False
0.0008814126064437641	0.20398009950248755	0.11944209452512494	0.1698862215553888	Monocyte	Plasma cell	2	5	9	5	6	ARL17B	0.9921605041790631	False
0.00038031390951004574	0.20398009950248755	0.22596681096681093	0.11523090586145646	Plasma cell	Monocyte	2	7	9	3	5	ATP10D	0.9921605041790631	False
0.000307138766794965	0.20398009950248755	0.20923368304753498	0.49569902912621355	NK	Plasma cell	2	7	9	3	7	BIN2	0.9921605041790631	False
0.0007160986257427554	0.20398009950248755	0.015471355484396765	0.06897205475296708	Erythroid	B cell	2	3	5	3	5	CATSPER2P1	0.9921605041790631	False
0.005249679712712589	0.20398009950248755	0.22262691423030928	0.44161905211628966	Erythroid	B cell	2	7	8	3	5	CCDC97	0.9921605041790631	False
0.00037677404439509873	0.20398009950248755	0.09095522381120102	0.09676542538733351	NK	B cell	2	4	7	3	5	CDKL5	0.9921605041790631	False
0.0002199790149774388	0.20398009950248755	0.12045073666708372	0.1444557823129252	Monocyte	B cell	2	7	17	8	14	CNDP2	0.9921605041790631	False
0.000167359786484697	0.20398009950248755	0.20280154306413178	0.28118464817064676	Dendritic cell	Erythroid	2	7	11	5	10	CORO7	0.9921605041790631	False
0.0007709779546313108	0.20398009950248755	0.28706307007851206	0.37563680471322125	NK	Erythroid	2	7	10	3	7	EIF4A3	0.9921605041790631	False
0.0004639825163356381	0.20398009950248755	0.31545191463919003	0.6123777849014265	Erythroid	Monocyte	2	6	10	3	6	GMIP	0.9921605041790631	False
0.00022315971461520456	0.20398009950248755	0.1554343117754725	0.19846764550433127	Erythroid	T cell	2	6	7	3	6	HIPK1	0.9921605041790631	False
0.00038817960510524954	0.20398009950248755	0.2053831489654832	0.2972132858012347	Plasma cell	T cell	2	5	9	4	7	IP6K2	0.9921605041790631	False
0.0006846492834923946	0.20398009950248755	0.09128425166509968	0.12344555656657569	B cell	Monocyte	2	4	6	3	5	JADE3	0.9921605041790631	False
0.0007333680623902831	0.20398009950248755	0.46614844876299044	0.30486322188449844	Erythroid	Plasma cell	2	5	8	3	5	MAP7D3	0.9921605041790631	False
0.001007458383638632	0.20398009950248755	0.17630484053679935	0.21599775191748222	Monocyte	B cell	2	5	6	3	5	NBPF12	0.9921605041790631	False
0.0005493740920990853	0.20398009950248755	0.2123686620973485	0.22894645461490387	Monocyte	B cell	2	5	11	3	8	OBI1	0.9921605041790631	False
0.0011093159934297847	0.20398009950248755	0.270723972251529	0.4289162018316365	Plasma cell	Dendritic cell	2	6	9	3	7	OXNAD1	0.9921605041790631	False
0.0003610048875504763	0.20398009950248755	0.09092777788063339	0.16578033101719103	Plasma cell	T cell	2	7	11	4	8	P4HA1	0.9921605041790631	False
0.0004900338240080141	0.20398009950248755	0.21600847451356142	0.39611639492753625	B cell	NK	2	7	11	4	7	POU2F2	0.9921605041790631	False
0.00029664325778826597	0.20398009950248755	0.1818446223915225	0.35117571059431524	B cell	Plasma cell	2	7	13	3	9	PRC1	0.9921605041790631	False
0.000497770160138005	0.20398009950248755	0.19063003990140825	0.1708016289786733	T cell	Erythroid	2	5	9	4	5	SGO1	0.9921605041790631	False
0.0004570299436912042	0.20398009950248755	0.07924238188426058	0.1809132814750792	Erythroid	B cell	2	3	4	3	3	SMIM30	0.9921605041790631	False
0.0002717621029897884	0.20398009950248755	0.5386780383795309	0.5070650498407152	B cell	Dendritic cell	2	7	11	3	6	SNHG11	0.9921605041790631	False
0.0005703697530439312	0.20398009950248755	0.2592213901689708	0.2851851851851852	Erythroid	Dendritic cell	2	6	7	3	5	TARBP1	0.9921605041790631	False
0.0011059768102967956	0.20398009950248755	0.17815707748247006	0.12749057765202648	Dendritic cell	T cell	2	5	8	3	5	TMEM168	0.9921605041790631	False
0.0007767714515609712	0.20398009950248755	0.1596836760791705	0.3002878215506386	T cell	Monocyte	2	3	4	3	3	TMUB2	0.9921605041790631	False
0.00045572293801706906	0.20398009950248755	0.19868550009718117	0.42592949064053753	Plasma cell	NK	2	7	11	5	10	TPM4	0.9921605041790631	False
0.00035915068743343236	0.20398009950248755	0.08360874735460855	0.10459834393621048	B cell	Dendritic cell	2	7	13	6	9	WHAMM	0.9921605041790631	False
0.0002508046764565066	0.20398009950248755	0.19635143423175877	0.2698641049114839	Plasma cell	Monocyte	2	5	9	5	7	XPC	0.9921605041790631	False
0.00017384572171152342	0.208955223880597	0.08065922529278696	0.05896209054103796	T cell	B cell	2	4	6	3	5	ADCY9	0.9921605041790631	False
0.00013974214633640064	0.208955223880597	0.09644144569923802	0.28968646593653985	Plasma cell	Erythroid	2	7	10	6	10	ANKHD1	0.9921605041790631	False
0.0011000398706494062	0.208955223880597	0.36365969461604825	0.38336234649614725	Erythroid	T cell	2	5	10	3	7	ARHGAP4	0.9921605041790631	False
0.00046486427817243024	0.208955223880597	0.08723767551892547	0.12322160598022669	Erythroid	T cell	2	2	3	3	3	ATP6V0B	0.9921605041790631	False
0.00010142960678760002	0.208955223880597	0.10844816684923819	0.1808558567293534	Monocyte	NK	2	7	15	9	15	ATRX	0.9921605041790631	False
0.0008834813311872563	0.208955223880597	0.14579100022228053	0.2820179616928829	Plasma cell	NK	2	7	10	5	9	CD74	0.9921605041790631	False
0.0004565533907639753	0.208955223880597	0.2371462648789937	0.46960853877516384	NK	Dendritic cell	2	7	15	6	14	CTSZ	0.9921605041790631	False
0.0007825639811185245	0.208955223880597	0.14005797256708247	0.42570908144678643	Plasma cell	B cell	2	5	6	3	5	ENSG00000290989	0.9921605041790631	False
0.0006925504874029654	0.208955223880597	0.2644257947363603	0.4318562484754858	Dendritic cell	Plasma cell	2	6	14	4	10	ERI1	0.9921605041790631	False
0.0003954653546773245	0.208955223880597	0.08714607152107162	0.10315614617940194	B cell	Monocyte	2	3	4	3	4	FAM20B	0.9921605041790631	False
0.0013963953669091746	0.208955223880597	0.2254251101936799	0.16903491287854427	Monocyte	Erythroid	2	3	5	3	5	IGHMBP2	0.9921605041790631	False
0.00021993568022266494	0.208955223880597	0.08437339271343414	0.20389765542922883	NK	Dendritic cell	2	7	8	5	8	IKZF1	0.9921605041790631	False
0.0013724126326962692	0.208955223880597	0.14743268659548747	0.05065854502763717	B cell	Dendritic cell	2	7	11	3	7	MAP2K2	0.9921605041790631	False
0.0002649256240773054	0.208955223880597	0.06040346434535468	0.08534300245783955	Monocyte	T cell	2	2	3	3	3	MRPS22	0.9921605041790631	False
0.0005682443315624729	0.208955223880597	0.10112324224494934	0.07310599751782382	Monocyte	B cell	2	5	8	3	6	NR3C2	0.9921605041790631	False
0.0003596878930174581	0.208955223880597	0.18162877794482307	0.32258186272241796	Dendritic cell	Erythroid	2	7	8	4	8	NUB1	0.9921605041790631	False
0.0003495840139199236	0.208955223880597	0.23617926943942275	0.39943178149415637	NK	T cell	2	6	7	3	6	PAIP2	0.9921605041790631	False
0.00022399572796715026	0.208955223880597	0.5591969226922641	0.5675719629208001	Erythroid	Dendritic cell	2	7	9	3	6	PGGHG	0.9921605041790631	False
7.744404371654262e-05	0.208955223880597	0.06270214283268877	0.057352321734292444	Erythroid	NK	2	7	18	6	14	PHLPP1	0.9921605041790631	False
0.0011079733109318718	0.208955223880597	0.11691675186616779	0.11631951993738315	Plasma cell	T cell	2	7	11	4	7	PPP3CB	0.9921605041790631	False
0.0003014533756513437	0.208955223880597	0.14283823976819504	0.18712068634544682	Plasma cell	B cell	2	5	12	5	7	RAE1	0.9921605041790631	False
0.0001837193861674018	0.208955223880597	0.10871929817462539	0.3002826701456839	T cell	NK	2	7	9	3	7	RGS19	0.9921605041790631	False
0.00035162432498360186	0.208955223880597	0.05439321967561167	0.21357564461012735	Plasma cell	Erythroid	2	2	3	3	3	TMEM263	0.9921605041790631	False
0.0005595680359684999	0.208955223880597	0.14969379294760965	0.041831325301204814	Dendritic cell	Monocyte	2	5	10	3	7	TSC1	0.9921605041790631	False
0.0012087217543805516	0.208955223880597	0.12967995029154217	0.1427561282212445	B cell	Plasma cell	2	7	9	3	6	USP53	0.9921605041790631	False
0.0008587576634257367	0.208955223880597	0.26033857607865674	0.32456947014074244	Dendritic cell	Plasma cell	2	7	13	4	11	VPS35	0.9921605041790631	False
0.0004043782901648109	0.208955223880597	0.10256501844587557	0.2689918776875298	Plasma cell	B cell	2	7	10	3	9	WDR41	0.9921605041790631	False
0.000689972061326221	0.208955223880597	0.15774529499473744	0.21551281110050657	Erythroid	T cell	2	6	7	3	5	ZBTB14	0.9921605041790631	False
0.0011570342414000704	0.208955223880597	0.2886800335529893	0.29796001631986946	NK	Plasma cell	2	7	12	3	7	ZGRF1	0.9921605041790631	False
0.0007183507215922877	0.208955223880597	0.09998029208142167	0.1834601285004847	T cell	Dendritic cell	2	7	13	4	10	ZNF280D	0.9921605041790631	False
0.005019410923623162	0.21393034825870647	0.15462699739873653	0.12084498291394846	T cell	Plasma cell	2	2	3	3	3	ABHD10	0.9921605041790631	False
0.00012591373569179146	0.21393034825870647	0.49312044436853875	0.8046476074854078	NK	Monocyte	2	6	8	3	6	ARL2	0.9921605041790631	False
0.0013768094927015685	0.21393034825870647	0.12039413074031485	0.24338633245515834	B cell	T cell	2	2	3	3	3	ATP6V0D1	0.9921605041790631	False
0.0030061753357540914	0.21393034825870647	0.1491121666057727	0.21140097830176852	NK	Erythroid	2	7	10	3	7	C4orf19	0.9921605041790631	False
0.0003702365877370888	0.21393034825870647	0.23492032400277352	0.4021912446849633	T cell	NK	2	7	7	3	7	COPA	0.9921605041790631	False
8.280744362459162e-05	0.21393034825870647	0.13521216457673446	0.12221513605442175	Dendritic cell	Plasma cell	2	6	7	3	5	DPYD-AS1	0.9921605041790631	False
0.00048252382076354106	0.21393034825870647	0.22874462140995372	0.3335582075937821	NK	T cell	2	7	10	3	7	GOSR1	0.9921605041790631	False
9.314617025915464e-05	0.21393034825870647	0.5435369286616134	0.4845435793641577	Plasma cell	Dendritic cell	2	7	7	3	5	HINT1	0.9921605041790631	False
4.262382651643655e-05	0.21393034825870647	0.08050088182463772	0.17531205949498468	Plasma cell	NK	2	7	15	9	15	KDM6A	0.9921605041790631	False
0.00010307321702256503	0.21393034825870647	0.10982326949265192	0.1364579826952645	Dendritic cell	B cell	2	7	14	8	13	LYN	0.9921605041790631	False
0.000431685537803454	0.21393034825870647	0.14922911876737327	0.09108846511732194	Plasma cell	Monocyte	2	7	13	3	10	MEX3C	0.9921605041790631	False
0.0008523416475793442	0.21393034825870647	0.18620675607293397	0.34947805157913886	Dendritic cell	B cell	2	6	7	3	7	NASP	0.9921605041790631	False
0.0013906101138240416	0.21393034825870647	0.1080342463906867	0.10228499971579608	Monocyte	Erythroid	2	3	4	3	4	NDUFA2	0.9921605041790631	False
0.00031117499122752324	0.21393034825870647	0.2795399045399045	0.2467443985073009	Erythroid	Dendritic cell	2	6	9	3	6	NEDD1	0.9921605041790631	False
0.0005466833549956808	0.21393034825870647	0.17569126558743708	0.15339707291162774	Monocyte	Erythroid	2	6	9	3	6	RAD52	0.9921605041790631	False
0.00042252740427435045	0.21393034825870647	0.19999970014659918	0.2556598062953994	Erythroid	NK	2	7	8	3	6	RNF10	0.9921605041790631	False
0.0002604238315246095	0.21393034825870647	0.3035450143619399	0.4255391533152084	Dendritic cell	Plasma cell	2	7	9	3	6	SELENOH	0.9921605041790631	False
0.0001964076464671643	0.21393034825870647	0.04400484994725673	0.10158638143019783	Monocyte	B cell	2	6	7	4	7	SRSF11	0.9921605041790631	False
0.00033741117896571716	0.21393034825870647	0.12644099513625057	0.16967303735774553	NK	Dendritic cell	2	7	9	3	9	TCOF1	0.9921605041790631	False
0.0007210177719267753	0.21393034825870647	0.1253265805087656	0.10405892177972748	T cell	Monocyte	2	6	9	3	6	TFCP2	0.9921605041790631	False
0.00033729507643047495	0.21393034825870647	0.14580280866493045	0.15376552086039652	Erythroid	NK	2	7	15	4	13	UQCC1	0.9921605041790631	False
0.0009528626044801704	0.21393034825870647	0.25481902652435834	0.21735315213576084	B cell	Monocyte	2	6	8	3	6	URM1	0.9921605041790631	False
9.609277491017397e-05	0.21393034825870647	0.09877444834303384	0.13415638174322253	Erythroid	NK	2	7	18	8	15	USP16	0.9921605041790631	False
8.209444870435246e-05	0.21393034825870647	0.07002175236461478	0.095781454293912	Erythroid	Plasma cell	2	7	18	10	15	VWA8	0.9921605041790631	False
0.0007140351544306376	0.21393034825870647	0.19647474503031925	0.2505514208544845	Erythroid	T cell	2	4	5	3	5	WIPI2	0.9921605041790631	False
0.0003426131048439212	0.21393034825870647	0.11250634005626414	0.21938044227552989	Dendritic cell	Monocyte	2	7	13	3	9	ZDHHC2	0.9921605041790631	False
0.0003510004182014222	0.21393034825870647	0.2620431902313632	0.21225757280923663	Plasma cell	NK	2	7	16	5	13	ZNF335	0.9921605041790631	False
0.0008440575663885594	0.21393034825870647	0.24978882191177126	0.3583937264042148	B cell	Dendritic cell	2	7	12	3	8	ZNF718	0.9921605041790631	False
0.0002928012922437067	0.21890547263681592	0.1048949270989159	0.11112498894110417	B cell	Dendritic cell	2	7	10	4	10	APC	0.9921605041790631	False
0.00021364146339929995	0.21890547263681592	0.07842803587099118	0.18131602744054126	Erythroid	T cell	2	7	9	5	7	ARL17A	0.9921605041790631	False
0.002331700468999554	0.21890547263681592	0.2862267254709115	0.5320988859725198	Dendritic cell	T cell	2	5	6	3	5	ATP6AP1	0.9921605041790631	False
0.0002374107932823948	0.21890547263681592	0.14441042129687448	0.2721616737271435	NK	Erythroid	2	7	9	5	8	ATR	0.9921605041790631	False
0.00012713331872797555	0.21890547263681592	0.28931081600989267	0.41936274509803917	Plasma cell	Monocyte	2	5	9	3	6	AURKA	0.9921605041790631	False
0.0006965882519741507	0.21890547263681592	0.12130473279330245	0.25415707930664216	T cell	Plasma cell	2	7	8	3	7	CALU	0.9921605041790631	False
0.00035656196573963987	0.21890547263681592	0.07335869839630305	0.15633803958476655	Plasma cell	Monocyte	2	5	6	4	5	CAPZB	0.9921605041790631	False
0.0005286340603642734	0.21890547263681592	0.13774199357992029	0.12182936202920835	Erythroid	NK	2	7	9	3	6	CCDC14	0.9921605041790631	False
0.00019379113657041778	0.21890547263681592	0.09680599459981187	0.12441114998943242	Plasma cell	Monocyte	2	7	17	7	14	CSNK2A1	0.9921605041790631	False
0.00022557322665169087	0.21890547263681592	0.3158153384570783	0.4723907402534008	Monocyte	Plasma cell	2	7	14	4	11	CYC1	0.9921605041790631	False
0.00029614111793053435	0.21890547263681592	0.1861363961116283	0.16266506602641057	T cell	NK	2	6	10	3	7	DCTN5	0.9921605041790631	False
0.0005110985107072978	0.21890547263681592	0.4062420127981204	0.4193238455533538	Dendritic cell	Erythroid	2	6	11	3	7	DNAJA3	0.9921605041790631	False
0.0003836148681441233	0.21890547263681592	0.12275189214574661	0.26530570436457124	B cell	Monocyte	2	6	8	3	5	DNAJC13	0.9921605041790631	False
0.00029571458543993165	0.21890547263681592	0.04905692020664462	0.008509160371624552	T cell	Monocyte	2	2	3	3	3	ENSG00000291124	0.9921605041790631	False
0.00037144096956436413	0.21890547263681592	0.2861069255816905	0.3067515793121198	NK	Erythroid	2	7	11	3	9	KPNA2	0.9921605041790631	False
0.007245730085073157	0.21890547263681592	0.2593860726834213	0.32996160356715243	Erythroid	Monocyte	2	4	6	4	4	LIN9	0.9921605041790631	False
0.0004284271261663732	0.21890547263681592	0.14521239168928085	0.10748472201258752	Dendritic cell	Monocyte	2	6	7	3	5	LPGAT1	0.9921605041790631	False
0.0004060476563045175	0.21890547263681592	0.12249458879327085	0.19110490316715995	Monocyte	B cell	2	7	11	4	8	MESD	0.9921605041790631	False
0.0005857943136217834	0.21890547263681592	0.08268459663934213	0.16406767696125352	NK	B cell	2	7	12	8	12	PPP3CA	0.9921605041790631	False
0.0008477838396182102	0.21890547263681592	0.1790513653958214	0.19901137594799564	B cell	T cell	2	5	5	3	5	PRCC	0.9921605041790631	False
0.0009631453870437563	0.21890547263681592	0.10098237529223758	0.1639324583866837	Erythroid	NK	2	7	12	3	9	RALGDS	0.9921605041790631	False
0.000512323927738249	0.21890547263681592	0.17402244500145125	0.26657762413576375	NK	Erythroid	2	7	12	5	11	REST	0.9921605041790631	False
0.00019296203759426418	0.21890547263681592	0.2865950171188503	0.3601156757001722	NK	Plasma cell	2	7	13	3	10	RIPK2	0.9921605041790631	False
0.0016717325267054661	0.21890547263681592	0.2309213504646942	0.10581239209668131	Monocyte	T cell	2	4	6	3	4	RP9	0.9921605041790631	False
0.0006108625100610689	0.21890547263681592	0.14995685510093165	0.1352042705961946	T cell	Dendritic cell	2	6	7	3	6	RPAP2	0.9921605041790631	False
0.0011210206275734625	0.21890547263681592	0.06556743571779039	0.10424145097298321	Plasma cell	B cell	2	2	3	3	3	SPATA5L1	0.9921605041790631	False
0.0011023424364543	0.21890547263681592	0.05326048957083723	0.37553848203579515	T cell	B cell	2	4	7	3	6	SUN1	0.9921605041790631	False
0.0015316169442233707	0.21890547263681592	0.3441248560667111	0.6721054009028763	Plasma cell	B cell	2	7	12	6	11	TIMP1	0.9921605041790631	False
0.0009252492130926201	0.21890547263681592	0.27383095418256187	0.29489213197969544	Erythroid	B cell	2	7	12	4	9	TMEM170A	0.9921605041790631	False
0.0005319560690581978	0.21890547263681592	0.1497660620628859	0.2289600617403048	Erythroid	Monocyte	2	6	7	3	7	UHMK1	0.9921605041790631	False
0.0002580325798361183	0.21890547263681592	0.1324836999310789	0.2377726139816907	Plasma cell	B cell	2	7	9	4	8	WASHC4	0.9921605041790631	False
0.00037906576941462597	0.21890547263681592	0.06644892892315568	0.10170023213501467	T cell	Monocyte	2	2	3	3	3	ZNF621	0.9921605041790631	False
0.00036353558216092587	0.22388059701492538	0.29878241151533075	0.3082278481012658	B cell	Monocyte	2	3	5	3	5	APOO	0.9921605041790631	False
0.0005764210782982754	0.22388059701492538	0.1138140590245012	0.07992623814541627	NK	Monocyte	2	7	10	4	7	BUB3	0.9921605041790631	False
0.00032145502552850054	0.22388059701492538	0.09575138070464739	0.17638239844335635	Monocyte	Erythroid	2	7	10	6	9	CD44	0.9921605041790631	False
0.00043320326600129505	0.22388059701492538	0.14094858844858843	0.18545081967213117	Erythroid	T cell	2	4	5	3	4	DDX47	0.9921605041790631	False
0.00010787041225660225	0.22388059701492538	0.0232366856249121	0.014566232093996434	T cell	Monocyte	2	2	3	3	3	DEDD2	0.9921605041790631	False
0.002534869465181679	0.22388059701492538	0.13942651225820563	0.1910463483146067	Plasma cell	T cell	2	7	7	3	6	ENSA	0.9921605041790631	False
0.0011102378150516443	0.22388059701492538	0.08260387488328663	0.13729980833576977	Erythroid	B cell	2	2	3	3	3	ENSG00000259564	0.9921605041790631	False
0.0002822177084588168	0.22388059701492538	0.15199055231089353	0.06766970762135027	B cell	Dendritic cell	2	7	10	3	6	ENSG00000286153	0.9921605041790631	False
0.000485568503947422	0.22388059701492538	0.19163599077187332	0.1884986830553117	B cell	Monocyte	2	7	7	3	5	FAM133B	0.9921605041790631	False
0.0003490802197550817	0.22388059701492538	0.1748078826941568	0.13448996436119715	Plasma cell	Dendritic cell	2	7	11	4	8	FBXW4	0.9921605041790631	False
0.0006737638540109498	0.22388059701492538	0.12276714791341925	0.2227247242687318	T cell	Dendritic cell	2	6	7	3	7	GON4L	0.9921605041790631	False
0.00019557734208702903	0.22388059701492538	0.27040796362942404	0.358863759368901	Erythroid	Dendritic cell	2	6	11	3	7	GPR174	0.9921605041790631	False
0.0005194417016118755	0.22388059701492538	0.1093470521482674	0.06231534753537549	B cell	Erythroid	2	5	9	3	7	HCCS-DT	0.9921605041790631	False
0.001227006709302856	0.22388059701492538	0.21646115090439677	0.2126623376623376	Dendritic cell	Erythroid	2	6	11	3	7	JADE1	0.9921605041790631	False
0.00023393968370823143	0.22388059701492538	0.047723584363046245	0.0001927896664738471	Erythroid	B cell	2	2	3	3	3	LRRC8A	0.9921605041790631	False
0.0003545574593226095	0.22388059701492538	0.22172036010009788	0.2670273938354942	NK	T cell	2	7	9	3	8	METAP2	0.9921605041790631	False
0.00017947640807769195	0.22388059701492538	0.14167227717192238	0.34003658286973015	B cell	NK	2	7	8	4	8	MKLN1	0.9921605041790631	False
0.0004292655940910774	0.22388059701492538	0.15564760530093108	0.3850522480670764	Monocyte	B cell	2	6	9	4	8	MPHOSPH9	0.9921605041790631	False
0.00016752254320199787	0.22388059701492538	0.05605501394001833	0.07830470213002472	T cell	B cell	2	2	3	3	3	MRTFA	0.9921605041790631	False
0.001165614309823325	0.22388059701492538	0.19513876664906415	0.41823129251700675	NK	B cell	2	4	5	3	4	MYEF2	0.9921605041790631	False
2.1721689973195875e-05	0.22388059701492538	0.1502651246589094	0.3535041804157376	B cell	Plasma cell	2	7	17	10	17	PSMA7	0.9921605041790631	False
0.00010854603095928014	0.22388059701492538	0.13498165254545919	0.24775551111728972	NK	Plasma cell	2	7	18	8	14	RIOK3	0.9921605041790631	False
0.0021602002313303595	0.22388059701492538	0.24117092212352742	0.2303748141311593	T cell	Erythroid	2	4	5	3	5	RPL5	0.9921605041790631	False
0.0002336781323103328	0.22388059701492538	0.17225300948854338	0.2263246796166415	Dendritic cell	B cell	2	7	11	4	9	RPS6	0.9921605041790631	False
0.0004605488801648633	0.22388059701492538	0.10740415863637026	0.1078363384188627	T cell	B cell	2	2	3	3	3	SFI1	0.9921605041790631	False
0.0005330866866058752	0.22388059701492538	0.14786124780732357	0.15195089447253918	Monocyte	Dendritic cell	2	7	13	4	9	SIAH1	0.9921605041790631	False
0.0005253272754950296	0.22388059701492538	0.24703297554524384	0.1248112001858952	Monocyte	B cell	2	5	8	3	6	SLC33A1	0.9921605041790631	False
0.0003757620585928394	0.22388059701492538	0.1514767412748444	0.19450280112044815	Erythroid	T cell	2	6	8	4	6	UBA3	0.9921605041790631	False
0.0002502056322403662	0.22388059701492538	0.165958680931527	0.15529578602724942	Plasma cell	B cell	2	7	11	4	8	WSB1	0.9921605041790631	False
0.000749586670837453	0.22885572139303484	0.11225927583056039	0.16319850841449896	B cell	T cell	2	7	9	3	6	AP3D1	0.9921605041790631	False
0.0006798944633546468	0.22885572139303484	0.1834600505505053	0.37784194087310236	Monocyte	B cell	2	6	8	3	7	ARHGAP1	0.9921605041790631	False
0.0005896555361702658	0.22885572139303484	0.06258171742498131	0.09589344924095189	B cell	T cell	2	7	9	4	9	ATXN7	0.9921605041790631	False
0.0003717850401458115	0.22885572139303484	0.17300509246440354	0.29813517207837414	B cell	Dendritic cell	2	7	11	4	9	CCDC124	0.9921605041790631	False
0.0006298355359330885	0.22885572139303484	0.4744645398040869	0.7808148886887144	Erythroid	NK	2	7	13	6	11	CIAO2A	0.9921605041790631	False
0.00028295131911085654	0.22885572139303484	0.11307485545809093	0.19667975749611755	NK	T cell	2	7	9	3	6	EDEM1	0.9921605041790631	False
0.00048600629997678623	0.22885572139303484	0.4534390509854792	0.4883702929679941	Erythroid	NK	2	7	10	3	7	EIF4EBP2	0.9921605041790631	False
0.00012742132662876775	0.22885572139303484	0.06381782359642724	0.2733630135089844	Plasma cell	Dendritic cell	2	7	9	7	9	ERC1	0.9921605041790631	False
0.0006992689679847488	0.22885572139303484	0.05419257379377018	0.23566729323308272	T cell	Erythroid	2	2	3	3	3	FAM3C	0.9921605041790631	False
0.0007945085186845993	0.22885572139303484	0.13400908300345704	0.2870464954701213	Plasma cell	B cell	2	7	11	4	9	FOSB	0.9921605041790631	False
0.00016884527444143284	0.22885572139303484	0.11806535357954778	0.054099457218281966	Monocyte	Plasma cell	2	4	5	4	4	GIHCG	0.9921605041790631	False
0.00010030967830278774	0.22885572139303484	0.219863054202731	0.4016274182249286	Erythroid	Monocyte	2	7	15	4	13	GRIPAP1	0.9921605041790631	False
0.0002630926696442254	0.22885572139303484	0.11358751336832046	0.17546181612286788	Dendritic cell	B cell	2	7	11	4	7	INPP4B	0.9921605041790631	False
0.0004676834432456101	0.22885572139303484	0.04696564277959625	0.03885760257441673	B cell	Plasma cell	2	2	3	3	3	KLHL25	0.9921605041790631	False
0.00033048916481206124	0.22885572139303484	0.09087318225683	0.09557475778999741	Erythroid	NK	2	7	11	3	9	LINC01278	0.9921605041790631	False
0.0007038203377411433	0.22885572139303484	0.14490910246379035	0.2721493309827321	B cell	Plasma cell	2	6	7	3	6	MACROD2	0.9921605041790631	False
0.0005292891223828225	0.22885572139303484	0.16739202685107768	0.19168904849563934	Dendritic cell	B cell	2	7	16	4	9	MIS18A	0.9921605041790631	False
0.0041076343923424595	0.22885572139303484	0.13755760368663594	0.1369539551357733	B cell	Monocyte	2	2	3	3	3	MRNIP	0.9921605041790631	False
0.00015520708526996403	0.22885572139303484	0.09433190217276183	0.19310197649221883	Monocyte	B cell	2	7	13	5	11	MTAP	0.9921605041790631	False
6.585028846869262e-05	0.22885572139303484	0.18388147443174263	0.37959474793321446	T cell	Dendritic cell	2	7	17	6	14	NARS1	0.9921605041790631	False
0.00028811792284747385	0.22885572139303484	0.1565510030213818	0.13601146320741564	Monocyte	Plasma cell	2	5	4	3	3	NDUFS8	0.9921605041790631	False
0.00022094817974633536	0.22885572139303484	0.12489745355767345	0.2087418875596216	Dendritic cell	B cell	2	7	17	6	15	NOP56	0.9921605041790631	False
0.0018993000593628268	0.22885572139303484	0.13545080456312342	0.041662284852946374	Dendritic cell	Monocyte	2	2	3	3	3	NUDT19	0.9921605041790631	False
0.0026627165195421227	0.22885572139303484	0.3339041889765966	0.3784654272667971	Plasma cell	Erythroid	2	7	12	3	8	PATL2	0.9921605041790631	False
0.0008669632751348537	0.22885572139303484	0.21791314742750711	0.16255231109230261	Dendritic cell	Plasma cell	2	6	8	3	5	PGM2L1	0.9921605041790631	False
0.0006568533317497973	0.22885572139303484	0.22244210130513453	0.27472987468278265	T cell	Dendritic cell	2	6	7	3	6	PHTF1	0.9921605041790631	False
6.552054288918735e-05	0.22885572139303484	0.22997578388135886	0.41185040529440026	Plasma cell	NK	2	7	10	4	7	RPS25	0.9921605041790631	False
1.677291243469112e-05	0.22885572139303484	0.3785826372917628	0.7604793531973189	Monocyte	B cell	2	6	7	4	7	SDHB	0.9921605041790631	False
0.00017981197316294898	0.22885572139303484	0.11744163245882488	0.24872390025670216	NK	B cell	2	7	9	4	8	SENP5	0.9921605041790631	False
0.0003216115761357768	0.22885572139303484	0.2505513364112512	0.471045293222917	NK	Monocyte	2	7	13	6	10	SNRNP25	0.9921605041790631	False
0.007073296788361178	0.22885572139303484	0.18250116384444742	0.2768000920174833	Monocyte	T cell	2	2	3	3	3	TCEANC	0.9921605041790631	False
0.00026514540245769385	0.22885572139303484	0.15388767163516015	0.16423896371315105	T cell	Plasma cell	2	7	11	4	8	TMC6	0.9921605041790631	False
0.0006351343878696378	0.22885572139303484	0.15892264350889884	0.2032213147459021	Erythroid	NK	2	7	7	3	6	TMED4	0.9921605041790631	False
0.0003592966549063118	0.22885572139303484	0.4512407644284766	0.38413461538461535	Dendritic cell	Plasma cell	2	6	11	3	7	TMEM68	0.9921605041790631	False
0.0005733255572874797	0.23383084577114427	0.09495252159848422	0.16684680844585853	B cell	Monocyte	2	4	5	3	5	ARNT	0.9921605041790631	False
0.002497015144220539	0.23383084577114427	0.19819423997030472	0.12537764350453173	T cell	Plasma cell	2	2	3	3	3	B4GALT6	0.9921605041790631	False
0.0002529548638124127	0.23383084577114427	0.029959949334424252	0.45356793743890517	Monocyte	B cell	2	3	5	4	4	CCT2	0.9921605041790631	False
0.0013163471087938674	0.23383084577114427	0.14071720277153216	0.1658510638297872	T cell	Plasma cell	2	6	6	3	5	COX19	0.9921605041790631	False
0.0006670160346720899	0.23383084577114427	0.12200554326338414	0.29365862189576775	NK	Dendritic cell	2	7	12	4	9	DDX60L	0.9921605041790631	False
0.00017145705598052937	0.23383084577114427	0.08348530788215736	0.1494806160635715	Plasma cell	T cell	2	7	11	4	8	DPH6	0.9921605041790631	False
0.0008560770298525217	0.23383084577114427	0.13476556591924194	0.22336084239674997	Monocyte	Plasma cell	2	6	8	3	7	EEFSEC	0.9921605041790631	False
0.0002243743325886076	0.23383084577114427	0.0405745489078822	0.2850124707127202	Erythroid	Plasma cell	2	2	3	3	3	EI24	0.9921605041790631	False
9.396964646233116e-05	0.23383084577114427	0.030540491978691353	0.0021574973031284195	Monocyte	Plasma cell	2	2	3	3	3	ENSG00000285080	0.9921605041790631	False
0.00013437370939237427	0.23383084577114427	0.17952492737094783	0.40426831725460805	Monocyte	Plasma cell	2	7	12	5	9	FBXL5	0.9921605041790631	False
0.00033779552872144136	0.23383084577114427	0.0685920107181231	0.08607189729595083	Dendritic cell	B cell	2	7	12	5	11	GAK	0.9921605041790631	False
0.0002778278965029383	0.23383084577114427	0.3382308767437315	0.4265935214211077	Monocyte	B cell	2	4	8	3	5	GEMIN5	0.9921605041790631	False
0.00010027620840943145	0.23383084577114427	0.11522734537985313	0.20595529532454215	Dendritic cell	NK	2	7	8	6	8	KMT2E	0.9921605041790631	False
0.0017398470753693103	0.23383084577114427	0.1003677224057497	0.11291435428228586	B cell	T cell	2	2	3	3	3	KRBOX4	0.9921605041790631	False
0.00010695287155536559	0.23383084577114427	0.138343540559346	0.07249762925393372	Dendritic cell	NK	2	7	13	5	11	MFSD14B	0.9921605041790631	False
0.00011106185039304503	0.23383084577114427	0.07592688641608641	0.12670558829838185	Plasma cell	B cell	2	7	14	8	14	NCOA2	0.9921605041790631	False
0.00028066005731484917	0.23383084577114427	0.046608489549666066	0.1633986928104575	T cell	Plasma cell	2	2	3	3	3	NOSIP	0.9921605041790631	False
0.000424920069886438	0.23383084577114427	0.1047311894939551	0.17445298639858076	B cell	Dendritic cell	2	5	9	3	5	PGM2	0.9921605041790631	False
0.000487454815746741	0.23383084577114427	0.2044035618215585	0.15674931721898455	Monocyte	B cell	2	5	6	3	5	PMPCA	0.9921605041790631	False
0.001601068880547501	0.23383084577114427	0.13586297760210803	0.10322047894302228	B cell	Plasma cell	2	2	3	3	3	POLI	0.9921605041790631	False
0.0025068142014799777	0.23383084577114427	0.10722812984476265	0.10294951786727174	Dendritic cell	Monocyte	2	2	3	3	3	PRPSAP1	0.9921605041790631	False
0.0002432917381339054	0.23383084577114427	0.1439500618596311	0.12535187945024007	Plasma cell	Dendritic cell	2	7	9	4	8	R3HDM2	0.9921605041790631	False
0.00019495806393138423	0.23383084577114427	0.1517250297863313	0.20812481268484118	B cell	Dendritic cell	2	7	15	5	11	RAB12	0.9921605041790631	False
0.00044706081563123995	0.23383084577114427	0.07514476614730842	0.23161952270279462	Erythroid	Dendritic cell	2	7	10	3	9	RASA1	0.9921605041790631	False
0.00013919711303385563	0.23383084577114427	0.20311307875936335	0.27787122464706915	NK	Dendritic cell	2	7	9	4	8	ZFC3H1	0.9921605041790631	False
0.0013552334386947168	0.23880597014925373	0.08541979949874684	0.011614401858304313	Monocyte	T cell	2	2	3	3	3	C5orf15	0.9921605041790631	False
0.004160881855119062	0.23880597014925373	0.19121512848693373	0.09245253897206357	B cell	Erythroid	2	2	3	3	3	CASP9	0.9921605041790631	False
4.409434733739205e-05	0.23880597014925373	0.1299117276160534	0.4025316616364948	Monocyte	Dendritic cell	2	7	11	8	10	CD37	0.9921605041790631	False
0.0003391195507620909	0.23880597014925373	0.17246551673317	0.3757763582886735	Dendritic cell	Plasma cell	2	7	12	3	9	CHIC2	0.9921605041790631	False
0.0003967668812903702	0.23880597014925373	0.08507849345233376	0.15478621730382297	Plasma cell	B cell	2	5	9	5	8	CSNK1G3	0.9921605041790631	False
0.000321707242296192	0.23880597014925373	0.08668381883120091	0.24527360594150466	B cell	NK	2	7	9	3	7	DENND6A	0.9921605041790631	False
0.0029723747436273835	0.23880597014925373	0.42070753936958577	0.3113401780722924	Monocyte	B cell	2	4	6	3	6	DYNLT3	0.9921605041790631	False
0.0012417468363504795	0.23880597014925373	0.10991485709481896	0.10922582977185269	B cell	Plasma cell	2	2	3	3	3	ENSG00000288744	0.9921605041790631	False
0.0007941012939740722	0.23880597014925373	0.4367083008246801	0.46862218241528586	Monocyte	Dendritic cell	2	6	10	3	7	FAM110A	0.9921605041790631	False
0.0004197253775523387	0.23880597014925373	0.24293328857053764	0.26663083199367293	NK	Dendritic cell	2	7	10	4	8	GNB5	0.9921605041790631	False
0.00041907981273767245	0.23880597014925373	0.18389212924641613	0.08532289628180034	B cell	Plasma cell	2	6	12	4	8	GOLGA1	0.9921605041790631	False
0.0002363445387014631	0.23880597014925373	0.3035179671784428	0.42326173401615363	Dendritic cell	Plasma cell	2	7	8	3	6	GSAP	0.9921605041790631	False
0.00039889121315000477	0.23880597014925373	0.1300233664640444	0.10117449664429529	Monocyte	NK	2	5	8	3	6	HELB	0.9921605041790631	False
0.0003899548234738957	0.23880597014925373	0.13409682463621994	0.19346033868092688	B cell	Erythroid	2	5	6	3	4	INTS13	0.9921605041790631	False
0.0009846111442385081	0.23880597014925373	0.11283821411850098	0.09792976523014546	B cell	T cell	2	5	6	3	6	ITPKB	0.9921605041790631	False
0.0005854599853911518	0.23880597014925373	0.23847622866586116	0.288173076923077	Erythroid	NK	2	7	12	4	8	METTL14	0.9921605041790631	False
0.001208186302245648	0.23880597014925373	0.28508501332714853	0.6962005168935955	B cell	Erythroid	2	7	12	3	8	MGST2	0.9921605041790631	False
5.339765843653899e-05	0.23880597014925373	0.08421253878159807	0.22435601541846262	Plasma cell	Erythroid	2	7	17	10	16	NCOA3	0.9921605041790631	False
0.0002133491388746351	0.23880597014925373	0.07750621361948051	0.16039504284223877	T cell	Plasma cell	2	7	19	7	15	NDUFV3	0.9921605041790631	False
0.0005339645771456907	0.23880597014925373	0.1724731733450119	0.2375811974191112	Plasma cell	NK	2	7	9	3	6	OSBPL11	0.9921605041790631	False
0.0006402255295730196	0.23880597014925373	0.2364773389966351	0.25633894313729466	Erythroid	Dendritic cell	2	5	8	3	5	PRPF4	0.9921605041790631	False
0.0008985106399257261	0.23880597014925373	0.15164714663016626	0.1797773876284794	Erythroid	Dendritic cell	2	6	9	3	7	RAD9A	0.9921605041790631	False
0.001149256941319043	0.23880597014925373	0.2624647506202512	0.13972944806166354	B cell	Dendritic cell	2	7	11	4	7	SIRT2	0.9921605041790631	False
0.00017137290266025005	0.23880597014925373	0.1663050837457391	0.4328098841008909	B cell	Plasma cell	2	7	14	3	9	SLA	0.9921605041790631	False
0.00013941996428917894	0.23880597014925373	0.06770549656377	0.023911355916280574	T cell	Monocyte	2	2	3	3	3	SLC31A1	0.9921605041790631	False
0.00020302842406403333	0.23880597014925373	0.30082748135553866	0.44295933734939763	Plasma cell	NK	2	7	13	3	5	TMEM71	0.9921605041790631	False
0.0005116168244340548	0.23880597014925373	0.21842074804700173	0.27064609881511287	B cell	Monocyte	2	7	7	3	7	TNFRSF14	0.9921605041790631	False
0.0008834834690016394	0.23880597014925373	0.07522032016802058	0.03733801888864485	Erythroid	T cell	2	2	4	4	4	TOR1A	0.9921605041790631	False
0.0008968245447844738	0.23880597014925373	0.14255075383146643	0.07570911675389286	B cell	Erythroid	2	6	9	4	7	TVP23C	0.9921605041790631	False
0.0009887099924715506	0.24378109452736318	0.06665973329799552	0.08755124056094926	Plasma cell	Monocyte	2	4	6	3	4	AAR2	0.9921605041790631	False
0.000598896634272791	0.24378109452736318	0.08844695753081921	0.0636762310487407	Erythroid	T cell	2	6	7	3	4	ABTB3	0.9921605041790631	False
0.00022472331832938295	0.24378109452736318	0.11305611801054039	0.06990252235956185	Erythroid	Plasma cell	2	2	3	3	3	ANKRD33B	0.9921605041790631	False
0.0002234247914392195	0.24378109452736318	0.11813959890981945	0.15257257832710547	Plasma cell	NK	2	7	7	5	7	ASH1L	0.9921605041790631	False
0.00016727895934433635	0.24378109452736318	0.19323048229243134	0.2056463822694945	Plasma cell	Dendritic cell	2	7	14	5	11	ATAD2	0.9921605041790631	False
0.00012512542803970033	0.24378109452736318	0.04500439144805457	0.09109724521089996	Dendritic cell	T cell	2	7	18	7	13	ATP11A	0.9921605041790631	False
0.0001740803086122149	0.24378109452736318	0.14051761009804453	0.25810848291049304	Plasma cell	NK	2	7	13	7	13	COPS2	0.9921605041790631	False
0.0004542164673202465	0.24378109452736318	0.15489965137673117	0.20122139764996905	T cell	Erythroid	2	7	10	3	6	DCAF7	0.9921605041790631	False
0.00032252308036116316	0.24378109452736318	0.13619419835062768	0.14219896171865104	T cell	Monocyte	2	7	12	3	8	ELP1	0.9921605041790631	False
0.00016652579490347323	0.24378109452736318	0.11467031838278946	0.1828866309459058	Plasma cell	B cell	2	4	7	3	5	ENSG00000251600	0.9921605041790631	False
0.00019742535177064466	0.24378109452736318	0.0869141217092897	0.09210526315789469	Dendritic cell	Monocyte	2	2	3	3	3	ENSG00000262265	0.9921605041790631	False
0.00033989706146791363	0.24378109452736318	0.3179035657426248	0.4874551124551124	NK	B cell	2	7	7	4	7	ENSG00000273338	0.9921605041790631	False
0.00021905772544714852	0.24378109452736318	0.3597549918183889	0.8986947441377772	NK	Erythroid	2	7	7	3	6	ENSG00000287979	0.9921605041790631	False
0.0010982895975582465	0.24378109452736318	0.0773897123318098	0.17321428571428577	T cell	Erythroid	2	2	3	3	3	GAS5	0.9921605041790631	False
0.0003756258896915975	0.24378109452736318	0.24411417428590104	0.21012417127577737	Dendritic cell	Plasma cell	2	7	12	3	8	KLHL8	0.9921605041790631	False
0.0009585415754931573	0.24378109452736318	0.14699054317622035	0.07718318141723024	Monocyte	T cell	2	2	3	3	3	LINC01036	0.9921605041790631	False
0.002065576684886372	0.24378109452736318	0.25533725533725526	0.27867159941495306	B cell	Monocyte	2	3	4	3	4	LINC02100	0.9921605041790631	False
0.0003503712834657631	0.24378109452736318	0.10646107323769066	0.08074962105553263	Monocyte	B cell	2	2	3	3	3	MIR3667HG	0.9921605041790631	False
0.0027759883133979457	0.24378109452736318	0.1241384873635702	0.12453095684802995	Plasma cell	B cell	2	2	3	3	3	MRPS11	0.9921605041790631	False
0.0002017595417228996	0.24378109452736318	0.05569872691415573	0.13036031004105786	NK	Dendritic cell	2	7	13	5	13	NFATC3	0.9921605041790631	False
0.00034083598228498794	0.24378109452736318	0.1957078643409671	0.42293079754020735	Erythroid	NK	2	7	14	8	13	PCMTD1	0.9921605041790631	False
0.0013877526350647188	0.24378109452736318	0.12871281113280442	0.13945198191008246	NK	B cell	2	7	13	3	8	PDPR	0.9921605041790631	False
0.0020386882915860785	0.24378109452736318	0.13937135815454949	0.23190298507462687	NK	Erythroid	2	7	10	3	6	POLG	0.9921605041790631	False
9.14901566855381e-05	0.24378109452736318	0.13209773242861472	0.24782353621301728	Dendritic cell	B cell	2	7	9	5	9	PPP1R12A	0.9921605041790631	False
0.0006178576773844329	0.24378109452736318	0.11374269086112576	0.34585011080937667	T cell	B cell	2	4	7	3	5	SETD1A	0.9921605041790631	False
0.0007764901152176788	0.24378109452736318	0.10920465003321067	0.15418146593477555	NK	Monocyte	2	7	13	4	9	SLC7A6	0.9921605041790631	False
0.0008081117730313792	0.24378109452736318	0.1959442046085681	0.21286052009456263	Plasma cell	Dendritic cell	2	7	12	4	9	SMARCAD1	0.9921605041790631	False
0.00039863039183831166	0.24378109452736318	0.3085324094686293	0.6068709554625048	B cell	Plasma cell	2	7	12	3	8	SPNS1	0.9921605041790631	False
0.0006157041824520796	0.24378109452736318	0.07241686504418043	0.016161496566421962	T cell	Monocyte	2	2	4	4	4	TPST1	0.9921605041790631	False
0.00031073000297572215	0.24378109452736318	0.07045040053591667	0.07347826086956527	Plasma cell	B cell	2	2	3	3	3	TRIAP1	0.9921605041790631	False
0.0007080863151748478	0.24378109452736318	0.12234239138844605	0.10989117761368056	T cell	Monocyte	2	6	11	3	8	TRIM25	0.9921605041790631	False
0.0002626721765740565	0.24378109452736318	0.028123409655827047	0.12001424501424501	B cell	T cell	2	7	15	4	13	TXLNG	0.9921605041790631	False
0.001442197349445324	0.24875621890547264	0.18846552359976532	0.09696026142984865	T cell	Monocyte	2	3	4	3	4	ACADM	0.9921605041790631	False
0.0012413689233000892	0.24875621890547264	0.1147199629893812	0.07106350587211835	B cell	Erythroid	2	2	3	3	3	ARPC3	0.9921605041790631	False
0.0023919038035317515	0.24875621890547264	0.14785336609082023	0.06056716782789395	Erythroid	B cell	2	2	3	3	3	CAPRIN2	0.9921605041790631	False
0.0002203220397674626	0.24875621890547264	0.12562671608191306	0.2535529733990222	Dendritic cell	NK	2	7	9	3	7	CBX5	0.9921605041790631	False
0.002767015973844252	0.24875621890547264	0.13964035490024063	0.057697044334975384	T cell	B cell	2	2	3	3	3	CDKN2AIPNL	0.9921605041790631	False
0.0001135440469191807	0.24875621890547264	0.055468929942872	0.17585890355299394	Plasma cell	Erythroid	2	7	13	7	11	CNOT1	0.9921605041790631	False
0.0002355677050623667	0.24875621890547264	0.1368908340140514	0.181343156379614	B cell	Erythroid	2	7	10	5	9	CWF19L2	0.9921605041790631	False
0.00035720953955799175	0.24875621890547264	0.10431272886789589	0.214607173754501	Plasma cell	NK	2	7	19	8	15	DIP2A	0.9921605041790631	False
0.0012469287709075709	0.24875621890547264	0.0622079990142379	0.07798585646935569	Erythroid	Monocyte	2	2	3	3	3	ENSG00000229151	0.9921605041790631	False
0.006694511703309272	0.24875621890547264	0.12527123761400488	0.16835760924158716	T cell	Monocyte	2	2	3	3	3	ENSG00000271774	0.9921605041790631	False
0.00010142259283242427	0.24875621890547264	0.07529483622058808	0.009220219879859493	T cell	B cell	2	2	3	3	3	EWSR1	0.9921605041790631	False
0.0004973238363951161	0.24875621890547264	0.08862966497031388	0.03475523180443241	Monocyte	Dendritic cell	2	2	3	3	3	ISG20L2	0.9921605041790631	False
9.69622128597182e-05	0.24875621890547264	0.02307598222082019	0.2452099760288896	Monocyte	B cell	2	7	11	8	10	JMJD1C	0.9921605041790631	False
0.00018024335647225323	0.24875621890547264	0.036322372158106186	0.05459183074448476	T cell	Plasma cell	2	7	18	10	14	LMAN1	0.9921605041790631	False
0.00023822554054771683	0.24875621890547264	0.17012045307440476	0.18652800353179622	Erythroid	Monocyte	2	7	11	3	8	MAPK6	0.9921605041790631	False
0.00010639355707866818	0.24875621890547264	0.06530149274549285	0.06143793479294529	Erythroid	T cell	2	7	17	7	14	NCOA6	0.9921605041790631	False
0.0006261177019170545	0.24875621890547264	0.26121171048707276	0.1950877192982456	T cell	NK	2	3	4	3	3	NDRG1	0.9921605041790631	False
0.00030331857997047286	0.24875621890547264	0.2596891656536351	0.30096141761970596	NK	Erythroid	2	7	8	3	8	NUDCD3	0.9921605041790631	False
0.0002488104676784688	0.24875621890547264	0.16717219996764865	0.16247117768415936	NK	Erythroid	2	7	12	4	9	OTUD4	0.9921605041790631	False
0.0007916201151071361	0.24875621890547264	0.04709993806880469	0.0851364522417154	Erythroid	B cell	2	3	4	3	3	PTGER4	0.9921605041790631	False
0.0005784035408575265	0.24875621890547264	0.05451913711361611	0.18921096416062522	Erythroid	Dendritic cell	2	7	16	5	13	RBBP8	0.9921605041790631	False
0.0007269993343219342	0.24875621890547264	0.10121458742782286	0.17261181278514687	B cell	Plasma cell	2	2	3	3	3	RHOF	0.9921605041790631	False
0.0005433736939598539	0.24875621890547264	0.07468398160866319	0.061916120055654944	Erythroid	B cell	2	2	3	3	3	SLC4A4	0.9921605041790631	False
8.877075032113434e-05	0.24875621890547264	0.06589743094139222	0.15653294798472178	NK	T cell	2	7	19	12	18	SON	0.9921605041790631	False
0.00044147384932426874	0.24875621890547264	0.05909801953280219	0.11644012944983823	Erythroid	Dendritic cell	2	7	8	3	8	TYW1B	0.9921605041790631	False
0.0005087065815922794	0.24875621890547264	0.21531269736752645	0.24309229442208166	Plasma cell	Monocyte	2	6	6	3	5	YARS1	0.9921605041790631	False
6.0551651474783025e-05	0.24875621890547264	0.049079868228433854	0.04020639205298343	Monocyte	NK	2	7	18	11	16	ZNF407	0.9921605041790631	False
0.00044582142559779664	0.24875621890547264	0.32210168744959794	0.46205510991186516	Dendritic cell	Erythroid	2	7	11	4	11	ZNF430	0.9921605041790631	False
0.0010830280251785678	0.2537313432835821	0.16195874016491424	0.08259496982593223	T cell	Monocyte	2	5	7	3	6	DLEU7	0.9921605041790631	False
0.00014163115100988732	0.2537313432835821	0.06822566349552084	0.04148688565866482	Monocyte	Erythroid	2	7	18	6	13	DOCK9	0.9921605041790631	False
0.00034390784097621424	0.2537313432835821	0.1390540565342097	0.19265135959181134	T cell	Monocyte	2	7	10	3	6	EFTUD2	0.9921605041790631	False
0.0003382755454055405	0.2537313432835821	0.16587201135915275	0.3663496466547785	B cell	Monocyte	2	7	9	3	7	EIF4G1	0.9921605041790631	False
0.0006810751847538202	0.2537313432835821	0.0649630278485942	0.08476744186046514	T cell	Erythroid	2	2	3	3	3	ENSG00000260733	0.9921605041790631	False
0.001391930081532158	0.2537313432835821	0.10097391763656394	0.12863272311212814	B cell	Plasma cell	2	2	3	3	3	ENSG00000291159	0.9921605041790631	False
0.00028769785688247655	0.2537313432835821	0.26849365977632134	0.2318092666571442	Plasma cell	Dendritic cell	2	7	10	3	5	GLIPR2	0.9921605041790631	False
0.00018325339440805038	0.2537313432835821	0.4923098076861216	0.6489106081361917	Plasma cell	Dendritic cell	2	7	11	3	8	HACD4	0.9921605041790631	False
0.00010265605916970828	0.2537313432835821	0.25931603057796065	0.38691957771865076	Dendritic cell	Erythroid	2	6	8	3	7	HIGD1A	0.9921605041790631	False
0.0011297693949750011	0.2537313432835821	0.1668149424422592	0.16019314389725964	T cell	Dendritic cell	2	4	5	3	5	HUS1	0.9921605041790631	False
0.0005435266138427038	0.2537313432835821	0.13694555562451566	0.12641360294117648	Plasma cell	Dendritic cell	2	6	7	3	6	LEPROT	0.9921605041790631	False
0.0004848824315113493	0.2537313432835821	0.08309292501699306	0.13435740215625147	Dendritic cell	NK	2	7	15	6	12	MAGT1	0.9921605041790631	False
0.0004662346274298039	0.2537313432835821	0.12227227588278378	0.14183193377404563	Plasma cell	NK	2	7	14	3	11	MBNL3	0.9921605041790631	False
0.0006584706462630658	0.2537313432835821	0.10523503947033364	0.21316680481602718	NK	Erythroid	2	7	8	3	6	MTMR2	0.9921605041790631	False
0.0021200436878337286	0.2537313432835821	0.3998913449004192	0.40347595196427494	T cell	NK	2	5	8	3	5	NFRKB	0.9921605041790631	False
0.007382284518363345	0.2537313432835821	0.2762582302459909	0.21155115511551154	Monocyte	B cell	2	2	3	3	3	NXF1	0.9921605041790631	False
0.00044145299604091994	0.2537313432835821	0.07229499547620666	0.12426293390760401	Dendritic cell	Plasma cell	2	6	10	4	7	OSBPL5	0.9921605041790631	False
8.80323124849086e-05	0.2537313432835821	0.0550526534432782	0.06870000419425853	Erythroid	Plasma cell	2	7	13	5	11	PBX3	0.9921605041790631	False
0.0011141833616244545	0.2537313432835821	0.17795540684771521	0.18210749646393215	B cell	Monocyte	2	3	5	3	4	PIK3C2B	0.9921605041790631	False
0.006710365077979143	0.2537313432835821	0.2232469527400403	0.21034482758620687	B cell	T cell	2	2	3	3	3	PNPLA6	0.9921605041790631	False
0.00022447804098201944	0.2537313432835821	0.24749256772999	0.32089552238805974	T cell	B cell	2	5	7	3	5	RANBP3	0.9921605041790631	False
0.0008041279814822246	0.2537313432835821	0.12205683888941121	0.09941717926508803	T cell	Dendritic cell	2	6	8	3	5	RCAN1	0.9921605041790631	False
0.0007883389812773005	0.2537313432835821	0.24061271908620535	0.18372326203208555	Monocyte	T cell	2	4	5	3	5	RINT1	0.9921605041790631	False
0.0006027506304494238	0.2537313432835821	0.143187400386167	0.2132387539996235	Monocyte	Plasma cell	2	5	7	3	5	RRM2B	0.9921605041790631	False
0.00020031584489108476	0.2537313432835821	0.16382086992519934	0.1493799786482713	Monocyte	B cell	2	3	4	3	3	SPATA1	0.9921605041790631	False
0.00016590737573447692	0.2537313432835821	0.02382342617261346	0.007734248488360018	T cell	B cell	2	2	3	3	3	SPECC1L	0.9921605041790631	False
0.00038287067878417145	0.2537313432835821	0.17951064340049766	0.11705238743508295	B cell	Dendritic cell	2	7	10	3	6	TRIM14	0.9921605041790631	False
0.0003320837165630507	0.2537313432835821	0.19193232021257214	0.29531482485380456	Plasma cell	Monocyte	2	4	5	3	4	TSFM	0.9921605041790631	False
0.00017887953606188412	0.2537313432835821	0.07526681296894094	0.0606713925040534	NK	Erythroid	2	7	14	6	11	ZC3H12B	0.9921605041790631	False
0.0006057761750987863	0.2537313432835821	0.19339073432840787	0.37756849315068486	Plasma cell	Dendritic cell	2	7	11	4	8	ZNF66	0.9921605041790631	False
0.00026049786694387644	0.2537313432835821	0.19414895512797864	0.22795032773736762	NK	Erythroid	2	7	12	4	10	ZNF721	0.9921605041790631	False
0.00045593527109049904	0.2537313432835821	0.18385437270864036	0.15038314176245215	NK	Plasma cell	2	7	8	3	7	ZNRF2	0.9921605041790631	False
0.00010510779780646082	0.25870646766169153	0.12607125101523536	0.2467954390784426	NK	T cell	2	7	12	3	6	BANK1	0.9921605041790631	False
0.0013068925459831435	0.25870646766169153	0.10639473250381842	0.07881662149954832	Monocyte	Dendritic cell	2	2	3	3	3	CC2D2B	0.9921605041790631	False
0.00038958561825835946	0.25870646766169153	0.10872643683732014	0.1586158192090396	Erythroid	B cell	2	7	10	4	7	CCDC82	0.9921605041790631	False
0.001352263352239324	0.25870646766169153	0.08675672797291273	0.1805768602107275	Dendritic cell	Monocyte	2	6	8	3	5	CEP97	0.9921605041790631	False
0.0011625912658306662	0.25870646766169153	0.19257315834674515	0.11601367698612552	T cell	Monocyte	2	3	4	3	4	CFAP68	0.9921605041790631	False
0.0007464990727112375	0.25870646766169153	0.2699102807886876	0.369727047146402	NK	Dendritic cell	2	7	9	3	7	CHM	0.9921605041790631	False
0.0014273214976653719	0.25870646766169153	0.17828272977576964	0.08142444410050043	Monocyte	Plasma cell	2	2	3	3	3	CHRM5	0.9921605041790631	False
0.0012621160707205318	0.25870646766169153	0.16045082707529518	0.2082203849281648	NK	Dendritic cell	2	7	13	7	12	CNTRL	0.9921605041790631	False
0.00035881675179719706	0.25870646766169153	0.12109845856574236	0.3646237438997828	Monocyte	Plasma cell	2	7	11	3	8	DAPP1	0.9921605041790631	False
5.4195288259053256e-05	0.25870646766169153	0.1640844682034775	0.3651370431893688	B cell	T cell	2	7	11	5	9	ECHS1	0.9921605041790631	False
0.00033660763091326553	0.25870646766169153	0.04023722381760497	0.05876672755510137	B cell	T cell	2	2	3	3	3	ENSG00000267766	0.9921605041790631	False
0.00021641867934584194	0.25870646766169153	0.033247537451500164	0.06541507248640072	T cell	B cell	2	2	3	3	3	HIRA	0.9921605041790631	False
0.0005751945590584895	0.25870646766169153	0.09658411936686623	0.15802293418731833	Monocyte	Dendritic cell	2	7	10	5	10	IQGAP2	0.9921605041790631	False
0.000537539856962906	0.25870646766169153	0.09200768439438295	0.17556224263541342	T cell	Monocyte	2	5	8	4	7	ITFG2	0.9921605041790631	False
0.00046179406193431853	0.25870646766169153	0.08794740612922425	0.17013093289689035	T cell	B cell	2	3	5	3	5	LMF1	0.9921605041790631	False
0.0006941673221599016	0.25870646766169153	0.20627836079053835	0.3642298864834687	T cell	NK	2	7	10	3	6	LONRF3	0.9921605041790631	False
0.00018592838897638672	0.25870646766169153	0.10993786160369945	0.2320744072459736	Monocyte	Erythroid	2	7	13	4	11	OIP5-AS1	0.9921605041790631	False
0.00039419900041222556	0.25870646766169153	0.4415852850302773	0.43354532399402124	T cell	Monocyte	2	5	9	3	6	POLR1E	0.9921605041790631	False
0.0005441927539380743	0.25870646766169153	0.1729437571797613	0.18195120471879783	Dendritic cell	Erythroid	2	6	7	5	7	POU2F1	0.9921605041790631	False
0.0016661223922341695	0.25870646766169153	0.10937432512343626	0.09717514124293786	Monocyte	Dendritic cell	2	2	3	3	3	PPP5C	0.9921605041790631	False
0.0003305051545354344	0.25870646766169153	0.056494347744544426	0.19393310863365304	T cell	B cell	2	2	3	3	3	PTK6	0.9921605041790631	False
0.0005182239425514318	0.25870646766169153	0.16148754839496632	0.12448828780218874	B cell	Monocyte	2	5	6	4	6	PTP4A2	0.9921605041790631	False
0.00020267805626893775	0.25870646766169153	0.13210238621040027	0.2948775436124101	Monocyte	T cell	2	4	6	3	5	RBM28	0.9921605041790631	False
0.0022383142617008705	0.25870646766169153	0.34217737561932304	0.4210712820321534	Erythroid	T cell	2	6	11	3	9	SASH3	0.9921605041790631	False
0.00023321193865757396	0.25870646766169153	0.12601842163371568	0.47821460242388414	Monocyte	B cell	2	5	8	3	6	SFXN4	0.9921605041790631	False
0.00011575214253695559	0.25870646766169153	0.15791221332898447	0.17641971260089107	Erythroid	Monocyte	2	7	10	4	9	SKAP1	0.9921605041790631	False
0.00031421919184719906	0.25870646766169153	0.10795820540173084	0.1824372867269225	B cell	Dendritic cell	2	7	12	7	11	SLC25A6	0.9921605041790631	False
0.0004862627383799467	0.25870646766169153	0.08996519926061386	0.1332479611781357	Plasma cell	Erythroid	2	6	10	3	7	TEX2	0.9921605041790631	False
7.775565572868637e-05	0.25870646766169153	0.05234440701324339	0.05613486400809997	Erythroid	Dendritic cell	2	7	18	8	15	USP12	0.9921605041790631	False
0.00040152138567807325	0.25870646766169153	0.19128497427124097	0.1695652173913043	NK	Erythroid	2	7	12	3	8	UTP3	0.9921605041790631	False
0.0004006929438932935	0.25870646766169153	0.17472500694822307	0.11981566820276496	NK	Monocyte	2	7	9	4	7	ZDHHC17	0.9921605041790631	False
0.0010487583882476182	0.25870646766169153	0.17212657996239772	0.1667682926829268	Erythroid	B cell	2	4	7	4	5	ZNF10	0.9921605041790631	False
0.0006509484759806883	0.25870646766169153	0.14455718318381383	0.16626441678523518	Monocyte	B cell	2	7	11	4	8	ZNF83	0.9921605041790631	False
4.766720575983776e-06	0.25870646766169153	0.4653877666774643	0.41983695652173914	Monocyte	Erythroid	2	3	5	3	4	ZWINT	0.9921605041790631	False
0.0002228384668713481	0.263681592039801	0.07206234184495056	0.07725066851540062	Monocyte	T cell	2	2	3	3	3	AIDA	0.9921605041790631	False
0.0007064194195880861	0.263681592039801	0.10432026005157335	0.0970451453699896	Plasma cell	Monocyte	2	5	8	3	5	AMZ1	0.9921605041790631	False
0.0011744246054935998	0.263681592039801	0.08552820492382895	0.07823995472552348	B cell	Monocyte	2	2	3	3	3	ARRDC3	0.9921605041790631	False
0.00015566646280086195	0.263681592039801	0.17288579615124483	0.41424020673354844	NK	Plasma cell	2	7	14	4	11	ASAH1	0.9921605041790631	False
0.00028002705970563624	0.263681592039801	0.0691553347326117	0.14001146358895245	Dendritic cell	Plasma cell	2	7	13	4	10	BANP	0.9921605041790631	False
0.0001404493170581747	0.263681592039801	0.5564844367830639	0.6545577895645738	Erythroid	B cell	2	5	7	3	6	BMI1	0.9921605041790631	False
0.0002738684558300045	0.263681592039801	0.11538532774468302	0.19828075581866844	B cell	T cell	2	4	5	3	4	CBLL1	0.9921605041790631	False
0.0003052673246223774	0.263681592039801	0.15565449099055478	0.3101431662964035	Erythroid	Dendritic cell	2	7	10	3	9	CCNH	0.9921605041790631	False
0.0003301803904073187	0.263681592039801	0.21925182076686683	0.23162052351996482	Plasma cell	NK	2	7	10	3	7	ECD	0.9921605041790631	False
0.0023548811235166323	0.263681592039801	0.2950442001910484	0.6152111646047901	Dendritic cell	B cell	2	5	5	3	5	EMD	0.9921605041790631	False
0.0011762883228945166	0.263681592039801	0.09927435876874025	0.03835860838537025	T cell	Monocyte	2	2	3	3	3	ENSG00000251131	0.9921605041790631	False
8.729043633342082e-05	0.263681592039801	0.46845818928426347	0.5192823006772169	B cell	Plasma cell	2	7	9	4	8	ENSG00000272256	0.9921605041790631	False
0.0002558184235589607	0.263681592039801	0.21510466930045488	0.16462729679852361	B cell	Plasma cell	2	7	9	3	7	ENSG00000288839	0.9921605041790631	False
0.0008189140800210773	0.263681592039801	0.06295787692033566	0.1041125541125541	Plasma cell	Monocyte	2	2	3	3	3	ENSG00000289277	0.9921605041790631	False
0.00013993638167225978	0.263681592039801	0.07924699535469526	0.6745692598834829	B cell	Plasma cell	2	7	18	10	18	HMGB1	0.9921605041790631	False
0.0005891476625016727	0.263681592039801	0.10124619561378456	0.07802176714093811	Erythroid	Monocyte	2	2	3	3	3	IFT25	0.9921605041790631	False
0.001564592522363625	0.263681592039801	0.18331625048893369	0.25896084337349395	Plasma cell	B cell	2	5	8	3	6	IRAK4	0.9921605041790631	False
0.00010623723618206507	0.263681592039801	0.15358717313781212	0.25768786900986485	Dendritic cell	Plasma cell	2	7	12	4	10	LITAF	0.9921605041790631	False
0.00010846118222558871	0.263681592039801	0.07783042405561491	0.08208085747669386	Plasma cell	Dendritic cell	2	7	9	6	9	LPP	0.9921605041790631	False
9.085122380554943e-05	0.263681592039801	0.0908573163143131	0.14755569370352228	NK	Monocyte	2	7	18	8	15	MAPRE2	0.9921605041790631	False
0.0004192372511757009	0.263681592039801	0.0885028541694085	0.14095173652227094	T cell	Dendritic cell	2	7	17	8	15	NFATC2	0.9921605041790631	False
0.00010273797691007382	0.263681592039801	0.12774476467465573	0.29238912473724454	Plasma cell	B cell	2	7	7	5	7	NME2	0.9921605041790631	False
0.0002600804948463541	0.263681592039801	0.16156071972477004	0.16159451575876915	Dendritic cell	B cell	2	7	9	3	7	NR2C2	0.9921605041790631	False
0.0010702099305498383	0.263681592039801	0.21394488399148776	0.3432734100064777	NK	Erythroid	2	7	10	5	8	RAB6A	0.9921605041790631	False
0.0018309670800415207	0.263681592039801	0.055620872919635855	0.045381847261095565	B cell	T cell	2	3	4	3	3	TNK2	0.9921605041790631	False
0.0015430887792970082	0.263681592039801	0.2012029764694055	0.1882895790719863	T cell	B cell	2	6	6	3	5	TRIT1	0.9921605041790631	False
0.00048535948151902044	0.263681592039801	0.05466724911169368	0.07242524916943516	T cell	B cell	2	2	3	3	3	TTLL11	0.9921605041790631	False
0.00045853421896710175	0.263681592039801	0.11133798175307108	0.07341337907375645	Erythroid	T cell	2	2	3	3	3	UAP1	0.9921605041790631	False
0.0008997338903353434	0.263681592039801	0.18436485249797868	0.4016375028082175	Erythroid	Plasma cell	2	7	10	3	6	UNC13D	0.9921605041790631	False
7.991919539314904e-05	0.263681592039801	0.05405846434565936	0.19816809765365934	Dendritic cell	Monocyte	2	7	18	8	15	VAPA	0.9921605041790631	False
0.00032295276747385844	0.263681592039801	0.2566261113742369	0.3018108432420639	B cell	Dendritic cell	2	4	6	3	5	ZNF507	0.9921605041790631	False
2.5449800290076267e-05	0.26865671641791045	0.08022578783856449	0.1789958706010361	Plasma cell	Erythroid	2	7	13	8	13	AKAP13	0.9921605041790631	False
0.00042982167128278683	0.26865671641791045	0.158123266822206	0.2024245258397795	Dendritic cell	B cell	2	7	9	4	8	ATP13A3	0.9921605041790631	False
0.0004692806750758318	0.26865671641791045	0.17846450586964813	0.32924335378323105	B cell	Dendritic cell	2	7	12	3	7	ATP6V1C1	0.9921605041790631	False
0.0006503312586257676	0.26865671641791045	0.20286883939376665	0.10995184874633379	Erythroid	Plasma cell	2	7	11	3	7	CHSY1	0.9921605041790631	False
0.00039626703875939923	0.26865671641791045	0.19493260178940075	0.20932840744161502	B cell	Plasma cell	2	5	9	3	5	CIP2A	0.9921605041790631	False
0.001697421964539447	0.26865671641791045	0.2692293822676099	0.27992424242424246	B cell	Plasma cell	2	3	4	3	3	CMTM8	0.9921605041790631	False
0.0002687121447052669	0.26865671641791045	0.10565198884272886	0.21727918884553105	Plasma cell	NK	2	6	10	4	7	CTNND1	0.9921605041790631	False
0.0006945094577850124	0.26865671641791045	0.11812169312169313	0.06500465983224601	Plasma cell	Erythroid	2	5	7	3	4	DDX60	0.9921605041790631	False
0.00024892976016590754	0.26865671641791045	0.16431214986595316	0.1514401574333592	Monocyte	NK	2	6	8	3	7	DENND5A	0.9921605041790631	False
0.0008396418848361958	0.26865671641791045	0.1349431850452476	0.1690159085375646	Monocyte	Dendritic cell	2	7	8	4	7	ENSG00000284707	0.9921605041790631	False
0.0002659081364266042	0.26865671641791045	0.098458576528478	0.04490211034833458	Monocyte	T cell	2	3	4	3	4	ENSG00000289557	0.9921605041790631	False
0.0005717792324349537	0.26865671641791045	0.18350052859766774	0.16572530034068494	Monocyte	Plasma cell	2	6	13	4	10	GABPA	0.9921605041790631	False
0.00029850538344429315	0.26865671641791045	0.1053778419288236	0.07022643496577147	B cell	Monocyte	2	5	9	4	6	HTR1F	0.9921605041790631	False
0.0005949291013255232	0.26865671641791045	0.22117329929761026	0.21900314832502038	B cell	Dendritic cell	2	6	7	3	6	INPP5B	0.9921605041790631	False
0.003550748944333354	0.26865671641791045	0.12478035067657706	0.1898657269578954	T cell	Monocyte	2	2	3	3	3	MCC	0.9921605041790631	False
0.0009137890876036466	0.26865671641791045	0.33340568596106435	0.39935935857250937	Monocyte	Plasma cell	2	7	13	3	7	NAPRT	0.9921605041790631	False
0.0006298070000140454	0.26865671641791045	0.10002608395208751	0.03443175564116674	T cell	Monocyte	2	2	3	3	3	NEMP1	0.9921605041790631	False
0.001491505388157911	0.26865671641791045	0.19269458483525753	0.22613838923999352	T cell	Plasma cell	2	4	5	3	5	ORC5	0.9921605041790631	False
0.0004207498653762628	0.26865671641791045	0.21653531819098554	0.1833081574485973	Dendritic cell	NK	2	7	14	6	12	OXR1	0.9921605041790631	False
0.0010313054061616906	0.26865671641791045	0.22284550211702114	0.3675093632958802	Erythroid	Plasma cell	2	7	10	3	8	POLD3	0.9921605041790631	False
0.0008160692170481199	0.26865671641791045	0.09189084421357246	0.18611809589872547	B cell	Monocyte	2	6	11	4	7	PRKCQ	0.9921605041790631	False
0.00024959150955816093	0.26865671641791045	0.22576597008037003	0.6479714989430525	NK	Erythroid	2	7	17	6	12	PSMG1	0.9921605041790631	False
0.0012998817915564325	0.26865671641791045	0.31949286237211927	0.42675007918910357	Dendritic cell	Plasma cell	2	6	7	3	6	RAB4A	0.9921605041790631	False
0.00033634587597096947	0.26865671641791045	0.14308841567350533	0.12258245515596777	Monocyte	T cell	2	6	9	3	6	SKIC8	0.9921605041790631	False
0.002754400101840695	0.26865671641791045	0.17393269826518826	0.16068376068376067	Monocyte	T cell	2	2	3	3	3	STIL	0.9921605041790631	False
0.0014600230810947162	0.26865671641791045	0.09005615639553799	0.08091311798751905	Monocyte	Erythroid	2	2	3	3	3	SURF1	0.9921605041790631	False
0.0003211380700284887	0.26865671641791045	0.11466795560505488	0.13797231609984323	B cell	Plasma cell	2	7	13	5	10	TARS3	0.9921605041790631	False
0.00031855603963710355	0.26865671641791045	0.09476367619743359	0.12313074495815612	Monocyte	Plasma cell	2	5	6	3	6	TIMMDC1	0.9921605041790631	False
0.009090836115925075	0.26865671641791045	0.29068330311586327	0.41275510204081634	T cell	NK	2	7	10	3	7	TSPAN32	0.9921605041790631	False
0.000184222225177062	0.26865671641791045	0.08827127157283543	0.329852586036221	NK	Erythroid	2	7	13	4	11	TUT7	0.9921605041790631	False
0.0004196994516068988	0.26865671641791045	0.3575795487811092	0.3890188523462226	Dendritic cell	B cell	2	4	6	3	5	UBXN11	0.9921605041790631	False
0.002001767391888884	0.26865671641791045	0.12564876823671128	0.1385211926728172	T cell	Monocyte	2	2	3	3	3	USP31	0.9921605041790631	False
0.00016498346447609523	0.26865671641791045	0.08430536795662041	0.061852341282348566	T cell	Erythroid	2	7	13	6	10	XYLT1	0.9921605041790631	False
0.0006512394629421203	0.26865671641791045	0.16284712560467945	0.1954318160742437	Plasma cell	B cell	2	4	6	3	6	ZNF709	0.9921605041790631	False
0.0014615741690497679	0.26865671641791045	0.154589534135546	0.2241471787170135	Erythroid	NK	2	7	9	3	7	ZNF841	0.9921605041790631	False
0.00037675352698269843	0.2736318407960199	0.1357064825340687	0.13303921568627447	T cell	Plasma cell	2	5	8	3	5	ABCC5	0.9921605041790631	False
0.0007731785278065181	0.2736318407960199	0.25668692640946644	0.1866019592704375	Monocyte	Erythroid	2	6	8	3	6	BIRC3	0.9921605041790631	False
0.00010788317357664196	0.2736318407960199	0.055162353918871976	0.12677189773265723	NK	Dendritic cell	2	7	17	6	13	DNAAF9	0.9921605041790631	False
0.0017056769925638455	0.2736318407960199	0.13865499514014085	0.24780156333274123	Plasma cell	Erythroid	2	4	4	3	3	EEF1AKMT1	0.9921605041790631	False
0.001562007734987295	0.2736318407960199	0.10250749320958058	0.07959611854183063	T cell	Erythroid	2	2	3	3	3	ENSG00000255790	0.9921605041790631	False
0.0004292993273880824	0.2736318407960199	0.0970447627537323	0.20467637139439915	Dendritic cell	B cell	2	7	8	3	7	FBXO3	0.9921605041790631	False
0.00033938113881836884	0.2736318407960199	0.13591581139849657	0.17074851819956904	NK	Dendritic cell	2	7	8	3	5	FMNL1	0.9921605041790631	False
0.0004291169942035074	0.2736318407960199	0.12745675181398103	0.14486240568131387	Plasma cell	NK	2	6	7	3	6	FOXK1	0.9921605041790631	False
4.997357508782012e-05	0.2736318407960199	0.015197132616487363	0.029881101376720953	Monocyte	Erythroid	2	2	3	3	3	LINC00339	0.9921605041790631	False
0.00026311614670778945	0.2736318407960199	0.19696139950993374	0.16604881062712384	Erythroid	Plasma cell	2	7	9	3	8	MOB3A	0.9921605041790631	False
0.0004940495764321655	0.2736318407960199	0.16178262755917228	0.28405534692417744	T cell	NK	2	7	11	3	9	MPRIP	0.9921605041790631	False
6.277725605715925e-05	0.2736318407960199	0.02034541800044659	0.33526959795616507	B cell	T cell	2	2	3	3	3	NDUFB11	0.9921605041790631	False
0.00018798221955612174	0.2736318407960199	0.041146903894823894	0.05332024113993422	Monocyte	T cell	2	2	3	3	3	OAT	0.9921605041790631	False
0.0004287063131415471	0.2736318407960199	0.269424583559272	0.4726247987117553	T cell	NK	2	7	18	6	13	PCID2	0.9921605041790631	False
0.001473114813440941	0.2736318407960199	0.32140144200075577	0.47762368739981403	Plasma cell	Dendritic cell	2	7	9	5	9	PCNP	0.9921605041790631	False
0.0013507428864474756	0.2736318407960199	0.43843995510662187	0.44951690821256035	Plasma cell	NK	2	6	8	3	6	PPP2R1B	0.9921605041790631	False
0.0010021072424960223	0.2736318407960199	0.10366160284702036	0.051591878101628574	Monocyte	B cell	2	3	5	3	4	PRDM10	0.9921605041790631	False
0.00026788288679768595	0.2736318407960199	0.3134097157539515	0.40959908912499926	Erythroid	Dendritic cell	2	7	13	4	11	RAB14	0.9921605041790631	False
0.0009375325060956108	0.2736318407960199	0.07815162997552516	0.2869586859133897	B cell	Plasma cell	2	2	3	3	3	RBM26-AS1	0.9921605041790631	False
0.00293690910069598	0.2736318407960199	0.32698358491987756	0.3501189532117367	B cell	Plasma cell	2	4	5	3	3	SREBF1	0.9921605041790631	False
0.00020121349453662609	0.2736318407960199	0.11739529625166606	0.2490345462521858	Plasma cell	NK	2	6	8	3	7	TBC1D23	0.9921605041790631	False
0.0009864038039146725	0.2736318407960199	0.16625317484693236	0.3195673549655851	Dendritic cell	Monocyte	2	7	13	5	11	TMED3	0.9921605041790631	False
0.0005622643125143749	0.2736318407960199	0.05423799149289332	0.001315060908084198	T cell	B cell	2	2	3	3	3	TSEN15	0.9921605041790631	False
2.6616194980083678e-05	0.2736318407960199	0.08169382640897244	0.21491678773532227	NK	Dendritic cell	2	7	17	10	16	ZFAS1	0.9921605041790631	False
0.00042046390952832455	0.2736318407960199	0.16406603968031747	0.2189888127655884	Dendritic cell	Erythroid	2	7	11	3	8	ZMYND11	0.9921605041790631	False
0.0007398094037504398	0.2736318407960199	0.23427932635117943	0.2646726430867312	Plasma cell	NK	2	7	11	4	9	ZNF611	0.9921605041790631	False
0.00018342864290292344	0.2736318407960199	0.14250316632215793	0.17149116872820663	T cell	Plasma cell	2	7	11	3	7	ZNF710	0.9921605041790631	False
0.00010718655663839457	0.2736318407960199	0.03483280005019129	0.04878241619228335	Monocyte	T cell	2	2	3	3	3	ZNF713	0.9921605041790631	False
0.0005943689312912226	0.2736318407960199	0.16642897410394986	0.33156773435204234	Erythroid	NK	2	7	11	4	8	ZNF791	0.9921605041790631	False
0.00013618451800438637	0.27860696517412936	0.052676467701602725	0.03061222596417007	B cell	T cell	2	2	3	3	3	ATF4	0.9921605041790631	False
0.00010413138123453264	0.27860696517412936	0.2853960437578505	0.3842269049524317	T cell	Monocyte	2	4	6	3	4	CLEC11A	0.9921605041790631	False
0.0005450093264192258	0.27860696517412936	0.19489715530610763	0.25294923367769684	T cell	Dendritic cell	2	7	15	7	13	EIF2S3	0.9921605041790631	False
0.0005481214770315229	0.27860696517412936	0.0731460780735228	0.17216805840947846	B cell	Monocyte	2	3	4	3	4	ENSG00000270681	0.9921605041790631	False
0.002509731345975479	0.27860696517412936	0.1263978670454156	0.09216589861751151	B cell	T cell	2	2	3	3	3	ENSG00000287853	0.9921605041790631	False
0.0008086557103892761	0.27860696517412936	0.089102579515354	0.14213486420328714	T cell	Erythroid	2	5	6	3	4	ENSG00000291228	0.9921605041790631	False
0.00034990006633758337	0.27860696517412936	0.08073058015678791	0.1561285990717587	Erythroid	NK	2	7	10	6	10	KDM2A	0.9921605041790631	False
0.0024372683509005302	0.27860696517412936	0.12217572686822598	0.04516358463726888	T cell	B cell	2	2	3	3	3	KLHL42	0.9921605041790631	False
0.0005269570670025417	0.27860696517412936	0.28982878094081443	0.3423006121196701	Erythroid	B cell	2	6	11	3	6	KRI1	0.9921605041790631	False
0.00048618602292528455	0.27860696517412936	0.20698483099694792	0.37076972926267276	Dendritic cell	Erythroid	2	7	11	3	8	LARP7	0.9921605041790631	False
0.0017930085927181983	0.27860696517412936	0.1155275589063357	0.11863360801539186	T cell	Erythroid	2	2	3	3	3	LINC02391	0.9921605041790631	False
0.00010232407405441731	0.27860696517412936	0.08602569286151396	0.08090201834549138	Plasma cell	T cell	2	7	18	10	16	MBNL2	0.9921605041790631	False
0.00033307812466765185	0.27860696517412936	0.01657899887882286	0.05059044551798175	Plasma cell	Monocyte	2	3	4	3	4	MGLL	0.9921605041790631	False
0.0001004552216514845	0.27860696517412936	0.2603053320020132	0.5132795320139201	Plasma cell	Dendritic cell	2	7	15	4	12	OSBPL2	0.9921605041790631	False
0.00048395309789086075	0.27860696517412936	0.25977553230886197	0.3567807733506329	B cell	Monocyte	2	5	6	3	5	PARL	0.9921605041790631	False
0.0013185301515680702	0.27860696517412936	0.19184155525763097	0.08787681630882671	Monocyte	B cell	2	4	6	3	3	PDCD11	0.9921605041790631	False
0.0007554122533475922	0.27860696517412936	0.06759821334325034	0.2005649717514124	Monocyte	T cell	2	2	3	3	3	PLPBP	0.9921605041790631	False
0.00018675083666196748	0.27860696517412936	0.11483830341431744	0.498501807496762	Erythroid	T cell	2	5	6	3	5	PPT1	0.9921605041790631	False
0.0016674976851335974	0.27860696517412936	0.14684903249195874	0.26629830414234085	Monocyte	Dendritic cell	2	2	3	3	3	RHBDD2	0.9921605041790631	False
0.00046688451378186296	0.27860696517412936	0.1665443014113862	0.41436252532827034	B cell	Monocyte	2	6	7	4	6	RNF115	0.9921605041790631	False
0.00253309174135051	0.27860696517412936	0.21655504898927896	0.174	Monocyte	T cell	2	4	5	3	4	TUBD1	0.9921605041790631	False
0.007989233338431077	0.27860696517412936	0.19958641843887742	0.26270053475935823	T cell	B cell	2	2	3	3	3	WDR91	0.9921605041790631	False
0.0004958053673266252	0.27860696517412936	0.04111655810824433	0.13248085942197463	T cell	Erythroid	2	6	9	3	6	ZNF544	0.9921605041790631	False
0.0001549605888139163	0.2835820895522388	0.11086374759837997	0.15729737927774773	Plasma cell	Erythroid	2	7	13	8	12	ADAM10	0.9921605041790631	False
0.0012296253239612912	0.2835820895522388	0.1631935163279244	0.22784082996797106	T cell	NK	2	7	10	3	6	ALOX12-AS1	0.9921605041790631	False
0.0010650886374125243	0.2835820895522388	0.29530173925355724	0.353874448194935	Plasma cell	Dendritic cell	2	6	9	5	8	ATP1B3	0.9921605041790631	False
0.00014732564852626146	0.2835820895522388	0.15654537838381627	0.1301168722999757	Monocyte	Dendritic cell	2	7	9	4	6	BMAL1	0.9921605041790631	False
0.001410057720123537	0.2835820895522388	0.39057849404956607	0.4719486889266177	Monocyte	B cell	2	4	5	3	3	C12orf29	0.9921605041790631	False
0.00029402679087000335	0.2835820895522388	0.06633699883768973	0.08987666608484457	Erythroid	Plasma cell	2	7	12	3	10	CBFB	0.9921605041790631	False
0.000711556692046329	0.2835820895522388	0.04782464254076846	0.08307210031347967	Monocyte	T cell	2	5	9	4	6	DCAF13	0.9921605041790631	False
0.0002622116460593285	0.2835820895522388	0.1652744462828613	0.28067477758165216	Plasma cell	Monocyte	2	5	8	3	6	ELOB	0.9921605041790631	False
0.00019815257227485784	0.2835820895522388	0.08212829709193126	0.14931587486181103	Erythroid	Dendritic cell	2	6	12	4	9	ENSG00000291181	0.9921605041790631	False
0.000158667377316596	0.2835820895522388	0.06065612086320177	0.1160411590146142	Dendritic cell	B cell	2	7	18	7	15	EPG5	0.9921605041790631	False
0.0009975419056267182	0.2835820895522388	0.1031710567165845	0.18341018884497146	Erythroid	Dendritic cell	2	5	8	3	6	EPN2	0.9921605041790631	False
0.0003679611042544632	0.2835820895522388	0.08267607381689362	0.06663714686299876	Erythroid	Monocyte	2	7	18	7	13	LPIN2	0.9921605041790631	False
0.00011935832713473391	0.2835820895522388	0.31516649472031677	0.4839387323011777	Monocyte	Plasma cell	2	5	10	4	6	NELFB	0.9921605041790631	False
0.00044991049851461574	0.2835820895522388	0.28017543614056045	0.3741448302568736	Monocyte	B cell	2	4	6	3	4	OGFOD3	0.9921605041790631	False
0.0005598282166677106	0.2835820895522388	0.18856945952697407	0.2344742430977429	Plasma cell	B cell	2	6	10	3	7	OXCT1	0.9921605041790631	False
0.0010566855180604209	0.2835820895522388	0.1091851180891037	0.10083403203742114	Plasma cell	B cell	2	2	3	3	3	PLEKHO2	0.9921605041790631	False
0.0003307158718231393	0.2835820895522388	0.04629374280765808	0.01199451982145222	B cell	T cell	2	2	3	3	3	PPP6R2	0.9921605041790631	False
0.0003692490757829976	0.2835820895522388	0.13091824146814057	0.29367343064226126	Plasma cell	Erythroid	2	7	13	4	10	RC3H2	0.9921605041790631	False
8.528039078615941e-05	0.2835820895522388	0.23704664732138164	0.5151431154475983	B cell	Erythroid	2	7	9	3	8	RPS21	0.9921605041790631	False
0.00016373898537501338	0.2835820895522388	0.43563453159041393	0.3942803563056728	B cell	Dendritic cell	2	5	7	3	4	TMEM60	0.9921605041790631	False
0.0004676057934712817	0.2835820895522388	0.14362818501981983	0.15933761630482945	Plasma cell	NK	2	7	12	3	9	TP53BP1	0.9921605041790631	False
0.0002855569036530234	0.2835820895522388	0.2349842729484195	0.19803921568627453	Plasma cell	B cell	2	5	6	3	4	TTC1	0.9921605041790631	False
0.00036915209101603827	0.2835820895522388	0.11749714439985198	0.1220357993041567	NK	B cell	2	7	8	3	8	TYW1	0.9921605041790631	False
0.00013142293226279378	0.2835820895522388	0.05709276676666186	0.17839373358142635	B cell	Monocyte	2	7	11	5	9	USP36	0.9921605041790631	False
0.0006773222037907797	0.2835820895522388	0.10779132322104296	0.23906121004835473	Erythroid	Dendritic cell	2	5	9	3	6	ZBED1	0.9921605041790631	False
0.0007254277991553729	0.2835820895522388	0.20882945789312474	0.3206366293801195	B cell	Monocyte	2	7	11	4	7	ZNF100	0.9921605041790631	False
0.0010133013121061472	0.2885572139303483	0.08593299836078816	0.08249849750274593	T cell	Erythroid	2	2	3	3	3	ALDH1A1	0.9921605041790631	False
5.4628326926160595e-05	0.2885572139303483	0.08988346618181353	0.15636664362595043	Plasma cell	NK	2	7	10	5	10	ARHGAP26	0.9921605041790631	False
0.0005150858688442346	0.2885572139303483	0.15204691672151976	0.15931565676463638	Plasma cell	Monocyte	2	6	11	3	8	BRD3	0.9921605041790631	False
0.00022758538626328466	0.2885572139303483	0.18789647149146366	0.055428077966938105	Plasma cell	Erythroid	2	7	17	6	12	CDADC1	0.9921605041790631	False
0.00035711340613679644	0.2885572139303483	0.16527152694143887	0.26140257149980417	Erythroid	Monocyte	2	5	9	3	6	CNOT10	0.9921605041790631	False
6.980902328859188e-05	0.2885572139303483	0.1162629574154187	0.12149562879300002	Plasma cell	NK	2	7	7	5	7	EIF4G3	0.9921605041790631	False
0.00029849684442393365	0.2885572139303483	0.23512082538344792	0.18516483516483517	B cell	Monocyte	2	5	7	3	6	ENSG00000272173	0.9921605041790631	False
0.0014774178176590281	0.2885572139303483	0.48951317222979995	0.3764753764753765	Plasma cell	T cell	2	4	6	3	5	ENSG00000277368	0.9921605041790631	False
0.00036166548186618834	0.2885572139303483	0.05372375199581397	0.24017094017094015	Erythroid	B cell	2	4	5	3	3	ENSG00000284428	0.9921605041790631	False
0.0005423396030236578	0.2885572139303483	0.029899001657653135	0.13343712930011864	B cell	NK	2	3	4	3	4	ENSG00000288623	0.9921605041790631	False
0.00019986627073887317	0.2885572139303483	0.07309828397801321	0.12127564452035078	Plasma cell	B cell	2	7	13	5	11	ENSG00000288891	0.9921605041790631	False
0.0008953116385178084	0.2885572139303483	0.19537265020807393	0.3278298994358597	NK	Plasma cell	2	7	12	3	8	ENSG00000291003	0.9921605041790631	False
0.00012508123956855472	0.2885572139303483	0.1121475678577728	0.23596873959592768	Dendritic cell	B cell	2	7	12	8	12	FIP1L1	0.9921605041790631	False
0.00035488333119436475	0.2885572139303483	0.09126124098579524	0.15761648184500027	Dendritic cell	Erythroid	2	7	12	3	8	FLT3	0.9921605041790631	False
0.00042729427097294167	0.2885572139303483	0.46889686285178095	0.37334455667789	T cell	B cell	2	7	8	3	5	GTF2H1	0.9921605041790631	False
0.0005762201370671947	0.2885572139303483	0.3588460340554431	0.45333403463556393	Monocyte	Erythroid	2	7	13	4	9	IL16	0.9921605041790631	False
0.0008225162890406342	0.2885572139303483	0.1967988604036911	0.18755392579810182	T cell	Monocyte	2	6	8	3	5	INPP5F	0.9921605041790631	False
9.352433575905319e-05	0.2885572139303483	0.14301133023179952	0.12061398696539469	Plasma cell	Erythroid	2	4	5	3	4	IQCN	0.9921605041790631	False
0.0002568689431764949	0.2885572139303483	0.12941268264624706	0.03610755276063299	Dendritic cell	B cell	2	6	9	4	7	KANSL2	0.9921605041790631	False
0.000776920413626725	0.2885572139303483	0.24706177265204277	0.19975916652520798	B cell	Dendritic cell	2	7	11	4	7	KAT7	0.9921605041790631	False
0.00021217716470636565	0.2885572139303483	0.11354450348489342	0.24654919320425367	B cell	Dendritic cell	2	7	13	6	11	KLF13	0.9921605041790631	False
0.00015058095682231312	0.2885572139303483	0.13045993921754034	0.25453843355458944	Erythroid	Monocyte	2	7	11	5	10	LSM6	0.9921605041790631	False
0.0009080259207768144	0.2885572139303483	0.09162805742147645	0.12262403074178274	T cell	B cell	2	5	5	3	4	MCM3AP-AS1	0.9921605041790631	False
0.0003996449195564221	0.2885572139303483	0.10267078758925996	0.09135153278138286	Dendritic cell	B cell	2	6	10	4	6	MED1	0.9921605041790631	False
0.00018762571903584152	0.2885572139303483	0.04460441460102704	0.05997264113172296	T cell	B cell	2	2	3	3	3	MTMR3	0.9921605041790631	False
6.722763575991817e-05	0.2885572139303483	0.09904381280874686	0.24435319321215165	Plasma cell	Monocyte	2	7	17	9	13	PPP1R16B	0.9921605041790631	False
0.0006055522790170295	0.2885572139303483	0.22929149671709742	0.19039264798235744	T cell	NK	2	7	13	4	11	PSIP1	0.9921605041790631	False
0.0007834299421994282	0.2885572139303483	0.39439444371759375	0.4042777130398827	NK	Monocyte	2	7	15	6	14	RBMX	0.9921605041790631	False
0.0005676676593744034	0.2885572139303483	0.2804539721315996	0.3210591452525287	Dendritic cell	B cell	2	7	10	3	8	RDX	0.9921605041790631	False
0.0005236352561216929	0.2885572139303483	0.05884136881915847	0.16097445600756854	T cell	Dendritic cell	2	3	4	3	3	RHEX	0.9921605041790631	False
0.0015865291225742753	0.2885572139303483	0.3688670050062455	0.30976220275344185	NK	Dendritic cell	2	5	5	3	5	STAG2-AS1	0.9921605041790631	False
0.001118958565485876	0.2885572139303483	0.11032255681792891	0.11517640863612427	Monocyte	T cell	2	3	5	3	4	STX2	0.9921605041790631	False
0.00270933827723905	0.2885572139303483	0.22672920689676046	0.3505464480874317	T cell	B cell	2	5	8	3	5	TAFAZZIN	0.9921605041790631	False
0.0018823573944993304	0.2885572139303483	0.16804264394823948	0.18240150093808633	B cell	NK	2	3	4	3	4	THAP12	0.9921605041790631	False
0.000287405510724699	0.2885572139303483	0.2595230045556353	0.38869801432497203	Erythroid	Dendritic cell	2	6	9	3	7	YBX3	0.9921605041790631	False
0.0007701586884891399	0.2885572139303483	0.26304489060445535	0.15128756165446633	Monocyte	T cell	2	3	4	3	4	ZNF273	0.9921605041790631	False
0.00019695261977256825	0.2935323383084577	0.1467871219723963	0.10932531510009064	B cell	Dendritic cell	2	7	15	3	12	ATP11C	0.9921605041790631	False
0.0011604926932698542	0.2935323383084577	0.19653612250884522	0.1343027098479842	B cell	Plasma cell	2	6	9	3	6	ATP5MK	0.9921605041790631	False
0.000872509663621458	0.2935323383084577	0.18092328395756752	0.13549093879976226	T cell	Plasma cell	2	4	6	3	4	BCL2L1-AS1	0.9921605041790631	False
0.0002154279467254783	0.2935323383084577	0.16779490685500387	0.1542272235162888	Dendritic cell	NK	2	7	10	3	9	BICD2	0.9921605041790631	False
0.0010519700133917896	0.2935323383084577	0.20431430249927646	0.37047803811571656	Plasma cell	T cell	2	6	12	3	8	CLN8	0.9921605041790631	False
0.000381785625843795	0.2935323383084577	0.5091892635209465	0.72864241701451	Plasma cell	T cell	2	4	6	3	4	DYNC2I2	0.9921605041790631	False
0.0004805228060745123	0.2935323383084577	0.16379468922210766	0.28074857500576583	Dendritic cell	T cell	2	7	13	7	11	EIF2AK4	0.9921605041790631	False
0.0019351820223090016	0.2935323383084577	0.10733998394913041	0.10787401574803146	Plasma cell	T cell	2	4	5	3	4	ENSG00000255968	0.9921605041790631	False
0.0003043676900760155	0.2935323383084577	0.19590942667610717	0.2895786716438487	Erythroid	Monocyte	2	6	10	3	7	ENSG00000289653	0.9921605041790631	False
0.00016863603599534557	0.2935323383084577	0.12734607644438467	0.2490152566754802	Monocyte	Plasma cell	2	7	18	8	15	ESCO1	0.9921605041790631	False
0.0002309260863954328	0.2935323383084577	0.29349677925882484	0.4556901615271659	Dendritic cell	T cell	2	4	6	3	5	FGD5-AS1	0.9921605041790631	False
0.00769239574777343	0.2935323383084577	0.20912071825197792	0.47031807211555776	B cell	Monocyte	2	6	11	5	9	FLNA	0.9921605041790631	False
0.0003812528294285967	0.2935323383084577	0.27760206363898193	0.3822977737186853	Erythroid	NK	2	7	17	5	14	IPO5	0.9921605041790631	False
0.0005648555711908821	0.2935323383084577	0.20471442866179707	0.3012453250576908	T cell	Erythroid	2	5	6	3	4	MDM1	0.9921605041790631	False
0.00024617386141092125	0.2935323383084577	0.11967353487520288	0.08895937505011964	Erythroid	Monocyte	2	7	16	4	9	MIR924HG	0.9921605041790631	False
0.0015071201859493879	0.2935323383084577	0.10187437977272157	0.2371631268729701	Dendritic cell	Monocyte	2	7	13	5	11	MLLT3	0.9921605041790631	False
0.00023858588429500423	0.2935323383084577	0.14356856187734546	0.1913238276874641	Erythroid	NK	2	7	15	6	11	OGT	0.9921605041790631	False
0.0020414289661587755	0.2935323383084577	0.12023482970682281	0.13309049041696863	B cell	T cell	2	3	5	3	4	PGRMC2	0.9921605041790631	False
0.001255685798057502	0.2935323383084577	0.15942659481887667	0.07580025608194618	Dendritic cell	Erythroid	2	6	7	3	6	PHACTR4	0.9921605041790631	False
3.473132236913536e-05	0.2935323383084577	0.1286865922723257	0.12080364524665077	Plasma cell	NK	2	7	15	6	11	PMAIP1	0.9921605041790631	False
0.0006837958540986109	0.2935323383084577	0.1688719506986398	0.16815833841518096	Plasma cell	B cell	2	5	9	3	7	RBM12B	0.9921605041790631	False
8.654885157678099e-05	0.2935323383084577	0.2205812099673753	0.31206618178171497	T cell	B cell	2	7	9	4	7	RPSA	0.9921605041790631	False
0.00046601218222766923	0.2935323383084577	0.1973671783751248	0.3332131970703041	Dendritic cell	Erythroid	2	6	9	3	8	RPSA2	0.9921605041790631	False
0.0002418506831584103	0.2935323383084577	0.07007396874677979	0.1747298720549228	T cell	NK	2	7	11	4	7	SAMD8	0.9921605041790631	False
0.0006038314083295598	0.2935323383084577	0.06693607572996285	0.2120237506185057	Monocyte	B cell	2	3	4	3	4	SEPHS2	0.9921605041790631	False
0.0007309931565552135	0.2935323383084577	0.12948217785011568	0.20116225011622502	Erythroid	NK	2	7	9	3	7	SNRK	0.9921605041790631	False
0.00016727928701779836	0.2935323383084577	0.1912300726472485	0.30212089810017273	T cell	Erythroid	2	4	5	3	4	SSX2IP	0.9921605041790631	False
0.0006863129175010822	0.2935323383084577	0.08873372674955379	0.018865394928368973	Monocyte	T cell	2	2	3	3	3	STX4	0.9921605041790631	False
0.00047999205853991195	0.2935323383084577	0.12010819677962375	0.060884810110925114	Monocyte	Plasma cell	2	7	10	6	10	TAF1D	0.9921605041790631	False
0.0003447183600034687	0.2935323383084577	0.14328574890387186	0.07070707070707072	Erythroid	Dendritic cell	2	7	11	4	8	TBCD	0.9921605041790631	False
0.0004525354381610954	0.2935323383084577	0.137989719383024	0.16887721625451874	Dendritic cell	Plasma cell	2	7	16	5	12	TM9SF4	0.9921605041790631	False
0.0032532509059413754	0.2935323383084577	0.11521885521885528	0.055402542372881336	B cell	Monocyte	2	2	3	3	3	TNFRSF10A	0.9921605041790631	False
0.0005032933479054674	0.2935323383084577	0.14909385375474465	0.19102022529441887	Dendritic cell	Plasma cell	2	7	8	3	6	TRANK1	0.9921605041790631	False
0.00021247215180616007	0.2935323383084577	0.11847756524586184	0.08039715471480235	Monocyte	T cell	2	7	13	5	12	TXNL1	0.9921605041790631	False
0.001510474904535865	0.2935323383084577	0.3126122111300964	0.4908695652173913	NK	Erythroid	2	7	10	3	7	UHRF1	0.9921605041790631	False
7.384318633821792e-05	0.2935323383084577	0.08055527657889028	0.18117491114467232	NK	Plasma cell	2	7	11	8	11	VIM	0.9921605041790631	False
0.0003901510371724007	0.2935323383084577	0.1247876416488592	0.3822954049743336	Dendritic cell	Erythroid	2	7	13	6	12	YWHAZ	0.9921605041790631	False
0.00021869582400093121	0.2935323383084577	0.11388158617432509	0.4193676616774305	NK	Dendritic cell	2	7	13	5	12	ZNF106	0.9921605041790631	False
0.0006072407539145241	0.2935323383084577	0.11249179629344208	0.23311965811965818	Monocyte	Erythroid	2	4	6	3	5	ZNHIT6	0.9921605041790631	False
0.000936924902498068	0.29850746268656714	0.08106473079249854	0.06339922797988073	Dendritic cell	Monocyte	2	2	3	3	3	ATPAF1	0.9921605041790631	False
9.009171064488661e-05	0.29850746268656714	0.07529020386374236	0.08145172400001777	Dendritic cell	B cell	2	7	17	6	14	B4GALT5	0.9921605041790631	False
0.000527729218032473	0.29850746268656714	0.09894970956851001	0.1266796116504854	Dendritic cell	Plasma cell	2	6	8	3	7	BAZ1B	0.9921605041790631	False
0.0010724913917072405	0.29850746268656714	0.08997813002312438	0.09657818995842671	Monocyte	Dendritic cell	2	2	3	3	3	BSCL2	0.9921605041790631	False
0.0011636735314173943	0.29850746268656714	0.12950861647587195	0.09866059099696217	Plasma cell	Monocyte	2	3	4	3	4	CCDC77	0.9921605041790631	False
0.00014101358368207484	0.29850746268656714	0.1076184750582796	0.10262269363255005	Erythroid	Plasma cell	2	7	13	7	11	CFDP1	0.9921605041790631	False
0.0007198109452014697	0.29850746268656714	0.057310354473475156	0.013333333333333308	Dendritic cell	Monocyte	2	2	3	3	3	DBT	0.9921605041790631	False
0.0006574091753920329	0.29850746268656714	0.2479302165149907	0.29059128619059915	Monocyte	Plasma cell	2	4	6	3	6	DNAJC11	0.9921605041790631	False
0.00042042477488950003	0.29850746268656714	0.09097036954134963	0.08944968075402854	Erythroid	B cell	2	6	7	3	7	DNAJC2	0.9921605041790631	False
0.00047165960100716155	0.29850746268656714	0.06579249748145038	0.20492512696572335	B cell	T cell	2	3	4	3	3	ENSG00000286444	0.9921605041790631	False
0.0007748938154247243	0.29850746268656714	0.23561954326864926	0.40720208481402514	Erythroid	Dendritic cell	2	6	7	3	5	FBXO28	0.9921605041790631	False
6.987939504169476e-05	0.29850746268656714	0.2871704883732149	0.3207465483234714	NK	Plasma cell	2	7	12	6	12	G3BP2	0.9921605041790631	False
0.0001685512964997868	0.29850746268656714	0.08437695549629004	0.0645745470165573	Erythroid	T cell	2	7	5	3	5	GABARAP	0.9921605041790631	False
0.0006281404303909725	0.29850746268656714	0.09585109624172627	0.20271546407647245	T cell	Plasma cell	2	7	9	3	7	GRPEL1	0.9921605041790631	False
0.0006545438934599759	0.29850746268656714	0.15059334019486637	0.1841197254961987	Monocyte	NK	2	7	7	3	7	HNRNPU	0.9921605041790631	False
0.000345793475094777	0.29850746268656714	0.2936952830128927	0.4290701577710641	Erythroid	Plasma cell	2	5	9	3	8	HSF1	0.9921605041790631	False
0.0024776734507897845	0.29850746268656714	0.16263567949849544	0.2707446808510638	T cell	NK	2	7	13	3	10	KRBOX5	0.9921605041790631	False
0.00023487911321200388	0.29850746268656714	0.10606599152120239	0.26119323312101483	Dendritic cell	Plasma cell	2	7	10	5	8	MEF2C	0.9921605041790631	False
0.0007748029034016539	0.29850746268656714	0.22788695435776396	0.38005229327813483	Plasma cell	Monocyte	2	7	7	3	5	NOM1	0.9921605041790631	False
0.0001288584251206998	0.29850746268656714	0.18534047762383343	0.27214059209871855	B cell	Plasma cell	2	7	13	9	13	PDIA3	0.9921605041790631	False
0.00021280445659484934	0.29850746268656714	0.07284507219248243	0.06008143392006693	Plasma cell	NK	2	7	6	3	6	PPDPF	0.9921605041790631	False
0.0012590942484667616	0.29850746268656714	0.21285375922324928	0.21642001409443273	T cell	B cell	2	4	6	3	5	RABL3	0.9921605041790631	False
0.0012117091627170601	0.29850746268656714	0.23147144034770245	0.3222524741613037	Monocyte	B cell	2	7	12	5	11	RNPS1	0.9921605041790631	False
0.00043292217312852977	0.29850746268656714	0.16970163905166402	0.29988599229381063	Dendritic cell	Plasma cell	2	6	10	3	9	SFXN1	0.9921605041790631	False
0.0002891335576707112	0.29850746268656714	0.19452217725163562	0.3956301396060432	Dendritic cell	T cell	2	5	7	3	6	SMS	0.9921605041790631	False
0.0003613209966049779	0.29850746268656714	0.230811715770034	0.35104434529696626	Erythroid	NK	2	7	13	3	8	ST6GALNAC4	0.9921605041790631	False
0.00022735714770352207	0.29850746268656714	0.27312313801435045	0.47620162107887604	Dendritic cell	Plasma cell	2	7	11	5	9	SUPT6H	0.9921605041790631	False
0.0002709979607032237	0.29850746268656714	0.12169167907927242	0.10384205393390944	Dendritic cell	Monocyte	2	7	12	6	11	TBC1D1	0.9921605041790631	False
0.00036208861810572144	0.29850746268656714	0.1683278074278437	0.16724615057120562	Erythroid	T cell	2	4	7	4	5	TSTD2	0.9921605041790631	False
0.00043013719520041777	0.29850746268656714	0.3664595732496998	0.4732071820234383	Dendritic cell	Erythroid	2	7	8	3	7	TUBA1A	0.9921605041790631	False
7.753163342419039e-05	0.29850746268656714	0.0657239887572143	0.078523128758277	NK	T cell	2	7	8	5	8	UBE2H	0.9921605041790631	False
0.0002501976703375361	0.29850746268656714	0.15444626687588242	0.5428424784962349	B cell	Dendritic cell	2	6	9	3	9	VDAC1	0.9921605041790631	False
0.0004842020959845546	0.29850746268656714	0.08179000988892227	0.24436708860759493	T cell	B cell	2	4	4	3	3	ZFAND2A	0.9921605041790631	False
0.0020921505058829	0.29850746268656714	0.18696045255063481	0.23268886234696928	B cell	Monocyte	2	7	9	3	5	ZFYVE28	0.9921605041790631	False
0.00026573273924025844	0.3034825870646766	0.13702518972037298	0.2706825630760432	Monocyte	Erythroid	2	5	11	5	9	ACSF3	0.9921605041790631	False
0.0003640659077136693	0.3034825870646766	0.07431920770777617	0.12468530517587995	B cell	Plasma cell	2	6	9	3	7	ANO10	0.9921605041790631	False
0.0006413911194239983	0.3034825870646766	0.1267760274010699	0.14904578722553893	Monocyte	Dendritic cell	2	6	7	3	5	CD84	0.9921605041790631	False
0.0003258382163986407	0.3034825870646766	0.14220213556987787	0.14654549005129208	Dendritic cell	T cell	2	7	10	3	8	CEP57	0.9921605041790631	False
0.00017125175168894392	0.3034825870646766	0.14667936928193065	0.10216873061749754	Dendritic cell	Monocyte	2	6	9	3	7	CMSS1	0.9921605041790631	False
0.0004259652591601276	0.3034825870646766	0.08277217164340689	0.18520408163265306	Monocyte	Erythroid	2	4	7	3	6	DNAJC25	0.9921605041790631	False
0.0002799143728099635	0.3034825870646766	0.2725425035304601	0.2876404494382023	Plasma cell	Dendritic cell	2	7	13	3	10	EIF1AX	0.9921605041790631	False
0.00037229317762068454	0.3034825870646766	0.10731441305227024	0.19325565604933842	Erythroid	T cell	2	5	7	3	6	ENSG00000291121	0.9921605041790631	False
0.0006864334587318424	0.3034825870646766	0.23985643985643978	0.41207288416348853	T cell	Dendritic cell	2	5	7	3	5	FAM174B	0.9921605041790631	False
0.0005018002417102937	0.3034825870646766	0.20150110136959754	0.28842559074603547	Erythroid	Dendritic cell	2	7	12	3	8	FBXO22	0.9921605041790631	False
0.0013066386495021326	0.3034825870646766	0.2211295044188335	0.28757589643716347	Erythroid	Plasma cell	2	7	11	3	8	FEM1B	0.9921605041790631	False
0.000379115597960005	0.3034825870646766	0.1679339281075347	0.4788013418150404	Plasma cell	NK	2	7	11	6	9	GPX4	0.9921605041790631	False
0.0003206995744387896	0.3034825870646766	0.1669678303054526	0.3222777222777223	NK	Monocyte	2	4	6	3	5	HERC2P9	0.9921605041790631	False
0.0007166049159653991	0.3034825870646766	0.14686849964925325	0.17513020833333337	Erythroid	T cell	2	7	9	3	7	LMO7	0.9921605041790631	False
0.0009054618973140326	0.3034825870646766	0.12451142371976348	0.20880098137786324	Monocyte	Erythroid	2	6	9	3	7	MED21	0.9921605041790631	False
0.00010678736937748241	0.3034825870646766	0.1021262157304672	0.12437792173554246	Erythroid	NK	2	7	13	8	11	MYO5A	0.9921605041790631	False
0.00040142387636890256	0.3034825870646766	0.10002447844553106	0.07179613703651486	T cell	Erythroid	2	4	5	3	5	NEPRO	0.9921605041790631	False
0.004343172576743288	0.3034825870646766	0.2623943173943174	0.5259881730469966	T cell	NK	2	5	8	3	5	PFAS	0.9921605041790631	False
0.00048815414212517684	0.3034825870646766	0.17724787767099165	0.21463326784544856	Dendritic cell	Plasma cell	2	7	9	4	8	PPP4R2	0.9921605041790631	False
0.00040683582734639385	0.3034825870646766	0.09673807274496299	0.04166012069236391	B cell	Plasma cell	2	3	3	3	3	SNHG3	0.9921605041790631	False
9.386207588256301e-05	0.3034825870646766	0.07827047591782438	0.04683836971845873	Dendritic cell	B cell	2	7	15	5	15	TBL1X	0.9921605041790631	False
0.00019393278275955266	0.3034825870646766	0.13068665845623012	0.33935247955955467	Plasma cell	B cell	2	6	15	4	8	TPX2	0.9921605041790631	False
0.0003133517311071103	0.3034825870646766	0.11687048010547252	0.12381131131131135	NK	T cell	2	7	10	3	8	UBE4A	0.9921605041790631	False
0.00031000985415972253	0.3034825870646766	0.17379728654460003	0.2771529917276227	Plasma cell	B cell	2	6	8	3	5	ZDHHC3	0.9921605041790631	False
0.00041893450760704655	0.30845771144278605	0.21213351039001022	0.2232167205578714	Erythroid	Dendritic cell	2	7	13	5	10	ATP6V1H	0.9921605041790631	False
0.00034607920357606313	0.30845771144278605	0.15286505011760915	0.10550179928028786	Dendritic cell	NK	2	7	12	3	9	BLM	0.9921605041790631	False
0.0006335265418810096	0.30845771144278605	0.13096986084737405	0.37257485029940113	Erythroid	B cell	2	5	10	5	6	CALM3	0.9921605041790631	False
0.0004234359640528341	0.30845771144278605	0.13310722960521243	0.2502490639941049	Plasma cell	NK	2	7	10	5	10	CELF1	0.9921605041790631	False
0.0006026329229819696	0.30845771144278605	0.20496023313477585	0.28783699204895796	Dendritic cell	T cell	2	7	11	3	7	CLPX	0.9921605041790631	False
0.0004009043320388127	0.30845771144278605	0.32229865156594506	0.4925943644037246	T cell	Monocyte	2	7	13	3	10	COTL1	0.9921605041790631	False
0.0009284508859354253	0.30845771144278605	0.5081937876034309	0.44486356733454174	Erythroid	NK	2	7	10	3	6	DDX49	0.9921605041790631	False
0.0003874497060238113	0.30845771144278605	0.1733937397075616	0.11071667438390698	Erythroid	Plasma cell	2	6	8	3	7	DYNC2I1	0.9921605041790631	False
5.0218493684319295e-05	0.30845771144278605	0.07007385414200318	0.314252562298648	NK	Erythroid	2	7	12	7	11	ELF2	0.9921605041790631	False
0.000125926040406268	0.30845771144278605	0.10657982534936072	0.2027452972190844	B cell	NK	2	5	9	4	6	ENSG00000254420	0.9921605041790631	False
0.00010933477003533065	0.30845771144278605	0.08408594933493285	0.10178435780437906	T cell	Plasma cell	2	5	9	3	7	FCHO2	0.9921605041790631	False
4.052608885896191e-05	0.30845771144278605	0.053916157796633	0.04230392545116607	Plasma cell	T cell	2	7	13	6	11	GNAQ	0.9921605041790631	False
0.0005383649172609406	0.30845771144278605	0.3453676057965275	0.2383241758241758	Dendritic cell	NK	2	7	13	3	10	HCFC1	0.9921605041790631	False
0.0001506716432615672	0.30845771144278605	0.07443588593590877	0.09146914876381784	Plasma cell	Dendritic cell	2	7	12	7	11	LCORL	0.9921605041790631	False
0.000831185877806095	0.30845771144278605	0.1448075291979884	0.13352134591072645	Erythroid	Plasma cell	2	4	5	3	3	LINC01374	0.9921605041790631	False
0.0002298408875208284	0.30845771144278605	0.1723261340109165	0.3492967794537301	Erythroid	B cell	2	6	10	3	6	MAD2L1	0.9921605041790631	False
0.0007185501481849236	0.30845771144278605	0.04405201427294275	0.11769478382888482	NK	B cell	2	7	9	6	9	MALAT1	0.9921605041790631	False
0.0004094667396587961	0.30845771144278605	0.1423195996843547	0.28952468380252955	Monocyte	T cell	2	6	7	3	7	MDH2	0.9921605041790631	False
0.00041521811355475796	0.30845771144278605	0.07972154729091391	0.05219551282051288	Monocyte	Plasma cell	2	5	10	3	6	MYO19	0.9921605041790631	False
0.0008295153177680575	0.30845771144278605	0.2390925430017059	0.3110903805714757	Erythroid	NK	2	7	15	5	12	OGFR	0.9921605041790631	False
0.0003282317826040493	0.30845771144278605	0.10249785173220272	0.17350945585498906	T cell	Monocyte	2	7	10	4	8	PCSK7	0.9921605041790631	False
0.00018207403619234763	0.30845771144278605	0.11554633960747901	0.2068157221566313	Dendritic cell	Erythroid	2	7	10	5	9	RAPGEF6	0.9921605041790631	False
0.00014989102379515715	0.30845771144278605	0.14195469884606038	0.1798931653198192	NK	Monocyte	2	7	12	4	11	RNF4	0.9921605041790631	False
0.0008349716647492127	0.30845771144278605	0.21348580434723785	0.301319453956079	Erythroid	B cell	2	6	7	3	5	RPS6KA1	0.9921605041790631	False
5.700047574210394e-05	0.30845771144278605	0.10808499650643416	0.2636201229585783	Monocyte	NK	2	7	17	9	16	RTF2	0.9921605041790631	False
0.0010771644590200093	0.30845771144278605	0.19829051500358702	0.09659090909090906	Plasma cell	Erythroid	2	6	10	3	7	SEPSECS	0.9921605041790631	False
0.0008230060123578317	0.30845771144278605	0.11672038966689524	0.09762808349146107	B cell	T cell	2	4	4	3	3	SGTB	0.9921605041790631	False
0.0003500387158554975	0.30845771144278605	0.17618775087004562	0.19138149556400502	B cell	T cell	2	6	9	3	6	TCEAL3	0.9921605041790631	False
0.00014838890828688118	0.30845771144278605	0.10583570962153033	0.22578091238662418	T cell	NK	2	7	13	6	12	TLE4	0.9921605041790631	False
0.0003135275598032108	0.30845771144278605	0.1364672253506219	0.19985716640114265	Erythroid	B cell	2	5	9	4	5	TMEM38B	0.9921605041790631	False
0.0006787178985515429	0.30845771144278605	0.40077617119722375	0.44279124598670194	Dendritic cell	T cell	2	7	10	3	7	TRIP4	0.9921605041790631	False
0.00021419697800627223	0.30845771144278605	0.22454308524663563	0.17855732439358302	Monocyte	Plasma cell	2	7	13	4	11	TTF1	0.9921605041790631	False
0.0006838603787977937	0.30845771144278605	0.3190533021517856	0.1489219064249076	Dendritic cell	T cell	2	5	8	3	8	WDR74	0.9921605041790631	False
0.00021129413261467122	0.30845771144278605	0.12337937626625112	0.2860118425474759	T cell	Erythroid	2	6	9	3	7	YEATS4	0.9921605041790631	False
0.00018540586139479076	0.30845771144278605	0.0958474705862003	0.31533140617288424	Dendritic cell	Erythroid	2	7	12	8	12	YTHDC1	0.9921605041790631	False
0.0010906389478896558	0.30845771144278605	0.14182696132877415	0.15163875769285812	Plasma cell	Monocyte	2	5	7	3	5	ZBTB5	0.9921605041790631	False
0.012843141826469263	0.30845771144278605	0.27250968800264574	0.193944209039548	T cell	Monocyte	2	2	3	3	3	ZNF778	0.9921605041790631	False
0.0002653381321793367	0.31343283582089554	0.4013622018007984	0.447608024691358	B cell	Monocyte	2	3	5	3	4	ADAM8	0.9921605041790631	False
0.0009182742724630834	0.31343283582089554	0.1448557543076453	0.2111471861471862	Plasma cell	B cell	2	6	9	3	6	ATF1	0.9921605041790631	False
0.00031947174309990284	0.31343283582089554	0.08382161256542275	0.152948402948403	NK	Erythroid	2	6	7	3	6	CCZ1	0.9921605041790631	False
0.0003492844056206672	0.31343283582089554	0.052986995885179744	0.061400293255131966	B cell	Monocyte	2	5	11	5	7	CDIN1	0.9921605041790631	False
0.0006290133219061254	0.31343283582089554	0.27368954179108085	0.4411072171722703	B cell	Plasma cell	2	5	8	3	5	CHEK1	0.9921605041790631	False
0.0005550512383193223	0.31343283582089554	0.2447796389656855	0.3107410881801126	T cell	NK	2	6	8	3	7	ENSG00000290876	0.9921605041790631	False
4.366782876109173e-05	0.31343283582089554	0.045390181618130576	0.08767964866701006	Dendritic cell	Monocyte	2	7	8	6	8	EXOC4	0.9921605041790631	False
0.00041682410132371916	0.31343283582089554	0.09386216934652186	0.09458559894546054	Plasma cell	T cell	2	7	10	4	6	MAP3K14	0.9921605041790631	False
0.0003542483005729998	0.31343283582089554	0.25928700378596303	0.36097039288528654	T cell	NK	2	5	4	3	3	MBD4	0.9921605041790631	False
0.0004898246764612698	0.31343283582089554	0.13743352412862408	0.29839725000353656	T cell	Erythroid	2	7	8	3	6	MYCBP2-AS1	0.9921605041790631	False
0.00014268943326809056	0.31343283582089554	0.16163527132037325	0.304063568698451	NK	Erythroid	2	7	9	5	8	PSMB6	0.9921605041790631	False
0.00025848769235204555	0.31343283582089554	0.160319520943503	0.2981852838559374	Plasma cell	Monocyte	2	6	9	4	9	PSMD2	0.9921605041790631	False
0.0005309716281423483	0.31343283582089554	0.1214153232001226	0.0927892561983471	B cell	Plasma cell	2	5	7	3	5	RASSF1	0.9921605041790631	False
0.0004605657716678946	0.31343283582089554	0.23174352401224313	0.47675213675213673	Plasma cell	B cell	2	6	8	3	6	RBM18	0.9921605041790631	False
0.0005030800391633324	0.31343283582089554	0.15750591481113807	0.1345436396738175	Monocyte	T cell	2	7	13	4	10	SNRPD1	0.9921605041790631	False
0.012603394639143612	0.31343283582089554	0.27759960380384996	0.1798567889298447	Monocyte	T cell	2	3	3	3	3	SNU13	0.9921605041790631	False
0.00035805423492678897	0.31343283582089554	0.2741969722361879	0.28308556486368697	T cell	Dendritic cell	2	4	7	3	5	SQLE	0.9921605041790631	False
0.0001127517227251026	0.31343283582089554	0.06787615863612229	0.2550705219539614	Dendritic cell	Erythroid	2	7	14	9	13	TNKS	0.9921605041790631	False
0.0002479703191854469	0.31343283582089554	0.1030668242566235	0.10447149328137251	Monocyte	B cell	2	7	7	4	7	TPM3	0.9921605041790631	False
0.0011639317183284458	0.31343283582089554	0.0401175779913322	0.10269720101781171	Dendritic cell	T cell	2	4	4	3	4	TSEN34	0.9921605041790631	False
0.0003233721693364952	0.31343283582089554	0.18858411894042565	0.22589263868726245	Dendritic cell	Erythroid	2	7	12	4	10	UBE2A	0.9921605041790631	False
0.0002104821128614441	0.31343283582089554	0.10632652303151485	0.2121072206095791	NK	Erythroid	2	7	18	9	15	VPS36	0.9921605041790631	False
7.202386023420296e-05	0.31343283582089554	0.08974905388218951	0.1418492468431789	B cell	Dendritic cell	2	7	13	7	13	ZCCHC7	0.9921605041790631	False
0.0010754410969571874	0.31840796019900497	0.18502826609571044	0.10325405653548037	B cell	Dendritic cell	2	7	11	3	6	ACD	0.9921605041790631	False
0.0011589169137041703	0.31840796019900497	0.05502488805531447	0.15953182619849282	B cell	Plasma cell	2	5	8	4	6	APOLD1	0.9921605041790631	False
0.00022501287815881776	0.31840796019900497	0.19625398077567757	0.1895271223089217	Plasma cell	NK	2	7	14	4	8	C21orf58	0.9921605041790631	False
0.00025895316530243187	0.31840796019900497	0.1833556347295356	0.3625768326855283	NK	Plasma cell	2	7	10	3	6	CLN6	0.9921605041790631	False
0.001203002986616772	0.31840796019900497	0.1848581553212591	0.3271145232881502	Dendritic cell	Erythroid	2	7	10	6	10	CUL5	0.9921605041790631	False
0.000491443400153615	0.31840796019900497	0.22711369374716228	0.25680361135542396	Erythroid	Plasma cell	2	7	10	4	8	CYFIP2	0.9921605041790631	False
0.0005380133422278171	0.31840796019900497	0.18755776581520633	0.23922954766661547	NK	Plasma cell	2	7	16	5	11	FAM210A	0.9921605041790631	False
9.036406878199552e-05	0.31840796019900497	0.1394190378373345	0.28896250808015517	Erythroid	NK	2	7	10	4	8	FLI1	0.9921605041790631	False
0.00013613223225461158	0.31840796019900497	0.1058979745495931	0.2336807584737441	Dendritic cell	Erythroid	2	7	18	7	16	KPNA3	0.9921605041790631	False
0.0007768185481572949	0.31840796019900497	0.11261497612121552	0.10874519299245122	Erythroid	Monocyte	2	6	8	3	6	L3MBTL1	0.9921605041790631	False
0.0008244177685425041	0.31840796019900497	0.08953223600180199	0.0905196498416837	Monocyte	Plasma cell	2	6	9	3	7	LRRC58	0.9921605041790631	False
4.890120442083893e-05	0.31840796019900497	0.08321068730924136	0.3144274201326966	Dendritic cell	Plasma cell	2	7	18	10	16	MBP	0.9921605041790631	False
0.00015725143040129497	0.31840796019900497	0.16002457799595116	0.24513119054164112	Plasma cell	Dendritic cell	2	7	14	8	14	MCPH1	0.9921605041790631	False
0.00038331129353439265	0.31840796019900497	0.08064787542052804	0.1959580239505988	Plasma cell	T cell	2	7	17	6	14	N4BP2L1	0.9921605041790631	False
0.00010408603197606865	0.31840796019900497	0.1679340280440692	0.3930563754474687	NK	B cell	2	7	9	7	9	NAP1L1	0.9921605041790631	False
0.00046345492073530595	0.31840796019900497	0.16528994095556165	0.09251975783193933	Erythroid	T cell	2	7	12	3	8	NCALD	0.9921605041790631	False
0.0010649644173970864	0.31840796019900497	0.5297308937520938	0.46074378071642086	Plasma cell	NK	2	7	10	3	7	PLPP5	0.9921605041790631	False
0.0009447255914773675	0.31840796019900497	0.19905883546668196	0.3230174081237911	B cell	T cell	2	5	9	3	6	PXMP4	0.9921605041790631	False
0.0002568679732027992	0.31840796019900497	0.20536264171659102	0.26579670329670335	Plasma cell	Monocyte	2	5	9	4	5	SCOC	0.9921605041790631	False
0.00011932408617246787	0.31840796019900497	0.05467473884140561	0.15264272970561998	T cell	NK	2	6	11	4	9	SPAG1	0.9921605041790631	False
0.0004273348910573752	0.31840796019900497	0.11279952618781341	0.10257900391975777	Plasma cell	Erythroid	2	7	18	7	13	SPATA13	0.9921605041790631	False
0.0017506233733542585	0.31840796019900497	0.052193756540715674	0.11146156452832157	Plasma cell	Monocyte	2	3	4	3	4	SPATA2	0.9921605041790631	False
0.00018245961500629746	0.31840796019900497	0.13322128942947148	0.13843378607809842	Monocyte	T cell	2	7	9	3	8	TOP2B	0.9921605041790631	False
0.00039655964985203665	0.31840796019900497	0.08691703566689774	0.3945768336280746	Plasma cell	Dendritic cell	2	7	13	4	11	UBAP1	0.9921605041790631	False
0.00010951477684981978	0.31840796019900497	0.15881169757555724	0.3000379104460246	Plasma cell	Dendritic cell	2	7	11	7	10	VMP1	0.9921605041790631	False
0.0005157997106336409	0.31840796019900497	0.12119198406404241	0.10301602586147601	Monocyte	T cell	2	6	9	3	7	ZBTB10	0.9921605041790631	False
0.0013773749899893576	0.31840796019900497	0.22656268638912086	0.17280545541415104	Monocyte	Erythroid	2	3	5	3	4	ZNF468	0.9921605041790631	False
0.0009318727070840282	0.31840796019900497	0.12669515669515669	0.12287935403513295	Erythroid	Monocyte	2	3	4	3	3	ZNF566	0.9921605041790631	False
0.00030312457865153423	0.32338308457711445	0.3286361114950909	0.431511220398627	Plasma cell	Dendritic cell	2	7	12	3	10	BLOC1S6	0.9921605041790631	False
0.0011615818270439998	0.32338308457711445	0.08715204291593176	0.19271570014144274	Monocyte	Dendritic cell	2	5	6	3	5	C1orf131	0.9921605041790631	False
0.0005429055648594558	0.32338308457711445	0.12692341864155293	0.13490455172158528	Plasma cell	B cell	2	6	9	3	5	CERS4	0.9921605041790631	False
0.0005419884151066159	0.32338308457711445	0.24960275382836616	0.4890954230059201	Dendritic cell	Erythroid	2	7	12	3	6	CPPED1	0.9921605041790631	False
0.0006398201809365979	0.32338308457711445	0.0597795240660729	0.1281668307365038	T cell	Dendritic cell	2	7	10	3	9	CSTPP1	0.9921605041790631	False
0.00014224382123338513	0.32338308457711445	0.11463367297428428	0.18294090489381343	Erythroid	Plasma cell	2	4	6	3	4	EGFL7	0.9921605041790631	False
0.001109826093870994	0.32338308457711445	0.17414998413965627	0.2506385696040868	NK	Plasma cell	2	7	13	3	9	HTATSF1	0.9921605041790631	False
0.0007329921738293588	0.32338308457711445	0.24895055901370755	0.14790635706128658	T cell	B cell	2	4	7	3	4	INCENP	0.9921605041790631	False
0.0003094247614836246	0.32338308457711445	0.07472237676739185	0.12834191427330804	NK	Erythroid	2	7	13	9	12	MCTP2	0.9921605041790631	False
0.0008511345595472559	0.32338308457711445	0.10979254686348516	0.2790576353240683	T cell	B cell	2	2	3	3	3	MIR222HG	0.9921605041790631	False
0.0001998361387344919	0.32338308457711445	0.2820936621988227	0.4762908680947013	Dendritic cell	T cell	2	5	7	3	5	MTRR	0.9921605041790631	False
0.00031527820183948013	0.32338308457711445	0.2087040225893107	0.29298040993212016	Plasma cell	Monocyte	2	7	13	4	12	NFATC2IP	0.9921605041790631	False
0.00014435265469539852	0.32338308457711445	0.11968447880293842	0.28327346922811153	B cell	Dendritic cell	2	7	16	4	12	RASSF2	0.9921605041790631	False
0.00022134621001884358	0.32338308457711445	0.061464810641545464	0.08921255588703653	Erythroid	Plasma cell	2	7	18	8	15	RELCH	0.9921605041790631	False
0.0001646828113012931	0.32338308457711445	0.0663547188387621	0.18704898694275335	T cell	Plasma cell	2	7	17	7	13	RPRD1B	0.9921605041790631	False
0.0004424773216978869	0.32338308457711445	0.21173312802256167	0.5175929897820873	Monocyte	Plasma cell	2	7	12	5	9	SAT1	0.9921605041790631	False
0.00047045335854971516	0.32338308457711445	0.09763061199084316	0.20880861850443605	Dendritic cell	Monocyte	2	7	8	3	7	SNX13	0.9921605041790631	False
0.0002553365187669457	0.32338308457711445	0.13714359795685221	0.13343349127470244	T cell	NK	2	7	11	6	10	TLK2	0.9921605041790631	False
0.00012347898609433908	0.32338308457711445	0.09516169164288762	0.07414908202193604	T cell	NK	2	7	13	7	13	TNRC6A	0.9921605041790631	False
6.921046755684807e-05	0.32338308457711445	0.05447382349979285	0.22042993675022643	B cell	Erythroid	2	7	13	8	13	UBR1	0.9921605041790631	False
0.000529439257207573	0.32338308457711445	0.35295124764464253	0.3015083925601088	NK	B cell	2	7	11	3	7	UBTF	0.9921605041790631	False
0.0005554378312557792	0.32338308457711445	0.10247509665865623	0.03501321533572893	B cell	Monocyte	2	3	4	3	3	VPS33B	0.9921605041790631	False
0.00045657966645941156	0.32338308457711445	0.13408321590338396	0.33608027452611067	Plasma cell	B cell	2	6	7	3	5	ZYG11B	0.9921605041790631	False
0.00026209229253701334	0.3283582089552239	0.07542446519107382	0.07240368995126484	Dendritic cell	Erythroid	2	7	11	4	7	ACACA	0.9921605041790631	False
0.00011096098596066639	0.3283582089552239	0.17459201218553683	0.6562922338389681	Plasma cell	NK	2	7	7	4	7	CAPZA1	0.9921605041790631	False
2.5869703536470254e-05	0.3283582089552239	0.35896679596110315	0.4949286239627005	Plasma cell	B cell	2	7	5	3	5	CD48	0.9921605041790631	False
0.0004917237852462298	0.3283582089552239	0.17634799233986587	0.1907823613086771	Dendritic cell	B cell	2	6	11	3	7	CHAF1A	0.9921605041790631	False
0.0012248345062486736	0.3283582089552239	0.1279547146383197	0.23762073086300145	Monocyte	Erythroid	2	6	5	3	5	CSDE1	0.9921605041790631	False
0.0014636005660100277	0.3283582089552239	0.3285043080551765	0.2706640310418039	Erythroid	Monocyte	2	4	5	3	4	CTSO	0.9921605041790631	False
0.000553196256440354	0.3283582089552239	0.2662844780374289	0.36977939793459863	Plasma cell	B cell	2	6	9	4	6	DDB1	0.9921605041790631	False
0.0006880156372612681	0.3283582089552239	0.11671053949095056	0.10946123746219433	B cell	Monocyte	2	7	14	4	9	DGKH	0.9921605041790631	False
0.0011203929059817926	0.3283582089552239	0.14342019955424656	0.15320769084332758	Erythroid	Plasma cell	2	3	5	3	5	EAF2	0.9921605041790631	False
0.001252490778576935	0.3283582089552239	0.3419909751476708	0.3350842278120344	T cell	Monocyte	2	5	8	3	5	ENG	0.9921605041790631	False
0.00010651613187996799	0.3283582089552239	0.19145076376042353	0.33527589881672804	B cell	Dendritic cell	2	7	10	3	7	ENSG00000291188	0.9921605041790631	False
0.0001576436630311002	0.3283582089552239	0.14830007046664306	0.2761559835146824	Plasma cell	Dendritic cell	2	6	5	3	5	H2AJ	0.9921605041790631	False
0.0005963463970963269	0.3283582089552239	0.1375791627698047	0.1622472966619652	T cell	Dendritic cell	2	6	8	3	5	KIAA0825	0.9921605041790631	False
0.0004373406487460157	0.3283582089552239	0.12260129724691782	0.11618392300897296	Plasma cell	T cell	2	7	7	3	6	MDFIC	0.9921605041790631	False
0.0007444787305155304	0.3283582089552239	0.1720816836969306	0.18592297476759626	Monocyte	Plasma cell	2	6	9	3	7	MED17	0.9921605041790631	False
0.0007006431953161498	0.3283582089552239	0.10889352211657277	0.06999806552591314	Erythroid	Monocyte	2	7	14	3	9	MTBP	0.9921605041790631	False
0.00031993789620991147	0.3283582089552239	0.12182958686886536	0.10379373276899778	Plasma cell	NK	2	7	13	3	10	MTG2	0.9921605041790631	False
0.00035050255759147314	0.3283582089552239	0.1256509126896409	0.13199308815769506	Plasma cell	NK	2	7	14	6	12	NDUFAF6	0.9921605041790631	False
0.0006708611123589202	0.3283582089552239	0.155023327826944	0.1314769452449568	Monocyte	Plasma cell	2	4	8	4	6	NELFA	0.9921605041790631	False
0.0011252307449004652	0.3283582089552239	0.1203845199980082	0.14721254355400692	Monocyte	B cell	2	4	5	3	4	NKRF	0.9921605041790631	False
0.0007004152498383645	0.3283582089552239	0.22704942833923236	0.43432835820895527	T cell	Plasma cell	2	6	10	3	6	NOP14	0.9921605041790631	False
0.0008339641570369938	0.3283582089552239	0.16818800593059025	0.16287232024283815	B cell	NK	2	3	6	3	5	NR4A3	0.9921605041790631	False
0.000987285447609037	0.3283582089552239	0.10399916682223925	0.028810809700802964	Monocyte	B cell	2	3	5	4	4	PACC1	0.9921605041790631	False
0.0001543367227183918	0.3283582089552239	0.1507155220815713	0.12309081930263677	Dendritic cell	Monocyte	2	7	12	4	10	PIP5K1B	0.9921605041790631	False
0.0004736916192700114	0.3283582089552239	0.31306438127090297	0.3119171803382329	NK	Erythroid	2	6	9	3	5	PPIF	0.9921605041790631	False
0.00023625581438300447	0.3283582089552239	0.48262511578709805	0.5589170892260451	Dendritic cell	B cell	2	7	11	3	10	PSMB7	0.9921605041790631	False
0.00012708283815402496	0.3283582089552239	0.07218673138966297	0.09113143617027225	Plasma cell	T cell	2	7	17	7	14	RBL1	0.9921605041790631	False
0.0007857293361256622	0.3283582089552239	0.3709873557122654	0.586462596514915	Erythroid	Monocyte	2	4	10	4	6	RNF40	0.9921605041790631	False
0.00038023945731558356	0.3283582089552239	0.21399292594116265	0.0950887570765046	NK	Monocyte	2	7	9	3	7	SLC25A26	0.9921605041790631	False
0.0013167056001972507	0.3283582089552239	0.27122026617090417	0.3250950570342205	Plasma cell	B cell	2	6	10	3	8	SLC25A46	0.9921605041790631	False
0.00022190026792681683	0.3283582089552239	0.06706142446844188	0.08318778303395569	T cell	Monocyte	2	7	17	6	14	SUGT1P3	0.9921605041790631	False
0.00017600546623890137	0.3283582089552239	0.2471688659640653	0.41303313129094205	Dendritic cell	Plasma cell	2	7	7	3	7	TOMM20	0.9921605041790631	False
0.00011205889214044125	0.3283582089552239	0.09335589227382968	0.24075726778424567	Erythroid	Plasma cell	2	7	17	9	16	TRPC4AP	0.9921605041790631	False
0.00011010794156531856	0.3283582089552239	0.05721189415440259	0.27086981903093993	Plasma cell	B cell	2	7	12	7	12	UBA6	0.9921605041790631	False
0.000977987981984134	0.3333333333333333	0.20551079373121772	0.206907037857315	Plasma cell	Monocyte	2	7	12	4	10	ADD1	0.9921605041790631	False
0.000179478131016482	0.3333333333333333	0.14057375691098745	0.1621571567157598	Erythroid	Dendritic cell	2	6	9	3	7	ATXN2	0.9921605041790631	False
0.00013974781935412677	0.3333333333333333	0.06554471591799987	0.1871770810855617	Plasma cell	B cell	2	7	17	8	12	BRCA2	0.9921605041790631	False
0.0004602063436859636	0.3333333333333333	0.19529481542978272	0.31819722627522073	Erythroid	T cell	2	6	10	3	6	C19orf25	0.9921605041790631	False
0.0007569594880865236	0.3333333333333333	0.18173627046246776	0.25438289477870757	NK	T cell	2	7	10	4	8	CHORDC1	0.9921605041790631	False
0.001765047211610633	0.3333333333333333	0.24512314686274073	0.1983032873806999	Monocyte	T cell	2	3	4	3	3	COL6A2	0.9921605041790631	False
0.0005619039514015275	0.3333333333333333	0.12239236687034916	0.1435120397625826	Dendritic cell	B cell	2	6	8	3	6	DAPK2	0.9921605041790631	False
0.00035719001078945967	0.3333333333333333	0.4005542111984943	0.33018196202531647	Plasma cell	NK	2	5	9	3	8	DCTD	0.9921605041790631	False
0.0008201176803636356	0.3333333333333333	0.14202833232177298	0.1225384630308674	Plasma cell	NK	2	5	8	3	6	DIAPH2-AS1	0.9921605041790631	False
0.000290198921393494	0.3333333333333333	0.33550255497183556	0.38276688907422857	Erythroid	NK	2	7	11	4	7	HK1	0.9921605041790631	False
0.00016366534831855565	0.3333333333333333	0.09168298491613075	0.027989618331466737	T cell	Monocyte	2	5	7	3	6	HYCC1	0.9921605041790631	False
0.0008547692193787769	0.3333333333333333	0.06598562017600562	0.493092623218689	T cell	Monocyte	2	2	5	5	5	ING2	0.9921605041790631	False
0.0003474049715064421	0.3333333333333333	0.2062547696813054	0.1667391379060444	NK	Dendritic cell	2	7	13	4	10	MMP24OS	0.9921605041790631	False
0.00011832700640012035	0.3333333333333333	0.10338776199160299	0.06547107700671845	Plasma cell	B cell	2	7	17	7	13	PIK3C3	0.9921605041790631	False
0.0004373319546141245	0.3333333333333333	0.14152448448213717	0.19747030767792012	Dendritic cell	B cell	2	6	9	3	7	PWP1	0.9921605041790631	False
0.0005610503177382416	0.3333333333333333	0.10996725119488737	0.15404109589041093	Dendritic cell	B cell	2	6	6	3	6	RPA2	0.9921605041790631	False
0.0012282526363504684	0.3333333333333333	0.19000453944823303	0.231406592616557	B cell	T cell	2	5	9	3	6	SAAL1	0.9921605041790631	False
0.0002512409973665116	0.3333333333333333	0.12265466614681664	0.17063787995484758	T cell	B cell	2	6	9	4	7	SEC22A	0.9921605041790631	False
0.0003557918191108753	0.3333333333333333	0.08527359486045999	0.06795906718851924	NK	Erythroid	2	6	6	3	5	SYNGR2	0.9921605041790631	False
0.0006618971515442095	0.3333333333333333	0.18867171636915792	0.1703703703703704	Monocyte	B cell	2	3	4	3	4	TTC39B	0.9921605041790631	False
0.0002734038693487555	0.3333333333333333	0.17618324549850062	0.3245401337792643	NK	B cell	2	7	14	4	8	TUBB6	0.9921605041790631	False
9.049343485267012e-05	0.3333333333333333	0.16825899350669848	0.4490794819705435	NK	Dendritic cell	2	7	11	6	10	VAMP2	0.9921605041790631	False
0.00015170381136024117	0.3333333333333333	0.2691738200717942	0.4010167589562883	Plasma cell	NK	2	7	11	8	10	YME1L1	0.9921605041790631	False
0.00037836556543825695	0.3383084577114428	0.04766210296879014	0.1196485623003195	Monocyte	B cell	2	3	5	3	4	ACSS2	0.9921605041790631	False
0.0031814170966975785	0.3383084577114428	0.14940096844736017	0.1387673800968599	T cell	Plasma cell	2	3	5	3	4	ALDH18A1	0.9921605041790631	False
0.001109089077387246	0.3383084577114428	0.2505206450808497	0.2767857142857143	Monocyte	B cell	2	6	7	3	5	ALG6	0.9921605041790631	False
9.8727232199311e-05	0.3383084577114428	0.05829621167300342	0.14036832184264214	NK	Monocyte	2	7	13	8	13	CREBBP	0.9921605041790631	False
0.0047172267625641105	0.3383084577114428	0.32765376996466916	0.3125506072874494	Dendritic cell	B cell	2	4	6	3	5	CSKMT	0.9921605041790631	False
0.0006035249818579082	0.3383084577114428	0.17997311282551315	0.25816429290749526	B cell	Dendritic cell	2	7	11	4	8	EPS15L1	0.9921605041790631	False
0.0002189246226780248	0.3383084577114428	0.17296035797158305	0.2861218372422883	Monocyte	NK	2	7	9	4	8	ERGIC2	0.9921605041790631	False
0.00023809236277900337	0.3383084577114428	0.09412573712561667	0.11747836416086882	Dendritic cell	Erythroid	2	7	10	3	8	FER	0.9921605041790631	False
6.291188901405811e-05	0.3383084577114428	0.18554478286264459	0.24341374287054646	Erythroid	Dendritic cell	2	6	8	3	5	GPR141	0.9921605041790631	False
0.0006182920640617443	0.3383084577114428	0.17464589915374618	0.30932590043445085	Erythroid	Monocyte	2	7	13	3	7	GSR	0.9921605041790631	False
0.00041646418938138873	0.3383084577114428	0.12392344629841756	0.036640214244924474	B cell	Erythroid	2	5	7	3	6	H3-3A	0.9921605041790631	False
0.0012874902578925956	0.3383084577114428	0.22888057568908635	0.3359045206846266	Dendritic cell	T cell	2	6	8	3	5	MIS12	0.9921605041790631	False
0.0009689729993256898	0.3383084577114428	0.10715095436876682	0.13736728773874946	Dendritic cell	T cell	2	7	14	4	12	MTFR1	0.9921605041790631	False
0.0010897384890697622	0.3383084577114428	0.25889422798868533	0.211806573163073	Monocyte	Plasma cell	2	3	4	3	4	NEK3	0.9921605041790631	False
0.00034006691996472173	0.3383084577114428	0.1574485590662062	0.12447917018388588	Monocyte	T cell	2	5	9	3	8	PCMTD2	0.9921605041790631	False
0.004172341879823034	0.3383084577114428	0.166352479103195	0.1895595876475794	Plasma cell	T cell	2	6	6	3	6	PIGC	0.9921605041790631	False
0.0005066335062829066	0.3383084577114428	0.2305958943475078	0.2621910082037997	B cell	Dendritic cell	2	7	12	5	9	PPM1K	0.9921605041790631	False
0.000335573153789856	0.3383084577114428	0.1406082756452801	0.2538910358414791	B cell	Dendritic cell	2	7	9	3	7	SACM1L	0.9921605041790631	False
0.0005138561676045789	0.3383084577114428	0.1034147643309869	0.16430953490873884	Dendritic cell	NK	2	7	9	3	7	SESN3	0.9921605041790631	False
0.000997353866004609	0.3383084577114428	0.6078483967426632	0.6520391320101454	Dendritic cell	Plasma cell	2	7	10	3	6	SNX11	0.9921605041790631	False
0.00011094342532606526	0.3383084577114428	0.11769235758938068	0.23251436927219815	Dendritic cell	Monocyte	2	7	10	5	10	SSBP2	0.9921605041790631	False
0.0012731756369297792	0.3383084577114428	0.16611741466632268	0.2778835978835979	B cell	Plasma cell	2	5	6	3	6	STAG3L4	0.9921605041790631	False
0.0003582839193026176	0.3383084577114428	0.23530267753090522	0.26725701811026037	Plasma cell	NK	2	7	10	3	7	TAF15	0.9921605041790631	False
0.0002900297877270643	0.3383084577114428	0.16585127849880837	0.13083331614872246	Erythroid	NK	2	7	14	3	9	TTI1	0.9921605041790631	False
0.00018456774355364193	0.3383084577114428	0.1431836493699155	0.13247072330989834	Plasma cell	B cell	2	7	13	5	12	UBAP2	0.9921605041790631	False
0.000660044351570764	0.3383084577114428	0.3347676289155116	0.368685574515171	Erythroid	Dendritic cell	2	6	7	4	6	YTHDF2	0.9921605041790631	False
0.002268805743882	0.34328358208955223	0.49530899052763494	0.5189244186046511	Erythroid	NK	2	7	9	3	7	AIP	0.9921605041790631	False
0.00037941621298769577	0.34328358208955223	0.41986228392411296	0.39591836734693875	B cell	Erythroid	2	4	5	3	3	AQP3	0.9921605041790631	False
0.0008334360904582645	0.34328358208955223	0.06257581379043409	0.09484786402610218	T cell	Erythroid	2	5	7	3	5	ASPN	0.9921605041790631	False
0.0002714094522120663	0.34328358208955223	0.17126373827551267	0.41455675605311115	Plasma cell	B cell	2	5	8	3	7	BCKDHA	0.9921605041790631	False
0.0006395806230761537	0.34328358208955223	0.1822656294531294	0.15804597701149425	Monocyte	Dendritic cell	2	6	8	3	5	BMS1P1	0.9921605041790631	False
0.0005270593104177733	0.34328358208955223	0.07156843514240313	0.11721031872934656	Erythroid	Plasma cell	2	6	9	3	5	ENSG00000263657	0.9921605041790631	False
0.000561420405895582	0.34328358208955223	0.11452421534090595	0.08318475949137971	Erythroid	Monocyte	2	6	10	3	7	GPS2	0.9921605041790631	False
0.0003310483603149941	0.34328358208955223	0.12196124561354521	0.16246003701834094	NK	Plasma cell	2	5	6	3	5	HMGCR	0.9921605041790631	False
0.00016368258782990604	0.34328358208955223	0.3733682165575144	0.46166894742844106	Erythroid	Monocyte	2	6	8	3	4	IRF7	0.9921605041790631	False
0.0017683936807087225	0.34328358208955223	0.10672315832017576	0.17623188405797108	B cell	Erythroid	2	5	9	3	7	PAQR3	0.9921605041790631	False
0.0003029677651092975	0.34328358208955223	0.254216018156241	0.23866341165700333	B cell	Dendritic cell	2	6	9	3	8	PRPF18	0.9921605041790631	False
0.0020007909679582107	0.34328358208955223	0.2982369126044468	0.2933313063747846	B cell	T cell	2	7	9	3	5	RAB27B	0.9921605041790631	False
0.002562917043309476	0.34328358208955223	0.1986662997151255	0.22666412238018008	Monocyte	B cell	2	3	6	4	5	RBBP5	0.9921605041790631	False
0.00014845341496226463	0.34328358208955223	0.18639235801059711	0.170014206151411	Erythroid	Dendritic cell	2	7	11	3	7	RHOT1	0.9921605041790631	False
0.00044487129041263876	0.34328358208955223	0.2253148976889739	0.38943373326682057	NK	Erythroid	2	7	11	5	9	SAR1A	0.9921605041790631	False
0.00013121750727817445	0.34328358208955223	0.23303489119481874	0.318225763894632	NK	Plasma cell	2	7	9	6	9	SCAF11	0.9921605041790631	False
0.00020626282187017234	0.34328358208955223	0.15104418639266376	0.2752317924731718	Monocyte	Plasma cell	2	4	4	3	4	SELENOF	0.9921605041790631	False
7.377443092241035e-05	0.34328358208955223	0.07361994085189771	0.17083782078082116	B cell	Dendritic cell	2	7	18	10	16	STK24	0.9921605041790631	False
0.00018553407620091307	0.34328358208955223	0.20674532771787518	0.24426471622476964	Plasma cell	Erythroid	2	7	11	3	7	TERF1	0.9921605041790631	False
0.0004141146053740648	0.34328358208955223	0.3136431767206223	0.42586921275445866	NK	Plasma cell	2	7	8	3	6	TRIM56	0.9921605041790631	False
0.00022122034167646872	0.3482587064676617	0.08288266212802031	0.06366054289845208	Dendritic cell	Erythroid	2	7	9	3	6	ALCAM	0.9921605041790631	False
0.00016057334944472173	0.3482587064676617	0.27062610269033804	0.3386739254559599	Dendritic cell	Plasma cell	2	7	14	4	11	BIN3	0.9921605041790631	False
0.0001929314830467899	0.3482587064676617	0.0879124754292247	0.1931339961527973	NK	Plasma cell	2	6	12	6	11	CAAP1	0.9921605041790631	False
0.0008812393418892231	0.3482587064676617	0.14118083240963586	0.09396455659800851	Monocyte	T cell	2	4	5	3	3	CHST7	0.9921605041790631	False
0.00038421264087603924	0.3482587064676617	0.20630861662364297	0.23629584024201278	NK	Erythroid	2	7	18	6	14	CKAP2	0.9921605041790631	False
0.0010322468767804882	0.3482587064676617	0.17495334407088126	0.27644688216971575	Monocyte	Plasma cell	2	6	9	3	7	DHX30	0.9921605041790631	False
0.0005958619878988965	0.3482587064676617	0.22418446252914453	0.12743021613989353	Dendritic cell	Erythroid	2	6	8	3	6	DRAM1	0.9921605041790631	False
0.0001402454263475329	0.3482587064676617	0.1794145150894081	0.30214315012305165	B cell	NK	2	7	9	3	7	EIF3M	0.9921605041790631	False
0.0001611791427938017	0.3482587064676617	0.04245356266182565	0.150082262726903	Plasma cell	B cell	2	7	11	8	10	EPC1	0.9921605041790631	False
0.00015399362248430084	0.3482587064676617	0.12306988022812654	0.09088338147041708	Plasma cell	Dendritic cell	2	7	13	5	9	FOCAD	0.9921605041790631	False
0.00024007380948868728	0.3482587064676617	0.17030842462672102	0.17690804897108614	T cell	Plasma cell	2	5	8	3	6	GCN1	0.9921605041790631	False
0.0004189554777327326	0.3482587064676617	0.13512701286018647	0.10169252219339586	B cell	Monocyte	2	6	7	3	5	GPATCH2	0.9921605041790631	False
0.00020412315676009832	0.3482587064676617	0.042831576036281405	0.08077251711432404	Erythroid	Monocyte	2	6	8	4	8	HIP1	0.9921605041790631	False
0.00010784607672296594	0.3482587064676617	0.08343972258489701	0.24973557647147232	Plasma cell	B cell	2	7	17	8	14	HM13	0.9921605041790631	False
9.611032003984484e-05	0.3482587064676617	0.2904946119800073	0.3239126181538048	T cell	Dendritic cell	2	7	16	5	12	MRPL39	0.9921605041790631	False
0.001156059631767762	0.3482587064676617	0.11898521898521885	0.2517893911167762	Dendritic cell	Erythroid	2	6	7	3	5	NFYC	0.9921605041790631	False
0.00047197726647276166	0.3482587064676617	0.12357290406174631	0.3217484388938448	Plasma cell	Dendritic cell	2	6	9	3	5	PDPK1	0.9921605041790631	False
5.683322225518075e-05	0.3482587064676617	0.10580807219177535	0.1634523738147542	T cell	Dendritic cell	2	7	18	9	16	PSPC1	0.9921605041790631	False
0.0006024990070168959	0.3482587064676617	0.20686477305498424	0.277375698734922	Dendritic cell	Erythroid	2	4	5	3	4	RPAP3	0.9921605041790631	False
0.00016391837224467637	0.3482587064676617	0.15189397646579	0.11016070238435277	NK	T cell	2	7	13	4	9	RPS15A	0.9921605041790631	False
0.00017592864981033981	0.3482587064676617	0.28573867144134113	0.4590627763041556	Monocyte	B cell	2	3	4	3	3	RRAGC	0.9921605041790631	False
0.0004042048585537193	0.3482587064676617	0.19974084261594577	0.33614226225301014	B cell	Plasma cell	2	7	7	3	6	SMAP2	0.9921605041790631	False
0.00041163220307016495	0.3482587064676617	0.16236641885636566	0.3501461988304093	Monocyte	B cell	2	7	12	3	8	TMEM154	0.9921605041790631	False
0.0019523389342761468	0.3482587064676617	0.2370477651023165	0.18378837385316865	Monocyte	B cell	2	3	4	3	3	TSNARE1	0.9921605041790631	False
1.171962813770217e-05	0.3482587064676617	0.1598271539306007	0.5001687543654484	Monocyte	Plasma cell	2	7	9	7	9	UBC	0.9921605041790631	False
0.0010245846133825588	0.3482587064676617	0.33526107221439433	0.4165326675693974	Plasma cell	B cell	2	5	6	3	5	ZDHHC24	0.9921605041790631	False
0.0009870528270312998	0.3482587064676617	0.2324681235762982	0.21572902752678036	Plasma cell	B cell	2	5	8	3	6	ZNF84	0.9921605041790631	False
0.0012516717800957456	0.3482587064676617	0.30314144849482383	0.3212790255043776	Dendritic cell	NK	2	7	11	4	7	ZRSR2	0.9921605041790631	False
0.0011254353991841967	0.35323383084577115	0.13319071639088628	0.0421407501053519	T cell	B cell	2	2	4	4	4	ARL2BP	0.9921605041790631	False
0.0009018240916377681	0.35323383084577115	0.07705663214268282	0.0911978221415608	Monocyte	Dendritic cell	2	6	7	3	5	ATG101	0.9921605041790631	False
0.0009019860505626207	0.35323383084577115	0.057027551594890646	0.10378316964724654	Erythroid	Monocyte	2	3	4	3	4	C1orf21	0.9921605041790631	False
0.00025290883434055426	0.35323383084577115	0.15135380803951637	0.2571957028478768	Dendritic cell	B cell	2	7	14	4	12	CNOT7	0.9921605041790631	False
0.0022470970621193964	0.35323383084577115	0.2053640687594695	0.24107403038923197	Monocyte	Erythroid	2	3	4	3	4	DCAF8	0.9921605041790631	False
0.0002509077820479437	0.35323383084577115	0.09765773018466972	0.37235687520751315	Erythroid	NK	2	7	9	4	7	DCTN4	0.9921605041790631	False
0.0005161477400394937	0.35323383084577115	0.2147544539701403	0.1810457516339869	T cell	Dendritic cell	2	4	5	3	4	DHDDS	0.9921605041790631	False
0.00041669233756974557	0.35323383084577115	0.19614637049882855	0.306883604505632	Monocyte	B cell	2	5	7	4	6	GFM1	0.9921605041790631	False
0.0006126273141294888	0.35323383084577115	0.12541861736744098	0.4345211988304093	Monocyte	B cell	2	4	6	3	4	HAUS3	0.9921605041790631	False
4.805100680941201e-05	0.35323383084577115	0.2051329801696805	0.42753488233126513	Dendritic cell	Plasma cell	2	7	11	3	7	IFI30	0.9921605041790631	False
0.00044605943550318105	0.35323383084577115	0.2228282476463272	0.23109180769806803	Dendritic cell	NK	2	6	9	3	6	IKZF5	0.9921605041790631	False
3.828159515698755e-05	0.35323383084577115	0.011363636363636326	0.20707762557077627	B cell	T cell	2	2	4	4	4	LYPLA2	0.9921605041790631	False
0.0002925916184812728	0.35323383084577115	0.1551063500863154	0.23607589940327073	Monocyte	T cell	2	7	12	3	9	MARCHF1	0.9921605041790631	False
7.88747096495733e-05	0.35323383084577115	0.06591463807591513	0.141519054177218	Plasma cell	Erythroid	2	7	9	7	9	MED13L	0.9921605041790631	False
0.00013212114524740898	0.35323383084577115	0.18394767985712912	0.24060024643548666	B cell	Dendritic cell	2	7	12	4	9	MRPL13	0.9921605041790631	False
0.0009983726097296333	0.35323383084577115	0.1237058035622583	0.13156345655757012	B cell	T cell	2	3	4	3	3	PARD6B	0.9921605041790631	False
0.0007407251615806982	0.35323383084577115	0.112253909026297	0.04789211001380478	Plasma cell	Erythroid	2	4	6	3	5	PIGG	0.9921605041790631	False
0.0005726017485356373	0.35323383084577115	0.18552690120527443	0.13210751735341902	NK	Monocyte	2	6	7	3	5	RBM4B	0.9921605041790631	False
0.00048593160195672084	0.35323383084577115	0.12694983376974267	0.060626407901576806	B cell	Monocyte	2	4	7	3	4	RIMKLB	0.9921605041790631	False
7.368574434546173e-05	0.35323383084577115	0.2591781537346201	0.6111577558382487	Dendritic cell	B cell	2	7	10	4	9	RPL10	0.9921605041790631	False
0.0007952865875722963	0.35323383084577115	0.20304761223444606	0.47947103907526073	Erythroid	NK	2	7	16	6	13	RPL21	0.9921605041790631	False
0.00020952292601909215	0.35323383084577115	0.0882090192395999	0.15532570939250173	B cell	Plasma cell	2	7	10	4	8	SERINC5	0.9921605041790631	False
0.00030962996115127506	0.35323383084577115	0.058694169239844274	0.0907413409240112	Plasma cell	Erythroid	2	7	10	7	10	SIK3	0.9921605041790631	False
0.0015215265488395966	0.35323383084577115	0.15966231545915321	0.23040543355973164	Monocyte	Erythroid	2	5	7	3	5	SRP9	0.9921605041790631	False
0.00014516506376648224	0.35323383084577115	0.11536126443264955	0.20544274125405404	Plasma cell	Erythroid	2	7	13	7	13	SRRM2	0.9921605041790631	False
0.0003100544820878546	0.35323383084577115	0.1739942472860913	0.1526411831780468	Plasma cell	B cell	2	5	9	3	7	THOC3	0.9921605041790631	False
8.754589471771103e-05	0.35323383084577115	0.06771685556805235	0.08773110074743395	Plasma cell	Dendritic cell	2	7	17	6	14	TPT1-AS1	0.9921605041790631	False
6.253997819799878e-05	0.35323383084577115	0.0819659994575811	0.0958212928036235	Erythroid	NK	2	7	19	12	17	TTC3	0.9921605041790631	False
0.00018277228288416256	0.35323383084577115	0.18737650608347933	0.43809137773816	Plasma cell	Dendritic cell	2	7	16	8	14	TXNL4A	0.9921605041790631	False
0.00034292924666524114	0.35323383084577115	0.06883713473441067	0.2248107152440833	Monocyte	Erythroid	2	7	9	4	9	U2SURP	0.9921605041790631	False
0.0004055923008749295	0.35323383084577115	0.10443029960003247	0.12559522689202163	Dendritic cell	Plasma cell	2	7	9	3	7	YEATS2	0.9921605041790631	False
0.00026161355383936473	0.35323383084577115	0.09831885237682342	0.12129854717378408	Monocyte	B cell	2	3	5	3	4	ZNF850	0.9921605041790631	False
0.0006431853494948525	0.35323383084577115	0.15196044835715383	0.17352019177576983	Dendritic cell	Plasma cell	2	7	13	3	10	ZSCAN30	0.9921605041790631	False
0.0003936913645582727	0.3582089552238806	0.23259633337272267	0.2551369863013699	Erythroid	Monocyte	2	5	7	3	5	ACO1	0.9921605041790631	False
0.00019094528162366415	0.3582089552238806	0.16695303077451934	0.34488849043519576	T cell	Plasma cell	2	6	7	3	5	AHR	0.9921605041790631	False
0.000576087378354034	0.3582089552238806	0.06901336183079376	0.21905079815452844	Monocyte	Dendritic cell	2	6	9	4	6	ARHGEF3	0.9921605041790631	False
0.00035772291504206305	0.3582089552238806	0.26142406207108765	0.2710526315789473	Dendritic cell	Plasma cell	2	6	8	3	6	ATP6AP2	0.9921605041790631	False
0.0002758770108761184	0.3582089552238806	0.44212302188458047	0.8360855291470447	Dendritic cell	T cell	2	6	7	3	6	AURKAIP1	0.9921605041790631	False
0.0005058140663559167	0.3582089552238806	0.3637065637065637	0.6667599130557806	Dendritic cell	T cell	2	6	10	3	6	CD151	0.9921605041790631	False
0.0007020542148126039	0.3582089552238806	0.3713047040785637	0.6320380179544749	Erythroid	Monocyte	2	6	13	3	7	CD40	0.9921605041790631	False
0.0008280228981236764	0.3582089552238806	0.17231425946986634	0.15507825937392505	Dendritic cell	T cell	2	6	7	3	6	CDK11B	0.9921605041790631	False
0.000532888867760366	0.3582089552238806	0.2988328551193787	0.23375298387887905	T cell	NK	2	7	11	3	8	CEP78	0.9921605041790631	False
0.00011852453509176225	0.3582089552238806	0.09995109397420332	0.11554766594525367	T cell	Erythroid	2	5	9	3	6	CIT	0.9921605041790631	False
0.0001397151464269444	0.3582089552238806	0.07683714623637838	0.28579570469836824	Monocyte	Plasma cell	2	7	14	7	14	CYRIB	0.9921605041790631	False
3.883991999446651e-05	0.3582089552238806	0.07916534814701337	0.09750182107487393	Plasma cell	NK	2	7	14	3	11	DOCK5	0.9921605041790631	False
0.0007218961754079656	0.3582089552238806	0.2833902892052298	0.37462894403308655	T cell	Erythroid	2	3	4	3	4	ENSG00000288841	0.9921605041790631	False
0.00021554243945875236	0.3582089552238806	0.11467043014410927	0.12283486501955732	Dendritic cell	Plasma cell	2	7	8	3	8	ESYT2	0.9921605041790631	False
0.0011714095724541839	0.3582089552238806	0.46742275716172155	0.4674964515776831	Plasma cell	Erythroid	2	5	7	3	5	GPR180	0.9921605041790631	False
0.001269050454844808	0.3582089552238806	0.178400714309012	0.21344306001833913	Erythroid	NK	2	6	10	3	7	HAUS2	0.9921605041790631	False
0.002079751965919757	0.3582089552238806	0.2649004907781933	0.3266683160522706	Erythroid	Monocyte	2	6	7	3	6	HPS5	0.9921605041790631	False
0.00010038528430930382	0.3582089552238806	0.13108708810702502	0.13819889242662636	B cell	Dendritic cell	2	7	11	5	10	ILF3	0.9921605041790631	False
0.0008845014876830053	0.3582089552238806	0.06240511147694083	0.11377035373385741	T cell	Dendritic cell	2	6	7	3	5	IPO9	0.9921605041790631	False
0.0006835284558995339	0.3582089552238806	0.0672129750630458	0.07284676900450404	Monocyte	Plasma cell	2	5	5	4	5	NUDT1	0.9921605041790631	False
0.0003174859465874001	0.3582089552238806	0.07016969154710595	0.05295413668535831	Erythroid	T cell	2	7	10	5	9	PDE4D	0.9921605041790631	False
0.0012540214412920542	0.3582089552238806	0.12012882410245429	0.16794437060657663	Monocyte	T cell	2	6	7	3	5	PIP5K1A	0.9921605041790631	False
0.0020802473875523144	0.3582089552238806	0.19499869023609157	0.19947916666666665	B cell	T cell	2	3	4	3	3	PRKAR1B	0.9921605041790631	False
0.00048420804260948985	0.3582089552238806	0.15934603333437808	0.19415479753955467	Monocyte	B cell	2	5	8	3	5	RAD51	0.9921605041790631	False
8.530127817813298e-06	0.3582089552238806	0.18625801309332496	0.3419438095845543	Dendritic cell	Plasma cell	2	7	9	5	9	RPS20	0.9921605041790631	False
0.001273103481803084	0.3582089552238806	0.3406324598024848	0.4677175084139917	NK	Erythroid	2	7	10	3	8	RRM1	0.9921605041790631	False
3.4713148111430236e-05	0.3582089552238806	0.06862777698418371	0.0929774621065021	B cell	Dendritic cell	2	7	19	11	18	RUNX1	0.9921605041790631	False
0.0002373875042331898	0.3582089552238806	0.11139094959183427	0.11138373078330976	T cell	Plasma cell	2	7	12	4	9	SELENOS	0.9921605041790631	False
9.94515307258893e-05	0.3582089552238806	0.08608907585971065	0.1556795899065619	Monocyte	Dendritic cell	2	7	11	5	10	SHOC2	0.9921605041790631	False
0.0008840462467825238	0.3582089552238806	0.563352337870797	0.5608695652173914	Monocyte	T cell	2	5	7	3	4	ST6GALNAC6	0.9921605041790631	False
9.141991828396453e-05	0.3582089552238806	0.1493083601436303	0.27025108225108224	Plasma cell	Dendritic cell	2	6	9	5	6	TNIK	0.9921605041790631	False
0.0002813728604178783	0.3582089552238806	0.08516389457034085	0.11891726234355715	B cell	Erythroid	2	5	8	3	6	USP42	0.9921605041790631	False
9.58225619655837e-05	0.3582089552238806	0.06566944563103727	0.05849668186295415	B cell	Dendritic cell	2	7	13	7	12	ZNF609	0.9921605041790631	False
0.001109421269977103	0.36318407960199006	0.08444719471947193	0.35947576451008945	NK	Erythroid	2	7	10	3	8	ABCA7	0.9921605041790631	False
0.000128988671046479	0.36318407960199006	0.19797079656923183	0.40640197568389064	Plasma cell	T cell	2	5	8	3	6	AP1S1	0.9921605041790631	False
0.0006264397009322256	0.36318407960199006	0.08452196287928454	0.12229679343773303	T cell	Erythroid	2	4	4	3	4	APH1A	0.9921605041790631	False
0.00028185023757279644	0.36318407960199006	0.10906364167233734	0.23773712737127378	Erythroid	T cell	2	3	4	3	4	ATG4C	0.9921605041790631	False
0.0002483469472477363	0.36318407960199006	0.2248788040395539	0.26027356746765246	Monocyte	Dendritic cell	2	7	11	5	7	ATP2A3	0.9921605041790631	False
0.0006151738949747558	0.36318407960199006	0.599213725320709	0.8523279524977319	Monocyte	NK	2	6	7	3	4	BRI3	0.9921605041790631	False
0.00054646992561966	0.36318407960199006	0.10140082012788432	0.16800920598388946	NK	Plasma cell	2	3	4	3	3	CAPN1	0.9921605041790631	False
0.00046243679926814666	0.36318407960199006	0.1245958669777783	0.3167894172460382	Dendritic cell	Erythroid	2	7	10	4	10	CCDC69	0.9921605041790631	False
0.0009886497534116303	0.36318407960199006	0.29800895364758545	0.24791383787916738	Plasma cell	NK	2	7	13	5	11	CDK5RAP2	0.9921605041790631	False
0.00040596396187221725	0.36318407960199006	0.19652910534372392	0.2963437070532429	Plasma cell	Dendritic cell	2	7	9	3	6	CPSF7	0.9921605041790631	False
0.0011583088426235723	0.36318407960199006	0.0773338277738187	0.19225348822723315	Erythroid	B cell	2	6	12	4	8	DDX19A	0.9921605041790631	False
0.00014591643143412782	0.36318407960199006	0.6826652142338416	0.7713865546218487	Dendritic cell	B cell	2	6	7	3	4	HRG-AS1	0.9921605041790631	False
0.0006374837262044502	0.36318407960199006	0.16589321480752728	0.2539919795843966	Plasma cell	Dendritic cell	2	7	15	4	12	KANTR	0.9921605041790631	False
0.001179452554066364	0.36318407960199006	0.21208156713053944	0.24317077258253728	Plasma cell	T cell	2	4	6	3	4	MRGBP	0.9921605041790631	False
0.0024454076848605564	0.36318407960199006	0.21048273821142327	0.2043008648690956	B cell	Erythroid	2	3	5	3	4	NEIL1	0.9921605041790631	False
0.0001533001448359386	0.36318407960199006	0.08949242598267948	0.21724591044266078	NK	B cell	2	7	13	6	11	PMM2	0.9921605041790631	False
0.0006008450934103886	0.36318407960199006	0.12112637046319275	0.1734852080367031	T cell	NK	2	7	8	3	8	RALA	0.9921605041790631	False
0.0004406934566150169	0.36318407960199006	0.12030789605646242	0.23781432215743437	Monocyte	T cell	2	4	6	3	4	SAMD9	0.9921605041790631	False
0.00023454992406495584	0.36318407960199006	0.12126737549470068	0.09229788319306298	Erythroid	Monocyte	2	7	8	3	7	SMURF1	0.9921605041790631	False
0.0005220729719075403	0.36318407960199006	0.13574758574758572	0.1700854700854701	Monocyte	NK	2	4	5	3	4	TIMM10B	0.9921605041790631	False
0.0013657102925727952	0.36318407960199006	0.21852278440513745	0.34666666666666673	NK	Erythroid	2	7	8	3	8	TMEM248	0.9921605041790631	False
0.00020309970691894546	0.36318407960199006	0.13885700357966807	0.1628013277466398	B cell	Erythroid	2	3	4	3	4	TSPAN9	0.9921605041790631	False
0.0006116182268160608	0.36318407960199006	0.30792811544469617	0.3429011158137745	Dendritic cell	Erythroid	2	7	14	3	8	TTPAL	0.9921605041790631	False
5.871834427001142e-05	0.36318407960199006	0.14650623962642728	0.6285781035937542	NK	Dendritic cell	2	7	7	6	7	TXNIP	0.9921605041790631	False
6.72935996951587e-05	0.36318407960199006	0.09750332643300347	0.09739620147124273	Erythroid	Dendritic cell	2	7	16	7	15	UBE2V1	0.9921605041790631	False
0.0019451383325244309	0.36318407960199006	0.272006481615732	0.3907203907203907	Dendritic cell	T cell	2	5	7	3	4	ZNF557	0.9921605041790631	False
0.0012773654920290825	0.36318407960199006	0.2728789400162011	0.3061475409836065	Plasma cell	Monocyte	2	3	4	3	4	ZNF85	0.9921605041790631	False
0.0003876781604724833	0.3681592039800995	0.0926055774614456	0.09862731640356898	Erythroid	T cell	2	7	8	3	7	C1GALT1	0.9921605041790631	False
0.0007818412049698364	0.3681592039800995	0.11962238859104002	0.25191896384462215	Monocyte	T cell	2	7	9	3	8	CCNT1	0.9921605041790631	False
0.00023612281686069024	0.3681592039800995	0.06254308715215862	0.11201321390000635	Dendritic cell	Erythroid	2	7	14	5	10	CDK5RAP1	0.9921605041790631	False
0.00018331485172544783	0.3681592039800995	0.09012952159474585	0.12244560271365934	Plasma cell	Erythroid	2	7	15	5	12	CDS2	0.9921605041790631	False
0.0002658161074564302	0.3681592039800995	0.35078855554063615	0.4953640337321736	B cell	Dendritic cell	2	6	10	3	9	CENPK	0.9921605041790631	False
0.00034874732911022903	0.3681592039800995	0.17000768588606274	0.3245363301370142	Plasma cell	Erythroid	2	7	8	4	8	CREB3L2	0.9921605041790631	False
0.00011862067298372644	0.3681592039800995	0.06780058408937417	0.08569441978815318	Monocyte	NK	2	7	13	5	12	DENND4C	0.9921605041790631	False
0.0009160963801099038	0.3681592039800995	0.10067614975905992	0.17036954337389754	T cell	Monocyte	2	3	4	3	3	ELOA	0.9921605041790631	False
0.0006511298107486355	0.3681592039800995	0.19937336240449044	0.2588504509355229	Monocyte	T cell	2	3	4	3	3	ENSG00000289472	0.9921605041790631	False
0.0005797616829545872	0.3681592039800995	0.22409424185670396	0.20280543274277174	Plasma cell	Erythroid	2	5	5	3	4	ENSG00000290737	0.9921605041790631	False
0.0007329212213150241	0.3681592039800995	0.1714241322749071	0.1849885718498857	B cell	NK	2	7	9	4	6	LIMD1	0.9921605041790631	False
0.00010745276280843842	0.3681592039800995	0.29797797556360844	0.338798477856044	NK	Plasma cell	2	7	17	5	13	MBD1	0.9921605041790631	False
0.0003133535605271688	0.3681592039800995	0.14009895777022885	0.09813348416289591	T cell	Monocyte	2	5	9	3	6	MRPL45P2	0.9921605041790631	False
0.00016678972014122888	0.3681592039800995	0.09401402083763094	0.2845966183574879	Monocyte	Plasma cell	2	7	13	6	11	NLRC5	0.9921605041790631	False
0.00011245428287738214	0.3681592039800995	0.06549022765906759	0.1341088070597951	Erythroid	Plasma cell	2	7	14	8	14	PCM1	0.9921605041790631	False
0.0008202572329020275	0.3681592039800995	0.13290888511601578	0.1809635722679201	Erythroid	Monocyte	2	4	6	3	3	POP1	0.9921605041790631	False
0.0007667804090438185	0.3681592039800995	0.04196375797507096	0.2622823911483705	Dendritic cell	Erythroid	2	7	11	3	7	PPM1D	0.9921605041790631	False
0.00027775932539300966	0.3681592039800995	0.20086536377819164	0.24623636438309948	NK	Plasma cell	2	7	13	6	12	PRRC2B	0.9921605041790631	False
0.0007412023306289566	0.3681592039800995	0.1369759665594239	0.1659360514567847	NK	Plasma cell	2	6	9	4	7	PTBP1	0.9921605041790631	False
0.00033337999680910967	0.3681592039800995	0.2088974723634457	0.4028612104586965	Plasma cell	NK	2	7	9	4	8	SBNO1	0.9921605041790631	False
0.001020207585647168	0.3681592039800995	0.18254914350747897	0.34202465516593383	NK	Plasma cell	2	7	6	3	5	SSU72	0.9921605041790631	False
7.073352184695786e-05	0.3681592039800995	0.15641594168032097	0.31699069042025446	Dendritic cell	Plasma cell	2	7	13	8	12	TXN	0.9921605041790631	False
0.00032240590988406507	0.3681592039800995	0.1390467021137017	0.230435686812538	B cell	Dendritic cell	2	7	12	5	10	XPA	0.9921605041790631	False
0.0001507380757900886	0.373134328358209	0.09710570579109984	0.19084498246625353	T cell	Erythroid	2	7	10	5	8	ADAM19	0.9921605041790631	False
0.0003156196939139031	0.373134328358209	0.1442695664448116	0.11064333385069064	Dendritic cell	Plasma cell	2	6	7	4	7	ARID1A	0.9921605041790631	False
0.00015756844040653984	0.373134328358209	0.09880679045158419	0.3408573662069204	B cell	Plasma cell	2	7	10	6	10	BDP1	0.9921605041790631	False
0.00019268074784850272	0.373134328358209	0.15282392058400518	0.2948567599262858	Monocyte	Plasma cell	2	6	7	4	7	C1orf43	0.9921605041790631	False
0.00048630988410331506	0.373134328358209	0.016318955292138837	0.052126991601915085	Monocyte	Plasma cell	2	4	8	4	6	C2CD3	0.9921605041790631	False
0.002501034228782041	0.373134328358209	0.2424538165756167	0.21292517006802722	B cell	Monocyte	2	3	4	3	3	C8orf76	0.9921605041790631	False
0.0002281231378236372	0.373134328358209	0.3585214015480478	0.456045751633987	B cell	Dendritic cell	2	6	8	4	6	CHCHD3	0.9921605041790631	False
0.00022202512218268047	0.373134328358209	0.16500183108549965	0.20385312808302608	Erythroid	Dendritic cell	2	7	12	3	9	DYNC1LI2	0.9921605041790631	False
0.000452752234989375	0.373134328358209	0.1511287536310733	0.1630607257003196	NK	T cell	2	7	10	4	9	EMSY	0.9921605041790631	False
0.0005260127540519057	0.373134328358209	0.4345679478859634	0.5199896493724931	NK	Erythroid	2	7	10	3	7	FTSJ3	0.9921605041790631	False
0.00012810961300247677	0.373134328358209	0.11795207210586206	0.3057686985368825	NK	Plasma cell	2	7	17	10	17	GPCPD1	0.9921605041790631	False
0.0008904124808183485	0.373134328358209	0.154957373833934	0.19251453488372094	Monocyte	B cell	2	6	4	3	4	H1-10	0.9921605041790631	False
0.0010248188405458697	0.373134328358209	0.13930049986407056	0.19534845496383957	B cell	Erythroid	2	4	6	3	4	HDHD3	0.9921605041790631	False
0.00013006402149354522	0.373134328358209	0.24137746647054165	0.2793676282235094	Monocyte	Plasma cell	2	3	5	3	4	IFRD2	0.9921605041790631	False
0.0003080406051453325	0.373134328358209	0.29327927636337003	0.48071099828547675	Erythroid	Dendritic cell	2	7	10	4	10	IRF1-AS1	0.9921605041790631	False
0.000661654586814998	0.373134328358209	0.20818762303384658	0.44643471677334984	Monocyte	B cell	2	4	6	3	5	LACTB	0.9921605041790631	False
0.00021054950686009424	0.373134328358209	0.19364814215251663	0.3605943297008213	NK	Plasma cell	2	7	10	3	9	LARS1	0.9921605041790631	False
0.004516123431104966	0.373134328358209	0.5583302571674665	0.6688888888888889	Erythroid	B cell	2	4	5	3	4	LINC00412	0.9921605041790631	False
0.00011586367815003336	0.373134328358209	0.04023603293259209	0.09019110756992255	NK	Dendritic cell	2	7	10	6	8	MAML2	0.9921605041790631	False
0.0001747354435203369	0.373134328358209	0.189995111213487	0.39165581152047263	NK	Monocyte	2	7	12	5	12	MCUB	0.9921605041790631	False
0.0003972946221551888	0.373134328358209	0.2623688834820222	0.1983640081799591	Erythroid	Monocyte	2	3	4	3	4	MINCR	0.9921605041790631	False
0.0005848724887589385	0.373134328358209	0.23118683018050384	0.19078341013824884	T cell	B cell	2	6	10	3	6	MRPS16	0.9921605041790631	False
0.004167140149489232	0.373134328358209	0.2824498750400968	0.6814849309834264	Dendritic cell	Plasma cell	2	7	12	4	7	MVD	0.9921605041790631	False
0.0055948714289287505	0.373134328358209	0.6293944797020042	0.5483731160543053	Dendritic cell	Erythroid	2	6	7	3	7	NECAP2	0.9921605041790631	False
0.0008162032173691954	0.373134328358209	0.3594231732358809	0.31475495555449917	NK	Dendritic cell	2	7	9	4	7	NOPCHAP1	0.9921605041790631	False
0.001187261401850292	0.373134328358209	0.12218536599176855	0.19281686677471854	NK	B cell	2	7	10	6	10	NUP98	0.9921605041790631	False
0.00038615697700953384	0.373134328358209	0.13560005476639825	0.12679692675276433	T cell	Monocyte	2	5	5	3	4	PSAP	0.9921605041790631	False
0.0026969566357062623	0.373134328358209	0.38695170862892375	0.41678430977110015	Erythroid	Plasma cell	2	5	7	3	4	RFT1	0.9921605041790631	False
0.0003950734892398106	0.373134328358209	0.11240153007300974	0.10585520157515899	Erythroid	Monocyte	2	4	6	3	5	RNF34	0.9921605041790631	False
1.4418359399146587e-05	0.373134328358209	0.10718068394444191	0.370263390011091	Plasma cell	NK	2	7	14	9	14	SARAF	0.9921605041790631	False
0.0007389535539587998	0.373134328358209	0.13421821222874347	0.16055859124394395	T cell	NK	2	7	13	7	12	SECISBP2L	0.9921605041790631	False
0.0002384529197712862	0.373134328358209	0.07914841716956506	0.1463611204293861	Erythroid	NK	2	7	13	7	12	TRPM7	0.9921605041790631	False
0.001396547936410384	0.373134328358209	0.5319244404257795	0.7472458817190741	T cell	NK	2	7	11	3	9	USP11	0.9921605041790631	False
0.000326491216649537	0.373134328358209	0.2766019331599448	0.3900453082933876	Monocyte	Plasma cell	2	6	8	3	8	ZNF138	0.9921605041790631	False
0.0013450907558135374	0.373134328358209	0.303418416991188	0.21116138763197584	Monocyte	Erythroid	2	4	5	3	4	ZPR1	0.9921605041790631	False
0.0002567796345104213	0.3781094527363184	0.15999700374967635	0.233258517918905	Plasma cell	Dendritic cell	2	7	14	5	12	AKAP17A	0.9921605041790631	False
0.0001419155346729072	0.3781094527363184	0.14979407875087852	0.1780562517404623	T cell	Dendritic cell	2	6	14	4	12	ALG13	0.9921605041790631	False
0.0018424827099195952	0.3781094527363184	0.2776797956243833	0.2957787298387097	Dendritic cell	Erythroid	2	6	7	3	4	ARHGAP9	0.9921605041790631	False
0.00019134169188947622	0.3781094527363184	0.14101615239501447	0.5536313339565075	Erythroid	NK	2	7	9	5	9	CCDC12	0.9921605041790631	False
0.0002347458752544084	0.3781094527363184	0.030260277393390822	0.062258236627984576	Erythroid	Plasma cell	2	6	10	3	7	CNNM2	0.9921605041790631	False
0.0004862809606209755	0.3781094527363184	0.20595815595407285	0.2750577367205543	Dendritic cell	T cell	2	6	8	3	5	DENND1C	0.9921605041790631	False
3.855465508507257e-05	0.3781094527363184	0.11351346539424068	0.19263499859309852	Dendritic cell	NK	2	7	14	7	14	EFR3A	0.9921605041790631	False
0.0006736033760627344	0.3781094527363184	0.19328359224344338	0.1616252072968491	Dendritic cell	Monocyte	2	3	4	3	3	ENSG00000290057	0.9921605041790631	False
0.0005568175323297434	0.3781094527363184	0.10458450187250057	0.19186341203147927	Monocyte	Dendritic cell	2	6	9	4	6	ENSG00000291143	0.9921605041790631	False
9.42913434423696e-05	0.3781094527363184	0.06577374137736536	0.17851323154250254	Dendritic cell	NK	2	7	10	6	10	FAM172A	0.9921605041790631	False
0.0021765742128714276	0.3781094527363184	0.16067450802772487	0.4226063829787234	B cell	Monocyte	2	5	6	3	4	FCGRT	0.9921605041790631	False
0.0002161547814851982	0.3781094527363184	0.2053053869537787	0.35569105691056907	NK	Dendritic cell	2	7	9	3	8	GIT2	0.9921605041790631	False
0.000963901017637484	0.3781094527363184	0.2396354783822287	0.4992393237480983	Monocyte	Dendritic cell	2	7	11	3	10	IDI1	0.9921605041790631	False
0.00016293226127624951	0.3781094527363184	0.10716292531908128	0.07071211784736098	Plasma cell	Dendritic cell	2	7	13	4	11	MFSD14CP	0.9921605041790631	False
0.0005584482718119438	0.3781094527363184	0.2189256397214388	0.34500000000000003	Erythroid	B cell	2	6	10	3	7	MTFMT	0.9921605041790631	False
0.0001045773757061045	0.3781094527363184	0.1300861400602673	0.2764054116694744	Plasma cell	Dendritic cell	2	7	10	4	10	NAP1L4	0.9921605041790631	False
0.0011674547085666418	0.3781094527363184	0.13759820349296775	0.12726341343905212	Monocyte	B cell	2	5	8	3	7	OTULIN	0.9921605041790631	False
3.4282992662783855e-05	0.3781094527363184	0.06327661684777214	0.1217907366791382	Dendritic cell	NK	2	7	18	11	16	PDS5B	0.9921605041790631	False
0.0006833065426023249	0.3781094527363184	0.24373812178173465	0.30033783783783785	Plasma cell	Erythroid	2	7	14	3	8	PLCXD1	0.9921605041790631	False
0.00024255431691876458	0.3781094527363184	0.10573186779252713	0.21341148559067757	T cell	B cell	2	7	11	4	7	PNKP	0.9921605041790631	False
0.0006295238789907166	0.3781094527363184	0.2910492215724556	0.30864511877302814	Plasma cell	Monocyte	2	6	8	3	6	PRIMPOL	0.9921605041790631	False
0.0008040058209973092	0.3781094527363184	0.16918053930721633	0.2263070896451781	Erythroid	NK	2	7	9	3	9	PRKAR2A	0.9921605041790631	False
0.00023666134882899167	0.3781094527363184	0.11675833238646138	0.1344191167248115	B cell	Plasma cell	2	5	10	5	8	RUFY1	0.9921605041790631	False
0.0005261438090530226	0.3781094527363184	0.0949509748861081	0.08423913043478254	Erythroid	T cell	2	5	7	3	6	SCAP	0.9921605041790631	False
0.0002430339816944444	0.3781094527363184	0.06789934562147104	0.09210281110681062	B cell	T cell	2	4	8	3	6	SLC25A43	0.9921605041790631	False
0.00047464225763802224	0.3781094527363184	0.12984120390599646	0.0893105367793241	T cell	Monocyte	2	5	5	3	4	SLC3A2	0.9921605041790631	False
0.00041717416463348276	0.3781094527363184	0.2915677093096448	0.39359137480747336	Erythroid	Dendritic cell	2	5	6	3	5	TOR3A	0.9921605041790631	False
0.00037379921500923374	0.3781094527363184	0.2859652421428143	0.29958803783948734	Monocyte	B cell	2	4	5	3	4	UBQLN2	0.9921605041790631	False
0.00011839834989623072	0.3781094527363184	0.08352880344761493	0.09669260317147638	T cell	Dendritic cell	2	7	15	5	10	UGGT2	0.9921605041790631	False
0.0006718556014058747	0.3781094527363184	0.16861878246257272	0.1664995107632094	Erythroid	T cell	2	6	10	3	8	ZNF274	0.9921605041790631	False
0.0006295184677381541	0.38308457711442784	0.1167372599248912	0.2940054442431773	Erythroid	NK	2	7	12	6	9	ARAP2	0.9921605041790631	False
0.00017059653483456888	0.38308457711442784	0.08145840560529022	0.07983408754011073	Monocyte	Plasma cell	2	7	8	4	7	AUTS2	0.9921605041790631	False
5.028394134314539e-05	0.38308457711442784	0.07165758008187711	0.12114744189015164	B cell	NK	2	7	6	3	6	COX6A1	0.9921605041790631	False
0.000143280578481518	0.38308457711442784	0.18062123594424379	0.24658537525537416	Dendritic cell	NK	2	7	10	4	7	CPEB4	0.9921605041790631	False
5.442091483665855e-05	0.38308457711442784	0.1702732217080123	0.16847008386456358	T cell	Dendritic cell	2	7	10	4	8	ELL2	0.9921605041790631	False
0.0001558537700180842	0.38308457711442784	0.10808935929845997	0.12524949295509802	Dendritic cell	Erythroid	2	7	15	5	11	GAB3	0.9921605041790631	False
0.0006480921965139731	0.38308457711442784	0.10798020699111399	0.27192532397676306	B cell	Monocyte	2	5	6	4	6	HNRNPR	0.9921605041790631	False
0.000472650504158734	0.38308457711442784	0.06129042640880017	0.1327905852460215	Dendritic cell	Erythroid	2	7	13	5	11	INO80	0.9921605041790631	False
0.00011465558532234248	0.38308457711442784	0.10681948119100959	0.08568304960534379	Plasma cell	NK	2	7	13	7	12	KDM4C	0.9921605041790631	False
0.0002472016556863579	0.38308457711442784	0.20304782719005193	0.240728021978022	Dendritic cell	Erythroid	2	7	7	3	6	LAMTOR4	0.9921605041790631	False
0.000491487121069458	0.38308457711442784	0.23036752162161478	0.35401166220228025	Erythroid	Monocyte	2	7	12	4	8	MRPL28	0.9921605041790631	False
7.750929565702925e-05	0.38308457711442784	0.05637081152800233	0.20663023399229774	NK	T cell	2	7	18	10	16	N4BP2L2	0.9921605041790631	False
0.00022631795561151857	0.38308457711442784	0.1388971534220494	0.06602520824297925	Dendritic cell	NK	2	7	11	4	8	NLK	0.9921605041790631	False
0.0004490438992270696	0.38308457711442784	0.09024945778264226	0.23946360153256702	Monocyte	Erythroid	2	6	9	3	5	NMRK1	0.9921605041790631	False
0.0003422374406581703	0.38308457711442784	0.0848081351353136	0.19209146972239433	T cell	Erythroid	2	7	13	3	8	NUP93	0.9921605041790631	False
0.00019766012014237516	0.38308457711442784	0.08815752447531405	0.08888888888888885	Plasma cell	B cell	2	7	8	4	6	PCED1B	0.9921605041790631	False
0.00039176092027831287	0.38308457711442784	0.1445679536674287	0.17914379360961974	B cell	Monocyte	2	6	8	3	6	PRKCSH	0.9921605041790631	False
0.00019240646476253496	0.38308457711442784	0.12402716781418832	0.2800326935043482	Dendritic cell	T cell	2	7	18	9	16	PTPN2	0.9921605041790631	False
0.0008649766620400333	0.38308457711442784	0.19660897660719473	0.17204301075268819	Plasma cell	Dendritic cell	2	6	10	3	6	SAP30L-AS1	0.9921605041790631	False
0.0001331243915723826	0.38308457711442784	0.23807558131176282	0.36795925355247394	T cell	Plasma cell	2	7	11	4	9	SNRPA	0.9921605041790631	False
0.0006304786464905509	0.38308457711442784	0.1476175178890684	0.11162363502582912	T cell	NK	2	7	18	8	15	SUCLA2	0.9921605041790631	False
0.00017133931308780897	0.38308457711442784	0.09090585556588915	0.14897701607546165	Plasma cell	T cell	2	4	4	3	4	TAS2R14	0.9921605041790631	False
7.542017446849458e-05	0.38308457711442784	0.06086955233659219	0.10717075841080742	Monocyte	Plasma cell	2	7	9	6	9	TBL1XR1	0.9921605041790631	False
0.00043773920087181043	0.38308457711442784	0.07643778421272729	0.37566701133962505	Dendritic cell	Plasma cell	2	7	8	4	7	TFG	0.9921605041790631	False
7.938457188981526e-05	0.38308457711442784	0.10253762856551768	0.259818171953328	NK	Dendritic cell	2	7	9	5	7	UBE2E2	0.9921605041790631	False
0.00038565979570226374	0.38308457711442784	0.4127198673953489	0.561592717287039	Plasma cell	Dendritic cell	2	7	9	3	6	WDR45B	0.9921605041790631	False
0.001075466285248253	0.38308457711442784	0.17956865713526682	0.08350000000000002	T cell	Erythroid	2	6	9	3	6	YIF1B	0.9921605041790631	False
0.0006418579240816298	0.38308457711442784	0.1756341968665337	0.20540560499206145	Erythroid	NK	2	7	11	3	8	ZNF493	0.9921605041790631	False
0.0015118237773974275	0.38308457711442784	0.09523856305465506	0.22071540880503143	Dendritic cell	B cell	2	4	5	3	3	ZNF737	0.9921605041790631	False
0.0007890441311159409	0.3880597014925373	0.04546935453930823	0.196205283795921	Erythroid	Dendritic cell	2	7	12	5	10	BRD7	0.9921605041790631	False
0.00038925885107783865	0.3880597014925373	0.23047399912255334	0.12582891246684347	Dendritic cell	Erythroid	2	7	9	4	6	CCNI	0.9921605041790631	False
0.000362195379612323	0.3880597014925373	0.28556473070923943	0.394211903204709	T cell	Plasma cell	2	5	6	3	5	CHTOP	0.9921605041790631	False
0.0004549671487126105	0.3880597014925373	0.14581258793521829	0.09572935234699942	T cell	Erythroid	2	5	7	3	5	CLNS1A	0.9921605041790631	False
0.0006626602907594142	0.3880597014925373	0.20458637394654688	0.3140679140679141	T cell	Monocyte	2	4	4	3	3	COPS6	0.9921605041790631	False
0.0004034086439874846	0.3880597014925373	0.14241568724945358	0.223471557682084	B cell	Plasma cell	2	6	10	3	6	CRK	0.9921605041790631	False
0.0007068460833812497	0.3880597014925373	0.1473047835841445	0.14209777209748164	T cell	Dendritic cell	2	5	6	3	4	CYSLTR2	0.9921605041790631	False
0.00037037281592575404	0.3880597014925373	0.18596549764767734	0.25300716123978956	Monocyte	B cell	2	4	7	4	5	DIMT1	0.9921605041790631	False
0.006838158449560983	0.3880597014925373	0.40384580572752626	0.5335309706688227	Erythroid	Dendritic cell	2	5	7	3	5	ENSG00000243004	0.9921605041790631	False
0.000881716510901795	0.3880597014925373	0.11680471253238983	0.1632511632511633	B cell	T cell	2	5	7	4	5	ENSG00000291177	0.9921605041790631	False
0.00040238112759678025	0.3880597014925373	0.3340017706046585	0.3344897143803779	T cell	Plasma cell	2	7	10	3	6	FURIN	0.9921605041790631	False
0.00011506393916157248	0.3880597014925373	0.12785575903359847	0.1513492903003616	NK	Monocyte	2	7	17	7	13	IL10RB	0.9921605041790631	False
0.0010977965727990973	0.3880597014925373	0.16818511046397105	0.17717067043491913	Monocyte	T cell	2	3	4	3	3	IL10RB-DT	0.9921605041790631	False
6.050200456307354e-06	0.3880597014925373	0.12844642165287468	0.4844119295148117	T cell	Monocyte	2	3	6	3	5	LPCAT2	0.9921605041790631	False
0.00013845005944530502	0.3880597014925373	0.18001217414553727	0.33011833076599917	NK	Erythroid	2	7	11	5	10	LSM14A	0.9921605041790631	False
0.00015775965863014943	0.3880597014925373	0.08761659142537753	0.19132653061224497	Dendritic cell	Monocyte	2	7	11	4	9	MBTD1	0.9921605041790631	False
0.0011327087916812848	0.3880597014925373	0.06856151461039256	0.08968045155051835	T cell	B cell	2	6	7	3	5	MRPL16	0.9921605041790631	False
0.0003022575469795055	0.3880597014925373	0.2536132364306434	0.12797383377346788	Dendritic cell	Plasma cell	2	7	9	3	8	NAA50	0.9921605041790631	False
0.0019269298261992882	0.3880597014925373	0.25480229351155603	0.5038065481429326	NK	B cell	2	7	11	3	9	NAF1	0.9921605041790631	False
0.0001587167541320906	0.3880597014925373	0.12403433664909091	0.1593906820678801	Plasma cell	NK	2	6	8	4	7	NSUN2	0.9921605041790631	False
0.0007796082865107715	0.3880597014925373	0.19524853872301595	0.08551558341203747	B cell	NK	2	3	6	4	5	PEAK3	0.9921605041790631	False
0.0018081111646161127	0.3880597014925373	0.24999313790074668	0.37588001224364864	Plasma cell	B cell	2	3	5	3	4	PEPD	0.9921605041790631	False
9.765381090254132e-05	0.3880597014925373	0.08046939558560329	0.02785750132073822	Plasma cell	Dendritic cell	2	7	11	6	10	PITPNC1	0.9921605041790631	False
0.0001962035638787722	0.3880597014925373	0.17016805375997007	0.4126220877602554	Dendritic cell	Erythroid	2	6	11	3	8	PLEC	0.9921605041790631	False
5.1773008557276856e-05	0.3880597014925373	0.21628552568505216	0.5304141468853404	Plasma cell	NK	2	7	13	7	13	PSMA4	0.9921605041790631	False
0.0005928863500633517	0.3880597014925373	0.22957861596440932	0.2491337806096628	Plasma cell	B cell	2	7	10	3	8	RNF20	0.9921605041790631	False
0.00011786096117698308	0.3880597014925373	0.10660231708574497	0.19753762932724694	T cell	B cell	2	7	14	4	11	SGK3	0.9921605041790631	False
0.001565004260137613	0.3880597014925373	0.2280498484961157	0.2629290922497133	NK	T cell	2	7	11	3	9	TM2D3	0.9921605041790631	False
0.0005161874098401012	0.3880597014925373	0.15950469935189826	0.28932196690011114	Monocyte	B cell	2	6	9	3	7	TMPO	0.9921605041790631	False
0.00017771998854435232	0.3880597014925373	0.37211785255605817	0.4281957036674018	Dendritic cell	Erythroid	2	4	6	3	6	TNFSF10	0.9921605041790631	False
0.0003674315127716691	0.3880597014925373	0.2820411213849533	0.3326032964551818	Plasma cell	Monocyte	2	6	8	3	6	TRAP1	0.9921605041790631	False
0.0005363757790135226	0.3880597014925373	0.13424607980008657	0.12204217567132641	B cell	Dendritic cell	2	5	10	3	6	TSR2	0.9921605041790631	False
0.00040869574294102016	0.3880597014925373	0.16619108225373258	0.12014729502095822	Monocyte	Erythroid	2	6	12	3	9	TUBGCP5	0.9921605041790631	False
0.0012063912719992458	0.3880597014925373	0.10818961567753843	0.08604969227262366	B cell	T cell	2	3	4	3	3	ZNF81	0.9921605041790631	False
0.0004667480966857246	0.39303482587064675	0.17527592026036454	0.4949301905823644	Plasma cell	Erythroid	2	6	7	4	6	ADAR	0.9921605041790631	False
3.958710251595405e-05	0.39303482587064675	0.13894980747164115	0.30491880666213617	Dendritic cell	Plasma cell	2	7	13	4	12	AGTPBP1	0.9921605041790631	False
0.0003341654199233283	0.39303482587064675	0.12100143402045488	0.07777777777777778	Monocyte	Plasma cell	2	4	5	3	3	ARMCX4	0.9921605041790631	False
4.32876244794272e-05	0.39303482587064675	0.07616881937594427	0.04643242064650055	NK	T cell	2	3	3	3	3	ATP6V0C	0.9921605041790631	False
0.00025107980746133366	0.39303482587064675	0.14546912225371283	0.08237812535677586	T cell	Plasma cell	2	7	9	3	7	C5orf24	0.9921605041790631	False
0.0003730239869608596	0.39303482587064675	0.04857205045887125	0.06888012648341812	T cell	Monocyte	2	3	4	3	4	CENPX	0.9921605041790631	False
0.00056620125332786	0.39303482587064675	0.34802330706150947	0.4060581664486263	NK	Erythroid	2	7	10	3	7	CTR9	0.9921605041790631	False
0.0005690175802890552	0.39303482587064675	0.2851721155279007	0.19436102769436098	Monocyte	T cell	2	4	5	3	4	DAGLB	0.9921605041790631	False
0.006227196791735136	0.39303482587064675	0.19465249662618084	0.33425773326572006	Plasma cell	Erythroid	2	5	7	3	5	ENSG00000273674	0.9921605041790631	False
0.0009526071138082094	0.39303482587064675	0.13760857827838258	0.17303786063035848	NK	B cell	2	7	13	3	10	FAN1	0.9921605041790631	False
0.00016600308645844074	0.39303482587064675	0.15546119800152058	0.22895622895622902	Dendritic cell	Erythroid	2	5	9	4	5	GKAP1	0.9921605041790631	False
0.00024582592970311915	0.39303482587064675	0.19632265174227992	0.08795485675530712	Erythroid	Plasma cell	2	6	8	3	6	GNA12	0.9921605041790631	False
0.00017069120212983622	0.39303482587064675	0.0422442770293201	0.18973530536210914	NK	Plasma cell	2	4	5	3	4	GREB1L	0.9921605041790631	False
7.599190727968145e-05	0.39303482587064675	0.041725685968100334	0.24309118364603322	Erythroid	Plasma cell	2	7	11	6	10	LCOR	0.9921605041790631	False
0.00018914580226037905	0.39303482587064675	0.08820762071732519	0.07683329826956736	Erythroid	NK	2	7	10	4	9	METTL15	0.9921605041790631	False
0.0002221855526987318	0.39303482587064675	0.20682704748275949	0.35706960262707577	B cell	Erythroid	2	7	12	3	9	MOB1B	0.9921605041790631	False
0.00013924420111767518	0.39303482587064675	0.3922525289253232	0.5926573733122917	Dendritic cell	Plasma cell	2	6	7	3	6	MRTO4	0.9921605041790631	False
0.00011107484644401004	0.39303482587064675	0.2419219759581625	0.3989898483633448	Erythroid	Dendritic cell	2	7	14	7	13	NBDY	0.9921605041790631	False
0.00033069265779658353	0.39303482587064675	0.07360986026341027	0.10770952132441142	B cell	T cell	2	7	11	6	9	NF1	0.9921605041790631	False
0.0017247904757472065	0.39303482587064675	0.3849802030685062	0.4001649076517151	Erythroid	NK	2	7	12	3	8	ODF2	0.9921605041790631	False
0.00021800656293149967	0.39303482587064675	0.14986986686159304	0.11953024453024452	Dendritic cell	T cell	2	7	11	3	7	PIGL	0.9921605041790631	False
6.35482807007428e-05	0.39303482587064675	0.19280107773717792	0.24309847367772397	Dendritic cell	Erythroid	2	7	17	5	13	PSTPIP2	0.9921605041790631	False
0.000181640312230031	0.39303482587064675	0.10752650484109172	0.11933589177193926	Plasma cell	Erythroid	2	6	7	3	6	PTBP2	0.9921605041790631	False
0.00028233502740490955	0.39303482587064675	0.20352328577212822	0.13883732291157797	B cell	Monocyte	2	6	10	5	6	RBM14	0.9921605041790631	False
0.00038727639558328855	0.39303482587064675	0.26118861978083097	0.4502831499091783	Erythroid	Plasma cell	2	6	7	3	5	RCC2	0.9921605041790631	False
0.00010424646607841183	0.39303482587064675	0.1701839207663497	0.4109365308300232	Erythroid	NK	2	7	17	7	12	SAMHD1	0.9921605041790631	False
0.00018116670760921018	0.39303482587064675	0.163481628232581	0.30593445247587614	Plasma cell	Dendritic cell	2	6	10	3	7	SMC2	0.9921605041790631	False
0.00015328951928036597	0.39303482587064675	0.04426031923919427	0.2102459112286203	Monocyte	Plasma cell	2	6	7	3	6	SSBP3	0.9921605041790631	False
0.00025238513165199783	0.39303482587064675	0.15140034178292394	0.30477228061180894	NK	Monocyte	2	7	9	5	9	TRA2B	0.9921605041790631	False
0.000499525971245569	0.39303482587064675	0.1923260251892855	0.25739453315435523	B cell	NK	2	4	5	3	3	UBASH3A	0.9921605041790631	False
0.0003615412819538217	0.39303482587064675	0.12159670813276136	0.09116127116127115	Monocyte	T cell	2	7	13	6	11	VIRMA	0.9921605041790631	False
0.00042470841584491865	0.39303482587064675	0.09162692516204707	0.08829207358619118	B cell	Plasma cell	2	7	13	6	13	VPS13A	0.9921605041790631	False
0.003109858101549961	0.39303482587064675	0.09394665809576597	0.22622753903856058	B cell	T cell	2	2	4	4	4	YIF1A	0.9921605041790631	False
0.00023530567660227033	0.39800995024875624	0.11913510361378454	0.20858524055877975	Erythroid	NK	2	7	12	3	9	ABCE1	0.9921605041790631	False
0.0002510108011570791	0.39800995024875624	0.16519611080553404	0.19771125577741677	NK	Plasma cell	2	7	14	6	13	AGO2	0.9921605041790631	False
0.0004412016651054589	0.39800995024875624	0.2232764305957361	0.16438979963570127	Monocyte	B cell	2	3	5	3	4	ALOX5	0.9921605041790631	False
0.0022231854964480024	0.39800995024875624	0.12677179412647027	0.1891276864728192	B cell	Erythroid	2	6	9	3	6	BBS4	0.9921605041790631	False
0.0008280258654654415	0.39800995024875624	0.3140606414831222	0.2500696271081541	B cell	Dendritic cell	2	4	7	3	5	C4orf33	0.9921605041790631	False
0.00018023260917241954	0.39800995024875624	0.06930557190258757	0.07853787598515677	Dendritic cell	T cell	2	7	13	5	11	CLEC16A	0.9921605041790631	False
0.0007264473042801627	0.39800995024875624	0.14416143590705277	0.10913306760692931	Erythroid	B cell	2	7	11	4	8	CRTC1	0.9921605041790631	False
0.0005459525820815517	0.39800995024875624	0.3163525344184302	0.43153657566922876	Erythroid	Plasma cell	2	6	7	3	5	CYREN	0.9921605041790631	False
0.0006960167319976763	0.39800995024875624	0.10012797476699331	0.11851877721124066	B cell	Erythroid	2	6	7	3	5	DISP1	0.9921605041790631	False
0.00032437629167173996	0.39800995024875624	0.12078588934563295	0.1320892923616364	Erythroid	Dendritic cell	2	6	9	3	6	EIF4E3	0.9921605041790631	False
9.074545065571363e-05	0.39800995024875624	0.31130956127786236	0.40247282929442424	Dendritic cell	NK	2	7	10	4	10	EIF4G2	0.9921605041790631	False
0.0011594359202491925	0.39800995024875624	0.11706919053505677	0.07342747111681647	Monocyte	NK	2	5	7	3	6	ENSG00000249207	0.9921605041790631	False
0.0005459930871599453	0.39800995024875624	0.16995373287381205	0.1758064516129032	Plasma cell	B cell	2	4	5	3	4	ENSG00000283045	0.9921605041790631	False
0.00017370485164687593	0.39800995024875624	0.25743381541750615	0.1945439479890369	Erythroid	Dendritic cell	2	7	13	6	10	ENSG00000288645	0.9921605041790631	False
0.00046564233979355034	0.39800995024875624	0.1841503416249834	0.16057073954983925	NK	Dendritic cell	2	7	14	4	10	ENSG00000290856	0.9921605041790631	False
0.00036475511418846925	0.39800995024875624	0.09644396555594004	0.2090254387425347	Monocyte	T cell	2	4	5	3	5	FEM1C	0.9921605041790631	False
0.00037812140675065327	0.39800995024875624	0.2570906561054345	0.14594885237087069	T cell	Erythroid	2	6	11	3	7	HELQ	0.9921605041790631	False
0.00038940082524819485	0.39800995024875624	0.13100186741868658	0.11819918679273017	Monocyte	B cell	2	7	8	3	6	HYPK	0.9921605041790631	False
0.0004408426472956085	0.39800995024875624	0.23989982729722525	0.4473745907271919	B cell	Monocyte	2	7	12	6	11	IRF2	0.9921605041790631	False
0.00059928723637141	0.39800995024875624	0.2679986034860775	0.36474681850256707	B cell	Dendritic cell	2	7	13	4	10	MAF1	0.9921605041790631	False
0.0004938186957980861	0.39800995024875624	0.07322378446083488	0.07080393813744179	Monocyte	B cell	2	5	9	3	7	MYO18A	0.9921605041790631	False
0.0004069456700783524	0.39800995024875624	0.15894227583233678	0.12211236090953076	Plasma cell	Erythroid	2	7	9	3	7	NR2C1	0.9921605041790631	False
0.00029825974328460546	0.39800995024875624	0.10166061276393534	0.2577956020187455	Erythroid	Monocyte	2	6	11	4	8	OTUD6B-AS1	0.9921605041790631	False
9.635995178823158e-05	0.39800995024875624	0.26903390544559763	0.4607410845517135	T cell	Dendritic cell	2	4	6	3	4	PCNA	0.9921605041790631	False
0.0005349770486238771	0.39800995024875624	0.14194086918222865	0.17744640020669072	T cell	NK	2	7	9	3	7	PLPP1	0.9921605041790631	False
0.00025592372385788235	0.39800995024875624	0.22116777122423142	0.39145067434271746	Plasma cell	Monocyte	2	7	14	4	12	POLR3F	0.9921605041790631	False
0.00020455496911763685	0.39800995024875624	0.1297225195739118	0.1565393575453805	Plasma cell	Dendritic cell	2	7	11	6	10	PRPF8	0.9921605041790631	False
0.0001768479139903662	0.39800995024875624	0.17506153845062805	0.22599876014780718	Dendritic cell	T cell	2	7	9	3	6	SLC36A4	0.9921605041790631	False
0.00016907052974891916	0.39800995024875624	0.04720077219825658	0.13776007383295463	NK	Plasma cell	2	7	11	6	10	SMG6	0.9921605041790631	False
4.4777422430267654e-05	0.39800995024875624	0.03911359253835356	0.10867710257720475	Monocyte	Dendritic cell	2	6	12	4	8	TBC1D9	0.9921605041790631	False
0.0008382349907286987	0.39800995024875624	0.319807128539452	0.4588812325098547	Erythroid	NK	2	6	8	3	5	TRBC2	0.9921605041790631	False
0.00035183332270158254	0.39800995024875624	0.19526804160285421	0.17677832163365798	T cell	Erythroid	2	6	10	3	9	UNKL	0.9921605041790631	False
8.36939126073467e-05	0.39800995024875624	0.04228198854744536	0.0551234504771696	Erythroid	Plasma cell	2	5	9	4	7	WDR36	0.9921605041790631	False
9.279974773409411e-05	0.40298507462686567	0.22256866579681694	0.49137996515158144	Monocyte	B cell	2	5	6	4	6	ANP32E	0.9921605041790631	False
9.68415975702465e-05	0.40298507462686567	0.2504336626145657	0.4670144661783269	NK	Erythroid	2	7	9	4	9	ARL6IP5	0.9921605041790631	False
0.0014616482027988752	0.40298507462686567	0.20584926156367006	0.13873970640887928	Monocyte	Erythroid	2	5	8	3	6	CCNDBP1	0.9921605041790631	False
0.0005192969305145945	0.40298507462686567	0.07483301818960375	0.00774321096131142	Monocyte	T cell	2	2	3	3	3	CDIPT	0.9921605041790631	False
0.00011085632975002165	0.40298507462686567	0.06326298932269636	0.06146001073537305	T cell	Erythroid	2	3	5	3	5	COMMD5	0.9921605041790631	False
0.00033236068394382917	0.40298507462686567	0.10870172924137256	0.08633497589148514	Plasma cell	Dendritic cell	2	7	17	5	13	CSE1L	0.9921605041790631	False
0.00031687532792016074	0.40298507462686567	0.22334362074639585	0.30973539833123787	NK	Erythroid	2	7	11	4	8	ERVK3-1	0.9921605041790631	False
0.00019920834816602087	0.40298507462686567	0.14847763264248737	0.31150147844157144	Dendritic cell	B cell	2	7	10	3	6	FYB1	0.9921605041790631	False
0.00023890930080805973	0.40298507462686567	0.09976853749880538	0.1618525153007912	NK	B cell	2	7	10	3	7	GLUD1	0.9921605041790631	False
0.0003231666516474431	0.40298507462686567	0.2373938769099187	0.18486776151251244	Dendritic cell	Erythroid	2	7	9	6	9	HSP90B1	0.9921605041790631	False
0.00012433816339779143	0.40298507462686567	0.08702267591098017	0.09897330721382741	Monocyte	Plasma cell	2	7	18	8	16	KIAA1328	0.9921605041790631	False
0.0001800625951012762	0.40298507462686567	0.18217808269346536	0.13203979907430047	Plasma cell	Dendritic cell	2	7	11	3	9	NDUFB9	0.9921605041790631	False
0.00016073159324812728	0.40298507462686567	0.11828323746723113	0.09837034428991775	NK	Monocyte	2	7	13	5	11	NUP214	0.9921605041790631	False
0.0003814122103739841	0.40298507462686567	0.12466498561408879	0.27386207624881187	T cell	Plasma cell	2	7	16	5	12	PIGT	0.9921605041790631	False
0.00025836711863926184	0.40298507462686567	0.07729871233022256	0.1791885875672532	T cell	Erythroid	2	7	11	6	9	PIP4K2A	0.9921605041790631	False
0.0003496300603149226	0.40298507462686567	0.0838619507253433	0.0914806261226585	B cell	Plasma cell	2	4	7	4	5	PLCG1	0.9921605041790631	False
0.0004908299399427854	0.40298507462686567	0.15633808907334373	0.1445161698626669	Plasma cell	B cell	2	5	7	3	6	POLR1F	0.9921605041790631	False
0.0006664345721112842	0.40298507462686567	0.09395295767091011	0.16011202011528514	B cell	Erythroid	2	7	15	7	11	PRKX	0.9921605041790631	False
0.00035526250088352656	0.40298507462686567	0.2042702111957605	0.33325211615860817	T cell	Erythroid	2	5	9	4	7	PSMD6	0.9921605041790631	False
0.0008918562243854665	0.40298507462686567	0.1123459428895297	0.39332688320663445	T cell	Monocyte	2	6	12	3	9	RCN2	0.9921605041790631	False
0.0001286605820963493	0.40298507462686567	0.12090984732649934	0.2395255829257713	Plasma cell	B cell	2	7	12	6	10	SCLT1	0.9921605041790631	False
0.0003734370807453578	0.40298507462686567	0.13990261818572897	0.1581892056318442	B cell	NK	2	7	7	3	6	SEC61B	0.9921605041790631	False
0.00015682759486107447	0.40298507462686567	0.43051509188873505	0.5253549695740365	Dendritic cell	T cell	2	4	6	3	4	SKA3	0.9921605041790631	False
0.001015225091085123	0.40298507462686567	0.19232914504666582	0.277955977506325	NK	Erythroid	2	7	9	4	7	SPATS2	0.9921605041790631	False
0.0008931166284468297	0.40298507462686567	0.1467527120673533	0.3928146807960713	Erythroid	Dendritic cell	2	4	5	3	4	SYCE1L	0.9921605041790631	False
0.0005914040573651872	0.40298507462686567	0.21640898826345684	0.23985298817513584	Erythroid	NK	2	7	11	4	9	VCP	0.9921605041790631	False
4.441819686712327e-05	0.40298507462686567	0.15872008452503805	0.588198416877125	B cell	NK	2	7	14	7	13	VPS28	0.9921605041790631	False
0.00011329451643348098	0.40298507462686567	0.06037096683015142	0.12288312323967326	Plasma cell	T cell	2	7	18	10	16	XPO4	0.9921605041790631	False
0.00018247812142446144	0.40298507462686567	0.3716023345958839	0.3344371124977572	Monocyte	T cell	2	7	14	4	9	YBEY	0.9921605041790631	False
0.00016803504015125572	0.4079601990049751	0.12280276662720396	0.3949527977545602	B cell	Plasma cell	2	7	9	5	9	ATP2B1	0.9921605041790631	False
0.0011084258169481139	0.4079601990049751	0.06360492723818273	0.09961956170215269	Monocyte	Erythroid	2	4	7	4	5	BABAM1	0.9921605041790631	False
0.00024587005320259075	0.4079601990049751	0.1523449967938223	0.2866157531541438	Dendritic cell	B cell	2	7	11	4	7	CACUL1	0.9921605041790631	False
0.00022781739617968962	0.4079601990049751	0.1532028240789322	0.1874834437086093	Erythroid	Dendritic cell	2	7	10	3	7	COIL	0.9921605041790631	False
0.0003530762644280097	0.4079601990049751	0.10979790644252907	0.11678982201375054	Plasma cell	B cell	2	7	14	3	9	CTIF	0.9921605041790631	False
8.522695804864091e-05	0.4079601990049751	0.16907493991869837	0.3176997884165699	NK	Erythroid	2	7	18	9	16	DNAJC15	0.9921605041790631	False
0.00016540326133276793	0.4079601990049751	0.14188020811682334	0.1893171970287496	Plasma cell	T cell	2	5	7	3	5	EBF1	0.9921605041790631	False
0.00031733265128616544	0.4079601990049751	0.173464210316833	0.2418686410095225	Dendritic cell	B cell	2	6	9	3	8	ETNK1	0.9921605041790631	False
0.001263432478744455	0.4079601990049751	0.22668350168350165	0.23895628290226595	T cell	Dendritic cell	2	5	6	3	4	FGGY	0.9921605041790631	False
0.0007767268949079933	0.4079601990049751	0.1422252830196053	0.21125403927417347	T cell	Monocyte	2	4	5	3	4	FNTA	0.9921605041790631	False
0.0002809610324789979	0.4079601990049751	0.213490935336332	0.4024253829552034	Plasma cell	Dendritic cell	2	7	13	3	10	FXN	0.9921605041790631	False
8.690444315648443e-05	0.4079601990049751	0.11074064646770831	0.22037490667363419	B cell	Plasma cell	2	7	14	8	14	KAT6A	0.9921605041790631	False
0.0001379057033130076	0.4079601990049751	0.070168678948001	0.13203858397673107	Erythroid	B cell	2	7	9	5	9	KDM5A	0.9921605041790631	False
0.00027969728024623694	0.4079601990049751	0.2236502836391917	0.31176005947402663	NK	Erythroid	2	7	11	4	8	MARF1	0.9921605041790631	False
0.00019163117889865435	0.4079601990049751	0.19810924675180186	0.20928660953885203	NK	Dendritic cell	2	7	8	4	7	MIR142HG	0.9921605041790631	False
0.00022294349544939063	0.4079601990049751	0.21372687052490602	0.36451189260178024	Erythroid	Plasma cell	2	5	4	3	3	MRPL20	0.9921605041790631	False
0.0001003586000901777	0.4079601990049751	0.08041560972038508	0.1850015003148548	NK	T cell	2	7	11	5	9	NPLOC4	0.9921605041790631	False
0.0005218297144800143	0.4079601990049751	0.06665960558580775	0.09478808705612829	Plasma cell	Dendritic cell	2	7	11	4	7	NSF	0.9921605041790631	False
0.00011453371444946208	0.4079601990049751	0.15162198291020496	0.38076042221899786	Plasma cell	NK	2	7	18	9	15	NUP58	0.9921605041790631	False
0.00036361457771957233	0.4079601990049751	0.06619251233912815	0.08094485230812581	Monocyte	Erythroid	2	6	9	3	7	RAD54L2	0.9921605041790631	False
0.00023322238552447148	0.4079601990049751	0.18065007990309512	0.17788296938031228	Plasma cell	Monocyte	2	6	7	4	7	RCOR3	0.9921605041790631	False
0.00028309282476849306	0.4079601990049751	0.20603405860780594	0.37413986947994854	Monocyte	Plasma cell	2	7	14	7	13	TGS1	0.9921605041790631	False
0.0004811572809654238	0.4079601990049751	0.19842437222203746	0.19976894105686366	Dendritic cell	B cell	2	6	7	3	6	TTC13	0.9921605041790631	False
0.0009801053593249864	0.4079601990049751	0.13877752549789885	0.1467545662364052	Plasma cell	Dendritic cell	2	6	8	3	8	WASL	0.9921605041790631	False
0.0003736236289133496	0.4079601990049751	0.08352286387131336	0.08644997889404815	B cell	Plasma cell	2	3	5	3	4	ZNF226	0.9921605041790631	False
0.0010304041770389039	0.4079601990049751	0.15253223773762925	0.15509568313306626	B cell	Plasma cell	2	6	8	3	5	ZNF490	0.9921605041790631	False
0.0005386959234312909	0.4079601990049751	0.15155987985592667	0.2222591362126246	B cell	T cell	2	5	8	3	5	ZNF562	0.9921605041790631	False
0.0010648922447311386	0.4129353233830846	0.1602288658534899	0.08415841584158412	B cell	Erythroid	2	6	9	3	6	AKT2	0.9921605041790631	False
0.0006108989861902788	0.4129353233830846	0.11661455321043113	0.1718147684605757	Dendritic cell	Erythroid	2	7	9	4	7	ATG13	0.9921605041790631	False
0.00010818255887878172	0.4129353233830846	0.2553642701699375	0.4375917508788962	Plasma cell	Erythroid	2	7	8	4	8	BUD23	0.9921605041790631	False
0.00037304093021554787	0.4129353233830846	0.1016050826259251	0.1811739180051512	Dendritic cell	Monocyte	2	7	11	3	9	CHD7	0.9921605041790631	False
6.948047049004103e-05	0.4129353233830846	0.03597016127864561	0.11833411517758463	Monocyte	T cell	2	7	9	5	9	CLASP2	0.9921605041790631	False
0.001364098023512101	0.4129353233830846	0.19453723192137345	0.3308763529935553	NK	Plasma cell	2	7	12	5	9	CSK	0.9921605041790631	False
0.0003646224071618183	0.4129353233830846	0.103219639410086	0.09665620473201347	T cell	NK	2	7	10	3	9	CWC27	0.9921605041790631	False
0.0003490931740582695	0.4129353233830846	0.1785060749347896	0.2182686458631949	B cell	Monocyte	2	6	7	3	7	DBF4	0.9921605041790631	False
0.0003341564227960862	0.4129353233830846	0.11813463613857167	0.22678010620681777	T cell	Dendritic cell	2	6	8	3	6	DNHD1	0.9921605041790631	False
0.0005901175987838674	0.4129353233830846	0.32711011770321424	0.2250397701640668	Plasma cell	T cell	2	6	10	3	6	EDEM2	0.9921605041790631	False
9.833603758096051e-05	0.4129353233830846	0.23462542093951855	0.3415453570370768	Plasma cell	Erythroid	2	6	8	3	5	ESD	0.9921605041790631	False
5.3030806810022226e-05	0.4129353233830846	0.16530300099102407	0.21881814950379957	Plasma cell	Dendritic cell	2	7	14	7	13	HOOK3	0.9921605041790631	False
0.0006894770475286827	0.4129353233830846	0.15125496938433136	0.13898944193061835	Erythroid	NK	2	7	15	4	8	HSPA13	0.9921605041790631	False
0.0001256635695354585	0.4129353233830846	0.19743346050090083	0.2884074130548038	B cell	Monocyte	2	7	11	6	10	KPNB1	0.9921605041790631	False
0.002466722708204426	0.4129353233830846	0.27502192979125856	0.21643944463031112	NK	Erythroid	2	7	8	3	7	MAD1L1	0.9921605041790631	False
3.937172885051144e-05	0.4129353233830846	0.1350627100314813	0.05794131316711959	Erythroid	NK	2	7	7	3	7	MGST3	0.9921605041790631	False
0.0001755176918695007	0.4129353233830846	0.0743713678315453	0.09438264774943739	Plasma cell	T cell	2	7	7	3	7	MIER1	0.9921605041790631	False
0.0005347017851381423	0.4129353233830846	0.1539466983952607	0.19013552490254998	T cell	NK	2	7	13	3	10	NIPA2	0.9921605041790631	False
0.0010490464451124307	0.4129353233830846	0.14889228678219502	0.2283056002862766	Plasma cell	Monocyte	2	6	8	3	5	PRR5L	0.9921605041790631	False
0.0008304792738267361	0.4129353233830846	0.3225138600138599	0.5063368055555556	Monocyte	Plasma cell	2	4	5	3	4	PRSS21	0.9921605041790631	False
0.00032236893663922247	0.4129353233830846	0.06633735972218491	0.1332709894536675	Dendritic cell	Plasma cell	2	7	14	3	12	PTK2	0.9921605041790631	False
0.00047277331891190693	0.4129353233830846	0.10170162887294903	0.31187925875131517	T cell	Plasma cell	2	7	14	7	14	RAB2A	0.9921605041790631	False
0.00178936718390943	0.4129353233830846	0.23303151323308374	0.4598214285714286	B cell	Erythroid	2	5	10	3	7	SKA1	0.9921605041790631	False
0.0005106295765586869	0.4129353233830846	0.12401147638550569	0.14844657528460092	Erythroid	Monocyte	2	4	6	3	5	SKI	0.9921605041790631	False
0.00040580218284417294	0.4129353233830846	0.5788459543361504	0.7303907239598557	Dendritic cell	NK	2	7	11	3	7	SLC2A4RG	0.9921605041790631	False
0.0003628251831548825	0.4129353233830846	0.1738044872608273	0.18218504597624008	NK	Monocyte	2	7	15	6	12	SLC37A1	0.9921605041790631	False
0.0010859993320872616	0.4129353233830846	0.11660377080613515	0.19203413940256042	T cell	Monocyte	2	6	8	3	5	SVIL-AS1	0.9921605041790631	False
0.0007650885478309233	0.4129353233830846	0.1973684528868897	0.2693946535266253	Dendritic cell	Plasma cell	2	7	9	3	6	TCP11L2	0.9921605041790631	False
0.0005320550144795216	0.4129353233830846	0.1401118742661625	0.152683654106804	Plasma cell	Monocyte	2	7	9	5	8	TMF1	0.9921605041790631	False
0.0005896431320009714	0.4129353233830846	0.40845808900276137	0.33583605907423925	Monocyte	B cell	2	7	10	3	7	UROS	0.9921605041790631	False
0.00039806170579245335	0.4129353233830846	0.24549797273982055	0.252830856334041	NK	Erythroid	2	6	7	3	6	YWHAG	0.9921605041790631	False
0.0010955332740895894	0.4129353233830846	0.06265869227380544	0.09008783285310618	Erythroid	T cell	2	7	10	3	6	ZC3H4	0.9921605041790631	False
8.582117758163163e-05	0.4129353233830846	0.5348325562442477	0.693763440860215	Dendritic cell	Erythroid	2	7	11	3	7	ZNF22	0.9921605041790631	False
5.484642687636881e-05	0.417910447761194	0.11910171492163729	0.6925205080107888	NK	Plasma cell	2	7	7	3	7	ACTB	0.9921605041790631	False
0.0005108862557260241	0.417910447761194	0.0815135388346594	0.12864747193105408	B cell	Erythroid	2	5	9	4	6	ANAPC7	0.9921605041790631	False
0.00032072543443984115	0.417910447761194	0.0953721928098541	0.05480277024992469	T cell	B cell	2	3	5	3	4	ARHGAP32	0.9921605041790631	False
0.00016878570080053524	0.417910447761194	0.049461093236059295	0.04740918803418803	Erythroid	Monocyte	2	4	4	3	3	ATP5PB	0.9921605041790631	False
0.0006810224377064255	0.417910447761194	0.20339564835372825	0.26747021747966315	B cell	Monocyte	2	5	9	3	7	C5orf22	0.9921605041790631	False
6.681780964056005e-05	0.417910447761194	0.05996876325629952	0.3267222561482612	B cell	Dendritic cell	2	7	16	9	14	CCT8	0.9921605041790631	False
0.00021782667243187186	0.417910447761194	0.06904297693505101	0.14139294202723923	T cell	Plasma cell	2	7	15	9	15	DDX3X	0.9921605041790631	False
0.0002200848497044989	0.417910447761194	0.11339212196728887	0.12640889973148722	Plasma cell	Dendritic cell	2	7	11	4	8	ENSG00000290921	0.9921605041790631	False
0.0001421328590754502	0.417910447761194	0.10170090661322184	0.16692134097264477	Erythroid	Plasma cell	2	7	10	4	8	ERAP1	0.9921605041790631	False
0.0001569051851378305	0.417910447761194	0.07822945887597932	0.23143836250433575	Plasma cell	B cell	2	7	14	5	11	ERICH1	0.9921605041790631	False
0.0001978171962329676	0.417910447761194	0.27619674972602304	0.5606439430109266	NK	Monocyte	2	7	10	3	7	EVI2A	0.9921605041790631	False
0.00017359365429073614	0.417910447761194	0.09530716328717936	0.23130670446315232	Plasma cell	NK	2	7	7	4	7	GATAD2B	0.9921605041790631	False
0.00041521561020536164	0.417910447761194	0.16240805925585677	0.2830404779070965	NK	Monocyte	2	7	11	5	9	GNA13	0.9921605041790631	False
6.445431009105808e-07	0.417910447761194	0.16623400195926152	0.9196488605411947	T cell	Dendritic cell	2	3	4	3	4	GZMA	0.9921605041790631	False
6.973232719615185e-05	0.417910447761194	0.14482639830996114	0.24152180637179088	Erythroid	NK	2	7	11	7	10	LUC7L3	0.9921605041790631	False
0.0011025517105643927	0.417910447761194	0.2907474380808191	0.2641449927461576	Erythroid	Monocyte	2	6	10	3	7	METAP1	0.9921605041790631	False
0.0006041000264197696	0.417910447761194	0.4010564198109489	0.43787791156212214	NK	Plasma cell	2	7	9	3	7	MRPL1	0.9921605041790631	False
0.00025791324456038396	0.417910447761194	0.07686440625010155	0.06252111248733244	B cell	T cell	2	5	10	3	7	MRTFB	0.9921605041790631	False
0.00019222536383630087	0.417910447761194	0.1488825991138214	0.2259964621566255	Erythroid	Plasma cell	2	7	15	6	12	MTMR1	0.9921605041790631	False
0.000359384856938139	0.417910447761194	0.28336461120949974	0.32536785673548535	B cell	NK	2	5	5	3	4	NFKB2	0.9921605041790631	False
0.00038321813255390194	0.417910447761194	0.15271954585544278	0.2633384681484276	Plasma cell	Erythroid	2	7	12	3	10	PAICS	0.9921605041790631	False
0.0001971743375105909	0.417910447761194	0.19019566499260931	0.20127668700934026	Plasma cell	T cell	2	7	14	5	11	PDK3	0.9921605041790631	False
0.000243424949493366	0.417910447761194	0.06332564520732498	0.044268654641683114	Monocyte	B cell	2	4	7	4	5	PIK3R4	0.9921605041790631	False
0.00011645403308057801	0.417910447761194	0.1923083886091484	0.24920992829452965	Plasma cell	NK	2	7	11	6	10	RNF213	0.9921605041790631	False
7.750787503899133e-05	0.417910447761194	0.16472103041420166	0.44111743980830953	NK	Monocyte	2	7	9	5	8	SERP1	0.9921605041790631	False
0.00033145567266783797	0.417910447761194	0.15217428781957987	0.13751444479462133	Plasma cell	Dendritic cell	2	6	10	4	6	SRP68	0.9921605041790631	False
0.0009059070488353342	0.417910447761194	0.17278656638829387	0.3680734998564456	Plasma cell	Dendritic cell	2	7	7	3	7	THRAP3	0.9921605041790631	False
0.0003342952355912206	0.417910447761194	0.11288823683096888	0.09729627601489721	Plasma cell	Dendritic cell	2	7	13	6	13	THUMPD1	0.9921605041790631	False
0.0012729159858584265	0.417910447761194	0.11783577841012349	0.06027768967826058	T cell	Erythroid	2	3	5	4	5	TMEM160	0.9921605041790631	False
0.0002927388947921316	0.417910447761194	0.12840364031298573	0.1597890164443066	B cell	Plasma cell	2	6	7	3	6	TOR1AIP2	0.9921605041790631	False
0.0008683002663119031	0.417910447761194	0.12706385844222817	0.2057633259246888	B cell	Plasma cell	2	4	5	3	4	TP53TG5	0.9921605041790631	False
0.001626851517167341	0.417910447761194	0.15860768810922943	0.21783269221661505	T cell	Monocyte	2	7	12	5	10	UBE2Q2	0.9921605041790631	False
0.0005896847844750592	0.417910447761194	0.3229901742401742	0.38250187546886727	T cell	Dendritic cell	2	7	9	3	6	ULK1	0.9921605041790631	False
0.0009615965346013104	0.417910447761194	0.2411465886641163	0.3513936813254044	Monocyte	B cell	2	5	7	3	5	ZDHHC6	0.9921605041790631	False
0.00021438483929259712	0.417910447761194	0.05433647933647934	0.05386313465783664	T cell	Monocyte	2	2	3	3	3	ZFPL1	0.9921605041790631	False
0.00016321214097657303	0.417910447761194	0.21020597234290805	0.21324449044723337	B cell	T cell	2	4	6	3	4	ZNF337	0.9921605041790631	False
0.0003828445979902746	0.4228855721393035	0.10645334869285727	0.09281104199066875	Dendritic cell	B cell	2	6	9	4	7	ACAT1	0.9921605041790631	False
0.00012444459116005505	0.4228855721393035	0.1997270978844139	0.2728265434691306	T cell	NK	2	7	11	4	9	ADGRE5	0.9921605041790631	False
0.0001888155026210643	0.4228855721393035	0.1680092466622493	0.1425025489148905	Dendritic cell	B cell	2	6	13	4	10	BFAR	0.9921605041790631	False
0.0005699416983524231	0.4228855721393035	0.0739435540374847	0.08784188034188034	Plasma cell	Erythroid	2	3	3	3	3	ENSG00000270103	0.9921605041790631	False
0.0018848400196304865	0.4228855721393035	0.1955508394350295	0.18217290574320205	Plasma cell	Dendritic cell	2	3	5	3	5	ENSG00000286245	0.9921605041790631	False
0.0003188786884829375	0.4228855721393035	0.07014408037783304	0.2393190521780756	Dendritic cell	B cell	2	7	13	7	13	GABPB1-AS1	0.9921605041790631	False
0.00025975878095731814	0.4228855721393035	0.13149482037195742	0.17183205217796416	Erythroid	NK	2	7	15	8	15	HUWE1	0.9921605041790631	False
0.0002819584697746186	0.4228855721393035	0.07669835911123579	0.10272453074756338	T cell	Monocyte	2	6	7	3	6	KDM1A	0.9921605041790631	False
0.0005085836218718813	0.4228855721393035	0.13708166518609693	0.17170329670329676	NK	Dendritic cell	2	7	10	3	8	MAML1	0.9921605041790631	False
0.00020118286962977206	0.4228855721393035	0.05870734598806071	0.2580470642908662	Monocyte	T cell	2	7	14	7	13	MTDH	0.9921605041790631	False
0.00021278757791730576	0.4228855721393035	0.17484667429062617	0.17942148878615694	Erythroid	NK	2	7	13	4	10	MTM1	0.9921605041790631	False
0.00010671530533782487	0.4228855721393035	0.06304354185577832	0.08955245319998917	Dendritic cell	T cell	2	7	14	8	12	PDE7A	0.9921605041790631	False
0.0004545388579394011	0.4228855721393035	0.32029124309921697	0.40736216061595676	Dendritic cell	Plasma cell	2	7	9	3	7	PNPLA2	0.9921605041790631	False
0.00012553656250196174	0.4228855721393035	0.14244145030144334	0.1399423726835749	Plasma cell	NK	2	7	14	6	14	RAD21	0.9921605041790631	False
2.048666274570376e-05	0.4228855721393035	0.08403036993449187	0.13620539594976838	Plasma cell	Monocyte	2	7	18	12	18	SMCHD1	0.9921605041790631	False
0.00010942767402429582	0.4228855721393035	0.13643831706363102	0.32201994543230783	NK	Dendritic cell	2	7	9	4	7	SNF8	0.9921605041790631	False
4.0042563108711265e-05	0.4228855721393035	0.17007775423614985	0.5756473360466307	Plasma cell	NK	2	7	11	7	10	SRGN	0.9921605041790631	False
0.00011146519372988832	0.4228855721393035	0.04259490920068332	0.12014026228176006	B cell	Monocyte	2	7	13	6	11	STRBP	0.9921605041790631	False
0.0006053483362120331	0.4228855721393035	0.20028566972107603	0.183941605839416	NK	Erythroid	2	7	9	3	5	SUFU	0.9921605041790631	False
0.0002035996223436748	0.4228855721393035	0.3862187267435882	0.48720749468172153	NK	Plasma cell	2	7	10	6	10	TMED9	0.9921605041790631	False
6.51245778189006e-05	0.4228855721393035	0.3673333804628369	0.6657491205715469	Erythroid	Dendritic cell	2	7	10	3	6	VASP	0.9921605041790631	False
0.00027711796728108206	0.4228855721393035	0.18730616322348997	0.15423618823034774	B cell	Erythroid	2	7	18	3	11	WDR4	0.9921605041790631	False
0.00019805026439480603	0.4228855721393035	0.062278110666723785	0.2771355577325727	NK	Monocyte	2	7	9	4	8	YAF2	0.9921605041790631	False
0.0008319015550281547	0.42786069651741293	0.15352722420080545	0.12251521298174445	Erythroid	NK	2	7	11	3	8	ANKRD27	0.9921605041790631	False
0.00019047347703965824	0.42786069651741293	0.06749390084664775	0.07724307665501429	Plasma cell	Dendritic cell	2	7	13	5	10	AOPEP	0.9921605041790631	False
0.00033408388740706997	0.42786069651741293	0.2507749787419779	0.40392986866548974	T cell	Monocyte	2	7	11	3	6	ARHGEF1	0.9921605041790631	False
0.0002795497016340582	0.42786069651741293	0.15357983541941017	0.21198376692496912	B cell	NK	2	7	7	5	7	C19orf53	0.9921605041790631	False
0.0011161363783831013	0.42786069651741293	0.17180610098968413	0.18475994513031546	NK	Monocyte	2	4	6	3	5	CASS4	0.9921605041790631	False
0.00011665691419245073	0.42786069651741293	0.4467312348668281	0.36879730866274174	NK	Erythroid	2	5	9	3	5	CDK1	0.9921605041790631	False
0.0004485451955670384	0.42786069651741293	0.08923206689666963	0.14364753756608462	Erythroid	B cell	2	6	7	3	7	CNST	0.9921605041790631	False
0.00018690748954801507	0.42786069651741293	0.17532208740605787	0.07482624085988165	Monocyte	Plasma cell	2	2	3	3	3	CPED1	0.9921605041790631	False
0.0010162482885965483	0.42786069651741293	0.13419286997183943	0.17739958968427721	Dendritic cell	T cell	2	6	10	3	8	CPLANE1	0.9921605041790631	False
0.00032516951154492403	0.42786069651741293	0.1009798783781859	0.10817097993602798	NK	Erythroid	2	7	9	4	7	DCAF1	0.9921605041790631	False
0.0006615517120765746	0.42786069651741293	0.11334952136636295	0.0925428708068593	T cell	Erythroid	2	4	6	3	5	ECE1	0.9921605041790631	False
0.000536625883043755	0.42786069651741293	0.3052389698803098	0.32973793544263336	Dendritic cell	Plasma cell	2	7	11	4	8	MFSD11	0.9921605041790631	False
0.00022638235645646256	0.42786069651741293	0.06885458285305102	0.05763359774553806	T cell	Plasma cell	2	6	7	3	6	NEK7	0.9921605041790631	False
0.00018228083788606044	0.42786069651741293	0.06826234395412278	0.21991924441836425	Erythroid	T cell	2	4	6	3	5	PIGQ	0.9921605041790631	False
0.000713862219625143	0.42786069651741293	0.14504762949794164	0.22289796882380725	Plasma cell	B cell	2	5	7	3	5	RCN1	0.9921605041790631	False
0.00022947221302988352	0.42786069651741293	0.14898421930040828	0.21215231654792088	Plasma cell	Erythroid	2	7	11	4	9	SNX30	0.9921605041790631	False
0.00016228866965259487	0.42786069651741293	0.22272476788911189	0.24956558121016426	Dendritic cell	Plasma cell	2	7	7	4	7	SPCS1	0.9921605041790631	False
0.00014838738706558362	0.42786069651741293	0.11878359411779177	0.19562901625911067	Erythroid	T cell	2	7	11	4	6	STAM	0.9921605041790631	False
0.0007848865247028207	0.42786069651741293	0.19395280779201807	0.26499173553719	Plasma cell	Monocyte	2	6	5	3	4	U2AF1	0.9921605041790631	False
0.0005241534787058888	0.42786069651741293	0.1790071195181866	0.12910342889263626	B cell	Plasma cell	2	5	7	3	7	ZNF26	0.9921605041790631	False
0.00019824610936096745	0.43283582089552236	0.7924668484048899	0.8338408831366578	NK	Plasma cell	2	7	9	3	4	C15orf39	0.9921605041790631	False
0.0004106171371434165	0.43283582089552236	0.09063094566786906	0.06342319437343691	Plasma cell	T cell	2	4	7	3	6	CYTH3	0.9921605041790631	False
0.0018533719425832976	0.43283582089552236	0.19185347318411977	0.381151118385161	NK	Erythroid	2	7	12	6	11	HEXA	0.9921605041790631	False
0.00011088224023748346	0.43283582089552236	0.10521486764392518	0.19186980801337744	Monocyte	Plasma cell	2	7	16	9	15	HMGN1	0.9921605041790631	False
6.32970430854018e-05	0.43283582089552236	0.05966547824087576	0.16042035823449535	NK	B cell	2	7	9	7	9	ITPR2	0.9921605041790631	False
0.00011399638928905954	0.43283582089552236	0.10654036822095869	0.24189077313210672	Plasma cell	NK	2	7	10	5	9	MAP3K1	0.9921605041790631	False
0.00020787673173013274	0.43283582089552236	0.1015504264449274	0.22135945828806874	Plasma cell	Dendritic cell	2	7	13	6	13	MBTPS1	0.9921605041790631	False
0.00126483604974565	0.43283582089552236	0.2550509846240444	0.21806229811670041	T cell	B cell	2	5	7	3	5	MRPL10	0.9921605041790631	False
0.0001858795524781435	0.43283582089552236	0.39638044955649315	0.6040372670807453	Erythroid	Dendritic cell	2	6	8	3	5	MRPL45	0.9921605041790631	False
0.0009930003153370416	0.43283582089552236	0.19207047275414513	0.5918854200771655	Monocyte	Erythroid	2	7	10	3	7	NDUFV1	0.9921605041790631	False
0.0002373878963273183	0.43283582089552236	0.11663955955836658	0.10464620010669773	B cell	Erythroid	2	5	7	3	7	NR1D2	0.9921605041790631	False
0.0009955496498089823	0.43283582089552236	0.2044168955441682	0.3934365781710914	B cell	T cell	2	5	8	3	6	PFDN5	0.9921605041790631	False
0.0005254718836327608	0.43283582089552236	0.1416381220153159	0.19348370927318292	T cell	Monocyte	2	6	8	4	7	PHF14	0.9921605041790631	False
0.00018034307027166389	0.43283582089552236	0.10865049249569358	0.12076351865955826	NK	T cell	2	7	12	5	9	PIGB	0.9921605041790631	False
0.0002501360709651235	0.43283582089552236	0.0746054004401534	0.09205260763176087	Plasma cell	B cell	2	7	9	4	7	PIK3CA	0.9921605041790631	False
0.00029000077408084527	0.43283582089552236	0.144207061054887	0.19723441474120262	Dendritic cell	Erythroid	2	7	10	4	7	PYGB	0.9921605041790631	False
0.00040094935960750447	0.43283582089552236	0.23204841985618901	0.24879774954790018	NK	Plasma cell	2	7	12	6	10	RFC1	0.9921605041790631	False
0.0009225542342911778	0.43283582089552236	0.22531655140350781	0.09310731646516268	Monocyte	Erythroid	2	4	4	3	4	RNF11	0.9921605041790631	False
0.000417931629184314	0.43283582089552236	0.16534723998964035	0.32580712135368006	B cell	Plasma cell	2	6	10	4	6	SMIM14	0.9921605041790631	False
0.0001333134963928558	0.43283582089552236	0.026107220190835723	0.04530745097670308	Plasma cell	Dendritic cell	2	4	5	3	4	SNX10	0.9921605041790631	False
0.00020092339686875426	0.43283582089552236	0.10836662932500624	0.16121245735288087	Plasma cell	Dendritic cell	2	7	12	7	11	SPCS3	0.9921605041790631	False
0.0014259099224575619	0.43283582089552236	0.15592433081523915	0.18265793186078422	Erythroid	B cell	2	5	7	3	6	STARD3NL	0.9921605041790631	False
0.00021750588832797934	0.43283582089552236	0.12286150712343574	0.150827623291646	B cell	Plasma cell	2	7	15	3	11	WBP4	0.9921605041790631	False
0.0003724172028083004	0.43283582089552236	0.12102254494140996	0.15729959695476936	Monocyte	Dendritic cell	2	4	8	3	6	ZNF627	0.9921605041790631	False
0.00013315830528958677	0.43781094527363185	0.09938700187300387	0.26831660671402296	B cell	Monocyte	2	7	11	8	10	APBB1IP	0.9921605041790631	False
0.0002427576055155632	0.43781094527363185	0.12396351530843541	0.12422236135718762	T cell	Dendritic cell	2	7	12	5	8	ATP10A	0.9921605041790631	False
0.00030866595709303337	0.43781094527363185	0.2236342546081158	0.4325326126847496	Erythroid	T cell	2	6	9	4	7	CCDC90B	0.9921605041790631	False
0.0012405070060676822	0.43781094527363185	0.13581594054976093	0.2240475494494787	Dendritic cell	Erythroid	2	7	9	3	6	CD38	0.9921605041790631	False
0.0002431180647675155	0.43781094527363185	0.1609914285958407	0.36144759790708736	B cell	Monocyte	2	7	9	4	6	CDK5RAP3	0.9921605041790631	False
0.0004793760458649613	0.43781094527363185	0.30516266054911073	0.651574872716735	Dendritic cell	Erythroid	2	6	7	3	5	CLEC2B	0.9921605041790631	False
0.0004584655132650084	0.43781094527363185	0.13451852193245523	0.156435665587846	Erythroid	T cell	2	7	13	4	11	CTDP1	0.9921605041790631	False
0.0005865434762462354	0.43781094527363185	0.16871590717029333	0.34955496474396025	B cell	Plasma cell	2	7	8	3	7	CYP51A1	0.9921605041790631	False
0.0006320627111552189	0.43781094527363185	0.15356329533001944	0.2695178978801452	Erythroid	T cell	2	6	10	3	7	DCUN1D2	0.9921605041790631	False
9.873293018238725e-05	0.43781094527363185	0.12416523150421466	0.2374902874902875	Plasma cell	NK	2	7	13	4	9	ENSG00000284685	0.9921605041790631	False
0.0002901052966144001	0.43781094527363185	0.15810777185327596	0.16316309499100595	B cell	Monocyte	2	7	11	3	7	ENSG00000291175	0.9921605041790631	False
0.0015624929986423706	0.43781094527363185	0.10434699908453732	0.24546975583472763	Monocyte	T cell	2	3	4	3	3	ENSG00000291201	0.9921605041790631	False
0.00025629085095812997	0.43781094527363185	0.19672649769268136	0.18048275862068963	T cell	NK	2	6	7	3	4	FLII	0.9921605041790631	False
0.0011282446847883864	0.43781094527363185	0.2426530682021672	0.4682237415683936	B cell	NK	2	7	12	4	9	GRSF1	0.9921605041790631	False
3.792085505670228e-05	0.43781094527363185	0.23540584382536825	0.4689310163243813	T cell	Erythroid	2	4	5	3	4	LINC02067	0.9921605041790631	False
0.00011979804084915676	0.43781094527363185	0.08081659381017692	0.1120492951382614	Plasma cell	Dendritic cell	2	7	11	5	8	MARCHF8	0.9921605041790631	False
0.0009180870396043935	0.43781094527363185	0.07472373573291491	0.13963112910481335	Dendritic cell	T cell	2	7	13	5	10	MINDY2	0.9921605041790631	False
0.0009736088058179435	0.43781094527363185	0.219974646326541	0.22485228564289	B cell	Dendritic cell	2	7	13	5	10	NUBP2	0.9921605041790631	False
0.0004191419415552126	0.43781094527363185	0.11634612950402423	0.13228492136910264	NK	Erythroid	2	6	9	3	6	PPFIA1	0.9921605041790631	False
0.00029299349690659017	0.43781094527363185	0.1343533070842366	0.17829041966972997	Plasma cell	T cell	2	5	9	4	7	RBM22	0.9921605041790631	False
0.00011923395289314791	0.43781094527363185	0.1199188601748451	0.2651200232748504	Dendritic cell	Erythroid	2	7	17	5	15	RRP1B	0.9921605041790631	False
0.006730335844516212	0.43781094527363185	0.5879645063962444	0.5818213940054999	Plasma cell	T cell	2	7	10	3	7	TBC1D10C	0.9921605041790631	False
0.0003046683538649449	0.43781094527363185	0.19193787336113982	0.3416125142359483	B cell	Plasma cell	2	7	10	4	9	TIMM13	0.9921605041790631	False
0.00034449986926474456	0.43781094527363185	0.08525244533706544	0.2713036724980048	B cell	Dendritic cell	2	7	8	6	8	VOPP1	0.9921605041790631	False
0.0009693484459055833	0.43781094527363185	0.2043760359084087	0.2996386748508989	Plasma cell	Monocyte	2	7	13	3	9	WDR73	0.9921605041790631	False
0.00044217160303472696	0.43781094527363185	0.25337657176644207	0.28438349489665077	T cell	Dendritic cell	2	7	11	4	8	ZNF121	0.9921605041790631	False
0.00011590225411633473	0.4427860696517413	0.2633411318939217	0.42140930908615043	Erythroid	Dendritic cell	2	7	11	3	9	ADISSP	0.9921605041790631	False
0.000390127979015675	0.4427860696517413	0.13661143501408896	0.2064680710994075	NK	Erythroid	2	6	9	3	5	B3GNTL1	0.9921605041790631	False
0.000423457721197	0.4427860696517413	0.17618199648691907	0.19153909667053465	Plasma cell	Monocyte	2	6	13	3	8	BCOR	0.9921605041790631	False
0.0003487238992696369	0.4427860696517413	0.15375487788211034	0.16436047753542354	B cell	Dendritic cell	2	6	11	3	8	CHAF1B	0.9921605041790631	False
0.00016448034111533503	0.4427860696517413	0.14544064663703887	0.122598976189358	NK	Erythroid	2	7	8	3	7	CHN2	0.9921605041790631	False
0.0001511951684408039	0.4427860696517413	0.15655777223730005	0.09397315052842042	Plasma cell	Erythroid	2	7	8	4	8	CNOT4	0.9921605041790631	False
5.401707410841856e-05	0.4427860696517413	0.14759601576404618	0.1933804985828107	T cell	Erythroid	2	4	6	3	5	DMXL2	0.9921605041790631	False
0.00047501463608226607	0.4427860696517413	0.12835509701994718	0.09509265438119197	Plasma cell	T cell	2	5	6	3	3	FAAH2	0.9921605041790631	False
0.0012022776312850267	0.4427860696517413	0.1791708300081612	0.15836270255573315	Erythroid	NK	2	7	11	5	8	FAM107B	0.9921605041790631	False
0.00033960211071041755	0.4427860696517413	0.34872119464621654	0.2810684722625617	NK	Plasma cell	2	6	9	3	6	FLOT2	0.9921605041790631	False
5.4168995143790364e-05	0.4427860696517413	0.12974460913287644	0.16138221564515526	T cell	NK	2	7	9	4	7	GAB2	0.9921605041790631	False
0.0005615812542470583	0.4427860696517413	0.14712779542288762	0.21703248463564528	Plasma cell	T cell	2	6	12	3	7	IFT74	0.9921605041790631	False
0.00014875837219709397	0.4427860696517413	0.06631486164558692	0.14355791934184442	B cell	Dendritic cell	2	7	18	7	14	INTS6	0.9921605041790631	False
2.892272610571884e-05	0.4427860696517413	0.09757929429862389	0.13216688285083672	Plasma cell	Dendritic cell	2	7	11	5	7	LRMDA	0.9921605041790631	False
0.001133708963747172	0.4427860696517413	0.20978517246819678	0.32573365063730575	NK	Plasma cell	2	7	9	4	8	NCKAP1L	0.9921605041790631	False
0.00020791915425511564	0.4427860696517413	0.14168538053976287	0.09171171171171166	T cell	Plasma cell	2	4	5	3	5	NEO1	0.9921605041790631	False
0.0005706612905458881	0.4427860696517413	0.24200786813938402	0.2062794259458846	T cell	Monocyte	2	3	6	3	5	PHF6	0.9921605041790631	False
0.0002250388653420397	0.4427860696517413	0.15190243987732804	0.33736930939097004	T cell	Monocyte	2	6	7	3	7	RO60	0.9921605041790631	False
0.0005339675949786734	0.4427860696517413	0.22355512217451545	0.21112085983768364	Plasma cell	B cell	2	4	6	3	4	SHFL	0.9921605041790631	False
0.0005929978156770168	0.4427860696517413	0.08344269466316709	0.11217899822018813	T cell	Monocyte	2	2	3	3	3	SIRT6	0.9921605041790631	False
7.560842504446611e-05	0.4427860696517413	0.09133320704836434	0.11232571224714705	NK	Plasma cell	2	7	8	6	8	SRPK2	0.9921605041790631	False
0.0006838316585418697	0.4427860696517413	0.2905708965485852	0.1717553208826309	Plasma cell	Monocyte	2	5	6	3	5	TIPRL	0.9921605041790631	False
7.510665553831723e-05	0.4427860696517413	0.11786611061409963	0.0846229292968298	B cell	Monocyte	2	3	6	3	5	TOP2A	0.9921605041790631	False
0.00022350457057791114	0.4427860696517413	0.1308798702229298	0.15035292583581827	Erythroid	B cell	2	7	11	4	7	TSPAN14	0.9921605041790631	False
0.0009391269696756619	0.4427860696517413	0.19375344097257335	0.20002279462046957	T cell	Plasma cell	2	5	8	3	7	UBLCP1	0.9921605041790631	False
0.0002080001156154528	0.4427860696517413	0.08395297486026282	0.20994319680708973	Monocyte	NK	2	7	15	9	15	USP9X	0.9921605041790631	False
0.0004122053608291087	0.44776119402985076	0.2168385701394624	0.2371031746031746	Erythroid	T cell	2	6	9	3	6	AGGF1	0.9921605041790631	False
0.00014204004334672426	0.44776119402985076	0.2854634704439587	0.3240293850794338	B cell	Dendritic cell	2	7	16	5	13	COMMD7	0.9921605041790631	False
0.0006375834836425716	0.44776119402985076	0.2747286490480683	0.26134972817578916	T cell	Erythroid	2	6	10	3	5	DNA2	0.9921605041790631	False
0.00011432149538962357	0.44776119402985076	0.02747506129026206	0.05910613206300663	Monocyte	Plasma cell	2	3	4	3	3	ENSG00000285557	0.9921605041790631	False
0.0008263471594698469	0.44776119402985076	0.11348372912907795	0.14634625458355166	Dendritic cell	B cell	2	6	10	3	5	EXD3	0.9921605041790631	False
0.00010812924995639686	0.44776119402985076	0.07823041996997437	0.11871628001570156	Monocyte	B cell	2	7	18	10	16	FNDC3A	0.9921605041790631	False
0.000282057320471176	0.44776119402985076	0.019619573252367573	0.1145648967551623	T cell	Monocyte	2	3	5	3	5	GFM2	0.9921605041790631	False
0.000724616243806532	0.44776119402985076	0.31469471607158467	0.29339525283797735	Plasma cell	T cell	2	5	8	3	6	HAUS1	0.9921605041790631	False
0.0010836976171241684	0.44776119402985076	0.2845767428626329	0.33861156209539855	B cell	Erythroid	2	6	9	3	5	HDGFL2	0.9921605041790631	False
0.00021223474194373028	0.44776119402985076	0.1873742266097279	0.23243073487333382	Erythroid	Dendritic cell	2	4	5	3	4	LINC00623	0.9921605041790631	False
0.00012690238576563184	0.44776119402985076	0.10720380520722445	0.3330199701151369	Erythroid	NK	2	7	7	3	6	LYST	0.9921605041790631	False
0.00027435287611191826	0.44776119402985076	0.2833136392835073	0.3270170513620296	NK	T cell	2	7	11	3	7	MINK1	0.9921605041790631	False
0.00022812356551135828	0.44776119402985076	0.19824577125090675	0.13037842098167524	B cell	Dendritic cell	2	7	10	3	6	PLEKHM1	0.9921605041790631	False
0.00035138221107354907	0.44776119402985076	0.09171500705262853	0.10278010754849698	NK	T cell	2	7	9	3	7	PXK	0.9921605041790631	False
0.00019541517593412344	0.44776119402985076	0.08859967408296482	0.2430674671240709	NK	Monocyte	2	7	10	5	10	RBM27	0.9921605041790631	False
0.00019275060197292943	0.44776119402985076	0.18540158073822033	0.07042476199327907	Monocyte	Erythroid	2	7	9	3	6	RPL8	0.9921605041790631	False
9.150640158896007e-05	0.44776119402985076	0.15680671803313717	0.18061374611682246	B cell	Plasma cell	2	7	11	8	10	RPS16	0.9921605041790631	False
0.0003217019441066084	0.44776119402985076	0.07906539980717397	0.12696503496503492	Plasma cell	Erythroid	2	7	10	4	8	TMEM62	0.9921605041790631	False
0.00027397713959734216	0.44776119402985076	0.13441911872162954	0.19897836087157295	Plasma cell	T cell	2	7	15	5	12	TMX3	0.9921605041790631	False
0.00035508817496217256	0.44776119402985076	0.13953747380308545	0.08424825093101884	Monocyte	T cell	2	6	8	3	5	TSHZ2	0.9921605041790631	False
0.001799529249587662	0.44776119402985076	0.2806595198327482	0.5084333204317723	B cell	NK	2	7	9	3	6	TSSC4	0.9921605041790631	False
0.0006285766320099239	0.44776119402985076	0.2630564297101015	0.3695395513577332	Plasma cell	Dendritic cell	2	6	7	3	7	USP33	0.9921605041790631	False
0.00014038476018288083	0.44776119402985076	0.1342999896637168	0.15873313343328332	Plasma cell	Erythroid	2	7	16	5	10	ZNF217	0.9921605041790631	False
0.001617862703315328	0.44776119402985076	0.13754140092407396	0.15127456870654882	Plasma cell	Monocyte	2	5	7	3	4	ZNF789	0.9921605041790631	False
0.00022338516878193942	0.4527363184079602	0.3408751777422815	0.48346281412567776	NK	B cell	2	5	8	3	6	AMPD3	0.9921605041790631	False
0.00011708338996987733	0.4527363184079602	0.12032829724209881	0.2408108278590288	B cell	Dendritic cell	2	7	9	5	9	ATP5F1C	0.9921605041790631	False
0.00023007802837585265	0.4527363184079602	0.20122999197133803	0.7309211592059847	Erythroid	Plasma cell	2	6	7	4	7	CAP1	0.9921605041790631	False
0.00028465968314049896	0.4527363184079602	0.12248414893495507	0.33788587429088	B cell	Dendritic cell	2	6	9	3	7	CEP63	0.9921605041790631	False
2.9047070021339707e-05	0.4527363184079602	0.1721503280615681	0.5637299538067245	Monocyte	T cell	2	7	14	6	10	CTSB	0.9921605041790631	False
0.00046337648909990266	0.4527363184079602	0.11843384620489894	0.06497890295358644	NK	T cell	2	6	8	3	4	GLA	0.9921605041790631	False
0.00047711083473462934	0.4527363184079602	0.10152311837666533	0.16812366737739876	Monocyte	Plasma cell	2	5	5	3	4	IFT57	0.9921605041790631	False
0.0005295722046835912	0.4527363184079602	0.19412025607181366	0.23227361077828373	T cell	Plasma cell	2	6	9	3	8	LETMD1	0.9921605041790631	False
0.0004196500579128802	0.4527363184079602	0.12324495772259031	0.20997796686227027	Plasma cell	Monocyte	2	7	10	5	9	PTPRJ	0.9921605041790631	False
7.423187829830357e-05	0.4527363184079602	0.08958183584248258	0.34299619604279585	NK	B cell	2	7	12	7	11	RHOH	0.9921605041790631	False
0.00042499022062488103	0.4527363184079602	0.15809446472638705	0.1717576251244456	T cell	Monocyte	2	5	9	3	7	RMDN3	0.9921605041790631	False
0.0003866714717657095	0.4527363184079602	0.20856140586954325	0.5533876322023155	Dendritic cell	Plasma cell	2	7	10	4	8	SDHD	0.9921605041790631	False
0.0005785210201306492	0.4527363184079602	0.1484504699170902	0.2650919877560036	B cell	Monocyte	2	5	6	3	6	SLC35D1	0.9921605041790631	False
0.00011729739657407039	0.4527363184079602	0.1074782078475654	0.16265106619771702	Dendritic cell	Erythroid	2	7	10	5	10	STIM1	0.9921605041790631	False
0.0006015334896491121	0.4527363184079602	0.1768075207381981	0.25166666666666665	Monocyte	Dendritic cell	2	7	9	3	5	SULT1A4	0.9921605041790631	False
0.0006799273237400618	0.4527363184079602	0.2551768510035468	0.2731961440176179	Erythroid	T cell	2	5	8	5	7	SUMF2	0.9921605041790631	False
0.001996833547582861	0.4527363184079602	0.3883832873373017	0.2692706670922438	T cell	B cell	2	3	5	3	4	TECR	0.9921605041790631	False
0.00022699676336258742	0.4527363184079602	0.1316985973763548	0.2471775444401621	Erythroid	Dendritic cell	2	7	9	5	8	TGFBR2	0.9921605041790631	False
0.00035587465318567395	0.4527363184079602	0.14624486774588202	0.1304602510460251	B cell	Erythroid	2	6	8	3	5	ZCCHC9	0.9921605041790631	False
0.001278074351785424	0.4527363184079602	0.3222220840938158	0.44057428214731587	Dendritic cell	Plasma cell	2	6	12	3	7	ZFAND1	0.9921605041790631	False
0.0010070253300467481	0.4527363184079602	0.24645364212116738	0.22893350888742592	Plasma cell	Erythroid	2	5	7	4	5	ZNF626	0.9921605041790631	False
0.0019497158085416632	0.4527363184079602	0.30835533157805683	0.16379799843849813	Monocyte	B cell	2	4	5	3	4	ZNF699	0.9921605041790631	False
0.00020836880284879657	0.4577114427860697	0.12937215647715306	0.05912064547783891	B cell	Monocyte	2	5	7	3	5	ACSM1	0.9921605041790631	False
0.0003612518108496461	0.4577114427860697	0.043393088606670904	0.09624530018713406	Monocyte	T cell	2	2	3	3	3	ALKBH3	0.9921605041790631	False
0.00014921165305882341	0.4577114427860697	0.05434507148694412	0.18634997276269866	T cell	NK	2	7	12	4	8	ARHGAP24	0.9921605041790631	False
7.042717789200009e-05	0.4577114427860697	0.08468179975982404	0.07943442579227084	B cell	Erythroid	2	7	9	4	7	ATG7	0.9921605041790631	False
0.0006923978983232856	0.4577114427860697	0.1412451304445846	0.15114539641568653	Erythroid	NK	2	7	11	3	9	BCLAF3	0.9921605041790631	False
0.00046387482709574516	0.4577114427860697	0.18072113031385667	0.23023008812333057	NK	Erythroid	2	7	11	3	7	COX10	0.9921605041790631	False
0.0007667122293896439	0.4577114427860697	0.15354176883728693	0.27487266553480477	NK	Erythroid	2	6	6	3	4	CSTF3	0.9921605041790631	False
0.0004989330020496389	0.4577114427860697	0.18199746870803152	0.17460739952089432	Monocyte	Dendritic cell	2	6	9	3	8	ENSG00000291067	0.9921605041790631	False
0.0006495052211836284	0.4577114427860697	0.16388605438309145	0.2305818457729324	Monocyte	T cell	2	6	7	3	5	EXOSC7	0.9921605041790631	False
0.0009260023976327079	0.4577114427860697	0.07577429382285938	0.27837706511175897	Plasma cell	Erythroid	2	3	4	3	3	G6PC3	0.9921605041790631	False
0.0004938451281195713	0.4577114427860697	0.19323943268952987	0.07570009033423669	Plasma cell	B cell	2	4	5	3	4	GPR89B	0.9921605041790631	False
0.00021640829861713278	0.4577114427860697	0.07305863699337556	0.09443024159789498	NK	Plasma cell	2	7	12	5	9	LINC01684	0.9921605041790631	False
7.045299776184878e-05	0.4577114427860697	0.07890114017483524	0.07176123114906768	NK	B cell	2	7	19	9	16	LTN1	0.9921605041790631	False
0.000459003999288534	0.4577114427860697	0.09135827647995787	0.11021044015525572	T cell	Plasma cell	2	2	3	3	3	MBOAT7	0.9921605041790631	False
0.00012519998532610724	0.4577114427860697	0.11392285315462658	0.07065399130559408	Plasma cell	B cell	2	7	16	5	10	NEDD4L	0.9921605041790631	False
0.00022900117799626367	0.4577114427860697	0.23268906544971601	0.19071935562824016	Plasma cell	Erythroid	2	4	6	3	6	PABPC1L	0.9921605041790631	False
4.130660491537014e-05	0.4577114427860697	0.1063013187768907	0.24067226281548676	Erythroid	Plasma cell	2	7	10	6	10	PARP8	0.9921605041790631	False
0.0008088462526327072	0.4577114427860697	0.29824461722088647	0.4107940585213312	Erythroid	Plasma cell	2	6	8	3	6	RASA3-IT1	0.9921605041790631	False
0.00012855920066472283	0.4577114427860697	0.16118638083660075	0.1498681187781843	Erythroid	NK	2	7	13	3	9	RORA-AS1	0.9921605041790631	False
0.00037252992040989833	0.4577114427860697	0.057848630528017086	0.0708559317807953	NK	Erythroid	2	6	5	3	5	RPS17	0.9921605041790631	False
0.0003232572938846175	0.4577114427860697	0.1210392468609573	0.13392308730721209	Plasma cell	Monocyte	2	6	9	3	7	SFMBT1	0.9921605041790631	False
0.00023160173741413557	0.4577114427860697	0.309792947381285	0.44794878983272585	Plasma cell	B cell	2	7	12	4	9	STOM	0.9921605041790631	False
0.0009427338928808722	0.4577114427860697	0.08900122032144508	0.1986054880791723	T cell	Monocyte	2	4	5	3	3	TAS2R30	0.9921605041790631	False
0.0007891279299875507	0.4577114427860697	0.09049996207363425	0.1349045365272546	T cell	B cell	2	2	3	3	3	TATDN1	0.9921605041790631	False
0.00098643563112025	0.4577114427860697	0.22244703828180978	0.21298701298701295	Dendritic cell	Erythroid	2	6	10	3	8	TMEM267	0.9921605041790631	False
0.00021955231852836504	0.4577114427860697	0.18575134880805	0.47338006351721257	Plasma cell	Erythroid	2	5	7	3	5	ZFYVE16	0.9921605041790631	False
0.0003952514044849866	0.4577114427860697	0.4360831809595635	0.3660840573853304	Dendritic cell	Plasma cell	2	7	9	3	6	ZXDC	0.9921605041790631	False
0.0005981723846039123	0.4626865671641791	0.0712817858063653	0.24991965252510479	Monocyte	B cell	2	7	12	6	11	ATP8A1	0.9921605041790631	False
0.00010255395245412113	0.4626865671641791	0.26898654471936184	0.4126198999808707	B cell	Monocyte	2	6	11	4	7	CCDC137	0.9921605041790631	False
0.0003917202346626547	0.4626865671641791	0.03927412814274134	0.32128313803706476	Monocyte	T cell	2	2	3	3	3	CCNQ	0.9921605041790631	False
0.0006515834820100543	0.4626865671641791	0.10156169729728298	0.24897684048341273	NK	B cell	2	6	8	3	6	CHPT1	0.9921605041790631	False
0.0006248282416826446	0.4626865671641791	0.12652908193994034	0.16089043625046157	B cell	Erythroid	2	3	5	3	4	CRAMP1	0.9921605041790631	False
0.0002448981812690015	0.4626865671641791	0.0813619317601183	0.12054086544912013	NK	Erythroid	2	7	8	3	8	CUL1	0.9921605041790631	False
0.00025939365914827385	0.4626865671641791	0.10939555802034001	0.1927807813141798	B cell	Dendritic cell	2	6	7	5	7	GPBP1L1	0.9921605041790631	False
0.00022235543111946061	0.4626865671641791	0.10393798732180481	0.12114057262966538	T cell	NK	2	6	10	4	8	HSD17B12	0.9921605041790631	False
0.0018525828940096389	0.4626865671641791	0.13903427874016105	0.28422843813930365	Monocyte	T cell	2	2	3	3	3	JRK	0.9921605041790631	False
0.0001365472801217331	0.4626865671641791	0.1608423391116771	0.32087724901522413	T cell	Plasma cell	2	6	8	3	5	MKRN1	0.9921605041790631	False
0.00019607626489491855	0.4626865671641791	0.15155275861468148	0.21459054802726496	NK	Monocyte	2	7	16	6	11	PANK2	0.9921605041790631	False
8.316436637510158e-05	0.4626865671641791	0.07096508271398067	0.16118108742248594	Plasma cell	T cell	2	7	12	7	12	PDS5A	0.9921605041790631	False
0.0014919946521113432	0.4626865671641791	0.0864527470870754	0.09619556418973613	B cell	Monocyte	2	3	4	3	3	PHLDB3	0.9921605041790631	False
0.0002726035294901461	0.4626865671641791	0.22263301616118036	0.16399214961902558	NK	Dendritic cell	2	7	6	3	6	PIGY	0.9921605041790631	False
0.00013095033653403963	0.4626865671641791	0.24286882738560572	0.41651434568803875	NK	Erythroid	2	7	10	5	8	PSMC5	0.9921605041790631	False
0.0007485196141882986	0.4626865671641791	0.20719916663916377	0.2188372171222973	Monocyte	Plasma cell	2	6	12	3	9	PTPA	0.9921605041790631	False
0.00014332548663653996	0.4626865671641791	0.07508377907792407	0.1269836095584827	Plasma cell	Dendritic cell	2	7	17	9	16	PTPN1	0.9921605041790631	False
0.0003743933815692066	0.4626865671641791	0.12014309677721674	0.15566312477993466	Erythroid	Monocyte	2	7	12	3	10	PUDP	0.9921605041790631	False
0.00010248976368244614	0.4626865671641791	0.14508729902705164	0.2007546100752035	Erythroid	T cell	2	7	11	3	9	RAB11B	0.9921605041790631	False
0.0001372948324625857	0.4626865671641791	0.1296281478364746	0.19854918925281775	T cell	Plasma cell	2	7	9	4	7	RESF1	0.9921605041790631	False
0.0002492959999442779	0.4626865671641791	0.2190686274509805	0.26157054624207915	T cell	Plasma cell	2	5	8	3	7	RNF126	0.9921605041790631	False
0.0001738515014730002	0.4626865671641791	0.40648196258828445	0.36167728907679686	Monocyte	T cell	2	5	7	3	5	RPS26	0.9921605041790631	False
0.0008497659930571014	0.4626865671641791	0.22293851873318543	0.24711538461538463	NK	Erythroid	2	6	10	3	6	SLC25A51	0.9921605041790631	False
0.0001191267626019592	0.4626865671641791	0.13241737283642263	0.13455988455988455	Erythroid	T cell	2	3	4	3	4	SSBP1	0.9921605041790631	False
0.0010881232934480116	0.4626865671641791	0.08475800579629184	0.26269874404202764	Monocyte	Dendritic cell	2	5	6	3	4	TTLL3	0.9921605041790631	False
0.0007274314904027288	0.4626865671641791	0.15118812443820834	0.28169888679403254	Dendritic cell	NK	2	7	12	6	12	UBE2K	0.9921605041790631	False
0.00010375202720868075	0.4626865671641791	0.12732351769770267	0.11731386492047474	Erythroid	Monocyte	2	7	15	4	12	ZNF516	0.9921605041790631	False
0.00023413216178086926	0.4626865671641791	0.20033689027045515	0.23235527932355282	Erythroid	Dendritic cell	2	5	9	3	7	ZNG1F	0.9921605041790631	False
0.0004535032816014397	0.4626865671641791	0.13387110300502636	0.18924015036963676	Monocyte	Dendritic cell	2	6	6	4	6	ZRANB2	0.9921605041790631	False
7.269441228529319e-05	0.46766169154228854	0.09267539905076555	0.28236607646543976	Monocyte	Dendritic cell	2	7	12	3	8	ACSL1	0.9921605041790631	False
0.0003367926738474109	0.46766169154228854	0.14249550182310639	0.2215051353874884	Erythroid	Dendritic cell	2	7	13	4	9	AKNA	0.9921605041790631	False
0.00016636449358817186	0.46766169154228854	0.17235904749322523	0.12650106391455634	Monocyte	T cell	2	3	4	3	4	CBR1	0.9921605041790631	False
0.00041324029217162044	0.46766169154228854	0.41063694632903047	0.5761680493610334	Dendritic cell	B cell	2	7	7	4	7	DDOST	0.9921605041790631	False
0.0007956558134191816	0.46766169154228854	0.13790030632135897	0.05571379742508831	Monocyte	B cell	2	2	3	3	3	DNAJC17	0.9921605041790631	False
0.0009640239598285836	0.46766169154228854	0.4650158923295157	0.49336343732895455	Plasma cell	Monocyte	2	5	7	4	6	EBP	0.9921605041790631	False
0.0008704914727906068	0.46766169154228854	0.16596878816240468	0.12366176737434226	Monocyte	Plasma cell	2	5	5	3	4	ENSG00000288016	0.9921605041790631	False
0.00019935532311831278	0.46766169154228854	0.1383982669555462	0.22299323017408124	Dendritic cell	Plasma cell	2	5	7	4	6	GRIK1	0.9921605041790631	False
0.0005135526502311894	0.46766169154228854	0.22036444253289372	0.3524548216855909	T cell	Dendritic cell	2	6	7	3	6	GTPBP10	0.9921605041790631	False
0.0002808435993549273	0.46766169154228854	0.10495683986888904	0.3257046552491849	T cell	Monocyte	2	6	9	3	7	HLTF	0.9921605041790631	False
0.00018546418255435907	0.46766169154228854	0.21110554947544685	0.11277777777777775	Plasma cell	NK	2	7	12	4	12	HSD17B11	0.9921605041790631	False
0.00023101260028374435	0.46766169154228854	0.1315208551801859	0.12383915635465409	Erythroid	T cell	2	4	8	3	5	NCAPG	0.9921605041790631	False
0.0003177123651644237	0.46766169154228854	0.12643919257502434	0.10560240458939452	T cell	Dendritic cell	2	7	12	4	9	PHF8	0.9921605041790631	False
0.00032304750633502553	0.46766169154228854	0.28154728245265825	0.18320301493378421	Dendritic cell	Erythroid	2	7	11	3	7	PIAS4	0.9921605041790631	False
0.0005631770241657362	0.46766169154228854	0.1257362628030862	0.1654908284620037	T cell	Monocyte	2	5	7	4	6	POFUT2	0.9921605041790631	False
0.00013081751773502123	0.46766169154228854	0.09255888683775032	0.07688854042742582	Plasma cell	Dendritic cell	2	7	5	3	4	PPIB	0.9921605041790631	False
0.0004849749142171849	0.46766169154228854	0.38790506643944	0.6989532693581889	Plasma cell	Dendritic cell	2	7	8	3	8	PSMC2	0.9921605041790631	False
0.00011161481678100108	0.46766169154228854	0.18885991102862137	0.2555864337568058	Erythroid	Monocyte	2	7	16	6	14	PSMG2	0.9921605041790631	False
0.0003144887248970685	0.46766169154228854	0.0613640864897147	0.11420112599495236	B cell	Erythroid	2	2	3	3	3	RASSF5	0.9921605041790631	False
0.0006488764980073122	0.46766169154228854	0.17517699747775728	0.2190197169894237	NK	Dendritic cell	2	7	10	4	8	RBM4	0.9921605041790631	False
0.00034344716581719356	0.46766169154228854	0.1811983004770979	0.43563114786220947	B cell	Monocyte	2	7	12	5	8	SCAMP2	0.9921605041790631	False
0.00147576621691254	0.46766169154228854	0.12032720416929643	0.1053597477765752	Monocyte	Erythroid	2	2	3	3	3	SLAMF6	0.9921605041790631	False
0.0006978653128209458	0.46766169154228854	0.17160190668785213	0.17670020818875787	B cell	Erythroid	2	4	5	3	4	SLC17A9	0.9921605041790631	False
0.0002137267180284747	0.46766169154228854	0.07587847135815479	0.12556986551173926	T cell	Dendritic cell	2	7	13	4	10	SLC9A7	0.9921605041790631	False
0.0004357579547164152	0.46766169154228854	0.14713771131708803	0.472691582036117	Monocyte	Erythroid	2	7	12	7	10	SLTM	0.9921605041790631	False
5.324837937477735e-05	0.46766169154228854	0.30507542048050756	0.4723077387055914	Dendritic cell	Plasma cell	2	7	14	5	12	SMC1A	0.9921605041790631	False
0.00024064096936212906	0.46766169154228854	0.11689269221703075	0.21146502450620042	Monocyte	Erythroid	2	7	13	6	12	SNX1	0.9921605041790631	False
0.00017092014068463316	0.46766169154228854	0.22488095961000004	0.20484591407178893	Erythroid	Monocyte	2	6	5	3	5	UCP2	0.9921605041790631	False
0.0003490372859276694	0.46766169154228854	0.120533091999874	0.17108442244476946	Erythroid	NK	2	7	11	5	10	WDR37	0.9921605041790631	False
0.00039913599095697355	0.46766169154228854	0.07402457852216021	0.11265119320039224	Monocyte	B cell	2	4	8	4	6	ZCCHC4	0.9921605041790631	False
0.00015578169235846225	0.46766169154228854	0.08261962740713996	0.20295026861550464	Monocyte	B cell	2	7	7	4	7	ZNF644	0.9921605041790631	False
0.0008981119047135754	0.472636815920398	0.21475321416466236	0.2963661774982529	Plasma cell	B cell	2	6	11	3	5	ADGRG5	0.9921605041790631	False
0.0007465430411934386	0.472636815920398	0.14930694405263673	0.15234552788109923	B cell	Plasma cell	2	5	10	3	7	ANXA2R-AS1	0.9921605041790631	False
0.0004327750613688315	0.472636815920398	0.08875822187538723	0.1331720425618374	Plasma cell	B cell	2	7	6	3	6	APRT	0.9921605041790631	False
0.0002641747109503256	0.472636815920398	0.12447504598946874	0.12486344065291438	B cell	T cell	2	5	8	3	6	ARHGAP21	0.9921605041790631	False
0.0005614903272847542	0.472636815920398	0.17138468585382088	0.20863777609809353	Erythroid	B cell	2	6	10	3	6	CAB39L	0.9921605041790631	False
0.0008564555522994736	0.472636815920398	0.1410589080293827	0.2637203477826848	B cell	Monocyte	2	7	11	4	9	CARD8	0.9921605041790631	False
0.0003332883742019847	0.472636815920398	0.3159479835286496	0.5012638537818395	NK	B cell	2	7	11	4	8	CLPTM1	0.9921605041790631	False
0.00013824105545669	0.472636815920398	0.12975712865265399	0.618343600273785	Monocyte	Plasma cell	2	4	5	3	5	CSRP1	0.9921605041790631	False
0.0007490770045016378	0.472636815920398	0.0669966411931468	0.06854166666666664	Plasma cell	Monocyte	2	2	3	3	3	CSTB	0.9921605041790631	False
0.00045021827996757495	0.472636815920398	0.2035177549496686	0.12127463054187193	Dendritic cell	Plasma cell	2	5	6	3	6	DEGS1	0.9921605041790631	False
0.00015769542132929644	0.472636815920398	0.06248901588192041	0.24550673224902858	B cell	NK	2	7	13	8	13	DOCK8	0.9921605041790631	False
0.0026111611887405474	0.472636815920398	0.24867272697199433	0.4360076339214173	Monocyte	B cell	2	7	9	3	6	EED	0.9921605041790631	False
0.00010243787804636402	0.472636815920398	0.05817164309919709	0.12165047245224864	B cell	NK	2	7	11	7	11	EEF2	0.9921605041790631	False
0.0023004497893775832	0.472636815920398	0.046151170135350694	0.21743075784334853	B cell	Erythroid	2	7	13	6	12	FNBP1	0.9921605041790631	False
0.0006811724505919917	0.472636815920398	0.20362979323469665	0.1739961023642238	Erythroid	NK	2	7	7	3	6	HS2ST1	0.9921605041790631	False
0.0004166961683784847	0.472636815920398	0.07136752136752134	0.030002272899462057	B cell	T cell	2	2	3	3	3	KCNE1	0.9921605041790631	False
0.00025701403249051003	0.472636815920398	0.20370750882075078	0.2634374917270409	Monocyte	Plasma cell	2	7	10	5	10	KIF2A	0.9921605041790631	False
4.0517908883934096e-05	0.472636815920398	0.037240096712061466	0.09851107040599416	NK	B cell	2	7	18	11	16	KLF12	0.9921605041790631	False
0.0008303886082458966	0.472636815920398	0.06674317935939633	0.05353035521129912	Plasma cell	B cell	2	3	4	3	3	LINC00426	0.9921605041790631	False
0.0008777451347310779	0.472636815920398	0.0815727009132367	0.130970515970516	T cell	Erythroid	2	5	8	3	5	MBD3	0.9921605041790631	False
0.00027818338388760155	0.472636815920398	0.16927585622423408	0.2691958047844312	B cell	Monocyte	2	7	11	3	7	MLX	0.9921605041790631	False
0.0006910053850262772	0.472636815920398	0.31154648127119033	0.27517040613462085	Erythroid	Plasma cell	2	5	7	3	5	NAXD	0.9921605041790631	False
0.00013043900087664917	0.472636815920398	0.1595016484326794	0.1396828763854271	Plasma cell	Erythroid	2	5	8	3	5	NCAPG2	0.9921605041790631	False
0.00023776326300646962	0.472636815920398	0.22755948685195326	0.2307206871095518	B cell	Monocyte	2	5	8	3	6	POLE	0.9921605041790631	False
0.0004741616642073119	0.472636815920398	0.1618102149546894	0.1213951623078171	Erythroid	NK	2	7	8	3	7	POM121C	0.9921605041790631	False
0.00014303272248678247	0.472636815920398	0.05934450496595406	0.1538970933088844	Erythroid	Monocyte	2	7	11	5	8	PTPRE	0.9921605041790631	False
0.0012168003845478906	0.472636815920398	0.0983117549784216	0.18611111111111112	Monocyte	T cell	2	2	3	3	3	RAD1	0.9921605041790631	False
0.00015217854543786056	0.472636815920398	0.0737870781585041	0.10103247503574342	B cell	Plasma cell	2	6	8	3	6	SH2B3	0.9921605041790631	False
0.0006146386453641972	0.472636815920398	0.025384162725934856	0.07866038972647638	T cell	Monocyte	2	2	3	3	3	STS	0.9921605041790631	False
0.0001474835952368461	0.472636815920398	0.047857565608750596	0.09292684266305845	Plasma cell	Monocyte	2	7	9	3	8	SUMF1	0.9921605041790631	False
0.00027297487953913786	0.472636815920398	0.1287665997771062	0.15859564164648915	Dendritic cell	Monocyte	2	7	13	3	8	TAF4	0.9921605041790631	False
0.00017532522447652972	0.472636815920398	0.11148069084974666	0.1146839543484976	Dendritic cell	Plasma cell	2	7	12	5	10	TBCK	0.9921605041790631	False
0.00013734001085234947	0.472636815920398	0.07755179044030003	0.16161643525825553	Erythroid	NK	2	7	13	5	10	TENT4B	0.9921605041790631	False
0.00024147119019505065	0.472636815920398	0.1270596767794156	0.08334478651273591	Erythroid	NK	2	7	10	3	9	TMEM135	0.9921605041790631	False
0.00025465430566100984	0.472636815920398	0.12567193287091322	0.16289649745992035	B cell	NK	2	7	12	4	11	UBQLN1	0.9921605041790631	False
0.0004541971863664032	0.472636815920398	0.22213068207765674	0.23128436637497596	Dendritic cell	NK	2	7	9	3	7	USF3	0.9921605041790631	False
0.0003247696312111128	0.472636815920398	0.08497573316585999	0.20610383741701466	Dendritic cell	T cell	2	7	13	5	11	XPO6	0.9921605041790631	False
0.0002963253223885315	0.472636815920398	0.1059655665687872	0.16360137369837396	B cell	Monocyte	2	6	11	4	9	ZBTB43	0.9921605041790631	False
0.00034346559576621175	0.472636815920398	0.09741564483298093	0.32473978592254515	Dendritic cell	T cell	2	7	11	6	10	ZNF708	0.9921605041790631	False
6.636052596879611e-05	0.47761194029850745	0.5649469944939175	0.45201393361044434	Erythroid	Dendritic cell	2	6	7	3	6	AGTRAP	0.9921605041790631	False
0.00020524015177629353	0.47761194029850745	0.05295472958805192	0.1335889173602866	Erythroid	B cell	2	6	7	3	6	AHCTF1	0.9921605041790631	False
0.0009350318325531206	0.47761194029850745	0.0911355423888986	0.14539990753582988	Monocyte	NK	2	2	3	3	3	ATF5	0.9921605041790631	False
0.00022769633785388167	0.47761194029850745	0.0767106096185739	0.1886037527593819	Erythroid	Plasma cell	2	4	4	3	4	C1QBP	0.9921605041790631	False
0.0016402948090348246	0.47761194029850745	0.2990888254958308	0.4460799462546188	Erythroid	NK	2	7	10	5	9	COPB1	0.9921605041790631	False
0.00021430097360728323	0.47761194029850745	0.1230007348633842	0.15354535974973926	NK	Erythroid	2	6	8	3	5	CPEB2	0.9921605041790631	False
0.00023054945034747478	0.47761194029850745	0.05622895622895624	0.10130931377100938	Erythroid	T cell	2	2	3	3	3	CUEDC2	0.9921605041790631	False
0.00017940052986623956	0.47761194029850745	0.03975787745150905	0.08708473603173361	Monocyte	T cell	2	2	3	3	3	CUTC	0.9921605041790631	False
0.0010179113458787126	0.47761194029850745	0.12912792686106878	0.1698622273249139	B cell	Erythroid	2	5	9	3	7	DDHD2	0.9921605041790631	False
0.0004631110473864154	0.47761194029850745	0.14246687750923837	0.3188285674816964	Monocyte	T cell	2	5	9	3	6	DDX55	0.9921605041790631	False
0.0007906719628960368	0.47761194029850745	0.06330124178632507	0.14313761356014876	NK	T cell	2	5	6	3	4	DGKE	0.9921605041790631	False
0.00025476696702670765	0.47761194029850745	0.2083230700803808	0.34294957102407003	Plasma cell	Monocyte	2	7	13	7	13	EEF1D	0.9921605041790631	False
6.825274069184604e-05	0.47761194029850745	0.06083469124238111	0.33234336128850245	B cell	Dendritic cell	2	2	3	3	3	ENSG00000285693	0.9921605041790631	False
0.0006744113395420871	0.47761194029850745	0.04632481985423159	0.0359177385260292	T cell	Monocyte	2	2	3	3	3	FBXO8	0.9921605041790631	False
0.000494209072449696	0.47761194029850745	0.19912951449683086	0.4054760594386351	T cell	Erythroid	2	4	5	3	4	FUT10	0.9921605041790631	False
0.0010891445043462369	0.47761194029850745	0.09394708470217328	0.28749625412046753	B cell	Dendritic cell	2	6	8	3	6	KBTBD2	0.9921605041790631	False
0.0005990473428517225	0.47761194029850745	0.2598150980963481	0.22088353413654616	Erythroid	T cell	2	3	5	3	4	KIAA1143	0.9921605041790631	False
8.470884497894569e-05	0.47761194029850745	0.23374145569320354	0.2643759864220736	Dendritic cell	Plasma cell	2	7	13	5	11	KIAA2026	0.9921605041790631	False
0.00019121582608493747	0.47761194029850745	0.11473773936334891	0.167547787662991	NK	Erythroid	2	7	11	5	9	LARP4B	0.9921605041790631	False
0.0006699330252358235	0.47761194029850745	0.19483121349339638	0.29630043673329454	Monocyte	B cell	2	5	7	3	5	LIG3	0.9921605041790631	False
0.00023538437061525574	0.47761194029850745	0.1642879507282195	0.18864213197969543	Erythroid	Monocyte	2	5	7	3	5	LINC00174	0.9921605041790631	False
0.000576208399028306	0.47761194029850745	0.14018869061972516	0.17040725910472543	Erythroid	Dendritic cell	2	6	8	3	6	LINC03006	0.9921605041790631	False
4.8093867843010544e-05	0.47761194029850745	0.09940181513323854	0.47313747738541356	Monocyte	Plasma cell	2	7	11	5	10	LSM4	0.9921605041790631	False
0.0003189895289572512	0.47761194029850745	0.29436582031838576	0.3458825863877314	Plasma cell	Erythroid	2	7	11	3	7	MAN2B1	0.9921605041790631	False
8.102048867144308e-05	0.47761194029850745	0.07229978653246827	0.5287459018444829	Erythroid	B cell	2	6	7	4	7	NAXE	0.9921605041790631	False
0.0004179522859107506	0.47761194029850745	0.1373955312831313	0.19387543252595163	Dendritic cell	B cell	2	7	11	4	7	NSUN6	0.9921605041790631	False
0.00014534474561162073	0.47761194029850745	0.08200893057863518	0.10155585489402758	Monocyte	Erythroid	2	7	13	6	11	PDE8A	0.9921605041790631	False
0.0003343334471598647	0.47761194029850745	0.18738846881476157	0.3292397660818714	Plasma cell	Dendritic cell	2	6	9	3	8	PDHB	0.9921605041790631	False
0.0003007207777123137	0.47761194029850745	0.0069050563948523935	0.1563519466603167	Monocyte	T cell	2	2	3	3	3	POLR2I	0.9921605041790631	False
0.0003602882933498952	0.47761194029850745	0.24834728921844085	0.23305003094688592	Plasma cell	NK	2	7	11	4	8	PRDX3	0.9921605041790631	False
0.0006844817764458083	0.47761194029850745	0.10727433404190045	0.2668010943549838	T cell	Plasma cell	2	6	9	3	7	SART3	0.9921605041790631	False
0.000566749115830496	0.47761194029850745	0.18603946993462056	0.11413845989228516	Dendritic cell	Monocyte	2	6	6	3	5	SBDS	0.9921605041790631	False
6.7104601509009e-05	0.47761194029850745	0.17671033196757718	0.22982789976760554	NK	Plasma cell	2	7	13	7	12	SECISBP2	0.9921605041790631	False
0.00023925151607836716	0.47761194029850745	0.06693545836951548	0.08592337264490818	T cell	Monocyte	2	6	7	4	7	ST3GAL3	0.9921605041790631	False
0.00012505562860158143	0.47761194029850745	0.10221884559320632	0.2419383613211562	B cell	Plasma cell	2	7	8	5	8	UMAD1	0.9921605041790631	False
0.0006074251859903132	0.47761194029850745	0.07243086358041079	0.1567255884299083	Monocyte	T cell	2	2	3	3	3	ZDHHC5	0.9921605041790631	False
0.0002541240774968708	0.48258706467661694	0.13264755891593005	0.07414725585397336	Plasma cell	Monocyte	2	6	7	3	7	AGO3	0.9921605041790631	False
0.0006127635730681258	0.48258706467661694	0.07178229212127529	0.09636470674810516	Monocyte	T cell	2	2	3	3	3	AP1AR	0.9921605041790631	False
3.621560318307903e-05	0.48258706467661694	0.09176512392151415	0.17989905044690102	NK	T cell	2	7	17	10	16	ATP5PO	0.9921605041790631	False
0.0002127665259897385	0.48258706467661694	0.1716966935729266	0.2616154309825195	Dendritic cell	B cell	2	7	9	4	9	CCDC59	0.9921605041790631	False
0.0004074857324640884	0.48258706467661694	0.33136319996644914	0.300112372612082	Erythroid	Plasma cell	2	7	11	3	7	CLASRP	0.9921605041790631	False
4.2990731957374465e-05	0.48258706467661694	0.025396825396825307	0.5274567304927836	Monocyte	T cell	2	2	3	3	3	COMMD8	0.9921605041790631	False
7.392463194160964e-05	0.48258706467661694	0.12109537403804937	0.2305078044096327	Plasma cell	T cell	2	7	10	4	9	ECH1	0.9921605041790631	False
7.268926006934056e-05	0.48258706467661694	0.3677054675204537	0.5708257986738999	T cell	Dendritic cell	2	3	5	3	4	ENSG00000278743	0.9921605041790631	False
0.0002355334494135213	0.48258706467661694	0.18777621425742586	0.22006586851739296	Monocyte	NK	2	5	8	3	5	ENSG00000291117	0.9921605041790631	False
0.0001887018802770392	0.48258706467661694	0.08006688888997737	0.1885773831299123	Erythroid	NK	2	6	9	4	8	ERGIC1	0.9921605041790631	False
0.00015115152832976864	0.48258706467661694	0.1110537970222426	0.17336826461065458	T cell	Dendritic cell	2	7	13	6	11	GABPB1	0.9921605041790631	False
0.00103691351393575	0.48258706467661694	0.17260618414401757	0.14324604072059782	B cell	Plasma cell	2	5	5	3	4	LRIG1	0.9921605041790631	False
0.0004882986616085638	0.48258706467661694	0.1889237136622265	0.28118524658101945	Erythroid	Monocyte	2	5	8	3	7	METTL2B	0.9921605041790631	False
0.0002827181999125558	0.48258706467661694	0.2306828621345942	0.23857894841125699	B cell	T cell	2	5	8	3	5	NUDT15	0.9921605041790631	False
0.0001031531217023066	0.48258706467661694	0.28769493339834745	0.2990311065782764	Dendritic cell	T cell	2	7	11	3	7	NUSAP1	0.9921605041790631	False
8.235858096362293e-05	0.48258706467661694	0.12447712258808175	0.20674210278170674	NK	Plasma cell	2	7	19	6	16	PFKL	0.9921605041790631	False
0.00011152943167528376	0.48258706467661694	0.1116551091981508	0.31316567280269636	Erythroid	T cell	2	4	5	3	4	PYCR2	0.9921605041790631	False
1.6663285688810895e-05	0.48258706467661694	0.22493562712017656	0.3572543788504384	Plasma cell	Erythroid	2	7	15	9	15	RBM3	0.9921605041790631	False
0.0003246691485833421	0.48258706467661694	0.056100095240345815	0.08744562771861403	Plasma cell	T cell	2	2	3	3	3	SETDB1	0.9921605041790631	False
0.0002107138198796789	0.48258706467661694	0.10557136237306425	0.12147488477462698	B cell	Dendritic cell	2	4	6	3	5	SP4	0.9921605041790631	False
0.0003698352033673994	0.48258706467661694	0.05772919401105314	0.014820951854920383	Monocyte	T cell	2	2	3	3	3	SPEF2	0.9921605041790631	False
0.0005764133912760824	0.48258706467661694	0.07181839768321541	0.24376076997436225	T cell	Erythroid	2	5	6	3	4	SRI	0.9921605041790631	False
0.00015615270361337246	0.48258706467661694	0.1785607465615246	0.3522222409040286	B cell	Dendritic cell	2	7	10	3	6	SVIL	0.9921605041790631	False
0.0008948245190684334	0.48258706467661694	0.2518644922611697	0.24564482459219295	Erythroid	Monocyte	2	5	7	3	4	TCP11L1	0.9921605041790631	False
0.00033123149128570144	0.48258706467661694	0.18400345329170825	0.139067230399833	Plasma cell	NK	2	7	11	4	8	TMC8	0.9921605041790631	False
0.0001912854058110863	0.48258706467661694	0.15841998691186748	0.2187586086906091	Monocyte	NK	2	4	5	3	4	TRPV2	0.9921605041790631	False
0.00018588392258804738	0.48258706467661694	0.20624266896893406	0.3827727174926486	T cell	Dendritic cell	2	7	10	4	8	USP38	0.9921605041790631	False
0.0010019690243440696	0.48258706467661694	0.06256614519190073	0.15453679493612948	Monocyte	T cell	2	7	13	8	13	ZFAND6	0.9921605041790631	False
3.771178284522909e-05	0.48756218905472637	0.06713746978291413	0.017629967471957664	B cell	Erythroid	2	2	3	3	3	BNC2	0.9921605041790631	False
0.0002293452566329374	0.48756218905472637	0.14043288661379622	0.16724756440085653	B cell	Erythroid	2	5	6	4	5	C1orf52	0.9921605041790631	False
0.0001827371377727426	0.48756218905472637	0.14119516439614016	0.4831726678478833	Dendritic cell	T cell	2	7	9	5	9	CDKN1B	0.9921605041790631	False
0.0027620815421444335	0.48756218905472637	0.148035786648457	0.20301912685479023	Monocyte	T cell	2	2	3	3	3	CENPL	0.9921605041790631	False
0.00013744237136624918	0.48756218905472637	0.10962193558692257	0.1502030137152976	Plasma cell	B cell	2	6	9	4	8	CHKA	0.9921605041790631	False
0.00011299458375421293	0.48756218905472637	0.15824236785752838	0.19631920949047493	NK	Dendritic cell	2	7	10	5	9	COMMD10	0.9921605041790631	False
0.0005495998887305322	0.48756218905472637	0.37548501220171104	0.36253585178677555	Erythroid	Monocyte	2	6	9	3	5	CUL4B	0.9921605041790631	False
0.00013020758534378667	0.48756218905472637	0.08129541524585898	0.06477679866762603	Dendritic cell	Erythroid	2	7	9	6	9	DLG1	0.9921605041790631	False
0.0001976029460401302	0.48756218905472637	0.15170195402042708	0.23052897228954805	T cell	Dendritic cell	2	6	10	3	6	DOT1L	0.9921605041790631	False
0.00038635130543486035	0.48756218905472637	0.4531135109626792	0.48951990632318504	Erythroid	NK	2	7	10	3	7	EZH1	0.9921605041790631	False
7.075692846943304e-05	0.48756218905472637	0.03260198473351095	0.03131004019122863	Monocyte	Plasma cell	2	2	3	3	3	FIS1	0.9921605041790631	False
0.0006135002028478786	0.48756218905472637	0.05814244369635513	0.0730052199850858	Monocyte	NK	2	2	3	3	3	GLOD4	0.9921605041790631	False
0.0003709803770352767	0.48756218905472637	0.09861140302714555	0.2662923431698927	B cell	Erythroid	2	7	10	3	8	MCTP1	0.9921605041790631	False
0.0004017827053702317	0.48756218905472637	0.07674201446239826	0.12363976366204471	Monocyte	B cell	2	5	12	4	8	NIPAL2	0.9921605041790631	False
4.4436747149490754e-05	0.48756218905472637	0.1483790517044985	0.35672519220257337	Dendritic cell	T cell	2	7	11	4	8	NKG7	0.9921605041790631	False
0.0005192152593341607	0.48756218905472637	0.21614164445791978	0.10305111610091133	Dendritic cell	NK	2	7	10	3	6	NOLC1	0.9921605041790631	False
0.0002852128528812596	0.48756218905472637	0.029923499013976673	0.06226426820477454	Monocyte	Plasma cell	2	6	12	4	8	PCLAF	0.9921605041790631	False
0.0005123851375190057	0.48756218905472637	0.17609432627992416	0.21304983550627515	T cell	Plasma cell	2	5	6	3	5	PDE12	0.9921605041790631	False
0.00018219179657841153	0.48756218905472637	0.2050150185656508	0.3076882597185232	Erythroid	Dendritic cell	2	7	11	3	7	PFKFB3	0.9921605041790631	False
0.0004451251026034997	0.48756218905472637	0.29838221612153726	0.3884419000464181	Erythroid	Dendritic cell	2	5	8	3	5	PPP2R1A	0.9921605041790631	False
1.1260812636335958e-05	0.48756218905472637	0.014562715840247153	0.02508186592523942	Monocyte	Erythroid	2	2	3	3	3	PPP2R2B	0.9921605041790631	False
0.00030543447950357274	0.48756218905472637	0.08038348057056655	0.14975805544093923	Plasma cell	Dendritic cell	2	6	14	5	9	RHOXF1	0.9921605041790631	False
0.0005605640657541208	0.48756218905472637	0.10147922647922636	0.0814962237191264	Monocyte	Plasma cell	2	3	4	3	4	RWDD2B	0.9921605041790631	False
0.00042927353101875174	0.48756218905472637	0.21085219214833195	0.36108976900961637	Plasma cell	Erythroid	2	7	12	3	10	SNAPC3	0.9921605041790631	False
0.0002676042414432595	0.48756218905472637	0.06690052525919926	0.10370243466011841	NK	Erythroid	2	7	9	3	8	SNHG1	0.9921605041790631	False
0.00036700517274206127	0.48756218905472637	0.12435456532215872	0.3924453803632535	Erythroid	Monocyte	2	4	6	3	4	TMEM202-AS1	0.9921605041790631	False
0.000976679839656611	0.48756218905472637	0.07989844303571475	0.20199059389697038	T cell	Erythroid	2	2	3	3	3	TRAPPC2B	0.9921605041790631	False
0.00020623041633538995	0.48756218905472637	0.06347429140907407	0.04003669724770642	T cell	Erythroid	2	2	3	3	3	TSC22D3	0.9921605041790631	False
0.00016406999803298997	0.48756218905472637	0.12418854708667093	0.16975402368660797	NK	Plasma cell	2	7	9	3	7	UBXN7	0.9921605041790631	False
0.002482830275570182	0.4925373134328358	0.08970728269650563	0.1091445427728614	Erythroid	B cell	2	2	3	3	3	ABCB8	0.9921605041790631	False
0.0011061065769292903	0.4925373134328358	0.10541060754284448	0.4394124784858069	NK	Erythroid	2	7	18	9	16	ANKRD10	0.9921605041790631	False
0.0024708403711357113	0.4925373134328358	0.11971368166716995	0.13866843033509701	Monocyte	T cell	2	4	5	3	4	ARHGAP31	0.9921605041790631	False
6.729172184353734e-05	0.4925373134328358	0.37735978717505814	0.6764929292929293	Dendritic cell	Plasma cell	2	7	13	4	10	CHRAC1	0.9921605041790631	False
2.816643148420066e-05	0.4925373134328358	0.055518009044790984	0.14230270719857874	B cell	Dendritic cell	2	7	15	7	13	DIAPH2	0.9921605041790631	False
0.00011652528900120525	0.4925373134328358	0.0999924619327604	0.12880203908241294	Monocyte	B cell	2	3	4	3	3	EDC3	0.9921605041790631	False
0.00031165551412548647	0.4925373134328358	0.24698586830690394	0.33594366938668074	Monocyte	Erythroid	2	6	8	3	4	ENSG00000254325	0.9921605041790631	False
8.233041650197781e-05	0.4925373134328358	0.4336149741606067	0.59865557225967	B cell	Dendritic cell	2	7	9	5	6	ETFB	0.9921605041790631	False
0.00040370901284360805	0.4925373134328358	0.11504321112246835	0.12893526249194487	B cell	T cell	2	6	11	3	8	GCNT1	0.9921605041790631	False
0.00023717972889392708	0.4925373134328358	0.12079721510047836	0.5942635406490828	Plasma cell	B cell	2	4	6	3	4	GM2A	0.9921605041790631	False
0.00013208597118387973	0.4925373134328358	0.10626232158835192	0.1805797113861698	Erythroid	Dendritic cell	2	7	9	6	9	GOLGA4	0.9921605041790631	False
0.00021963368402534505	0.4925373134328358	0.12950374818110194	0.1143307051001099	Plasma cell	Erythroid	2	7	17	10	17	ITCH	0.9921605041790631	False
0.0009092753433726077	0.4925373134328358	0.16247211683062118	0.10461288356025195	Dendritic cell	Plasma cell	2	6	7	4	6	KDM5B	0.9921605041790631	False
0.00022745840737524987	0.4925373134328358	0.27245698853937317	0.5134061200237671	Plasma cell	NK	2	7	16	5	10	METTL4	0.9921605041790631	False
0.00011693077326491088	0.4925373134328358	0.06334832375221855	0.08813636808934461	Plasma cell	Erythroid	2	5	8	3	7	MOSMO	0.9921605041790631	False
0.00024331913639739864	0.4925373134328358	0.06402764041091369	0.06691252201069808	Monocyte	Plasma cell	2	3	4	3	4	NBPF14	0.9921605041790631	False
0.0006899386837734575	0.4925373134328358	0.14832410349115877	0.2577315000222489	T cell	Dendritic cell	2	6	9	3	6	NFXL1	0.9921605041790631	False
0.00018329569818906823	0.4925373134328358	0.13665100873040864	0.3606148997190764	T cell	Monocyte	2	4	5	3	5	ODR4	0.9921605041790631	False
0.00018883095673428562	0.4925373134328358	0.1738950122732944	0.22383872579058345	Monocyte	B cell	2	7	9	3	7	PLXNC1	0.9921605041790631	False
0.0001393982243369667	0.4925373134328358	0.2940530889678458	0.3437786683404954	B cell	Erythroid	2	5	9	3	6	POLQ	0.9921605041790631	False
0.0005278250764389473	0.4925373134328358	0.23869203666497596	0.27685016380870375	Dendritic cell	Erythroid	2	7	10	3	8	PRMT3	0.9921605041790631	False
0.00018179823172439355	0.4925373134328358	0.11647989280912291	0.35335703173841615	T cell	Erythroid	2	6	8	3	6	PTPN12	0.9921605041790631	False
0.00021427890104397967	0.4925373134328358	0.1731069460709409	0.23911140099324013	B cell	Dendritic cell	2	6	7	3	6	RCSD1	0.9921605041790631	False
0.0004773517137536634	0.4925373134328358	0.1825813129703781	0.2771759376812857	NK	Plasma cell	2	7	8	3	8	RNF216	0.9921605041790631	False
5.3472221268871036e-05	0.4925373134328358	0.0646975560650403	0.26127838712638113	NK	T cell	2	7	13	7	12	SCAPER	0.9921605041790631	False
0.00039863948854287765	0.4925373134328358	0.18484793975865405	0.18138651471984807	Erythroid	Plasma cell	2	6	7	3	7	SINHCAF	0.9921605041790631	False
0.00019720962271603298	0.4925373134328358	0.14727133735537323	0.3878730654253799	NK	Erythroid	2	7	12	4	10	TACC3	0.9921605041790631	False
0.00013161283523984937	0.4925373134328358	0.06496151050084442	0.04527005735173628	Plasma cell	NK	2	7	17	6	14	TASP1	0.9921605041790631	False
3.737614599641688e-05	0.4925373134328358	0.09592808093646576	0.13845480317416453	Erythroid	Plasma cell	2	7	16	7	16	TOP1	0.9921605041790631	False
0.0006101023763748349	0.4925373134328358	0.0875750393993131	0.18605066290183858	Monocyte	T cell	2	3	5	3	4	TRIM66	0.9921605041790631	False
0.00012017408818721455	0.4925373134328358	0.1221517309883422	0.15711829266071992	Plasma cell	Erythroid	2	7	13	7	13	UBE3A	0.9921605041790631	False
0.00022934710112648498	0.4925373134328358	0.19914417572013926	0.16483859770912884	NK	Dendritic cell	2	7	18	7	15	ZMYM5	0.9921605041790631	False
7.517141008623879e-05	0.4925373134328358	0.08002761914812856	0.24804720981737016	Plasma cell	Monocyte	2	7	17	8	14	ZNFX1	0.9921605041790631	False
5.289070167654131e-05	0.4975124378109453	0.18484027412302134	0.4387542201215395	Plasma cell	T cell	2	6	13	5	9	ADAM28	0.9921605041790631	False
0.00047810968612805335	0.4975124378109453	0.11224806455761488	0.0860937860937861	Erythroid	T cell	2	6	7	3	6	AKR1A1	0.9921605041790631	False
6.653596023396471e-06	0.4975124378109453	0.012293448679908558	0.22832099872916198	B cell	Erythroid	2	2	3	3	3	CASP1	0.9921605041790631	False
0.0006247523462261371	0.4975124378109453	0.05731019171048218	0.18926972837083816	Monocyte	B cell	2	3	4	3	4	CCT6P3	0.9921605041790631	False
5.530042807048017e-05	0.4975124378109453	0.1102212860415327	0.5820607809190481	Erythroid	Dendritic cell	2	7	13	8	13	COX4I1	0.9921605041790631	False
0.00018385037227110736	0.4975124378109453	0.0672090169134546	0.11615134202388927	Dendritic cell	NK	2	7	13	7	12	EHMT1	0.9921605041790631	False
0.00011742504107143746	0.4975124378109453	0.2564707550156879	0.552967545073509	Erythroid	NK	2	7	9	4	9	EIF4B	0.9921605041790631	False
1.7258363346110655e-05	0.4975124378109453	0.032107750260643886	0.002361351320189109	T cell	Monocyte	2	2	3	3	3	EMC4	0.9921605041790631	False
0.00011531248597238254	0.4975124378109453	0.011516996448503306	0.035079374516915396	Erythroid	Monocyte	2	2	3	3	3	ENSG00000254682	0.9921605041790631	False
0.0015908595910583646	0.4975124378109453	0.12950105214261282	0.12473974568595386	Monocyte	T cell	2	7	9	4	6	ENSG00000268362	0.9921605041790631	False
0.000898153338979461	0.4975124378109453	0.06787112004295981	0.12786774628879888	T cell	B cell	2	2	3	3	3	ENSG00000278153	0.9921605041790631	False
0.0019648647651062962	0.4975124378109453	0.1906944792670514	0.38329670329670334	Dendritic cell	B cell	2	7	12	3	6	ENTPD6	0.9921605041790631	False
7.797409867075911e-05	0.4975124378109453	0.11197101301394197	0.43003518395851154	Dendritic cell	NK	2	7	10	6	10	FNIP1	0.9921605041790631	False
0.00019758452669201926	0.4975124378109453	0.05712752959474604	0.039398377987257094	B cell	Plasma cell	2	7	13	4	9	IGF1R	0.9921605041790631	False
0.00012909925954396464	0.4975124378109453	0.1321481107950061	0.46554902975965967	Plasma cell	Monocyte	2	7	12	7	10	ISG20	0.9921605041790631	False
0.00044029941502800606	0.4975124378109453	0.09694079671396993	0.22101315241492114	B cell	NK	2	7	14	4	8	LSS	0.9921605041790631	False
0.0008122090856654512	0.4975124378109453	0.05657056264494481	0.0648989898989899	Erythroid	B cell	2	2	3	3	3	LYRM7	0.9921605041790631	False
0.00014379142676817814	0.4975124378109453	0.0882725825064587	0.21445746989727116	NK	Erythroid	2	7	18	8	14	ME2	0.9921605041790631	False
0.00036879401460507077	0.4975124378109453	0.08058161281517967	0.07927652151015435	Erythroid	Monocyte	2	5	9	3	7	MED12L	0.9921605041790631	False
0.0002835783797063292	0.4975124378109453	0.10121465521022693	0.2117362708109981	Dendritic cell	Erythroid	2	7	11	4	7	MPP7	0.9921605041790631	False
0.00021341379550767094	0.4975124378109453	0.36401721080270955	0.3904149566803466	Erythroid	NK	2	5	6	3	5	MRPL34	0.9921605041790631	False
0.0009067578254769962	0.4975124378109453	0.08263957246965742	0.017056603773584922	T cell	Monocyte	2	2	3	3	3	NTAQ1	0.9921605041790631	False
0.0006985144869632522	0.4975124378109453	0.49007789351210096	0.43200100553041726	T cell	Dendritic cell	2	3	5	3	5	POP4	0.9921605041790631	False
0.00037061970581159454	0.4975124378109453	0.12169074521304135	0.19362156092083094	Monocyte	T cell	2	4	5	3	4	QARS1	0.9921605041790631	False
9.212877796228511e-05	0.4975124378109453	0.11879356838416244	0.2101830542226903	Plasma cell	B cell	2	7	9	5	9	RAB7A	0.9921605041790631	False
0.00019606219981215518	0.4975124378109453	0.12328627765342265	0.19509348335133647	Monocyte	Erythroid	2	7	9	4	9	RAF1	0.9921605041790631	False
0.0004145747295335803	0.4975124378109453	0.1542120246955756	0.14380746905018754	Plasma cell	Erythroid	2	5	8	3	4	RAI1	0.9921605041790631	False
0.0004601166907243034	0.4975124378109453	0.06971931107642648	0.3122053087731949	Erythroid	Monocyte	2	6	7	4	6	S100PBP	0.9921605041790631	False
0.0001329333860795856	0.4975124378109453	0.0824623436735224	0.025739713868817238	Plasma cell	NK	2	7	11	7	10	SIPA1L3	0.9921605041790631	False
0.0001234193351833139	0.4975124378109453	0.055315120281346886	0.23165392801857582	T cell	B cell	2	7	13	7	13	SMG1	0.9921605041790631	False
0.0005418195190440591	0.4975124378109453	0.06281600799209563	0.10105270947808553	T cell	Monocyte	2	2	3	3	3	SRGAP2B	0.9921605041790631	False
0.00024720300231152867	0.4975124378109453	0.21767642550428318	0.28638202492893067	Monocyte	B cell	2	5	6	3	5	STAT2	0.9921605041790631	False
9.508580367179352e-05	0.4975124378109453	0.10215341802238997	0.08157542615182184	Monocyte	Plasma cell	2	7	14	3	12	STK3	0.9921605041790631	False
0.0007387122033541678	0.4975124378109453	0.2058264412484362	0.2244273410298699	NK	T cell	2	7	10	3	7	TBC1D19	0.9921605041790631	False
0.0003473366649028909	0.4975124378109453	0.14740836293250628	0.37771736972113457	NK	Dendritic cell	2	7	10	5	9	TNPO1	0.9921605041790631	False
0.0010667662272112633	0.4975124378109453	0.12014117688271597	0.12613024194315953	NK	T cell	2	7	7	3	5	TSIX	0.9921605041790631	False
0.000111091123915688	0.4975124378109453	0.14450424175442778	0.21889100773528147	Monocyte	Plasma cell	2	7	11	4	8	ZBTB7A	0.9921605041790631	False
0.00018367654435580527	0.5024875621890548	0.09818504315250953	0.09146670990056205	T cell	Erythroid	2	6	8	3	5	APH1B	0.9921605041790631	False
0.00023147826528659263	0.5024875621890548	0.168263612785102	0.18959517700524892	B cell	Dendritic cell	2	6	6	3	6	BCAS2	0.9921605041790631	False
0.000597702895879945	0.5024875621890548	0.13567518318354999	0.3254789632510262	T cell	B cell	2	4	6	3	5	BSDC1	0.9921605041790631	False
0.0002997502286750055	0.5024875621890548	0.09166040415267285	0.08105438707274815	Dendritic cell	Erythroid	2	7	9	5	9	CAPN7	0.9921605041790631	False
0.00018542377292648146	0.5024875621890548	0.11459367656946762	0.13189869140904187	B cell	NK	2	4	8	4	6	COLGALT1	0.9921605041790631	False
5.931543076085883e-05	0.5024875621890548	0.1723453250861262	0.2477813251067188	B cell	Monocyte	2	3	5	3	4	COMMD4	0.9921605041790631	False
0.00016095817426490448	0.5024875621890548	0.06966654717145726	0.18705222893160434	Monocyte	Plasma cell	2	3	4	3	3	DNAJA4	0.9921605041790631	False
0.00032042590265545466	0.5024875621890548	0.15622462824324002	0.18526361328369595	NK	Erythroid	2	7	9	4	8	ELP4	0.9921605041790631	False
0.00043627936083934606	0.5024875621890548	0.09961760461760472	0.052008456659619395	T cell	Monocyte	2	2	3	3	3	ENSG00000289152	0.9921605041790631	False
0.00014897069908904537	0.5024875621890548	0.12808743438470443	0.12908346972176754	Plasma cell	Monocyte	2	7	13	5	11	ENSG00000291075	0.9921605041790631	False
0.00025277264452231395	0.5024875621890548	0.1513635259004945	0.35713597037272876	Plasma cell	Dendritic cell	2	7	13	5	11	FAM91A1	0.9921605041790631	False
0.0009791598985538037	0.5024875621890548	0.09117660117660126	0.06043956043956045	Monocyte	T cell	2	2	3	3	3	GGT7	0.9921605041790631	False
0.0008434162169830298	0.5024875621890548	0.29581484586987145	0.30324276950043827	Plasma cell	B cell	2	5	8	3	6	GPR108	0.9921605041790631	False
0.00023337073185709204	0.5024875621890548	0.11408042985431471	0.20342014137495612	NK	Dendritic cell	2	7	12	5	10	HNRNPD	0.9921605041790631	False
0.0002562461637434868	0.5024875621890548	0.2909267064446693	0.32376935285653413	Plasma cell	Dendritic cell	2	7	11	5	10	HNRNPUL1	0.9921605041790631	False
0.00034300685861261875	0.5024875621890548	0.15959962578960063	0.21635672806393424	Monocyte	Plasma cell	2	7	17	4	11	IFT52	0.9921605041790631	False
0.00010333466078129497	0.5024875621890548	0.2809528207998047	0.1287353908601021	Monocyte	B cell	2	4	6	3	6	IGBP1	0.9921605041790631	False
0.0011544036520067474	0.5024875621890548	0.1426096025358674	0.11539004090844968	Monocyte	T cell	2	4	6	3	5	LHFPL2	0.9921605041790631	False
9.154735009627788e-05	0.5024875621890548	0.14882425823175693	0.2723219140837412	B cell	Erythroid	2	5	8	4	6	MRPL22	0.9921605041790631	False
0.0001526614927226659	0.5024875621890548	0.5902078124131274	0.7420867048488679	Monocyte	Erythroid	2	5	7	3	4	NOA1	0.9921605041790631	False
0.0004462589513572493	0.5024875621890548	0.11695423314372083	0.08891257995735607	Erythroid	Monocyte	2	6	6	3	4	NOP16	0.9921605041790631	False
8.786601947633308e-05	0.5024875621890548	0.36050477336118775	0.549479881638754	Plasma cell	NK	2	7	11	3	7	PDLIM1	0.9921605041790631	False
0.00016507181159879314	0.5024875621890548	0.08019447677853764	0.18386485219542292	B cell	Dendritic cell	2	7	17	5	13	PPP4R1	0.9921605041790631	False
0.000997737947814001	0.5024875621890548	0.3695299044505239	0.49230519631020253	B cell	Dendritic cell	2	7	13	4	12	PSME3IP1	0.9921605041790631	False
4.356177679336979e-05	0.5024875621890548	0.09057467872565822	0.22476187508439543	B cell	Dendritic cell	2	3	5	3	5	PZP	0.9921605041790631	False
0.00011241951725172968	0.5024875621890548	0.10720895286815774	0.07365681691162779	NK	Plasma cell	2	7	18	10	16	RNMT	0.9921605041790631	False
0.0003587257995696227	0.5024875621890548	0.4497528816472288	0.4839466699603772	Plasma cell	Dendritic cell	2	7	8	3	6	RPAIN	0.9921605041790631	False
4.9918208842891845e-05	0.5024875621890548	0.06381520513677558	0.040469333753084036	Plasma cell	B cell	2	7	11	7	9	SLC39A11	0.9921605041790631	False
0.0004692957095341071	0.5024875621890548	0.09322156348362937	0.12114279398762151	B cell	NK	2	7	11	4	7	SLF2	0.9921605041790631	False
0.0005459234705132526	0.5024875621890548	0.11665716276460092	0.22801282187360694	Dendritic cell	Erythroid	2	6	7	3	7	SMG7	0.9921605041790631	False
0.0002160939097085199	0.5024875621890548	0.17618216137517012	0.14270439041081245	Dendritic cell	Erythroid	2	7	11	4	9	SYMPK	0.9921605041790631	False
3.663634045610315e-05	0.5024875621890548	0.031016432286962603	0.004264638082065564	B cell	Erythroid	2	2	3	3	3	TIGAR	0.9921605041790631	False
0.0001586192654404706	0.5024875621890548	0.2232965325319763	0.33844698791318006	Erythroid	B cell	2	4	5	3	4	TRMT10C	0.9921605041790631	False
0.002660406954555916	0.5024875621890548	0.4260012919896641	0.5031055900621118	Dendritic cell	T cell	2	6	9	3	6	ULK3	0.9921605041790631	False
0.00013967161196144355	0.5024875621890548	0.18635531987395682	0.24376380582942725	NK	Plasma cell	2	7	10	4	7	VKORC1	0.9921605041790631	False
0.000338256457725536	0.5024875621890548	0.21969955208648106	0.5308031494931127	Plasma cell	Erythroid	2	6	8	4	7	ZNF107	0.9921605041790631	False
0.0006014103297916223	0.5024875621890548	0.10874053478589274	0.1640299220117778	Monocyte	B cell	2	4	6	3	4	ZNF248	0.9921605041790631	False
0.00032768500810528454	0.5024875621890548	0.10117638820440794	0.16121220591211827	Monocyte	Plasma cell	2	6	8	3	7	ZNF736	0.9921605041790631	False
0.00024123652868116458	0.5074626865671642	0.0773300199019824	0.1096123573396301	T cell	B cell	2	7	9	3	7	ANK3	0.9921605041790631	False
0.0002597326322393641	0.5074626865671642	0.1141747792555915	0.1366574285707346	Monocyte	Erythroid	2	7	12	3	9	APOOL	0.9921605041790631	False
0.0002664682000271879	0.5074626865671642	0.22890539914275532	0.2742456283966619	Erythroid	Plasma cell	2	6	8	3	5	ARID3A	0.9921605041790631	False
0.00015745444870962017	0.5074626865671642	0.14852712060043266	0.337493909478388	Plasma cell	B cell	2	6	7	3	6	ARL4A	0.9921605041790631	False
0.00011724301961148746	0.5074626865671642	0.14919053969225254	0.2506985616010006	Dendritic cell	Erythroid	2	7	11	5	11	ARL6IP1	0.9921605041790631	False
0.000957194519449182	0.5074626865671642	0.19669643840914558	0.11480859747868732	T cell	Monocyte	2	5	6	3	4	CHAMP1	0.9921605041790631	False
0.00023418640253317216	0.5074626865671642	0.11174962471279548	0.6004344665599408	Monocyte	B cell	2	3	5	3	4	CHID1	0.9921605041790631	False
0.0009226482613690723	0.5074626865671642	0.06294894260780859	0.09733940556088205	T cell	NK	2	2	3	3	3	DCXR	0.9921605041790631	False
0.0002023288341096549	0.5074626865671642	0.08120614037884494	0.16344871690435958	Plasma cell	B cell	2	7	18	9	15	DLEU1	0.9921605041790631	False
0.0004707179220114523	0.5074626865671642	0.6031398100833131	0.591182364729459	NK	B cell	2	7	11	3	9	ELOF1	0.9921605041790631	False
0.0014771712814613054	0.5074626865671642	0.1437503515755548	0.16207037643207856	Monocyte	B cell	2	2	3	3	3	ENSG00000256712	0.9921605041790631	False
0.00037213884371775527	0.5074626865671642	0.0525194086729851	0.11829353442256674	Erythroid	T cell	2	3	6	3	5	ENSG00000290192	0.9921605041790631	False
0.00037352918094810155	0.5074626865671642	0.08457442864066245	0.1561050138779252	Erythroid	T cell	2	7	11	4	9	ENTPD1-AS1	0.9921605041790631	False
0.000376805396987596	0.5074626865671642	0.07547155121511573	0.09253578382810101	Erythroid	Monocyte	2	4	8	3	6	GALNT11	0.9921605041790631	False
0.0004062432829235656	0.5074626865671642	0.13871232798712912	0.24412196605004288	Dendritic cell	Plasma cell	2	7	10	3	8	LARP1	0.9921605041790631	False
0.00034245659661276536	0.5074626865671642	0.12472544342375552	0.048037353592909116	B cell	Dendritic cell	2	6	7	3	4	LHFPL6	0.9921605041790631	False
0.0006543469004292796	0.5074626865671642	0.06292511979312526	0.2611968514763002	NK	Monocyte	2	6	10	4	7	LIG1	0.9921605041790631	False
0.00024791048624107144	0.5074626865671642	0.1557618248850024	0.12592107747108722	B cell	Erythroid	2	7	11	5	9	METTL16	0.9921605041790631	False
0.00031469071547020685	0.5074626865671642	0.27433023935752465	0.4689418125328734	Monocyte	B cell	2	7	8	3	8	MRPS33	0.9921605041790631	False
0.0001550856125820239	0.5074626865671642	0.06831846338835501	0.1634394392093772	Monocyte	Dendritic cell	2	7	9	7	9	PEBP1	0.9921605041790631	False
0.00015635462866907208	0.5074626865671642	0.17129623099953023	0.26753952569169964	Plasma cell	T cell	2	6	8	3	7	PFDN1	0.9921605041790631	False
0.00012194019382625805	0.5074626865671642	0.09804076702342224	0.1726087874204102	Erythroid	B cell	2	7	10	3	8	POLK	0.9921605041790631	False
0.0007633806296650787	0.5074626865671642	0.041686622152571795	0.024042965090863677	Plasma cell	Erythroid	2	2	3	3	3	RAD51C	0.9921605041790631	False
9.180036681633076e-05	0.5074626865671642	0.12228097995689224	0.09589920948616604	Dendritic cell	NK	2	7	14	7	12	SAP18	0.9921605041790631	False
0.0002529464179050259	0.5074626865671642	0.2317341216085921	0.17965724397754282	Monocyte	Erythroid	2	4	5	3	4	SDHAF3	0.9921605041790631	False
0.0002376457542205489	0.5074626865671642	0.1890173221604315	0.14414678548781895	T cell	B cell	2	5	5	3	4	SELENOK	0.9921605041790631	False
7.483889690732833e-05	0.5074626865671642	0.18312732245961277	0.21370521861777148	Plasma cell	Erythroid	2	6	7	4	6	SFT2D2	0.9921605041790631	False
0.001501240920221433	0.5074626865671642	0.33036705888979806	0.3645112113320206	Erythroid	Dendritic cell	2	7	12	5	10	SMIM20	0.9921605041790631	False
6.852920133712663e-07	0.5074626865671642	0.01828188310747736	0.17191664792147324	B cell	Monocyte	2	2	3	3	3	UQCRQ	0.9921605041790631	False
0.0014324616863229827	0.5074626865671642	0.3189697192713495	0.47646410637558334	Plasma cell	B cell	2	7	13	4	9	ZFP90	0.9921605041790631	False
0.0002477897599518155	0.5074626865671642	0.30058651026392963	0.5240722372056039	B cell	Monocyte	2	7	10	3	5	ZNF524	0.9921605041790631	False
0.0004128939980350602	0.5074626865671642	0.0670437681823981	0.051005747126436685	Plasma cell	B cell	2	3	6	4	5	ZNF69	0.9921605041790631	False
0.0002660885910251887	0.5124378109452736	0.1588616126879745	0.13069088231684872	Erythroid	Monocyte	2	4	5	3	4	ACBD3	0.9921605041790631	False
0.00033342001475170796	0.5124378109452736	0.053320177607418584	0.09633752760247216	NK	Monocyte	2	3	3	3	3	ALKBH7	0.9921605041790631	False
0.0014498339607627731	0.5124378109452736	0.1556392449094946	0.18388906301484365	Monocyte	B cell	2	5	9	4	6	AP3M1	0.9921605041790631	False
0.0005812258889919671	0.5124378109452736	0.1693355478723494	0.17593769866497133	Dendritic cell	B cell	2	7	10	4	6	APPBP2	0.9921605041790631	False
0.00033266725240252784	0.5124378109452736	0.06893802758485124	0.03648493275221265	Monocyte	B cell	2	4	5	3	4	ATP6V0E1	0.9921605041790631	False
0.00023623771797663163	0.5124378109452736	0.288519433202269	0.3342311923821085	Dendritic cell	Plasma cell	2	7	14	4	10	CCDC25	0.9921605041790631	False
0.00027025571863028403	0.5124378109452736	0.11192108074636886	0.06273487230615848	T cell	Erythroid	2	3	4	3	3	CIZ1	0.9921605041790631	False
0.0001590156630620479	0.5124378109452736	0.12004617702989867	0.2547510088222839	Plasma cell	Monocyte	2	7	12	3	11	CLTA	0.9921605041790631	False
0.00017161374680461783	0.5124378109452736	0.3031022460278689	0.27584310850439886	B cell	Dendritic cell	2	4	7	3	5	CNTROB	0.9921605041790631	False
0.0002628160341212455	0.5124378109452736	0.08916763635039004	0.20542433726869425	T cell	NK	2	7	15	7	12	DOCK11	0.9921605041790631	False
0.00042299555108957085	0.5124378109452736	0.38102189764660244	0.42604273765526446	Monocyte	T cell	2	5	8	3	5	EIF2B1	0.9921605041790631	False
0.0007612602932067695	0.5124378109452736	0.19308505558505562	0.17339952071208486	B cell	T cell	2	4	7	3	4	ENSG00000254538	0.9921605041790631	False
0.0007838419200499804	0.5124378109452736	0.0479380097027155	0.0318721964271661	B cell	T cell	2	2	3	3	3	ENSG00000259398	0.9921605041790631	False
0.00035184968354553755	0.5124378109452736	0.32089204797701537	0.28894097592158535	NK	Plasma cell	2	7	9	3	7	FAM76B	0.9921605041790631	False
8.364126385286636e-05	0.5124378109452736	0.03333638388486215	0.06628072528739692	NK	Dendritic cell	2	7	11	7	10	GBF1	0.9921605041790631	False
5.846261951291581e-05	0.5124378109452736	0.24868776631617695	0.3913868109714043	Plasma cell	Dendritic cell	2	7	13	5	10	GLYR1	0.9921605041790631	False
0.0005328989651574176	0.5124378109452736	0.22314554130599396	0.24843909276248732	Erythroid	Monocyte	2	5	6	3	5	GNPAT	0.9921605041790631	False
0.0015380826424138273	0.5124378109452736	0.16965818488557383	0.17587641117052888	Erythroid	Dendritic cell	2	6	8	3	5	HAUS8	0.9921605041790631	False
0.0001299536892069943	0.5124378109452736	0.05610662727568855	0.11784751325268866	Monocyte	Plasma cell	2	7	10	3	8	IL15	0.9921605041790631	False
0.0006808710275841175	0.5124378109452736	0.23549518337455427	0.175944170771757	Erythroid	Plasma cell	2	6	11	3	7	INTS12	0.9921605041790631	False
0.0003268115518859716	0.5124378109452736	0.022507263206341388	0.018356643356643387	T cell	NK	2	3	5	4	4	KCNQ1	0.9921605041790631	False
0.0016632500470012744	0.5124378109452736	0.17289007832477965	0.43879739140046425	B cell	T cell	2	6	6	3	5	KDELR1	0.9921605041790631	False
0.0008658152581655749	0.5124378109452736	0.17562204153067706	0.2581666329898296	Monocyte	B cell	2	3	4	3	3	MARCHF2	0.9921605041790631	False
3.463298527853288e-05	0.5124378109452736	0.07783453739578261	0.058432780964135345	Monocyte	T cell	2	7	18	8	15	NRIP1	0.9921605041790631	False
0.00011004435940646847	0.5124378109452736	0.2908630746757827	0.3151886865907941	Monocyte	NK	2	7	13	4	11	NSFL1C	0.9921605041790631	False
0.0015829521026016764	0.5124378109452736	0.26603075716978775	0.25083762115591723	NK	B cell	2	7	13	4	8	PRMT7	0.9921605041790631	False
0.0010704911762673256	0.5124378109452736	0.20549152788693403	0.055385354718567925	Erythroid	T cell	2	3	4	3	3	PRPF19	0.9921605041790631	False
0.00021589201319796938	0.5124378109452736	0.058155330475767486	0.04290540540540544	Erythroid	B cell	2	5	10	3	8	RAP2C-AS1	0.9921605041790631	False
0.00022953266062074253	0.5124378109452736	0.029795503371548515	0.1704933996104951	Plasma cell	Erythroid	2	5	6	3	5	RNF220	0.9921605041790631	False
6.828881638621652e-05	0.5124378109452736	0.06102575046237013	0.04533582089552246	T cell	B cell	2	3	4	3	3	RNFT1	0.9921605041790631	False
0.00010842024352230498	0.5124378109452736	0.11141859889830324	0.3432462277706007	Monocyte	Dendritic cell	2	7	13	8	13	RPLP1	0.9921605041790631	False
0.00038397527168683687	0.5124378109452736	0.20676940354157491	0.1914548952110965	B cell	Monocyte	2	6	11	3	7	RPP38	0.9921605041790631	False
0.00023298051124586054	0.5124378109452736	0.08735178359317058	0.1240328491923442	Plasma cell	B cell	2	7	8	5	8	RSBN1L	0.9921605041790631	False
0.0005655159323694275	0.5124378109452736	0.1766337775825484	0.3338455719715155	Plasma cell	Monocyte	2	7	9	5	8	RYBP	0.9921605041790631	False
0.0014420144392653423	0.5124378109452736	0.24018658908397045	0.3905071957412344	Plasma cell	NK	2	7	10	5	10	SF1	0.9921605041790631	False
0.0002081360663005554	0.5124378109452736	0.09432353024739493	0.12854192566626582	Erythroid	B cell	2	7	10	3	9	SIK2	0.9921605041790631	False
0.0003056233543161205	0.5124378109452736	0.3708674611073475	0.5103843883724362	Monocyte	NK	2	5	9	3	7	TASL	0.9921605041790631	False
0.000408615454926832	0.5124378109452736	0.18322457966701344	0.2816635234952067	NK	Erythroid	2	7	8	3	6	UBALD2	0.9921605041790631	False
0.0003296104462623837	0.5124378109452736	0.07990570790942625	0.29912313624522024	Erythroid	Monocyte	2	7	13	8	13	USP3	0.9921605041790631	False
0.0005361776523109705	0.5124378109452736	0.14688568942017988	0.21607218045112786	B cell	Monocyte	2	7	13	3	7	VAC14	0.9921605041790631	False
0.000650722794186954	0.5124378109452736	0.09674250099782017	0.11505068217783668	Monocyte	T cell	2	2	3	3	3	WDR53	0.9921605041790631	False
0.00025841650678585897	0.5124378109452736	0.059804780894331944	0.07426241122987931	Plasma cell	Monocyte	2	7	10	4	7	WIPF2	0.9921605041790631	False
0.00027887417644808653	0.5124378109452736	0.01923668369194176	0.12984928716904276	Erythroid	B cell	2	4	6	3	4	YPEL2	0.9921605041790631	False
0.00025799180916532427	0.5124378109452736	0.10630298981671543	0.1553730457154166	B cell	T cell	2	5	8	3	7	ZNF337-AS1	0.9921605041790631	False
9.078117798723476e-05	0.5174129353233831	0.22051431802049662	0.24584717607973422	Erythroid	T cell	2	7	10	3	6	ANKRD13D	0.9921605041790631	False
5.337969213106205e-05	0.5174129353233831	0.09828312700201203	0.3276254754790996	B cell	NK	2	7	9	6	9	ARHGDIB	0.9921605041790631	False
0.0007078143145662541	0.5174129353233831	0.12050342951960624	0.06167076167076163	Dendritic cell	Monocyte	2	5	4	3	4	CHODL	0.9921605041790631	False
0.00013926341821954166	0.5174129353233831	0.0034238144030856454	0.06644159474348155	B cell	T cell	2	2	3	3	3	DDX17	0.9921605041790631	False
0.0014710495482203323	0.5174129353233831	0.2074315216676328	0.1799443857321671	B cell	T cell	2	4	6	3	6	DNAJC21	0.9921605041790631	False
0.00031586983381039777	0.5174129353233831	0.1437292036458772	0.13611111111111107	Plasma cell	NK	2	6	9	3	5	ENSG00000286803	0.9921605041790631	False
0.00028370992412622145	0.5174129353233831	0.0853388528011575	0.21812524174878906	NK	Plasma cell	2	4	6	3	5	ENSG00000287837	0.9921605041790631	False
1.212036615471564e-05	0.5174129353233831	0.24136476798326578	0.875420767339554	Monocyte	T cell	2	5	8	3	5	HEBP1	0.9921605041790631	False
0.00017680036574699347	0.5174129353233831	0.16025413099878655	0.18212076388820714	Dendritic cell	Plasma cell	2	7	13	5	11	ICE2	0.9921605041790631	False
0.0003822429503515754	0.5174129353233831	0.08941585823806375	0.037878787878787956	T cell	NK	2	3	4	3	4	IMPA2	0.9921605041790631	False
0.00044317486234251257	0.5174129353233831	0.15649805396882116	0.21355042016806725	B cell	Monocyte	2	5	8	3	6	INTS14	0.9921605041790631	False
0.00046650088657915613	0.5174129353233831	0.1905554064414049	0.3254430379746836	Erythroid	T cell	2	4	7	4	6	KLHL18	0.9921605041790631	False
0.000664452983727601	0.5174129353233831	0.20188165290681814	0.21382842509603073	Erythroid	Monocyte	2	6	11	3	7	LRRC57	0.9921605041790631	False
7.85553910322184e-05	0.5174129353233831	0.11506292205773222	0.1701897759464972	Dendritic cell	T cell	2	7	19	7	16	MORC3	0.9921605041790631	False
0.0006458315349612924	0.5174129353233831	0.16971776231159685	0.2701552478571	NK	Plasma cell	2	7	10	4	8	NUCB2	0.9921605041790631	False
0.0006536563073130088	0.5174129353233831	0.23850260929813333	0.47309257567050705	B cell	Erythroid	2	6	9	3	5	P2RX1	0.9921605041790631	False
0.00035382709936799194	0.5174129353233831	0.19799383806797222	0.20709469732716762	Plasma cell	B cell	2	7	9	4	7	PCF11	0.9921605041790631	False
0.00025226248449706693	0.5174129353233831	0.3216813602572324	0.5252504020095221	NK	T cell	2	7	11	4	8	PER1	0.9921605041790631	False
5.599973035352801e-05	0.5174129353233831	0.1007934389047026	0.14699609088803983	Erythroid	Dendritic cell	2	7	17	7	13	PREX1	0.9921605041790631	False
0.00023440301698924597	0.5174129353233831	0.06708303457999115	0.11272186385943633	T cell	Dendritic cell	2	7	16	4	13	SEH1L	0.9921605041790631	False
0.00015353543319626857	0.5174129353233831	0.11803026454538734	0.3336748548384597	Erythroid	NK	2	7	10	5	10	STK10	0.9921605041790631	False
0.0015319094836157639	0.5174129353233831	0.11317892851140227	0.2619542041346065	Plasma cell	NK	2	7	12	6	11	TMEM165	0.9921605041790631	False
0.0009501375287914003	0.5174129353233831	0.16089270940488032	0.22090789606713174	Monocyte	T cell	2	4	8	3	6	TMLHE-AS1	0.9921605041790631	False
0.0006447478140788372	0.5174129353233831	0.09957627004355973	0.08120642664618816	NK	T cell	2	5	5	3	5	TRIM44	0.9921605041790631	False
0.0009254970400012027	0.5174129353233831	0.05521926284638151	0.05297619047619048	T cell	B cell	2	2	3	3	3	VAMP3	0.9921605041790631	False
0.0005281952841755997	0.5174129353233831	0.09735607858306111	0.30878915381019173	Plasma cell	Dendritic cell	2	5	7	3	6	VRK3	0.9921605041790631	False
0.00047822214741831924	0.5223880597014925	0.05298638559508123	0.04495572542193299	B cell	T cell	2	2	3	3	3	ABCF2	0.9921605041790631	False
0.0015933916624907712	0.5223880597014925	0.13406875284201414	0.25858517367756995	Erythroid	B cell	2	5	7	3	6	AKIRIN1	0.9921605041790631	False
0.0001218049190228469	0.5223880597014925	0.22847371409327444	0.30241245392311744	Plasma cell	NK	2	7	14	5	12	CPNE3	0.9921605041790631	False
0.00027870625850448977	0.5223880597014925	0.2091876981307031	0.2405454581026354	B cell	Plasma cell	2	7	10	3	7	DCAF15	0.9921605041790631	False
0.001928476699985833	0.5223880597014925	0.25246858898214947	0.20090884515276097	NK	Erythroid	2	7	10	6	10	DDX6	0.9921605041790631	False
0.0007147442397904741	0.5223880597014925	0.12043940807119835	0.1954768607291964	B cell	Monocyte	2	4	5	3	3	DERL2	0.9921605041790631	False
0.0005933048433048431	0.5223880597014925	0.02905075871593149	0.07353883861236804	T cell	B cell	2	2	3	3	3	ENSG00000228386	0.9921605041790631	False
0.000379194354648386	0.5223880597014925	0.2047629726479699	0.19368614697283276	NK	Dendritic cell	2	6	8	3	6	ENSG00000268027	0.9921605041790631	False
8.564456728992883e-05	0.5223880597014925	0.3033640833441228	0.36098176776142876	Dendritic cell	B cell	2	6	7	3	7	FAAP20	0.9921605041790631	False
6.620404069102975e-05	0.5223880597014925	0.08156838647122566	0.2012062887760857	NK	Erythroid	2	7	12	4	10	GAB1	0.9921605041790631	False
0.00035239647622430326	0.5223880597014925	0.11005175172698445	0.22442634065724515	B cell	Erythroid	2	6	9	3	6	INSL6	0.9921605041790631	False
0.00022734779832999657	0.5223880597014925	0.24570287451942618	0.18828152180586544	Plasma cell	Erythroid	2	5	7	3	6	JOSD2	0.9921605041790631	False
0.00041204209241072463	0.5223880597014925	0.04422949735449733	0.12941176470588234	Dendritic cell	Monocyte	2	2	3	3	3	LIAS	0.9921605041790631	False
0.00019479923393220456	0.5223880597014925	0.014946224459267854	0.05625905060358516	Erythroid	Monocyte	2	7	11	4	10	MRPS26	0.9921605041790631	False
0.00014736015054051243	0.5223880597014925	0.1140080605892066	0.13514828868978251	Erythroid	Monocyte	2	7	15	7	12	MRPS31	0.9921605041790631	False
0.0001068301211597286	0.5223880597014925	0.12987814365101863	0.30993926825655455	Monocyte	Dendritic cell	2	7	9	5	8	PARP14	0.9921605041790631	False
0.0005830884655494852	0.5223880597014925	0.13830133033237507	0.23935510062054172	Erythroid	Plasma cell	2	7	13	4	10	PINX1	0.9921605041790631	False
0.00022620580324314742	0.5223880597014925	0.11015524085648798	0.23820497813328134	NK	T cell	2	5	6	3	5	RAB21	0.9921605041790631	False
0.0005428512908915004	0.5223880597014925	0.053129381011040866	0.25932484055547356	T cell	Plasma cell	2	4	7	3	5	RNF14	0.9921605041790631	False
0.0003422064046979825	0.5223880597014925	0.10815120967141739	0.07637309067273323	T cell	B cell	2	4	4	3	3	SERTAD1	0.9921605041790631	False
0.00045733863893212656	0.5223880597014925	0.2957617878881457	0.4026720870651507	Monocyte	NK	2	7	13	5	10	SPG21	0.9921605041790631	False
0.00033533736650700433	0.5223880597014925	0.4013488560619708	0.22953274760383385	T cell	Plasma cell	2	5	9	3	7	SRSF8	0.9921605041790631	False
0.00044475137698761263	0.5223880597014925	0.07577360160121127	0.14276014899335193	Dendritic cell	Erythroid	2	7	14	4	11	TRMT2B	0.9921605041790631	False
0.00037288309124084904	0.5223880597014925	0.1129905618449783	0.10099772448800981	T cell	Erythroid	2	6	10	4	7	UBE2O	0.9921605041790631	False
0.00035034673953866736	0.5223880597014925	0.1333748072242288	0.16690895497590957	Dendritic cell	Plasma cell	2	7	14	5	12	VPS26C	0.9921605041790631	False
0.0007409701247093141	0.5223880597014925	0.17596224861671084	0.18788363171355504	Dendritic cell	B cell	2	3	5	3	4	ZNF552	0.9921605041790631	False
0.0003956226718671406	0.5223880597014925	0.06836543252400346	0.09979882216993607	Plasma cell	T cell	2	7	12	3	8	ZNG1E	0.9921605041790631	False
0.00018419804731561069	0.5223880597014925	0.039717081152133904	0.13432074502303176	Plasma cell	NK	2	7	10	3	9	ZSWIM6	0.9921605041790631	False
0.00011001520145708423	0.527363184079602	0.11516637682717362	0.16576780329389934	Dendritic cell	T cell	2	7	13	5	11	ABCG1	0.9921605041790631	False
0.0004845526418324919	0.527363184079602	0.09201158240277041	0.18455332380872347	Erythroid	T cell	2	5	9	4	6	ANKLE2	0.9921605041790631	False
0.00023600397871797581	0.527363184079602	0.23440304217366623	0.641037851037851	B cell	Dendritic cell	2	6	7	3	5	C1orf174	0.9921605041790631	False
8.177270672105242e-05	0.527363184079602	0.11555301373555266	0.32586748198238674	Plasma cell	Erythroid	2	7	10	6	9	CANX	0.9921605041790631	False
0.00023455977909809037	0.527363184079602	0.06658965594993299	0.302064608942304	Dendritic cell	Erythroid	2	7	15	9	13	CD99	0.9921605041790631	False
0.000507897849733972	0.527363184079602	0.10588464847926582	0.1188793214239815	NK	Dendritic cell	2	7	9	3	7	CEP83	0.9921605041790631	False
0.0004310832524537368	0.527363184079602	0.13840383671729772	0.23890923890923887	Monocyte	B cell	2	6	7	3	5	CHD1L	0.9921605041790631	False
0.00021161370436652226	0.527363184079602	0.08716590363857546	0.04664338815048441	T cell	Monocyte	2	3	5	3	4	CLSPN	0.9921605041790631	False
0.00017074927991742741	0.527363184079602	0.08343504624599951	0.1577106110295533	Dendritic cell	Erythroid	2	6	8	3	7	CRY1	0.9921605041790631	False
0.0001679142127937702	0.527363184079602	0.07013834394447144	0.06263616557734208	Erythroid	Dendritic cell	2	7	12	4	8	DACH1	0.9921605041790631	False
0.0024099150638798783	0.527363184079602	0.4124505199217468	0.5403467564978213	Plasma cell	Dendritic cell	2	7	10	3	7	EHD1	0.9921605041790631	False
0.00030915827722787566	0.527363184079602	0.21197793000203485	0.16679379608441391	Monocyte	Erythroid	2	4	5	3	4	ENSG00000290854	0.9921605041790631	False
0.00022825687950710785	0.527363184079602	0.10001841841827863	0.1066975099061836	Monocyte	Dendritic cell	2	7	11	4	10	ENSG00000290928	0.9921605041790631	False
0.00039917480550370624	0.527363184079602	0.15060640402870779	0.20139990894009246	NK	Dendritic cell	2	7	7	4	7	EPB41	0.9921605041790631	False
0.0003682116001788411	0.527363184079602	0.2308954615302643	0.39450835684827434	Plasma cell	Dendritic cell	2	7	11	3	6	HMG20A	0.9921605041790631	False
9.052137926049012e-05	0.527363184079602	0.06056953025345302	0.1712904635795644	Dendritic cell	Monocyte	2	6	8	3	6	INPP5A	0.9921605041790631	False
0.0005376761211481895	0.527363184079602	0.14631039788675765	0.12427184466019414	NK	B cell	2	7	11	3	7	KLHL15	0.9921605041790631	False
0.00034509757642650683	0.527363184079602	0.3163276604053302	0.4177909725658364	Monocyte	B cell	2	5	7	3	5	LINC00662	0.9921605041790631	False
6.343767252307119e-05	0.527363184079602	0.06895406007845128	0.14175401931608062	T cell	Plasma cell	2	7	12	6	12	NFKB1	0.9921605041790631	False
8.527845007085295e-06	0.527363184079602	0.35387506012506015	0.6033958154696653	Monocyte	NK	2	7	10	4	7	NUDT22	0.9921605041790631	False
7.844181147921861e-05	0.527363184079602	0.1984119921075702	0.5554270008236819	Monocyte	Plasma cell	2	7	10	5	10	PPP2CA	0.9921605041790631	False
0.0003242439343917445	0.527363184079602	0.047672740695996474	0.08385949310804802	B cell	Plasma cell	2	2	3	3	3	PPP2R3A	0.9921605041790631	False
0.00016523520929406413	0.527363184079602	0.0988495037168543	0.21622348812021003	Dendritic cell	Erythroid	2	7	12	4	10	RAB11A	0.9921605041790631	False
8.695885468516471e-05	0.527363184079602	0.11333262411833767	0.12116713311992011	Dendritic cell	NK	2	7	12	8	12	RAPGEF2	0.9921605041790631	False
2.871834483869744e-05	0.527363184079602	0.11608259340141308	0.2850991446841111	Plasma cell	Monocyte	2	7	18	7	12	RNF125	0.9921605041790631	False
0.0022916571978087085	0.527363184079602	0.0859199280251911	0.09419729206963251	Erythroid	B cell	2	2	3	3	3	SLC24A1	0.9921605041790631	False
0.0004037396036393309	0.527363184079602	0.18206289283922628	0.33082119877171473	NK	Erythroid	2	7	12	4	8	SLC39A8	0.9921605041790631	False
0.00021395032581100304	0.527363184079602	0.19596159768258875	0.2147861549722891	Plasma cell	NK	2	7	12	3	8	STX18	0.9921605041790631	False
0.00034450724007100753	0.527363184079602	0.29252535826236786	0.2863683112162878	Erythroid	Monocyte	2	3	4	3	3	TAF13	0.9921605041790631	False
0.0003037608592899622	0.527363184079602	0.138159693375429	0.2902834008097166	NK	Monocyte	2	7	12	3	10	TBC1D14	0.9921605041790631	False
0.00031926157591867407	0.527363184079602	0.29589847005996067	0.3327520731612803	Erythroid	T cell	2	4	5	3	4	TMEM222	0.9921605041790631	False
0.0011932386193153116	0.527363184079602	0.3120596956979142	0.3350012040778102	Erythroid	Dendritic cell	2	7	11	3	9	UPRT	0.9921605041790631	False
0.0009654327244157202	0.527363184079602	0.128072746998168	0.26240368351813564	T cell	Monocyte	2	2	3	3	3	ZC3HC1	0.9921605041790631	False
0.0006733611505663936	0.527363184079602	0.15503353072686976	0.24143466212271153	Monocyte	B cell	2	7	11	4	7	ZNF33B	0.9921605041790631	False
0.0006293981922383864	0.5323383084577115	0.18826490235386145	0.15398860398860398	NK	Plasma cell	2	7	8	3	5	ANGPT2	0.9921605041790631	False
0.0001137679835716133	0.5323383084577115	0.07242610421110013	0.13267206660934877	Plasma cell	NK	2	7	9	7	9	BBX	0.9921605041790631	False
0.00013325375902934259	0.5323383084577115	0.07322872326415286	0.11261482675261886	Plasma cell	T cell	2	5	10	4	6	BRCA1	0.9921605041790631	False
0.0001439173899152345	0.5323383084577115	0.08309894822734654	0.09946987730131901	T cell	B cell	2	5	8	4	6	BRIX1	0.9921605041790631	False
0.0003762760723462023	0.5323383084577115	0.10060643262620894	0.28641032125114074	Dendritic cell	NK	2	7	13	5	11	CCDC32	0.9921605041790631	False
9.84629546336577e-05	0.5323383084577115	0.20329031206563652	0.4180965089465576	Monocyte	B cell	2	7	9	6	9	CNBP	0.9921605041790631	False
0.0005664208505963559	0.5323383084577115	0.2747738462024177	0.6318371943371943	B cell	Erythroid	2	6	8	3	4	COQ9	0.9921605041790631	False
0.00035985927796519445	0.5323383084577115	0.14849346750642367	0.15108111015490527	T cell	Monocyte	2	7	17	7	12	CRYZL1	0.9921605041790631	False
0.0003930640448848215	0.5323383084577115	0.24956082365579146	0.3146341463414634	Plasma cell	B cell	2	4	6	3	4	DGKA	0.9921605041790631	False
0.00043219081380014266	0.5323383084577115	0.12844086227214624	0.327899914174424	Monocyte	Plasma cell	2	7	10	3	7	ERAP2	0.9921605041790631	False
0.0008001488857256936	0.5323383084577115	0.22924530322210268	0.17495513228738496	Erythroid	Dendritic cell	2	6	12	3	10	ISCA1	0.9921605041790631	False
0.00016249486978262925	0.5323383084577115	0.14060543235605927	0.2157365586149983	NK	Plasma cell	2	5	7	3	6	ITGAX	0.9921605041790631	False
0.0013781388191644504	0.5323383084577115	0.16732819565818913	0.18019884009942005	Monocyte	B cell	2	6	9	3	6	KARS1	0.9921605041790631	False
0.00025708093485555795	0.5323383084577115	0.25211314355634273	0.11245470516157186	Monocyte	Dendritic cell	2	6	10	3	7	NAAA	0.9921605041790631	False
0.00048507209800999966	0.5323383084577115	0.19582536246188742	0.30593007994272764	Monocyte	B cell	2	5	6	3	5	NIPSNAP2	0.9921605041790631	False
0.00013731758868192853	0.5323383084577115	0.05439772647010355	0.14345458266615402	B cell	T cell	2	7	14	6	14	NSD3	0.9921605041790631	False
0.0002752774532996564	0.5323383084577115	0.08411372056945887	0.14052973851781603	T cell	Monocyte	2	4	8	3	5	PDSS1	0.9921605041790631	False
0.00040569320559734285	0.5323383084577115	0.23731062802480818	0.34254404230871516	NK	Erythroid	2	7	11	4	7	SLC25A16	0.9921605041790631	False
0.0001215055254856025	0.5323383084577115	0.11587425816361935	0.07433880893464406	NK	Plasma cell	2	7	13	7	12	SMARCA2	0.9921605041790631	False
0.0004061888096864347	0.5323383084577115	0.06901048311852809	0.062027845414247385	T cell	Monocyte	2	2	3	3	3	SNRNP35	0.9921605041790631	False
0.0002879865348480337	0.5323383084577115	0.2831115819497219	0.48709570957095705	B cell	Erythroid	2	6	7	3	7	THEM4	0.9921605041790631	False
0.0007358700597257153	0.5373134328358209	0.09543936629540972	0.13564317360085554	Erythroid	B cell	2	6	8	3	6	BCAP29	0.9921605041790631	False
0.00045760200470469935	0.5373134328358209	0.033404370280268436	0.1367254278558948	Plasma cell	Erythroid	2	6	7	4	7	CDC73	0.9921605041790631	False
0.0005735923145608872	0.5373134328358209	0.168136217713999	0.1496827459674337	B cell	Monocyte	2	4	7	3	4	CEP70	0.9921605041790631	False
0.0005557463351293647	0.5373134328358209	0.11545501780111422	0.06918290043290043	Monocyte	Plasma cell	2	7	13	3	10	DDRGK1	0.9921605041790631	False
0.00022479272257471003	0.5373134328358209	0.12225740636880911	0.21339432818032045	B cell	Dendritic cell	2	6	9	3	7	EEA1	0.9921605041790631	False
0.00025396717463546344	0.5373134328358209	0.0694978480768928	0.30617735753852804	Dendritic cell	NK	2	7	18	11	17	ELF1	0.9921605041790631	False
0.00170760549161026	0.5373134328358209	0.17033172033151334	0.05866941886313115	Monocyte	Dendritic cell	2	2	3	3	3	GBP1	0.9921605041790631	False
0.00014960625362724005	0.5373134328358209	0.2875765661731823	0.36525477482556906	Plasma cell	Monocyte	2	7	8	3	7	H2AZ2	0.9921605041790631	False
0.0003290889885157769	0.5373134328358209	0.2909568594786963	0.5061782476949835	Dendritic cell	Erythroid	2	6	11	3	7	HADH	0.9921605041790631	False
0.00031140893203101573	0.5373134328358209	0.09465289349336292	0.05838399189463017	B cell	T cell	2	3	4	3	4	INO80E	0.9921605041790631	False
0.0002065486031805827	0.5373134328358209	0.11452188294725435	0.2340297002995585	B cell	Dendritic cell	2	7	11	7	10	NUTM2A-AS1	0.9921605041790631	False
0.00029360309459757676	0.5373134328358209	0.11628744229286969	0.2667101447750885	B cell	T cell	2	5	8	4	5	PIGX	0.9921605041790631	False
0.00014869294640149858	0.5373134328358209	0.229529572260267	0.48705364049011457	Dendritic cell	Plasma cell	2	7	14	3	12	PRELID3B	0.9921605041790631	False
0.00018751516227946672	0.5373134328358209	0.07670681159032344	0.3304628405927509	Monocyte	NK	2	7	14	8	14	RNF19A	0.9921605041790631	False
0.00048463219982319307	0.5373134328358209	0.18886190681762455	0.18804362371202998	Plasma cell	Erythroid	2	7	9	3	6	SDHAP1	0.9921605041790631	False
0.0004551857706845214	0.5373134328358209	0.09098528116400612	0.06573565816381444	Monocyte	B cell	2	4	5	3	4	SMG5	0.9921605041790631	False
7.20215188095989e-05	0.5373134328358209	0.14030041500388007	0.35998903165032703	NK	Dendritic cell	2	7	10	5	9	SQSTM1	0.9921605041790631	False
0.0010892597134953615	0.5373134328358209	0.19400656814449918	0.26942148760330575	Plasma cell	B cell	2	3	5	3	4	TMEM184C	0.9921605041790631	False
0.00014515979772040396	0.5373134328358209	0.102221237562374	0.12253079496590003	NK	T cell	2	7	12	4	8	TMEM33	0.9921605041790631	False
0.014864788669909272	0.5373134328358209	0.15643273137350067	0.2665379665379665	B cell	T cell	2	2	3	3	3	TRIM28	0.9921605041790631	False
5.517232842388079e-05	0.5373134328358209	0.13139567560957438	0.17632451766856727	NK	Erythroid	2	7	11	7	10	UPF2	0.9921605041790631	False
0.00041568698608037476	0.5373134328358209	0.08647645833069695	0.042332474226804084	B cell	T cell	2	3	4	3	4	ZNF341	0.9921605041790631	False
0.00016983123601055288	0.5373134328358209	0.2317725818616126	0.3815678989411109	Dendritic cell	Plasma cell	2	7	9	3	8	ZNF654	0.9921605041790631	False
0.001502878491887332	0.5422885572139303	0.07745712441845037	0.09015345268542196	Monocyte	B cell	2	2	3	3	3	ANKRD13A	0.9921605041790631	False
0.0022263642375216284	0.5422885572139303	0.2731359746627491	0.33128342245989306	Dendritic cell	Plasma cell	2	7	10	3	8	AP2A2	0.9921605041790631	False
0.00012716573878892903	0.5422885572139303	0.02740654884695004	0.026583595839939633	Monocyte	T cell	2	2	3	3	3	ARFRP1	0.9921605041790631	False
0.00013387340578066234	0.5422885572139303	0.03543641227530814	0.15666711363989605	Monocyte	Erythroid	2	7	13	9	13	ARIH1	0.9921605041790631	False
0.00034421191092539986	0.5422885572139303	0.17862778796969747	0.1473288204447289	Erythroid	Plasma cell	2	4	5	3	4	ARRB1	0.9921605041790631	False
0.00023022709900324517	0.5422885572139303	0.21343030364866744	0.32166425237405444	Plasma cell	B cell	2	4	5	3	4	AZI2	0.9921605041790631	False
0.00039483061055805836	0.5422885572139303	0.1045530526482304	0.27100525632966416	Monocyte	Plasma cell	2	5	8	3	6	CC2D2A	0.9921605041790631	False
0.0005874963881205666	0.5422885572139303	0.19590681703326568	0.20739765830645102	Plasma cell	Erythroid	2	6	8	3	6	GP6-AS1	0.9921605041790631	False
0.00011784966096529094	0.5422885572139303	0.19723550007164076	0.442341996329962	B cell	NK	2	7	11	5	9	HNRNPF	0.9921605041790631	False
0.00019936226720652535	0.5422885572139303	0.16564584562200158	0.12445509293397017	Dendritic cell	Erythroid	2	7	15	3	11	KIF16B	0.9921605041790631	False
0.0005066327057550912	0.5422885572139303	0.1410237965072929	0.491890260311734	Plasma cell	B cell	2	3	4	3	4	MAP2K3	0.9921605041790631	False
0.0007399115725263679	0.5422885572139303	0.10469767246237832	0.23060841597426962	B cell	Erythroid	2	5	7	3	5	MLH1	0.9921605041790631	False
0.00016233769364409925	0.5422885572139303	0.557625450562386	0.5310788867489898	Dendritic cell	B cell	2	7	11	4	6	MPDU1	0.9921605041790631	False
0.0009495884884516905	0.5422885572139303	0.06268118655844146	0.3261426956311071	Plasma cell	Erythroid	2	4	5	3	5	MRPL11	0.9921605041790631	False
0.00010466327395398613	0.5422885572139303	0.24935538942348157	0.23331350903579165	NK	Plasma cell	2	7	17	8	13	MRPS6	0.9921605041790631	False
0.00016518751945354145	0.5422885572139303	0.09996010718500042	0.30917680615821896	Plasma cell	Dendritic cell	2	7	18	9	15	NAA16	0.9921605041790631	False
9.965256389167093e-05	0.5422885572139303	0.18194433611235838	0.3584522682589383	Erythroid	Plasma cell	2	7	15	4	10	NPEPL1	0.9921605041790631	False
0.00033276149724655155	0.5422885572139303	0.049656915418918146	0.11560552834688076	NK	Plasma cell	2	7	8	3	8	NRF1	0.9921605041790631	False
0.0003036814082472515	0.5422885572139303	0.20038785385001673	0.12318570728581663	T cell	B cell	2	6	7	3	5	NUCKS1	0.9921605041790631	False
0.0008469642626727253	0.5422885572139303	0.3147868902278425	0.3345754916990117	Plasma cell	NK	2	7	10	3	9	PGK1	0.9921605041790631	False
6.739693524033684e-05	0.5422885572139303	0.14717505114928575	0.7094982078853047	B cell	Plasma cell	2	6	7	3	6	PITHD1	0.9921605041790631	False
0.00037553478617267304	0.5422885572139303	0.018640694419894077	0.21848589453636474	T cell	Monocyte	2	3	4	3	4	PSMD7	0.9921605041790631	False
0.00011187933894047739	0.5422885572139303	0.10756755788479605	0.1748738024106315	T cell	Plasma cell	2	7	11	4	8	RAB18	0.9921605041790631	False
0.0003327167502966455	0.5422885572139303	0.13515734747345048	0.25202015804869005	NK	Erythroid	2	7	13	7	12	RABGAP1	0.9921605041790631	False
4.6923477139599266e-05	0.5422885572139303	0.046020695308746584	0.16038589648548157	T cell	B cell	2	7	17	11	15	ROCK1	0.9921605041790631	False
0.00036947363444172186	0.5422885572139303	0.05505627960493187	0.10953091371551554	Plasma cell	Dendritic cell	2	7	7	3	6	RPRD2	0.9921605041790631	False
0.00041973067521349937	0.5422885572139303	0.2794893724210499	0.3688154843514616	Monocyte	Dendritic cell	2	6	9	3	5	SCAMP4	0.9921605041790631	False
0.0002555920908486436	0.5422885572139303	0.14052288404759783	0.15844120589469207	Plasma cell	Dendritic cell	2	7	10	6	10	SF3B2	0.9921605041790631	False
0.00019090195225641675	0.5422885572139303	0.08460408170916489	0.0707255236576052	NK	Erythroid	2	7	12	5	10	SIN3A	0.9921605041790631	False
0.0002382535857747771	0.5422885572139303	0.2112166182692667	0.18478877735608124	Dendritic cell	Erythroid	2	7	10	4	10	SKIC3	0.9921605041790631	False
0.00011298381880563222	0.5422885572139303	0.0495903099030755	0.09972827001227502	NK	Plasma cell	2	7	12	5	9	SLC10A7	0.9921605041790631	False
0.0004200399315484831	0.5422885572139303	0.07540451819685695	0.07071960297766744	B cell	Dendritic cell	2	6	6	3	5	SLC41A2	0.9921605041790631	False
0.000147269363401031	0.5422885572139303	0.33628387144388994	0.27785034426893473	Dendritic cell	Plasma cell	2	6	11	3	11	SNHG17	0.9921605041790631	False
3.459089525914188e-05	0.5422885572139303	0.04797104953294207	0.060861450812828455	Plasma cell	Erythroid	2	7	13	7	13	SNX29	0.9921605041790631	False
7.443186725077153e-05	0.5422885572139303	0.10874267405182758	0.15821615181846327	Monocyte	NK	2	6	9	3	7	TENT4A	0.9921605041790631	False
0.0001648152926348614	0.5422885572139303	0.43442624987770184	0.375708950869413	B cell	Monocyte	2	6	12	3	8	TIPIN	0.9921605041790631	False
0.00013892560254610673	0.5422885572139303	0.11643704877330763	0.1822946656626951	NK	Dendritic cell	2	7	9	4	7	TSC22D2	0.9921605041790631	False
0.0007235221181450714	0.5472636815920398	0.16297424987493492	0.3901918976545842	Monocyte	B cell	2	4	7	3	5	AIMP2	0.9921605041790631	False
0.00040162955843092	0.5472636815920398	0.15852948752588691	0.18724874703244526	Monocyte	Dendritic cell	2	6	7	3	6	ATP2B4	0.9921605041790631	False
0.0011739127645817378	0.5472636815920398	0.0796433444624397	0.02856152856152855	Plasma cell	B cell	2	2	3	3	3	BAHD1	0.9921605041790631	False
0.0006031307997184388	0.5472636815920398	0.08915770823379521	0.3649314325670334	T cell	Plasma cell	2	4	7	3	5	BTD	0.9921605041790631	False
0.00017813754426046827	0.5472636815920398	0.34866372897756687	0.30835497346731394	T cell	NK	2	6	9	3	6	CD300A	0.9921605041790631	False
0.0009782734738234043	0.5472636815920398	0.2426828031574067	0.413811768814388	Plasma cell	Dendritic cell	2	7	9	3	5	CD82	0.9921605041790631	False
0.0001601629336797033	0.5472636815920398	0.05031485733098273	0.07227246540531335	Plasma cell	B cell	2	7	13	8	12	CMIP	0.9921605041790631	False
0.00024765994675869673	0.5472636815920398	0.14337736911245752	0.37269742334019695	Dendritic cell	Plasma cell	2	3	5	3	5	COX5A	0.9921605041790631	False
0.0003812748547716262	0.5472636815920398	0.10847927517628098	0.1191504321129438	NK	T cell	2	7	14	6	12	EIF3E	0.9921605041790631	False
0.0006995975758928195	0.5472636815920398	0.11555899797839653	0.10176224042674792	Monocyte	Erythroid	2	5	7	3	5	ENSG00000261267	0.9921605041790631	False
0.00035570010389179455	0.5472636815920398	0.11413840533347136	0.11331996224634261	Monocyte	Erythroid	2	5	6	3	4	ENSG00000285921	0.9921605041790631	False
0.003092877171175309	0.5472636815920398	0.13676771130950516	0.2717715617715618	Monocyte	Dendritic cell	2	3	4	3	4	FAS	0.9921605041790631	False
0.0001914345481815411	0.5472636815920398	0.2224102592193945	0.35553937347519965	Monocyte	Plasma cell	2	7	10	4	8	GADD45B	0.9921605041790631	False
0.00036463037956810206	0.5472636815920398	0.29594222521641883	0.3151589789520824	T cell	B cell	2	5	10	4	5	GINS1	0.9921605041790631	False
0.00022823461312789474	0.5472636815920398	0.1736959016320705	0.3137402797981431	Monocyte	T cell	2	4	7	3	4	GINS2	0.9921605041790631	False
0.000256152947599583	0.5472636815920398	0.053224132446738515	0.07804397886551168	Erythroid	T cell	2	7	13	7	11	HERC2	0.9921605041790631	False
0.0002299586319523999	0.5472636815920398	0.3508902990760491	0.5710854786581968	B cell	NK	2	7	7	3	7	IFI16	0.9921605041790631	False
0.0002089527155187791	0.5472636815920398	0.2531277249019434	0.2926678015564202	Monocyte	B cell	2	4	7	3	5	KIAA1191	0.9921605041790631	False
0.0012573438481945363	0.5472636815920398	0.263513515780048	0.1753877732399433	Monocyte	T cell	2	6	11	4	7	LHPP	0.9921605041790631	False
0.0011928236052868085	0.5472636815920398	0.0937225746688663	0.030526597166532998	T cell	Plasma cell	2	2	3	3	3	LIMA1	0.9921605041790631	False
0.0006695382630377627	0.5472636815920398	0.5897668421900601	0.6795087719298246	NK	Erythroid	2	5	7	3	4	LPXN	0.9921605041790631	False
0.0003449895382129129	0.5472636815920398	0.10349832078398602	0.12546598951861254	Plasma cell	Monocyte	2	5	7	4	5	MPZL1	0.9921605041790631	False
0.0003722672748559674	0.5472636815920398	0.09563165862505407	0.26122429057406776	T cell	NK	2	7	11	4	8	MYO1F	0.9921605041790631	False
0.0010498081368876182	0.5472636815920398	0.26270062923228016	0.2931582688063442	B cell	Dendritic cell	2	7	10	4	7	NADSYN1	0.9921605041790631	False
0.00044402154359519155	0.5472636815920398	0.36108256866332034	0.3040961396347257	Monocyte	NK	2	7	12	3	8	NAE1	0.9921605041790631	False
0.00019055529269586545	0.5472636815920398	0.07023904448868229	0.18069159401815355	B cell	Dendritic cell	2	7	10	5	10	PPP6R3	0.9921605041790631	False
0.00024711256808190017	0.5472636815920398	0.04717833929655807	0.10218855218855222	Plasma cell	T cell	2	6	8	3	7	RNH1	0.9921605041790631	False
0.00021216459228495425	0.5472636815920398	0.13229541769204334	0.08671328671328665	Erythroid	Plasma cell	2	6	9	3	7	SLC16A7	0.9921605041790631	False
0.0004395175649652299	0.5472636815920398	0.3815641073818109	0.6114443084455325	Dendritic cell	Plasma cell	2	7	11	3	7	SPPL2B	0.9921605041790631	False
0.00013940908957419532	0.5472636815920398	0.1263634866684899	0.17174102601366076	NK	Plasma cell	2	7	12	3	11	TCEA1	0.9921605041790631	False
0.0004084372940647577	0.5472636815920398	0.18712134539626746	0.13308670472578887	Plasma cell	NK	2	7	8	3	6	TPK1	0.9921605041790631	False
0.0002825981313257172	0.5472636815920398	0.06768289009552908	0.05319460647041391	Erythroid	NK	2	7	8	4	7	UQCR11	0.9921605041790631	False
0.00011307506624754705	0.5472636815920398	0.1419301872132061	0.2584947332653755	Plasma cell	B cell	2	3	5	3	4	WDR5	0.9921605041790631	False
0.0001639741585753307	0.5472636815920398	0.11576200657032792	0.2132680138803838	Dendritic cell	Plasma cell	2	6	8	3	5	XNDC1N	0.9921605041790631	False
0.0001079874458467595	0.5472636815920398	0.0667348183548328	0.16551650980923693	Dendritic cell	Erythroid	2	7	18	7	14	YES1	0.9921605041790631	False
0.00012473154585337934	0.5522388059701493	0.11539948549765794	0.17080874903152754	Plasma cell	NK	2	7	13	6	11	AAGAB	0.9921605041790631	False
0.0004831855200726292	0.5522388059701493	0.2560590266698254	0.4363132363132364	B cell	Monocyte	2	6	8	3	6	ARL3	0.9921605041790631	False
0.00018014902413204274	0.5522388059701493	0.16821165221619	0.17904827114002053	T cell	Monocyte	2	3	4	3	4	COPG2	0.9921605041790631	False
0.00017689253339532086	0.5522388059701493	0.15361959057055774	0.1278460278460279	Monocyte	B cell	2	7	7	3	5	CYBC1	0.9921605041790631	False
0.000128032324053451	0.5522388059701493	0.19593170992828857	0.3508291614518148	Erythroid	Monocyte	2	6	15	4	10	DNTTIP1	0.9921605041790631	False
0.0003175730910560811	0.5522388059701493	0.20237541848149992	0.3728182586159992	Monocyte	B cell	2	4	7	3	6	GNPDA1	0.9921605041790631	False
0.00011399645000626901	0.5522388059701493	0.14134070767632473	0.18469549040452082	NK	Erythroid	2	7	9	4	7	HCLS1	0.9921605041790631	False
0.0001937021818356267	0.5522388059701493	0.21240606377750748	0.2805980931351503	Monocyte	Plasma cell	2	5	6	4	5	ITPA	0.9921605041790631	False
0.000363694462127652	0.5522388059701493	0.04652020578556115	0.14400159653324213	NK	B cell	2	2	3	3	3	JAML	0.9921605041790631	False
0.00019548018748063545	0.5522388059701493	0.10041398536174567	0.10013063324210952	NK	B cell	2	7	9	3	8	LRCH3	0.9921605041790631	False
0.0002125095206487409	0.5522388059701493	0.21323706040713808	0.23137365743357835	NK	Monocyte	2	7	12	4	10	NOL8	0.9921605041790631	False
0.0001862628206967204	0.5522388059701493	0.02609346567947335	0.07770034843205575	T cell	Erythroid	2	2	3	3	3	NSUN5P2	0.9921605041790631	False
0.0005619335168442047	0.5522388059701493	0.16545329405741305	0.1343453843453843	Plasma cell	Dendritic cell	2	6	9	3	7	PARP11	0.9921605041790631	False
0.0002799584004695746	0.5522388059701493	0.0731790233457062	0.10509799844352269	Plasma cell	Erythroid	2	7	18	6	15	PIAS2	0.9921605041790631	False
0.00020449348269811958	0.5522388059701493	0.13149313500102117	0.2673733286418015	T cell	Monocyte	2	7	10	3	7	PRKAR1A	0.9921605041790631	False
0.0014921940113877812	0.5522388059701493	0.2070838356346994	0.36342185136202326	NK	Plasma cell	2	7	14	6	12	PVT1	0.9921605041790631	False
1.9507209639697662e-05	0.5522388059701493	0.09985650289347381	0.12228662570318366	Plasma cell	Dendritic cell	2	7	12	5	8	RBM47	0.9921605041790631	False
0.0006831340681398987	0.5522388059701493	0.15887979331506852	0.13182674199623357	B cell	Dendritic cell	2	4	6	3	4	SNX12	0.9921605041790631	False
0.00020536187652893812	0.5522388059701493	0.05728425356095029	0.2314732483382369	T cell	Erythroid	2	6	9	5	8	TMEM39A	0.9921605041790631	False
0.0005196946596896421	0.5522388059701493	0.044681026858446216	0.0755603554444002	Plasma cell	Monocyte	2	4	7	3	6	WDR19	0.9921605041790631	False
0.0003875321620445173	0.5522388059701493	0.048183798454730975	0.16287356974030454	B cell	Monocyte	2	5	7	3	6	WDR26	0.9921605041790631	False
0.00043475866154802934	0.5522388059701493	0.282585283859651	0.2787782485875706	Dendritic cell	B cell	2	5	8	3	6	YIPF5	0.9921605041790631	False
0.000522318580611587	0.5522388059701493	0.1185839976601662	0.05577613011241328	NK	Plasma cell	2	7	10	3	9	ZNF169	0.9921605041790631	False
0.0001234171093901396	0.5572139303482587	0.12379248129868714	0.21508362563830447	NK	Erythroid	2	7	9	3	7	ADIPOR2	0.9921605041790631	False
0.00036717619864486817	0.5572139303482587	0.18927629395602402	0.24099485420240135	NK	B cell	2	7	10	3	8	ANXA6	0.9921605041790631	False
0.0019820194187004647	0.5572139303482587	0.09113837410163167	0.15062597809076683	T cell	B cell	2	2	3	3	3	BRD9	0.9921605041790631	False
0.00013980248341851313	0.5572139303482587	0.2571439158424665	0.20314253647586983	B cell	Dendritic cell	2	7	12	3	9	C15orf40	0.9921605041790631	False
0.000532172025146491	0.5572139303482587	0.2628090869676026	0.6865322560015203	NK	Dendritic cell	2	7	9	6	9	CIRBP	0.9921605041790631	False
0.00042888749554125416	0.5572139303482587	0.15471315778847117	0.2421875	Dendritic cell	B cell	2	6	10	3	7	COQ4	0.9921605041790631	False
0.00017051653447562365	0.5572139303482587	0.10075419837271671	0.16889140271493214	NK	Dendritic cell	2	7	12	4	9	DCAF10	0.9921605041790631	False
0.0006802733175214862	0.5572139303482587	0.11775967431749967	0.0687092230130486	T cell	Monocyte	2	2	3	3	3	DDB2	0.9921605041790631	False
0.00014385917823305056	0.5572139303482587	0.19218323166906603	0.15952983459859904	NK	Plasma cell	2	7	12	5	10	EIF3J	0.9921605041790631	False
0.00033673902370818295	0.5572139303482587	0.09662805552028964	0.31787510041355516	B cell	Erythroid	2	2	3	3	3	ENSG00000261187	0.9921605041790631	False
0.0012323615647386096	0.5572139303482587	0.09118844118844116	0.11882414598122826	Erythroid	B cell	2	2	3	3	3	ENSG00000286242	0.9921605041790631	False
0.00021563596476159146	0.5572139303482587	0.10050880234610543	0.3207711282347777	NK	Monocyte	2	7	18	9	15	EPSTI1	0.9921605041790631	False
0.00026532544522659063	0.5572139303482587	0.2687973803143038	0.27096697552862914	Plasma cell	B cell	2	3	5	3	4	IL12RB1	0.9921605041790631	False
0.00020087832323686705	0.5572139303482587	0.13872337853599148	0.17330009553041992	Erythroid	Monocyte	2	2	3	3	3	LINC00861	0.9921605041790631	False
0.0010663047491813469	0.5572139303482587	0.1856815578243411	0.1385550490399226	Plasma cell	T cell	2	4	5	3	3	LRRC18	0.9921605041790631	False
0.0014449959209574263	0.5572139303482587	0.06908258394521916	0.01834608136570226	T cell	B cell	2	2	3	3	3	MED8	0.9921605041790631	False
0.0005332446274136402	0.5572139303482587	0.47804466566013504	0.436613665663945	Erythroid	T cell	2	4	7	3	4	MPP1	0.9921605041790631	False
0.0003246196586487331	0.5572139303482587	0.24992057678181778	0.15785810605071993	Dendritic cell	Plasma cell	2	6	9	3	8	OXSR1	0.9921605041790631	False
0.00023234839822345303	0.5572139303482587	0.09002173293832777	0.02898776997137653	T cell	Dendritic cell	2	3	3	3	3	PRDX6	0.9921605041790631	False
0.00023089050358394747	0.5572139303482587	0.203081625665953	0.3058185659895948	Monocyte	B cell	2	4	6	3	4	PSTPIP1	0.9921605041790631	False
7.88909775457946e-05	0.5572139303482587	0.15764503355497944	0.1272072713225636	NK	Plasma cell	2	7	13	7	13	PTBP3	0.9921605041790631	False
0.000252617632407393	0.5572139303482587	0.09435153747124447	0.25813998718652753	Dendritic cell	B cell	2	6	7	4	7	PUM1	0.9921605041790631	False
0.00024930284568952	0.5572139303482587	0.2499723763717967	0.26252144479992584	Plasma cell	NK	2	6	10	3	6	RBM17	0.9921605041790631	False
0.00025264549390504514	0.5572139303482587	0.2118109770302261	0.33165377601638113	Plasma cell	B cell	2	7	10	3	8	RPL9	0.9921605041790631	False
0.0005978790658093434	0.5572139303482587	0.19944933932812547	0.17985777685499987	NK	Monocyte	2	7	9	3	7	SDCBP	0.9921605041790631	False
0.0003653321614397363	0.5572139303482587	0.16099402246219655	0.22346014492753624	T cell	Plasma cell	2	4	4	3	4	SLC50A1	0.9921605041790631	False
0.00023864792261502098	0.5572139303482587	0.12588634925748227	0.14450502152080352	T cell	Plasma cell	2	6	10	3	7	VPS37A	0.9921605041790631	False
0.00017233296474262447	0.5572139303482587	0.20292137727205967	0.23150325026366053	NK	Erythroid	2	7	13	5	10	ZBTB21	0.9921605041790631	False
0.0002643870521002434	0.5621890547263682	0.09899084887130971	0.10114718307129844	Erythroid	Dendritic cell	2	7	9	3	7	ARHGAP10	0.9921605041790631	False
0.0003193576177511758	0.5621890547263682	0.176677367954172	0.18574561403508766	NK	Dendritic cell	2	7	7	3	5	ARMH1	0.9921605041790631	False
0.0006612188956454045	0.5621890547263682	0.2769296791772202	0.36435762919968745	NK	Plasma cell	2	7	12	3	9	C16orf87	0.9921605041790631	False
0.0002538999218435234	0.5621890547263682	0.0678501327308802	0.08311570977771116	Dendritic cell	Plasma cell	2	7	8	5	7	CCM2	0.9921605041790631	False
0.0007337200140361944	0.5621890547263682	0.16610754509690678	0.1702939306499731	T cell	Dendritic cell	2	5	7	3	4	CHMP7	0.9921605041790631	False
0.0007171693202775328	0.5621890547263682	0.07740252627734079	0.04135449735449731	T cell	Monocyte	2	2	4	4	4	CLIP2	0.9921605041790631	False
0.00014620990563218527	0.5621890547263682	0.0762366748189311	0.17972388854963667	T cell	Erythroid	2	7	11	3	6	DAPK1	0.9921605041790631	False
0.0001343194605694453	0.5621890547263682	0.06967834912972448	0.08292588428997272	NK	Erythroid	2	6	5	4	5	EEF1G	0.9921605041790631	False
0.000297511310381867	0.5621890547263682	0.17428210662765903	0.08003719720013197	Plasma cell	NK	2	7	18	9	16	ELP2	0.9921605041790631	False
0.00014130949425992192	0.5621890547263682	0.0940814879263081	0.20175242728518517	Plasma cell	Monocyte	2	7	13	6	11	FAM120A	0.9921605041790631	False
0.00015436201087073003	0.5621890547263682	0.10002297491411438	0.1654930805446792	T cell	Erythroid	2	7	12	3	7	FNIP2	0.9921605041790631	False
0.00030542909982892515	0.5621890547263682	0.16377763626195874	0.3190292665301698	Monocyte	B cell	2	6	7	3	5	GLMN	0.9921605041790631	False
0.0003122309211854574	0.5621890547263682	0.19316852115823446	0.24238113021879987	Plasma cell	Dendritic cell	2	6	9	3	7	GMPS	0.9921605041790631	False
0.0005821456989898583	0.5621890547263682	0.13518757270719062	0.19639221112978156	Plasma cell	B cell	2	4	6	3	5	GNA15	0.9921605041790631	False
0.00048025062538324355	0.5621890547263682	0.13257334866070686	0.2275747680505883	NK	Plasma cell	2	6	8	3	5	ITPRIP	0.9921605041790631	False
0.00019855403335042698	0.5621890547263682	0.07363955056935323	0.1948301055114237	NK	B cell	2	7	7	4	7	JAK1	0.9921605041790631	False
0.00013784560918622576	0.5621890547263682	0.18819482453686442	0.21753877447241288	NK	Plasma cell	2	7	9	4	9	KRAS	0.9921605041790631	False
2.296074481423736e-05	0.5621890547263682	0.0921436443498444	0.45448035205462967	Plasma cell	Dendritic cell	2	7	8	7	8	LINC-PINT	0.9921605041790631	False
0.00033578536370604554	0.5621890547263682	0.20018918276868253	0.21578947368421048	Erythroid	T cell	2	4	5	3	3	LRRC47	0.9921605041790631	False
0.0008220193221213149	0.5621890547263682	0.08562994813627905	0.07665044492375062	Plasma cell	B cell	2	3	4	3	4	MED16	0.9921605041790631	False
0.00019818847336404693	0.5621890547263682	0.25129058735713977	0.3690322520732149	T cell	B cell	2	5	7	3	5	MFSD1	0.9921605041790631	False
0.00019180367783741266	0.5621890547263682	0.16920083793119955	0.13546243703783095	Monocyte	B cell	2	4	6	3	6	MTOR	0.9921605041790631	False
0.00032334258208568955	0.5621890547263682	0.23365670434320313	0.455386008017587	Plasma cell	Dendritic cell	2	6	7	3	5	OMA1	0.9921605041790631	False
0.00018348945324708654	0.5621890547263682	0.1975074249017058	0.41262456466712344	Plasma cell	Dendritic cell	2	6	11	5	8	OPTN	0.9921605041790631	False
0.0014107010427313626	0.5621890547263682	0.2126332707051804	0.25631681243926147	T cell	Dendritic cell	2	5	6	3	5	PATJ	0.9921605041790631	False
0.00045674296532902375	0.5621890547263682	0.2526357703459153	0.22063882063882062	Plasma cell	Dendritic cell	2	7	9	3	7	PTPN11	0.9921605041790631	False
0.00021219270840925442	0.5621890547263682	0.14662806685457647	0.1773894990801438	Monocyte	B cell	2	7	10	4	9	RALY	0.9921605041790631	False
0.00032019904298119864	0.5621890547263682	0.2532350032236209	0.31583199120586963	Erythroid	Dendritic cell	2	6	10	3	7	SLFN5	0.9921605041790631	False
0.0007531589930600789	0.5621890547263682	0.20591861303993014	0.18584129438400798	Erythroid	Dendritic cell	2	6	10	3	7	SURF6	0.9921605041790631	False
0.0006641225075740882	0.5621890547263682	0.38044871794871793	0.6441557345931581	Erythroid	NK	2	7	8	3	6	TIMM17B	0.9921605041790631	False
0.0005935005388346563	0.5621890547263682	0.139294152334205	0.16846658070062326	Monocyte	Plasma cell	2	6	6	3	5	TMEM50A	0.9921605041790631	False
7.719505098749409e-05	0.5621890547263682	0.18936716219150346	0.6048513458672204	Dendritic cell	Erythroid	2	7	14	6	12	TRAM1	0.9921605041790631	False
5.1205023029257776e-05	0.5621890547263682	0.051091008982220576	0.04111187006106842	Monocyte	NK	2	7	13	8	13	WWOX	0.9921605041790631	False
0.0001338072119961323	0.5671641791044776	0.08147215316785267	0.028912856310735258	NK	Monocyte	2	7	13	8	13	ANKRD11	0.9921605041790631	False
0.0007501483356446774	0.5671641791044776	0.2875874392710973	0.32962501557244306	T cell	NK	2	6	9	3	7	BAG4	0.9921605041790631	False
2.9981920335437427e-05	0.5671641791044776	0.14898197646596045	0.20873004967266595	B cell	Plasma cell	2	7	12	7	12	CENPC	0.9921605041790631	False
0.00015349191261625054	0.5671641791044776	0.07040728768514554	0.1108407871198569	T cell	Erythroid	2	7	10	5	8	CREBRF	0.9921605041790631	False
0.00023826140936874504	0.5671641791044776	0.1553465558602634	0.2041558441558442	NK	Plasma cell	2	7	11	3	7	DHX8	0.9921605041790631	False
0.0004197153272336763	0.5671641791044776	0.1540271649248845	0.11027563761642767	Monocyte	Plasma cell	2	7	10	5	9	ENSG00000287351	0.9921605041790631	False
0.0003710654271542243	0.5671641791044776	0.1620945036755586	0.10156387282633439	T cell	Plasma cell	2	7	9	3	7	FTH1	0.9921605041790631	False
0.00012589961774449237	0.5671641791044776	0.12173991783268345	0.16552651692700082	T cell	Erythroid	2	7	13	3	10	GPR107	0.9921605041790631	False
0.00030506319216831924	0.5671641791044776	0.18774053990320855	0.5276769509981851	Dendritic cell	B cell	2	5	7	3	6	HEXB	0.9921605041790631	False
4.896932843702386e-05	0.5671641791044776	0.184649286041059	0.5661128625816797	Plasma cell	T cell	2	6	8	4	7	MAGOHB	0.9921605041790631	False
5.306073965258251e-05	0.5671641791044776	0.06534517665736306	0.04842041391279467	Erythroid	Plasma cell	2	7	12	5	10	MAML3	0.9921605041790631	False
5.801592735180647e-05	0.5671641791044776	0.0932691296384402	0.16445066514672907	B cell	Monocyte	2	7	10	7	10	MAN2A1	0.9921605041790631	False
0.0007689216954132492	0.5671641791044776	0.1837072935494286	0.18165162385250327	B cell	T cell	2	7	12	4	7	MFHAS1	0.9921605041790631	False
0.00025943345641447934	0.5671641791044776	0.06256101105817835	0.07779263400996722	Monocyte	Erythroid	2	3	5	4	5	MRPL21	0.9921605041790631	False
3.494991956276932e-05	0.5671641791044776	0.029402605934247594	0.19277936715136246	B cell	NK	2	7	18	10	16	MYCBP2	0.9921605041790631	False
1.1091561449197898e-05	0.5671641791044776	0.18849553334161384	0.07599228766284988	NK	T cell	2	7	15	6	11	MYL12A	0.9921605041790631	False
1.7179943542917577e-05	0.5671641791044776	0.2302363204495514	0.39476289660988795	NK	Dendritic cell	2	7	11	8	11	NOP53	0.9921605041790631	False
0.0008447511784934706	0.5671641791044776	0.05817081673993352	0.10079588958291358	B cell	T cell	2	2	3	3	3	PACSIN2	0.9921605041790631	False
0.001287656100526272	0.5671641791044776	0.4179628487536898	0.19481444547332427	Monocyte	Erythroid	2	5	6	3	5	PGAP2	0.9921605041790631	False
0.0004679867447230323	0.5671641791044776	0.19920911555406468	0.26422879908935687	Dendritic cell	B cell	2	6	8	3	5	PHF12	0.9921605041790631	False
0.0004462975096876779	0.5671641791044776	0.21437512937382058	0.09704744784006103	T cell	Monocyte	2	4	6	3	6	PPTC7	0.9921605041790631	False
0.0004821565875899185	0.5671641791044776	0.17980414777869713	0.39794479408769234	Erythroid	Monocyte	2	3	5	3	4	QPRT	0.9921605041790631	False
4.92013431945058e-05	0.5671641791044776	0.17845777020828768	0.19175607147548307	Erythroid	NK	2	7	13	4	11	RPL30	0.9921605041790631	False
0.0008794405894875553	0.5671641791044776	0.18457661070262837	0.2835643564356436	Monocyte	NK	2	5	7	3	5	SEC61A1	0.9921605041790631	False
0.00010622683585105495	0.5671641791044776	0.06786778995704457	0.26179613778371064	Erythroid	NK	2	7	13	6	12	SLC12A6	0.9921605041790631	False
0.0008751883853940967	0.5671641791044776	0.3059359364667654	0.34740962321792257	Plasma cell	Dendritic cell	2	6	9	3	7	STEEP1	0.9921605041790631	False
0.0002723076537329071	0.5671641791044776	0.12376408199743294	0.17153225934413674	B cell	Monocyte	2	7	10	4	9	SUMO3	0.9921605041790631	False
0.00030995915141865426	0.5671641791044776	0.1833837121885274	0.15133558337971997	Erythroid	Monocyte	2	6	15	4	9	TCP10L	0.9921605041790631	False
5.862119259514947e-05	0.5671641791044776	0.015074297207977483	0.32234248537511323	B cell	T cell	2	4	3	3	3	TOMM7	0.9921605041790631	False
0.00012079283328352973	0.5671641791044776	0.12414132371718406	0.16152223855569425	Plasma cell	Monocyte	2	7	17	5	14	USPL1	0.9921605041790631	False
4.1443379462207e-05	0.572139303482587	0.19063440467955445	0.28920955613661836	Monocyte	B cell	2	3	5	3	5	ACAD9	0.9921605041790631	False
0.00016803990788600995	0.572139303482587	0.112531041687154	0.11696846359101287	Erythroid	Plasma cell	2	7	14	3	9	ACSL4	0.9921605041790631	False
0.00022727887588101157	0.572139303482587	0.41501816198235003	0.4203083408704974	NK	Plasma cell	2	7	10	3	7	BCCIP	0.9921605041790631	False
8.068180263935455e-05	0.572139303482587	0.09531405740867538	0.07970509177151264	Monocyte	Dendritic cell	2	7	10	6	10	CAST	0.9921605041790631	False
0.0002682541099074833	0.572139303482587	0.2978515479003745	0.3248716803092072	Plasma cell	Dendritic cell	2	7	13	4	10	CMC2	0.9921605041790631	False
0.00022420520722054639	0.572139303482587	0.057482655075701494	0.13198257384303896	Erythroid	B cell	2	7	13	3	10	CTCF	0.9921605041790631	False
0.00034581322202906754	0.572139303482587	0.1810218552207633	0.3294825424816607	Dendritic cell	Monocyte	2	7	10	3	7	DCPS	0.9921605041790631	False
0.00016851663021880117	0.572139303482587	0.13141437510928416	0.1862192284637345	Dendritic cell	NK	2	7	15	4	12	DTD1	0.9921605041790631	False
6.312725590213699e-05	0.572139303482587	0.15478733593401522	0.33984453866343634	B cell	Erythroid	2	7	11	6	10	EIF3A	0.9921605041790631	False
0.00030098870269315564	0.572139303482587	0.13717168306081096	0.11412721418218941	B cell	T cell	2	4	7	3	5	EIF4A2	0.9921605041790631	False
0.004037227985440721	0.572139303482587	0.175131303780322	0.2370350969093766	Dendritic cell	Monocyte	2	2	3	3	3	ENSG00000272447	0.9921605041790631	False
0.0005139198980224981	0.572139303482587	0.14367943904557173	0.324188784841376	T cell	Erythroid	2	4	7	3	4	ENSG00000291113	0.9921605041790631	False
0.0006302424610164201	0.572139303482587	0.2878586898228224	0.3096845802599227	Plasma cell	Erythroid	2	5	9	3	6	EXOSC2	0.9921605041790631	False
0.00017794349794046058	0.572139303482587	0.06156973436361429	0.04872745271186152	NK	Plasma cell	2	7	7	4	7	FAF1	0.9921605041790631	False
0.0009808651447868143	0.572139303482587	0.13968561323985873	0.29390416573515166	Monocyte	B cell	2	6	8	3	6	GABARAPL1	0.9921605041790631	False
0.00018179712195340246	0.572139303482587	0.13415930631724066	0.11648362822859465	Monocyte	Erythroid	2	7	15	6	13	HDAC8	0.9921605041790631	False
0.0009410594671393769	0.572139303482587	0.5415051826966857	0.6412895927601809	B cell	Monocyte	2	7	13	4	10	KAT8	0.9921605041790631	False
0.00023719657005209725	0.572139303482587	0.2845925622598019	0.30308441558441557	NK	Erythroid	2	7	12	3	6	KDSR	0.9921605041790631	False
0.0003366002310925387	0.572139303482587	0.24137671325171323	0.2810103883255009	T cell	NK	2	6	9	3	7	MAN2C1	0.9921605041790631	False
7.704278832654479e-05	0.572139303482587	0.11302991496383796	0.22377097967649157	NK	Erythroid	2	7	11	7	10	PAFAH1B1	0.9921605041790631	False
0.00017155786015431282	0.572139303482587	0.24966573065396203	0.2813933378449508	Dendritic cell	T cell	2	6	10	4	8	PHAX	0.9921605041790631	False
0.00016118582172212274	0.572139303482587	0.1487172930204324	0.4181510139098547	B cell	NK	2	7	18	7	15	PHF11	0.9921605041790631	False
0.0003142798966485601	0.572139303482587	0.06788032215956363	0.08358455502787532	Monocyte	T cell	2	3	4	3	3	PI4KB	0.9921605041790631	False
0.0005420341708533237	0.572139303482587	0.154024876460018	0.09394304423029398	Plasma cell	B cell	2	3	4	3	3	RAB11FIP4	0.9921605041790631	False
0.0006730610022696906	0.572139303482587	0.2980668197841067	0.2596717909236215	NK	T cell	2	7	10	4	8	RASGRP1	0.9921605041790631	False
0.00045338144094163394	0.572139303482587	0.060701739658945375	0.09420853712761229	Erythroid	Monocyte	2	4	7	4	6	RIPK2-DT	0.9921605041790631	False
0.00020269527135113896	0.572139303482587	0.16978500255534668	0.14446746283207412	B cell	Monocyte	2	3	5	3	4	RXRA	0.9921605041790631	False
0.0016102786619709676	0.572139303482587	0.7102781674280365	0.782051282051282	Plasma cell	B cell	2	6	8	3	4	SYVN1	0.9921605041790631	False
0.0011386456009296437	0.572139303482587	0.195099860516337	0.19090776299365253	NK	Plasma cell	2	7	10	3	8	TLE1	0.9921605041790631	False
0.00026986395375407367	0.572139303482587	0.4343642561389128	0.39650195279334355	NK	Dendritic cell	2	7	18	5	15	ZNF24	0.9921605041790631	False
0.00015980065524940818	0.572139303482587	0.08469722378958516	0.050249105685005735	Plasma cell	Dendritic cell	2	7	11	6	8	ZNF652	0.9921605041790631	False
0.00011737573186169258	0.5771144278606966	0.07630558500502777	0.1235139533126563	T cell	NK	2	7	17	6	13	ADNP2	0.9921605041790631	False
0.000342258928385636	0.5771144278606966	0.19529913229129614	0.21079277997900364	Plasma cell	Dendritic cell	2	7	10	3	9	ANKH	0.9921605041790631	False
0.000821227929834314	0.5771144278606966	0.15391794479102733	0.2192623416786047	Monocyte	Dendritic cell	2	6	7	3	6	ANKRD13C	0.9921605041790631	False
0.00018548365901411017	0.5771144278606966	0.15718075991377628	0.15282565374986823	B cell	Dendritic cell	2	6	10	3	8	ATG12	0.9921605041790631	False
0.0006858516059985968	0.5771144278606966	0.3810954646476148	0.4822425371685881	Dendritic cell	NK	2	7	6	3	5	ATP5MG	0.9921605041790631	False
4.986801973376796e-05	0.5771144278606966	0.07648167573944448	0.2319436979079455	T cell	Plasma cell	2	7	11	7	10	BTAF1	0.9921605041790631	False
0.00023519555459717458	0.5771144278606966	0.0278338991975432	0.15261904761904765	T cell	NK	2	3	4	3	3	DANCR	0.9921605041790631	False
0.00012416785793162248	0.5771144278606966	0.04348716755677118	0.0535028174298236	NK	B cell	2	7	7	4	7	DENND1B	0.9921605041790631	False
0.00018137603547005354	0.5771144278606966	0.0899104856013509	0.1495018231080248	Dendritic cell	Erythroid	2	7	11	6	11	DNM2	0.9921605041790631	False
0.0006790912478213115	0.5771144278606966	0.07078457770244256	0.0503703703703704	B cell	Monocyte	2	5	5	3	4	ENSG00000278390	0.9921605041790631	False
8.587457252657018e-05	0.5771144278606966	0.08622963599869088	0.09943038912856755	Plasma cell	B cell	2	7	7	4	7	EPS15	0.9921605041790631	False
0.00039272233851566	0.5771144278606966	0.21012972326534407	0.26413255360623783	NK	Plasma cell	2	7	10	3	7	FAM193B	0.9921605041790631	False
0.00014825947343928154	0.5771144278606966	0.07742731498560235	0.13004345731717615	Erythroid	Dendritic cell	2	7	11	5	7	FAM53B	0.9921605041790631	False
0.0007203292402837754	0.5771144278606966	0.12178744485968601	0.1755242138825176	Dendritic cell	Erythroid	2	7	11	3	9	FBXW2	0.9921605041790631	False
0.00019493858010827264	0.5771144278606966	0.14330077124327656	0.24562766897292992	NK	Monocyte	2	7	13	5	9	FGD3	0.9921605041790631	False
0.0004405861233210803	0.5771144278606966	0.10413933250073776	0.14145658263305316	Monocyte	B cell	2	7	12	4	10	GALNT7	0.9921605041790631	False
0.00019351229452231231	0.5771144278606966	0.24468982941810136	0.3475339395487007	Plasma cell	NK	2	7	8	3	8	GNL3	0.9921605041790631	False
0.00015848892314898104	0.5771144278606966	0.18515312990760402	0.08762927832695278	Plasma cell	T cell	2	5	9	3	5	IGF2BP2	0.9921605041790631	False
0.0015865716245933121	0.5771144278606966	0.2753835114374359	0.3465282284231019	Plasma cell	Erythroid	2	7	11	3	6	KHSRP	0.9921605041790631	False
0.00023769542713748067	0.5771144278606966	0.15093327556177716	0.10057185658931478	Monocyte	Erythroid	2	3	6	3	5	MED30	0.9921605041790631	False
7.479711154162072e-06	0.5771144278606966	0.2938122481188175	0.6056485181485182	NK	Dendritic cell	2	7	12	4	11	MRFAP1	0.9921605041790631	False
0.0022646497420628605	0.5771144278606966	0.38885281385281384	0.3366867051077577	NK	Plasma cell	2	7	13	3	9	NOB1	0.9921605041790631	False
0.00025132441896734577	0.5771144278606966	0.3121645021645021	0.34931848027894763	Dendritic cell	B cell	2	6	9	3	6	PLA2G12A	0.9921605041790631	False
9.6862691296029e-05	0.5771144278606966	0.09758448485146204	0.1882217747122797	Erythroid	NK	2	7	11	5	10	R3HCC1L	0.9921605041790631	False
0.0003266756168805137	0.5771144278606966	0.43318758844382566	0.546200080233743	NK	B cell	2	7	10	3	8	RSKR	0.9921605041790631	False
0.0003110570405730532	0.5771144278606966	0.21526753294248113	0.3474130403682126	Plasma cell	NK	2	7	15	9	15	SEPTIN6	0.9921605041790631	False
0.00013703389263885227	0.5771144278606966	0.10433873603917998	0.2679970722466201	Dendritic cell	NK	2	7	10	4	10	SUB1	0.9921605041790631	False
0.00019250901022455053	0.5771144278606966	0.14878170843431782	0.35128205128205137	Erythroid	Plasma cell	2	5	6	3	4	TATDN3	0.9921605041790631	False
0.0008184359048719826	0.5771144278606966	0.23892572679431517	0.17672718967682993	Monocyte	B cell	2	7	9	3	5	TRIM5	0.9921605041790631	False
2.7827334118532778e-05	0.5771144278606966	0.13758225027945253	0.23913326933180618	Dendritic cell	Monocyte	2	7	19	10	16	UBE2G2	0.9921605041790631	False
0.00022902444818964364	0.5771144278606966	0.1656207660045544	0.07346810647915625	Erythroid	Dendritic cell	2	6	6	3	5	WDR48	0.9921605041790631	False
0.00015945475282146663	0.5771144278606966	0.2519925275242628	0.2234161732383862	Dendritic cell	Plasma cell	2	7	14	5	13	XPO7	0.9921605041790631	False
0.0005955179192288454	0.5771144278606966	0.13757043070946096	0.1566037298200037	Dendritic cell	Erythroid	2	7	9	3	6	ZBTB44	0.9921605041790631	False
1.8421915572608592e-05	0.5771144278606966	0.659199367442902	0.597165285253452	Dendritic cell	NK	2	7	12	4	9	ZDHHC12	0.9921605041790631	False
0.00019095126143572848	0.582089552238806	0.14843485736791162	0.13716247574634166	T cell	NK	2	6	9	3	6	BAZ2A	0.9921605041790631	False
0.00014701349714948487	0.582089552238806	0.06522342196126285	0.2636306550592265	NK	B cell	2	7	7	3	7	CCDC18-AS1	0.9921605041790631	False
5.5000802077435944e-05	0.582089552238806	0.10705513078416312	0.06294875406462158	NK	Erythroid	2	7	7	4	7	COP1	0.9921605041790631	False
0.00015930138581735228	0.582089552238806	0.07080476868361685	0.06181005112062532	T cell	Dendritic cell	2	7	13	5	11	CPNE1	0.9921605041790631	False
3.5196788793617215e-05	0.582089552238806	0.28100745826658263	0.8785262077076408	NK	Erythroid	2	7	7	4	7	CTSS	0.9921605041790631	False
9.480113454932539e-05	0.582089552238806	0.07429825156621717	0.13970016898775783	T cell	B cell	2	3	5	3	4	ENSG00000233783	0.9921605041790631	False
0.0009566901823856793	0.582089552238806	0.13966958872619256	0.10651200651200654	Plasma cell	T cell	2	5	7	3	5	ENSG00000290832	0.9921605041790631	False
0.0012356611550498027	0.582089552238806	0.3608612148085833	0.3668923013447827	NK	Dendritic cell	2	7	12	3	7	ENSG00000291066	0.9921605041790631	False
0.00019043129129761962	0.582089552238806	0.14917546575579033	0.13453094881130861	B cell	Monocyte	2	4	6	3	5	ENSG00000291214	0.9921605041790631	False
0.00031590158488385776	0.582089552238806	0.1351879991011144	0.10676691729323307	Dendritic cell	T cell	2	7	10	3	7	EXT2	0.9921605041790631	False
6.36102455232202e-05	0.582089552238806	0.14034735963866712	0.03422718429964944	Dendritic cell	Monocyte	2	7	9	5	9	IER2	0.9921605041790631	False
0.000521773896575277	0.582089552238806	0.31702770296209204	0.7379695541526216	Plasma cell	T cell	2	7	11	4	8	KLF2	0.9921605041790631	False
0.0002993004698401499	0.582089552238806	0.12843543073537278	0.11359917319782964	T cell	B cell	2	6	9	3	5	KSR1	0.9921605041790631	False
0.00029353405713251034	0.582089552238806	0.16544360481622833	0.056578039556395954	Dendritic cell	Plasma cell	2	7	12	3	10	L3MBTL4	0.9921605041790631	False
0.00025069784508462964	0.582089552238806	0.15797370147597023	0.17736928104575161	Plasma cell	B cell	2	5	7	3	6	MACROH2A1	0.9921605041790631	False
0.0013446287868134567	0.582089552238806	0.3284999908184272	0.3113819320214669	NK	Dendritic cell	2	7	12	3	9	MED28	0.9921605041790631	False
8.422561305758888e-05	0.582089552238806	0.12119221766318977	0.1038039943826049	Plasma cell	T cell	2	7	17	5	14	MPPE1	0.9921605041790631	False
0.0001528748231438717	0.582089552238806	0.11442148403262631	0.12302877139181928	Plasma cell	NK	2	7	9	4	8	PBRM1	0.9921605041790631	False
0.0002379348071681122	0.582089552238806	0.09675248870229936	0.13890626115513677	NK	Erythroid	2	7	16	6	12	PDXK	0.9921605041790631	False
0.00021373282581016158	0.582089552238806	0.2833916205005971	0.35545433632390155	T cell	B cell	2	5	5	3	3	PHPT1	0.9921605041790631	False
0.000159727222408875	0.582089552238806	0.126712142019197	0.12101865645172738	B cell	T cell	2	5	8	3	6	PLD1	0.9921605041790631	False
0.00035100605436046205	0.582089552238806	0.2157965222915857	0.2591503023310095	B cell	Dendritic cell	2	6	9	3	6	POC1B	0.9921605041790631	False
0.0004115462606962383	0.582089552238806	0.28852276362878576	0.4239513847658296	Monocyte	B cell	2	7	10	3	8	SART1	0.9921605041790631	False
4.376157573379495e-05	0.582089552238806	0.12574495247659057	0.1468745428326611	Erythroid	Plasma cell	2	7	18	8	15	SMAD2	0.9921605041790631	False
0.0002621232182318765	0.582089552238806	0.43856237489249406	0.37606837606837606	NK	Erythroid	2	6	10	3	5	SMARCD2	0.9921605041790631	False
0.0002746157063190216	0.582089552238806	0.07103973833016453	0.07422773651710801	Dendritic cell	Erythroid	2	7	16	6	13	TMEM241	0.9921605041790631	False
0.0008374326471683801	0.582089552238806	0.13197386088658958	0.2910820107282119	Plasma cell	Dendritic cell	2	7	13	8	13	TMEM87A	0.9921605041790631	False
0.00023128891498225875	0.582089552238806	0.07611811402492341	0.25691738550148246	T cell	Monocyte	2	4	7	4	7	TRAPPC13	0.9921605041790631	False
0.000446271452183187	0.582089552238806	0.3086116576508682	0.2640141327848969	Erythroid	Plasma cell	2	7	14	3	11	TRAPPC2	0.9921605041790631	False
2.303550286003606e-05	0.582089552238806	0.32456426980034264	0.7260407418368353	Plasma cell	Monocyte	2	6	9	3	8	TUBA1C	0.9921605041790631	False
0.0007239301545718408	0.582089552238806	0.10164691556369287	0.18050633591065296	Erythroid	B cell	2	5	9	3	5	WDR62	0.9921605041790631	False
0.0006218546533877712	0.5870646766169154	0.47948954052676374	0.43909940944881887	T cell	Plasma cell	2	5	10	3	7	AIFM1	0.9921605041790631	False
0.000693929605854191	0.5870646766169154	0.26206175102875917	0.3741887597535322	NK	B cell	2	7	12	3	8	ATXN2L	0.9921605041790631	False
0.00028898981093316905	0.5870646766169154	0.0895533685139569	0.07505180273518441	Erythroid	Plasma cell	2	3	4	3	4	CCDC102B	0.9921605041790631	False
0.00018273981721260739	0.5870646766169154	0.06528850244379691	0.18853384939408935	Dendritic cell	B cell	2	7	11	5	9	CDK12	0.9921605041790631	False
0.00013049063679089717	0.5870646766169154	0.20758243732733606	0.3590108386128341	Plasma cell	Dendritic cell	2	7	11	5	8	CLTC	0.9921605041790631	False
0.0010651376903948525	0.5870646766169154	0.07891964543608543	0.19208936758605633	Erythroid	Plasma cell	2	2	3	3	3	DDX54	0.9921605041790631	False
0.0006650685126123288	0.5870646766169154	0.1731683213824292	0.2964980544747081	Plasma cell	B cell	2	5	7	3	5	FAM53C	0.9921605041790631	False
0.0001947884121408735	0.5870646766169154	0.08559503105703054	0.12617762857708487	T cell	NK	2	7	10	5	10	FBXW11	0.9921605041790631	False
0.00025175379508563515	0.5870646766169154	0.10467765269094043	0.24575188018910277	Monocyte	NK	2	7	12	4	8	IL4R	0.9921605041790631	False
0.00019338707044913264	0.5870646766169154	0.13647926202258953	0.3175183060969863	Dendritic cell	Plasma cell	2	7	13	6	13	IST1	0.9921605041790631	False
0.0008960031739401129	0.5870646766169154	0.11291201552071112	0.16959389930708396	T cell	Plasma cell	2	5	9	3	5	KIF11	0.9921605041790631	False
0.00014100352687631168	0.5870646766169154	0.14475918419000455	0.15888893083660527	T cell	Monocyte	2	7	12	5	8	LRRK1	0.9921605041790631	False
4.866002800486125e-05	0.5870646766169154	0.18108572313314236	0.23991228566364606	Dendritic cell	B cell	2	7	8	3	8	MRPL51	0.9921605041790631	False
0.000279020209041471	0.5870646766169154	0.4064787596100782	0.30067574701721045	Erythroid	Dendritic cell	2	6	8	3	5	MYO1G	0.9921605041790631	False
0.0001111602596097626	0.5870646766169154	0.07553386596610656	0.08052420552420553	Dendritic cell	B cell	2	7	17	4	11	NOL4L	0.9921605041790631	False
0.00012469298381305907	0.5870646766169154	0.13564114505506109	0.20554633143580014	T cell	Monocyte	2	5	6	3	5	NOTCH2	0.9921605041790631	False
0.00022970199542450125	0.5870646766169154	0.04210953642542897	0.08438349394613298	T cell	Monocyte	2	5	9	3	6	OGFOD1	0.9921605041790631	False
4.567752332755696e-05	0.5870646766169154	0.3278457273320287	0.5367169495076473	Monocyte	T cell	2	5	7	3	5	PDCD4-AS1	0.9921605041790631	False
8.886921089568243e-05	0.5870646766169154	0.13663718029341293	0.11672815272215536	Dendritic cell	NK	2	7	13	6	12	PHKB	0.9921605041790631	False
2.610188372693465e-05	0.5870646766169154	0.4024194201073138	0.5615302431069708	NK	Erythroid	2	7	8	4	8	PRELID1	0.9921605041790631	False
0.00022731013143266452	0.5870646766169154	0.02284527028121741	0.046791443850267345	T cell	B cell	2	3	4	3	4	PROCR	0.9921605041790631	False
0.00025005932000265194	0.5870646766169154	0.20235334644448183	0.2656503043502541	B cell	Erythroid	2	6	10	4	7	QDPR	0.9921605041790631	False
0.0007913210785596157	0.5870646766169154	0.23005379171493223	0.19269597462302457	T cell	Erythroid	2	4	5	3	4	RGS2	0.9921605041790631	False
0.0005167104581108105	0.5870646766169154	0.09922857684448727	0.10536610667158963	Monocyte	T cell	2	4	6	3	4	SOCS6	0.9921605041790631	False
0.00033206400812036655	0.5870646766169154	0.09433884669001141	0.12677447577117373	Plasma cell	B cell	2	6	10	3	6	TOPORS	0.9921605041790631	False
0.00011053668362429637	0.5870646766169154	0.14604282067469687	0.0879164047768699	T cell	B cell	2	5	5	3	4	YBX1	0.9921605041790631	False
0.0014131981472100482	0.5870646766169154	0.21182957104285496	0.18050510292336963	T cell	Dendritic cell	2	7	10	3	7	ZNF330	0.9921605041790631	False
0.0006259196917153683	0.5920398009950248	0.154890937435827	0.17515419755061412	Erythroid	NK	2	7	11	3	8	BBIP1	0.9921605041790631	False
0.0003192178538829793	0.5920398009950248	0.08972746406196586	0.19426483276658368	Erythroid	Monocyte	2	7	11	5	8	CCDC57	0.9921605041790631	False
3.12691055829094e-05	0.5920398009950248	0.04653230824241933	0.34680827018856064	Plasma cell	B cell	2	7	10	7	10	CDC42SE2	0.9921605041790631	False
0.00022878622703054676	0.5920398009950248	0.2227157821794628	0.20908473767479113	NK	B cell	2	7	12	4	8	CEP152	0.9921605041790631	False
0.00024351872713521355	0.5920398009950248	0.23539955553550124	0.5082037996545768	Monocyte	Erythroid	2	7	10	3	8	CLK4	0.9921605041790631	False
3.990680967644215e-05	0.5920398009950248	0.044616864282395974	0.0554010909820663	Plasma cell	Erythroid	2	4	7	3	5	CRACD	0.9921605041790631	False
0.0023216606721227113	0.5920398009950248	0.08709595959595962	0.038248422348776345	B cell	T cell	2	3	4	3	3	ENSG00000227355	0.9921605041790631	False
0.0012587897591491363	0.5920398009950248	0.1763944779789851	0.28290117416829746	T cell	B cell	2	6	8	3	6	ENSG00000269825	0.9921605041790631	False
0.0002478748507226069	0.5920398009950248	0.14774029982363318	0.13027897964059137	Erythroid	NK	2	6	8	3	6	ENSG00000280614	0.9921605041790631	False
0.00018842120567748788	0.5920398009950248	0.11879196682681065	0.3251328551785648	Erythroid	Dendritic cell	2	7	10	4	8	ENSG00000287555	0.9921605041790631	False
0.00029353342652962695	0.5920398009950248	0.2244192365295657	0.30311732072380676	Erythroid	NK	2	7	8	3	8	ENSG00000291136	0.9921605041790631	False
0.00023123711064380471	0.5920398009950248	0.16910683651490882	0.12675759280089988	Monocyte	T cell	2	5	7	3	5	EXOG	0.9921605041790631	False
0.00015110224415617555	0.5920398009950248	0.04192305988408429	0.09996051007688556	Dendritic cell	B cell	2	7	10	3	9	FAM168A	0.9921605041790631	False
0.0007232121895673214	0.5920398009950248	0.14116354195308922	0.19927854379761256	Plasma cell	NK	2	7	10	5	8	GOLPH3	0.9921605041790631	False
0.0002498953669325072	0.5920398009950248	0.12377961727535813	0.147267393989296	Erythroid	T cell	2	7	12	4	9	IDH3A	0.9921605041790631	False
0.00046344880746949354	0.5920398009950248	0.2708023776248226	0.14554912160172737	Erythroid	B cell	2	4	5	3	4	KIAA0040	0.9921605041790631	False
0.0007008998099570297	0.5920398009950248	0.15839530664008838	0.29352713727713725	T cell	Erythroid	2	4	7	3	4	KIF14	0.9921605041790631	False
0.00016671580730285313	0.5920398009950248	0.16849405980208415	0.14464428457234219	Plasma cell	Monocyte	2	7	11	5	10	KIF5B	0.9921605041790631	False
0.00022808429558955932	0.5920398009950248	0.2768861205654122	0.3306356071311323	Monocyte	NK	2	7	7	3	6	MCL1	0.9921605041790631	False
0.00012205147630551181	0.5920398009950248	0.08746509983085032	0.12328193542059146	T cell	Plasma cell	2	7	13	5	10	NAA35	0.9921605041790631	False
0.00033783486436014283	0.5920398009950248	0.21721353212681999	0.18152019296184058	B cell	Monocyte	2	7	10	3	8	NGRN	0.9921605041790631	False
0.0002797124194103469	0.5920398009950248	0.11238368089323586	0.13169360985654316	Plasma cell	NK	2	7	8	4	7	OSBPL3	0.9921605041790631	False
0.00017586974577233375	0.5920398009950248	0.1970862409289229	0.3496344784225066	Dendritic cell	T cell	2	7	8	4	6	PCED1B-AS1	0.9921605041790631	False
0.00027310677112986933	0.5920398009950248	0.12091628558838674	0.0967490244556457	Plasma cell	B cell	2	7	16	5	11	RNF6	0.9921605041790631	False
0.0006855872421820797	0.5920398009950248	0.08462274164655109	0.13202820763385498	Erythroid	B cell	2	5	8	4	6	RPS6KB2	0.9921605041790631	False
0.0002696232297440863	0.5920398009950248	0.17784306345056067	0.36594342037890426	Plasma cell	Dendritic cell	2	7	11	5	8	SAFB	0.9921605041790631	False
0.0012613378698115916	0.5920398009950248	0.27971591417630776	0.2850587302186804	Dendritic cell	Plasma cell	2	7	9	3	7	SLFN13	0.9921605041790631	False
6.995624541277442e-05	0.5920398009950248	0.07110679481195581	0.039582848402221316	Erythroid	NK	2	5	4	3	4	TMBIM6	0.9921605041790631	False
0.00016088056735190113	0.5920398009950248	0.18200734471571528	0.2873277564515056	B cell	Dendritic cell	2	7	11	5	8	TTC19	0.9921605041790631	False
0.00030828801807775814	0.5970149253731343	0.14421412779347692	0.11644125105663566	Monocyte	NK	2	7	10	3	5	ABAT	0.9921605041790631	False
6.806515658528546e-05	0.5970149253731343	0.3524043048464724	0.5541422455002702	Erythroid	NK	2	7	12	4	10	ANXA5	0.9921605041790631	False
0.00020107436452142453	0.5970149253731343	0.11043029447397784	0.12544292931048773	B cell	Plasma cell	2	7	7	4	7	ATF6	0.9921605041790631	False
0.00017824149841347083	0.5970149253731343	0.21678033767150023	0.21712250770706487	B cell	Dendritic cell	2	7	15	6	9	CD226	0.9921605041790631	False
0.0001281120775358526	0.5970149253731343	0.09845634617160004	0.2670464185284255	Dendritic cell	B cell	2	7	9	5	8	CD47	0.9921605041790631	False
0.00022489055545957433	0.5970149253731343	0.320919438470318	0.3767977356181151	Plasma cell	Dendritic cell	2	6	9	3	8	DIABLO	0.9921605041790631	False
0.0004697894557542607	0.5970149253731343	0.1607405585360669	0.20375302663438255	B cell	T cell	2	6	7	3	5	EIF4H	0.9921605041790631	False
4.9163877691346905e-05	0.5970149253731343	0.058589739955555165	0.2160847994692976	Monocyte	B cell	2	4	6	3	6	FBXO21	0.9921605041790631	False
0.0003779777170378238	0.5970149253731343	0.3320563738300678	0.3362660858330332	Dendritic cell	NK	2	7	12	4	9	GAR1	0.9921605041790631	False
0.00018409224263686054	0.5970149253731343	0.1260786784335739	0.22606801775087426	Plasma cell	T cell	2	7	12	4	9	HERC3	0.9921605041790631	False
0.0001240490634599105	0.5970149253731343	0.28884414324500857	0.3397129605320731	T cell	B cell	2	4	8	3	5	HERC5	0.9921605041790631	False
0.00020256998743245993	0.5970149253731343	0.09978114449345249	0.08023918464931268	B cell	Plasma cell	2	7	9	3	7	KDM2B	0.9921605041790631	False
0.00011132757189433975	0.5970149253731343	0.07962196954973766	0.11566918427560269	NK	Plasma cell	2	7	13	7	12	MYO9A	0.9921605041790631	False
0.0003338581568496345	0.5970149253731343	0.1535536053613371	0.16816208593706794	Monocyte	T cell	2	4	5	3	4	NAPEPLD	0.9921605041790631	False
0.0012153917068967004	0.5970149253731343	0.20217847580799392	0.17383283666808574	T cell	Plasma cell	2	4	7	3	5	PDCD7	0.9921605041790631	False
0.00016400606711459618	0.5970149253731343	0.0953657506802803	0.3140305128435692	Erythroid	Dendritic cell	2	7	9	5	8	RNF13	0.9921605041790631	False
0.00034588795313220735	0.5970149253731343	0.08180538433628698	0.1472375423318819	T cell	B cell	2	5	6	3	4	SNIP1	0.9921605041790631	False
0.00027649565443638966	0.5970149253731343	0.3264595938444882	0.3294479380189696	B cell	Plasma cell	2	7	12	3	9	THAP9-AS1	0.9921605041790631	False
7.075397244023992e-05	0.5970149253731343	0.09038311828325551	0.1651950453227543	Monocyte	NK	2	7	17	8	14	TM9SF2	0.9921605041790631	False
0.0004143204259293345	0.5970149253731343	0.17677364758281666	0.30607966457023067	T cell	Monocyte	2	6	9	3	7	TNFRSF10B	0.9921605041790631	False
7.191857172617945e-05	0.5970149253731343	0.16777776890523424	0.5358113587404458	B cell	Monocyte	2	7	13	8	13	UBE2I	0.9921605041790631	False
0.00032305107965356806	0.5970149253731343	0.1925406497241205	0.18151040165965543	B cell	Monocyte	2	7	11	3	8	ZNF529	0.9921605041790631	False
0.0003989139854707369	0.5970149253731343	0.22251817430276438	0.13724621631598374	Dendritic cell	NK	2	7	11	3	8	ZNG1A	0.9921605041790631	False
0.0006800076851426073	0.6019900497512438	0.06678324619441023	0.10239382783463391	B cell	T cell	2	6	9	3	6	AREG	0.9921605041790631	False
0.0006402294658376872	0.6019900497512438	0.12440133472584647	0.14336251194257232	T cell	B cell	2	3	4	3	3	ARL16	0.9921605041790631	False
0.0003628825862629965	0.6019900497512438	0.1575803585683706	0.2217686034835603	Dendritic cell	B cell	2	7	11	4	7	ATAD1	0.9921605041790631	False
0.00015019521297512958	0.6019900497512438	0.22193404390569343	0.31388888888888883	NK	Dendritic cell	2	7	8	4	6	CCDC50	0.9921605041790631	False
0.00017297126170612412	0.6019900497512438	0.10336210355903452	0.2413030026039949	B cell	Plasma cell	2	5	7	5	5	CEP170	0.9921605041790631	False
0.00013612681761503848	0.6019900497512438	0.1265966090915333	0.2459451885066966	Dendritic cell	Erythroid	2	7	11	3	9	DHX15	0.9921605041790631	False
5.0790696386595944e-05	0.6019900497512438	0.19504809807106077	0.3361658992334384	Dendritic cell	Monocyte	2	7	10	6	10	EIF3F	0.9921605041790631	False
0.00017843844309253478	0.6019900497512438	0.05343032453761454	0.026790184585339993	Dendritic cell	Monocyte	2	4	4	3	3	ENSG00000266965	0.9921605041790631	False
0.0005696940245042245	0.6019900497512438	0.24863872764098505	0.20873798403637533	B cell	Monocyte	2	4	7	3	5	FANCB	0.9921605041790631	False
0.0010658535385852691	0.6019900497512438	0.13138168198327682	0.17992424242424243	Plasma cell	B cell	2	6	9	3	5	GTPBP6	0.9921605041790631	False
0.00019888633271822486	0.6019900497512438	0.135181251203784	0.24216230701123848	Monocyte	B cell	2	7	10	4	9	IPO7	0.9921605041790631	False
0.00044140748834319064	0.6019900497512438	0.16158407726703689	0.18701323200474307	Monocyte	Erythroid	2	6	12	3	7	NMRAL1	0.9921605041790631	False
0.0014277147848044728	0.6019900497512438	0.18246712578779117	0.18806065714080378	Erythroid	Dendritic cell	2	7	7	3	6	NSL1	0.9921605041790631	False
0.0004900068227741193	0.6019900497512438	0.16253416834061993	0.2581980686254366	T cell	Erythroid	2	5	7	3	5	POLDIP2	0.9921605041790631	False
6.61274328003843e-05	0.6019900497512438	0.16953464899273385	0.607322037785614	Plasma cell	T cell	2	5	7	3	6	RAB24	0.9921605041790631	False
0.00041873604833578813	0.6019900497512438	0.06415663351498013	0.11457114709685368	T cell	Erythroid	2	5	8	3	7	RABEP2	0.9921605041790631	False
0.00023085705282038758	0.6019900497512438	0.06408291420270001	0.16635814588695902	Dendritic cell	Plasma cell	2	7	13	7	11	RAPGEF1	0.9921605041790631	False
0.0009352764467609705	0.6019900497512438	0.29679249866165225	0.339150361360832	Erythroid	T cell	2	5	6	3	4	RFC2	0.9921605041790631	False
0.0002593800824634906	0.6019900497512438	0.1834039338544718	0.14664607994510204	Erythroid	NK	2	7	11	4	9	RFFL	0.9921605041790631	False
0.00016255005569247748	0.6019900497512438	0.3005828091078301	0.18939136348180885	Monocyte	Plasma cell	2	5	7	4	7	RPS8	0.9921605041790631	False
3.6841201890343576e-05	0.6019900497512438	0.17467309682700444	0.37124591423647707	Plasma cell	Dendritic cell	2	7	13	3	10	SYK	0.9921605041790631	False
7.294275467120054e-05	0.6019900497512438	0.06241750235623966	0.11398483411767457	Dendritic cell	Erythroid	2	7	17	7	14	TAF4B	0.9921605041790631	False
0.0004858295241845438	0.6019900497512438	0.23578350322411418	0.22226255293405928	Plasma cell	T cell	2	3	4	3	4	UBOX5	0.9921605041790631	False
0.00028794628432723886	0.6019900497512438	0.14513189456912567	0.13423180592991918	Plasma cell	Dendritic cell	2	6	14	4	9	VAPB	0.9921605041790631	False
9.222890475586421e-05	0.6019900497512438	0.10221198975471618	0.0853237910640624	Plasma cell	T cell	2	3	4	3	4	ZNF236-DT	0.9921605041790631	False
0.00041681146118241306	0.6069651741293532	0.48047171945988965	0.4908223731753143	Plasma cell	NK	2	5	7	3	4	AGPAT2	0.9921605041790631	False
0.0002049115468922662	0.6069651741293532	0.07447440741562106	0.16433729805416675	Plasma cell	Monocyte	2	7	12	3	10	AXIN1	0.9921605041790631	False
0.0008871642713419032	0.6069651741293532	0.06256843577762267	0.11757889106792652	B cell	Plasma cell	2	5	6	3	4	CAMLG	0.9921605041790631	False
0.00017032569738443615	0.6069651741293532	0.1398312013862632	0.27965579710144933	B cell	Monocyte	2	7	7	3	7	CCDC18	0.9921605041790631	False
0.0001357697657322708	0.6069651741293532	0.1521620128948688	0.28377142507345743	T cell	Dendritic cell	2	7	13	6	10	CCPG1	0.9921605041790631	False
0.0004287707376795265	0.6069651741293532	0.2025634912514438	0.6154512673580022	Dendritic cell	B cell	2	7	13	4	9	CTSH	0.9921605041790631	False
0.00040941900542277145	0.6069651741293532	0.1886791941898644	0.2900727015376697	Plasma cell	Monocyte	2	7	9	3	8	DENR	0.9921605041790631	False
0.00020036746640345168	0.6069651741293532	0.20559213925149017	0.4305871619820817	B cell	Erythroid	2	7	11	6	8	ERN1	0.9921605041790631	False
0.0006121593062950929	0.6069651741293532	0.0604832856229226	0.11900558682423312	Erythroid	Dendritic cell	2	6	9	3	7	FBXW8	0.9921605041790631	False
0.00014726714679411178	0.6069651741293532	0.058316447288707496	0.09614696111002541	B cell	Monocyte	2	6	7	5	7	GNB1	0.9921605041790631	False
0.00010696158499503762	0.6069651741293532	0.09111006646443259	0.16512833808659577	Erythroid	Dendritic cell	2	7	13	5	11	GOLM2	0.9921605041790631	False
6.823962506264755e-05	0.6069651741293532	0.11306396389609752	0.37011201110931224	NK	Plasma cell	2	7	15	8	14	GTF3A	0.9921605041790631	False
0.0008890983578414693	0.6069651741293532	0.07102402718324502	0.2392935783939244	Monocyte	Dendritic cell	2	4	7	3	5	HM13-IT1	0.9921605041790631	False
0.00012142907085090623	0.6069651741293532	0.06821658011040227	0.31432690517777434	Monocyte	Erythroid	2	6	8	4	7	HMGXB3	0.9921605041790631	False
4.896624718079638e-05	0.6069651741293532	0.07445760028344106	0.13027035403668163	NK	Erythroid	2	7	18	8	14	ITGB2	0.9921605041790631	False
0.0012095047219001463	0.6069651741293532	0.2648897965495756	0.44246532156368223	Dendritic cell	Plasma cell	2	7	9	3	6	LONP1	0.9921605041790631	False
0.0003371376728840592	0.6069651741293532	0.13325429145126683	0.10557413600891857	Monocyte	B cell	2	4	9	4	5	MCPH1-AS1	0.9921605041790631	False
0.00035381240660765147	0.6069651741293532	0.04416141754785996	0.14012102448634955	Erythroid	Plasma cell	2	5	6	4	6	MEAF6	0.9921605041790631	False
0.0001890961908190285	0.6069651741293532	0.17039638946129043	0.4539794450875162	Plasma cell	Monocyte	2	6	8	4	8	MRPL43	0.9921605041790631	False
0.0003425282380332875	0.6069651741293532	0.06660882165676463	0.08798481770758826	Dendritic cell	NK	2	6	10	3	7	MVB12B	0.9921605041790631	False
8.409550254200542e-05	0.6069651741293532	0.11408998431309653	0.07507130052151234	Erythroid	Plasma cell	2	7	11	3	8	NLRP1	0.9921605041790631	False
0.0009642541898531975	0.6069651741293532	0.22732746525569586	0.23193137370565658	T cell	NK	2	7	10	5	9	RAB8A	0.9921605041790631	False
0.0005920661057091903	0.6069651741293532	0.35687937357222504	0.6208007678595914	Erythroid	Monocyte	2	6	7	3	5	RIT1	0.9921605041790631	False
0.000540372837331772	0.6069651741293532	0.2785693306451099	0.19779636681440793	Monocyte	B cell	2	5	9	4	5	RUVBL2	0.9921605041790631	False
0.00037470192603341094	0.6069651741293532	0.10088129581306848	0.11792540931680728	Dendritic cell	Erythroid	2	7	17	7	13	SEC23B	0.9921605041790631	False
0.0001908354500459026	0.6069651741293532	0.2713670718893108	0.4845952536727532	Erythroid	Dendritic cell	2	7	9	4	9	SFSWAP	0.9921605041790631	False
0.00036274636185124954	0.6069651741293532	0.08241441327166388	0.13219643544044107	Monocyte	B cell	2	7	9	4	7	SMARCC2	0.9921605041790631	False
0.00018506130447119878	0.6069651741293532	0.045706964514786286	0.08722358722358725	Monocyte	B cell	2	4	8	3	5	SNX16	0.9921605041790631	False
0.0003301006702677748	0.6069651741293532	0.15165874314873629	0.5126286093594424	T cell	Erythroid	2	7	7	3	6	TOR1AIP1	0.9921605041790631	False
0.0004608195262966752	0.6069651741293532	0.08717371514552014	0.2700507614213198	T cell	Plasma cell	2	6	11	4	7	TVP23B	0.9921605041790631	False
0.00014356960221912179	0.6069651741293532	0.12492351508712363	0.04716689274410418	Dendritic cell	T cell	2	4	8	4	7	UQCRB	0.9921605041790631	False
0.0003472211035179015	0.6069651741293532	0.11025932718779835	0.15327951103813175	Erythroid	T cell	2	5	9	3	5	ZNF317	0.9921605041790631	False
0.0003353225607787088	0.6069651741293532	0.12917633439187548	0.13152985074626872	Erythroid	Dendritic cell	2	5	7	3	6	ZNF484	0.9921605041790631	False
0.00037998904905332657	0.6069651741293532	0.023222248479368712	0.15356920307415356	B cell	T cell	2	2	4	4	4	ZNF749	0.9921605041790631	False
0.0002418354093692493	0.6119402985074627	0.10796856727421245	0.14166166732263152	Dendritic cell	B cell	2	7	10	4	8	ADH5	0.9921605041790631	False
8.460977068989535e-05	0.6119402985074627	0.3123144038789693	0.599426830975265	Dendritic cell	T cell	2	7	9	5	7	CD69	0.9921605041790631	False
0.00022300259311646748	0.6119402985074627	0.13352812806414016	0.5698689891098131	Erythroid	Plasma cell	2	7	10	4	9	CORO1A	0.9921605041790631	False
0.00029767238293198437	0.6119402985074627	0.12232051046536158	0.09325035417931593	Erythroid	NK	2	7	11	4	8	CPEB3	0.9921605041790631	False
0.002287741288170047	0.6119402985074627	0.4376460150558651	0.7823931623931624	Plasma cell	Dendritic cell	2	7	8	3	5	CYB561A3	0.9921605041790631	False
0.00014225863672895548	0.6119402985074627	0.23597226070905197	0.14342794784644936	NK	Dendritic cell	2	7	9	4	7	EID1	0.9921605041790631	False
9.393487646443914e-05	0.6119402985074627	0.06255902854809875	0.10137718643652721	Plasma cell	NK	2	7	9	6	8	ENSG00000275778	0.9921605041790631	False
0.0008695801327262097	0.6119402985074627	0.12466050062815703	0.1888730504779474	Erythroid	T cell	2	3	4	3	4	ENSG00000287042	0.9921605041790631	False
2.3105809330468874e-05	0.6119402985074627	0.1670510970688166	0.7316747654073558	NK	Dendritic cell	2	7	10	5	9	FKBP2	0.9921605041790631	False
0.00031225995302087197	0.6119402985074627	0.32287076489678057	0.3653829596191928	Erythroid	B cell	2	5	9	3	7	HDAC3	0.9921605041790631	False
0.00012340776054227393	0.6119402985074627	0.1608051435017369	0.2406928578779458	NK	Dendritic cell	2	7	11	5	9	HELLS	0.9921605041790631	False
0.00013533684619791803	0.6119402985074627	0.19986149786269308	0.14081398325528788	Erythroid	Plasma cell	2	7	12	3	8	LATS2	0.9921605041790631	False
0.0001697954159874286	0.6119402985074627	0.08456793503467175	0.2222180598723152	NK	B cell	2	7	10	6	9	MATR3	0.9921605041790631	False
0.0005502647126844567	0.6119402985074627	0.11198944661428761	0.2845141700404858	T cell	Plasma cell	2	4	5	3	5	NDUFA4	0.9921605041790631	False
9.395676712148751e-05	0.6119402985074627	0.3183162661742676	0.4637429007575685	Monocyte	NK	2	7	11	3	9	NSMCE4A	0.9921605041790631	False
0.00010704264163750896	0.6119402985074627	0.10132806288480961	0.1562351841266887	NK	B cell	2	7	10	6	10	PJA2	0.9921605041790631	False
0.00038837133490284047	0.6119402985074627	0.06229443235894283	0.06827163669527397	T cell	NK	2	6	8	3	5	PPAN	0.9921605041790631	False
0.0006378463722412009	0.6119402985074627	0.10369089452780833	0.042229108671673954	B cell	Erythroid	2	4	6	3	5	PRPF3	0.9921605041790631	False
0.00036416556449042495	0.6119402985074627	0.2726911127924837	0.4111856777908438	NK	Erythroid	2	7	9	5	8	PSMD13	0.9921605041790631	False
0.0005466035813945243	0.6119402985074627	0.264476052811674	0.24709578072066518	T cell	B cell	2	5	8	4	5	RNF41	0.9921605041790631	False
1.3902389382168338e-05	0.6119402985074627	0.27946292272870443	0.03149259153044637	Plasma cell	Monocyte	2	6	6	3	5	RPL11	0.9921605041790631	False
0.0001291622703569025	0.6119402985074627	0.08435646183113427	0.27136520719643137	B cell	Dendritic cell	2	7	15	7	15	RPS6KA3	0.9921605041790631	False
0.0005700833304459066	0.6119402985074627	0.2278233550772717	0.14406962794059563	Plasma cell	Erythroid	2	6	9	3	7	SAP30BP	0.9921605041790631	False
0.00028420781064646496	0.6119402985074627	0.0742093942072623	0.16990706121140908	Plasma cell	NK	2	7	13	5	9	SDCBP2-AS1	0.9921605041790631	False
0.00028939048440605156	0.6119402985074627	0.11198105671371356	0.15591410653330157	NK	Erythroid	2	7	9	4	9	STT3B	0.9921605041790631	False
0.00032396626875554285	0.6119402985074627	0.05353166996207548	0.07125327578233387	Plasma cell	T cell	2	7	13	4	10	TEX10	0.9921605041790631	False
0.0012756640281748137	0.6119402985074627	0.1792812063400298	0.14912280701754388	B cell	Monocyte	2	5	7	3	5	THAP1	0.9921605041790631	False
0.00027904080065241534	0.6119402985074627	0.08750420359278849	0.19806784824148432	Plasma cell	Dendritic cell	2	7	10	5	8	TMEM123	0.9921605041790631	False
0.00013171348593619543	0.6119402985074627	0.09607166025349884	0.1586881897766826	NK	Erythroid	2	7	18	8	14	TUBGCP3	0.9921605041790631	False
0.00011184218131882712	0.6119402985074627	0.15596699819266946	0.2394744947520553	Monocyte	NK	2	7	7	4	7	TUT4	0.9921605041790631	False
0.0001977330442950413	0.6119402985074627	0.11681811074592302	0.10983830055651989	B cell	Dendritic cell	2	7	9	3	8	TXNRD1	0.9921605041790631	False
0.00036643853069812885	0.6119402985074627	0.12730384044627807	0.16290847918679985	Plasma cell	T cell	2	5	7	3	5	ZNF439	0.9921605041790631	False
0.00012560287880541632	0.6169154228855721	0.05016772872425118	0.12297620170392026	Erythroid	Monocyte	2	7	16	6	12	ABHD3	0.9921605041790631	False
0.00013580578392590197	0.6169154228855721	0.12043823053211983	0.13678838713107	B cell	NK	2	7	13	4	9	ABL1	0.9921605041790631	False
7.57861611089005e-05	0.6169154228855721	0.19957491554034168	0.4585549587935719	Plasma cell	T cell	2	7	11	3	7	ADAM9	0.9921605041790631	False
0.0009736915054490354	0.6169154228855721	0.07499281655584472	0.04441860465116282	Erythroid	T cell	2	3	4	3	3	CLCN5	0.9921605041790631	False
0.00025341923233211373	0.6169154228855721	0.09525235864344783	0.16861293583064718	Plasma cell	Dendritic cell	2	7	13	8	10	CTDSPL2	0.9921605041790631	False
0.00034621860156382607	0.6169154228855721	0.07778545223268629	0.39750654177786826	T cell	Dendritic cell	2	7	13	8	13	CYBA	0.9921605041790631	False
0.0006824464032371204	0.6169154228855721	0.07359977774996873	0.04890707165842556	Plasma cell	B cell	2	3	4	3	3	DNMBP	0.9921605041790631	False
0.00011120173922507087	0.6169154228855721	0.19936682648311255	0.21150577467857917	Monocyte	T cell	2	7	11	3	10	ENSG00000267787	0.9921605041790631	False
0.0002803976876286677	0.6169154228855721	0.312304634065627	0.16805072063909465	Plasma cell	T cell	2	7	11	3	9	ENSG00000287070	0.9921605041790631	False
0.00021005000031889303	0.6169154228855721	0.1855008762979573	0.299671052631579	B cell	Monocyte	2	7	8	3	7	ENSG00000291207	0.9921605041790631	False
0.00010062572750433422	0.6169154228855721	0.12854976480756042	0.16299487514547645	Erythroid	Dendritic cell	2	7	11	4	8	EXOC6	0.9921605041790631	False
0.00013062352044412848	0.6169154228855721	0.12640755079630966	0.14650895925562418	Erythroid	T cell	2	7	10	3	6	LGALS9	0.9921605041790631	False
0.00021348038141281176	0.6169154228855721	0.23107619559698372	0.32254415915265167	Erythroid	T cell	2	6	11	3	8	LINS1	0.9921605041790631	False
0.0002245187741732419	0.6169154228855721	0.19220300988932804	0.10341524126128931	Erythroid	Monocyte	2	4	6	3	5	MRRF	0.9921605041790631	False
0.00018771211210394926	0.6169154228855721	0.27928487414052733	0.3485762459570715	Monocyte	B cell	2	7	8	3	7	NGLY1	0.9921605041790631	False
0.002629606069063314	0.6169154228855721	0.2164262869673408	0.3333983090080651	Erythroid	Plasma cell	2	7	11	4	7	NOL11	0.9921605041790631	False
0.0004277875622330247	0.6169154228855721	0.11730946755610533	0.22839542159777693	Plasma cell	T cell	2	7	10	3	7	NPAT	0.9921605041790631	False
0.0009109348445146323	0.6169154228855721	0.2550391347278979	0.3575883768706032	T cell	Dendritic cell	2	7	13	3	8	NUFIP1	0.9921605041790631	False
0.0005896265361957824	0.6169154228855721	0.0943040955981691	0.1445721139980598	Plasma cell	T cell	2	7	11	3	7	PLEKHF2	0.9921605041790631	False
0.0001918267960269786	0.6169154228855721	0.09529170983418772	0.28037711676300847	T cell	Monocyte	2	7	12	5	8	RAB27A	0.9921605041790631	False
0.001271192182708097	0.6169154228855721	0.21650770965797494	0.2459113886410943	NK	Erythroid	2	7	10	3	4	RAB37	0.9921605041790631	False
0.00023770999148365707	0.6169154228855721	0.19399789891303865	0.236399492886322	Plasma cell	Dendritic cell	2	7	13	4	10	RBM10	0.9921605041790631	False
0.00011145102326212747	0.6169154228855721	0.06832123734719364	0.22431589185408612	Plasma cell	B cell	2	6	5	3	5	RNF7	0.9921605041790631	False
0.00015861299786990967	0.6169154228855721	0.1655623838248519	0.3772808586762075	Dendritic cell	NK	2	7	9	4	7	SEC13	0.9921605041790631	False
0.0023852604618979463	0.6169154228855721	0.33012073007226017	0.2010008596340415	Erythroid	T cell	2	7	8	3	7	STRAP	0.9921605041790631	False
9.26420862683917e-05	0.6169154228855721	0.08969606659699136	0.18898247629542358	Monocyte	NK	2	7	12	7	11	TMEM131L	0.9921605041790631	False
0.0001148378082887102	0.6169154228855721	0.11904602781396678	0.08956130826523429	Dendritic cell	Erythroid	2	7	9	3	6	TMTC2	0.9921605041790631	False
0.0008800421025492077	0.6169154228855721	0.20365870976433414	0.2566758375141609	Plasma cell	B cell	2	5	6	3	4	TREX1	0.9921605041790631	False
0.00016933335629865117	0.6169154228855721	0.05188022515403473	0.06610626816106269	Monocyte	Erythroid	2	4	7	3	4	TUBGCP4	0.9921605041790631	False
0.0004255019624679683	0.6169154228855721	0.12605655878312105	0.38668818466353677	B cell	Monocyte	2	4	7	3	5	UBXN6	0.9921605041790631	False
0.00020106275758315987	0.6169154228855721	0.07953652682056828	0.08501009601392173	Monocyte	B cell	2	6	13	5	10	XKR6	0.9921605041790631	False
0.0003533273996884575	0.6169154228855721	0.062055535024340414	0.1435999701804085	Dendritic cell	Erythroid	2	5	10	3	8	ZMAT1	0.9921605041790631	False
7.429416178983715e-05	0.6169154228855721	0.10373054986874669	0.06346263839522814	T cell	Erythroid	2	4	7	3	5	ZNF385D	0.9921605041790631	False
0.0004114186969898319	0.6169154228855721	0.17894487296502876	0.2011592701776751	T cell	Monocyte	2	4	6	3	5	ZNF814	0.9921605041790631	False
0.0001640620200644876	0.6218905472636815	0.047962724308453886	0.13414652460222715	Monocyte	Plasma cell	2	7	7	3	6	AKT3	0.9921605041790631	False
0.000374120534635007	0.6218905472636815	0.1299105604879856	0.27130041648044867	Dendritic cell	Plasma cell	2	7	11	4	8	ANKRD26	0.9921605041790631	False
5.966688713177501e-05	0.6218905472636815	0.13498153723326028	0.4095552495440316	NK	Erythroid	2	7	9	6	9	ANKRD28	0.9921605041790631	False
0.0002451214467156232	0.6218905472636815	0.11934038930351232	0.08038701733239123	Monocyte	NK	2	7	11	4	8	ARMH3	0.9921605041790631	False
0.005771057335674985	0.6218905472636815	0.33013588824039386	0.3027537277537278	Dendritic cell	B cell	2	7	9	3	5	ATG2A	0.9921605041790631	False
0.00560318526088522	0.6218905472636815	0.41841164969171113	0.41174761761003426	B cell	Monocyte	2	5	6	3	5	BEX4	0.9921605041790631	False
0.0002638531520615159	0.6218905472636815	0.18828809214546383	0.19537597413364288	T cell	Dendritic cell	2	7	16	4	11	CENPJ	0.9921605041790631	False
0.0006733116438973464	0.6218905472636815	0.2193191748158037	0.6293849932762788	Erythroid	NK	2	7	11	3	8	DENND10	0.9921605041790631	False
8.615774497598968e-05	0.6218905472636815	0.05773609883643266	0.10253343355343814	Monocyte	T cell	2	7	18	11	15	DYM	0.9921605041790631	False
0.0006765129345921633	0.6218905472636815	0.09204915193816265	0.13014468765160808	Monocyte	Erythroid	2	5	7	3	5	EFCAB14	0.9921605041790631	False
0.0002895100376978843	0.6218905472636815	0.18997757070491023	0.2046250230329833	Erythroid	Monocyte	2	6	7	3	6	EMC3	0.9921605041790631	False
0.00017165596710736207	0.6218905472636815	0.10947588937962557	0.20451770451770454	T cell	Plasma cell	2	7	9	4	6	FKBP11	0.9921605041790631	False
0.00033012357599919483	0.6218905472636815	0.10080328106893732	0.12383301361103505	Plasma cell	NK	2	6	9	4	5	FMN1	0.9921605041790631	False
0.00017300146342887475	0.6218905472636815	0.18617090385918228	0.12369488020879399	NK	T cell	2	7	10	4	7	GAS7	0.9921605041790631	False
6.55568802854723e-05	0.6218905472636815	0.05742045775954868	0.05343948074394367	NK	Erythroid	2	6	10	3	8	MARCHF3	0.9921605041790631	False
0.00011133555702235175	0.6218905472636815	0.08724805721281081	0.15886010464323713	Dendritic cell	B cell	2	7	11	5	9	MLLT10	0.9921605041790631	False
0.00021288734940055638	0.6218905472636815	0.24947821611627907	0.2489744034205813	T cell	Monocyte	2	6	8	3	5	MYBL2	0.9921605041790631	False
0.00034373514027485663	0.6218905472636815	0.15781786905111728	0.13470798864057287	Erythroid	Dendritic cell	2	3	5	3	5	NDUFA7	0.9921605041790631	False
6.221203830612534e-05	0.6218905472636815	0.3150422032091723	0.5960475893414134	NK	Plasma cell	2	7	10	4	8	NDUFA8	0.9921605041790631	False
0.00037529086557531	0.6218905472636815	0.06012904931220753	0.21271091500333722	Plasma cell	NK	2	7	13	9	13	PIAS1	0.9921605041790631	False
0.00014646805536867885	0.6218905472636815	0.07205391749652773	0.2733174816380034	B cell	Plasma cell	2	7	11	6	10	POLR2A	0.9921605041790631	False
0.00022950963682199404	0.6218905472636815	0.32123746755873783	0.2403542746835286	Monocyte	Erythroid	2	6	12	3	9	POLR2C	0.9921605041790631	False
0.0004689467029620125	0.6218905472636815	0.17247364903275414	0.17713940735523465	Monocyte	Plasma cell	2	4	6	3	4	RAVER1	0.9921605041790631	False
0.0008633180206587045	0.6218905472636815	0.08704846652597353	0.17438388381663184	T cell	Dendritic cell	2	7	18	8	15	RB1	0.9921605041790631	False
0.0005288976023123505	0.6218905472636815	0.20647533725729122	0.3978791959219005	T cell	Plasma cell	2	6	9	4	7	RYK	0.9921605041790631	False
3.3357000144306665e-05	0.6218905472636815	0.0357142857142857	0.03645833333333337	B cell	Erythroid	2	3	4	3	3	SIGMAR1	0.9921605041790631	False
0.0002841780163311873	0.6218905472636815	0.28220927424848097	0.34780209458507494	Erythroid	NK	2	7	13	3	9	SLC7A6OS	0.9921605041790631	False
2.824387937345915e-05	0.6218905472636815	0.03269489663803632	0.009954618650270808	T cell	Erythroid	2	3	3	3	3	TBC1D22A	0.9921605041790631	False
0.000675427564461676	0.6218905472636815	0.09614829715740814	0.30270270270270266	Monocyte	B cell	2	3	5	3	4	TET2-AS1	0.9921605041790631	False
0.00020103451466820953	0.6218905472636815	0.12520414785096623	0.111878332313609	B cell	Erythroid	2	7	8	3	7	TRRAP	0.9921605041790631	False
3.0097001247503125e-05	0.6218905472636815	0.08578930258797646	0.19175293509430053	Erythroid	Plasma cell	2	7	18	9	16	WDFY2	0.9921605041790631	False
0.00023563335672155405	0.6218905472636815	0.2024032898816181	0.22729096274371707	Dendritic cell	B cell	2	6	9	3	6	ZSWIM7	0.9921605041790631	False
0.00029713158912002627	0.6268656716417911	0.10415764271019878	0.24831870511797566	Monocyte	B cell	2	5	11	3	7	AARS1	0.9921605041790631	False
0.00028171252828326706	0.6268656716417911	0.19319063742576936	0.2989803935913938	NK	Dendritic cell	2	7	11	4	9	ACTN4	0.9921605041790631	False
0.00010029815541922264	0.6268656716417911	0.08974377650007814	0.06870622814210836	B cell	NK	2	7	17	6	14	APP	0.9921605041790631	False
0.000261300609521363	0.6268656716417911	0.10538783037612104	0.13867817804825683	Plasma cell	B cell	2	5	8	3	6	ARHGEF12	0.9921605041790631	False
0.0004639822700785949	0.6268656716417911	0.15758646041936641	0.033562428407789224	Erythroid	B cell	2	3	5	3	4	BHLHE40	0.9921605041790631	False
0.00018620797864400403	0.6268656716417911	0.37608886914164813	0.594980578233666	T cell	Erythroid	2	4	7	3	4	BIRC5	0.9921605041790631	False
0.0003787040953356314	0.6268656716417911	0.23382169717278922	0.27977441681620097	T cell	Plasma cell	2	5	9	3	6	BORCS8	0.9921605041790631	False
0.00023109241606446529	0.6268656716417911	0.24887361659823382	0.27928232129571334	NK	Monocyte	2	7	10	3	9	CCDC47	0.9921605041790631	False
0.00016948702058654667	0.6268656716417911	0.27716608270956095	0.42914501653282944	T cell	B cell	2	3	4	3	4	CCDC9	0.9921605041790631	False
0.0002829936333689512	0.6268656716417911	0.30591981254078293	0.2627685804860867	Dendritic cell	T cell	2	5	8	3	5	CHERP	0.9921605041790631	False
0.00011601375478336893	0.6268656716417911	0.246860353984989	0.3513716733503463	NK	Erythroid	2	7	9	3	7	CHFR	0.9921605041790631	False
6.781374669103365e-05	0.6268656716417911	0.13694180314419652	0.4310175075394488	Dendritic cell	NK	2	7	14	5	8	CST7	0.9921605041790631	False
7.723206608575318e-05	0.6268656716417911	0.18728992197028338	0.23585872210096648	Plasma cell	Dendritic cell	2	7	10	5	9	DIAPH1	0.9921605041790631	False
0.00012700738463112464	0.6268656716417911	0.15333685523058127	0.32266850726919455	NK	Plasma cell	2	7	9	5	8	DNM1L	0.9921605041790631	False
0.0007243181943180953	0.6268656716417911	0.3603762129343525	0.29158489443948854	NK	Plasma cell	2	7	12	3	10	DPM1	0.9921605041790631	False
0.00016224584344849837	0.6268656716417911	0.044362362964411484	0.14372388882441683	B cell	NK	2	7	13	5	11	ENSG00000283674	0.9921605041790631	False
0.000207996180954812	0.6268656716417911	0.04171154970999719	0.10898876404494384	B cell	Monocyte	2	6	10	3	8	ERCC8	0.9921605041790631	False
0.00034951189921658406	0.6268656716417911	0.18825478480887187	0.16177429876060018	T cell	NK	2	6	9	3	6	FAM199X	0.9921605041790631	False
0.0003178435285297644	0.6268656716417911	0.1697510758293871	0.19912035185925636	Erythroid	NK	2	7	13	3	8	FANCA	0.9921605041790631	False
0.00018888708601452655	0.6268656716417911	0.12154788192635146	0.07745397161275269	B cell	Dendritic cell	2	7	7	4	7	GAPDH	0.9921605041790631	False
0.00027643793908714337	0.6268656716417911	0.06838333610305619	0.18689024390243902	Plasma cell	Erythroid	2	7	8	3	7	GARS1-DT	0.9921605041790631	False
0.00018689353700938714	0.6268656716417911	0.13216320629213252	0.31999730163395707	NK	Monocyte	2	7	11	6	10	GGNBP2	0.9921605041790631	False
0.0003004585373038269	0.6268656716417911	0.11458651606237485	0.12757936507936507	T cell	Monocyte	2	5	5	3	4	HDDC3	0.9921605041790631	False
0.00033663073056853116	0.6268656716417911	0.2262320559979149	0.1886991447064263	Plasma cell	B cell	2	6	9	3	6	MCCC1	0.9921605041790631	False
8.416953745171847e-05	0.6268656716417911	0.0528516057585825	0.04140000468856225	T cell	Plasma cell	2	3	4	3	4	NANOS1	0.9921605041790631	False
6.718219915636784e-05	0.6268656716417911	0.0921307808764188	0.08789352642815773	B cell	Dendritic cell	2	7	10	6	10	NIPBL	0.9921605041790631	False
0.0007802467215094606	0.6268656716417911	0.11329830776881505	0.04932950191570884	T cell	Erythroid	2	5	9	3	7	PCAT1	0.9921605041790631	False
0.0003304999781525629	0.6268656716417911	0.15020739209712286	0.08737654671358841	Monocyte	B cell	2	6	9	4	7	PLEKHA5	0.9921605041790631	False
0.0002213144407104628	0.6268656716417911	0.09210299927233345	0.07242865594275572	Plasma cell	B cell	2	5	4	3	4	PPIE	0.9921605041790631	False
0.00017213930687026938	0.6268656716417911	0.10643131208840356	0.09180253807401556	Dendritic cell	Erythroid	2	6	7	4	7	PPP1R12B	0.9921605041790631	False
0.0003115603599063643	0.6268656716417911	0.1253866901787905	0.1269811659192825	Plasma cell	Dendritic cell	2	6	10	3	8	PWWP2A	0.9921605041790631	False
0.0003345923965121462	0.6268656716417911	0.25388803891670225	0.30323559150657226	Dendritic cell	Monocyte	2	7	11	3	8	SCARB2	0.9921605041790631	False
0.0010010507587792984	0.6268656716417911	0.08377119842902947	0.13504273504273506	Dendritic cell	T cell	2	6	7	3	5	SPEN-AS1	0.9921605041790631	False
9.728056278314501e-05	0.6268656716417911	0.4188775985120727	0.5980837828432225	B cell	NK	2	7	11	4	8	STX8	0.9921605041790631	False
0.00014645415730612797	0.6268656716417911	0.13089079852139485	0.07059629257602051	T cell	B cell	2	5	6	3	5	SYF2	0.9921605041790631	False
0.00011416309970948532	0.6268656716417911	0.2374179983378905	0.48702891369501894	Erythroid	Plasma cell	2	7	9	3	7	TBK1	0.9921605041790631	False
0.0012129557823025443	0.6268656716417911	0.35632964334621786	0.3933036893545831	Dendritic cell	Plasma cell	2	7	14	3	7	TOP1MT	0.9921605041790631	False
0.00018236863135823517	0.6268656716417911	0.055663405436703506	0.0866859403530128	Erythroid	T cell	2	6	7	3	7	TRIM33	0.9921605041790631	False
0.0005338310134375235	0.6268656716417911	0.0713707257103483	0.10141941391941389	Monocyte	B cell	2	5	7	3	5	TRMT44	0.9921605041790631	False
0.0005168268890961085	0.6268656716417911	0.22969987273619513	0.29321305841924394	Monocyte	B cell	2	6	8	3	6	VPS11	0.9921605041790631	False
0.00020551451990116903	0.6268656716417911	0.08287375023144028	0.2612015093921325	Erythroid	Plasma cell	2	7	13	5	11	ZDHHC21	0.9921605041790631	False
0.00041967291265201495	0.6268656716417911	0.1278750337110081	0.2996859537329511	Erythroid	T cell	2	4	6	3	4	ZNF655	0.9921605041790631	False
0.00021019669360249202	0.6318407960199005	0.16963844956926044	0.1768631401188025	Erythroid	T cell	2	5	8	3	7	CSNK2A2	0.9921605041790631	False
0.0002571225523663567	0.6318407960199005	0.33329677895063464	0.5089743230756307	T cell	NK	2	7	14	3	10	CXorf38	0.9921605041790631	False
0.0007130139980851039	0.6318407960199005	0.224593512673463	0.27218987510556025	Dendritic cell	T cell	2	5	6	3	4	ENSG00000286035	0.9921605041790631	False
0.0002513834163049476	0.6318407960199005	0.14304684778822707	0.21634059582036458	NK	T cell	2	6	6	3	5	ENSG00000287214	0.9921605041790631	False
0.00025924254313635796	0.6318407960199005	0.2978049523952285	0.3242193955281489	Monocyte	T cell	2	5	7	3	7	FAU	0.9921605041790631	False
9.208161465891078e-05	0.6318407960199005	0.09895790394894671	0.22101556708673092	Plasma cell	NK	2	7	10	3	9	G3BP1	0.9921605041790631	False
0.0004757502488098088	0.6318407960199005	0.15467103123284243	0.09466683072211735	Dendritic cell	Monocyte	2	7	10	3	6	IPPK	0.9921605041790631	False
0.00010074634756758359	0.6318407960199005	0.06502042230726207	0.16666666666666663	Dendritic cell	B cell	2	7	13	7	13	ITFG1	0.9921605041790631	False
0.001044340333606177	0.6318407960199005	0.2627459509894657	0.3407258064516129	T cell	Erythroid	2	6	9	4	5	ITM2A	0.9921605041790631	False
0.0003916534656197555	0.6318407960199005	0.36985712068399723	0.4691295546558704	Dendritic cell	Plasma cell	2	7	9	3	6	KXD1	0.9921605041790631	False
0.00015252959249205042	0.6318407960199005	0.14869922414079784	0.31633833861413424	Erythroid	Plasma cell	2	7	17	5	13	LINC00667	0.9921605041790631	False
0.00039214101557180224	0.6318407960199005	0.11915347306858348	0.11406749511761266	B cell	Monocyte	2	5	6	3	6	LINC01145	0.9921605041790631	False
0.0006715099604711231	0.6318407960199005	0.1854933305168069	0.2524365008149138	Erythroid	NK	2	7	13	4	10	LINC02256	0.9921605041790631	False
0.0007800491711426132	0.6318407960199005	0.08323088445864268	0.09152839606097402	Plasma cell	B cell	2	6	8	3	6	MAP3K13	0.9921605041790631	False
0.00037077524398544735	0.6318407960199005	0.07728964826782236	0.12878934825980937	Plasma cell	T cell	2	5	9	3	8	MAPK9	0.9921605041790631	False
0.0002194569635855995	0.6318407960199005	0.12365925230964642	0.1920498190005298	Erythroid	T cell	2	7	13	6	11	MAPKAP1	0.9921605041790631	False
0.0002506612944999095	0.6318407960199005	0.04301002939029919	0.14302989155250784	Monocyte	T cell	2	4	9	4	8	MOB3B	0.9921605041790631	False
8.612604614789227e-05	0.6318407960199005	0.1200839340751953	0.13914800995024879	Erythroid	Dendritic cell	2	7	10	3	8	MSH3	0.9921605041790631	False
0.00011954903765817437	0.6318407960199005	0.14026090380213369	0.13691171608067892	Plasma cell	B cell	2	7	14	4	10	NAPB	0.9921605041790631	False
0.00040527560748917726	0.6318407960199005	0.13129283954145105	0.20812189740761172	Plasma cell	Erythroid	2	7	9	3	7	NARS2	0.9921605041790631	False
0.0004134032526723876	0.6318407960199005	0.27171673046042005	0.5165412640112209	NK	Monocyte	2	7	9	3	7	NCBP2	0.9921605041790631	False
0.0006733425196192796	0.6318407960199005	0.16469454495823693	0.2057933863112023	Dendritic cell	Plasma cell	2	7	10	3	9	NDUFAF2	0.9921605041790631	False
0.00026508900953939264	0.6318407960199005	0.12392365430397911	0.30837663346355926	B cell	Monocyte	2	7	8	4	8	NOP10	0.9921605041790631	False
0.00016525587921713695	0.6318407960199005	0.20916246529376314	0.3436853002070393	Plasma cell	T cell	2	6	9	3	8	POMP	0.9921605041790631	False
9.029098851525606e-05	0.6318407960199005	0.0776705765484223	0.10627250900360141	Erythroid	NK	2	7	17	6	13	RAB22A	0.9921605041790631	False
0.0003044870364317196	0.6318407960199005	0.2698985125582221	0.29927508374979406	Dendritic cell	Erythroid	2	5	8	3	5	RANBP6	0.9921605041790631	False
2.5644335776023556e-05	0.6318407960199005	0.16165846750774449	0.03477156716590868	T cell	Erythroid	2	7	9	3	6	RPL27A	0.9921605041790631	False
0.00013866839816729172	0.6318407960199005	0.047570850779019014	0.1030717239987895	T cell	B cell	2	7	12	4	11	RUFY3	0.9921605041790631	False
5.268090651978869e-05	0.6318407960199005	0.07882343798609265	0.18181619224326184	Plasma cell	NK	2	7	13	4	9	SLCO3A1	0.9921605041790631	False
0.0002955466174980061	0.6318407960199005	0.10897636248434622	0.16616232224749017	Monocyte	Dendritic cell	2	7	10	5	8	SPCS2	0.9921605041790631	False
0.0004063327018789903	0.6318407960199005	0.22506622380614738	0.3540775401069518	T cell	Dendritic cell	2	6	7	3	5	UBAP2L	0.9921605041790631	False
0.0005110415986067135	0.6318407960199005	0.18534713432228384	0.19770654877037858	NK	Erythroid	2	7	12	3	7	ZNF519	0.9921605041790631	False
0.00026379682330153015	0.6368159203980099	0.06069792281856362	0.060514469453376185	T cell	Erythroid	2	4	6	4	5	ABCD3	0.9921605041790631	False
8.634763043053841e-05	0.6368159203980099	0.19706323080497246	0.18348492887642437	T cell	Plasma cell	2	7	11	4	7	ABLIM1	0.9921605041790631	False
0.00020256365581077017	0.6368159203980099	0.15801008364859237	0.23882661089338242	B cell	Plasma cell	2	4	4	3	3	ACAA1	0.9921605041790631	False
0.0005931616332709781	0.6368159203980099	0.06455626751766363	0.05605926581158782	T cell	Monocyte	2	3	4	3	4	ACTR6	0.9921605041790631	False
0.00032070743408881084	0.6368159203980099	0.2088120508068807	0.2640429653107942	NK	T cell	2	7	13	3	8	ATXN1L	0.9921605041790631	False
0.0001789839488333602	0.6368159203980099	0.08102304679061234	0.2982817272625117	Dendritic cell	Erythroid	2	7	13	8	13	BNIP2	0.9921605041790631	False
0.00015053334595851949	0.6368159203980099	0.067584120813163	0.0917991225546606	Erythroid	T cell	2	6	8	4	7	CAND1	0.9921605041790631	False
0.0005231142519333156	0.6368159203980099	0.19272794606653804	0.39259757561368097	Plasma cell	Monocyte	2	7	9	4	9	CCND2	0.9921605041790631	False
0.00029390630934274275	0.6368159203980099	0.27536664774956987	0.4609523809523809	Dendritic cell	Plasma cell	2	6	7	3	4	CKLF	0.9921605041790631	False
0.0003192355631889163	0.6368159203980099	0.2680138351126038	0.29358655043586557	Erythroid	T cell	2	6	11	3	7	COG7	0.9921605041790631	False
0.00026328614193284026	0.6368159203980099	0.13030218588373121	0.16190857721177365	Plasma cell	B cell	2	6	10	3	7	DHRS7B	0.9921605041790631	False
0.0003784285063291065	0.6368159203980099	0.22426949156392445	0.22881693904820638	B cell	Plasma cell	2	6	8	3	5	DHX40	0.9921605041790631	False
0.00018494027921941593	0.6368159203980099	0.1649797910030466	0.1692944185346773	T cell	Erythroid	2	7	9	3	6	PCYT1A	0.9921605041790631	False
0.00030336935369626146	0.6368159203980099	0.1083923846004099	0.294891745486693	Monocyte	Plasma cell	2	7	13	7	13	RAB8B	0.9921605041790631	False
0.00015547573190485316	0.6368159203980099	0.14142019443940296	0.4903961676892139	Dendritic cell	B cell	2	7	10	5	10	RABAC1	0.9921605041790631	False
6.585545364200707e-05	0.6368159203980099	0.15125277269942838	0.13339665566405357	T cell	Dendritic cell	2	6	7	5	6	SDCCAG8	0.9921605041790631	False
0.00012425848716438083	0.6368159203980099	0.3684346528223571	0.681962481962482	Plasma cell	Dendritic cell	2	7	10	4	8	SDHAF2	0.9921605041790631	False
0.0012611423184692373	0.6368159203980099	0.13400107139237577	0.24142202403071972	Monocyte	Dendritic cell	2	6	8	3	5	SLC35E3	0.9921605041790631	False
0.00029681916854655836	0.6368159203980099	0.13028794442978336	0.17738383042838068	NK	B cell	2	7	18	6	13	SLC7A1	0.9921605041790631	False
0.0008141391858188521	0.6368159203980099	0.15192875825916585	0.3223218096457533	NK	T cell	2	6	9	3	7	TMEM109	0.9921605041790631	False
0.00017187006739018487	0.6368159203980099	0.1412796164114033	0.14669447829477356	NK	Dendritic cell	2	7	17	5	14	UCHL3	0.9921605041790631	False
4.768076542876409e-05	0.6368159203980099	0.07556081738085385	0.06892647821277614	Monocyte	Plasma cell	2	7	19	10	16	USP25	0.9921605041790631	False
0.00024391490959584054	0.6368159203980099	0.204481974138715	0.1475950923038401	T cell	Dendritic cell	2	6	9	3	7	VGLL4	0.9921605041790631	False
0.00036420171197897256	0.6368159203980099	0.10078431926163167	0.10353535353535354	Erythroid	T cell	2	6	10	3	7	ZNF564	0.9921605041790631	False
0.0002768655547155064	0.6368159203980099	0.10625140496088464	0.12755029043980887	Erythroid	Plasma cell	2	7	8	3	7	ZNF767P	0.9921605041790631	False
0.00013883132218311183	0.6417910447761194	0.08365741031554547	0.0831305473112684	T cell	Plasma cell	2	7	17	5	12	ABHD12	0.9921605041790631	False
0.00031061846957302594	0.6417910447761194	0.12834294750030922	0.16573067415460674	NK	T cell	2	7	9	3	7	BIRC2	0.9921605041790631	False
0.00024551362758727847	0.6417910447761194	0.14090032014843246	0.2598748680838233	Erythroid	Plasma cell	2	7	9	3	6	BLTP3B	0.9921605041790631	False
0.00013818961936550047	0.6417910447761194	0.45908620279460316	0.49448000980065354	Erythroid	Dendritic cell	2	5	7	3	4	CD96	0.9921605041790631	False
0.00044808761436345356	0.6417910447761194	0.12414577162888163	0.1290388968923647	T cell	B cell	2	6	10	5	7	DAP	0.9921605041790631	False
9.668052199354659e-05	0.6417910447761194	0.08206544442764607	0.18985904319985658	Erythroid	T cell	2	7	15	5	10	DNAJC5	0.9921605041790631	False
0.0009768887670442838	0.6417910447761194	0.3601280362149928	0.3173626373626373	Dendritic cell	Erythroid	2	5	7	3	5	DPH3	0.9921605041790631	False
0.0002585754912994518	0.6417910447761194	0.1053250476676087	0.17386904761904765	B cell	Plasma cell	2	7	11	3	9	FAM241A	0.9921605041790631	False
1.0566071725142832e-06	0.6417910447761194	0.2558123409194734	0.9480869854297452	NK	Dendritic cell	2	5	7	3	5	FCN1	0.9921605041790631	False
0.0007738908659860541	0.6417910447761194	0.14961740469059676	0.1553913043478261	Monocyte	Erythroid	2	6	8	3	6	GLCE	0.9921605041790631	False
0.00014294735144431084	0.6417910447761194	0.22885566562861936	0.17553825222889008	Plasma cell	NK	2	7	13	5	11	IARS1	0.9921605041790631	False
0.0008948640848342752	0.6417910447761194	0.23394129423541182	0.21393660103337525	Plasma cell	NK	2	6	7	3	4	IL27RA	0.9921605041790631	False
0.00020253076756769308	0.6417910447761194	0.23087471063523463	0.326231272988248	Erythroid	Dendritic cell	2	6	13	3	8	KIF4A	0.9921605041790631	False
0.0003716700311504095	0.6417910447761194	0.21759044237964537	0.15409043511233295	Monocyte	T cell	2	4	5	3	4	LIMD2	0.9921605041790631	False
0.000248654210546349	0.6417910447761194	0.13941910387151313	0.23190737833594977	T cell	Plasma cell	2	7	11	3	11	LYPLA1	0.9921605041790631	False
0.00033160073278873256	0.6417910447761194	0.24137839103480396	0.22791420309870092	Erythroid	T cell	2	3	4	3	3	MATK	0.9921605041790631	False
6.684946981905479e-05	0.6417910447761194	0.09302049057182304	0.06793084584219183	T cell	Monocyte	2	7	18	9	14	MPHOSPH8	0.9921605041790631	False
0.00032431731175088164	0.6417910447761194	0.23904364845421872	0.1403528960490985	Erythroid	Plasma cell	2	5	6	3	5	MTMR14	0.9921605041790631	False
7.536051134523242e-05	0.6417910447761194	0.1250257386702161	0.3247130933404767	NK	B cell	2	7	14	5	11	MTSS1	0.9921605041790631	False
0.0004413297154424316	0.6417910447761194	0.0998304296879815	0.14201562113653232	Erythroid	B cell	2	4	5	3	4	MYO15B	0.9921605041790631	False
0.006043374782403927	0.6417910447761194	0.16511315791757075	0.300646054453161	Erythroid	Monocyte	2	6	11	4	8	PHYH	0.9921605041790631	False
0.00028387308228836766	0.6417910447761194	0.23363890424421097	0.18945569429169096	NK	T cell	2	4	5	3	4	PPP1CA	0.9921605041790631	False
0.00012003444627320449	0.6417910447761194	0.10583817856720329	0.09945193520225049	Erythroid	NK	2	7	7	3	5	PRDM2	0.9921605041790631	False
0.0005628154949519923	0.6417910447761194	0.11511256734642572	0.10276796230859836	Dendritic cell	T cell	2	7	11	3	7	RAB11FIP3	0.9921605041790631	False
0.0001030789953316523	0.6417910447761194	0.10440947100800052	0.08531283187045591	Erythroid	NK	2	6	15	5	9	RFC3	0.9921605041790631	False
0.0001723710909714129	0.6417910447761194	0.3009895799857796	0.38328850338491294	T cell	Erythroid	2	6	11	3	7	RHOT2	0.9921605041790631	False
0.0002383949914375308	0.6417910447761194	0.30422736123385763	0.40494570476292874	B cell	Erythroid	2	5	8	5	6	RIOK2	0.9921605041790631	False
4.55852628145375e-05	0.6417910447761194	0.06136255194851359	0.08874895474587147	B cell	NK	2	7	12	8	10	SCFD2	0.9921605041790631	False
0.00019413226731225164	0.6417910447761194	0.1643173781073871	0.2973005100717559	T cell	B cell	2	7	8	4	6	SRP19	0.9921605041790631	False
0.00012242320071449098	0.6417910447761194	0.06594280449516304	0.04148928663828588	Erythroid	Plasma cell	2	7	9	3	6	TMEM117	0.9921605041790631	False
0.0005564801036427502	0.6417910447761194	0.1584410684580465	0.15715395068918658	Erythroid	Monocyte	2	4	5	3	4	TMEM67	0.9921605041790631	False
0.0004020335842655511	0.6417910447761194	0.08678555595992449	0.06526544528118089	Erythroid	B cell	2	4	7	3	6	TOM1L2	0.9921605041790631	False
3.003038437309298e-05	0.6417910447761194	0.05403682693803291	0.06760876238552449	Monocyte	Dendritic cell	2	7	14	8	14	TRAPPC9	0.9921605041790631	False
0.0008633652294964002	0.6417910447761194	0.12809808482141943	0.07814072747692868	T cell	Erythroid	2	6	8	3	6	TRIM24	0.9921605041790631	False
0.0001457538794476414	0.6417910447761194	0.09601369072141697	0.14137603398166787	B cell	Erythroid	2	5	6	3	5	XPNPEP1	0.9921605041790631	False
9.14820042588504e-05	0.6417910447761194	0.04432345429785578	0.08183382910237424	Erythroid	Monocyte	2	7	9	7	9	ZBTB20	0.9921605041790631	False
0.00031930916744621574	0.6417910447761194	0.11583331564949212	0.16648225192528987	Monocyte	B cell	2	4	6	3	3	ZNF682	0.9921605041790631	False
0.00030136250485696386	0.6467661691542289	0.16272070179862075	0.5025764059453575	NK	Plasma cell	2	7	10	6	9	C11orf58	0.9921605041790631	False
0.00021046853726260735	0.6467661691542289	0.24670236300293802	0.6397869674185463	Plasma cell	Dendritic cell	2	6	7	4	7	CDC42	0.9921605041790631	False
0.00040736270913518805	0.6467661691542289	0.16536794466196103	0.15879294755877033	Monocyte	Plasma cell	2	3	4	3	3	CHML	0.9921605041790631	False
0.0001862363487524979	0.6467661691542289	0.2611384100078015	0.36559972466012736	Plasma cell	NK	2	5	7	3	5	CIB1	0.9921605041790631	False
0.0002092121030707081	0.6467661691542289	0.1956852874617419	0.19147869674185458	NK	Plasma cell	2	6	10	4	6	CNP	0.9921605041790631	False
0.00039675539166576736	0.6467661691542289	0.2018453464968767	0.2238886450561164	B cell	Monocyte	2	6	8	3	7	CRCP	0.9921605041790631	False
0.00017008407184403114	0.6467661691542289	0.11858865488619247	0.12722560147154122	Monocyte	NK	2	7	11	5	9	CRLF3	0.9921605041790631	False
4.4036342749931366e-05	0.6467661691542289	0.1092249652004682	0.34197728079517214	Erythroid	Monocyte	2	4	5	3	4	CSRNP1	0.9921605041790631	False
0.0011638104714798054	0.6467661691542289	0.34881890105952096	0.8611584337759028	B cell	Dendritic cell	2	7	10	4	7	CTSW	0.9921605041790631	False
0.00017901182657998263	0.6467661691542289	0.11998611605013898	0.24939906310682758	Dendritic cell	T cell	2	7	11	5	8	DNAJC7	0.9921605041790631	False
0.00021505155022034673	0.6467661691542289	0.1557029523006298	0.18938149972632728	Erythroid	B cell	2	7	11	3	6	ELAC2	0.9921605041790631	False
0.00034243190706530105	0.6467661691542289	0.13697625821431036	0.10708604345089362	Monocyte	Plasma cell	2	6	9	3	7	ENSG00000225218	0.9921605041790631	False
0.0005515425925854617	0.6467661691542289	0.25303781053781044	0.2275413391162917	NK	Erythroid	2	5	9	4	7	ENSG00000272688	0.9921605041790631	False
0.0005505257537596527	0.6467661691542289	0.1651089959126515	0.1601640949406442	Monocyte	T cell	2	6	8	3	6	ENSG00000290833	0.9921605041790631	False
0.00014596305284447393	0.6467661691542289	0.05891907723294243	0.18485765375976304	B cell	Dendritic cell	2	7	13	6	12	ENSG00000291073	0.9921605041790631	False
0.0005544758161101584	0.6467661691542289	0.1322338797369219	0.14225170879127358	NK	T cell	2	7	7	3	6	GALNT2	0.9921605041790631	False
6.915037339597576e-05	0.6467661691542289	0.14548094063216566	0.3197485808281763	Monocyte	Plasma cell	2	7	13	7	12	GTF2A2	0.9921605041790631	False
0.0003416153357004636	0.6467661691542289	0.29005309570221854	0.29283489096573206	T cell	Erythroid	2	5	8	3	7	HACL1	0.9921605041790631	False
0.0002328867017586096	0.6467661691542289	0.19667614507179576	0.2915984141680317	NK	Erythroid	2	7	8	3	6	HBP1	0.9921605041790631	False
0.0020948554070662866	0.6467661691542289	0.18026461614934247	0.20780559646539026	B cell	Plasma cell	2	7	11	6	8	HSH2D	0.9921605041790631	False
0.00017543174754796096	0.6467661691542289	0.06043433877869192	0.08353941914288282	Monocyte	NK	2	7	11	5	8	MYO1D	0.9921605041790631	False
0.0004891236062078951	0.6467661691542289	0.21409998687371729	0.22513649264572305	Dendritic cell	NK	2	7	10	3	9	NR1H2	0.9921605041790631	False
0.00018210588782097056	0.6467661691542289	0.13231558756120515	0.3202506654444817	Erythroid	NK	2	7	10	4	8	PAFAH1B2	0.9921605041790631	False
0.00018396972624657053	0.6467661691542289	0.21804217649243007	0.4381274625470249	Plasma cell	T cell	2	7	10	3	7	PLD3	0.9921605041790631	False
0.00010125928544630125	0.6467661691542289	0.10894351443645206	0.318045197476772	T cell	Dendritic cell	2	7	13	5	11	PTAR1	0.9921605041790631	False
0.00010316014411862556	0.6467661691542289	0.23615174184862953	0.267098950073274	Erythroid	Plasma cell	2	5	9	3	5	RAD51AP1	0.9921605041790631	False
1.6982604934330454e-06	0.6467661691542289	0.1206247131001551	0.6923283780335305	Plasma cell	Dendritic cell	2	7	11	8	10	RNASEK	0.9921605041790631	False
0.0004003318486841635	0.6467661691542289	0.2469741107374141	0.18805878601516768	Plasma cell	Dendritic cell	2	7	7	3	6	RSBN1	0.9921605041790631	False
0.0001010702244926194	0.6467661691542289	0.28245410058400966	0.32462449239199564	NK	Erythroid	2	7	13	3	9	TPD52L2	0.9921605041790631	False
0.0005099566941631679	0.6467661691542289	0.1932912113864952	0.17046663201247547	Plasma cell	T cell	2	5	7	3	6	TRIM69	0.9921605041790631	False
1.3437472074642374e-05	0.6467661691542289	0.030073517983184528	0.08723078824280572	T cell	Dendritic cell	2	7	14	8	14	VPS13B	0.9921605041790631	False
0.0008127494902574336	0.6467661691542289	0.10089773347870068	0.11180527599067241	T cell	Dendritic cell	2	6	10	4	8	XRCC4	0.9921605041790631	False
0.00024248417313445076	0.6467661691542289	0.052552239299895054	0.07500402382102045	Plasma cell	T cell	2	6	7	4	6	ZMYM4	0.9921605041790631	False
0.0008269434821995739	0.6517412935323383	0.14788536361317234	0.3745953745953746	Dendritic cell	Erythroid	2	7	10	3	9	ANKRD10-IT1	0.9921605041790631	False
0.00036574756701424494	0.6517412935323383	0.08335871136214207	0.11487813399838559	Erythroid	Monocyte	2	7	9	3	6	ANO6	0.9921605041790631	False
0.00027201266384768057	0.6517412935323383	0.21908139283759392	0.6193349088490737	NK	Monocyte	2	7	13	5	11	CARHSP1	0.9921605041790631	False
0.0001092073546980625	0.6517412935323383	0.07835965791863375	0.12582305943176253	T cell	Dendritic cell	2	7	17	9	15	CHD6	0.9921605041790631	False
0.0018279128694709717	0.6517412935323383	0.38653136899981216	0.6335160348022741	Erythroid	Dendritic cell	2	6	9	3	5	DCTN6-DT	0.9921605041790631	False
7.891805180308274e-05	0.6517412935323383	0.2746913220478356	0.40670265407107514	B cell	Dendritic cell	2	7	9	3	8	FRG1	0.9921605041790631	False
0.00013457314734384852	0.6517412935323383	0.07325145581185316	0.2507166679041265	Erythroid	Plasma cell	2	6	5	3	5	GPX1	0.9921605041790631	False
0.00017134585494723662	0.6517412935323383	0.09941663407323387	0.18792821401077758	B cell	Dendritic cell	2	6	13	4	11	GRHPR	0.9921605041790631	False
0.00020718902873334324	0.6517412935323383	0.1226621569659791	0.08196721311475408	T cell	Plasma cell	2	6	9	3	7	GSDMD	0.9921605041790631	False
8.549304219372775e-05	0.6517412935323383	0.121075483921263	0.060415538993213114	Dendritic cell	Plasma cell	2	7	11	4	9	IDH2	0.9921605041790631	False
0.00016241024993894144	0.6517412935323383	0.16501149002905824	0.3276465333209035	Dendritic cell	Erythroid	2	6	10	3	7	ITGAM	0.9921605041790631	False
0.0001577482395692568	0.6517412935323383	0.1329811949806904	0.17344677553746446	Dendritic cell	Plasma cell	2	7	13	5	12	KDM5C	0.9921605041790631	False
0.000143183788169442	0.6517412935323383	0.14231245144745336	0.3935322209663093	Dendritic cell	Monocyte	2	7	9	4	8	LINC01619	0.9921605041790631	False
0.0006537332590880902	0.6517412935323383	0.20828999847633378	0.38434268788578685	Dendritic cell	Erythroid	2	5	5	3	5	LMNA	0.9921605041790631	False
5.754126566540855e-05	0.6517412935323383	0.0798799444437916	0.14848019222314596	Dendritic cell	Erythroid	2	7	9	4	8	LRRFIP2	0.9921605041790631	False
0.0002609410577378033	0.6517412935323383	0.15467073291474742	0.2282876932797654	T cell	Plasma cell	2	4	6	3	6	NISCH	0.9921605041790631	False
0.00026446273555417375	0.6517412935323383	0.24249367799877408	0.2077337054016345	NK	Plasma cell	2	6	10	3	9	PEDS1	0.9921605041790631	False
0.00031629279929321926	0.6517412935323383	0.16993416481311646	0.20371376188153423	Plasma cell	Monocyte	2	7	11	3	8	PLIN2	0.9921605041790631	False
0.0002122390972998623	0.6517412935323383	0.29991780109183686	0.3179529282977559	Dendritic cell	B cell	2	7	8	3	8	RPN1	0.9921605041790631	False
0.00014871197781701913	0.6517412935323383	0.20047851042984746	0.27392259777807837	Monocyte	NK	2	7	7	3	7	RSRP1	0.9921605041790631	False
8.933915448925508e-05	0.6517412935323383	0.07386514887147072	0.14086088043830075	Plasma cell	Monocyte	2	7	13	6	11	SEMA4D	0.9921605041790631	False
0.0015984716303227703	0.6517412935323383	0.12776733629804543	0.14535825545171338	Plasma cell	B cell	2	3	5	3	4	SIRT3	0.9921605041790631	False
0.00041948533393413494	0.6517412935323383	0.2210537769225579	0.1738835500282646	Plasma cell	Monocyte	2	4	7	3	4	SNHG20	0.9921605041790631	False
0.00012514007477089516	0.6517412935323383	0.07186214071289065	0.1343698279753247	Plasma cell	Erythroid	2	7	11	3	10	STX17	0.9921605041790631	False
0.00026169707420956376	0.6517412935323383	0.16256037523010625	0.300775640349525	B cell	Monocyte	2	7	9	3	8	TASOR	0.9921605041790631	False
0.0002906998652903898	0.6517412935323383	0.13158477915782207	0.11230474594529893	Plasma cell	Monocyte	2	7	9	5	9	XIST	0.9921605041790631	False
0.00016863048087244754	0.6517412935323383	0.06308577054193276	0.13620065173208584	NK	Plasma cell	2	7	14	7	12	ZHX2	0.9921605041790631	False
0.0008145202411478855	0.6517412935323383	0.09870206536516807	0.21894994513378918	Plasma cell	Dendritic cell	2	7	11	3	8	ZNF587B	0.9921605041790631	False
0.0001595753879004957	0.6567164179104478	0.10153832740089974	0.24903813413077674	NK	Erythroid	2	7	11	4	8	AKAP10	0.9921605041790631	False
9.642909345163407e-05	0.6567164179104478	0.1480354783234431	0.13062236227072388	Plasma cell	NK	2	7	18	7	15	C18orf25	0.9921605041790631	False
0.0003372256225160034	0.6567164179104478	0.07320701016914699	0.1548468897011246	Plasma cell	NK	2	7	9	5	9	CLIP1	0.9921605041790631	False
0.0007215924449034054	0.6567164179104478	0.07552036352022667	0.14851097178683387	Monocyte	T cell	2	3	4	3	3	CLUAP1	0.9921605041790631	False
0.0009182385492184085	0.6567164179104478	0.29179029304029297	0.2742940199335548	Monocyte	B cell	2	3	5	3	4	CSTF1	0.9921605041790631	False
0.0003027056190220327	0.6567164179104478	0.09601047174694682	0.27082185546266796	Monocyte	NK	2	7	7	4	6	DDIT4	0.9921605041790631	False
0.00023469900968646517	0.6567164179104478	0.19861825225762209	0.21361939292590204	Dendritic cell	NK	2	7	12	4	9	ENSG00000291203	0.9921605041790631	False
0.00013523442898832552	0.6567164179104478	0.11192610065011077	0.14714981155778895	Monocyte	T cell	2	5	7	3	5	FERMT3	0.9921605041790631	False
0.0014501732112171687	0.6567164179104478	0.09329786824047936	0.15560134310134305	Monocyte	B cell	2	4	5	3	5	GAREM1	0.9921605041790631	False
0.00018054515792157447	0.6567164179104478	0.2692133529201791	0.39192174324388834	Monocyte	B cell	2	5	4	3	4	GARS1	0.9921605041790631	False
0.0008777708146611714	0.6567164179104478	0.17776627736164285	0.22891280026829902	Plasma cell	NK	2	7	9	5	8	GSTP1	0.9921605041790631	False
3.348950666655009e-05	0.6567164179104478	0.2048365728495018	0.41058163360872624	B cell	Plasma cell	2	7	12	6	11	HERPUD1	0.9921605041790631	False
0.00026437697465563894	0.6567164179104478	0.1314366833619205	0.32919953370014376	Erythroid	Plasma cell	2	6	8	3	6	IPO8	0.9921605041790631	False
0.00034050057587412414	0.6567164179104478	0.12979796541912902	0.11189522235394911	Plasma cell	NK	2	7	9	3	8	KAT2B	0.9921605041790631	False
5.5334186232514194e-05	0.6567164179104478	0.08774962538900494	0.09281387420953252	T cell	Dendritic cell	2	7	11	6	10	MAPK8	0.9921605041790631	False
0.00024662609649949525	0.6567164179104478	0.22180867690641237	0.18514467184191952	NK	Plasma cell	2	7	10	3	8	NNT	0.9921605041790631	False
7.023937032585705e-05	0.6567164179104478	0.11996771761861941	0.23010204081632657	B cell	Monocyte	2	7	11	5	9	NUFIP2	0.9921605041790631	False
0.00018871903102218887	0.6567164179104478	0.3563414561988788	0.45931790648441606	NK	Erythroid	2	7	12	5	9	PAPSS1	0.9921605041790631	False
0.00016422581710417715	0.6567164179104478	0.157833008654099	0.15866641319328928	B cell	Plasma cell	2	6	9	3	5	PARP9	0.9921605041790631	False
0.0004181054544720966	0.6567164179104478	0.2905617093097937	0.328569436698271	B cell	Plasma cell	2	7	9	3	5	PFKP	0.9921605041790631	False
0.0007899807750328171	0.6567164179104478	0.058632641622479054	0.19823180792894318	Monocyte	B cell	2	7	14	6	14	PPP2R2A	0.9921605041790631	False
9.76241638343472e-05	0.6567164179104478	0.28730902418626736	0.264862130027827	Monocyte	NK	2	6	11	3	8	PRMT9	0.9921605041790631	False
0.0009342810569520127	0.6567164179104478	0.19983704278061826	0.2563330457290768	B cell	Dendritic cell	2	7	7	3	6	RAB3GAP2	0.9921605041790631	False
0.00017517576652955125	0.6567164179104478	0.09875955707243278	0.2131135027860469	Erythroid	NK	2	7	16	5	10	RALBP1	0.9921605041790631	False
0.0010938573154789036	0.6567164179104478	0.15204233867775613	0.09212121212121216	B cell	Erythroid	2	3	4	3	3	RIC8A	0.9921605041790631	False
6.580058937267958e-05	0.6567164179104478	0.07504135325270372	0.055299237395595835	Plasma cell	Monocyte	2	5	10	5	6	RYR3	0.9921605041790631	False
0.00011450731914423043	0.6567164179104478	0.03454297587357236	0.028823076574740703	Monocyte	Erythroid	2	3	4	3	4	SIDT1	0.9921605041790631	False
0.0008517601054034142	0.6567164179104478	0.19829595691664664	0.2614161943847307	Plasma cell	NK	2	6	8	3	5	SLC9B2	0.9921605041790631	False
0.0001691550357032564	0.6567164179104478	0.16128213207069236	0.16076147232870597	NK	Dendritic cell	2	7	13	6	12	SPG11	0.9921605041790631	False
7.478725780591811e-05	0.6567164179104478	0.11347361620826657	0.06349745331069612	Erythroid	B cell	2	5	7	3	6	STAG3L5P	0.9921605041790631	False
0.0001837610315130184	0.6567164179104478	0.22804929736531465	0.21709362956245748	NK	B cell	2	7	12	4	11	TMA16	0.9921605041790631	False
0.0015158325579838984	0.6567164179104478	0.17915381945178144	0.36512148684509077	Dendritic cell	T cell	2	7	13	4	11	TSPAN3	0.9921605041790631	False
8.363681510997707e-05	0.6567164179104478	0.08138138694507785	0.18046897988154575	Plasma cell	T cell	2	7	13	8	12	USP8	0.9921605041790631	False
5.3020734767223347e-05	0.6567164179104478	0.559862385063911	0.5572570607649961	Dendritic cell	Erythroid	2	7	14	4	11	VBP1	0.9921605041790631	False
9.143258888190818e-05	0.6567164179104478	0.10485966453968587	0.2577674483626324	Erythroid	Dendritic cell	2	7	9	4	8	WASHC2C	0.9921605041790631	False
0.0005826134178226308	0.6567164179104478	0.08948115151022107	0.24109313461795367	Dendritic cell	Plasma cell	2	7	9	4	7	ZFP91	0.9921605041790631	False
0.0005619243891465662	0.6567164179104478	0.09507434806294157	0.06647384873191325	NK	T cell	2	7	12	3	9	ZNF141	0.9921605041790631	False
0.00013420952737130384	0.6567164179104478	0.10190523035350624	0.11082876598571667	Plasma cell	T cell	2	4	5	3	4	ZNF580	0.9921605041790631	False
7.995144147052249e-05	0.6616915422885572	0.050141685677993375	0.3730809599830654	Monocyte	Plasma cell	2	7	13	6	13	AP1G1	0.9921605041790631	False
0.0006148608279575448	0.6616915422885572	0.694080991393695	0.700085757635728	Monocyte	B cell	2	5	8	3	6	BANF1	0.9921605041790631	False
0.0001956788101962595	0.6616915422885572	0.24249753463056328	0.6478250244379276	B cell	NK	2	6	10	4	6	BTK	0.9921605041790631	False
0.0003219120652489333	0.6616915422885572	0.2743487999607383	0.2660834966794418	T cell	Erythroid	2	3	5	3	4	CHIC1	0.9921605041790631	False
0.0002693714285742414	0.6616915422885572	0.0988663694517401	0.21665316538801616	Dendritic cell	Plasma cell	2	7	13	4	10	ERP44	0.9921605041790631	False
9.598148294602744e-05	0.6616915422885572	0.08129806500867709	0.31167872477520453	Monocyte	Plasma cell	2	7	10	7	10	FCHSD2	0.9921605041790631	False
0.00034905050562622166	0.6616915422885572	0.1492983495947619	0.1667566583372051	T cell	Dendritic cell	2	7	10	3	8	GNE	0.9921605041790631	False
0.00011492738111295271	0.6616915422885572	0.09888948722673702	0.08886283093600167	Dendritic cell	Monocyte	2	7	9	4	7	GRN	0.9921605041790631	False
0.0003134404375928772	0.6616915422885572	0.10431049070294807	0.1571824690642718	Monocyte	B cell	2	4	5	3	5	HMCES	0.9921605041790631	False
0.00012137722082965808	0.6616915422885572	0.10519256795899606	0.14667204412136003	Plasma cell	Monocyte	2	7	15	5	12	INTS6L	0.9921605041790631	False
6.631094995787795e-05	0.6616915422885572	0.14573117861170348	0.23985620546348302	Dendritic cell	NK	2	7	15	7	15	JPX	0.9921605041790631	False
9.41963262588637e-05	0.6616915422885572	0.14799325418663234	0.37298755362983727	Plasma cell	T cell	2	4	5	3	4	LILRB1	0.9921605041790631	False
1.2119565235483094e-05	0.6616915422885572	0.21217011270589292	0.4847523298611486	Monocyte	Erythroid	2	7	13	7	13	MAP1LC3B	0.9921605041790631	False
0.000332309176727938	0.6616915422885572	0.11047793232312753	0.1865473213110438	B cell	Dendritic cell	2	7	11	4	8	NMT1	0.9921605041790631	False
0.0009718392170586011	0.6616915422885572	0.17790717498524894	0.21378499586363048	B cell	T cell	2	3	4	3	3	NUDCD2	0.9921605041790631	False
0.00015578153119187585	0.6616915422885572	0.15903909610842032	0.15424328261573322	B cell	Plasma cell	2	7	14	7	12	PLEKHA2	0.9921605041790631	False
4.2519690791379296e-05	0.6616915422885572	0.07391786804605238	0.22423758049096326	NK	Dendritic cell	2	7	17	7	16	PSMF1	0.9921605041790631	False
0.0001331171476847595	0.6616915422885572	0.10697685219550018	0.15665761762490454	NK	Dendritic cell	2	7	12	5	12	RAP1GDS1	0.9921605041790631	False
0.00024839139242459915	0.6616915422885572	0.13574764883559354	0.1830291526334798	T cell	Dendritic cell	2	6	13	4	9	RMDN1	0.9921605041790631	False
2.9751549072055757e-05	0.6616915422885572	0.18076783891152642	0.32658546518415144	Plasma cell	Erythroid	2	7	6	3	6	RPLP0	0.9921605041790631	False
8.363952020132667e-05	0.6616915422885572	0.2765169466435684	0.27376645398001764	Monocyte	Dendritic cell	2	4	7	3	5	SLC43A2	0.9921605041790631	False
0.0004414689711328433	0.6616915422885572	0.1815900073272227	0.1827415730337078	NK	B cell	2	6	7	3	5	SUGP1	0.9921605041790631	False
0.00017596004356626617	0.6616915422885572	0.13530700519651895	0.120898656620542	B cell	Monocyte	2	5	4	3	4	TOMM5	0.9921605041790631	False
0.0020434592878954385	0.6616915422885572	0.3575190212172772	0.3712905837357974	B cell	Dendritic cell	2	6	9	3	5	UBE2S	0.9921605041790631	False
0.00020952119198428036	0.6616915422885572	0.060256353838967436	0.16452188661755862	B cell	Monocyte	2	7	13	5	11	USP7	0.9921605041790631	False
7.397207455415858e-05	0.6616915422885572	0.1498136308559853	0.2569585020242915	NK	Plasma cell	2	7	9	4	9	ZNF148	0.9921605041790631	False
0.00042107983035855246	0.6666666666666666	0.10586384396029147	0.2559998213623184	Plasma cell	NK	2	7	13	3	8	ACOT9	0.9921605041790631	False
0.0004260355230097252	0.6666666666666666	0.17534471733805523	0.2493477093085718	Plasma cell	Monocyte	2	5	8	4	6	ASB8	0.9921605041790631	False
0.0006364712015215567	0.6666666666666666	0.061308001754988295	0.09124900950871634	T cell	Dendritic cell	2	7	12	4	10	B3GLCT	0.9921605041790631	False
2.2755020365296832e-05	0.6666666666666666	0.3425000114813104	0.6514337587440594	Dendritic cell	B cell	2	6	7	3	5	BLVRA	0.9921605041790631	False
0.00023190216946733012	0.6666666666666666	0.2532563319209913	0.20376665135507577	T cell	Dendritic cell	2	5	10	3	6	CCP110	0.9921605041790631	False
0.00020686597928776867	0.6666666666666666	0.3999506815531218	0.5436386329976993	Dendritic cell	B cell	2	6	9	3	7	CHMP2B	0.9921605041790631	False
0.0007437732537020742	0.6666666666666666	0.10457163837916478	0.06008766733799309	T cell	Erythroid	2	4	4	3	4	CHST12	0.9921605041790631	False
0.0004818230125372493	0.6666666666666666	0.4920024182463423	0.6758280060984581	Dendritic cell	NK	2	7	15	5	11	DKC1	0.9921605041790631	False
0.0005295131930110533	0.6666666666666666	0.15017647834716163	0.23742711807471745	Monocyte	NK	2	7	10	4	8	ERCC1	0.9921605041790631	False
0.0008275410417445425	0.6666666666666666	0.1737358682983683	0.14205031182117578	Erythroid	Plasma cell	2	6	10	3	6	INIP	0.9921605041790631	False
0.0001092302951699511	0.6666666666666666	0.2240797736084627	0.5469701867749421	NK	Dendritic cell	2	7	10	4	10	IRF1	0.9921605041790631	False
0.00020235184284824733	0.6666666666666666	0.08173457785455834	0.15285519568049516	Dendritic cell	Plasma cell	2	7	14	6	13	KIF13B	0.9921605041790631	False
8.993691485736603e-05	0.6666666666666666	0.09083051954983906	0.1191642284696603	NK	Plasma cell	2	7	17	6	13	MIB1	0.9921605041790631	False
7.63104444554753e-05	0.6666666666666666	0.153795601579871	0.35019091840525446	Monocyte	B cell	2	7	14	6	11	NBN	0.9921605041790631	False
0.0001353968327809391	0.6666666666666666	0.23032198333519294	0.2650866051017487	Plasma cell	Monocyte	2	6	8	3	7	NDUFV2-AS1	0.9921605041790631	False
8.419403651725244e-05	0.6666666666666666	0.18311870681845754	0.21809105658707234	Dendritic cell	B cell	2	7	7	3	6	RALGPS2	0.9921605041790631	False
0.0005488184532030281	0.6666666666666666	0.1955676252774085	0.25162482857313223	B cell	Plasma cell	2	7	9	3	5	RCHY1	0.9921605041790631	False
3.716021619579467e-05	0.6666666666666666	0.1063618432961605	0.1326722289522333	Plasma cell	Dendritic cell	2	7	13	8	12	RIC1	0.9921605041790631	False
0.00013045806086188516	0.6666666666666666	0.07777025651054648	0.03702466216602124	Plasma cell	T cell	2	3	4	3	4	SMAD7	0.9921605041790631	False
0.00029865118055878096	0.6666666666666666	0.10531389876269703	0.17771531258243206	T cell	Erythroid	2	6	8	4	7	SMIM10L1	0.9921605041790631	False
0.0020159569857522326	0.6666666666666666	0.23846726190476192	0.19414298018949178	Erythroid	NK	2	7	7	3	5	STMP1	0.9921605041790631	False
0.00014332455258566197	0.6666666666666666	0.11182537329961095	0.2076335877862595	Erythroid	Dendritic cell	2	7	10	4	9	TERF2IP	0.9921605041790631	False
1.7472377103406046e-05	0.6666666666666666	0.03676909595855632	0.07186143629428027	Dendritic cell	Monocyte	2	7	19	9	16	TRAPPC10	0.9921605041790631	False
0.00013276388564709038	0.6666666666666666	0.04981297355932801	0.0843220622356245	NK	T cell	2	7	17	8	14	TTC39C	0.9921605041790631	False
0.000435447957003686	0.6666666666666666	0.1227443345585787	0.17019005318439168	T cell	Monocyte	2	4	8	3	5	UTP4	0.9921605041790631	False
9.304885400003148e-05	0.6666666666666666	0.19899198267240087	0.32825593471614045	B cell	Monocyte	2	5	8	3	6	ZBTB38	0.9921605041790631	False
0.00047479751946831526	0.6666666666666666	0.10537355580554714	0.17554728232945593	T cell	B cell	2	5	9	4	6	ZFPM1	0.9921605041790631	False
0.00018526132963613413	0.6666666666666666	0.2490270922686571	0.1769068435333132	Dendritic cell	NK	2	7	8	3	6	ZNF800	0.9921605041790631	False
0.00011426931901111626	0.6716417910447762	0.45113673385009456	0.8356928761726363	Dendritic cell	B cell	2	7	10	3	7	ARRB2	0.9921605041790631	False
0.0002510591138006182	0.6716417910447762	0.293099805139447	0.2777449496586088	T cell	Erythroid	2	5	9	4	5	ATP6V0A2	0.9921605041790631	False
0.000381158963770454	0.6716417910447762	0.10113936007538898	0.23120776703358575	Monocyte	T cell	2	6	7	4	6	CDC14A	0.9921605041790631	False
0.00011493358311330138	0.6716417910447762	0.19517434320065907	0.19563652721547453	Dendritic cell	NK	2	7	9	3	9	CPSF6	0.9921605041790631	False
6.784181910360525e-05	0.6716417910447762	0.1127520049160799	0.2008271427709606	NK	Plasma cell	2	7	11	3	10	CSGALNACT2	0.9921605041790631	False
0.0004297488891156435	0.6716417910447762	0.2221633821402734	0.2884798779324815	Dendritic cell	Plasma cell	2	6	10	4	6	CXXC1	0.9921605041790631	False
0.0008572322964145513	0.6716417910447762	0.3677115172369306	0.2969736571435486	Dendritic cell	Plasma cell	2	7	7	3	6	DNAJB6	0.9921605041790631	False
0.0005595805374107256	0.6716417910447762	0.17134768874329415	0.1664722323490096	T cell	Monocyte	2	5	9	4	6	ENSG00000285756	0.9921605041790631	False
0.0004532549750578236	0.6716417910447762	0.1615149921305981	0.31848440658019295	B cell	Plasma cell	2	6	10	3	8	ENTPD1	0.9921605041790631	False
4.803798605495325e-05	0.6716417910447762	0.04596804610140415	0.052868438536681994	T cell	NK	2	7	18	9	16	FOXO1	0.9921605041790631	False
9.601497493946976e-05	0.6716417910447762	0.5564023383007146	0.6841870742205624	Monocyte	B cell	2	7	11	3	8	IFI35	0.9921605041790631	False
0.00034355607190766246	0.6716417910447762	0.19370390049340758	0.125816880567023	NK	Plasma cell	2	7	12	4	10	KLF10	0.9921605041790631	False
0.00028727648622792147	0.6716417910447762	0.10396662674618184	0.08383141762452107	Plasma cell	Erythroid	2	6	7	3	5	KPNA6	0.9921605041790631	False
0.0006764661387215655	0.6716417910447762	0.14647456079389098	0.15065959277315744	Dendritic cell	B cell	2	5	7	3	6	MIR29B2CHG	0.9921605041790631	False
3.4078660342708297e-06	0.6716417910447762	0.23751041315383425	0.6128688619295205	B cell	Dendritic cell	2	7	7	4	7	MRPS21	0.9921605041790631	False
0.0002466818037895097	0.6716417910447762	0.10522118724964613	0.2937263063164408	B cell	T cell	2	3	4	3	3	NCEH1	0.9921605041790631	False
0.0002605349743891149	0.6716417910447762	0.2567350761418071	0.4325098025608105	Erythroid	Dendritic cell	2	6	10	3	8	NUBP1	0.9921605041790631	False
0.0006046563973021564	0.6716417910447762	0.40157902695905545	0.4621492060321582	Dendritic cell	T cell	2	6	7	3	5	ORAI2	0.9921605041790631	False
0.0009027337597083542	0.6716417910447762	0.5194060419866872	0.5650573717254818	T cell	B cell	2	4	5	3	4	PRPS2	0.9921605041790631	False
0.0002581929683033849	0.6716417910447762	0.09702451697091824	0.23833054159687322	Monocyte	Dendritic cell	2	6	7	3	5	RAP1A	0.9921605041790631	False
0.00014333017001731693	0.6716417910447762	0.07877260309941791	0.14785195243984256	B cell	Monocyte	2	6	7	3	6	RTN3	0.9921605041790631	False
0.0003225282186319288	0.6716417910447762	0.19411214657847198	0.21681729390756127	Dendritic cell	Erythroid	2	6	7	3	5	SOAT1	0.9921605041790631	False
2.0972218332735838e-05	0.6716417910447762	0.06364536919645014	0.15138236813301587	Dendritic cell	Plasma cell	2	7	14	8	14	SPIDR	0.9921605041790631	False
0.0001421979092662514	0.6716417910447762	0.0992198470441365	0.2783336668667868	NK	Erythroid	2	7	11	6	10	STAT3	0.9921605041790631	False
0.00021900698634975624	0.6716417910447762	0.18970845801745367	0.38739597811361914	Erythroid	Dendritic cell	2	6	9	4	7	TRNT1	0.9921605041790631	False
0.0021168419993363536	0.6716417910447762	0.46729233806757653	0.6067113356766256	Plasma cell	Dendritic cell	2	7	11	4	8	U2AF2	0.9921605041790631	False
0.00021915218587863095	0.6716417910447762	0.15472149278339387	0.1706137089220624	NK	Erythroid	2	7	8	3	8	ZC3HAV1	0.9921605041790631	False
0.0006795065057061878	0.6716417910447762	0.19758409071121308	0.1973985760977532	NK	Monocyte	2	7	9	3	6	ZNF143	0.9921605041790631	False
2.7212070307800085e-05	0.6766169154228856	0.053088259448133224	0.2952297044793208	B cell	Plasma cell	2	7	9	6	9	ACAP2	0.9921605041790631	False
0.0014770941234332616	0.6766169154228856	0.166515328031267	0.22684542097163873	T cell	Plasma cell	2	7	9	6	8	ARF4	0.9921605041790631	False
0.0003960624982417893	0.6766169154228856	0.17186547868775998	0.5947216639583133	Erythroid	B cell	2	5	5	3	5	BTG2	0.9921605041790631	False
0.0017860823392066775	0.6766169154228856	0.24173424297279883	0.40733627808719036	T cell	B cell	2	3	5	3	4	EIF1AD	0.9921605041790631	False
0.0001525408429857154	0.6766169154228856	0.07713179923206126	0.10464784296309054	B cell	Monocyte	2	7	11	6	10	FBXL20	0.9921605041790631	False
0.00018385370206891179	0.6766169154228856	0.12007758034881366	0.17381677396902728	T cell	Plasma cell	2	6	7	3	5	LZIC	0.9921605041790631	False
0.000561997719429657	0.6766169154228856	0.3332258841514739	0.27778454047474127	Erythroid	B cell	2	4	7	3	5	MAK16	0.9921605041790631	False
0.0003529800430514076	0.6766169154228856	0.3821212147735446	0.453166705237985	Erythroid	NK	2	7	11	3	7	MASTL	0.9921605041790631	False
4.885462763068382e-05	0.6766169154228856	0.17907191043037385	0.1435052890158921	NK	Dendritic cell	2	7	16	5	13	MBD2	0.9921605041790631	False
0.00010900793409378559	0.6766169154228856	0.32666805937923427	0.4497407492327063	Monocyte	B cell	2	7	9	3	8	NDUFS7	0.9921605041790631	False
0.00017561750574565354	0.6766169154228856	0.14626454529588645	0.2009828816685314	NK	Dendritic cell	2	7	7	3	6	OSBPL9	0.9921605041790631	False
0.0003149430328061169	0.6766169154228856	0.07774901639804527	0.18488585814037317	B cell	NK	2	7	18	5	14	PAXBP1	0.9921605041790631	False
4.3972605577884285e-05	0.6766169154228856	0.4333011899108322	0.5213120394010176	Erythroid	Dendritic cell	2	4	5	3	4	PAXX	0.9921605041790631	False
0.00031687675838589803	0.6766169154228856	0.15178274778557338	0.2794687451006741	NK	Erythroid	2	7	13	6	9	PPCDC	0.9921605041790631	False
0.0006634422498833038	0.6766169154228856	0.26293342699572814	0.2595985904703539	Dendritic cell	Erythroid	2	7	8	3	5	RNF121	0.9921605041790631	False
0.0014423530819304958	0.6766169154228856	0.1275280764332835	0.22042749891742708	B cell	T cell	2	3	4	3	3	RNF2	0.9921605041790631	False
0.00048395421984037364	0.6766169154228856	0.09971198186729785	0.1696943378929338	B cell	Monocyte	2	6	9	3	6	RRN3	0.9921605041790631	False
0.0002139940039280166	0.6766169154228856	0.1346553928790818	0.15546975546975544	Plasma cell	NK	2	7	9	4	7	SAMD12	0.9921605041790631	False
1.8944158106847425e-05	0.6766169154228856	0.4289958273623493	0.4563442609493817	Erythroid	Dendritic cell	2	7	9	4	7	SIGIRR	0.9921605041790631	False
0.0001915233127936061	0.6766169154228856	0.27505461940031584	0.374675685693106	Erythroid	Dendritic cell	2	7	9	3	7	SLBP	0.9921605041790631	False
0.00019363973552001824	0.6766169154228856	0.20995049726974707	0.23098322387120968	Monocyte	Erythroid	2	5	7	3	5	SLC25A3	0.9921605041790631	False
0.00010574793931133905	0.6766169154228856	0.05955425832363853	0.18395358143257307	B cell	Monocyte	2	7	9	6	9	SPPL3	0.9921605041790631	False
0.0002151900795595754	0.6766169154228856	0.2153592010917031	0.20183303226092447	NK	Dendritic cell	2	6	8	3	7	SUMO2	0.9921605041790631	False
0.00021451199611777935	0.6766169154228856	0.10742894796145303	0.19839173678681188	B cell	Plasma cell	2	7	10	5	9	TIMM23B	0.9921605041790631	False
0.0002583643735484789	0.6766169154228856	0.11569874237176636	0.08692982456140352	T cell	Plasma cell	2	6	11	3	7	UNK	0.9921605041790631	False
0.0009572195778940448	0.6766169154228856	0.060069070117250156	0.25428036015751027	Monocyte	Dendritic cell	2	7	13	9	13	VPS13C	0.9921605041790631	False
0.00015485091836924808	0.6766169154228856	0.08053856971509238	0.11753008895866035	Dendritic cell	Plasma cell	2	7	9	5	7	XRRA1	0.9921605041790631	False
9.654338121510203e-05	0.681592039800995	0.10628319067734449	0.19528706824532593	Erythroid	T cell	2	4	6	3	5	ARHGEF2	0.9921605041790631	False
7.307672476790516e-05	0.681592039800995	0.09527604928211914	0.13350139520451126	Dendritic cell	T cell	2	7	17	7	13	ATP8B1	0.9921605041790631	False
7.45371286704411e-05	0.681592039800995	0.028537466174866577	0.07421560041692299	T cell	Plasma cell	2	7	18	10	17	ATP9B	0.9921605041790631	False
0.0013813449799510386	0.681592039800995	0.14983823529411755	0.23375486381322952	Plasma cell	Dendritic cell	2	7	13	3	8	COG4	0.9921605041790631	False
0.0004215414450897702	0.681592039800995	0.2205044816616319	0.22397950684980844	Dendritic cell	Plasma cell	2	7	11	4	7	DDX52	0.9921605041790631	False
0.000251204827525696	0.681592039800995	0.2140732809427668	0.1871456822676335	Dendritic cell	B cell	2	5	6	3	6	ENSG00000280800	0.9921605041790631	False
0.0011455208154524704	0.681592039800995	0.24000828944853092	0.32079111559116424	T cell	B cell	2	6	8	3	6	ENSG00000290823	0.9921605041790631	False
0.00021567118837289835	0.681592039800995	0.11650064816043326	0.1170505213047705	Erythroid	Dendritic cell	2	7	11	3	8	EXOSC1	0.9921605041790631	False
0.00021589217184708084	0.681592039800995	0.17180466320177112	0.28225036014860866	Monocyte	T cell	2	5	7	3	4	GK	0.9921605041790631	False
0.00034276997899150693	0.681592039800995	0.09928632951888772	0.10659083305453332	T cell	B cell	2	5	6	3	4	KATNAL2	0.9921605041790631	False
9.159187755277858e-05	0.681592039800995	0.07904267393050446	0.09729346242971232	Dendritic cell	Erythroid	2	7	8	3	8	LMBR1	0.9921605041790631	False
0.00014320496841768601	0.681592039800995	0.4171663473818646	0.55556151933158	NK	B cell	2	6	12	3	6	LY96	0.9921605041790631	False
0.00011880471997632813	0.681592039800995	0.0686969566266099	0.03755998658050963	Monocyte	B cell	2	7	11	5	9	MAP2K4	0.9921605041790631	False
0.00024333345761507177	0.681592039800995	0.20551632069818682	0.2703533308796467	NK	Dendritic cell	2	7	11	4	7	MRPL4	0.9921605041790631	False
0.00022737048844346762	0.681592039800995	0.2718008675370686	0.35994771241830065	Erythroid	Monocyte	2	4	6	3	5	NIBAN3	0.9921605041790631	False
5.236796735686075e-05	0.681592039800995	0.2585904787230056	0.374516806722689	Plasma cell	Dendritic cell	2	7	13	7	12	NME3	0.9921605041790631	False
0.0008314285377959464	0.681592039800995	0.27528719741150737	0.3392084106369821	Monocyte	B cell	2	5	6	3	3	POLR3A	0.9921605041790631	False
0.0003342711440198814	0.681592039800995	0.27432101839501655	0.23330450587786933	Plasma cell	T cell	2	6	12	3	9	RBM41	0.9921605041790631	False
0.00021416326698128906	0.681592039800995	0.24878006996509133	0.38916118012310785	B cell	Plasma cell	2	7	9	7	9	RPL14	0.9921605041790631	False
0.00019739611484299318	0.681592039800995	0.29715482719188974	0.544336855552723	Dendritic cell	B cell	2	6	9	3	5	SH2D1A	0.9921605041790631	False
0.0006254909660788296	0.681592039800995	0.2896894728516175	0.32925400231061236	NK	Erythroid	2	7	11	3	9	SLC39A6	0.9921605041790631	False
9.580471296462604e-05	0.681592039800995	0.32710391190810867	0.41841392035171665	Plasma cell	T cell	2	3	4	3	3	SRD5A3	0.9921605041790631	False
0.0002179693513127897	0.681592039800995	0.08017454985958922	0.0744938780458238	B cell	NK	2	3	4	3	3	STARD9	0.9921605041790631	False
0.00017463409706363277	0.681592039800995	0.24773949207253732	0.14110796141252996	Erythroid	Dendritic cell	2	7	15	4	10	TBC1D20	0.9921605041790631	False
0.0003912514240459747	0.681592039800995	0.17133477633477634	0.28046626633698335	Dendritic cell	Erythroid	2	6	7	3	6	TTF2	0.9921605041790631	False
5.947669900577036e-05	0.681592039800995	0.1641158005709482	0.12284100957606375	Dendritic cell	T cell	2	7	10	3	6	UBASH3B	0.9921605041790631	False
0.00018535914223987473	0.681592039800995	0.12928413446914094	0.09049015500628399	Erythroid	Plasma cell	2	6	10	3	7	ZNF808	0.9921605041790631	False
0.0007141915106822673	0.6865671641791045	0.24457760157463976	0.31071041323641624	B cell	Dendritic cell	2	7	11	4	7	ACBD5	0.9921605041790631	False
0.00012313569825777681	0.6865671641791045	0.11441398825143834	0.08338002521361537	Dendritic cell	Plasma cell	2	7	13	4	10	AMFR	0.9921605041790631	False
0.0004508642038038512	0.6865671641791045	0.12054742717311023	0.15029033124625463	Erythroid	B cell	2	4	6	3	4	AMN1	0.9921605041790631	False
0.00020576257237680525	0.6865671641791045	0.08945938518463431	0.16084812793589393	Plasma cell	Erythroid	2	7	12	4	9	ANAPC10	0.9921605041790631	False
0.0021157108405919322	0.6865671641791045	0.1392780493204222	0.15116903434514856	NK	Dendritic cell	2	6	8	4	6	CARS1	0.9921605041790631	False
0.0015715334073342537	0.6865671641791045	0.019831581896480044	0.07680457746478875	T cell	B cell	2	4	6	3	6	CDKN2AIP	0.9921605041790631	False
0.00015311785297825777	0.6865671641791045	0.12970858662680484	0.12416713721061551	Erythroid	T cell	2	3	6	3	5	CTPS2	0.9921605041790631	False
9.61802481225921e-05	0.6865671641791045	0.14190097089059128	0.43374874940188785	NK	Monocyte	2	7	13	7	12	DPP7	0.9921605041790631	False
0.00224165237027714	0.6865671641791045	0.169960793620967	0.19682276557535577	B cell	Plasma cell	2	4	5	3	5	EXOSC10	0.9921605041790631	False
0.00031298082389336225	0.6865671641791045	0.25086191557869675	0.14687110263370257	Plasma cell	Dendritic cell	2	7	11	3	9	FAM120AOS	0.9921605041790631	False
0.0002677228784502823	0.6865671641791045	0.0555954657875094	0.05018336228527309	Monocyte	Plasma cell	2	3	5	4	5	FHIP1A	0.9921605041790631	False
0.00022106557083977324	0.6865671641791045	0.09926331851462356	0.1838079948123666	Monocyte	Plasma cell	2	6	9	3	6	GNB4	0.9921605041790631	False
0.0006731731381503598	0.6865671641791045	0.18595217045811063	0.3021978021978022	Monocyte	T cell	2	7	11	4	7	JAK3	0.9921605041790631	False
0.00017416632587173835	0.6865671641791045	0.04573480702127286	0.025529023490584335	Erythroid	T cell	2	2	3	3	3	MAGI3	0.9921605041790631	False
0.00015109321927945775	0.6865671641791045	0.06985138541238567	0.19640314619741173	Plasma cell	NK	2	7	9	6	9	MAP4	0.9921605041790631	False
0.0005931355229675058	0.6865671641791045	0.11391531079825268	0.04570718151235925	Erythroid	B cell	2	3	6	4	5	MAP4K1	0.9921605041790631	False
0.0016983049744090798	0.6865671641791045	0.1286383510682494	0.14583912305079516	T cell	Dendritic cell	2	7	8	3	6	MIR99AHG	0.9921605041790631	False
0.00018152984049514296	0.6865671641791045	0.32030139226453813	0.4042116828419703	Plasma cell	T cell	2	7	13	3	9	MPHOSPH6	0.9921605041790631	False
3.7918861428945494e-05	0.6865671641791045	0.06630797875843575	0.06513990537276437	T cell	B cell	2	6	5	3	4	MRPS34	0.9921605041790631	False
9.853163120342558e-05	0.6865671641791045	0.1221750604062074	0.2876639489542715	Monocyte	Erythroid	2	7	16	6	13	NELFCD	0.9921605041790631	False
0.00014922842744779718	0.6865671641791045	0.0829311732858663	0.15873486130074743	Monocyte	NK	2	7	15	7	12	P2RY8	0.9921605041790631	False
0.0003056756571513755	0.6865671641791045	0.09167299995094963	0.1860819086151304	B cell	Dendritic cell	2	7	14	6	10	PAG1	0.9921605041790631	False
0.00012576793783591333	0.6865671641791045	0.08361062601500041	0.035586487841949954	T cell	Erythroid	2	4	5	3	4	PLEKHM2	0.9921605041790631	False
7.421012567058278e-05	0.6865671641791045	0.11947499272024809	0.2072135483209835	B cell	Monocyte	2	7	18	9	16	POLR1D	0.9921605041790631	False
0.00029393645290912975	0.6865671641791045	0.20303591180061775	0.28259569377990423	Dendritic cell	B cell	2	5	8	3	6	RUVBL1	0.9921605041790631	False
0.00030963688425991737	0.6865671641791045	0.08126153821865612	0.09450281293073648	T cell	B cell	2	5	7	3	5	SEC22C	0.9921605041790631	False
0.0002862914281851745	0.6865671641791045	0.2720909464517181	0.19001118293821345	NK	Dendritic cell	2	7	11	4	6	SMNDC1	0.9921605041790631	False
0.0004332330732597618	0.6865671641791045	0.24413865348005537	0.2819613259668508	T cell	B cell	2	4	6	3	4	SPOUT1	0.9921605041790631	False
0.0003960137044098956	0.6865671641791045	0.12096196638470574	0.12223053684764829	Plasma cell	Dendritic cell	2	7	11	4	8	STAT5B	0.9921605041790631	False
0.0003378274031638248	0.6865671641791045	0.16708784442734764	0.16436505210122526	Erythroid	Plasma cell	2	7	11	3	9	TERF2	0.9921605041790631	False
7.057363097731082e-05	0.6865671641791045	0.11258222763208009	0.29560918150679627	Plasma cell	B cell	2	4	6	3	4	TMEM120B	0.9921605041790631	False
9.605497537739758e-05	0.6865671641791045	0.03744849700245728	0.13355356911517036	Erythroid	B cell	2	4	3	3	3	TNRC6B	0.9921605041790631	False
0.00016076061437462355	0.6865671641791045	0.10124349338485106	0.2669671179544877	NK	T cell	2	7	13	3	8	TPM1	0.9921605041790631	False
5.416693026169998e-05	0.6865671641791045	0.12629875192727302	0.07287817938420343	Plasma cell	NK	2	7	14	4	11	UBE2W	0.9921605041790631	False
0.00043026064315118234	0.6865671641791045	0.3377095070461526	0.44614979458548404	Monocyte	Plasma cell	2	6	9	3	6	WIPI1	0.9921605041790631	False
9.286972594552668e-05	0.6865671641791045	0.09530861319041861	0.1316832025742386	T cell	B cell	2	4	5	3	5	YY1AP1	0.9921605041790631	False
3.3523303010206354e-05	0.6865671641791045	0.048796036003013576	0.1514978170532849	Dendritic cell	Plasma cell	2	7	18	11	16	ZMYM2	0.9921605041790631	False
0.00021682712969441157	0.6865671641791045	0.07596372047632244	0.09664130385844849	T cell	Dendritic cell	2	5	9	3	6	ZNF251	0.9921605041790631	False
0.00019732767310579337	0.6865671641791045	0.131527300370819	0.12484106914919785	Erythroid	Dendritic cell	2	7	13	4	9	ZNF592	0.9921605041790631	False
0.00042986097973174713	0.6915422885572139	0.12404837234389271	0.1402982164480841	NK	Monocyte	2	7	14	4	10	AGPAT5	0.9921605041790631	False
0.00023347765175788857	0.6915422885572139	0.12994027106481892	0.3091790086733256	T cell	Dendritic cell	2	7	10	3	8	AKAP8	0.9921605041790631	False
0.0006203368893530639	0.6915422885572139	0.2983001098741011	0.464262495449108	Monocyte	Plasma cell	2	6	11	3	7	ALKBH5	0.9921605041790631	False
0.0003631945345760156	0.6915422885572139	0.2785705086633901	0.5132095726853791	B cell	Plasma cell	2	6	9	3	7	ANXA2R-OT1	0.9921605041790631	False
0.00016611459324275443	0.6915422885572139	0.22148243248440896	0.28306976744186046	B cell	Monocyte	2	6	12	3	8	BUB1B	0.9921605041790631	False
0.00012168585170953372	0.6915422885572139	0.131591151814678	0.27697286875086075	T cell	Dendritic cell	2	7	10	3	7	CCDC125	0.9921605041790631	False
0.00017230976600572155	0.6915422885572139	0.10799836776801469	0.16499670047001475	Plasma cell	Monocyte	2	6	7	4	6	CLCC1	0.9921605041790631	False
0.0004006001308283862	0.6915422885572139	0.07250155473014852	0.16673576892459196	Plasma cell	Erythroid	2	7	12	7	10	CNOT6L	0.9921605041790631	False
0.0005742660520961932	0.6915422885572139	0.1265612365745573	0.2024013543971167	Erythroid	NK	2	7	6	3	5	CTBS	0.9921605041790631	False
0.0001105412339302533	0.6915422885572139	0.06616036125962443	0.23937884378843788	B cell	T cell	2	7	14	5	12	DERL1	0.9921605041790631	False
0.003366945790625226	0.6915422885572139	0.16649304474460247	0.22002374356944998	Erythroid	B cell	2	5	7	3	5	ENSG00000284634	0.9921605041790631	False
0.0001070088482209727	0.6915422885572139	0.15152576083635105	0.24726894399167682	B cell	Plasma cell	2	4	5	3	3	ENSG00000286997	0.9921605041790631	False
0.00014310894887363627	0.6915422885572139	0.10422416565116577	0.11984692937548513	Monocyte	Erythroid	2	5	8	4	7	ENSG00000290968	0.9921605041790631	False
0.003233840302959605	0.6915422885572139	0.0434744268077602	0.0739081746920493	Plasma cell	T cell	2	2	3	3	3	FAM81A	0.9921605041790631	False
0.000147844653761428	0.6915422885572139	0.1130254019932872	0.1543458781362007	Erythroid	NK	2	7	13	3	12	GTF2E2	0.9921605041790631	False
6.772465280069953e-05	0.6915422885572139	0.11763758553904524	0.18247515808491416	Plasma cell	NK	2	7	10	5	10	IL6ST	0.9921605041790631	False
0.0007330008970951001	0.6915422885572139	0.15851998586272875	0.10082951873996648	Monocyte	T cell	2	5	6	4	5	LINC00869	0.9921605041790631	False
8.807850849441027e-05	0.6915422885572139	0.11190301181084711	0.3776600087966499	NK	Plasma cell	2	7	11	7	10	NT5C2	0.9921605041790631	False
0.000271907853311465	0.6915422885572139	0.2684778980114163	0.36071670791752175	Dendritic cell	Plasma cell	2	7	11	4	7	PGS1	0.9921605041790631	False
0.0003262320066428334	0.6915422885572139	0.41810870440920544	0.5186662928375785	B cell	Dendritic cell	2	7	11	4	8	POLR2M	0.9921605041790631	False
1.1609775708921127e-05	0.6915422885572139	0.39940503059709126	0.3816328914650631	Erythroid	Plasma cell	2	4	8	4	6	PRSS57	0.9921605041790631	False
0.0003872725327766636	0.6915422885572139	0.44294739885123335	0.2670960047704234	Erythroid	Plasma cell	2	5	8	3	5	RBBP7	0.9921605041790631	False
0.00021889551804301098	0.6915422885572139	0.24232550936230096	0.31492202576539924	Plasma cell	Erythroid	2	7	13	3	10	RPGR	0.9921605041790631	False
0.000210342207359199	0.6915422885572139	0.0832624793458015	0.08916220483658427	Erythroid	Plasma cell	2	7	17	4	14	SNX5	0.9921605041790631	False
0.00012359074956490727	0.6915422885572139	0.0378466204743364	0.01810490693739425	Erythroid	B cell	2	4	4	3	4	SPINT2	0.9921605041790631	False
0.0003578467736614449	0.6915422885572139	0.3578220613615663	0.36623902512867096	Plasma cell	Dendritic cell	2	7	13	3	11	SPTLC1	0.9921605041790631	False
0.0007334177468619331	0.6915422885572139	0.10669629545684362	0.08993968117190865	Monocyte	B cell	2	5	6	3	4	TBCE	0.9921605041790631	False
0.0003016800865985641	0.6915422885572139	0.17626477185029676	0.32652173913043475	Monocyte	Plasma cell	2	7	10	5	7	TIAL1	0.9921605041790631	False
0.00012388851709603144	0.6915422885572139	0.12356547446163063	0.3507479068017184	B cell	Monocyte	2	4	5	3	4	TMEM167A	0.9921605041790631	False
0.00026995689586461433	0.6915422885572139	0.0660261197884709	0.15395040764968054	T cell	Dendritic cell	2	7	10	6	10	TTC17	0.9921605041790631	False
0.00041260356032944625	0.6915422885572139	0.349205119187073	0.3011823099659807	B cell	Plasma cell	2	4	6	3	5	ZNF787	0.9921605041790631	False
0.00017509296719250836	0.6965174129353234	0.5677020128660686	0.5769496872751425	Dendritic cell	Erythroid	2	6	7	3	5	ARF3	0.9921605041790631	False
0.00034641815180868284	0.6965174129353234	0.2310831828390768	0.2739855758723683	B cell	Erythroid	2	7	13	3	9	ARHGAP11A	0.9921605041790631	False
5.6021942936357215e-05	0.6965174129353234	0.09162422049309443	0.12892630393680327	Monocyte	Plasma cell	2	7	17	8	16	ASXL1	0.9921605041790631	False
0.00010656923920438463	0.6965174129353234	0.09151739900014011	0.24186226301995706	B cell	Dendritic cell	2	5	5	3	5	ATP5PD	0.9921605041790631	False
0.0009196260022684243	0.6965174129353234	0.12785978472631487	0.19929567582377195	B cell	Plasma cell	2	7	12	4	9	CBR4	0.9921605041790631	False
0.0015356032575312565	0.6965174129353234	0.1400355194276679	0.2406355218855219	Plasma cell	T cell	2	7	12	4	9	CEP44	0.9921605041790631	False
0.0002298918414152379	0.6965174129353234	0.12453098036727639	0.15724518276894112	Plasma cell	Monocyte	2	5	8	3	6	CMC1	0.9921605041790631	False
0.0010001769094838923	0.6965174129353234	0.2469371629012152	0.27351048288387886	Dendritic cell	Plasma cell	2	7	10	3	9	CPT1A	0.9921605041790631	False
9.100224350856735e-05	0.6965174129353234	0.21366723690775918	0.3537872671271793	Erythroid	B cell	2	6	11	3	8	CYFIP1	0.9921605041790631	False
0.00014835633204529993	0.6965174129353234	0.12971864306747866	0.13384761320202	T cell	Plasma cell	2	7	17	6	16	DIDO1	0.9921605041790631	False
0.0012846318648212919	0.6965174129353234	0.16988785065240758	0.2289919170352296	Monocyte	T cell	2	4	5	3	4	EIF2D	0.9921605041790631	False
0.00022339983873769092	0.6965174129353234	0.10302693375080046	0.08082638637187384	Dendritic cell	Monocyte	2	5	8	3	5	ELP3	0.9921605041790631	False
0.0009682093252080684	0.6965174129353234	0.4249517682856376	0.5278366914103924	T cell	Plasma cell	2	7	9	3	6	ENSG00000253736	0.9921605041790631	False
0.00019899264840312052	0.6965174129353234	0.1905288420498945	0.3096980315366381	Erythroid	T cell	2	7	19	7	14	GART	0.9921605041790631	False
0.0011025719347709218	0.6965174129353234	0.08239755319602449	0.5267178212852768	Erythroid	Plasma cell	2	6	7	4	6	GLRX	0.9921605041790631	False
5.8066949005687825e-05	0.6965174129353234	0.05332593910739275	0.13357852919809055	NK	Erythroid	2	7	13	9	13	HERC1	0.9921605041790631	False
0.00012315888643626977	0.6965174129353234	0.0751636122706063	0.08586156964958003	T cell	Monocyte	2	5	8	3	7	JAZF1	0.9921605041790631	False
0.0002733145843235045	0.6965174129353234	0.08841138875965948	0.2482540283562623	Plasma cell	B cell	2	7	7	3	7	MACF1	0.9921605041790631	False
0.00018482601195251964	0.6965174129353234	0.17991719288909014	0.14540957092569684	Erythroid	Plasma cell	2	7	9	3	7	MADD	0.9921605041790631	False
0.000410813597569908	0.6965174129353234	0.14301322253060705	0.23492082438131617	Plasma cell	B cell	2	3	5	3	4	MKRN2	0.9921605041790631	False
0.0008412410931189637	0.6965174129353234	0.10747237165280976	0.28646129984135726	NK	B cell	2	7	14	4	11	MORF4L2	0.9921605041790631	False
0.0001502223616230798	0.6965174129353234	0.2075541641289923	0.15076232990446609	T cell	Dendritic cell	2	6	11	3	6	MYBL1	0.9921605041790631	False
0.00014304041226189486	0.6965174129353234	0.07873894991506436	0.30141386900394607	T cell	Erythroid	2	3	5	3	5	MYH11	0.9921605041790631	False
0.00019102180948367187	0.6965174129353234	0.12095272503010929	0.1386226530089384	Erythroid	B cell	2	7	11	4	6	PKN1	0.9921605041790631	False
0.0001851503046541456	0.6965174129353234	0.18121553762605086	0.21556076854334227	T cell	Dendritic cell	2	7	9	4	7	RELB	0.9921605041790631	False
0.0004018006111468563	0.6965174129353234	0.37230882490816064	0.47043332375293256	Plasma cell	NK	2	6	12	3	8	SHCBP1	0.9921605041790631	False
7.14513219402675e-05	0.6965174129353234	0.4652770262571371	0.688121776985669	Dendritic cell	B cell	2	7	10	3	8	SLC25A39	0.9921605041790631	False
0.0009443205211618639	0.6965174129353234	0.2529519228480949	0.3982217878283899	B cell	Dendritic cell	2	7	9	3	7	SPTY2D1	0.9921605041790631	False
0.0020178213627335038	0.6965174129353234	0.12922314048031058	0.37077022903925005	B cell	Monocyte	2	5	8	3	5	STK32C	0.9921605041790631	False
0.00024533028911725676	0.6965174129353234	0.4247898876316597	0.3370795985597181	Erythroid	Dendritic cell	2	6	9	4	8	TEX264	0.9921605041790631	False
0.0007554192416642359	0.6965174129353234	0.09239316239316242	0.036485480268056536	Plasma cell	Erythroid	2	2	3	3	3	TSPAN17	0.9921605041790631	False
0.00033078778480893326	0.6965174129353234	0.46764875395352856	0.5718525215203805	Plasma cell	Erythroid	2	5	6	3	4	USB1	0.9921605041790631	False
0.0012399286621264235	0.6965174129353234	0.1975742441950471	0.2028495387215662	NK	Monocyte	2	7	11	4	9	VPS26A	0.9921605041790631	False
0.0005015257577517977	0.6965174129353234	0.16393685264006802	0.23809523809523808	T cell	B cell	2	6	8	3	6	ZNF487	0.9921605041790631	False
0.00037819860712759787	0.6965174129353234	0.23184627177715628	0.3727261835825962	NK	B cell	2	7	11	3	7	ZNF738	0.9921605041790631	False
0.0003709890368371203	0.7014925373134329	0.28486437065800313	0.20551480773997866	NK	B cell	2	7	14	3	9	ASH2L	0.9921605041790631	False
1.319995939137034e-05	0.7014925373134329	0.11291567295617472	0.482276489143485	T cell	Monocyte	2	6	5	3	4	ATP5IF1	0.9921605041790631	False
6.367745020877969e-05	0.7014925373134329	0.012938285189033949	0.0969101123595506	Plasma cell	Erythroid	2	2	3	3	3	DDX11	0.9921605041790631	False
0.0002578326858633735	0.7014925373134329	0.2785219968188698	0.40488858046109955	Erythroid	Plasma cell	2	6	10	3	7	DIS3L	0.9921605041790631	False
0.0003330665949639076	0.7014925373134329	0.14186924211482133	0.12041614172717002	B cell	Erythroid	2	7	11	6	9	ENSG00000290039	0.9921605041790631	False
0.00018482073984961222	0.7014925373134329	0.10510132328793587	0.09652292698049775	B cell	T cell	2	5	8	3	5	ENSG00000291259	0.9921605041790631	False
0.00018562108217271326	0.7014925373134329	0.21169945809569918	0.10338185762169028	Plasma cell	Dendritic cell	2	7	17	5	14	ESF1	0.9921605041790631	False
0.0006297702153887848	0.7014925373134329	0.16385729574299063	0.09227327195780222	Plasma cell	Dendritic cell	2	7	10	3	8	GARRE1	0.9921605041790631	False
0.00018067273141081998	0.7014925373134329	0.30646561191035515	0.6166013253304653	Dendritic cell	Plasma cell	2	7	12	3	7	GOT2	0.9921605041790631	False
0.00010650546095103144	0.7014925373134329	0.10799834072651149	0.08082829811453895	Plasma cell	B cell	2	7	10	3	7	GRK5	0.9921605041790631	False
0.00028994940778921896	0.7014925373134329	0.05935356570529482	0.15066206428248075	T cell	Dendritic cell	2	7	13	5	10	GSPT1	0.9921605041790631	False
9.945693768129805e-05	0.7014925373134329	0.10806049127528677	0.17950999006651658	B cell	Dendritic cell	2	7	11	6	9	HERC4	0.9921605041790631	False
1.569803237688996e-05	0.7014925373134329	0.2002063495374673	0.4671224323458235	B cell	Erythroid	2	5	9	3	5	IRAK3	0.9921605041790631	False
0.0005531767885812575	0.7014925373134329	0.1328635561648065	0.18241601177225752	Monocyte	B cell	2	7	10	4	9	ITM2B	0.9921605041790631	False
0.000568420236296029	0.7014925373134329	0.021114136600862143	0.03993869455463395	Monocyte	T cell	2	2	3	3	3	KIF18A	0.9921605041790631	False
0.0002132529837614125	0.7014925373134329	0.20939156866748077	0.2996327104681535	Plasma cell	Erythroid	2	6	9	3	6	MGAT1	0.9921605041790631	False
0.00025724205860329	0.7014925373134329	0.1106122288981044	0.10858947815469555	Dendritic cell	Monocyte	2	3	7	3	6	MOSPD1	0.9921605041790631	False
0.0005011158780068936	0.7014925373134329	0.0726601923200792	0.10202423046799475	Plasma cell	Monocyte	2	5	4	3	4	NFS1	0.9921605041790631	False
0.00014788772000553298	0.7014925373134329	0.1817724144184807	0.5818055005787182	Monocyte	Erythroid	2	7	10	5	9	PRDX5	0.9921605041790631	False
5.9801458380256304e-05	0.7014925373134329	0.051223265842395116	0.13698549543442196	Erythroid	Plasma cell	2	7	18	11	16	RBM26	0.9921605041790631	False
0.0002316282156803932	0.7014925373134329	0.28677587772460655	0.3094868707451489	Monocyte	Erythroid	2	5	7	3	7	SAMD9L	0.9921605041790631	False
0.00038487125591273833	0.7014925373134329	0.2927598359264147	0.3910264275022698	Erythroid	B cell	2	6	9	3	6	SEPTIN1	0.9921605041790631	False
0.00010433422357411053	0.7014925373134329	0.18248016049262988	0.5479754401203287	Erythroid	T cell	2	5	7	4	6	SF3A3	0.9921605041790631	False
8.855350387396846e-05	0.7014925373134329	0.15075080622221299	0.11059090763043228	T cell	NK	2	6	8	3	5	SH3BP2	0.9921605041790631	False
0.00024094869667911777	0.7014925373134329	0.13661845537951167	0.230225213258951	Plasma cell	B cell	2	7	12	4	10	SLC30A9	0.9921605041790631	False
0.00030308703988149617	0.7014925373134329	0.17673391417443002	0.246169514745115	Monocyte	B cell	2	7	11	4	8	SLK	0.9921605041790631	False
0.00010007570181261295	0.7014925373134329	0.289012111641422	0.4289171203871748	Plasma cell	NK	2	7	12	3	10	SNAPC5	0.9921605041790631	False
0.00022414322337593496	0.7014925373134329	0.0640500303216977	0.06197647633673048	NK	Monocyte	2	6	9	3	7	SNX25	0.9921605041790631	False
0.0009160051831132705	0.7014925373134329	0.1884205287466157	0.20268250471994959	Dendritic cell	T cell	2	5	6	3	5	UBA6-DT	0.9921605041790631	False
0.00021490466823825754	0.7014925373134329	0.14190968224237022	0.17145447932432595	B cell	Monocyte	2	6	7	4	6	UBR4	0.9921605041790631	False
0.00015077254162917527	0.7014925373134329	0.2572909057261684	0.2523757003220882	Monocyte	B cell	2	6	11	3	8	UPF3B	0.9921605041790631	False
8.458642194681982e-05	0.7014925373134329	0.07698068588791662	0.08339199643711437	Monocyte	Plasma cell	2	7	11	7	10	ZEB1	0.9921605041790631	False
0.0001437701321402111	0.7014925373134329	0.09650783566837645	0.1652060856164821	Erythroid	B cell	2	7	17	7	15	ZMYND8	0.9921605041790631	False
0.0005090167184074062	0.7064676616915423	0.08802086802086811	0.06356801093643194	Monocyte	T cell	2	2	3	3	3	ACADS	0.9921605041790631	False
0.0008121308178245481	0.7064676616915423	0.3594723474017993	0.3260553129548762	Dendritic cell	T cell	2	6	10	3	5	ACOT8	0.9921605041790631	False
9.686242280836587e-05	0.7064676616915423	0.15153736632233444	0.2068646864686468	Plasma cell	Erythroid	2	5	7	3	4	ACTL6A	0.9921605041790631	False
3.424804885341311e-05	0.7064676616915423	0.028637250168969897	0.05459989806320076	T cell	Monocyte	2	2	3	3	3	AGAP6	0.9921605041790631	False
7.618188165992007e-05	0.7064676616915423	0.14053813764995593	0.17037769583146167	Dendritic cell	Erythroid	2	7	12	3	8	ALPK1	0.9921605041790631	False
6.782168725876913e-05	0.7064676616915423	0.09124966310318511	0.16769366869478886	NK	Erythroid	2	5	8	3	5	ANK1	0.9921605041790631	False
0.0009876556816390382	0.7064676616915423	0.10152392122161757	0.39188495120698513	Plasma cell	T cell	2	7	10	6	9	ATM	0.9921605041790631	False
8.267058566861128e-05	0.7064676616915423	0.07467747798078062	0.11344167296548247	Monocyte	Plasma cell	2	4	6	3	4	BCL7A	0.9921605041790631	False
8.416697939620398e-05	0.7064676616915423	0.0516540813576255	0.04796296296296293	Erythroid	B cell	2	2	3	3	3	BMERB1	0.9921605041790631	False
0.00029538478906112855	0.7064676616915423	0.16241981178746157	0.3239431990007231	T cell	Plasma cell	2	6	7	3	5	CATSPER2	0.9921605041790631	False
8.387682220779972e-05	0.7064676616915423	0.03578417983837201	0.10752090965677918	NK	Monocyte	2	7	18	9	16	CEP192	0.9921605041790631	False
0.0001795231383301943	0.7064676616915423	0.1047675261767495	0.17819042224267745	Erythroid	NK	2	7	17	3	10	DIAPH3	0.9921605041790631	False
0.00043194891462402716	0.7064676616915423	0.1409517814476633	0.2635052638853693	Plasma cell	NK	2	7	7	3	7	ERO1B	0.9921605041790631	False
0.0002413214898471116	0.7064676616915423	0.08069602617169536	0.21939360191103363	Erythroid	Plasma cell	2	7	12	3	9	GALK2	0.9921605041790631	False
9.772768074360086e-05	0.7064676616915423	0.10036507565238273	0.10094839822168	Erythroid	T cell	2	4	4	3	4	H2AC20	0.9921605041790631	False
0.0003800194753998639	0.7064676616915423	0.16587779806434905	0.07692007797270961	Dendritic cell	Plasma cell	2	6	7	3	5	LRRC8D	0.9921605041790631	False
0.001802356757239438	0.7064676616915423	0.11242640880322041	0.12858491528883442	Erythroid	Monocyte	2	4	5	3	5	LUZP1	0.9921605041790631	False
0.0005662087679051937	0.7064676616915423	0.06392492946441536	0.18823098445870678	Dendritic cell	Plasma cell	2	7	15	6	14	MECP2	0.9921605041790631	False
1.4833212232168012e-05	0.7064676616915423	0.3221680338514282	0.5266197344322344	Dendritic cell	Erythroid	2	7	7	3	7	MRPS15	0.9921605041790631	False
0.0004432888280058971	0.7064676616915423	0.07271468370694117	0.08562349708004119	Erythroid	Plasma cell	2	5	7	3	4	NPIPB3	0.9921605041790631	False
0.0001421500431187886	0.7064676616915423	0.24628237278764137	0.25116735197777806	Erythroid	Dendritic cell	2	6	10	3	7	PARP10	0.9921605041790631	False
0.0001971926776327931	0.7064676616915423	0.10859298342397217	0.22017105026086892	Dendritic cell	Monocyte	2	7	15	5	11	POLA1	0.9921605041790631	False
0.0001179956557204012	0.7064676616915423	0.06167932734890935	0.18182829181494659	T cell	Plasma cell	2	3	6	4	5	PRR11	0.9921605041790631	False
9.063210107378726e-05	0.7064676616915423	0.1703374235932429	0.36987149277219683	NK	Plasma cell	2	7	7	3	7	PRRC2C	0.9921605041790631	False
0.00010947999091613621	0.7064676616915423	0.2865992309998596	0.3617207574344119	Dendritic cell	B cell	2	7	9	3	9	PSMD9	0.9921605041790631	False
0.00011633330192379406	0.7064676616915423	0.3383556174418639	0.500027046032347	Plasma cell	Erythroid	2	6	9	3	7	PYROXD1	0.9921605041790631	False
0.00020424776158860691	0.7064676616915423	0.10284770872553928	0.07888698072019212	Plasma cell	Erythroid	2	7	13	7	12	RFX3	0.9921605041790631	False
0.00023213382780268505	0.7064676616915423	0.3022787374698595	0.2713579363550468	Erythroid	Plasma cell	2	4	7	3	6	RPAP1	0.9921605041790631	False
0.0004785096802688844	0.7064676616915423	0.13524536456275998	0.1322225879308584	Monocyte	B cell	2	7	13	4	9	SACS	0.9921605041790631	False
0.00012945509499093328	0.7064676616915423	0.0397687346920087	0.14562773138554336	Plasma cell	Monocyte	2	7	16	6	12	SETDB2	0.9921605041790631	False
0.00012991301996103874	0.7064676616915423	0.05343165238123221	0.08532204934118304	Plasma cell	Dendritic cell	2	7	14	5	11	SLX4IP	0.9921605041790631	False
0.0004655410929792749	0.7064676616915423	0.0756055244188703	0.3913489372260359	Monocyte	T cell	2	6	7	5	7	ZC3H11A	0.9921605041790631	False
0.000333947237884939	0.7064676616915423	0.060494083341298244	0.12496546007184303	Monocyte	Dendritic cell	2	2	3	3	3	ZNF350	0.9921605041790631	False
0.00016150740008119446	0.7064676616915423	0.1483132059618089	0.09581263200732221	B cell	Erythroid	2	7	11	3	7	ZNF438	0.9921605041790631	False
0.0005472431327787867	0.7064676616915423	0.2025184899086187	0.1705105599310372	Erythroid	NK	2	7	11	4	7	ZNF586	0.9921605041790631	False
0.0004922328873321568	0.7114427860696517	0.4901677922218523	0.38819875776397517	T cell	Plasma cell	2	7	9	3	7	AGA	0.9921605041790631	False
6.133772171068466e-05	0.7114427860696517	0.07205834400508082	0.07036237602631334	T cell	Monocyte	2	7	13	4	10	CENPP	0.9921605041790631	False
0.00022879574015441379	0.7114427860696517	0.2045938984449565	0.22412095639943735	Erythroid	Dendritic cell	2	6	10	3	6	CNOT6	0.9921605041790631	False
0.00020688176933623349	0.7114427860696517	0.011820393536811413	0.13423301844354474	Monocyte	T cell	2	2	3	3	3	COX17	0.9921605041790631	False
3.247681661313654e-05	0.7114427860696517	0.05549612103186974	0.038050785342668425	T cell	Plasma cell	2	2	3	3	3	DOK6	0.9921605041790631	False
6.556463785577739e-05	0.7114427860696517	0.15221154847443513	0.2875204521790868	Erythroid	Monocyte	2	3	4	3	3	DUSP12	0.9921605041790631	False
3.8661298702175544e-05	0.7114427860696517	0.09495377680785172	0.1600093510277263	T cell	Plasma cell	2	7	8	5	7	GLCCI1	0.9921605041790631	False
9.500177120309641e-05	0.7114427860696517	0.10374828593018492	0.0755854770701232	B cell	T cell	2	6	5	3	4	GSTO1	0.9921605041790631	False
0.00035146544431692166	0.7114427860696517	0.17548615278210777	0.19356725146198828	T cell	NK	2	5	8	3	6	LMNB1	0.9921605041790631	False
0.0003247763971695813	0.7114427860696517	0.26349525395308543	0.3753759983404211	T cell	Plasma cell	2	6	9	3	5	MED11	0.9921605041790631	False
0.0001992526665488416	0.7114427860696517	0.03247263014166646	0.044241634072142655	Dendritic cell	Monocyte	2	2	3	3	3	MFN1	0.9921605041790631	False
0.00025294138731626	0.7114427860696517	0.02804661225713856	0.24126238914971315	Erythroid	T cell	2	3	4	3	3	NSUN5P1	0.9921605041790631	False
0.00018714133136560874	0.7114427860696517	0.09745184706462134	0.1297852004627999	Plasma cell	Monocyte	2	6	7	3	6	PEX14	0.9921605041790631	False
0.00021202036351070018	0.7114427860696517	0.09949224438386872	0.111182729691017	Plasma cell	Erythroid	2	6	7	4	6	PMF1	0.9921605041790631	False
0.0003097882541359831	0.7114427860696517	0.16979350931675746	0.2955469906147336	NK	Plasma cell	2	7	13	4	11	PSMD5	0.9921605041790631	False
0.000737514597812845	0.7114427860696517	0.35832499545165675	0.43946141715909676	Plasma cell	Dendritic cell	2	6	13	3	8	R3HCC1	0.9921605041790631	False
0.0005701112423240038	0.7114427860696517	0.10724249835243671	0.15930709411744692	T cell	Plasma cell	2	5	8	4	8	SAR1B	0.9921605041790631	False
9.169264301517552e-05	0.7114427860696517	0.04742598459232483	0.1935589313802839	T cell	Plasma cell	2	7	14	4	12	YTHDF3	0.9921605041790631	False
0.00029790887124478004	0.7114427860696517	0.2647834548538343	0.2932306368511076	B cell	Monocyte	2	3	6	4	4	ZNF133	0.9921605041790631	False
0.00039148674133862273	0.7114427860696517	0.06618066440501935	0.10680962164013008	Erythroid	Monocyte	2	4	7	3	6	ZNF821	0.9921605041790631	False
0.00023196297256042827	0.7164179104477612	0.07862201906916505	0.13614819759679575	Monocyte	Plasma cell	2	5	7	3	5	ADIPOR1	0.9921605041790631	False
0.001245572993548355	0.7164179104477612	0.1836031128047771	0.24642520763764025	Plasma cell	NK	2	5	7	3	5	ALG8	0.9921605041790631	False
7.880737406290392e-05	0.7164179104477612	0.097240935083303	0.02275582195310122	T cell	Monocyte	2	3	4	3	4	APBA2	0.9921605041790631	False
0.0003695023771359704	0.7164179104477612	0.08913500423173393	0.06409086299563937	Dendritic cell	Monocyte	2	5	8	3	5	ARHGEF9	0.9921605041790631	False
0.00014609003297499159	0.7164179104477612	0.04771223790956575	0.06758832565284173	T cell	Monocyte	2	3	5	3	4	B3GALNT2	0.9921605041790631	False
0.0002272004220201599	0.7164179104477612	0.16265354125651998	0.18165233008791004	T cell	Dendritic cell	2	6	11	3	7	BCL2L1	0.9921605041790631	False
0.0004477309820690198	0.7164179104477612	0.1553529638763742	0.17225148823584996	Erythroid	NK	2	7	10	3	6	ENSG00000249456	0.9921605041790631	False
0.0004465003984119764	0.7164179104477612	0.11513238733682779	0.16330303425410242	B cell	Monocyte	2	7	12	3	7	ENSG00000285679	0.9921605041790631	False
0.00013530185164618722	0.7164179104477612	0.34723433904008355	0.34692190462968514	Plasma cell	NK	2	6	13	3	8	GRINA	0.9921605041790631	False
0.0002175429668179306	0.7164179104477612	0.16236984562150109	0.1964262252003679	Monocyte	T cell	2	6	8	3	5	IFNG-AS1	0.9921605041790631	False
4.018044601395693e-05	0.7164179104477612	0.27328725303761914	0.6384866813294233	T cell	Monocyte	2	7	7	3	7	JUN	0.9921605041790631	False
1.2128114068047515e-05	0.7164179104477612	0.4140872814760464	0.4879214606628536	Plasma cell	Dendritic cell	2	7	14	6	12	LY6E	0.9921605041790631	False
0.007552220896068218	0.7164179104477612	0.20957849260620437	0.17909677419354836	Erythroid	T cell	2	2	3	3	3	MAGEH1	0.9921605041790631	False
0.00022977299424134054	0.7164179104477612	0.034875062609496243	0.03760439560439566	Monocyte	B cell	2	2	3	3	3	NBPF11	0.9921605041790631	False
0.0002927779969953708	0.7164179104477612	0.07245601202826157	0.1531563271609107	Plasma cell	Monocyte	2	7	7	4	7	PTPRC	0.9921605041790631	False
0.0013525609158880109	0.7164179104477612	0.11132219559082601	0.14872130194710842	Monocyte	B cell	2	5	8	3	5	RBIS	0.9921605041790631	False
0.00021339324060190576	0.7164179104477612	0.0933044029977006	0.1143405020410368	Plasma cell	Monocyte	2	6	7	3	5	RUBCN	0.9921605041790631	False
0.0006048946689188329	0.7164179104477612	0.18710424988469188	0.15450278674097978	B cell	NK	2	4	7	3	5	SH3BP5	0.9921605041790631	False
5.6016270743061976e-05	0.7164179104477612	0.2808301086879724	0.5330632635403134	Plasma cell	B cell	2	5	7	3	5	SLC25A38	0.9921605041790631	False
2.325803360822494e-05	0.7164179104477612	0.11706394250876845	0.09883487344314984	NK	B cell	2	3	4	3	4	STK33	0.9921605041790631	False
0.0004983536811472031	0.7164179104477612	0.055057222658905725	0.22288003744957385	T cell	B cell	2	4	5	3	4	TCF7	0.9921605041790631	False
0.0008072648699327709	0.7164179104477612	0.17019225281652556	0.3153592916335566	Monocyte	T cell	2	5	5	3	5	TMEM63A	0.9921605041790631	False
0.00010916310808980842	0.7164179104477612	0.10272979809363891	0.04760564101251569	Dendritic cell	Monocyte	2	7	9	5	9	TRAK1	0.9921605041790631	False
0.00027867475711792925	0.7164179104477612	0.049025541976091214	0.23820072470387624	Plasma cell	Dendritic cell	2	7	11	3	8	UTP6	0.9921605041790631	False
0.0002079934064247142	0.7164179104477612	0.16396802280961553	0.19216645345774702	Erythroid	T cell	2	7	10	3	6	VAV1	0.9921605041790631	False
0.00015717105141569812	0.7164179104477612	0.34375728962843294	0.44715219421101776	Plasma cell	T cell	2	4	6	3	3	ZFP62	0.9921605041790631	False
0.00013613335165095153	0.7164179104477612	0.029444504998237475	0.05161290322580647	Dendritic cell	Monocyte	2	2	3	3	3	ZNF776	0.9921605041790631	False
0.0002880726329205846	0.7164179104477612	0.09958301548111209	0.1084041857423152	Plasma cell	Dendritic cell	2	6	10	3	6	ZNRF1	0.9921605041790631	False
0.00024119833721362934	0.7213930348258707	0.2673008522385512	0.24384545247321632	Plasma cell	Dendritic cell	2	5	7	3	4	ABRAXAS2	0.9921605041790631	False
0.00020657764740527308	0.7213930348258707	0.25531775649671373	0.23513771692405672	Dendritic cell	Plasma cell	2	7	11	3	8	AK3	0.9921605041790631	False
2.3086309351157282e-05	0.7213930348258707	0.2733829811294599	0.5746200254456406	B cell	T cell	2	6	5	3	4	ENSG00000290122	0.9921605041790631	False
0.0004182611365545284	0.7213930348258707	0.09842227875246468	0.18666179129339583	NK	Plasma cell	2	7	12	4	8	ENTPD4	0.9921605041790631	False
8.462446114111653e-06	0.7213930348258707	0.0258836522220528	0.015942028985507284	Plasma cell	T cell	2	2	3	3	3	ENTPD7	0.9921605041790631	False
0.00013558091157613643	0.7213930348258707	0.07174548254451008	0.2523232752514521	B cell	Dendritic cell	2	7	10	6	10	FAM13B	0.9921605041790631	False
0.00024529493909366585	0.7213930348258707	0.06705735015308778	0.0738387869114126	Erythroid	T cell	2	5	9	3	8	FBXO31	0.9921605041790631	False
0.001690530310683324	0.7213930348258707	0.16895724042631405	0.13635207464051646	Plasma cell	Dendritic cell	2	7	11	3	8	GTF3C1	0.9921605041790631	False
0.0015961787999485353	0.7213930348258707	0.3013362568817368	0.2897631473303894	NK	T cell	2	7	9	3	7	HNRNPL	0.9921605041790631	False
0.00020983482579961575	0.7213930348258707	0.27465710999643644	0.2787022358810772	Erythroid	Plasma cell	2	5	9	3	8	ICE1	0.9921605041790631	False
0.000337323196742212	0.7213930348258707	0.21580343718075207	0.27746492815665263	NK	Dendritic cell	2	7	13	4	9	IKBKB	0.9921605041790631	False
0.00019463647400235246	0.7213930348258707	0.08139205021231055	0.23427937212620897	T cell	Plasma cell	2	7	10	3	8	KMT5B	0.9921605041790631	False
0.00016886953347647077	0.7213930348258707	0.3004306941951021	0.28619567969769566	Erythroid	NK	2	7	11	3	8	LARP1B	0.9921605041790631	False
0.002316133011423917	0.7213930348258707	0.6139880952380952	0.6908210643279495	NK	B cell	2	7	11	3	8	MAGED2	0.9921605041790631	False
0.00041777233046737944	0.7213930348258707	0.04674842023588083	0.05149590352572958	Erythroid	T cell	2	6	7	3	6	MIGA1	0.9921605041790631	False
0.0002861026002951427	0.7213930348258707	0.08854808852671381	0.18251594241009794	B cell	Monocyte	2	4	5	3	4	MR1	0.9921605041790631	False
0.0003671194049379257	0.7213930348258707	0.14061321194334858	0.3457073606327337	Plasma cell	Erythroid	2	6	6	3	4	MRPL48	0.9921605041790631	False
0.00047362781915319196	0.7213930348258707	0.15746929272635318	0.36384097053535897	Monocyte	B cell	2	4	5	3	4	MTCL1	0.9921605041790631	False
6.785679839106857e-05	0.7213930348258707	0.14272122115638364	0.6154480243942761	Erythroid	Plasma cell	2	7	11	5	9	MYADM	0.9921605041790631	False
9.132758955336175e-05	0.7213930348258707	0.35244748500245215	0.6671532596422561	B cell	Monocyte	2	7	10	4	10	NDUFS4	0.9921605041790631	False
0.00031420521586354017	0.7213930348258707	0.07443609638632948	0.22143798230754752	B cell	Plasma cell	2	7	14	4	11	OFD1	0.9921605041790631	False
0.0001593889614297461	0.7213930348258707	0.06583067299158168	0.16549600447905533	Plasma cell	T cell	2	7	11	6	9	PCGF5	0.9921605041790631	False
0.0004961814673841483	0.7213930348258707	0.059907840228929476	0.08586487942880239	Erythroid	B cell	2	3	5	3	4	PHF2	0.9921605041790631	False
7.596761921676422e-05	0.7213930348258707	0.0470587550758329	0.018115050778367392	Erythroid	T cell	2	2	3	3	3	RAB29	0.9921605041790631	False
7.399623072013949e-05	0.7213930348258707	0.06306672938808977	0.05384677230477747	T cell	Dendritic cell	2	4	5	3	4	RAD23A	0.9921605041790631	False
0.00017758106778272613	0.7213930348258707	0.2887219656047212	0.6485986797028788	NK	Dendritic cell	2	7	10	3	8	RAD50	0.9921605041790631	False
1.9331008788370488e-05	0.7213930348258707	0.14383209684878684	0.32117479636506474	B cell	Plasma cell	2	7	11	8	11	RPL27	0.9921605041790631	False
2.481389376991595e-05	0.7213930348258707	0.059399195041418995	0.05548383955709185	Monocyte	NK	2	7	10	5	9	SBF2	0.9921605041790631	False
0.00019196593917997657	0.7213930348258707	0.2502915792916049	0.32406641024392624	Dendritic cell	Monocyte	2	6	9	3	6	SH2D3C	0.9921605041790631	False
0.00017357934960932637	0.7213930348258707	0.16368837606277248	0.2719599543374383	Erythroid	NK	2	7	11	4	7	SIRT1	0.9921605041790631	False
0.0002375243779201279	0.7213930348258707	0.171706749552056	0.35975609756097565	B cell	NK	2	7	9	3	7	SNX19	0.9921605041790631	False
7.236443089219742e-05	0.7213930348258707	0.0880726038243217	0.12625112295526902	NK	Plasma cell	2	7	9	7	9	TBC1D5	0.9921605041790631	False
0.0005587536762468351	0.7213930348258707	0.2541051662725202	0.24080984738776873	T cell	B cell	2	5	7	4	5	TESPA1	0.9921605041790631	False
0.00021793282554537823	0.7213930348258707	0.044544611949233204	0.06069063134280528	B cell	Monocyte	2	6	11	3	8	TFDP1	0.9921605041790631	False
0.0005331347952118854	0.7213930348258707	0.4208809758221873	0.6596581196581197	B cell	Monocyte	2	4	5	3	3	TMEM80	0.9921605041790631	False
0.00013412717749037038	0.7213930348258707	0.03963802299037822	0.07615569905699054	Monocyte	Dendritic cell	2	7	10	5	9	TRIO	0.9921605041790631	False
7.1437388564535804e-06	0.7213930348258707	0.2747494722660672	0.23223460967606802	B cell	Plasma cell	2	7	10	6	10	UBA52	0.9921605041790631	False
0.00014022429585304922	0.7213930348258707	0.1999553973505961	0.309313063063063	Plasma cell	NK	2	7	16	7	13	UBL3	0.9921605041790631	False
0.00015001710226550337	0.7213930348258707	0.17949310366957555	0.3087212154415214	NK	Plasma cell	2	7	11	3	6	WAC-AS1	0.9921605041790631	False
0.0004941980194976798	0.7213930348258707	0.10233819138420874	0.277466405564184	Plasma cell	Monocyte	2	7	11	3	7	WDR76	0.9921605041790631	False
7.211930204602268e-05	0.7213930348258707	0.08177050760726862	0.0878723742351154	Erythroid	Monocyte	2	7	13	7	12	WWP2	0.9921605041790631	False
6.824512758077985e-05	0.7213930348258707	0.046297864776125686	0.2901346923917	Dendritic cell	Monocyte	2	2	3	3	3	ZNF333	0.9921605041790631	False
0.00018572274066253123	0.7263681592039801	0.12335581722587685	0.190014367816092	Monocyte	Erythroid	2	7	18	6	15	ALG11	0.9921605041790631	False
0.00012381708263866498	0.7263681592039801	0.19439304268278096	0.24658005559035445	NK	Dendritic cell	2	7	11	5	8	ANXA11	0.9921605041790631	False
0.00019002145249831555	0.7263681592039801	0.16977493331885568	0.25791477598706514	Monocyte	Erythroid	2	6	9	4	7	EHD4	0.9921605041790631	False
0.00027693286216830677	0.7263681592039801	0.1769773425129259	0.2573665707893896	B cell	Plasma cell	2	5	7	3	4	ELOC	0.9921605041790631	False
0.0001270473172195424	0.7263681592039801	0.0028722423104772243	0.07329896907216493	Erythroid	B cell	2	2	3	3	3	ENSG00000248318	0.9921605041790631	False
0.00010812616026384794	0.7263681592039801	0.21003800000628275	0.269230442068373	B cell	Erythroid	2	5	8	3	6	ENSG00000287263	0.9921605041790631	False
0.00027687251719433505	0.7263681592039801	0.07484375590045689	0.19176704302562425	Dendritic cell	Monocyte	2	5	7	3	6	EOLA2-DT	0.9921605041790631	False
4.818794062967654e-05	0.7263681592039801	0.04131799510666384	0.06107269470229376	Dendritic cell	Erythroid	2	7	14	7	11	EXT1	0.9921605041790631	False
0.0002877138782589566	0.7263681592039801	0.01963920107265904	0.03850716042239255	Plasma cell	T cell	2	2	3	3	3	FAM162A	0.9921605041790631	False
2.1441949899414154e-06	0.7263681592039801	0.004793274629008415	0.053520463930046114	Plasma cell	T cell	2	2	3	3	3	GLUL	0.9921605041790631	False
0.0013068869518287158	0.7263681592039801	0.12957989374702883	0.18051296564899	Erythroid	T cell	2	6	12	4	10	GPR18	0.9921605041790631	False
8.026986230603479e-05	0.7263681592039801	0.2018208047786496	0.4399511702317015	Dendritic cell	Plasma cell	2	7	11	7	10	GRB2	0.9921605041790631	False
0.0004955432473453417	0.7263681592039801	0.17276225351237073	0.10834308909143286	NK	Monocyte	2	7	5	3	5	HSPA8	0.9921605041790631	False
0.00046176633464281683	0.7263681592039801	0.08218670403560407	0.14425464002837213	Erythroid	Plasma cell	2	6	10	3	7	IDE	0.9921605041790631	False
7.429370619564931e-05	0.7263681592039801	0.19585280546408762	0.4843029445139856	Dendritic cell	Plasma cell	2	6	8	3	6	IL7R	0.9921605041790631	False
0.0010181583721668233	0.7263681592039801	0.08034478069524797	0.16583179093579664	T cell	Plasma cell	2	2	3	3	3	ING3	0.9921605041790631	False
0.00015078070694754433	0.7263681592039801	0.07010964204766434	0.24507371674393352	B cell	Monocyte	2	5	9	4	7	LRRC59	0.9921605041790631	False
0.0004277668339909409	0.7263681592039801	0.0885142373388344	0.23788947113318154	Monocyte	Erythroid	2	7	10	3	7	MARK2	0.9921605041790631	False
5.55587057647045e-05	0.7263681592039801	0.061672045064147196	0.09520906352254466	Plasma cell	T cell	2	7	14	3	9	MIR646HG	0.9921605041790631	False
0.0002190316326929545	0.7263681592039801	0.11630044431456826	0.17719723015834588	Monocyte	NK	2	7	16	6	13	OSER1	0.9921605041790631	False
0.000680289221614516	0.7263681592039801	0.2793920288898191	0.3252222032709837	B cell	Monocyte	2	3	4	3	3	PAK4	0.9921605041790631	False
0.0013190618905420913	0.7263681592039801	0.1990564503649077	0.1971047619047619	Monocyte	Plasma cell	2	7	7	4	7	PDE4B	0.9921605041790631	False
0.0004634033339906331	0.7263681592039801	0.21832777828059352	0.3056556635912907	B cell	NK	2	7	8	3	8	PSMB10	0.9921605041790631	False
0.0005776735040104148	0.7263681592039801	0.24851995902068474	0.35972151612721004	Erythroid	Plasma cell	2	5	8	3	6	PTGDS	0.9921605041790631	False
6.26192101545241e-05	0.7263681592039801	0.03326663240280081	0.3354203935599284	Plasma cell	B cell	2	2	3	3	3	RELA	0.9921605041790631	False
0.0006776030896015574	0.7263681592039801	0.14356371155636666	0.15754363939254934	Monocyte	B cell	2	7	9	3	7	SERGEF	0.9921605041790631	False
0.00018210491089781333	0.7263681592039801	0.1624616356930737	0.2747829044450418	Dendritic cell	Plasma cell	2	7	13	3	8	SF3B3	0.9921605041790631	False
0.0001409045253577523	0.7263681592039801	0.03808794692864703	0.09730059419064252	Dendritic cell	NK	2	7	8	3	6	SLC25A13	0.9921605041790631	False
3.758739361815958e-05	0.7263681592039801	0.12200518765505519	0.29668858876254534	Erythroid	Dendritic cell	2	7	17	6	15	SLC9A8	0.9921605041790631	False
0.0007010861869095437	0.7263681592039801	0.11247980825197662	0.23408812160253345	Monocyte	Dendritic cell	2	7	10	4	7	TGFB1	0.9921605041790631	False
3.490653552548145e-05	0.7263681592039801	0.40212541432912435	0.4604041224212898	NK	Plasma cell	2	7	13	5	11	TLN1	0.9921605041790631	False
0.00019102546759003337	0.7263681592039801	0.3325624830987041	0.462252203984219	Monocyte	NK	2	7	11	3	9	USE1	0.9921605041790631	False
0.0002556927245138695	0.7263681592039801	0.08236327999173076	0.1291168496377617	Plasma cell	T cell	2	5	10	4	7	VPS35L	0.9921605041790631	False
5.646618413982685e-05	0.7263681592039801	0.0849680308085537	0.21067216689968277	Plasma cell	Erythroid	2	7	18	9	16	ZDHHC20	0.9921605041790631	False
0.00041004515515003263	0.7313432835820896	0.14854622221060187	0.22986597638408224	T cell	Dendritic cell	2	7	12	4	8	ADAT1	0.9921605041790631	False
0.00017964148266287123	0.7313432835820896	0.13537119443304196	0.17052412150089336	NK	Erythroid	2	7	10	3	8	ARL14EP	0.9921605041790631	False
0.0017940452693842315	0.7313432835820896	0.12107611785032424	0.1611509835194046	Dendritic cell	Monocyte	2	6	9	3	5	ASCC1	0.9921605041790631	False
0.0005130256974414763	0.7313432835820896	0.18715098138552616	0.13863657357514553	Monocyte	T cell	2	4	5	3	5	BCL10	0.9921605041790631	False
0.00016701100680608795	0.7313432835820896	0.1217645460650923	0.24701639269302	B cell	Plasma cell	2	6	9	3	6	CEP290	0.9921605041790631	False
0.0003177371803562345	0.7313432835820896	0.12552596708897884	0.10448232323232326	Monocyte	B cell	2	4	6	3	4	ENSG00000228061	0.9921605041790631	False
0.00023421135349028098	0.7313432835820896	0.0862396129020171	0.12488705181197723	T cell	Erythroid	2	5	6	3	5	ENSG00000272831	0.9921605041790631	False
0.0008387073091747061	0.7313432835820896	0.20303979420612184	0.08694097426491787	Plasma cell	Erythroid	2	4	5	3	4	FAM185A	0.9921605041790631	False
5.2221185868601475e-05	0.7313432835820896	0.008015576508727196	0.14507395927335504	B cell	T cell	2	2	3	3	3	FASTK	0.9921605041790631	False
0.00041053467614006424	0.7313432835820896	0.14925405096973726	0.17886450714036922	Dendritic cell	Erythroid	2	6	8	3	8	HIBADH	0.9921605041790631	False
0.00029718713389369406	0.7313432835820896	0.13669422284294647	0.19388432839693226	NK	B cell	2	7	9	3	7	INTS4	0.9921605041790631	False
0.00023582794396562865	0.7313432835820896	0.11016776913723292	0.3284338296722198	T cell	Dendritic cell	2	7	9	5	8	IRAG2	0.9921605041790631	False
6.301334353966737e-07	0.7313432835820896	0.16653194422933146	0.4878494228211028	T cell	Dendritic cell	2	7	11	4	8	JCHAIN	0.9921605041790631	False
0.00024072197439266424	0.7313432835820896	0.059222717930435376	0.06975674029344775	T cell	Plasma cell	2	7	12	3	8	KATNIP	0.9921605041790631	False
0.0002452226323768586	0.7313432835820896	0.12039333250261092	0.30059001074297015	T cell	NK	2	7	9	3	8	LARP4	0.9921605041790631	False
2.0134064892171485e-06	0.7313432835820896	0.014134241518652557	0.0558654646324549	T cell	Monocyte	2	2	3	3	3	LEPR	0.9921605041790631	False
0.0006666975863278545	0.7313432835820896	0.07791987135727174	0.09433628318584064	Monocyte	Dendritic cell	2	2	3	3	3	MAPK3	0.9921605041790631	False
0.0001007342901666538	0.7313432835820896	0.14136149912287194	0.34189562730424355	Dendritic cell	Erythroid	2	5	6	3	5	MIR181A1HG	0.9921605041790631	False
6.765082539935273e-05	0.7313432835820896	0.07763257395029449	0.1658247784383447	Monocyte	Erythroid	2	7	9	6	9	MON2	0.9921605041790631	False
0.00011425635755364652	0.7313432835820896	0.12941936098180212	0.24134565862737423	B cell	Plasma cell	2	7	10	4	9	MTREX	0.9921605041790631	False
1.802470294541305e-05	0.7313432835820896	0.010663976854320856	0.005676231339948101	T cell	Plasma cell	2	2	3	3	3	PLA2G4A	0.9921605041790631	False
0.00017124610105990337	0.7313432835820896	0.1291934151220342	0.14100968641064265	NK	Erythroid	2	7	14	5	11	PRPF6	0.9921605041790631	False
0.00010106298830960751	0.7313432835820896	0.06787417770679188	0.1300541357061517	Dendritic cell	Monocyte	2	7	9	7	9	RBM6	0.9921605041790631	False
0.0002675235153471485	0.7313432835820896	0.307079817931485	0.5538123167155427	Dendritic cell	Erythroid	2	6	6	3	4	RTCA	0.9921605041790631	False
0.0005817981862214694	0.7313432835820896	0.20718620551685896	0.2699527366522044	NK	T cell	2	7	11	3	6	SEC23IP	0.9921605041790631	False
0.00011587331891914205	0.7313432835820896	0.047924368683021856	0.10152336767723336	Erythroid	Dendritic cell	2	7	12	7	11	SEC24B	0.9921605041790631	False
0.0001390935139175556	0.7313432835820896	0.11009148922295625	0.2753352023403218	Plasma cell	Dendritic cell	2	6	9	3	7	SNX4	0.9921605041790631	False
0.0002744382889083649	0.7313432835820896	0.13557467685965513	0.14353593514135904	Erythroid	NK	2	7	10	4	7	SORL1	0.9921605041790631	False
0.00018820935141216364	0.7313432835820896	0.09830705391865813	0.25542029500622	Plasma cell	T cell	2	5	10	5	8	TCEAL4	0.9921605041790631	False
0.00027627729993814584	0.7313432835820896	0.17779102428909666	0.22673745559059522	Plasma cell	B cell	2	5	9	3	7	TCHP	0.9921605041790631	False
0.00039761486864203527	0.7313432835820896	0.29655407827177277	0.42052464933913164	B cell	Dendritic cell	2	7	9	3	7	TOPBP1	0.9921605041790631	False
0.00023759139524531103	0.7313432835820896	0.12867107947664697	0.12154436471025626	Monocyte	T cell	2	6	10	4	7	TRPM2	0.9921605041790631	False
0.0008270164391427606	0.7313432835820896	0.04229281108222793	0.04523837141862891	NK	B cell	2	3	5	3	4	UNC93B1	0.9921605041790631	False
0.00013336901508697924	0.7313432835820896	0.10352464805046735	0.15584875139015264	Dendritic cell	Plasma cell	2	6	7	3	6	VPS50	0.9921605041790631	False
0.000206688629938152	0.7313432835820896	0.1106125989783725	0.14593626527823939	Dendritic cell	Plasma cell	2	7	12	3	9	WASHC5	0.9921605041790631	False
0.00020884075165935914	0.7313432835820896	0.14360119360676016	0.18521699475564335	NK	Monocyte	2	7	11	4	7	WDR11	0.9921605041790631	False
0.00043296101057002434	0.7313432835820896	0.17320917783953088	0.08398614661499137	B cell	Dendritic cell	2	6	8	3	6	ZFP14	0.9921605041790631	False
0.0010208376139693384	0.736318407960199	0.27305765326320836	0.3597364000516863	B cell	T cell	2	6	7	3	5	AGL	0.9921605041790631	False
0.0009366145694531654	0.736318407960199	0.07675246336468566	0.007328447701532348	B cell	Plasma cell	2	3	6	4	4	ALKBH8	0.9921605041790631	False
0.00029655607160120593	0.736318407960199	0.0995272226286652	0.22737998873617	Erythroid	B cell	2	7	9	4	8	APPL1	0.9921605041790631	False
0.00012791296415634365	0.736318407960199	0.10719583398909333	0.12789770858162874	Dendritic cell	Monocyte	2	7	17	7	13	ARGLU1	0.9921605041790631	False
3.5765675830538783e-05	0.736318407960199	0.15822049830254564	0.26298262963281455	B cell	Plasma cell	2	4	8	4	5	ARHGAP11B	0.9921605041790631	False
8.084713499021282e-05	0.736318407960199	0.29915973239035554	0.44850025064841653	Plasma cell	Dendritic cell	2	6	9	4	7	CARD19	0.9921605041790631	False
9.819203844113837e-05	0.736318407960199	0.03423404873155411	0.2074153342565781	T cell	B cell	2	2	3	3	3	CARD8-AS1	0.9921605041790631	False
0.0002490823276478218	0.736318407960199	0.06931764361431886	0.17117298896959915	B cell	T cell	2	3	5	3	5	CCDC200	0.9921605041790631	False
0.00027066449252447227	0.736318407960199	0.09245402121410895	0.13646449704142016	T cell	Monocyte	2	5	4	3	4	CCNL2	0.9921605041790631	False
0.0002714084795554118	0.736318407960199	0.10006436515017841	0.16525836881924033	Dendritic cell	Plasma cell	2	5	8	3	5	CHP1	0.9921605041790631	False
4.043392580715508e-05	0.736318407960199	0.18927709014756205	0.08618927122776693	Dendritic cell	Erythroid	2	7	13	6	10	COMMD6	0.9921605041790631	False
0.0001077047758357996	0.736318407960199	0.22450978224826584	0.21067746722579084	NK	Monocyte	2	7	9	4	9	DAZAP2	0.9921605041790631	False
0.0008213417779267692	0.736318407960199	0.11910116617701083	0.11071506909409956	B cell	T cell	2	3	5	3	5	DNAH14	0.9921605041790631	False
0.00024765391989748254	0.736318407960199	0.21584767390331694	0.3089709928354958	T cell	Erythroid	2	5	7	4	5	EFCAB2	0.9921605041790631	False
0.0002733462996516555	0.736318407960199	0.10349278675960144	0.11674100505501045	B cell	NK	2	6	12	4	9	ENSG00000291060	0.9921605041790631	False
8.595184687668634e-05	0.736318407960199	0.16165445110899251	0.12531880361697195	Erythroid	Monocyte	2	7	8	3	5	GRAMD1B	0.9921605041790631	False
0.0001397862869166277	0.736318407960199	0.06854586586467298	0.15687375788473168	Plasma cell	B cell	2	3	4	3	4	INTS7	0.9921605041790631	False
0.00015440307090697233	0.736318407960199	0.1932202477110243	0.3220093784296119	T cell	Erythroid	2	6	10	3	7	LINC00649	0.9921605041790631	False
4.7958960588025996e-05	0.736318407960199	0.013761527124677153	0.023030510688645367	B cell	Monocyte	2	3	5	3	5	LINC01505	0.9921605041790631	False
0.0002681886415559717	0.736318407960199	0.1163735163735164	0.008179136497720507	Erythroid	T cell	2	2	3	3	3	MED31	0.9921605041790631	False
0.00037812678264979426	0.736318407960199	0.22577083387560287	0.23076718944882302	Monocyte	B cell	2	6	7	3	4	MRPL58	0.9921605041790631	False
4.391924002744895e-05	0.736318407960199	0.2541893382027294	0.2394186696982821	NK	Plasma cell	2	7	9	4	8	NFKBIZ	0.9921605041790631	False
8.5641309974286e-05	0.736318407960199	0.19408322374281095	0.21281144842499117	Plasma cell	Erythroid	2	7	16	5	12	NHLRC3	0.9921605041790631	False
0.0008250949565622968	0.736318407960199	0.08972378327217034	0.29296617872927316	Plasma cell	B cell	2	5	7	3	4	NME8	0.9921605041790631	False
0.00019298528465525147	0.736318407960199	0.1711741225828835	0.2804916087214522	Dendritic cell	B cell	2	7	12	3	7	NOCT	0.9921605041790631	False
5.348543379982166e-05	0.736318407960199	0.07034516856143713	0.16485537845181902	T cell	Erythroid	2	7	10	5	10	NSD1	0.9921605041790631	False
6.216968204324571e-05	0.736318407960199	0.04123816445582873	0.2723417290471475	NK	T cell	2	7	9	5	9	OSBPL8	0.9921605041790631	False
0.00010994604656087712	0.736318407960199	0.2648235339175179	0.4845934523981822	B cell	T cell	2	4	6	3	4	PHC2	0.9921605041790631	False
0.00021070713825227668	0.736318407960199	0.12705754419153886	0.26984303531440607	B cell	Erythroid	2	7	10	6	10	PPP1R15A	0.9921605041790631	False
7.165732597750048e-05	0.736318407960199	0.014435630159314428	0.010566937406554289	T cell	B cell	2	2	4	4	4	PPP1R15B	0.9921605041790631	False
0.00014840138102982094	0.736318407960199	0.11859245547050107	0.15503418536696073	T cell	Dendritic cell	2	6	11	4	8	PSMD3	0.9921605041790631	False
4.846308113372924e-05	0.736318407960199	0.024326009038491525	0.008678800134816256	Plasma cell	T cell	2	2	3	3	3	RIC8B	0.9921605041790631	False
0.00014386699143648966	0.736318407960199	0.24743361624717353	0.18579472202489014	B cell	Plasma cell	2	4	7	3	5	RPL37	0.9921605041790631	False
7.688399187550206e-05	0.736318407960199	0.10081104066218177	0.16385660289009407	NK	Erythroid	2	7	10	6	10	RSF1	0.9921605041790631	False
0.0001752360457862051	0.736318407960199	0.21272592996411244	0.27639346299633377	NK	T cell	2	6	11	5	9	SH3D19	0.9921605041790631	False
0.0004229987294567324	0.736318407960199	0.1382902699835039	0.15749821393778007	T cell	Erythroid	2	4	6	3	4	SLC25A53	0.9921605041790631	False
0.0001460331062897087	0.736318407960199	0.0631950678236105	0.09611034309413091	Monocyte	Erythroid	2	7	12	3	8	TSHZ1	0.9921605041790631	False
0.00022997698813883205	0.736318407960199	0.09300773763913994	0.16067858010993397	B cell	Dendritic cell	2	7	10	4	8	UBE2B	0.9921605041790631	False
0.00033179814323603426	0.736318407960199	0.12036270549816003	0.16754727474972186	B cell	Dendritic cell	2	7	12	3	8	ZHX1	0.9921605041790631	False
0.000604905544869081	0.736318407960199	0.18202256251131588	0.2454505494505494	Dendritic cell	B cell	2	6	7	3	5	ZNF124	0.9921605041790631	False
8.799427629989061e-05	0.736318407960199	0.3975686569309431	0.6429427297135376	Dendritic cell	Plasma cell	2	7	10	3	8	ZNF266	0.9921605041790631	False
0.0003810511724378785	0.7412935323383084	0.16123831936022004	0.2157407690193323	Erythroid	B cell	2	6	8	3	5	ACADSB	0.9921605041790631	False
0.0002767658957537723	0.7412935323383084	0.10918514716645278	0.19151000127292922	B cell	NK	2	7	10	3	8	ANAPC16	0.9921605041790631	False
0.0001055591590859428	0.7412935323383084	0.08344233413283902	0.23772256414152929	B cell	Monocyte	2	4	8	5	7	ANKRA2	0.9921605041790631	False
8.165673597354112e-05	0.7412935323383084	0.04997354095636847	0.11482438604772638	Erythroid	T cell	2	7	18	11	17	ANKRD12	0.9921605041790631	False
0.0003760867516799031	0.7412935323383084	0.03344932052561822	0.020592020592020588	T cell	Monocyte	2	2	3	3	3	APBB2	0.9921605041790631	False
0.0022035723907484453	0.7412935323383084	0.24773750712958365	0.17945270484024045	B cell	Dendritic cell	2	5	5	3	4	BROX	0.9921605041790631	False
0.000194865675503131	0.7412935323383084	0.11181320300268338	0.22535989828875574	B cell	Plasma cell	2	5	6	3	5	DRAM2	0.9921605041790631	False
2.3735436829329794e-05	0.7412935323383084	0.03720599153932491	0.12966008771929827	Plasma cell	T cell	2	2	3	3	3	ENSG00000267383	0.9921605041790631	False
6.663345312728344e-06	0.7412935323383084	0.007587141195150693	0.1926918621035163	T cell	B cell	2	2	3	3	3	FMC1	0.9921605041790631	False
0.0007101998254725754	0.7412935323383084	0.018419564496058305	0.06011498500613999	Erythroid	B cell	2	2	3	3	3	GNG5	0.9921605041790631	False
0.00017885667722568457	0.7412935323383084	0.17238833415345442	0.21212914850821324	NK	Erythroid	2	7	11	4	9	GTPBP4	0.9921605041790631	False
0.00032358187395270033	0.7412935323383084	0.05702564327107329	0.12474648911338154	T cell	Plasma cell	2	4	8	4	6	IL7	0.9921605041790631	False
0.0002785257982224163	0.7412935323383084	0.3976543192595942	0.2192180653859117	Erythroid	Dendritic cell	2	7	10	3	6	KCTD9	0.9921605041790631	False
6.83336999184043e-05	0.7412935323383084	0.10596667393430681	0.16844248094248093	Dendritic cell	Plasma cell	2	7	10	3	10	KDM3B	0.9921605041790631	False
0.0004283508079170292	0.7412935323383084	0.18963372069197693	0.2593687707641196	B cell	Plasma cell	2	7	11	3	8	KDM4B	0.9921605041790631	False
6.457121894440827e-05	0.7412935323383084	0.4340872972049242	0.4286062463006162	Plasma cell	Monocyte	2	6	9	3	6	LENG1	0.9921605041790631	False
4.3039971161787266e-05	0.7412935323383084	0.10806675862989146	0.4421768707482993	Monocyte	Dendritic cell	2	3	5	3	5	LIN7C	0.9921605041790631	False
0.00021246946435860472	0.7412935323383084	0.33718018720317566	0.3652950310559006	NK	Erythroid	2	7	9	3	6	LSG1	0.9921605041790631	False
0.0002078656231116556	0.7412935323383084	0.05540851097687316	0.0035042912719389363	Plasma cell	B cell	2	2	3	3	3	MAPKAPK3	0.9921605041790631	False
0.0007682385526924304	0.7412935323383084	0.12820165854756577	0.10799067223648229	B cell	Monocyte	2	4	4	3	4	MFSD14A	0.9921605041790631	False
0.00020932871746634865	0.7412935323383084	0.11389694518752735	0.08426908060670973	Dendritic cell	Monocyte	2	6	11	4	8	MRPS31P5	0.9921605041790631	False
0.00023609282253945476	0.7412935323383084	0.1219609169761553	0.12088188302866626	B cell	Dendritic cell	2	7	12	4	10	NEK1	0.9921605041790631	False
0.00023915360722427122	0.7412935323383084	0.11968809839841199	0.23208520996589516	B cell	Plasma cell	2	4	6	3	6	NUDT5	0.9921605041790631	False
0.0008202883372031627	0.7412935323383084	0.2643951069479902	0.15839908435612704	Erythroid	Dendritic cell	2	5	8	3	5	PDLIM2	0.9921605041790631	False
0.00019116095432146496	0.7412935323383084	0.3337145414592169	0.39992892679459846	B cell	Plasma cell	2	5	6	3	6	PTPN7	0.9921605041790631	False
3.425224939464709e-05	0.7412935323383084	0.07746395515576804	0.17935155809821485	Dendritic cell	Monocyte	2	7	14	8	13	RAB11FIP1	0.9921605041790631	False
0.00037597876774600177	0.7412935323383084	0.07616691073743037	0.06496060156441319	Monocyte	T cell	2	3	4	3	3	RIN2	0.9921605041790631	False
0.0001440592319189417	0.7412935323383084	0.005592448487185375	0.06706415940478011	Monocyte	T cell	2	2	3	3	3	RNLS	0.9921605041790631	False
5.893982232250461e-05	0.7412935323383084	0.2843239499453013	0.13200066744045214	NK	T cell	2	7	13	4	11	RPL12	0.9921605041790631	False
7.525933149702554e-05	0.7412935323383084	0.07785065205454472	0.08112548853341911	Plasma cell	B cell	2	7	18	9	15	RTTN	0.9921605041790631	False
4.1206034024379056e-05	0.7412935323383084	0.0656623677899742	0.1771832162995967	Plasma cell	Dendritic cell	2	7	15	9	15	SH3KBP1	0.9921605041790631	False
0.0002845763099389075	0.7412935323383084	0.11046709744856148	0.12165928348781113	Erythroid	Monocyte	2	6	10	3	6	TADA2A	0.9921605041790631	False
0.0005268338408569118	0.7412935323383084	0.04669848384134101	0.10867125831914559	Erythroid	Monocyte	2	4	7	3	5	TCF3	0.9921605041790631	False
0.0001445204471826956	0.7412935323383084	0.29595208110894256	0.2013656746840603	Erythroid	Dendritic cell	2	6	9	3	6	TRPT1	0.9921605041790631	False
0.000501841641408619	0.7412935323383084	0.10251919943755466	0.20248756218905478	Erythroid	Monocyte	2	3	4	3	4	UCHL5	0.9921605041790631	False
0.0008572042272632375	0.7412935323383084	0.20073618967335993	0.33138617321282016	Dendritic cell	B cell	2	7	18	9	15	UFM1	0.9921605041790631	False
0.0022688778389618647	0.7412935323383084	0.1097006469346895	0.11456762192056313	Monocyte	Dendritic cell	2	2	3	3	3	VPS45	0.9921605041790631	False
0.00044004129994684103	0.746268656716418	0.20244735266046432	0.14982413920770082	Dendritic cell	T cell	2	7	12	4	10	ABHD18	0.9921605041790631	False
4.785930396531012e-05	0.746268656716418	0.20300789579353556	0.32674655164346633	Erythroid	B cell	2	7	11	8	11	ACTG1	0.9921605041790631	False
8.262443886206735e-05	0.746268656716418	0.03556185612097096	0.02801633850020946	Monocyte	T cell	2	2	3	3	3	AK2	0.9921605041790631	False
0.00028241568540467074	0.746268656716418	0.22847701172715967	0.25211982265976635	Erythroid	T cell	2	7	11	3	8	ARFIP1	0.9921605041790631	False
1.1216476499176697e-05	0.746268656716418	0.006962268028859631	0.05355825108384832	Monocyte	Plasma cell	2	2	3	3	3	ASB7	0.9921605041790631	False
6.796577279620956e-05	0.746268656716418	0.03945173243418856	0.18285714285714288	T cell	Monocyte	2	2	3	3	3	ATMIN	0.9921605041790631	False
0.0012630806344400185	0.746268656716418	0.10037802607405855	0.000211707420345153	Erythroid	B cell	2	2	3	3	3	CARNMT1	0.9921605041790631	False
1.3766393848185801e-05	0.746268656716418	0.036273365347732456	0.14705625436757513	B cell	Monocyte	2	2	3	3	3	COA6-AS1	0.9921605041790631	False
3.32049585384644e-05	0.746268656716418	0.01460180838115116	0.2697228144989339	Monocyte	Dendritic cell	2	2	3	3	3	COX15	0.9921605041790631	False
0.001268418695138632	0.746268656716418	0.22015988733320857	0.3662561576354679	Plasma cell	Dendritic cell	2	6	10	3	10	CYB5A	0.9921605041790631	False
4.411977193517264e-06	0.746268656716418	0.012577767436187104	0.16245567375886524	Monocyte	T cell	2	2	3	3	3	DALRD3	0.9921605041790631	False
0.00014255372586297735	0.746268656716418	0.05005644091434863	0.11911589382399945	Erythroid	Dendritic cell	2	7	10	7	10	DMXL1	0.9921605041790631	False
0.0001636113511169428	0.746268656716418	0.17989806209270093	0.17013280105018025	Plasma cell	B cell	2	5	7	3	5	DUSP5	0.9921605041790631	False
5.8082066518121886e-05	0.746268656716418	0.06889329871057842	0.06456644241274223	Plasma cell	NK	2	7	8	6	8	ELMO1	0.9921605041790631	False
0.0001834249628949825	0.746268656716418	0.14501072667300574	0.06725831959352602	Plasma cell	Dendritic cell	2	6	13	5	11	ENOX2	0.9921605041790631	False
7.14025645067144e-05	0.746268656716418	0.1474520065133077	0.20156621728786672	B cell	Erythroid	2	4	5	3	4	ENSG00000278075	0.9921605041790631	False
0.00019320304472160774	0.746268656716418	0.11479036684334937	0.0626572247277104	Plasma cell	Dendritic cell	2	7	16	6	11	ENSG00000290476	0.9921605041790631	False
5.886189031955261e-05	0.746268656716418	0.2616462950624062	0.19757667938307422	NK	Dendritic cell	2	7	16	5	14	EXOSC8	0.9921605041790631	False
8.608929345471113e-05	0.746268656716418	0.09862178863710058	0.19225184868369222	Dendritic cell	Erythroid	2	6	7	4	7	FOXJ3	0.9921605041790631	False
0.0006779610411779232	0.746268656716418	0.2243685723825911	0.21099586003148707	Monocyte	Erythroid	2	4	6	3	5	GTF3C4	0.9921605041790631	False
0.0003358924927335547	0.746268656716418	0.1201040548268707	0.1728316446859493	Monocyte	B cell	2	7	7	4	7	MAN1A2	0.9921605041790631	False
0.00027060697266284925	0.746268656716418	0.1825457768771525	0.07326369282891021	Plasma cell	Erythroid	2	5	8	3	6	MAPKBP1	0.9921605041790631	False
0.0003035898790382904	0.746268656716418	0.17017501065375523	0.23018620429047343	Erythroid	NK	2	7	11	4	7	MED29	0.9921605041790631	False
0.0001450256250700312	0.746268656716418	0.2791974481107239	0.26872577928867014	Dendritic cell	B cell	2	7	10	3	9	NUMA1	0.9921605041790631	False
0.00016733725467123867	0.746268656716418	0.12785517255927592	0.10018129322500502	Plasma cell	T cell	2	6	6	3	4	OS9	0.9921605041790631	False
5.843088661928785e-05	0.746268656716418	0.10469250414705655	0.13631193111321682	Monocyte	NK	2	6	10	3	8	PAK1	0.9921605041790631	False
6.802370912049073e-05	0.746268656716418	0.06466672875699381	0.2510311158715005	Dendritic cell	NK	2	7	7	3	7	PKN2	0.9921605041790631	False
7.14215609993006e-06	0.746268656716418	0.05478747768021053	0.05044559111322361	Plasma cell	NK	2	7	17	10	13	PLCB1	0.9921605041790631	False
0.0002772809695103443	0.746268656716418	0.18175065676684155	0.11428726741838285	Plasma cell	NK	2	7	8	3	7	PRR13	0.9921605041790631	False
8.454733240622333e-05	0.746268656716418	0.12741858447043963	0.2072149884729032	Dendritic cell	Plasma cell	2	7	8	3	6	RAB30	0.9921605041790631	False
0.00027486819555661403	0.746268656716418	0.20029644276647374	0.347332418860696	NK	B cell	2	7	9	4	8	RECQL	0.9921605041790631	False
0.00043561571990470094	0.746268656716418	0.18810577406311985	0.21670225918849056	Erythroid	B cell	2	5	10	4	8	SDAD1	0.9921605041790631	False
9.208970086420534e-05	0.746268656716418	0.10995929723868492	0.10733508006116077	Erythroid	T cell	2	7	8	4	7	SENP2	0.9921605041790631	False
0.00037050420067847066	0.746268656716418	0.2117402659291172	0.1675112612612612	Dendritic cell	B cell	2	7	12	4	8	SERF2	0.9921605041790631	False
0.00024749142320919465	0.746268656716418	0.06283993922217357	0.08043847460243936	Plasma cell	B cell	2	5	6	3	4	SGF29	0.9921605041790631	False
0.0005889471350607509	0.746268656716418	0.08990817018063552	0.05603256297322706	Erythroid	T cell	2	4	5	3	4	SLC35A3	0.9921605041790631	False
0.000325183194237986	0.746268656716418	0.24545746304627616	0.2515034999507049	B cell	NK	2	6	10	3	7	SMARCE1	0.9921605041790631	False
0.00015751732863653707	0.746268656716418	0.12378821220733405	0.08712162917770394	Plasma cell	Erythroid	2	7	12	7	11	STIM2	0.9921605041790631	False
0.000862355051673811	0.746268656716418	0.04858092187260177	0.15569683370730492	T cell	Monocyte	2	2	3	3	3	STING1	0.9921605041790631	False
0.00015336222994279466	0.746268656716418	0.10591001861691107	0.056361282151318304	Plasma cell	Monocyte	2	6	13	4	9	TANGO6	0.9921605041790631	False
0.00042799781873043463	0.746268656716418	0.1118598168448243	0.20957592339261286	T cell	Plasma cell	2	4	7	3	5	TMEM43	0.9921605041790631	False
0.00025417210319254776	0.746268656716418	0.1676389849588426	0.2712187347394757	Erythroid	Dendritic cell	2	7	16	4	12	TPGS2	0.9921605041790631	False
0.0003914427490200373	0.7512437810945274	0.1451913548238412	0.3615607365607366	B cell	T cell	2	4	6	3	5	ABRAXAS1	0.9921605041790631	False
0.00011426073784690224	0.7512437810945274	0.14839359696987053	0.41656898400008013	B cell	Monocyte	2	7	11	5	7	ACAP1	0.9921605041790631	False
1.0978476704428136e-05	0.7512437810945274	0.2950772556240829	0.4914635236086786	NK	Monocyte	2	7	11	6	10	ARHGDIA	0.9921605041790631	False
0.00021879012688339258	0.7512437810945274	0.060058003195643916	0.042288830332308625	Monocyte	T cell	2	2	4	4	4	ARRDC3-AS1	0.9921605041790631	False
3.9197241940390435e-05	0.7512437810945274	0.23604298297895715	0.4186673256797243	Plasma cell	Erythroid	2	7	13	4	11	BLCAP	0.9921605041790631	False
0.0005105139661132304	0.7512437810945274	0.3524088442509494	0.32650000000000007	Erythroid	Plasma cell	2	6	11	3	6	DRG2	0.9921605041790631	False
0.0011210665699075157	0.7512437810945274	0.04253274351635006	0.07623303090251721	Monocyte	Plasma cell	2	2	3	3	3	ENSG00000257496	0.9921605041790631	False
0.00023704207499442506	0.7512437810945274	0.1519008151109047	0.11759422974376255	Erythroid	Plasma cell	2	7	6	3	4	ENSG00000273284	0.9921605041790631	False
3.5861320966298943e-05	0.7512437810945274	0.026845504510259466	0.028682429466134085	NK	T cell	2	7	9	6	9	FHIT	0.9921605041790631	False
0.0002041654926920746	0.7512437810945274	0.18437904711210473	0.13412056420470708	T cell	Monocyte	2	4	7	3	5	GGH	0.9921605041790631	False
4.910638343279315e-05	0.7512437810945274	0.41210033295006165	0.5556981856606189	Plasma cell	Dendritic cell	2	7	9	4	8	IFITM2	0.9921605041790631	False
0.00012173032313680467	0.7512437810945274	0.12255173796568553	0.1789342541596538	Dendritic cell	Plasma cell	2	7	9	4	7	MDM2	0.9921605041790631	False
4.415968724382623e-05	0.7512437810945274	0.0616533062160704	0.1841680925975958	Erythroid	NK	2	7	11	7	10	NCOR1	0.9921605041790631	False
9.353302453487111e-05	0.7512437810945274	0.10756113690879027	0.13751629502572899	Monocyte	B cell	2	3	8	5	6	NEU3	0.9921605041790631	False
6.858117657905723e-05	0.7512437810945274	0.30537989990346337	0.5132889158086008	Dendritic cell	Erythroid	2	6	12	4	8	NIPSNAP3A	0.9921605041790631	False
0.00012577619186581037	0.7512437810945274	0.04214311429858797	0.10238303418907208	Dendritic cell	Plasma cell	2	7	10	6	9	PACS1	0.9921605041790631	False
0.000184310964893659	0.7512437810945274	0.09736126943238632	0.14797681359857867	T cell	Dendritic cell	2	7	12	3	8	PCDH9	0.9921605041790631	False
0.0002154110946204093	0.7512437810945274	0.13859975516717127	0.14497535379233578	Erythroid	Dendritic cell	2	7	12	4	9	PCGF3	0.9921605041790631	False
9.592178150869717e-05	0.7512437810945274	0.1156326900678794	0.08006017048303532	T cell	Monocyte	2	4	7	3	6	PMPCB	0.9921605041790631	False
7.482393875250571e-05	0.7512437810945274	0.015714285714285736	0.025761124121779833	Erythroid	B cell	2	2	3	3	3	REXO1	0.9921605041790631	False
0.00014461906679357178	0.7512437810945274	0.339328424044397	0.5248091178238319	T cell	B cell	2	5	9	3	7	SETD6	0.9921605041790631	False
0.00010145865217271553	0.7512437810945274	0.054046530153189165	0.09082002751490387	Monocyte	B cell	2	4	6	3	5	STX12	0.9921605041790631	False
0.00017994977293800185	0.7512437810945274	0.21884700348857056	0.17069644148124347	Plasma cell	B cell	2	5	7	3	7	STYXL1	0.9921605041790631	False
0.00020150696942692446	0.7512437810945274	0.18481042657414315	0.1731369784322941	Dendritic cell	Monocyte	2	6	10	3	8	TEX9	0.9921605041790631	False
0.0001498049673854882	0.7512437810945274	0.17228438785717776	0.20875844143432282	NK	Erythroid	2	7	9	5	8	TMBIM4	0.9921605041790631	False
0.0001465356015717153	0.7512437810945274	0.04109178239071759	0.07495088916459891	B cell	Monocyte	2	7	11	4	8	TNRC6C	0.9921605041790631	False
9.927701531118714e-05	0.7512437810945274	0.19730862626489776	0.17126810523204256	Plasma cell	Monocyte	2	4	6	3	4	USP46	0.9921605041790631	False
0.00015675956894450893	0.7512437810945274	0.08298414558955935	0.18222353855649076	Plasma cell	NK	2	7	10	6	10	USP47	0.9921605041790631	False
9.7757218421806e-06	0.7512437810945274	0.11403299765368732	0.19525372380711942	B cell	Monocyte	2	3	4	3	3	UTP15	0.9921605041790631	False
4.935194395120034e-05	0.7512437810945274	0.04397223427034891	0.14320372845287793	Dendritic cell	B cell	2	7	11	7	10	VTI1A	0.9921605041790631	False
0.0006313628925145348	0.7512437810945274	0.08754556699719035	0.14860331370669588	Plasma cell	NK	2	5	6	3	5	ZBTB16	0.9921605041790631	False
0.00029653516181937415	0.7512437810945274	0.021271666937356326	0.04751232631107127	B cell	Monocyte	2	2	3	3	3	ZBTB17	0.9921605041790631	False
0.00024583187648055866	0.7512437810945274	0.18193023051727175	0.24693188023980844	Plasma cell	Dendritic cell	2	7	11	4	10	ZNF207	0.9921605041790631	False
0.0001398365650729892	0.7512437810945274	0.08785236449710138	0.1067835631395394	Monocyte	Erythroid	2	5	9	3	8	ZNF346	0.9921605041790631	False
0.00043621053681282295	0.7512437810945274	0.4471906870986946	0.3940789473684211	Monocyte	Erythroid	2	5	6	3	5	ZNF511	0.9921605041790631	False
0.0004726915650552124	0.7512437810945274	0.0468613813875145	0.05628545834577492	B cell	Monocyte	2	3	4	3	3	ZNF525	0.9921605041790631	False
0.00042577090226970986	0.7512437810945274	0.16560677364473242	0.195078736101859	Erythroid	Plasma cell	2	6	10	4	7	ZNF567	0.9921605041790631	False
4.499419960484985e-05	0.7562189054726368	0.11553713367281904	0.13481127464801967	NK	Dendritic cell	2	7	18	8	13	ABCC4	0.9921605041790631	False
0.00018340454581675388	0.7562189054726368	0.0765197907092714	0.016016481690702467	B cell	T cell	2	2	3	3	3	ANAPC15	0.9921605041790631	False
6.373838026002634e-05	0.7562189054726368	0.1251081896024578	0.23168267836970535	B cell	Dendritic cell	2	7	9	3	8	ANXA2	0.9921605041790631	False
0.000345400082669651	0.7562189054726368	0.16061231996051178	0.1368879567637331	Erythroid	NK	2	7	11	4	8	ARHGAP35	0.9921605041790631	False
0.0002942839253319056	0.7562189054726368	0.06014703276221156	0.17783014592585883	Erythroid	Monocyte	2	5	7	3	5	BRAP	0.9921605041790631	False
0.00013722875424181363	0.7562189054726368	0.026262982418210068	0.4431744801756425	T cell	Monocyte	2	5	7	4	5	C11orf98	0.9921605041790631	False
0.00015248730042958914	0.7562189054726368	0.05518213934606858	0.20011507029577708	NK	B cell	2	7	9	5	8	CHD4	0.9921605041790631	False
0.0007265350249486535	0.7562189054726368	0.22175561738186494	0.1852857951329938	B cell	Monocyte	2	6	8	3	4	COPB2	0.9921605041790631	False
0.0008198394638874613	0.7562189054726368	0.1521891613426194	0.20529315174345597	Dendritic cell	Monocyte	2	7	9	3	5	CTC1	0.9921605041790631	False
0.00025247662768639924	0.7562189054726368	0.2097550495516794	0.3967607456035267	Erythroid	Plasma cell	2	6	9	4	6	DNAJB12	0.9921605041790631	False
4.4734947875915584e-05	0.7562189054726368	0.4305198384754326	0.6275750091690553	Dendritic cell	Plasma cell	2	7	10	4	8	EIF4A1	0.9921605041790631	False
0.00015117576565717793	0.7562189054726368	0.001204164606066982	0.04825728698272125	T cell	Dendritic cell	2	2	3	3	3	EIF6	0.9921605041790631	False
0.0001683565958779209	0.7562189054726368	0.3208091180259116	0.29891312171597206	Monocyte	Plasma cell	2	4	6	3	3	ESCO2	0.9921605041790631	False
0.00013699974609049652	0.7562189054726368	0.19584775537453236	0.21739958925282127	Erythroid	B cell	2	6	11	4	9	FASTKD5	0.9921605041790631	False
0.0006220353043775891	0.7562189054726368	0.2331821360264839	0.22684334338013673	T cell	Dendritic cell	2	5	8	3	6	FRMD4B	0.9921605041790631	False
0.00017562112544137337	0.7562189054726368	0.15989759569795614	0.27263769843194596	Erythroid	NK	2	7	15	6	13	GNL3L	0.9921605041790631	False
0.0012070883419640767	0.7562189054726368	0.20886286401448656	0.20437659033078875	B cell	Plasma cell	2	7	11	3	7	HACD3	0.9921605041790631	False
0.00023656793076142185	0.7562189054726368	0.07176553290143284	0.15554164422251016	Dendritic cell	Plasma cell	2	6	7	3	7	KLHL20	0.9921605041790631	False
0.0002678554784454445	0.7562189054726368	0.08730654955641465	0.20804714651716819	NK	Erythroid	2	7	13	3	10	NCBP1	0.9921605041790631	False
0.0006060501326688897	0.7562189054726368	0.14552469135802465	0.1871051774666233	B cell	T cell	2	4	5	3	3	NOTCH2NLC	0.9921605041790631	False
0.00015843214696458128	0.7562189054726368	0.03930559642314069	0.06297726297726303	Plasma cell	B cell	2	2	3	3	3	RANBP17	0.9921605041790631	False
0.0003975735617425559	0.7562189054726368	0.14060222387942883	0.32343328987396786	NK	Erythroid	2	7	14	5	9	RGCC	0.9921605041790631	False
0.00033395488864635623	0.7562189054726368	0.2522287334634857	0.22331154684095866	Monocyte	B cell	2	6	11	3	7	RTEL1	0.9921605041790631	False
6.245997341482617e-05	0.7562189054726368	0.10910076031060467	0.12734325780762684	NK	Dendritic cell	2	7	19	7	16	SCAF4	0.9921605041790631	False
7.2846061826083e-05	0.7562189054726368	0.4145262279213818	0.564316846248347	NK	Erythroid	2	7	7	3	7	SELENOT	0.9921605041790631	False
0.0003138473973212151	0.7562189054726368	0.24062410149463354	0.40381335698205884	Erythroid	Plasma cell	2	5	8	3	6	SERPINB8	0.9921605041790631	False
0.00013615332897950067	0.7562189054726368	0.08859289326630299	0.24183218112435662	Plasma cell	B cell	2	7	10	5	8	ST8SIA4	0.9921605041790631	False
0.0001451560935883958	0.7562189054726368	0.15681481377952372	0.18781928915553125	Monocyte	Plasma cell	2	7	11	3	7	SUZ12	0.9921605041790631	False
7.862075417009969e-05	0.7562189054726368	0.04924116410744506	0.2898666322164305	Dendritic cell	B cell	2	7	14	7	12	TACC1	0.9921605041790631	False
0.000709253623979541	0.7562189054726368	0.13316615301337198	0.2393262828045437	Dendritic cell	Erythroid	2	7	9	3	6	TIMM44	0.9921605041790631	False
0.0012833484630254675	0.7562189054726368	0.08846967066567024	0.2737461148583294	T cell	Dendritic cell	2	6	11	3	8	TMEM192	0.9921605041790631	False
0.00020450850655711123	0.7562189054726368	0.13412670525699072	0.0947974427681918	Plasma cell	T cell	2	7	13	4	10	TRIM13	0.9921605041790631	False
8.184281859239204e-05	0.7562189054726368	0.33019150766588556	0.376529593318809	Erythroid	NK	2	7	11	4	8	UFSP2	0.9921605041790631	False
4.613103308525246e-05	0.7562189054726368	0.35547858082590755	0.4486725316670806	B cell	Monocyte	2	5	6	3	5	UTP11	0.9921605041790631	False
0.0001568568760350756	0.7562189054726368	0.11769621123138169	0.15077089704383284	T cell	Erythroid	2	5	8	4	6	VKORC1L1	0.9921605041790631	False
0.0006473805783834027	0.7562189054726368	0.06549902471795521	0.09403846153846157	B cell	Monocyte	2	3	5	3	4	ZNF136	0.9921605041790631	False
2.5140556300241976e-07	0.7562189054726368	0.0032241555040353753	0.017361111111111105	B cell	T cell	2	2	3	3	3	ZNF235	0.9921605041790631	False
0.0001437502950126896	0.7611940298507462	0.12705529418147715	0.12788945044064226	B cell	Plasma cell	2	7	10	6	10	AMBRA1	0.9921605041790631	False
4.139490520130923e-05	0.7611940298507462	0.07779340315558286	0.08146467034022248	Monocyte	Dendritic cell	2	7	14	7	14	ASAP1	0.9921605041790631	False
0.0006127063325770984	0.7611940298507462	0.14503829999952444	0.26893701611215737	Dendritic cell	Monocyte	2	5	5	3	4	BLZF1	0.9921605041790631	False
0.00010920371727177244	0.7611940298507462	0.1503877189915525	0.27913539086218775	Plasma cell	B cell	2	6	7	3	6	CAPZA2	0.9921605041790631	False
0.00010431682370275667	0.7611940298507462	0.22358451360497816	0.3145267722473605	Monocyte	T cell	2	7	11	4	6	CD99P1	0.9921605041790631	False
5.493218271961854e-05	0.7611940298507462	0.22846198139550217	0.41138917141708264	Monocyte	T cell	2	3	5	3	4	CENPF	0.9921605041790631	False
8.229721465753386e-05	0.7611940298507462	0.08048624511953117	0.060128703420801455	Monocyte	B cell	2	2	3	3	3	CR1	0.9921605041790631	False
0.0016992692142284475	0.7611940298507462	0.09027489015110923	0.14473684210526316	B cell	T cell	2	2	3	3	3	DAPK3	0.9921605041790631	False
8.442797718475345e-05	0.7611940298507462	0.15154175746648896	0.22591778840805432	Plasma cell	NK	2	7	7	3	7	DPYD	0.9921605041790631	False
0.00022063252805890328	0.7611940298507462	0.12594515414655538	0.2238584659738561	T cell	Erythroid	2	7	11	4	7	EEF1AKMT2	0.9921605041790631	False
9.72543406202474e-06	0.7611940298507462	0.033139532142757666	0.006098723079855095	B cell	Erythroid	2	2	3	3	3	ELF4	0.9921605041790631	False
0.00024866260001216693	0.7611940298507462	0.1809606420582729	0.28392916252896383	Monocyte	B cell	2	7	10	3	7	EMC10	0.9921605041790631	False
0.00011001410640463572	0.7611940298507462	0.20518467364625342	0.42168450575079186	Dendritic cell	B cell	2	7	9	6	9	ENSG00000257732	0.9921605041790631	False
0.0006937612667541827	0.7611940298507462	0.11435260656318141	0.07053811659192821	Dendritic cell	Monocyte	2	3	4	3	3	ENSG00000258216	0.9921605041790631	False
0.00033966188985872024	0.7611940298507462	0.09568077882904413	0.14012158054711243	T cell	Plasma cell	2	6	8	3	5	HACD2	0.9921605041790631	False
0.00017980547202289191	0.7611940298507462	0.12007994968936508	0.2536770740996093	Erythroid	T cell	2	7	10	4	7	MAP3K7CL	0.9921605041790631	False
0.00018486048902561174	0.7611940298507462	0.15581558071940654	0.19344837890333183	NK	Erythroid	2	7	17	5	12	MAVS	0.9921605041790631	False
0.0002434821162272322	0.7611940298507462	0.015385679963685006	0.00310515172900494	Erythroid	T cell	2	2	3	3	3	METTL26	0.9921605041790631	False
0.0003182376931944089	0.7611940298507462	0.17912934234206374	0.12474452321645274	B cell	Erythroid	2	5	4	3	4	NDUFB2	0.9921605041790631	False
6.449703907576487e-05	0.7611940298507462	0.0776199701604468	0.3572331493056149	Dendritic cell	NK	2	7	10	7	10	NEAT1	0.9921605041790631	False
6.576840242783546e-05	0.7611940298507462	0.47671353345905787	0.936190552515284	NK	Monocyte	2	6	8	3	6	NINJ1	0.9921605041790631	False
0.00012868722948735148	0.7611940298507462	0.03302026050494744	0.031134173461823567	B cell	Erythroid	2	2	3	3	3	PDE4A	0.9921605041790631	False
0.0003395814496617272	0.7611940298507462	0.3465701779333294	0.38588971269694156	Dendritic cell	Plasma cell	2	7	8	3	7	PPID	0.9921605041790631	False
8.300771333798116e-05	0.7611940298507462	0.18824336472178455	0.20183908045977011	B cell	Dendritic cell	2	5	6	3	4	PRDX6-AS1	0.9921605041790631	False
0.00015320271887438256	0.7611940298507462	0.35805246340960617	0.39492493523518213	Dendritic cell	Plasma cell	2	7	9	4	7	REEP5	0.9921605041790631	False
0.00034423182639939257	0.7611940298507462	0.1651265655887123	0.45619682900274605	Erythroid	B cell	2	7	9	4	8	RPL13	0.9921605041790631	False
0.0004104621025659985	0.7611940298507462	0.09838376322751322	0.06840070380145391	T cell	Plasma cell	2	2	3	3	3	SHTN1	0.9921605041790631	False
8.173563729734141e-05	0.7611940298507462	0.19947403628328897	0.34655080193760784	Plasma cell	Dendritic cell	2	7	11	4	10	SMC3	0.9921605041790631	False
0.0014244154283605446	0.7611940298507462	0.10401939863384746	0.4856854055466241	Plasma cell	Erythroid	2	7	13	9	13	SRP14	0.9921605041790631	False
0.0001861166476702801	0.7611940298507462	0.03844556407986949	0.09952625990361841	B cell	Erythroid	2	2	3	3	3	UBAP1L	0.9921605041790631	False
0.00018795836446221253	0.7611940298507462	0.12748702114196236	0.14960245501464636	Plasma cell	Dendritic cell	2	7	10	3	7	UPF1	0.9921605041790631	False
0.0001665039170092911	0.7611940298507462	0.24112444808536887	0.2493346314548166	Dendritic cell	NK	2	7	14	5	13	WRN	0.9921605041790631	False
0.0005893983929295104	0.7611940298507462	0.29664885636236654	0.3435004570462738	B cell	Dendritic cell	2	6	11	4	8	ZNF146	0.9921605041790631	False
0.00016110973636699008	0.7611940298507462	0.15772904835537532	0.10646802161282304	Monocyte	Plasma cell	2	5	12	6	10	ZNF395	0.9921605041790631	False
9.791947638890292e-05	0.7661691542288557	0.1095079534294916	0.09052518747670357	Dendritic cell	NK	2	7	17	8	14	ADNP	0.9921605041790631	False
0.0005584513758241378	0.7661691542288557	0.13595139619128788	0.19314935064935063	Plasma cell	Erythroid	2	7	13	5	11	ADPGK	0.9921605041790631	False
0.0002333515899076201	0.7661691542288557	0.1471005213407664	0.29461007178363874	B cell	Monocyte	2	5	6	3	5	AGAP9	0.9921605041790631	False
0.00015252111428164553	0.7661691542288557	0.08675969031556158	0.059734815186680446	Monocyte	T cell	2	7	12	9	12	B2M	0.9921605041790631	False
0.00013148234129666117	0.7661691542288557	0.0599706706819505	0.0981775830055806	Monocyte	Dendritic cell	2	7	9	6	8	CCDC91	0.9921605041790631	False
0.0019316716865464476	0.7661691542288557	0.1398681983364501	0.13538461538461538	T cell	B cell	2	4	5	3	4	COPB2-DT	0.9921605041790631	False
7.896919260658251e-05	0.7661691542288557	0.0677329908871338	0.1601214280172535	T cell	NK	2	7	18	10	17	DLEU2	0.9921605041790631	False
2.9834843567691986e-05	0.7661691542288557	0.5885838497624174	0.6547842401500938	Dendritic cell	Monocyte	2	6	9	3	6	ENSG00000250697	0.9921605041790631	False
0.00038183707460677166	0.7661691542288557	0.061603335599841214	0.09946391252990877	Monocyte	Erythroid	2	6	9	3	8	ENSG00000278462	0.9921605041790631	False
0.00033156966678647075	0.7661691542288557	0.0004799998791237825	0.013014202455723434	Dendritic cell	Plasma cell	2	2	3	3	3	ENSG00000283294	0.9921605041790631	False
0.00010047398533729575	0.7661691542288557	0.3037519825238652	0.31535665606542473	B cell	Plasma cell	2	3	4	3	3	ENSG00000288654	0.9921605041790631	False
0.00042451151846961796	0.7661691542288557	0.3825710108604846	0.34231713303878253	T cell	Erythroid	2	5	7	3	5	ENSG00000291178	0.9921605041790631	False
0.00047867133455663046	0.7661691542288557	0.037076972056109325	0.06102394715111481	B cell	T cell	2	2	3	3	3	EP300	0.9921605041790631	False
9.333736950000442e-05	0.7661691542288557	0.0742234267271285	0.02363149951982435	Plasma cell	Monocyte	2	4	6	3	4	FAM120C	0.9921605041790631	False
0.00021838872091490684	0.7661691542288557	0.0533981474892668	0.08741864007755162	T cell	B cell	2	2	3	3	3	FBXL18	0.9921605041790631	False
0.0002965673147425759	0.7661691542288557	0.10941843230105713	0.23828800821799306	Monocyte	Plasma cell	2	6	9	4	9	FXR1	0.9921605041790631	False
4.316206083087486e-05	0.7661691542288557	0.2350530814074024	0.512189310846572	T cell	Erythroid	2	4	5	3	5	NEURL1B	0.9921605041790631	False
0.00011796777049420792	0.7661691542288557	0.06938537504732872	0.41116696461198876	NK	Monocyte	2	7	9	5	8	PAK2	0.9921605041790631	False
0.00020779316133621103	0.7661691542288557	0.13660557462267037	0.24205521555827547	Monocyte	Dendritic cell	2	7	14	5	11	PHF20L1	0.9921605041790631	False
0.0002648790499977434	0.7661691542288557	0.10790662761411879	0.04461063947656052	Erythroid	Plasma cell	2	4	6	3	6	PKD2L2	0.9921605041790631	False
0.00027831333413383906	0.7661691542288557	0.23873612776950054	0.20740305522914215	Erythroid	Plasma cell	2	5	7	3	5	PLCB2	0.9921605041790631	False
0.00016055053304936582	0.7661691542288557	0.16931375675146904	0.33160494405168783	T cell	Dendritic cell	2	6	10	3	6	POLG2	0.9921605041790631	False
0.00024717982195116505	0.7661691542288557	0.059144353571594144	0.18773572036527886	Monocyte	T cell	2	6	7	3	5	PPP2R5A	0.9921605041790631	False
0.00016015940461183692	0.7661691542288557	0.1644182505922696	0.26514399205561073	Erythroid	NK	2	5	8	3	7	PPWD1	0.9921605041790631	False
0.00034152763176899514	0.7661691542288557	0.1068406913067107	0.1203516110058166	T cell	Monocyte	2	5	8	3	6	REPS2	0.9921605041790631	False
9.810663679542684e-05	0.7661691542288557	0.35000460795399096	0.3450656295576081	Plasma cell	NK	2	7	10	5	8	RNF167	0.9921605041790631	False
9.018971675546683e-05	0.7661691542288557	0.0833577856754813	0.07319984547683345	B cell	NK	2	7	12	6	12	SNHG8	0.9921605041790631	False
0.00024407378673203144	0.7661691542288557	0.11084457715233825	0.10771420485758515	Plasma cell	Dendritic cell	2	6	9	3	6	SNTB2	0.9921605041790631	False
0.00013408018639256468	0.7661691542288557	0.2321249733240648	0.3146645021645022	Erythroid	T cell	2	4	6	3	6	TFE3	0.9921605041790631	False
6.2003020067831e-05	0.7661691542288557	0.28363553260131114	0.49109299182416416	Dendritic cell	NK	2	7	9	5	8	TMED2	0.9921605041790631	False
0.000362949829569899	0.7661691542288557	0.061477880534810736	0.062465415765380505	NK	Monocyte	2	7	12	3	10	TMTC4	0.9921605041790631	False
1.9914584085925635e-05	0.7661691542288557	0.2658005332951786	0.5017709563164109	Erythroid	T cell	2	5	9	3	5	TOR2A	0.9921605041790631	False
0.0003664094131480801	0.7661691542288557	0.2310557099628035	0.1439101439101439	B cell	Erythroid	2	4	7	3	5	VMA21	0.9921605041790631	False
0.0002567400476824781	0.7711442786069652	0.27371095013336266	0.3554238222782417	Erythroid	NK	2	7	14	3	10	ARMC1	0.9921605041790631	False
0.00014413368221504616	0.7711442786069652	0.13523720481342216	0.2807924203273041	B cell	Erythroid	2	7	11	5	9	ATE1	0.9921605041790631	False
0.0003903897983325033	0.7711442786069652	0.16415545489491878	0.31187782805429864	Monocyte	T cell	2	3	4	3	4	C21orf62-AS1	0.9921605041790631	False
0.00019309775105275597	0.7711442786069652	0.2183994761637822	0.23512574976323264	Erythroid	Monocyte	2	7	10	3	6	CEP295	0.9921605041790631	False
0.0002999890229866099	0.7711442786069652	0.24439709811527788	0.24712276214833762	Dendritic cell	Erythroid	2	7	16	5	12	CLN5	0.9921605041790631	False
0.0005533591829542665	0.7711442786069652	0.28722521493184083	0.3984492548296047	Plasma cell	Dendritic cell	2	7	13	4	9	DHX38	0.9921605041790631	False
7.783442823703314e-05	0.7711442786069652	0.13311286133112393	0.17683605997978352	T cell	Monocyte	2	7	12	5	11	DNAJB14	0.9921605041790631	False
0.000354724848574983	0.7711442786069652	0.13728357627283283	0.16465140546533624	B cell	T cell	2	4	5	3	4	DOCK7	0.9921605041790631	False
8.847679285544647e-05	0.7711442786069652	0.8024563695865579	0.8271901135090479	Plasma cell	Dendritic cell	2	6	10	3	6	DYNLL2	0.9921605041790631	False
0.0003935422591420904	0.7711442786069652	0.11695842239217608	0.11866275081130662	Erythroid	T cell	2	6	13	3	8	EEF2K	0.9921605041790631	False
0.0004022369988825671	0.7711442786069652	0.3418788678860472	0.4503839692824574	Plasma cell	Dendritic cell	2	6	9	3	5	ELAVL1	0.9921605041790631	False
0.0001165905107325244	0.7711442786069652	0.11353025313687326	0.22184738955823297	Erythroid	Plasma cell	2	7	9	4	8	ELK3	0.9921605041790631	False
0.0001380184850122881	0.7711442786069652	0.2616962181619188	0.40509070365953176	Monocyte	Plasma cell	2	6	9	3	6	FOXRED1	0.9921605041790631	False
0.0003750119222966971	0.7711442786069652	0.10583535706076752	0.13975939129313364	T cell	NK	2	3	5	3	4	HCK	0.9921605041790631	False
0.00028783956437738653	0.7711442786069652	0.2185353351326732	0.21361339507368343	NK	Dendritic cell	2	7	8	4	8	HNRNPA2B1	0.9921605041790631	False
0.00012157813141356506	0.7711442786069652	0.14970251569317183	0.15004289930543613	B cell	NK	2	7	12	4	10	HNRNPDL	0.9921605041790631	False
6.466882917501414e-05	0.7711442786069652	0.13718183794064293	0.1508316770931985	Plasma cell	NK	2	7	14	7	12	IER3IP1	0.9921605041790631	False
0.0002153801595468277	0.7711442786069652	0.21227561657305194	0.18856362712725427	Monocyte	Dendritic cell	2	6	9	3	6	INO80C	0.9921605041790631	False
1.483899999710961e-06	0.7711442786069652	0.40241527445696146	0.34890615416070336	B cell	Plasma cell	2	6	7	4	7	ISG15	0.9921605041790631	False
0.00023990880221711825	0.7711442786069652	0.18633230237549742	0.370945167862521	Dendritic cell	Plasma cell	2	7	13	3	9	KNL1	0.9921605041790631	False
2.4188562665999865e-05	0.7711442786069652	0.0033182381573219066	0.06862803250489347	Plasma cell	B cell	2	2	3	3	3	LEO1	0.9921605041790631	False
0.000115311441316138	0.7711442786069652	0.09296880988321504	0.1694046436362519	Erythroid	Plasma cell	2	7	11	4	8	MARCHF5	0.9921605041790631	False
0.00015002660124379823	0.7711442786069652	0.15768808096777043	0.2137717678758545	B cell	Dendritic cell	2	6	7	3	7	MRPL38	0.9921605041790631	False
0.00015418921967130095	0.7711442786069652	0.055371966784955096	0.10641646700827195	T cell	B cell	2	5	9	3	6	MTMR8	0.9921605041790631	False
0.0005007162904710652	0.7711442786069652	0.3002420397674956	0.38487034509651	B cell	Dendritic cell	2	5	7	3	6	NIPAL3	0.9921605041790631	False
0.00022892362327133885	0.7711442786069652	0.041090375142099234	0.21541132478632474	T cell	Plasma cell	2	2	3	3	3	NOTCH2NLA	0.9921605041790631	False
8.619578807846158e-05	0.7711442786069652	0.08476348618294127	0.08244760791517075	Erythroid	B cell	2	5	6	3	5	SHOC1	0.9921605041790631	False
0.00030798922257056164	0.7711442786069652	0.11338302801736094	0.1310022162029057	T cell	Monocyte	2	4	5	3	4	SLC16A1	0.9921605041790631	False
0.00038208091663544303	0.7711442786069652	0.13228403387190363	0.15036875399713046	Monocyte	Dendritic cell	2	6	11	3	7	SLC45A4	0.9921605041790631	False
0.0001115962083624901	0.7711442786069652	0.09861068223677905	0.11290965233085026	Erythroid	Dendritic cell	2	7	12	6	11	SPATA5	0.9921605041790631	False
8.249870782130143e-05	0.7711442786069652	0.23347589244065847	0.27378982063034	NK	Dendritic cell	2	7	10	3	10	SREK1IP1	0.9921605041790631	False
8.519513676858015e-06	0.7711442786069652	0.18538010144717787	0.3544078573704406	Erythroid	Monocyte	2	7	11	8	10	SRSF2	0.9921605041790631	False
9.437276685445468e-05	0.7711442786069652	0.08906644018817667	0.16484458347737968	Monocyte	Plasma cell	2	7	18	6	14	SYNJ1	0.9921605041790631	False
0.0007058188002299272	0.7711442786069652	0.2164600426986022	0.26256601429015225	Erythroid	Plasma cell	2	6	7	3	4	SYTL2	0.9921605041790631	False
4.113259229771398e-05	0.7711442786069652	0.04340485171413433	0.20942583732057418	T cell	Plasma cell	2	2	3	3	3	TAS2R19	0.9921605041790631	False
7.953263307028774e-05	0.7711442786069652	0.15328412905725408	0.10238543628374142	Monocyte	Erythroid	2	5	8	4	7	TOMM70	0.9921605041790631	False
0.00544533663784201	0.7711442786069652	0.29891491340781784	0.4346846549531592	Monocyte	B cell	2	2	3	3	3	TSPO	0.9921605041790631	False
6.240318635382613e-05	0.7711442786069652	0.1836224123042002	0.4544719307591936	Dendritic cell	T cell	2	6	12	3	7	UBAC1	0.9921605041790631	False
0.0002987124379084101	0.7711442786069652	0.07296317783010503	0.20093667071040028	Erythroid	NK	2	7	18	10	16	UBAC2	0.9921605041790631	False
0.0005553599875980855	0.7711442786069652	0.22526882721994146	0.35847136833573334	B cell	Dendritic cell	2	6	7	3	6	ZCRB1	0.9921605041790631	False
6.66625105505231e-05	0.7761194029850746	0.2872133075904495	0.45861163917061054	Plasma cell	Erythroid	2	7	10	5	9	CAPRIN1	0.9921605041790631	False
0.0001342456812317078	0.7761194029850746	0.07300554268485404	0.1586189166834328	Monocyte	Erythroid	2	7	8	5	8	CCNL1	0.9921605041790631	False
0.00013783848003685612	0.7761194029850746	0.20689748543210496	0.5410964804331775	B cell	NK	2	7	10	3	7	CLPTM1L	0.9921605041790631	False
0.00019864195656550313	0.7761194029850746	0.16144323050059134	0.059684805814957886	Dendritic cell	Monocyte	2	5	9	3	5	DPY19L3	0.9921605041790631	False
0.0001876200363442848	0.7761194029850746	0.22608463741449486	0.3104020829110865	NK	Plasma cell	2	7	10	3	8	EMB	0.9921605041790631	False
2.84211425796814e-05	0.7761194029850746	0.0551671861032591	0.04835082458770612	Monocyte	T cell	2	2	3	3	3	EPS8	0.9921605041790631	False
0.0006147637122596183	0.7761194029850746	0.15554712947340166	0.2343774349384447	T cell	B cell	2	3	4	3	4	GRK6	0.9921605041790631	False
0.0001367372899234528	0.7761194029850746	0.3185284468196016	0.4449640376070894	Dendritic cell	B cell	2	7	14	4	8	IMPACT	0.9921605041790631	False
0.00023016871156240987	0.7761194029850746	0.3365545550642264	0.41901189011890116	Dendritic cell	Plasma cell	2	7	12	3	11	KLF3	0.9921605041790631	False
0.00031694670957147674	0.7761194029850746	0.19878316020163878	0.21140727226700767	Plasma cell	Monocyte	2	6	9	3	6	MED19	0.9921605041790631	False
0.001455267093923115	0.7761194029850746	0.283512417777479	0.4133492648279067	B cell	Monocyte	2	4	6	3	5	METTL7A	0.9921605041790631	False
2.000930632279069e-05	0.7761194029850746	0.007003632327574061	0.05679987109249118	T cell	B cell	2	2	3	3	3	PARP12	0.9921605041790631	False
0.0005755207139528547	0.7761194029850746	0.10882532260555022	0.2558865920582069	B cell	T cell	2	7	13	5	10	PARP16	0.9921605041790631	False
8.400601024474065e-05	0.7761194029850746	0.2150977193255959	0.4300494200403209	Erythroid	NK	2	7	11	6	10	PDCD4	0.9921605041790631	False
9.433356453499204e-05	0.7761194029850746	0.5078034106031399	0.5782697308314007	NK	T cell	2	7	12	3	9	PIGBOS1	0.9921605041790631	False
0.00018459963318604572	0.7761194029850746	0.025314701401658035	0.1197802197802198	Erythroid	Monocyte	2	2	3	3	3	PRKCQ-AS1	0.9921605041790631	False
2.7932666755146357e-05	0.7761194029850746	0.1979089981759488	0.3184804751384386	Plasma cell	B cell	2	4	4	3	4	PSMD4	0.9921605041790631	False
0.00040676093329135976	0.7761194029850746	0.166549930683135	0.12425784563189146	NK	T cell	2	7	13	3	8	PTPN9	0.9921605041790631	False
5.537958065522238e-05	0.7761194029850746	0.05810879503951555	0.08969577627273723	B cell	Erythroid	2	7	12	3	8	PTPRM	0.9921605041790631	False
0.00010135844374093717	0.7761194029850746	0.20702957530342758	0.162269967402285	Plasma cell	Monocyte	2	5	8	3	5	RARS1	0.9921605041790631	False
8.089984881725335e-05	0.7761194029850746	0.19513040415926236	0.4125484074585871	NK	Erythroid	2	7	10	7	9	REX1BD	0.9921605041790631	False
3.824367222812287e-05	0.7761194029850746	0.20881434145233668	0.21888871090258	Monocyte	Plasma cell	2	6	9	3	7	RP2	0.9921605041790631	False
0.0009329814568792074	0.7761194029850746	0.3760639401888309	0.3544920673963843	T cell	NK	2	7	9	3	6	RPL26	0.9921605041790631	False
0.00015032949876501534	0.7761194029850746	0.044750755446255175	0.39961032956872067	T cell	Monocyte	2	2	3	3	3	RWDD3	0.9921605041790631	False
0.00010691040661676288	0.7761194029850746	0.08632473476557578	0.14980158730158732	Erythroid	T cell	2	5	7	3	5	SDHAP4	0.9921605041790631	False
0.0002671614327744865	0.7761194029850746	0.22358589300512144	0.3424298262415928	Erythroid	NK	2	7	9	3	7	SLC2A3	0.9921605041790631	False
6.504163074994188e-05	0.7761194029850746	0.036804953029767384	0.01124374278013096	Monocyte	Plasma cell	2	2	3	3	3	SMAD1	0.9921605041790631	False
0.00011188641076299182	0.7761194029850746	0.10730871154755178	0.06937045633480232	NK	Dendritic cell	2	6	11	3	6	TANC2	0.9921605041790631	False
0.0002471518724137651	0.7761194029850746	0.6573154268806503	0.49092677345537755	Plasma cell	Dendritic cell	2	6	7	3	6	TMEM243	0.9921605041790631	False
0.00015535298768143828	0.7761194029850746	0.1264986285918488	0.2621484284775154	B cell	Monocyte	2	6	8	3	6	TMX2	0.9921605041790631	False
0.0003943058798016686	0.7761194029850746	0.1720061868981222	0.5788300113162634	NK	Plasma cell	2	7	11	3	7	TNFSF13B	0.9921605041790631	False
0.0001454710449404146	0.7761194029850746	0.13097202764488408	0.13397542966147324	Dendritic cell	Plasma cell	2	7	11	3	8	TSPAN5	0.9921605041790631	False
0.0001738948845105648	0.7761194029850746	0.09692496701387843	0.1451811042140475	Monocyte	Plasma cell	2	7	8	3	6	UBP1	0.9921605041790631	False
0.00016004449367205113	0.7761194029850746	0.08470601036859088	0.13240336581568812	Monocyte	Plasma cell	2	7	13	4	10	WDR59	0.9921605041790631	False
0.0002493847734776533	0.7810945273631841	0.10928594672899755	0.12800227198961378	Dendritic cell	T cell	2	7	15	5	13	AKAP11	0.9921605041790631	False
0.000136890809337652	0.7810945273631841	0.11980573431221492	0.27662030186445696	Plasma cell	NK	2	6	8	3	6	ARL5B	0.9921605041790631	False
0.00018911768012779836	0.7810945273631841	0.17191702078949206	0.24893673577884107	NK	Plasma cell	2	5	6	3	5	ARL8B	0.9921605041790631	False
0.0001887825185210107	0.7810945273631841	0.05831775711638404	0.031319086219602055	B cell	T cell	2	2	3	3	3	ATXN10	0.9921605041790631	False
5.322223616592107e-05	0.7810945273631841	0.08837524014620846	0.1386144886981298	Plasma cell	Erythroid	2	7	11	8	10	BPTF	0.9921605041790631	False
6.725103461809864e-05	0.7810945273631841	0.07574911931412348	0.10360858868262135	T cell	Plasma cell	2	7	8	5	7	CDK14	0.9921605041790631	False
0.001571693167625529	0.7810945273631841	0.1371554183278521	0.10768445610965299	T cell	Monocyte	2	4	7	4	6	DHRS12	0.9921605041790631	False
0.00023679611590800116	0.7810945273631841	0.2287373542828644	0.14532881355932203	Monocyte	Dendritic cell	2	5	6	3	5	ENSG00000263244	0.9921605041790631	False
0.0004917419078042341	0.7810945273631841	0.37956179899895387	0.3650396115512395	T cell	Dendritic cell	2	5	7	3	4	FAM111A	0.9921605041790631	False
7.10390810793423e-05	0.7810945273631841	0.07358752896946735	0.16762980474564393	T cell	B cell	2	4	7	3	6	GALNT6	0.9921605041790631	False
6.368624711594182e-05	0.7810945273631841	0.061051262751558366	0.07477872666094809	Plasma cell	B cell	2	7	11	6	11	GATAD2A	0.9921605041790631	False
0.0004811007279014217	0.7810945273631841	0.19963276152008858	0.26734838253263876	B cell	Erythroid	2	4	6	3	5	GGPS1	0.9921605041790631	False
0.0001871278635224617	0.7810945273631841	0.05538397833457165	0.379535626997556	T cell	Monocyte	2	2	3	3	3	KIF9	0.9921605041790631	False
8.082133987047954e-05	0.7810945273631841	0.08394774281871054	0.054075235109717845	B cell	NK	2	3	5	3	4	LASP1	0.9921605041790631	False
0.00037811292446781393	0.7810945273631841	0.36407246462886705	0.5209443735455297	Monocyte	B cell	2	5	6	3	4	LSM7	0.9921605041790631	False
6.160477020009064e-05	0.7810945273631841	0.061275013803983036	0.21725082519764044	Monocyte	B cell	2	7	12	4	11	MANBA	0.9921605041790631	False
7.350173987537699e-05	0.7810945273631841	0.1360132918842789	0.28935897435897434	T cell	Dendritic cell	2	6	8	3	5	NARF	0.9921605041790631	False
0.00018185504360894818	0.7810945273631841	0.19656973614054463	0.22619367104164212	Plasma cell	Erythroid	2	7	11	3	9	NUCB1	0.9921605041790631	False
0.000210582231058253	0.7810945273631841	0.05099941680449699	0.050438814027430445	Monocyte	B cell	2	6	9	3	7	REXO4	0.9921605041790631	False
7.464685113680122e-05	0.7810945273631841	0.08848884944581603	0.4697924993813105	Monocyte	Erythroid	2	7	12	7	12	RPS2	0.9921605041790631	False
0.0003062796743623607	0.7810945273631841	0.08320519471650806	0.17459785522788207	B cell	Plasma cell	2	5	9	3	7	SLC14A1	0.9921605041790631	False
0.000173050343326678	0.7810945273631841	0.0991971003441699	0.13182821438453574	Erythroid	Plasma cell	2	5	9	3	7	SLC30A5	0.9921605041790631	False
0.0002276115498015755	0.7810945273631841	0.22723711820413472	0.274711606801159	Erythroid	Monocyte	2	7	11	3	7	SLC38A10	0.9921605041790631	False
0.00013000862728860762	0.7810945273631841	0.1567510304276632	0.21813902739187252	Plasma cell	Monocyte	2	7	12	3	10	SMG1P5	0.9921605041790631	False
0.00597980133390022	0.7810945273631841	0.25907835095591447	0.21515998079357457	Monocyte	B cell	2	2	3	3	3	SNRPD3	0.9921605041790631	False
8.721562838753687e-05	0.7810945273631841	0.08522522519173853	0.1651152788034701	NK	Erythroid	2	7	14	5	12	ST3GAL1	0.9921605041790631	False
0.0005858093434444148	0.7810945273631841	0.1232702058001729	0.15687088714501884	B cell	NK	2	7	11	3	9	TBC1D4	0.9921605041790631	False
0.0005728956757599475	0.7810945273631841	0.3976205888272585	0.40450912737031464	T cell	Plasma cell	2	4	8	3	5	TPCN2	0.9921605041790631	False
2.5247194579194656e-05	0.7810945273631841	0.29230102456322243	0.4117286147276453	B cell	Monocyte	2	5	10	3	7	TYMS	0.9921605041790631	False
6.586720749174836e-05	0.7810945273631841	0.09122123289501682	0.0666139101380463	B cell	Monocyte	2	4	7	3	5	UBN2	0.9921605041790631	False
9.738736844103871e-05	0.7810945273631841	0.023253001529489725	0.0016233766233766378	Monocyte	Erythroid	2	2	3	3	3	ZNF664	0.9921605041790631	False
0.00011880732042247043	0.7860696517412935	0.16999702575039044	0.2924807905627019	Erythroid	Dendritic cell	2	7	10	3	9	ACER3	0.9921605041790631	False
0.0003312115067616658	0.7860696517412935	0.19640713479924737	0.21173814898419863	Monocyte	NK	2	6	8	3	5	APAF1	0.9921605041790631	False
0.00010852411100760404	0.7860696517412935	0.2557570389292494	0.20275813295615275	Monocyte	B cell	2	5	8	3	7	ARAF	0.9921605041790631	False
0.0002532799813310352	0.7860696517412935	0.08582676635925451	0.05837542087542086	Dendritic cell	Plasma cell	2	7	8	3	8	BBS9	0.9921605041790631	False
0.0029863212459273984	0.7860696517412935	0.0135578341954668	0.014928038659523024	Monocyte	B cell	2	2	3	3	3	BRAT1	0.9921605041790631	False
0.00021738351981641092	0.7860696517412935	0.1234565602813037	0.40914148857774496	B cell	Plasma cell	2	6	12	4	8	EIF4E	0.9921605041790631	False
0.00014123787930284023	0.7860696517412935	0.1524098572181537	0.2006143155971244	Plasma cell	Erythroid	2	6	9	3	8	ENSG00000261369	0.9921605041790631	False
0.0004010740843441335	0.7860696517412935	0.19904637881879744	0.3151971694344576	NK	Erythroid	2	7	18	8	15	ERCC5	0.9921605041790631	False
9.014310804287091e-05	0.7860696517412935	0.1001573233758059	0.14264142438584626	Erythroid	T cell	2	7	17	4	10	EVA1C	0.9921605041790631	False
0.0004786690425712688	0.7860696517412935	0.07778886407485208	0.0359368285345939	B cell	T cell	2	3	4	3	4	KIF9-AS1	0.9921605041790631	False
0.0005248752235869333	0.7860696517412935	0.0263884118874933	0.2781127524871872	B cell	Dendritic cell	2	4	5	3	3	KMT2B	0.9921605041790631	False
0.0004780386623563233	0.7860696517412935	0.20936145686658683	0.13996209673945814	B cell	Monocyte	2	5	8	3	6	MANBAL	0.9921605041790631	False
8.158956085133949e-05	0.7860696517412935	0.04108420309772315	0.08225893096964815	B cell	T cell	2	2	3	3	3	MCM7	0.9921605041790631	False
0.00037688508759237057	0.7860696517412935	0.10671800914745427	0.1202006226219301	T cell	Dendritic cell	2	7	10	3	6	MCMBP	0.9921605041790631	False
7.348188025128039e-05	0.7860696517412935	0.16607965853432133	0.2368541685328102	NK	Plasma cell	2	7	13	9	13	MEF2A	0.9921605041790631	False
0.0002695539344629292	0.7860696517412935	0.13075986344748336	0.08732093873818958	B cell	Plasma cell	2	6	6	3	4	NIPA1	0.9921605041790631	False
0.0001411130322050529	0.7860696517412935	0.12056866714563391	0.14987881179189444	B cell	Plasma cell	2	6	6	3	5	OVCA2	0.9921605041790631	False
0.0002818614697902492	0.7860696517412935	0.04229647654715202	0.0813893653516295	Dendritic cell	Erythroid	2	5	9	3	6	PABIR3	0.9921605041790631	False
0.00020180432401264753	0.7860696517412935	0.21572923942042638	0.2718431930243118	Plasma cell	Dendritic cell	2	7	10	3	9	PSMD12	0.9921605041790631	False
0.00021800811272701742	0.7860696517412935	0.1480908357301045	0.4046151546661823	T cell	Dendritic cell	2	7	10	3	7	RRP12	0.9921605041790631	False
0.00047459405022646546	0.7860696517412935	0.15222273359436378	0.14854689393744036	Monocyte	Dendritic cell	2	7	13	3	8	RSPRY1	0.9921605041790631	False
0.0011579348738982324	0.7860696517412935	0.35691560082808454	0.30856368073759377	T cell	Dendritic cell	2	5	7	3	6	S100B	0.9921605041790631	False
0.0005960145448112115	0.7860696517412935	0.15513133026686876	0.3058485346243624	T cell	B cell	2	5	9	3	6	SEMA4B	0.9921605041790631	False
9.29664624397284e-05	0.7860696517412935	0.07172365828728411	0.08441948030453489	Erythroid	Plasma cell	2	7	10	6	9	SRPRA	0.9921605041790631	False
0.00026611839475959744	0.7860696517412935	0.18074453521538353	0.1639762482375765	Dendritic cell	NK	2	7	14	5	13	STAU2	0.9921605041790631	False
0.0006064522585104223	0.7860696517412935	0.3311447319443876	0.3755511774087626	Erythroid	NK	2	7	10	3	8	TCTN3	0.9921605041790631	False
0.00025523831184665676	0.7860696517412935	0.11843065406169007	0.17222021205442806	Monocyte	T cell	2	5	9	3	5	THAP6	0.9921605041790631	False
1.3879459098598265e-05	0.7860696517412935	0.0019334116890514785	0.09774781676114602	T cell	Plasma cell	2	2	3	3	3	UNC119	0.9921605041790631	False
0.00021953575108374146	0.7860696517412935	0.3054924242424241	0.32107008220920197	Erythroid	T cell	2	5	8	3	4	VCPIP1	0.9921605041790631	False
0.00042170553621207743	0.7860696517412935	0.15269413266645404	0.10346077785102176	Dendritic cell	T cell	2	5	8	3	6	ZBTB4	0.9921605041790631	False
0.0006560666143226881	0.7860696517412935	0.09576060083581905	0.12345926327449275	Erythroid	Dendritic cell	2	6	9	3	6	ZNF41	0.9921605041790631	False
9.259285195445135e-05	0.7910447761194029	0.3596363591605527	0.4200523237919359	NK	T cell	2	5	7	3	5	ACTR1A	0.9921605041790631	False
0.0002771818690553054	0.7910447761194029	0.14985012998033226	0.17481085068334734	T cell	B cell	2	4	7	3	6	ADGRE2	0.9921605041790631	False
3.886007732597361e-05	0.7910447761194029	0.09221672013724591	0.3842659809938905	Erythroid	Monocyte	2	5	4	3	4	ATP6V1G1	0.9921605041790631	False
0.00045795126463783596	0.7910447761194029	0.25112491835385803	0.17852457061068705	Erythroid	T cell	2	4	6	3	4	BRI3BP	0.9921605041790631	False
1.4226326067188055e-05	0.7910447761194029	0.34937331900807644	0.4370784128985641	B cell	Monocyte	2	6	7	4	6	CACYBP	0.9921605041790631	False
0.000315583356428325	0.7910447761194029	0.0555724258617194	0.03440956535285872	Monocyte	T cell	2	3	4	3	4	CDK2AP1	0.9921605041790631	False
0.0001087077242584707	0.7910447761194029	0.023502433755961727	0.02490421455938696	Monocyte	T cell	2	4	4	3	4	CHD1-DT	0.9921605041790631	False
0.0002769856327446262	0.7910447761194029	0.23985065393670524	0.20411953222828283	Monocyte	Plasma cell	2	7	9	5	7	CLEC2D	0.9921605041790631	False
0.0001591779469222832	0.7910447761194029	0.028738320365245373	0.012311032273437217	Monocyte	Dendritic cell	2	2	3	3	3	FAHD1	0.9921605041790631	False
6.620086615839935e-05	0.7910447761194029	0.24212031647437016	0.3297485660931039	Dendritic cell	NK	2	6	11	3	8	FAM78A	0.9921605041790631	False
0.00011508331573398832	0.7910447761194029	0.2413213252092074	0.21960642279367382	NK	T cell	2	7	10	3	7	FUBP3	0.9921605041790631	False
0.0002584266797045113	0.7910447761194029	0.10306534921294053	0.14592560428426693	Plasma cell	Monocyte	2	4	5	3	4	GNL2	0.9921605041790631	False
0.00040033565606717637	0.7910447761194029	0.09138751937813933	0.3335777126099707	B cell	Plasma cell	2	5	9	3	7	GNPDA2	0.9921605041790631	False
0.0008826985745648971	0.7910447761194029	0.007017647045449382	0.08563941299790356	T cell	Plasma cell	2	2	3	3	3	HHAT	0.9921605041790631	False
0.0001906759240036357	0.7910447761194029	0.10296387655755612	0.07445776255707764	Plasma cell	Erythroid	2	6	7	3	7	KIAA0319L	0.9921605041790631	False
0.00018367549582822272	0.7910447761194029	0.2298068107803818	0.3590389899402775	NK	B cell	2	6	13	4	9	MCM4	0.9921605041790631	False
0.0002143953740672947	0.7910447761194029	0.21069393830116423	0.23736372838617648	Erythroid	Dendritic cell	2	7	9	3	7	NUP88	0.9921605041790631	False
9.309501251371091e-05	0.7910447761194029	0.07250671272788606	0.2876212294768996	NK	Monocyte	2	7	10	5	10	PIK3R1	0.9921605041790631	False
0.00014196706269224165	0.7910447761194029	0.31411511891558513	0.2730742349002451	B cell	Monocyte	2	5	8	3	5	PRELID2	0.9921605041790631	False
0.00011687818605010775	0.7910447761194029	0.17082974012091157	0.13915978994748684	Erythroid	T cell	2	4	5	3	4	RPL32	0.9921605041790631	False
0.00017639450146850896	0.7910447761194029	0.10735020825783326	0.13444943381491603	B cell	Dendritic cell	2	7	11	4	8	RSU1	0.9921605041790631	False
0.0001837906097254841	0.7910447761194029	0.0751348920351243	0.04486470645696977	Monocyte	Dendritic cell	2	5	8	4	5	SPIRE1	0.9921605041790631	False
0.00010124146890762137	0.7910447761194029	0.18121737647775588	0.23867574011164527	Plasma cell	Dendritic cell	2	7	12	3	9	TEC	0.9921605041790631	False
0.00029286175045940496	0.7910447761194029	0.23008618448146445	0.20041329200413294	NK	Erythroid	2	7	15	4	9	ZNF397	0.9921605041790631	False
0.0001722527703923553	0.7960199004975125	0.11969888267760609	0.3164293713005919	Plasma cell	B cell	2	3	5	3	4	ATP23	0.9921605041790631	False
0.00012546606108410673	0.7960199004975125	0.16888748656791375	0.264128301107058	Erythroid	Dendritic cell	2	7	8	3	8	AVL9	0.9921605041790631	False
0.00012068736161652549	0.7960199004975125	0.10371599327620223	0.2533923291513447	Dendritic cell	Plasma cell	2	7	10	3	8	C9orf72	0.9921605041790631	False
0.00024760588766833936	0.7960199004975125	0.0011200158312834052	0.0655152561888313	Monocyte	T cell	2	2	3	3	3	CDC25C	0.9921605041790631	False
0.0003084518834110188	0.7960199004975125	0.21119825708061002	0.20772946859903385	Plasma cell	T cell	2	3	4	3	4	COPS7A	0.9921605041790631	False
0.0007256201207505051	0.7960199004975125	0.41425844704353476	0.4502442294799349	Erythroid	NK	2	7	10	3	7	COX11	0.9921605041790631	False
0.00028532294073968175	0.7960199004975125	0.10769229340910758	0.06213665038035743	B cell	Dendritic cell	2	4	5	3	4	ENSG00000289872	0.9921605041790631	False
0.000240281766096	0.7960199004975125	0.19505383899163287	0.14585753000387142	Erythroid	B cell	2	7	9	3	7	ERGIC3	0.9921605041790631	False
0.00021805270491414116	0.7960199004975125	0.18069294671373576	0.28078941316664224	B cell	Monocyte	2	7	9	3	6	ETS1	0.9921605041790631	False
0.00011900487752046802	0.7960199004975125	0.08973476924738716	0.10410773119259148	B cell	NK	2	7	11	4	7	FANCC	0.9921605041790631	False
8.527646682367787e-05	0.7960199004975125	0.10814720848644599	0.17768825223674517	Erythroid	Plasma cell	2	7	13	6	13	GAPVD1	0.9921605041790631	False
0.0004871612781072185	0.7960199004975125	0.11580084428921639	0.30743675104418033	T cell	B cell	2	5	6	3	4	GXYLT1	0.9921605041790631	False
2.6966952634957127e-05	0.7960199004975125	0.03795560436801132	0.011977754435677557	T cell	Monocyte	2	6	13	4	9	LINC01572	0.9921605041790631	False
0.0004699258482354532	0.7960199004975125	0.08509914432761834	0.13812246250724997	NK	Dendritic cell	2	7	10	3	8	MTMR12	0.9921605041790631	False
3.7697884832151425e-05	0.7960199004975125	0.15517627934578132	0.41904385964912283	T cell	Erythroid	2	7	9	4	9	NKTR	0.9921605041790631	False
0.00042525270902337445	0.7960199004975125	0.16728477423350974	0.13481686665657994	Plasma cell	NK	2	7	13	3	8	PML	0.9921605041790631	False
7.557388460622161e-05	0.7960199004975125	0.1486975378597194	0.2739612687125962	Dendritic cell	NK	2	7	13	4	11	RBCK1	0.9921605041790631	False
6.268301746718614e-05	0.7960199004975125	0.12598488367123362	0.19855222001583406	Plasma cell	T cell	2	7	13	5	11	RBL2	0.9921605041790631	False
0.0002053390936462401	0.7960199004975125	0.17035817537346448	0.12359711476326035	NK	Dendritic cell	2	7	11	3	7	RFWD3	0.9921605041790631	False
0.00015349358728275041	0.7960199004975125	0.07157083960131494	0.08708487696611444	Monocyte	Dendritic cell	2	7	13	7	13	RNF111	0.9921605041790631	False
7.16446342299533e-05	0.7960199004975125	0.010665501427797985	0.09038958457563107	T cell	Monocyte	2	2	3	3	3	SASS6	0.9921605041790631	False
5.35721823233291e-05	0.7960199004975125	0.05083246852147277	0.1123329979643885	Erythroid	T cell	2	7	11	5	9	SGMS1	0.9921605041790631	False
9.444386788022249e-05	0.7960199004975125	0.18040935672514616	0.21110252815685826	Plasma cell	NK	2	5	7	3	6	SLAMF7	0.9921605041790631	False
0.0002010905553938015	0.7960199004975125	0.1332687584551676	0.45394736842105265	Dendritic cell	Plasma cell	2	6	8	3	6	SNHG15	0.9921605041790631	False
0.0005613621023026245	0.7960199004975125	0.17473599575187948	0.3604540431461106	NK	Erythroid	2	7	10	4	9	TMEM41B	0.9921605041790631	False
0.00039017193124353853	0.7960199004975125	0.0736263645361322	0.14740302432610125	T cell	Erythroid	2	5	6	3	4	TSR1	0.9921605041790631	False
9.007077910604813e-05	0.7960199004975125	0.10129560759471407	0.3530662068576452	NK	Monocyte	2	7	9	5	8	UBE2E1	0.9921605041790631	False
0.0005463871626961648	0.7960199004975125	0.19595594942055233	0.252921760391198	Monocyte	Plasma cell	2	7	13	3	10	USP20	0.9921605041790631	False
6.884347855243854e-05	0.7960199004975125	0.05865352143511027	0.10056818181818183	Plasma cell	Monocyte	2	6	10	3	6	ZMIZ1	0.9921605041790631	False
0.0003510598900351588	0.7960199004975125	0.16771168190271918	0.30531400966183575	NK	Erythroid	2	7	11	4	7	ZNF160	0.9921605041790631	False
0.0005472652824759729	0.7960199004975125	0.29596349128176264	0.3337502710094895	T cell	Dendritic cell	2	6	8	3	5	ZNF224	0.9921605041790631	False
0.0002544946696128007	0.7960199004975125	0.35742993986051613	0.3140476190476191	T cell	Dendritic cell	2	7	10	3	8	ZNF587	0.9921605041790631	False
0.0002499718387919802	0.8009950248756219	0.3070402105213099	0.31652661064425774	Plasma cell	Monocyte	2	6	9	3	5	ACLY	0.9921605041790631	False
0.0002599752482864889	0.8009950248756219	0.053727304944298226	0.08466492453126562	NK	T cell	2	7	13	5	9	AP4E1	0.9921605041790631	False
8.642456377799065e-06	0.8009950248756219	0.11688436736101732	0.18807790674798341	Monocyte	Erythroid	2	4	6	3	5	BLVRB	0.9921605041790631	False
0.00018461939121712737	0.8009950248756219	0.075225586006682	0.1079792179382007	Erythroid	NK	2	7	11	6	10	BRD4	0.9921605041790631	False
0.00014550663181328382	0.8009950248756219	0.10347920708461666	0.2809439775910364	NK	Monocyte	2	7	8	3	8	CDK6	0.9921605041790631	False
0.0001252897452108571	0.8009950248756219	0.27701726890791273	0.3669319186560566	Erythroid	B cell	2	4	7	3	4	DCAF12	0.9921605041790631	False
8.199210123922371e-05	0.8009950248756219	0.3548528988196796	0.7420266635405065	Erythroid	B cell	2	5	6	3	4	DOK3	0.9921605041790631	False
5.204520182623345e-05	0.8009950248756219	0.09281892577212231	0.1041236529623884	Dendritic cell	NK	2	7	15	6	12	ENSG00000227486	0.9921605041790631	False
0.00041877404909435517	0.8009950248756219	0.11649460491556335	0.14845094664371772	NK	Erythroid	2	5	6	3	4	ENSG00000285534	0.9921605041790631	False
0.00025591569349063027	0.8009950248756219	0.2649883659709092	0.26160657811511706	B cell	Dendritic cell	2	7	9	3	6	ENSG00000291283	0.9921605041790631	False
0.00017133257549442968	0.8009950248756219	0.0991575792100477	0.06529781617470609	B cell	Monocyte	2	7	8	3	6	FILIP1L	0.9921605041790631	False
8.763184728590706e-05	0.8009950248756219	0.09574182415785648	0.2062008075645863	Plasma cell	Dendritic cell	2	7	15	9	15	FTX	0.9921605041790631	False
0.00024594494453836907	0.8009950248756219	0.08529662522542797	0.13736119324528545	B cell	Dendritic cell	2	6	8	3	6	HMG20B	0.9921605041790631	False
0.00024408046080275943	0.8009950248756219	0.11353587427480355	0.1837152893944463	Plasma cell	Erythroid	2	5	9	3	5	HSD17B4	0.9921605041790631	False
0.00010029466591732572	0.8009950248756219	0.09862330457360657	0.08830698749156868	Dendritic cell	B cell	2	7	17	6	13	IFT88	0.9921605041790631	False
0.00014229179754198946	0.8009950248756219	0.08888538476996155	0.12047926157694366	Plasma cell	Dendritic cell	2	7	11	4	7	KIN	0.9921605041790631	False
0.0001329511264754622	0.8009950248756219	0.2160428009993678	0.2995760838992245	Dendritic cell	Erythroid	2	7	13	5	11	LUC7L	0.9921605041790631	False
0.0001278829272926362	0.8009950248756219	0.2584371484976382	0.6415400309857857	Erythroid	Plasma cell	2	7	11	6	8	MAP3K8	0.9921605041790631	False
0.00045037980439821237	0.8009950248756219	0.11756176563183957	0.0806293245850131	Dendritic cell	B cell	2	6	11	3	7	MMS19	0.9921605041790631	False
0.0001195974119343162	0.8009950248756219	0.17123645606405674	0.265096618357488	T cell	B cell	2	5	10	3	7	MRPS2	0.9921605041790631	False
2.5604596051928593e-05	0.8009950248756219	0.38549516602945677	0.5704354303554787	Erythroid	Dendritic cell	2	7	11	4	9	MRPS7	0.9921605041790631	False
0.0019363804455061033	0.8009950248756219	0.3182196724341099	0.27567567567567564	Dendritic cell	Plasma cell	2	6	11	3	7	NOMO1	0.9921605041790631	False
0.0003056979946049839	0.8009950248756219	0.7249804754270688	0.7821428571428571	B cell	Monocyte	2	4	6	3	5	PTGES2	0.9921605041790631	False
0.00032449694169308063	0.8009950248756219	0.22493614662575018	0.16688794057215106	Erythroid	B cell	2	7	10	3	6	R3HDM4	0.9921605041790631	False
0.00013198352580524834	0.8009950248756219	0.328689315849916	0.37603353650128235	Monocyte	B cell	2	6	11	4	8	RFK	0.9921605041790631	False
0.0001984671966331198	0.8009950248756219	0.14783709250990434	0.2782705273728191	NK	Erythroid	2	7	14	4	9	RRP1	0.9921605041790631	False
8.985391359483908e-05	0.8009950248756219	0.263995399735768	0.2519372185345305	NK	B cell	2	7	14	4	8	RUBCNL	0.9921605041790631	False
8.198502623838546e-05	0.8009950248756219	0.08499840698258715	0.14467275365516302	Dendritic cell	Plasma cell	2	7	9	5	8	SENP7	0.9921605041790631	False
0.0007953691467043689	0.8009950248756219	0.235056854088456	0.2927350427350428	Erythroid	NK	2	5	6	3	4	SNHG9	0.9921605041790631	False
0.00032451928942135207	0.8009950248756219	0.12730580311194556	0.17933234237582069	B cell	Dendritic cell	2	6	7	3	6	SPEN	0.9921605041790631	False
0.00020284643319647453	0.8009950248756219	0.0745191666180432	0.2490466831681638	Plasma cell	Monocyte	2	7	7	3	7	SRRM1	0.9921605041790631	False
8.86334017260343e-05	0.8009950248756219	0.2696050554807758	0.23308270676691728	Dendritic cell	B cell	2	7	14	4	9	STMN3	0.9921605041790631	False
0.000366714158496286	0.8009950248756219	0.15022103721522234	0.2766224004009021	Plasma cell	T cell	2	7	16	5	11	SULF2	0.9921605041790631	False
0.00022486284447228864	0.8009950248756219	0.14210806775999185	0.17002387002387004	Plasma cell	Dendritic cell	2	7	12	3	8	TAB3	0.9921605041790631	False
0.00019228642191452955	0.8009950248756219	0.039077389020114484	0.07540180737506069	T cell	Monocyte	2	7	13	9	13	TCF12	0.9921605041790631	False
0.0004406337227550048	0.8009950248756219	0.20066172321790499	0.1496591118481666	Monocyte	Plasma cell	2	7	9	3	7	TIFA	0.9921605041790631	False
0.00039453985586462663	0.8009950248756219	0.22805336023857337	0.26536222982656255	B cell	Monocyte	2	6	10	3	7	TRUB2	0.9921605041790631	False
7.62733522052515e-05	0.8009950248756219	0.04153393618772211	0.10320961242116294	Plasma cell	T cell	2	6	7	4	7	VPS13D	0.9921605041790631	False
0.000698362149497645	0.8009950248756219	0.18994431494431502	0.13199979562640507	B cell	Dendritic cell	2	5	6	3	5	WDTC1	0.9921605041790631	False
3.142782181856119e-05	0.8009950248756219	0.039895095526059576	0.0309165221203066	Dendritic cell	T cell	2	7	17	10	16	YWHAB	0.9921605041790631	False
5.305286180450415e-05	0.8009950248756219	0.10774938078220403	0.06816059757236231	T cell	Monocyte	2	3	4	3	3	ZNF367	0.9921605041790631	False
0.00017763941898554726	0.8009950248756219	0.11464714406301241	0.21957051762940732	B cell	T cell	2	7	11	4	8	ZNF506	0.9921605041790631	False
0.00011142091814364605	0.8009950248756219	0.11975364774781372	0.1684826472962066	Erythroid	T cell	2	4	8	4	6	ZNG1C	0.9921605041790631	False
0.00015011269634750935	0.8059701492537313	0.06709326013019673	0.1155796405542599	Erythroid	NK	2	7	13	4	9	AMMECR1	0.9931201838984464	False
0.00017930906771777204	0.8059701492537313	0.22495616517228645	0.2806065471687432	Erythroid	B cell	2	7	7	3	5	ARL6IP4	0.9931201838984464	False
0.00025193415613915916	0.8059701492537313	0.11601601340831336	0.12703702170523384	T cell	Erythroid	2	5	6	3	5	ATP6V1A	0.9931201838984464	False
0.00016335718747173447	0.8059701492537313	0.09789035761460096	0.07253653490650375	B cell	Dendritic cell	2	7	11	3	7	CCDC26	0.9931201838984464	False
1.181163301349828e-05	0.8059701492537313	0.436029774228532	0.6315376736444529	Erythroid	T cell	2	4	6	3	5	CD27	0.9931201838984464	False
0.00010513696111949315	0.8059701492537313	0.10193422388469697	0.06641582937458834	Monocyte	NK	2	4	9	3	6	CLIC2	0.9931201838984464	False
7.644780718648904e-05	0.8059701492537313	0.34801455476439724	0.40720532777019974	B cell	Dendritic cell	2	6	8	3	7	GGCT	0.9931201838984464	False
5.324045191848124e-06	0.8059701492537313	0.024950019556723824	0.022566255575964256	T cell	Plasma cell	2	2	3	3	3	NBPF10	0.9931201838984464	False
0.0002600347913000145	0.8059701492537313	0.2054083231076807	0.2557037609267603	Dendritic cell	NK	2	7	13	5	10	OSTF1	0.9931201838984464	False
0.00014086821182976683	0.8059701492537313	0.12200455991954229	0.18108371456910527	B cell	Erythroid	2	5	9	3	8	PCBD2	0.9931201838984464	False
0.00038946352426839274	0.8059701492537313	0.1276159280324029	0.08661537622087628	Monocyte	B cell	2	5	6	3	5	PRANCR	0.9931201838984464	False
0.00024466468478641823	0.8059701492537313	0.15050709552897412	0.21790213950326126	B cell	Monocyte	2	5	6	3	4	PSMD11	0.9931201838984464	False
0.00014969922661284597	0.8059701492537313	0.1408742960845914	0.16575045574713054	B cell	Plasma cell	2	6	10	3	7	SAMD4B	0.9931201838984464	False
6.183992711783905e-05	0.8059701492537313	0.07116192621835543	0.1303078433758702	B cell	NK	2	7	11	6	10	SPAG9	0.9931201838984464	False
0.00012604269838261407	0.8059701492537313	0.022884286624939854	0.07296263606943215	Erythroid	T cell	2	3	4	3	4	SRPRB	0.9931201838984464	False
0.00017522334104115697	0.8059701492537313	0.09224319869220599	0.17731294047083523	Erythroid	B cell	2	5	7	3	5	TAMM41	0.9931201838984464	False
8.276821434771329e-05	0.8059701492537313	0.03892666128347999	0.14339860644785163	Erythroid	T cell	2	7	12	4	10	TAPT1	0.9931201838984464	False
0.0001592121325539186	0.8059701492537313	0.11945752606985732	0.18055479514554246	Dendritic cell	Plasma cell	2	7	7	3	6	TRAF3IP3	0.9931201838984464	False
0.0001437791990563809	0.8059701492537313	0.20030138306498801	0.32589946210044607	Plasma cell	B cell	2	7	11	4	11	UBA2	0.9931201838984464	False
3.6421780297526885e-05	0.8059701492537313	0.05852199391145124	0.17960723713862603	B cell	Erythroid	2	7	9	4	9	USP15	0.9931201838984464	False
8.176539065536648e-05	0.8059701492537313	0.1284399875010307	0.316758827203586	Plasma cell	B cell	2	7	11	5	9	VCL	0.9931201838984464	False
0.00023570838950558265	0.8059701492537313	0.18251797516032586	0.28702372393961184	T cell	Erythroid	2	6	8	3	5	WBP1L	0.9931201838984464	False
0.00016023604460354017	0.8059701492537313	0.06305620298230308	0.1562654072709344	B cell	Plasma cell	2	5	7	3	5	ZNF678	0.9931201838984464	False
7.404191921426732e-05	0.8109452736318408	0.1022349427109609	0.2762181369628753	Plasma cell	B cell	2	7	11	7	10	ABI1	0.9931201838984464	False
0.0002972681559612327	0.8109452736318408	0.35302199571735293	0.297945407381205	T cell	Dendritic cell	2	5	9	4	6	ANAPC4	0.9931201838984464	False
5.0809934180354466e-05	0.8109452736318408	0.07439456321832405	0.01883071275007092	Dendritic cell	Erythroid	2	7	11	8	11	CAMK1D	0.9931201838984464	False
0.00011240259301440433	0.8109452736318408	0.2932530817582508	0.4804408885862627	Dendritic cell	Erythroid	2	7	9	3	8	CGGBP1	0.9931201838984464	False
0.0005252293131848946	0.8109452736318408	0.10578646739361025	0.1057747284162378	B cell	Dendritic cell	2	4	6	3	4	CLN3	0.9931201838984464	False
5.19542407148054e-05	0.8109452736318408	0.07345198949920323	0.09052660555683878	Erythroid	NK	2	7	13	6	12	CSNK1G1	0.9931201838984464	False
0.0003080309630273141	0.8109452736318408	0.2589913173246507	0.2021978021978022	Erythroid	Plasma cell	2	5	6	3	4	DET1	0.9931201838984464	False
4.216358137011227e-05	0.8109452736318408	0.11786997192858112	0.20032676906286617	Erythroid	Plasma cell	2	7	10	6	10	DOCK2	0.9931201838984464	False
0.000386747943417622	0.8109452736318408	0.10671887402609459	0.25226477352264776	Erythroid	Plasma cell	2	6	8	3	5	FAM200B	0.9931201838984464	False
5.438964910654988e-05	0.8109452736318408	0.03339387328881105	0.05119191686355873	T cell	Erythroid	2	2	3	3	3	GLT8D1	0.9931201838984464	False
0.00013908037253480295	0.8109452736318408	0.10156730600585462	0.17658730158730157	Monocyte	B cell	2	6	10	3	6	HERC6	0.9931201838984464	False
1.8100414209933547e-05	0.8109452736318408	0.06293621036007446	0.2310470818243005	B cell	NK	2	7	13	6	12	IREB2	0.9931201838984464	False
1.7329965446479174e-05	0.8109452736318408	0.11419992806268059	0.619177683737066	Plasma cell	T cell	2	7	16	7	12	LIME1	0.9931201838984464	False
0.000408370989779213	0.8109452736318408	0.07618973274633745	0.10649753881105639	Erythroid	Monocyte	2	5	7	3	5	MAST2	0.9931201838984464	False
0.00021875803570271118	0.8109452736318408	0.1425561887246099	0.11583076626877165	Erythroid	NK	2	6	7	3	6	MIDN	0.9931201838984464	False
4.091668200341504e-05	0.8109452736318408	0.04311392702862005	0.09728041672965776	Dendritic cell	Monocyte	2	7	12	3	10	MSRA	0.9931201838984464	False
0.0004199300599137308	0.8109452736318408	0.16495321141959307	0.15037153446459062	NK	Erythroid	2	6	10	3	6	NCAPD3	0.9931201838984464	False
0.00021691025755681814	0.8109452736318408	0.1880983835128448	0.2670850767085077	Dendritic cell	Plasma cell	2	6	10	3	5	NCLN	0.9931201838984464	False
0.00028111512990601376	0.8109452736318408	0.1690102932942848	0.0814568866716106	T cell	Plasma cell	2	5	7	3	5	NUDT4	0.9931201838984464	False
0.0002915414953909001	0.8109452736318408	0.21176700342286908	0.23213971935637723	Plasma cell	T cell	2	5	9	4	7	NUP155	0.9931201838984464	False
0.0001452648256933091	0.8109452736318408	0.1147201338186355	0.0863132937087921	NK	Dendritic cell	2	7	15	3	10	OSBPL1A	0.9931201838984464	False
0.00019527478909108192	0.8109452736318408	0.10579942891748828	0.15637747727491724	Monocyte	T cell	2	5	7	3	4	OSGIN2	0.9931201838984464	False
9.561818369393192e-05	0.8109452736318408	0.09830739745027917	0.19999813125154758	T cell	NK	2	7	9	4	8	PRH1	0.9931201838984464	False
0.00015519670552415426	0.8109452736318408	0.18682835217846666	0.3053914259944411	Plasma cell	B cell	2	5	6	4	5	RBM34	0.9931201838984464	False
5.250142573215873e-05	0.8109452736318408	0.08701968287112405	0.20558826323322316	Dendritic cell	T cell	2	7	18	7	16	RNF138	0.9931201838984464	False
0.0002718784976715037	0.8109452736318408	0.19533964167011336	0.35458459146760746	NK	T cell	2	7	9	3	6	SLFN12L	0.9931201838984464	False
0.0003382610045329913	0.8109452736318408	0.15863594189363273	0.2612798160743366	NK	Dendritic cell	2	7	17	5	12	SPART	0.9931201838984464	False
0.00011533439982274401	0.8109452736318408	0.15888613087790476	0.14766565520598052	Monocyte	Dendritic cell	2	7	10	3	8	TBRG1	0.9931201838984464	False
0.00010301388932211478	0.8109452736318408	0.051650201120405304	0.1983504217519751	Erythroid	T cell	2	5	9	3	6	TM7SF3	0.9931201838984464	False
7.405326203700839e-05	0.8109452736318408	0.24592902317930032	0.3385635404706948	Dendritic cell	B cell	2	7	10	3	7	TSG101	0.9931201838984464	False
0.00011103778814283965	0.8109452736318408	0.10316422895881533	0.2782234203432178	B cell	NK	2	5	7	3	6	VEZF1	0.9931201838984464	False
0.00027491336786045304	0.8109452736318408	0.29312303296300835	0.28535075920225567	Dendritic cell	NK	2	7	11	4	8	ZNF761	0.9931201838984464	False
0.0006514666732410157	0.8159203980099502	0.10020639651787194	0.07476783871735859	T cell	B cell	2	4	5	3	4	ANXA2R	0.9943038135830571	False
0.00026810380099361486	0.8159203980099502	0.11129329109500158	0.37439016770617795	Plasma cell	Dendritic cell	2	7	13	8	13	AQR	0.9943038135830571	False
2.7197365284089452e-05	0.8159203980099502	0.16224304915269	0.449042435770983	NK	Erythroid	2	7	11	6	11	BAX	0.9943038135830571	False
0.00015100034480699736	0.8159203980099502	0.13354588838920983	0.36450646776733736	T cell	NK	2	7	6	3	6	CD53	0.9943038135830571	False
3.2246950669961904e-05	0.8159203980099502	0.11984409210580471	0.31453634085213034	T cell	Monocyte	2	3	5	3	4	CLPB	0.9943038135830571	False
0.00014553927240100077	0.8159203980099502	0.0848836575454846	0.13895077076875656	NK	Monocyte	2	7	12	3	9	CRLS1	0.9943038135830571	False
0.00010500126035536015	0.8159203980099502	0.05896774842559005	0.11023809523809525	T cell	Erythroid	2	4	5	3	5	EGLN1	0.9943038135830571	False
0.00040935287342764405	0.8159203980099502	0.04350769238677976	0.09967781579034773	B cell	Dendritic cell	2	6	7	3	5	KIFAP3	0.9943038135830571	False
6.314492661303411e-05	0.8159203980099502	0.05243577602212668	0.12862023394443817	T cell	Plasma cell	2	5	9	5	7	KNTC1	0.9943038135830571	False
0.00557641404615441	0.8159203980099502	0.1381601157463226	0.49108193075129924	T cell	Monocyte	2	4	5	3	3	LINC01089	0.9943038135830571	False
0.00011638779670007234	0.8159203980099502	0.04648319008920554	0.13811405210119493	B cell	Monocyte	2	7	13	7	13	MAP2K1	0.9943038135830571	False
0.00011771944621800732	0.8159203980099502	0.09592656681953149	0.07458876733705944	NK	Dendritic cell	2	7	13	5	10	MGA	0.9943038135830571	False
0.0001290491920027643	0.8159203980099502	0.07835061720222009	0.08655520724486249	T cell	Dendritic cell	2	7	10	3	6	MICAL2	0.9943038135830571	False
0.0001248573660096107	0.8159203980099502	0.07951379738499798	0.10760154716677955	T cell	Plasma cell	2	7	10	3	8	NEK6	0.9943038135830571	False
0.00045341905507475914	0.8159203980099502	0.12554418089289365	0.0869817467755612	B cell	Monocyte	2	5	7	3	5	NPIPB4	0.9943038135830571	False
0.0002834331846528886	0.8159203980099502	0.15429324963864194	0.16863456531988602	Monocyte	B cell	2	5	8	3	6	PUS7L	0.9943038135830571	False
0.00013165728650750804	0.8159203980099502	0.09494808131457844	0.1183484430429641	Monocyte	T cell	2	6	9	5	9	SLU7	0.9943038135830571	False
0.0007822596570749729	0.8159203980099502	0.2777597402597402	0.42902903954208893	Plasma cell	B cell	2	3	5	3	4	SMYD4	0.9943038135830571	False
7.882006033103786e-05	0.8159203980099502	0.06325778009745209	0.2729400487433831	Plasma cell	Erythroid	2	7	15	8	15	STAG2	0.9943038135830571	False
9.781436809544381e-05	0.8159203980099502	0.1191141622578682	0.14285829151085183	B cell	Monocyte	2	7	11	6	10	SUPT5H	0.9943038135830571	False
0.00016382354428442879	0.8159203980099502	0.3449330276287571	0.5952684794345735	B cell	Dendritic cell	2	6	8	3	6	THG1L	0.9943038135830571	False
8.801274824339484e-05	0.8159203980099502	0.06735743616801848	0.09888799488353855	Erythroid	NK	2	7	13	6	12	TMEM245	0.9943038135830571	False
8.328248111250764e-05	0.8159203980099502	0.09819959910492515	0.10553376675565634	NK	Dendritic cell	2	7	13	4	10	TMEM65	0.9943038135830571	False
0.0001383008919343593	0.8159203980099502	0.09715272233714245	0.14906590257879654	B cell	Dendritic cell	2	6	10	3	6	TNFSF8	0.9943038135830571	False
4.691861238013282e-05	0.8208955223880597	0.4782945274590229	0.6466652655177245	Dendritic cell	Erythroid	2	7	10	3	7	AARSD1	0.9952242834410941	False
0.00019871737042930675	0.8208955223880597	0.19969079081707075	0.1631897203325775	NK	Erythroid	2	6	8	3	5	ABHD5	0.9952242834410941	False
8.737507695733168e-05	0.8208955223880597	0.09876917552540238	0.26758485476056665	T cell	Monocyte	2	7	11	5	9	ARID5B	0.9952242834410941	False
0.00022995588420304892	0.8208955223880597	0.1838067348810551	0.1976019184652278	NK	B cell	2	6	9	3	4	CBFA2T3	0.9952242834410941	False
0.00023402820726162835	0.8208955223880597	0.1847632216377395	0.1826422997108657	Plasma cell	Dendritic cell	2	7	10	3	8	CBL	0.9952242834410941	False
9.324465627407954e-05	0.8208955223880597	0.08258806453784262	0.1587658898305085	Monocyte	Erythroid	2	7	11	6	9	CCDC186	0.9952242834410941	False
0.0002019771684796469	0.8208955223880597	0.41160066439374077	0.33402090209020907	Erythroid	T cell	2	6	8	3	6	CEP164	0.9952242834410941	False
0.0002747419256066784	0.8208955223880597	0.13569724546492323	0.244668413626285	NK	Plasma cell	2	6	8	3	7	CRY2	0.9952242834410941	False
0.0001950008443526861	0.8208955223880597	0.010476770934354507	0.011182611826118294	B cell	Monocyte	2	2	3	3	3	ENSG00000291055	0.9952242834410941	False
6.311998899909709e-05	0.8208955223880597	0.12410550408831239	0.20616249215760107	Erythroid	Plasma cell	2	7	17	10	16	GNAS	0.9952242834410941	False
0.0002840742739414534	0.8208955223880597	0.26960682620609927	0.3588367257260477	NK	Erythroid	2	7	10	3	7	GTF2F1	0.9952242834410941	False
0.0023662913625295576	0.8208955223880597	0.2354566957156365	0.1603121262174631	T cell	Plasma cell	2	5	6	3	5	ISY1	0.9952242834410941	False
0.00019482313352810565	0.8208955223880597	0.1742741166636843	0.12311769227657077	Dendritic cell	Erythroid	2	6	8	3	5	LEF1	0.9952242834410941	False
7.029880626190255e-05	0.8208955223880597	0.38640347805788977	0.2623043886064077	B cell	Dendritic cell	2	6	8	3	6	MRPS17	0.9952242834410941	False
0.00013998462403698854	0.8208955223880597	0.3832865923029858	0.3869552500731208	Monocyte	T cell	2	3	5	3	5	NREP	0.9952242834410941	False
2.4877993086055785e-05	0.8208955223880597	0.199769101022717	0.5525859061573347	NK	Monocyte	2	7	11	7	10	PSMB3	0.9952242834410941	False
0.00013112845766865134	0.8208955223880597	0.2684106194852802	0.3192715625132578	Erythroid	Plasma cell	2	6	10	3	7	RASGEF1B	0.9952242834410941	False
0.0009530099787676912	0.8208955223880597	0.16327517279463	0.32673284932271884	Dendritic cell	Monocyte	2	7	12	5	9	RELL1	0.9952242834410941	False
0.00019199043299215522	0.8208955223880597	0.10073437470340574	0.07668095976644462	Plasma cell	T cell	2	4	6	3	4	SLC12A2	0.9952242834410941	False
6.468668781720186e-05	0.8208955223880597	0.1556333228212468	0.1923743767579243	NK	T cell	2	7	9	5	8	SLC38A1	0.9952242834410941	False
0.0011135076188904108	0.8208955223880597	0.06045284780578891	0.1142131979695431	Erythroid	T cell	2	4	4	3	3	SWT1	0.9952242834410941	False
0.00015611577813558013	0.8208955223880597	0.23438505442663837	0.5155707083529796	B cell	Monocyte	2	6	6	3	6	TIMM17A	0.9952242834410941	False
0.00023142164387363447	0.8208955223880597	0.14908976942807234	0.16340384615384612	Dendritic cell	T cell	2	6	8	3	4	TYK2	0.9952242834410941	False
0.00014207523692486417	0.8208955223880597	0.09483537475639797	0.1494144642122583	NK	T cell	2	7	10	5	9	YTHDC2	0.9952242834410941	False
9.169915300519985e-05	0.8258706467661692	0.14782421190866452	0.13349492744317454	NK	Monocyte	2	7	11	4	6	ABR	0.9952242834410941	False
0.00035129018324215613	0.8258706467661692	0.1514260340120827	0.2583625947144705	NK	Dendritic cell	2	7	13	4	9	ADCY7	0.9952242834410941	False
8.138286430183938e-05	0.8258706467661692	0.24679104136763297	0.3990740740740741	Plasma cell	Erythroid	2	7	11	5	8	ARHGAP45	0.9952242834410941	False
0.0001336970908491704	0.8258706467661692	0.16647948261628392	0.3934270050085107	Plasma cell	Dendritic cell	2	7	11	5	9	ARHGEF18	0.9952242834410941	False
4.401471963319382e-05	0.8258706467661692	0.14696444537245867	0.1476756861372246	Plasma cell	B cell	2	7	7	4	7	ARID4B	0.9952242834410941	False
0.0002522639959353518	0.8258706467661692	0.18920156937333582	0.3958879223002481	T cell	Plasma cell	2	6	9	3	7	ARIH2	0.9952242834410941	False
0.00031211793002160817	0.8258706467661692	0.12476444301070105	0.16784985720114243	B cell	Dendritic cell	2	6	8	3	6	ATXN7L1	0.9952242834410941	False
1.752475034726707e-05	0.8258706467661692	0.06324447939162375	0.037182323459926	T cell	Plasma cell	2	3	4	3	4	BRK1	0.9952242834410941	False
0.00043557396911374506	0.8258706467661692	0.19440056761901942	0.22572860409672552	NK	Plasma cell	2	6	9	3	6	C11orf54	0.9952242834410941	False
0.0005674885608893045	0.8258706467661692	0.30399893961709396	0.14674086311335244	NK	Erythroid	2	5	4	3	4	CBX3	0.9952242834410941	False
0.00024661399160576047	0.8258706467661692	0.313759679983589	0.40294530154277697	NK	B cell	2	7	9	3	7	CFAP410	0.9952242834410941	False
0.0004938216953754323	0.8258706467661692	0.18229957441913958	0.2622526801045744	NK	Erythroid	2	7	12	4	7	DIP2A-IT1	0.9952242834410941	False
0.0002680481827849095	0.8258706467661692	0.16039804449021622	0.18483245149911814	Erythroid	Plasma cell	2	6	7	3	5	DSTYK	0.9952242834410941	False
9.596296272702828e-05	0.8258706467661692	0.25753202557653304	0.4823118218279425	NK	Monocyte	2	7	9	4	8	EIF2A	0.9952242834410941	False
0.00016807525655098535	0.8258706467661692	0.13027485695715096	0.23263196081988025	Monocyte	B cell	2	3	4	3	3	ERP27	0.9952242834410941	False
0.00016683946702144385	0.8258706467661692	0.21482264649560456	0.2811946619931724	B cell	Dendritic cell	2	7	11	4	7	ETS2	0.9952242834410941	False
0.0003368129082391149	0.8258706467661692	0.14383526026818716	0.2059332327284774	T cell	B cell	2	3	5	3	4	GTF3C5	0.9952242834410941	False
0.0002444690406795367	0.8258706467661692	0.12441409897292244	0.05706488781079444	Monocyte	Erythroid	2	5	6	3	4	HYOU1	0.9952242834410941	False
0.0007678974287957616	0.8258706467661692	0.2778840780271104	0.19671635777598712	Dendritic cell	Monocyte	2	5	8	3	4	MSL1	0.9952242834410941	False
0.00014156457109426316	0.8258706467661692	0.12343944612938768	0.3178823579905148	Plasma cell	Dendritic cell	2	6	7	3	6	MTF2	0.9952242834410941	False
0.0001887755550330927	0.8258706467661692	0.17485480671767978	0.3511042487036876	B cell	NK	2	7	10	7	10	NR3C1	0.9952242834410941	False
0.00022345686755524013	0.8258706467661692	0.13896943438526843	0.09307359307359314	Erythroid	Dendritic cell	2	5	7	3	5	PCNX2	0.9952242834410941	False
0.00012463116498673103	0.8258706467661692	0.17513181368294023	0.21400457907544912	NK	Plasma cell	2	7	17	7	13	RMC1	0.9952242834410941	False
2.80370454964037e-05	0.8258706467661692	0.29912094528312416	0.07262033746630325	Dendritic cell	B cell	2	7	8	3	7	RPL7A	0.9952242834410941	False
9.758083432694877e-05	0.8258706467661692	0.07776537387563864	0.06978424170432562	Monocyte	Plasma cell	2	7	8	4	5	RPS3	0.9952242834410941	False
0.00039884341295569846	0.8258706467661692	0.3208373825473318	0.3689353241677504	Plasma cell	Monocyte	2	7	14	8	13	SLC25A5	0.9952242834410941	False
0.0006972219329697534	0.8258706467661692	0.16581744206277627	0.15521064301552107	Dendritic cell	Plasma cell	2	6	8	3	6	SNHG30	0.9952242834410941	False
0.00010535177672389958	0.8258706467661692	0.12766733594680818	0.17030946939261893	T cell	Dendritic cell	2	7	18	9	15	THOC1	0.9952242834410941	False
0.00013351210892682087	0.8258706467661692	0.2878720016900208	0.6295318201224478	B cell	NK	2	7	7	3	6	TMED5	0.9952242834410941	False
1.6532945286301075e-05	0.8258706467661692	0.05636920495878334	0.08023743357222957	Dendritic cell	Erythroid	2	7	18	9	15	WDR7	0.9952242834410941	False
6.503042191674944e-05	0.8258706467661692	0.20870884977329202	0.21568047337278112	B cell	Erythroid	2	3	5	3	4	ZNF320	0.9952242834410941	False
0.0001724341724093694	0.8308457711442786	0.1412213938118172	0.1431030739166848	Plasma cell	B cell	2	5	6	3	5	ADSS2	0.997785934158138	False
0.000455948041929866	0.8308457711442786	0.029863855950812424	0.029803921568627434	Erythroid	T cell	2	2	3	3	3	ANKRD46	0.997785934158138	False
0.0006072671748121943	0.8308457711442786	0.14628285854017525	0.1622222222222222	T cell	Monocyte	2	3	4	3	3	ASPSCR1	0.997785934158138	False
2.9623930764771528e-05	0.8308457711442786	0.03554441463070884	0.12243919260379549	Dendritic cell	Erythroid	2	7	19	12	17	BRWD1	0.997785934158138	False
0.00013716041760856808	0.8308457711442786	0.22135416047055523	0.1632302405498282	Dendritic cell	NK	2	7	12	4	10	CEP135	0.997785934158138	False
0.00026831743384779906	0.8308457711442786	0.19181544274008333	0.17931725360252754	Erythroid	Dendritic cell	2	7	8	3	6	DONSON	0.997785934158138	False
0.0001018102913180273	0.8308457711442786	0.07304810910366127	0.06852572631411719	Monocyte	Plasma cell	2	7	13	6	10	EIF2S2	0.997785934158138	False
8.09157552074971e-05	0.8308457711442786	0.44481340005533654	0.3467389136360614	Plasma cell	Monocyte	2	5	6	3	6	KHDC4	0.997785934158138	False
0.00025999858089568474	0.8308457711442786	0.15425051287552488	0.2038209295694326	Dendritic cell	B cell	2	7	9	3	6	MINDY3	0.997785934158138	False
0.0002722639242565017	0.8308457711442786	0.1579285288585785	0.0959187562961148	NK	Erythroid	2	6	7	3	5	MLF2	0.997785934158138	False
4.876047623283616e-05	0.8308457711442786	0.12841793280857505	0.15792537884458635	NK	B cell	2	4	6	3	4	PPFIBP2	0.997785934158138	False
0.00024729125363542637	0.8308457711442786	0.10623711509229156	0.07394882416560117	Plasma cell	Erythroid	2	7	9	3	7	PPM1L	0.997785934158138	False
9.5002951701493e-05	0.8308457711442786	0.03420674441279886	0.08011834441645205	Dendritic cell	Plasma cell	2	7	11	5	9	RPTOR	0.997785934158138	False
0.0002715993071148077	0.8308457711442786	0.13597329671714137	0.13834430538474518	B cell	Monocyte	2	6	7	3	7	SFPQ	0.997785934158138	False
0.0003866682835601304	0.8308457711442786	0.018601956988684776	0.06496159976814952	T cell	Erythroid	2	5	6	3	6	STX18-AS1	0.997785934158138	False
0.0025906269832738226	0.8308457711442786	0.04034810643643616	0.12667907291490443	T cell	Erythroid	2	4	6	3	4	TRAF1	0.997785934158138	False
0.000137056662201659	0.8308457711442786	0.15964664532570672	0.19660112341681563	NK	T cell	2	7	13	5	9	VPS39	0.997785934158138	False
0.000123931051985147	0.835820895522388	0.16175799091373644	0.23174287607687205	NK	Plasma cell	2	7	11	3	7	ABCA5	0.9979225413246642	False
0.00043875914636508156	0.835820895522388	0.09986314850445288	0.2683295794533903	Erythroid	Dendritic cell	2	4	6	3	4	B4GALT4	0.9979225413246642	False
0.0004973300451844281	0.835820895522388	0.3593235998842152	0.3605299805663301	Plasma cell	Dendritic cell	2	6	10	4	6	C9orf85	0.9979225413246642	False
4.453262737933287e-05	0.835820895522388	0.10497916176537897	0.17091630375763217	T cell	Dendritic cell	2	5	7	3	5	CAMK4	0.9979225413246642	False
0.00017365232522002728	0.835820895522388	0.30351828600564695	0.3220162156221202	Erythroid	NK	2	7	7	3	7	CD55	0.9979225413246642	False
0.00012104215901707376	0.835820895522388	0.15018461989218923	0.08370473961025143	Erythroid	NK	2	7	8	4	8	CDK13	0.9979225413246642	False
0.0001388801889598135	0.835820895522388	0.18569086602721296	0.16979606288061183	Monocyte	Plasma cell	2	7	15	5	12	CHMP1B	0.9979225413246642	False
0.00029747490924191406	0.835820895522388	0.11870396196621624	0.08445208119218917	Plasma cell	Erythroid	2	6	7	3	4	CLSTN1	0.9979225413246642	False
6.558602448697875e-05	0.835820895522388	0.133614951569212	0.48226258262355237	NK	Erythroid	2	7	11	5	9	CNN2	0.9979225413246642	False
9.65696094017098e-05	0.835820895522388	0.33515875629587144	0.4986360297105066	Plasma cell	Dendritic cell	2	7	12	3	11	CRNKL1	0.9979225413246642	False
7.432844376473321e-05	0.835820895522388	0.07877753269577836	0.23373551192121217	Erythroid	Dendritic cell	2	7	11	6	10	CYTH1	0.9979225413246642	False
0.0003618409779066423	0.835820895522388	0.08573538419674898	0.16177315009761517	Erythroid	Plasma cell	2	6	7	3	5	DLAT	0.9979225413246642	False
8.781674052888543e-05	0.835820895522388	0.2492448481478402	0.5412699446434386	T cell	Monocyte	2	5	6	3	4	EXOSC5	0.9979225413246642	False
0.00014479885460850128	0.835820895522388	0.15971449686903466	0.1714296695588674	Erythroid	Plasma cell	2	7	18	6	14	FBXL3	0.9979225413246642	False
0.000182179168062196	0.835820895522388	0.4501572491750868	0.40211640211640215	Dendritic cell	T cell	2	6	10	3	6	FN3KRP	0.9979225413246642	False
2.2249539424231872e-07	0.835820895522388	0.12128545658503345	0.12272034314358803	Dendritic cell	Plasma cell	2	7	10	7	9	IFITM1	0.9979225413246642	False
0.0006294429045033811	0.835820895522388	0.429158102737214	0.2831395079460687	NK	Plasma cell	2	7	9	3	7	IQCH-AS1	0.9979225413246642	False
0.00010396117229397273	0.835820895522388	0.11857824318905341	0.1586343063829419	Dendritic cell	NK	2	7	12	5	11	KLHL5	0.9979225413246642	False
0.0001937640094044421	0.835820895522388	0.1391992098053323	0.19528619528619523	Dendritic cell	Plasma cell	2	6	8	3	7	KRIT1	0.9979225413246642	False
0.00032556042738003893	0.835820895522388	0.1797668359241018	0.18792120787921213	NK	Erythroid	2	7	12	3	8	MHENCR	0.9979225413246642	False
0.0005484007777373465	0.835820895522388	0.21934529923599078	0.2507499763282629	Monocyte	Plasma cell	2	7	13	4	9	NAA60	0.9979225413246642	False
9.17921980284234e-05	0.835820895522388	0.2663327678565884	0.23714768478573478	Dendritic cell	B cell	2	6	9	3	8	NCK1	0.9979225413246642	False
0.00011765541730596395	0.835820895522388	0.152723102450041	0.1182852154912315	Erythroid	NK	2	7	9	4	9	PA2G4	0.9979225413246642	False
0.00019869642314174625	0.835820895522388	0.20404673834315357	0.16467225471868774	T cell	NK	2	7	12	4	10	PI4K2B	0.9979225413246642	False
0.00016250137443103266	0.835820895522388	0.2131492853311302	0.3062054794520548	B cell	Plasma cell	2	6	9	3	7	PRRC1	0.9979225413246642	False
0.0003254705890118956	0.835820895522388	0.13099529295181472	0.10944026733500417	Erythroid	Dendritic cell	2	5	8	3	4	PSMD10	0.9979225413246642	False
0.00021814535523790717	0.835820895522388	0.19802248501945857	0.1460651714889003	B cell	Dendritic cell	2	7	8	3	8	RNF216P1	0.9979225413246642	False
7.340566603589787e-05	0.835820895522388	0.18031167469371714	0.26714332141696456	Monocyte	Dendritic cell	2	7	10	4	9	SRA1	0.9979225413246642	False
0.0006663449420758106	0.835820895522388	0.11968156407181274	0.1685657751091703	Monocyte	Erythroid	2	5	9	3	6	TBC1D31	0.9979225413246642	False
0.00045179526352028535	0.8407960199004975	0.30122068769430044	0.28592018448529877	NK	B cell	2	6	9	3	6	AAMDC	0.998057568587769	False
1.0351103241066525e-05	0.8407960199004975	0.13066594775345386	0.15588837322416552	Monocyte	Plasma cell	2	5	12	4	8	ALAD	0.998057568587769	False
0.0001482766141407854	0.8407960199004975	0.15509722802039916	0.17436924500901652	Plasma cell	Monocyte	2	5	7	3	6	CENATAC	0.998057568587769	False
0.00024128125395089532	0.8407960199004975	0.11918084447079158	0.2624067021315644	Plasma cell	Monocyte	2	7	11	7	11	COPE	0.998057568587769	False
0.0006219891599286761	0.8407960199004975	0.1886001580119227	0.2622811970638058	NK	Dendritic cell	2	7	11	3	8	CYB5B	0.998057568587769	False
5.0012343808357945e-05	0.8407960199004975	0.2733674130488017	0.1737752161383285	B cell	Monocyte	2	4	7	3	5	DDX56	0.998057568587769	False
0.00018934693764403502	0.8407960199004975	0.3159465106387516	0.2541205087626751	Erythroid	Monocyte	2	6	7	3	5	EIF1B	0.998057568587769	False
8.240295204911209e-05	0.8407960199004975	0.18693560872771864	0.354421768707483	Plasma cell	B cell	2	6	11	4	7	EXOSC3	0.998057568587769	False
0.0002508512157100965	0.8407960199004975	0.08179871707011854	0.1501397345044415	Monocyte	Plasma cell	2	5	7	3	5	FANCD2	0.998057568587769	False
5.5298321292369525e-05	0.8407960199004975	0.09213872921871691	0.2414096027620305	Plasma cell	B cell	2	7	11	6	10	KLF6	0.998057568587769	False
0.0001941350996120102	0.8407960199004975	0.10759841805023934	0.1609947113687244	Monocyte	NK	2	7	14	5	11	MED14	0.998057568587769	False
0.0005281208894823128	0.8407960199004975	0.23950647250954404	0.5838518518518518	Plasma cell	NK	2	7	9	3	6	MIR23AHG	0.998057568587769	False
0.00020572699988266033	0.8407960199004975	0.09511859129648348	0.08049341839028934	Erythroid	NK	2	7	7	4	6	MTPN	0.998057568587769	False
0.000505653974434667	0.8407960199004975	0.16438445393486778	0.31333137845546877	Monocyte	B cell	2	5	6	3	4	N6AMT1	0.998057568587769	False
0.0010905214337587378	0.8407960199004975	0.24045373199784958	0.19020884796766224	Dendritic cell	NK	2	7	12	3	10	NDUFAF5	0.998057568587769	False
0.00013364986269136142	0.8407960199004975	0.06639504128140483	0.07336333859148952	Erythroid	Monocyte	2	7	10	6	10	PIK3C2A	0.998057568587769	False
1.2973560429464411e-05	0.8407960199004975	0.017569879234749952	0.09329873646209386	T cell	B cell	2	2	4	4	4	QSOX2	0.998057568587769	False
0.0001927599730068444	0.8407960199004975	0.11851401443761922	0.26790289725130645	Dendritic cell	Erythroid	2	6	9	3	6	RFC4	0.998057568587769	False
0.00036376088118504407	0.8407960199004975	0.20427000243593857	0.46270468109229235	NK	Erythroid	2	7	9	5	9	RHOA	0.998057568587769	False
1.3917499963087768e-05	0.8407960199004975	0.09651816652926981	0.2737748666781814	Plasma cell	Dendritic cell	2	7	17	5	13	RNF24	0.998057568587769	False
0.0003351975123905028	0.8407960199004975	0.06220418708375852	0.13628700908280933	Dendritic cell	B cell	2	6	6	3	6	SH3GLB1	0.998057568587769	False
9.508784679373295e-05	0.8407960199004975	0.0777433482511189	0.10082906844499584	Dendritic cell	Monocyte	2	7	12	6	11	SRP72	0.998057568587769	False
0.00023352175868176646	0.8407960199004975	0.12986315603163356	0.08163072504660657	B cell	Monocyte	2	5	6	3	5	SZRD1	0.998057568587769	False
0.00016807929964530172	0.8407960199004975	0.41931163939065574	0.15515415270617233	NK	Plasma cell	2	7	12	4	9	TP53INP1	0.998057568587769	False
0.0002986569910793624	0.8407960199004975	0.11692984363585135	0.15535097813578824	Plasma cell	B cell	2	7	11	3	8	VPS4A	0.998057568587769	False
4.3057932856178315e-05	0.8407960199004975	0.10900452660174736	0.3149491227481011	NK	T cell	2	7	11	3	6	WDFY4	0.998057568587769	False
7.733854519959785e-05	0.8407960199004975	0.25176849391230977	0.27398566639694827	Plasma cell	Erythroid	2	7	12	3	8	ZC3H3	0.998057568587769	False
0.00015784019334577688	0.8407960199004975	0.15605066445182725	0.11932408194090433	NK	Erythroid	2	6	9	3	6	ZFP64	0.998057568587769	False
0.0006122504646299441	0.8407960199004975	0.24376377547109263	0.2069119038343814	T cell	B cell	2	6	7	3	4	ZNF888	0.998057568587769	False
0.00011624761525015234	0.845771144278607	0.07711446534985023	0.17271989065360693	T cell	Plasma cell	2	6	12	5	9	ACSM3	0.9981910431979674	False
0.000105008957447181	0.845771144278607	0.09572488083939767	0.06993175974791699	NK	Monocyte	2	7	9	3	7	AEBP2	0.9981910431979674	False
9.233649531997306e-05	0.845771144278607	0.11126931414206082	0.23169009199881457	Erythroid	NK	2	7	9	4	8	APPL2	0.9981910431979674	False
5.30822041564972e-05	0.845771144278607	0.1856567754783221	0.25052920941992773	B cell	Plasma cell	2	3	4	3	3	ARL11	0.9981910431979674	False
0.0002958180779722561	0.845771144278607	0.3364946129692047	0.40580985915492956	Dendritic cell	Plasma cell	2	6	8	3	6	BLMH	0.9981910431979674	False
0.00011181846774264623	0.845771144278607	0.1626221413198522	0.3679796777010399	Monocyte	Plasma cell	2	7	11	5	9	CCDC107	0.9981910431979674	False
4.228685568377898e-05	0.845771144278607	0.3223467879553508	0.8435636527366128	NK	T cell	2	7	7	4	7	CD52	0.9981910431979674	False
0.0001527820585621182	0.845771144278607	0.11304150349226855	0.08520906289829605	Monocyte	Dendritic cell	2	4	9	3	7	CD99L2	0.9981910431979674	False
0.00014826386579956498	0.845771144278607	0.16168479863130675	0.23044829394681837	Erythroid	Plasma cell	2	5	10	3	8	CHMP1A	0.9981910431979674	False
0.00017375805853808913	0.845771144278607	0.18829002715410198	0.0751214819565379	Monocyte	B cell	2	6	7	3	6	DDX10	0.9981910431979674	False
8.69968121869338e-05	0.845771144278607	0.1772044687346251	0.30043629916999554	Erythroid	Plasma cell	2	3	4	3	3	ENSG00000265008	0.9981910431979674	False
3.444210382793255e-05	0.845771144278607	0.25442845063135044	0.1995626404940376	Plasma cell	T cell	2	7	12	4	8	KIF22	0.9981910431979674	False
0.0002552713708997065	0.845771144278607	0.049717114794951445	0.10853490539281224	Plasma cell	T cell	2	4	6	3	4	LPCAT3	0.9981910431979674	False
7.23134374218673e-05	0.845771144278607	0.1434038602256496	0.16418751408609422	B cell	Dendritic cell	2	6	10	3	6	METTL9	0.9981910431979674	False
0.0001373954671087342	0.845771144278607	0.18664248949143558	0.2974393382587155	Dendritic cell	Plasma cell	2	7	18	8	14	MTMR6	0.9981910431979674	False
4.138349416910737e-05	0.845771144278607	0.2374554064244806	0.46799061725791996	Monocyte	Dendritic cell	2	7	11	4	7	PECAM1	0.9981910431979674	False
0.000471734928286644	0.845771144278607	0.29250189369465285	0.38569450332061617	B cell	T cell	2	7	9	3	6	PHF19	0.9981910431979674	False
9.303032670025555e-05	0.845771144278607	0.13760004931795422	0.13044523411371234	Erythroid	B cell	2	4	6	3	5	PILRB	0.9981910431979674	False
0.00022197319301205947	0.845771144278607	0.23272320401279195	0.147274014632995	Erythroid	T cell	2	4	6	4	4	PPAT	0.9981910431979674	False
0.0002677376777717109	0.845771144278607	0.15688311688311696	0.1409262485481998	Monocyte	B cell	2	3	4	3	3	PRDM4	0.9981910431979674	False
9.899828084451059e-05	0.845771144278607	0.24604795946226538	0.2597508861634987	Dendritic cell	Plasma cell	2	7	13	4	11	RAD23B	0.9981910431979674	False
8.271797184789705e-05	0.845771144278607	0.10879222654579246	0.06593419170243198	B cell	T cell	2	4	7	3	6	RAP2B	0.9981910431979674	False
0.000149644991286912	0.845771144278607	0.07913631653790248	0.07223034236229575	NK	Erythroid	2	7	10	3	8	RNF169	0.9981910431979674	False
6.7921427589046e-05	0.845771144278607	0.11929320374902552	0.14177702639241097	B cell	Dendritic cell	2	5	9	4	6	SLC44A1	0.9981910431979674	False
0.0003559255385956088	0.845771144278607	0.4973885864085501	0.4818438216111405	NK	Plasma cell	2	7	9	3	6	TAX1BP3	0.9981910431979674	False
5.4849165060704386e-05	0.845771144278607	0.07110329419581685	0.1777967160635709	NK	Plasma cell	2	7	11	6	9	TM9SF3	0.9981910431979674	False
0.0001267234510842593	0.845771144278607	0.11476717753577687	0.2074115934460941	Dendritic cell	Monocyte	2	6	10	4	6	TXK	0.9981910431979674	False
0.00015946176694495292	0.845771144278607	0.10622417707881887	0.09922624505221722	B cell	Plasma cell	2	7	9	3	7	ULK4	0.9981910431979674	False
0.0010213475425331037	0.845771144278607	0.3297985030758491	0.27788104089219334	Dendritic cell	Erythroid	2	5	7	3	5	YJU2B	0.9981910431979674	False
0.00024100044728832197	0.8507462686567164	0.20238179374745102	0.3881816275167785	B cell	Dendritic cell	2	7	9	3	8	APIP	0.9987693263897032	False
5.501794875953867e-05	0.8507462686567164	0.03826768000313491	0.12103897764453647	Plasma cell	NK	2	7	17	11	15	BCL2	0.9987693263897032	False
2.529206540169174e-05	0.8507462686567164	0.15431556706915733	0.583653651015778	Erythroid	Monocyte	2	7	9	3	7	CAT	0.9987693263897032	False
0.00016277194415649016	0.8507462686567164	0.1653520903991224	0.13416260190045404	B cell	T cell	2	5	11	3	7	CEP76	0.9987693263897032	False
0.00027556574461230386	0.8507462686567164	0.1547091125779244	0.2345681792590924	Dendritic cell	Erythroid	2	6	11	4	6	ENSG00000259972	0.9987693263897032	False
3.566436092719571e-05	0.8507462686567164	0.31502908275528285	0.20565052827954866	Plasma cell	Erythroid	2	7	15	3	11	FAM3A	0.9987693263897032	False
0.0002449973692783103	0.8507462686567164	0.15458842011826224	0.14251224391253364	NK	Dendritic cell	2	7	13	6	10	GSE1	0.9987693263897032	False
1.509324101510701e-05	0.8507462686567164	0.05663991608686303	0.13941152305638282	T cell	Monocyte	2	4	5	3	4	H2AC25	0.9987693263897032	False
0.00010023518013471409	0.8507462686567164	0.14706793694092474	0.24473197973758515	Dendritic cell	NK	2	7	6	3	5	HIGD2A	0.9987693263897032	False
0.00028595109179115476	0.8507462686567164	0.18613164212488853	0.20985939610723192	Monocyte	Plasma cell	2	4	8	4	5	IL15RA	0.9987693263897032	False
0.00013804130964332535	0.8507462686567164	0.1402289243003899	0.08480363955938458	Plasma cell	B cell	2	7	9	4	7	INSR	0.9987693263897032	False
0.000188879275867859	0.8507462686567164	0.030495139803806304	0.13086389851803637	Plasma cell	Monocyte	2	6	7	3	7	KHDRBS1	0.9987693263897032	False
0.00033431456235168036	0.8507462686567164	0.05890384817439742	0.1431988501616241	NK	Dendritic cell	2	7	18	10	17	MICU2	0.9987693263897032	False
0.00011393086111720608	0.8507462686567164	0.14815922267535175	0.4262139466958744	Erythroid	Plasma cell	2	6	6	3	6	MRPL9	0.9987693263897032	False
0.0001618923157938379	0.8507462686567164	0.15172762912439508	0.09121039349702703	B cell	Erythroid	2	7	11	7	10	NUTM2B-AS1	0.9987693263897032	False
0.00010674489006709031	0.8507462686567164	0.22467158815262073	0.25682756062502904	NK	Erythroid	2	7	9	3	7	PCBP2	0.9987693263897032	False
3.714805902730203e-05	0.8507462686567164	0.12176059747363782	0.026840490797546024	Erythroid	Monocyte	2	5	7	4	5	RPL15	0.9987693263897032	False
2.105614715172697e-05	0.8507462686567164	0.15678393567920446	0.43490107566237624	T cell	Dendritic cell	2	6	6	3	4	RPL19	0.9987693263897032	False
0.00019684231665672409	0.8507462686567164	0.11802847985075071	0.061170212765957466	NK	T cell	2	5	8	3	5	SEC24A	0.9987693263897032	False
0.00025730977436294974	0.8507462686567164	0.10098763331726451	0.088029495580493	Dendritic cell	Plasma cell	2	7	12	3	10	SLAIN1	0.9987693263897032	False
6.721996614739761e-05	0.8507462686567164	0.20462291160392518	0.37850665637661585	Monocyte	B cell	2	7	13	5	11	SPSB3	0.9987693263897032	False
1.2229578342218894e-05	0.8507462686567164	0.14280486019616462	0.6243354626004533	Monocyte	Plasma cell	2	4	5	3	4	TMEM9	0.9987693263897032	False
0.0005401098156271253	0.8507462686567164	0.210699157482733	0.249633431085044	Dendritic cell	Plasma cell	2	6	7	3	7	WASHC3	0.9987693263897032	False
6.754265948736279e-05	0.8557213930348259	0.039471260621223414	0.08646696208870497	Erythroid	Plasma cell	2	6	9	4	7	ATP2A2	0.9987693263897032	False
0.00011560269265558687	0.8557213930348259	0.250732700685753	0.29132113479939564	Plasma cell	T cell	2	7	14	4	9	ATP8B1-AS1	0.9987693263897032	False
6.119349389916966e-05	0.8557213930348259	0.33374867776987716	0.4354283419949896	NK	Dendritic cell	2	7	12	4	10	BOD1L1	0.9987693263897032	False
5.2773599939230176e-05	0.8557213930348259	0.16858987475741644	0.24205560659317252	Plasma cell	Dendritic cell	2	7	11	6	10	BSG	0.9987693263897032	False
5.7125471494384645e-05	0.8557213930348259	0.24590801135611695	0.23957434570031638	Plasma cell	Dendritic cell	2	7	11	5	8	CEP95	0.9987693263897032	False
0.00010595543376197092	0.8557213930348259	0.060515610255631125	0.19574468085106383	Dendritic cell	Erythroid	2	7	10	4	7	CSNK1G2	0.9987693263897032	False
0.0002524993275952764	0.8557213930348259	0.12267653868003942	0.10014781966001479	Monocyte	Erythroid	2	7	12	3	8	ENSG00000261460	0.9987693263897032	False
0.0002698425328250183	0.8557213930348259	0.5517317703425431	0.6053030303030303	Dendritic cell	Erythroid	2	7	8	3	5	GRWD1	0.9987693263897032	False
7.129417800979332e-05	0.8557213930348259	0.21634688123929358	0.5256831291314049	Plasma cell	Erythroid	2	7	13	4	11	HAGH	0.9987693263897032	False
0.0003375719994406561	0.8557213930348259	0.16821544644125286	0.19450330300386387	T cell	Plasma cell	2	5	5	3	4	HARS1	0.9987693263897032	False
0.0002405316930798691	0.8557213930348259	0.2228743889459584	0.48324404711608326	NK	Dendritic cell	2	7	12	4	10	HPF1	0.9987693263897032	False
2.4400203681377605e-05	0.8557213930348259	0.08794060616069094	0.15413319946452475	Monocyte	NK	2	7	8	6	8	KMT2C	0.9987693263897032	False
0.0002764210973933911	0.8557213930348259	0.1208685996636274	0.11237623762376237	Plasma cell	Dendritic cell	2	7	10	3	5	LINC02649	0.9987693263897032	False
0.0002169237370052738	0.8557213930348259	0.11419360602626416	0.20176623345646877	B cell	NK	2	7	11	3	9	MAPK8IP3	0.9987693263897032	False
9.408325498135583e-05	0.8557213930348259	0.09566771757164472	0.14419615442182643	Erythroid	NK	2	7	12	4	10	MEGF9	0.9987693263897032	False
0.00022962758793317736	0.8557213930348259	0.22936077959543738	0.34928736517719566	Dendritic cell	Monocyte	2	5	7	3	5	MRPS18C	0.9987693263897032	False
0.00012112023990641473	0.8557213930348259	0.1735170197662294	0.54295723425416	NK	Plasma cell	2	7	16	7	13	MX1	0.9987693263897032	False
0.000216665803457855	0.8557213930348259	0.05216684213277839	0.06036505511295431	T cell	Plasma cell	2	4	4	3	4	MYOM1	0.9987693263897032	False
0.00017807775532660357	0.8557213930348259	0.2569011182163149	0.2586817075868171	B cell	Dendritic cell	2	7	11	3	9	NT5C	0.9987693263897032	False
0.00022010194256561892	0.8557213930348259	0.10823296929033688	0.09607036839985478	Monocyte	Erythroid	2	5	6	3	4	PDGFD	0.9987693263897032	False
0.00011997791459640869	0.8557213930348259	0.14067147982229955	0.16429699524052965	Dendritic cell	Erythroid	2	7	7	3	7	PSMB4	0.9987693263897032	False
0.00016942301424595458	0.8557213930348259	0.15081338174093895	0.12022339800117576	Erythroid	Monocyte	2	6	8	3	7	SQOR	0.9987693263897032	False
0.00010728302539124833	0.8557213930348259	0.29005342681710133	0.259344166085904	NK	Plasma cell	2	7	9	3	8	SUCLG2	0.9987693263897032	False
0.00019391734542302012	0.8557213930348259	0.10599920017375392	0.10806206267112867	Erythroid	B cell	2	5	7	3	5	TESK2	0.9987693263897032	False
0.0113361063717105	0.8557213930348259	0.09036797245785189	0.37179501149356653	B cell	NK	2	7	18	9	14	TPT1	0.9987693263897032	False
0.00010934046692896622	0.8557213930348259	0.06215488883344933	0.06011550382411307	T cell	Plasma cell	2	6	7	4	7	XPR1	0.9987693263897032	False
6.51635325090906e-05	0.8557213930348259	0.08402742000501362	0.18344042788703585	Erythroid	B cell	2	7	9	7	9	XRN1	0.9987693263897032	False
2.9234512068695557e-05	0.8606965174129353	0.31682492149383074	0.4836376838877982	B cell	Monocyte	2	5	8	3	7	AEN	0.9987693263897032	False
0.0005971555552556408	0.8606965174129353	0.2745575142670567	0.3221743608952149	NK	Dendritic cell	2	7	14	3	9	ALG5	0.9987693263897032	False
8.802674769334138e-05	0.8606965174129353	0.232101579061042	0.26155273130889684	Monocyte	Plasma cell	2	7	18	6	14	BTG3	0.9987693263897032	False
3.881297331622906e-05	0.8606965174129353	0.12093842781797476	0.22805860201753664	NK	Erythroid	2	7	17	7	14	CARS2	0.9987693263897032	False
0.0005517975751915669	0.8606965174129353	0.19486755546123413	0.26296476982613876	Plasma cell	Dendritic cell	2	7	11	4	7	DNMT1	0.9987693263897032	False
0.0002474280107590849	0.8606965174129353	0.15919889066860354	0.1969779819189268	Plasma cell	Dendritic cell	2	6	9	3	6	DTX3L	0.9987693263897032	False
0.00010561083478606066	0.8606965174129353	0.10981162608638212	0.18228669169424883	Dendritic cell	Erythroid	2	6	13	4	10	EBAG9	0.9987693263897032	False
4.3126048195820836e-05	0.8606965174129353	0.00392265291765731	0.00022007042253524567	Monocyte	T cell	2	2	4	4	4	FGFR1	0.9987693263897032	False
0.00013777622888566936	0.8606965174129353	0.112985050038095	0.10576119243698978	Dendritic cell	B cell	2	4	7	4	5	GK5	0.9987693263897032	False
4.4450726281667134e-05	0.8606965174129353	0.06575401434779149	0.18831518079407766	Plasma cell	Erythroid	2	7	11	6	10	HELZ	0.9987693263897032	False
5.29538524779098e-05	0.8606965174129353	0.12644798818883307	0.4194083097308904	NK	Monocyte	2	7	11	5	8	IKZF3	0.9987693263897032	False
9.057971439342948e-05	0.8606965174129353	0.10697769643099198	0.181318580160542	B cell	Erythroid	2	5	8	3	6	JADE2	0.9987693263897032	False
5.7802294002558816e-05	0.8606965174129353	0.10782607207728362	0.20066044838359198	T cell	Monocyte	2	6	9	4	8	JMY	0.9987693263897032	False
0.00010051609255409213	0.8606965174129353	0.08151921461837808	0.13252867715015432	Erythroid	T cell	2	5	7	3	6	KDM7A	0.9987693263897032	False
0.0003258030065332209	0.8606965174129353	0.10206738864607551	0.08264758497316632	Monocyte	Plasma cell	2	6	7	3	5	LINC00598	0.9987693263897032	False
0.00015655773661443675	0.8606965174129353	0.04481504304347095	0.05774661813156534	Erythroid	NK	2	6	7	3	6	LRRC8C	0.9987693263897032	False
0.0003734065611928869	0.8606965174129353	0.16848460694044404	0.21230158730158727	Dendritic cell	B cell	2	5	5	3	4	MAPKAPK2	0.9987693263897032	False
0.00033836850942002035	0.8606965174129353	0.20811315679201858	0.19679214786621135	NK	Plasma cell	2	7	11	3	8	MFSD8	0.9987693263897032	False
0.0002729269106430663	0.8606965174129353	0.1136560878681393	0.10081163511708208	Dendritic cell	B cell	2	5	9	4	7	MIRLET7A1HG	0.9987693263897032	False
0.00010929110995316636	0.8606965174129353	0.05976515899676138	0.1062762818411187	Plasma cell	NK	2	7	14	4	11	NCOA5	0.9987693263897032	False
5.685986444049385e-05	0.8606965174129353	0.15335129394146368	0.11456841220869374	Dendritic cell	Erythroid	2	7	9	3	7	NCOR2	0.9987693263897032	False
5.936448427692855e-05	0.8606965174129353	0.34643846893846897	0.519253604749788	Dendritic cell	NK	2	7	10	3	8	NDUFC1	0.9987693263897032	False
0.0001421400397248136	0.8606965174129353	0.2882733570777049	0.21107660455486543	B cell	Plasma cell	2	5	8	4	6	NUP42	0.9987693263897032	False
0.00013703204241997388	0.8606965174129353	0.22918359724320597	0.16278004940795637	Dendritic cell	Plasma cell	2	6	7	4	7	PARP1	0.9987693263897032	False
0.00010335064358218019	0.8606965174129353	0.10709653905162503	0.16569116757410762	B cell	Plasma cell	2	6	7	5	7	RC3H1	0.9987693263897032	False
0.0001801580467435847	0.8606965174129353	0.2550292614214558	0.2954844006568144	Monocyte	NK	2	6	7	3	7	SARNP	0.9987693263897032	False
0.0001254921039624155	0.8606965174129353	0.12315984961877208	0.1866620434581599	T cell	Plasma cell	2	7	8	3	5	SLC4A7	0.9987693263897032	False
1.690987939810989e-05	0.8606965174129353	0.10680536695359483	0.008325552443199546	Monocyte	Dendritic cell	2	3	4	3	3	TAGLN2	0.9987693263897032	False
0.00023786567061717098	0.8606965174129353	0.21704856339454653	0.21601455868971786	T cell	Dendritic cell	2	7	9	3	6	TMEM259	0.9987693263897032	False
9.558699308183676e-05	0.8606965174129353	0.12625637915492982	0.19005002524209463	Dendritic cell	Plasma cell	2	6	7	3	4	TNFRSF1B	0.9987693263897032	False
0.00012107414102132924	0.8606965174129353	0.24775985578104648	0.2225342833862104	Dendritic cell	Plasma cell	2	6	11	3	7	UVSSA	0.9987693263897032	False
0.00012092744194281274	0.8606965174129353	0.17121242297781541	0.23768472906403942	Erythroid	Dendritic cell	2	6	7	3	6	ZKSCAN1	0.9987693263897032	False
4.938508203354348e-05	0.8656716417910447	0.27240262044611546	0.19948626209806886	Dendritic cell	T cell	2	4	6	3	4	ATP6V1B2	0.9987693263897032	False
6.353235268782163e-05	0.8656716417910447	0.17910862547277784	0.4123667487084516	Monocyte	Dendritic cell	2	7	7	4	7	CALR	0.9987693263897032	False
2.600949338243921e-05	0.8656716417910447	0.20206889455162041	0.0769760696156635	Plasma cell	Monocyte	2	5	7	3	5	CENPH	0.9987693263897032	False
4.34585213534106e-05	0.8656716417910447	0.05539627383553286	0.11320338298860988	NK	Plasma cell	2	7	13	7	13	CHD9	0.9987693263897032	False
0.0005134536706799019	0.8656716417910447	0.17278470274912155	0.2558050645007167	T cell	Erythroid	2	7	11	4	7	CWF19L1	0.9987693263897032	False
0.0001693067817624441	0.8656716417910447	0.18074409530316837	0.22723048327137546	Erythroid	B cell	2	5	6	3	5	ELP6	0.9987693263897032	False
7.627231242680034e-05	0.8656716417910447	0.11664097415946845	0.19088669950738923	B cell	Plasma cell	2	3	5	3	4	GOLIM4	0.9987693263897032	False
3.0908931308531856e-05	0.8656716417910447	0.19509869075137903	0.19793946511503757	Erythroid	Plasma cell	2	6	9	3	6	INSYN2B	0.9987693263897032	False
3.6376202465344524e-05	0.8656716417910447	0.0775506873702847	0.07661455883522694	Erythroid	NK	2	7	13	6	11	INVS	0.9987693263897032	False
0.00010709674300322429	0.8656716417910447	0.5464278966580757	0.5345657581560157	NK	Erythroid	2	7	11	3	8	ISOC2	0.9987693263897032	False
0.00010518374246493525	0.8656716417910447	0.29641583172040453	0.3222972972972973	Erythroid	Monocyte	2	6	8	3	6	MAN2A2	0.9987693263897032	False
0.0002432169266003012	0.8656716417910447	0.1443107377399056	0.1250442540536713	T cell	B cell	2	5	6	3	6	MAPKAPK5	0.9987693263897032	False
0.00015939568968909666	0.8656716417910447	0.1764738866713575	0.2529994515288633	Erythroid	Dendritic cell	2	4	5	3	4	MTA2	0.9987693263897032	False
7.739514321492743e-05	0.8656716417910447	0.08713442777931507	0.1005596843747133	Erythroid	T cell	2	6	11	3	8	NR6A1	0.9987693263897032	False
9.17807451336586e-05	0.8656716417910447	0.2569078973882721	0.2831804764916719	Erythroid	Plasma cell	2	7	11	4	9	PCGF3-AS1	0.9987693263897032	False
0.0002993542967884567	0.8656716417910447	0.13388577355879958	0.326656874723407	Erythroid	Dendritic cell	2	6	7	5	7	SRSF10	0.9987693263897032	False
8.444679068880468e-05	0.8656716417910447	0.2242592658017833	0.19914560369485512	Monocyte	Erythroid	2	6	9	4	6	SWAP70	0.9987693263897032	False
0.00035397425291967843	0.8656716417910447	0.04798287804944368	0.12561576354679804	B cell	Monocyte	2	3	4	3	3	THAP9	0.9987693263897032	False
0.0008521172675410649	0.8656716417910447	0.20107600092275635	0.09095509171410504	Plasma cell	Erythroid	2	6	6	3	5	TUFM	0.9987693263897032	False
9.724830793278966e-05	0.8656716417910447	0.10376782657287342	0.10826744101112018	Dendritic cell	T cell	2	7	11	5	9	VPS53	0.9987693263897032	False
0.00029005585610772746	0.8656716417910447	0.10330365429297383	0.1502564102564103	Plasma cell	Erythroid	2	5	8	3	6	ZMAT2	0.9987693263897032	False
2.11947058834433e-05	0.8706467661691543	0.10743096213502856	0.33011045179967347	Erythroid	Dendritic cell	2	7	10	7	9	AFF4	0.9987693263897032	False
0.00012880901063057204	0.8706467661691543	0.11485413985413984	0.18592592592592594	Erythroid	Dendritic cell	2	5	6	3	6	ALDH9A1	0.9987693263897032	False
0.00045701348261045565	0.8706467661691543	0.1364889358551583	0.2782163187855788	Dendritic cell	Plasma cell	2	7	11	5	10	ANKDD1A	0.9987693263897032	False
0.00016823320896334234	0.8706467661691543	0.16169832908264248	0.35913582639023445	NK	Plasma cell	2	4	6	3	5	ARAP1	0.9987693263897032	False
0.0001986181383374678	0.8706467661691543	0.09242568612097862	0.06860753479975296	T cell	Plasma cell	2	5	7	3	6	AVEN	0.9987693263897032	False
0.0005207030875263144	0.8706467661691543	0.16267514474695147	0.15849624060150375	Dendritic cell	T cell	2	5	7	3	5	C12orf43	0.9987693263897032	False
0.00031406281773308615	0.8706467661691543	0.29869220359712745	0.3421994806312328	NK	B cell	2	7	10	4	7	CCDC144BP	0.9987693263897032	False
6.989255411515594e-05	0.8706467661691543	0.10405657086602371	0.33603807063576313	B cell	Dendritic cell	2	7	13	7	12	CHASERR	0.9987693263897032	False
0.00022123811548684845	0.8706467661691543	0.06040950258675082	0.0853658536585366	Erythroid	Plasma cell	2	5	6	3	6	CRACR2A	0.9987693263897032	False
2.95841446951999e-05	0.8706467661691543	0.27694777313585417	0.45070729968972334	Monocyte	Dendritic cell	2	7	9	5	8	DYNLL1	0.9987693263897032	False
0.00013181948919269935	0.8706467661691543	0.16880127098869596	0.4580586187447731	B cell	Erythroid	2	6	7	3	4	ENSG00000288755	0.9987693263897032	False
0.00021894897817823332	0.8706467661691543	0.08197242845060848	0.1376755378940202	Erythroid	B cell	2	7	9	3	7	FAR2	0.9987693263897032	False
0.00013511086335427604	0.8706467661691543	0.1148051609059555	0.12692154182944088	T cell	NK	2	7	12	3	8	FIRRE	0.9987693263897032	False
0.00042564553338510474	0.8706467661691543	0.120586650520138	0.10692731992212856	Plasma cell	Monocyte	2	4	5	3	4	FLVCR1	0.9987693263897032	False
0.0003785665717556936	0.8706467661691543	0.06840777075852539	0.10884678660510533	Monocyte	B cell	2	5	8	4	6	GTF2I	0.9987693263897032	False
0.0001540981332872565	0.8706467661691543	0.11506999965339637	0.15449854642745459	Plasma cell	Erythroid	2	6	10	3	8	HNRNPA1L2	0.9987693263897032	False
0.00014627881984041567	0.8706467661691543	0.35969395712402125	0.6445445332261253	Monocyte	T cell	2	6	12	4	7	HSBP1L1	0.9987693263897032	False
9.458554787287709e-05	0.8706467661691543	0.09135361899069744	0.03134366085292306	Erythroid	B cell	2	3	5	3	4	IFT80	0.9987693263897032	False
0.0001509937922208759	0.8706467661691543	0.1515419834545489	0.06086541126362005	Erythroid	NK	2	5	7	3	5	KDM6B	0.9987693263897032	False
5.336957088474093e-05	0.8706467661691543	0.05722906264149885	0.11928255316556502	Erythroid	T cell	2	7	6	3	6	LAPTM5	0.9987693263897032	False
0.0003120200446941237	0.8706467661691543	0.11680266904670833	0.10576923076923078	Dendritic cell	T cell	2	4	5	3	4	LNCRNA-IUR	0.9987693263897032	False
0.00024393732068012444	0.8706467661691543	0.10865918114309814	0.07996599346054944	Monocyte	Dendritic cell	2	6	10	4	8	MAGED1	0.9987693263897032	False
0.00027647294767966054	0.8706467661691543	0.14799429547902687	0.3133383493856951	T cell	Dendritic cell	2	7	13	4	10	MGRN1	0.9987693263897032	False
0.0003845831367709934	0.8706467661691543	0.4275832700314466	0.4384725953663976	Erythroid	Dendritic cell	2	7	16	4	12	MRPL57	0.9987693263897032	False
6.178742496972308e-05	0.8706467661691543	0.18405104173400672	0.28114553934226066	Plasma cell	Monocyte	2	7	13	6	11	MTMR10	0.9987693263897032	False
1.4399576635321681e-05	0.8706467661691543	0.08849851661986169	0.08604240652541062	T cell	Plasma cell	2	5	7	3	6	NFIA	0.9987693263897032	False
0.00021590884397554218	0.8706467661691543	0.3789984756528874	0.5056338028169014	B cell	Dendritic cell	2	7	10	3	5	NRBF2	0.9987693263897032	False
2.591328064830066e-05	0.8706467661691543	0.10128353198332352	0.20108866986247442	NK	Erythroid	2	7	10	6	9	PDE3B	0.9987693263897032	False
0.0002547978442582084	0.8706467661691543	0.1706801419249686	0.2550617750221187	Plasma cell	Dendritic cell	2	7	11	3	10	PPP6C	0.9987693263897032	False
0.00029789037760707347	0.8706467661691543	0.13742210955229628	0.11230623220499847	B cell	Monocyte	2	4	6	3	5	SH3PXD2A	0.9987693263897032	False
0.0001142796329390387	0.8706467661691543	0.1161697123265264	0.09875958001328256	Erythroid	NK	2	7	9	5	9	SMARCC1	0.9987693263897032	False
5.964346460347049e-05	0.8706467661691543	0.16014526092848147	0.25832272673777446	Monocyte	Plasma cell	2	6	7	5	7	SRSF4	0.9987693263897032	False
0.0001064103341639881	0.8706467661691543	0.12790240461293095	0.19995529227674075	Monocyte	B cell	2	5	6	3	5	SRSF9	0.9987693263897032	False
0.0008604336157460716	0.8706467661691543	0.21394692171392557	0.16649566899335633	Erythroid	Dendritic cell	2	5	8	3	6	STK26	0.9987693263897032	False
0.00010144012023467075	0.8706467661691543	0.05433877476951127	0.08748852157943066	NK	Plasma cell	2	7	11	6	9	SYNRG	0.9987693263897032	False
0.0002610161456596898	0.8706467661691543	0.29239437649663025	0.3706772649444465	Plasma cell	Erythroid	2	6	10	3	7	TGDS	0.9987693263897032	False
0.0002478740790736862	0.8706467661691543	0.14924349147640742	0.34299271039214174	Plasma cell	Dendritic cell	2	7	11	4	9	USP3-AS1	0.9987693263897032	False
0.0002046805106660651	0.8706467661691543	0.20406750548897373	0.2482293865969592	Erythroid	T cell	2	7	9	4	7	USP4	0.9987693263897032	False
0.00014812851808140354	0.8706467661691543	0.1156230742065209	0.10622776805375189	Monocyte	Plasma cell	2	6	11	4	7	ZNF75D	0.9987693263897032	False
0.00024098012138781174	0.8756218905472637	0.27648154036722383	0.26534329607639484	NK	Plasma cell	2	7	14	4	9	ARHGEF6	0.9987693263897032	False
0.00011016011522192978	0.8756218905472637	0.18681940284246068	0.1736629597073338	B cell	Erythroid	2	5	4	3	3	ARPC1B	0.9987693263897032	False
0.00010621920282364564	0.8756218905472637	0.08041778495423413	0.1793961082531872	B cell	T cell	2	5	9	3	6	CAMSAP1	0.9987693263897032	False
0.0002581894004452028	0.8756218905472637	0.1408000925521238	0.21646341463414634	B cell	Dendritic cell	2	5	6	3	5	CAPN2	0.9987693263897032	False
8.441124906027088e-05	0.8756218905472637	0.3420176441734893	0.6477562212525062	Plasma cell	Dendritic cell	2	7	10	3	7	CCDC88B	0.9987693263897032	False
0.0007544240884079313	0.8756218905472637	0.24160187638448505	0.30873015873015874	T cell	Erythroid	2	3	4	3	3	DDX23	0.9987693263897032	False
4.4162106871133784e-05	0.8756218905472637	0.2566096168359846	0.6396627565982405	Dendritic cell	Plasma cell	2	6	7	3	7	DNTTIP2	0.9987693263897032	False
0.00025324548531468176	0.8756218905472637	0.17269967049938983	0.16658632590353784	NK	B cell	2	7	10	3	5	DPYSL2	0.9987693263897032	False
0.00020564202669584358	0.8756218905472637	0.08001584701008307	0.11528963614869303	Dendritic cell	Monocyte	2	7	7	4	6	EIF3G	0.9987693263897032	False
0.000319122142916051	0.8756218905472637	0.13862235325649952	0.1786736344407117	B cell	Erythroid	2	5	6	3	4	ENSG00000268205	0.9987693263897032	False
0.0005288132701664669	0.8756218905472637	0.0643679911171382	0.07749787492010352	Erythroid	Plasma cell	2	5	11	3	7	ENSG00000290886	0.9987693263897032	False
6.217411164347507e-05	0.8756218905472637	0.09645253905466938	0.16916484781939184	T cell	Dendritic cell	2	7	12	6	10	FAM13A	0.9987693263897032	False
0.0006571088304592101	0.8756218905472637	0.09941137940007355	0.10416666666666669	B cell	Erythroid	2	4	7	3	4	GFOD2	0.9987693263897032	False
2.164257137230151e-07	0.8756218905472637	0.025074183123404092	0.41020427600305454	Plasma cell	Erythroid	2	2	4	4	4	HBA2	0.9987693263897032	False
0.00012375075342178118	0.8756218905472637	0.11677676152245958	0.09434759893596234	NK	B cell	2	7	8	4	6	HDAC9	0.9987693263897032	False
0.00015674939397375594	0.8756218905472637	0.08054001604530103	0.36013489225646556	T cell	Dendritic cell	2	7	11	6	9	HNRNPH3	0.9987693263897032	False
0.00010367240034272572	0.8756218905472637	0.06924635981722993	0.19021885273630978	NK	B cell	2	7	13	4	11	KATNBL1	0.9987693263897032	False
0.00011031784337538114	0.8756218905472637	0.16315862860987757	0.09849460736025867	Monocyte	T cell	2	4	5	3	3	KCNMB3	0.9987693263897032	False
0.00013299902519225095	0.8756218905472637	0.1333581577207662	0.12668012713784438	Dendritic cell	Plasma cell	2	7	12	3	10	KLHDC4	0.9987693263897032	False
0.00012165727561051659	0.8756218905472637	0.16036631293174508	0.256005892573846	Erythroid	T cell	2	7	16	5	12	MGME1	0.9987693263897032	False
0.00016086995750613182	0.8756218905472637	0.17100327034083823	0.25247626469764056	NK	Plasma cell	2	7	11	3	8	MKI67	0.9987693263897032	False
0.00011144151866384747	0.8756218905472637	0.15614867382902714	0.16642791112743144	Plasma cell	Erythroid	2	7	7	3	7	POGZ	0.9987693263897032	False
7.50230735320007e-05	0.8756218905472637	0.413511056535377	0.7321574989043923	Plasma cell	NK	2	7	11	4	10	POLR2E	0.9987693263897032	False
0.0002653356923559562	0.8756218905472637	0.10127980024707728	0.1256608142002701	Plasma cell	NK	2	7	12	3	8	PRDM15	0.9987693263897032	False
9.602913332405505e-05	0.8756218905472637	0.10551220013999946	0.15187509067169597	NK	T cell	2	7	9	3	6	SATB1	0.9987693263897032	False
0.0002733102307879757	0.8756218905472637	0.2832578981231676	0.28667072428484475	Erythroid	Monocyte	2	4	6	3	4	SETD1B	0.9987693263897032	False
3.061044751454741e-05	0.8756218905472637	0.049321823766149187	0.047336029095542076	Dendritic cell	Erythroid	2	7	14	6	11	SNTB1	0.9987693263897032	False
3.763137672416949e-05	0.8756218905472637	0.051618895017898125	0.16642096581990845	B cell	Monocyte	2	7	9	7	9	TAOK3	0.9987693263897032	False
0.000259259893527602	0.8756218905472637	0.13036928704083195	0.2193354101765317	Dendritic cell	Erythroid	2	7	13	5	9	TBC1D2B	0.9987693263897032	False
0.00019241768045311612	0.8756218905472637	0.09484647254781431	0.07659960177122649	B cell	Monocyte	2	3	5	3	4	TRIM52	0.9987693263897032	False
0.00010108527145535225	0.8756218905472637	0.26030847689587255	0.24372476175092878	Dendritic cell	T cell	2	7	12	4	8	UBL7-DT	0.9987693263897032	False
7.169834559381832e-05	0.8756218905472637	0.20642912736634278	0.16440123608609758	Dendritic cell	Plasma cell	2	7	12	5	10	UGCG	0.9987693263897032	False
0.0021903647200630853	0.8756218905472637	0.14741504751294943	0.38785208129066756	NK	Erythroid	2	7	9	3	6	ZNF195	0.9987693263897032	False
0.00012976560566740417	0.8805970149253731	0.06774206017524842	0.060798946444249324	Erythroid	Plasma cell	2	6	12	4	10	ABHD13	1.0	False
8.100312915300517e-05	0.8805970149253731	0.11162281319246042	0.14466655607166556	Erythroid	NK	2	7	13	4	9	ARHGAP17	1.0	False
3.461163190743283e-05	0.8805970149253731	0.19833501231329626	0.2866168255011502	Erythroid	Monocyte	2	4	7	3	5	ASPM	1.0	False
0.00013433734617590784	0.8805970149253731	0.13075395897309178	0.16913420422894349	T cell	B cell	2	5	9	3	7	CTNNAL1	1.0	False
0.00016470694588658114	0.8805970149253731	0.13571495744580808	0.13596885294998495	Erythroid	Monocyte	2	3	4	3	3	DDIT3	1.0	False
0.0006462698567096866	0.8805970149253731	0.11107957222130449	0.10965058031483466	NK	Plasma cell	2	7	7	3	6	DIPK1A	1.0	False
5.599023770694532e-05	0.8805970149253731	0.10657937247993493	0.16245115442553326	Plasma cell	Dendritic cell	2	7	9	5	9	FOXP1	1.0	False
0.0001111668328330893	0.8805970149253731	0.15186834126700377	0.21313100759561743	NK	Monocyte	2	7	9	3	9	KRR1	1.0	False
0.0005627536787193921	0.8805970149253731	0.134198730461067	0.28570367684639547	NK	Dendritic cell	2	7	13	4	10	PIEZO1	1.0	False
4.0329835988805944e-05	0.8805970149253731	0.31241849351638185	0.316546288775219	Monocyte	Erythroid	2	5	12	4	9	SHARPIN	1.0	False
4.023489207945694e-05	0.8805970149253731	0.11878712842233324	0.08928913266028016	B cell	T cell	2	7	9	3	7	SIMC1	1.0	False
0.00024655229845101063	0.8805970149253731	0.14640619713885272	0.17824463118580758	T cell	Dendritic cell	2	4	5	3	4	SLC35E2B	1.0	False
8.378494214533326e-05	0.8805970149253731	0.12686572395039314	0.22607753260135738	Plasma cell	Monocyte	2	6	8	3	6	SUDS3	1.0	False
0.0006378549650628565	0.8805970149253731	0.4144103382793768	0.6736348508107689	Plasma cell	NK	2	7	8	4	6	TMEM147	1.0	False
3.918363510117978e-05	0.8805970149253731	0.2579842012328016	0.46181996311664364	Erythroid	B cell	2	5	8	3	5	TSPAN13	1.0	False
8.59372628792447e-05	0.8805970149253731	0.09961304314648944	0.24798527299151102	Plasma cell	NK	2	7	13	6	11	UHRF2	1.0	False
4.863731120460255e-05	0.8805970149253731	0.25551943598958216	0.2856749979778371	Monocyte	B cell	2	3	4	3	3	USF1	1.0	False
3.7057829782248305e-05	0.8805970149253731	0.0657536122975586	0.11007499500330359	Erythroid	Plasma cell	2	5	8	4	7	VDAC2	1.0	False
7.407163101419523e-05	0.8805970149253731	0.20570111853033518	0.450433471541651	Erythroid	NK	2	7	17	5	12	ZBP1	1.0	False
0.00015597768127158552	0.8855721393034826	0.09199210164613658	0.11922290388548057	Plasma cell	Dendritic cell	2	7	11	3	7	ARHGAP12	1.0	False
0.0005162702518281357	0.8855721393034826	0.14587935899669957	0.07987670710587841	B cell	Plasma cell	2	7	8	4	7	CARD11	1.0	False
0.00015237150331029345	0.8855721393034826	0.10282682360973716	0.3934840176678536	T cell	B cell	2	6	9	3	6	CSNK1D	1.0	False
0.00016319027230785255	0.8855721393034826	0.2559152458818082	0.20696529080675424	T cell	Erythroid	2	4	6	3	5	ENSG00000234185	1.0	False
0.00016869322910784875	0.8855721393034826	0.2643038221934564	0.31868131868131866	B cell	Erythroid	2	5	8	3	6	FBXO25	1.0	False
0.00020141474953863593	0.8855721393034826	0.35799143524434224	0.3315170740809853	Dendritic cell	NK	2	7	13	4	9	IVD	1.0	False
4.9878294908676925e-05	0.8855721393034826	0.02813702410630947	0.08931248439948536	B cell	Erythroid	2	7	11	8	11	KANSL1	1.0	False
0.00029281455329597123	0.8855721393034826	0.1598159155019227	0.16749585406301826	Dendritic cell	B cell	2	4	5	3	4	KAT14	1.0	False
0.0005555154146263474	0.8855721393034826	0.15882662685049564	0.24420359445740158	NK	Erythroid	2	7	8	3	5	LDLR	1.0	False
0.00018947053108811312	0.8855721393034826	0.07196221387300394	0.09575260804768992	T cell	B cell	2	3	5	4	4	MAT2B	1.0	False
1.1330374519394725e-05	0.8855721393034826	0.3432721202654757	0.5472114204223851	NK	B cell	2	7	13	4	10	MAZ	1.0	False
0.00014923110214435265	0.8855721393034826	0.10171002680577246	0.1498188543487624	B cell	Dendritic cell	2	6	8	3	6	MLEC	1.0	False
0.0001811423207574181	0.8855721393034826	0.25716282551214603	0.115038766532786	Dendritic cell	T cell	2	7	12	5	8	MYO1E	1.0	False
0.00025427449251007507	0.8855721393034826	0.15737087503017583	0.23282282282282285	Erythroid	Dendritic cell	2	5	6	3	4	NKAPD1	1.0	False
0.002919352265668815	0.8855721393034826	0.36854201445455365	0.44712430426716143	B cell	NK	2	7	10	3	7	NUP62	1.0	False
0.0004836170784385047	0.8855721393034826	0.09188703245634511	0.1111111111111111	B cell	Monocyte	2	4	5	3	4	PATL1	1.0	False
2.211635626338294e-05	0.8855721393034826	0.05996731032484176	0.08046975129240908	T cell	Monocyte	2	7	17	8	14	PHF20	1.0	False
6.161388621951861e-05	0.8855721393034826	0.08398677380100622	0.23785852592139417	Monocyte	NK	2	7	8	5	8	RABGEF1	1.0	False
2.5380364560915853e-05	0.8855721393034826	0.09864470237044753	0.2964078638304951	Dendritic cell	Erythroid	2	7	9	6	9	RAP1B	1.0	False
5.822252347676192e-05	0.8855721393034826	0.11216215466341822	0.3275694754560132	T cell	Erythroid	2	5	8	3	7	RILPL2	1.0	False
0.0001233050745980639	0.8855721393034826	0.14178646436406622	0.1843208230139074	NK	Erythroid	2	7	11	4	7	RUFY2	1.0	False
0.00013967801313584236	0.8855721393034826	0.30378259646245365	0.4247027593745121	NK	B cell	2	7	9	3	7	SNRPN	1.0	False
4.5660176271936704e-05	0.8855721393034826	0.09817521470273632	0.1676779696873536	Erythroid	Plasma cell	2	7	13	6	12	SPPL2A	1.0	False
0.00022115215834019766	0.8855721393034826	0.060782987493901874	0.18156014468834242	NK	Plasma cell	2	5	8	3	5	TCF7L2	1.0	False
4.062861445690776e-05	0.8855721393034826	0.21691875845582287	0.34557346815174733	NK	Plasma cell	2	7	7	4	7	TMA7	1.0	False
0.0001333232682068342	0.8855721393034826	0.21511882991388045	0.28213307278196065	Plasma cell	Erythroid	2	7	8	4	6	TMEM107	1.0	False
0.0003312871246063622	0.8855721393034826	0.15821690842765002	0.22994372464337132	NK	Dendritic cell	2	7	18	8	15	TMEM50B	1.0	False
0.00011849593275769425	0.8855721393034826	0.11726201488921195	0.25276101050748934	T cell	Monocyte	2	4	7	3	5	TRIM4	1.0	False
0.00017730483621360198	0.8855721393034826	0.14569800250780207	0.35467480466467766	Erythroid	Plasma cell	2	7	13	4	10	ZC3H18	1.0	False
0.000449153691151032	0.8855721393034826	0.06813047402233985	0.06064539475754427	T cell	B cell	2	6	7	3	5	ZMYM6	1.0	False
8.924920594295214e-05	0.8855721393034826	0.12175842454495828	0.19722315155570425	Plasma cell	Monocyte	2	7	11	4	8	ZNF770	1.0	False
0.00030596979367891665	0.8905472636815921	0.12237872579785758	0.10298136645962735	Erythroid	NK	2	7	10	3	5	BPNT2	1.0	False
0.0002544280798727105	0.8905472636815921	0.09568662393646965	0.11329545454545453	Plasma cell	Dendritic cell	2	6	7	3	5	CAMTA1	1.0	False
0.0007819011569920708	0.8905472636815921	0.08980790630848084	0.19684106264813045	Plasma cell	B cell	2	7	11	3	9	CFAP97	1.0	False
5.596807755039324e-05	0.8905472636815921	0.09939552481208397	0.2321533208058031	Plasma cell	T cell	2	7	13	4	9	CYLD	1.0	False
0.00024142604375445334	0.8905472636815921	0.2904653646296679	0.2690499669695259	Plasma cell	T cell	2	7	9	3	6	EXOC3	1.0	False
1.940559850159472e-05	0.8905472636815921	0.23086289391189563	0.17586804855426064	Plasma cell	T cell	2	3	6	3	5	GAS6	1.0	False
0.0006638831362304161	0.8905472636815921	0.25123354490957356	0.23187394615966042	B cell	Monocyte	2	5	8	3	6	MCCC2	1.0	False
0.00017764041175972992	0.8905472636815921	0.13856101190810632	0.1419726107226107	NK	Plasma cell	2	7	9	4	9	MLXIP	1.0	False
8.342396433917801e-05	0.8905472636815921	0.14151950781207207	0.2837538415497416	Erythroid	Plasma cell	2	6	9	4	7	MSL2	1.0	False
0.0003047107056188617	0.8905472636815921	0.14323201960362203	0.12820512820512825	T cell	B cell	2	4	6	3	4	NDOR1	1.0	False
0.0002510246807964966	0.8905472636815921	0.11606598484881647	0.09520405369582507	T cell	Erythroid	2	7	11	3	10	OTUD5	1.0	False
8.797245913123987e-05	0.8905472636815921	0.13652395938181905	0.13548541697441197	Plasma cell	Dendritic cell	2	7	19	7	16	PCNT	1.0	False
0.00033293991731414194	0.8905472636815921	0.08667650757216244	0.1278478603664836	Monocyte	B cell	2	7	12	3	8	PHLPP2	1.0	False
3.7417321753888355e-05	0.8905472636815921	0.11532197508667158	0.18484566596746282	B cell	Plasma cell	2	7	18	11	16	PIBF1	1.0	False
2.6659396764936766e-05	0.8905472636815921	0.14144206473339488	0.35344994808003166	Monocyte	Erythroid	2	7	11	5	8	PIK3R5	1.0	False
0.00010826790272859733	0.8905472636815921	0.1800757752365894	0.2014110571577703	Plasma cell	T cell	2	6	11	3	6	PITPNA	1.0	False
2.5678641546750762e-05	0.8905472636815921	0.07810581814047762	0.10643842935526526	NK	Dendritic cell	2	7	17	10	15	PTPRA	1.0	False
3.8788386767175356e-05	0.8905472636815921	0.175830192540683	0.3655007949506326	Erythroid	Plasma cell	2	7	13	3	8	RAB31	1.0	False
0.00028355468148975546	0.8905472636815921	0.09741975044762724	0.18516793149623656	Erythroid	Plasma cell	2	7	17	7	15	RASA3	1.0	False
0.00018371018130306597	0.8905472636815921	0.1987999409884565	0.2160804020100503	T cell	B cell	2	5	8	3	4	RNF139	1.0	False
0.00011656790648056296	0.8905472636815921	0.2509784380062423	0.25967235886443335	Dendritic cell	T cell	2	7	10	4	7	RPS9	1.0	False
0.00014445062625897864	0.8905472636815921	0.03771809378557878	0.06295231248502275	B cell	Monocyte	2	7	11	3	6	SLC24A3	1.0	False
0.0015214370746284129	0.8905472636815921	0.31009264134139464	0.2830163810322045	NK	Plasma cell	2	7	13	5	11	SPN	1.0	False
0.00017573496898751917	0.8905472636815921	0.17230702001812054	0.2057460611677479	Erythroid	Dendritic cell	2	4	7	3	5	SPRYD7	1.0	False
0.00016969525994879416	0.8905472636815921	0.21147341192740943	0.1740990990990991	Plasma cell	B cell	2	5	6	3	4	SUPT4H1	1.0	False
0.0001680994128965795	0.8905472636815921	0.11601012927981491	0.14195184122647964	Dendritic cell	Plasma cell	2	7	13	6	10	TPD52	1.0	False
5.419090334809973e-05	0.8955223880597015	0.10448279412320882	0.1927241812204093	NK	Plasma cell	2	7	12	4	11	ABCB7	1.0	False
0.000395944486401267	0.8955223880597015	0.12552783930980826	0.04222381257297825	Monocyte	Plasma cell	2	6	7	3	6	ABL2	1.0	False
0.0001760519079603861	0.8955223880597015	0.37406244762040564	0.39261227743821414	Erythroid	Dendritic cell	2	7	13	3	9	ACSS1	1.0	False
0.00025809791230308973	0.8955223880597015	0.1504967654790757	0.15056390977443612	T cell	Erythroid	2	5	7	3	5	ANGEL2	1.0	False
6.730051971704114e-05	0.8955223880597015	0.13321810186767893	0.5420862754176795	Monocyte	Erythroid	2	6	7	3	7	CDC42SE1	1.0	False
4.469593269416568e-05	0.8955223880597015	0.07616615340555444	0.1178217684266083	T cell	Dendritic cell	2	7	18	8	13	CDK8	1.0	False
0.00048326951434969905	0.8955223880597015	0.18612982241273734	0.30494341870160807	T cell	Erythroid	2	6	9	3	6	CYTH2	1.0	False
2.4422513719437606e-05	0.8955223880597015	0.4913188394253518	0.7423805149936852	Erythroid	T cell	2	5	8	3	7	DDX41	1.0	False
7.990957891573808e-05	0.8955223880597015	0.05700989153491165	0.030452761424165975	B cell	NK	2	4	8	3	5	ENSG00000266846	1.0	False
6.854289421225009e-05	0.8955223880597015	0.2712324044711008	0.19198207855748878	Erythroid	B cell	2	5	8	3	5	ENY2	1.0	False
0.00022343402908678038	0.8955223880597015	0.15481781181322474	0.2724006287895801	Dendritic cell	Plasma cell	2	5	8	3	4	FAM234A	1.0	False
0.0003056587692397337	0.8955223880597015	0.2800910193163714	0.3768943474825827	Monocyte	B cell	2	4	6	3	4	FLYWCH1	1.0	False
0.00010554747142595551	0.8955223880597015	0.14617866901271837	0.07374903772132407	Erythroid	Dendritic cell	2	5	9	3	6	FRMD3	1.0	False
5.58281640035978e-05	0.8955223880597015	0.048062819562561476	0.12771728211516054	Monocyte	Erythroid	2	6	11	3	7	GAN	1.0	False
5.852788218039302e-05	0.8955223880597015	0.04766457428698756	0.10202277749447564	Monocyte	B cell	2	3	5	3	4	IRAK2	1.0	False
3.306080498429232e-05	0.8955223880597015	0.11268731683526306	0.15040026231749615	Erythroid	NK	2	7	11	5	9	KLHL2	1.0	False
0.00021868517550046348	0.8955223880597015	0.16000564484764512	0.40365404182349884	B cell	Monocyte	2	7	7	3	7	LBR	1.0	False
8.758100751993434e-05	0.8955223880597015	0.07657682412196104	0.13206442852460548	T cell	Dendritic cell	2	7	13	7	12	MAP2K5	1.0	False
0.0004008275655127863	0.8955223880597015	0.2217568087925923	0.32222085369024644	Dendritic cell	Plasma cell	2	7	9	3	7	MTHFS	1.0	False
0.00035555146384447125	0.8955223880597015	0.21307372707333772	0.2406098099867433	B cell	Plasma cell	2	7	13	4	9	PALM2AKAP2	1.0	False
0.00032122503753762114	0.8955223880597015	0.08572359282577602	0.08920960867880667	Monocyte	T cell	2	5	5	3	4	PCCA-AS1	1.0	False
0.0004139282099204039	0.8955223880597015	0.24035552912321773	0.18441915650954588	Plasma cell	Dendritic cell	2	7	8	3	5	RAB11FIP2	1.0	False
6.855222134012271e-05	0.8955223880597015	0.1833559229016195	0.4323529660981045	Plasma cell	T cell	2	7	11	3	10	SNHG7	1.0	False
0.00015901382096807158	0.8955223880597015	0.11158459585276398	0.19913658881811752	NK	Erythroid	2	7	10	3	9	SNRPA1	1.0	False
0.0001504197571318659	0.8955223880597015	0.09791162105421991	0.23139501980758354	T cell	Erythroid	2	6	9	4	8	SS18L2	1.0	False
0.0005389506771776644	0.8955223880597015	0.14580977134318296	0.18193093249302494	Monocyte	B cell	2	7	8	3	5	STAT5A	1.0	False
0.0001282572725604491	0.8955223880597015	0.07061723580467599	0.0798050174820713	T cell	B cell	2	3	6	3	5	VPS16	1.0	False
0.00017593063672264467	0.8955223880597015	0.3061913227665764	0.35319582378405906	Monocyte	Erythroid	2	6	7	3	5	ZDHHC13	1.0	False
0.0001820729236540698	0.8955223880597015	0.2152137103068893	0.1986716199482157	Dendritic cell	Erythroid	2	6	12	4	9	ZER1	1.0	False
5.910420077771533e-05	0.900497512437811	0.05169973727417565	0.05865204642328409	Plasma cell	B cell	2	7	19	7	14	AGPAT3	1.0	False
0.00040988023816421843	0.900497512437811	0.19635576784654124	0.1580401197763468	Erythroid	NK	2	7	12	4	9	APTX	1.0	False
0.00010981430164841984	0.900497512437811	0.27919784953276694	0.4797407680017235	NK	Monocyte	2	7	9	4	9	ATXN7L3B	1.0	False
0.000140450395325799	0.900497512437811	0.04070386231584566	0.07100934800615316	B cell	NK	2	7	13	6	12	CRTC3	1.0	False
0.0007059512548231392	0.900497512437811	0.053150249646477576	0.062255810319037264	T cell	B cell	2	3	4	3	4	CYSTM1	1.0	False
0.0001947181172007559	0.900497512437811	0.1901250909720021	0.22766676986829887	NK	Dendritic cell	2	7	11	3	6	DCLRE1C	1.0	False
9.104039105543689e-05	0.900497512437811	0.062322997013460724	0.10204524637727203	Erythroid	Monocyte	2	7	13	4	9	EFL1	1.0	False
7.588707227810458e-05	0.900497512437811	0.10920771089765313	0.3049867805502261	T cell	NK	2	7	13	4	8	ENSG00000232855	1.0	False
0.00012512996121997883	0.900497512437811	0.15875345471396518	0.21282195113955493	Erythroid	T cell	2	6	10	3	8	ENSG00000271533	1.0	False
2.3286744502595197e-05	0.900497512437811	0.04437065011096686	0.023346838735494202	B cell	Plasma cell	2	3	5	4	4	HDGFL3	1.0	False
2.4644537798742137e-05	0.900497512437811	0.1378089452793408	0.2902327674294338	T cell	B cell	2	5	8	3	6	HSPA14	1.0	False
0.00012543426268735131	0.900497512437811	0.11045219910952747	0.36844319600499376	T cell	Monocyte	2	7	16	5	13	IRS2	1.0	False
6.34470845911226e-05	0.900497512437811	0.15247337457639304	0.20881200717384552	B cell	Monocyte	2	7	11	5	9	KIF20B	1.0	False
0.00015015234092400395	0.900497512437811	0.26680128633730515	0.3813352003178919	Dendritic cell	B cell	2	6	7	3	7	MYSM1	1.0	False
9.309068108608288e-05	0.900497512437811	0.10042481283806859	0.32202610005019244	B cell	Monocyte	2	7	13	3	10	NDE1	1.0	False
8.097410284534319e-05	0.900497512437811	0.07678960242677846	0.16321541405948387	B cell	Dendritic cell	2	7	10	4	10	PPIP5K2	1.0	False
7.340033192869031e-05	0.900497512437811	0.06214561201032576	0.0575646915616288	B cell	Dendritic cell	2	4	6	3	4	RAB3IP	1.0	False
6.313926369263448e-05	0.900497512437811	0.04326469326469329	0.23072756140842438	T cell	Erythroid	2	4	6	3	6	RIPOR1	1.0	False
0.000545115506725937	0.900497512437811	0.06501745671650055	0.0359006211180124	Monocyte	B cell	2	4	6	3	4	RSL1D1-DT	1.0	False
0.0004746710332427347	0.900497512437811	0.2608671165418458	0.327428475646873	NK	T cell	2	7	6	3	5	U2AF1L4	1.0	False
0.0001073355299942698	0.900497512437811	0.2628412210755355	0.2206078870389825	NK	Dendritic cell	2	7	17	5	13	ZNF407-AS1	1.0	False
0.0006531919534945192	0.9054726368159204	0.24441912156837975	0.20668556983372466	Plasma cell	Monocyte	2	7	13	6	12	ASMTL	1.0	False
6.364713310103259e-05	0.9054726368159204	0.12145708083492407	0.11590857686143524	Plasma cell	B cell	2	7	18	7	14	COG3	1.0	False
0.0006880347012070056	0.9054726368159204	0.24069444550194996	0.29361906284983214	NK	B cell	2	7	8	3	5	COL18A1	1.0	False
0.001084212188094322	0.9054726368159204	0.03354797852997482	0.0406816553700336	Erythroid	T cell	2	3	5	3	4	COL24A1	1.0	False
1.7721705810877824e-05	0.9054726368159204	0.13957585226935992	0.051359007623566155	B cell	Dendritic cell	2	7	6	4	5	COX6C	1.0	False
4.738847430461044e-05	0.9054726368159204	0.10056906757597789	0.4059288159899803	Plasma cell	Erythroid	2	7	9	6	9	EMP3	1.0	False
2.9187717431047174e-05	0.9054726368159204	0.2630731143898628	0.15932458655544934	T cell	B cell	2	4	4	3	3	ENSG00000274275	1.0	False
0.000204123223106995	0.9054726368159204	0.21873359297353817	0.037909162769878435	Plasma cell	Erythroid	2	4	5	3	4	ERP29	1.0	False
0.00010760106459849862	0.9054726368159204	0.05729295830747405	0.09793906810035846	T cell	NK	2	6	8	3	7	EZH2	1.0	False
2.807013140584283e-05	0.9054726368159204	0.09710414377383625	0.09942488144485923	Dendritic cell	Plasma cell	2	7	9	3	6	IL10RA	1.0	False
0.0013079778328703598	0.9054726368159204	0.2528815463097044	0.3845988175675676	Plasma cell	Dendritic cell	2	7	18	8	14	LAMP1	1.0	False
0.0002832931100877821	0.9054726368159204	0.19458250054523346	0.2151946107784431	Monocyte	Dendritic cell	2	6	9	3	6	LMAN2	1.0	False
0.0009081302150596413	0.9054726368159204	0.19543625629191014	0.12897744021918195	Monocyte	Plasma cell	2	5	6	3	4	LY9	1.0	False
6.881469563711335e-05	0.9054726368159204	0.1877412207372825	0.27489584095198866	Erythroid	NK	2	6	4	3	4	PARK7	1.0	False
9.18758760031445e-05	0.9054726368159204	0.08282247605996162	0.17434970765618518	Monocyte	Plasma cell	2	7	9	6	9	SETD2	1.0	False
0.00020521932887022657	0.9054726368159204	0.8766283595341593	0.8662347614071753	Dendritic cell	Plasma cell	2	5	7	3	5	SIRT7	1.0	False
0.00013822423069248074	0.9054726368159204	0.1171415859369822	0.33577079566003615	Plasma cell	Monocyte	2	6	10	4	7	SLA2	1.0	False
4.508147797839436e-05	0.9054726368159204	0.2509558592061589	0.551496360126013	B cell	Dendritic cell	2	7	11	3	9	STXBP2	1.0	False
7.245172700970129e-05	0.9054726368159204	0.119728975862401	0.17211436308368772	B cell	Monocyte	2	7	15	8	15	THOC2	1.0	False
0.0001754230711131597	0.9054726368159204	0.10288430094685214	0.09777290982110254	B cell	Dendritic cell	2	4	5	3	4	TMEM140	1.0	False
5.32973442359894e-05	0.9054726368159204	0.09463592920878594	0.11474752340877564	Dendritic cell	Erythroid	2	7	11	7	10	WAC	1.0	False
0.0009253736456355637	0.9054726368159204	0.18479502043666274	0.4199848142606165	Dendritic cell	Erythroid	2	7	11	5	10	ZNF331	1.0	False
0.0002585240584934187	0.9054726368159204	0.2075823758094062	0.1599106814346795	Dendritic cell	NK	2	7	11	4	8	ZNF43	1.0	False
0.0003576496242099287	0.9054726368159204	0.1633324417284167	0.17271183824664293	Plasma cell	B cell	2	7	11	4	7	ZNF714	1.0	False
0.00011323119018134021	0.9104477611940298	0.059000175824704515	0.1717954911433172	NK	Dendritic cell	2	7	8	3	8	ANKIB1	1.0	False
2.6710739929607104e-05	0.9104477611940298	0.061651750189845755	0.1093298003509271	Erythroid	T cell	2	7	16	6	13	ATRN	1.0	False
5.654425997363348e-05	0.9104477611940298	0.35385398224304093	0.4890940608984021	Erythroid	NK	2	7	9	3	7	CD59	1.0	False
9.713953670390664e-05	0.9104477611940298	0.058111510282594536	0.11876786281359161	T cell	Plasma cell	2	3	4	3	3	CDK10	1.0	False
0.00028623554876629144	0.9104477611940298	0.09171511314018038	0.28781204111600595	Dendritic cell	B cell	2	7	10	4	6	CREM	1.0	False
0.0001352434609119963	0.9104477611940298	0.06043543286836106	0.08224972375690615	Dendritic cell	T cell	2	6	7	3	5	DAB1	1.0	False
0.00024256448311392486	0.9104477611940298	0.20044194426290085	0.262006512006512	Plasma cell	B cell	2	3	5	3	4	EIF3B	1.0	False
0.00010845554282673077	0.9104477611940298	0.12901927783330813	0.05958862673926191	T cell	B cell	2	4	5	3	4	ENSG00000267655	1.0	False
0.000168055762430769	0.9104477611940298	0.052972648897492314	0.02238301813459309	B cell	T cell	2	4	4	3	3	ENSG00000283125	1.0	False
0.00010387568720518325	0.9104477611940298	0.12614160539460073	0.08826462961007259	NK	T cell	2	7	9	3	7	EP400	1.0	False
0.00010573776532227861	0.9104477611940298	0.17480808313974489	0.264642500356786	T cell	Plasma cell	2	6	8	3	7	GUSB	1.0	False
5.210012965058086e-05	0.9104477611940298	0.1613134300245529	0.24849875693249185	Plasma cell	Erythroid	2	5	7	3	6	HMOX2	1.0	False
0.00019826438549246805	0.9104477611940298	0.0503533297201616	0.059833182358269676	Monocyte	Plasma cell	2	7	13	3	9	INTS9	1.0	False
0.0001133650648185174	0.9104477611940298	0.1814231871792351	0.10263266145619093	Plasma cell	T cell	2	7	13	5	10	KIF3B	1.0	False
4.07570684149451e-05	0.9104477611940298	0.31918087202414913	0.36367655333172577	Dendritic cell	Plasma cell	2	7	11	4	7	LAIR1	1.0	False
5.072653538001749e-05	0.9104477611940298	0.10679942959365613	0.244636755161049	Monocyte	Plasma cell	2	7	11	6	9	LRPAP1	1.0	False
0.00021533349999079376	0.9104477611940298	0.07129503799072107	0.1366826131035357	B cell	Monocyte	2	5	8	3	6	MCM8	1.0	False
7.842815284236619e-05	0.9104477611940298	0.09780693347121439	0.11782533256217465	B cell	Dendritic cell	2	4	7	3	6	MIOS	1.0	False
0.0006907164467141264	0.9104477611940298	0.3220107684371809	0.34546166827386693	Erythroid	Dendritic cell	2	7	10	3	6	MOB2	1.0	False
0.0008617591527451616	0.9104477611940298	0.25396187592489583	0.2435847656026952	T cell	Dendritic cell	2	7	15	3	10	MTRF1	1.0	False
4.897937631051797e-05	0.9104477611940298	0.10838341263981183	0.052902110625909715	Erythroid	B cell	2	7	9	3	6	NCAM1	1.0	False
0.00027654995764990074	0.9104477611940298	0.15234300130078926	0.1521242335602183	Erythroid	B cell	2	7	16	3	8	NDC80	1.0	False
0.0005052691533951452	0.9104477611940298	0.1936954598380482	0.18975477844016958	B cell	T cell	2	5	6	3	5	PRPF38A	1.0	False
0.0002281552033019944	0.9104477611940298	0.17527882707335124	0.31644966656081297	T cell	Erythroid	2	5	6	3	5	RAC1	1.0	False
0.0001711109117810302	0.9104477611940298	0.2282608262369485	0.2854609929078014	Monocyte	Erythroid	2	5	7	3	5	RPS28	1.0	False
6.024493226131898e-05	0.9104477611940298	0.08213281231718922	0.1457542975802591	B cell	Erythroid	2	7	12	6	9	SEC24D	1.0	False
1.7523902298373602e-05	0.9104477611940298	0.056732630492552505	0.0972410927176417	Erythroid	NK	2	7	11	8	10	SFMBT2	1.0	False
3.9228884684306726e-05	0.9104477611940298	0.09303308527637505	0.08537562986715536	Monocyte	T cell	2	3	4	3	4	SLC37A3	1.0	False
3.756069207542799e-05	0.9104477611940298	0.18038782052274277	0.20496828860602634	Erythroid	Plasma cell	2	5	8	3	6	SNAP23	1.0	False
0.00017980857976933624	0.9104477611940298	0.1860156012586669	0.24696582193879418	NK	Dendritic cell	2	7	18	7	15	SUPT20H	1.0	False
0.00023678827922794896	0.9104477611940298	0.253149592280027	0.24516710090385674	T cell	Dendritic cell	2	6	8	3	4	UBE2Z	1.0	False
9.477216656350853e-05	0.9104477611940298	0.051491246492154086	0.08713682032578773	Erythroid	Plasma cell	2	4	5	3	4	ZNF782	1.0	False
0.00010606951653875448	0.9104477611940298	0.12792276171302774	0.1636206060924395	Plasma cell	NK	2	7	11	6	9	ZZEF1	1.0	False
6.795214424249551e-05	0.9154228855721394	0.0742558607132992	0.12241800472360131	NK	Monocyte	2	7	9	5	9	ARID2	1.0	False
0.0002811094995881902	0.9154228855721394	0.14746244647883983	0.15955392809587216	Plasma cell	T cell	2	7	10	3	6	ARSG	1.0	False
2.3334273504000356e-05	0.9154228855721394	0.21662488186939313	0.46144339167689796	B cell	NK	2	7	7	5	7	CHCHD2	1.0	False
3.9478012402051686e-05	0.9154228855721394	0.16473588106737713	0.2141844358897353	Plasma cell	Erythroid	2	7	17	6	13	ENSG00000266049	1.0	False
0.00014787424103759295	0.9154228855721394	0.05028792909544366	0.23346250567401966	Dendritic cell	Erythroid	2	7	10	4	8	ENSG00000290548	1.0	False
2.706555011735488e-05	0.9154228855721394	0.1677019698001817	0.1702875746066197	Erythroid	B cell	2	3	4	3	3	ENSG00000290927	1.0	False
4.551975168173641e-05	0.9154228855721394	0.08337400329731953	0.06914467983111156	Plasma cell	Dendritic cell	2	7	9	4	8	GNPTAB	1.0	False
0.0002752081623308112	0.9154228855721394	0.1957695925091174	0.35581286583895416	Dendritic cell	Plasma cell	2	7	14	5	10	GPR183	1.0	False
7.242476961590094e-05	0.9154228855721394	0.1116964622916734	0.08116751816563722	B cell	Dendritic cell	2	7	11	7	9	H3-3B	1.0	False
0.00015547879300429793	0.9154228855721394	0.2754027899666904	0.3034453219113907	Dendritic cell	NK	2	7	13	3	7	METTL22	1.0	False
0.00032205980574515986	0.9154228855721394	0.02136634270469273	0.11652921390307708	T cell	Plasma cell	2	4	3	3	3	MPC2	1.0	False
1.3808177030428708e-05	0.9154228855721394	0.0806487473423852	0.12221052751570233	Erythroid	T cell	2	7	11	7	11	MYO9B	1.0	False
6.52504666963435e-05	0.9154228855721394	0.08643085526943889	0.05502965697841189	T cell	B cell	2	7	9	5	8	NAA38	1.0	False
2.9432876922712138e-05	0.9154228855721394	0.17942836411319768	0.13998479928142055	Monocyte	T cell	2	3	4	3	3	NMD3	1.0	False
2.8402317811840914e-05	0.9154228855721394	0.20461739328370643	0.34866330215961466	NK	Dendritic cell	2	7	9	4	7	NSA2	1.0	False
0.00032292525441877365	0.9154228855721394	0.16407777955863984	0.17426858513189453	T cell	NK	2	6	9	3	7	NUP188	1.0	False
7.863699755078468e-05	0.9154228855721394	0.1375200445282413	0.1475006475006475	Erythroid	NK	2	7	12	3	8	PKD2	1.0	False
1.287580422084547e-05	0.9154228855721394	0.08010566113795037	0.4236257928118393	B cell	Erythroid	2	4	7	3	5	PLSCR1	1.0	False
0.00021231384881080815	0.9154228855721394	0.10512452721407944	0.17194910541981484	Monocyte	Plasma cell	2	5	9	3	7	POGLUT1	1.0	False
9.605966426102739e-05	0.9154228855721394	0.09608180034921082	0.16055843997985725	B cell	Dendritic cell	2	6	11	3	8	RWDD4	1.0	False
0.00012353293671251691	0.9154228855721394	0.3276840246322539	0.5508305647840532	Plasma cell	B cell	2	6	7	3	6	SELL	1.0	False
0.0002422355566334565	0.9154228855721394	0.06499425079471854	0.11404768008203026	Dendritic cell	Monocyte	2	6	9	3	6	SNUPN	1.0	False
5.6905628915151495e-05	0.9154228855721394	0.07444503889697823	0.18089317434427	T cell	Dendritic cell	2	7	18	7	15	SUGT1	1.0	False
4.504471921709043e-05	0.9154228855721394	0.06977635383533315	0.09521429088914413	B cell	Dendritic cell	2	7	18	7	14	TDRD3	1.0	False
0.00013622473993068682	0.9154228855721394	0.13013785887149965	0.0759684784209751	Plasma cell	T cell	2	5	5	3	5	TFAM	1.0	False
0.0001589030913194643	0.9154228855721394	0.12294063149326306	0.11748216813299661	B cell	Monocyte	2	5	6	3	4	TMOD2	1.0	False
9.146318862434297e-05	0.9154228855721394	0.21067526977853046	0.18503264691109989	NK	Plasma cell	2	7	8	3	6	ZCCHC8	1.0	False
0.00018050909651846995	0.9154228855721394	0.2122962304399451	0.24808007876599936	Dendritic cell	B cell	2	5	6	3	5	ZNF277	1.0	False
0.00011235947184221271	0.9154228855721394	0.1202045876640041	0.18523440223074245	Plasma cell	Monocyte	2	6	7	3	6	ZNF326	1.0	False
8.083730104938594e-05	0.9203980099502488	0.09445996150499586	0.09643664748191955	Dendritic cell	NK	2	7	13	7	12	ABCC1	1.0	False
0.00012204932850304494	0.9203980099502488	0.10386378889528985	0.22497108155002893	Erythroid	Dendritic cell	2	7	11	4	8	ANKFY1	1.0	False
0.00010516811024721307	0.9203980099502488	0.14498673871676881	0.28335336200990574	B cell	Erythroid	2	5	8	3	4	ANKS3	1.0	False
0.0002740144504371916	0.9203980099502488	0.3480564243480698	0.5532407407407407	Plasma cell	Dendritic cell	2	6	9	3	5	ARHGAP27	1.0	False
0.0003850534708946035	0.9203980099502488	0.1134303463387602	0.15110000360970205	NK	Erythroid	2	7	12	5	11	B4GALT1	1.0	False
0.00026571267204427996	0.9203980099502488	0.1227136280240464	0.12728097019154483	Plasma cell	Monocyte	2	5	7	3	7	CCNG1	1.0	False
2.6222485543108545e-06	0.9203980099502488	0.26416302430795185	0.3135893871720169	NK	B cell	2	5	7	3	4	CD68	1.0	False
7.217745124343275e-05	0.9203980099502488	0.05751660522480201	0.047546099290780075	T cell	Monocyte	2	3	4	3	3	DLGAP1-AS1	1.0	False
4.5421654368789526e-05	0.9203980099502488	0.13660059172494382	0.2156311394542833	Plasma cell	NK	2	7	13	5	11	EBLN3P	1.0	False
5.392688900996307e-05	0.9203980099502488	0.07127420579553395	0.12325456498388826	Plasma cell	B cell	2	3	4	3	4	EBPL	1.0	False
0.0001662144684669887	0.9203980099502488	0.1409609827166764	0.16800298340481068	NK	Monocyte	2	7	9	3	7	GBE1	1.0	False
6.196936654369896e-05	0.9203980099502488	0.2628099095303327	0.4013421828908554	Dendritic cell	T cell	2	6	9	3	6	GUF1	1.0	False
7.843869327686491e-05	0.9203980099502488	0.3834908251178095	0.655330383278306	Plasma cell	Dendritic cell	2	7	10	5	9	HNRNPH1	1.0	False
0.00010284143485509792	0.9203980099502488	0.06887821561720464	0.059671071696268285	NK	T cell	2	7	14	4	9	LNX2	1.0	False
7.859496380938595e-05	0.9203980099502488	0.21573548155818623	0.3535059909931879	NK	Dendritic cell	2	7	10	6	10	MARCHF6	1.0	False
0.00011094044464586304	0.9203980099502488	0.17727691074679142	0.16154819124715403	B cell	Plasma cell	2	5	5	3	4	MEF2D	1.0	False
6.479553256596101e-05	0.9203980099502488	0.15284514931680593	0.18013733539307702	Monocyte	Plasma cell	2	7	17	10	16	MYL12B	1.0	False
9.699872851268247e-05	0.9203980099502488	0.1747698833721819	0.2524003097173828	T cell	Erythroid	2	6	10	4	7	PITRM1	1.0	False
1.141325141248775e-05	0.9203980099502488	0.047035481751748764	0.07402067648879229	Erythroid	Dendritic cell	2	7	13	8	12	PRKCB	1.0	False
0.00017706318469715228	0.9203980099502488	0.0661024588806084	0.1360500974326958	Dendritic cell	Monocyte	2	7	8	5	7	PTGES3	1.0	False
0.0001462133706122732	0.9203980099502488	0.04975054207252194	0.1590269966254218	B cell	Erythroid	2	7	13	3	9	RANBP10	1.0	False
5.576476746637768e-05	0.9203980099502488	0.13361243241707593	0.2367251374621499	Dendritic cell	Monocyte	2	7	16	8	13	RRBP1	1.0	False
2.218965407916927e-05	0.9203980099502488	0.05254471489318985	0.06657747755997967	Monocyte	Plasma cell	2	7	18	9	13	SETBP1	1.0	False
2.1869139725389398e-05	0.9203980099502488	0.029331631458312413	0.262180429033206	Monocyte	T cell	2	3	6	3	5	SLC25A42	1.0	False
0.0002729592479652712	0.9203980099502488	0.13920882912558008	0.09866674117121144	Monocyte	T cell	2	5	5	3	4	TEX14	1.0	False
0.0003580356434187903	0.9203980099502488	0.07395828096283413	0.12462446351931333	Dendritic cell	B cell	2	5	7	3	5	TMEM128	1.0	False
0.00011999204755286403	0.9203980099502488	0.11826556450856451	0.23218660337251096	NK	Dendritic cell	2	7	11	6	8	TMEM156	1.0	False
7.768467668887653e-06	0.9203980099502488	0.11142678015550772	0.15264279624893434	Erythroid	T cell	2	3	5	3	4	TSC22D4	1.0	False
7.124757242864446e-05	0.9203980099502488	0.07027376696369675	0.13979658454454869	B cell	Monocyte	2	4	6	3	4	TSEN2	1.0	False
0.0002195325675843246	0.9203980099502488	0.09026640419596277	0.1847127582287975	NK	Monocyte	2	7	10	5	10	UBE2D2	1.0	False
0.0007499360962951019	0.9203980099502488	0.07355800638655868	0.1459613022113022	B cell	Plasma cell	2	5	8	3	7	UTP20	1.0	False
8.242765643133353e-05	0.9203980099502488	0.12868288819729984	0.14257438467964784	B cell	Plasma cell	2	7	18	7	15	ZC3H13	1.0	False
5.7922774897995236e-05	0.9203980099502488	0.06691591458255913	0.09946968226895309	Plasma cell	NK	2	7	18	7	15	ZNF236	1.0	False
0.00014453280422755036	0.9203980099502488	0.13869141918270228	0.13074383597940437	B cell	Dendritic cell	2	7	12	3	9	ZNF827	1.0	False
5.1040810804236365e-05	0.9253731343283582	0.09110360230450798	0.14184547160262861	NK	Plasma cell	2	7	13	8	12	ATOSA	1.0	False
1.4233425261001712e-05	0.9253731343283582	0.30990804895993784	0.29545237138648145	Erythroid	T cell	2	5	5	3	3	C1orf162	1.0	False
8.38268980556781e-05	0.9253731343283582	0.285165820964703	0.19347795373688337	Dendritic cell	Plasma cell	2	7	10	4	7	CALCOCO2	1.0	False
0.0001234878424920078	0.9253731343283582	0.17024545729196977	0.21878960017478694	Plasma cell	Erythroid	2	7	11	5	8	CCAR1	1.0	False
9.056698314268651e-05	0.9253731343283582	0.06971631819649415	0.05696594427244578	NK	Monocyte	2	7	11	4	8	CCDC7	1.0	False
0.00029760400192676016	0.9253731343283582	0.5358424359430707	0.6588479455327281	T cell	Dendritic cell	2	7	13	3	9	CENPN	1.0	False
0.00012099473127464963	0.9253731343283582	0.1978415394080923	0.21454427575773943	NK	Erythroid	2	7	12	3	8	CLCN3	1.0	False
1.580625686286492e-05	0.9253731343283582	0.13932213444532482	0.06839758753432562	NK	T cell	2	6	8	3	6	CPVL	1.0	False
0.00011171955979184622	0.9253731343283582	0.115663922996109	0.15405756965424638	Dendritic cell	B cell	2	7	17	5	14	DDX27	1.0	False
8.351867401995207e-05	0.9253731343283582	0.10921119019625669	0.09514219550906777	T cell	Erythroid	2	6	13	3	8	ECM2	1.0	False
0.00012837755540708355	0.9253731343283582	0.15251535963057505	0.13376208897485492	B cell	Monocyte	2	5	7	3	6	EIF2B3	1.0	False
0.0003056276067380322	0.9253731343283582	0.1377551012815365	0.15450819672131144	T cell	Plasma cell	2	6	6	3	5	ENSG00000266538	1.0	False
0.00011865250448867493	0.9253731343283582	0.13862768303944778	0.2890894497762902	Plasma cell	T cell	2	6	10	3	7	GPI	1.0	False
7.592120458719509e-05	0.9253731343283582	0.2155078542445098	0.28653578492418136	NK	Erythroid	2	7	17	6	14	KIZ	1.0	False
0.0001199190946664653	0.9253731343283582	0.2061957460302401	0.37314295245243456	Erythroid	NK	2	6	7	3	5	LINC00513	1.0	False
0.00025810651003904553	0.9253731343283582	0.17221201202421732	0.28673806498457066	B cell	Dendritic cell	2	7	14	5	10	LPAR6	1.0	False
0.0001916733962963557	0.9253731343283582	0.095779798899647	0.2170280036133695	Erythroid	Dendritic cell	2	6	7	3	5	LRIG2	1.0	False
3.467790454452128e-05	0.9253731343283582	0.27033732480524814	0.37166866160197376	Plasma cell	NK	2	6	10	3	7	MYH10	1.0	False
5.949285063740438e-05	0.9253731343283582	0.3211152511847332	0.5511828806956129	Plasma cell	Dendritic cell	2	7	11	6	9	NDEL1	1.0	False
7.97112273680066e-05	0.9253731343283582	0.2424053586837001	0.46560659182396624	T cell	Monocyte	2	4	5	3	3	NPEPPSP1	1.0	False
7.32704451142375e-05	0.9253731343283582	0.17910457382507078	0.30184188197838996	Plasma cell	Dendritic cell	2	6	11	3	7	NPIPB5	1.0	False
5.962602149894339e-05	0.9253731343283582	0.23367810161669827	0.4551432509966097	NK	Erythroid	2	7	14	3	11	PEX2	1.0	False
0.00027579739645455814	0.9253731343283582	0.24169510437891806	0.1514139261648333	Plasma cell	T cell	2	4	6	3	5	POFUT1	1.0	False
7.299760234930569e-07	0.9253731343283582	0.49747474747474746	0.6382978723404256	NK	Erythroid	2	7	13	4	9	SNHG19	1.0	False
2.157380718049705e-05	0.9253731343283582	0.0907984776377388	0.08214737249982007	NK	Erythroid	2	7	9	7	9	STAG1	1.0	False
0.00016744736838037624	0.9253731343283582	0.05370355322158549	0.07587344679962404	Dendritic cell	Plasma cell	2	7	13	7	12	TMOD3	1.0	False
0.00011909466388147981	0.9253731343283582	0.07323103796276931	0.09486583302013196	Dendritic cell	Monocyte	2	7	18	6	13	TSC22D1	1.0	False
4.799294394420444e-05	0.9253731343283582	0.20355086102201936	0.1279571421798701	T cell	Monocyte	2	3	5	3	4	TSEN54	1.0	False
0.0001344437488689671	0.9253731343283582	0.16670437846471603	0.14938542046975783	NK	T cell	2	7	9	4	6	TTC14	1.0	False
5.6949255974349715e-05	0.9303482587064676	0.3923879525017584	0.638558201058201	Monocyte	Plasma cell	2	7	9	3	7	ATG3	1.0	False
1.341686774003256e-05	0.9303482587064676	0.3457164845152961	0.33498783454987835	Monocyte	B cell	2	5	7	3	5	BOLA2	1.0	False
0.00043427499450741187	0.9303482587064676	0.3518683812201177	0.5710833331792549	Dendritic cell	Plasma cell	2	7	10	5	9	C9orf78	1.0	False
0.00025082426671565496	0.9303482587064676	0.302164208252918	0.3513147718484145	Erythroid	Monocyte	2	4	6	3	5	CAPN3	1.0	False
5.303091792140917e-05	0.9303482587064676	0.276670868316325	0.13324899852414085	T cell	Dendritic cell	2	4	5	3	4	CD4	1.0	False
0.00010716318858082294	0.9303482587064676	0.12133249110875488	0.30102949558278713	Plasma cell	B cell	2	7	10	3	8	CEP120	1.0	False
3.9192620747805805e-05	0.9303482587064676	0.23034470467297452	0.22283071521217912	B cell	Dendritic cell	2	7	11	3	7	CTBP2	1.0	False
4.6850829656100386e-05	0.9303482587064676	0.27847564519227497	0.43448801164724216	NK	Dendritic cell	2	7	10	4	10	DCP2	1.0	False
0.00012851495230263094	0.9303482587064676	0.20092625927649593	0.14659770486503965	Dendritic cell	Plasma cell	2	7	10	3	6	ENSG00000265204	1.0	False
5.765516225767942e-05	0.9303482587064676	0.17138384309294313	0.26604485066426936	Plasma cell	Monocyte	2	5	7	3	4	EPC1-AS1	1.0	False
0.00019306130560353465	0.9303482587064676	0.16528290899916553	0.14817436243118748	B cell	T cell	2	3	5	3	4	GAS2L3	1.0	False
0.00018850080320894708	0.9303482587064676	0.1850254863025363	0.09693309752836132	B cell	Dendritic cell	2	7	8	4	5	GHITM	1.0	False
5.74194354704418e-05	0.9303482587064676	0.10784347100336794	0.18448770625448374	Plasma cell	NK	2	7	12	4	12	NAA15	1.0	False
6.977523541942719e-05	0.9303482587064676	0.09728675855167496	0.14473590820370263	Dendritic cell	Plasma cell	2	7	17	6	12	RBM38	1.0	False
9.343241241640891e-05	0.9303482587064676	0.34425408661766854	0.19246712407089767	Plasma cell	T cell	2	5	8	3	7	SAFB2	1.0	False
3.7462967123192404e-05	0.9303482587064676	0.14617855830612914	0.460212253189986	NK	Plasma cell	2	7	19	7	13	SAMSN1	1.0	False
0.0004093401299255033	0.9303482587064676	0.09743681026223883	0.20546973917447459	Monocyte	B cell	2	7	10	3	7	TMEM91	1.0	False
8.988551827161354e-05	0.9303482587064676	0.18799274927437476	0.08265038519239398	Erythroid	B cell	2	7	11	4	7	UBE2Q2P2	1.0	False
4.1194399376830596e-05	0.9303482587064676	0.12730173158632702	0.18625551027197873	Erythroid	Plasma cell	2	6	11	4	8	USP6NL	1.0	False
0.00021271581955012073	0.9303482587064676	0.0803525687983786	0.1735739750445633	B cell	T cell	2	4	6	4	5	ZNF250	1.0	False
0.00020381690504663692	0.9303482587064676	0.07216467402021931	0.11644034917555773	Monocyte	T cell	2	7	11	5	8	ZNF254	1.0	False
3.0117510128574992e-05	0.9353233830845771	0.08996077428570515	0.19222453781059767	B cell	Erythroid	2	7	12	8	12	ANKRD17	1.0	False
0.0001608953013611134	0.9353233830845771	0.3120575054241611	0.4193326044588106	NK	Erythroid	2	6	8	4	6	ARFGAP2	1.0	False
7.692381485802152e-05	0.9353233830845771	0.09438638549933309	0.28868142856665097	Dendritic cell	NK	2	7	12	5	9	ARID3B	1.0	False
0.00017292161658043635	0.9353233830845771	0.1068843783777072	0.19754322633314408	NK	Plasma cell	2	6	7	3	5	BLOC1S2	1.0	False
7.99893634101452e-05	0.9353233830845771	0.10077583968864079	0.11393348776526346	Dendritic cell	Plasma cell	2	7	11	3	7	BRIP1	1.0	False
1.2830498419798986e-05	0.9353233830845771	0.1740649273211584	0.5382821043122712	B cell	Plasma cell	2	7	11	6	10	C17orf49	1.0	False
0.00012091301225232276	0.9353233830845771	0.22648421870122643	0.24512987012987014	Dendritic cell	Plasma cell	2	6	12	3	9	C8orf33	1.0	False
4.977467556172949e-05	0.9353233830845771	0.27009762804219273	0.25175997211925355	NK	Plasma cell	2	6	11	3	7	CYBB	1.0	False
0.00016890092423910543	0.9353233830845771	0.22067225134477675	0.22527203528612916	NK	Erythroid	2	7	11	3	7	EFCAB13	1.0	False
0.00010765400897290025	0.9353233830845771	0.18916857127984443	0.3923618257912121	Dendritic cell	Plasma cell	2	7	9	4	7	ENSG00000274383	1.0	False
3.7007241269992205e-05	0.9353233830845771	0.10311505060838677	0.08883909622228753	Monocyte	Dendritic cell	2	7	13	4	11	ERCC6L2	1.0	False
0.00010377800885351423	0.9353233830845771	0.2053909816275059	0.31902955814809486	B cell	Plasma cell	2	6	8	3	6	ERV3-1	1.0	False
0.00015281286855980372	0.9353233830845771	0.15315497072880208	0.23119724478420128	Dendritic cell	B cell	2	7	11	3	7	FANCI	1.0	False
0.0002291237190365552	0.9353233830845771	0.18815907911165985	0.3276093657783891	Plasma cell	Dendritic cell	2	7	14	4	12	FDFT1	1.0	False
0.00019307244431062526	0.9353233830845771	0.20028692129568104	0.36183784009870973	Plasma cell	Erythroid	2	6	9	3	8	FGFR1OP2	1.0	False
3.2080162537317973e-05	0.9353233830845771	0.5252200549090509	0.5193415322529149	Plasma cell	Dendritic cell	2	7	11	3	8	FRA10AC1	1.0	False
9.646922382861053e-05	0.9353233830845771	0.29047301882921556	0.2504796163069545	Erythroid	NK	2	7	14	3	9	GID8	1.0	False
0.00023029140022138406	0.9353233830845771	0.044979728280589604	0.10994065281899112	B cell	Erythroid	2	5	7	3	6	LCMT1	1.0	False
4.0952176380817893e-05	0.9353233830845771	0.08663532536475815	0.3745165814473471	Plasma cell	NK	2	7	18	9	17	LCP1	1.0	False
3.8131848789369503e-06	0.9353233830845771	0.31893394980606565	0.8910059763000687	Plasma cell	NK	2	7	9	3	6	LYZ	1.0	False
0.00016072998268486748	0.9353233830845771	0.16568932089895588	0.13909511136013447	Erythroid	Monocyte	2	6	9	3	8	NPIPB12	1.0	False
7.911457381442405e-05	0.9353233830845771	0.151419852880456	0.45315808706973953	Plasma cell	Monocyte	2	7	17	6	13	RBFA	1.0	False
0.00017813806474175885	0.9353233830845771	0.30253815338004125	0.5858442174231648	Plasma cell	Erythroid	2	7	11	3	7	SH3TC1	1.0	False
0.0002972908428070891	0.9353233830845771	0.11915551799496898	0.2657047724750277	Monocyte	NK	2	7	10	4	6	SMIM7	1.0	False
8.912724974526931e-05	0.9353233830845771	0.4023278995133919	0.5679982440737489	Plasma cell	B cell	2	6	7	3	7	STXBP3	1.0	False
0.00021719031114848043	0.9353233830845771	0.11645275438952202	0.17000716746832928	Monocyte	B cell	2	6	7	3	5	SZT2	1.0	False
2.582104289114537e-05	0.9353233830845771	0.03862539819000832	0.095928709410176	Erythroid	Monocyte	2	7	11	7	10	TASOR2	1.0	False
0.00014332819131750542	0.9353233830845771	0.07986461139797607	0.2327450345765666	T cell	B cell	2	6	8	4	6	TES	1.0	False
0.0002240796567393335	0.9353233830845771	0.2004528559136272	0.23544263342921057	T cell	Dendritic cell	2	7	11	3	7	TNPO2	1.0	False
8.91242891780637e-05	0.9353233830845771	0.07971538290810354	0.1293170027424892	NK	Monocyte	2	7	8	3	8	TRA2A	1.0	False
0.00011592144223698364	0.9353233830845771	0.12039584282566362	0.15030396094732168	Erythroid	NK	2	7	7	4	7	USP24	1.0	False
7.98878463936722e-05	0.9353233830845771	0.19447095361634764	0.45643245643245645	T cell	Erythroid	2	5	9	3	5	WDR18	1.0	False
5.9777954561039486e-05	0.9353233830845771	0.15679512108314098	0.11682764229462089	Monocyte	T cell	2	5	8	3	7	WDR82	1.0	False
3.929401461833126e-06	0.9402985074626866	0.3960404128800044	0.6029748942791483	T cell	Monocyte	2	5	8	3	4	CA2	1.0	False
0.001845074404123394	0.9402985074626866	0.22536804985865516	0.297673937663105	T cell	Erythroid	2	6	9	3	8	COPS4	1.0	False
0.00017159418433602776	0.9402985074626866	0.07438302444302594	0.10075414781297135	T cell	B cell	2	3	5	3	4	CRYBG3	1.0	False
0.0001682060886315859	0.9402985074626866	0.07818565823530116	0.11221636355326192	Plasma cell	NK	2	7	13	6	12	ECPAS	1.0	False
9.935865029238447e-05	0.9402985074626866	0.10194527497356798	0.07349273874138179	B cell	T cell	2	4	8	3	5	ELOVL6	1.0	False
0.00011072342844943735	0.9402985074626866	0.09446477066777381	0.03511010495986833	T cell	Dendritic cell	2	7	14	4	10	ENSG00000224905	1.0	False
2.598401038128733e-05	0.9402985074626866	0.21110451910692152	0.36612953509216317	B cell	Plasma cell	2	7	13	3	8	FECH	1.0	False
0.00012526860160299048	0.9402985074626866	0.2664508637857666	0.40700880982014304	B cell	Dendritic cell	2	6	9	3	6	HDAC7	1.0	False
3.324520870870023e-05	0.9402985074626866	0.17642762640736565	0.23046123732185975	T cell	Plasma cell	2	7	12	5	10	HNRNPK	1.0	False
0.0004891698574806973	0.9402985074626866	0.18947994709521393	0.377972274218359	Monocyte	B cell	2	7	11	8	11	HNRNPM	1.0	False
1.696344506974384e-05	0.9402985074626866	0.24188222406502385	0.6373256145012812	T cell	Monocyte	2	3	5	3	4	KMT5A	1.0	False
3.6213205521851884e-05	0.9402985074626866	0.11784272957145264	0.12495820795720497	NK	Monocyte	2	7	18	7	14	MCM3AP	1.0	False
0.0008441533869677439	0.9402985074626866	0.18404799975800445	0.2934354642422507	Monocyte	Plasma cell	2	6	12	4	8	MRFAP1L1	1.0	False
0.00011063458360706114	0.9402985074626866	0.22158596499027694	0.2584478338044836	Monocyte	Plasma cell	2	5	9	5	7	MRPS30	1.0	False
6.888795073106249e-05	0.9402985074626866	0.1561083789879164	0.1510498107198746	Plasma cell	NK	2	7	13	4	10	N4BP1	1.0	False
0.0005280658377907081	0.9402985074626866	0.21679369822887934	0.5523246079142714	Erythroid	Plasma cell	2	7	9	4	6	NANS	1.0	False
0.0008394871346145217	0.9402985074626866	0.15001514983057224	0.1659669668010827	T cell	B cell	2	5	7	3	5	PIK3CD-AS2	1.0	False
2.3693603051779847e-05	0.9402985074626866	0.11351299585618246	0.2962930273609885	Monocyte	Erythroid	2	3	4	3	4	SDF4	1.0	False
6.273168443145135e-05	0.9402985074626866	0.07472310029559037	0.14591970464199566	Monocyte	Dendritic cell	2	6	11	3	8	STK35	1.0	False
8.979695230003281e-05	0.9402985074626866	0.12280634224837744	0.09204603094090796	NK	Erythroid	2	7	9	3	7	TAFA2	1.0	False
2.8533970374367966e-05	0.9402985074626866	0.05825185618702294	0.12847002389215717	Erythroid	T cell	2	7	11	4	9	TAOK1	1.0	False
4.8426034023810645e-05	0.9402985074626866	0.5375541125541126	0.40888888888888886	T cell	Plasma cell	2	5	8	3	5	TM2D2	1.0	False
7.03282609002897e-05	0.9402985074626866	0.2854403768672481	0.4938722705702653	Dendritic cell	T cell	2	7	17	6	12	ZGPAT	1.0	False
0.0001924791466344574	0.9402985074626866	0.10874655171515835	0.18427449559018966	Plasma cell	Dendritic cell	2	7	12	4	7	ZNF831	1.0	False
2.779816166534447e-05	0.945273631840796	0.1377244333712011	0.1773960896298597	Monocyte	NK	2	7	8	4	8	BRAF	1.0	False
8.462430032705765e-05	0.945273631840796	0.33561631816861226	0.5949483527001013	Erythroid	Dendritic cell	2	7	9	3	8	DUSP1	1.0	False
0.0001859221679393141	0.945273631840796	0.30949781451142616	0.29895517357600276	T cell	B cell	2	6	8	3	7	ENOPH1	1.0	False
1.1167092780912043e-05	0.945273631840796	0.1269913698457868	0.3281534491860503	Erythroid	Monocyte	2	7	16	6	13	IFNGR2	1.0	False
6.499368184588266e-05	0.945273631840796	0.13540159294487703	0.2348890670943598	Erythroid	Monocyte	2	5	8	4	7	M6PR	1.0	False
0.00028943881313461036	0.945273631840796	0.19309704291216268	0.2702702702702703	T cell	NK	2	6	7	3	6	PDIA4	1.0	False
8.841107468477051e-05	0.945273631840796	0.15217967441710978	0.20940284999551123	T cell	NK	2	7	8	3	6	PHTF2	1.0	False
2.9663528448973488e-05	0.945273631840796	0.07020095990973091	0.2061224010021528	Plasma cell	Monocyte	2	7	14	7	14	PRKDC	1.0	False
0.00014228318006532102	0.945273631840796	0.2070743433277194	0.2963727329580988	B cell	Dendritic cell	2	6	10	3	7	PRNP	1.0	False
0.0004544875015076622	0.945273631840796	0.28966470921322673	0.19781768561126717	Erythroid	NK	2	7	10	3	8	PSMA1	1.0	False
5.900411204416408e-05	0.945273631840796	0.0686416564305965	0.25580946111330694	Dendritic cell	Plasma cell	2	7	9	4	9	RASA2	1.0	False
4.3336939016159534e-05	0.945273631840796	0.05151594895481992	0.10646461234043586	B cell	NK	2	6	11	3	7	RFX2	1.0	False
6.331564963396698e-05	0.945273631840796	0.13630281483422946	0.21330739770604817	T cell	Monocyte	2	7	10	3	8	RNF145	1.0	False
0.0006292883481716552	0.945273631840796	0.09328158304297002	0.19811770943796397	T cell	Plasma cell	2	7	10	3	8	SPIN1	1.0	False
4.1434597574955376e-05	0.945273631840796	0.08604931556899514	0.17278327288355222	NK	Dendritic cell	2	7	10	5	9	UIMC1	1.0	False
4.859664255074906e-05	0.945273631840796	0.2528346026895565	0.2517939658390289	T cell	Plasma cell	2	7	9	3	7	ZBTB11	1.0	False
1.9477613699895708e-05	0.945273631840796	0.17643822968323825	0.0885901995057562	T cell	Dendritic cell	2	4	7	4	6	ZNF706	1.0	False
0.00011733579911555704	0.9502487562189055	0.5893336074755313	0.7220638820638821	Dendritic cell	B cell	2	7	9	3	9	C3orf38	1.0	False
0.00020188336454878575	0.9502487562189055	0.10580264265449224	0.1886878190906418	Dendritic cell	B cell	2	5	8	3	5	C8orf44	1.0	False
2.0692800670882257e-05	0.9502487562189055	0.10949419020370599	0.22139609549821904	Monocyte	Erythroid	2	4	4	3	4	CCT3	1.0	False
8.272555067855043e-05	0.9502487562189055	0.27466705600755126	0.3507641814441069	B cell	Plasma cell	2	6	8	3	6	COMMD2	1.0	False
3.3252351126057875e-05	0.9502487562189055	0.08323051787044466	0.23954776879305179	B cell	Dendritic cell	2	7	18	6	14	ENOSF1	1.0	False
5.089139804474257e-05	0.9502487562189055	0.29299492887001	0.3235733656033125	Monocyte	T cell	2	6	11	3	8	G6PD	1.0	False
7.83037738345271e-05	0.9502487562189055	0.11336946931893493	0.05100300612787606	Dendritic cell	Plasma cell	2	6	7	4	6	HP1BP3	1.0	False
0.00011285589654198542	0.9502487562189055	0.10895189564266117	0.17774137028693654	Erythroid	Monocyte	2	6	11	4	9	KNOP1	1.0	False
6.574931591075986e-05	0.9502487562189055	0.30564868276732676	0.39215517981289166	T cell	B cell	2	3	4	3	3	MAPKAPK5-AS1	1.0	False
0.0001044807424926248	0.9502487562189055	0.1816109874641149	0.1276338514680484	Plasma cell	NK	2	7	9	4	8	NAPA	1.0	False
0.00010046038174800172	0.9502487562189055	0.1779467061893013	0.2700803212851406	B cell	Erythroid	2	5	8	3	6	PANK3	1.0	False
1.1725898318808389e-05	0.9502487562189055	0.06822398106503835	0.23093726054428315	NK	B cell	2	7	11	3	8	PLXDC2	1.0	False
6.223822574178934e-05	0.9502487562189055	0.19212135432044425	0.23130608175473583	B cell	Erythroid	2	4	6	3	5	RINL	1.0	False
6.02145317061269e-05	0.9502487562189055	0.16930168855313915	0.2821696136193589	Dendritic cell	Plasma cell	2	7	10	3	9	SLC38A9	1.0	False
4.465966230343977e-05	0.9502487562189055	0.08683883273717119	0.12884450470495523	Plasma cell	NK	2	6	7	3	6	TBXAS1	1.0	False
5.429476036580758e-05	0.9502487562189055	0.16252620326448353	0.50985130758784	Monocyte	B cell	2	7	10	4	8	TRIM22	1.0	False
1.5011244855223746e-05	0.9502487562189055	0.6383597883597885	0.514780631353665	Erythroid	Plasma cell	2	5	9	3	6	UBALD1	1.0	False
5.284900278427485e-05	0.9502487562189055	0.09347245526365255	0.36471312099025804	Dendritic cell	Erythroid	2	7	12	7	12	UBE2D3	1.0	False
2.0032129066051802e-05	0.9502487562189055	0.13285986486695356	0.22756978968514052	B cell	T cell	2	7	11	6	9	UBE2G1	1.0	False
0.0007235536831283888	0.9502487562189055	0.19468935753882427	0.23419540229885055	T cell	NK	2	6	9	3	7	USP12-AS1	1.0	False
5.1564037385201044e-05	0.9502487562189055	0.06039429390888229	0.14424433130037295	T cell	B cell	2	7	11	4	8	USP32	1.0	False
4.810335194092667e-05	0.9552238805970149	0.19166870376015405	0.4356249774196675	Plasma cell	Dendritic cell	2	7	7	3	7	BTF3	1.0	False
0.00021447340437954842	0.9552238805970149	0.04930755138959664	0.1389863547758285	B cell	Dendritic cell	2	5	9	3	6	CENPI	1.0	False
6.12590546382504e-05	0.9552238805970149	0.08848316056788474	0.35594911773908994	Plasma cell	NK	2	7	10	7	10	CFL1	1.0	False
3.9681172197788575e-05	0.9552238805970149	0.16494936586159592	0.26873399560503425	Plasma cell	T cell	2	7	11	3	8	EVI2B	1.0	False
0.00010217085975031812	0.9552238805970149	0.06446504005614062	0.19559423291511752	Dendritic cell	Plasma cell	2	6	7	4	7	FUBP1	1.0	False
0.0011655824803460967	0.9552238805970149	0.0691873854719045	0.10011020438518803	T cell	Plasma cell	2	3	3	3	3	GNAL	1.0	False
0.00011276127139729189	0.9552238805970149	0.15406619660297055	0.14581998773927357	B cell	Monocyte	2	7	8	3	6	GOLGA3	1.0	False
3.837297077362939e-05	0.9552238805970149	0.06975938772052642	0.08381399296314301	Dendritic cell	T cell	2	7	12	7	11	HTT	1.0	False
0.00011523160696808622	0.9552238805970149	0.15796911616470888	0.2945721644567395	Plasma cell	Dendritic cell	2	7	9	3	7	MRE11	1.0	False
9.03012867702293e-05	0.9552238805970149	0.11765955550086321	0.21232545537910047	Dendritic cell	Erythroid	2	6	5	3	4	MYDGF	1.0	False
8.381126912582093e-05	0.9552238805970149	0.252434803679471	0.2993562698447218	Plasma cell	Monocyte	2	5	10	3	7	NUDCD1	1.0	False
8.071246245844328e-05	0.9552238805970149	0.1383514834831785	0.10185363301298084	Monocyte	T cell	2	4	7	4	5	NUDT21	1.0	False
0.00042605030901664704	0.9552238805970149	0.10212458122750068	0.19452305486378385	T cell	NK	2	7	7	3	5	OSBPL10	1.0	False
2.70772057557304e-05	0.9552238805970149	0.15203431714896798	0.07262689001819433	B cell	T cell	2	4	5	3	4	QTRT2	1.0	False
4.616067897705e-05	0.9552238805970149	0.10253840876335524	0.040396933502943766	Dendritic cell	B cell	2	7	6	3	5	ROMO1	1.0	False
8.198533709417185e-05	0.9552238805970149	0.10806720475551418	0.12941337357812327	Plasma cell	T cell	2	6	7	3	7	SLC30A7	1.0	False
4.6594379023989205e-05	0.9552238805970149	0.1155918843321661	0.18649502770631315	Monocyte	NK	2	6	8	4	8	SLC38A2	1.0	False
8.906254390395778e-05	0.9552238805970149	0.17505284977716057	0.2514127389133259	Plasma cell	Dendritic cell	2	6	7	3	5	SNX27	1.0	False
0.000250385273829425	0.9552238805970149	0.16082305914253003	0.17674372572144925	Plasma cell	Dendritic cell	2	6	7	4	6	SUCO	1.0	False
3.2674261235081485e-05	0.9552238805970149	0.16899860152336277	0.2648285180122858	Erythroid	NK	2	7	11	5	10	SUGP2	1.0	False
1.9757010734848714e-05	0.9552238805970149	0.0604331464181902	0.07753733180678146	Monocyte	B cell	2	7	18	8	14	TCF4	1.0	False
0.00018167655614132003	0.9552238805970149	0.22921954315925236	0.27599630371426537	Dendritic cell	B cell	2	6	9	3	6	THUMPD3	1.0	False
2.085474064931773e-05	0.9552238805970149	0.08262987652627818	0.13759154068052165	Monocyte	Erythroid	2	7	15	6	13	ZFX	1.0	False
3.499912451812652e-05	0.9552238805970149	0.12705287913198665	0.5704923597104458	Plasma cell	B cell	2	6	7	4	7	ZNF593	1.0	False
0.0003348238637495622	0.9552238805970149	0.11332997437261949	0.06759806198977897	Erythroid	Monocyte	2	5	9	3	6	ZNF618	1.0	False
5.117577940657424e-05	0.9601990049751243	0.16341937302097886	0.10043775649794806	T cell	Monocyte	2	5	7	3	4	AGO4	1.0	False
1.4841701245647856e-05	0.9601990049751243	0.14247291740194779	0.4271518554210137	Erythroid	Plasma cell	2	5	8	3	6	AP1S2	1.0	False
0.0015375838799891633	0.9601990049751243	0.2164731075455122	0.31881740550471194	B cell	Dendritic cell	2	5	9	3	6	COQ7	1.0	False
6.770906333248598e-05	0.9601990049751243	0.0920535041436672	0.12493412880641391	Dendritic cell	B cell	2	7	14	5	10	CSPP1	1.0	False
6.751743016338921e-05	0.9601990049751243	0.08104440691560733	0.19751322751322747	T cell	Plasma cell	2	7	9	4	9	DCP1A	1.0	False
7.108958999565031e-05	0.9601990049751243	0.07205684823239439	0.05162876997671939	T cell	Plasma cell	2	5	8	4	6	ENSG00000259363	1.0	False
1.8671815833492628e-05	0.9601990049751243	0.029656014153729426	0.10253665689149566	Plasma cell	T cell	2	3	5	3	4	ENSG00000291224	1.0	False
0.0004929768854835017	0.9601990049751243	0.24175488986909782	0.2704888507718696	Plasma cell	Dendritic cell	2	6	7	4	7	EPRS1	1.0	False
8.700796865797917e-05	0.9601990049751243	0.16586874989143557	0.1615999046256557	Erythroid	B cell	2	5	7	3	5	FBXO32	1.0	False
0.0002624448149775011	0.9601990049751243	0.11119297533245087	0.1533764682678822	Monocyte	Plasma cell	2	5	8	4	7	GLB1	1.0	False
9.892861912489203e-05	0.9601990049751243	0.18577275240520852	0.37447840358570417	Plasma cell	B cell	2	7	18	6	13	ITGB2-AS1	1.0	False
0.00010699618788909193	0.9601990049751243	0.08064213731454373	0.11240721102863205	B cell	Plasma cell	2	6	6	3	4	KYAT3	1.0	False
3.9384466254224385e-05	0.9601990049751243	0.15225595516891177	0.08724153431225651	T cell	Plasma cell	2	5	10	3	7	LINC00630	1.0	False
5.044956978041873e-05	0.9601990049751243	0.12167701812796594	0.1889794168096054	NK	Plasma cell	2	7	12	5	12	POLR2B	1.0	False
2.6056233958669254e-05	0.9601990049751243	0.06682323716195243	0.05464840710393176	B cell	NK	2	7	7	6	7	RABGAP1L	1.0	False
3.4665082142955226e-05	0.9601990049751243	0.12455123050984807	0.15665084197470386	B cell	Plasma cell	2	5	7	3	5	SLC2A1	1.0	False
7.521575822201929e-05	0.9601990049751243	0.06260084028148527	0.2735685549521538	Plasma cell	B cell	2	6	11	4	7	SLC7A5	1.0	False
5.898164881332469e-05	0.9601990049751243	0.12040130250082515	0.26287079762689514	NK	Dendritic cell	2	7	9	4	7	TNIP1	1.0	False
8.794246473192325e-05	0.9601990049751243	0.09267702568945546	0.26110309622783323	T cell	Plasma cell	2	7	13	4	10	UBN1	1.0	False
0.00023079593433435712	0.9601990049751243	0.14705941771546788	0.10117434507678413	B cell	Plasma cell	2	4	5	3	4	WARS2-AS1	1.0	False
5.9949481296367525e-05	0.9601990049751243	0.09565725745445758	0.09984459984459987	Erythroid	Monocyte	2	7	15	5	12	WDR44	1.0	False
8.021680797987444e-06	0.9651741293532339	0.17852070838673045	0.3528205128205128	Erythroid	B cell	2	7	9	3	6	ANP32B	1.0	False
0.00028073683257918503	0.9651741293532339	0.40197849079836656	0.394004932650351	NK	Plasma cell	2	7	12	3	7	BRCC3	1.0	False
0.00012531636334544668	0.9651741293532339	0.3308490345650901	0.39119312809729867	Monocyte	B cell	2	4	6	3	5	CD36	1.0	False
2.1049007671455432e-05	0.9651741293532339	0.09872425846805488	0.2070213862964792	Erythroid	T cell	2	7	11	6	10	CDC27	1.0	False
7.14469245611966e-05	0.9651741293532339	0.064390045117108	0.11867696633297026	NK	Monocyte	2	7	9	4	9	CTNNB1	1.0	False
0.0001471303367226661	0.9651741293532339	0.09229450693599822	0.060301507537688426	Plasma cell	T cell	2	4	5	3	5	CXADR	1.0	False
5.791982274973013e-05	0.9651741293532339	0.09544186364945517	0.07665688516384833	Erythroid	B cell	2	7	11	3	8	DNAJB1	1.0	False
9.650054653974975e-05	0.9651741293532339	0.45309992152097417	0.37027842227378194	Plasma cell	Dendritic cell	2	6	9	3	6	DTWD2	1.0	False
4.6827543308905234e-05	0.9651741293532339	0.08217403566173886	0.21394053659494333	Plasma cell	NK	2	7	10	7	10	ERBIN	1.0	False
4.941779139518371e-05	0.9651741293532339	0.05369228914680896	0.1386651388695334	Plasma cell	T cell	2	7	18	8	14	FRY	1.0	False
4.835865224422501e-05	0.9651741293532339	0.09201106777890172	0.24841160673347745	Erythroid	B cell	2	4	7	3	5	IDH3B	1.0	False
8.144727099616727e-05	0.9651741293532339	0.29252066154310463	0.40589554765532415	Erythroid	NK	2	7	11	4	8	ILF3-DT	1.0	False
5.269623064793322e-05	0.9651741293532339	0.17840154234016808	0.4604233733294313	T cell	B cell	2	5	7	4	7	INTS11	1.0	False
0.0001734211610648175	0.9651741293532339	0.11310125667583804	0.08097928436911495	B cell	NK	2	7	10	3	4	INTS2	1.0	False
0.00012568631173610293	0.9651741293532339	0.1596878067353087	0.34643176608710236	Plasma cell	Erythroid	2	7	11	4	9	MAU2	1.0	False
3.284929252517519e-05	0.9651741293532339	0.07065135183022536	0.13980884834285573	NK	Monocyte	2	7	11	5	9	MCU	1.0	False
0.00016741065632775018	0.9651741293532339	0.08206569414143161	0.22393916349809884	Erythroid	T cell	2	5	9	3	7	NCAPD2	1.0	False
0.00021672764685073625	0.9651741293532339	0.07147966090427543	0.1512500394085564	Monocyte	Dendritic cell	2	4	5	3	4	NUP205	1.0	False
2.5441151119255123e-05	0.9651741293532339	0.3386482590910555	0.3970858688302908	T cell	Dendritic cell	2	6	7	3	5	PGGT1B	1.0	False
1.584466074690381e-05	0.9651741293532339	0.05437016174851905	0.10266861388656312	Plasma cell	Dendritic cell	2	7	11	4	10	RPS3A	1.0	False
0.00022654145167829774	0.9651741293532339	0.3010319097926658	0.36147709039044396	Plasma cell	Dendritic cell	2	7	10	3	9	SEC11A	1.0	False
3.3100948371801126e-05	0.9651741293532339	0.10602181131874594	0.2787675147310959	Dendritic cell	B cell	2	7	9	4	8	WBP11	1.0	False
0.0001621561231676401	0.9651741293532339	0.08275593015794758	0.07312290853318454	B cell	Plasma cell	2	7	13	4	11	ZFAT	1.0	False
0.0003143108516357896	0.9651741293532339	0.20741678916518091	0.17770395879681833	B cell	Erythroid	2	6	8	3	4	ZNF264	1.0	False
0.00015850312067388085	0.9651741293532339	0.30491039820308113	0.3254597925575991	Monocyte	NK	2	7	12	3	8	ZNF75A	1.0	False
6.658655277260308e-05	0.9651741293532339	0.10426559219865439	0.04606907437992369	B cell	Erythroid	2	6	5	3	5	ZNHIT1	1.0	False
2.631063045568837e-05	0.9701492537313433	0.10687844676924074	0.14823228987804338	NK	B cell	2	7	11	5	9	CCDC6	1.0	False
3.403707666071652e-05	0.9701492537313433	0.11275033616193841	0.12240462981759614	B cell	Monocyte	2	5	9	5	6	DROSHA	1.0	False
3.6347122565220407e-05	0.9701492537313433	0.09366574578787729	0.20658363643043465	Dendritic cell	T cell	2	4	6	3	4	ENSG00000291079	1.0	False
0.00020616368557275025	0.9701492537313433	0.15978059342213147	0.22955038544984535	Plasma cell	Dendritic cell	2	7	10	3	9	FAF2	1.0	False
5.583803632866244e-05	0.9701492537313433	0.07360840354167242	0.11388612557785716	NK	Dendritic cell	2	7	10	3	8	FAM98B	1.0	False
0.00012920693900800794	0.9701492537313433	0.23102102459132529	0.20965484572486698	Monocyte	B cell	2	6	7	3	5	IKBIP	1.0	False
1.2560574402598772e-05	0.9701492537313433	0.04291954618379584	0.049928119721905806	B cell	Dendritic cell	2	7	8	6	8	IMMP2L	1.0	False
1.4639476425722487e-05	0.9701492537313433	0.22295125750950365	0.23579449747332956	Dendritic cell	Monocyte	2	7	9	6	9	ISCU	1.0	False
0.00012182151435378156	0.9701492537313433	0.14680480020869036	0.16582774049216997	Monocyte	Erythroid	2	6	6	3	4	KLHL6	1.0	False
1.3829156159682452e-05	0.9701492537313433	0.19450720093023754	0.5507595369748082	Monocyte	T cell	2	7	8	3	7	NT5C3A	1.0	False
0.00012591523828086579	0.9701492537313433	0.06953995707589627	0.07256073966722665	T cell	Plasma cell	2	7	16	5	12	PIGP	1.0	False
1.470393882283691e-05	0.9701492537313433	0.07011020724424538	0.04588174811727863	Monocyte	Plasma cell	2	7	9	6	9	RPL28	1.0	False
5.0805472399787716e-05	0.9701492537313433	0.15370531145893213	0.3455742827383771	NK	Monocyte	2	6	8	4	7	SKIL	1.0	False
0.00011203277947523321	0.9701492537313433	0.11826608543300565	0.15875580284828972	Erythroid	Plasma cell	2	7	12	7	12	SMARCA5	1.0	False
0.00020353476594159236	0.9701492537313433	0.09772486620770998	0.23148508250458355	NK	T cell	2	7	11	3	7	TOP3A	1.0	False
6.955538291856676e-05	0.9701492537313433	0.17428087166969197	0.3159641490145734	B cell	Monocyte	2	7	7	3	7	TPR	1.0	False
4.434247869732769e-05	0.9751243781094527	0.1825284511950791	0.1570427501381803	Plasma cell	B cell	2	7	8	3	6	AATF	1.0	False
0.0004238792048295494	0.9751243781094527	0.18328080030287092	0.15756493179100822	Erythroid	NK	2	7	10	3	6	AP3M2	1.0	False
6.171229069200235e-05	0.9751243781094527	0.13839322718009384	0.21730913638909333	Dendritic cell	B cell	2	6	7	5	7	ARPC5	1.0	False
8.155978408240832e-05	0.9751243781094527	0.07303101810683649	0.09665298833161101	Dendritic cell	Plasma cell	2	7	13	5	12	DPP8	1.0	False
1.621572523494517e-05	0.9751243781094527	0.13325979357222817	0.2105186482319576	T cell	Dendritic cell	2	7	14	4	10	EMILIN2	1.0	False
4.934057990094051e-05	0.9751243781094527	0.2252739122945516	0.33891620075830603	Monocyte	Plasma cell	2	7	9	3	6	ENSG00000279463	1.0	False
0.0003718959837979877	0.9751243781094527	0.09592882357922211	0.11648828524337068	B cell	Plasma cell	2	6	8	3	6	ERMP1	1.0	False
3.515871210294568e-05	0.9751243781094527	0.1078769677912948	0.2609298139758444	NK	B cell	2	7	11	3	9	HAPSTR1	1.0	False
2.421459829529985e-05	0.9751243781094527	0.22083405568122122	0.334420179484622	Erythroid	NK	2	7	12	4	8	ITGAL	1.0	False
0.0007835372950124147	0.9751243781094527	0.08448800496204212	0.18197461766944056	Dendritic cell	Plasma cell	2	7	17	5	14	ITSN1	1.0	False
8.937372847944477e-06	0.9751243781094527	0.27102874392650633	0.45839384736637273	Plasma cell	NK	2	7	10	4	9	LDHA	1.0	False
1.8336367668274893e-05	0.9751243781094527	0.29955093508503294	0.4357565856646926	B cell	NK	2	7	7	4	7	MICOS10	1.0	False
2.08190217240777e-05	0.9751243781094527	0.1059922828042138	0.18135350902399167	T cell	Monocyte	2	7	18	8	13	NAPG	1.0	False
0.00010660773334629233	0.9751243781094527	0.06688635951630484	0.06666666666666671	Dendritic cell	T cell	2	7	7	3	6	NBEA	1.0	False
2.6994587214250274e-05	0.9751243781094527	0.17854574476937346	0.47275032809562656	Plasma cell	T cell	2	4	7	3	5	NCOA4	1.0	False
2.6681903740961865e-05	0.9751243781094527	0.06952091065550953	0.3595698820566225	Monocyte	Plasma cell	2	3	4	3	4	PON2	1.0	False
8.647790912331683e-06	0.9751243781094527	0.12267327169544912	0.05807086614173229	Plasma cell	T cell	2	3	6	4	5	SLC2A13	1.0	False
0.00010057503206646761	0.9751243781094527	0.2676338042961751	0.21002232658403264	Plasma cell	B cell	2	5	6	3	4	THEMIS2	1.0	False
0.015399944833011846	0.9751243781094527	0.42446325086099934	0.5277284455595528	Dendritic cell	T cell	2	7	10	4	7	TMSB4X	1.0	False
0.00012179548680367861	0.9751243781094527	0.18040187878159297	0.20662638722053894	Erythroid	Dendritic cell	2	6	9	3	6	TRMT10B	1.0	False
5.1147514036492405e-05	0.9751243781094527	0.11633170951071403	0.18774972439568716	Plasma cell	NK	2	7	11	4	10	ZNF431	1.0	False
0.00011958780526650307	0.9751243781094527	0.08709326704612763	0.08611111111111114	Erythroid	B cell	2	3	4	3	3	ZNF521	1.0	False
0.0001320213501698416	0.9751243781094527	0.17938763444390465	0.15240075180847834	T cell	Erythroid	2	7	11	3	8	ZNF700	1.0	False
1.1578439559243525e-05	0.9800995024875622	0.14598332503094336	0.3476375876403798	Erythroid	T cell	2	6	11	3	5	CSF2RA	1.0	False
1.1068247840104103e-05	0.9800995024875622	0.11748653072544907	0.29985276560314494	NK	Plasma cell	2	7	13	7	13	DNAJA1	1.0	False
0.0001828565250872784	0.9800995024875622	0.0722902283294648	0.10217250918063442	Erythroid	NK	2	6	9	4	8	ENSG00000267476	1.0	False
5.5040940254740666e-05	0.9800995024875622	0.03923791660559656	0.0806218695813225	B cell	T cell	2	7	10	4	9	GALNT10	1.0	False
4.743902191815008e-05	0.9800995024875622	0.12806913146300264	0.09095057928263006	T cell	Erythroid	2	7	11	5	8	GDI2	1.0	False
3.6144518859362645e-05	0.9800995024875622	0.21124392222889965	0.3952691661316359	Dendritic cell	NK	2	7	9	6	9	IQCB1	1.0	False
1.908153384868999e-05	0.9800995024875622	0.06224391405837859	0.07608031911829377	Plasma cell	Erythroid	2	7	11	6	10	KAT6B	1.0	False
1.4694763651525631e-05	0.9800995024875622	0.04940217796093682	0.11375291375291374	Plasma cell	B cell	2	4	6	3	5	MIER3	1.0	False
4.948747098375524e-05	0.9800995024875622	0.1756078026095298	0.2739699133721073	Erythroid	Monocyte	2	6	7	3	6	MRPL37	1.0	False
0.0001187882569648187	0.9800995024875622	0.06622965385613955	0.10744518757678917	Monocyte	Erythroid	2	7	14	6	12	NFATC1	1.0	False
0.0002708799878114727	0.9800995024875622	0.07694911701460144	0.0710422079304911	Plasma cell	T cell	2	5	8	3	5	NMT2	1.0	False
0.00013510591178305604	0.9800995024875622	0.1579227561662973	0.22000767763825935	NK	Plasma cell	2	6	7	3	6	OSBP	1.0	False
9.049970962927928e-05	0.9800995024875622	0.1505557902390825	0.1388903530424906	Monocyte	Erythroid	2	7	12	4	8	PDLIM5	1.0	False
3.7354367654808814e-05	0.9800995024875622	0.1795497012406071	0.26463700234192034	Monocyte	Erythroid	2	5	9	3	6	PIGA	1.0	False
0.00019894110471803362	0.9800995024875622	0.33839829894470863	0.5095954769867814	T cell	Erythroid	2	5	10	5	7	PLIN3	1.0	False
0.00026137973914590605	0.9800995024875622	0.1750741456410826	0.372236175731873	T cell	B cell	2	6	10	3	8	PLRG1	1.0	False
8.913637816256037e-05	0.9800995024875622	0.18860843326649862	0.2519415282313167	NK	B cell	2	7	8	4	6	PPA1	1.0	False
5.175400856687826e-05	0.9800995024875622	0.07106406548338795	0.0480648475853408	Erythroid	Plasma cell	2	5	7	3	5	RBM7	1.0	False
0.00020320858681528196	0.9800995024875622	0.18657459305807883	0.3777137521347569	Monocyte	B cell	2	7	9	3	6	RHBDF2	1.0	False
3.450069323763557e-05	0.9800995024875622	0.18749352078323972	0.21324252557041695	Plasma cell	Dendritic cell	2	7	9	3	8	SMC4	1.0	False
4.387874732505629e-05	0.9800995024875622	0.0954473145235189	0.0929734686094349	Dendritic cell	B cell	2	7	11	4	7	SMURF2	1.0	False
0.0001569567872164553	0.9800995024875622	0.22945943662869733	0.20751549228850302	B cell	Plasma cell	2	5	6	3	6	SPICE1	1.0	False
0.00017694950706819643	0.9800995024875622	0.20755959547563302	0.46690161104718064	B cell	NK	2	5	7	3	5	SULT1A1	1.0	False
5.9453197654158484e-05	0.9800995024875622	0.13456516942966507	0.12410323191330974	Dendritic cell	Monocyte	2	7	13	4	9	SUSD1	1.0	False
9.895178864108601e-05	0.9800995024875622	0.05776320748065544	0.0925923757374485	Plasma cell	NK	2	7	11	4	9	TAF3	1.0	False
0.00015271315820755812	0.9800995024875622	0.1377054050323585	0.18878370430691277	Plasma cell	Monocyte	2	6	9	3	6	THUMPD3-AS1	1.0	False
0.00022890917069422643	0.9800995024875622	0.12836081628547036	0.13101938434539062	Dendritic cell	Erythroid	2	6	7	3	7	UBE4B	1.0	False
3.926057102895294e-05	0.9800995024875622	0.211847862040016	0.10880666891010315	NK	T cell	2	7	18	7	14	UPF3A	1.0	False
6.0995068708899526e-05	0.9800995024875622	0.14620362018814217	0.17776932271345347	T cell	Erythroid	2	7	11	5	8	WASHC2A	1.0	False
0.00011109837222279352	0.9800995024875622	0.05191164961866657	0.1822146700651373	Dendritic cell	Plasma cell	2	7	13	5	11	ZC3H7A	1.0	False
0.0001693436696022181	0.9850746268656716	0.24331675246665513	0.14663589561512513	Plasma cell	Dendritic cell	2	6	10	3	7	AASDH	1.0	False
1.2264612322425879e-05	0.9850746268656716	0.2239421601991854	0.3393623118149422	NK	Plasma cell	2	7	9	3	7	ABCA1	1.0	False
1.452970320584623e-05	0.9850746268656716	0.06741297996955997	0.03620228762548766	Dendritic cell	NK	2	7	11	8	10	BCAS3	1.0	False
0.00010833037752969025	0.9850746268656716	0.18086511229388808	0.21421925455640084	NK	Erythroid	2	7	11	3	8	BICRA	1.0	False
2.08103810376145e-05	0.9850746268656716	0.3350375330659156	0.3472876330019187	Erythroid	Plasma cell	2	5	7	3	4	CDCA7L	1.0	False
0.0001583974135658612	0.9850746268656716	0.1819702604072393	0.21989749468928077	Plasma cell	Monocyte	2	6	7	4	7	CMPK1	1.0	False
3.1504754748657055e-05	0.9850746268656716	0.08613807609396928	0.11225626958635188	NK	Monocyte	2	7	15	7	13	DHRSX	1.0	False
1.9200650494976145e-05	0.9850746268656716	0.3003294292553307	0.3591511936339522	Dendritic cell	B cell	2	6	6	3	5	ENSG00000289341	1.0	False
2.6717510801073756e-05	0.9850746268656716	0.2347474839239544	0.29023171285779187	NK	Erythroid	2	7	11	3	8	FAM104A	1.0	False
4.332180525881444e-05	0.9850746268656716	0.19187342619023878	0.35923478049963614	B cell	Dendritic cell	2	5	9	3	6	GCDH	1.0	False
0.00015393297977328	0.9850746268656716	0.10677033813609099	0.0694055399937753	T cell	NK	2	6	9	3	7	GPAA1	1.0	False
0.00014835455701563155	0.9850746268656716	0.17905232307304242	0.24900087327271797	Dendritic cell	NK	2	7	14	5	10	HDHD2	1.0	False
1.778140112665778e-05	0.9850746268656716	0.09866147231859795	0.02385647831281973	B cell	Monocyte	2	5	6	3	5	KIF1B	1.0	False
7.696137893381591e-05	0.9850746268656716	0.07781371285062988	0.09360363976983804	Erythroid	Plasma cell	2	6	8	3	7	KLHDC10	1.0	False
9.33092780252428e-05	0.9850746268656716	0.0870207389668784	0.0702614379084967	NK	Monocyte	2	6	8	3	6	MAP3K3	1.0	False
2.729971484367958e-05	0.9850746268656716	0.04536560014475355	0.08428260785898473	T cell	Erythroid	2	7	13	5	10	PEAK1	1.0	False
0.0001377357300526013	0.9850746268656716	0.17499680165484344	0.35556427398177504	Monocyte	Plasma cell	2	7	8	3	6	RAB5A	1.0	False
3.931771860224169e-05	0.9850746268656716	0.1222179812224552	0.07607491313561598	T cell	Erythroid	2	4	4	3	3	RBM8A	1.0	False
0.00014288593380104982	0.9850746268656716	0.10467064599119003	0.2284254237080927	NK	Erythroid	2	6	8	3	6	SNX2	1.0	False
1.5634370066721722e-05	0.9850746268656716	0.09641990648647358	0.25961429364341937	NK	Plasma cell	2	7	17	7	13	STX16	1.0	False
8.319303489608086e-06	0.9850746268656716	0.05247322264798698	0.25314972225456683	Plasma cell	NK	2	7	12	7	11	TET2	1.0	False
1.0012486553639777e-05	0.9850746268656716	0.1027292070062586	0.2034885950171546	Erythroid	Plasma cell	2	7	10	6	10	UVRAG	1.0	False
2.272135357085696e-05	0.9850746268656716	0.19631596832458398	0.17130693912303108	B cell	Monocyte	2	4	7	3	5	ZNF92	1.0	False
2.315511724077854e-05	0.9900497512437811	0.15511360857692041	0.1484578963670959	Plasma cell	Monocyte	2	5	6	3	5	ABHD15-AS1	1.0	False
0.0003046003226662866	0.9900497512437811	0.11180848406479199	0.24779013401767896	Dendritic cell	T cell	2	7	9	3	6	ALG9	1.0	False
3.294032687246744e-05	0.9900497512437811	0.02593366848175016	0.07620186830713144	B cell	NK	2	7	10	3	9	ATG10	1.0	False
4.2947786672131e-05	0.9900497512437811	0.07112686782231725	0.1299388480627462	B cell	Monocyte	2	7	13	3	9	AZIN1	1.0	False
5.701817087745153e-05	0.9900497512437811	0.09893461850717433	0.2998263391409219	T cell	Erythroid	2	7	15	6	10	C21orf91	1.0	False
1.9766531276429605e-05	0.9900497512437811	0.1819952784967936	0.2288272764346722	Plasma cell	NK	2	7	10	5	10	CHD1	1.0	False
4.600541999326135e-05	0.9900497512437811	0.0766084126217953	0.07359408846669607	Dendritic cell	B cell	2	7	12	3	10	CLOCK	1.0	False
3.2563083602769286e-05	0.9900497512437811	0.137075571751955	0.1872503684702017	B cell	Plasma cell	2	7	11	3	7	FAM204A	1.0	False
0.0001461017940704855	0.9900497512437811	0.12019899755971342	0.12494356659142214	Plasma cell	T cell	2	5	7	3	5	FBRSL1	1.0	False
5.794131378752881e-05	0.9900497512437811	0.08523889793071382	0.05652610661018059	Monocyte	Plasma cell	2	6	7	3	4	FLNB	1.0	False
8.284007714914758e-05	0.9900497512437811	0.12868405105584413	0.18062712317264018	Dendritic cell	B cell	2	7	9	4	9	KPNA4	1.0	False
0.0001006843514343425	0.9900497512437811	0.041702428210400155	0.13851880877742945	B cell	Plasma cell	2	4	7	3	6	MAP1LC3A	1.0	False
0.00010336024929700162	0.9900497512437811	0.17690158743348555	0.40805815218162494	T cell	NK	2	7	7	3	5	MT2A	1.0	False
0.00010422482211612863	0.9900497512437811	0.22192552735840115	0.3017534442655216	Plasma cell	NK	2	7	11	3	6	NOC3L	1.0	False
0.0002689652802438175	0.9900497512437811	0.08246781111416945	0.14959691697220295	Plasma cell	NK	2	7	10	4	9	NUP160	1.0	False
6.430717708390856e-05	0.9900497512437811	0.18569483971074963	0.3293575274131761	Monocyte	B cell	2	7	7	4	6	P4HB	1.0	False
2.6698663305681703e-05	0.9900497512437811	0.29275748617588687	0.5453273507984755	Monocyte	Erythroid	2	5	7	3	6	PAIP1	1.0	False
8.40765763999931e-06	0.9900497512437811	0.04352935956660536	0.035327250197138726	T cell	Monocyte	2	6	8	4	7	PMS2P4	1.0	False
3.258727315487761e-05	0.9900497512437811	0.3396330043763284	0.4785511660976331	B cell	Plasma cell	2	6	9	3	6	PTPN6	1.0	False
1.006622803987958e-05	0.9900497512437811	0.048322998349835056	0.06167762894449058	Plasma cell	T cell	2	7	17	8	14	RALGAPA2	1.0	False
6.074742243104557e-05	0.9900497512437811	0.10327905203907112	0.19177714257552608	Monocyte	Plasma cell	2	7	8	3	6	RASSF3	1.0	False
7.796657270710537e-06	0.9900497512437811	0.12846541648100623	0.012825327073226422	NK	Plasma cell	2	7	9	4	8	RPS14	1.0	False
0.00017931420007409246	0.9900497512437811	0.10383671232876271	0.22545575142372104	B cell	Monocyte	2	6	9	3	8	RPS23	1.0	False
1.1805669671900484e-05	0.9900497512437811	0.19082358753806827	0.1213428226443134	Dendritic cell	Erythroid	2	5	8	3	8	SBDSP1	1.0	False
2.4476625307385286e-05	0.9900497512437811	0.05623497786679599	0.14212988591835185	Monocyte	NK	2	7	8	4	8	SEPTIN7	1.0	False
3.392200228516443e-06	0.9900497512437811	0.1564416102973093	0.016645945572592913	Plasma cell	T cell	2	3	5	3	5	SERPINF1	1.0	False
0.000523991862311404	0.9900497512437811	0.1925439931489843	0.23004508056827422	T cell	B cell	2	7	14	5	11	SLC35C2	1.0	False
4.281635531440193e-05	0.9900497512437811	0.12636664691243227	0.12627796284259563	Monocyte	NK	2	7	9	6	7	ST6GAL1	1.0	False
6.300749885408512e-05	0.9900497512437811	0.08800739998934531	0.10130366979682043	Erythroid	B cell	2	7	8	3	6	TNS3	1.0	False
4.347884735622202e-05	0.9900497512437811	0.07582302676982328	0.04785741642988839	T cell	Erythroid	2	4	5	3	5	TXNDC15	1.0	False
1.8360358871579935e-05	0.9900497512437811	0.21887705283615383	0.3021607605877269	Plasma cell	B cell	2	4	5	3	3	ZNF765	1.0	False
1.664806084233037e-05	0.9950248756218906	0.04143362360082253	0.08683377401054443	T cell	Dendritic cell	2	7	17	8	15	CBFA2T2	1.0	False
0.0003071440958874931	0.9950248756218906	0.2764326585127356	0.1956214689265537	Erythroid	T cell	2	5	8	3	6	CS	1.0	False
9.034300476484098e-06	0.9950248756218906	0.0307029013103729	0.024621844432279716	B cell	Plasma cell	2	7	13	6	12	DENND1A	1.0	False
2.9351704617148158e-05	0.9950248756218906	0.1841956940300778	0.36900018739152746	NK	Plasma cell	2	7	10	4	9	ETF1	1.0	False
6.159168074616922e-05	0.9950248756218906	0.20590070291434642	0.22891907187323152	Dendritic cell	Erythroid	2	7	12	4	8	ETFDH	1.0	False
8.0951074981205e-05	0.9950248756218906	0.12953463301787083	0.08625861948178021	T cell	Plasma cell	2	7	12	4	10	EXOC1	1.0	False
4.578790082573869e-05	0.9950248756218906	0.12040809712301331	0.28443544193665693	NK	Monocyte	2	7	10	3	8	HSPA4	1.0	False
0.0001522410834100617	0.9950248756218906	0.1300597517489671	0.5143198612942395	NK	B cell	2	7	15	6	11	IDS	1.0	False
0.0016493870178625521	0.9950248756218906	0.28534241086411793	0.5404585989056483	Dendritic cell	B cell	2	7	13	7	12	IMP3	1.0	False
9.850842758725217e-05	0.9950248756218906	0.23045392724840885	0.26244942421413003	Plasma cell	NK	2	5	7	3	6	LRSAM1	1.0	False
1.3143816902174867e-05	0.9950248756218906	0.04543660233618135	0.09960077705893883	Monocyte	B cell	2	3	5	3	5	MRPL47	1.0	False
3.352037663187556e-05	0.9950248756218906	0.19475586148164498	0.33680654800571647	B cell	T cell	2	7	11	5	9	MTG1	1.0	False
1.6525244987889803e-05	0.9950248756218906	0.06021906113380515	0.07754925308508342	NK	Monocyte	2	7	10	3	9	PAM	1.0	False
2.3106813652334204e-05	0.9950248756218906	0.14953018089063874	0.13243209237952774	Dendritic cell	T cell	2	7	9	4	7	PDCD6IP	1.0	False
6.504985461440944e-06	0.9950248756218906	0.11956282195022999	0.4956920427586743	Erythroid	Plasma cell	2	7	10	6	10	PICALM	1.0	False
7.201519513992899e-05	0.9950248756218906	0.17775760921823852	0.0874115396141168	Plasma cell	NK	2	7	7	3	6	POLR2K	1.0	False
2.7518844902357743e-05	0.9950248756218906	0.05529069660596164	0.34156260510924824	Plasma cell	T cell	2	7	8	5	7	PPIA	1.0	False
7.534243476618411e-05	0.9950248756218906	0.17008500615078304	0.1371684903726953	B cell	T cell	2	5	8	3	8	PRKAA1	1.0	False
5.1841516114708e-05	0.9950248756218906	0.0418360494516119	0.07105294201647805	Dendritic cell	Plasma cell	2	7	9	4	9	SETD5	1.0	False
1.1649699509407991e-05	0.9950248756218906	0.09574517038091901	0.11591500729860527	Dendritic cell	Erythroid	2	7	13	8	11	SNHG14	1.0	False
3.5970572367906566e-05	0.9950248756218906	0.10668417490552329	0.11706227772723515	Monocyte	Plasma cell	2	5	8	3	5	SRFBP1	1.0	False
5.578119935708074e-05	0.9950248756218906	0.07662263655895107	0.18362780003417822	Monocyte	B cell	2	7	13	8	12	TCF25	1.0	False
0.0001137255149141809	0.9950248756218906	0.2388107101447206	0.15130328536519144	Monocyte	B cell	2	5	5	3	4	WDR47	1.0	False
2.231678219590595e-05	0.9950248756218906	0.1267769937670561	0.4922501577002794	T cell	B cell	2	6	7	3	5	ZMIZ2	1.0	False
7.508580976389596e-05	1.0	0.010868715302212728	0.010251630941286172	Plasma cell	Monocyte	2	2	3	3	3	ACTR5	1.0	False
1.6636261811311645e-05	1.0	0.004322559279793969	0.08058281296461495	Dendritic cell	Monocyte	2	2	3	3	3	ALAS1	1.0	False
3.573690595511285e-05	1.0	0.013915225295603295	0.030267673301304088	Dendritic cell	Monocyte	2	2	3	3	3	ANKMY2	1.0	False
0.0004757586102129092	1.0	0.038057413600891876	0.2439578264395783	T cell	Monocyte	2	2	3	3	3	BET1L	1.0	False
5.298532662365286e-08	1.0	0.026224402695152416	0.023137012074591012	T cell	Dendritic cell	2	2	3	3	3	C12orf57	1.0	False
0.00011492581360998889	1.0	0.03194336122925717	0.1363018867924528	Monocyte	T cell	2	2	3	3	3	CCDC146	1.0	False
9.283402980901902e-06	1.0	0.14351315724700692	0.020215633423180612	B cell	Monocyte	2	4	7	3	5	CCDC171	1.0	False
9.991895758369365e-06	1.0	0.04857264267912076	0.016963528413910023	T cell	Dendritic cell	2	2	3	3	3	CCL3	1.0	False
9.335661033551991e-06	1.0	0.03841409553569847	0.29576218491414363	Dendritic cell	T cell	2	2	3	3	3	CD247	1.0	False
1.7465835593387346e-05	1.0	0.003056441766119189	0.024398351283074105	Monocyte	T cell	2	2	3	3	3	CDKL3	1.0	False
2.9229203792675895e-05	1.0	0.01031419006712464	0.0245409762651142	B cell	Erythroid	2	2	3	3	3	CEMIP	1.0	False
0.00012621367376300502	1.0	0.04064341429932827	0.12144605535680664	T cell	Monocyte	2	2	3	3	3	CENPT	1.0	False
3.960488505765323e-05	1.0	0.010833839758401798	0.018981018981019004	Dendritic cell	Monocyte	2	2	3	3	3	CEP89	1.0	False
3.336090024719851e-05	1.0	0.08802123034215548	0.07809268177153228	B cell	Monocyte	2	7	9	3	6	CRADD	1.0	False
5.073379229621874e-05	1.0	0.07041619687481437	0.1440798295013479	Erythroid	NK	2	7	10	3	8	CTNNA1	1.0	False
1.3016494493809192e-05	1.0	0.19110983297625805	0.48382153213669565	B cell	Monocyte	2	7	12	3	9	DCK	1.0	False
9.410957748806582e-05	1.0	0.01699050332383667	0.06771921677888704	Erythroid	B cell	2	2	3	3	3	DDX31	1.0	False
9.97407468018915e-05	1.0	0.26818416506947235	0.3738526656203928	B cell	Plasma cell	2	7	8	3	8	DMTF1	1.0	False
2.6312654160753782e-05	1.0	0.04734416117217388	0.17355243584179092	Plasma cell	T cell	2	7	11	6	10	DNAJC1	1.0	False
2.4712402749205524e-05	1.0	0.00019760325480489005	0.016666666666666607	Dendritic cell	Monocyte	2	2	3	3	3	DPY19L1	1.0	False
7.207331503772563e-05	1.0	0.1058330164205914	0.11823651143473107	Erythroid	Dendritic cell	2	7	7	3	6	EDEM3	1.0	False
1.4834991870535888e-06	1.0	0.027140974967062026	0.05182912764681458	B cell	NK	2	2	3	3	3	EEIG1	1.0	False
0.000845739899732897	1.0	0.10525198385292811	0.09315375982042645	B cell	T cell	2	2	3	3	3	EEIG2	1.0	False
3.688048653837954e-06	1.0	0.000529592601203846	0.012223884760721261	T cell	Monocyte	2	2	3	3	3	EMC8	1.0	False
3.6953485625578226e-06	1.0	0.04609749949586611	0.053989383646414923	B cell	Monocyte	2	2	3	3	3	ENSG00000259536	1.0	False
4.7190211225285264e-07	1.0	0.007072264389626937	0.17155425219941345	T cell	Monocyte	2	2	3	3	3	ENSG00000260349	1.0	False
4.343564920062606e-06	1.0	0.019476598033369596	0.11388888888888882	Plasma cell	B cell	2	2	3	3	3	ENSG00000272368	1.0	False
0.00015644151952061986	1.0	0.051718255370251875	0.0015649452269170805	T cell	Monocyte	2	2	3	3	3	ENSG00000274265	1.0	False
1.1362907513927617e-05	1.0	0.009652441861909333	0.06988228252194734	B cell	Dendritic cell	2	2	3	3	3	ENSG00000286894	1.0	False
9.265579818709797e-07	1.0	0.08007178361292855	0.09741475019825535	B cell	Monocyte	2	5	8	3	6	ENSG00000288545	1.0	False
0.00020105341691511517	1.0	0.09168886998473236	0.07251709540866169	T cell	B cell	2	2	3	3	3	ENSG00000288914	1.0	False
2.524567120904694e-07	1.0	0.01466082974355376	0.03431372549019607	Erythroid	T cell	2	2	3	3	3	ENSG00000290578	1.0	False
0.000676209489109691	1.0	0.09587807643566998	0.025333222948919598	B cell	T cell	2	2	3	3	3	ENSG00000291054	1.0	False
5.3883865358358456e-05	1.0	0.28591031954290236	0.6649330796929139	Dendritic cell	B cell	2	7	10	3	5	EREG	1.0	False
4.740577265074372e-06	1.0	0.01117503574750589	0.09985778361229625	Monocyte	Dendritic cell	2	2	3	3	3	ERLIN1	1.0	False
0.0012977300513937738	1.0	0.0872463768115942	0.12446717817561809	Dendritic cell	Monocyte	2	2	3	3	3	F11R	1.0	False
0.00021389270695111647	1.0	0.04850432166789098	0.08581519663993886	B cell	T cell	2	2	3	3	3	FAM117A	1.0	False
3.324232242045619e-07	1.0	0.0029985095202486045	0.3294472005669738	T cell	Monocyte	2	2	3	3	3	FASTKD3	1.0	False
4.501000580822866e-06	1.0	0.07385443489727256	0.16604932703658537	B cell	Monocyte	2	7	9	6	9	FNDC3B	1.0	False
5.509536422187568e-06	1.0	0.052624255357147764	0.09183100632005936	B cell	Plasma cell	2	2	3	3	3	FYCO1	1.0	False
1.126687789755804e-05	1.0	0.03683614637587729	0.0957529320516135	T cell	Monocyte	2	2	3	3	3	GCLM	1.0	False
0.00029614799111394186	1.0	0.026022228625511068	0.04045230132186656	Dendritic cell	Monocyte	2	2	3	3	3	GNS	1.0	False
4.4360819208138e-05	1.0	0.035609604171112696	0.005778745299821919	T cell	Erythroid	2	2	3	3	3	GOLGA2	1.0	False
1.6768772214746787e-05	1.0	0.3542157561923996	0.38411312016889704	Erythroid	Dendritic cell	2	6	11	3	7	GPAT4	1.0	False
3.282743563182696e-05	1.0	0.007223234495176867	0.00391236306729259	T cell	Monocyte	2	2	3	3	3	GPR89A	1.0	False
0.00035204916012229585	1.0	0.09063399369610045	0.19201327433628318	Monocyte	Plasma cell	2	3	4	3	3	HDGF	1.0	False
2.599437149463144e-05	1.0	0.016072530864197576	0.048611111111111105	T cell	B cell	2	2	3	3	3	HNRNPAB	1.0	False
5.276977605217021e-05	1.0	0.024724865105990368	0.0048933598471556095	T cell	Monocyte	2	2	3	3	3	HNRNPH2	1.0	False
4.455628308101593e-05	1.0	0.37771803136071574	0.35789064736433157	Plasma cell	NK	2	7	12	4	9	INTS10	1.0	False
8.362808116023398e-05	1.0	0.07789993104780502	0.11106074515375786	Erythroid	Monocyte	2	2	3	3	3	ITK	1.0	False
3.337951704612521e-06	1.0	0.13611691628933004	0.11784954176258527	Erythroid	T cell	2	3	5	3	4	LAT	1.0	False
8.769763095293067e-06	1.0	0.009841844663273258	0.09958868253770414	Monocyte	B cell	2	2	3	3	3	LIX1-AS1	1.0	False
2.5971823301482706e-05	1.0	0.012205387205387164	0.08024596125449052	Monocyte	T cell	2	2	3	3	3	LRRC8B	1.0	False
6.672250104386569e-05	1.0	0.069955350121364	0.06410414864252456	T cell	B cell	2	2	3	3	3	MED15	1.0	False
0.00017960986442285904	1.0	0.023785963686274503	0.05289937005330314	B cell	T cell	2	2	3	3	3	METTL6	1.0	False
4.419574627577797e-06	1.0	0.20610527154005415	0.3150310559006211	Erythroid	Plasma cell	2	3	4	3	3	MFAP1	1.0	False
5.860754897173404e-05	1.0	0.18122118292769418	0.10633556192295446	Plasma cell	Erythroid	2	5	6	4	6	MIA3	1.0	False
3.122353203675922e-05	1.0	0.46162911452075395	0.6674046229888768	NK	T cell	2	7	9	3	6	MPZL3	1.0	False
6.948832251450681e-05	1.0	0.028952752531947734	0.002003109303994277	Plasma cell	T cell	2	2	3	3	3	MSRB3	1.0	False
1.3456101873948235e-05	1.0	0.0050958292612510725	0.11103863158657684	T cell	B cell	2	2	3	3	3	MYH9	1.0	False
0.0009561203073930144	1.0	0.08994569668497321	0.024470647901610243	Plasma cell	T cell	2	2	3	3	3	NADK	1.0	False
3.622438710121319e-06	1.0	0.013708129166237426	0.27733763626878083	Erythroid	T cell	2	2	3	3	3	NCF1	1.0	False
2.3471179879251372e-07	1.0	0.038117195165445594	0.01926515286965852	T cell	Monocyte	2	2	3	3	3	NDC1	1.0	False
2.768098404634786e-06	1.0	0.001067546121081564	0.019232066941089143	Monocyte	T cell	2	2	3	3	3	NRP1	1.0	False
0.00036604958711480156	1.0	0.053915009041591244	0.0447292069632495	NK	Monocyte	2	2	3	3	3	NUDT13	1.0	False
0.0	1.0	0.0	0.6694486207848792	Erythroid	Erythroid	2	2	3	3	3	ORAI3	1.0	False
0.001190561297066115	1.0	0.16660724896019014	0.13299737072743212	Erythroid	T cell	2	2	3	3	3	P2RY10	1.0	False
3.427885917436472e-05	1.0	0.03123302016744639	0.0027153558052434024	Plasma cell	T cell	2	2	3	3	3	PALD1	1.0	False
6.80882795032921e-06	1.0	0.17709272051599728	0.2722399121091932	Plasma cell	Erythroid	2	7	18	9	15	PARP4	1.0	False
1.2324733428351412e-06	1.0	0.20505210050082956	0.29729644202065375	Monocyte	B cell	2	3	6	3	6	PAXIP1-DT	1.0	False
0.0007271309051626565	1.0	0.1289629713590421	0.14068603800600754	Plasma cell	Dendritic cell	2	5	9	4	7	PCBP3	1.0	False
2.4155430982226773e-05	1.0	0.1152331303790865	0.1994249375616513	Plasma cell	B cell	2	7	12	6	11	PDXDC1	1.0	False
1.8558096114581708e-05	1.0	0.014471274339695306	0.18147077050196242	Monocyte	T cell	2	2	3	3	3	PEMT	1.0	False
7.864662333335094e-06	1.0	0.026161299602452226	0.013724098299699228	T cell	B cell	2	2	3	3	3	PI4KA	1.0	False
5.135277196793433e-09	1.0	0.0007450234540838929	0.02055183202711619	B cell	T cell	2	2	3	3	3	PKIG	1.0	False
0.00014677111731199244	1.0	0.035709622666144414	0.21930628272251307	B cell	Plasma cell	2	2	3	3	3	PLA2G4B	1.0	False
5.862486836079092e-05	1.0	0.17170217244806507	0.40145031161956796	Plasma cell	NK	2	7	8	3	7	PNPLA8	1.0	False
9.655089029563691e-06	1.0	0.004362770592228671	0.079388560157791	Plasma cell	Monocyte	2	2	3	3	3	PPP1R14A	1.0	False
0.00045017228239195144	1.0	0.09836840610071529	0.01063495995376107	B cell	Erythroid	2	2	3	3	3	PPP6R1	1.0	False
2.351979858610632e-05	1.0	0.10269525506967636	0.11978284823564189	T cell	Erythroid	2	7	11	3	8	RAB28	1.0	False
0.00011857845160727933	1.0	0.16328847395687734	0.29515127229012217	B cell	Dendritic cell	2	6	10	3	7	RABL6	1.0	False
6.33161106459739e-05	1.0	0.11077275246974577	0.18467564259485925	B cell	T cell	2	6	9	3	6	RAD18	1.0	False
3.4104036292104e-07	1.0	0.0028286462127079526	0.0061403508771930015	Erythroid	B cell	2	2	3	3	3	RALGPS1	1.0	False
0.00017107313098352242	1.0	0.03697401761917901	0.02631578947368418	Plasma cell	T cell	2	2	3	3	3	RAVER2	1.0	False
7.430650304558021e-06	1.0	0.09043133589668773	0.04558231421997022	Dendritic cell	B cell	2	7	6	4	6	RPL13A	1.0	False
0.00029661618800057364	1.0	0.00023520169641666477	0.37469497979483996	T cell	B cell	2	2	3	3	3	RPL3	1.0	False
3.128019285397049e-06	1.0	0.007447456914669998	0.020769230769230762	T cell	B cell	2	2	3	3	3	RPL36A	1.0	False
0.0001200470819871577	1.0	0.033049867985765424	0.11684327941996658	T cell	Erythroid	2	2	3	3	3	RPL41	1.0	False
7.762291046954017e-06	1.0	0.019609428565759868	0.013327579428767944	Plasma cell	Monocyte	2	3	3	3	3	RPS15	1.0	False
1.4765206660585917e-05	1.0	0.013947195532561407	0.1699512292226536	T cell	Monocyte	2	2	3	3	3	RRAS	1.0	False
4.120343616951297e-06	1.0	0.18704999515085147	0.21715409255449364	Erythroid	NK	2	7	9	5	8	RSRC2	1.0	False
1.5139474871887186e-05	1.0	0.017018932763493894	0.04078377762588288	T cell	Monocyte	2	2	3	3	3	SCRN2	1.0	False
0.000113324394140324	1.0	0.028918799690381525	0.17855398143624815	B cell	Monocyte	2	2	3	3	3	SHLD3	1.0	False
6.707849622523939e-05	1.0	0.01062498831611769	0.3335233751425314	B cell	Erythroid	2	2	3	3	3	SLC16A3	1.0	False
5.749525175924507e-05	1.0	0.05098465775154026	0.6276733684069332	T cell	Monocyte	2	2	3	3	3	SLC25A19	1.0	False
3.426026544665252e-07	1.0	0.03027181108049365	0.020809530053007175	T cell	Erythroid	2	2	3	3	3	SLC25A45	1.0	False
0.00012731528083061194	1.0	0.001047028534384764	0.004347826086956497	T cell	Erythroid	2	2	3	3	3	SLC52A2	1.0	False
2.4256759628006825e-05	1.0	0.2026166946992124	0.1828072858731924	Plasma cell	Erythroid	2	6	9	3	7	SMIM15	1.0	False
5.8930289058406715e-08	1.0	0.0360764235764236	0.0764411027568922	B cell	Erythroid	2	2	3	3	3	SNX20	1.0	False
2.717787028250832e-05	1.0	0.10190493886146057	0.03081392037364017	B cell	T cell	2	2	3	3	3	SPAG4	1.0	False
2.6550434779509675e-09	1.0	0.006139280553119186	0.03420809714822837	Monocyte	T cell	2	2	4	4	4	SPRED1	1.0	False
3.181677910845869e-05	1.0	0.10584178569771913	0.23019089184219282	NK	Dendritic cell	2	7	16	6	13	SRSF6	1.0	False
2.716587483392991e-05	1.0	0.05444598806530515	0.11485391497611774	NK	Plasma cell	2	7	11	7	10	SSH2	1.0	False
6.531974253819903e-07	1.0	0.088735191296486	0.23966250070370998	Monocyte	B cell	2	3	4	3	4	TARDBP	1.0	False
0.0003025639351547628	1.0	0.051953033447091124	0.022682607271536204	B cell	T cell	2	2	3	3	3	TCAIM	1.0	False
7.240482418842346e-05	1.0	0.01188667299778412	0.0013289036544850141	Dendritic cell	Monocyte	2	2	3	3	3	THRA	1.0	False
4.6335781963118e-05	1.0	0.01159125201227279	0.1511041439476554	Monocyte	Dendritic cell	2	2	3	3	3	TMEM101	1.0	False
1.8068157023830513e-05	1.0	0.005188748316054648	0.24758197688133993	T cell	B cell	2	2	3	3	3	TRABD	1.0	False
5.153805417389175e-05	1.0	0.16017498763673294	0.171780303030303	T cell	Dendritic cell	2	7	11	3	8	TRAPPC11	1.0	False
6.407495433482226e-05	1.0	0.1340973049578404	0.08994318105497873	Dendritic cell	B cell	2	7	10	3	7	TRIM37	1.0	False
5.7086138073936624e-06	1.0	0.006304337255378378	0.01645595023078461	Monocyte	Dendritic cell	2	2	3	3	3	TTC4	1.0	False
0.00035666163325273744	1.0	0.07255674411471508	0.07297239965116553	B cell	Erythroid	2	2	3	3	3	TWF1	1.0	False
2.053334086416113e-06	1.0	0.12813113820929306	0.3366218876664737	Plasma cell	T cell	2	7	13	5	10	TXNDC11	1.0	False
8.194739234063689e-05	1.0	0.020637456557356382	0.016205533596837962	B cell	Plasma cell	2	2	3	3	3	ULK2	1.0	False
8.480481802950474e-05	1.0	0.0017164162091698465	0.0024707272531958036	Monocyte	Dendritic cell	2	2	3	3	3	URGCP	1.0	False
1.5179198333929393e-05	1.0	0.1317956503183249	0.46847842097510684	T cell	B cell	2	3	4	3	3	WDR55	1.0	False
1.3055849551052582e-06	1.0	0.0015453917761054647	0.025636460744169476	Plasma cell	Erythroid	2	2	3	3	3	XPOT	1.0	False
6.887540722367316e-06	1.0	0.19953932032879396	0.23262032085561501	B cell	Monocyte	2	4	7	3	5	ZBTB33	1.0	False
0.0003586159358031947	1.0	0.03566662500843942	0.10581324382056756	B cell	Erythroid	2	2	3	3	3	ZC4H2	1.0	False
2.071492065230225e-05	1.0	0.0025789242687420666	0.08745430719359953	T cell	Erythroid	2	2	3	3	3	ZMPSTE24	1.0	False
7.577924371707915e-05	1.0	0.26304248367856375	0.5073103868413037	T cell	Erythroid	2	3	4	3	3	ZMYM1	1.0	False
0.0009217007364655003	1.0	0.0014302325200844512	0.07624320124320122	T cell	Monocyte	2	2	3	3	3	ZNF280C	1.0	False
7.569102941642981e-08	1.0	0.019702151494696007	0.06924470011718342	B cell	Erythroid	2	2	3	3	3	ZNF440	1.0	False
1.5600225413392714e-05	1.0	0.01800694029916139	0.07852772715438694	Monocyte	T cell	2	2	3	3	3	ZSCAN32	1.0	False
