statistic	pval	effect_equal_donor	effect_pooled_counts	n_features	n_celltypes	n_donors	min_donors_per_celltype	max_donors_per_celltype	gene	qval	sig
0.0006795408021837429	0.004975124378109453	0.1124204683374263	0.058931163806364116	5	7	17	6	11	ENSG00000005893	0.9819869795482614	False
0.011296562983714287	0.004975124378109453	0.25004690152544007	0.27091011466011466	6	7	16	5	11	ENSG00000100209	0.9819869795482614	False
0.0024805411260018875	0.004975124378109453	0.17457423756415968	0.1702470851727027	4	7	13	5	11	ENSG00000100307	0.9819869795482614	False
5.3995138754568735e-05	0.004975124378109453	0.02575942797831848	0.018005540166205012	3	6	9	4	5	ENSG00000103319	0.9819869795482614	False
0.0021517775664283427	0.004975124378109453	0.2566105350275449	0.204480851263301	14	7	18	10	15	ENSG00000105518	0.9819869795482614	False
0.026500437345177427	0.004975124378109453	0.42047488970636443	0.41013071895424835	2	3	4	3	4	ENSG00000106333	0.9819869795482614	False
0.007211888138987643	0.004975124378109453	0.46954420909679784	0.4291485689938971	74	7	12	3	8	ENSG00000115392	0.9819869795482614	False
0.0027434273813234	0.004975124378109453	0.16803176369579118	0.11806815523381248	8	7	18	6	14	ENSG00000124177	0.9819869795482614	False
0.012402651866351852	0.004975124378109453	0.37860173002763	0.37693597711354443	8	4	4	3	4	ENSG00000130299	0.9819869795482614	False
0.054069627999327054	0.004975124378109453	0.42418389271693624	0.6456563920007723	6	7	15	4	10	ENSG00000130511	0.9819869795482614	False
0.006555193573613419	0.004975124378109453	0.3926464370731887	0.45293332899489147	10	6	7	3	4	ENSG00000144354	0.9819869795482614	False
0.002053250252191284	0.004975124378109453	0.21555378332884204	0.2225822979377481	22	7	10	3	8	ENSG00000147050	0.9819869795482614	False
0.0041212151403236036	0.004975124378109453	0.1777590048436814	0.2355314147766978	6	7	12	4	7	ENSG00000151287	0.9819869795482614	False
0.00033391157446575946	0.004975124378109453	0.0998096795024272	0.1098454317007254	6	7	12	3	10	ENSG00000154124	0.9819869795482614	False
0.0004220985793321547	0.004975124378109453	0.09985594736949359	0.10707755055130126	5	6	11	3	7	ENSG00000159339	0.9819869795482614	False
0.0020958165372983607	0.004975124378109453	0.2321060700317096	0.20248134825472958	5	7	19	6	14	ENSG00000164346	0.9819869795482614	False
0.007574358696198047	0.004975124378109453	0.1482783705895166	0.21147630412546878	6	7	17	5	11	ENSG00000165526	0.9819869795482614	False
0.011055492630899685	0.004975124378109453	0.38334925943621595	0.4202933688931991	7	7	7	3	4	ENSG00000168256	0.9819869795482614	False
0.001246831334543838	0.004975124378109453	0.14051168072266063	0.104427708887879	4	7	16	5	11	ENSG00000171865	0.9819869795482614	False
0.005073547887321399	0.004975124378109453	0.32713065248551537	0.3097610006700916	8	6	10	3	7	ENSG00000172661	0.9819869795482614	False
0.01762393963459421	0.004975124378109453	0.4153827015426863	0.38015650309919147	6	7	12	3	8	ENSG00000188404	0.9819869795482614	False
0.00697779566657579	0.004975124378109453	0.27177855564041664	0.28867592350665033	6	7	17	4	11	ENSG00000188677	0.9819869795482614	False
0.0014922020437251999	0.004975124378109453	0.11798477402181717	0.12630125156741662	6	6	12	5	9	ENSG00000198843	0.9819869795482614	False
0.01744175300283491	0.004975124378109453	0.42304158111696144	0.4082246316752878	2	5	5	3	4	ENSG00000211890	0.9819869795482614	False
0.0033814999599518884	0.004975124378109453	0.1819747769322052	0.31687266396365266	2	7	11	6	9	ENSG00000211895	0.9819869795482614	False
0.0008022890161181897	0.004975124378109453	0.39973553024374686	0.3538492381716119	4	7	11	3	7	ENSG00000247982	0.9819869795482614	False
0.0034603918019021716	0.004975124378109453	0.19531194812204905	0.19651656754460495	4	7	13	4	9	ENSG00000253738	0.9819869795482614	False
0.0033060001157506065	0.004975124378109453	0.2659687093518981	0.19795852425905439	14	7	14	6	10	ENSG00000257621	0.9819869795482614	False
0.0010364188418092739	0.004975124378109453	0.13954914789922235	0.09973090687158434	2	6	10	4	6	ENSG00000270231	0.9819869795482614	False
0.0075173813332093465	0.004975124378109453	0.20170374216884507	0.2463113669445547	4	5	6	3	5	ENSG00000291043	0.9819869795482614	False
0.018242239476459046	0.009950248756218905	0.4218420169287721	0.4219985875706214	19	7	11	3	8	ENSG00000006530	0.9819869795482614	False
0.0002817476958458535	0.009950248756218905	0.0461603837440082	0.0709520498113322	11	7	19	13	19	ENSG00000019582	0.9819869795482614	False
0.016127189920566876	0.009950248756218905	0.37775638356249686	0.3960260049446021	20	6	9	3	5	ENSG00000078403	0.9819869795482614	False
0.00018328902692398827	0.009950248756218905	0.06080641020676417	0.04970854955689213	14	7	17	10	15	ENSG00000099956	0.9819869795482614	False
0.008933466037189112	0.009950248756218905	0.20752391471714832	0.2882303432080549	5	6	9	3	7	ENSG00000103522	0.9819869795482614	False
0.009344016449395006	0.009950248756218905	0.24902854244246914	0.29366336633663365	4	6	8	3	5	ENSG00000106992	0.9819869795482614	False
0.016179940413877558	0.009950248756218905	0.4418503799636339	0.6191278094599129	26	7	11	4	9	ENSG00000114062	0.9819869795482614	False
0.0006591288788966106	0.009950248756218905	0.09047163717753993	0.09505887887564135	3	7	17	6	11	ENSG00000118579	0.9819869795482614	False
5.483630467134915e-07	0.009950248756218905	0.0035714285714285093	0.0028040658955485183	2	7	18	7	14	ENSG00000120137	0.9819869795482614	False
0.000692867287679315	0.009950248756218905	0.0864979534790856	0.1558607515726378	2	7	11	5	9	ENSG00000123575	0.9819869795482614	False
0.00031173525849241524	0.009950248756218905	0.0932082669370805	0.08208955223880599	4	4	5	3	3	ENSG00000139651	0.9819869795482614	False
0.009690105101280787	0.009950248756218905	0.37901174532012	0.3382902471536899	25	7	10	3	6	ENSG00000140400	0.9819869795482614	False
0.008958919975266133	0.009950248756218905	0.30713286035063925	0.2671409515340152	10	5	7	4	5	ENSG00000143624	0.9819869795482614	False
0.00315182376879733	0.009950248756218905	0.2633296630218239	0.2556897647806739	6	7	14	4	7	ENSG00000149929	0.9819869795482614	False
0.006915574819363623	0.009950248756218905	0.13783134189034618	0.2244573135967228	5	7	17	6	13	ENSG00000156603	0.9819869795482614	False
0.0008609210547719581	0.009950248756218905	0.02890776871111917	0.05946753744140325	5	7	18	4	13	ENSG00000167641	0.9819869795482614	False
0.007501888679032997	0.009950248756218905	0.30729645251186266	0.26098360655737707	8	5	7	3	6	ENSG00000171703	0.9819869795482614	False
5.835407488045819e-06	0.009950248756218905	0.010256410256410262	0.01801801801801804	4	6	8	3	5	ENSG00000172005	0.9819869795482614	False
0.003013276898387316	0.009950248756218905	0.17303155245334947	0.21649879149937656	2	7	11	4	9	ENSG00000182831	0.9819869795482614	False
0.005150918020207039	0.009950248756218905	0.2604139747014347	0.2181597196645235	11	7	12	3	8	ENSG00000185344	0.9819869795482614	False
0.0013118110715694322	0.009950248756218905	0.06657615970838975	0.0692090395480226	5	7	12	4	9	ENSG00000274523	0.9819869795482614	False
0.0030843561005915623	0.014925373134328358	0.20192926861226032	0.13690476190476186	5	5	6	3	4	ENSG00000078177	0.9819869795482614	False
0.0018218583059032018	0.014925373134328358	0.15860414246925017	0.14969763906216982	12	7	19	10	16	ENSG00000100796	0.9819869795482614	False
0.0016391070191368508	0.014925373134328358	0.14679399140048124	0.10380592322203643	9	7	16	7	12	ENSG00000101310	0.9819869795482614	False
0.0012841245031034337	0.014925373134328358	0.08842649246303427	0.0880310378273521	7	7	17	5	10	ENSG00000105723	0.9819869795482614	False
0.0030877058483559415	0.014925373134328358	0.22473967223423283	0.20211035618694664	8	4	7	3	6	ENSG00000106066	0.9819869795482614	False
0.020104055066842662	0.014925373134328358	0.5620105790918897	0.5921622274080631	23	5	5	3	4	ENSG00000108433	0.9819869795482614	False
0.0009536004810750739	0.014925373134328358	0.14328725169447515	0.07190799026954844	5	7	18	7	14	ENSG00000108510	0.9819869795482614	False
0.006980077424473421	0.014925373134328358	0.2410763643548258	0.29404355812122807	12	7	13	4	9	ENSG00000113240	0.9819869795482614	False
0.0012487404229007033	0.014925373134328358	0.20762785933807965	0.1878306878306878	14	7	17	8	13	ENSG00000113593	0.9819869795482614	False
0.0020781802982612996	0.014925373134328358	0.24755332755236822	0.18520407549530257	6	7	17	7	12	ENSG00000114021	0.9819869795482614	False
1.0896987396445962e-05	0.014925373134328358	0.008438818565400848	0.0158311345646438	2	7	14	5	9	ENSG00000120063	0.9819869795482614	False
3.676967053653537e-05	0.014925373134328358	0.0128205128205128	0.028089887640449417	3	7	9	3	6	ENSG00000134698	0.9819869795482614	False
0.004288901691499594	0.014925373134328358	0.11296032265573162	0.16863480814090265	9	7	19	10	17	ENSG00000140350	0.9819869795482614	False
0.0005969256092005616	0.014925373134328358	0.1854754320455688	0.14374185136897	7	6	8	3	5	ENSG00000141293	0.9819869795482614	False
0.0006690023623053764	0.014925373134328358	0.10167478642265272	0.07377567124490858	4	7	17	6	13	ENSG00000143553	0.9819869795482614	False
0.00386087796658991	0.014925373134328358	0.13888464442968387	0.1836365889902687	9	7	18	7	14	ENSG00000144711	0.9819869795482614	False
0.0012431064915766241	0.014925373134328358	0.09837310782238039	0.13488602000465225	6	7	17	7	13	ENSG00000147416	0.9819869795482614	False
0.0005167531719636871	0.014925373134328358	0.049342105263157875	0.12345679012345678	2	7	9	3	5	ENSG00000148158	0.9819869795482614	False
0.0008929755222426349	0.014925373134328358	0.15956365135887918	0.11294239471183166	13	7	13	7	10	ENSG00000148396	0.9819869795482614	False
0.005693245270462848	0.014925373134328358	0.22106758762200862	0.30206295732811705	22	5	8	4	5	ENSG00000149262	0.9819869795482614	False
0.004471033431043367	0.014925373134328358	0.18439099062130604	0.17041479875855953	8	6	5	3	5	ENSG00000159363	0.9819869795482614	False
4.147354320098445e-09	0.014925373134328358	0.00035335689045935413	0.0007898894154818459	2	7	16	7	11	ENSG00000161021	0.9819869795482614	False
0.0001275904922834522	0.014925373134328358	0.07826398138475392	0.04436976466874186	8	7	17	7	11	ENSG00000164024	0.9819869795482614	False
0.01392683025955646	0.014925373134328358	0.6654196096301359	0.6625386996904026	10	6	8	3	5	ENSG00000165916	0.9819869795482614	False
0.006115821935962232	0.014925373134328358	0.3007531819823824	0.274421317615276	13	7	13	4	8	ENSG00000168724	0.9819869795482614	False
5.987207079613665e-05	0.014925373134328358	0.024812299385441054	0.020785219399538125	4	7	15	4	10	ENSG00000175416	0.9819869795482614	False
0.00012372554598340195	0.014925373134328358	0.022584951984587327	0.04394746708004238	2	7	19	11	17	ENSG00000177971	0.9819869795482614	False
0.0001839704684644041	0.014925373134328358	0.08269699383062824	0.047856590470484135	5	7	19	10	16	ENSG00000196199	0.9819869795482614	False
6.667609669531637e-05	0.014925373134328358	0.07731576105839455	0.07166611441696555	6	7	16	6	10	ENSG00000198851	0.9819869795482614	False
0.008290784891482036	0.014925373134328358	0.5108439068995384	0.37497056745938306	18	6	5	3	4	ENSG00000214655	0.9819869795482614	False
0.009693613013081328	0.014925373134328358	0.17006190854544595	0.27727697649572647	2	6	10	3	7	ENSG00000215712	0.9819869795482614	False
0.015379730903031514	0.014925373134328358	0.44067419271593505	0.621945612191277	15	5	6	3	4	ENSG00000225484	0.9819869795482614	False
5.823415334035658e-05	0.014925373134328358	0.029865430956910237	0.019292604501607757	3	7	15	4	11	ENSG00000257218	0.9819869795482614	False
0.005267243351259929	0.014925373134328358	0.2611667422354564	0.27088717693836983	14	7	12	4	7	ENSG00000266714	0.9819869795482614	False
0.00819491648345986	0.01990049751243781	0.27257643598577075	0.304862792574657	3	7	9	3	7	ENSG00000050393	0.9819869795482614	False
0.0022885940464758216	0.01990049751243781	0.1517245207817529	0.2048452844712963	10	7	19	9	17	ENSG00000073614	0.9819869795482614	False
0.0011096729828323102	0.01990049751243781	0.10928832941592377	0.07756973274214651	4	7	14	4	10	ENSG00000078589	0.9819869795482614	False
0.004329095510884125	0.01990049751243781	0.14458560193587416	0.21100917431192656	9	4	4	3	3	ENSG00000082269	0.9819869795482614	False
0.019251108155104023	0.01990049751243781	0.648551540395512	0.6447330447330448	9	6	9	3	5	ENSG00000099875	0.9819869795482614	False
3.023489696178737e-05	0.01990049751243781	0.022472021026903932	0.017573179043438837	5	7	18	10	16	ENSG00000103152	0.9819869795482614	False
0.0031827890601834018	0.01990049751243781	0.17447981931882725	0.139616143501064	5	7	14	5	9	ENSG00000115350	0.9819869795482614	False
0.000981797011174487	0.01990049751243781	0.13319882943847192	0.11906191400467149	5	7	13	5	10	ENSG00000120686	0.9819869795482614	False
0.01779436910898612	0.01990049751243781	0.4162103040592757	0.368326634421055	32	7	7	3	6	ENSG00000132600	0.9819869795482614	False
0.002714007785181527	0.01990049751243781	0.311017147467606	0.25383330021884154	11	7	17	6	13	ENSG00000136021	0.9819869795482614	False
0.0024999490717151954	0.01990049751243781	0.17058752111844117	0.11838226624218842	4	6	9	3	6	ENSG00000136738	0.9819869795482614	False
0.004145675139101724	0.01990049751243781	0.14750038418987524	0.1492147420766059	5	6	8	3	6	ENSG00000137486	0.9819869795482614	False
0.0022823358769294083	0.01990049751243781	0.14269485263969975	0.20394711609583968	6	5	6	3	4	ENSG00000139187	0.9819869795482614	False
0.01304767176547364	0.01990049751243781	0.38538355670659574	0.43356481778622125	12	5	6	3	4	ENSG00000142046	0.9819869795482614	False
0.006444289990100409	0.01990049751243781	0.34173883723426157	0.27281694547194457	11	6	9	3	6	ENSG00000144802	0.9819869795482614	False
0.00603090355435844	0.01990049751243781	0.38184486722663413	0.392018779342723	10	7	8	3	5	ENSG00000154310	0.9819869795482614	False
0.007037820514236659	0.01990049751243781	0.27350874618212023	0.2529544791362708	20	5	8	4	5	ENSG00000155363	0.9819869795482614	False
0.011172481993301273	0.01990049751243781	0.2081898317728974	0.23685290496570321	6	6	9	4	6	ENSG00000160695	0.9819869795482614	False
0.0003783790057362714	0.01990049751243781	0.02385940134108694	0.06070287539936104	3	7	17	7	11	ENSG00000164151	0.9819869795482614	False
0.002226642154574513	0.01990049751243781	0.2564764536519542	0.16861986166362042	3	7	13	3	7	ENSG00000165264	0.9819869795482614	False
0.0007928008468166582	0.01990049751243781	0.16047075684104728	0.10242460082791242	5	7	15	6	13	ENSG00000166295	0.9819869795482614	False
0.00011714908324550137	0.01990049751243781	0.04252775770409761	0.03183147262094631	3	7	13	5	9	ENSG00000167565	0.9819869795482614	False
0.0009095161719222301	0.01990049751243781	0.14321705671974544	0.1278593547098192	6	7	12	3	7	ENSG00000170627	0.9819869795482614	False
0.0034843946418492877	0.01990049751243781	0.24111099336585687	0.2520672425270486	6	7	15	5	9	ENSG00000176102	0.9819869795482614	False
0.00027665673280983957	0.01990049751243781	0.11908532599518434	0.044436030766017424	3	7	14	5	11	ENSG00000179119	0.9819869795482614	False
0.00041512523734668985	0.01990049751243781	0.11625051657935098	0.07343699384515714	14	7	12	5	9	ENSG00000187778	0.9819869795482614	False
0.005918762765474308	0.01990049751243781	0.36162153557772597	0.3435196485233098	13	7	10	3	6	ENSG00000197713	0.9819869795482614	False
0.0004019271031787351	0.01990049751243781	0.06725535921622415	0.06886026005878318	2	7	11	4	7	ENSG00000213463	0.9819869795482614	False
0.017790340774747924	0.01990049751243781	0.47242159645521453	0.48171022795082946	8	6	8	4	5	ENSG00000261052	0.9819869795482614	False
0.00015112155727041286	0.024875621890547265	0.05555555555555551	0.030927835051546414	6	7	8	3	5	ENSG00000091483	0.9819869795482614	False
0.00018472842292977022	0.024875621890547265	0.10686851429051657	0.08830241491970323	8	7	14	5	8	ENSG00000122986	0.9819869795482614	False
2.951503162530693e-05	0.024875621890547265	0.0480005088000998	0.024665298504301596	5	7	19	12	17	ENSG00000130312	0.9819869795482614	False
0.014890520569222345	0.024875621890547265	0.2778772318480962	0.3439241502090838	11	5	6	3	4	ENSG00000132330	0.9819869795482614	False
0.0023586748726267346	0.024875621890547265	0.2124773914468017	0.21505673247531537	31	7	16	5	13	ENSG00000135506	0.9819869795482614	False
0.0007093213996485065	0.024875621890547265	0.0650932765102865	0.07181668905806836	5	7	13	5	8	ENSG00000145982	0.9819869795482614	False
0.00300695430735254	0.024875621890547265	0.17789001781580044	0.20491565968193998	8	7	15	4	11	ENSG00000160404	0.9819869795482614	False
0.007540955402065492	0.024875621890547265	0.28114194937332215	0.2447004608294931	4	6	10	3	8	ENSG00000162419	0.9819869795482614	False
0.006822731190644219	0.024875621890547265	0.42947360595112527	0.45248277500593964	23	5	7	3	4	ENSG00000166340	0.9819869795482614	False
0.004963727540163408	0.024875621890547265	0.1743227639050681	0.20829728799039166	8	5	9	4	6	ENSG00000172766	0.9819869795482614	False
0.006377323358568674	0.024875621890547265	0.3638436101357582	0.30368036803680365	5	7	13	3	10	ENSG00000181804	0.9819869795482614	False
0.006016168349979848	0.024875621890547265	0.09466416457132987	0.20265406807447198	12	7	19	12	19	ENSG00000188186	0.9819869795482614	False
0.0053848312912920145	0.024875621890547265	0.21326567037430247	0.24571078431372548	7	4	6	3	5	ENSG00000197622	0.9819869795482614	False
0.0029639256254947845	0.024875621890547265	0.1262145094716387	0.10936819172113295	3	4	6	3	5	ENSG00000230155	0.9819869795482614	False
0.00662745949448141	0.029850746268656716	0.3693799840948929	0.25367762128325505	10	7	16	5	10	ENSG00000036549	0.9819869795482614	False
0.0002491989905810325	0.029850746268656716	0.10156211004409037	0.10676825648129823	10	6	7	3	5	ENSG00000072736	0.9819869795482614	False
0.007763127231478187	0.029850746268656716	0.26995047019582	0.4355988857938719	7	7	11	4	6	ENSG00000099958	0.9819869795482614	False
3.108221796012814e-08	0.029850746268656716	0.0006634756349694113	0.0012622278321237032	3	7	16	7	10	ENSG00000105369	0.9819869795482614	False
0.005519322842701372	0.029850746268656716	0.267139224060186	0.2240675797878206	11	5	6	3	4	ENSG00000105854	0.9819869795482614	False
0.01249393312399625	0.029850746268656716	0.17892843871104744	0.2758714596949891	6	7	9	3	6	ENSG00000108010	0.9819869795482614	False
0.003273347765032671	0.029850746268656716	0.23151599004118367	0.22608150086458864	9	7	10	3	7	ENSG00000111711	0.9819869795482614	False
0.003998928264216164	0.029850746268656716	0.2498267972435464	0.25027649209440195	7	7	18	7	14	ENSG00000119048	0.9819869795482614	False
0.005084155217444323	0.029850746268656716	0.43192690982896537	0.4192244897959183	10	7	8	3	5	ENSG00000122482	0.9819869795482614	False
0.021472332692122446	0.029850746268656716	0.3136262086815068	0.4079930313067049	10	6	8	3	7	ENSG00000126005	0.9819869795482614	False
4.276237064225864e-07	0.029850746268656716	0.0005602240896358534	0.0013140604467805296	2	3	4	3	4	ENSG00000139324	0.9819869795482614	False
0.01476464098672112	0.029850746268656716	0.307713207439299	0.36074670194392383	11	4	5	3	4	ENSG00000139624	0.9819869795482614	False
0.0011298154607475301	0.029850746268656716	0.055719597550306144	0.057971014492753645	2	4	6	3	4	ENSG00000143862	0.9819869795482614	False
0.012716220784919014	0.029850746268656716	0.2724574733992957	0.2796580784248691	3	7	16	6	13	ENSG00000152492	0.9819869795482614	False
0.0021960339148309658	0.029850746268656716	0.16349637644346804	0.3242566510172144	6	5	8	3	4	ENSG00000163412	0.9819869795482614	False
0.012514715612647024	0.029850746268656716	0.3186675306357135	0.26855697226078606	7	7	13	3	9	ENSG00000164221	0.9819869795482614	False
0.004684108432027669	0.029850746268656716	0.3167143372500515	0.30891208350060223	18	7	9	3	5	ENSG00000164506	0.9819869795482614	False
0.0003701117729259746	0.029850746268656716	0.0550659030633089	0.07369772198229203	5	7	19	9	16	ENSG00000168209	0.9819869795482614	False
0.0008567085765069946	0.029850746268656716	0.09835246788623306	0.0733934505578537	3	7	11	4	7	ENSG00000168301	0.9819869795482614	False
0.003754608562648294	0.029850746268656716	0.3395350181437339	0.2117507889174379	15	7	16	6	11	ENSG00000171862	0.9819869795482614	False
0.00011744598642034056	0.029850746268656716	0.04585061315626785	0.0759722149848687	5	7	17	4	10	ENSG00000176890	0.9819869795482614	False
0.000724553022456956	0.029850746268656716	0.05777282299021427	0.06257712875359933	4	5	6	3	4	ENSG00000182903	0.9819869795482614	False
0.00022477037354549467	0.029850746268656716	0.0505681214808397	0.07456129324215602	4	7	14	6	7	ENSG00000185278	0.9819869795482614	False
0.00019324594649426646	0.029850746268656716	0.05842355254674749	0.04309774701291827	9	7	13	6	10	ENSG00000197217	0.9819869795482614	False
0.0007161647894630673	0.029850746268656716	0.0910415797165447	0.07037700188998314	4	7	18	9	15	ENSG00000198546	0.9819869795482614	False
9.731212367714138e-05	0.029850746268656716	0.047897769631459836	0.03058135343056713	4	7	19	11	17	ENSG00000204822	0.9819869795482614	False
0.005760259898526767	0.029850746268656716	0.19499594774586682	0.2117328918852684	5	7	16	5	10	ENSG00000213123	0.9819869795482614	False
0.009169082753943469	0.029850746268656716	0.24065220491512776	0.26669832225387785	7	4	5	4	5	ENSG00000250303	0.9819869795482614	False
0.0003602629289966627	0.029850746268656716	0.0373913043478261	0.05970149253731341	3	6	8	3	5	ENSG00000269386	0.9819869795482614	False
0.004045421261681023	0.029850746268656716	0.2195397694593825	0.2790234180368709	7	7	13	3	8	ENSG00000291085	0.9819869795482614	False
0.0005809442553530615	0.03482587064676617	0.15991553304364475	0.11533891616179127	3	7	16	7	12	ENSG00000009954	0.9819869795482614	False
0.000654343067708397	0.03482587064676617	0.13484943059328228	0.0627785041170507	9	7	17	7	10	ENSG00000072786	0.9819869795482614	False
0.00023537144228502572	0.03482587064676617	0.042680878552971556	0.0391459074733096	4	4	5	3	4	ENSG00000081052	0.9819869795482614	False
0.0004686052224963936	0.03482587064676617	0.14998087052729933	0.06887361736032996	3	7	17	8	13	ENSG00000084733	0.9819869795482614	False
0.00024303271988198506	0.03482587064676617	0.08566290643662904	0.055555555555555566	3	7	13	4	7	ENSG00000100104	0.9819869795482614	False
6.0839874649802365e-05	0.03482587064676617	0.03786730885749495	0.02843253630455178	15	7	19	13	18	ENSG00000100911	0.9819869795482614	False
0.012284135466074786	0.03482587064676617	0.3768210141940398	0.38238238238238237	9	5	8	4	5	ENSG00000101966	0.9819869795482614	False
0.00029119819725456094	0.03482587064676617	0.0657330944127743	0.04488640981123708	2	7	17	5	11	ENSG00000105011	0.9819869795482614	False
0.002417108230861235	0.03482587064676617	0.12144655505344726	0.1213426540808905	10	7	18	7	12	ENSG00000105176	0.9819869795482614	False
9.847266818534714e-05	0.03482587064676617	0.04477496454484275	0.02144572072866699	5	7	19	10	15	ENSG00000113441	0.9819869795482614	False
0.005812697575673095	0.03482587064676617	0.34025155338318047	0.311208581686513	22	7	15	5	11	ENSG00000114416	0.9819869795482614	False
0.002316664634507946	0.03482587064676617	0.4531402330284847	0.28816526610644255	8	4	6	3	5	ENSG00000120158	0.9819869795482614	False
0.0012964433541824167	0.03482587064676617	0.09526436606560665	0.10468908215600835	7	7	15	4	9	ENSG00000123154	0.9819869795482614	False
0.05387974516491622	0.03482587064676617	0.2983424260703829	0.4393021975695474	5	3	4	3	3	ENSG00000124571	0.9819869795482614	False
0.008267563786889105	0.03482587064676617	0.2965346211577368	0.2423948220064725	12	4	5	3	4	ENSG00000127328	0.9819869795482614	False
0.0034780319644868575	0.03482587064676617	0.2609488548910171	0.2241308940747143	7	7	10	4	8	ENSG00000128699	0.9819869795482614	False
0.002451622643799972	0.03482587064676617	0.15893796892822243	0.14652002281460136	14	7	18	8	15	ENSG00000132522	0.9819869795482614	False
0.00014703460780662137	0.03482587064676617	0.17857480566601344	0.16699380224334986	10	6	11	3	6	ENSG00000145335	0.9819869795482614	False
6.058649055332382e-07	0.03482587064676617	0.008333333333333262	0.003802281368821309	3	7	16	5	12	ENSG00000149646	0.9819869795482614	False
0.013370786711468522	0.03482587064676617	0.2955780794521572	0.3226961901660697	6	7	9	3	6	ENSG00000151353	0.9819869795482614	False
0.0005498666266562313	0.03482587064676617	0.09550800938582046	0.06360391784592062	6	7	17	8	14	ENSG00000156471	0.9819869795482614	False
0.0032529209151040167	0.03482587064676617	0.22283966571896266	0.29785474412310153	9	5	6	3	6	ENSG00000160352	0.9819869795482614	False
0.0006016684508038652	0.03482587064676617	0.0734939776965653	0.07619678870491502	10	4	5	3	4	ENSG00000160856	0.9819869795482614	False
0.04991167211606741	0.03482587064676617	0.3960895871309903	0.4951400800457404	2	7	10	3	8	ENSG00000163933	0.9819869795482614	False
0.013819504739185933	0.03482587064676617	0.4049756395453857	0.33401975955243424	3	5	7	3	5	ENSG00000166432	0.9819869795482614	False
0.009661724126401643	0.03482587064676617	0.18750997146921455	0.19691799274399224	4	6	7	3	5	ENSG00000172667	0.9819869795482614	False
0.003940498618286313	0.03482587064676617	0.25958631684178946	0.20146760613394885	20	7	14	6	9	ENSG00000177728	0.9819869795482614	False
0.017061696174766806	0.03482587064676617	0.29276968101940093	0.4512114215959452	7	7	14	5	10	ENSG00000184164	0.9819869795482614	False
0.007990736932759038	0.03482587064676617	0.24275010641280176	0.2604675195096746	10	6	7	3	5	ENSG00000184939	0.9819869795482614	False
0.0038886194435503443	0.03482587064676617	0.3193846816738384	0.4311428365715932	8	4	5	3	4	ENSG00000196459	0.9819869795482614	False
0.0023745099473196315	0.03482587064676617	0.17456745071263313	0.19659121383379186	5	7	11	4	8	ENSG00000197892	0.9819869795482614	False
0.0009587015799897399	0.03482587064676617	0.11281662279606378	0.10621213786396774	19	7	19	8	16	ENSG00000198218	0.9819869795482614	False
0.009357654672256238	0.03482587064676617	0.2064909990029234	0.2806586490797017	3	3	4	3	4	ENSG00000235106	0.9819869795482614	False
0.004147513085137379	0.03482587064676617	0.3132588641517213	0.3403531616849167	4	7	8	3	6	ENSG00000241399	0.9819869795482614	False
0.002303634456512432	0.03482587064676617	0.22759995741539596	0.3839421613394216	2	6	8	3	6	ENSG00000243004	0.9819869795482614	False
0.015132928333530998	0.03482587064676617	0.2892906644380291	0.3772933304554284	14	7	10	3	8	ENSG00000278259	0.9819869795482614	False
1.1965899012708526e-05	0.03980099502487562	0.03087038010620528	0.0448996366344516	7	6	9	4	5	ENSG00000012223	0.9819869795482614	False
0.0056399192518774175	0.03980099502487562	0.23669467541443456	0.24602615180304427	9	7	15	4	8	ENSG00000053900	0.9819869795482614	False
0.0004229658415144693	0.03980099502487562	0.02917333305264338	0.03823646761537437	2	3	4	3	3	ENSG00000100916	0.9819869795482614	False
0.007811386675738441	0.03980099502487562	0.46480034782001955	0.43475173107652243	5	7	12	3	8	ENSG00000122965	0.9819869795482614	False
3.058582764956317e-05	0.03980099502487562	0.02734246289378238	0.018692819760217305	3	7	14	5	9	ENSG00000128322	0.9819869795482614	False
0.0007747308416559283	0.03980099502487562	0.1426176972826031	0.17737183047138638	15	7	18	7	13	ENSG00000132274	0.9819869795482614	False
0.004439294763214855	0.03980099502487562	0.16766465243447504	0.20441480367141276	7	7	16	7	10	ENSG00000132463	0.9819869795482614	False
0.005065102217083094	0.03980099502487562	0.24124820127581942	0.20429536014488475	6	5	5	3	3	ENSG00000133243	0.9819869795482614	False
0.0006945557411232157	0.03980099502487562	0.1048554036756627	0.08430232558139539	11	7	13	4	9	ENSG00000135926	0.9819869795482614	False
0.00016637764642414088	0.03980099502487562	0.05417174130635821	0.04950069319718362	17	7	19	11	17	ENSG00000137210	0.9819869795482614	False
0.0001260833397654449	0.03980099502487562	0.04463209273506337	0.043169308921790266	5	7	14	4	9	ENSG00000137267	0.9819869795482614	False
0.0004034380250948783	0.03980099502487562	0.10878730189706257	0.053594085123616075	3	7	14	7	11	ENSG00000139083	0.9819869795482614	False
0.002897073884222827	0.03980099502487562	0.274959248730057	0.14050644695805986	5	3	4	3	3	ENSG00000143093	0.9819869795482614	False
0.00044830340192430996	0.03980099502487562	0.18887411559576905	0.09010310603324298	9	7	15	3	9	ENSG00000156970	0.9819869795482614	False
0.0011715234070605006	0.03980099502487562	0.14168269869898262	0.1520324448980133	4	7	19	10	16	ENSG00000163170	0.9819869795482614	False
0.003940850439245441	0.03980099502487562	0.21488802147143835	0.2389555043807406	8	7	10	3	6	ENSG00000163389	0.9819869795482614	False
0.00019950896366262755	0.03980099502487562	0.04652678954089366	0.03974629091967397	2	7	16	8	10	ENSG00000163923	0.9819869795482614	False
0.006304641117155997	0.03980099502487562	0.18290391156462582	0.138208269525268	7	6	7	3	5	ENSG00000172273	0.9819869795482614	False
0.015011529238862162	0.03980099502487562	0.2629879906389547	0.3304978068243773	12	7	18	6	10	ENSG00000183696	0.9819869795482614	False
0.0002754262411343734	0.03980099502487562	0.06698632520055157	0.04902806922538865	11	7	13	5	9	ENSG00000183889	0.9819869795482614	False
0.0022167988221283483	0.03980099502487562	0.314454626495098	0.2738107287449393	35	7	16	5	10	ENSG00000204842	0.9819869795482614	False
0.0006685853229664075	0.03980099502487562	0.2724298844473591	0.18114857510389867	26	7	9	4	7	ENSG00000229807	0.9819869795482614	False
0.01238259190125652	0.03980099502487562	0.40681436357747996	0.3995997844993458	12	5	5	3	4	ENSG00000257433	0.9819869795482614	False
9.163297894390671e-05	0.03980099502487562	0.03798565192622068	0.023222556659657223	9	7	18	9	16	ENSG00000275023	0.9819869795482614	False
0.020627026073900278	0.04477611940298507	0.4760287164405227	0.4912952216323002	6	6	5	3	4	ENSG00000005469	0.9819869795482614	False
0.00828827315491505	0.04477611940298507	0.3878427783425342	0.5442769549422188	18	5	7	3	5	ENSG00000038382	0.9819869795482614	False
0.005035813069542878	0.04477611940298507	0.47471661657988135	0.2843451206556382	22	6	7	3	6	ENSG00000042429	0.9819869795482614	False
0.026859171621542128	0.04477611940298507	0.5123712036755514	0.4791008678332622	6	6	8	3	6	ENSG00000064102	0.9819869795482614	False
5.695415727815883e-05	0.04477611940298507	0.03671497584541063	0.025862068965517238	6	6	7	3	4	ENSG00000064115	0.9819869795482614	False
0.0018810722681641154	0.04477611940298507	0.10663333176239412	0.09339467473957716	4	6	6	3	5	ENSG00000065600	0.9819869795482614	False
0.004249191481982206	0.04477611940298507	0.3459673278021522	0.27871742412204037	29	6	11	3	7	ENSG00000069424	0.9819869795482614	False
0.00038171127704739844	0.04477611940298507	0.19866066298033186	0.13346794095212455	13	7	11	4	7	ENSG00000080845	0.9819869795482614	False
0.0042651609998066095	0.04477611940298507	0.42669901497930873	0.4290774796502864	4	7	10	3	6	ENSG00000088766	0.9819869795482614	False
0.0031600059857996832	0.04477611940298507	0.32670204251881646	0.44363519363519366	9	7	10	3	6	ENSG00000092094	0.9819869795482614	False
9.917931707542794e-07	0.04477611940298507	0.0020933261797136645	0.0017145306472353438	2	7	18	7	14	ENSG00000115539	0.9819869795482614	False
0.0015618719183310042	0.04477611940298507	0.22098144676720924	0.1667030968660841	17	7	18	7	13	ENSG00000116580	0.9819869795482614	False
0.0023836482456504014	0.04477611940298507	0.14085006177187745	0.15163540163540165	7	4	4	3	4	ENSG00000119616	0.9819869795482614	False
0.006388143977792842	0.04477611940298507	0.31357313830457717	0.29227079772865094	14	5	6	3	4	ENSG00000125875	0.9819869795482614	False
0.015257594588376886	0.04477611940298507	0.49052585415822514	0.5369042878003452	24	7	10	3	5	ENSG00000132781	0.9819869795482614	False
0.0006301911574338693	0.04477611940298507	0.18837037686873326	0.17498158441036632	10	5	8	3	6	ENSG00000137101	0.9819869795482614	False
0.0016040457630100802	0.04477611940298507	0.13966550895344962	0.1237049838432389	8	7	16	6	12	ENSG00000137504	0.9819869795482614	False
9.956717818332639e-06	0.04477611940298507	0.02747630749631361	0.012087088772324558	6	7	19	12	17	ENSG00000143222	0.9819869795482614	False
0.02456910144732266	0.04477611940298507	0.2573348371624557	0.34251891340990165	5	7	9	3	6	ENSG00000164051	0.9819869795482614	False
0.00011721880582115415	0.04477611940298507	0.04673659673659672	0.043943558731904	2	6	10	3	7	ENSG00000171488	0.9819869795482614	False
0.000689051889168582	0.04477611940298507	0.14276836029159798	0.1413960186982046	11	7	15	4	9	ENSG00000175066	0.9819869795482614	False
0.003057726966668104	0.04477611940298507	0.15031248894347649	0.18285697057404723	3	6	9	3	7	ENSG00000182557	0.9819869795482614	False
0.011859326877780253	0.04477611940298507	0.28991672012408765	0.2549877850162867	18	6	10	4	6	ENSG00000183020	0.9819869795482614	False
0.02099311138841932	0.04477611940298507	0.2750125311556083	0.26796815257973094	6	5	9	4	5	ENSG00000185515	0.9819869795482614	False
0.010656819401091061	0.04477611940298507	0.11373442200055105	0.18588606347328995	4	3	4	3	3	ENSG00000186480	0.9819869795482614	False
0.005930275707313286	0.04477611940298507	0.447479390310402	0.3610644257703081	19	6	8	3	6	ENSG00000198089	0.9819869795482614	False
0.008099402783984336	0.04477611940298507	0.2558079185145044	0.2825232355314884	26	7	15	5	10	ENSG00000221914	0.9819869795482614	False
0.011347858781340616	0.04477611940298507	0.2436834789846547	0.2582126381289562	5	5	8	4	5	ENSG00000244045	0.9819869795482614	False
0.0005473693471731378	0.04477611940298507	0.04875193916614255	0.0565821059695194	4	7	15	5	10	ENSG00000291118	0.9819869795482614	False
0.0010975264632479577	0.04975124378109453	0.15364781645804795	0.1324539689275526	4	7	19	7	14	ENSG00000006831	0.9819869795482614	False
0.002562043520109149	0.04975124378109453	0.15014482992528475	0.17630614546137938	9	7	17	5	10	ENSG00000022277	0.9819869795482614	False
0.0011555128433402993	0.04975124378109453	0.08527020564323293	0.13163044053096407	2	4	4	3	4	ENSG00000049239	0.9819869795482614	False
0.0002486280786173321	0.04975124378109453	0.08434753822077773	0.09687500000000002	3	7	12	3	8	ENSG00000065615	0.9819869795482614	False
0.001610403296954205	0.04975124378109453	0.14152629532998884	0.1607973102962013	24	7	19	7	14	ENSG00000076928	0.9819869795482614	False
0.0024052340774038195	0.04975124378109453	0.3863338469423292	0.2533206502940159	18	7	11	3	7	ENSG00000086758	0.9819869795482614	False
4.087022134467497e-06	0.04975124378109453	0.003713688380281717	0.005988023952095832	2	6	10	3	6	ENSG00000108551	0.9819869795482614	False
0.014971983687827707	0.04975124378109453	0.37784415876496374	0.3465201465201466	23	5	8	3	5	ENSG00000110075	0.9819869795482614	False
0.003282313167900942	0.04975124378109453	0.21038826172555145	0.1832739718403918	9	7	13	3	7	ENSG00000111669	0.9819869795482614	False
0.0004209862932576917	0.04975124378109453	0.12083237199604828	0.06968624938951687	12	7	19	8	15	ENSG00000114331	0.9819869795482614	False
0.00968868212515707	0.04975124378109453	0.49922040066569584	0.4669633225458468	17	7	8	3	5	ENSG00000115904	0.9819869795482614	False
0.002564940380233882	0.04975124378109453	0.2548203117207103	0.2509560163454636	8	7	17	7	13	ENSG00000118363	0.9819869795482614	False
0.008627827516966254	0.04975124378109453	0.4090390481415488	0.38157322903085616	14	7	10	3	6	ENSG00000119487	0.9819869795482614	False
0.0010181961583852455	0.04975124378109453	0.16938838968581213	0.09564462017733047	4	7	16	5	12	ENSG00000121644	0.9819869795482614	False
0.001053762275086999	0.04975124378109453	0.08967862124488633	0.0779280948851001	2	3	4	3	3	ENSG00000126860	0.9819869795482614	False
0.002027484868993273	0.04975124378109453	0.1607784075806832	0.1529196226709285	4	5	8	3	5	ENSG00000137944	0.9819869795482614	False
0.018424083591105603	0.04975124378109453	0.27729756349189594	0.3228377681722647	8	3	4	3	4	ENSG00000141458	0.9819869795482614	False
0.0004133885434719873	0.04975124378109453	0.08277932255663022	0.06936305568227392	10	7	19	11	16	ENSG00000144034	0.9819869795482614	False
0.003030269334962038	0.04975124378109453	0.15389003921649466	0.21087973031752938	4	7	13	4	7	ENSG00000148840	0.9819869795482614	False
0.0005995800899969767	0.04975124378109453	0.062166957995656594	0.07118654187750958	6	3	4	3	4	ENSG00000151413	0.9819869795482614	False
0.007454656012062771	0.04975124378109453	0.25504697979501467	0.267741935483871	9	3	5	3	4	ENSG00000156170	0.9819869795482614	False
0.0073566881344574505	0.04975124378109453	0.40840561994884855	0.4080985542163239	14	7	18	8	13	ENSG00000157873	0.9819869795482614	False
0.0021311941611652134	0.04975124378109453	0.14331051528372252	0.1800114794088105	6	4	5	4	4	ENSG00000163249	0.9819869795482614	False
0.002887815863887194	0.04975124378109453	0.18966180621453532	0.16684866684866678	5	4	5	3	4	ENSG00000164136	0.9819869795482614	False
0.0016509127378318191	0.04975124378109453	0.18090922789651276	0.1438126211359679	9	6	12	4	7	ENSG00000165630	0.9819869795482614	False
0.0004863191111635179	0.04975124378109453	0.08275862068965517	0.06344770480774206	4	5	6	3	5	ENSG00000166503	0.9819869795482614	False
0.0018839648987107774	0.04975124378109453	0.0996598878648943	0.11255468066491689	7	5	5	3	4	ENSG00000166575	0.9819869795482614	False
0.010618079506182845	0.04975124378109453	0.33022202658345773	0.35335905057020595	16	5	6	3	4	ENSG00000168216	0.9819869795482614	False
0.0012773055565487976	0.04975124378109453	0.10815124644470472	0.13623188405797101	4	6	8	3	5	ENSG00000172375	0.9819869795482614	False
0.00024128444512828954	0.04975124378109453	0.1446056833090969	0.03383035204803133	4	7	13	6	12	ENSG00000172534	0.9819869795482614	False
0.004614582367801006	0.04975124378109453	0.28460559449913225	0.31461466882265005	8	6	8	3	7	ENSG00000172932	0.9819869795482614	False
0.0008765955812392802	0.04975124378109453	0.07616939759796898	0.0895213657310431	6	6	7	3	4	ENSG00000173890	0.9819869795482614	False
0.015304557871040514	0.04975124378109453	0.23748400469554232	0.23260437375745524	3	6	8	3	5	ENSG00000187699	0.9819869795482614	False
0.008635325115387229	0.04975124378109453	0.29962041567211695	0.2830107155202212	5	4	4	3	4	ENSG00000196975	0.9819869795482614	False
0.01122357853677697	0.04975124378109453	0.3303833485414448	0.30841269841269836	7	7	11	4	7	ENSG00000198556	0.9819869795482614	False
0.0001158877585932493	0.04975124378109453	0.026450544217416754	0.023166828098334938	2	7	14	4	10	ENSG00000213977	0.9819869795482614	False
0.0076422309036247625	0.04975124378109453	0.4940799016880288	0.4418249660786974	18	5	7	3	5	ENSG00000225190	0.9819869795482614	False
0.003915031343583636	0.04975124378109453	0.18448630641459812	0.1408386908240795	4	6	12	5	8	ENSG00000229809	0.9819869795482614	False
0.0002529082324237764	0.05472636815920398	0.08152153349748863	0.07232372862812186	11	7	18	7	13	ENSG00000007202	0.9819869795482614	False
0.011129506854901921	0.05472636815920398	0.4432413971348398	0.49206349206349204	14	4	6	3	4	ENSG00000049759	0.9819869795482614	False
0.007650346893741819	0.05472636815920398	0.37883876799999067	0.37758256858222505	12	7	16	4	10	ENSG00000071189	0.9819869795482614	False
0.008526016557247256	0.05472636815920398	0.5426695953016616	0.46197289156626503	27	6	10	4	7	ENSG00000087470	0.9819869795482614	False
0.015576912506480144	0.05472636815920398	0.25478033643746156	0.2547513741326539	5	5	6	3	5	ENSG00000100124	0.9819869795482614	False
5.899818234708496e-05	0.05472636815920398	0.0695438340931106	0.12392426430765247	3	7	18	6	10	ENSG00000100450	0.9819869795482614	False
0.018541120643740385	0.05472636815920398	0.4376080170554853	0.47425399028452475	19	5	7	3	5	ENSG00000105223	0.9819869795482614	False
0.002261369546877988	0.05472636815920398	0.18199295062668236	0.1825013587524562	6	6	9	3	5	ENSG00000108468	0.9819869795482614	False
0.03532057750723401	0.05472636815920398	0.44189411051262384	0.46985862311204774	22	7	8	3	5	ENSG00000109911	0.9819869795482614	False
0.014788344750854578	0.05472636815920398	0.4690128382774019	0.37745368865778356	7	6	11	3	6	ENSG00000113456	0.9819869795482614	False
0.0014388781104223447	0.05472636815920398	0.13223832528180363	0.08641975308641978	4	6	7	3	6	ENSG00000114480	0.9819869795482614	False
6.760402321973737e-05	0.05472636815920398	0.039902212249769815	0.032474804031354935	7	7	17	6	11	ENSG00000114573	0.9819869795482614	False
0.0008771268939233429	0.05472636815920398	0.14677115987460818	0.10116731517509726	2	5	7	3	5	ENSG00000115808	0.9819869795482614	False
0.00010312917032105931	0.05472636815920398	0.05288079932807606	0.053021840404711855	10	7	19	11	17	ENSG00000116288	0.9819869795482614	False
0.002929277744866396	0.05472636815920398	0.2932494227243887	0.28262005740478946	6	6	11	4	7	ENSG00000121858	0.9819869795482614	False
9.362733649067788e-05	0.05472636815920398	0.07882227041435078	0.02937186507407774	4	7	18	9	14	ENSG00000123609	0.9819869795482614	False
0.12756410951373526	0.05472636815920398	0.5148767013355638	0.7675040891648249	11	7	12	4	6	ENSG00000126453	0.9819869795482614	False
3.7958702697773394e-05	0.05472636815920398	0.029940426692849235	0.021083421807725277	4	7	18	11	15	ENSG00000131475	0.9819869795482614	False
0.0024311280864766182	0.05472636815920398	0.16515096110293526	0.1418510893806828	5	3	4	3	4	ENSG00000134954	0.9819869795482614	False
5.454688143314427e-05	0.05472636815920398	0.022145933308723977	0.022033898305084763	4	7	16	5	10	ENSG00000135002	0.9819869795482614	False
0.0021549411582389884	0.05472636815920398	0.14956711733047834	0.24548257564893156	12	4	6	3	4	ENSG00000137807	0.9819869795482614	False
0.001082917055250335	0.05472636815920398	0.0799924004660551	0.10596426912085743	4	6	11	3	9	ENSG00000152804	0.9819869795482614	False
5.203669549375928e-05	0.05472636815920398	0.026325357334968272	0.026833316745659253	11	7	19	11	17	ENSG00000157514	0.9819869795482614	False
0.002796188672072467	0.05472636815920398	0.2011870020819904	0.17729678326304477	11	7	16	4	9	ENSG00000159579	0.9819869795482614	False
0.008961210664977097	0.05472636815920398	0.3065758917672634	0.16249874650413937	10	7	10	3	8	ENSG00000163946	0.9819869795482614	False
0.0049464073481888865	0.05472636815920398	0.27397375584101635	0.24421994370727787	8	5	6	3	4	ENSG00000166965	0.9819869795482614	False
0.007010594229394986	0.05472636815920398	0.3696027663096074	0.3528855250709555	18	7	16	5	10	ENSG00000172262	0.9819869795482614	False
0.0024849419681120476	0.05472636815920398	0.319796495521057	0.2911578172483437	7	7	14	5	10	ENSG00000174606	0.9819869795482614	False
0.005136213427464843	0.05472636815920398	0.19813856048112471	0.20740927419354838	7	6	6	3	4	ENSG00000179988	0.9819869795482614	False
0.014189702251923246	0.05472636815920398	0.2879012648734918	0.2975035733565107	18	7	15	6	12	ENSG00000185811	0.9819869795482614	False
0.012657724119106263	0.05472636815920398	0.3649065240509841	0.45247046186895806	6	6	10	4	6	ENSG00000198467	0.9819869795482614	False
0.010578851624826748	0.05472636815920398	0.4439635256374386	0.44668294668294667	28	7	14	4	8	ENSG00000204120	0.9819869795482614	False
5.26841450515131e-05	0.05472636815920398	0.02857142857142865	0.02030456852791877	3	7	16	5	10	ENSG00000225921	0.9819869795482614	False
8.419010807457478e-05	0.05472636815920398	0.05426356589147287	0.05882352941176471	2	6	6	3	5	ENSG00000278768	0.9819869795482614	False
0.004669857483959125	0.05472636815920398	0.30231908370516225	0.26360995974865364	16	6	9	3	7	ENSG00000291158	0.9819869795482614	False
0.002613010047084127	0.05472636815920398	0.26912771907886546	0.27953461121368056	108	7	19	8	16	ENSG00000291178	0.9819869795482614	False
0.004478458368857382	0.05970149253731343	0.2954418747476312	0.2999617767487137	24	7	17	6	13	ENSG00000005810	0.9819869795482614	False
0.004105511246094934	0.05970149253731343	0.19800952499995972	0.15685719721546032	3	6	9	4	6	ENSG00000008083	0.9819869795482614	False
0.0032527171360459744	0.05970149253731343	0.12382029306578238	0.15141540487162608	5	3	5	3	4	ENSG00000011405	0.9819869795482614	False
4.32214942603858e-05	0.05970149253731343	0.026846513252807187	0.01927504948336448	5	7	19	10	16	ENSG00000074695	0.9819869795482614	False
0.005133258510978085	0.05970149253731343	0.2412920188374312	0.2746215299310546	5	7	10	3	8	ENSG00000101752	0.9819869795482614	False
0.0023623865561304925	0.05970149253731343	0.1266620707935375	0.14230136574369426	9	7	19	12	17	ENSG00000103024	0.9819869795482614	False
0.005261082819500406	0.05970149253731343	0.31711220221858527	0.2532343535065674	2	7	10	3	7	ENSG00000103966	0.9819869795482614	False
9.317755610411218e-06	0.05970149253731343	0.006715100627021073	0.0071620411817367976	3	7	14	6	8	ENSG00000106049	0.9819869795482614	False
0.00248401872672577	0.05970149253731343	0.28516087030652176	0.19844811628518455	9	7	18	5	13	ENSG00000110934	0.9819869795482614	False
0.0006051982020363775	0.05970149253731343	0.056459653190553155	0.04289657706242568	3	7	17	6	13	ENSG00000113734	0.9819869795482614	False
1.6316469948781622e-06	0.05970149253731343	0.004167867089215377	0.004728132387706859	3	7	18	10	16	ENSG00000117862	0.9819869795482614	False
0.012962392198674696	0.05970149253731343	0.3041566375990585	0.273047365359297	11	4	5	3	4	ENSG00000126746	0.9819869795482614	False
0.013820388443168002	0.05970149253731343	0.3741882310408777	0.504847579389046	14	6	9	3	6	ENSG00000127419	0.9819869795482614	False
0.0006796108231705573	0.05970149253731343	0.17569906984168446	0.1123289337631531	4	7	10	3	7	ENSG00000136305	0.9819869795482614	False
0.008437030125390555	0.05970149253731343	0.3191714524197631	0.25226860254083483	8	7	12	3	7	ENSG00000137404	0.9819869795482614	False
0.00744760335556402	0.05970149253731343	0.16625682450424722	0.21108239586500457	6	5	5	3	5	ENSG00000145332	0.9819869795482614	False
0.0036457017263443864	0.05970149253731343	0.2949777552196907	0.2474684012122108	7	5	6	3	5	ENSG00000146285	0.9819869795482614	False
0.0005840683045015302	0.05970149253731343	0.11119424131026712	0.07344749329482152	4	5	6	3	5	ENSG00000154229	0.9819869795482614	False
0.00015569141752608522	0.05970149253731343	0.11202760227535107	0.047021943573667714	4	7	14	5	9	ENSG00000156735	0.9819869795482614	False
0.0014051037361423662	0.05970149253731343	0.20799053204076473	0.17084754073798292	8	7	9	3	7	ENSG00000157637	0.9819869795482614	False
0.0009356209423441038	0.05970149253731343	0.055049645390070935	0.07434944237918215	6	7	10	3	6	ENSG00000162885	0.9819869795482614	False
0.004273255674411079	0.05970149253731343	0.2225487530276208	0.16000813485786597	5	7	12	4	8	ENSG00000163900	0.9819869795482614	False
0.0034379070100545085	0.05970149253731343	0.26046404548749347	0.3202242242746055	4	7	14	4	8	ENSG00000167705	0.9819869795482614	False
0.006417214168580625	0.05970149253731343	0.17454491090415347	0.1946091644204852	4	5	7	4	4	ENSG00000169446	0.9819869795482614	False
0.0006250093203922513	0.05970149253731343	0.07310691896662745	0.07016550067550248	5	7	19	11	17	ENSG00000169627	0.9819869795482614	False
2.0287990958079613e-05	0.05970149253731343	0.015978951008228253	0.013942846130376794	12	7	19	12	17	ENSG00000185201	0.9819869795482614	False
0.008167125233119776	0.05970149253731343	0.297879560418199	0.2535049328684816	9	6	11	4	7	ENSG00000186469	0.9819869795482614	False
0.0006333128731434225	0.05970149253731343	0.10366953197312158	0.055762411347517714	4	7	7	3	5	ENSG00000196177	0.9819869795482614	False
3.4012173372435426e-05	0.05970149253731343	0.048601884651084115	0.02034983986203498	3	6	13	4	8	ENSG00000198417	0.9819869795482614	False
4.3586089138138676e-05	0.05970149253731343	0.024358468219502584	0.029569892473118267	4	7	12	4	9	ENSG00000204252	0.9819869795482614	False
0.0001326703752889366	0.05970149253731343	0.08795827653813741	0.024244603609066953	5	7	19	10	16	ENSG00000213719	0.9819869795482614	False
0.011146501328776814	0.05970149253731343	0.32472461614166687	0.32566569616103963	8	3	4	3	3	ENSG00000215068	0.9819869795482614	False
1.3462410711987145e-05	0.05970149253731343	0.04191466703786986	0.07621921154908627	6	7	19	11	18	ENSG00000245532	0.9819869795482614	False
0.02247002322273046	0.05970149253731343	0.34332506949139807	0.34516070783676417	9	3	4	3	3	ENSG00000276234	0.9819869795482614	False
0.0028270517564386137	0.05970149253731343	0.19748635370040388	0.16436688311688313	7	6	10	3	6	ENSG00000281398	0.9819869795482614	False
0.006357189528902116	0.05970149253731343	0.5129324957449957	0.7222490333112886	9	6	8	3	4	ENSG00000291087	0.9819869795482614	False
6.481662700080497e-05	0.06467661691542288	0.011978809694358708	0.02487244897959184	2	7	15	4	10	ENSG00000014164	0.9819869795482614	False
0.007936175462581092	0.06467661691542288	0.3206857474129528	0.33074935400516803	15	4	7	3	4	ENSG00000079819	0.9819869795482614	False
0.0001167940121411005	0.06467661691542288	0.01898512132542484	0.01968219017582313	6	7	18	7	14	ENSG00000101843	0.9819869795482614	False
0.0002923995014879569	0.06467661691542288	0.11744678932178937	0.1160722556739231	2	7	11	3	6	ENSG00000102921	0.9819869795482614	False
0.0016394013376156472	0.06467661691542288	0.09529631724911074	0.1435544071202986	5	7	14	4	9	ENSG00000104472	0.9819869795482614	False
0.005595132996241276	0.06467661691542288	0.19772236402154497	0.24659192541533792	5	6	11	3	7	ENSG00000115289	0.9819869795482614	False
0.0006549657429740792	0.06467661691542288	0.29798258341835343	0.4497333024850593	11	7	14	5	9	ENSG00000115977	0.9819869795482614	False
0.00318699126380903	0.06467661691542288	0.31264548430645905	0.36607056467727617	29	7	13	3	8	ENSG00000117054	0.9819869795482614	False
0.011219593457109597	0.06467661691542288	0.3839142982006333	0.364468308303887	14	5	6	3	4	ENSG00000121310	0.9819869795482614	False
0.0010116143517571227	0.06467661691542288	0.09848166963060585	0.10575619376309629	4	6	10	3	6	ENSG00000137947	0.9819869795482614	False
0.0034758547659391654	0.06467661691542288	0.14479686582038415	0.12455014949714595	4	5	10	3	9	ENSG00000143919	0.9819869795482614	False
0.009126342828982392	0.06467661691542288	0.2564701746344718	0.25022997568828437	5	5	6	3	4	ENSG00000153936	0.9819869795482614	False
0.015197531590136308	0.06467661691542288	0.3752318697711115	0.4214673644712156	12	4	4	3	3	ENSG00000163138	0.9819869795482614	False
0.004215141780815324	0.06467661691542288	0.3687093730189976	0.43446141559349105	10	7	12	3	7	ENSG00000164068	0.9819869795482614	False
9.240302430948358e-06	0.06467661691542288	0.018633540372670787	0.012278308321964528	3	7	16	6	11	ENSG00000164885	0.9819869795482614	False
0.0028453801746579446	0.06467661691542288	0.14912749425931243	0.1635264542880595	26	7	19	9	16	ENSG00000167522	0.9819869795482614	False
0.0024749057008005867	0.06467661691542288	0.08436503581883883	0.13895247236482672	7	7	19	11	18	ENSG00000170043	0.9819869795482614	False
0.0017999592280815667	0.06467661691542288	0.1122988501442439	0.11464605914625989	3	7	12	4	9	ENSG00000175104	0.9819869795482614	False
0.0006934646557590698	0.06467661691542288	0.04084967320261436	0.05620608899297422	2	5	5	3	4	ENSG00000177888	0.9819869795482614	False
0.0003942924245285776	0.06467661691542288	0.0444727891156463	0.05429697692623103	2	3	4	3	4	ENSG00000178764	0.9819869795482614	False
0.005821005798061411	0.06467661691542288	0.4293481412982536	0.43321428170491344	4	7	12	4	8	ENSG00000180644	0.9819869795482614	False
0.0008231720301921953	0.06467661691542288	0.15697926342317117	0.16942282426944819	13	7	7	4	6	ENSG00000183878	0.9819869795482614	False
0.0013183896713738937	0.06467661691542288	0.22544283644732688	0.13106524284466792	7	7	19	11	16	ENSG00000185088	0.9819869795482614	False
0.0049612242147503895	0.06467661691542288	0.3237781336459214	0.3268139643548495	10	7	16	6	11	ENSG00000188739	0.9819869795482614	False
0.007409004863870604	0.06467661691542288	0.2754736735989322	0.44975783555085447	6	3	5	3	4	ENSG00000198824	0.9819869795482614	False
0.00617459328682852	0.06467661691542288	0.4228263563895342	0.4466680860123483	6	7	12	3	8	ENSG00000198874	0.9819869795482614	False
0.0013201140817262764	0.06467661691542288	0.12691042742598924	0.12080158590456075	6	7	16	5	11	ENSG00000205670	0.9819869795482614	False
0.013308703837117634	0.06467661691542288	0.2409624043645488	0.22893095851536538	3	3	3	3	3	ENSG00000225828	0.9819869795482614	False
0.0010690569498243295	0.06467661691542288	0.11937297557834092	0.12025242680723472	3	7	16	6	13	ENSG00000242259	0.9819869795482614	False
0.0009711288837016743	0.06467661691542288	0.09026212897795062	0.0661662228541363	2	4	5	3	5	ENSG00000263069	0.9819869795482614	False
0.005433103862818974	0.06965174129353234	0.11249707190739824	0.2600837048589778	6	7	18	7	14	ENSG00000006625	0.9819869795482614	False
2.593695337162095e-05	0.06965174129353234	0.04676603652531797	0.016642226275435903	9	7	19	13	18	ENSG00000092010	0.9819869795482614	False
0.005955205826036554	0.06965174129353234	0.2329077546841552	0.21964503042596345	11	7	12	3	7	ENSG00000104957	0.9819869795482614	False
2.7324425500978606e-05	0.06965174129353234	0.015503875968992262	0.014492753623188396	3	6	12	4	7	ENSG00000111707	0.9819869795482614	False
0.0002816955439699044	0.06965174129353234	0.11408665922554814	0.10853341985723554	3	7	11	3	6	ENSG00000112685	0.9819869795482614	False
0.010018016117826073	0.06965174129353234	0.2070139796785408	0.25823347561295107	7	7	12	5	9	ENSG00000112972	0.9819869795482614	False
0.0018440331753812335	0.06965174129353234	0.26600384690541407	0.18595041322314051	14	6	9	4	6	ENSG00000115760	0.9819869795482614	False
0.01006773941317254	0.06965174129353234	0.39606618412082867	0.5216811163622261	3	7	10	3	6	ENSG00000119673	0.9819869795482614	False
0.003341184091153077	0.06965174129353234	0.252347743865089	0.2614147149278448	21	7	15	4	9	ENSG00000124570	0.9819869795482614	False
0.0014530114890250582	0.06965174129353234	0.10860945677147374	0.1260690528983212	5	7	17	6	12	ENSG00000127540	0.9819869795482614	False
0.012704472753873014	0.06965174129353234	0.34823558433539664	0.2954592010925231	6	4	5	3	3	ENSG00000133740	0.9819869795482614	False
0.003438510503943194	0.06965174129353234	0.3469796581750473	0.23928008919248944	10	7	13	4	9	ENSG00000137814	0.9819869795482614	False
0.00013318337460056876	0.06965174129353234	0.0493252643411673	0.04853043176694986	6	7	16	5	11	ENSG00000138449	0.9819869795482614	False
0.009130810748970528	0.06965174129353234	0.13468170360506262	0.15816528272044283	4	3	4	3	3	ENSG00000140367	0.9819869795482614	False
0.0038188843274614705	0.06965174129353234	0.14802192590366828	0.16973867535637796	7	7	14	6	10	ENSG00000144747	0.9819869795482614	False
0.004089116518703617	0.06965174129353234	0.25898029885562346	0.18814192343604105	4	7	13	4	7	ENSG00000162645	0.9819869795482614	False
0.003599124676147403	0.06965174129353234	0.3283453138251193	0.3083339021527797	5	7	11	4	8	ENSG00000164244	0.9819869795482614	False
0.00023774515008648413	0.06965174129353234	0.08402838322193162	0.054524020041261376	3	6	9	3	6	ENSG00000172340	0.9819869795482614	False
0.00563561518308964	0.06965174129353234	0.22508658582513436	0.2001710199004975	9	6	9	3	7	ENSG00000177548	0.9819869795482614	False
0.00044028004738132725	0.06965174129353234	0.09360192441599102	0.07706925323320821	4	7	15	4	10	ENSG00000178096	0.9819869795482614	False
0.006226524886978806	0.06965174129353234	0.2190443027610817	0.21772999727545178	6	6	12	4	9	ENSG00000262919	0.9819869795482614	False
0.0073987444132812726	0.06965174129353234	0.24975506564570385	0.19950676474206738	21	7	16	7	13	ENSG00000263001	0.9819869795482614	False
0.0020158682205416523	0.06965174129353234	0.13583928081266133	0.12229660373990268	6	7	14	4	9	ENSG00000267680	0.9819869795482614	False
0.00010857753202616862	0.06965174129353234	0.052509586637202635	0.03736358154365197	5	6	8	3	5	ENSG00000270049	0.9819869795482614	False
0.000547083298140735	0.06965174129353234	0.031189083820662766	0.07511737089201877	2	4	6	3	4	ENSG00000280594	0.9819869795482614	False
0.04163392701597632	0.06965174129353234	0.2503647247291315	0.325876616574291	2	5	7	3	4	ENSG00000285693	0.9819869795482614	False
0.0031764712710748637	0.07462686567164178	0.14438873005227848	0.2076315078364259	4	7	17	6	12	ENSG00000071859	0.9819869795482614	False
0.003909312671900204	0.07462686567164178	0.14825786214194245	0.1357148844526978	2	7	15	6	11	ENSG00000099942	0.9819869795482614	False
0.003134323689910021	0.07462686567164178	0.1711859304716447	0.20809539805172989	9	5	9	4	7	ENSG00000100372	0.9819869795482614	False
0.011898224798827906	0.07462686567164178	0.4007476120743615	0.4582260588621334	20	5	8	4	6	ENSG00000100883	0.9819869795482614	False
0.004090772747351727	0.07462686567164178	0.16276951314267615	0.102201849239931	4	7	17	5	11	ENSG00000101132	0.9819869795482614	False
0.005801201837740729	0.07462686567164178	0.20346103490161796	0.2419959891471039	8	7	13	5	9	ENSG00000101150	0.9819869795482614	False
0.0007095115930022347	0.07462686567164178	0.13821868890737718	0.1411822008836934	6	7	9	3	6	ENSG00000101935	0.9819869795482614	False
0.0056229850489553646	0.07462686567164178	0.23063464116841534	0.19079488415619775	10	4	5	3	4	ENSG00000104205	0.9819869795482614	False
0.0002921296298298358	0.07462686567164178	0.054664256299315664	0.06991228591028474	10	7	19	8	14	ENSG00000111670	0.9819869795482614	False
0.003073082142090734	0.07462686567164178	0.22105630531750667	0.15929839095204765	23	7	18	7	13	ENSG00000123329	0.9819869795482614	False
0.003057737461517894	0.07462686567164178	0.16806066243917103	0.18198751004206246	12	7	17	6	12	ENSG00000125457	0.9819869795482614	False
0.0018984680300167445	0.07462686567164178	0.1771768243901667	0.21542331970831227	6	7	18	5	10	ENSG00000126216	0.9819869795482614	False
0.0038392552050057903	0.07462686567164178	0.2254376322266321	0.2711757557344676	5	7	13	5	8	ENSG00000128294	0.9819869795482614	False
0.00292696222337368	0.07462686567164178	0.3278576616921657	0.486818368482215	40	7	13	4	9	ENSG00000131018	0.9819869795482614	False
0.00029460358173720875	0.07462686567164178	0.10583699618486289	0.06236023382635644	9	7	16	5	10	ENSG00000133104	0.9819869795482614	False
0.003912238575124149	0.07462686567164178	0.180184546093637	0.20896907216494848	10	3	4	3	3	ENSG00000134242	0.9819869795482614	False
0.011928762927695005	0.07462686567164178	0.41205612496160193	0.527009448171984	25	5	7	3	5	ENSG00000134313	0.9819869795482614	False
0.0038476479337116246	0.07462686567164178	0.30795098762399586	0.2911076337188182	23	7	14	5	10	ENSG00000134900	0.9819869795482614	False
0.0641770470422423	0.07462686567164178	0.6784109220023201	0.845611577964519	9	5	6	3	4	ENSG00000144645	0.9819869795482614	False
0.004633650382049714	0.07462686567164178	0.326148713713297	0.3075420510037981	32	7	19	7	14	ENSG00000147140	0.9819869795482614	False
0.006534654521635183	0.07462686567164178	0.22055378908320086	0.26612584725409616	5	4	5	3	4	ENSG00000150347	0.9819869795482614	False
0.0003486377469643372	0.07462686567164178	0.19319019412123475	0.23340087808172913	6	6	12	4	8	ENSG00000153064	0.9819869795482614	False
0.0008221263042955825	0.07462686567164178	0.16442139041457163	0.18412584454045464	6	6	8	3	5	ENSG00000153283	0.9819869795482614	False
0.0012604102418402703	0.07462686567164178	0.12923236975486282	0.13664893519115018	4	7	16	5	9	ENSG00000154451	0.9819869795482614	False
0.02147225497005919	0.07462686567164178	0.44056404230317275	0.428716167317991	14	4	6	3	4	ENSG00000164808	0.9819869795482614	False
0.006513351134312524	0.07462686567164178	0.18656689416912786	0.15982597623089984	6	3	4	3	3	ENSG00000165113	0.9819869795482614	False
0.004445584947999812	0.07462686567164178	0.21778444685536136	0.1748465339530024	35	7	18	6	13	ENSG00000167986	0.9819869795482614	False
0.00659744148986479	0.07462686567164178	0.18859778227684298	0.201708468629866	8	7	16	5	10	ENSG00000174485	0.9819869795482614	False
0.0028811732611149837	0.07462686567164178	0.19262789176851644	0.2681709454920786	61	7	19	7	14	ENSG00000225470	0.9819869795482614	False
4.389663468872752e-07	0.07960199004975124	0.007267373714391247	0.001850621242274317	2	7	19	13	18	ENSG00000008018	0.9819869795482614	False
0.009525158069589482	0.07960199004975124	0.20857732740352192	0.19836795634154497	5	7	17	7	12	ENSG00000033178	0.9819869795482614	False
0.003795937273915424	0.07960199004975124	0.26608144546636325	0.18358320545705037	14	7	14	4	10	ENSG00000048740	0.9819869795482614	False
0.004026214016907643	0.07960199004975124	0.1821441333499385	0.19303441990589632	3	7	15	4	11	ENSG00000089234	0.9819869795482614	False
0.0016370941730077671	0.07960199004975124	0.1678142623549128	0.11850745427387761	5	7	15	5	8	ENSG00000100815	0.9819869795482614	False
0.01358831892284696	0.07960199004975124	0.23836085299833593	0.2552683231136741	8	3	4	3	4	ENSG00000102158	0.9819869795482614	False
0.0018185470785623916	0.07960199004975124	0.22914659768809154	0.13829199670588602	18	7	16	6	11	ENSG00000111679	0.9819869795482614	False
0.011129885841597294	0.07960199004975124	0.2376060594240107	0.33180843226875156	6	6	9	3	5	ENSG00000112118	0.9819869795482614	False
0.00285256152034448	0.07960199004975124	0.341412086572861	0.4006241751584777	57	7	18	7	13	ENSG00000114861	0.9819869795482614	False
9.288307392618897e-06	0.07960199004975124	0.006493506493506467	0.006377163680534446	2	7	17	6	11	ENSG00000115073	0.9819869795482614	False
0.015272746802918355	0.07960199004975124	0.21397516357867086	0.16872976575890308	7	3	4	3	3	ENSG00000116198	0.9819869795482614	False
0.025731953545854447	0.07960199004975124	0.37855138688472023	0.4685393258426966	4	7	8	3	6	ENSG00000121774	0.9819869795482614	False
0.0005586946730781824	0.07960199004975124	0.1345622569216833	0.12018978697512442	7	7	18	8	13	ENSG00000130227	0.9819869795482614	False
0.002723485957318218	0.07960199004975124	0.2635063012111815	0.17926285276580406	13	7	14	5	10	ENSG00000135720	0.9819869795482614	False
3.0465220324049092e-05	0.07960199004975124	0.05271907175173351	0.022193905902050722	9	7	19	11	18	ENSG00000137100	0.9819869795482614	False
0.0017637887935918364	0.07960199004975124	0.14471715321593465	0.13775523577363635	11	7	13	5	8	ENSG00000137207	0.9819869795482614	False
0.006315136719733011	0.07960199004975124	0.27105374724299003	0.23988395174835853	9	5	7	3	4	ENSG00000144744	0.9819869795482614	False
0.0007414580272542166	0.07960199004975124	0.20159294285980434	0.16990005878894768	4	7	12	3	8	ENSG00000147853	0.9819869795482614	False
0.0007872007615667903	0.07960199004975124	0.13287744720383068	0.13537663141620382	19	7	18	6	11	ENSG00000155926	0.9819869795482614	False
0.0020960455085179417	0.07960199004975124	0.24076567393983594	0.17429275198651378	8	7	17	7	12	ENSG00000156802	0.9819869795482614	False
0.0017291716516672352	0.07960199004975124	0.3218272426380969	0.4974278087842756	10	5	6	3	5	ENSG00000160613	0.9819869795482614	False
0.0018283619411701706	0.07960199004975124	0.2166400775693962	0.14782995618838995	8	7	10	3	6	ENSG00000162735	0.9819869795482614	False
0.00039545077471696115	0.07960199004975124	0.3485489436815089	0.18366373828146051	10	7	13	6	10	ENSG00000164327	0.9819869795482614	False
0.002928818172771307	0.07960199004975124	0.19312866572136742	0.23407753971438922	13	7	13	4	8	ENSG00000167930	0.9819869795482614	False
0.00016232144786532728	0.07960199004975124	0.11232964970304637	0.08261280787556267	8	7	15	9	13	ENSG00000169499	0.9819869795482614	False
0.002167064403201608	0.07960199004975124	0.1292174477703826	0.2576100086281277	9	4	6	3	5	ENSG00000171302	0.9819869795482614	False
8.370151233593231e-05	0.07960199004975124	0.024117858168245753	0.04755799755799758	3	7	13	4	7	ENSG00000172331	0.9819869795482614	False
0.0003348791189668077	0.07960199004975124	0.11362038243577986	0.13815109435124406	8	7	19	10	16	ENSG00000172543	0.9819869795482614	False
0.000862699949027797	0.07960199004975124	0.1075541917511977	0.08990470258984755	6	7	19	10	17	ENSG00000183291	0.9819869795482614	False
0.004163116349115822	0.07960199004975124	0.24159803035856942	0.21079531201279142	3	4	7	3	4	ENSG00000224376	0.9819869795482614	False
0.014964274820086634	0.07960199004975124	0.4019272013353179	0.4626865671641791	4	5	7	3	5	ENSG00000272288	0.9819869795482614	False
0.0006558209977819645	0.0845771144278607	0.12552190518642126	0.047241665905327426	7	7	18	5	13	ENSG00000015285	0.9819869795482614	False
0.0003800309104818575	0.0845771144278607	0.06472718681213513	0.04367068994286894	3	5	6	3	4	ENSG00000062725	0.9819869795482614	False
0.00012171080438587938	0.0845771144278607	0.030600167976577133	0.029565606831689704	11	7	19	13	18	ENSG00000088986	0.9819869795482614	False
0.005865406143101682	0.0845771144278607	0.13545004035720906	0.19459285484390088	3	4	7	4	6	ENSG00000101460	0.9819869795482614	False
0.0006181325828690222	0.0845771144278607	0.07094103045603155	0.06574101047527713	8	7	17	8	12	ENSG00000108639	0.9819869795482614	False
0.012416737214936854	0.0845771144278607	0.20326039481427746	0.2566465122262575	15	7	15	6	12	ENSG00000109118	0.9819869795482614	False
0.00023917626098328594	0.0845771144278607	0.05512798472090339	0.06209782434457266	6	7	19	13	18	ENSG00000111678	0.9819869795482614	False
0.01865328342560903	0.0845771144278607	0.3295319068872393	0.2634911357880382	6	4	5	3	3	ENSG00000113812	0.9819869795482614	False
0.00017756999062778058	0.0845771144278607	0.042975649795568824	0.02669800235017627	5	7	18	9	12	ENSG00000114166	0.9819869795482614	False
0.0003227097492804556	0.0845771144278607	0.12599477700842604	0.05990268896804729	3	7	19	7	15	ENSG00000114933	0.9819869795482614	False
0.0001570693811861116	0.0845771144278607	0.04468890794256094	0.040586379558455205	7	7	19	13	17	ENSG00000125743	0.9819869795482614	False
0.030066597868216735	0.0845771144278607	0.23513723655331603	0.3775746549094974	8	7	13	4	10	ENSG00000127663	0.9819869795482614	False
1.5497385404151804e-06	0.0845771144278607	0.004624968748094385	0.0030961407098976422	2	7	19	12	18	ENSG00000128524	0.9819869795482614	False
0.004262727782079479	0.0845771144278607	0.22957278453616503	0.22810616952876364	12	7	15	4	9	ENSG00000131149	0.9819869795482614	False
0.0017334408738907973	0.0845771144278607	0.1874999235489551	0.15523214284486617	19	7	18	7	14	ENSG00000131236	0.9819869795482614	False
0.00291334612819549	0.0845771144278607	0.1028338512642469	0.09431576527386633	4	3	4	3	3	ENSG00000132819	0.9819869795482614	False
0.01226901835850526	0.0845771144278607	0.26663591070552145	0.23696757208168728	8	7	15	5	11	ENSG00000143486	0.9819869795482614	False
0.004894028358826722	0.0845771144278607	0.30826190831046923	0.3076621194181043	13	7	13	3	9	ENSG00000153250	0.9819869795482614	False
1.4756473048099767e-06	0.0845771144278607	0.0029041536396194403	0.003589327773592681	4	7	19	12	17	ENSG00000172428	0.9819869795482614	False
0.012650446104600258	0.0845771144278607	0.29211011047398816	0.288809418825052	15	7	16	6	10	ENSG00000184047	0.9819869795482614	False
0.0017344954803265918	0.0845771144278607	0.13978945605850113	0.12759861195122726	6	7	12	4	8	ENSG00000184162	0.9819869795482614	False
3.008627681665096e-06	0.0845771144278607	0.0056864670266732024	0.007042253521126756	2	7	15	4	11	ENSG00000196865	0.9819869795482614	False
0.0016902809929996408	0.0845771144278607	0.12475237911113427	0.09448856352014355	3	7	15	6	11	ENSG00000205155	0.9819869795482614	False
0.0011034208892016508	0.0845771144278607	0.10934942934657225	0.07647251183010807	6	7	16	5	13	ENSG00000213397	0.9819869795482614	False
0.0010428738968510421	0.0845771144278607	0.15149810532396685	0.1275810446234244	7	7	17	7	13	ENSG00000219665	0.9819869795482614	False
0.0038128928645128775	0.0845771144278607	0.24787055090643376	0.16414141414141414	7	5	8	4	5	ENSG00000240038	0.9819869795482614	False
0.0004092050495578316	0.0845771144278607	0.0960677328346691	0.08741539197613382	3	7	13	4	8	ENSG00000253948	0.9819869795482614	False
0.0003717656453450875	0.08955223880597014	0.12282148357762904	0.09439521452145212	13	7	16	6	12	ENSG00000015133	0.9819869795482614	False
0.003718469183727625	0.08955223880597014	0.29963812404210044	0.37539682539682534	7	7	11	4	7	ENSG00000053770	0.9819869795482614	False
0.00018031533058452968	0.08955223880597014	0.06531016247864846	0.04576856649395514	9	7	15	5	10	ENSG00000073050	0.9819869795482614	False
0.0003380060160108803	0.08955223880597014	0.09922241064957742	0.07786248430705411	13	7	14	3	9	ENSG00000076382	0.9819869795482614	False
0.001171347373740117	0.08955223880597014	0.18787546317390494	0.11130195418249654	5	7	15	4	10	ENSG00000085231	0.9819869795482614	False
0.02233490639338478	0.08955223880597014	0.40548614687747947	0.3403839317454675	14	4	7	3	5	ENSG00000100284	0.9819869795482614	False
0.00011409340918724806	0.08955223880597014	0.06553659449268393	0.058704247555843705	3	6	10	3	6	ENSG00000101665	0.9819869795482614	False
0.00012175623542280665	0.08955223880597014	0.04056617539763613	0.04305980122338718	10	7	13	5	8	ENSG00000105135	0.9819869795482614	False
0.004823931544849462	0.08955223880597014	0.2860838050886874	0.2703812316715543	14	6	8	3	5	ENSG00000123146	0.9819869795482614	False
0.003032267736588517	0.08955223880597014	0.2101134824079426	0.1976607145646842	21	7	13	5	10	ENSG00000123983	0.9819869795482614	False
0.006108842885451039	0.08955223880597014	0.38791587591144316	0.30670823676562553	8	7	13	5	8	ENSG00000129493	0.9819869795482614	False
0.0013482550614326858	0.08955223880597014	0.08515828808147118	0.09838739295710071	7	7	19	13	17	ENSG00000130332	0.9819869795482614	False
0.0009489110959929185	0.08955223880597014	0.20537405865194236	0.2030075187969925	4	7	9	3	6	ENSG00000131943	0.9819869795482614	False
0.00028460258285890715	0.08955223880597014	0.06739544633696784	0.04441806120910599	9	7	17	8	13	ENSG00000140526	0.9819869795482614	False
0.003575254589674515	0.08955223880597014	0.22713185293308819	0.25000487198490573	16	7	18	7	13	ENSG00000140575	0.9819869795482614	False
0.002235226908490272	0.08955223880597014	0.4188401859430218	0.4121188408723748	11	7	9	3	5	ENSG00000146094	0.9819869795482614	False
0.0020842511530634582	0.08955223880597014	0.3139966795200638	0.18979718095692422	4	7	12	3	9	ENSG00000153066	0.9819869795482614	False
0.0019342385312364236	0.08955223880597014	0.27238663959419135	0.4446621200092741	23	7	17	6	11	ENSG00000160255	0.9819869795482614	False
0.0016887788500387602	0.08955223880597014	0.2874376000525547	0.2026510798740302	5	3	5	3	4	ENSG00000161955	0.9819869795482614	False
0.000733546429380967	0.08955223880597014	0.1780923600033487	0.0586710492568656	10	3	5	3	4	ENSG00000162894	0.9819869795482614	False
0.00265557982367206	0.08955223880597014	0.19024732373519593	0.2115878140256785	8	7	19	10	16	ENSG00000165494	0.9819869795482614	False
3.341239463090743e-06	0.08955223880597014	0.017298427309961163	0.01450252951096121	3	7	13	4	10	ENSG00000169583	0.9819869795482614	False
0.006477925945878897	0.08955223880597014	0.31997779948089944	0.2921997056492698	3	5	5	3	3	ENSG00000170175	0.9819869795482614	False
0.00013386424159987797	0.08955223880597014	0.05276232954753664	0.033004957233481014	12	7	19	12	17	ENSG00000170906	0.9819869795482614	False
0.0036481141690748423	0.08955223880597014	0.27552235677209164	0.21214440617425695	7	6	11	5	8	ENSG00000173193	0.9819869795482614	False
5.087332859832461e-05	0.08955223880597014	0.05609638843064966	0.02286526790280186	11	7	19	12	17	ENSG00000184752	0.9819869795482614	False
0.002857989487852255	0.08955223880597014	0.13800715013584142	0.16877349230290406	4	7	15	4	9	ENSG00000204560	0.9819869795482614	False
2.520340268932154e-05	0.08955223880597014	0.031829569036725694	0.01775147928994082	5	7	17	6	11	ENSG00000205339	0.9819869795482614	False
0.012039652409886309	0.08955223880597014	0.4147417099753774	0.7531847997821044	3	7	12	5	8	ENSG00000211896	0.9819869795482614	False
0.005927859447629679	0.08955223880597014	0.19013194311671217	0.212962962962963	8	7	9	3	8	ENSG00000236682	0.9819869795482614	False
0.0018730814772941623	0.08955223880597014	0.2196205515569078	0.13355901890648955	2	7	15	3	10	ENSG00000240857	0.9819869795482614	False
0.006278515465905793	0.08955223880597014	0.2383270078168259	0.22679359372446478	6	5	7	3	6	ENSG00000244462	0.9819869795482614	False
0.006042273544253716	0.0945273631840796	0.2048464292624735	0.20026350461133072	6	3	4	3	4	ENSG00000090989	0.9819869795482614	False
0.0021278954229672757	0.0945273631840796	0.4029189936999917	0.3042473471173833	12	7	12	5	8	ENSG00000100644	0.9819869795482614	False
0.0018908419241130867	0.0945273631840796	0.16754551869448184	0.16262135291357477	19	7	19	11	15	ENSG00000100664	0.9819869795482614	False
0.0028355196911872176	0.0945273631840796	0.2735359805085935	0.21789260580352837	20	7	14	5	12	ENSG00000108946	0.9819869795482614	False
0.0005057776099345179	0.0945273631840796	0.06975683890577515	0.051724137931034475	6	5	7	3	5	ENSG00000115998	0.9819869795482614	False
0.006222905749627342	0.0945273631840796	0.0892540315401465	0.14790528233151182	5	3	4	3	3	ENSG00000116106	0.9819869795482614	False
0.00839716762210174	0.0945273631840796	0.2531998310541742	0.2456202046035806	14	5	9	3	7	ENSG00000116698	0.9819869795482614	False
0.0045782593281096205	0.0945273631840796	0.37269543679663175	0.32202495302835193	14	6	9	4	6	ENSG00000128915	0.9819869795482614	False
0.0016463046716552322	0.0945273631840796	0.1714969171786846	0.15922009473613985	14	7	16	4	12	ENSG00000132471	0.9819869795482614	False
8.363774256383192e-05	0.0945273631840796	0.07830880770485378	0.0321770172243302	5	7	19	8	15	ENSG00000133321	0.9819869795482614	False
0.0023946248300310774	0.0945273631840796	0.19580640710776975	0.23336489898989898	16	7	18	8	13	ENSG00000135090	0.9819869795482614	False
0.0005469823718457414	0.0945273631840796	0.12943686378940972	0.10657715764994954	6	6	6	3	5	ENSG00000136161	0.9819869795482614	False
0.004605576060255554	0.0945273631840796	0.2648606276742421	0.22726643260371945	8	7	14	5	9	ENSG00000136238	0.9819869795482614	False
0.003523895623823282	0.0945273631840796	0.21831717726909802	0.20514615683810547	13	7	14	5	9	ENSG00000139350	0.9819869795482614	False
6.766443909636498e-05	0.0945273631840796	0.04508041641305874	0.030135361227439504	10	7	19	13	19	ENSG00000143947	0.9819869795482614	False
0.0025009797221470535	0.0945273631840796	0.27472554139599475	0.17578158642666433	6	5	6	3	5	ENSG00000145246	0.9819869795482614	False
0.013166216325827701	0.0945273631840796	0.24122626114641973	0.18842051802945656	7	4	6	3	5	ENSG00000148335	0.9819869795482614	False
0.001729200110756394	0.0945273631840796	0.15518394737836422	0.12165638631263709	4	7	19	9	16	ENSG00000151461	0.9819869795482614	False
0.00041999883234208706	0.0945273631840796	0.052223774125034636	0.040723981900452476	5	6	5	3	4	ENSG00000151690	0.9819869795482614	False
0.008572544589184404	0.0945273631840796	0.2141324687056394	0.2472567354083941	5	5	8	3	6	ENSG00000158427	0.9819869795482614	False
0.00743934024173049	0.0945273631840796	0.310561905921789	0.2931136659950219	6	4	5	3	3	ENSG00000163346	0.9819869795482614	False
0.017018658222563737	0.0945273631840796	0.22243786121729928	0.19505094614264917	6	3	4	3	3	ENSG00000167081	0.9819869795482614	False
0.0020699860180205107	0.0945273631840796	0.1257873616466866	0.11008642319487037	6	7	12	4	7	ENSG00000167632	0.9819869795482614	False
0.0059016470185909425	0.0945273631840796	0.3977195499579435	0.48433177727930155	10	7	9	3	6	ENSG00000168067	0.9819869795482614	False
0.005155519002617682	0.0945273631840796	0.23191553815367735	0.19696748045952048	19	7	16	6	13	ENSG00000169375	0.9819869795482614	False
0.0006761349047220589	0.0945273631840796	0.1263377833488362	0.09885523071504054	9	7	8	3	5	ENSG00000176393	0.9819869795482614	False
0.00124127746699989	0.0945273631840796	0.06061117495908512	0.07413705583756346	3	3	4	3	4	ENSG00000178425	0.9819869795482614	False
0.0007975249904948824	0.0945273631840796	0.14024845370781605	0.10490799108924623	9	7	15	6	10	ENSG00000183576	0.9819869795482614	False
0.013421955962571328	0.0945273631840796	0.27922787287227296	0.2632151029748284	3	6	9	3	5	ENSG00000183891	0.9819869795482614	False
0.002185068913672785	0.0945273631840796	0.32134485524400447	0.21662838650182495	7	7	11	3	5	ENSG00000187266	0.9819869795482614	False
0.009936461912635551	0.0945273631840796	0.39684574365158265	0.3175885241664512	8	5	6	3	4	ENSG00000189180	0.9819869795482614	False
0.006023840942711216	0.0945273631840796	0.24966695626897656	0.31139858919713853	9	7	12	4	10	ENSG00000204138	0.9819869795482614	False
7.695148110417775e-07	0.09950248756218906	0.006666666666666689	0.007843137254901947	4	7	10	3	6	ENSG00000005381	0.9819869795482614	False
0.0004542395445979073	0.09950248756218906	0.24243039688584248	0.509009009009009	3	7	13	3	8	ENSG00000006459	0.9819869795482614	False
0.0019478676605063643	0.09950248756218906	0.24656344297589483	0.25510028650588457	8	7	17	5	10	ENSG00000074201	0.9819869795482614	False
0.0008685018472383099	0.09950248756218906	0.06284315232418677	0.09425075978057572	5	6	16	6	12	ENSG00000084070	0.9819869795482614	False
0.0012142531519924492	0.09950248756218906	0.15202135943120057	0.10012531328320803	3	5	8	3	5	ENSG00000086065	0.9819869795482614	False
0.012901895073330966	0.09950248756218906	0.30746995942530114	0.2594217862674238	5	4	6	3	3	ENSG00000097033	0.9819869795482614	False
0.0006768666338615873	0.09950248756218906	0.10290765315263718	0.05271904188871694	3	5	7	3	5	ENSG00000100258	0.9819869795482614	False
0.001476061824981546	0.09950248756218906	0.14634393627287115	0.09134030101088438	6	7	16	4	10	ENSG00000100568	0.9819869795482614	False
7.432687447411502e-05	0.09950248756218906	0.03034350656433514	0.018689362912733567	17	7	19	11	17	ENSG00000102879	0.9819869795482614	False
0.0002911192048608241	0.09950248756218906	0.04468828981297185	0.043837848210823954	7	7	17	6	13	ENSG00000104687	0.9819869795482614	False
0.0014679480486669678	0.09950248756218906	0.1472082383217774	0.12044660678642717	4	6	7	4	6	ENSG00000116260	0.9819869795482614	False
0.0019652014424811322	0.09950248756218906	0.1989274892111083	0.1351630268038937	2	7	13	5	7	ENSG00000116685	0.9819869795482614	False
0.011703159035764443	0.09950248756218906	0.32219893005091316	0.31460160121997716	8	4	5	3	3	ENSG00000120662	0.9819869795482614	False
4.424139802718851e-05	0.09950248756218906	0.03851692784667807	0.022505145132952296	4	7	16	5	11	ENSG00000124535	0.9819869795482614	False
0.001649710865260536	0.09950248756218906	0.1405766069785131	0.09311501895233953	2	6	7	3	5	ENSG00000125351	0.9819869795482614	False
0.003282931716983589	0.09950248756218906	0.1748860623709755	0.15596703657460112	9	7	17	8	13	ENSG00000126246	0.9819869795482614	False
0.0019397171525634576	0.09950248756218906	0.21568747340874714	0.22880461106267555	10	7	17	6	11	ENSG00000129515	0.9819869795482614	False
0.003107267090846118	0.09950248756218906	0.17550315751215306	0.14985044865403785	6	6	7	3	5	ENSG00000130024	0.9819869795482614	False
0.002189868483781827	0.09950248756218906	0.2812791472542623	0.19467526265520538	13	7	11	4	8	ENSG00000132549	0.9819869795482614	False
0.0021706396523724215	0.09950248756218906	0.28446602402710186	0.27759693804550006	20	7	15	6	13	ENSG00000134744	0.9819869795482614	False
0.004337331785277745	0.09950248756218906	0.222306564415794	0.250051862608541	11	7	16	6	12	ENSG00000141504	0.9819869795482614	False
0.0001813443536467299	0.09950248756218906	0.02523564948291604	0.05378704720087811	3	5	7	3	4	ENSG00000142173	0.9819869795482614	False
0.0012161297280553602	0.09950248756218906	0.10997738001573569	0.12856046275735392	17	5	7	4	5	ENSG00000145730	0.9819869795482614	False
0.004113558161906683	0.09950248756218906	0.2351822788935283	0.24075914788938865	16	7	13	3	8	ENSG00000145979	0.9819869795482614	False
0.00010694961618605214	0.09950248756218906	0.051749901714510806	0.051005802707930405	6	7	17	8	12	ENSG00000149541	0.9819869795482614	False
0.015704760238530242	0.09950248756218906	0.3185276603872513	0.2466127583108715	5	3	4	3	3	ENSG00000155975	0.9819869795482614	False
5.386375608009758e-06	0.09950248756218906	0.0042016806722689	0.006644518272425271	2	7	9	4	6	ENSG00000164086	0.9819869795482614	False
0.001930932402853519	0.09950248756218906	0.2710280415388812	0.17966544250323732	30	7	16	6	12	ENSG00000169764	0.9819869795482614	False
0.00034730316717755476	0.09950248756218906	0.06496203887021987	0.0653679157706725	12	7	19	11	18	ENSG00000172531	0.9819869795482614	False
0.009141425182351072	0.09950248756218906	0.3599105127801396	0.3934959349593496	19	4	5	3	3	ENSG00000178971	0.9819869795482614	False
0.009290072450574378	0.09950248756218906	0.3742256905393785	0.47614721639878865	15	6	5	3	3	ENSG00000196873	0.9819869795482614	False
1.24950436953364e-05	0.09950248756218906	0.007936507936507959	0.01041666666666666	3	7	11	3	7	ENSG00000205765	0.9819869795482614	False
0.010386697827808399	0.09950248756218906	0.2608208354128946	0.4469354600024883	46	7	15	6	11	ENSG00000231721	0.9819869795482614	False
3.5261677597364076e-05	0.09950248756218906	0.00822950005703282	0.012919896640826847	2	7	16	3	9	ENSG00000288061	0.9819869795482614	False
0.004099386595424463	0.1044776119402985	0.47460516870064606	0.503780915379513	4	3	4	3	3	ENSG00000002016	0.9819869795482614	False
0.00812096336117235	0.1044776119402985	0.35680724422060073	0.26332511314436235	6	7	11	3	7	ENSG00000015676	0.9819869795482614	False
0.0002952322310057208	0.1044776119402985	0.07583504511746961	0.08108108108108106	4	7	12	3	8	ENSG00000079950	0.9819869795482614	False
0.002950328979321066	0.1044776119402985	0.1736609052362017	0.2533422120901178	23	7	19	7	14	ENSG00000081237	0.9819869795482614	False
0.0044964805408269325	0.1044776119402985	0.18549818409999402	0.20150382565021366	25	6	13	4	9	ENSG00000087274	0.9819869795482614	False
7.525654224429825e-07	0.1044776119402985	0.004170255112278218	0.0025201612903226	2	7	18	6	15	ENSG00000105248	0.9819869795482614	False
0.005630984481979944	0.1044776119402985	0.23196964378314494	0.2389964182394269	22	7	11	3	7	ENSG00000110713	0.9819869795482614	False
0.0017991052279809371	0.1044776119402985	0.1549329415326635	0.18229041807204863	7	7	17	7	11	ENSG00000116717	0.9819869795482614	False
0.0071617674692082516	0.1044776119402985	0.25085269998099746	0.23607262302914472	11	6	8	3	6	ENSG00000119844	0.9819869795482614	False
0.016094494766786642	0.1044776119402985	0.3998023644747247	0.4123572289502382	14	5	7	3	5	ENSG00000123600	0.9819869795482614	False
0.006475804146703462	0.1044776119402985	0.23779935572627225	0.306575872644954	5	6	10	3	5	ENSG00000127337	0.9819869795482614	False
0.000275348157489516	0.1044776119402985	0.05321968823721164	0.043552643903621596	5	7	13	4	9	ENSG00000130311	0.9819869795482614	False
9.587253021858366e-07	0.1044776119402985	0.0014684287812040619	0.0027932960893854875	2	7	10	3	7	ENSG00000131188	0.9819869795482614	False
0.0005437108723260354	0.1044776119402985	0.15396335739069664	0.10750290529951742	7	7	16	6	12	ENSG00000133704	0.9819869795482614	False
0.010769404320496228	0.1044776119402985	0.25043233029068845	0.2657574114760179	8	6	8	3	5	ENSG00000135426	0.9819869795482614	False
0.003586609954836445	0.1044776119402985	0.20459529642248958	0.15550362402109075	8	7	17	6	15	ENSG00000140391	0.9819869795482614	False
0.0043283634928517195	0.1044776119402985	0.19743349123117285	0.19040729099103598	3	5	8	4	7	ENSG00000141086	0.9819869795482614	False
0.006120125099778309	0.1044776119402985	0.21107296430184863	0.27682180705779524	11	6	10	3	8	ENSG00000151239	0.9819869795482614	False
0.0036923683032966765	0.1044776119402985	0.22250664832217243	0.2791082995765516	15	7	15	4	10	ENSG00000151779	0.9819869795482614	False
1.1907937026341115e-05	0.1044776119402985	0.023462460063897753	0.006784260515603784	2	7	16	7	10	ENSG00000156875	0.9819869795482614	False
0.01255696354951465	0.1044776119402985	0.2832081969238981	0.22835851219759973	8	7	11	4	8	ENSG00000157184	0.9819869795482614	False
6.377829762483375e-05	0.1044776119402985	0.013518801822284944	0.018487394957983235	5	5	6	3	4	ENSG00000166135	0.9819869795482614	False
0.0018216482153462059	0.1044776119402985	0.14677996567419976	0.1507072212197006	5	7	14	4	9	ENSG00000167969	0.9819869795482614	False
4.2678675504536456e-05	0.1044776119402985	0.03532509768651092	0.027297067473296077	6	7	19	10	17	ENSG00000177556	0.9819869795482614	False
0.0002050239276638654	0.1044776119402985	0.05525215749730309	0.03618090452261304	4	7	11	4	8	ENSG00000186230	0.9819869795482614	False
0.00043778420399829176	0.1044776119402985	0.04170516542729099	0.04966062644000247	5	4	5	3	4	ENSG00000196670	0.9819869795482614	False
0.0019598672719032513	0.1044776119402985	0.15062389601502413	0.1237341090282267	3	6	5	3	4	ENSG00000197780	0.9819869795482614	False
0.004814119663403266	0.1044776119402985	0.32716587209390824	0.4810870101875393	34	7	14	4	9	ENSG00000198821	0.9819869795482614	False
0.002033027225822617	0.1044776119402985	0.12442763908963793	0.12602372440688983	10	7	12	3	8	ENSG00000203879	0.9819869795482614	False
0.001408864808939325	0.1044776119402985	0.10621734587251823	0.07963067319779793	4	4	4	3	4	ENSG00000254858	0.9819869795482614	False
0.00267399439532612	0.1044776119402985	0.1851278328931203	0.19422341952752378	8	7	17	6	13	ENSG00000256053	0.9819869795482614	False
0.024134186063252926	0.10945273631840796	0.3897305764411028	0.3885953638916655	11	3	4	3	3	ENSG00000002919	0.9819869795482614	False
0.0017530328406991787	0.10945273631840796	0.26219520914382716	0.18521505376344088	7	7	10	3	6	ENSG00000007264	0.9819869795482614	False
0.0017615486457182978	0.10945273631840796	0.20251267276978333	0.09393762354288668	20	7	18	7	15	ENSG00000067225	0.9819869795482614	False
0.0019308188269681619	0.10945273631840796	0.2503913465965698	0.2187411196362603	4	6	7	3	5	ENSG00000078596	0.9819869795482614	False
0.0015451563921057994	0.10945273631840796	0.12605731529060163	0.10533866620293887	6	6	9	3	5	ENSG00000083535	0.9819869795482614	False
6.290120362651211e-06	0.10945273631840796	0.009607225554069431	0.005940594059405943	2	7	12	4	8	ENSG00000088451	0.9819869795482614	False
0.00016501273138853207	0.10945273631840796	0.08226829591296493	0.03749869400009895	5	7	19	10	17	ENSG00000091640	0.9819869795482614	False
0.00028594386075791865	0.10945273631840796	0.058484661484326975	0.09294228111941558	8	7	19	11	18	ENSG00000100836	0.9819869795482614	False
0.005921362741329118	0.10945273631840796	0.23848142027521202	0.25515232974910396	3	7	17	7	14	ENSG00000100982	0.9819869795482614	False
0.007071342249570801	0.10945273631840796	0.34395445739182323	0.3932125088841507	26	6	9	3	5	ENSG00000102125	0.9819869795482614	False
0.008167777662127592	0.10945273631840796	0.3303417050762161	0.30874251497005983	20	5	5	3	4	ENSG00000104365	0.9819869795482614	False
0.0027330773680102837	0.10945273631840796	0.16305094127455733	0.11216493765598778	5	7	13	5	10	ENSG00000108306	0.9819869795482614	False
0.0050849458008086785	0.10945273631840796	0.34107052127237025	0.34448430052577267	9	6	11	4	6	ENSG00000110330	0.9819869795482614	False
0.0033152343950213076	0.10945273631840796	0.15304632613043337	0.1909410591507899	10	7	14	4	10	ENSG00000110429	0.9819869795482614	False
0.0033349303450842783	0.10945273631840796	0.19809624772102777	0.18346774193548385	9	4	6	3	5	ENSG00000116793	0.9819869795482614	False
0.0037576352148535478	0.10945273631840796	0.18417780719712398	0.19628697523434369	10	7	12	3	7	ENSG00000122783	0.9819869795482614	False
0.009433524909378379	0.10945273631840796	0.31878556152439125	0.2997929606625259	8	5	5	3	3	ENSG00000130023	0.9819869795482614	False
0.00370745969907416	0.10945273631840796	0.20509963672993198	0.2025776371870851	6	5	6	3	5	ENSG00000131653	0.9819869795482614	False
0.017868624041104248	0.10945273631840796	0.5277706356740524	0.528561046511628	21	5	6	3	4	ENSG00000133943	0.9819869795482614	False
0.004969428168124842	0.10945273631840796	0.2594809432890392	0.17518136693394423	7	3	4	3	3	ENSG00000134058	0.9819869795482614	False
0.0048843297689463204	0.10945273631840796	0.3121828036462183	0.2822137404580153	2	4	6	4	4	ENSG00000135956	0.9819869795482614	False
0.009642751365383352	0.10945273631840796	0.24232720459425686	0.27159492924528306	6	5	8	4	5	ENSG00000136152	0.9819869795482614	False
0.009258864170443555	0.10945273631840796	0.3134705821541542	0.38619299729540635	7	7	10	4	7	ENSG00000141510	0.9819869795482614	False
0.016269791730443555	0.10945273631840796	0.32525474230911117	0.2723908216136195	5	6	8	4	5	ENSG00000145050	0.9819869795482614	False
0.0006852165053012792	0.10945273631840796	0.15463320316659232	0.14395826544195214	17	7	19	7	12	ENSG00000149091	0.9819869795482614	False
0.00152234739223999	0.10945273631840796	0.12408692028713071	0.1586226266711605	4	6	12	3	8	ENSG00000159496	0.9819869795482614	False
0.0002130349448219653	0.10945273631840796	0.07443258193540588	0.040864432474600934	10	7	18	11	17	ENSG00000161011	0.9819869795482614	False
0.008915358336986279	0.10945273631840796	0.40777588719386093	0.2818181818181818	6	7	9	3	6	ENSG00000161956	0.9819869795482614	False
0.002406661681322117	0.10945273631840796	0.10905278634158887	0.14844221434904253	15	7	19	10	17	ENSG00000162613	0.9819869795482614	False
0.008321009842314826	0.10945273631840796	0.32126114442653664	0.4154939587775408	14	7	16	5	10	ENSG00000167515	0.9819869795482614	False
0.000919745766678321	0.10945273631840796	0.10874841654045478	0.08541443740859023	3	7	19	8	14	ENSG00000168393	0.9819869795482614	False
0.03371330264733677	0.10945273631840796	0.5092846255710197	0.540050193453937	11	3	4	3	3	ENSG00000172113	0.9819869795482614	False
4.03487040615134e-05	0.10945273631840796	0.04076177747425215	0.018392636964242984	4	7	16	7	12	ENSG00000184743	0.9819869795482614	False
0.010574336535786055	0.10945273631840796	0.165539040383599	0.3033264887063656	4	6	6	3	4	ENSG00000185000	0.9819869795482614	False
0.0004654882327120189	0.10945273631840796	0.04265037708176039	0.05250072695551027	4	5	5	3	4	ENSG00000185163	0.9819869795482614	False
0.0018031479117599496	0.10945273631840796	0.2288451624606695	0.3008940966945653	54	7	19	8	16	ENSG00000215301	0.9819869795482614	False
0.005937547004584376	0.10945273631840796	0.21690128584784113	0.30151763290009403	10	7	16	7	12	ENSG00000233016	0.9819869795482614	False
0.004981104580582432	0.10945273631840796	0.3168450478285909	0.35532617484577583	10	7	19	6	15	ENSG00000241343	0.9819869795482614	False
0.008022399453095333	0.10945273631840796	0.2504360294168826	0.32444005270092224	3	5	7	3	5	ENSG00000270069	0.9819869795482614	False
0.030258733446656853	0.10945273631840796	0.3456564111912548	0.32445520581113796	3	4	6	3	4	ENSG00000270882	0.9819869795482614	False
0.001169329526683354	0.10945273631840796	0.17999574281897707	0.2388816073703956	6	6	8	3	5	ENSG00000276070	0.9819869795482614	False
0.005879204593320996	0.10945273631840796	0.18565384810254848	0.18189930839592475	3	4	6	3	5	ENSG00000290796	0.9819869795482614	False
0.019212600956349177	0.11442786069651742	0.4361806020618535	0.5506742583158525	18	7	12	3	7	ENSG00000011304	0.9819869795482614	False
0.004185029360546735	0.11442786069651742	0.2561519068751672	0.22112272551296944	7	7	10	3	6	ENSG00000037474	0.9819869795482614	False
2.4175574506664824e-05	0.11442786069651742	0.00854700854700853	0.006211180124223608	2	4	4	3	4	ENSG00000056277	0.9819869795482614	False
0.0023638218059251156	0.11442786069651742	0.15216933215485828	0.18449530767308253	11	7	19	12	16	ENSG00000072818	0.9819869795482614	False
1.8365537934495123e-08	0.11442786069651742	0.004838597026211555	0.0024007848322816754	3	7	19	8	15	ENSG00000090382	0.9819869795482614	False
0.00012150974930466793	0.11442786069651742	0.06048158021662966	0.03244822979291917	6	7	18	7	13	ENSG00000100280	0.9819869795482614	False
0.007800968728937366	0.11442786069651742	0.31255501032859523	0.3377025036818851	9	6	10	3	6	ENSG00000111860	0.9819869795482614	False
0.0035786485745968994	0.11442786069651742	0.23861610489901713	0.2312716096811371	11	6	9	3	6	ENSG00000112473	0.9819869795482614	False
0.005526545530528819	0.11442786069651742	0.20107073180807958	0.22807994664547626	8	7	18	5	12	ENSG00000114030	0.9819869795482614	False
0.009389410764601158	0.11442786069651742	0.26418786012919915	0.24000874747143403	5	7	10	3	7	ENSG00000114735	0.9819869795482614	False
0.05016813016508892	0.11442786069651742	0.34754349894799336	0.45120120120120116	8	4	4	3	4	ENSG00000123552	0.9819869795482614	False
0.03252447824563928	0.11442786069651742	0.2254827324452703	0.39871943295253987	8	7	16	5	11	ENSG00000132792	0.9819869795482614	False
0.000614299495315072	0.11442786069651742	0.0551160664426907	0.08644332564939916	5	7	18	6	14	ENSG00000135845	0.9819869795482614	False
0.0018297250003470743	0.11442786069651742	0.2506416353666391	0.19622892635314992	7	7	18	4	13	ENSG00000141084	0.9819869795482614	False
8.200913234847322e-06	0.11442786069651742	0.021410410936015426	0.010188098159647586	11	7	19	13	18	ENSG00000143761	0.9819869795482614	False
0.0031702366028816746	0.11442786069651742	0.1515790806066962	0.14997677011751984	6	7	19	10	15	ENSG00000145287	0.9819869795482614	False
0.001383754145741694	0.11442786069651742	0.3238108131192904	0.26572577739343495	45	7	16	6	11	ENSG00000149311	0.9819869795482614	False
1.7355484952768944e-05	0.11442786069651742	0.020013568521031203	0.016746411483253607	2	5	7	3	6	ENSG00000151929	0.9819869795482614	False
0.006799526792427154	0.11442786069651742	0.32361792373946674	0.38024774020756613	15	6	9	3	6	ENSG00000159692	0.9819869795482614	False
0.014871533321530225	0.11442786069651742	0.5592594542948911	0.5577902923035667	10	7	7	3	5	ENSG00000164306	0.9819869795482614	False
0.0015829268379573631	0.11442786069651742	0.15728612603550177	0.15496556280048443	7	7	18	7	12	ENSG00000166847	0.9819869795482614	False
0.0005596060046357542	0.11442786069651742	0.08964385242771622	0.10180623973727422	3	6	7	3	5	ENSG00000168807	0.9819869795482614	False
0.0001483579891129892	0.11442786069651742	0.03205889104953275	0.028278828429029835	4	7	16	4	11	ENSG00000171161	0.9819869795482614	False
0.0002051501746992745	0.11442786069651742	0.0585392548397259	0.04266055207194031	3	7	16	4	11	ENSG00000171984	0.9819869795482614	False
0.0017970980497380388	0.11442786069651742	0.12807929484916733	0.13065460388124775	11	7	19	9	15	ENSG00000171988	0.9819869795482614	False
0.00011255530836865117	0.11442786069651742	0.012213740458015265	0.028169014084507026	2	7	10	3	5	ENSG00000173621	0.9819869795482614	False
0.004503041342927303	0.11442786069651742	0.22210120455552823	0.18106531150009414	4	7	10	3	6	ENSG00000174165	0.9819869795482614	False
0.00010033027161041397	0.11442786069651742	0.03634635695528288	0.03418318710900671	3	7	13	3	7	ENSG00000179639	0.9819869795482614	False
0.007450631698167519	0.11442786069651742	0.2720419111977016	0.21850872176150984	7	6	10	3	7	ENSG00000180096	0.9819869795482614	False
0.0014439324071478293	0.11442786069651742	0.19688417357449553	0.19784329901984926	28	7	19	7	14	ENSG00000181090	0.9819869795482614	False
0.00705444697785068	0.11442786069651742	0.2484806298444954	0.22635743026357427	6	7	10	4	7	ENSG00000184903	0.9819869795482614	False
0.023845967503191696	0.11442786069651742	0.5127771847268208	0.4918309754557944	10	4	6	3	4	ENSG00000185728	0.9819869795482614	False
0.004962301500414532	0.11442786069651742	0.41441556790527045	0.3513663609031195	8	6	7	3	5	ENSG00000186566	0.9819869795482614	False
0.0033991269286494544	0.11442786069651742	0.15895129358397728	0.1414425949637217	3	4	4	3	3	ENSG00000239282	0.9819869795482614	False
0.00022090145410935084	0.11442786069651742	0.0617836095817249	0.04777659928129306	4	4	7	3	5	ENSG00000241106	0.9819869795482614	False
0.0050161156830458254	0.11442786069651742	0.24369059157755119	0.1570214541967108	7	7	13	3	8	ENSG00000256683	0.9819869795482614	False
0.0015955289757365165	0.11442786069651742	0.22861632194965537	0.20489795918367348	6	7	10	3	6	ENSG00000260456	0.9819869795482614	False
0.00648446361521878	0.11442786069651742	0.27953991999492667	0.2477379939679839	9	6	12	4	7	ENSG00000260916	0.9819869795482614	False
0.001785024324414309	0.11940298507462686	0.19661244074016976	0.1728825148898554	14	7	15	7	12	ENSG00000006652	0.9819869795482614	False
0.0036501908371800577	0.11940298507462686	0.3006922684690968	0.2608363757052771	9	7	13	5	8	ENSG00000061987	0.9819869795482614	False
0.01043388854450468	0.11940298507462686	0.309187901078273	0.3318468970642884	12	7	17	4	12	ENSG00000065911	0.9819869795482614	False
0.0004018979461540835	0.11940298507462686	0.088996667796042	0.08406939718907912	12	7	19	8	16	ENSG00000076662	0.9819869795482614	False
0.004428058562998458	0.11940298507462686	0.20136273112585346	0.19190512555590497	9	7	13	3	10	ENSG00000085415	0.9819869795482614	False
0.0008693330661310504	0.11940298507462686	0.08454196830172972	0.07650026119890295	4	7	14	6	10	ENSG00000085449	0.9819869795482614	False
0.0015278539283983682	0.11940298507462686	0.21546419051981322	0.160441822308244	8	7	17	4	10	ENSG00000088727	0.9819869795482614	False
0.007108197276810731	0.11940298507462686	0.3512320882801447	0.2725061928084244	27	7	13	5	11	ENSG00000092148	0.9819869795482614	False
0.03240329926841733	0.11940298507462686	0.6922581728616211	0.7061403508771931	6	5	8	3	6	ENSG00000102100	0.9819869795482614	False
0.0027262112931474465	0.11940298507462686	0.1712982848824999	0.20768580473415352	11	7	16	8	12	ENSG00000104774	0.9819869795482614	False
0.0004886612692087442	0.11940298507462686	0.08799338070361154	0.14145920356446676	10	7	15	4	11	ENSG00000104972	0.9819869795482614	False
0.0026174055912599943	0.11940298507462686	0.18342634036220712	0.14192531721429152	15	7	17	8	13	ENSG00000113712	0.9819869795482614	False
0.0004017775356232619	0.11940298507462686	0.223241816792016	0.30259101585437465	14	7	16	6	10	ENSG00000115523	0.9819869795482614	False
1.9657516054211215e-06	0.11940298507462686	0.003649635036496431	0.00529100529100534	3	7	17	6	14	ENSG00000116095	0.9819869795482614	False
1.9747032115654075e-05	0.11940298507462686	0.015109145596950443	0.012569832402234651	6	7	16	8	13	ENSG00000123395	0.9819869795482614	False
0.0038707354136796775	0.11940298507462686	0.13579563684945486	0.14227989532061452	5	7	17	6	11	ENSG00000130520	0.9819869795482614	False
0.007776605192742431	0.11940298507462686	0.3035224192961539	0.3396271711339712	7	6	10	4	5	ENSG00000134265	0.9819869795482614	False
0.0005969610437764963	0.11940298507462686	0.045384571868647264	0.06389867961013274	3	7	18	8	14	ENSG00000135637	0.9819869795482614	False
0.0026360447942977154	0.11940298507462686	0.2315824635658831	0.23472515496219598	9	7	10	3	7	ENSG00000136717	0.9819869795482614	False
0.00032015892870726026	0.11940298507462686	0.1305938093250323	0.09299282806256598	10	7	19	10	16	ENSG00000138382	0.9819869795482614	False
0.0005066311192793406	0.11940298507462686	0.06512649735696553	0.06707562712860986	7	7	18	7	14	ENSG00000139725	0.9819869795482614	False
0.004182246686080609	0.11940298507462686	0.32231979686701373	0.33660573234032953	3	7	11	3	7	ENSG00000141446	0.9819869795482614	False
0.00011223248287857815	0.11940298507462686	0.05675923183968677	0.0284756609619784	3	7	15	7	9	ENSG00000142784	0.9819869795482614	False
0.0026972807026343706	0.11940298507462686	0.11602732790072919	0.15482583341129508	6	6	7	3	5	ENSG00000154222	0.9819869795482614	False
0.00021631926751430197	0.11940298507462686	0.09518259917198102	0.08364240330029454	5	7	18	9	14	ENSG00000155629	0.9819869795482614	False
0.004479522333075555	0.11940298507462686	0.2053069635900961	0.20922922740524783	9	5	7	3	5	ENSG00000160584	0.9819869795482614	False
0.018047786605457024	0.11940298507462686	0.2219965043274232	0.1819363096854272	3	3	4	3	4	ENSG00000162104	0.9819869795482614	False
0.0030569905639846206	0.11940298507462686	0.14170904775653198	0.18111888111888114	5	6	6	3	4	ENSG00000163820	0.9819869795482614	False
0.0038431885023025637	0.11940298507462686	0.1773408256450329	0.12321380228721107	6	7	18	8	13	ENSG00000164307	0.9819869795482614	False
1.1266721373549879e-05	0.11940298507462686	0.039102857373046834	0.024687621527484223	5	7	15	3	8	ENSG00000165092	0.9819869795482614	False
4.752176287918248e-05	0.11940298507462686	0.024988279418659193	0.015715641413524474	2	7	14	5	9	ENSG00000174173	0.9819869795482614	False
0.00034051023178928945	0.11940298507462686	0.09122985074180949	0.05075998556605019	7	7	12	4	7	ENSG00000179115	0.9819869795482614	False
4.585896733634785e-05	0.11940298507462686	0.03745566948337628	0.018933133968154048	9	7	18	9	13	ENSG00000182179	0.9819869795482614	False
0.009073890869891436	0.11940298507462686	0.4140018834431432	0.4090533672172808	15	7	12	4	8	ENSG00000182473	0.9819869795482614	False
0.009466708919748542	0.11940298507462686	0.47064781246810744	0.49531215809052487	28	6	11	4	6	ENSG00000184640	0.9819869795482614	False
0.009821103801840323	0.11940298507462686	0.3259524704500181	0.33246442923862274	16	6	10	3	5	ENSG00000196924	0.9819869795482614	False
0.0008269768361096368	0.11940298507462686	0.10770944440550768	0.09337928532559407	5	7	13	4	9	ENSG00000215114	0.9819869795482614	False
0.010316143368183782	0.11940298507462686	0.18697448944424755	0.23386975485035344	2	4	4	3	4	ENSG00000224531	0.9819869795482614	False
0.00022063336382118832	0.11940298507462686	0.018251446228233225	0.046814202752221076	2	7	16	3	10	ENSG00000253736	0.9819869795482614	False
0.027113291702918076	0.11940298507462686	0.19045082074923192	0.3154581096128247	4	7	13	4	8	ENSG00000291107	0.9819869795482614	False
0.007138520179508089	0.12437810945273632	0.4160357657477547	0.38827838827838834	48	7	14	4	10	ENSG00000001631	0.9819869795482614	False
0.009336262379442458	0.12437810945273632	0.4265733770276343	0.48596092098681765	43	7	15	4	12	ENSG00000005302	0.9819869795482614	False
3.4207233459045105e-05	0.12437810945273632	0.009090909090909132	0.013215859030837012	4	4	4	3	4	ENSG00000058453	0.9819869795482614	False
5.830190311902871e-05	0.12437810945273632	0.03383077309077725	0.018518518518518504	3	6	9	4	6	ENSG00000063169	0.9819869795482614	False
0.008737694513153186	0.12437810945273632	0.3951683660432227	0.2381338742393509	9	3	4	3	4	ENSG00000083093	0.9819869795482614	False
0.000550506754287567	0.12437810945273632	0.13089745490631127	0.20241359195034517	5	7	18	9	14	ENSG00000099860	0.9819869795482614	False
0.005891851735859647	0.12437810945273632	0.17371489161264256	0.2350274725274725	12	5	7	3	5	ENSG00000100997	0.9819869795482614	False
0.005263219844404048	0.12437810945273632	0.15664581237362704	0.19276005856888206	6	7	11	3	7	ENSG00000105552	0.9819869795482614	False
3.7397052105739727e-07	0.12437810945273632	0.002861042861042845	0.0022900763358778588	3	7	17	6	12	ENSG00000106367	0.9819869795482614	False
0.014980607379518701	0.12437810945273632	0.09545732377108523	0.3244233152992816	6	7	17	7	14	ENSG00000117906	0.9819869795482614	False
0.001727461556123229	0.12437810945273632	0.1468263114391382	0.12027273741354948	6	7	13	5	11	ENSG00000120709	0.9819869795482614	False
0.014136294709339008	0.12437810945273632	0.29089587753683116	0.33184280014648343	10	4	5	3	4	ENSG00000127952	0.9819869795482614	False
0.0024725991972341676	0.12437810945273632	0.2570237205719592	0.28499852637783674	4	4	5	3	4	ENSG00000131979	0.9819869795482614	False
0.0032330443204508248	0.12437810945273632	0.32336003381104483	0.26535714285714285	3	6	8	3	6	ENSG00000132570	0.9819869795482614	False
0.004959358633711887	0.12437810945273632	0.2765836211654141	0.2710606721955478	6	4	7	3	5	ENSG00000135148	0.9819869795482614	False
0.00204571683898374	0.12437810945273632	0.12212803177359201	0.19883826279574168	7	7	16	10	14	ENSG00000135185	0.9819869795482614	False
0.004828587816394864	0.12437810945273632	0.19991918243091766	0.3218730919167724	7	3	5	3	4	ENSG00000138434	0.9819869795482614	False
0.00014324737089742296	0.12437810945273632	0.03928516987539861	0.023194624809440484	4	3	5	4	4	ENSG00000140511	0.9819869795482614	False
8.009887953896456e-05	0.12437810945273632	0.032202005405477525	0.0263141669822221	7	7	18	8	12	ENSG00000150867	0.9819869795482614	False
0.0026679944489222764	0.12437810945273632	0.3380794037015817	0.2097861250898634	31	7	9	3	7	ENSG00000150995	0.9819869795482614	False
0.0049576764311052525	0.12437810945273632	0.21137234437357366	0.2081948645183775	12	7	17	5	11	ENSG00000151327	0.9819869795482614	False
0.0020711446596857084	0.12437810945273632	0.19071006897396375	0.21391612200435728	3	7	14	4	10	ENSG00000152443	0.9819869795482614	False
0.0037864671746239303	0.12437810945273632	0.3070713755224107	0.2749582289055973	21	7	17	5	10	ENSG00000154889	0.9819869795482614	False
0.00011911759806617226	0.12437810945273632	0.07382136660710575	0.029634425068006776	16	7	19	12	17	ENSG00000160948	0.9819869795482614	False
0.00027527363194504196	0.12437810945273632	0.23774312193634728	0.37019242741430747	3	7	14	3	8	ENSG00000163563	0.9819869795482614	False
0.008650777024434123	0.12437810945273632	0.36693563288730624	0.307051282051282	7	5	6	3	4	ENSG00000164008	0.9819869795482614	False
0.004184649107021153	0.12437810945273632	0.2462792951419545	0.25209522018099356	14	7	14	4	9	ENSG00000171634	0.9819869795482614	False
0.008840098671676027	0.12437810945273632	0.49239866711773467	0.5138301569831432	19	6	7	3	4	ENSG00000173757	0.9819869795482614	False
6.506308699120914e-06	0.12437810945273632	0.0027641277641277376	0.008937437934458791	3	5	7	3	5	ENSG00000262580	0.9819869795482614	False
0.016836571919028688	0.12437810945273632	0.41256572682482506	0.49512612029936254	10	5	7	3	5	ENSG00000291202	0.9819869795482614	False
0.009342471157263237	0.12935323383084577	0.38037862766779446	0.43645357686453573	9	6	9	3	6	ENSG00000002549	0.9819869795482614	False
0.007922592486717683	0.12935323383084577	0.3183689567993605	0.29750820503429914	6	7	11	3	7	ENSG00000011275	0.9819869795482614	False
7.91887020172322e-05	0.12935323383084577	0.017952832891453593	0.023980815347721795	8	5	4	3	4	ENSG00000092871	0.9819869795482614	False
0.002719306127689113	0.12935323383084577	0.20171062315705407	0.16445902427114859	9	7	14	4	10	ENSG00000100055	0.9819869795482614	False
0.006833167225222377	0.12935323383084577	0.37612221963381764	0.3435024619995718	25	7	11	4	9	ENSG00000100503	0.9819869795482614	False
5.657257451746337e-07	0.12935323383084577	0.000538213132400432	0.0017152658662092774	2	7	12	4	7	ENSG00000102178	0.9819869795482614	False
0.007368200773838604	0.12935323383084577	0.17958323548440813	0.18867595818815333	16	5	5	3	3	ENSG00000106829	0.9819869795482614	False
0.006112208900962845	0.12935323383084577	0.2978946031819026	0.2787644787644787	22	7	15	4	9	ENSG00000108799	0.9819869795482614	False
0.0007853050610189889	0.12935323383084577	0.05916847233125068	0.060000000000000026	4	6	11	4	6	ENSG00000111802	0.9819869795482614	False
0.005674788759030438	0.12935323383084577	0.4345106516290727	0.4910340071091305	24	7	12	3	7	ENSG00000113163	0.9819869795482614	False
0.004604113560866459	0.12935323383084577	0.21770121493768768	0.2642677824267783	13	7	17	5	13	ENSG00000113851	0.9819869795482614	False
0.015411115899153798	0.12935323383084577	0.3372548243182598	0.36598881545500767	22	7	10	3	7	ENSG00000117682	0.9819869795482614	False
0.0019324666734735116	0.12935323383084577	0.1634523223646586	0.22667167213140949	5	7	14	5	10	ENSG00000128016	0.9819869795482614	False
0.0026049918010497266	0.12935323383084577	0.24936561206942956	0.26046661025978507	6	7	16	4	10	ENSG00000128159	0.9819869795482614	False
0.00042916300904405585	0.12935323383084577	0.08014990961419532	0.07254003281842358	4	3	5	3	4	ENSG00000128245	0.9819869795482614	False
0.006599823512979673	0.12935323383084577	0.34595242935026216	0.35161900522977635	18	6	8	3	7	ENSG00000129667	0.9819869795482614	False
0.002529019749493085	0.12935323383084577	0.24347076582189836	0.18943341102807543	3	5	6	3	5	ENSG00000135074	0.9819869795482614	False
1.2173449400050252e-06	0.12935323383084577	0.0016929713650182352	0.0031645569620253246	3	7	17	6	11	ENSG00000139433	0.9819869795482614	False
0.013522731929297658	0.12935323383084577	0.32725766279051666	0.2173724401249566	3	4	5	3	4	ENSG00000160190	0.9819869795482614	False
0.0005744778564060475	0.12935323383084577	0.10126742451798917	0.08789403626509726	6	7	19	7	15	ENSG00000161677	0.9819869795482614	False
7.394258469118764e-07	0.12935323383084577	0.0032051282051282	0.0018382352941176438	2	7	14	4	8	ENSG00000164715	0.9819869795482614	False
2.684564937923434e-05	0.12935323383084577	0.0483663185280854	0.025704634048900655	3	7	19	10	16	ENSG00000165898	0.9819869795482614	False
0.00021195633647755574	0.12935323383084577	0.013354924156148092	0.034671678535451826	4	7	19	12	18	ENSG00000169020	0.9819869795482614	False
0.0001024836922260977	0.12935323383084577	0.045715633060073646	0.0955896005941336	3	7	18	8	14	ENSG00000169926	0.9819869795482614	False
0.0029746811734810306	0.12935323383084577	0.20762585651434892	0.1466578429199212	6	7	15	5	11	ENSG00000177272	0.9819869795482614	False
0.0053343703950748415	0.12935323383084577	0.18887723957203553	0.19542489270386265	6	5	7	3	4	ENSG00000183763	0.9819869795482614	False
0.0012499734633302996	0.12935323383084577	0.1276024448672656	0.16982661872454285	10	7	18	5	12	ENSG00000196642	0.9819869795482614	False
0.00211065171045262	0.12935323383084577	0.14014120832077107	0.16365202411714042	11	7	14	4	8	ENSG00000197321	0.9819869795482614	False
0.01673735919776033	0.12935323383084577	0.39607675333719283	0.3393717799567891	8	6	7	3	5	ENSG00000197798	0.9819869795482614	False
0.008132356546313417	0.12935323383084577	0.3081504460862394	0.37231829797349497	10	5	6	3	4	ENSG00000198160	0.9819869795482614	False
0.0011442267234710976	0.12935323383084577	0.11557503802829874	0.10304462705157305	7	7	19	12	17	ENSG00000215845	0.9819869795482614	False
9.971065865799928e-08	0.12935323383084577	0.00015605493133584428	0.0008795074758135506	2	7	14	4	9	ENSG00000227946	0.9819869795482614	False
0.0011373458041473473	0.12935323383084577	0.09666712377743598	0.12214704199055154	5	7	19	8	15	ENSG00000240065	0.9819869795482614	False
0.013586263981310043	0.12935323383084577	0.29576625836679044	0.3139790442116024	5	5	8	3	6	ENSG00000260442	0.9819869795482614	False
0.007927218721833574	0.13432835820895522	0.34139941630185533	0.4031239031239031	16	6	11	3	7	ENSG00000006125	0.9819869795482614	False
0.00013317260011920336	0.13432835820895522	0.047993584063344016	0.04546665088477248	4	7	14	4	9	ENSG00000067248	0.9819869795482614	False
0.0022465157787035315	0.13432835820895522	0.11384679917114496	0.13575542755870623	4	5	7	3	4	ENSG00000080603	0.9819869795482614	False
0.004591262899718333	0.13432835820895522	0.36498835125393986	0.3566902222246875	14	7	18	6	10	ENSG00000082074	0.9819869795482614	False
0.00536716324718628	0.13432835820895522	0.22538513555249487	0.217995751138088	9	7	15	5	10	ENSG00000083099	0.9819869795482614	False
0.003594055304684446	0.13432835820895522	0.1250188095926146	0.22778315994233947	10	7	19	9	16	ENSG00000100201	0.9819869795482614	False
0.0002904358359456204	0.13432835820895522	0.045332123467967216	0.039416238564662635	3	6	11	4	10	ENSG00000102871	0.9819869795482614	False
0.0041847004604960904	0.13432835820895522	0.14577800642034713	0.1705255793924329	11	7	19	5	13	ENSG00000105821	0.9819869795482614	False
0.0004809434385330614	0.13432835820895522	0.11878743442651934	0.12209302325581395	4	7	11	3	7	ENSG00000107290	0.9819869795482614	False
0.003376453021965972	0.13432835820895522	0.22737362379006323	0.19256536489952725	13	7	18	6	14	ENSG00000110274	0.9819869795482614	False
0.001813078076344929	0.13432835820895522	0.2194260438019204	0.16342412451361865	5	6	10	3	7	ENSG00000114446	0.9819869795482614	False
0.0009241069791034472	0.13432835820895522	0.2901073544015227	0.19765227637107474	56	7	18	7	14	ENSG00000115355	0.9819869795482614	False
1.8415744374974046e-05	0.13432835820895522	0.009332914329335508	0.011804238107169693	4	7	18	9	15	ENSG00000115649	0.9819869795482614	False
0.006559133284788733	0.13432835820895522	0.24852759357086648	0.3939434869522934	6	6	7	3	5	ENSG00000118412	0.9819869795482614	False
0.009319653385016748	0.13432835820895522	0.31925714890358486	0.38812287681435864	16	6	8	4	7	ENSG00000123636	0.9819869795482614	False
2.0007313551636334e-08	0.13432835820895522	0.00041614648356223295	0.0020229265003371757	2	7	15	4	9	ENSG00000126458	0.9819869795482614	False
0.0037855994009116283	0.13432835820895522	0.15445678602926902	0.14524415644526728	8	5	8	3	5	ENSG00000131473	0.9819869795482614	False
4.831766789736282e-06	0.13432835820895522	0.055899385150329176	0.011419810169332701	11	7	19	7	14	ENSG00000142089	0.9819869795482614	False
3.900132420249592e-06	0.13432835820895522	0.00421228356238834	0.010077143664929912	3	3	5	3	4	ENSG00000143819	0.9819869795482614	False
0.0008765135279025263	0.13432835820895522	0.24564297505886293	0.26324163631034625	8	5	6	3	4	ENSG00000152495	0.9819869795482614	False
0.0024759857354326414	0.13432835820895522	0.32685762615146324	0.2776292580751847	10	7	11	4	7	ENSG00000158805	0.9819869795482614	False
0.004115229724300664	0.13432835820895522	0.20464821099316388	0.22314517556055508	16	7	15	4	11	ENSG00000160299	0.9819869795482614	False
0.0009217885267797013	0.13432835820895522	0.16178898877605205	0.10540742790614663	12	7	16	6	12	ENSG00000168918	0.9819869795482614	False
0.0007355760643986257	0.13432835820895522	0.10057793558076822	0.09551658714968796	10	7	19	10	17	ENSG00000171530	0.9819869795482614	False
0.0011400215112175331	0.13432835820895522	0.13660782892064188	0.1444760003374293	7	7	14	5	9	ENSG00000181789	0.9819869795482614	False
4.893468597127779e-05	0.13432835820895522	0.02274337590883352	0.019541913687226846	5	7	19	10	16	ENSG00000185236	0.9819869795482614	False
0.00033345418762119046	0.13432835820895522	0.07766471432916078	0.03346898084789159	5	7	16	7	12	ENSG00000185432	0.9819869795482614	False
3.85218662535269e-06	0.13432835820895522	0.001266891891891889	0.004010695187165784	2	5	5	3	4	ENSG00000196116	0.9819869795482614	False
1.0481153863553854e-05	0.13432835820895522	0.021079381867324755	0.012068965517241364	3	6	12	5	8	ENSG00000196937	0.9819869795482614	False
0.0002789510319827647	0.13432835820895522	0.049576832930696084	0.06974168948503248	4	7	19	10	15	ENSG00000227507	0.9819869795482614	False
8.220069320777104e-06	0.13930348258706468	0.014447627350853205	0.008968609865470866	5	7	11	4	7	ENSG00000018699	0.9819869795482614	False
0.0033468760017772697	0.13930348258706468	0.1842578910679626	0.1714703132304815	4	5	7	3	6	ENSG00000063180	0.9819869795482614	False
0.00010173150161587574	0.13930348258706468	0.06056026545819255	0.04517438214275728	16	7	14	6	12	ENSG00000099331	0.9819869795482614	False
0.004098300863581967	0.13930348258706468	0.1574348500187533	0.20788541601938734	8	7	12	4	8	ENSG00000103507	0.9819869795482614	False
8.20163493838458e-05	0.13930348258706468	0.030001001841085503	0.020435763774653566	4	7	19	12	16	ENSG00000105379	0.9819869795482614	False
1.0179533186380477e-07	0.13930348258706468	0.001023724992665882	0.0011295987971968481	7	7	19	13	19	ENSG00000105640	0.9819869795482614	False
0.003563843954990942	0.13930348258706468	0.25011812261707345	0.2713734567901234	13	7	12	4	9	ENSG00000110768	0.9819869795482614	False
0.0023842813899459183	0.13930348258706468	0.2527385870736255	0.2199510634293243	6	6	6	3	4	ENSG00000120832	0.9819869795482614	False
2.7204442156142817e-05	0.13930348258706468	0.009157509157509142	0.011415525114155237	2	6	10	3	8	ENSG00000120896	0.9819869795482614	False
0.007747644816545347	0.13930348258706468	0.38405338386269583	0.42384512171746225	11	7	9	3	7	ENSG00000122591	0.9819869795482614	False
0.006902833044227551	0.13930348258706468	0.28626523441710516	0.24042753112520554	6	7	12	3	8	ENSG00000123200	0.9819869795482614	False
0.0028245057458158953	0.13930348258706468	0.26012084479336683	0.23771546179572936	15	7	12	3	9	ENSG00000134152	0.9819869795482614	False
0.01504319798465426	0.13930348258706468	0.1988520390459988	0.3295241344021832	4	5	7	4	5	ENSG00000136710	0.9819869795482614	False
0.0008975979874865571	0.13930348258706468	0.11982769067852467	0.0893440706833134	12	7	16	7	12	ENSG00000136754	0.9819869795482614	False
0.0006308004314214573	0.13930348258706468	0.0887837810811703	0.07468879668049792	3	7	7	3	7	ENSG00000139508	0.9819869795482614	False
0.0030889298938298086	0.13930348258706468	0.19468329986992472	0.18453508370888033	17	7	15	6	9	ENSG00000140521	0.9819869795482614	False
1.7995612907288842e-06	0.13930348258706468	0.026674494403377623	0.014382474381875706	6	7	19	13	19	ENSG00000142676	0.9819869795482614	False
0.003045712576649787	0.13930348258706468	0.293153445836153	0.26633090205874355	19	7	12	4	7	ENSG00000143537	0.9819869795482614	False
0.003148209605738652	0.13930348258706468	0.1689640497011266	0.15414102338667132	12	7	11	3	8	ENSG00000151576	0.9819869795482614	False
0.004173601284226251	0.13930348258706468	0.22647355951057643	0.289299684954302	6	7	18	7	14	ENSG00000154001	0.9819869795482614	False
9.058358542882858e-05	0.13930348258706468	0.02782274517670578	0.03221030446936913	9	7	19	12	17	ENSG00000155368	0.9819869795482614	False
6.347103499161119e-06	0.13930348258706468	0.010256410256410237	0.007874015748031489	2	7	14	3	7	ENSG00000167513	0.9819869795482614	False
0.0013205212036021352	0.13930348258706468	0.12627359216648107	0.17395306028531987	5	7	12	4	8	ENSG00000168273	0.9819869795482614	False
0.0004878330327297355	0.13930348258706468	0.16185580336587696	0.0960386666002292	4	7	14	3	9	ENSG00000169925	0.9819869795482614	False
2.2703777461806551e-07	0.13930348258706468	0.0015197568389057406	0.002620087336244533	2	7	19	10	16	ENSG00000170759	0.9819869795482614	False
0.0010993787645524212	0.13930348258706468	0.11702878516832001	0.06777985157534555	2	6	8	4	6	ENSG00000173928	0.9819869795482614	False
0.004429897264589818	0.13930348258706468	0.2822325822325823	0.21615858474174698	4	5	5	3	4	ENSG00000182141	0.9819869795482614	False
0.007503570061582216	0.13930348258706468	0.1453674663599408	0.37705866642927094	4	3	4	3	4	ENSG00000185219	0.9819869795482614	False
0.009481623518673264	0.13930348258706468	0.2360353421218006	0.3978609625668449	6	4	5	3	4	ENSG00000197857	0.9819869795482614	False
0.000554296829818187	0.13930348258706468	0.09115912754039052	0.0802661730463601	3	7	17	6	12	ENSG00000214194	0.9819869795482614	False
0.007656148015505896	0.13930348258706468	0.31938555323480844	0.27525389652061905	13	5	6	3	5	ENSG00000232677	0.9819869795482614	False
0.00219667193047333	0.13930348258706468	0.10772834307541221	0.129107635823489	6	7	18	6	15	ENSG00000272886	0.9819869795482614	False
0.00476869148685723	0.14427860696517414	0.17207491425433658	0.17767318862251882	2	7	10	4	7	ENSG00000069509	0.9819869795482614	False
0.013221089422374306	0.14427860696517414	0.29290773818265226	0.3600929933210305	11	7	12	4	7	ENSG00000071626	0.9819869795482614	False
0.004321439006850126	0.14427860696517414	0.1455855375327017	0.13895966109268862	6	7	19	8	16	ENSG00000079462	0.9819869795482614	False
0.0004994194923081511	0.14427860696517414	0.11265781869538301	0.09709659843450555	8	7	17	9	13	ENSG00000090061	0.9819869795482614	False
0.002293037546900864	0.14427860696517414	0.3749820834201529	0.24262241887905606	11	6	13	4	8	ENSG00000090554	0.9819869795482614	False
8.720879600459344e-05	0.14427860696517414	0.07588876438151268	0.036294976410796376	5	7	18	8	15	ENSG00000100220	0.9819869795482614	False
1.5804704732139337e-05	0.14427860696517414	0.015095301842289797	0.013838748495788231	2	7	16	6	11	ENSG00000100403	0.9819869795482614	False
0.00018388855435092036	0.14427860696517414	0.06263711425123483	0.06928078570727819	10	7	19	8	13	ENSG00000100612	0.9819869795482614	False
1.3633741647915222e-06	0.14427860696517414	0.002404356852004608	0.0034071421066978413	3	7	19	12	18	ENSG00000106803	0.9819869795482614	False
7.614368895591565e-05	0.14427860696517414	0.0818266293470032	0.06264864104429313	10	7	12	4	9	ENSG00000107317	0.9819869795482614	False
7.431786990934386e-06	0.14427860696517414	0.020801623541349498	0.010101010101010091	7	7	18	6	12	ENSG00000108592	0.9819869795482614	False
0.015159251195862252	0.14427860696517414	0.30795976606270964	0.27869393459966807	3	6	7	3	5	ENSG00000108771	0.9819869795482614	False
0.0017419330075664945	0.14427860696517414	0.12482920922325282	0.19741176877852334	7	7	13	4	9	ENSG00000108840	0.9819869795482614	False
3.840295100595535e-05	0.14427860696517414	0.01194389039775902	0.024652868318122596	3	7	11	4	10	ENSG00000109321	0.9819869795482614	False
0.00018004534591879156	0.14427860696517414	0.07806895348942627	0.0793131270942694	11	7	19	9	14	ENSG00000111371	0.9819869795482614	False
0.0023455007348076673	0.14427860696517414	0.19466255977188499	0.24272138452018438	11	7	19	10	17	ENSG00000115232	0.9819869795482614	False
0.0003530571110637034	0.14427860696517414	0.12526499768170307	0.11698469166658271	10	7	17	4	11	ENSG00000115271	0.9819869795482614	False
0.0017757846231163232	0.14427860696517414	0.12793510304581124	0.1219743074218741	8	7	19	10	16	ENSG00000115307	0.9819869795482614	False
0.0024147827929920547	0.14427860696517414	0.2173891794364419	0.1996658312447786	15	7	16	4	10	ENSG00000119185	0.9819869795482614	False
0.0024192772081651323	0.14427860696517414	0.1394894211805735	0.12848434004064133	15	7	13	5	8	ENSG00000119638	0.9819869795482614	False
0.001677206444512596	0.14427860696517414	0.14615293416002018	0.13904932952822474	16	7	19	8	15	ENSG00000120438	0.9819869795482614	False
0.002013803902279832	0.14427860696517414	0.19862075493043638	0.1327753639007627	7	7	14	3	8	ENSG00000122140	0.9819869795482614	False
0.004830564815079553	0.14427860696517414	0.25476272177246173	0.2512375155236046	6	6	9	3	5	ENSG00000127870	0.9819869795482614	False
0.011840540810061433	0.14427860696517414	0.41977687163313526	0.43404808317089016	15	3	5	3	4	ENSG00000131626	0.9819869795482614	False
0.0022710911428128274	0.14427860696517414	0.09768876669128551	0.10691956378120121	5	7	15	5	10	ENSG00000132286	0.9819869795482614	False
0.004140513144807857	0.14427860696517414	0.1442033090528928	0.15706665011491397	5	7	17	5	13	ENSG00000133983	0.9819869795482614	False
1.5403443321208556e-07	0.14427860696517414	0.011992020903809943	0.0014579443704880576	6	7	19	13	19	ENSG00000136942	0.9819869795482614	False
4.986303061620541e-06	0.14427860696517414	0.02857142857142863	0.011004126547455308	3	7	15	5	11	ENSG00000138018	0.9819869795482614	False
0.003495261819694863	0.14427860696517414	0.2792834139559104	0.23668638120767715	19	7	17	5	10	ENSG00000140368	0.9819869795482614	False
0.002136112196737833	0.14427860696517414	0.11434880253956317	0.11738201296005242	8	7	19	10	17	ENSG00000142864	0.9819869795482614	False
0.0006132757835613583	0.14427860696517414	0.06823876517281319	0.08481292517006807	10	7	19	8	16	ENSG00000145833	0.9819869795482614	False
0.0013876736989996963	0.14427860696517414	0.3375726916416006	0.22431081953839352	4	5	5	3	4	ENSG00000145860	0.9819869795482614	False
0.0025998699702004715	0.14427860696517414	0.1830986048595216	0.1670099232353492	14	7	9	3	7	ENSG00000146067	0.9819869795482614	False
3.092387304700189e-05	0.14427860696517414	0.020359341394986907	0.01671231458996337	5	7	16	7	12	ENSG00000156973	0.9819869795482614	False
0.006504658423071136	0.14427860696517414	0.2874612090557831	0.17123091375165192	7	6	11	5	7	ENSG00000157837	0.9819869795482614	False
0.001667406339909726	0.14427860696517414	0.1562718024636544	0.12335893295725904	16	7	19	9	17	ENSG00000170144	0.9819869795482614	False
0.01096287767647992	0.14427860696517414	0.23349914774074002	0.13874259381171822	6	3	4	3	3	ENSG00000173200	0.9819869795482614	False
0.006261570995009314	0.14427860696517414	0.3004395646918237	0.3907188864392859	13	7	13	4	7	ENSG00000174197	0.9819869795482614	False
0.007499381265497028	0.14427860696517414	0.2101074363612579	0.1407804822024791	5	7	14	4	8	ENSG00000184831	0.9819869795482614	False
0.0029660959387780407	0.14427860696517414	0.15254200055391778	0.16896477537209806	7	4	4	3	4	ENSG00000197928	0.9819869795482614	False
0.0011346859671493414	0.14427860696517414	0.09059884624581539	0.09244264507422403	2	7	10	3	6	ENSG00000198783	0.9819869795482614	False
0.0005751163683035813	0.14427860696517414	0.03951394750714912	0.056187672978078466	2	5	6	3	5	ENSG00000214940	0.9819869795482614	False
0.0014348920831255849	0.14427860696517414	0.13221083000943185	0.10101753248372697	25	7	16	7	13	ENSG00000223745	0.9819869795482614	False
0.00548350253160594	0.14427860696517414	0.3891178853782899	0.28541486603284355	4	6	9	4	6	ENSG00000232442	0.9819869795482614	False
0.006444795144829333	0.14427860696517414	0.276070488912019	0.19711111111111113	5	3	4	3	3	ENSG00000255517	0.9819869795482614	False
0.0029276898645713752	0.14427860696517414	0.25466540636032164	0.15902553654130958	3	5	6	3	5	ENSG00000277972	0.9819869795482614	False
0.0036649335016251247	0.14925373134328357	0.1538694980355829	0.19862506936309265	5	7	15	5	9	ENSG00000006695	0.9819869795482614	False
0.002711049389402697	0.14925373134328357	0.07139442910267244	0.09768917961508972	7	7	19	7	15	ENSG00000068878	0.9819869795482614	False
0.0032986783010634894	0.14925373134328357	0.154928168757956	0.21227007259429065	6	3	4	3	4	ENSG00000095066	0.9819869795482614	False
0.006609527143972059	0.14925373134328357	0.2593405943937859	0.19396083792368624	3	3	5	3	5	ENSG00000103061	0.9819869795482614	False
0.004700098563933084	0.14925373134328357	0.1645058048258696	0.1412797774300122	2	6	7	3	6	ENSG00000107175	0.9819869795482614	False
2.494556006901834e-07	0.14925373134328357	0.004430832181450379	0.004798255179934582	4	5	9	4	5	ENSG00000110777	0.9819869795482614	False
0.005717661006264103	0.14925373134328357	0.2442641099598395	0.20487986589681503	21	7	9	3	5	ENSG00000112983	0.9819869795482614	False
0.0032824957952874703	0.14925373134328357	0.2935537205610198	0.13114754098360656	10	6	6	3	4	ENSG00000114023	0.9819869795482614	False
6.607509691734663e-05	0.14925373134328357	0.0688323489323035	0.07352941176470587	4	7	12	3	7	ENSG00000117650	0.9819869795482614	False
0.007645576936938619	0.14925373134328357	0.49006782100129404	0.4793436532507741	35	6	6	3	4	ENSG00000121940	0.9819869795482614	False
0.003781003224951811	0.14925373134328357	0.33829858539250807	0.4365853658536585	6	5	8	3	6	ENSG00000127946	0.9819869795482614	False
0.002820462313131871	0.14925373134328357	0.09334448937147585	0.12184253927837735	8	3	5	3	4	ENSG00000130638	0.9819869795482614	False
0.0013098012663881834	0.14925373134328357	0.14783989009412607	0.13813033870325997	14	7	17	7	14	ENSG00000146247	0.9819869795482614	False
0.005240308813561079	0.14925373134328357	0.1899759805753982	0.21388888888888888	6	3	3	3	3	ENSG00000146263	0.9819869795482614	False
0.0015200383900113917	0.14925373134328357	0.07524681926144089	0.13537017487594763	3	7	18	8	15	ENSG00000157778	0.9819869795482614	False
0.028411707672642637	0.14925373134328357	0.5516897871282215	0.441994459833795	12	5	6	3	4	ENSG00000158321	0.9819869795482614	False
1.0438642274040668e-05	0.14925373134328357	0.010803663570691447	0.008303061754021844	3	7	18	7	13	ENSG00000158435	0.9819869795482614	False
0.003773116577233935	0.14925373134328357	0.3117779289359955	0.18910349501403817	19	7	12	4	7	ENSG00000160211	0.9819869795482614	False
0.0012597731314704691	0.14925373134328357	0.10252610621665258	0.16205242085102106	5	7	19	12	17	ENSG00000162704	0.9819869795482614	False
0.0003958612922856863	0.14925373134328357	0.10491623491692631	0.10731211916046038	7	7	11	4	7	ENSG00000171130	0.9819869795482614	False
0.0018421026258165518	0.14925373134328357	0.20490529640280475	0.11216912205054497	4	4	6	3	5	ENSG00000171132	0.9819869795482614	False
3.1638009012932535e-05	0.14925373134328357	0.022764292005265082	0.02116402116402116	7	7	11	4	8	ENSG00000173744	0.9819869795482614	False
0.0038938903205597768	0.14925373134328357	0.321493285115885	0.22418926103136624	12	5	6	3	4	ENSG00000185024	0.9819869795482614	False
0.0005489799909041266	0.14925373134328357	0.12942890985711614	0.07437615234127602	8	7	16	6	11	ENSG00000197045	0.9819869795482614	False
0.006725898389743451	0.14925373134328357	0.18697596412457987	0.24998797325251357	20	7	18	6	15	ENSG00000244687	0.9819869795482614	False
0.0007693795728066343	0.14925373134328357	0.12898177425782215	0.05808080808080807	5	7	11	4	8	ENSG00000250479	0.9819869795482614	False
0.0018166350392113191	0.14925373134328357	0.1968870497053699	0.14221712947682413	7	7	18	7	13	ENSG00000257103	0.9819869795482614	False
0.0021146584555542087	0.14925373134328357	0.19901231194548025	0.24413145539906103	6	6	11	3	7	ENSG00000266094	0.9819869795482614	False
0.0008844404747726339	0.14925373134328357	0.07102316306181931	0.08029197080291972	2	3	4	3	3	ENSG00000288887	0.9819869795482614	False
0.005775031623033068	0.15422885572139303	0.23429212593121637	0.19578392621870888	2	7	7	3	5	ENSG00000014919	0.9819869795482614	False
0.0037679614932583276	0.15422885572139303	0.0871505482116706	0.18212312087125235	11	7	19	8	15	ENSG00000028528	0.9819869795482614	False
0.0006716873996908344	0.15422885572139303	0.06313726527183096	0.10228684567778777	5	7	18	8	14	ENSG00000037241	0.9819869795482614	False
0.004474844043484126	0.15422885572139303	0.2913900358316858	0.3025102071677	9	5	6	3	6	ENSG00000069966	0.9819869795482614	False
0.0009170161455954319	0.15422885572139303	0.09938786822933171	0.07383406971035836	4	4	5	3	3	ENSG00000071655	0.9819869795482614	False
0.00039605954291807154	0.15422885572139303	0.07349717443657311	0.06015757024812652	9	7	17	6	11	ENSG00000105127	0.9819869795482614	False
0.0011844202740202505	0.15422885572139303	0.17831091457819612	0.15249942870501912	28	7	18	7	13	ENSG00000105483	0.9819869795482614	False
0.002820457631390495	0.15422885572139303	0.16442958920948708	0.15223144176791614	9	7	18	7	13	ENSG00000110696	0.9819869795482614	False
0.0007285216232163444	0.15422885572139303	0.12051443847831807	0.26543000784425586	5	5	7	3	5	ENSG00000111266	0.9819869795482614	False
0.0002452762742296973	0.15422885572139303	0.03630832088299273	0.04130311418110086	6	7	16	7	10	ENSG00000112941	0.9819869795482614	False
0.009453885644114887	0.15422885572139303	0.2866712869504517	0.34707903780068733	19	7	12	3	9	ENSG00000118308	0.9819869795482614	False
0.002376335314402554	0.15422885572139303	0.15017821177814208	0.13076452378153366	2	7	15	5	11	ENSG00000120675	0.9819869795482614	False
0.006154321427672137	0.15422885572139303	0.38653607538492835	0.27915220752046854	23	7	12	4	8	ENSG00000120697	0.9819869795482614	False
0.00015997965471166984	0.15422885572139303	0.08860033283699745	0.08345182476809532	2	5	6	3	4	ENSG00000122741	0.9819869795482614	False
0.0013050994938565929	0.15422885572139303	0.140719696969697	0.12345679012345678	2	6	10	3	8	ENSG00000123091	0.9819869795482614	False
0.005580896396118146	0.15422885572139303	0.2397096017207854	0.151948051948052	13	7	19	8	15	ENSG00000131558	0.9819869795482614	False
0.000368625975094925	0.15422885572139303	0.0698759061848431	0.054995614060566626	7	7	15	4	10	ENSG00000131652	0.9819869795482614	False
0.00197099510823175	0.15422885572139303	0.17965481919706203	0.17754407449381698	15	7	19	10	16	ENSG00000136527	0.9819869795482614	False
0.006685510898445904	0.15422885572139303	0.2898311727201406	0.2560009032403749	13	6	9	3	7	ENSG00000137817	0.9819869795482614	False
0.00038024903971828485	0.15422885572139303	0.03696809480282304	0.062292686603352215	5	7	19	13	19	ENSG00000140990	0.9819869795482614	False
0.007218189154131718	0.15422885572139303	0.41891852806991614	0.3855577689243027	15	6	8	3	6	ENSG00000145901	0.9819869795482614	False
0.0024745126446943447	0.15422885572139303	0.20337077463657577	0.12667510611112423	7	7	13	4	9	ENSG00000149196	0.9819869795482614	False
0.003343566030105159	0.15422885572139303	0.16269435994422893	0.1850189991106799	2	6	9	3	6	ENSG00000151233	0.9819869795482614	False
0.004160218454805713	0.15422885572139303	0.15137268453664754	0.20035060037214436	16	7	19	10	16	ENSG00000153914	0.9819869795482614	False
9.587172578339438e-05	0.15422885572139303	0.013395911190028822	0.019677396624759546	3	7	18	8	13	ENSG00000154719	0.9819869795482614	False
0.0019339616479832097	0.15422885572139303	0.2316811237134539	0.17730681940364004	11	7	12	4	9	ENSG00000158985	0.9819869795482614	False
0.007131600139198326	0.15422885572139303	0.3827389044274612	0.3541260558804419	6	4	4	3	4	ENSG00000160961	0.9819869795482614	False
0.0022798285328068627	0.15422885572139303	0.1354544329135981	0.12844001736455313	6	6	10	3	6	ENSG00000162639	0.9819869795482614	False
0.0012687609961375616	0.15422885572139303	0.19658019363242818	0.1126140353109134	5	7	19	7	15	ENSG00000168887	0.9819869795482614	False
0.004133120164901152	0.15422885572139303	0.1830381604589957	0.16022493696054288	9	7	19	12	17	ENSG00000177156	0.9819869795482614	False
0.002410209696971508	0.15422885572139303	0.17895076685733502	0.24477975781370495	9	7	13	5	9	ENSG00000183495	0.9819869795482614	False
0.002178494457814749	0.15422885572139303	0.1629559748427673	0.19792620522488552	5	7	11	4	8	ENSG00000184924	0.9819869795482614	False
6.4134220163289475e-06	0.15422885572139303	0.0030303030303029848	0.005988023952095832	2	6	6	3	4	ENSG00000186364	0.9819869795482614	False
3.348930055558902e-06	0.15422885572139303	0.007708849104057733	0.004611902032329313	3	7	19	11	17	ENSG00000198918	0.9819869795482614	False
0.0014631739075966384	0.15422885572139303	0.18120763403237525	0.14194473819221226	5	6	8	3	6	ENSG00000232859	0.9819869795482614	False
0.008453469815463696	0.15422885572139303	0.29771077031715326	0.24025858137182965	7	5	6	3	4	ENSG00000272391	0.9819869795482614	False
0.00991448987719997	0.15422885572139303	0.5599132146441762	0.729173319707905	29	5	7	3	5	ENSG00000281103	0.9819869795482614	False
0.007514631259858732	0.15920398009950248	0.5156940714005931	0.47664932012758104	6	6	9	3	6	ENSG00000006712	0.9819869795482614	False
0.006863485611377987	0.15920398009950248	0.2754013433234572	0.31105931105931106	9	6	6	3	5	ENSG00000040933	0.9819869795482614	False
0.007755258241837947	0.15920398009950248	0.37426917389258585	0.34535566051238015	25	6	7	3	5	ENSG00000072210	0.9819869795482614	False
0.007661774340049792	0.15920398009950248	0.3066793868476531	0.25723628691983125	6	5	7	4	4	ENSG00000084693	0.9819869795482614	False
0.0017331361349076622	0.15920398009950248	0.14311746021839303	0.21266717983257966	6	6	9	3	6	ENSG00000089041	0.9819869795482614	False
0.0005345381956263784	0.15920398009950248	0.09014149246648696	0.08219890748287524	3	7	16	4	10	ENSG00000099940	0.9819869795482614	False
1.5035870539341344e-07	0.15920398009950248	0.000615583077021946	0.0009577233547680819	3	7	19	8	15	ENSG00000105755	0.9819869795482614	False
0.0012961435182043222	0.15920398009950248	0.1360258942639419	0.11672222222222221	3	4	5	3	4	ENSG00000109079	0.9819869795482614	False
0.01448039151215991	0.15920398009950248	0.31858475158977184	0.5472728145321911	8	5	6	3	5	ENSG00000109689	0.9819869795482614	False
0.008205743039047631	0.15920398009950248	0.42421178689642214	0.2582417582417582	8	3	4	3	4	ENSG00000111850	0.9819869795482614	False
0.0025030531617529525	0.15920398009950248	0.21604815119375997	0.196221703072071	18	7	14	5	10	ENSG00000115839	0.9819869795482614	False
0.0006157160675811728	0.15920398009950248	0.2066623531384917	0.12405596171156336	19	7	18	10	14	ENSG00000124357	0.9819869795482614	False
9.81508395539759e-05	0.15920398009950248	0.04621133965673362	0.02910155336171802	5	7	19	11	16	ENSG00000125148	0.9819869795482614	False
0.001372134980260867	0.15920398009950248	0.11003170508832588	0.13295647641772565	14	7	19	9	17	ENSG00000125944	0.9819869795482614	False
0.00023546486365818014	0.15920398009950248	0.10749411869498479	0.08071800367421922	4	7	13	3	8	ENSG00000134987	0.9819869795482614	False
0.00485547629658452	0.15920398009950248	0.17916781823206837	0.2026994839221914	4	5	5	3	4	ENSG00000151065	0.9819869795482614	False
3.893413043389128e-05	0.15920398009950248	0.025444150718920394	0.02053340032508171	3	7	13	5	10	ENSG00000163874	0.9819869795482614	False
0.0028890296029633715	0.15920398009950248	0.30149276760722543	0.17920983450825106	3	4	5	3	4	ENSG00000166582	0.9819869795482614	False
0.0033751498822775445	0.15920398009950248	0.19350620753343586	0.15702801672769826	15	3	4	3	4	ENSG00000167380	0.9819869795482614	False
0.0003344372077455993	0.15920398009950248	0.07523748900461744	0.052083333333333356	5	7	13	3	8	ENSG00000168476	0.9819869795482614	False
0.00036450998977255846	0.15920398009950248	0.12323310363854598	0.16116283171508	8	7	14	5	8	ENSG00000168685	0.9819869795482614	False
0.004463090273165408	0.15920398009950248	0.3449179277902693	0.28010420430127975	15	7	14	4	8	ENSG00000169180	0.9819869795482614	False
0.0026770665258522754	0.15920398009950248	0.26062560125060125	0.17631224764468373	7	3	6	3	5	ENSG00000175029	0.9819869795482614	False
4.764015050535115e-05	0.15920398009950248	0.0384103156410268	0.028549987697859432	6	7	17	5	13	ENSG00000184900	0.9819869795482614	False
0.003560853477350348	0.15920398009950248	0.28519526848933185	0.3029125015426385	6	7	10	3	7	ENSG00000196236	0.9819869795482614	False
0.000868527221463224	0.15920398009950248	0.10022620040389316	0.0571041424699961	3	4	5	3	3	ENSG00000196943	0.9819869795482614	False
0.007712097145984676	0.15920398009950248	0.09496325336923989	0.13981061510304765	4	6	8	3	6	ENSG00000198917	0.9819869795482614	False
0.0003449036267231256	0.15920398009950248	0.0384080706050403	0.04006770480704128	6	3	4	3	4	ENSG00000203326	0.9819869795482614	False
0.0009408857301399136	0.15920398009950248	0.17839501178632947	0.15325464494782387	13	7	19	9	15	ENSG00000204642	0.9819869795482614	False
1.8232716798735824e-06	0.15920398009950248	0.013386820724258747	0.005821849223477168	4	7	18	10	16	ENSG00000213064	0.9819869795482614	False
0.00027171899045230064	0.15920398009950248	0.033936633068327185	0.04987755842428271	4	7	11	3	8	ENSG00000223797	0.9819869795482614	False
0.003632532676780058	0.15920398009950248	0.2836087485877107	0.26402908706256506	22	7	8	4	6	ENSG00000224078	0.9819869795482614	False
0.0011788898479785743	0.15920398009950248	0.1764419826015719	0.11257928118393233	6	7	12	3	8	ENSG00000237651	0.9819869795482614	False
0.004051465149933678	0.15920398009950248	0.2547833004186993	0.20081887779823632	13	7	13	5	8	ENSG00000275066	0.9819869795482614	False
0.000636713028468287	0.16417910447761194	0.06314023880268223	0.07539662574629367	7	7	18	8	15	ENSG00000053501	0.9819869795482614	False
0.0022151452459973674	0.16417910447761194	0.18845677777550254	0.1804255415603806	6	7	14	5	10	ENSG00000069667	0.9819869795482614	False
0.0072343646881827045	0.16417910447761194	0.20485046647680738	0.30366674747887185	6	7	16	6	11	ENSG00000071243	0.9819869795482614	False
2.310046198338107e-05	0.16417910447761194	0.012563510195730758	0.010389610389610397	5	7	17	7	11	ENSG00000075234	0.9819869795482614	False
0.002792877880733088	0.16417910447761194	0.14123202058266246	0.105115532609804	6	7	18	9	14	ENSG00000106609	0.9819869795482614	False
0.0033969065423938216	0.16417910447761194	0.14263016848442822	0.13161162404117685	7	7	13	4	8	ENSG00000107651	0.9819869795482614	False
0.007633539979509083	0.16417910447761194	0.3277117529734347	0.3109019094202158	13	7	12	4	8	ENSG00000108424	0.9819869795482614	False
0.00043256561878602203	0.16417910447761194	0.11706517909258514	0.08410131071769214	11	7	19	11	17	ENSG00000110711	0.9819869795482614	False
0.0013041479013133697	0.16417910447761194	0.07080522613151032	0.1023181950227559	4	7	16	4	10	ENSG00000110851	0.9819869795482614	False
0.0016129521757243285	0.16417910447761194	0.22300476784385778	0.15648306792985284	8	7	15	4	10	ENSG00000117280	0.9819869795482614	False
0.0062931883828514215	0.16417910447761194	0.1980338456007402	0.21310104529616725	3	3	4	3	3	ENSG00000122378	0.9819869795482614	False
2.0468271608316295e-06	0.16417910447761194	0.015270927311710175	0.00580895715328993	4	7	19	10	16	ENSG00000123131	0.9819869795482614	False
0.0011168474835349233	0.16417910447761194	0.12242046436254439	0.16713973799126638	6	7	11	3	7	ENSG00000131584	0.9819869795482614	False
0.012492448519316014	0.16417910447761194	0.2543315252313839	0.31466118493502687	6	3	6	4	5	ENSG00000137478	0.9819869795482614	False
0.00040484678324770513	0.16417910447761194	0.3336318425862024	0.27276595274407095	7	7	16	6	12	ENSG00000139746	0.9819869795482614	False
0.0005753573486767856	0.16417910447761194	0.12668394736235006	0.08910089352196572	4	7	11	4	7	ENSG00000140280	0.9819869795482614	False
0.0034727460374037993	0.16417910447761194	0.2140528890421718	0.09830412662521196	5	3	4	3	4	ENSG00000146802	0.9819869795482614	False
0.011533249613816073	0.16417910447761194	0.35344452385322367	0.347371949584339	11	5	6	3	4	ENSG00000149179	0.9819869795482614	False
0.0056339887035973995	0.16417910447761194	0.1773469824667182	0.08498238004879367	5	2	3	3	3	ENSG00000154781	0.9819869795482614	False
0.004537205789991986	0.16417910447761194	0.36444414124548624	0.3377391920623671	3	7	13	4	9	ENSG00000155868	0.9819869795482614	False
0.022698151397344293	0.16417910447761194	0.2929216680182633	0.45523437368836356	10	6	6	3	5	ENSG00000159674	0.9819869795482614	False
0.00023259558859439977	0.16417910447761194	0.08248837127248637	0.05645131260472908	13	7	19	11	17	ENSG00000169738	0.9819869795482614	False
0.003871834801309226	0.16417910447761194	0.1859926027141689	0.2200769639065817	8	7	13	4	8	ENSG00000170476	0.9819869795482614	False
0.0008093505666733707	0.16417910447761194	0.10277713018973646	0.06451612903225809	3	6	7	3	5	ENSG00000173198	0.9819869795482614	False
0.0031420061601985048	0.16417910447761194	0.26619901713335303	0.2278016469745793	3	7	12	4	8	ENSG00000180357	0.9819869795482614	False
0.005430138824874903	0.16417910447761194	0.17168237168688036	0.2787117802994236	6	7	18	10	16	ENSG00000182004	0.9819869795482614	False
2.9453191806694277e-05	0.16417910447761194	0.014244489899364828	0.018383436486884775	3	7	15	6	12	ENSG00000183943	0.9819869795482614	False
0.010659550115437235	0.16417910447761194	0.2826440826706784	0.25406487785342413	7	4	5	3	4	ENSG00000197372	0.9819869795482614	False
0.00452511659926679	0.16417910447761194	0.27116034503131287	0.30704450454880744	3	4	4	3	4	ENSG00000198169	0.9819869795482614	False
0.007009109122878135	0.16417910447761194	0.2346517245146506	0.21862056546011166	5	7	11	4	7	ENSG00000198189	0.9819869795482614	False
0.0028235406475620945	0.16417910447761194	0.21669668436454434	0.257632525072311	8	5	5	3	4	ENSG00000198286	0.9819869795482614	False
0.0007036030532812555	0.16417910447761194	0.14625764378239625	0.1254125412541254	4	7	7	3	4	ENSG00000198700	0.9819869795482614	False
0.001181312050947836	0.16417910447761194	0.08221139794988977	0.12084648571089794	9	7	19	13	19	ENSG00000204525	0.9819869795482614	False
0.0027181340888257754	0.16417910447761194	0.35434242737186367	0.26331331331331326	8	5	7	3	5	ENSG00000219545	0.9819869795482614	False
1.1838983247238305e-05	0.16417910447761194	0.012123628273395338	0.01008996045241512	9	7	19	13	18	ENSG00000241837	0.9819869795482614	False
0.00013209768693578852	0.16417910447761194	0.012108262108262106	0.03728070175438594	2	7	11	4	7	ENSG00000256235	0.9819869795482614	False
0.009656799715534497	0.16417910447761194	0.19321789229120556	0.2976402148411562	8	7	17	5	15	ENSG00000285437	0.9819869795482614	False
0.0016082874818375357	0.16417910447761194	0.10589962265059683	0.08965668887847876	2	3	4	3	3	ENSG00000291105	0.9819869795482614	False
6.098802611669653e-05	0.1691542288557214	0.052728117541494285	0.03228921493045091	4	7	19	9	17	ENSG00000007080	0.9819869795482614	False
0.004935626386777835	0.1691542288557214	0.19734368261800206	0.19785169648300227	6	7	16	6	12	ENSG00000013275	0.9819869795482614	False
0.010997281369050031	0.1691542288557214	0.45490241223351385	0.21073393689021708	14	5	4	3	4	ENSG00000075151	0.9819869795482614	False
0.007470962143250796	0.1691542288557214	0.14984716973871764	0.14775802538260546	5	6	7	3	6	ENSG00000100483	0.9819869795482614	False
0.0027372640509258995	0.1691542288557214	0.16426735099840295	0.16108805086991076	5	7	14	5	9	ENSG00000105298	0.9819869795482614	False
0.0052109245115714445	0.1691542288557214	0.3586360200328549	0.39177950741017165	13	7	12	4	6	ENSG00000107890	0.9819869795482614	False
0.008697436476535182	0.1691542288557214	0.30437430886583	0.27292057535959974	9	6	10	3	7	ENSG00000113282	0.9819869795482614	False
8.679500432817206e-05	0.1691542288557214	0.05442951064652072	0.036655211912943866	5	7	18	6	15	ENSG00000114383	0.9819869795482614	False
0.0014577564103719699	0.1691542288557214	0.2173952537845535	0.25921368437724623	7	6	9	3	6	ENSG00000115339	0.9819869795482614	False
0.0010825771554476753	0.1691542288557214	0.11249962248954894	0.10416348186740305	13	7	18	8	14	ENSG00000116731	0.9819869795482614	False
0.008441806658489119	0.1691542288557214	0.1394208899014802	0.15969231535187073	6	7	13	4	8	ENSG00000118246	0.9819869795482614	False
0.0018764437301815404	0.1691542288557214	0.19202564133709543	0.15767373805269108	14	7	16	6	11	ENSG00000118260	0.9819869795482614	False
0.00952597997101183	0.1691542288557214	0.2625045867160458	0.17785376561972308	4	5	7	4	5	ENSG00000126749	0.9819869795482614	False
0.00327876819922917	0.1691542288557214	0.2306481582558023	0.1746097705431688	17	7	13	5	9	ENSG00000128609	0.9819869795482614	False
0.0039239262860795215	0.1691542288557214	0.2116583958047372	0.21042357993363267	2	7	8	3	5	ENSG00000129480	0.9819869795482614	False
0.00439553680648121	0.1691542288557214	0.3296480504204429	0.3314055735930736	5	7	11	3	7	ENSG00000130856	0.9819869795482614	False
0.0004108392233695299	0.1691542288557214	0.10680409545348703	0.06111511135966445	6	7	18	9	15	ENSG00000133773	0.9819869795482614	False
0.0014222921708987874	0.1691542288557214	0.13495832075412387	0.18623311901257525	7	7	13	3	8	ENSG00000133789	0.9819869795482614	False
0.0007960420226983382	0.1691542288557214	0.16735970280113419	0.13188226633272343	13	7	19	10	15	ENSG00000135387	0.9819869795482614	False
0.012138105590263654	0.1691542288557214	0.3159348694479245	0.48494776828110164	8	4	4	3	4	ENSG00000139428	0.9819869795482614	False
0.0016353199044056308	0.1691542288557214	0.20525425509584502	0.12363090772693175	19	7	15	6	10	ENSG00000151883	0.9819869795482614	False
0.000580627310661029	0.1691542288557214	0.0798234131908221	0.0674580018561775	12	7	18	10	15	ENSG00000153048	0.9819869795482614	False
0.0007767920663813454	0.1691542288557214	0.1669324683793164	0.1485321823328814	17	7	15	4	11	ENSG00000155366	0.9819869795482614	False
0.0008253672698557099	0.1691542288557214	0.18168359327981431	0.11160365058670144	10	7	9	4	5	ENSG00000155393	0.9819869795482614	False
0.00036260115607460576	0.1691542288557214	0.3744096207001024	0.1711343392739965	6	7	9	3	7	ENSG00000163513	0.9819869795482614	False
0.01413153886215715	0.1691542288557214	0.3108124506506016	0.39787601142313184	9	6	9	3	6	ENSG00000164144	0.9819869795482614	False
0.0003742336753840746	0.1691542288557214	0.12354886086679195	0.10575490383739868	7	7	19	11	17	ENSG00000167770	0.9819869795482614	False
0.028707527388951857	0.1691542288557214	0.37539115733748074	0.3958665966386555	11	6	10	4	6	ENSG00000168872	0.9819869795482614	False
0.0011171721890891272	0.1691542288557214	0.1084462529191437	0.12537705212036732	8	7	17	6	12	ENSG00000169139	0.9819869795482614	False
0.006650935470584154	0.1691542288557214	0.17289497009790367	0.2547741332665636	2	7	11	4	8	ENSG00000171135	0.9819869795482614	False
0.006662841127244542	0.1691542288557214	0.29756301240339983	0.3324742268041237	12	7	13	3	7	ENSG00000172493	0.9819869795482614	False
5.706516373173759e-05	0.1691542288557214	0.039872777326712246	0.019253672450030634	11	7	18	9	16	ENSG00000172500	0.9819869795482614	False
0.0151323144532525	0.1691542288557214	0.37500501906186556	0.3670177748518762	9	5	7	4	4	ENSG00000175376	0.9819869795482614	False
7.72459139559736e-05	0.1691542288557214	0.06237905279735634	0.03580151622293534	32	7	19	13	18	ENSG00000181163	0.9819869795482614	False
0.00024006195992573316	0.1691542288557214	0.16946521678764112	0.17130074465529666	13	7	11	4	7	ENSG00000182866	0.9819869795482614	False
0.005374545956592652	0.1691542288557214	0.23812764071847087	0.2118141491339154	12	7	19	7	15	ENSG00000196510	0.9819869795482614	False
0.008736997845704286	0.1691542288557214	0.34834136770093976	0.47510463919147955	7	7	17	6	12	ENSG00000196735	0.9819869795482614	False
0.0058615485006378015	0.1691542288557214	0.2652597699835762	0.2186701113200146	13	7	12	4	8	ENSG00000197969	0.9819869795482614	False
0.002507906751056242	0.1691542288557214	0.2612226164116445	0.15252556537236878	10	7	12	5	9	ENSG00000215252	0.9819869795482614	False
0.006622351991537861	0.1691542288557214	0.3507837766184696	0.2521254853279319	11	7	13	6	10	ENSG00000226777	0.9819869795482614	False
0.0016026140648335574	0.1691542288557214	0.1829073023961806	0.2091097308488613	4	5	7	3	5	ENSG00000228393	0.9819869795482614	False
0.0007374732337601632	0.1691542288557214	0.12275290058952926	0.09266392429902467	3	5	5	3	4	ENSG00000254206	0.9819869795482614	False
0.0020476413793066926	0.1691542288557214	0.3766736951550497	0.3085915458403866	8	7	10	3	6	ENSG00000271109	0.9819869795482614	False
0.000469752718633702	0.17412935323383086	0.10981262227066886	0.07879870994599411	6	7	11	4	6	ENSG00000005379	0.9819869795482614	False
0.009132391375432947	0.17412935323383086	0.2957546188656659	0.24373822975517892	11	7	8	3	5	ENSG00000033011	0.9819869795482614	False
0.00023534740534270152	0.17412935323383086	0.05527184509039348	0.0625	4	5	7	3	5	ENSG00000049089	0.9819869795482614	False
0.000303631859516381	0.17412935323383086	0.04589530733018265	0.048238149784541544	6	7	19	12	17	ENSG00000054148	0.9819869795482614	False
0.004439714775080767	0.17412935323383086	0.22236652955798192	0.3106448490629559	6	7	12	3	8	ENSG00000079999	0.9819869795482614	False
0.0025310368629614423	0.17412935323383086	0.22679945867802137	0.1357997633200754	7	7	17	5	13	ENSG00000087884	0.9819869795482614	False
0.0005177053995048828	0.17412935323383086	0.04898460701700612	0.07546784665428737	11	7	13	4	8	ENSG00000088682	0.9819869795482614	False
0.00014203573686821056	0.17412935323383086	0.03603741250800077	0.044925124792013285	5	6	12	4	7	ENSG00000105281	0.9819869795482614	False
0.0019257073378557091	0.17412935323383086	0.1332505597502047	0.17422188074361988	6	7	15	6	11	ENSG00000109103	0.9819869795482614	False
0.005614406990310142	0.17412935323383086	0.20026974245869075	0.18511276854960929	9	7	19	8	16	ENSG00000109736	0.9819869795482614	False
0.00042472593272853615	0.17412935323383086	0.0528666556053316	0.04841149773071106	7	5	6	3	5	ENSG00000114904	0.9819869795482614	False
0.0005671243234720041	0.17412935323383086	0.12780525096537276	0.09850748594559006	8	7	13	5	10	ENSG00000115165	0.9819869795482614	False
0.00031758612231483883	0.17412935323383086	0.05558923157770143	0.07171078222157293	9	7	18	6	13	ENSG00000116679	0.9819869795482614	False
0.0016353286951099656	0.17412935323383086	0.22199722677154882	0.23275795096795193	16	7	17	7	12	ENSG00000121749	0.9819869795482614	False
0.003785283346833725	0.17412935323383086	0.22560436522076366	0.17801355732390223	14	5	8	4	6	ENSG00000123219	0.9819869795482614	False
0.005096014406273052	0.17412935323383086	0.25188390002784294	0.28794955167996844	6	7	12	3	9	ENSG00000124333	0.9819869795482614	False
0.0001087092979893605	0.17412935323383086	0.049564520150505484	0.02414231257941548	3	7	11	3	7	ENSG00000140854	0.9819869795482614	False
0.017227676325936254	0.17412935323383086	0.38891854857280284	0.3761395164486722	10	5	6	4	4	ENSG00000146776	0.9819869795482614	False
9.719614734602872e-06	0.17412935323383086	0.005012531328320802	0.009852216748768468	2	3	4	3	3	ENSG00000151692	0.9819869795482614	False
0.0007453184071646265	0.17412935323383086	0.1426041912302879	0.14266479334972487	5	7	17	5	11	ENSG00000159346	0.9819869795482614	False
0.004805880308011155	0.17412935323383086	0.2806502645759951	0.27261826831465635	13	5	6	4	5	ENSG00000160305	0.9819869795482614	False
0.002210036414916157	0.17412935323383086	0.2471889343230784	0.21284998799599705	15	7	18	7	11	ENSG00000171681	0.9819869795482614	False
0.005940138789576702	0.17412935323383086	0.35462394119964546	0.25972073039742205	7	7	10	3	7	ENSG00000183751	0.9819869795482614	False
7.853965618616397e-06	0.17412935323383086	0.037885971637888184	0.029040904421303762	22	7	19	13	19	ENSG00000184009	0.9819869795482614	False
0.0001877515597044528	0.17412935323383086	0.10387231337832374	0.06002300300974814	7	7	19	9	14	ENSG00000197536	0.9819869795482614	False
0.0007881287504943081	0.17412935323383086	0.11102120769152571	0.14215380059321361	6	6	9	3	6	ENSG00000203791	0.9819869795482614	False
0.005574092115760834	0.17412935323383086	0.42397464818735053	0.7740510870095223	24	7	12	4	6	ENSG00000226688	0.9819869795482614	False
0.012445226885478484	0.17412935323383086	0.25441374946597595	0.18320346320346326	4	3	4	3	3	ENSG00000238164	0.9819869795482614	False
0.0026760020048890716	0.1791044776119403	0.18692734546393078	0.20392650390133402	7	4	5	3	4	ENSG00000005889	0.9819869795482614	False
0.0016642117664247694	0.1791044776119403	0.173865465045617	0.15230207938484866	10	7	14	3	9	ENSG00000055917	0.9819869795482614	False
0.0012087303969586204	0.1791044776119403	0.18828558075244362	0.13146301878043126	10	6	9	3	6	ENSG00000074370	0.9819869795482614	False
0.002387026056008907	0.1791044776119403	0.25796435130868856	0.32565416638086186	14	7	13	4	11	ENSG00000082996	0.9819869795482614	False
0.003464450006051954	0.1791044776119403	0.17766678007774478	0.21363318249112	6	7	19	8	16	ENSG00000089737	0.9819869795482614	False
3.611004171660528e-06	0.1791044776119403	0.011038961038961055	0.0026595744680850877	2	7	12	3	8	ENSG00000100077	0.9819869795482614	False
0.0033611112574838176	0.1791044776119403	0.08160809322718153	0.09502923976608188	3	6	12	4	7	ENSG00000104866	0.9819869795482614	False
0.0008451832452724404	0.1791044776119403	0.05098478116542775	0.07565922462993332	4	7	13	5	10	ENSG00000108528	0.9819869795482614	False
0.0067807321204897755	0.1791044776119403	0.18338557198922514	0.24106624954452943	9	7	18	4	14	ENSG00000108953	0.9819869795482614	False
0.0007596656807616564	0.1791044776119403	0.22759468140120262	0.16218126917177914	12	7	16	6	11	ENSG00000109381	0.9819869795482614	False
0.0137172584294185	0.1791044776119403	0.31813070550247646	0.2738698774820447	6	4	5	3	4	ENSG00000112305	0.9819869795482614	False
0.0007571985893571675	0.1791044776119403	0.13355301955954446	0.12123534168562311	12	7	14	6	11	ENSG00000114796	0.9819869795482614	False
0.007060841904180885	0.1791044776119403	0.4356052696741192	0.3392953929539295	13	7	10	3	6	ENSG00000117713	0.9819869795482614	False
0.0028380551657560885	0.1791044776119403	0.2923139546857189	0.23349671295756017	6	7	11	3	8	ENSG00000118596	0.9819869795482614	False
2.0951063514227836e-05	0.1791044776119403	0.05075098814229251	0.012522361359570671	3	7	12	4	8	ENSG00000127191	0.9819869795482614	False
0.00012950099379735073	0.1791044776119403	0.07697804369970777	0.05670965715428035	10	7	17	8	13	ENSG00000129003	0.9819869795482614	False
0.0275287520266418	0.1791044776119403	0.1319745525319157	0.37009376815202055	8	6	8	3	6	ENSG00000134250	0.9819869795482614	False
0.005784627290151446	0.1791044776119403	0.28318016452850536	0.3424500699656532	13	7	14	5	10	ENSG00000136485	0.9819869795482614	False
0.00022672985145748327	0.1791044776119403	0.09239935737626517	0.06614600695271207	6	7	15	4	10	ENSG00000138496	0.9819869795482614	False
0.001508499190654147	0.1791044776119403	0.15445550022326676	0.16589848228650014	29	7	19	8	16	ENSG00000141524	0.9819869795482614	False
0.009274848331083572	0.1791044776119403	0.29594878841906663	0.2878981434167943	22	3	4	3	3	ENSG00000143748	0.9819869795482614	False
0.0012654810881530898	0.1791044776119403	0.09105359238524564	0.08878547211591292	10	7	18	10	14	ENSG00000149761	0.9819869795482614	False
0.005667605274062282	0.1791044776119403	0.25336002967623983	0.29047993705743513	7	7	13	4	8	ENSG00000162976	0.9819869795482614	False
0.0015009613565740666	0.1791044776119403	0.12462978193752978	0.0964799365461617	10	7	15	8	12	ENSG00000163644	0.9819869795482614	False
0.008424618176351498	0.1791044776119403	0.20250634004410842	0.4159761244814175	6	5	6	3	5	ENSG00000167851	0.9819869795482614	False
0.002344736454024242	0.1791044776119403	0.13353685862625306	0.15787864202481056	26	7	19	8	15	ENSG00000174891	0.9819869795482614	False
0.0008106148139555631	0.1791044776119403	0.10333586987797885	0.11508792873869328	2	7	17	5	13	ENSG00000178988	0.9819869795482614	False
0.011462140324347149	0.1791044776119403	0.24380222104349603	0.2890641878446757	15	6	10	3	7	ENSG00000183401	0.9819869795482614	False
0.00062499069828947	0.1791044776119403	0.09083769913430279	0.07868022106410429	17	7	19	11	17	ENSG00000184007	0.9819869795482614	False
0.003286350248504725	0.1791044776119403	0.15934754582620908	0.24273634881825593	6	7	19	9	15	ENSG00000197471	0.9819869795482614	False
0.00871366483006829	0.1791044776119403	0.46678476315649925	0.4629429003986277	11	7	11	4	7	ENSG00000198805	0.9819869795482614	False
0.004817489467483352	0.1791044776119403	0.14143671157594773	0.16315732642263253	10	7	12	4	9	ENSG00000213366	0.9819869795482614	False
9.118245978715637e-06	0.1791044776119403	0.010924070836844279	0.011579818031430933	3	7	18	9	15	ENSG00000221823	0.9819869795482614	False
0.006821565214055131	0.1791044776119403	0.2512923508020247	0.36593901881776264	8	7	13	5	8	ENSG00000230989	0.9819869795482614	False
0.0006130966016222326	0.1791044776119403	0.09731963239845881	0.11036101583341998	5	7	18	8	14	ENSG00000234327	0.9819869795482614	False
0.013146418941252437	0.1791044776119403	0.21076760360714325	0.19047619047619052	3	7	12	3	9	ENSG00000284024	0.9819869795482614	False
3.131902046975061e-05	0.18407960199004975	0.019985694945509204	0.01764051379316821	3	7	18	7	14	ENSG00000049245	0.9819869795482614	False
0.002879302126345463	0.18407960199004975	0.15424933994396764	0.15063748609342095	26	7	19	9	16	ENSG00000071127	0.9819869795482614	False
0.0004984471404267468	0.18407960199004975	0.09183679934333808	0.04616809780558699	9	7	17	6	11	ENSG00000071894	0.9819869795482614	False
0.00019541369314278055	0.18407960199004975	0.1302910333077723	0.05806098547168235	2	7	12	3	9	ENSG00000095015	0.9819869795482614	False
0.0016019610627535392	0.18407960199004975	0.20290263220075902	0.20162760433645327	4	7	17	7	13	ENSG00000103512	0.9819869795482614	False
0.00013735493915765308	0.18407960199004975	0.019976616674729858	0.018292682926829278	3	4	5	3	3	ENSG00000111696	0.9819869795482614	False
0.005291979372089931	0.18407960199004975	0.3348180928185477	0.28653106102253983	17	6	10	4	7	ENSG00000112851	0.9819869795482614	False
3.746417675719771e-07	0.18407960199004975	0.001062079614538808	0.0016987542468856046	2	7	17	5	12	ENSG00000116199	0.9819869795482614	False
0.0036985725973464425	0.18407960199004975	0.3950229686300373	0.5452348156041271	19	7	12	5	9	ENSG00000118873	0.9819869795482614	False
0.0002959876013842835	0.18407960199004975	0.05591616572735375	0.06284768219555861	10	7	17	6	11	ENSG00000119403	0.9819869795482614	False
0.005092715275651944	0.18407960199004975	0.13562595494047147	0.19495565410199558	12	3	3	3	3	ENSG00000119912	0.9819869795482614	False
4.763881554037946e-06	0.18407960199004975	0.015592046842046845	0.005641025641025642	4	7	18	7	15	ENSG00000119929	0.9819869795482614	False
0.004201493316239457	0.18407960199004975	0.16208200059981065	0.16546636671892004	11	7	17	9	13	ENSG00000120963	0.9819869795482614	False
0.004584264591089759	0.18407960199004975	0.12377109570291185	0.1739589775304061	5	7	14	5	8	ENSG00000122435	0.9819869795482614	False
0.006621932735112653	0.18407960199004975	0.16517885053790493	0.16718512339924435	7	5	6	3	4	ENSG00000123130	0.9819869795482614	False
0.004923462795767441	0.18407960199004975	0.3335291925050861	0.29477360027936217	21	7	13	4	9	ENSG00000127914	0.9819869795482614	False
0.0002356825410116968	0.18407960199004975	0.0437171025871248	0.03902402061074485	4	7	13	3	9	ENSG00000138035	0.9819869795482614	False
0.02429817475165747	0.18407960199004975	0.153163361231228	0.3225354601396751	6	7	18	6	13	ENSG00000143119	0.9819869795482614	False
0.0009036823731232231	0.18407960199004975	0.11143677253796708	0.08003574734288726	22	7	18	5	15	ENSG00000145191	0.9819869795482614	False
0.008997985469815468	0.18407960199004975	0.22044714717011535	0.2852616334989601	8	7	15	6	10	ENSG00000147905	0.9819869795482614	False
0.0005127025716175082	0.18407960199004975	0.0744826321876311	0.10853573192898361	10	7	18	7	13	ENSG00000152818	0.9819869795482614	False
0.024458857167717094	0.18407960199004975	0.3727113321111655	0.4452747016449844	3	7	10	3	7	ENSG00000156384	0.9819869795482614	False
0.007892519250295752	0.18407960199004975	0.2614092075612377	0.2721218020022247	6	7	16	5	12	ENSG00000161179	0.9819869795482614	False
0.001229632423186505	0.18407960199004975	0.1888266331338123	0.14598698481561817	17	7	15	6	10	ENSG00000166747	0.9819869795482614	False
0.0018218601175620337	0.18407960199004975	0.21274981680606164	0.18406593406593408	6	7	9	3	6	ENSG00000166855	0.9819869795482614	False
0.0016263655521003163	0.18407960199004975	0.07541816523885668	0.14928997268261482	3	7	19	13	19	ENSG00000171222	0.9819869795482614	False
3.2351297349635357e-08	0.18407960199004975	0.0005283867400516426	0.000642673521850889	3	7	19	10	16	ENSG00000178913	0.9819869795482614	False
0.003127838261844691	0.18407960199004975	0.26435954625650165	0.22759103641456585	8	7	9	3	6	ENSG00000179151	0.9819869795482614	False
0.0008918910518583617	0.18407960199004975	0.12837520112148554	0.11749967499084064	3	7	15	5	10	ENSG00000179454	0.9819869795482614	False
4.9425124791289094e-05	0.18407960199004975	0.03163110549489651	0.01970443349753695	4	7	18	8	14	ENSG00000182208	0.9819869795482614	False
0.0107919866799871	0.18407960199004975	0.42751631527566103	0.24508106738726568	5	4	5	3	4	ENSG00000204520	0.9819869795482614	False
0.0006272305416624698	0.18407960199004975	0.10249789133368352	0.07071778862504156	6	7	19	12	18	ENSG00000213145	0.9819869795482614	False
0.004588664839009352	0.18407960199004975	0.18220107516995443	0.206468606002558	3	5	8	3	7	ENSG00000213462	0.9819869795482614	False
0.001339585544495787	0.18407960199004975	0.13671792176814418	0.14076129640295307	6	6	10	3	7	ENSG00000213904	0.9819869795482614	False
0.00019211220113647367	0.18407960199004975	0.04969468803542386	0.022470129623173726	2	5	8	4	5	ENSG00000236935	0.9819869795482614	False
0.0040777626992518365	0.18407960199004975	0.19641373554920083	0.23638383771712704	2	7	12	4	8	ENSG00000237638	0.9819869795482614	False
0.0053496503434884105	0.1890547263681592	0.22071193750064097	0.47706341718144535	13	7	13	6	10	ENSG00000047346	0.9819869795482614	False
0.002713022347965063	0.1890547263681592	0.2735646706946349	0.22947803187179255	9	7	14	4	9	ENSG00000070961	0.9819869795482614	False
0.003955665865687089	0.1890547263681592	0.315700097659357	0.24621827263049648	9	6	8	3	4	ENSG00000073350	0.9819869795482614	False
0.007171600893688969	0.1890547263681592	0.2224955161377575	0.2254845548152635	11	7	7	3	5	ENSG00000085511	0.9819869795482614	False
0.004453249170763701	0.1890547263681592	0.10274386095461863	0.2100053290700772	6	3	4	3	3	ENSG00000086200	0.9819869795482614	False
0.005318406000373272	0.1890547263681592	0.2773471689600722	0.27071391349661283	7	7	11	3	7	ENSG00000101928	0.9819869795482614	False
0.0032950799087220124	0.1890547263681592	0.18908831551879313	0.17405101494495626	8	7	18	9	15	ENSG00000112081	0.9819869795482614	False
0.004070074647984394	0.1890547263681592	0.10692002907509321	0.15094654514955927	16	7	19	11	17	ENSG00000116754	0.9819869795482614	False
0.006163998664450664	0.1890547263681592	0.3259542574570209	0.2881729012465003	12	7	12	4	8	ENSG00000123992	0.9819869795482614	False
0.0002387656035021666	0.1890547263681592	0.026467946286962158	0.04229683531110493	7	7	19	10	18	ENSG00000124942	0.9819869795482614	False
0.0022557499581249067	0.1890547263681592	0.1601513868828429	0.15833333333333333	5	6	10	3	7	ENSG00000130749	0.9819869795482614	False
0.004421554045317621	0.1890547263681592	0.4987363857374862	0.3240708055714895	6	6	10	4	6	ENSG00000131023	0.9819869795482614	False
0.003158080344640815	0.1890547263681592	0.2367590796863516	0.17584951036368038	17	7	16	7	11	ENSG00000135837	0.9819869795482614	False
0.004850467081540026	0.1890547263681592	0.14880311255523015	0.1598298665650815	12	7	19	11	17	ENSG00000135930	0.9819869795482614	False
1.3875297561137961e-06	0.1890547263681592	0.012309857329260961	0.005675716932829975	4	7	19	10	17	ENSG00000142168	0.9819869795482614	False
0.0032574854951705036	0.1890547263681592	0.08862077567376314	0.1327640190424038	10	7	18	8	14	ENSG00000143612	0.9819869795482614	False
0.0029808322043779127	0.1890547263681592	0.20931737459251687	0.22817935951810192	10	4	5	4	4	ENSG00000149577	0.9819869795482614	False
0.0014535727492659806	0.1890547263681592	0.2185104392062438	0.2221335711268597	7	6	12	5	7	ENSG00000152558	0.9819869795482614	False
0.0031360954944352525	0.1890547263681592	0.16693369013284937	0.2433554087122587	3	7	18	9	16	ENSG00000160131	0.9819869795482614	False
0.0023610602730970106	0.1890547263681592	0.1837462368607232	0.20807281936314195	10	7	18	6	13	ENSG00000172239	0.9819869795482614	False
0.0033599217874342373	0.1890547263681592	0.3052940808787562	0.1465012467717516	15	7	11	3	8	ENSG00000183486	0.9819869795482614	False
0.003429320004446317	0.1890547263681592	0.24570761350047865	0.19990004997501254	6	7	10	3	7	ENSG00000196428	0.9819869795482614	False
0.0007444024874246896	0.1890547263681592	0.24348015914095456	0.10825550311870895	5	7	19	7	12	ENSG00000197323	0.9819869795482614	False
4.497903024938346e-06	0.1890547263681592	0.003591494609903159	0.007936507936507922	2	7	18	5	10	ENSG00000204444	0.9819869795482614	False
4.573758737881336e-06	0.1890547263681592	0.014454439381927153	0.01250774167660087	3	7	19	13	17	ENSG00000204592	0.9819869795482614	False
0.004736410230158001	0.1890547263681592	0.4645161150158248	0.4111079379326289	43	7	10	4	6	ENSG00000247828	0.9819869795482614	False
0.0004264831155399157	0.1890547263681592	0.08579538092251629	0.06042594001124378	5	7	18	7	12	ENSG00000248333	0.9819869795482614	False
0.00029821889520550396	0.1890547263681592	0.08394771202544098	0.05760989010989011	3	7	18	8	13	ENSG00000248487	0.9819869795482614	False
0.0117562185828898	0.1890547263681592	0.27907257388482043	0.3666290726817043	7	5	7	3	6	ENSG00000248508	0.9819869795482614	False
0.0021455055238254347	0.1890547263681592	0.36034420105497444	0.26630968317715303	8	7	13	4	8	ENSG00000269404	0.9819869795482614	False
0.005193215752129192	0.1890547263681592	0.3106335705841619	0.28965409117906876	29	7	14	5	10	ENSG00000291100	0.9819869795482614	False
0.04111618124627314	0.19402985074626866	0.3932447060265075	0.3982803847274847	4	7	9	3	5	ENSG00000014824	0.9819869795482614	False
0.010675251586596692	0.19402985074626866	0.5120698667003094	0.5677498290690561	17	6	8	3	6	ENSG00000035115	0.9819869795482614	False
1.6912396229915312e-06	0.19402985074626866	0.02145114682207822	0.003663234422887306	14	7	19	13	19	ENSG00000063177	0.9819869795482614	False
0.004020041319333415	0.19402985074626866	0.3370443261138615	0.21143366831864904	14	7	13	3	8	ENSG00000064201	0.9819869795482614	False
0.0019767659260332793	0.19402985074626866	0.15058260137240903	0.10232793937143284	6	7	19	11	16	ENSG00000066379	0.9819869795482614	False
0.010831287820129933	0.19402985074626866	0.5273572618409934	0.4259377155286752	11	7	12	3	7	ENSG00000071994	0.9819869795482614	False
0.0008165787502409985	0.19402985074626866	0.1130941186799295	0.08757348251073142	8	7	18	8	14	ENSG00000100297	0.9819869795482614	False
0.004749616128423047	0.19402985074626866	0.2605045113575411	0.26701213448271255	7	5	5	3	3	ENSG00000103351	0.9819869795482614	False
7.791639538900869e-05	0.19402985074626866	0.05488768578051488	0.0404018243390819	10	7	19	13	18	ENSG00000105401	0.9819869795482614	False
0.000706204025006366	0.19402985074626866	0.08341854505647613	0.0641025641025641	4	7	6	3	5	ENSG00000106080	0.9819869795482614	False
0.0023274994398623673	0.19402985074626866	0.1677283384414115	0.18722860440828892	5	6	8	3	5	ENSG00000106346	0.9819869795482614	False
0.0011805987767562675	0.19402985074626866	0.24092522930797863	0.09022937350222529	8	6	10	3	6	ENSG00000111665	0.9819869795482614	False
0.0008954782379290186	0.19402985074626866	0.1987965096192885	0.1093447266799396	12	7	15	3	10	ENSG00000114054	0.9819869795482614	False
0.005559735256409834	0.19402985074626866	0.18675486741027528	0.1478555727631513	9	7	15	6	9	ENSG00000115211	0.9819869795482614	False
0.003654143136124126	0.19402985074626866	0.23295953174472234	0.22097260007773029	12	7	17	8	14	ENSG00000122033	0.9819869795482614	False
7.039989977988521e-06	0.19402985074626866	0.003738170657327766	0.0091324200913242	2	7	15	6	11	ENSG00000130522	0.9819869795482614	False
0.004487407467718016	0.19402985074626866	0.17717878374965004	0.2678889990089197	7	7	15	5	11	ENSG00000132485	0.9819869795482614	False
0.004516748940471065	0.19402985074626866	0.20136714952777698	0.13157309204183046	4	4	5	3	4	ENSG00000133193	0.9819869795482614	False
0.0049591406724186216	0.19402985074626866	0.40919349140135647	0.2506070755704417	5	5	5	3	4	ENSG00000139178	0.9819869795482614	False
8.02415910211299e-05	0.19402985074626866	0.027656760534151444	0.037140340150050834	14	7	19	12	17	ENSG00000141522	0.9819869795482614	False
0.0009379739959412107	0.19402985074626866	0.05029194696143949	0.06943656518176333	2	4	4	3	4	ENSG00000154127	0.9819869795482614	False
0.0056502732384205445	0.19402985074626866	0.345440393818003	0.29897350993377486	13	4	4	3	3	ENSG00000155229	0.9819869795482614	False
0.0002483690776056469	0.19402985074626866	0.08109014335594947	0.07871965963209857	11	7	19	11	17	ENSG00000155463	0.9819869795482614	False
0.0001136056184617573	0.19402985074626866	0.04898919924061647	0.046318666378244645	8	7	18	5	10	ENSG00000168411	0.9819869795482614	False
0.0012049416544552278	0.19402985074626866	0.17107324282087266	0.1374403930335697	25	7	18	8	15	ENSG00000168488	0.9819869795482614	False
0.011941508045365045	0.19402985074626866	0.30793343548143093	0.2693711967545639	16	7	10	3	6	ENSG00000177917	0.9819869795482614	False
0.008036349529948788	0.19402985074626866	0.3323730502584451	0.38421960173545444	9	7	12	3	8	ENSG00000178922	0.9819869795482614	False
0.005675853184191401	0.19402985074626866	0.3656322592572054	0.3468468468468469	10	7	14	4	8	ENSG00000181991	0.9819869795482614	False
0.016869720761655074	0.19402985074626866	0.26061935560251176	0.270104821802935	6	7	13	3	9	ENSG00000188342	0.9819869795482614	False
0.014398279241335712	0.19402985074626866	0.23088903975707498	0.3422301193688998	10	7	18	7	12	ENSG00000189091	0.9819869795482614	False
0.0021493384760153922	0.19402985074626866	0.24639158811163922	0.18771606360912654	19	7	17	7	13	ENSG00000197989	0.9819869795482614	False
1.0407913984549839e-05	0.19402985074626866	0.016589122346233064	0.01274277607886194	5	7	18	8	15	ENSG00000198730	0.9819869795482614	False
0.0014314734008646687	0.19402985074626866	0.17019572002725697	0.1397604160626547	15	7	18	8	15	ENSG00000213639	0.9819869795482614	False
0.0028498937369284766	0.19402985074626866	0.07930749892099594	0.1287747317539129	6	7	19	13	17	ENSG00000243147	0.9819869795482614	False
0.0003735551075813293	0.19402985074626866	0.08420957993262185	0.07385723105795441	8	7	19	11	17	ENSG00000245910	0.9819869795482614	False
1.9865365453313316e-05	0.19402985074626866	0.01606350446957239	0.015503875968992262	4	7	10	3	6	ENSG00000267265	0.9819869795482614	False
0.012307196005626693	0.19900497512437812	0.31324770363031573	0.28835350536652204	10	5	7	3	5	ENSG00000006576	0.9819869795482614	False
0.0007617315336714105	0.19900497512437812	0.09910484193677468	0.08303067290908239	7	7	15	6	10	ENSG00000083720	0.9819869795482614	False
0.003216818078262757	0.19900497512437812	0.10673139269973483	0.17920466058763931	10	5	6	3	5	ENSG00000092203	0.9819869795482614	False
9.228822078469929e-05	0.19900497512437812	0.04456221182511555	0.09021906116642958	6	4	6	3	4	ENSG00000100292	0.9819869795482614	False
0.00013841444804243178	0.19900497512437812	0.031191866614137306	0.032435839028094125	5	7	19	9	17	ENSG00000104897	0.9819869795482614	False
0.001876843790964919	0.19900497512437812	0.13953414798083058	0.22396751132029175	11	7	17	8	12	ENSG00000108443	0.9819869795482614	False
0.004905389899107946	0.19900497512437812	0.3265948287527571	0.2681612401838013	14	4	5	3	4	ENSG00000110719	0.9819869795482614	False
0.002591446686126552	0.19900497512437812	0.25707679866600813	0.27081733770805383	8	7	17	5	10	ENSG00000110801	0.9819869795482614	False
0.0051619491562883545	0.19900497512437812	0.2875044590113082	0.28633476896123805	13	7	12	4	7	ENSG00000111652	0.9819869795482614	False
0.0009041587686270685	0.19900497512437812	0.09377360767521427	0.08221160317673985	12	7	13	4	10	ENSG00000114302	0.9819869795482614	False
0.00035813476106140495	0.19900497512437812	0.08007127000109666	0.05806511776617286	2	7	18	6	14	ENSG00000115816	0.9819869795482614	False
2.8095010485645248e-05	0.19900497512437812	0.03993972133719121	0.024596320992881216	4	7	19	10	15	ENSG00000116741	0.9819869795482614	False
0.00346872269626962	0.19900497512437812	0.11229751980368506	0.1484240719370506	7	7	19	12	17	ENSG00000118418	0.9819869795482614	False
0.0005180794525169792	0.19900497512437812	0.1238810862879625	0.09908751079361897	9	7	18	7	15	ENSG00000120616	0.9819869795482614	False
1.476604154000791e-06	0.19900497512437812	0.007136321301939465	0.0031903580290677295	8	7	19	9	16	ENSG00000121104	0.9819869795482614	False
0.00649609782927905	0.19900497512437812	0.23259985966116284	0.2850335824735036	46	7	16	7	14	ENSG00000124155	0.9819869795482614	False
0.0010501096702340556	0.19900497512437812	0.1175714542556692	0.15991454017094436	13	7	19	7	16	ENSG00000125458	0.9819869795482614	False
0.0011926467582104726	0.19900497512437812	0.21761807009561074	0.2068408177529268	4	7	11	4	7	ENSG00000128923	0.9819869795482614	False
0.005762363328848183	0.19900497512437812	0.20594126241231947	0.29568858856000757	6	7	15	4	10	ENSG00000135999	0.9819869795482614	False
0.00422615336180212	0.19900497512437812	0.23942943726165522	0.22367731796752224	3	5	7	3	4	ENSG00000138802	0.9819869795482614	False
0.012526860807216201	0.19900497512437812	0.24743889079642256	0.35903658536585364	4	5	9	4	6	ENSG00000139977	0.9819869795482614	False
0.0010462422887569894	0.19900497512437812	0.16925037554785152	0.16807024725924086	30	7	18	6	10	ENSG00000140374	0.9819869795482614	False
4.875660394198052e-07	0.19900497512437812	0.02137430836095399	0.003244119030478142	17	7	19	13	19	ENSG00000140988	0.9819869795482614	False
0.009249230026617613	0.19900497512437812	0.4503797584781753	0.3686088527551942	16	7	12	3	7	ENSG00000142875	0.9819869795482614	False
0.0044360029994117865	0.19900497512437812	0.2024924662696411	0.23914554506659766	14	7	16	7	12	ENSG00000153406	0.9819869795482614	False
0.0012192464323401166	0.19900497512437812	0.22461364994244096	0.25825059395976635	5	7	17	7	12	ENSG00000158417	0.9819869795482614	False
0.00359330942311687	0.19900497512437812	0.11771270548619191	0.11133603238866395	3	2	3	3	3	ENSG00000168228	0.9819869795482614	False
7.082910999375993e-05	0.19900497512437812	0.017486350738281465	0.022187591884739757	4	7	18	9	15	ENSG00000168288	0.9819869795482614	False
0.00036265852703050016	0.19900497512437812	0.0396011396011396	0.06834975369458123	6	5	4	3	3	ENSG00000168758	0.9819869795482614	False
0.0018913763071793945	0.19900497512437812	0.1001404452321324	0.12771494926757954	10	7	17	4	10	ENSG00000171720	0.9819869795482614	False
0.00026805953595671745	0.19900497512437812	0.06028638296708378	0.03914373088685017	5	7	16	5	11	ENSG00000173542	0.9819869795482614	False
0.0010711005490570418	0.19900497512437812	0.1756727709551777	0.14539343009931244	7	6	8	3	6	ENSG00000175048	0.9819869795482614	False
0.00038609688490115663	0.19900497512437812	0.30579344676258613	0.128034188034188	13	7	11	5	8	ENSG00000180448	0.9819869795482614	False
7.24017555995045e-07	0.19900497512437812	0.0024727194538515266	0.0018001800180017756	2	7	12	6	11	ENSG00000196850	0.9819869795482614	False
0.0027018780192823357	0.19900497512437812	0.1966870395699114	0.13763747995995496	6	7	7	3	5	ENSG00000196911	0.9819869795482614	False
0.031232364799055952	0.19900497512437812	0.26685441201570237	0.4057563191153238	5	3	4	3	3	ENSG00000197134	0.9819869795482614	False
0.0009717936345983859	0.19900497512437812	0.09701986564642898	0.05847229148465592	10	7	19	9	16	ENSG00000198837	0.9819869795482614	False
0.0007739492014464801	0.19900497512437812	0.09477355339424312	0.08428208245827344	3	6	7	3	5	ENSG00000198855	0.9819869795482614	False
0.0004082047939159308	0.19900497512437812	0.07474241104302085	0.05794647116781544	9	7	19	11	17	ENSG00000224032	0.9819869795482614	False
0.001979845346551813	0.19900497512437812	0.17928258755942506	0.1879416924196801	9	7	16	6	13	ENSG00000234745	0.9819869795482614	False
0.000516366427957559	0.19900497512437812	0.0961118564669081	0.08824258326291042	8	7	17	8	14	ENSG00000243646	0.9819869795482614	False
5.57249709184617e-05	0.19900497512437812	0.04892066551939732	0.019400445781655416	3	7	14	5	10	ENSG00000276293	0.9819869795482614	False
0.000515485685931765	0.19900497512437812	0.06978646341376354	0.04711845858744835	3	7	19	11	17	ENSG00000278615	0.9819869795482614	False
0.0012226345996084256	0.20398009950248755	0.09529613810576043	0.18529725443629308	7	7	17	8	11	ENSG00000007312	0.9819869795482614	False
0.0020131473703240066	0.20398009950248755	0.15058119868617997	0.13002491490332319	8	7	19	8	13	ENSG00000058063	0.9819869795482614	False
0.007537821386968974	0.20398009950248755	0.4228876651362543	0.24773388291133597	4	7	11	4	7	ENSG00000071575	0.9819869795482614	False
0.00013843357979217887	0.20398009950248755	0.04590856703803298	0.03766009884505972	2	7	17	5	10	ENSG00000100319	0.9819869795482614	False
4.3989468525368495e-05	0.20398009950248755	0.03739349115504044	0.018420934411500438	4	7	18	8	15	ENSG00000101166	0.9819869795482614	False
0.0010127520988522116	0.20398009950248755	0.09085231203002556	0.11759314262581463	9	7	18	7	16	ENSG00000101365	0.9819869795482614	False
0.004059300436222353	0.20398009950248755	0.2152776433265881	0.2270913831558446	10	6	9	3	6	ENSG00000101473	0.9819869795482614	False
0.0020295783810549183	0.20398009950248755	0.28603619172128175	0.37993912785843176	4	7	16	6	9	ENSG00000105122	0.9819869795482614	False
0.00016446311221432139	0.20398009950248755	0.05601039726535185	0.04191268892477728	6	7	19	11	17	ENSG00000105258	0.9819869795482614	False
0.005455063765923586	0.20398009950248755	0.14817167855218866	0.1899173864617499	7	7	17	7	11	ENSG00000106344	0.9819869795482614	False
0.0009813258454004496	0.20398009950248755	0.11499266337976019	0.14343538416249632	6	2	3	3	3	ENSG00000106733	0.9819869795482614	False
3.604757344505748e-05	0.20398009950248755	0.02937374955966842	0.018488604104516554	2	7	19	10	15	ENSG00000107581	0.9819869795482614	False
0.0002084954660450063	0.20398009950248755	0.050617237359150524	0.05251438578934199	2	7	17	6	13	ENSG00000117505	0.9819869795482614	False
3.940528916144226e-06	0.20398009950248755	0.028409090909090953	0.006385696040868484	8	7	15	6	11	ENSG00000123908	0.9819869795482614	False
0.0031211529478420634	0.20398009950248755	0.23941496354434297	0.302232042205889	6	6	15	4	10	ENSG00000128815	0.9819869795482614	False
0.00586110499522251	0.20398009950248755	0.17152879836712306	0.19429395516352038	8	4	4	3	4	ENSG00000133422	0.9819869795482614	False
0.003471811111310185	0.20398009950248755	0.12944119000841736	0.18036286195973006	10	7	18	8	14	ENSG00000135535	0.9819869795482614	False
0.00025291262582134754	0.20398009950248755	0.11897578042636653	0.054225545455748286	6	7	16	7	9	ENSG00000139190	0.9819869795482614	False
0.0035528595231218278	0.20398009950248755	0.19086861127168558	0.14083333333333334	4	4	4	3	3	ENSG00000141337	0.9819869795482614	False
0.02071004177649088	0.20398009950248755	0.342426950478188	0.3099761119326584	5	3	4	3	3	ENSG00000146757	0.9819869795482614	False
0.003345741075227859	0.20398009950248755	0.12674793147010013	0.15632743362831858	8	5	7	3	4	ENSG00000148835	0.9819869795482614	False
0.007564982446813257	0.20398009950248755	0.4833642810252416	0.42269021739130436	25	7	11	3	7	ENSG00000150093	0.9819869795482614	False
0.0043017579861621405	0.20398009950248755	0.1842293290612749	0.3015733144586269	6	7	11	5	8	ENSG00000156256	0.9819869795482614	False
4.052962118972564e-06	0.20398009950248755	0.011557608559764615	0.006427336648026644	5	7	19	12	18	ENSG00000158710	0.9819869795482614	False
0.006708180429090011	0.20398009950248755	0.2940134532812367	0.3950579150579151	19	6	16	6	10	ENSG00000161265	0.9819869795482614	False
0.007178654693033577	0.20398009950248755	0.31485680233647717	0.28092143663177555	6	7	11	3	7	ENSG00000164074	0.9819869795482614	False
0.009183497865225503	0.20398009950248755	0.19423334239741158	0.2257630374463443	2	7	13	4	8	ENSG00000169018	0.9819869795482614	False
1.595594744139377e-05	0.20398009950248755	0.016666666666666666	0.01533742331288343	6	4	6	3	4	ENSG00000170160	0.9819869795482614	False
0.011920036508932863	0.20398009950248755	0.22190684784552117	0.3648382732751199	5	5	7	3	4	ENSG00000177150	0.9819869795482614	False
0.0012643050850463734	0.20398009950248755	0.22891132809643217	0.1564456618962433	7	3	4	3	3	ENSG00000189190	0.9819869795482614	False
0.0017601606781638896	0.20398009950248755	0.16848689457196256	0.140750180536086	3	7	18	7	14	ENSG00000198663	0.9819869795482614	False
0.022830956042244995	0.20398009950248755	0.38279704012462623	0.33495145631067963	7	4	5	3	4	ENSG00000214106	0.9819869795482614	False
0.0002458332458616773	0.20398009950248755	0.05211975524475527	0.056249999999999994	3	5	7	3	5	ENSG00000221946	0.9819869795482614	False
0.0001680861980189531	0.20398009950248755	0.0741350923160044	0.04789088524137453	6	7	17	6	11	ENSG00000228716	0.9819869795482614	False
7.568074530818601e-05	0.20398009950248755	0.08335578723775787	0.048527846111330084	7	7	18	9	13	ENSG00000239713	0.9819869795482614	False
0.0077329687835254925	0.20398009950248755	0.3107890961260481	0.27693429366797756	18	7	9	4	9	ENSG00000262246	0.9819869795482614	False
0.00019724562435370055	0.208955223880597	0.026049973418394455	0.02222222222222224	3	3	4	3	3	ENSG00000089154	0.9819869795482614	False
0.0037365883547659704	0.208955223880597	0.32355072765897175	0.27106191222570525	12	7	11	5	9	ENSG00000090863	0.9819869795482614	False
0.003799780104629878	0.208955223880597	0.30571399998986126	0.26392557022809127	9	7	14	4	10	ENSG00000100239	0.9819869795482614	False
0.003100901572849098	0.208955223880597	0.10581091270324508	0.20069539541253	4	7	18	8	14	ENSG00000101882	0.9819869795482614	False
2.801615838107857e-05	0.208955223880597	0.03555289739500266	0.005513439007580962	3	7	11	4	8	ENSG00000104856	0.9819869795482614	False
0.005069954990061069	0.208955223880597	0.355590214520886	0.3694149886810438	15	4	5	3	4	ENSG00000114423	0.9819869795482614	False
0.002587341026135395	0.208955223880597	0.15783012385928752	0.14360271552651543	13	7	18	9	14	ENSG00000117448	0.9819869795482614	False
2.148970031170351e-05	0.208955223880597	0.0242197164325119	0.013997748748481855	8	7	11	4	9	ENSG00000117602	0.9819869795482614	False
0.00035664158725684427	0.208955223880597	0.047693386438752886	0.06357124427133891	4	7	9	3	7	ENSG00000119328	0.9819869795482614	False
0.0006737039252897526	0.208955223880597	0.07442797707488297	0.09526315789473683	2	3	4	3	3	ENSG00000124635	0.9819869795482614	False
0.003997078620796339	0.208955223880597	0.2077702466210658	0.20276971456216736	4	7	9	4	8	ENSG00000126804	0.9819869795482614	False
0.0006740742153939279	0.208955223880597	0.06761925487542192	0.0658560700581464	2	7	12	3	8	ENSG00000131013	0.9819869795482614	False
0.02038199704136948	0.208955223880597	0.2599720922310508	0.23959830832810713	4	7	18	5	13	ENSG00000133028	0.9819869795482614	False
0.0007345876372687748	0.208955223880597	0.11688470276369733	0.06516895167157635	8	7	14	6	9	ENSG00000138767	0.9819869795482614	False
0.00913711898482523	0.208955223880597	0.20342228291966413	0.1687145372725494	5	2	3	3	3	ENSG00000139291	0.9819869795482614	False
3.379484288930752e-05	0.208955223880597	0.01588019225005689	0.012231726571536114	4	7	19	12	17	ENSG00000139343	0.9819869795482614	False
0.0015756539489408662	0.208955223880597	0.14084779758422258	0.1207010756834586	15	7	18	8	14	ENSG00000140157	0.9819869795482614	False
0.0017651980228572234	0.208955223880597	0.3446957578740524	0.28089887640449435	6	7	10	4	6	ENSG00000141258	0.9819869795482614	False
0.006933715327578359	0.208955223880597	0.2643766733683781	0.4677935393331972	7	6	8	3	6	ENSG00000156171	0.9819869795482614	False
0.004871761449779122	0.208955223880597	0.18213100797383486	0.2524150905023388	11	7	14	3	10	ENSG00000157823	0.9819869795482614	False
0.00033136421508338324	0.208955223880597	0.081298909667533	0.09940362116799893	13	7	19	11	17	ENSG00000160014	0.9819869795482614	False
0.0029628156689041774	0.208955223880597	0.113242890694081	0.13467379679144387	9	7	9	3	5	ENSG00000160221	0.9819869795482614	False
0.0036223677825512083	0.208955223880597	0.36792024046295785	0.3134656156564284	9	7	11	4	7	ENSG00000172009	0.9819869795482614	False
0.0043233815180229555	0.208955223880597	0.16872183407594948	0.2983186141304348	13	5	10	5	7	ENSG00000172071	0.9819869795482614	False
0.000338204058284375	0.208955223880597	0.09245986941840277	0.055964453330779165	9	7	18	8	15	ENSG00000174744	0.9819869795482614	False
0.0017975651597797147	0.208955223880597	0.2521509207175113	0.2304593469746705	12	7	16	8	12	ENSG00000188243	0.9819869795482614	False
0.00434439229599415	0.208955223880597	0.16841353559988334	0.1802801432389894	2	7	16	6	12	ENSG00000188486	0.9819869795482614	False
0.0027470344604521965	0.208955223880597	0.22449493602004023	0.12679133670451298	5	7	10	4	7	ENSG00000205268	0.9819869795482614	False
9.747430388434843e-05	0.208955223880597	0.061951952389501255	0.03075394068598704	2	5	6	3	5	ENSG00000205810	0.9819869795482614	False
0.01191121073660095	0.208955223880597	0.35881404297677516	0.3268884515995545	20	7	9	3	6	ENSG00000231074	0.9819869795482614	False
0.0025559509798402514	0.21393034825870647	0.1565983531569266	0.24293785310734461	5	7	15	6	9	ENSG00000005059	0.9819869795482614	False
0.0011865008286091154	0.21393034825870647	0.2726383718788977	0.13540076020988276	6	7	16	5	11	ENSG00000023445	0.9819869795482614	False
0.0054509793929426184	0.21393034825870647	0.10224700039822728	0.22408388037377533	11	5	10	4	7	ENSG00000034677	0.9819869795482614	False
0.0007518527387715927	0.21393034825870647	0.07650280529174683	0.07774578362813656	2	6	9	4	8	ENSG00000037637	0.9819869795482614	False
1.1021250912949423e-05	0.21393034825870647	0.018604651162790725	0.011869436201780399	2	7	14	4	7	ENSG00000058804	0.9819869795482614	False
0.0032358598980674067	0.21393034825870647	0.12232650310919313	0.19237715484612494	9	7	18	7	15	ENSG00000066117	0.9819869795482614	False
0.0063906635574384274	0.21393034825870647	0.26027649377985235	0.3095039812988531	14	7	13	5	8	ENSG00000070501	0.9819869795482614	False
0.003529690839432917	0.21393034825870647	0.17679234014523	0.19558583083478645	8	7	12	6	10	ENSG00000091490	0.9819869795482614	False
0.0017705816414557616	0.21393034825870647	0.3214177258227038	0.27673860911270987	3	7	12	3	7	ENSG00000105371	0.9819869795482614	False
6.580175465221773e-05	0.21393034825870647	0.02661041064500029	0.019767026041812793	4	7	18	7	15	ENSG00000105438	0.9819869795482614	False
0.0006290274955852844	0.21393034825870647	0.1665345095307984	0.11049968374446549	5	7	19	8	15	ENSG00000107949	0.9819869795482614	False
0.0016125592248745987	0.21393034825870647	0.1381824013331722	0.131607305000371	6	7	15	4	11	ENSG00000118046	0.9819869795482614	False
0.001344762867699904	0.21393034825870647	0.11171848739495796	0.08125	5	5	8	4	6	ENSG00000119396	0.9819869795482614	False
0.00935538115487999	0.21393034825870647	0.44989097392132066	0.4234360410830999	7	7	16	5	9	ENSG00000122644	0.9819869795482614	False
0.0021334325800039656	0.21393034825870647	0.29928136321222193	0.3349039198433198	12	6	8	3	5	ENSG00000124788	0.9819869795482614	False
1.64804500736576e-05	0.21393034825870647	0.020873987318507634	0.020519691020535205	8	7	19	10	17	ENSG00000127838	0.9819869795482614	False
1.517724775055795e-06	0.21393034825870647	0.008720930232558148	0.010676156583629876	2	7	12	4	7	ENSG00000128218	0.9819869795482614	False
0.0017243472404730917	0.21393034825870647	0.08961145124133232	0.09444444444444447	4	4	4	3	4	ENSG00000130734	0.9819869795482614	False
0.0005611937348732876	0.21393034825870647	0.0816155654251727	0.07159537999753479	11	4	7	3	7	ENSG00000134897	0.9819869795482614	False
0.00416890747249182	0.21393034825870647	0.1590403160112274	0.1756147451799626	29	7	15	6	11	ENSG00000135164	0.9819869795482614	False
0.0015608050474364152	0.21393034825870647	0.159285826933523	0.15931558472022933	10	7	14	5	11	ENSG00000138593	0.9819869795482614	False
0.00010267153390044957	0.21393034825870647	0.03159890659890655	0.027027027027027	9	7	19	7	12	ENSG00000138594	0.9819869795482614	False
0.0046321831547203075	0.21393034825870647	0.2333434276811418	0.21477413913041715	16	7	18	8	15	ENSG00000144895	0.9819869795482614	False
0.00013925979434554613	0.21393034825870647	0.03684181109196935	0.03525459298258534	4	7	17	7	12	ENSG00000149212	0.9819869795482614	False
0.0011520941552938284	0.21393034825870647	0.14848617162850142	0.12906436629064366	2	6	10	3	5	ENSG00000163528	0.9819869795482614	False
0.020674143692539945	0.21393034825870647	0.5202016009452316	0.5065316571559331	4	2	3	3	3	ENSG00000163568	0.9819869795482614	False
0.002582849686464531	0.21393034825870647	0.08616199243722197	0.12453663712637113	3	7	17	5	10	ENSG00000163655	0.9819869795482614	False
0.003445002491121979	0.21393034825870647	0.40738569544536196	0.37402384972562264	8	5	7	3	4	ENSG00000167257	0.9819869795482614	False
0.0067887298475183665	0.21393034825870647	0.27397787882672564	0.22264660093409444	16	7	16	8	11	ENSG00000168000	0.9819869795482614	False
0.005717242874627486	0.21393034825870647	0.3479778683848452	0.25884496888906783	13	7	10	3	6	ENSG00000177082	0.9819869795482614	False
0.008475449413275698	0.21393034825870647	0.1860494105448203	0.2441355678934419	5	7	17	6	11	ENSG00000180822	0.9819869795482614	False
0.008859646676020363	0.21393034825870647	0.2644897916410882	0.33226521708032325	4	6	7	3	5	ENSG00000198466	0.9819869795482614	False
0.0053212941411332725	0.21393034825870647	0.30906475798664884	0.21660890429218876	3	5	8	4	6	ENSG00000205413	0.9819869795482614	False
0.10200407401554222	0.21393034825870647	0.20011195506495943	0.6663423661014354	2	7	16	8	11	ENSG00000211899	0.9819869795482614	False
0.008895184949301013	0.21890547263681592	0.36710578101975677	0.25596795684769874	9	7	7	3	6	ENSG00000083544	0.9819869795482614	False
0.0017251130204010388	0.21890547263681592	0.143220604957061	0.18444772018049	8	7	18	10	15	ENSG00000105968	0.9819869795482614	False
0.008952370017452194	0.21890547263681592	0.22905094233723264	0.2553191489361702	6	5	8	4	6	ENSG00000111727	0.9819869795482614	False
0.0043492076098069115	0.21890547263681592	0.289797122916549	0.2408655242521057	11	7	13	3	8	ENSG00000111859	0.9819869795482614	False
0.0059572664252804195	0.21890547263681592	0.19725591624656896	0.228323740310799	6	7	13	4	9	ENSG00000118620	0.9819869795482614	False
0.0005460599941475351	0.21890547263681592	0.08719494576179265	0.05488520194402543	7	7	14	6	9	ENSG00000119231	0.9819869795482614	False
0.014661051783033821	0.21890547263681592	0.23869549812862084	0.28016105968239635	8	7	12	4	10	ENSG00000119314	0.9819869795482614	False
0.00232599490051583	0.21890547263681592	0.13071550177560337	0.14267538199930052	8	7	14	5	10	ENSG00000120910	0.9819869795482614	False
5.0907117407384215e-05	0.21890547263681592	0.031060606060606035	0.029411764705882356	2	7	14	5	8	ENSG00000124160	0.9819869795482614	False
0.0005587408135298902	0.21890547263681592	0.15829765194826817	0.11646764047339801	5	7	17	5	14	ENSG00000124380	0.9819869795482614	False
5.04490729297851e-05	0.21890547263681592	0.07454469692183056	0.02972000069644347	12	7	19	13	19	ENSG00000130755	0.9819869795482614	False
0.009408910116782632	0.21890547263681592	0.3884758037581958	0.42079270180326594	14	5	6	3	5	ENSG00000132199	0.9819869795482614	False
0.003206963970243065	0.21890547263681592	0.1310880618292122	0.09739736070381232	3	6	7	3	5	ENSG00000132953	0.9819869795482614	False
0.004965152209431419	0.21890547263681592	0.4279678523854532	0.30015573159997294	12	7	12	4	8	ENSG00000133997	0.9819869795482614	False
0.0004886163400753248	0.21890547263681592	0.11901036280554349	0.07680671816542403	4	6	8	3	6	ENSG00000136141	0.9819869795482614	False
0.005345596470784197	0.21890547263681592	0.12888475477126404	0.15836864406779663	15	7	17	6	12	ENSG00000138698	0.9819869795482614	False
0.005856726359063956	0.21890547263681592	0.33747507615335487	0.32230663483105415	18	5	8	3	5	ENSG00000140386	0.9819869795482614	False
0.0030226447489572345	0.21890547263681592	0.144466120126824	0.11346153846153846	8	7	12	3	7	ENSG00000141385	0.9819869795482614	False
0.0032394923343200123	0.21890547263681592	0.17875745541734392	0.16620378482565273	14	7	17	6	14	ENSG00000144741	0.9819869795482614	False
0.0004600093337118158	0.21890547263681592	0.08621696044384092	0.07130457116301553	3	7	15	5	11	ENSG00000146278	0.9819869795482614	False
0.0016180476778193682	0.21890547263681592	0.15471672485789006	0.0774559950051629	5	6	8	3	7	ENSG00000155621	0.9819869795482614	False
0.00473096992339555	0.21890547263681592	0.36814770427400884	0.3920255326800324	14	7	12	3	8	ENSG00000159592	0.9819869795482614	False
0.004846154501106514	0.21890547263681592	0.22872588983773243	0.25772883208441705	11	7	14	6	10	ENSG00000163728	0.9819869795482614	False
0.0016649578597407052	0.21890547263681592	0.16212663894938464	0.1271569162924303	6	7	17	6	12	ENSG00000165233	0.9819869795482614	False
0.0009169153735208049	0.21890547263681592	0.11488841408470736	0.1284909159973432	11	7	18	8	13	ENSG00000166501	0.9819869795482614	False
0.0036042102420119643	0.21890547263681592	0.11635700984385527	0.19197389728207864	8	7	16	6	11	ENSG00000169228	0.9819869795482614	False
0.0151566730857052	0.21890547263681592	0.22131715980307837	0.23445378151260501	6	2	3	3	3	ENSG00000172046	0.9819869795482614	False
0.0006244100936180429	0.21890547263681592	0.13739741796963933	0.07928717499269645	8	7	15	7	10	ENSG00000183426	0.9819869795482614	False
0.0007316325447066443	0.21890547263681592	0.11589729892211525	0.15672179077204204	2	7	12	3	7	ENSG00000185477	0.9819869795482614	False
0.0035089159975479796	0.21890547263681592	0.23576137744598158	0.15043378318255968	4	6	9	4	6	ENSG00000226471	0.9819869795482614	False
0.011449205734362465	0.21890547263681592	0.5731055151450175	0.5548889205990925	110	7	18	5	14	ENSG00000249859	0.9819869795482614	False
0.0003522122801819682	0.22388059701492538	0.0348650097914372	0.03910817618626181	7	7	18	8	15	ENSG00000011260	0.9819869795482614	False
0.0017652816980143835	0.22388059701492538	0.26183137365222237	0.23910175417231175	34	7	15	4	10	ENSG00000081189	0.9819869795482614	False
0.0013818293087592285	0.22388059701492538	0.18642076619144468	0.21087281055569465	7	6	9	3	6	ENSG00000082512	0.9819869795482614	False
0.004826999438543986	0.22388059701492538	0.16998810239818632	0.18075617649380374	2	5	7	3	6	ENSG00000104312	0.9819869795482614	False
0.0010397344424428242	0.22388059701492538	0.16916782933523544	0.14638658831941323	5	7	16	6	12	ENSG00000105851	0.9819869795482614	False
0.0003567487316125153	0.22388059701492538	0.07353332480810952	0.07223111520547867	27	7	18	7	12	ENSG00000108384	0.9819869795482614	False
0.011807479007319533	0.22388059701492538	0.29878674863331006	0.29253112033195017	6	6	5	3	5	ENSG00000108984	0.9819869795482614	False
0.00042178315371445025	0.22388059701492538	0.08125637285499122	0.0664724715267937	4	7	18	7	12	ENSG00000110917	0.9819869795482614	False
0.0003690513635143866	0.22388059701492538	0.08262806660150111	0.09228866371723517	3	7	12	5	7	ENSG00000112304	0.9819869795482614	False
0.0012875015236839195	0.22388059701492538	0.24276507462416036	0.27876957068112385	12	7	19	7	13	ENSG00000113742	0.9819869795482614	False
0.0013555605838056056	0.22388059701492538	0.2054900721581571	0.15713044795434059	21	7	18	9	15	ENSG00000114439	0.9819869795482614	False
0.00012425341991572278	0.22388059701492538	0.0579763885659348	0.03139605289049767	6	7	19	12	17	ENSG00000116586	0.9819869795482614	False
0.007072720685330365	0.22388059701492538	0.3065104685247427	0.23961753911531775	18	5	8	4	5	ENSG00000117859	0.9819869795482614	False
0.002805604346413198	0.22388059701492538	0.2069486489189314	0.1648337706748586	8	7	18	8	13	ENSG00000123338	0.9819869795482614	False
0.008269889768436955	0.22388059701492538	0.344845880631113	0.2749180643917486	6	3	4	3	3	ENSG00000128694	0.9819869795482614	False
0.00037254332217813424	0.22388059701492538	0.06229569086905572	0.07395330225968103	15	7	18	6	13	ENSG00000128973	0.9819869795482614	False
0.0001755138229960334	0.22388059701492538	0.015384615384615358	0.02735562310030394	2	7	10	3	5	ENSG00000130193	0.9819869795482614	False
8.490891298952397e-08	0.22388059701492538	0.0006583136045296533	0.001156961048978009	3	7	19	6	14	ENSG00000132017	0.9819869795482614	False
0.0018191683940120113	0.22388059701492538	0.1966000671195184	0.17359407023921136	8	7	18	9	14	ENSG00000134825	0.9819869795482614	False
0.0010947145957485513	0.22388059701492538	0.1798132365787225	0.1605401325827499	17	7	18	7	13	ENSG00000134899	0.9819869795482614	False
0.00180999451234065	0.22388059701492538	0.2170301631416145	0.23923785027751454	3	3	4	3	3	ENSG00000137656	0.9819869795482614	False
0.0013394993513073696	0.22388059701492538	0.08417223353457416	0.05348950610526733	4	2	3	3	3	ENSG00000138134	0.9819869795482614	False
0.0048810611599923	0.22388059701492538	0.24177384763632317	0.29565901373788983	14	6	7	3	6	ENSG00000140398	0.9819869795482614	False
0.0046674299470804695	0.22388059701492538	0.34814298292044615	0.2919953056260368	21	7	9	3	7	ENSG00000146872	0.9819869795482614	False
1.309946845767751e-07	0.22388059701492538	0.00023980815347717307	0.001163467132053514	3	7	17	6	10	ENSG00000156127	0.9819869795482614	False
0.016001849296290713	0.22388059701492538	0.5158572349329962	0.5428391846996498	9	6	8	3	5	ENSG00000159322	0.9819869795482614	False
0.0005801006506249574	0.22388059701492538	0.07597988038523168	0.0724736285733564	5	7	14	6	10	ENSG00000163444	0.9819869795482614	False
1.1160286526303047e-06	0.22388059701492538	0.018114438320297195	0.003121452894438121	2	7	19	8	14	ENSG00000163840	0.9819869795482614	False
0.005262274534188799	0.22388059701492538	0.17004205677375087	0.20712281780984074	7	7	13	4	8	ENSG00000164167	0.9819869795482614	False
0.005256513678839678	0.22388059701492538	0.2795361586002825	0.24096976457916605	12	7	15	4	11	ENSG00000169609	0.9819869795482614	False
0.0019592555335687647	0.22388059701492538	0.13833688654037185	0.13086925703496943	13	7	16	7	12	ENSG00000177189	0.9819869795482614	False
0.004481418332321005	0.22388059701492538	0.318548664850187	0.2750482858522453	19	7	14	4	9	ENSG00000184584	0.9819869795482614	False
0.0027702339223796618	0.22388059701492538	0.11317254174397026	0.09313642661620086	7	2	4	4	4	ENSG00000186591	0.9819869795482614	False
3.8739981828037894e-06	0.22388059701492538	0.012850269415839177	0.006584461444819799	5	7	19	13	19	ENSG00000197958	0.9819869795482614	False
0.003029618619239385	0.22388059701492538	0.17640145843552918	0.16876203420545927	5	2	3	3	3	ENSG00000198464	0.9819869795482614	False
0.005271594713551062	0.22388059701492538	0.2994531804949135	0.28765733242267544	31	7	14	4	10	ENSG00000198677	0.9819869795482614	False
8.53774093115363e-06	0.22388059701492538	0.0059078378875643215	0.008170961659333741	5	7	15	5	11	ENSG00000198876	0.9819869795482614	False
0.0030239423870053834	0.22388059701492538	0.3606313707623927	0.6322752266461467	11	7	12	5	7	ENSG00000245164	0.9819869795482614	False
0.004913467452834937	0.22388059701492538	0.15963064563266138	0.17941966979320936	5	7	9	3	5	ENSG00000254093	0.9819869795482614	False
0.0015324627866110591	0.22388059701492538	0.13007770233379995	0.12244897959183673	4	3	5	3	4	ENSG00000291258	0.9819869795482614	False
0.010957123272425193	0.22885572139303484	0.488719890167815	0.40850084107861967	25	6	10	3	5	ENSG00000010810	0.9819869795482614	False
0.0008259759213156175	0.22885572139303484	0.206063454939635	0.17628685657171414	27	7	17	6	12	ENSG00000065809	0.9819869795482614	False
0.0031434737958660228	0.22885572139303484	0.21814130740263166	0.18844062978113912	8	7	11	4	10	ENSG00000086619	0.9819869795482614	False
0.00018475495742967154	0.22885572139303484	0.03310276679841896	0.028901734104046263	3	3	5	3	4	ENSG00000087301	0.9819869795482614	False
0.0002720442998570961	0.22885572139303484	0.04215175799342419	0.04716564253495529	3	7	14	6	9	ENSG00000099904	0.9819869795482614	False
9.928904958606852e-05	0.22885572139303484	0.025567502986857785	0.029411764705882356	4	7	8	3	5	ENSG00000099910	0.9819869795482614	False
0.011089219205767243	0.22885572139303484	0.19336959555907937	0.3069320129499143	4	7	12	5	6	ENSG00000103485	0.9819869795482614	False
0.0009548943615501626	0.22885572139303484	0.23431066146814264	0.13544016782654575	3	7	13	3	8	ENSG00000107566	0.9819869795482614	False
0.0026483007711352114	0.22885572139303484	0.10341785673745832	0.13714556172281744	7	5	7	4	5	ENSG00000112659	0.9819869795482614	False
0.001563269311177456	0.22885572139303484	0.08259065335218568	0.10718599033816428	9	6	6	3	5	ENSG00000127586	0.9819869795482614	False
0.0024969756584131576	0.22885572139303484	0.13409544632172365	0.1344286781179985	6	2	3	3	3	ENSG00000136877	0.9819869795482614	False
0.00069073465927372	0.22885572139303484	0.06471067808851229	0.05349356226513399	6	7	18	7	13	ENSG00000143294	0.9819869795482614	False
0.008020472580888675	0.22885572139303484	0.26113553113553123	0.18247224278312363	5	2	3	3	3	ENSG00000143373	0.9819869795482614	False
0.007665216751000176	0.22885572139303484	0.3317794012484543	0.3880494505494505	5	7	12	3	7	ENSG00000148690	0.9819869795482614	False
0.0013155028366428727	0.22885572139303484	0.1765180319332656	0.15052673526316332	18	7	18	8	15	ENSG00000148700	0.9819869795482614	False
0.005629291972958808	0.22885572139303484	0.20039099181499076	0.1901610017889088	6	7	11	4	6	ENSG00000151552	0.9819869795482614	False
0.008582020262322805	0.22885572139303484	0.27727497342367746	0.2813785355777419	8	7	13	4	10	ENSG00000155561	0.9819869795482614	False
0.012469275668919574	0.22885572139303484	0.290366532231932	0.25386767064812477	5	4	5	3	4	ENSG00000162928	0.9819869795482614	False
0.00233347309988318	0.22885572139303484	0.18679722216274824	0.1856098896543749	13	7	18	7	15	ENSG00000163597	0.9819869795482614	False
0.0008169673933452572	0.22885572139303484	0.12322487453499968	0.13294828600459915	9	7	15	4	9	ENSG00000163754	0.9819869795482614	False
0.0002427420614853409	0.22885572139303484	0.07742783727657879	0.05386175426736525	5	7	11	4	8	ENSG00000165752	0.9819869795482614	False
0.0010116045140011582	0.22885572139303484	0.16016680755521864	0.09743635445444553	14	7	18	6	14	ENSG00000167645	0.9819869795482614	False
0.00017343355397949936	0.22885572139303484	0.042667194630307353	0.031597706809982716	5	7	19	13	17	ENSG00000167863	0.9819869795482614	False
0.005163477672624787	0.22885572139303484	0.11701121262511624	0.1367567325357351	2	2	3	3	3	ENSG00000173281	0.9819869795482614	False
0.019038382295050265	0.22885572139303484	0.42006638416510245	0.41849534139897093	16	6	7	3	5	ENSG00000174227	0.9819869795482614	False
0.005436583362641082	0.22885572139303484	0.13567327507934626	0.056677342988441716	3	2	3	3	3	ENSG00000176658	0.9819869795482614	False
1.6992297003061572e-05	0.22885572139303484	0.03948569524249353	0.011650080963385644	5	7	17	8	12	ENSG00000177169	0.9819869795482614	False
0.0003611114095493372	0.22885572139303484	0.11053895160322086	0.09443120073878399	9	7	12	5	9	ENSG00000177409	0.9819869795482614	False
3.081405184557998e-05	0.22885572139303484	0.023036298171860644	0.016130257329803152	2	7	19	11	17	ENSG00000179051	0.9819869795482614	False
0.003838433666659109	0.22885572139303484	0.4736688201703445	0.28475838129167813	5	6	10	4	8	ENSG00000188511	0.9819869795482614	False
0.0011244264324601469	0.22885572139303484	0.09238703733564926	0.0922150139017609	2	2	3	3	3	ENSG00000228506	0.9819869795482614	False
0.0005682745109685397	0.22885572139303484	0.05265229860857046	0.05260951387206768	2	7	17	7	13	ENSG00000237190	0.9819869795482614	False
1.0256617077139412e-05	0.22885572139303484	0.013138757861635236	0.0035799522673031323	3	7	15	5	8	ENSG00000291082	0.9819869795482614	False
0.010488257172954835	0.23383084577114427	0.21527234148566235	0.22409460458240946	7	2	3	3	3	ENSG00000006194	0.9819869795482614	False
0.0018090643423559645	0.23383084577114427	0.23601489106096274	0.14716674390160522	5	7	14	3	9	ENSG00000048471	0.9819869795482614	False
0.013766272501386383	0.23383084577114427	0.2281028984743354	0.23351414180550173	4	3	4	3	3	ENSG00000081692	0.9819869795482614	False
0.0027654052683389256	0.23383084577114427	0.12339957121055761	0.1387395917458019	5	7	12	3	8	ENSG00000087269	0.9819869795482614	False
0.010973848949926809	0.23383084577114427	0.4025850988999984	0.3084862937804114	25	6	11	4	8	ENSG00000101901	0.9819869795482614	False
1.5030485875023495e-05	0.23383084577114427	0.01739609345427201	0.022810448402611448	5	7	19	10	15	ENSG00000109062	0.9819869795482614	False
0.0015632021985797144	0.23383084577114427	0.21246472710028372	0.23529168493229996	8	5	8	3	6	ENSG00000110906	0.9819869795482614	False
0.0162171488190337	0.23383084577114427	0.2562839727599453	0.26221881670406655	3	3	5	3	4	ENSG00000115129	0.9819869795482614	False
0.000793612938994926	0.23383084577114427	0.0898640713593397	0.08671324858855523	6	7	16	7	12	ENSG00000115446	0.9819869795482614	False
0.005166653760169001	0.23383084577114427	0.3535764191558781	0.21411993307065363	14	7	10	3	6	ENSG00000129187	0.9819869795482614	False
0.00022241241486529946	0.23383084577114427	0.14966133010378474	0.13532952221602523	5	7	19	4	13	ENSG00000131747	0.9819869795482614	False
0.02155703788886679	0.23383084577114427	0.4114226097324689	0.3157446808510639	8	3	4	3	3	ENSG00000134982	0.9819869795482614	False
2.265546425698164e-05	0.23383084577114427	0.019127760740041258	0.01650943396226414	6	7	10	4	6	ENSG00000135372	0.9819869795482614	False
0.0005212554366151492	0.23383084577114427	0.1248900671683838	0.09031596662558077	25	7	19	10	17	ENSG00000137776	0.9819869795482614	False
0.03265211836357964	0.23383084577114427	0.3161793782012361	0.21266382914893214	6	2	3	3	3	ENSG00000145416	0.9819869795482614	False
0.0010807440019914181	0.23383084577114427	0.10124086631114614	0.1195879068219494	13	7	11	4	7	ENSG00000145604	0.9819869795482614	False
0.02411140099496023	0.23383084577114427	0.3235218614775547	0.3290007039905146	8	6	11	3	8	ENSG00000150787	0.9819869795482614	False
0.0006543914083987916	0.23383084577114427	0.09002225625686873	0.09296605553957937	3	7	19	9	15	ENSG00000158716	0.9819869795482614	False
0.0023910947922806017	0.23383084577114427	0.11833246247136764	0.2571382628958481	10	7	16	6	11	ENSG00000160570	0.9819869795482614	False
0.00042767109978481183	0.23383084577114427	0.14707795590985445	0.11243931900540147	11	7	17	6	10	ENSG00000163166	0.9819869795482614	False
0.008403123423487521	0.23383084577114427	0.2972773790536948	0.23529411764705882	6	3	5	3	4	ENSG00000167925	0.9819869795482614	False
0.0002714130873842793	0.23383084577114427	0.06985881804710097	0.04227311206106946	5	7	18	8	13	ENSG00000169288	0.9819869795482614	False
0.0011758246004860595	0.23383084577114427	0.12567599172499538	0.09088286763716077	8	7	17	6	11	ENSG00000171109	0.9819869795482614	False
0.05733130434342659	0.23383084577114427	0.44722561389228055	0.33994377326950836	4	2	3	3	3	ENSG00000173264	0.9819869795482614	False
0.00011846252380056947	0.23383084577114427	0.06075653016806411	0.036437988009870685	5	7	13	6	10	ENSG00000177666	0.9819869795482614	False
9.775241350604788e-05	0.23383084577114427	0.05194310385510625	0.047061482820976525	2	7	9	3	7	ENSG00000178951	0.9819869795482614	False
0.007451955877537779	0.23383084577114427	0.22073705047389255	0.2067200712060525	5	5	8	3	4	ENSG00000186063	0.9819869795482614	False
0.00030293670248776383	0.23383084577114427	0.14878642660169278	0.06875739834277124	12	7	18	9	14	ENSG00000196954	0.9819869795482614	False
0.0032083552686608978	0.23383084577114427	0.195867229822485	0.21650277610542507	5	7	18	6	14	ENSG00000198168	0.9819869795482614	False
0.0004952676582480429	0.23383084577114427	0.1256175114367345	0.07201473451468142	6	7	18	7	13	ENSG00000198771	0.9819869795482614	False
0.0028607826893128083	0.23383084577114427	0.1706741555634903	0.4011025980826671	7	7	12	3	9	ENSG00000206337	0.9819869795482614	False
0.0076614205055584896	0.23383084577114427	0.24644468254905771	0.1959340887529875	8	4	4	3	4	ENSG00000232645	0.9819869795482614	False
1.8652560713052144e-05	0.23383084577114427	0.014492753623188439	0.009615384615384599	2	4	4	3	4	ENSG00000271254	0.9819869795482614	False
0.00833252129960595	0.23383084577114427	0.34544591881548403	0.3233044365119837	16	2	3	3	3	ENSG00000285756	0.9819869795482614	False
0.010336022422177595	0.23383084577114427	0.28801656222183936	0.27335423197492165	6	6	10	3	6	ENSG00000291201	0.9819869795482614	False
0.012418833236782681	0.23880597014925373	0.17806166687311223	0.20171875	5	2	4	4	4	ENSG00000006607	0.9819869795482614	False
0.001216006982673465	0.23880597014925373	0.18469246925319244	0.24648238975565373	7	7	13	4	8	ENSG00000011295	0.9819869795482614	False
9.077737254991982e-05	0.23880597014925373	0.06169497475906989	0.02574480578452775	10	7	18	7	13	ENSG00000085117	0.9819869795482614	False
0.003834029536707536	0.23880597014925373	0.36560983016770476	0.3243023454887861	5	7	12	3	8	ENSG00000091436	0.9819869795482614	False
0.0047404806656626995	0.23880597014925373	0.4669710401681424	0.5386027536970934	4	7	8	3	5	ENSG00000096060	0.9819869795482614	False
0.018219052971179237	0.23880597014925373	0.34664372560787027	0.4312744216556116	12	7	11	4	7	ENSG00000101246	0.9819869795482614	False
0.008086118805313016	0.23880597014925373	0.2973561763821888	0.32505999747379055	30	7	13	3	7	ENSG00000102977	0.9819869795482614	False
3.866784516949165e-05	0.23880597014925373	0.015021495548559659	0.014084507042253535	5	7	14	4	9	ENSG00000105321	0.9819869795482614	False
0.0008445576672605299	0.23880597014925373	0.10593935639833958	0.14449511129948434	18	7	17	9	15	ENSG00000105323	0.9819869795482614	False
0.0027524571876789247	0.23880597014925373	0.3167205847505764	0.4735272916005882	12	7	8	3	5	ENSG00000107929	0.9819869795482614	False
0.0026536431381130998	0.23880597014925373	0.24070406012312356	0.20926800472255017	11	7	15	5	9	ENSG00000111364	0.9819869795482614	False
0.003959441062181095	0.23880597014925373	0.38570872397495976	0.3406546080964685	8	7	12	4	7	ENSG00000113845	0.9819869795482614	False
0.005481853958663026	0.23880597014925373	0.20634337068160594	0.19329205366357066	4	6	6	3	4	ENSG00000122687	0.9819869795482614	False
0.0019424688145228588	0.23880597014925373	0.2055784532745551	0.2000589750142523	21	7	18	8	15	ENSG00000126777	0.9819869795482614	False
0.0015567870760614868	0.23880597014925373	0.08802316891907089	0.25319710870169587	3	5	10	4	7	ENSG00000134970	0.9819869795482614	False
0.0015340800509016236	0.23880597014925373	0.27038500462426074	0.33992576882290565	16	7	14	6	10	ENSG00000137845	0.9819869795482614	False
4.655823903532089e-08	0.23880597014925373	0.0005617977528089728	0.0006341154090044632	2	7	18	4	12	ENSG00000143162	0.9819869795482614	False
2.8405807680919578e-06	0.23880597014925373	0.0041260553801912275	0.010642524969095232	2	7	16	6	13	ENSG00000144655	0.9819869795482614	False
0.0049862398458724155	0.23880597014925373	0.3096410155040293	0.2146947978740538	13	6	10	4	7	ENSG00000149499	0.9819869795482614	False
0.0004054359424916318	0.23880597014925373	0.07628910571165648	0.031043706200181882	5	2	3	3	3	ENSG00000151743	0.9819869795482614	False
0.0024387396377446077	0.23880597014925373	0.13422383227619983	0.1927919332510196	10	7	14	3	8	ENSG00000152223	0.9819869795482614	False
0.0011545106017455033	0.23880597014925373	0.22681850092588365	0.13800649095200632	11	7	14	5	10	ENSG00000162600	0.9819869795482614	False
0.002438765773541906	0.23880597014925373	0.39995657334578627	0.23786365877712035	12	7	10	3	6	ENSG00000163219	0.9819869795482614	False
0.003341534119835344	0.23880597014925373	0.21373273575735402	0.2206866984109609	11	7	14	5	12	ENSG00000163719	0.9819869795482614	False
0.0007815504010436889	0.23880597014925373	0.11379965850583151	0.07265033673043689	3	5	6	3	4	ENSG00000164323	0.9819869795482614	False
0.009447884599310202	0.23880597014925373	0.3707536634365902	0.2918893577121425	16	2	3	3	3	ENSG00000166801	0.9819869795482614	False
2.0889138121480815e-05	0.23880597014925373	0.030397965227674104	0.02814537714627409	2	5	8	3	6	ENSG00000169575	0.9819869795482614	False
0.001862492020636144	0.23880597014925373	0.3020919217162248	0.22676973033019776	10	7	14	6	9	ENSG00000170242	0.9819869795482614	False
0.00042133119179472566	0.23880597014925373	0.09221189258855977	0.07421365920971407	16	7	19	10	16	ENSG00000171960	0.9819869795482614	False
0.0022112767593028557	0.23880597014925373	0.15898903720153906	0.1135230024213075	5	6	8	3	6	ENSG00000175606	0.9819869795482614	False
0.004085806459707782	0.23880597014925373	0.39321714892386384	0.3421093343459488	15	6	9	3	5	ENSG00000189067	0.9819869795482614	False
2.943925035324395e-06	0.23880597014925373	0.012282135076252683	0.006993006993006985	2	7	16	8	11	ENSG00000204228	0.9819869795482614	False
4.6877620558939844e-07	0.23880597014925373	0.004397972974211006	0.0021836125144438336	3	7	19	11	17	ENSG00000205544	0.9819869795482614	False
0.002821611152405387	0.23880597014925373	0.27973129304399313	0.287317261415394	56	7	19	6	15	ENSG00000213928	0.9819869795482614	False
0.0020400835070101056	0.23880597014925373	0.183774265879529	0.6651588192564222	8	6	8	3	7	ENSG00000245904	0.9819869795482614	False
0.010530211154161345	0.23880597014925373	0.32238553113553114	0.2920293866049414	12	5	6	3	4	ENSG00000247240	0.9819869795482614	False
0.0005676883201530085	0.23880597014925373	0.09993703990213641	0.06821735810846676	2	7	16	7	12	ENSG00000263465	0.9819869795482614	False
0.018533031279080972	0.23880597014925373	0.1894048134659302	0.3351788102746731	7	7	15	7	12	ENSG00000264343	0.9819869795482614	False
0.0020172217162973943	0.23880597014925373	0.13693522439877115	0.1012833376488866	6	7	17	6	12	ENSG00000275052	0.9819869795482614	False
0.007042029418843993	0.23880597014925373	0.277495776361256	0.20297619047619048	8	5	7	3	5	ENSG00000284428	0.9819869795482614	False
0.0028874367708721983	0.24378109452736318	0.22761480280774343	0.20784683908572685	4	6	9	3	6	ENSG00000009844	0.9819869795482614	False
0.0028735261428590813	0.24378109452736318	0.1324863009906064	0.12222159340115168	13	7	13	4	9	ENSG00000013364	0.9819869795482614	False
0.001321462584308896	0.24378109452736318	0.22883592315971887	0.19710384153661467	15	7	17	6	10	ENSG00000100109	0.9819869795482614	False
0.004755726130854619	0.24378109452736318	0.16293185367733276	0.12210485778731361	3	2	3	3	3	ENSG00000101363	0.9819869795482614	False
0.015300683244767362	0.24378109452736318	0.2507426293184545	0.3742100062513864	14	7	18	5	12	ENSG00000103495	0.9819869795482614	False
0.0035225982052473404	0.24378109452736318	0.13954157533575878	0.08117965163805571	6	4	6	3	5	ENSG00000107537	0.9819869795482614	False
0.012784921021960143	0.24378109452736318	0.3688719790817955	0.4025456557830659	11	5	7	3	6	ENSG00000108061	0.9819869795482614	False
2.767870872388793e-07	0.24378109452736318	0.0017730496453900583	0.0011940298507462526	2	7	18	9	15	ENSG00000108819	0.9819869795482614	False
0.00543114781281	0.24378109452736318	0.19481913454543404	0.19978858350951373	4	7	13	3	8	ENSG00000111880	0.9819869795482614	False
7.929590399522306e-05	0.24378109452736318	0.03051948051948051	0.023529411764705896	2	5	8	3	5	ENSG00000113272	0.9819869795482614	False
0.0004653363592220115	0.24378109452736318	0.09127185222133852	0.06194941744813871	5	7	14	5	9	ENSG00000122779	0.9819869795482614	False
0.0002500980889084431	0.24378109452736318	0.032142857142857195	0.036585365853658555	3	5	5	3	4	ENSG00000130758	0.9819869795482614	False
0.0225878294584475	0.24378109452736318	0.6278296034458543	0.6128089887640449	28	6	8	3	6	ENSG00000135541	0.9819869795482614	False
1.8897286983147667e-05	0.24378109452736318	0.04604895773570468	0.01107754279959717	5	7	14	5	9	ENSG00000136444	0.9819869795482614	False
0.00013082225523180488	0.24378109452736318	0.049194094485913956	0.036601995374046306	3	7	15	5	10	ENSG00000137040	0.9819869795482614	False
3.773316262685416e-05	0.24378109452736318	0.027777777777777766	0.02013422818791946	3	7	11	4	8	ENSG00000143457	0.9819869795482614	False
0.008795574223170479	0.24378109452736318	0.325042586140147	0.317574736316545	17	3	4	3	4	ENSG00000148985	0.9819869795482614	False
0.004800614485637227	0.24378109452736318	0.14707905373745975	0.17291804860399207	5	3	5	3	4	ENSG00000153094	0.9819869795482614	False
0.0005176784818735383	0.24378109452736318	0.15416569467502594	0.0670859219246316	11	7	15	5	10	ENSG00000153339	0.9819869795482614	False
0.005070903033614682	0.24378109452736318	0.21121576994060215	0.27347159047105085	4	2	3	3	3	ENSG00000154102	0.9819869795482614	False
1.0648603585278472e-09	0.24378109452736318	0.0004662818765665853	0.0001144001144001147	2	7	19	13	17	ENSG00000163191	0.9819869795482614	False
0.0006499023172115341	0.24378109452736318	0.1565921965307946	0.08818719859259094	6	7	18	6	13	ENSG00000166266	0.9819869795482614	False
0.0037035412056243802	0.24378109452736318	0.30397244677732305	0.17662137318695598	5	7	10	3	6	ENSG00000167232	0.9819869795482614	False
0.01350603965134793	0.24378109452736318	0.16279534033067877	0.1912707545618938	2	5	7	3	4	ENSG00000168556	0.9819869795482614	False
0.003488072043542849	0.24378109452736318	0.14345941252720912	0.09538720684144605	3	2	3	3	3	ENSG00000171291	0.9819869795482614	False
0.0005705803089423598	0.24378109452736318	0.13248801384313674	0.10885003753217945	17	7	19	7	14	ENSG00000173821	0.9819869795482614	False
8.214709251217659e-06	0.24378109452736318	0.008859313648686553	0.005903087348092553	2	7	19	9	16	ENSG00000174903	0.9819869795482614	False
0.0048884758377728856	0.24378109452736318	0.18791597305645147	0.20460358056265987	17	7	14	5	9	ENSG00000176623	0.9819869795482614	False
0.0002713025704265211	0.24378109452736318	0.046847358273781524	0.037200732703516926	8	7	19	13	19	ENSG00000198258	0.9819869795482614	False
0.004436454369932968	0.24378109452736318	0.2679767520632537	0.24447667716898486	12	7	14	5	9	ENSG00000198586	0.9819869795482614	False
0.0003379278761856512	0.24378109452736318	0.05558699700312062	0.04247082887486442	10	7	19	7	15	ENSG00000198912	0.9819869795482614	False
0.0021648313128404405	0.24378109452736318	0.10924371036730585	0.12306780356572886	4	2	3	3	3	ENSG00000204160	0.9819869795482614	False
0.0009199648107312295	0.24378109452736318	0.13663872969242039	0.10887675391626221	7	7	19	9	16	ENSG00000204220	0.9819869795482614	False
0.002260556677053425	0.24378109452736318	0.04639095395313184	0.09477324122928646	5	7	19	12	19	ENSG00000205220	0.9819869795482614	False
0.006895742057500146	0.24378109452736318	0.38204390610491246	0.4757743150026108	10	6	10	3	6	ENSG00000225733	0.9819869795482614	False
0.02057779172206596	0.24378109452736318	0.5386916238997593	0.5243399339933994	4	6	7	3	5	ENSG00000250222	0.9819869795482614	False
0.0025860204778128193	0.24378109452736318	0.13545263628378312	0.10351431292926255	5	7	17	6	12	ENSG00000291317	0.9819869795482614	False
0.001652424805452518	0.24875621890547264	0.37176532364301684	0.14622397766756748	8	7	10	3	9	ENSG00000043093	0.9819869795482614	False
0.01151417571961864	0.24875621890547264	0.2908572319004596	0.36469534050179214	6	3	4	3	3	ENSG00000083828	0.9819869795482614	False
0.0010925452321890244	0.24875621890547264	0.2169900507179312	0.08598749608099879	41	7	19	11	17	ENSG00000104408	0.9819869795482614	False
0.00012243266451302917	0.24875621890547264	0.11180132123238863	0.05442757251999795	5	7	18	6	13	ENSG00000107625	0.9819869795482614	False
0.000696404439993471	0.24875621890547264	0.16655928754086652	0.10281506644798874	16	7	19	10	16	ENSG00000110200	0.9819869795482614	False
0.008164399741931479	0.24875621890547264	0.2987182711905795	0.2228395061728395	8	6	8	3	7	ENSG00000113621	0.9819869795482614	False
0.003404873480248025	0.24875621890547264	0.4492087106458777	0.28480540645054375	24	5	7	3	5	ENSG00000115295	0.9819869795482614	False
0.005317936903589893	0.24875621890547264	0.25675434376759776	0.20118665363674437	8	7	11	3	7	ENSG00000118007	0.9819869795482614	False
0.0013948780473256556	0.24875621890547264	0.2741497298496004	0.1742452594810379	6	7	15	3	9	ENSG00000121152	0.9819869795482614	False
0.0015933154489450718	0.24875621890547264	0.11086379819247592	0.10817133177381628	3	7	15	6	10	ENSG00000123080	0.9819869795482614	False
0.0019039072740057049	0.24875621890547264	0.1703772664125871	0.17058897059979553	9	7	19	11	17	ENSG00000125354	0.9819869795482614	False
0.0038344122819668858	0.24875621890547264	0.1727328346917627	0.15767577828961596	6	7	19	8	16	ENSG00000125445	0.9819869795482614	False
0.001803711181477954	0.24875621890547264	0.11550090896075914	0.11470219248461676	3	6	12	5	8	ENSG00000125870	0.9819869795482614	False
0.001406163808692315	0.24875621890547264	0.14715000762591854	0.1780072028811525	5	7	16	6	9	ENSG00000135842	0.9819869795482614	False
0.010167401580358124	0.24875621890547264	0.32282746749163826	0.3267514089431898	9	3	4	3	3	ENSG00000138399	0.9819869795482614	False
0.007214240664275294	0.24875621890547264	0.39200426859598003	0.31457831446743745	10	5	8	3	5	ENSG00000141698	0.9819869795482614	False
0.0006162987700159045	0.24875621890547264	0.08452883418911342	0.0512315029216034	3	7	19	11	17	ENSG00000146425	0.9819869795482614	False
0.0005205370964638712	0.24875621890547264	0.0930842324060994	0.1712218150781666	8	7	19	11	17	ENSG00000147168	0.9819869795482614	False
0.005170355413756261	0.24875621890547264	0.19500957481223682	0.16488643003213554	8	7	14	4	8	ENSG00000148824	0.9819869795482614	False
0.00013430081049936766	0.24875621890547264	0.04528970783084005	0.043101106556667136	8	7	19	11	17	ENSG00000149932	0.9819869795482614	False
0.0009523702070120468	0.24875621890547264	0.19328572282451761	0.1398751063481935	9	7	19	13	19	ENSG00000152795	0.9819869795482614	False
0.0046948037902735835	0.24875621890547264	0.29009096709329346	0.22213969090691268	9	6	9	3	6	ENSG00000160055	0.9819869795482614	False
0.0001397163579559769	0.24875621890547264	0.15403248277075185	0.160533403084554	6	7	12	5	8	ENSG00000160654	0.9819869795482614	False
0.0007773019463830607	0.24875621890547264	0.1320914827973121	0.14117185712885197	4	7	12	4	8	ENSG00000160972	0.9819869795482614	False
0.00039234019104402823	0.24875621890547264	0.12339578161789451	0.08087853114685933	6	7	9	3	6	ENSG00000161671	0.9819869795482614	False
0.003012528670356461	0.24875621890547264	0.22016070529209975	0.18237834792610502	6	5	6	3	4	ENSG00000164576	0.9819869795482614	False
0.013152070059842362	0.24875621890547264	0.1731074772572753	0.26868167344528626	6	7	14	4	10	ENSG00000164751	0.9819869795482614	False
0.008399662627568395	0.24875621890547264	0.1753050144902551	0.29402922488436484	4	7	19	7	12	ENSG00000165060	0.9819869795482614	False
0.011852178716230594	0.24875621890547264	0.2156917473062002	0.3117908763863167	8	7	11	3	7	ENSG00000165209	0.9819869795482614	False
0.021412680524706715	0.24875621890547264	0.44499231978366915	0.6490681470571574	6	6	15	3	9	ENSG00000168734	0.9819869795482614	False
0.0002149506502107774	0.24875621890547264	0.03461145859011152	0.03324868968597998	3	7	17	6	11	ENSG00000171861	0.9819869795482614	False
0.004490636519332374	0.24875621890547264	0.22194779909086043	0.16692975114680114	6	7	16	6	10	ENSG00000175221	0.9819869795482614	False
0.007060078448290277	0.24875621890547264	0.17543957562614276	0.23228397157474506	5	5	7	3	5	ENSG00000196072	0.9819869795482614	False
0.003674217110074457	0.24875621890547264	0.20827804443179296	0.23390922802687508	12	7	17	6	13	ENSG00000197157	0.9819869795482614	False
0.004077734037946604	0.24875621890547264	0.5389842847587779	0.49602261733278863	44	7	12	3	10	ENSG00000197535	0.9819869795482614	False
0.0007531764151745955	0.24875621890547264	0.04890326045930957	0.04831817220224245	4	4	5	3	4	ENSG00000197776	0.9819869795482614	False
0.0012928828116525537	0.24875621890547264	0.1740486802541787	0.1644943109987358	9	7	15	5	9	ENSG00000197930	0.9819869795482614	False
0.00037286391677957757	0.24875621890547264	0.08536121980665948	0.07111814902788778	3	7	16	6	12	ENSG00000204619	0.9819869795482614	False
0.006548142890412475	0.24875621890547264	0.37038698967180167	0.4237704918032787	8	5	6	3	4	ENSG00000219626	0.9819869795482614	False
0.0014274788701571677	0.24875621890547264	0.1266542412416573	0.17500891020150275	19	7	19	10	17	ENSG00000253729	0.9819869795482614	False
0.006761303799420859	0.24875621890547264	0.4136604735389873	0.15608396481142758	3	2	3	3	3	ENSG00000290680	0.9819869795482614	False
0.0016587346716166172	0.2537313432835821	0.2687294194583806	0.32340225563909775	6	7	10	4	6	ENSG00000069849	0.9819869795482614	False
4.323547581212194e-05	0.2537313432835821	0.03209705510456401	0.030669310552413953	5	7	19	9	17	ENSG00000081320	0.9819869795482614	False
9.137755904596096e-05	0.2537313432835821	0.09548106858263469	0.03141665377735905	21	7	19	9	17	ENSG00000087191	0.9819869795482614	False
0.00465630515339373	0.2537313432835821	0.30075252786302004	0.28042114299420545	17	7	14	4	9	ENSG00000092531	0.9819869795482614	False
4.5420599515608275e-05	0.2537313432835821	0.029824257942640462	0.01565829341548321	6	7	19	12	18	ENSG00000100097	0.9819869795482614	False
0.0006196964782235546	0.2537313432835821	0.04736000792861862	0.0673749003467008	2	7	17	6	11	ENSG00000102753	0.9819869795482614	False
0.012772643066006817	0.2537313432835821	0.35119589316050387	0.33689377418429844	6	6	9	5	6	ENSG00000103591	0.9819869795482614	False
1.5989780503625596e-05	0.2537313432835821	0.0332302434191422	0.012396604128851695	10	7	19	13	17	ENSG00000105404	0.9819869795482614	False
0.006254541411533235	0.2537313432835821	0.2808435116457315	0.24451620343674313	6	7	6	3	5	ENSG00000108469	0.9819869795482614	False
0.02723186258782088	0.2537313432835821	0.4345409537190358	0.45326994134518483	20	2	3	3	3	ENSG00000112367	0.9819869795482614	False
0.008025300011393805	0.2537313432835821	0.5993707851955435	0.5001635687732342	10	7	9	3	4	ENSG00000115085	0.9819869795482614	False
0.0008606662184553405	0.2537313432835821	0.06931646052452174	0.07225283682446695	3	4	6	3	5	ENSG00000119431	0.9819869795482614	False
0.0073063502662878465	0.2537313432835821	0.30635834673042006	0.3332014714309481	13	7	12	4	9	ENSG00000124596	0.9819869795482614	False
9.090980678009414e-05	0.2537313432835821	0.09779153542608501	0.049584772964530295	24	7	19	11	18	ENSG00000130429	0.9819869795482614	False
0.011748739435841548	0.2537313432835821	0.2743603231940546	0.2947484798231067	11	7	12	3	9	ENSG00000131966	0.9819869795482614	False
0.00016900833411427396	0.2537313432835821	0.03779497606455298	0.030798435228799624	8	7	19	8	15	ENSG00000133275	0.9819869795482614	False
0.0004308150752296463	0.2537313432835821	0.23173339959468434	0.28117594546339886	10	5	7	3	5	ENSG00000138378	0.9819869795482614	False
4.881338859460259e-05	0.2537313432835821	0.03429571923263755	0.037800911484979154	14	7	19	13	19	ENSG00000145425	0.9819869795482614	False
0.0029244942038835586	0.2537313432835821	0.17756314807159082	0.20111475409836066	8	7	10	3	8	ENSG00000151348	0.9819869795482614	False
0.00024139951017411505	0.2537313432835821	0.04056125104819787	0.030032969773090418	3	7	17	7	13	ENSG00000153147	0.9819869795482614	False
0.0038454123717041287	0.2537313432835821	0.15785735150167957	0.17634908755167278	7	7	16	5	12	ENSG00000159079	0.9819869795482614	False
0.0015624185809535358	0.2537313432835821	0.3841003808019121	0.25716246354434724	4	7	10	3	6	ENSG00000163159	0.9819869795482614	False
2.1231481516965172e-06	0.2537313432835821	0.024287068545689468	0.005808278893435616	11	7	19	13	19	ENSG00000166710	0.9819869795482614	False
0.0006687926206658159	0.2537313432835821	0.053867119695924	0.04587752309271297	2	3	5	3	4	ENSG00000169131	0.9819869795482614	False
0.003466922825444094	0.2537313432835821	0.2742360868674694	0.2103312990409765	5	4	6	3	5	ENSG00000169607	0.9819869795482614	False
0.029723803977718552	0.2537313432835821	0.455261868841638	0.47704991087344023	6	5	7	3	5	ENSG00000172058	0.9819869795482614	False
0.0006900008105008704	0.2537313432835821	0.11109653646485942	0.08954076027246759	6	7	12	4	7	ENSG00000172409	0.9819869795482614	False
0.0033569929496480213	0.2537313432835821	0.19185571323608108	0.2160972930373625	7	7	14	4	9	ENSG00000174799	0.9819869795482614	False
0.0012365756941058901	0.2537313432835821	0.12028767419687962	0.0773031095611741	2	4	4	3	3	ENSG00000178996	0.9819869795482614	False
1.52026802465084e-07	0.2537313432835821	0.003847635574928501	0.0015003537787248262	9	7	19	13	19	ENSG00000182774	0.9819869795482614	False
0.0009845518568794614	0.2537313432835821	0.0723085832020961	0.05278473986105733	5	2	3	3	3	ENSG00000184489	0.9819869795482614	False
0.0015450246783857906	0.2537313432835821	0.11766011891426878	0.10364594361416693	10	7	18	8	15	ENSG00000198791	0.9819869795482614	False
0.0004488330036264396	0.2537313432835821	0.05464041949152228	0.06049158741031441	8	7	16	9	13	ENSG00000203896	0.9819869795482614	False
0.0005537692021500997	0.2537313432835821	0.0698846918424056	0.10070423448201714	10	7	19	13	18	ENSG00000219200	0.9819869795482614	False
0.00399876300044832	0.2537313432835821	0.1466462990272515	0.1922462079148718	3	4	4	3	3	ENSG00000224505	0.9819869795482614	False
0.0014277970868017385	0.2537313432835821	0.15210232401199247	0.17684511464960695	11	7	12	4	8	ENSG00000266028	0.9819869795482614	False
0.013979657008884584	0.2537313432835821	0.22187706858345713	0.18471248246844318	3	2	3	3	3	ENSG00000290683	0.9819869795482614	False
0.005189291714100494	0.2537313432835821	0.34194557247350665	0.4227473742399116	30	7	13	4	7	ENSG00000291203	0.9819869795482614	False
0.00015251664388862065	0.25870646766169153	0.06440507150214696	0.06510274595380977	9	7	9	4	6	ENSG00000018189	0.9819869795482614	False
0.009188862525049038	0.25870646766169153	0.29886971357963166	0.31773879142300193	8	6	8	3	5	ENSG00000028116	0.9819869795482614	False
0.005272196402994888	0.25870646766169153	0.6587087047884321	0.8084733893557423	20	5	8	3	4	ENSG00000062485	0.9819869795482614	False
0.0010906976296004738	0.25870646766169153	0.1667480667480667	0.10189422832443427	5	7	10	3	6	ENSG00000063761	0.9819869795482614	False
0.0005711945748480626	0.25870646766169153	0.06078912438539774	0.05494505494505497	5	4	6	3	4	ENSG00000092853	0.9819869795482614	False
0.00039891365774815936	0.25870646766169153	0.057110984097365064	0.0488527678032051	6	7	19	10	15	ENSG00000100804	0.9819869795482614	False
0.00011023401343669712	0.25870646766169153	0.03948996857626304	0.032536917205906776	4	7	12	3	7	ENSG00000104885	0.9819869795482614	False
5.734600335075108e-06	0.25870646766169153	0.001965408805031412	0.006954102920723204	4	7	14	5	10	ENSG00000110871	0.9819869795482614	False
0.00315718127668809	0.25870646766169153	0.22238542391090835	0.21155072888638754	15	7	19	8	15	ENSG00000113013	0.9819869795482614	False
0.0010222173422885505	0.25870646766169153	0.07291666666666666	0.06999999999999997	3	4	5	3	4	ENSG00000114988	0.9819869795482614	False
0.0012594825591590295	0.25870646766169153	0.11063146146483424	0.11357416529830323	13	7	16	5	9	ENSG00000115548	0.9819869795482614	False
0.0030355623040751656	0.25870646766169153	0.1109034694034017	0.1278891246992343	5	7	11	3	6	ENSG00000117305	0.9819869795482614	False
0.002864107291681626	0.25870646766169153	0.1383798000213109	0.12646815550041357	5	7	10	4	5	ENSG00000119718	0.9819869795482614	False
0.0008084696817283414	0.25870646766169153	0.1091005888433388	0.08518058103884149	9	7	13	5	11	ENSG00000122068	0.9819869795482614	False
0.001043055096877374	0.25870646766169153	0.09713676563956548	0.12645182295317228	24	7	19	13	18	ENSG00000123349	0.9819869795482614	False
0.00027324604457383095	0.25870646766169153	0.06178157879954742	0.06049437867619686	7	7	11	3	7	ENSG00000123472	0.9819869795482614	False
2.7514704606845124e-05	0.25870646766169153	0.02260845239009531	0.01376554174067493	2	7	15	4	10	ENSG00000124702	0.9819869795482614	False
0.0024311423885294736	0.25870646766169153	0.2687236807760799	0.218874475575059	23	7	16	7	12	ENSG00000126214	0.9819869795482614	False
0.00014719347961693303	0.25870646766169153	0.06595033428844321	0.044572472326750365	4	7	10	3	7	ENSG00000128607	0.9819869795482614	False
0.012530695249163223	0.25870646766169153	0.25831373338476826	0.16948716449330445	5	4	6	3	4	ENSG00000138107	0.9819869795482614	False
1.7494033692636443e-06	0.25870646766169153	0.00709784043117372	0.0036991368680641154	3	7	14	5	11	ENSG00000139718	0.9819869795482614	False
0.0021567690265047786	0.25870646766169153	0.5023977607340233	0.5757568142601063	8	4	6	3	5	ENSG00000150768	0.9819869795482614	False
0.0016021645793934357	0.25870646766169153	0.14390876712776324	0.2829216003370696	7	7	18	7	14	ENSG00000163156	0.9819869795482614	False
0.0008436350586216709	0.25870646766169153	0.1951768069317146	0.12869837372905502	6	7	13	4	8	ENSG00000164209	0.9819869795482614	False
2.169409385642865e-05	0.25870646766169153	0.0078125	0.0167785234899329	3	7	10	3	7	ENSG00000166997	0.9819869795482614	False
7.80961812957807e-05	0.25870646766169153	0.011227008794777124	0.020183107195968754	7	7	19	13	19	ENSG00000167658	0.9819869795482614	False
4.26653222060895e-05	0.25870646766169153	0.008007722863156552	0.011284703820688373	3	2	3	3	3	ENSG00000171806	0.9819869795482614	False
0.008553011103704305	0.25870646766169153	0.24704573268863422	0.29590603129860027	11	7	10	3	6	ENSG00000172732	0.9819869795482614	False
0.0034529600407212932	0.25870646766169153	0.3958294393261752	0.3568713156484459	17	7	15	5	10	ENSG00000172890	0.9819869795482614	False
0.0022108571259693943	0.25870646766169153	0.22660489283424173	0.18591466692732517	2	7	10	3	8	ENSG00000173950	0.9819869795482614	False
1.47552962709919e-06	0.25870646766169153	0.003999999999999946	0.003952569169960463	2	7	12	3	8	ENSG00000176533	0.9819869795482614	False
0.0045644358446857635	0.25870646766169153	0.24271293595386778	0.2957142857142857	7	6	7	3	5	ENSG00000178607	0.9819869795482614	False
0.013174906597313036	0.25870646766169153	0.2501084960601764	0.26744897162085224	7	7	13	7	10	ENSG00000179029	0.9819869795482614	False
0.005072381012066892	0.25870646766169153	0.14895652967383183	0.08952403333039585	2	2	3	3	3	ENSG00000179841	0.9819869795482614	False
0.0005105333460046128	0.25870646766169153	0.07812242433268278	0.06733584852891208	8	7	19	13	18	ENSG00000184990	0.9819869795482614	False
7.571954849145819e-06	0.25870646766169153	0.005386357842420599	0.005329194684118868	2	7	19	9	17	ENSG00000205609	0.9819869795482614	False
0.00020434705909908173	0.25870646766169153	0.07340185210214613	0.037852916176848495	2	7	11	4	7	ENSG00000239789	0.9819869795482614	False
0.00012941186985441727	0.25870646766169153	0.05315481223077754	0.02914154348817263	7	7	19	13	17	ENSG00000243678	0.9819869795482614	False
0.0019493220794539806	0.263681592039801	0.2953952488586056	0.34598296927064054	7	7	14	3	9	ENSG00000055208	0.9819869795482614	False
0.004827309221316177	0.263681592039801	0.3240801837316173	0.37791802088921145	32	5	10	4	6	ENSG00000065357	0.9819869795482614	False
4.617939113400384e-06	0.263681592039801	0.014959722246336116	0.007947977431136379	9	7	19	13	18	ENSG00000083845	0.9819869795482614	False
0.0002306815739524138	0.263681592039801	0.08570181821198113	0.06853589967644257	6	7	19	8	15	ENSG00000085871	0.9819869795482614	False
8.125461816386221e-05	0.263681592039801	0.026595744680851127	0.01492537313432838	3	7	8	3	4	ENSG00000115425	0.9819869795482614	False
0.00409585555722643	0.263681592039801	0.3143425111769886	0.28241344343039265	9	5	5	3	4	ENSG00000115966	0.9819869795482614	False
2.226367773866595e-07	0.263681592039801	0.001481481481481449	0.0034989503149055376	3	3	4	3	3	ENSG00000116667	0.9819869795482614	False
0.0008805282152978519	0.263681592039801	0.1509069577872912	0.12301785605460414	10	7	16	5	11	ENSG00000123104	0.9819869795482614	False
0.001034341745482904	0.263681592039801	0.07942263796493927	0.07778292464130292	7	7	19	11	17	ENSG00000132182	0.9819869795482614	False
0.0011214870351646212	0.263681592039801	0.06309960203911169	0.11206376041540878	4	4	5	3	3	ENSG00000135823	0.9819869795482614	False
0.009069642499319252	0.263681592039801	0.26869500871427504	0.27017834160691295	12	6	8	3	7	ENSG00000137871	0.9819869795482614	False
0.0016302828482306945	0.263681592039801	0.12482449413013977	0.25927268959801075	4	3	6	3	5	ENSG00000145391	0.9819869795482614	False
0.0034858863438369902	0.263681592039801	0.2411385239161789	0.24609417005914436	21	7	14	5	10	ENSG00000152601	0.9819869795482614	False
0.0010925855263133823	0.263681592039801	0.08962022299096728	0.13566543447763713	7	7	16	6	11	ENSG00000153815	0.9819869795482614	False
0.0029881059055223837	0.263681592039801	0.17459948930267072	0.17701140937119225	7	7	14	4	10	ENSG00000154059	0.9819869795482614	False
0.0008246452457507743	0.263681592039801	0.11706412109238469	0.09795481875585178	4	7	15	4	9	ENSG00000157741	0.9819869795482614	False
0.0009937399861179978	0.263681592039801	0.1319405449164765	0.09608163499297728	10	7	18	6	11	ENSG00000159459	0.9819869795482614	False
0.005049781886363858	0.263681592039801	0.37774611236749633	0.3318068747173225	24	6	9	3	6	ENSG00000165699	0.9819869795482614	False
0.0058540404254396865	0.263681592039801	0.38112037760630635	0.4262844611528822	7	6	8	3	4	ENSG00000166900	0.9819869795482614	False
0.009277154543283674	0.263681592039801	0.12468422691294245	0.23294662835214447	5	7	18	10	14	ENSG00000167397	0.9819869795482614	False
6.270557143899463e-09	0.263681592039801	0.0021160535065809522	0.00016152363277076456	2	7	19	12	17	ENSG00000169442	0.9819869795482614	False
0.00028205969388605303	0.263681592039801	0.06217149957882591	0.03833376423319868	2	7	14	5	10	ENSG00000169964	0.9819869795482614	False
0.00862235999191472	0.263681592039801	0.270532708032708	0.2424035395926866	13	4	4	3	4	ENSG00000172943	0.9819869795482614	False
0.003333510976619674	0.263681592039801	0.11835595602873017	0.2337853948207156	6	7	19	13	19	ENSG00000173812	0.9819869795482614	False
0.00010261134852084891	0.263681592039801	0.06061558276147182	0.03337489660189675	4	7	19	11	17	ENSG00000176101	0.9819869795482614	False
0.0012445817846439779	0.263681592039801	0.10739291420281391	0.0961636658240528	15	7	18	7	13	ENSG00000178685	0.9819869795482614	False
0.0034019495683983514	0.263681592039801	0.3755552171938552	0.2616644110664922	5	5	8	3	7	ENSG00000180773	0.9819869795482614	False
6.097260772969492e-05	0.263681592039801	0.008321650781701176	0.019576435632033793	3	2	3	3	3	ENSG00000181847	0.9819869795482614	False
0.001413053838304719	0.263681592039801	0.19874463581379406	0.13687844334491348	6	7	14	6	12	ENSG00000198382	0.9819869795482614	False
0.001332067971303725	0.263681592039801	0.24052241027950264	0.22596458982495943	8	7	17	8	13	ENSG00000198624	0.9819869795482614	False
0.0003160806063344789	0.263681592039801	0.10545614661591378	0.10826989451195874	66	7	19	12	18	ENSG00000203875	0.9819869795482614	False
0.0009421363997611519	0.263681592039801	0.06328461589324846	0.09797570635406969	2	7	17	5	13	ENSG00000213337	0.9819869795482614	False
0.006225833600494973	0.263681592039801	0.11654537131252245	0.24217302856543366	4	7	18	6	12	ENSG00000244187	0.9819869795482614	False
0.0014372283035825942	0.263681592039801	0.36206480909313704	0.31463197827850015	4	7	17	3	10	ENSG00000291143	0.9819869795482614	False
0.0027034868611553763	0.26865671641791045	0.27865079365079365	0.272007200720072	3	7	9	3	5	ENSG00000004961	0.9819869795482614	False
0.0064439621215683	0.26865671641791045	0.28088482885324	0.1785146491028844	3	4	6	3	5	ENSG00000007038	0.9819869795482614	False
4.870783144479749e-06	0.26865671641791045	0.010394197861915146	0.006500033129036991	13	7	19	13	19	ENSG00000008988	0.9819869795482614	False
3.460227943103964e-05	0.26865671641791045	0.04486214121454708	0.020833887008224056	5	7	19	10	17	ENSG00000094916	0.9819869795482614	False
0.005253541893052731	0.26865671641791045	0.31146914554379623	0.2787658419732294	7	7	17	7	12	ENSG00000100162	0.9819869795482614	False
3.237194110068938e-05	0.26865671641791045	0.042371416436060086	0.014680680301531062	8	7	19	13	19	ENSG00000101608	0.9819869795482614	False
0.02999603303547607	0.26865671641791045	0.6098235500207392	0.7488760436737314	9	5	6	3	5	ENSG00000103227	0.9819869795482614	False
0.0035273871664742206	0.26865671641791045	0.11797912119520161	0.11414790996784566	6	2	3	3	3	ENSG00000104093	0.9819869795482614	False
0.006836156805282571	0.26865671641791045	0.12708358928019697	0.17183999528357502	7	2	3	3	3	ENSG00000107897	0.9819869795482614	False
7.025318693078223e-05	0.26865671641791045	0.03444407344464795	0.04748146325125413	2	7	12	5	11	ENSG00000111252	0.9819869795482614	False
0.0006940679186500254	0.26865671641791045	0.07651171579743005	0.09537368222891567	5	2	3	3	3	ENSG00000112294	0.9819869795482614	False
0.018227152044424145	0.26865671641791045	0.23765188938499754	0.3617936408616964	8	5	7	3	6	ENSG00000115687	0.9819869795482614	False
0.003094684208366958	0.26865671641791045	0.27902691235404664	0.25921967153369047	11	7	13	3	8	ENSG00000116750	0.9819869795482614	False
0.008280224577501459	0.26865671641791045	0.20705349915876226	0.20067314980152356	9	2	3	3	3	ENSG00000117020	0.9819869795482614	False
0.00018625179584033378	0.26865671641791045	0.034264955068562496	0.05693121693121693	2	2	3	3	3	ENSG00000117597	0.9819869795482614	False
0.004616024094713392	0.26865671641791045	0.21310587705826783	0.26420316735625626	9	7	11	4	8	ENSG00000121879	0.9819869795482614	False
0.0021365161146457683	0.26865671641791045	0.1142124588365694	0.11667974220884142	8	7	18	8	14	ENSG00000126768	0.9819869795482614	False
0.0025810112203377526	0.26865671641791045	0.15522770141030637	0.12500906914314736	3	4	5	3	4	ENSG00000127080	0.9819869795482614	False
0.012967581528368882	0.26865671641791045	0.3461305361305362	0.4095238095238095	11	5	6	3	4	ENSG00000133731	0.9819869795482614	False
0.001218651058951088	0.26865671641791045	0.2262951837100157	0.18549675444791983	11	7	18	7	15	ENSG00000138663	0.9819869795482614	False
0.0009176659709129178	0.26865671641791045	0.1165349866075836	0.13640744167289376	3	7	16	5	11	ENSG00000144231	0.9819869795482614	False
0.0050022330519637805	0.26865671641791045	0.26110327800023814	0.18085157798076462	6	2	3	3	3	ENSG00000150756	0.9819869795482614	False
0.0004295068413137891	0.26865671641791045	0.12894331791871955	0.07796887328465744	11	7	14	3	10	ENSG00000151247	0.9819869795482614	False
0.0008430382375126293	0.26865671641791045	0.1378896534598555	0.1300300625293917	15	7	19	10	16	ENSG00000157106	0.9819869795482614	False
0.005245113659242977	0.26865671641791045	0.25290689687263923	0.20895018526142445	5	7	15	5	11	ENSG00000160563	0.9819869795482614	False
0.01911577352081377	0.26865671641791045	0.27049741290654133	0.24129733401256576	6	2	3	3	3	ENSG00000169193	0.9819869795482614	False
0.0014651667725799448	0.26865671641791045	0.23111897381515617	0.21768610715979136	16	7	12	4	8	ENSG00000171503	0.9819869795482614	False
1.825838872350697e-05	0.26865671641791045	0.017042239928163293	0.01587918029184535	6	7	19	10	16	ENSG00000174547	0.9819869795482614	False
0.0004631650881416419	0.26865671641791045	0.06728186790646053	0.04838267452202463	3	5	8	4	6	ENSG00000174574	0.9819869795482614	False
0.00732385266763631	0.26865671641791045	0.33015065063321075	0.376909344194654	14	7	14	4	10	ENSG00000176715	0.9819869795482614	False
0.000658954985790905	0.26865671641791045	0.12797665123101679	0.13197959331471837	5	7	17	5	12	ENSG00000188010	0.9819869795482614	False
3.0372267917472096e-05	0.26865671641791045	0.020389807108993734	0.015151515151515143	5	7	19	7	13	ENSG00000196230	0.9819869795482614	False
2.83611785714514e-05	0.26865671641791045	0.0315348409979283	0.017763127242230836	9	5	9	3	6	ENSG00000196576	0.9819869795482614	False
0.002916244772055291	0.26865671641791045	0.24379452703008733	0.2037452004134884	27	7	19	9	14	ENSG00000198000	0.9819869795482614	False
8.211517578054531e-05	0.26865671641791045	0.0293170443333585	0.025006992339004528	8	7	19	13	19	ENSG00000213741	0.9819869795482614	False
4.226382087176893e-07	0.26865671641791045	0.0053605066365223775	0.0023248975391957994	8	7	19	13	19	ENSG00000231500	0.9819869795482614	False
0.006086304644285461	0.26865671641791045	0.29604755803564936	0.2893495215724556	16	6	12	5	9	ENSG00000246067	0.9819869795482614	False
0.004994947852916782	0.2736318407960199	0.19830918561062658	0.2691918203762806	14	7	18	7	15	ENSG00000013441	0.9819869795482614	False
0.0037546586132783328	0.2736318407960199	0.4039720563191416	0.30656878572363544	26	7	8	3	6	ENSG00000049167	0.9819869795482614	False
0.000742370232136881	0.2736318407960199	0.09328279017988277	0.08651455640518145	14	7	19	12	18	ENSG00000063046	0.9819869795482614	False
0.005971074449780677	0.2736318407960199	0.1868966602291235	0.3361723214518639	21	7	18	8	13	ENSG00000068831	0.9819869795482614	False
0.003638008291350793	0.2736318407960199	0.0973044398743299	0.12577386770935162	4	3	4	3	3	ENSG00000100395	0.9819869795482614	False
0.0031388443020123388	0.2736318407960199	0.1952063689290034	0.1721491913873896	27	7	17	7	12	ENSG00000100697	0.9819869795482614	False
5.767263081931167e-07	0.2736318407960199	0.0016129032258064596	0.002523659305993722	3	7	19	6	14	ENSG00000106305	0.9819869795482614	False
5.946913387407461e-05	0.2736318407960199	0.04808769600550942	0.028584859813219052	4	7	15	5	11	ENSG00000110852	0.9819869795482614	False
0.0026049669099178965	0.2736318407960199	0.3455881074249345	0.16441049842689187	9	3	4	3	3	ENSG00000112031	0.9819869795482614	False
0.011792689012217285	0.2736318407960199	0.3125670444965289	0.39999999999999997	27	7	15	6	13	ENSG00000114354	0.9819869795482614	False
0.0005932514776438532	0.2736318407960199	0.07137766632940712	0.1402956382289888	16	7	19	7	14	ENSG00000120008	0.9819869795482614	False
0.00031242643481095355	0.2736318407960199	0.10270079551167267	0.056909973958123174	15	7	18	9	16	ENSG00000123136	0.9819869795482614	False
0.00025117413533553917	0.2736318407960199	0.05138226451120135	0.05967678960030776	4	7	19	10	17	ENSG00000124562	0.9819869795482614	False
0.00022368106612827738	0.2736318407960199	0.09236643646437541	0.06700838313082523	7	7	19	9	16	ENSG00000126261	0.9819869795482614	False
0.0021145913492404697	0.2736318407960199	0.11160035666795547	0.2076768193864229	8	7	19	12	17	ENSG00000130066	0.9819869795482614	False
2.088063783732961e-06	0.2736318407960199	0.009476509920226934	0.0038192262653896367	2	7	18	6	12	ENSG00000130560	0.9819869795482614	False
0.001197052977988512	0.2736318407960199	0.13347235487077522	0.11070355169182043	8	7	17	6	13	ENSG00000134717	0.9819869795482614	False
0.0030476285727623776	0.2736318407960199	0.10897648514266596	0.12715077282006415	5	7	13	5	9	ENSG00000135108	0.9819869795482614	False
0.00556948030095101	0.2736318407960199	0.1493577144658302	0.18551234160990257	6	7	13	4	7	ENSG00000136932	0.9819869795482614	False
0.004365206714378647	0.2736318407960199	0.35096465090395457	0.2731864095500459	8	7	9	3	5	ENSG00000141219	0.9819869795482614	False
0.004831767287696196	0.2736318407960199	0.14636256138208387	0.21166636214142154	6	2	4	4	4	ENSG00000143156	0.9819869795482614	False
0.006527319299366717	0.2736318407960199	0.3220442093899778	0.2529292503752073	10	5	6	3	5	ENSG00000143799	0.9819869795482614	False
0.002012677584167912	0.2736318407960199	0.18442079043564277	0.23406881265427432	2	7	13	3	10	ENSG00000148110	0.9819869795482614	False
0.0040503901939737234	0.2736318407960199	0.2989251785153967	0.23101962222629746	7	5	11	3	6	ENSG00000148248	0.9819869795482614	False
0.0023358811372765935	0.2736318407960199	0.09583179514038133	0.1884440111753366	8	7	19	12	18	ENSG00000148362	0.9819869795482614	False
0.0020412646107244607	0.2736318407960199	0.16440646797579195	0.13795194732597385	7	7	18	7	13	ENSG00000151500	0.9819869795482614	False
0.0075706562250129885	0.2736318407960199	0.33794112844422997	0.3246753246753247	23	7	18	6	11	ENSG00000153015	0.9819869795482614	False
0.010060116045850977	0.2736318407960199	0.41673238513710426	0.3967730433232305	10	5	5	3	4	ENSG00000160953	0.9819869795482614	False
0.0024449443898702274	0.2736318407960199	0.21284491489620938	0.1256092988376453	9	7	8	3	5	ENSG00000164308	0.9819869795482614	False
0.004039440533874979	0.2736318407960199	0.14256553666658617	0.19900065212565213	2	6	10	4	7	ENSG00000165943	0.9819869795482614	False
0.009022122973579074	0.2736318407960199	0.29666671774910347	0.39388005611409865	16	6	10	3	6	ENSG00000167110	0.9819869795482614	False
1.8169406433317728e-05	0.2736318407960199	0.05627792231479648	0.0481204818666119	7	7	18	7	11	ENSG00000167286	0.9819869795482614	False
0.001627628741058062	0.2736318407960199	0.07907512885366144	0.20848629227524798	2	3	4	3	4	ENSG00000171169	0.9819869795482614	False
0.002595424336480756	0.2736318407960199	0.25246031609805436	0.16950253308634808	3	7	16	5	12	ENSG00000171700	0.9819869795482614	False
0.00037617746204617595	0.2736318407960199	0.02049180327868852	0.036764705882352935	3	5	7	3	5	ENSG00000175105	0.9819869795482614	False
0.0033040712130829337	0.2736318407960199	0.1633570004269782	0.25622387249676676	4	7	16	5	12	ENSG00000176542	0.9819869795482614	False
0.00035492256819597847	0.2736318407960199	0.13981177908518216	0.10975104158279725	8	6	10	3	6	ENSG00000177663	0.9819869795482614	False
8.00117554850716e-08	0.2736318407960199	0.0005760368663594389	0.0014925373134328157	2	3	4	3	4	ENSG00000184860	0.9819869795482614	False
0.001955482766001088	0.2736318407960199	0.10118646209922486	0.154674832810222	21	7	19	13	18	ENSG00000206503	0.9819869795482614	False
0.0019721006202853024	0.2736318407960199	0.14858493424312966	0.133772089691689	8	7	19	11	17	ENSG00000217555	0.9819869795482614	False
0.008855764807708826	0.2736318407960199	0.1846770847564866	0.11928433345169055	4	2	3	3	3	ENSG00000266053	0.9819869795482614	False
0.0004649709788238492	0.2736318407960199	0.016035941414046434	0.10735210735210732	2	3	4	3	4	ENSG00000290860	0.9819869795482614	False
0.007233090135940682	0.2736318407960199	0.3033060305765789	0.3033820319993328	16	7	7	3	6	ENSG00000291033	0.9819869795482614	False
0.008895312674967066	0.27860696517412936	0.17267413299789042	0.2507723549021855	12	7	18	6	14	ENSG00000047249	0.9819869795482614	False
0.00362162555636174	0.27860696517412936	0.21106294733841435	0.18576923076923074	4	5	7	3	4	ENSG00000064547	0.9819869795482614	False
0.0028974967882988653	0.27860696517412936	0.14140199113288643	0.1957931430856115	4	7	16	5	10	ENSG00000069345	0.9819869795482614	False
0.003351078834056631	0.27860696517412936	0.15078605664435346	0.15426017150155083	12	7	18	5	12	ENSG00000091140	0.9819869795482614	False
0.0014629343701818153	0.27860696517412936	0.17903003477431326	0.1328215450129749	9	7	18	9	14	ENSG00000101745	0.9819869795482614	False
0.006781566240157072	0.27860696517412936	0.318278219055581	0.2491879226795889	20	7	13	4	8	ENSG00000102710	0.9819869795482614	False
0.006005962009119465	0.27860696517412936	0.20791988941076164	0.18053478044085758	7	7	14	4	10	ENSG00000106397	0.9819869795482614	False
0.0005230587352659688	0.27860696517412936	0.05232778976898995	0.07728538579458355	6	7	17	7	11	ENSG00000107164	0.9819869795482614	False
0.0006844642566689825	0.27860696517412936	0.042306749975701496	0.07159532286398987	3	7	19	13	18	ENSG00000107223	0.9819869795482614	False
0.01608248530698652	0.27860696517412936	0.33686728792892867	0.3551598796981383	11	7	12	3	8	ENSG00000111581	0.9819869795482614	False
0.0021083263404013167	0.27860696517412936	0.26530703134328304	0.20389799701261543	9	7	12	5	8	ENSG00000115234	0.9819869795482614	False
0.002801334016910517	0.27860696517412936	0.2191482250527086	0.16451902368987797	9	7	12	4	7	ENSG00000115750	0.9819869795482614	False
0.0009157380322073442	0.27860696517412936	0.10453993667576765	0.062264202600958295	6	2	3	3	3	ENSG00000125246	0.9819869795482614	False
0.003750588098305604	0.27860696517412936	0.2061246173155563	0.14260526957009464	3	7	13	5	9	ENSG00000125652	0.9819869795482614	False
0.0025161154197656122	0.27860696517412936	0.26544697003305806	0.18079077140574612	4	7	14	4	10	ENSG00000125686	0.9819869795482614	False
1.53413935112366e-06	0.27860696517412936	0.005453306066803026	0.011952191235059756	2	4	6	3	5	ENSG00000125834	0.9819869795482614	False
0.0020176356572755095	0.27860696517412936	0.23501744088523274	0.23968155500413568	8	7	13	4	9	ENSG00000125844	0.9819869795482614	False
0.01172891736512296	0.27860696517412936	0.35856193412126514	0.42417046996422847	16	6	6	3	4	ENSG00000126001	0.9819869795482614	False
0.0011747849034578481	0.27860696517412936	0.07454852158082571	0.1004852597822882	9	7	19	12	17	ENSG00000132507	0.9819869795482614	False
0.002380963888547992	0.27860696517412936	0.1367774071073001	0.15361545292995754	39	7	19	12	19	ENSG00000135486	0.9819869795482614	False
0.004829401525154556	0.27860696517412936	0.3221484700381011	0.25617283950617287	6	7	12	3	8	ENSG00000145241	0.9819869795482614	False
0.008046301357822	0.27860696517412936	0.2624739504438753	0.258989898989899	10	5	5	3	3	ENSG00000160199	0.9819869795482614	False
3.0370516746420496e-06	0.27860696517412936	0.0023054755043227936	0.0041407867494823985	4	7	14	4	9	ENSG00000162517	0.9819869795482614	False
0.0016955277895868998	0.27860696517412936	0.3314319507332851	0.23705980446653369	7	7	10	3	7	ENSG00000163104	0.9819869795482614	False
0.002403597857508542	0.27860696517412936	0.154167974721529	0.2111203516692408	6	6	9	3	6	ENSG00000163659	0.9819869795482614	False
0.0006322196707260262	0.27860696517412936	0.09634328825161995	0.11527107240882795	11	7	17	7	15	ENSG00000164031	0.9819869795482614	False
0.0062740575629574285	0.27860696517412936	0.41418068902734184	0.39483595418365375	17	7	9	3	5	ENSG00000170791	0.9819869795482614	False
3.851338310842493e-05	0.27860696517412936	0.01591112692503497	0.018930372339809202	3	7	17	6	12	ENSG00000171425	0.9819869795482614	False
0.004759202274213022	0.27860696517412936	0.1373169724432748	0.15189156704297685	4	6	11	4	7	ENSG00000171867	0.9819869795482614	False
0.0077479794451710965	0.27860696517412936	0.24933452698220449	0.2548938769277752	11	7	14	5	9	ENSG00000173064	0.9819869795482614	False
0.0018728097066550062	0.27860696517412936	0.1634834693530346	0.1436691772061958	6	6	8	4	5	ENSG00000174915	0.9819869795482614	False
0.0039147893844878896	0.27860696517412936	0.17270107243150684	0.2145857842659335	12	7	17	4	11	ENSG00000178234	0.9819869795482614	False
2.60333914221463e-05	0.27860696517412936	0.01635401268785417	0.011747430249632883	2	7	12	4	10	ENSG00000189306	0.9819869795482614	False
0.0003655723713684351	0.27860696517412936	0.07505207913711863	0.04476508783474946	5	7	16	6	11	ENSG00000197771	0.9819869795482614	False
0.0015856330504268102	0.27860696517412936	0.1654107809670734	0.14682021084136676	3	7	15	4	10	ENSG00000204498	0.9819869795482614	False
0.010880967495874493	0.27860696517412936	0.18332883335767408	0.2617955874534822	3	3	4	3	3	ENSG00000234616	0.9819869795482614	False
0.001375113661997468	0.27860696517412936	0.1327579260157449	0.11932260943522373	20	7	18	7	15	ENSG00000275700	0.9819869795482614	False
0.001669699237956753	0.27860696517412936	0.20189932791860146	0.1734590848593327	5	5	6	3	4	ENSG00000290867	0.9819869795482614	False
0.0006423366414828689	0.2835820895522388	0.17521825852489792	0.07420204978038068	8	7	12	5	8	ENSG00000011454	0.9819869795482614	False
0.007492470831764382	0.2835820895522388	0.2603601512405619	0.2900634513799893	23	6	6	3	4	ENSG00000040341	0.9819869795482614	False
1.5077900947952214e-05	0.2835820895522388	0.04501253998825783	0.014639768323380868	4	7	18	8	14	ENSG00000054118	0.9819869795482614	False
1.4741514467709023e-05	0.2835820895522388	0.08273002119574628	0.049463866039953	3	7	14	3	11	ENSG00000066336	0.9819869795482614	False
0.00420646277989061	0.2835820895522388	0.31216050002814705	0.22894161198048124	4	7	6	3	4	ENSG00000077235	0.9819869795482614	False
0.0014572878413188473	0.2835820895522388	0.09213621016924642	0.11758591170355875	5	7	19	7	15	ENSG00000078061	0.9819869795482614	False
0.007925821728213182	0.2835820895522388	0.26869623699673584	0.335335384016827	5	5	6	3	5	ENSG00000078269	0.9819869795482614	False
1.2310419598423138e-05	0.2835820895522388	0.024661664603546896	0.013414634146341468	3	6	12	3	8	ENSG00000080819	0.9819869795482614	False
0.003372814205698977	0.2835820895522388	0.2875736253401669	0.1796834625322997	13	7	14	4	8	ENSG00000090316	0.9819869795482614	False
0.0005153291743440208	0.2835820895522388	0.0751633986928105	0.09536784741144413	4	5	10	3	6	ENSG00000097021	0.9819869795482614	False
0.0036720337533701517	0.2835820895522388	0.16937199695966365	0.16513979429233663	2	7	16	4	12	ENSG00000099800	0.9819869795482614	False
0.0017122662242083889	0.2835820895522388	0.1295134977285524	0.09767425115207377	4	7	14	5	10	ENSG00000101546	0.9819869795482614	False
0.010127819340201492	0.2835820895522388	0.27400524618834476	0.2658045977011494	12	2	3	3	3	ENSG00000101751	0.9819869795482614	False
0.0002726988648976379	0.2835820895522388	0.0863849879169619	0.05049124861734663	4	4	6	3	4	ENSG00000121621	0.9819869795482614	False
0.004576977493603915	0.2835820895522388	0.27950074902159505	0.32626221996817123	9	6	9	3	8	ENSG00000125089	0.9819869795482614	False
0.00018841534216949515	0.2835820895522388	0.021142102521014755	0.03251098028221658	6	6	7	3	5	ENSG00000127995	0.9819869795482614	False
0.0003044581604019331	0.2835820895522388	0.03781217402246481	0.046325889864888656	2	7	12	3	9	ENSG00000132406	0.9819869795482614	False
0.00019245695162253948	0.2835820895522388	0.03958327292122647	0.044969325671080085	4	7	19	11	18	ENSG00000134884	0.9819869795482614	False
0.0007292855987342013	0.2835820895522388	0.11740473936396106	0.11886522765026167	23	7	17	8	13	ENSG00000147010	0.9819869795482614	False
0.0021026393484382504	0.2835820895522388	0.28078179707796286	0.1644453071083506	26	7	14	6	10	ENSG00000159023	0.9819869795482614	False
0.005294592934458066	0.2835820895522388	0.21939968022281903	0.17684164335472552	5	4	4	3	3	ENSG00000165675	0.9819869795482614	False
0.01190067812067571	0.2835820895522388	0.2698266284171864	0.20998053667719596	5	3	4	3	3	ENSG00000168890	0.9819869795482614	False
0.005793237850053599	0.2835820895522388	0.25973338184901995	0.30098701145874707	3	7	17	7	12	ENSG00000173457	0.9819869795482614	False
0.0016040067878638168	0.2835820895522388	0.09451207443339993	0.09448269835027547	2	7	18	8	14	ENSG00000173674	0.9819869795482614	False
2.8299046203605095e-06	0.2835820895522388	0.0022831050228310362	0.004784688995215324	2	6	8	3	7	ENSG00000175893	0.9819869795482614	False
0.0015585735910696864	0.2835820895522388	0.19073282391919594	0.19828493265993266	6	7	12	4	9	ENSG00000184205	0.9819869795482614	False
0.004627035231384198	0.2835820895522388	0.5537769310552411	0.6953313624045331	22	7	9	3	6	ENSG00000197943	0.9819869795482614	False
6.081855650154083e-05	0.2835820895522388	0.03125	0.017964071856287466	3	6	9	4	7	ENSG00000204590	0.9819869795482614	False
0.00013777917840018466	0.2835820895522388	0.04525443460032451	0.04255582446329409	2	7	17	5	13	ENSG00000290838	0.9819869795482614	False
0.005378927949971585	0.2835820895522388	0.25231199925806924	0.29959038618365763	11	6	9	5	6	ENSG00000291136	0.9819869795482614	False
0.004018293400803804	0.2835820895522388	0.09105762148853569	0.1293330145828353	3	4	6	3	5	ENSG00000291214	0.9819869795482614	False
0.000496648275505059	0.2885572139303483	0.13362067515677675	0.10753995363905058	14	7	18	8	13	ENSG00000009790	0.9819869795482614	False
8.001022815946574e-06	0.2885572139303483	0.0244663259022011	0.02896000866898963	9	7	17	8	11	ENSG00000010610	0.9819869795482614	False
0.0042648909689240065	0.2885572139303483	0.16185546514289423	0.24037272967390338	24	7	19	12	18	ENSG00000015479	0.9819869795482614	False
0.002357597013455978	0.2885572139303483	0.1159950419479544	0.18495087467050086	7	6	5	3	4	ENSG00000066697	0.9819869795482614	False
0.009732363042388122	0.2885572139303483	0.23228502124084452	0.08409965782720276	3	2	3	3	3	ENSG00000069248	0.9819869795482614	False
0.04310402709218821	0.2885572139303483	0.26628047123431486	0.42445910213159	14	7	19	8	16	ENSG00000100519	0.9819869795482614	False
0.00040230100522700837	0.2885572139303483	0.09639148850065238	0.10721340855352271	17	7	19	8	15	ENSG00000101109	0.9819869795482614	False
0.013116875151306811	0.2885572139303483	0.3162405352389441	0.30729657892480494	8	4	5	3	3	ENSG00000114353	0.9819869795482614	False
0.00134316013931962	0.2885572139303483	0.13263321346845375	0.0987157370136093	8	5	9	3	6	ENSG00000117298	0.9819869795482614	False
0.00592752162551546	0.2885572139303483	0.3524870609339497	0.3286961946350593	19	5	7	3	6	ENSG00000117569	0.9819869795482614	False
0.009781757345526424	0.2885572139303483	0.32181016222912434	0.3999428310789363	25	7	14	5	9	ENSG00000130414	0.9819869795482614	False
5.419503554208106e-05	0.2885572139303483	0.03617245162940648	0.044477931019709066	4	7	19	13	18	ENSG00000130770	0.9819869795482614	False
0.0019262655969808616	0.2885572139303483	0.0933915160166005	0.11673414304993249	4	7	9	3	6	ENSG00000138459	0.9819869795482614	False
0.0038457510132406804	0.2885572139303483	0.2109013105429984	0.19890555001173657	8	7	11	4	9	ENSG00000139154	0.9819869795482614	False
0.0058008503902064155	0.2885572139303483	0.1820211082708441	0.2484767278670725	12	7	9	3	6	ENSG00000141499	0.9819869795482614	False
0.000979072499862438	0.2885572139303483	0.1472872638556925	0.08216836527728433	5	7	17	7	10	ENSG00000151502	0.9819869795482614	False
4.326434745535353e-05	0.2885572139303483	0.016303935880159607	0.017872340425531895	2	7	17	6	10	ENSG00000159596	0.9819869795482614	False
0.005002575117823004	0.2885572139303483	0.13240740740740736	0.13859649122807016	3	2	3	3	3	ENSG00000160229	0.9819869795482614	False
0.0018001563364304532	0.2885572139303483	0.11994839174062086	0.2959335169039907	10	7	18	10	16	ENSG00000162585	0.9819869795482614	False
3.9411647077240225e-05	0.2885572139303483	0.04157788226390763	0.024733544870230263	3	7	14	5	10	ENSG00000165169	0.9819869795482614	False
0.003930767075832819	0.2885572139303483	0.10458430108122624	0.17565231572080886	32	7	19	10	16	ENSG00000166598	0.9819869795482614	False
0.00932322739606807	0.2885572139303483	0.16327454250817286	0.1705287415183715	2	5	6	3	4	ENSG00000166716	0.9819869795482614	False
0.00017384783423662453	0.2885572139303483	0.09714043679092613	0.10541454685143024	6	7	18	7	15	ENSG00000170515	0.9819869795482614	False
0.004185884339899628	0.2885572139303483	0.21673266256575144	0.1864377673980453	5	5	4	3	3	ENSG00000185716	0.9819869795482614	False
8.53594531533429e-06	0.2885572139303483	0.011858800274512462	0.014052426923810764	3	7	19	13	18	ENSG00000240972	0.9819869795482614	False
4.3364772319540784e-06	0.2885572139303483	0.028025423234470777	0.012911439076179003	4	7	19	13	18	ENSG00000254772	0.9819869795482614	False
0.005649619992640115	0.2935323383084577	0.320721386108541	0.25233644859813087	18	7	16	7	9	ENSG00000058262	0.9819869795482614	False
0.002694717666253166	0.2935323383084577	0.1690566258888192	0.17063451776649746	5	7	15	4	10	ENSG00000068784	0.9819869795482614	False
0.003143584419262974	0.2935323383084577	0.33355192312907045	0.24808562478245735	13	5	7	3	4	ENSG00000074706	0.9819869795482614	False
7.736165669610661e-05	0.2935323383084577	0.029420507939327798	0.022465048307271585	6	7	18	10	15	ENSG00000083457	0.9819869795482614	False
1.4627343762174297e-05	0.2935323383084577	0.014450864126204896	0.009857725569108609	5	7	18	10	16	ENSG00000089693	0.9819869795482614	False
0.001958142652831321	0.2935323383084577	0.23328014177383405	0.26837780605208594	27	7	16	8	13	ENSG00000101160	0.9819869795482614	False
0.0036036361174000657	0.2935323383084577	0.2926972383946512	0.3418787524573614	4	6	9	3	6	ENSG00000102241	0.9819869795482614	False
9.964657667473462e-05	0.2935323383084577	0.11515832430652019	0.044555759556292554	15	7	19	13	17	ENSG00000106028	0.9819869795482614	False
0.005745295476481451	0.2935323383084577	0.30178297982894475	0.2285714285714286	4	7	12	4	8	ENSG00000110063	0.9819869795482614	False
0.0002866552260953875	0.2935323383084577	0.0611888111888112	0.03816793893129769	3	5	7	3	4	ENSG00000110092	0.9819869795482614	False
0.00015371569971517186	0.2935323383084577	0.08730508825473028	0.05442397563928716	7	7	19	12	18	ENSG00000116251	0.9819869795482614	False
0.0026905412645252948	0.2935323383084577	0.2372158074361883	0.19363130056340153	17	7	16	6	11	ENSG00000129292	0.9819869795482614	False
3.2202353766845925e-06	0.2935323383084577	0.005001247212289113	0.006730248532240153	3	7	19	13	17	ENSG00000130303	0.9819869795482614	False
0.002369862613748304	0.2935323383084577	0.1806016386024537	0.1309720681056186	11	7	17	7	12	ENSG00000135048	0.9819869795482614	False
0.001263171089918583	0.2935323383084577	0.07448138367054213	0.06767774584530797	2	5	9	5	6	ENSG00000139233	0.9819869795482614	False
0.0016809325456797399	0.2935323383084577	0.08578108935124876	0.14519865457004108	12	7	18	7	15	ENSG00000140740	0.9819869795482614	False
0.0026922065152596426	0.2935323383084577	0.1517521442115698	0.1926282465434811	11	7	18	8	14	ENSG00000141295	0.9819869795482614	False
0.0022225251675237214	0.2935323383084577	0.36795769755050145	0.40743810910720285	7	6	11	3	8	ENSG00000156273	0.9819869795482614	False
2.585375681103836e-07	0.2935323383084577	0.0016482457873064193	0.0019442644199611048	2	7	18	7	11	ENSG00000158050	0.9819869795482614	False
9.877480836614963e-05	0.2935323383084577	0.08227473083947585	0.04277290500258435	5	7	18	8	15	ENSG00000160446	0.9819869795482614	False
1.9732273629532585e-06	0.2935323383084577	0.00977456015565425	0.0037058117408968576	3	7	19	13	18	ENSG00000162511	0.9819869795482614	False
6.879735928484055e-06	0.2935323383084577	0.026015295845100733	0.013372320800063096	6	7	19	10	17	ENSG00000168906	0.9819869795482614	False
0.0024782137134065933	0.2935323383084577	0.1289100967508182	0.12150854449027697	12	7	17	6	13	ENSG00000171566	0.9819869795482614	False
0.00010754106360468763	0.2935323383084577	0.03424665015022994	0.022915153393958203	5	7	19	9	16	ENSG00000181061	0.9819869795482614	False
1.7280096109453838e-05	0.2935323383084577	0.08621166116314533	0.03808283661455071	8	7	15	4	11	ENSG00000196139	0.9819869795482614	False
7.485672474549632e-06	0.2935323383084577	0.03240323377084745	0.007898650788056955	5	7	19	13	19	ENSG00000198755	0.9819869795482614	False
9.586999114485206e-06	0.2935323383084577	0.018449030644152598	0.00645161290322584	4	7	18	6	13	ENSG00000204568	0.9819869795482614	False
0.009355752061033375	0.2935323383084577	0.2451148999368583	0.1771010598596805	6	2	3	3	3	ENSG00000237310	0.9819869795482614	False
0.005600458678881511	0.2935323383084577	0.15895492507060183	0.10052910052910052	3	2	3	3	3	ENSG00000254860	0.9819869795482614	False
0.011348736452242575	0.29850746268656714	0.3687952627129243	0.5022641731357328	5	4	6	3	3	ENSG00000002834	0.9819869795482614	False
0.00014404597184354168	0.29850746268656714	0.03791188235632677	0.028042212423043132	7	7	14	5	10	ENSG00000004975	0.9819869795482614	False
0.004765175929617338	0.29850746268656714	0.29688332280244045	0.21734693877551023	7	7	10	3	5	ENSG00000007376	0.9819869795482614	False
0.0031987683197278625	0.29850746268656714	0.17048466522372732	0.21568770450541153	20	7	19	8	16	ENSG00000078674	0.9819869795482614	False
0.0011184410791114147	0.29850746268656714	0.15928287659460796	0.18483714888870195	19	7	19	10	16	ENSG00000085224	0.9819869795482614	False
0.0009209666557159974	0.29850746268656714	0.11503103370030583	0.09815549644616926	13	7	17	6	12	ENSG00000090581	0.9819869795482614	False
0.005408716617655817	0.29850746268656714	0.2821778896384532	0.2620166275559249	28	7	13	5	10	ENSG00000092330	0.9819869795482614	False
0.00029133809466515016	0.29850746268656714	0.03623759771545609	0.04479578392621867	6	7	18	7	13	ENSG00000095319	0.9819869795482614	False
0.002862774650952472	0.29850746268656714	0.16587973056615707	0.21686150944006877	4	7	12	6	8	ENSG00000102738	0.9819869795482614	False
0.01547678296418453	0.29850746268656714	0.30012388765832765	0.28748809611017506	8	2	3	3	3	ENSG00000111335	0.9819869795482614	False
0.000242291030723408	0.29850746268656714	0.09827646035529126	0.04032267384746958	12	7	15	5	11	ENSG00000120656	0.9819869795482614	False
2.9517317987512454e-06	0.29850746268656714	0.008693482383471372	0.003921568627450973	2	7	17	5	12	ENSG00000122971	0.9819869795482614	False
2.9263228708806692e-05	0.29850746268656714	0.03758709204253761	0.012383900928792586	4	7	16	6	12	ENSG00000126461	0.9819869795482614	False
0.0010247709404759414	0.29850746268656714	0.08977716115658008	0.09304888794503252	9	7	19	10	16	ENSG00000128739	0.9819869795482614	False
0.013767546714177799	0.29850746268656714	0.3736830891073187	0.3616684787980626	6	3	4	3	3	ENSG00000135315	0.9819869795482614	False
0.006325375313471188	0.29850746268656714	0.41258655248102677	0.38243978243978244	10	5	7	3	5	ENSG00000138709	0.9819869795482614	False
0.0017031714185397036	0.29850746268656714	0.17433698088300403	0.12853218613636208	4	3	5	3	4	ENSG00000142453	0.9819869795482614	False
0.004773002894753033	0.29850746268656714	0.21397507057721	0.2161323051948052	7	7	16	5	10	ENSG00000144567	0.9819869795482614	False
0.003417150612912815	0.29850746268656714	0.5294947168384987	0.42843459222769564	16	6	9	3	7	ENSG00000145349	0.9819869795482614	False
0.004237202813217778	0.29850746268656714	0.14599305581074137	0.18706571597256916	11	7	16	5	10	ENSG00000156858	0.9819869795482614	False
0.00015858411495349575	0.29850746268656714	0.029384577410107512	0.050048010854688	2	7	19	11	16	ENSG00000159388	0.9819869795482614	False
3.405408339320005e-05	0.29850746268656714	0.04407370248746854	0.019148936170212804	7	6	9	3	6	ENSG00000159840	0.9819869795482614	False
0.0003422342333241211	0.29850746268656714	0.10767120981069873	0.08333975792151725	5	7	17	4	10	ENSG00000160072	0.9819869795482614	False
6.094832106350565e-07	0.29850746268656714	0.0019841269841269805	0.0044202151171357255	2	7	19	10	15	ENSG00000162889	0.9819869795482614	False
0.00011289258233438503	0.29850746268656714	0.08148047121563295	0.013430721709302512	2	2	3	3	3	ENSG00000164047	0.9819869795482614	False
0.001132444195117667	0.29850746268656714	0.11917720962517926	0.07366054621532374	9	7	17	7	11	ENSG00000172349	0.9819869795482614	False
6.996949513946856e-05	0.29850746268656714	0.04086153233844665	0.027828582746158622	4	7	19	11	18	ENSG00000173272	0.9819869795482614	False
0.023149418551412	0.29850746268656714	0.4033825798971169	0.3651799799225585	10	7	9	3	7	ENSG00000173818	0.9819869795482614	False
0.000222358392016188	0.29850746268656714	0.07514466627678104	0.03992381110633712	3	7	19	9	16	ENSG00000175701	0.9819869795482614	False
0.05524205634978018	0.29850746268656714	0.4127625460958794	0.42781683148655636	7	2	3	3	3	ENSG00000178105	0.9819869795482614	False
0.001119481407787686	0.29850746268656714	0.4743911975683183	0.568478576264629	15	6	8	3	6	ENSG00000179583	0.9819869795482614	False
5.061782224838297e-07	0.29850746268656714	0.0011432436973669224	0.0017316017316017134	3	7	18	7	14	ENSG00000183684	0.9819869795482614	False
0.01309933223973936	0.29850746268656714	0.37292152795782557	0.372015081692501	22	4	4	3	4	ENSG00000187790	0.9819869795482614	False
0.0031763323195805344	0.29850746268656714	0.2108690827323003	0.37853425732309914	21	7	17	6	14	ENSG00000196405	0.9819869795482614	False
0.0012876427114131264	0.29850746268656714	0.2734419536644816	0.12806586668424869	9	7	13	4	9	ENSG00000203880	0.9819869795482614	False
3.819944793822272e-05	0.29850746268656714	0.030381079293912865	0.01448348438878546	4	7	19	7	13	ENSG00000204304	0.9819869795482614	False
0.003123202050759283	0.29850746268656714	0.12970643061718676	0.12286174537830169	8	3	4	3	4	ENSG00000215067	0.9819869795482614	False
0.002040458976189009	0.29850746268656714	0.17308216192655548	0.1342908798714343	3	5	8	3	7	ENSG00000228427	0.9819869795482614	False
0.0019122873390934215	0.29850746268656714	0.13638177029269408	0.13478980470043037	11	6	8	3	4	ENSG00000269335	0.9819869795482614	False
0.00029174846096923087	0.3034825870646766	0.0732146417379214	0.06941580079001264	10	7	17	6	10	ENSG00000074696	0.9819869795482614	False
0.002105688033948087	0.3034825870646766	0.29109189936728885	0.24961677298125892	19	7	10	4	6	ENSG00000078124	0.9819869795482614	False
0.0016304420990125822	0.3034825870646766	0.06648041355882899	0.08962200570269731	5	7	18	10	14	ENSG00000095380	0.9819869795482614	False
0.0031403656173691137	0.3034825870646766	0.21009916100784848	0.27562081817773587	9	7	13	5	8	ENSG00000104660	0.9819869795482614	False
0.04550330876963906	0.3034825870646766	0.4601061776061775	0.47572815533980584	3	5	5	3	4	ENSG00000105516	0.9819869795482614	False
0.00010328687174460435	0.3034825870646766	0.034479974160206706	0.019519356241844314	4	2	3	3	3	ENSG00000105717	0.9819869795482614	False
0.00109604296499018	0.3034825870646766	0.22039799715004876	0.15968676074720617	3	6	7	3	5	ENSG00000109171	0.9819869795482614	False
0.0050545869284086805	0.3034825870646766	0.3467488766182687	0.31193275629158956	22	5	8	4	5	ENSG00000109320	0.9819869795482614	False
0.007452355710553471	0.3034825870646766	0.16169043458444957	0.17969586424560396	7	7	17	6	13	ENSG00000111530	0.9819869795482614	False
0.024834302329720143	0.3034825870646766	0.12134767810243433	0.3532505866312987	5	7	14	5	10	ENSG00000113460	0.9819869795482614	False
0.0054220566872618435	0.3034825870646766	0.1356160279114122	0.21058548885409883	10	7	18	10	15	ENSG00000124783	0.9819869795482614	False
0.0007286705383730467	0.3034825870646766	0.10783882210304484	0.10406840235211003	9	7	18	5	10	ENSG00000125818	0.9819869795482614	False
0.0012900361282412946	0.3034825870646766	0.1560282327958114	0.12505272539660225	19	7	19	7	15	ENSG00000126012	0.9819869795482614	False
7.889080961526423e-07	0.3034825870646766	0.004805610346967254	0.004532209990881695	2	7	19	10	16	ENSG00000126264	0.9819869795482614	False
0.0038185940474632094	0.3034825870646766	0.30498257079537866	0.1454366018469099	8	2	3	3	3	ENSG00000128284	0.9819869795482614	False
0.002326994337525738	0.3034825870646766	0.17874259398178055	0.151703948962287	15	7	16	6	11	ENSG00000136718	0.9819869795482614	False
0.018366351555369347	0.3034825870646766	0.11834467693782376	0.31040668474992106	15	7	19	13	19	ENSG00000138326	0.9819869795482614	False
0.0033716502146110766	0.3034825870646766	0.17272187025590033	0.15740297925855076	17	7	18	7	13	ENSG00000141030	0.9819869795482614	False
0.0022507825060254804	0.3034825870646766	0.13497004121874218	0.14910735076521958	9	7	17	6	11	ENSG00000154305	0.9819869795482614	False
0.0024062715528150565	0.3034825870646766	0.2539638315907739	0.23152777777777778	20	7	14	4	10	ENSG00000154845	0.9819869795482614	False
0.007174388231778362	0.3034825870646766	0.15627255478850574	0.2278287461773701	9	4	5	3	3	ENSG00000155313	0.9819869795482614	False
0.030997655229561584	0.3034825870646766	0.25955310311517527	0.3746017656654832	8	7	8	3	5	ENSG00000164985	0.9819869795482614	False
0.0009016710492901089	0.3034825870646766	0.10659796256811188	0.12	3	6	7	3	4	ENSG00000166170	0.9819869795482614	False
0.0002578332780566504	0.3034825870646766	0.04624129516143574	0.06948664888392538	13	7	19	9	17	ENSG00000166669	0.9819869795482614	False
0.00037016103682298063	0.3034825870646766	0.12190694907269953	0.11183780803325277	8	4	5	3	4	ENSG00000168421	0.9819869795482614	False
0.0013913664554420532	0.3034825870646766	0.11500267510080311	0.33019042858927905	13	7	19	10	17	ENSG00000176731	0.9819869795482614	False
0.00030972024557344356	0.3034825870646766	0.07989418609315449	0.045766590389015996	8	7	9	3	8	ENSG00000179387	0.9819869795482614	False
0.0006812854862328853	0.3034825870646766	0.07938596491228068	0.048309178743961345	3	4	5	3	4	ENSG00000184979	0.9819869795482614	False
0.0048471825203379795	0.3034825870646766	0.19482286519200043	0.1397933080937276	7	6	11	4	7	ENSG00000204267	0.9819869795482614	False
0.000668745866447542	0.3034825870646766	0.16176200898320625	0.12783762685402034	9	7	14	3	8	ENSG00000214706	0.9819869795482614	False
0.002713024651623679	0.3034825870646766	0.20968467096983723	0.14294642857142853	7	3	4	3	4	ENSG00000231999	0.9819869795482614	False
0.00029030987617554877	0.3034825870646766	0.06521739130434787	0.02926829268292684	2	5	5	3	4	ENSG00000278133	0.9819869795482614	False
0.02706682026348005	0.30845771144278605	0.3709707844490453	0.3624556027578522	9	5	5	3	3	ENSG00000003509	0.9819869795482614	False
0.0054235271717957955	0.30845771144278605	0.3822535703375042	0.35014577259475216	11	6	11	3	7	ENSG00000048707	0.9819869795482614	False
0.00045472235749106113	0.30845771144278605	0.09004959288372028	0.05618528831337348	5	7	16	5	10	ENSG00000061794	0.9819869795482614	False
0.0015585031428467196	0.30845771144278605	0.24062068883988408	0.16199317552967862	9	7	17	6	11	ENSG00000086232	0.9819869795482614	False
0.001609855858545589	0.30845771144278605	0.131491400166099	0.10657313088602725	10	6	9	3	5	ENSG00000100600	0.9819869795482614	False
0.002015596091420785	0.30845771144278605	0.1169752918627264	0.13372014774715493	2	7	11	4	7	ENSG00000102409	0.9819869795482614	False
0.0003358402951288326	0.30845771144278605	0.0920609482790713	0.07008867490236217	4	7	19	12	17	ENSG00000103490	0.9819869795482614	False
0.0004504242073515012	0.30845771144278605	0.12914501593443847	0.06485827316882538	10	7	19	10	17	ENSG00000104886	0.9819869795482614	False
8.75623567540329e-05	0.30845771144278605	0.07894254122172299	0.03471221206500452	7	7	19	12	17	ENSG00000114125	0.9819869795482614	False
0.0022505138389569213	0.30845771144278605	0.22494187873452468	0.2526075819044234	28	7	19	8	15	ENSG00000120948	0.9819869795482614	False
0.0070468908802003676	0.30845771144278605	0.31814169379645507	0.27085336339223554	13	5	7	3	5	ENSG00000121281	0.9819869795482614	False
0.004742625459052932	0.30845771144278605	0.260937426425719	0.23406822324451007	6	4	6	3	4	ENSG00000125912	0.9819869795482614	False
0.014736659592792025	0.30845771144278605	0.35471955239734443	0.29029686044879893	3	7	10	3	7	ENSG00000128394	0.9819869795482614	False
0.001042666416166186	0.30845771144278605	0.16577606307462678	0.20850485254817389	11	7	19	9	14	ENSG00000134453	0.9819869795482614	False
0.0032470825867488267	0.30845771144278605	0.23599163188071498	0.24250768005461376	7	5	8	3	5	ENSG00000135049	0.9819869795482614	False
0.0005852168662679273	0.30845771144278605	0.15258706843056788	0.14601525347978675	8	7	18	9	16	ENSG00000136167	0.9819869795482614	False
0.00019408759324909903	0.30845771144278605	0.15098742047212024	0.13002429328621906	10	7	12	5	8	ENSG00000139842	0.9819869795482614	False
0.0014226870496361738	0.30845771144278605	0.050350507560630614	0.07187153206184216	2	7	19	10	17	ENSG00000142684	0.9819869795482614	False
0.00435190226381375	0.30845771144278605	0.20369070480623008	0.2987487318758356	26	7	17	8	13	ENSG00000145675	0.9819869795482614	False
0.0035808636039197303	0.30845771144278605	0.2039328081719817	0.4330002804324331	4	7	10	3	6	ENSG00000147251	0.9819869795482614	False
0.0009350941914791248	0.30845771144278605	0.1188334856674219	0.10167416883834793	5	7	9	3	6	ENSG00000148057	0.9819869795482614	False
3.885651860500184e-06	0.30845771144278605	0.003472222222222216	0.005555555555555546	2	5	5	3	4	ENSG00000157933	0.9819869795482614	False
0.0021943218453657136	0.30845771144278605	0.11166948298584253	0.12442776160563818	11	7	16	7	11	ENSG00000163382	0.9819869795482614	False
0.00016096240414941753	0.30845771144278605	0.047294266534842574	0.032684706549303916	9	7	19	13	18	ENSG00000163463	0.9819869795482614	False
0.00040077029153575734	0.30845771144278605	0.0836513273816021	0.11054033485540335	4	7	19	8	16	ENSG00000164543	0.9819869795482614	False
0.007890644576546483	0.30845771144278605	0.6171241536830083	0.4913461538461539	38	6	9	3	6	ENSG00000165240	0.9819869795482614	False
0.0019160870614232585	0.30845771144278605	0.15044158805501825	0.18	5	5	5	3	4	ENSG00000167393	0.9819869795482614	False
0.00011552115463363239	0.30845771144278605	0.05547813671718339	0.037435691196333484	7	7	19	10	16	ENSG00000168374	0.9819869795482614	False
0.0018628595941937295	0.30845771144278605	0.08752908334973929	0.15180301668165017	4	7	12	4	7	ENSG00000171467	0.9819869795482614	False
0.010716496458692862	0.30845771144278605	0.36185631579332755	0.42576856110807937	20	7	10	3	6	ENSG00000172269	0.9819869795482614	False
0.0019500274187766366	0.30845771144278605	0.23265190254392523	0.16055450650010888	13	7	14	5	12	ENSG00000173020	0.9819869795482614	False
0.010275011457799094	0.30845771144278605	0.23235048901715571	0.18744036776823664	5	3	4	3	3	ENSG00000177054	0.9819869795482614	False
0.0001835962661747537	0.30845771144278605	0.08056936365296083	0.04083712465878067	5	7	15	4	11	ENSG00000198042	0.9819869795482614	False
0.0014763362340119782	0.30845771144278605	0.15607904888519825	0.14199630439082753	4	3	4	3	4	ENSG00000273247	0.9819869795482614	False
1.2382972802592854e-06	0.30845771144278605	0.002194313400484495	0.0025348542458808543	2	6	9	3	8	ENSG00000290878	0.9819869795482614	False
0.01713581943883073	0.30845771144278605	0.20050157288593856	0.35679964294871186	4	7	17	4	11	ENSG00000291068	0.9819869795482614	False
0.003885922163969467	0.30845771144278605	0.15686402806146288	0.23986765922249792	3	4	7	3	5	ENSG00000291175	0.9819869795482614	False
0.011797620224740908	0.31343283582089554	0.2829403919526558	0.2547756270842395	6	5	5	3	4	ENSG00000032444	0.9819869795482614	False
0.014288588326802992	0.31343283582089554	0.2637792049905967	0.24898554221712818	12	7	14	5	10	ENSG00000085832	0.9819869795482614	False
0.007515716059331389	0.31343283582089554	0.1417175723124557	0.21618779349784836	10	7	19	10	17	ENSG00000100138	0.9819869795482614	False
0.0029072887858698393	0.31343283582089554	0.25327025172662976	0.21048397353422238	12	7	16	5	11	ENSG00000101773	0.9819869795482614	False
0.0010466684966756827	0.31343283582089554	0.16117623339073706	0.11490821017440933	17	7	19	10	16	ENSG00000102103	0.9819869795482614	False
0.0002546010223881385	0.31343283582089554	0.06481443891037926	0.02931234722121673	11	7	19	8	17	ENSG00000105701	0.9819869795482614	False
0.0027515339706125535	0.31343283582089554	0.21962958652971015	0.23005690326445044	7	4	6	3	5	ENSG00000115919	0.9819869795482614	False
0.003175001526145377	0.31343283582089554	0.3507227561439606	0.29441924834094774	17	6	5	3	4	ENSG00000117620	0.9819869795482614	False
0.00015443771933625072	0.31343283582089554	0.051499348599988545	0.04476752409626382	5	5	6	3	5	ENSG00000132196	0.9819869795482614	False
0.0036869089993413146	0.31343283582089554	0.17079144593007056	0.18476096233533307	9	6	7	3	5	ENSG00000132906	0.9819869795482614	False
0.00011414363247357252	0.31343283582089554	0.10315945880238513	0.0693200715383891	9	7	17	7	11	ENSG00000142657	0.9819869795482614	False
2.7158695038807984e-05	0.31343283582089554	0.0849263684120863	0.015977749848717592	6	7	17	7	12	ENSG00000143458	0.9819869795482614	False
0.003898134268876798	0.31343283582089554	0.14459388774353382	0.14560078174916372	5	5	8	3	5	ENSG00000143756	0.9819869795482614	False
0.002967473360814773	0.31343283582089554	0.11637027214570267	0.19101748683514688	20	7	19	9	16	ENSG00000144381	0.9819869795482614	False
0.001930320408276349	0.31343283582089554	0.10603871016584489	0.07714285714285712	4	6	7	3	4	ENSG00000149308	0.9819869795482614	False
0.0026937779535345123	0.31343283582089554	0.17214550156459574	0.13145994832041347	9	6	7	3	5	ENSG00000149474	0.9819869795482614	False
0.010547816574253186	0.31343283582089554	0.2599379013207232	0.3651000274047684	7	5	8	3	7	ENSG00000157036	0.9819869795482614	False
0.00029504097863152916	0.31343283582089554	0.03198512019291665	0.03794642857142859	6	7	13	3	8	ENSG00000157107	0.9819869795482614	False
0.0030707867499097214	0.31343283582089554	0.23178544026239636	0.3825412480567025	5	4	4	3	4	ENSG00000159433	0.9819869795482614	False
0.0008785205446081204	0.31343283582089554	0.1906935163554847	0.21753588553096256	6	7	18	6	11	ENSG00000163162	0.9819869795482614	False
0.015050389865777287	0.31343283582089554	0.2706858815064724	0.3289821396026973	9	5	6	3	4	ENSG00000163743	0.9819869795482614	False
0.0016832697812205716	0.31343283582089554	0.07713472485768502	0.0730337078651685	3	5	5	3	3	ENSG00000164823	0.9819869795482614	False
0.00196544108028098	0.31343283582089554	0.12420746061383568	0.14755028434802575	7	6	6	3	5	ENSG00000164889	0.9819869795482614	False
0.003536634378339912	0.31343283582089554	0.12399684963910008	0.151883083549312	5	7	12	3	7	ENSG00000166337	0.9819869795482614	False
2.663340729251171e-05	0.31343283582089554	0.03847638370687756	0.02305982923609969	4	7	17	5	12	ENSG00000171522	0.9819869795482614	False
7.614764852203183e-05	0.31343283582089554	0.015151515151515145	0.019801980198019813	3	4	5	3	4	ENSG00000184619	0.9819869795482614	False
9.051466910597263e-06	0.31343283582089554	0.03508771929824561	0.017467248908296963	2	7	13	4	10	ENSG00000189241	0.9819869795482614	False
0.01057469005107684	0.31343283582089554	0.3802532130437138	0.40967032967032974	6	7	8	3	5	ENSG00000196275	0.9819869795482614	False
0.000575620010609647	0.31343283582089554	0.09111390478540415	0.05215703062803236	4	7	18	7	13	ENSG00000198026	0.9819869795482614	False
0.0023348872780926725	0.31343283582089554	0.18402955076574984	0.1936451300842424	3	7	17	8	12	ENSG00000198961	0.9819869795482614	False
0.0028713359195642364	0.31343283582089554	0.22810250115987776	0.15322345304619076	11	7	17	5	13	ENSG00000204514	0.9819869795482614	False
0.002551861486502212	0.31343283582089554	0.27831667649917563	0.34421742105777686	5	6	9	3	6	ENSG00000266964	0.9819869795482614	False
0.001853790266233427	0.31343283582089554	0.27134265624834436	0.17664692820133232	7	7	13	4	9	ENSG00000267080	0.9819869795482614	False
0.003908729275896484	0.31343283582089554	0.1483080197860299	0.190576140501178	6	5	6	3	4	ENSG00000290425	0.9819869795482614	False
0.0010802134471262197	0.31840796019900497	0.20931759746635495	0.12031738765545127	8	7	10	4	7	ENSG00000005156	0.9819869795482614	False
0.001215792583566763	0.31840796019900497	0.1085771940024724	0.11353397106746843	12	7	16	4	8	ENSG00000011485	0.9819869795482614	False
0.000424647844168062	0.31840796019900497	0.11269392340041072	0.065850696686613	15	7	16	5	12	ENSG00000035681	0.9819869795482614	False
4.785739054721033e-06	0.31840796019900497	0.006841484693631415	0.005135480209958874	4	7	19	9	17	ENSG00000096384	0.9819869795482614	False
0.008963121684978472	0.31840796019900497	0.43579088407701905	0.41877217503494246	7	6	7	3	5	ENSG00000109854	0.9819869795482614	False
0.000646015264394225	0.31840796019900497	0.11412014740776853	0.08925604139961067	8	7	16	5	10	ENSG00000111666	0.9819869795482614	False
0.001875322235267643	0.31840796019900497	0.13218793217770203	0.1252677103339644	7	3	6	3	5	ENSG00000118900	0.9819869795482614	False
0.005263646589609095	0.31840796019900497	0.5572220572220572	0.5507002801120447	15	7	12	3	9	ENSG00000120798	0.9819869795482614	False
0.00193904039759685	0.31840796019900497	0.09424304050800789	0.11922005145755012	7	7	19	12	17	ENSG00000127184	0.9819869795482614	False
0.0006941070506298118	0.31840796019900497	0.08231397084892429	0.08728414442700153	5	7	12	3	9	ENSG00000129315	0.9819869795482614	False
0.0015032984395402474	0.31840796019900497	0.0704189675603887	0.07074584492352609	2	7	19	9	13	ENSG00000132965	0.9819869795482614	False
0.0005579974901965091	0.31840796019900497	0.19034110742482904	0.2859547388504067	7	6	11	4	8	ENSG00000140678	0.9819869795482614	False
0.007848434215536548	0.31840796019900497	0.3629148820884138	0.40460960503604426	12	5	8	4	6	ENSG00000144535	0.9819869795482614	False
0.007757130350524189	0.31840796019900497	0.1452368510144012	0.19321060553349248	4	7	19	7	14	ENSG00000145220	0.9819869795482614	False
0.002121394966532781	0.31840796019900497	0.11773382434465829	0.18459898310644576	6	5	8	3	5	ENSG00000161267	0.9819869795482614	False
0.006505953264543123	0.31840796019900497	0.4065318866234198	0.4195043215661772	14	5	8	3	5	ENSG00000163161	0.9819869795482614	False
0.006427410609712165	0.31840796019900497	0.1266830120629664	0.25386104175224555	7	7	16	7	14	ENSG00000166233	0.9819869795482614	False
7.982694422650949e-07	0.31840796019900497	0.0052671987430142776	0.006373937677053839	3	6	13	4	7	ENSG00000170891	0.9819869795482614	False
0.0006799735757272013	0.31840796019900497	0.1605211491095112	0.11365110022763333	4	7	12	3	8	ENSG00000172831	0.9819869795482614	False
1.46763688183985e-05	0.31840796019900497	0.017022141207881404	0.006665635366713064	3	7	19	9	15	ENSG00000176390	0.9819869795482614	False
0.0008337095358235564	0.31840796019900497	0.10353278779043525	0.06234172324201562	5	7	18	9	15	ENSG00000177879	0.9819869795482614	False
0.0069700476510251505	0.31840796019900497	0.32885465053727436	0.27955028348729133	26	7	16	5	11	ENSG00000196998	0.9819869795482614	False
0.0013714128937590947	0.31840796019900497	0.1485798046528598	0.12537376243106158	4	7	15	4	9	ENSG00000197021	0.9819869795482614	False
0.0033143017661172963	0.31840796019900497	0.21151203351837183	0.2561226836775767	13	7	15	4	10	ENSG00000197043	0.9819869795482614	False
0.011910113230857704	0.31840796019900497	0.23402504778404642	0.1924640824071564	6	3	5	3	5	ENSG00000198826	0.9819869795482614	False
0.0027715996090641208	0.31840796019900497	0.34936523671549036	0.43261116763420904	31	7	9	3	6	ENSG00000230590	0.9819869795482614	False
0.002644815675418417	0.31840796019900497	0.11552996953212677	0.14934704987572142	10	7	15	6	10	ENSG00000234545	0.9819869795482614	False
0.00010839717066172389	0.31840796019900497	0.011716538074445611	0.02194876515022937	3	7	19	12	18	ENSG00000266402	0.9819869795482614	False
0.0003988307271422013	0.32338308457711445	0.14741026164062346	0.12134320115150746	19	7	19	13	17	ENSG00000026297	0.9819869795482614	False
3.381935206694646e-06	0.32338308457711445	0.004410063620590083	0.007923930269413628	4	7	18	6	10	ENSG00000066135	0.9819869795482614	False
0.0008641143415099725	0.32338308457711445	0.21353225464218012	0.1295893168784564	10	7	13	5	8	ENSG00000079335	0.9819869795482614	False
0.0024079361228906025	0.32338308457711445	0.20160347561700412	0.13038720538720544	10	3	4	3	3	ENSG00000093009	0.9819869795482614	False
0.0019871386350016704	0.32338308457711445	0.11214628315862288	0.12992831541218636	6	5	6	3	4	ENSG00000100092	0.9819869795482614	False
2.3159040084487433e-07	0.32338308457711445	0.00020022024226650325	0.0010493179433368391	2	7	14	5	9	ENSG00000101997	0.9819869795482614	False
1.3451676420628321e-05	0.32338308457711445	0.007413611923173972	0.01203208556149735	2	7	18	9	13	ENSG00000102580	0.9819869795482614	False
0.004878183205767489	0.32338308457711445	0.21342468181616636	0.21544640485083377	8	7	15	4	9	ENSG00000105341	0.9819869795482614	False
0.013040918430856165	0.32338308457711445	0.3060062980496154	0.360716267712457	26	7	14	4	8	ENSG00000105486	0.9819869795482614	False
0.0019294716209844157	0.32338308457711445	0.1284265835428709	0.17779255319148934	3	5	8	4	7	ENSG00000106261	0.9819869795482614	False
3.805269655875236e-06	0.32338308457711445	0.004759492320819146	0.008645533141210394	2	5	7	3	5	ENSG00000110448	0.9819869795482614	False
0.009775945151824329	0.32338308457711445	0.27502543920024675	0.2969566887704822	6	6	10	3	7	ENSG00000113761	0.9819869795482614	False
0.0009688464847868369	0.32338308457711445	0.16855729794136332	0.12589032879256912	18	7	19	10	15	ENSG00000114857	0.9819869795482614	False
0.011719862350900372	0.32338308457711445	0.1881489193493498	0.2731033268790706	5	7	14	4	8	ENSG00000115042	0.9819869795482614	False
2.7832552534941293e-06	0.32338308457711445	0.008510599314754801	0.006972111553784858	3	5	8	4	6	ENSG00000120053	0.9819869795482614	False
0.01262965747826432	0.32338308457711445	0.41250928620376603	0.37735032162295895	27	6	9	3	5	ENSG00000122390	0.9819869795482614	False
0.01227242424792498	0.32338308457711445	0.3433914093333399	0.352502019338598	8	7	9	3	6	ENSG00000125454	0.9819869795482614	False
0.00013415287981099013	0.32338308457711445	0.0335985032187755	0.03766835425233998	14	7	19	10	17	ENSG00000126457	0.9819869795482614	False
0.006000674247961971	0.32338308457711445	0.2639622073553207	0.23625065240083507	7	7	10	3	6	ENSG00000129691	0.9819869795482614	False
0.002579988236501105	0.32338308457711445	0.1401925034765242	0.08728185207178672	14	7	17	7	12	ENSG00000132376	0.9819869795482614	False
0.0006711562302743686	0.32338308457711445	0.09330525104403725	0.09075544614733053	6	7	17	6	14	ENSG00000132388	0.9819869795482614	False
0.0001326684744113363	0.32338308457711445	0.0635606129329789	0.08444227533335646	5	6	14	5	8	ENSG00000133574	0.9819869795482614	False
0.009726815305821408	0.32338308457711445	0.2511960510003356	0.3056745176948496	30	7	7	3	5	ENSG00000135297	0.9819869795482614	False
0.0026573484054069215	0.32338308457711445	0.5007489777293969	0.31289543789543794	5	5	8	3	5	ENSG00000136935	0.9819869795482614	False
0.006195460861809662	0.32338308457711445	0.18293856813336595	0.27417534641925523	4	3	4	3	4	ENSG00000144228	0.9819869795482614	False
0.0023844217750226084	0.32338308457711445	0.17520155494983874	0.1045409663031018	5	5	8	3	5	ENSG00000145781	0.9819869795482614	False
0.0013098018399009704	0.32338308457711445	0.1363733870492571	0.1714721337362847	4	5	6	3	5	ENSG00000148459	0.9819869795482614	False
0.003694932080920375	0.32338308457711445	0.2784919962522918	0.26616469949803284	9	7	17	7	14	ENSG00000154760	0.9819869795482614	False
0.00586582784065214	0.32338308457711445	0.32263060746197686	0.37969094922737306	15	5	7	3	6	ENSG00000156313	0.9819869795482614	False
0.0005443407702987549	0.32338308457711445	0.11423115953141866	0.10100229332890427	14	7	16	6	11	ENSG00000158987	0.9819869795482614	False
2.008928064668493e-05	0.32338308457711445	0.031888772830801805	0.011869022737348814	5	3	4	3	4	ENSG00000163577	0.9819869795482614	False
0.005845634822848529	0.32338308457711445	0.3845137377967689	0.34698388553500975	33	7	12	5	9	ENSG00000164073	0.9819869795482614	False
0.0010836609743113356	0.32338308457711445	0.15391960052576958	0.1669949289142443	8	7	14	4	11	ENSG00000167272	0.9819869795482614	False
0.029793560368648952	0.32338308457711445	0.452012497938737	0.5364168818579493	8	7	10	3	8	ENSG00000168765	0.9819869795482614	False
0.0014247823484508902	0.32338308457711445	0.1391861329218284	0.11838011526887571	6	7	8	3	5	ENSG00000169220	0.9819869795482614	False
0.00310624214875313	0.32338308457711445	0.16772480681008423	0.20106374528635598	13	7	18	9	15	ENSG00000169567	0.9819869795482614	False
0.002372537846075315	0.32338308457711445	0.26458605561957554	0.2615112160566706	7	7	13	4	9	ENSG00000171792	0.9819869795482614	False
0.005033987564503994	0.32338308457711445	0.34964999645082206	0.28229878229878225	9	4	5	3	4	ENSG00000187231	0.9819869795482614	False
0.01251377083236416	0.32338308457711445	0.26494732242346236	0.23032415475775528	9	3	4	3	3	ENSG00000189077	0.9819869795482614	False
0.0017717059230229189	0.32338308457711445	0.19031214275799607	0.21740651294730992	6	7	17	5	13	ENSG00000213585	0.9819869795482614	False
0.0009729548823533413	0.32338308457711445	0.09644869562237203	0.06493102052256235	4	3	6	4	5	ENSG00000243660	0.9819869795482614	False
0.011165640485709864	0.3283582089552239	0.26460775623308863	0.2271752556096891	5	7	12	4	9	ENSG00000010072	0.9819869795482614	False
0.00805578394611235	0.3283582089552239	0.18638107286516345	0.3032829247617873	20	7	19	9	17	ENSG00000023191	0.9819869795482614	False
0.0020030575736072003	0.3283582089552239	0.16153790105245758	0.10264466546112114	8	7	17	6	11	ENSG00000033800	0.9819869795482614	False
0.004645228405806118	0.3283582089552239	0.3853616540764643	0.3537115286643292	14	7	12	3	7	ENSG00000069974	0.9819869795482614	False
0.00026435313193785213	0.3283582089552239	0.06722742725138488	0.03673967888133301	6	7	16	6	10	ENSG00000077147	0.9819869795482614	False
0.002795192697843143	0.3283582089552239	0.14376989846476954	0.1583224447220478	13	7	19	7	14	ENSG00000090686	0.9819869795482614	False
0.009078877826259017	0.3283582089552239	0.1501544000132234	0.23623383049409769	2	3	4	3	3	ENSG00000092978	0.9819869795482614	False
0.0026344698966980383	0.3283582089552239	0.2501337853334974	0.21253907450580595	8	7	18	8	15	ENSG00000100354	0.9819869795482614	False
0.013132482284615339	0.3283582089552239	0.17141750639649792	0.26514887891336375	4	6	7	3	5	ENSG00000101493	0.9819869795482614	False
0.0013227325048339727	0.3283582089552239	0.12141493639685709	0.12520278997675022	4	7	11	4	8	ENSG00000102189	0.9819869795482614	False
0.0018436837249667685	0.3283582089552239	0.12300029327089107	0.15776052617391778	7	7	15	5	10	ENSG00000103671	0.9819869795482614	False
0.00024514538980301495	0.3283582089552239	0.1469811465257022	0.05761486024643919	9	7	19	9	16	ENSG00000105618	0.9819869795482614	False
0.0004873302191666504	0.3283582089552239	0.018639786167425138	0.04278052876707586	4	3	5	4	4	ENSG00000107485	0.9819869795482614	False
0.003024082139555	0.3283582089552239	0.16412896163028878	0.13035268333216352	11	5	8	4	5	ENSG00000110651	0.9819869795482614	False
5.192810580858118e-06	0.3283582089552239	0.029774023582595708	0.0066634880263881525	11	7	19	13	19	ENSG00000114391	0.9819869795482614	False
0.0022779743665543714	0.3283582089552239	0.14301132781777787	0.16199300346204326	6	7	18	9	13	ENSG00000114395	0.9819869795482614	False
0.0015795898713114212	0.3283582089552239	0.061568537870769734	0.08358770622036585	9	7	19	13	17	ENSG00000114850	0.9819869795482614	False
0.0005219990373009438	0.3283582089552239	0.1828732276965433	0.09781171978264061	10	7	17	6	14	ENSG00000116030	0.9819869795482614	False
0.000129006248497479	0.3283582089552239	0.07586808278653327	0.038549748694676214	4	7	17	7	12	ENSG00000120306	0.9819869795482614	False
0.0005746573039186772	0.3283582089552239	0.12982679447424764	0.09952483162751537	13	7	19	11	17	ENSG00000124831	0.9819869795482614	False
0.015801789118944892	0.3283582089552239	0.24180998730539982	0.29355400696864115	9	7	9	3	5	ENSG00000125779	0.9819869795482614	False
0.004537998779253572	0.3283582089552239	0.1929943158568081	0.1873783864690915	9	7	12	3	8	ENSG00000134444	0.9819869795482614	False
0.0013123113638035145	0.3283582089552239	0.053859423673893236	0.1377551020408163	3	3	4	3	3	ENSG00000135605	0.9819869795482614	False
0.009710355371974101	0.3283582089552239	0.3629325866295475	0.31076644401675535	7	6	8	4	5	ENSG00000135778	0.9819869795482614	False
0.013726023898698116	0.3283582089552239	0.35032442673541936	0.3019673881792418	7	4	5	3	3	ENSG00000138468	0.9819869795482614	False
0.002030429861000134	0.3283582089552239	0.14663349827370373	0.23205265106663148	32	7	16	7	11	ENSG00000138688	0.9819869795482614	False
0.008545360412505728	0.3283582089552239	0.39158733137296237	0.4559827418067911	21	6	10	3	6	ENSG00000141644	0.9819869795482614	False
0.0035550067410864833	0.3283582089552239	0.19909189834299224	0.14303927649400702	6	7	19	6	16	ENSG00000141741	0.9819869795482614	False
0.003006938988876553	0.3283582089552239	0.12942784539891342	0.15892527172353635	2	7	13	4	9	ENSG00000143155	0.9819869795482614	False
8.845565122572014e-05	0.3283582089552239	0.023131640637202334	0.030139870657241677	4	2	3	3	3	ENSG00000154237	0.9819869795482614	False
0.001101330355105196	0.3283582089552239	0.09656993686255468	0.13333333333333333	6	7	11	3	8	ENSG00000154640	0.9819869795482614	False
0.0004146700713204267	0.3283582089552239	0.06321939852658995	0.036308116627265546	4	7	14	3	9	ENSG00000168434	0.9819869795482614	False
2.0235706461787616e-07	0.3283582089552239	0.00021101498206374978	0.001063829787234057	2	7	10	3	7	ENSG00000169683	0.9819869795482614	False
0.00031372750045539265	0.3283582089552239	0.049084263587248135	0.06942282942282942	3	5	10	5	7	ENSG00000169991	0.9819869795482614	False
0.00040726146723784413	0.3283582089552239	0.05547506265452057	0.07201975054122069	4	7	18	10	14	ENSG00000171421	0.9819869795482614	False
0.003959291296333832	0.3283582089552239	0.18660722557426507	0.18586411949243808	9	7	12	3	7	ENSG00000174238	0.9819869795482614	False
1.6570493560576282e-05	0.3283582089552239	0.00960665048579499	0.012830705334417651	4	7	19	13	18	ENSG00000185883	0.9819869795482614	False
0.00022703930738149537	0.3283582089552239	0.06097560975609758	0.08474576271186438	5	6	8	4	7	ENSG00000197872	0.9819869795482614	False
0.0017928126051285301	0.3283582089552239	0.1612496483114698	0.1544053089782813	15	7	18	7	11	ENSG00000198198	0.9819869795482614	False
0.0019868494563204074	0.3283582089552239	0.18204010434248363	0.173773935472793	25	7	18	7	13	ENSG00000213983	0.9819869795482614	False
0.002378228210459401	0.3283582089552239	0.20159726307629594	0.15553731070972449	2	6	10	3	7	ENSG00000256060	0.9819869795482614	False
0.011494345509788152	0.3283582089552239	0.25396699830278074	0.3469545957918051	5	7	15	5	10	ENSG00000267855	0.9819869795482614	False
0.0042587968639063445	0.3333333333333333	0.11275875677581573	0.07942161876212307	2	3	4	3	4	ENSG00000004139	0.9819869795482614	False
0.018284625901789187	0.3333333333333333	0.2968486170997738	0.3376383763837638	7	3	6	3	5	ENSG00000005187	0.9819869795482614	False
0.0066968844232163744	0.3333333333333333	0.15917320270657878	0.1547647527910686	2	3	3	3	3	ENSG00000006756	0.9819869795482614	False
0.0007828680491718062	0.3333333333333333	0.14279504414708494	0.11455780979450488	12	7	12	4	9	ENSG00000065057	0.9819869795482614	False
0.004364483557200311	0.3333333333333333	0.24197279380457432	0.4724866717440975	6	7	12	4	9	ENSG00000100100	0.9819869795482614	False
0.0005794254993413185	0.3333333333333333	0.10078064429569963	0.06447113051916542	9	7	10	3	7	ENSG00000103502	0.9819869795482614	False
3.8646185632331605e-05	0.3333333333333333	0.07686636048046641	0.025285295471866427	14	7	19	12	18	ENSG00000104894	0.9819869795482614	False
0.0011308702789812276	0.3333333333333333	0.1397631864248442	0.13579080885940095	7	7	16	6	10	ENSG00000105612	0.9819869795482614	False
0.0014404948385324144	0.3333333333333333	0.11354350537256774	0.1220146456963701	14	7	19	10	16	ENSG00000105993	0.9819869795482614	False
0.008056407123797002	0.3333333333333333	0.12245464150902047	0.1956882614469658	9	7	18	7	13	ENSG00000107262	0.9819869795482614	False
0.0013452978637878091	0.3333333333333333	0.35749774193974526	0.40595148787196794	3	7	11	3	7	ENSG00000111729	0.9819869795482614	False
0.004570219907986353	0.3333333333333333	0.26979478604735313	0.29701170637347	9	7	16	6	11	ENSG00000112739	0.9819869795482614	False
0.004702863591258042	0.3333333333333333	0.3472571299484899	0.4087062745746752	29	7	15	4	10	ENSG00000117335	0.9819869795482614	False
0.004330009244913102	0.3333333333333333	0.15363180297302564	0.143956397701163	4	7	17	7	11	ENSG00000119820	0.9819869795482614	False
0.0054356350728779375	0.3333333333333333	0.3035116515167351	0.25331247783345306	16	7	11	3	8	ENSG00000126581	0.9819869795482614	False
0.0033821833704902548	0.3333333333333333	0.17241565763621197	0.14204831841487783	6	7	17	7	13	ENSG00000128708	0.9819869795482614	False
0.005854027050172902	0.3333333333333333	0.2673504590569742	0.2341949358870313	6	6	9	3	7	ENSG00000130940	0.9819869795482614	False
0.000906449387157307	0.3333333333333333	0.29220737162660637	0.2751649758692012	11	7	9	3	5	ENSG00000134539	0.9819869795482614	False
0.0011911453982634357	0.3333333333333333	0.091267475684077	0.13884432872699015	5	7	19	12	17	ENSG00000138085	0.9819869795482614	False
0.011026282634573132	0.3333333333333333	0.23774004452700426	0.23273044850123956	11	5	6	3	4	ENSG00000142230	0.9819869795482614	False
0.02197330562977772	0.3333333333333333	0.1881071493422976	0.2595895490632333	3	7	11	3	6	ENSG00000153767	0.9819869795482614	False
0.00010415548089563547	0.3333333333333333	0.0587085533637789	0.02342966227330886	5	7	19	9	17	ENSG00000156587	0.9819869795482614	False
3.4243572500610494e-06	0.3333333333333333	0.010210532455444744	0.00494231579406451	12	7	19	13	19	ENSG00000161970	0.9819869795482614	False
0.005657762724086733	0.3333333333333333	0.25864929120206837	0.2725202429149798	3	3	5	3	4	ENSG00000164898	0.9819869795482614	False
0.005866412550852951	0.3333333333333333	0.3405549762775951	0.28608690377499646	13	6	8	3	5	ENSG00000164941	0.9819869795482614	False
0.001996357152425061	0.3333333333333333	0.1791794372169582	0.1604410374571665	6	7	16	5	9	ENSG00000164961	0.9819869795482614	False
0.0011834648541517497	0.3333333333333333	0.26801445114846456	0.20479324943455318	16	7	17	4	11	ENSG00000165219	0.9819869795482614	False
0.0025592435133724336	0.3333333333333333	0.2401235650385352	0.14434770094264945	8	7	13	5	9	ENSG00000165516	0.9819869795482614	False
0.0032715730149887484	0.3333333333333333	0.20163336964912396	0.37506890802496506	21	7	18	8	14	ENSG00000170776	0.9819869795482614	False
4.556872023481942e-06	0.3333333333333333	0.01841756945767503	0.005195054698341155	8	7	19	13	18	ENSG00000175567	0.9819869795482614	False
0.005702123774443177	0.3333333333333333	0.0953030318143434	0.15685684004649397	11	7	19	9	16	ENSG00000175634	0.9819869795482614	False
0.003230424101826811	0.3333333333333333	0.17332469952603405	0.1956207265970346	7	6	11	3	7	ENSG00000175857	0.9819869795482614	False
0.0001568821785512458	0.3333333333333333	0.0366657801699592	0.02625237458664606	3	7	13	3	10	ENSG00000175970	0.9819869795482614	False
0.00059037689580374	0.3333333333333333	0.11137692834773913	0.08725394451734975	3	7	17	5	12	ENSG00000180964	0.9819869795482614	False
0.0021777470999904906	0.3333333333333333	0.10186110239808491	0.07609481011542865	4	3	5	3	5	ENSG00000182247	0.9819869795482614	False
0.0064373694068064	0.3333333333333333	0.3682978141400995	0.4176788124156545	25	7	13	5	11	ENSG00000182670	0.9819869795482614	False
0.0008925289207592727	0.3333333333333333	0.17329491449788464	0.08046218487394963	8	7	14	3	9	ENSG00000197451	0.9819869795482614	False
0.0030895614331723853	0.3333333333333333	0.18197723121712742	0.10504201680672268	3	3	4	3	3	ENSG00000213762	0.9819869795482614	False
0.001273550705836658	0.3333333333333333	0.09007059829670658	0.07268824674178649	12	7	17	7	14	ENSG00000225663	0.9819869795482614	False
0.00011792795397796246	0.3333333333333333	0.028434076859649653	0.019136262099776657	3	7	14	5	10	ENSG00000240053	0.9819869795482614	False
0.002390762498691104	0.3333333333333333	0.19101334180064575	0.18636363636363637	6	6	8	3	6	ENSG00000253716	0.9819869795482614	False
0.0034943418982374746	0.3333333333333333	0.11581044899878824	0.1594669657172395	2	7	10	3	7	ENSG00000266472	0.9819869795482614	False
0.00029920165566574703	0.3333333333333333	0.08455556363305573	0.052472831309563706	17	7	19	9	15	ENSG00000273841	0.9819869795482614	False
0.0015529909977320695	0.3383084577114428	0.09138276317567955	0.07981204924601157	9	7	14	5	9	ENSG00000023697	0.9819869795482614	False
0.006547793551907225	0.3383084577114428	0.2360435775662505	0.20904691575275747	13	7	12	4	7	ENSG00000066136	0.9819869795482614	False
0.001322726505681061	0.3383084577114428	0.10334728477107591	0.07497811922590682	4	5	9	4	7	ENSG00000076321	0.9819869795482614	False
0.01663704208306163	0.3383084577114428	0.2909283378148268	0.3068978619045974	6	6	7	3	5	ENSG00000085872	0.9819869795482614	False
0.0040771264304966465	0.3383084577114428	0.17940665644631754	0.22671808449407158	15	7	11	3	7	ENSG00000086189	0.9819869795482614	False
0.0027204862904862915	0.3383084577114428	0.28245881301018205	0.2411829347123465	11	7	15	4	10	ENSG00000087206	0.9819869795482614	False
0.010518727887720111	0.3383084577114428	0.27461307570195237	0.2089395547339473	4	7	12	3	8	ENSG00000100030	0.9819869795482614	False
0.001984021197001896	0.3383084577114428	0.13633525455298742	0.3265936509822214	21	7	18	9	17	ENSG00000100906	0.9819869795482614	False
0.010544170640260237	0.3383084577114428	0.24000306025777118	0.2519072687612013	5	7	8	3	6	ENSG00000107758	0.9819869795482614	False
0.0010691654964234466	0.3383084577114428	0.4646230414420554	0.3839238331536481	5	7	11	4	8	ENSG00000110395	0.9819869795482614	False
0.0016501753703581509	0.3383084577114428	0.23985489040158983	0.16735679779158036	5	7	11	3	7	ENSG00000115145	0.9819869795482614	False
0.02285273982320537	0.3383084577114428	0.31247200738458847	0.32869058517517474	4	7	12	4	8	ENSG00000115484	0.9819869795482614	False
0.0035918241447044415	0.3383084577114428	0.25936166389374815	0.27365037758222555	10	7	15	6	10	ENSG00000132002	0.9819869795482614	False
0.007514175142053155	0.3383084577114428	0.2549804200640068	0.19244591125779245	7	5	5	3	3	ENSG00000132670	0.9819869795482614	False
4.5156297788636075e-06	0.3383084577114428	0.013412795383775183	0.007446016381236012	4	7	18	7	14	ENSG00000135070	0.9819869795482614	False
0.009248460626021197	0.3383084577114428	0.16298176005081622	0.21872924648786718	7	7	17	5	11	ENSG00000136108	0.9819869795482614	False
0.0014625729768990062	0.3383084577114428	0.12465543605412799	0.17580721747388414	8	7	18	6	13	ENSG00000136450	0.9819869795482614	False
0.013087650860526425	0.3383084577114428	0.40742589524373446	0.4038954828050956	38	5	9	3	7	ENSG00000137074	0.9819869795482614	False
0.006980110225234311	0.3383084577114428	0.289044540510607	0.36022837840318706	16	3	5	3	4	ENSG00000144554	0.9819869795482614	False
0.005679310702060433	0.3383084577114428	0.23753087821715266	0.3100233100233101	13	4	8	3	6	ENSG00000149428	0.9819869795482614	False
0.009447926216852438	0.3383084577114428	0.4963882976926456	0.3010695187165776	5	3	4	3	3	ENSG00000155729	0.9819869795482614	False
0.024776719663715426	0.3383084577114428	0.33238985379939046	0.34265734265734266	13	5	8	3	4	ENSG00000161204	0.9819869795482614	False
0.005905779859292504	0.3383084577114428	0.1897522091469333	0.20046240114101763	8	7	18	6	14	ENSG00000163930	0.9819869795482614	False
0.00030541156274163823	0.3383084577114428	0.08833159511034144	0.05909586056644884	6	7	15	6	10	ENSG00000163960	0.9819869795482614	False
0.00034700191659455264	0.3383084577114428	0.0655285537638478	0.03230522224100046	2	3	4	3	4	ENSG00000167378	0.9819869795482614	False
4.5700031015424054e-05	0.3383084577114428	0.046203568412922696	0.02213279678068412	2	7	17	7	13	ENSG00000169740	0.9819869795482614	False
0.009919088992374031	0.3383084577114428	0.34779988061876554	0.2487024468145782	14	2	3	3	3	ENSG00000171608	0.9819869795482614	False
0.006120490508567405	0.3383084577114428	0.211091012327019	0.19962233241763688	6	7	12	4	7	ENSG00000172687	0.9819869795482614	False
0.0022782105860931893	0.3383084577114428	0.11942615916802178	0.15975067424175307	15	7	19	12	18	ENSG00000196262	0.9819869795482614	False
0.0039573234717865235	0.3383084577114428	0.13626424710154086	0.11403508771929827	5	6	10	3	6	ENSG00000214367	0.9819869795482614	False
0.009002564310277815	0.3383084577114428	0.1611317902431425	0.26904400731592926	9	7	19	11	17	ENSG00000241370	0.9819869795482614	False
0.0033525069716989287	0.3383084577114428	0.23701265719859968	0.22780306094929875	71	7	18	9	15	ENSG00000255717	0.9819869795482614	False
0.00014546267194749215	0.34328358208955223	0.07056456413728834	0.06357957626427098	5	7	18	7	15	ENSG00000021355	0.9819869795482614	False
0.028401256957043743	0.34328358208955223	0.32085652524692476	0.4773197388865638	10	7	18	5	13	ENSG00000068028	0.9819869795482614	False
0.00011340250317585158	0.34328358208955223	0.04225477273498238	0.037940885559156534	4	7	17	6	12	ENSG00000087338	0.9819869795482614	False
0.005303241835108077	0.34328358208955223	0.24150385241911856	0.30605688301417844	55	7	18	7	13	ENSG00000092108	0.9819869795482614	False
0.0002546580594077877	0.34328358208955223	0.047593812299694636	0.04081251229588824	3	7	10	3	7	ENSG00000096968	0.9819869795482614	False
0.0034604599948443123	0.34328358208955223	0.22407483667076808	0.2389194660593408	21	7	13	5	8	ENSG00000100243	0.9819869795482614	False
0.0017055006079926783	0.34328358208955223	0.15259721891901848	0.19775645661572086	9	7	18	7	15	ENSG00000101654	0.9819869795482614	False
0.0035029561062007108	0.34328358208955223	0.33795411654328567	0.2673412328584743	8	7	13	4	7	ENSG00000107938	0.9819869795482614	False
0.008977283731801965	0.34328358208955223	0.36740497389435217	0.3326617590081364	19	4	4	3	3	ENSG00000120370	0.9819869795482614	False
0.0030166983855062666	0.34328358208955223	0.09431525520785795	0.10407707976332892	3	5	12	5	7	ENSG00000122696	0.9819869795482614	False
0.0004918962220980593	0.34328358208955223	0.14284861319737252	0.08183204533745492	2	7	14	4	12	ENSG00000123684	0.9819869795482614	False
0.0006928157577579436	0.34328358208955223	0.06536971191865429	0.07590613080754735	7	7	19	13	17	ENSG00000132432	0.9819869795482614	False
0.004249386408786158	0.34328358208955223	0.327156338491602	0.24257884972170687	11	6	9	3	6	ENSG00000134371	0.9819869795482614	False
0.005436150531161144	0.34328358208955223	0.16305563617503763	0.25911832134941193	4	7	12	3	8	ENSG00000135723	0.9819869795482614	False
0.0005522232360206693	0.34328358208955223	0.049988597018472684	0.05706627645754026	7	7	19	10	17	ENSG00000136819	0.9819869795482614	False
0.00878994574992687	0.34328358208955223	0.19048382130040525	0.17610036736674295	4	4	5	3	4	ENSG00000138660	0.9819869795482614	False
0.004842149483741385	0.34328358208955223	0.2882936428655307	0.2099775429625188	2	6	11	5	9	ENSG00000139668	0.9819869795482614	False
0.0007785145788068992	0.34328358208955223	0.13652254734632277	0.1913270265016523	4	7	19	8	16	ENSG00000141873	0.9819869795482614	False
0.0002998774314103169	0.34328358208955223	0.06365912210251565	0.06341947954325808	4	7	16	6	11	ENSG00000143811	0.9819869795482614	False
0.0017199619010145543	0.34328358208955223	0.15337859418286953	0.12155172413793103	3	7	10	3	6	ENSG00000145293	0.9819869795482614	False
0.00043263304315618157	0.34328358208955223	0.1847704411586046	0.06034889203206035	10	7	16	4	10	ENSG00000146574	0.9819869795482614	False
9.39811475592351e-06	0.34328358208955223	0.008578950553773543	0.00924214417744917	3	4	7	3	5	ENSG00000155254	0.9819869795482614	False
0.024682817679753374	0.34328358208955223	0.49428186215698827	0.4195374335020112	3	7	14	3	10	ENSG00000158406	0.9819869795482614	False
0.004824999703669118	0.34328358208955223	0.2982263453030102	0.26488095238095244	6	5	7	3	4	ENSG00000163214	0.9819869795482614	False
0.0082120806268387	0.34328358208955223	0.16303758589509948	0.21921992481203006	3	5	6	3	4	ENSG00000163872	0.9819869795482614	False
0.008859275899949564	0.34328358208955223	0.30606835092302487	0.2434840425531915	18	4	4	3	4	ENSG00000164828	0.9819869795482614	False
9.024248001111166e-05	0.34328358208955223	0.025765853102049888	0.03452292278257316	4	7	17	6	10	ENSG00000167088	0.9819869795482614	False
0.0014078294864142565	0.34328358208955223	0.12277439512932659	0.140792054297317	23	7	18	8	15	ENSG00000168958	0.9819869795482614	False
4.7696879373430816e-05	0.34328358208955223	0.036227945429940664	0.027069637760311457	8	7	19	9	17	ENSG00000170540	0.9819869795482614	False
0.0023033855988955293	0.34328358208955223	0.11392500103980593	0.16775437426612355	16	7	19	8	15	ENSG00000175110	0.9819869795482614	False
0.007045752370189261	0.34328358208955223	0.12735754638523095	0.216987466427932	10	7	9	3	6	ENSG00000182484	0.9819869795482614	False
0.004851395048246074	0.34328358208955223	0.20780256620773854	0.1541143119828379	4	7	12	4	7	ENSG00000189283	0.9819869795482614	False
0.0010575627653741733	0.34328358208955223	0.22477816857201105	0.08283582089552237	5	7	11	4	9	ENSG00000198393	0.9819869795482614	False
0.0026372474665356744	0.34328358208955223	0.15059818781945078	0.1441330637711607	10	7	12	4	7	ENSG00000204305	0.9819869795482614	False
0.00013307767642798616	0.34328358208955223	0.05546148628050583	0.034872204893328575	7	7	16	6	12	ENSG00000273559	0.9819869795482614	False
0.003998938521772823	0.3482587064676617	0.22614379474343077	0.22727539937980396	7	7	13	3	7	ENSG00000047621	0.9819869795482614	False
0.001367593362798404	0.3482587064676617	0.28723340009587733	0.2031953860656679	4	7	19	6	12	ENSG00000062650	0.9819869795482614	False
3.866612782249064e-05	0.3482587064676617	0.03247888334185981	0.01752596733997102	3	7	19	7	14	ENSG00000066027	0.9819869795482614	False
0.005002945838070762	0.3482587064676617	0.2605983351516933	0.2984603325681653	10	7	14	4	10	ENSG00000070010	0.9819869795482614	False
0.0004900960820550665	0.3482587064676617	0.05147012562646335	0.05300876430367259	5	7	15	5	11	ENSG00000084774	0.9819869795482614	False
1.713196877248622e-05	0.3482587064676617	0.020253968253968222	0.010430247718383306	2	7	18	6	11	ENSG00000100028	0.9819869795482614	False
0.001281796061911301	0.3482587064676617	0.17279857177561592	0.17417317030313156	2	7	7	3	4	ENSG00000101082	0.9819869795482614	False
0.0016148097925392073	0.3482587064676617	0.1697313233132311	0.2085575968968939	26	7	18	7	15	ENSG00000101596	0.9819869795482614	False
0.0010448039492551608	0.3482587064676617	0.09512591001312798	0.1224187577128754	10	6	11	4	7	ENSG00000106123	0.9819869795482614	False
0.00010643358786822967	0.3482587064676617	0.03680893527131769	0.024121445839572337	5	7	18	8	14	ENSG00000106554	0.9819869795482614	False
0.0018064290432189564	0.3482587064676617	0.20218781466617292	0.15575078718548693	7	6	12	4	9	ENSG00000106615	0.9819869795482614	False
0.0002348529232429282	0.3482587064676617	0.08372800117581876	0.061146783823363755	11	7	18	8	15	ENSG00000113328	0.9819869795482614	False
0.0026640145124545095	0.3482587064676617	0.2118940623253982	0.27670138477926387	3	7	9	4	6	ENSG00000116237	0.9819869795482614	False
0.003420230604654817	0.3482587064676617	0.1446936021421433	0.15589659023829106	15	7	18	10	15	ENSG00000120533	0.9819869795482614	False
0.001999333236469871	0.3482587064676617	0.17983256754126054	0.16701318284630676	6	3	4	3	3	ENSG00000120925	0.9819869795482614	False
2.5841295194765454e-05	0.3482587064676617	0.016828962156623592	0.010914819328472389	2	7	17	7	13	ENSG00000124767	0.9819869795482614	False
0.002837657654182435	0.3482587064676617	0.2037524081603826	0.25037263626928125	21	7	19	6	13	ENSG00000131503	0.9819869795482614	False
3.2811519677836096e-06	0.3482587064676617	0.005128205128205119	0.005474452554744536	2	7	14	5	9	ENSG00000137078	0.9819869795482614	False
5.588771245883404e-05	0.3482587064676617	0.05578231292517014	0.019157088122605387	2	7	10	3	6	ENSG00000137168	0.9819869795482614	False
0.000832257518393042	0.3482587064676617	0.1995648383524	0.12883747171844961	8	7	13	5	10	ENSG00000138670	0.9819869795482614	False
4.063006225836956e-05	0.3482587064676617	0.03857818789143568	0.024024024024023975	6	7	15	7	11	ENSG00000138801	0.9819869795482614	False
0.0019078135653870718	0.3482587064676617	0.09843592374342384	0.13856633266721236	8	7	19	12	17	ENSG00000144713	0.9819869795482614	False
0.0013400161149702146	0.3482587064676617	0.07723486713043992	0.08114478114478116	3	6	7	3	5	ENSG00000147383	0.9819869795482614	False
4.715709504329887e-06	0.3482587064676617	0.025281158568274877	0.007114093959731534	5	7	18	10	14	ENSG00000148154	0.9819869795482614	False
0.0026881749601733967	0.3482587064676617	0.21315734041604062	0.21206150171667418	13	7	13	5	9	ENSG00000148950	0.9819869795482614	False
0.001121510561705336	0.3482587064676617	0.199172980609251	0.1915204678362573	9	7	15	5	11	ENSG00000154144	0.9819869795482614	False
0.014847175127814112	0.3482587064676617	0.40035869349691466	0.31450620206419844	7	3	4	3	3	ENSG00000154153	0.9819869795482614	False
0.005310883640937383	0.3482587064676617	0.2011636084189167	0.3860159343076397	5	5	8	4	7	ENSG00000162971	0.9819869795482614	False
0.0005986929899381771	0.3482587064676617	0.09446525176862253	0.05438364677756189	4	7	13	4	9	ENSG00000164818	0.9819869795482614	False
0.004699393617352826	0.3482587064676617	0.22835546060006115	0.12041666666666666	5	7	11	3	7	ENSG00000167721	0.9819869795482614	False
0.002021957200830179	0.3482587064676617	0.15836599057990536	0.1556455503459921	17	7	16	5	12	ENSG00000167766	0.9819869795482614	False
0.0026604945634718107	0.3482587064676617	0.17692833736047608	0.17658740206468976	36	7	15	5	10	ENSG00000168036	0.9819869795482614	False
0.004718864119176465	0.3482587064676617	0.5375871581089542	0.2015694519141446	12	7	13	3	8	ENSG00000196562	0.9819869795482614	False
0.00011435954729094276	0.3482587064676617	0.1592148736717415	0.08682056666052862	4	7	17	4	9	ENSG00000211584	0.9819869795482614	False
0.00055617146726531	0.3482587064676617	0.07565888928670883	0.07378201601564885	2	3	5	3	4	ENSG00000290835	0.9819869795482614	False
0.00016244361499330136	0.3482587064676617	0.038986747553533325	0.044563279857397504	4	7	12	4	8	ENSG00000290989	0.9819869795482614	False
0.0002782063469049591	0.35323383084577115	0.0732334233791344	0.03858529486374984	8	5	7	3	5	ENSG00000033867	0.9819869795482614	False
0.003163564610392058	0.35323383084577115	0.10284533684080391	0.11749480522100503	12	7	18	7	14	ENSG00000065427	0.9819869795482614	False
0.0025467230309113784	0.35323383084577115	0.09439811074395937	0.10710188267599541	5	4	4	3	4	ENSG00000083097	0.9819869795482614	False
0.01420917851200735	0.35323383084577115	0.23749103942652333	0.2804605138989997	5	3	4	3	3	ENSG00000099840	0.9819869795482614	False
6.549426499904135e-05	0.35323383084577115	0.03191764025894098	0.034019434657194245	3	7	16	7	11	ENSG00000100422	0.9819869795482614	False
0.0029596797918480405	0.35323383084577115	0.15801023516927137	0.16273492210509813	14	7	18	8	15	ENSG00000105393	0.9819869795482614	False
0.006034484013560714	0.35323383084577115	0.36644298171738887	0.3037119524870081	29	5	9	5	6	ENSG00000111596	0.9819869795482614	False
0.00022484793355651134	0.35323383084577115	0.08975956053330662	0.05008776483967468	11	7	18	8	15	ENSG00000116670	0.9819869795482614	False
0.005017427278673305	0.35323383084577115	0.24310421016395728	0.30688131313131317	38	5	5	3	4	ENSG00000125124	0.9819869795482614	False
0.0021483688928594404	0.35323383084577115	0.26393193658203956	0.18243332789626068	20	7	19	6	14	ENSG00000125676	0.9819869795482614	False
0.006489262669961245	0.35323383084577115	0.27927852255227315	0.36070143884892086	5	4	5	3	4	ENSG00000125772	0.9819869795482614	False
0.01525464172369419	0.35323383084577115	0.23294497217635593	0.3587779489333894	12	7	14	4	8	ENSG00000128585	0.9819869795482614	False
0.007208840024667282	0.35323383084577115	0.35525643998660034	0.45872193436960274	26	7	12	3	8	ENSG00000131374	0.9819869795482614	False
0.0001559704777112797	0.35323383084577115	0.0640029042497326	0.02857687673892505	5	7	17	6	10	ENSG00000134001	0.9819869795482614	False
0.0016638530855637471	0.35323383084577115	0.09420441750113483	0.17971768444961833	4	7	19	8	15	ENSG00000139722	0.9819869795482614	False
0.00513162640656725	0.35323383084577115	0.15473702693546298	0.14440556577949742	6	6	12	4	8	ENSG00000140941	0.9819869795482614	False
0.0028037581865386677	0.35323383084577115	0.2638422945245319	0.2817687794758083	8	7	8	3	5	ENSG00000141568	0.9819869795482614	False
0.002719131592076027	0.35323383084577115	0.24673927241117738	0.27503228465448554	11	5	8	3	5	ENSG00000146192	0.9819869795482614	False
0.0008205926856207788	0.35323383084577115	0.07505118871719943	0.1501685393258427	12	7	18	6	13	ENSG00000149084	0.9819869795482614	False
0.019073147370083882	0.35323383084577115	0.32243977983004946	0.4168552297390903	8	7	10	3	7	ENSG00000151466	0.9819869795482614	False
0.00033729625653231005	0.35323383084577115	0.10457516339869279	0.07053941908713691	3	7	12	4	7	ENSG00000156697	0.9819869795482614	False
0.006639897588793449	0.35323383084577115	0.3207654902812041	0.30161430755835594	12	7	13	3	9	ENSG00000163512	0.9819869795482614	False
0.001439486718189907	0.35323383084577115	0.12553262654851183	0.1021788195877984	11	7	18	7	13	ENSG00000166508	0.9819869795482614	False
0.004249580270098882	0.35323383084577115	0.2789399929244041	0.3277479660723559	10	7	16	5	9	ENSG00000169682	0.9819869795482614	False
0.002694870047950916	0.35323383084577115	0.13748719175381813	0.1542662944532103	4	7	11	4	7	ENSG00000170430	0.9819869795482614	False
0.008884837126128907	0.35323383084577115	0.2788325574838281	0.274701442091032	11	6	9	3	7	ENSG00000171100	0.9819869795482614	False
1.6916411736949614e-05	0.35323383084577115	0.01476190476190476	0.013377926421404677	6	7	15	5	11	ENSG00000174106	0.9819869795482614	False
0.0019601634416837217	0.35323383084577115	0.15839452639299945	0.14779395783525318	8	7	11	3	8	ENSG00000174442	0.9819869795482614	False
0.0008122150386614576	0.35323383084577115	0.10821264399173569	0.11820706515301876	14	7	19	12	18	ENSG00000177410	0.9819869795482614	False
3.139103969290685e-05	0.35323383084577115	0.05039980955911243	0.017237056963335627	10	7	19	12	17	ENSG00000178980	0.9819869795482614	False
0.022225399726897133	0.35323383084577115	0.3149198633656793	0.45557385301644926	17	7	17	5	10	ENSG00000185187	0.9819869795482614	False
0.001205301275617467	0.35323383084577115	0.3399634264897469	0.3211127203254037	6	7	13	4	7	ENSG00000185697	0.9819869795482614	False
0.00484320885488346	0.35323383084577115	0.3026765475903406	0.23406972289618186	2	6	9	3	5	ENSG00000188725	0.9819869795482614	False
0.009000178537142117	0.35323383084577115	0.26948705850530813	0.295495275333985	9	7	10	3	6	ENSG00000203485	0.9819869795482614	False
0.007002429023105059	0.35323383084577115	0.28203943278385035	0.2896435950413223	7	5	8	4	5	ENSG00000215440	0.9819869795482614	False
0.0012803254074366167	0.35323383084577115	0.11733322443777748	0.11505068637393294	7	7	16	6	12	ENSG00000223865	0.9819869795482614	False
7.272165529525786e-05	0.35323383084577115	0.027812812595905657	0.02937016319777985	5	7	19	12	18	ENSG00000229117	0.9819869795482614	False
0.00018979268212376317	0.35323383084577115	0.08259808217845595	0.04555184519222537	4	7	19	9	15	ENSG00000285043	0.9819869795482614	False
0.0005520204052134799	0.3582089552238806	0.12369271565040733	0.15335163558944692	11	7	19	11	17	ENSG00000055950	0.9819869795482614	False
0.00858988336347037	0.3582089552238806	0.2122634234890669	0.32874701889561553	6	7	10	3	7	ENSG00000058729	0.9819869795482614	False
5.188700641002939e-05	0.3582089552238806	0.01612903225806451	0.016574585635359095	2	4	5	3	4	ENSG00000066739	0.9819869795482614	False
0.000488690915656014	0.3582089552238806	0.17978095896636379	0.21333290001787425	21	7	17	7	13	ENSG00000084234	0.9819869795482614	False
0.001927333274844011	0.3582089552238806	0.28579693805016704	0.2345004460303301	17	7	16	6	13	ENSG00000092020	0.9819869795482614	False
0.008030020215985107	0.3582089552238806	0.2676234138952976	0.2910807033394769	11	7	14	5	10	ENSG00000100523	0.9819869795482614	False
0.0011890930933745971	0.3582089552238806	0.26860495661932093	0.12853642811089622	12	7	13	4	11	ENSG00000102786	0.9819869795482614	False
0.00029249378897619076	0.3582089552238806	0.07058654218763354	0.06044243619525391	15	7	19	10	16	ENSG00000109920	0.9819869795482614	False
0.0027518820504367205	0.3582089552238806	0.19932590845060583	0.17526014387998806	20	7	19	10	16	ENSG00000111011	0.9819869795482614	False
0.002450364171064944	0.3582089552238806	0.1634899765041231	0.1568593437160892	4	7	17	6	14	ENSG00000117614	0.9819869795482614	False
0.009509130314063466	0.3582089552238806	0.3039605734767025	0.37877787701109256	10	5	5	3	3	ENSG00000123505	0.9819869795482614	False
0.005069682136534319	0.3582089552238806	0.3203929367503147	0.3015054528212423	11	7	10	4	6	ENSG00000128989	0.9819869795482614	False
0.01229513256622761	0.3582089552238806	0.38165712655217554	0.26698054955233097	3	7	8	4	5	ENSG00000131779	0.9819869795482614	False
0.005917280805942004	0.3582089552238806	0.2725782716873782	0.18622724884892305	9	5	6	3	4	ENSG00000133641	0.9819869795482614	False
0.005189188766264718	0.3582089552238806	0.421884418229286	0.4649595687331537	10	7	10	3	6	ENSG00000135250	0.9819869795482614	False
0.005592405902587521	0.3582089552238806	0.35308393613517836	0.27322549492998555	6	5	8	3	6	ENSG00000138190	0.9819869795482614	False
0.0018649730088344072	0.3582089552238806	0.1993602302869545	0.18909575063214662	8	7	13	4	9	ENSG00000138814	0.9819869795482614	False
0.004421939669444079	0.3582089552238806	0.34992215606656707	0.4217427599049637	13	7	11	3	9	ENSG00000138834	0.9819869795482614	False
0.001292343360596864	0.3582089552238806	0.11141368517697799	0.07111585576259485	3	5	5	3	4	ENSG00000151882	0.9819869795482614	False
0.0031426317068110835	0.3582089552238806	0.1851552237860094	0.1729990464972797	9	7	15	5	9	ENSG00000153107	0.9819869795482614	False
0.0007065790557592023	0.3582089552238806	0.06800299538332027	0.036863097260650755	3	3	4	3	4	ENSG00000154822	0.9819869795482614	False
0.002337571344300965	0.3582089552238806	0.1939091556594586	0.20875187440428847	14	7	17	7	13	ENSG00000156990	0.9819869795482614	False
0.0003780988823715658	0.3582089552238806	0.0990422051125254	0.19118630729883923	9	3	4	3	4	ENSG00000162241	0.9819869795482614	False
0.006251579345355182	0.3582089552238806	0.163953947897288	0.20625552741837833	26	7	19	11	17	ENSG00000162910	0.9819869795482614	False
0.010207939342340714	0.3582089552238806	0.4836163430889597	0.3565051020408163	7	7	8	3	6	ENSG00000163964	0.9819869795482614	False
0.0008748345737692925	0.3582089552238806	0.16067948047259267	0.16759472304194667	7	7	17	8	12	ENSG00000165487	0.9819869795482614	False
0.03514050705000045	0.3582089552238806	0.3004944327652065	0.4156835530881332	4	7	9	3	6	ENSG00000167196	0.9819869795482614	False
0.021508519988805142	0.3582089552238806	0.31228421572657467	0.43567501963304067	5	6	13	3	8	ENSG00000170619	0.9819869795482614	False
0.002292447151802619	0.3582089552238806	0.07992805841557982	0.12522337660467564	5	7	19	8	16	ENSG00000183726	0.9819869795482614	False
1.582553502953238e-05	0.3582089552238806	0.018866252238959522	0.016460756602014057	3	7	18	7	17	ENSG00000185262	0.9819869795482614	False
0.009992162760986745	0.3582089552238806	0.29975188628606725	0.33192949907235625	19	4	6	3	4	ENSG00000187741	0.9819869795482614	False
0.009618429809864054	0.3582089552238806	0.26591490552249786	0.2521474019088017	5	4	5	3	4	ENSG00000272870	0.9819869795482614	False
0.005281216940033822	0.36318407960199006	0.24480898249778682	0.3032094146367351	25	7	16	5	10	ENSG00000099246	0.9819869795482614	False
0.020688794393483024	0.36318407960199006	0.31629001883239166	0.47844076655052264	22	5	6	3	4	ENSG00000100897	0.9819869795482614	False
3.800714373703645e-05	0.36318407960199006	0.021446971222422097	0.015323755589969009	6	7	18	8	12	ENSG00000101457	0.9819869795482614	False
0.006633253896538197	0.36318407960199006	0.32585204466071993	0.6008831192438198	19	7	18	6	12	ENSG00000112576	0.9819869795482614	False
0.0014742497524731454	0.36318407960199006	0.2098876214274465	0.2598167729002812	5	7	16	6	12	ENSG00000119906	0.9819869795482614	False
0.001216747361247573	0.36318407960199006	0.1451811177017851	0.1359886715705841	6	7	13	4	8	ENSG00000134086	0.9819869795482614	False
8.276609558704066e-06	0.36318407960199006	0.007489389897797419	0.005918751681463521	3	7	17	8	13	ENSG00000137880	0.9819869795482614	False
4.795092422305343e-06	0.36318407960199006	0.007369660732889452	0.004395604395604388	4	7	18	6	13	ENSG00000141560	0.9819869795482614	False
0.003596920935165032	0.36318407960199006	0.2567427255737908	0.15785303695932504	7	5	8	4	5	ENSG00000143554	0.9819869795482614	False
0.00233538327487752	0.36318407960199006	0.14520380607506586	0.15370328257440796	11	7	15	5	12	ENSG00000145782	0.9819869795482614	False
0.004139139030108216	0.36318407960199006	0.1459326731883449	0.22010040887634974	9	7	14	4	9	ENSG00000151332	0.9819869795482614	False
0.02036652070300953	0.36318407960199006	0.32354652907553705	0.24193863591948409	8	3	4	3	3	ENSG00000154114	0.9819869795482614	False
0.012230522541126044	0.36318407960199006	0.3699234604466726	0.36786384347359957	21	7	10	4	6	ENSG00000156709	0.9819869795482614	False
0.005320514847636832	0.36318407960199006	0.15953121581298757	0.39249675242900944	9	7	19	12	19	ENSG00000161547	0.9819869795482614	False
0.0012206578111181444	0.36318407960199006	0.1489259261262652	0.11483082418425261	11	7	18	8	15	ENSG00000164919	0.9819869795482614	False
0.008385857693962107	0.36318407960199006	0.32019881461332356	0.26566916043225275	14	7	14	4	9	ENSG00000166037	0.9819869795482614	False
0.0018200162934567895	0.36318407960199006	0.2310697233148006	0.15628495224984948	12	7	16	5	10	ENSG00000166333	0.9819869795482614	False
0.0057056447406356025	0.36318407960199006	0.362493136908417	0.2360769860769861	6	7	9	3	6	ENSG00000166685	0.9819869795482614	False
0.006312213550060013	0.36318407960199006	0.16232329717004912	0.25427144594396384	32	7	18	7	13	ENSG00000168003	0.9819869795482614	False
0.03421676252111117	0.36318407960199006	0.3153606210792639	0.3951097906635249	9	5	6	3	4	ENSG00000168876	0.9819869795482614	False
0.001164019113447268	0.36318407960199006	0.15076682176791228	0.17492290587174056	9	7	16	5	11	ENSG00000175463	0.9819869795482614	False
0.01179142361683854	0.36318407960199006	0.2535375027116416	0.27650454121042356	5	5	6	3	5	ENSG00000177192	0.9819869795482614	False
0.007196415575571151	0.36318407960199006	0.23591240460244703	0.33381349150308337	5	7	13	5	8	ENSG00000183513	0.9819869795482614	False
0.007209058950333552	0.36318407960199006	0.15785150127354272	0.24587675426124486	2	6	9	3	6	ENSG00000184898	0.9819869795482614	False
0.0031591831898572158	0.36318407960199006	0.1785128363905674	0.1602527901035364	5	7	13	3	8	ENSG00000185947	0.9819869795482614	False
0.008442989638494163	0.36318407960199006	0.41373695572019	0.41742616033755275	6	6	8	3	4	ENSG00000188554	0.9819869795482614	False
0.00023035159237121494	0.36318407960199006	0.05898814749780511	0.0641025641025641	3	5	6	3	4	ENSG00000188827	0.9819869795482614	False
0.003306633464368946	0.36318407960199006	0.13843665988799653	0.10285161715085178	4	5	9	4	7	ENSG00000197837	0.9819869795482614	False
0.0024697014302882837	0.36318407960199006	0.15170523271584935	0.0986281508604007	5	6	12	3	8	ENSG00000213015	0.9819869795482614	False
0.00048438951017534956	0.36318407960199006	0.11906925157430562	0.10898468543935391	4	7	12	3	9	ENSG00000231770	0.9819869795482614	False
0.016418872265006438	0.36318407960199006	0.2542986245304333	0.3113523466507492	2	4	7	3	5	ENSG00000270276	0.9819869795482614	False
0.0004633959576183708	0.36318407960199006	0.10554896277688663	0.3094668720360823	3	7	18	7	13	ENSG00000271503	0.9819869795482614	False
0.007497688207637288	0.36318407960199006	0.19360308604037085	0.20989879822896904	9	3	5	3	4	ENSG00000291067	0.9819869795482614	False
0.007551910957006252	0.36318407960199006	0.1799913165607196	0.19435483870967743	7	3	5	3	4	ENSG00000291072	0.9819869795482614	False
0.0026175569216928245	0.3681592039800995	0.0996735640621445	0.1295677837833409	8	7	18	7	16	ENSG00000075914	0.9819869795482614	False
0.001910598478273468	0.3681592039800995	0.14465998274960543	0.09968354430379746	3	5	6	3	5	ENSG00000077585	0.9819869795482614	False
0.00471970625331347	0.3681592039800995	0.34567455860301755	0.4163845817864163	16	6	9	3	7	ENSG00000082701	0.9819869795482614	False
0.005453007103218735	0.3681592039800995	0.47826032549519226	0.5105997761537956	9	7	12	4	10	ENSG00000089916	0.9819869795482614	False
0.011613991666595764	0.3681592039800995	0.17111771265372117	0.327751227890439	20	7	14	5	10	ENSG00000100938	0.9819869795482614	False
0.0003160417953645605	0.3681592039800995	0.10403775229866376	0.10770950171051387	47	7	17	6	12	ENSG00000103811	0.9819869795482614	False
0.00029119423342767605	0.3681592039800995	0.09574563488618748	0.07101716250652419	12	7	17	7	13	ENSG00000104814	0.9819869795482614	False
0.00047005832967016305	0.3681592039800995	0.07375150277833326	0.05876984801713411	8	7	19	9	17	ENSG00000105364	0.9819869795482614	False
0.0031592308708831944	0.3681592039800995	0.12356672289734685	0.1050194931773879	2	4	4	3	4	ENSG00000105519	0.9819869795482614	False
0.0008819617726205815	0.3681592039800995	0.053397160537915954	0.08829910795946996	7	7	19	9	17	ENSG00000115541	0.9819869795482614	False
9.308825120272145e-05	0.3681592039800995	0.048732197260265175	0.03220634475888045	7	7	16	5	10	ENSG00000123374	0.9819869795482614	False
0.007433690147613622	0.3681592039800995	0.18380839253438094	0.35397223024965213	14	7	13	3	9	ENSG00000127463	0.9819869795482614	False
0.00023731530306573493	0.3681592039800995	0.07928606243749334	0.07320116825568969	15	7	17	8	14	ENSG00000132530	0.9819869795482614	False
0.0006948239194286903	0.3681592039800995	0.1192646297179342	0.13634603157010883	12	7	19	11	15	ENSG00000136490	0.9819869795482614	False
0.0012379960146207782	0.3681592039800995	0.17926875593542257	0.18476464247215235	10	6	8	3	5	ENSG00000142731	0.9819869795482614	False
0.003245095007968183	0.3681592039800995	0.2878943292615575	0.21383700441928882	15	7	15	6	11	ENSG00000147065	0.9819869795482614	False
6.518250864746628e-05	0.3681592039800995	0.03820231362276156	0.02322998495405515	3	7	18	10	15	ENSG00000147669	0.9819869795482614	False
0.0032110007036137505	0.3681592039800995	0.1832155125044395	0.16186585518362578	7	7	11	4	7	ENSG00000149480	0.9819869795482614	False
0.000189283128304163	0.3681592039800995	0.034669282256605066	0.054171930126896445	8	7	19	13	18	ENSG00000152082	0.9819869795482614	False
0.0006558392810465385	0.3681592039800995	0.11387306370416816	0.13422608276028472	7	6	6	3	4	ENSG00000156642	0.9819869795482614	False
0.00490869203429695	0.3681592039800995	0.3277488701941568	0.23990540939994087	14	6	10	3	5	ENSG00000157349	0.9819869795482614	False
0.0016934740233500818	0.3681592039800995	0.11176976687153893	0.12276841079548809	11	7	19	8	15	ENSG00000158545	0.9819869795482614	False
0.008204240095797895	0.3681592039800995	0.4197047417592102	0.2758566254991178	11	4	5	3	4	ENSG00000164134	0.9819869795482614	False
0.0004753028729536893	0.3681592039800995	0.11723587740990747	0.14787350668896418	4	7	19	5	14	ENSG00000165501	0.9819869795482614	False
6.994733550514026e-06	0.3681592039800995	0.020555566367784883	0.010065934451322272	15	7	19	13	19	ENSG00000167526	0.9819869795482614	False
0.010420417798161215	0.3681592039800995	0.1929611167588965	0.302236759916652	6	6	8	3	6	ENSG00000168038	0.9819869795482614	False
0.0002932495827236055	0.3681592039800995	0.09400330096762605	0.06150555618648409	10	7	18	12	15	ENSG00000168701	0.9819869795482614	False
0.0013290168745520405	0.3681592039800995	0.11354886265324005	0.10395467807903319	7	7	11	4	7	ENSG00000169629	0.9819869795482614	False
0.0036622813276562336	0.3681592039800995	0.2520162583673222	0.2901939941536008	22	7	13	5	8	ENSG00000169727	0.9819869795482614	False
0.0067309891862522234	0.3681592039800995	0.19934280345709401	0.22806289320757359	6	6	8	3	6	ENSG00000177042	0.9819869795482614	False
4.812062436703267e-07	0.3681592039800995	0.0007102272727272828	0.0015873015873015845	2	7	10	3	8	ENSG00000177700	0.9819869795482614	False
0.004101103096693621	0.3681592039800995	0.1276384073363804	0.07520302257144362	2	4	4	3	4	ENSG00000178385	0.9819869795482614	False
0.006538212208517769	0.3681592039800995	0.3669467312050517	0.30579752226093687	7	7	8	3	6	ENSG00000179406	0.9819869795482614	False
0.0030482900540806154	0.3681592039800995	0.24301548742468992	0.2625312605203674	8	3	4	3	4	ENSG00000182472	0.9819869795482614	False
5.59269852997011e-06	0.3681592039800995	0.0128205128205128	0.012048192771084357	2	3	4	3	3	ENSG00000184515	0.9819869795482614	False
0.0061039511215662985	0.3681592039800995	0.2899026565511714	0.23340877972448099	9	6	8	3	5	ENSG00000224870	0.9819869795482614	False
0.0014735756984239016	0.3681592039800995	0.15629793560295313	0.09252705862875353	2	6	12	3	8	ENSG00000240230	0.9819869795482614	False
0.0001420424971004895	0.3681592039800995	0.029713197530151773	0.03477925583188743	2	7	14	5	9	ENSG00000255112	0.9819869795482614	False
0.004043996610618742	0.373134328358209	0.23791562448507345	0.19994634397746447	7	6	10	3	6	ENSG00000001461	0.9819869795482614	False
0.004431957746991337	0.373134328358209	0.1746741720732656	0.1471561710652382	7	4	5	3	4	ENSG00000065029	0.9819869795482614	False
0.00517391778514987	0.373134328358209	0.16946895135922363	0.2009319322551293	15	7	16	5	11	ENSG00000071889	0.9819869795482614	False
0.0031134433793232013	0.373134328358209	0.3122419904544962	0.3411662100231202	31	7	14	3	9	ENSG00000072274	0.9819869795482614	False
0.00018663345641355686	0.373134328358209	0.036220138570014555	0.03716873461529146	8	7	16	7	13	ENSG00000076513	0.9819869795482614	False
9.246869250697556e-05	0.373134328358209	0.07520212229110178	0.07239305591980649	11	7	15	4	11	ENSG00000077152	0.9819869795482614	False
0.019033326286110177	0.373134328358209	0.33672937510856943	0.3605541635058198	29	7	14	4	10	ENSG00000100714	0.9819869795482614	False
9.962437433760862e-05	0.373134328358209	0.01666666666666676	0.013586956521739132	3	5	8	4	6	ENSG00000101343	0.9819869795482614	False
0.0016895208912668597	0.373134328358209	0.1666168731774053	0.11514109207757235	8	7	15	5	10	ENSG00000103111	0.9819869795482614	False
0.00243318201424073	0.373134328358209	0.08476064997804131	0.12878787878787878	3	4	7	3	4	ENSG00000104903	0.9819869795482614	False
0.01123539848003002	0.373134328358209	0.3750376783710117	0.3208855694851961	8	5	6	3	5	ENSG00000105875	0.9819869795482614	False
0.03228546600453276	0.373134328358209	0.29899548889233196	0.45424624620711457	17	7	18	8	15	ENSG00000106603	0.9819869795482614	False
0.0011615644513818415	0.373134328358209	0.12125069159436713	0.1239086919546869	4	7	17	5	9	ENSG00000108798	0.9819869795482614	False
0.0013022412574125715	0.373134328358209	0.20772033287531394	0.1816866933689364	13	7	14	6	10	ENSG00000120992	0.9819869795482614	False
0.002419456383656534	0.373134328358209	0.1763880288957688	0.17115779858415162	7	3	4	3	3	ENSG00000123444	0.9819869795482614	False
1.5856696562255198e-05	0.373134328358209	0.010869565217391328	0.009478672985781984	2	7	9	4	6	ENSG00000131791	0.9819869795482614	False
8.52720731368852e-06	0.373134328358209	0.011424991706007692	0.005313316005985823	3	7	19	9	17	ENSG00000136938	0.9819869795482614	False
0.007245525695335778	0.373134328358209	0.3062816240449589	0.2651442833562039	8	7	9	3	5	ENSG00000137145	0.9819869795482614	False
0.00034553760734941965	0.373134328358209	0.11268218780320446	0.1386604988403394	5	7	19	9	16	ENSG00000137815	0.9819869795482614	False
0.002307985686836389	0.373134328358209	0.2265112498903065	0.3239843676035992	8	6	9	4	7	ENSG00000138744	0.9819869795482614	False
0.0023205209830229946	0.373134328358209	0.24294664868522675	0.21732498394348104	9	4	6	3	4	ENSG00000139618	0.9819869795482614	False
0.00020990561040261816	0.373134328358209	0.12163359289477882	0.047165811728479265	9	7	18	5	11	ENSG00000143321	0.9819869795482614	False
0.016537606131721377	0.373134328358209	0.11079917856331448	0.29887595874107376	3	3	4	3	4	ENSG00000143324	0.9819869795482614	False
0.0019091703228538855	0.373134328358209	0.25566961710208613	0.18899194481250128	7	7	11	4	7	ENSG00000143570	0.9819869795482614	False
0.008795988082939953	0.373134328358209	0.44124641422834204	0.41500066640010663	20	6	9	3	6	ENSG00000151694	0.9819869795482614	False
0.001864883185875274	0.373134328358209	0.12143994862258797	0.10525578499533048	12	7	17	8	12	ENSG00000153922	0.9819869795482614	False
0.0013321133208736022	0.373134328358209	0.19270716831655446	0.14814416063305788	5	7	12	4	8	ENSG00000154642	0.9819869795482614	False
7.889279838439267e-05	0.373134328358209	0.05003595399991519	0.022080883480989053	7	7	19	13	18	ENSG00000154723	0.9819869795482614	False
0.006835457520156784	0.373134328358209	0.3628686286490279	0.30899234693877553	16	5	8	4	5	ENSG00000160710	0.9819869795482614	False
0.0036608317087086623	0.373134328358209	0.12640292735272937	0.33756956612777017	13	7	17	7	15	ENSG00000164054	0.9819869795482614	False
0.005376232317010751	0.373134328358209	0.301767703661244	0.17953345698387782	13	7	18	5	11	ENSG00000170832	0.9819869795482614	False
0.0014876626923722676	0.373134328358209	0.23391494803000468	0.1289907808761889	10	7	19	8	14	ENSG00000172183	0.9819869795482614	False
0.0008083326598901613	0.373134328358209	0.07149924788140044	0.08825936600435919	7	7	15	7	13	ENSG00000175215	0.9819869795482614	False
0.0032461260166110582	0.373134328358209	0.3249778071583361	0.1965098374679213	15	7	15	6	8	ENSG00000182173	0.9819869795482614	False
0.0162906313629457	0.373134328358209	0.1537087383067573	0.17832178841309823	7	4	5	3	4	ENSG00000184056	0.9819869795482614	False
3.609681195559689e-05	0.373134328358209	0.023803161566156656	0.00976217874952057	3	4	6	3	4	ENSG00000184371	0.9819869795482614	False
0.006458527928734813	0.373134328358209	0.15858764656374708	0.18963463705134398	4	5	5	3	3	ENSG00000185305	0.9819869795482614	False
0.0022731039965558017	0.373134328358209	0.08940752143890787	0.15126103767673915	8	7	19	12	19	ENSG00000189403	0.9819869795482614	False
0.0022636714625553496	0.373134328358209	0.10070237184861691	0.12240584794047474	5	5	5	3	3	ENSG00000196458	0.9819869795482614	False
0.005332476736251801	0.373134328358209	0.21071889750534734	0.21601889062224233	22	7	15	6	12	ENSG00000197343	0.9819869795482614	False
0.004889307094871927	0.373134328358209	0.2680245494284511	0.30100561963916006	12	5	5	3	3	ENSG00000203666	0.9819869795482614	False
0.015498302916540984	0.373134328358209	0.2823165684731805	0.30273025253904795	10	7	12	4	8	ENSG00000204564	0.9819869795482614	False
0.00017060687619472126	0.373134328358209	0.1494111668093686	0.055445311700560766	12	7	19	12	18	ENSG00000205352	0.9819869795482614	False
0.009732617436700177	0.373134328358209	0.17603017538570132	0.3622886753834833	2	5	7	3	7	ENSG00000211897	0.9819869795482614	False
0.0016545489367818282	0.373134328358209	0.23641415143804043	0.22531860662701786	4	7	14	4	10	ENSG00000213185	0.9819869795482614	False
0.0019352432684836233	0.373134328358209	0.16216033063846516	0.12609999282353093	5	7	14	4	9	ENSG00000233429	0.9819869795482614	False
0.0034228477568021775	0.373134328358209	0.24555976537365476	0.25495265517472865	4	7	14	5	10	ENSG00000233937	0.9819869795482614	False
0.0034586677022203837	0.373134328358209	0.27428239334090465	0.19501528908614502	8	7	13	4	9	ENSG00000255529	0.9819869795482614	False
0.0002878019489967411	0.3781094527363184	0.06810565558269206	0.10091536614645857	12	7	8	3	5	ENSG00000008130	0.9819869795482614	False
0.007881169406908604	0.3781094527363184	0.3390491618433272	0.3720053120849933	25	5	7	3	6	ENSG00000028203	0.9819869795482614	False
4.054106584897287e-05	0.3781094527363184	0.012820512820512848	0.017857142857142884	6	7	16	5	11	ENSG00000041988	0.9819869795482614	False
0.00010050484494772909	0.3781094527363184	0.10215853130251204	0.05714970631288331	3	7	15	6	10	ENSG00000054219	0.9819869795482614	False
0.012349360640302592	0.3781094527363184	0.39365233927011894	0.48043478260869577	14	4	7	3	6	ENSG00000059377	0.9819869795482614	False
0.0018154268800962328	0.3781094527363184	0.3978078569143168	0.45694820684463394	11	7	16	5	14	ENSG00000064666	0.9819869795482614	False
0.0014784996555827008	0.3781094527363184	0.19962923103536317	0.12577698014895364	8	7	14	4	9	ENSG00000100281	0.9819869795482614	False
2.194710394875742e-05	0.3781094527363184	0.026896930524214314	0.03610044272614384	6	7	19	9	16	ENSG00000103187	0.9819869795482614	False
2.0267139294017416e-05	0.3781094527363184	0.0035523978685612434	0.008356545961002777	2	5	5	3	4	ENSG00000106246	0.9819869795482614	False
0.004078339281924721	0.3781094527363184	0.23624774077915947	0.1577522920261173	4	4	5	3	4	ENSG00000107829	0.9819869795482614	False
5.146504802007839e-06	0.3781094527363184	0.03522467480137407	0.025114189707763673	2	7	17	5	10	ENSG00000116824	0.9819869795482614	False
0.007027948874093923	0.3781094527363184	0.18243280182594268	0.2679858148432433	13	7	19	9	16	ENSG00000122257	0.9819869795482614	False
0.00019014696779978652	0.3781094527363184	0.08425612108296086	0.1414935463311668	23	7	19	7	14	ENSG00000126088	0.9819869795482614	False
2.3954501823667294e-06	0.3781094527363184	0.014436690664839325	0.00491887802700669	8	7	19	13	19	ENSG00000135390	0.9819869795482614	False
0.011619548473500314	0.3781094527363184	0.36127888705266115	0.45476190476190476	5	7	18	7	13	ENSG00000136240	0.9819869795482614	False
0.0025759911713076275	0.3781094527363184	0.2489840960564316	0.26403275785745906	19	7	16	6	11	ENSG00000138592	0.9819869795482614	False
0.0006648286611301229	0.3781094527363184	0.06933645531453922	0.05713501311695439	2	7	11	5	9	ENSG00000139505	0.9819869795482614	False
0.00021948930672398804	0.3781094527363184	0.0961326752300192	0.04087385482734315	11	7	15	5	10	ENSG00000147421	0.9819869795482614	False
0.00042183826611913043	0.3781094527363184	0.11942398849943177	0.1194029077687252	3	7	15	6	10	ENSG00000149089	0.9819869795482614	False
0.00042258456920643117	0.3781094527363184	0.0982807910252347	0.05392120983356993	12	7	19	11	16	ENSG00000153037	0.9819869795482614	False
9.800380571842e-06	0.3781094527363184	0.02476149130921114	0.011588462319723757	4	7	14	7	13	ENSG00000158711	0.9819869795482614	False
0.00023573164663765288	0.3781094527363184	0.08496974453411993	0.0443272378330736	9	7	17	6	14	ENSG00000164615	0.9819869795482614	False
0.006159222178839956	0.3781094527363184	0.07041788459231846	0.25662380744116975	10	7	15	8	13	ENSG00000165732	0.9819869795482614	False
2.9689417622860786e-05	0.3781094527363184	0.023214767714638734	0.026076741152539926	24	7	19	13	18	ENSG00000168066	0.9819869795482614	False
0.0005674796894989225	0.3781094527363184	0.10128861069429353	0.08109701646326105	5	7	17	6	11	ENSG00000168564	0.9819869795482614	False
0.003684124634488606	0.3781094527363184	0.27194051882347003	0.21889207317111922	22	7	14	5	13	ENSG00000170445	0.9819869795482614	False
1.6693633083385048e-06	0.3781094527363184	0.02775052581174127	0.004293282385291182	12	7	19	13	19	ENSG00000171863	0.9819869795482614	False
0.0013287506293771967	0.3781094527363184	0.10597399601274682	0.0761619889752618	7	7	18	9	15	ENSG00000173171	0.9819869795482614	False
0.002728245153894374	0.3781094527363184	0.11527728178620861	0.22873944910169508	5	7	19	12	18	ENSG00000177954	0.9819869795482614	False
0.0009663990443378532	0.3781094527363184	0.03582704673866029	0.06254062658068126	2	7	18	6	11	ENSG00000178605	0.9819869795482614	False
0.0029192957988245197	0.3781094527363184	0.1146848923373654	0.18842277397982374	5	7	7	3	5	ENSG00000198692	0.9819869795482614	False
0.001039287273511637	0.3781094527363184	0.15291422811395014	0.14526147064716488	13	7	16	5	10	ENSG00000204843	0.9819869795482614	False
0.009742803904731232	0.3781094527363184	0.31266725682503205	0.265961350293542	8	6	6	3	4	ENSG00000214013	0.9819869795482614	False
0.0009069791132538343	0.3781094527363184	0.1495672026568759	0.08601041508670816	6	7	13	5	9	ENSG00000267796	0.9819869795482614	False
0.000970768480687697	0.3781094527363184	0.10071419782194482	0.15055476236791596	4	7	18	6	13	ENSG00000291230	0.9819869795482614	False
0.0010346215805277594	0.38308457711442784	0.09872586040561028	0.06692812104602752	2	3	4	3	4	ENSG00000008405	0.9819869795482614	False
0.004752732758227133	0.38308457711442784	0.2434977430470715	0.20951329303858998	20	7	12	4	7	ENSG00000079805	0.9819869795482614	False
0.00014330836415030597	0.38308457711442784	0.13321519739242	0.050522503297184385	6	7	19	9	13	ENSG00000090104	0.9819869795482614	False
0.012641777887369816	0.38308457711442784	0.25379661346612564	0.2983975272376526	15	7	9	3	5	ENSG00000094914	0.9819869795482614	False
0.0023787416093721523	0.38308457711442784	0.12371223564500876	0.12404926812689704	6	5	5	3	4	ENSG00000101191	0.9819869795482614	False
0.00892352404040355	0.38308457711442784	0.1912599799621584	0.2621439200680272	3	7	7	3	5	ENSG00000103126	0.9819869795482614	False
0.001144989620139741	0.38308457711442784	0.15210130153003296	0.12415625197137391	10	7	17	6	13	ENSG00000103429	0.9819869795482614	False
1.3437035929398749e-05	0.38308457711442784	0.00862068965517245	0.0158311345646438	2	5	6	3	5	ENSG00000105514	0.9819869795482614	False
0.0016776125450784739	0.38308457711442784	0.15955300749836815	0.13645996614207787	17	7	15	4	9	ENSG00000108312	0.9819869795482614	False
0.0005164516851256576	0.38308457711442784	0.1454420587291847	0.09403656661160786	9	7	17	6	11	ENSG00000108406	0.9819869795482614	False
0.0032944521485269137	0.38308457711442784	0.18175400976996406	0.1854068661795616	7	7	17	6	9	ENSG00000109445	0.9819869795482614	False
0.0014165533909039213	0.38308457711442784	0.1560957120750377	0.1252528194424219	5	7	12	4	8	ENSG00000109586	0.9819869795482614	False
0.0009041740016738059	0.38308457711442784	0.14082474730199265	0.1261255779995133	4	7	14	3	9	ENSG00000110721	0.9819869795482614	False
1.1743710950892405e-05	0.38308457711442784	0.011679391004557926	0.010380622837370266	3	7	13	5	8	ENSG00000112297	0.9819869795482614	False
0.0012335417291679076	0.38308457711442784	0.15481357033299242	0.18248935714867032	17	7	18	8	15	ENSG00000115464	0.9819869795482614	False
0.006086512633281365	0.38308457711442784	0.22525702112810242	0.2241091219096334	9	7	15	4	10	ENSG00000116161	0.9819869795482614	False
0.009919634224752543	0.38308457711442784	0.2523082887086843	0.2090127127173626	14	7	16	5	10	ENSG00000125450	0.9819869795482614	False
8.511595806385812e-05	0.38308457711442784	0.06814436117982757	0.023405566612695074	10	7	19	13	18	ENSG00000127445	0.9819869795482614	False
0.008988220725458077	0.38308457711442784	0.7237275530234267	0.7337261503928171	5	6	6	3	5	ENSG00000127526	0.9819869795482614	False
0.0003407957296552212	0.38308457711442784	0.07127556906396237	0.0809111760670856	14	7	19	12	18	ENSG00000132424	0.9819869795482614	False
0.007267548731500866	0.38308457711442784	0.23767654318427886	0.31738777007771407	12	7	16	5	10	ENSG00000132963	0.9819869795482614	False
0.00017844039451305046	0.38308457711442784	0.07891893893405846	0.09991848484625945	3	7	13	3	8	ENSG00000136816	0.9819869795482614	False
0.0005661445766528941	0.38308457711442784	0.14971236288507775	0.0863228248966704	15	7	19	8	16	ENSG00000139613	0.9819869795482614	False
0.008515010733066136	0.38308457711442784	0.28182709083568197	0.23042975509117528	7	6	10	3	7	ENSG00000141905	0.9819869795482614	False
0.0005019558208521682	0.38308457711442784	0.05568812573495775	0.06580843978328947	3	7	15	4	9	ENSG00000143158	0.9819869795482614	False
0.0017958416936130661	0.38308457711442784	0.3030996213969286	0.12105249567485214	6	7	13	3	9	ENSG00000144580	0.9819869795482614	False
0.0008292454198968655	0.38308457711442784	0.09151157392117958	0.06707413226181369	6	7	17	8	14	ENSG00000147804	0.9819869795482614	False
0.0002606931325859722	0.38308457711442784	0.11600890482360847	0.0714448625841031	5	7	14	4	7	ENSG00000160193	0.9819869795482614	False
0.0005297440335676887	0.38308457711442784	0.1032065706691489	0.06706601876675601	8	7	16	6	12	ENSG00000162236	0.9819869795482614	False
0.006173172443544786	0.38308457711442784	0.2337624165413821	0.2408116133289344	4	7	18	5	13	ENSG00000164978	0.9819869795482614	False
0.009041446083557328	0.38308457711442784	0.18541301862983595	0.23865778038862787	12	7	17	7	13	ENSG00000169062	0.9819869795482614	False
0.002597287296831841	0.38308457711442784	0.07185567020026623	0.14263855486290528	9	7	19	9	16	ENSG00000169689	0.9819869795482614	False
0.001552351065474226	0.38308457711442784	0.11374358768936163	0.12138188608776843	3	7	13	4	9	ENSG00000173011	0.9819869795482614	False
0.0031189122456764915	0.38308457711442784	0.2979022659239247	0.23263739498652658	18	7	15	5	10	ENSG00000175054	0.9819869795482614	False
0.009934371271439174	0.38308457711442784	0.2807939099509748	0.36295990078544854	9	5	5	3	4	ENSG00000177595	0.9819869795482614	False
0.005238571136178303	0.38308457711442784	0.20974444704486211	0.2383113311331133	5	5	9	3	5	ENSG00000187091	0.9819869795482614	False
0.0007254421396416935	0.38308457711442784	0.21480353999816326	0.17251861613359884	20	7	18	8	13	ENSG00000243716	0.9819869795482614	False
0.001200144913566083	0.38308457711442784	0.14424023481898665	0.1359482480319849	7	7	16	4	10	ENSG00000274265	0.9819869795482614	False
0.0029743586350094646	0.3880597014925373	0.1895952917328304	0.15036231884057966	9	7	12	4	7	ENSG00000005882	0.9819869795482614	False
0.004037449065968203	0.3880597014925373	0.17239343923193146	0.1797245897998279	17	5	8	3	5	ENSG00000015153	0.9819869795482614	False
0.0012477811616569256	0.3880597014925373	0.08781675026171439	0.16123052410644523	6	7	19	10	15	ENSG00000063241	0.9819869795482614	False
8.945044111151329e-05	0.3880597014925373	0.06630249692684691	0.04093567251461991	2	6	11	5	7	ENSG00000066583	0.9819869795482614	False
8.032027092849652e-05	0.3880597014925373	0.026489071572570647	0.018170720291923258	14	7	19	13	17	ENSG00000090266	0.9819869795482614	False
0.0001404081340772494	0.3880597014925373	0.016990291262135936	0.02991452991452993	6	6	8	3	6	ENSG00000112787	0.9819869795482614	False
0.008290412888434222	0.3880597014925373	0.29631552539887734	0.2900728597449909	18	7	12	3	7	ENSG00000116127	0.9819869795482614	False
2.3357459502292566e-05	0.3880597014925373	0.009954672663911446	0.012792236435818286	6	7	16	6	12	ENSG00000116604	0.9819869795482614	False
0.0015435913540591388	0.3880597014925373	0.14271130983953773	0.09767882181675283	8	7	16	6	11	ENSG00000117395	0.9819869795482614	False
0.0012212817467811773	0.3880597014925373	0.11170069860021005	0.078635305977879	8	7	19	7	17	ENSG00000125877	0.9819869795482614	False
0.0243458136106685	0.3880597014925373	0.17783232716986755	0.28466442289685595	3	7	18	6	11	ENSG00000134748	0.9819869795482614	False
0.0013895996899283406	0.3880597014925373	0.1851114810885464	0.10360769618217516	17	7	18	5	10	ENSG00000137752	0.9819869795482614	False
0.0014610709731025222	0.3880597014925373	0.14314945796639164	0.1255564621176336	4	4	4	3	4	ENSG00000156162	0.9819869795482614	False
0.000980564229583311	0.3880597014925373	0.09020661492418888	0.14284345618409114	15	7	19	12	18	ENSG00000160932	0.9819869795482614	False
0.0010783367221326467	0.3880597014925373	0.12261617009486353	0.12312413637970374	9	7	15	7	12	ENSG00000162604	0.9819869795482614	False
0.010849821027255416	0.3880597014925373	0.1903345265626537	0.22484528673989335	2	7	13	3	8	ENSG00000164494	0.9819869795482614	False
0.0051891609134866205	0.3880597014925373	0.29272396162214553	0.2331126630410083	7	7	11	4	7	ENSG00000167674	0.9819869795482614	False
8.390599331346106e-05	0.3880597014925373	0.08010204316384092	0.09411764705882353	5	7	13	4	9	ENSG00000168710	0.9819869795482614	False
0.0012400740290203196	0.3880597014925373	0.1455404615248814	0.0961140608930664	10	7	17	6	10	ENSG00000169251	0.9819869795482614	False
0.003079431598506502	0.3880597014925373	0.6622556853328774	0.6840245235863792	18	6	9	3	8	ENSG00000181555	0.9819869795482614	False
0.003645451527231482	0.3880597014925373	0.2549635160929634	0.22460037018340903	18	7	15	4	10	ENSG00000184182	0.9819869795482614	False
0.00010683215779449856	0.3880597014925373	0.02209425794331447	0.03475783475783474	3	4	6	3	3	ENSG00000185291	0.9819869795482614	False
0.0116222864783529	0.3880597014925373	0.42065070346320343	0.38617511520737324	21	5	5	3	4	ENSG00000196712	0.9819869795482614	False
0.0015590725401725236	0.3880597014925373	0.08194502597000644	0.1545983707678148	9	7	19	8	13	ENSG00000197070	0.9819869795482614	False
8.440362310913761e-05	0.3880597014925373	0.059825876785242406	0.035827730887106335	6	7	18	7	14	ENSG00000204394	0.9819869795482614	False
4.886002787936979e-05	0.3880597014925373	0.013531952346966556	0.02005817012296842	4	7	19	13	19	ENSG00000205542	0.9819869795482614	False
0.0001836080274709787	0.3880597014925373	0.01763009157203292	0.037493488112578535	2	7	19	13	18	ENSG00000214736	0.9819869795482614	False
0.005250601421776782	0.3880597014925373	0.18973476787664537	0.4611646439050413	5	6	9	3	7	ENSG00000221923	0.9819869795482614	False
0.0013305233899313241	0.3880597014925373	0.08256186768586782	0.10053085915613336	4	7	14	4	10	ENSG00000256092	0.9819869795482614	False
0.001811612895933749	0.3880597014925373	0.12919301221826204	0.07258725716725054	5	3	4	3	4	ENSG00000284634	0.9819869795482614	False
0.013249088723169444	0.3880597014925373	0.30539910402205483	0.5447856827220504	9	4	7	3	5	ENSG00000291113	0.9819869795482614	False
0.0031134108476026027	0.39303482587064675	0.14003144429049347	0.20196562287270248	8	7	15	5	9	ENSG00000005194	0.9819869795482614	False
0.001873791841605977	0.39303482587064675	0.129838391361907	0.10788196075799267	5	5	6	3	5	ENSG00000015532	0.9819869795482614	False
0.00020433964096292116	0.39303482587064675	0.08270534730848024	0.05444744649290102	6	7	17	6	12	ENSG00000041802	0.9819869795482614	False
0.013114109047391173	0.39303482587064675	0.45596405113846106	0.5032581658035314	25	6	8	3	5	ENSG00000095794	0.9819869795482614	False
1.0794077086322072e-05	0.39303482587064675	0.017835564838863432	0.011174333788614085	4	7	18	6	11	ENSG00000101911	0.9819869795482614	False
1.1293666944125934e-05	0.39303482587064675	0.012962962962962957	0.006211180124223608	2	7	14	4	10	ENSG00000105849	0.9819869795482614	False
0.002006373850279088	0.39303482587064675	0.26233628125409025	0.30361635093933453	24	7	17	6	12	ENSG00000107099	0.9819869795482614	False
0.0016408099562857297	0.39303482587064675	0.20999978633693508	0.19085141633329294	9	7	16	5	11	ENSG00000108671	0.9819869795482614	False
0.0034401221083424824	0.39303482587064675	0.05501509492244489	0.13766127615081802	7	7	19	12	18	ENSG00000109475	0.9819869795482614	False
0.00011108993028300534	0.39303482587064675	0.05020576862144301	0.029080504977205122	5	7	18	8	13	ENSG00000115233	0.9819869795482614	False
0.0026711320371162295	0.39303482587064675	0.2133702025150763	0.20357063742592899	11	5	7	4	5	ENSG00000116871	0.9819869795482614	False
0.0025949441237687566	0.39303482587064675	0.18076727936233652	0.17868373963406992	9	7	19	10	16	ENSG00000120265	0.9819869795482614	False
0.003785857709622517	0.39303482587064675	0.16733849336100481	0.18076359275053308	22	7	14	5	10	ENSG00000129103	0.9819869795482614	False
0.0011745714716393464	0.39303482587064675	0.37787305755590445	0.320249741509584	4	5	5	3	4	ENSG00000130038	0.9819869795482614	False
5.13684587274206e-05	0.39303482587064675	0.022956683147774864	0.021381065447106818	7	7	19	13	19	ENSG00000130255	0.9819869795482614	False
0.002689003799378863	0.39303482587064675	0.2783203248738096	0.28585463882996537	18	7	15	5	12	ENSG00000134644	0.9819869795482614	False
0.0046382465508971625	0.39303482587064675	0.26297506165431606	0.30457354469611136	34	7	12	4	8	ENSG00000135317	0.9819869795482614	False
6.655278100008773e-05	0.39303482587064675	0.06396692493558806	0.022427949948819328	9	7	18	10	16	ENSG00000140612	0.9819869795482614	False
0.0035521405363319676	0.39303482587064675	0.17955801693036955	0.2212366340554733	8	7	12	4	9	ENSG00000143337	0.9819869795482614	False
0.0027885486644090417	0.39303482587064675	0.18888709143263205	0.19992439403021509	6	7	18	8	14	ENSG00000143543	0.9819869795482614	False
0.0003112461860844127	0.39303482587064675	0.07157003906975527	0.03765927324209531	6	7	15	4	9	ENSG00000146909	0.9819869795482614	False
0.00025285316412076536	0.39303482587064675	0.04470666628331103	0.045790475886959926	14	7	19	9	17	ENSG00000149923	0.9819869795482614	False
0.0020216587205468825	0.39303482587064675	0.08327483539652399	0.09783174719457687	8	7	18	7	14	ENSG00000150459	0.9819869795482614	False
6.645386031589192e-06	0.39303482587064675	0.015595515595515618	0.015122873345935744	3	7	12	3	10	ENSG00000154945	0.9819869795482614	False
0.007374641871455675	0.39303482587064675	0.22924528949673675	0.21585227933326992	6	7	16	5	10	ENSG00000156304	0.9819869795482614	False
0.012259757499973111	0.39303482587064675	0.24908994048582156	0.22938592477349684	8	6	7	3	4	ENSG00000159086	0.9819869795482614	False
0.012000311590404551	0.39303482587064675	0.39766455417194396	0.5557314338477773	10	5	6	3	4	ENSG00000159216	0.9819869795482614	False
0.0026258203586021185	0.39303482587064675	0.2266507643065516	0.20355640956986026	6	5	9	3	6	ENSG00000161888	0.9819869795482614	False
0.00016484821351020668	0.39303482587064675	0.04892975886485977	0.05078324765160287	3	7	12	3	7	ENSG00000162972	0.9819869795482614	False
0.0004769096297508462	0.39303482587064675	0.08476704431630738	0.06068177050555907	5	7	18	8	12	ENSG00000163950	0.9819869795482614	False
0.008012517463157395	0.39303482587064675	0.4263575044457398	0.3548935703313583	10	6	11	4	7	ENSG00000166181	0.9819869795482614	False
0.002451990740076321	0.39303482587064675	0.13296281271325464	0.12944115640614348	4	7	6	4	5	ENSG00000167118	0.9819869795482614	False
7.367522290464541e-05	0.39303482587064675	0.047755811485923144	0.02693154593816316	8	7	19	13	19	ENSG00000172809	0.9819869795482614	False
0.00503231335086223	0.39303482587064675	0.18902543569479893	0.2051605580411258	10	7	17	5	11	ENSG00000173436	0.9819869795482614	False
0.0012454447346431493	0.39303482587064675	0.156694335007588	0.1335183472093741	5	3	4	3	4	ENSG00000175782	0.9819869795482614	False
0.0019661037339402023	0.39303482587064675	0.12146728284507755	0.15419089147286824	3	7	14	3	9	ENSG00000177576	0.9819869795482614	False
6.99033902153593e-05	0.39303482587064675	0.03509780588023314	0.03265672466169567	2	4	5	3	3	ENSG00000180739	0.9819869795482614	False
4.465624942340163e-06	0.39303482587064675	0.01108036478380883	0.009713163451600575	6	7	19	13	17	ENSG00000187051	0.9819869795482614	False
0.0027412756965223533	0.39303482587064675	0.21235888294711822	0.2026262626262626	6	4	6	3	4	ENSG00000187097	0.9819869795482614	False
8.187156189619908e-08	0.39303482587064675	0.0020703198160517853	0.0011406009908382525	6	7	19	13	19	ENSG00000196683	0.9819869795482614	False
0.002779312165397426	0.39303482587064675	0.21949967144475152	0.1560594518478946	10	6	10	4	8	ENSG00000197782	0.9819869795482614	False
3.66767012507572e-05	0.39303482587064675	0.030074328688572766	0.027101493548897734	4	7	17	6	13	ENSG00000198276	0.9819869795482614	False
0.004388131810939992	0.39303482587064675	0.20077710304701776	0.27758668515950063	10	7	17	7	12	ENSG00000198898	0.9819869795482614	False
5.592180454989699e-05	0.39303482587064675	0.02794106495508621	0.016767035142715714	5	7	16	7	12	ENSG00000242247	0.9819869795482614	False
0.002020459746244305	0.39800995024875624	0.12306404062223124	0.12125281786928206	34	7	18	9	15	ENSG00000009307	0.9819869795482614	False
0.0031065937221681546	0.39800995024875624	0.16695684957831328	0.17084204040483236	17	7	19	8	16	ENSG00000060339	0.9819869795482614	False
0.00013180833127065522	0.39800995024875624	0.050827637653984986	0.06691449814126393	6	5	10	3	8	ENSG00000071967	0.9819869795482614	False
0.0056604929578238814	0.39800995024875624	0.3627464745759861	0.3334795321637427	15	7	13	4	8	ENSG00000093167	0.9819869795482614	False
0.003704682697715508	0.39800995024875624	0.22620146011560113	0.19721122396281637	8	7	9	3	6	ENSG00000100889	0.9819869795482614	False
0.005593357779968	0.39800995024875624	0.1522944757124452	0.2035441093342572	11	7	16	6	10	ENSG00000105197	0.9819869795482614	False
1.9863214446504807e-05	0.39800995024875624	0.013949264345777587	0.014979998895116692	2	7	18	7	15	ENSG00000108829	0.9819869795482614	False
0.002081132581452081	0.39800995024875624	0.23138481979786663	0.1686936936936937	4	5	8	3	5	ENSG00000110422	0.9819869795482614	False
0.01356321075222961	0.39800995024875624	0.30949331212695985	0.26959566297718546	17	5	7	3	5	ENSG00000112992	0.9819869795482614	False
0.004469835112100889	0.39800995024875624	0.24845714105107966	0.1787099023079888	20	7	18	5	13	ENSG00000114098	0.9819869795482614	False
9.633283503546223e-05	0.39800995024875624	0.04655577955828074	0.027456647398843917	3	7	10	3	8	ENSG00000116005	0.9819869795482614	False
0.0022338974979787822	0.39800995024875624	0.277395063697667	0.296172200223373	5	7	15	4	10	ENSG00000122694	0.9819869795482614	False
2.1134619976720628e-05	0.39800995024875624	0.006944444444444446	0.010676156583629876	3	6	6	3	5	ENSG00000127580	0.9819869795482614	False
0.001309040545020747	0.39800995024875624	0.19187846329610708	0.3051207513416816	16	7	13	5	8	ENSG00000128908	0.9819869795482614	False
6.701002597262547e-05	0.39800995024875624	0.09156235569168386	0.07959042872835975	7	3	4	3	4	ENSG00000134545	0.9819869795482614	False
0.0003853476487748052	0.39800995024875624	0.08124264171204867	0.047194288450655174	8	7	18	6	14	ENSG00000136381	0.9819869795482614	False
0.0078791153834533	0.39800995024875624	0.3586941134042292	0.43386524822695033	15	7	8	3	5	ENSG00000137509	0.9819869795482614	False
0.003023200960614972	0.39800995024875624	0.20525512926673325	0.13976959575658374	20	7	18	8	15	ENSG00000139644	0.9819869795482614	False
0.002867956163406804	0.39800995024875624	0.16473589491324706	0.19427986923123208	5	7	16	6	10	ENSG00000141429	0.9819869795482614	False
0.0009656949785497359	0.39800995024875624	0.05493610804885934	0.07874678241783732	14	7	19	13	18	ENSG00000143933	0.9819869795482614	False
0.01092886478066936	0.39800995024875624	0.2601006959063225	0.1749243697478992	10	2	3	3	3	ENSG00000144524	0.9819869795482614	False
0.0020509253364274747	0.39800995024875624	0.1134659741300906	0.10404339250493097	4	5	9	4	8	ENSG00000154813	0.9819869795482614	False
0.00768941282269593	0.39800995024875624	0.1005904707785848	0.15064666694021192	4	7	18	7	14	ENSG00000165416	0.9819869795482614	False
0.009696710725634243	0.39800995024875624	0.36165273642390344	0.4791737089201878	16	7	10	3	7	ENSG00000168010	0.9819869795482614	False
0.0003638980170629152	0.39800995024875624	0.09652184142714519	0.052547785972551206	5	7	18	7	14	ENSG00000168172	0.9819869795482614	False
0.0027947770047738996	0.39800995024875624	0.19595860168566331	0.18441518677281085	12	7	11	3	7	ENSG00000170037	0.9819869795482614	False
0.011375287593215464	0.39800995024875624	0.5263962708757899	0.5107230939700469	12	7	12	4	7	ENSG00000172977	0.9819869795482614	False
0.005278555645522624	0.39800995024875624	0.21946486694353834	0.19796126401630992	6	6	7	3	6	ENSG00000173540	0.9819869795482614	False
0.003668507301200589	0.39800995024875624	0.15362271672581937	0.17517682902323836	13	7	19	12	18	ENSG00000173933	0.9819869795482614	False
0.0007729855063166354	0.39800995024875624	0.12386367831434983	0.12027950782318089	4	7	8	3	5	ENSG00000178163	0.9819869795482614	False
0.0026144154132285275	0.39800995024875624	0.22154564854644093	0.2969082036886429	11	7	11	4	8	ENSG00000182093	0.9819869795482614	False
0.0013082174078387994	0.39800995024875624	0.11586667149994319	0.10629197281336328	4	7	16	5	11	ENSG00000183520	0.9819869795482614	False
0.0029881958533277088	0.39800995024875624	0.31803459040593496	0.3594053005817712	13	5	6	3	4	ENSG00000186827	0.9819869795482614	False
0.015568845564157364	0.39800995024875624	0.1176869165506106	0.30140744359252103	13	7	18	10	14	ENSG00000196465	0.9819869795482614	False
0.0036694579440027094	0.39800995024875624	0.23730564248124225	0.2617812439117391	97	7	18	9	15	ENSG00000196756	0.9819869795482614	False
0.005205524279335089	0.39800995024875624	0.19599634549160166	0.16014170224361884	3	4	6	3	5	ENSG00000196821	0.9819869795482614	False
0.0028482801207883506	0.39800995024875624	0.28386175886117027	0.18537967970230743	12	7	16	6	10	ENSG00000204469	0.9819869795482614	False
0.006124721841419375	0.39800995024875624	0.17987141027915138	0.23719130338808378	9	7	18	8	15	ENSG00000213339	0.9819869795482614	False
0.0013187231759008834	0.39800995024875624	0.19489037317560678	0.16989979830576846	8	7	18	9	15	ENSG00000244879	0.9819869795482614	False
0.0006580745696641302	0.39800995024875624	0.1111196471550775	0.10702663669145229	3	7	13	3	8	ENSG00000276045	0.9819869795482614	False
0.004257945330965937	0.40298507462686567	0.19609620018240936	0.28186967469972496	15	7	18	11	15	ENSG00000051108	0.9819869795482614	False
0.005217162931948577	0.40298507462686567	0.2617676891150344	0.19419945619901868	5	7	11	4	9	ENSG00000083520	0.9819869795482614	False
0.0013001259903307654	0.40298507462686567	0.31131586542112855	0.23648130393096836	13	5	8	3	6	ENSG00000090905	0.9819869795482614	False
0.005415806077026351	0.40298507462686567	0.1475044563279857	0.19842370744010085	5	4	5	3	4	ENSG00000100221	0.9819869795482614	False
0.029530653963037983	0.40298507462686567	0.5333521665761014	0.7375047956443306	5	5	6	3	3	ENSG00000101126	0.9819869795482614	False
0.0030084490571461813	0.40298507462686567	0.18564014553301636	0.1765669707096723	13	7	19	11	15	ENSG00000103653	0.9819869795482614	False
6.095488953049973e-07	0.40298507462686567	0.0008658008658008298	0.0019550342130987284	3	7	16	6	11	ENSG00000107872	0.9819869795482614	False
0.0009062636581709065	0.40298507462686567	0.09712077747882636	0.1231513452724735	3	7	11	4	8	ENSG00000110987	0.9819869795482614	False
0.0015016649738319701	0.40298507462686567	0.1463026529598695	0.14827374301675977	4	7	13	3	9	ENSG00000122873	0.9819869795482614	False
0.001018489856462141	0.40298507462686567	0.06298532621423822	0.0765175669671809	5	7	19	9	17	ENSG00000125611	0.9819869795482614	False
0.0006985228401756788	0.40298507462686567	0.29162472622285773	0.1836599237508431	15	7	16	6	10	ENSG00000126247	0.9819869795482614	False
0.01807671896043832	0.40298507462686567	0.5842164489900363	0.5774151811385853	15	4	6	3	6	ENSG00000130340	0.9819869795482614	False
8.111531346171253e-05	0.40298507462686567	0.04467327624405429	0.030546977969807838	15	7	19	13	19	ENSG00000131143	0.9819869795482614	False
0.01685776239589216	0.40298507462686567	0.16932756665782814	0.27864210885485624	13	7	19	11	16	ENSG00000131876	0.9819869795482614	False
0.0023996022772287064	0.40298507462686567	0.11637700087067174	0.10487540628385696	3	4	6	3	4	ENSG00000131931	0.9819869795482614	False
0.005599325323776956	0.40298507462686567	0.2188972372495721	0.12563864021107535	8	7	8	4	6	ENSG00000141968	0.9819869795482614	False
0.0001044205921213213	0.40298507462686567	0.048695185888366264	0.0577285915535614	22	7	19	13	19	ENSG00000142541	0.9819869795482614	False
0.00309122833420127	0.40298507462686567	0.17770319384450683	0.13921218385707645	7	7	18	8	14	ENSG00000152700	0.9819869795482614	False
1.0676667163734632e-05	0.40298507462686567	0.021142164351280884	0.008799061724354275	4	7	18	6	13	ENSG00000159228	0.9819869795482614	False
7.55331630299656e-05	0.40298507462686567	0.0666847993003004	0.060369559404831616	4	6	10	3	7	ENSG00000161921	0.9819869795482614	False
0.0012015913108336146	0.40298507462686567	0.1451233984168156	0.1011834994684593	12	7	18	6	13	ENSG00000163918	0.9819869795482614	False
0.004575593934274277	0.40298507462686567	0.27029223542072367	0.26498564249820533	8	6	11	3	7	ENSG00000165156	0.9819869795482614	False
0.0010862404236428795	0.40298507462686567	0.04451204127597849	0.07957939377085656	11	7	18	10	14	ENSG00000174851	0.9819869795482614	False
2.4428337320924903e-05	0.40298507462686567	0.014744484002798834	0.011269273609506681	5	7	19	12	17	ENSG00000174917	0.9819869795482614	False
0.0007925755114096034	0.40298507462686567	0.09921283686188873	0.10328073595710979	11	7	19	8	14	ENSG00000176915	0.9819869795482614	False
0.0005959879731935378	0.40298507462686567	0.08020892086629142	0.0663972862416442	2	6	7	3	4	ENSG00000186810	0.9819869795482614	False
0.0005978371473460707	0.40298507462686567	0.18150895873963474	0.10236073374231107	3	7	14	5	8	ENSG00000198799	0.9819869795482614	False
0.0008366405983055642	0.40298507462686567	0.12402457664994533	0.12927789927996056	89	7	19	13	18	ENSG00000234741	0.9819869795482614	False
7.351740250103327e-05	0.40298507462686567	0.06978834767083929	0.09133394336841036	3	7	15	6	11	ENSG00000277632	0.9819869795482614	False
0.0033310559803723747	0.4079601990049751	0.19058274112412882	0.19404759674913596	23	7	19	10	17	ENSG00000003402	0.9819869795482614	False
0.001659085468138569	0.4079601990049751	0.0635853798123982	0.08363636363636362	4	5	6	3	5	ENSG00000065923	0.9819869795482614	False
6.107704158648535e-05	0.4079601990049751	0.03074044373162261	0.02749140893470791	2	7	9	3	6	ENSG00000086827	0.9819869795482614	False
0.008501163368744144	0.4079601990049751	0.21538089932012078	0.29107578050580823	31	7	18	8	14	ENSG00000090621	0.9819869795482614	False
0.0035396244226349204	0.4079601990049751	0.273763275035321	0.2541081821294077	8	4	4	3	3	ENSG00000091073	0.9819869795482614	False
0.03339181758371551	0.4079601990049751	0.2825386207089724	0.40232216194290926	5	4	5	3	4	ENSG00000107371	0.9819869795482614	False
3.987550641710088e-07	0.4079601990049751	0.0005518763796909407	0.0015847860538827033	3	7	13	5	9	ENSG00000108828	0.9819869795482614	False
0.0001356135757916639	0.4079601990049751	0.05284027740249209	0.042078881414061506	5	7	13	5	9	ENSG00000109133	0.9819869795482614	False
0.0010000006734050936	0.4079601990049751	0.22348456181529358	0.44369102479701555	16	6	9	3	6	ENSG00000119969	0.9819869795482614	False
0.003061725771528174	0.4079601990049751	0.17872921057722305	0.2232905982905983	17	7	18	9	14	ENSG00000121073	0.9819869795482614	False
0.0013016170987919017	0.4079601990049751	0.1077011880931443	0.09582648256516334	11	7	16	6	11	ENSG00000138363	0.9819869795482614	False
0.004291941953308983	0.4079601990049751	0.10822098601858242	0.1596434822535709	7	7	19	12	17	ENSG00000144028	0.9819869795482614	False
0.0002213005875053875	0.4079601990049751	0.053612921479679734	0.04478836761342729	5	4	4	3	3	ENSG00000147459	0.9819869795482614	False
6.410576811737636e-05	0.4079601990049751	0.03329917027654713	0.03104575163398693	3	6	10	3	5	ENSG00000154839	0.9819869795482614	False
2.1900285556250656e-05	0.4079601990049751	0.020959214369895153	0.027458901172114657	14	7	19	13	19	ENSG00000161016	0.9819869795482614	False
0.00012316347145190096	0.4079601990049751	0.06291020081982283	0.049292254817091395	9	7	19	13	17	ENSG00000165629	0.9819869795482614	False
0.004389073777308932	0.4079601990049751	0.4834535834535835	0.3406457319770014	14	4	6	3	4	ENSG00000166770	0.9819869795482614	False
0.007013394700872221	0.4079601990049751	0.24236382147676133	0.22615325462918465	6	7	17	5	11	ENSG00000167258	0.9819869795482614	False
2.4033206981022093e-05	0.4079601990049751	0.020366466987882453	0.022902094798508743	7	7	17	7	13	ENSG00000169203	0.9819869795482614	False
0.003069192328372216	0.4079601990049751	0.2523946777216426	0.47563342183019014	10	7	16	6	11	ENSG00000170291	0.9819869795482614	False
0.011305395056573658	0.4079601990049751	0.40911980487696353	0.3837777063925474	3	4	5	3	4	ENSG00000170545	0.9819869795482614	False
0.004283245669182928	0.4079601990049751	0.19369024261319856	0.14724164724164723	3	6	7	3	4	ENSG00000171763	0.9819869795482614	False
0.0037243789482779006	0.4079601990049751	0.1959824480884686	0.16954096954096953	3	7	16	6	12	ENSG00000173960	0.9819869795482614	False
0.01151927863612048	0.4079601990049751	0.30861034907087537	0.30540622168529147	9	4	5	3	4	ENSG00000175611	0.9819869795482614	False
0.004229409219210143	0.4079601990049751	0.14992415655217708	0.07438513867085293	5	4	5	3	4	ENSG00000176659	0.9819869795482614	False
0.0016247633034118826	0.4079601990049751	0.23916962016836668	0.16414461080312928	18	7	10	3	6	ENSG00000177426	0.9819869795482614	False
0.0002507463011165185	0.4079601990049751	0.07791342756565081	0.05121197471565505	4	7	18	6	15	ENSG00000180628	0.9819869795482614	False
0.0009927875794815653	0.4079601990049751	0.23621811643963736	0.21305258945220418	10	7	14	6	12	ENSG00000198399	0.9819869795482614	False
0.00011310741417454164	0.4079601990049751	0.24103459805229271	0.28417801788743763	19	7	17	6	12	ENSG00000204482	0.9819869795482614	False
0.0016491580354546665	0.4079601990049751	0.2307691163984219	0.24812332757110037	15	6	10	3	5	ENSG00000239697	0.9819869795482614	False
0.0004761647551789099	0.4079601990049751	0.09134615384615385	0.07883344725449991	3	5	5	3	4	ENSG00000259972	0.9819869795482614	False
0.0004864231400603298	0.4079601990049751	0.25852421197285563	0.12776459904665713	17	7	9	5	8	ENSG00000281649	0.9819869795482614	False
0.0014012724575263329	0.4079601990049751	0.3137270696131998	0.2580508474576271	2	4	5	3	4	ENSG00000289047	0.9819869795482614	False
0.0021108494179455316	0.4129353233830846	0.2420998256396777	0.12752273231315148	15	7	14	6	9	ENSG00000012061	0.9819869795482614	False
0.0014540587922431888	0.4129353233830846	0.1532067414773536	0.14460964928504455	12	7	19	7	15	ENSG00000048649	0.9819869795482614	False
0.009423142166551105	0.4129353233830846	0.24372434164121354	0.258920634920635	12	4	6	3	4	ENSG00000048991	0.9819869795482614	False
1.2311721476901582e-06	0.4129353233830846	0.0035714285714286208	0.005376344086021503	2	5	9	3	7	ENSG00000053372	0.9819869795482614	False
0.006974186616863367	0.4129353233830846	0.29652048602824266	0.27137460843928507	7	6	5	3	4	ENSG00000085365	0.9819869795482614	False
0.004468286533885257	0.4129353233830846	0.5699585853759435	0.38701406120760956	24	7	11	5	8	ENSG00000090615	0.9819869795482614	False
0.00038912650873222036	0.4129353233830846	0.03448640643182056	0.047619047619047644	4	4	5	3	4	ENSG00000113273	0.9819869795482614	False
0.002091926854248084	0.4129353233830846	0.10113314975501593	0.08406324933266973	5	7	19	7	14	ENSG00000116815	0.9819869795482614	False
0.008122126887258762	0.4129353233830846	0.22146357285404236	0.2616844602609727	5	6	10	3	6	ENSG00000118939	0.9819869795482614	False
0.009399796636269163	0.4129353233830846	0.41440504338435763	0.2764694357366771	9	7	10	3	7	ENSG00000123297	0.9819869795482614	False
0.006710847276759994	0.4129353233830846	0.11207149417991615	0.23363474457030164	5	7	18	8	14	ENSG00000124802	0.9819869795482614	False
4.494407244339267e-06	0.4129353233830846	0.02591895098850608	0.007948981492325296	8	7	19	13	19	ENSG00000128340	0.9819869795482614	False
5.554654018033475e-05	0.4129353233830846	0.012461059190031154	0.012121212121212106	2	3	4	3	3	ENSG00000130827	0.9819869795482614	False
0.008042824870827813	0.4129353233830846	0.31114073278451737	0.34035379777699304	8	7	11	4	9	ENSG00000131370	0.9819869795482614	False
0.0050338097476656345	0.4129353233830846	0.15878740822410836	0.22162916007250083	3	7	18	7	15	ENSG00000131495	0.9819869795482614	False
0.0001794495318013889	0.4129353233830846	0.04040293040293036	0.03675594937730862	3	7	8	3	6	ENSG00000133597	0.9819869795482614	False
0.0007535714359423163	0.4129353233830846	0.13096403779985355	0.11263754547874703	6	7	13	4	9	ENSG00000136874	0.9819869795482614	False
0.0023686135504317387	0.4129353233830846	0.23864599479545642	0.1753539954318936	34	7	18	8	15	ENSG00000138674	0.9819869795482614	False
0.00484045019306774	0.4129353233830846	0.22228775474610177	0.2711890419368454	21	7	13	4	10	ENSG00000142166	0.9819869795482614	False
0.0009392107889867146	0.4129353233830846	0.15962861630813222	0.13162944038671512	10	7	19	8	16	ENSG00000143401	0.9819869795482614	False
0.001604599873084615	0.4129353233830846	0.1871226777375738	0.1697387309790411	5	7	11	3	8	ENSG00000145919	0.9819869795482614	False
0.0015780222337363602	0.4129353233830846	0.10508953800666387	0.09300562432115629	3	7	9	3	6	ENSG00000155850	0.9819869795482614	False
0.0004411881141162232	0.4129353233830846	0.06687297376952551	0.07453102453102452	7	3	4	3	3	ENSG00000161513	0.9819869795482614	False
0.0002879930985382624	0.4129353233830846	0.018518518518518504	0.032608695652173926	3	3	4	3	3	ENSG00000164168	0.9819869795482614	False
0.0019312429787914605	0.4129353233830846	0.16258562414849537	0.1529643296432964	6	7	15	4	12	ENSG00000164610	0.9819869795482614	False
0.0023545852381617197	0.4129353233830846	0.10857708311659828	0.11892909984736955	4	7	19	8	16	ENSG00000166925	0.9819869795482614	False
0.019391933660346306	0.4129353233830846	0.5186539307307731	0.461284121491734	15	7	10	4	6	ENSG00000168675	0.9819869795482614	False
0.00021859273328578673	0.4129353233830846	0.05362001079301117	0.058114522622123424	4	3	4	3	4	ENSG00000185838	0.9819869795482614	False
0.0008326422352170429	0.4129353233830846	0.2587288267045365	0.21620874054951134	8	7	12	5	8	ENSG00000187049	0.9819869795482614	False
0.002741958500935265	0.4129353233830846	0.23639904035898693	0.25360623781676417	12	7	12	3	7	ENSG00000187239	0.9819869795482614	False
2.6076482320588695e-06	0.4129353233830846	0.005291005291005263	0.011152416356877342	2	6	10	4	8	ENSG00000197860	0.9819869795482614	False
0.004092509093119815	0.4129353233830846	0.48365742543602874	0.3127802690582959	14	6	7	3	5	ENSG00000204406	0.9819869795482614	False
0.00201156792389262	0.4129353233830846	0.21147044009699167	0.26172349817670015	19	7	16	5	11	ENSG00000205758	0.9819869795482614	False
0.0007955656108422069	0.4129353233830846	0.15815171268961337	0.14423769334907968	7	7	13	4	8	ENSG00000233024	0.9819869795482614	False
0.005414580895011331	0.4129353233830846	0.08868814753757637	0.18511266754682357	5	7	18	7	13	ENSG00000242114	0.9819869795482614	False
2.7474464312306337e-05	0.4129353233830846	0.0559324601435333	0.01924600108256827	5	7	19	13	17	ENSG00000242485	0.9819869795482614	False
0.0031542539566479667	0.4129353233830846	0.27787006988104657	0.2354712630326809	14	7	12	4	7	ENSG00000257698	0.9819869795482614	False
0.004404633762580131	0.4129353233830846	0.24717736170838248	0.21959930313588852	11	7	9	3	8	ENSG00000257815	0.9819869795482614	False
0.0029250997137572456	0.417910447761194	0.1730688078446952	0.18963794599426811	19	7	18	7	12	ENSG00000004534	0.9819869795482614	False
1.5616532030676575e-05	0.417910447761194	0.0190902532933774	0.013095238095238071	3	7	18	5	13	ENSG00000005022	0.9819869795482614	False
0.00163946084114723	0.417910447761194	0.20800129380808843	0.14535228606815143	13	7	15	6	11	ENSG00000005339	0.9819869795482614	False
0.012723954995301101	0.417910447761194	0.3755102803414456	0.2856328045386101	7	7	8	3	5	ENSG00000068654	0.9819869795482614	False
0.001452438681511329	0.417910447761194	0.1363702921413179	0.14735823251072816	12	7	19	9	16	ENSG00000082153	0.9819869795482614	False
0.0028986083251464558	0.417910447761194	0.17985860308186413	0.1696213512596107	13	7	18	8	15	ENSG00000099783	0.9819869795482614	False
0.0032080377098447463	0.417910447761194	0.10263000154404739	0.08790895450838299	7	7	19	8	14	ENSG00000100226	0.9819869795482614	False
0.0024397205832370253	0.417910447761194	0.34917996656728945	0.3281397385797063	11	7	16	6	12	ENSG00000105639	0.9819869795482614	False
1.8131760626312323e-06	0.417910447761194	0.002398650682393368	0.004577341077095535	2	7	19	13	19	ENSG00000112306	0.9819869795482614	False
0.0021961052475993077	0.417910447761194	0.06793275326988077	0.10194490694081554	16	7	18	8	13	ENSG00000119689	0.9819869795482614	False
0.024451856198056496	0.417910447761194	0.5018252152119429	0.42488262910798125	3	5	6	3	5	ENSG00000119943	0.9819869795482614	False
0.0010004109370260709	0.417910447761194	0.26655825716663584	0.36234831174627313	7	5	11	5	6	ENSG00000120708	0.9819869795482614	False
0.008071204422797896	0.417910447761194	0.2500031742037233	0.3902274547268154	10	7	14	3	10	ENSG00000122224	0.9819869795482614	False
0.004034604147196369	0.417910447761194	0.32201114109525747	0.19128420599008833	11	4	7	3	6	ENSG00000125375	0.9819869795482614	False
0.0005006517127345722	0.417910447761194	0.06115781140558921	0.06265857136246815	10	7	19	12	17	ENSG00000130724	0.9819869795482614	False
0.0034513732966390477	0.417910447761194	0.21296797405233578	0.16452526298162556	12	7	13	4	8	ENSG00000133142	0.9819869795482614	False
0.012286369367014981	0.417910447761194	0.09360243010974384	0.24865362371114785	4	7	16	5	11	ENSG00000135940	0.9819869795482614	False
0.0008465129685198067	0.417910447761194	0.22033192154167233	0.10081053698074977	13	6	9	3	6	ENSG00000139112	0.9819869795482614	False
0.005611454550611863	0.417910447761194	0.1328254252145832	0.1520766773162939	5	7	17	6	11	ENSG00000144827	0.9819869795482614	False
0.00914994752525417	0.417910447761194	0.14890468377215982	0.26564436778951245	8	7	17	5	14	ENSG00000157191	0.9819869795482614	False
0.001226880640510624	0.417910447761194	0.12672056781186058	0.08822946098178969	13	7	19	7	14	ENSG00000157954	0.9819869795482614	False
0.002507938532409535	0.417910447761194	0.1251357096599475	0.19471657730801448	23	7	19	12	17	ENSG00000164924	0.9819869795482614	False
0.01158973312956015	0.417910447761194	0.3552152802152802	0.35924431256182	4	5	9	3	5	ENSG00000172889	0.9819869795482614	False
0.0007380723946403442	0.417910447761194	0.09935122427366386	0.07579462441441205	12	7	18	8	16	ENSG00000175390	0.9819869795482614	False
0.004100311875827588	0.417910447761194	0.27289201462788953	0.25331646484728	5	5	7	3	6	ENSG00000185414	0.9819869795482614	False
0.006794470638715715	0.417910447761194	0.16047260154801185	0.20695109883288554	5	7	19	9	16	ENSG00000188976	0.9819869795482614	False
0.005459613591343041	0.417910447761194	0.4104290057169487	0.322020618556701	22	7	10	4	7	ENSG00000213066	0.9819869795482614	False
0.0025436107597828416	0.417910447761194	0.3240923385544768	0.2728722014247433	54	7	17	7	14	ENSG00000223482	0.9819869795482614	False
0.0016698698608468747	0.417910447761194	0.24804022255187755	0.19552253397204028	17	4	5	3	4	ENSG00000228956	0.9819869795482614	False
0.0077955802445385065	0.417910447761194	0.14423140424698064	0.24502709331150832	3	7	18	8	14	ENSG00000239306	0.9819869795482614	False
0.002795716260950066	0.417910447761194	0.21644932045222337	0.1425839041375815	5	7	15	5	11	ENSG00000248275	0.9819869795482614	False
0.0006249879278408444	0.417910447761194	0.039682539682539666	0.05847953216374269	2	7	12	4	7	ENSG00000285967	0.9819869795482614	False
0.00023564405648663307	0.4228855721393035	0.12928983907522762	0.06211727300274906	4	7	19	11	17	ENSG00000007255	0.9819869795482614	False
0.0016159363856306564	0.4228855721393035	0.15835567411654372	0.10006288964234934	9	5	7	3	5	ENSG00000023171	0.9819869795482614	False
0.0012339331439611078	0.4228855721393035	0.09982338679346463	0.087995100040833	5	5	6	3	4	ENSG00000076984	0.9819869795482614	False
0.007970807626826408	0.4228855721393035	0.2679424443683276	0.3226420803254908	16	7	17	5	11	ENSG00000087087	0.9819869795482614	False
0.02944170886256206	0.4228855721393035	0.4388317675962364	0.45798773891092676	11	6	8	3	5	ENSG00000089351	0.9819869795482614	False
0.0007439835532505228	0.4228855721393035	0.11250574937716945	0.16286387718579884	8	7	19	7	16	ENSG00000092201	0.9819869795482614	False
0.00306071569068238	0.4228855721393035	0.16690056802558645	0.1904914384339374	8	7	18	8	15	ENSG00000103363	0.9819869795482614	False
1.882443475345723e-05	0.4228855721393035	0.011111111111111092	0.010909090909090889	3	7	15	4	11	ENSG00000105229	0.9819869795482614	False
0.01660963422801645	0.4228855721393035	0.17119295900446793	0.34835072252979965	13	7	19	12	17	ENSG00000112514	0.9819869795482614	False
0.0022907585654530437	0.4228855721393035	0.1750017829727975	0.1764563253924956	9	3	4	3	3	ENSG00000114107	0.9819869795482614	False
0.0012374994097549398	0.4228855721393035	0.14155160057333968	0.12433898305084744	9	7	10	5	9	ENSG00000115084	0.9819869795482614	False
0.003056101403758497	0.4228855721393035	0.18421149735014655	0.13607813427443663	6	7	17	7	13	ENSG00000119640	0.9819869795482614	False
0.00042558578792659937	0.4228855721393035	0.08315932935248742	0.06952040731036337	3	6	8	3	6	ENSG00000140749	0.9819869795482614	False
0.00044773020669035995	0.4228855721393035	0.1502569737342855	0.06840794084402238	11	7	16	6	11	ENSG00000158517	0.9819869795482614	False
0.00031665139845248047	0.4228855721393035	0.027869626830420394	0.04539863826048761	2	4	4	3	3	ENSG00000158792	0.9819869795482614	False
0.0008212266350416967	0.4228855721393035	0.15903706504178744	0.16830387574252603	15	7	16	6	13	ENSG00000162231	0.9819869795482614	False
7.367591672534134e-05	0.4228855721393035	0.04888126701313456	0.022642592075862243	7	7	19	12	18	ENSG00000164032	0.9819869795482614	False
0.0071400181057318796	0.4228855721393035	0.2258549686717956	0.17642772319982727	6	4	4	3	3	ENSG00000165275	0.9819869795482614	False
0.013730107628997712	0.4228855721393035	0.2987575595148172	0.3870157218406758	4	6	10	3	6	ENSG00000172171	0.9819869795482614	False
0.00020618215701916862	0.4228855721393035	0.0301385935660336	0.034431842459577554	6	7	19	12	15	ENSG00000178057	0.9819869795482614	False
4.9091054737204395e-05	0.4228855721393035	0.03251624165240813	0.04390132669587251	10	7	19	13	19	ENSG00000182899	0.9819869795482614	False
0.0065844276775712755	0.4228855721393035	0.3303587824284349	0.40318627450980393	7	3	5	3	4	ENSG00000222020	0.9819869795482614	False
0.0007263043076425911	0.4228855721393035	0.05812214077946553	0.0538643831068472	2	4	4	3	4	ENSG00000243449	0.9819869795482614	False
0.00170082673695152	0.4228855721393035	0.14091354156623667	0.10487217496239076	9	7	19	9	16	ENSG00000273611	0.9819869795482614	False
0.00012124950181779904	0.4228855721393035	0.14520344804306046	0.21726372295384153	5	6	10	4	6	ENSG00000274536	0.9819869795482614	False
0.0026918377665678486	0.4228855721393035	0.24650359676715444	0.16700981944884385	13	2	3	3	3	ENSG00000291102	0.9819869795482614	False
0.006326676818616218	0.42786069651741293	0.41959986078407135	0.3665523436224073	17	5	8	3	5	ENSG00000004766	0.9819869795482614	False
0.0009839934295751654	0.42786069651741293	0.1482082413395825	0.27210850509357976	19	7	15	4	10	ENSG00000005844	0.9819869795482614	False
0.009416555503967087	0.42786069651741293	0.47841200462861344	0.5024671916010498	24	6	8	3	5	ENSG00000038274	0.9819869795482614	False
0.004367592566868258	0.42786069651741293	0.18778499278499278	0.18638443935926777	6	7	12	3	9	ENSG00000095261	0.9819869795482614	False
0.003966926211764395	0.42786069651741293	0.22981057138069794	0.30452536872909	14	7	7	3	5	ENSG00000099968	0.9819869795482614	False
0.0025068564417473566	0.42786069651741293	0.19135715062433534	0.1832971938572443	8	7	11	4	8	ENSG00000100359	0.9819869795482614	False
0.00030970807547127334	0.42786069651741293	0.06234187302156683	0.05139411195874071	13	7	19	7	15	ENSG00000104522	0.9819869795482614	False
0.00517995580350286	0.42786069651741293	0.13642068133358315	0.1461686988389218	16	7	15	6	11	ENSG00000104859	0.9819869795482614	False
0.0001020594058091332	0.42786069651741293	0.05556262451659268	0.03311980891373973	5	7	19	6	11	ENSG00000105186	0.9819869795482614	False
0.0006509599691440711	0.42786069651741293	0.09911146010418811	0.047195658318906236	3	7	19	8	17	ENSG00000106591	0.9819869795482614	False
0.0009955145923607352	0.42786069651741293	0.11971694769986635	0.11340891659159455	16	7	19	10	18	ENSG00000116171	0.9819869795482614	False
0.004681270563480747	0.42786069651741293	0.21822141961615676	0.28010878010878004	11	7	12	4	7	ENSG00000120913	0.9819869795482614	False
0.0023802157671018952	0.42786069651741293	0.18644313361872789	0.24834276543985598	8	6	9	4	6	ENSG00000122359	0.9819869795482614	False
0.0002361273713789506	0.42786069651741293	0.0808792146820316	0.06370656370656369	3	7	11	3	8	ENSG00000128791	0.9819869795482614	False
0.00012631409510785165	0.42786069651741293	0.08374705766340838	0.07549696158203731	4	6	10	3	5	ENSG00000129226	0.9819869795482614	False
2.865651842474554e-05	0.42786069651741293	0.016513858422741716	0.01748871213706904	5	7	17	6	12	ENSG00000129472	0.9819869795482614	False
0.0010858602453887717	0.42786069651741293	0.10000020178796051	0.08461232800365545	4	7	18	8	14	ENSG00000130706	0.9819869795482614	False
0.0009050967162418167	0.42786069651741293	0.05178769825331638	0.12977282591903247	9	7	19	7	15	ENSG00000132680	0.9819869795482614	False
0.0018265169823991987	0.42786069651741293	0.1743638721827316	0.18327186933076825	22	7	19	7	16	ENSG00000134283	0.9819869795482614	False
0.006214417538113665	0.42786069651741293	0.2570793175156144	0.27332405298236734	39	7	17	7	14	ENSG00000136104	0.9819869795482614	False
1.1923054091033767e-08	0.42786069651741293	5.543237250551803e-05	0.00024491795248592595	2	7	16	6	11	ENSG00000138166	0.9819869795482614	False
0.000903763703680259	0.42786069651741293	0.09643698607318286	0.12214372090099217	18	7	15	6	11	ENSG00000141480	0.9819869795482614	False
0.003533321904905633	0.42786069651741293	0.30966734834011717	0.32257335322573355	14	7	13	3	8	ENSG00000141627	0.9819869795482614	False
1.347783346161733e-05	0.42786069651741293	0.009259259259259224	0.007326007326007313	2	4	4	3	4	ENSG00000143443	0.9819869795482614	False
0.003158175634785528	0.42786069651741293	0.21118461068373257	0.16569991467811632	7	7	17	5	10	ENSG00000143793	0.9819869795482614	False
0.0018997490189339933	0.42786069651741293	0.12072888791351216	0.15443239438431663	9	7	18	7	14	ENSG00000147586	0.9819869795482614	False
0.004749587221397164	0.42786069651741293	0.15226922060938453	0.17735760971055087	7	4	4	3	4	ENSG00000151116	0.9819869795482614	False
0.0030753408263142147	0.42786069651741293	0.1376763872970002	0.1849927381306776	4	7	12	3	8	ENSG00000151657	0.9819869795482614	False
0.004315625008907184	0.42786069651741293	0.184492812002918	0.16141810259457318	12	7	19	7	13	ENSG00000151923	0.9819869795482614	False
0.0005197619368152216	0.42786069651741293	0.07427739203044817	0.06808825740810225	11	7	19	11	18	ENSG00000156411	0.9819869795482614	False
0.007200387803936217	0.42786069651741293	0.15931962608012268	0.2154370222665337	10	7	17	7	14	ENSG00000163399	0.9819869795482614	False
0.0056309711675754034	0.42786069651741293	0.2672061057239066	0.30045982185922376	20	7	11	3	8	ENSG00000163608	0.9819869795482614	False
0.006439131082787206	0.42786069651741293	0.36164023841695947	0.3495252071823205	15	7	10	4	7	ENSG00000166377	0.9819869795482614	False
0.002386308442837423	0.42786069651741293	0.19972896684679417	0.194545409588804	16	7	14	3	9	ENSG00000167613	0.9819869795482614	False
0.0006082838579108131	0.42786069651741293	0.04441495687271665	0.11872461261169259	8	7	19	10	16	ENSG00000167985	0.9819869795482614	False
0.003985249916746964	0.42786069651741293	0.31810560329985565	0.17992172721476402	8	7	13	5	10	ENSG00000173273	0.9819869795482614	False
0.002462277323397556	0.42786069651741293	0.2421529814520796	0.213550441750565	8	7	11	4	8	ENSG00000174579	0.9819869795482614	False
6.241658940837894e-07	0.42786069651741293	0.00410901481969862	0.0038837522327431835	8	7	19	13	19	ENSG00000177600	0.9819869795482614	False
0.018431206744920707	0.42786069651741293	0.5907592219753159	0.5221088435374149	34	7	11	3	7	ENSG00000184634	0.9819869795482614	False
0.020766501499766346	0.42786069651741293	0.19438507906775906	0.31498641003033667	4	7	19	13	19	ENSG00000197956	0.9819869795482614	False
0.003963274415496133	0.42786069651741293	0.10753679811494322	0.13985552198187023	4	4	5	3	4	ENSG00000228801	0.9819869795482614	False
0.00441417184951178	0.42786069651741293	0.14997431946584483	0.035249042145593865	5	2	3	3	3	ENSG00000279170	0.9819869795482614	False
0.00035530473063886487	0.43283582089552236	0.08949091500923716	0.02719650018228216	3	6	8	3	6	ENSG00000008324	0.9819869795482614	False
0.0021722323006470915	0.43283582089552236	0.21222920704451353	0.14654003131715498	6	7	18	7	12	ENSG00000031698	0.9819869795482614	False
0.007530467512429755	0.43283582089552236	0.29629977257074164	0.22099689225477476	21	7	14	5	8	ENSG00000070061	0.9819869795482614	False
0.0019055329070785435	0.43283582089552236	0.11196776592294541	0.106250012514592	6	7	18	9	15	ENSG00000070761	0.9819869795482614	False
0.0022983772007428164	0.43283582089552236	0.24158900351180967	0.12713512500292884	7	7	16	7	12	ENSG00000100528	0.9819869795482614	False
4.423018524219682e-06	0.43283582089552236	0.013395695213877049	0.002757859900717065	2	7	15	6	11	ENSG00000100994	0.9819869795482614	False
0.00028966194256184257	0.43283582089552236	0.07917042372651648	0.07375902792568835	7	7	18	7	12	ENSG00000104131	0.9819869795482614	False
0.0257458754293495	0.43283582089552236	0.16986299781060088	0.3360164293367703	13	7	18	6	15	ENSG00000106682	0.9819869795482614	False
6.024184573117934e-05	0.43283582089552236	0.02213852813852813	0.01769087523277468	3	5	8	4	6	ENSG00000107738	0.9819869795482614	False
1.9474694885404823e-06	0.43283582089552236	0.016999556037148787	0.005782617846805534	13	7	19	13	19	ENSG00000108298	0.9819869795482614	False
0.008687437383722135	0.43283582089552236	0.3315888798788363	0.3702923737476998	11	5	9	3	7	ENSG00000108666	0.9819869795482614	False
0.006829465132422081	0.43283582089552236	0.36085284733936934	0.26882563433441786	10	7	14	3	10	ENSG00000109390	0.9819869795482614	False
0.0004049807582083698	0.43283582089552236	0.2051069354501735	0.1728172515799586	18	7	19	10	17	ENSG00000112200	0.9819869795482614	False
0.0047417917601231	0.43283582089552236	0.19845600491231902	0.17156461132869635	11	7	19	12	18	ENSG00000115875	0.9819869795482614	False
0.002838765208590744	0.43283582089552236	0.17768048631707367	0.17691622103386812	13	5	6	3	5	ENSG00000116984	0.9819869795482614	False
0.0023548783231472723	0.43283582089552236	0.22229064477833232	0.30407071919676965	7	7	12	4	6	ENSG00000122952	0.9819869795482614	False
0.00014242691389016308	0.43283582089552236	0.07174241350544254	0.034042142078778675	5	7	19	13	18	ENSG00000125995	0.9819869795482614	False
0.0031771392608879144	0.43283582089552236	0.22699466886627673	0.1883382447391288	16	7	15	4	10	ENSG00000126226	0.9819869795482614	False
0.0012341050156388746	0.43283582089552236	0.14532496635881004	0.2719756065622837	2	7	9	3	6	ENSG00000132205	0.9819869795482614	False
0.0017208909365518687	0.43283582089552236	0.1264055864373639	0.13878155627385946	8	7	19	11	17	ENSG00000140319	0.9819869795482614	False
0.0015157393442906118	0.43283582089552236	0.07939719670371713	0.08366969524732944	4	7	19	10	16	ENSG00000143870	0.9819869795482614	False
0.010304256149772354	0.43283582089552236	0.2922060832480657	0.28375345303867405	6	7	8	3	5	ENSG00000150403	0.9819869795482614	False
0.0011803839871627059	0.43283582089552236	0.09942678909263308	0.13724774451953406	6	7	12	5	8	ENSG00000153898	0.9819869795482614	False
0.003529423822805995	0.43283582089552236	0.17943454223716	0.16375064966543684	4	7	19	8	14	ENSG00000154122	0.9819869795482614	False
0.008819607277457684	0.43283582089552236	0.1365412723654313	0.18247363097818234	6	6	11	3	8	ENSG00000156599	0.9819869795482614	False
0.0006874736633478805	0.43283582089552236	0.1141152267230215	0.427198091157641	23	7	15	4	8	ENSG00000162599	0.9819869795482614	False
0.0030717672377056746	0.43283582089552236	0.23964957319518299	0.2285577650251346	11	7	15	5	12	ENSG00000163848	0.9819869795482614	False
6.0934987396970335e-05	0.43283582089552236	0.022053352797467448	0.019223631748654768	6	7	19	11	16	ENSG00000164258	0.9819869795482614	False
0.005232779871877429	0.43283582089552236	0.25828064720983945	0.1477756146802221	2	5	7	3	4	ENSG00000165506	0.9819869795482614	False
0.0037402026466749876	0.43283582089552236	0.2831781898945158	0.1653230112426124	18	7	17	6	11	ENSG00000168397	0.9819869795482614	False
0.0013018874769979605	0.43283582089552236	0.18125162986106313	0.1407450505980302	39	7	19	8	16	ENSG00000169554	0.9819869795482614	False
0.0476901201337181	0.43283582089552236	0.3567158013933861	0.5733415217859268	17	7	9	4	7	ENSG00000171793	0.9819869795482614	False
8.408766130747319e-05	0.43283582089552236	0.09140648826657308	0.04359661720252141	17	7	19	11	17	ENSG00000172590	0.9819869795482614	False
0.0005687212980163332	0.43283582089552236	0.13513642914920754	0.11413461821921891	17	7	18	9	16	ENSG00000173889	0.9819869795482614	False
0.0006223378288078686	0.43283582089552236	0.0946527468225859	0.1079596489592233	15	7	19	11	18	ENSG00000174444	0.9819869795482614	False
0.002440065696061865	0.43283582089552236	0.14841089892745402	0.166409710486024	10	7	17	6	12	ENSG00000174953	0.9819869795482614	False
0.003507541176867731	0.43283582089552236	0.23843266924907036	0.2190302772020224	10	7	14	5	9	ENSG00000180098	0.9819869795482614	False
6.326304813232569e-05	0.43283582089552236	0.020905923344947758	0.005994005994006025	3	6	10	3	7	ENSG00000180209	0.9819869795482614	False
0.0013034353717353215	0.43283582089552236	0.19886315165510157	0.17981388103144347	19	7	18	6	14	ENSG00000182568	0.9819869795482614	False
0.0005776467749145434	0.43283582089552236	0.17116217448882554	0.14139563292105664	5	7	13	3	8	ENSG00000186174	0.9819869795482614	False
0.001008254883320296	0.43283582089552236	0.17269377304250835	0.13412664387926543	3	7	15	4	10	ENSG00000188177	0.9819869795482614	False
0.00555731696316662	0.43283582089552236	0.28647639299280137	0.2813110749185668	2	5	7	3	5	ENSG00000196507	0.9819869795482614	False
0.00020373161232501151	0.43283582089552236	0.1358052156595676	0.15852266781894653	5	7	18	6	15	ENSG00000224877	0.9819869795482614	False
0.001182659352972353	0.43283582089552236	0.22479121278140887	0.26894782280912943	2	5	6	3	5	ENSG00000261505	0.9819869795482614	False
0.0024159436663594453	0.43283582089552236	0.242245003446427	0.1691691691691692	11	3	4	3	3	ENSG00000291134	0.9819869795482614	False
0.00013169559044989306	0.43781094527363185	0.07984423291291602	0.035367204700668925	8	7	19	11	17	ENSG00000072506	0.9819869795482614	False
0.007826903467413583	0.43781094527363185	0.3262204044320977	0.3925244748598043	14	6	9	3	6	ENSG00000072609	0.9819869795482614	False
0.003057844711624342	0.43781094527363185	0.23308454183483435	0.2378642690957845	20	7	16	5	12	ENSG00000075292	0.9819869795482614	False
0.006810769095465909	0.43781094527363185	0.3540487508192469	0.2200484261501211	16	7	10	4	6	ENSG00000082212	0.9819869795482614	False
0.008730263947340285	0.43781094527363185	0.1526843948193496	0.2402143114728762	9	7	13	4	8	ENSG00000100142	0.9819869795482614	False
0.010654182529348986	0.43781094527363185	0.3627201518373612	0.2836401023120517	6	7	13	4	11	ENSG00000104412	0.9819869795482614	False
4.3549144230901446e-05	0.43781094527363185	0.07890124349071467	0.0610508082942648	8	3	6	3	5	ENSG00000107551	0.9819869795482614	False
0.0012293427543647708	0.43781094527363185	0.29487614551895336	0.2847845980921687	10	6	14	4	8	ENSG00000108439	0.9819869795482614	False
0.0015544064068277988	0.43781094527363185	0.24927890949630077	0.23809523809523808	6	7	14	4	10	ENSG00000111832	0.9819869795482614	False
0.00012542568678531959	0.43781094527363185	0.054525282396139824	0.02930561328414425	6	7	16	5	12	ENSG00000116478	0.9819869795482614	False
0.0008018386286615181	0.43781094527363185	0.08068181818181813	0.05714285714285715	2	3	5	3	4	ENSG00000120333	0.9819869795482614	False
0.002897136173628749	0.43781094527363185	0.2024277651764947	0.17752791543209082	6	6	11	3	7	ENSG00000122912	0.9819869795482614	False
6.167377092163677e-05	0.43781094527363185	0.09369047619047624	0.11805555555555557	8	6	12	4	5	ENSG00000125538	0.9819869795482614	False
2.3703132047599893e-08	0.43781094527363185	0.00042995622263917175	0.001234845083071382	2	7	19	12	17	ENSG00000128228	0.9819869795482614	False
0.0015715114825778852	0.43781094527363185	0.424815585996687	0.37576867119301643	10	7	13	3	10	ENSG00000129566	0.9819869795482614	False
1.5393311638827696e-05	0.43781094527363185	0.02083333333333335	0.008547008547008532	3	7	19	8	13	ENSG00000130725	0.9819869795482614	False
0.002903902801173489	0.43781094527363185	0.2128858066389822	0.29394457327951684	6	7	10	3	6	ENSG00000131127	0.9819869795482614	False
0.0016835484632089686	0.43781094527363185	0.14826675639205839	0.09111588120334477	3	7	17	7	13	ENSG00000133398	0.9819869795482614	False
0.00025386642484946594	0.43781094527363185	0.05714285714285715	0.0424628450106157	4	7	12	3	8	ENSG00000135632	0.9819869795482614	False
0.0012874228698672961	0.43781094527363185	0.1359677187604852	0.12206045680621952	13	5	6	3	5	ENSG00000135749	0.9819869795482614	False
0.001742497965102817	0.43781094527363185	0.08130663468210472	0.11348770851624232	4	7	18	8	13	ENSG00000138279	0.9819869795482614	False
0.0008443138965727473	0.43781094527363185	0.1126579258529927	0.137130075705437	3	6	9	4	8	ENSG00000139266	0.9819869795482614	False
0.0012303410292117067	0.43781094527363185	0.22474708996685688	0.05744577398811712	4	5	7	3	6	ENSG00000139318	0.9819869795482614	False
0.0011158599791392535	0.43781094527363185	0.11566132578512167	0.18036649771005347	14	7	18	10	16	ENSG00000144674	0.9819869795482614	False
0.006823753928188208	0.43781094527363185	0.34609233559515207	0.37884697017934843	20	6	12	4	8	ENSG00000147526	0.9819869795482614	False
0.026143030232454824	0.43781094527363185	0.33602313846879067	0.4054805953540131	15	7	8	3	6	ENSG00000155906	0.9819869795482614	False
0.00022521159055335178	0.43781094527363185	0.04248542413828039	0.049984917043740563	3	5	8	3	7	ENSG00000157911	0.9819869795482614	False
0.00014645240975812957	0.43781094527363185	0.0547124080076324	0.07178550996187806	4	4	7	4	6	ENSG00000163171	0.9819869795482614	False
0.0036307478333676424	0.43781094527363185	0.27886453253857507	0.24602622562279414	21	6	7	3	5	ENSG00000163681	0.9819869795482614	False
0.0008655904426124627	0.43781094527363185	0.0740477953378896	0.06960915302102856	6	7	18	6	12	ENSG00000163811	0.9819869795482614	False
2.9359673980132155e-07	0.43781094527363185	0.000640614990390792	0.001449625513409014	2	4	6	3	4	ENSG00000166289	0.9819869795482614	False
0.0002927795316655452	0.43781094527363185	0.06871287035550652	0.06350744081539611	9	7	10	3	7	ENSG00000167085	0.9819869795482614	False
0.004024061767480589	0.43781094527363185	0.33721753980622743	0.3253321588490054	4	7	14	3	8	ENSG00000169504	0.9819869795482614	False
0.000728514017136321	0.43781094527363185	0.11013005777530534	0.08859049807488226	16	7	18	11	16	ENSG00000171735	0.9819869795482614	False
0.0074293023109850385	0.43781094527363185	0.34281959516519656	0.26006168660197093	16	6	6	3	5	ENSG00000172785	0.9819869795482614	False
0.00479133973704407	0.43781094527363185	0.12920338828734867	0.1625	6	6	8	3	5	ENSG00000174446	0.9819869795482614	False
0.00040425027943848417	0.43781094527363185	0.06891415583931884	0.07386531371079921	9	7	19	13	18	ENSG00000175550	0.9819869795482614	False
0.0024330041237694148	0.43781094527363185	0.13706621292760865	0.10971735763901905	14	7	19	10	15	ENSG00000176261	0.9819869795482614	False
0.0031350766204516984	0.43781094527363185	0.38215689697779376	0.41902985074626864	5	7	10	3	6	ENSG00000181896	0.9819869795482614	False
0.0024428228321819014	0.43781094527363185	0.2018782272408312	0.1709035992952429	8	7	14	3	11	ENSG00000198520	0.9819869795482614	False
1.9048892194838626e-06	0.43781094527363185	0.002475247524752532	0.0032573289902280136	2	7	12	6	8	ENSG00000204389	0.9819869795482614	False
0.004720529855607925	0.43781094527363185	0.30018818463973623	0.23533686751357308	34	7	15	5	10	ENSG00000213614	0.9819869795482614	False
9.9914954765277e-09	0.43781094527363185	0.0004113533525298325	0.0002156101768003649	2	7	19	12	17	ENSG00000246705	0.9819869795482614	False
2.3758885454568613e-05	0.43781094527363185	0.04347826086956526	0.014354066985645914	2	5	5	3	4	ENSG00000261609	0.9819869795482614	False
0.0007651815796389399	0.43781094527363185	0.15187423945333073	0.0808633116468937	4	7	10	3	7	ENSG00000263528	0.9819869795482614	False
0.0013398985383943247	0.43781094527363185	0.10915845928087489	0.139375864162763	17	7	19	10	17	ENSG00000270647	0.9819869795482614	False
0.001203423813617214	0.4427860696517413	0.17851943370667236	0.1511667810569664	5	7	15	8	11	ENSG00000004468	0.9819869795482614	False
0.004142888561371101	0.4427860696517413	0.3239029280388827	0.40468286260689945	26	7	13	5	10	ENSG00000026508	0.9819869795482614	False
0.004948690383364877	0.4427860696517413	0.16275493591164183	0.22220169855843785	19	7	19	9	14	ENSG00000062716	0.9819869795482614	False
0.0011177451975207622	0.4427860696517413	0.17323982794454668	0.11280633226334584	12	7	19	8	15	ENSG00000064687	0.9819869795482614	False
0.0006463559893838962	0.4427860696517413	0.0786027183083497	0.06400237119004097	10	7	18	7	13	ENSG00000072958	0.9819869795482614	False
0.002287619644882078	0.4427860696517413	0.22216953650730525	0.21368507642568818	48	7	19	7	15	ENSG00000075413	0.9819869795482614	False
0.0028749978396503204	0.4427860696517413	0.12285952294018497	0.1385105109938558	19	7	13	5	10	ENSG00000089818	0.9819869795482614	False
0.0037474867507897337	0.4427860696517413	0.46151711119920813	0.45796096112166534	58	7	11	3	8	ENSG00000091592	0.9819869795482614	False
1.0036924483736535e-06	0.4427860696517413	0.010582010582010581	0.0016999575010624584	2	7	15	4	10	ENSG00000100368	0.9819869795482614	False
1.1068048817399335e-05	0.4427860696517413	0.03659551115403639	0.01306194011451116	12	7	19	9	15	ENSG00000100591	0.9819869795482614	False
0.005288093850849067	0.4427860696517413	0.2969570010901039	0.2121212121212121	18	6	11	4	7	ENSG00000105221	0.9819869795482614	False
0.0006106598418686665	0.4427860696517413	0.2314137286432198	0.16030371009490946	16	6	10	3	7	ENSG00000105339	0.9819869795482614	False
0.0018303820822806222	0.4427860696517413	0.09996147186338354	0.11577493116093747	7	7	16	7	12	ENSG00000105443	0.9819869795482614	False
0.02280169694495861	0.4427860696517413	0.4704859005526796	0.4727752639517345	26	7	13	5	9	ENSG00000106105	0.9819869795482614	False
0.0037114154901444667	0.4427860696517413	0.21217923264876384	0.22522026431718065	13	7	16	4	11	ENSG00000108055	0.9819869795482614	False
0.0005963558040236285	0.4427860696517413	0.07598417186079495	0.05673693021391478	4	7	13	4	9	ENSG00000108064	0.9819869795482614	False
0.0018534886534135864	0.4427860696517413	0.13698944534334956	0.1701705191360364	4	7	16	4	10	ENSG00000109534	0.9819869795482614	False
0.003840828447592132	0.4427860696517413	0.2505182917440982	0.25386100386100385	12	5	8	3	5	ENSG00000118564	0.9819869795482614	False
0.00016358988912787566	0.4427860696517413	0.027427997306024916	0.026201183192050795	7	7	19	13	18	ENSG00000118816	0.9819869795482614	False
0.0009423588048707805	0.4427860696517413	0.15770114139653163	0.16036428300579245	9	7	17	5	11	ENSG00000124214	0.9819869795482614	False
0.0019336365459580044	0.4427860696517413	0.07838336397461408	0.10688284380926157	9	7	19	13	18	ENSG00000125835	0.9819869795482614	False
0.0028612111508932044	0.4427860696517413	0.31259492179599835	0.13191711160263822	5	6	8	3	6	ENSG00000128040	0.9819869795482614	False
0.0027281096984257784	0.4427860696517413	0.17866119924967225	0.16594247650757757	20	7	19	9	15	ENSG00000129255	0.9819869795482614	False
0.0006237823184586728	0.4427860696517413	0.10197406739830966	0.07110476230489675	4	7	14	4	8	ENSG00000130699	0.9819869795482614	False
0.002272297738792924	0.4427860696517413	0.21595935833040242	0.3705658410769177	8	7	18	7	16	ENSG00000135829	0.9819869795482614	False
0.000193662958834754	0.4427860696517413	0.0487311023864467	0.03090447949086051	5	7	18	8	14	ENSG00000135932	0.9819869795482614	False
0.0066780505505476635	0.4427860696517413	0.2646493568691844	0.24491638795986623	9	7	14	4	9	ENSG00000136682	0.9819869795482614	False
1.786366771896318e-06	0.4427860696517413	0.002432216905901118	0.002686108979278578	2	7	14	7	12	ENSG00000141582	0.9819869795482614	False
0.004202219982553225	0.4427860696517413	0.3297159199333113	0.2671990366638147	5	7	11	4	8	ENSG00000143303	0.9819869795482614	False
0.007847214433843416	0.4427860696517413	0.29308389127532936	0.2381484986664372	11	6	7	3	5	ENSG00000144579	0.9819869795482614	False
0.004837526139665125	0.4427860696517413	0.16552230315315777	0.1925388035656484	11	7	18	7	15	ENSG00000147274	0.9819869795482614	False
0.0017563142359602435	0.4427860696517413	0.21929214681760759	0.25897616218444597	38	7	18	8	15	ENSG00000156650	0.9819869795482614	False
0.0015056924440805146	0.4427860696517413	0.15031188061718792	0.10051389322953658	2	7	18	9	14	ENSG00000158373	0.9819869795482614	False
0.0031300329567775695	0.4427860696517413	0.20277135977456978	0.15250783699059559	7	7	13	4	9	ENSG00000163788	0.9819869795482614	False
0.004098094685558611	0.4427860696517413	0.21954910461102417	0.22641806132764236	5	4	4	3	3	ENSG00000166024	0.9819869795482614	False
0.00032835832602086715	0.4427860696517413	0.06159554625748511	0.055715784951849597	7	7	15	5	12	ENSG00000166471	0.9819869795482614	False
0.0041052192474334195	0.4427860696517413	0.09551198172824076	0.1618567292425516	5	6	10	3	5	ENSG00000169372	0.9819869795482614	False
0.0003420011934585848	0.4427860696517413	0.06917655803399095	0.06157772249825709	6	7	19	13	17	ENSG00000175334	0.9819869795482614	False
0.0008939653655955497	0.4427860696517413	0.23898538976044392	0.14861561886444688	6	5	7	4	5	ENSG00000175470	0.9819869795482614	False
0.0007240390461567663	0.4427860696517413	0.4044374788112047	0.05223282238182017	10	6	7	3	5	ENSG00000180776	0.9819869795482614	False
0.007071024417666878	0.4427860696517413	0.26464880752451947	0.29126005361930296	9	5	6	3	4	ENSG00000181396	0.9819869795482614	False
0.001226410772850713	0.4427860696517413	0.16187244514731935	0.21491825690042826	6	7	16	7	11	ENSG00000184220	0.9819869795482614	False
0.0029301179665740295	0.4427860696517413	0.06472189383418994	0.15615793430558778	4	7	18	7	15	ENSG00000185651	0.9819869795482614	False
0.0014801487121270116	0.4427860696517413	0.3683537516735421	0.1339316602583744	12	7	12	4	8	ENSG00000196535	0.9819869795482614	False
0.0030569116114305154	0.4427860696517413	0.26531791990947085	0.34123744134877926	8	6	6	3	5	ENSG00000197081	0.9819869795482614	False
0.003343907183645642	0.4427860696517413	0.09944110253891228	0.1212038736628901	2	7	11	5	10	ENSG00000197579	0.9819869795482614	False
1.3138112233254066e-07	0.4427860696517413	0.00017485574401120303	0.0008431703204047143	2	7	12	4	7	ENSG00000214967	0.9819869795482614	False
0.00019789342256876666	0.4427860696517413	0.1137482449004709	0.06741400491400487	3	7	16	5	11	ENSG00000215717	0.9819869795482614	False
0.0015228295379068452	0.4427860696517413	0.13467324066614475	0.09127309856053176	4	4	6	3	4	ENSG00000217128	0.9819869795482614	False
0.004142157041230494	0.4427860696517413	0.23672189843679406	0.1858676459436916	2	6	8	4	5	ENSG00000230424	0.9819869795482614	False
0.0010690600003995159	0.4427860696517413	0.12614439341574177	0.143204621465491	2	6	10	3	6	ENSG00000232533	0.9819869795482614	False
1.3633287131851665e-06	0.4427860696517413	0.0135135135135135	0.0031201248049922206	2	5	5	3	4	ENSG00000237489	0.9819869795482614	False
8.244680202636798e-05	0.4427860696517413	0.023237177356818416	0.027027027027027015	3	7	10	3	8	ENSG00000243789	0.9819869795482614	False
0.0009735042728012075	0.4427860696517413	0.09764309764309761	0.09859154929577463	6	6	7	3	4	ENSG00000291159	0.9819869795482614	False
9.109345671855798e-05	0.44776119402985076	0.02962897979839454	0.016969670246040597	4	7	18	7	15	ENSG00000002330	0.9819869795482614	False
0.012520869330206276	0.44776119402985076	0.34884714295709357	0.41509319324746213	16	7	16	5	11	ENSG00000004455	0.9819869795482614	False
0.006516378804482507	0.44776119402985076	0.39815604057875054	0.4097941151954655	20	7	9	3	7	ENSG00000005801	0.9819869795482614	False
0.0029005257021470394	0.44776119402985076	0.2967025216601605	0.3508674555901882	20	7	12	4	8	ENSG00000055483	0.9819869795482614	False
0.0025804362985098472	0.44776119402985076	0.18841280746488787	0.18797692914644915	7	7	19	9	16	ENSG00000067334	0.9819869795482614	False
0.00417021557921054	0.44776119402985076	0.14188147104434057	0.16269000675062273	4	6	6	3	5	ENSG00000081019	0.9819869795482614	False
0.001484300523247172	0.44776119402985076	0.18952199375642387	0.1351421588933081	23	7	19	9	15	ENSG00000095787	0.9819869795482614	False
0.00524505718258441	0.44776119402985076	0.32783003273642486	0.31160667180715074	8	7	11	4	6	ENSG00000100890	0.9819869795482614	False
0.008712879251647921	0.44776119402985076	0.334208002413322	0.30854204772946586	13	7	12	4	9	ENSG00000102893	0.9819869795482614	False
0.006863929386483622	0.44776119402985076	0.2841896799371061	0.2551235684147076	6	7	7	3	5	ENSG00000103037	0.9819869795482614	False
0.004791086667210188	0.44776119402985076	0.13536301171087137	0.15383395119427357	8	7	13	4	8	ENSG00000108651	0.9819869795482614	False
7.57214044800998e-05	0.44776119402985076	0.05399258618031462	0.027269608549106362	3	7	19	10	17	ENSG00000112667	0.9819869795482614	False
0.00285069675093043	0.44776119402985076	0.2876864675154186	0.2945886173399401	11	7	15	6	9	ENSG00000115486	0.9819869795482614	False
0.003391951847425316	0.44776119402985076	0.11170652423754165	0.10196606114973461	2	6	7	3	6	ENSG00000115946	0.9819869795482614	False
0.00400188597370403	0.44776119402985076	0.2105908649655631	0.19939271255060728	14	7	11	3	7	ENSG00000129158	0.9819869795482614	False
0.03556831589452912	0.44776119402985076	0.3387093999980169	0.3959314992146729	18	7	12	4	8	ENSG00000136143	0.9819869795482614	False
0.0008157297878196396	0.44776119402985076	0.13845439912019564	0.14180028339175182	6	7	14	5	9	ENSG00000138246	0.9819869795482614	False
0.003824214658094867	0.44776119402985076	0.291309142567553	0.26610754570206147	8	5	7	3	5	ENSG00000142102	0.9819869795482614	False
0.0007557851979935756	0.44776119402985076	0.13109796957130593	0.2518875680823382	12	7	18	8	14	ENSG00000143727	0.9819869795482614	False
0.0020901101793140823	0.44776119402985076	0.1798348994123733	0.2226670379911347	47	7	15	5	10	ENSG00000145216	0.9819869795482614	False
0.0039596068580340415	0.44776119402985076	0.11419718686031127	0.17378482814724427	2	5	8	3	5	ENSG00000147202	0.9819869795482614	False
0.00033678071035809956	0.44776119402985076	0.04388521940911229	0.05448494698552742	3	6	8	3	4	ENSG00000148300	0.9819869795482614	False
4.769309816093339e-05	0.44776119402985076	0.019379509379509382	0.018998272884283244	4	7	14	4	9	ENSG00000152404	0.9819869795482614	False
0.0007375185830985297	0.44776119402985076	0.09594801566801539	0.08650524429546357	10	7	12	4	8	ENSG00000161542	0.9819869795482614	False
0.0012306438820821092	0.44776119402985076	0.1194234428132733	0.04043214928793582	6	2	3	3	3	ENSG00000164114	0.9819869795482614	False
0.006852424098380742	0.44776119402985076	0.1915067591587737	0.1963570178904001	8	7	13	3	8	ENSG00000164944	0.9819869795482614	False
0.02120687761937761	0.44776119402985076	0.3092849198642132	0.4004663469639629	3	2	3	3	3	ENSG00000168081	0.9819869795482614	False
0.00295027239832138	0.44776119402985076	0.24263117664816528	0.174980192880365	14	7	18	7	11	ENSG00000169057	0.9819869795482614	False
0.00019216087379878837	0.44776119402985076	0.07077357740909139	0.06249999999999997	8	7	9	3	7	ENSG00000171791	0.9819869795482614	False
0.0010241439832388735	0.44776119402985076	0.08626934843470536	0.10328927358748785	19	7	19	9	15	ENSG00000172270	0.9819869795482614	False
0.01059611057349527	0.44776119402985076	0.1262409301551024	0.29582328793901086	6	7	10	3	7	ENSG00000189046	0.9819869795482614	False
0.0004200859429035939	0.44776119402985076	0.12843419682630405	0.09427257117021588	17	7	19	10	16	ENSG00000196235	0.9819869795482614	False
0.0013572883342477392	0.44776119402985076	0.08000127954338798	0.1099926502108241	17	7	19	13	18	ENSG00000198668	0.9819869795482614	False
0.0020034844644650435	0.44776119402985076	0.08464494864934059	0.08732866569522926	5	7	14	3	9	ENSG00000213648	0.9819869795482614	False
0.007613033139273894	0.44776119402985076	0.2526521983190278	0.3442019226303813	8	3	5	3	5	ENSG00000223891	0.9819869795482614	False
1.3464998956478776e-05	0.44776119402985076	0.037582996509246	0.013287668949885801	6	7	18	6	13	ENSG00000230124	0.9819869795482614	False
0.0016169308308066547	0.44776119402985076	0.23023833454730372	0.12466406981308695	2	7	18	7	12	ENSG00000265491	0.9819869795482614	False
0.02108263403900041	0.44776119402985076	0.4930897101379759	0.46960567563108396	18	6	5	3	4	ENSG00000291140	0.9819869795482614	False
0.0013519967894728656	0.44776119402985076	0.16837477071669715	0.14366633071699803	24	7	15	6	12	ENSG00000291151	0.9819869795482614	False
0.002202038459470876	0.4527363184079602	0.0890686269662955	0.13505823053836324	7	7	17	6	11	ENSG00000010270	0.9819869795482614	False
0.0050014029368102095	0.4527363184079602	0.3696901642936036	0.3374039116473679	7	7	12	3	7	ENSG00000020426	0.9819869795482614	False
0.0008663448113170064	0.4527363184079602	0.30245160986650055	0.3076566319705282	17	7	13	4	10	ENSG00000028277	0.9819869795482614	False
0.005484358752297759	0.4527363184079602	0.17521479206622306	0.22075270195224064	9	3	4	3	4	ENSG00000040531	0.9819869795482614	False
0.010180030616668076	0.4527363184079602	0.16081718595524883	0.26855639136746723	11	7	19	7	15	ENSG00000064490	0.9819869795482614	False
0.007149552497397928	0.4527363184079602	0.37186781140152464	0.34938397608806593	9	6	11	3	6	ENSG00000080345	0.9819869795482614	False
0.005079604267443249	0.4527363184079602	0.30408208510290397	0.24365399385560674	12	7	12	3	7	ENSG00000088038	0.9819869795482614	False
0.0021109734385208337	0.4527363184079602	0.13561617408635618	0.1214951051107817	26	7	19	11	17	ENSG00000090060	0.9819869795482614	False
0.0012972558096891154	0.4527363184079602	0.19155807366557537	0.23569304180148376	3	5	7	3	4	ENSG00000092470	0.9819869795482614	False
0.000723895944012081	0.4527363184079602	0.10483280962267591	0.07065355329949238	10	7	15	5	11	ENSG00000103342	0.9819869795482614	False
0.0032102302640809573	0.4527363184079602	0.2707443337497597	0.19526822922408663	10	7	16	6	10	ENSG00000106052	0.9819869795482614	False
0.0006774529995907427	0.4527363184079602	0.14361162123454138	0.10704362322867463	4	7	18	5	12	ENSG00000107937	0.9819869795482614	False
0.004346403201624188	0.4527363184079602	0.311772603561863	0.2903248637553967	9	3	4	3	3	ENSG00000109775	0.9819869795482614	False
8.207028706364504e-05	0.4527363184079602	0.01633592889324674	0.024446560446127884	9	7	19	13	19	ENSG00000110700	0.9819869795482614	False
8.634017065594181e-05	0.4527363184079602	0.029045125903764606	0.02380952380952383	4	4	6	3	4	ENSG00000112357	0.9819869795482614	False
0.0012209401829013323	0.4527363184079602	0.1435503642252472	0.11607417957349098	6	7	18	8	13	ENSG00000112697	0.9819869795482614	False
0.018441457679020903	0.4527363184079602	0.38418893556687905	0.4039571160076349	9	6	10	3	7	ENSG00000115310	0.9819869795482614	False
0.0026155598030736076	0.4527363184079602	0.2198636398427118	0.14917840025474458	18	7	18	11	16	ENSG00000115685	0.9819869795482614	False
0.0006977826419421551	0.4527363184079602	0.1796512017915302	0.19381837050947612	21	7	18	7	13	ENSG00000115935	0.9819869795482614	False
0.019927196587229645	0.4527363184079602	0.13846699527937623	0.2697169240715345	5	7	19	6	13	ENSG00000119285	0.9819869795482614	False
0.001870821104364944	0.4527363184079602	0.22240225906270678	0.13770417422867512	7	7	12	3	7	ENSG00000119729	0.9819869795482614	False
0.010903063195967178	0.4527363184079602	0.23441608850758872	0.25928557661419854	9	7	16	6	10	ENSG00000126934	0.9819869795482614	False
1.2256909478337193e-06	0.4527363184079602	0.08641975308641972	0.04129793510324485	2	7	13	3	7	ENSG00000132109	0.9819869795482614	False
0.011203953579734575	0.4527363184079602	0.28000610321076375	0.2771033219375314	11	7	15	5	11	ENSG00000134255	0.9819869795482614	False
0.0018113120678399436	0.4527363184079602	0.13935428353453047	0.09997762556023893	6	7	11	4	7	ENSG00000135457	0.9819869795482614	False
0.005951961429238217	0.4527363184079602	0.23684104465955907	0.2410674362830779	18	7	14	5	10	ENSG00000137500	0.9819869795482614	False
0.0018869752461927723	0.4527363184079602	0.18185815671257377	0.2922377622377622	13	7	14	3	10	ENSG00000137804	0.9819869795482614	False
0.0016363540446030509	0.4527363184079602	0.14943959092072157	0.13688693597673943	14	7	17	7	13	ENSG00000137955	0.9819869795482614	False
0.0067957701737912015	0.4527363184079602	0.25889916370615995	0.3328554869417147	55	7	19	6	13	ENSG00000138095	0.9819869795482614	False
0.000141993328827236	0.4527363184079602	0.12373602852888371	0.04539176490396002	8	7	15	5	10	ENSG00000139687	0.9819869795482614	False
0.06282580039514293	0.4527363184079602	0.179308374275797	0.4941773592559761	11	7	17	5	13	ENSG00000147224	0.9819869795482614	False
0.01026521269931638	0.4527363184079602	0.4020877364650832	0.48435163212571863	14	7	12	3	7	ENSG00000148334	0.9819869795482614	False
0.0004127357564722001	0.4527363184079602	0.08690480172313395	0.05639134940348797	6	7	14	3	9	ENSG00000150782	0.9819869795482614	False
4.459214804269474e-05	0.4527363184079602	0.01333333333333332	0.014644351464435122	3	6	9	3	6	ENSG00000151176	0.9819869795482614	False
0.0132249329541911	0.4527363184079602	0.4624286669028833	0.38973472818980015	9	3	4	3	3	ENSG00000159658	0.9819869795482614	False
0.0029162251189510497	0.4527363184079602	0.25489780102763865	0.15574381565570988	8	6	7	3	6	ENSG00000162869	0.9819869795482614	False
0.0006894649455552484	0.4527363184079602	0.13353380187420455	0.19307992558275272	6	7	17	8	12	ENSG00000165813	0.9819869795482614	False
0.0002631267312133266	0.4527363184079602	0.05100411540194315	0.037810670453773565	7	7	19	13	16	ENSG00000167615	0.9819869795482614	False
0.013836075416481186	0.4527363184079602	0.3398845465197101	0.34547257105089224	14	7	16	4	10	ENSG00000168883	0.9819869795482614	False
0.001071634664604926	0.4527363184079602	0.11237597356914261	0.0997576460051105	6	7	12	3	8	ENSG00000170017	0.9819869795482614	False
0.00019895208442558023	0.4527363184079602	0.03508771929824561	0.03260869565217393	2	6	7	3	5	ENSG00000174944	0.9819869795482614	False
6.540238731177965e-05	0.4527363184079602	0.04764559805119258	0.030967397281708508	12	7	17	9	14	ENSG00000176155	0.9819869795482614	False
0.0026791879908520445	0.4527363184079602	0.18888064914717295	0.16514230611887087	16	7	13	6	10	ENSG00000185507	0.9819869795482614	False
6.479570552107875e-05	0.4527363184079602	0.0479093190487018	0.029747691001096983	7	7	14	5	11	ENSG00000186918	0.9819869795482614	False
5.239752114573518e-05	0.4527363184079602	0.031217913323673543	0.030198335493432572	2	7	13	6	9	ENSG00000197540	0.9819869795482614	False
0.007456867658314267	0.4527363184079602	0.1401246434005055	0.12800000000000006	5	5	5	3	3	ENSG00000226824	0.9819869795482614	False
0.007660161905563151	0.4577114427860697	0.26646831964328055	0.2580756013745705	11	7	11	3	5	ENSG00000010361	0.9819869795482614	False
0.0047082406570658816	0.4577114427860697	0.29620810872479386	0.24968325439058148	9	5	8	4	5	ENSG00000039319	0.9819869795482614	False
0.0016407435098481002	0.4577114427860697	0.20253397689142344	0.2524778623134027	61	7	19	7	16	ENSG00000055609	0.9819869795482614	False
6.840237697242745e-05	0.4577114427860697	0.04783913160420745	0.022962059863333644	6	7	19	10	17	ENSG00000081870	0.9819869795482614	False
0.00012748111177088205	0.4577114427860697	0.08475682675868314	0.04583191177481448	11	7	19	13	18	ENSG00000087088	0.9819869795482614	False
0.00028382475159949424	0.4577114427860697	0.05885818226230122	0.05007164096322427	11	7	15	5	11	ENSG00000087502	0.9819869795482614	False
5.931078154125145e-06	0.4577114427860697	0.009251959090481666	0.018701828772958756	4	7	18	6	12	ENSG00000089902	0.9819869795482614	False
0.0024682937053603533	0.4577114427860697	0.09305554971357763	0.13598899414854396	6	7	16	7	12	ENSG00000101290	0.9819869795482614	False
0.0016012365889251847	0.4577114427860697	0.1305873822266836	0.12081043956043959	9	5	8	4	5	ENSG00000104964	0.9819869795482614	False
0.002186059044078115	0.4577114427860697	0.07354822005605871	0.09335288367546432	3	2	3	3	3	ENSG00000108861	0.9819869795482614	False
0.0015579837130998819	0.4577114427860697	0.20251387667281856	0.16902126164118786	15	7	18	6	13	ENSG00000112339	0.9819869795482614	False
0.0007792353950023604	0.4577114427860697	0.11082775286134913	0.10129176944467541	8	7	19	10	17	ENSG00000115091	0.9819869795482614	False
0.009028130873472685	0.4577114427860697	0.3234405191420923	0.3757584541062801	34	7	17	5	10	ENSG00000117139	0.9819869795482614	False
0.00233787201678117	0.4577114427860697	0.19408195290052413	0.16514042954920932	7	2	3	3	3	ENSG00000119242	0.9819869795482614	False
5.815444855832581e-05	0.4577114427860697	0.03690311836500877	0.031322247194815064	10	7	19	11	17	ENSG00000119705	0.9819869795482614	False
3.395053214461059e-05	0.4577114427860697	0.02943566023991694	0.015294117647058814	12	7	12	4	7	ENSG00000124181	0.9819869795482614	False
0.0013252881973531293	0.4577114427860697	0.2749636845631852	0.2556186189124833	50	7	19	8	14	ENSG00000127603	0.9819869795482614	False
0.0031472258049619188	0.4577114427860697	0.2764402770664667	0.2525104301539347	10	7	14	4	9	ENSG00000132305	0.9819869795482614	False
0.015606883345965498	0.4577114427860697	0.17221432362774688	0.2615316466677095	11	7	19	7	15	ENSG00000132323	0.9819869795482614	False
0.00268442341029496	0.4577114427860697	0.0980745985739831	0.23060959536626272	9	7	19	7	16	ENSG00000141867	0.9819869795482614	False
0.007771090452767396	0.4577114427860697	0.4256731447698775	0.3752705627705628	27	7	12	3	10	ENSG00000147316	0.9819869795482614	False
0.007451906625295305	0.4577114427860697	0.2908950521109451	0.24947282099343956	6	5	6	3	5	ENSG00000151876	0.9819869795482614	False
5.863684441430747e-05	0.4577114427860697	0.020214315453425096	0.020179372197309402	5	6	10	4	7	ENSG00000158669	0.9819869795482614	False
0.0015428605594006118	0.4577114427860697	0.1495305833701689	0.20923629467572855	9	7	17	6	14	ENSG00000160908	0.9819869795482614	False
8.728053955329318e-05	0.4577114427860697	0.06103980971391728	0.03873307237093799	15	7	19	13	19	ENSG00000163682	0.9819869795482614	False
0.001456398835774702	0.4577114427860697	0.19933511641719193	0.27583827879099165	3	7	17	4	11	ENSG00000165650	0.9819869795482614	False
0.016499772981037133	0.4577114427860697	0.24109815939206478	0.317345372607929	11	5	7	3	5	ENSG00000167186	0.9819869795482614	False
0.00020047745061422135	0.4577114427860697	0.041666666666666706	0.024509803921568638	2	6	11	3	6	ENSG00000167700	0.9819869795482614	False
0.0003304734063864824	0.4577114427860697	0.051143925717144476	0.05053478478371138	7	7	19	13	19	ENSG00000170315	0.9819869795482614	False
0.00720491516430126	0.4577114427860697	0.2974458200530809	0.24595397742076988	29	7	15	6	10	ENSG00000180228	0.9819869795482614	False
0.002551920631048627	0.4577114427860697	0.15442393148367162	0.13401024951333101	9	7	19	9	15	ENSG00000184922	0.9819869795482614	False
0.002099496824264556	0.4577114427860697	0.24775133609985986	0.2442279847308148	10	6	10	3	7	ENSG00000186088	0.9819869795482614	False
0.0113693245796492	0.4577114427860697	0.2723651147224302	0.2842898716664281	7	5	8	3	4	ENSG00000197601	0.9819869795482614	False
2.6032849328247557e-06	0.4577114427860697	0.0034416328230761563	0.004734848484848496	2	7	14	5	9	ENSG00000204227	0.9819869795482614	False
0.00040559128874488874	0.4577114427860697	0.08949650688875856	0.05814271993812321	10	7	19	11	19	ENSG00000204387	0.9819869795482614	False
4.514883660437597e-08	0.4577114427860697	0.0029761904761904153	0.007208387942332906	3	4	6	3	3	ENSG00000214212	0.9819869795482614	False
0.0008468923277200911	0.4577114427860697	0.15791896951011683	0.0990310152692674	3	7	17	6	9	ENSG00000226067	0.9819869795482614	False
0.007901044103447974	0.4577114427860697	0.12483365475740757	0.12467614183137167	3	6	8	3	5	ENSG00000234171	0.9819869795482614	False
0.005298888057806761	0.4577114427860697	0.24271410144714084	0.2285922830016477	23	7	18	5	11	ENSG00000239900	0.9819869795482614	False
0.0004191567692199182	0.4577114427860697	0.04399083706126257	0.11998706418695157	64	7	19	14	19	ENSG00000251562	0.9819869795482614	False
0.011174777857352738	0.4577114427860697	0.42874423955428037	0.4194805194805194	13	7	8	3	5	ENSG00000253352	0.9819869795482614	False
0.0006510713792907978	0.4626865671641791	0.16623316770984858	0.12352423565472635	6	7	17	6	12	ENSG00000005206	0.9819869795482614	False
0.002600939016804263	0.4626865671641791	0.13710014365064682	0.13369998113088868	14	7	17	3	12	ENSG00000011198	0.9819869795482614	False
0.0043773427172317594	0.4626865671641791	0.2331678795844803	0.3496961196820944	23	4	6	3	4	ENSG00000011243	0.9819869795482614	False
0.001040597094027164	0.4626865671641791	0.08900126422250312	0.1092150170648464	2	6	7	3	5	ENSG00000080200	0.9819869795482614	False
0.0001487190666854863	0.4626865671641791	0.03438081884172804	0.03600435917998068	6	7	17	6	11	ENSG00000085721	0.9819869795482614	False
0.001058771254118663	0.4626865671641791	0.21547385013004552	0.18763415215835916	10	7	13	3	7	ENSG00000088179	0.9819869795482614	False
0.0030410768552302544	0.4626865671641791	0.2173145106413597	0.21161006868325943	9	7	16	6	12	ENSG00000090263	0.9819869795482614	False
0.0052076497119529115	0.4626865671641791	0.13915862108046906	0.2559407925749321	31	7	19	11	17	ENSG00000092199	0.9819869795482614	False
0.00724775000561868	0.4626865671641791	0.24321315773935612	0.19216218837908627	10	7	12	4	8	ENSG00000100575	0.9819869795482614	False
0.005407575327454014	0.4626865671641791	0.18321840074923876	0.21505102040816326	23	7	16	6	11	ENSG00000104805	0.9819869795482614	False
0.002420469479832336	0.4626865671641791	0.2733708902188644	0.28745487674906317	8	6	7	3	5	ENSG00000109929	0.9819869795482614	False
0.0018680496000558922	0.4626865671641791	0.09899724571235755	0.10383605149203562	7	7	19	11	17	ENSG00000110958	0.9819869795482614	False
0.00031354946551151393	0.4626865671641791	0.0733804642738008	0.04630495334930561	4	7	16	8	13	ENSG00000112977	0.9819869795482614	False
0.0014397731208883589	0.4626865671641791	0.11026565918212591	0.1239280157011394	14	7	19	8	16	ENSG00000119335	0.9819869795482614	False
0.0028588809784231475	0.4626865671641791	0.18554045194269495	0.17522458628841608	13	4	5	3	4	ENSG00000119787	0.9819869795482614	False
0.0003130800042409078	0.4626865671641791	0.11748237998197061	0.06286366162576418	5	5	8	3	6	ENSG00000124243	0.9819869795482614	False
0.0042766516892041055	0.4626865671641791	0.1223986231532992	0.2058477091657279	21	7	19	11	17	ENSG00000125107	0.9819869795482614	False
0.0025584242118730136	0.4626865671641791	0.16917847073130696	0.1597002922129871	6	7	16	6	9	ENSG00000126070	0.9819869795482614	False
0.00016201239904852882	0.4626865671641791	0.032832341046085456	0.02797155110379436	4	7	19	11	17	ENSG00000129128	0.9819869795482614	False
0.00394875839304102	0.4626865671641791	0.18004027748112733	0.19009209000968505	10	7	19	10	17	ENSG00000129235	0.9819869795482614	False
0.0005154074143087827	0.4626865671641791	0.10969209864761048	0.09546176727072904	33	7	15	6	10	ENSG00000142687	0.9819869795482614	False
0.0014932888445353758	0.4626865671641791	0.1009288461162726	0.10605190700880272	4	7	18	8	14	ENSG00000143106	0.9819869795482614	False
6.206758269401683e-05	0.4626865671641791	0.006802721088435323	0.014527845036319636	3	4	4	3	4	ENSG00000143891	0.9819869795482614	False
0.0025233141366904103	0.4626865671641791	0.3592763686791394	0.4313048245614035	17	7	12	3	6	ENSG00000149269	0.9819869795482614	False
0.008071947482956922	0.4626865671641791	0.34179244179244184	0.36532170119956375	22	5	6	3	3	ENSG00000158290	0.9819869795482614	False
0.0025350809954579256	0.4626865671641791	0.15874500395507307	0.1773009599096556	6	3	4	3	4	ENSG00000163312	0.9819869795482614	False
0.003980824241551632	0.4626865671641791	0.21246559366878182	0.2391564116283217	9	7	13	5	9	ENSG00000164163	0.9819869795482614	False
0.011117315505751056	0.4626865671641791	0.08687987862810893	0.24901718637439538	4	5	5	3	4	ENSG00000164291	0.9819869795482614	False
9.127789195179111e-06	0.4626865671641791	0.025769349831927094	0.02682792114463385	13	6	7	4	6	ENSG00000166224	0.9819869795482614	False
0.008786848320931736	0.4626865671641791	0.2450672529109851	0.2529871920835004	25	7	15	5	9	ENSG00000166986	0.9819869795482614	False
0.0032463027887943492	0.4626865671641791	0.5317791553607727	0.35045816817968717	34	7	12	3	9	ENSG00000168137	0.9819869795482614	False
0.000734973387117076	0.4626865671641791	0.12271664342780528	0.09923729969030083	9	7	13	5	11	ENSG00000168283	0.9819869795482614	False
1.678315599542142e-05	0.4626865671641791	0.06292785072819815	0.011325417394973173	2	6	11	5	7	ENSG00000176171	0.9819869795482614	False
0.0010880704237389545	0.4626865671641791	0.18104023160938204	0.1319436639582879	2	7	15	6	12	ENSG00000176624	0.9819869795482614	False
7.061436367821673e-05	0.4626865671641791	0.052090429439658095	0.016799591977952468	4	7	14	5	8	ENSG00000186132	0.9819869795482614	False
0.0011200150594022336	0.4626865671641791	0.102075177848467	0.09244066672046336	7	5	6	3	5	ENSG00000187994	0.9819869795482614	False
0.005414044855404447	0.4626865671641791	0.18975522363650213	0.19424286405418484	5	3	4	3	3	ENSG00000198885	0.9819869795482614	False
0.0007313781167521798	0.4626865671641791	0.035133948177426474	0.05339805825242719	3	2	3	3	3	ENSG00000291220	0.9819869795482614	False
0.0009223547242058873	0.46766169154228854	0.24729660261286815	0.1582566348139443	16	7	19	9	16	ENSG00000012822	0.9819869795482614	False
0.00015971263170818308	0.46766169154228854	0.04936186979942164	0.0324449578559497	3	7	18	6	14	ENSG00000100075	0.9819869795482614	False
0.01586226180703582	0.46766169154228854	0.28873856505435447	0.18052710001862543	7	2	3	3	3	ENSG00000111328	0.9819869795482614	False
3.3686122203093594e-06	0.46766169154228854	0.037259740319538916	0.007379924518667989	3	7	19	12	17	ENSG00000117091	0.9819869795482614	False
0.0004897980012848369	0.46766169154228854	0.08051583342571036	0.0678733031674208	4	7	6	3	4	ENSG00000118162	0.9819869795482614	False
0.010330662522952078	0.46766169154228854	0.18690113864618296	0.20183042763687925	7	7	17	6	13	ENSG00000122481	0.9819869795482614	False
9.348536880972286e-05	0.46766169154228854	0.02713200575266684	0.027962391432505035	7	7	19	11	17	ENSG00000122705	0.9819869795482614	False
0.00023118836171532524	0.46766169154228854	0.12382091217215009	0.14974025974025973	6	3	5	3	4	ENSG00000123384	0.9819869795482614	False
0.01136649173078847	0.46766169154228854	0.1258758758758759	0.13699186991869916	2	2	3	3	3	ENSG00000126953	0.9819869795482614	False
0.0009509352303158685	0.46766169154228854	0.18018093692321113	0.10554060665362035	13	7	19	11	17	ENSG00000127483	0.9819869795482614	False
0.0001202578094589906	0.46766169154228854	0.06476128520360422	0.03595302619692864	2	7	18	5	11	ENSG00000127528	0.9819869795482614	False
0.0023034793221961116	0.46766169154228854	0.14107106996818175	0.26375776583172	44	7	19	10	17	ENSG00000131051	0.9819869795482614	False
7.922194488548346e-05	0.46766169154228854	0.05560140373423756	0.022916666666666655	11	7	17	6	12	ENSG00000135924	0.9819869795482614	False
0.00041200740890016334	0.46766169154228854	0.040983244490626805	0.04893344157413082	5	7	19	11	18	ENSG00000136732	0.9819869795482614	False
0.0015373953165716751	0.46766169154228854	0.14903792892481232	0.12224183583406882	3	7	12	4	8	ENSG00000137547	0.9819869795482614	False
0.0006539806062499048	0.46766169154228854	0.09358867529362022	0.07216831745024821	10	4	5	3	5	ENSG00000143376	0.9819869795482614	False
0.007727956097615371	0.46766169154228854	0.2297734880183399	0.2648383677795442	7	3	4	3	4	ENSG00000145016	0.9819869795482614	False
0.007047482138049364	0.46766169154228854	0.20525121760415874	0.225140712945591	6	5	7	3	4	ENSG00000155275	0.9819869795482614	False
0.0002578898700694481	0.46766169154228854	0.1425058967502381	0.12603595562922346	8	7	10	3	6	ENSG00000157557	0.9819869795482614	False
0.004719723989574052	0.46766169154228854	0.2257773252233016	0.23865340276994018	7	5	10	3	6	ENSG00000158773	0.9819869795482614	False
0.0009421554954759808	0.46766169154228854	0.12518111762183423	0.11506498434683612	2	7	16	5	11	ENSG00000165434	0.9819869795482614	False
0.002101265355612328	0.46766169154228854	0.14073989886977065	0.08616709608769248	5	7	17	7	12	ENSG00000165775	0.9819869795482614	False
0.00650702841785848	0.46766169154228854	0.14929569755440716	0.10393126177024484	3	2	3	3	3	ENSG00000176248	0.9819869795482614	False
0.0007968317633032615	0.46766169154228854	0.08413006710150892	0.05329674950590805	7	7	18	9	15	ENSG00000184203	0.9819869795482614	False
0.0038540132689089362	0.46766169154228854	0.22615800743367342	0.20361247947454844	11	4	5	3	4	ENSG00000185420	0.9819869795482614	False
0.007247764448794513	0.46766169154228854	0.5794173834421512	0.5543839928057555	25	6	7	3	5	ENSG00000186594	0.9819869795482614	False
0.019164153947182152	0.46766169154228854	0.4505238230043566	0.4763451607529568	11	6	11	4	7	ENSG00000188938	0.9819869795482614	False
0.012479456273519467	0.46766169154228854	0.2272614071700241	0.3020699820558831	13	7	13	5	7	ENSG00000196591	0.9819869795482614	False
3.8678554470546094e-07	0.46766169154228854	0.0007552870090634548	0.001956947162426642	2	4	7	3	5	ENSG00000196743	0.9819869795482614	False
0.0004446760819106974	0.46766169154228854	0.11152140185112315	0.12346294608561215	11	7	17	5	13	ENSG00000239779	0.9819869795482614	False
0.0010081055779750864	0.46766169154228854	0.09790368700619781	0.06158721716197944	5	2	3	3	3	ENSG00000271858	0.9819869795482614	False
0.002093955172066471	0.472636815920398	0.5618420194029949	0.31563689683468527	20	7	11	3	8	ENSG00000048052	0.9819869795482614	False
0.0015722678602317869	0.472636815920398	0.1429488578917331	0.13452108532200066	10	6	10	3	7	ENSG00000070540	0.9819869795482614	False
1.6080182551895806e-08	0.472636815920398	0.0016304347826086494	0.0018237082066869552	2	7	9	3	6	ENSG00000073861	0.9819869795482614	False
0.002932164322509897	0.472636815920398	0.15954953699108573	0.13496628472361494	13	7	17	7	14	ENSG00000077549	0.9819869795482614	False
0.008114247315190103	0.472636815920398	0.17157571863458684	0.22413943801770891	8	7	17	5	14	ENSG00000081154	0.9819869795482614	False
0.0012547284345475525	0.472636815920398	0.12390680625093943	0.11824096312285286	15	7	18	7	14	ENSG00000091039	0.9819869795482614	False
0.006166728052900565	0.472636815920398	0.2562245833983893	0.1991336968712534	14	5	7	3	5	ENSG00000092621	0.9819869795482614	False
0.010919928849158603	0.472636815920398	0.35446263433908864	0.40301229935376276	5	7	11	4	6	ENSG00000099821	0.9819869795482614	False
0.01940456365800373	0.472636815920398	0.24055028558658292	0.4454891832655305	7	7	18	5	13	ENSG00000100225	0.9819869795482614	False
0.0026674510700994717	0.472636815920398	0.09938903294442145	0.11989432735191122	9	7	19	10	16	ENSG00000100811	0.9819869795482614	False
5.5048255866386176e-05	0.472636815920398	0.04710817968163209	0.027092014784340337	7	7	19	11	18	ENSG00000105185	0.9819869795482614	False
0.0014187005803446007	0.472636815920398	0.07548701298701294	0.13260724975058197	6	4	4	3	4	ENSG00000107201	0.9819869795482614	False
0.0016052918632939734	0.472636815920398	0.08572027512729795	0.1716765146436936	14	7	19	9	16	ENSG00000115419	0.9819869795482614	False
0.0028523762468375454	0.472636815920398	0.28019739617764217	0.12234432234432233	17	7	13	5	9	ENSG00000116001	0.9819869795482614	False
0.010902883480471831	0.472636815920398	0.449524217317893	0.47824735117552797	19	6	6	3	5	ENSG00000116062	0.9819869795482614	False
0.007254487949598533	0.472636815920398	0.3381221952650524	0.28325	8	3	4	3	3	ENSG00000119041	0.9819869795482614	False
0.0040451328894197235	0.472636815920398	0.2679264937125763	0.3823463660896785	30	7	19	10	16	ENSG00000126883	0.9819869795482614	False
0.003175265828741271	0.472636815920398	0.2550228513036045	0.2676111021979785	27	7	14	3	11	ENSG00000127022	0.9819869795482614	False
0.0011846868707167091	0.472636815920398	0.28065176552718485	0.24228526472711504	9	7	17	8	12	ENSG00000129933	0.9819869795482614	False
0.00011073751043947619	0.472636815920398	0.03853589112758374	0.04351225647988204	5	7	10	3	6	ENSG00000130787	0.9819869795482614	False
0.00045624658438838365	0.472636815920398	0.11078395297556098	0.09515153701447228	14	7	17	10	15	ENSG00000130811	0.9819869795482614	False
0.00046459593042142366	0.472636815920398	0.08229993081113252	0.06410772715831867	7	7	16	5	10	ENSG00000133027	0.9819869795482614	False
0.0019802349700244813	0.472636815920398	0.14609306584999035	0.1831266966214417	3	7	11	3	6	ENSG00000134815	0.9819869795482614	False
0.00518200008699966	0.472636815920398	0.19216287682312316	0.2313701714879612	11	7	8	4	7	ENSG00000139597	0.9819869795482614	False
0.0044392287478007076	0.472636815920398	0.4156408022403525	0.35007712593919493	48	7	12	5	8	ENSG00000141252	0.9819869795482614	False
3.0443514538346486e-05	0.472636815920398	0.03249576889761263	0.028187069415972273	19	7	19	10	18	ENSG00000144426	0.9819869795482614	False
0.0011838460159284338	0.472636815920398	0.24769740550634226	0.19444941570096	13	7	18	8	15	ENSG00000145495	0.9819869795482614	False
0.012031042931163138	0.472636815920398	0.4783015665943227	0.4317219589257504	16	5	6	3	4	ENSG00000148672	0.9819869795482614	False
0.00010006716050038009	0.472636815920398	0.03846153846153845	0.03125	2	7	11	4	8	ENSG00000151304	0.9819869795482614	False
0.007512117493991599	0.472636815920398	0.24316177734458924	0.2185534591194969	11	7	11	4	8	ENSG00000156110	0.9819869795482614	False
0.010199583180864748	0.472636815920398	0.26835606318026073	0.2631937351038474	11	7	15	4	8	ENSG00000160058	0.9819869795482614	False
0.0006880972556946269	0.472636815920398	0.22904600137355025	0.11910294947249653	7	7	10	3	5	ENSG00000163564	0.9819869795482614	False
0.00823123982021098	0.472636815920398	0.08425049619926005	0.24948461211160883	6	7	19	12	17	ENSG00000163584	0.9819869795482614	False
3.5339531403970966e-05	0.472636815920398	0.007592190889370921	0.021571648690292735	2	5	6	4	5	ENSG00000170881	0.9819869795482614	False
4.815660609958204e-05	0.472636815920398	0.02274894178409157	0.0236242332535062	2	7	18	7	13	ENSG00000171497	0.9819869795482614	False
0.0022315114048407753	0.472636815920398	0.11844863731656183	0.23155737704918036	3	6	8	3	6	ENSG00000177034	0.9819869795482614	False
0.00029749121891397716	0.472636815920398	0.12499307913013406	0.06618161010909493	2	7	19	9	15	ENSG00000185896	0.9819869795482614	False
0.0006668811024024864	0.472636815920398	0.08365285959957117	0.07628191451532608	7	7	18	7	13	ENSG00000197170	0.9819869795482614	False
0.0062195738796523466	0.472636815920398	0.2855549487234512	0.2812171488642077	7	7	8	3	6	ENSG00000197568	0.9819869795482614	False
0.0005142599395088961	0.472636815920398	0.09364101438481492	0.0731280569630928	12	7	19	9	16	ENSG00000198265	0.9819869795482614	False
8.861746769521877e-05	0.472636815920398	0.05407741820060806	0.03253424657534244	2	6	11	4	6	ENSG00000203778	0.9819869795482614	False
0.0007335228154566894	0.472636815920398	0.12297029057701425	0.09771698831551578	7	7	19	10	16	ENSG00000204237	0.9819869795482614	False
0.00022594190419676565	0.472636815920398	0.05860709072999573	0.035211469945983224	2	5	5	3	4	ENSG00000214029	0.9819869795482614	False
0.0003318224978838248	0.472636815920398	0.04557161382558201	0.05622441158325699	10	7	13	4	9	ENSG00000218510	0.9819869795482614	False
0.0028955194938657313	0.472636815920398	0.13809352091337312	0.18319664314323864	6	7	11	5	7	ENSG00000232119	0.9819869795482614	False
0.0018030660036906852	0.472636815920398	0.1646092991267841	0.1806286989914526	36	7	19	11	16	ENSG00000244754	0.9819869795482614	False
0.00879265410671479	0.472636815920398	0.3805382330916693	0.2881529034140648	18	6	7	3	5	ENSG00000291091	0.9819869795482614	False
0.003423715109234452	0.472636815920398	0.41149187934666476	0.3212094143234426	10	7	15	3	10	ENSG00000291117	0.9819869795482614	False
0.0026813851666959137	0.47761194029850745	0.202642769582214	0.1813451047947172	11	7	13	3	8	ENSG00000047315	0.9819869795482614	False
4.970652070677646e-05	0.47761194029850745	0.01265594268720249	0.015542802486848434	4	2	3	3	3	ENSG00000065559	0.9819869795482614	False
0.0006144885427982915	0.47761194029850745	0.11824605096559442	0.16409667596634642	31	7	19	12	19	ENSG00000070756	0.9819869795482614	False
0.002997028311499645	0.47761194029850745	0.25481718955850136	0.1437102323984704	4	7	8	4	6	ENSG00000087448	0.9819869795482614	False
2.065063470545146e-05	0.47761194029850745	0.054508976363691786	0.023587837088945744	12	7	19	13	19	ENSG00000089327	0.9819869795482614	False
0.0011601791239590933	0.47761194029850745	0.07177172256295809	0.08430851063829785	5	4	6	3	5	ENSG00000099804	0.9819869795482614	False
0.004793770275566831	0.47761194029850745	0.32630311716045285	0.22205974766761732	14	7	12	4	9	ENSG00000100412	0.9819869795482614	False
0.0021840121174108267	0.47761194029850745	0.0991297471913763	0.1258842043565883	7	7	19	8	13	ENSG00000100614	0.9819869795482614	False
3.2841695374646136e-05	0.47761194029850745	0.028927408726833442	0.01301921884686921	6	7	17	6	15	ENSG00000104679	0.9819869795482614	False
0.004472632124245836	0.47761194029850745	0.1331959755745174	0.15198062268004983	8	7	19	9	17	ENSG00000114956	0.9819869795482614	False
4.963393860469187e-07	0.47761194029850745	0.0022727272727272384	0.0042492917847025595	2	7	9	3	6	ENSG00000116017	0.9819869795482614	False
0.0010533780605015161	0.47761194029850745	0.0795344361260398	0.13000309487656106	8	7	19	11	17	ENSG00000116350	0.9819869795482614	False
0.006258028681585237	0.47761194029850745	0.33402194145761316	0.31074807545395783	15	6	10	3	7	ENSG00000127527	0.9819869795482614	False
0.005235219897347347	0.47761194029850745	0.27403588052807987	0.16153231357305395	3	7	7	4	6	ENSG00000129824	0.9819869795482614	False
0.02052598651675621	0.47761194029850745	0.15645634429826574	0.26157513722994247	4	7	16	6	13	ENSG00000136891	0.9819869795482614	False
0.0009221437957891588	0.47761194029850745	0.07994417862838918	0.07665736681280724	4	2	3	3	3	ENSG00000145029	0.9819869795482614	False
0.018360634402897525	0.47761194029850745	0.1531715893257109	0.30690468189067943	3	7	17	5	11	ENSG00000152484	0.9819869795482614	False
0.006160776810261155	0.47761194029850745	0.26562766920526104	0.28881766381766383	49	7	16	6	12	ENSG00000158864	0.9819869795482614	False
0.0006680250854404028	0.47761194029850745	0.15519440701585238	0.10897156149531363	6	4	7	3	6	ENSG00000165168	0.9819869795482614	False
0.00183423834364624	0.47761194029850745	0.18310125793996762	0.23446017968631033	6	3	5	3	4	ENSG00000169239	0.9819869795482614	False
5.809457872617432e-05	0.47761194029850745	0.041713112418977	0.026870121432643793	4	7	5	3	5	ENSG00000171603	0.9819869795482614	False
0.0018333154355645424	0.47761194029850745	0.24939668607622287	0.1756472560888965	13	6	11	4	8	ENSG00000172663	0.9819869795482614	False
0.020494692355525063	0.47761194029850745	0.40873056358643184	0.2413793103448276	2	2	3	3	3	ENSG00000174007	0.9819869795482614	False
0.00042686075416354557	0.47761194029850745	0.07794520003181425	0.05830903790087462	5	7	12	4	8	ENSG00000176454	0.9819869795482614	False
0.006552732686793796	0.47761194029850745	0.1818921761103947	0.12479155086158975	7	2	3	3	3	ENSG00000179912	0.9819869795482614	False
0.0025501904692731064	0.47761194029850745	0.28894496350647353	0.3439745343229061	15	7	14	5	11	ENSG00000183283	0.9819869795482614	False
0.007002185529206723	0.47761194029850745	0.2300668898401282	0.2827397183650068	14	7	10	3	7	ENSG00000184470	0.9819869795482614	False
0.0008173239529151558	0.47761194029850745	0.10265066543045359	0.14778410443541795	20	7	19	7	14	ENSG00000187555	0.9819869795482614	False
0.00043612836761598814	0.47761194029850745	0.08216776491275848	0.0706523923868802	9	7	19	6	15	ENSG00000198055	0.9819869795482614	False
0.0025989094445851243	0.47761194029850745	0.25923590013915726	0.2629947047840593	20	7	11	4	8	ENSG00000198589	0.9819869795482614	False
0.0062554400477925825	0.47761194029850745	0.2082210543080108	0.15075996165959193	6	3	4	3	3	ENSG00000205572	0.9819869795482614	False
0.003305088711164764	0.47761194029850745	0.07391556492970869	0.14677660424825392	6	7	17	7	13	ENSG00000227057	0.9819869795482614	False
0.00012438336317082538	0.47761194029850745	0.024536867108495765	0.02428955681626654	3	7	19	12	18	ENSG00000232112	0.9819869795482614	False
0.0013398466812690282	0.47761194029850745	0.2064144960879911	0.2569444444444444	9	7	11	4	7	ENSG00000261371	0.9819869795482614	False
0.0005261886078126424	0.47761194029850745	0.18043241021414808	0.09131355198662562	3	6	11	3	8	ENSG00000289469	0.9819869795482614	False
0.00023856620197510063	0.48258706467661694	0.1257168274635685	0.12643599406189335	8	7	18	7	13	ENSG00000004700	0.9819869795482614	False
0.0012007759038860472	0.48258706467661694	0.10383796512587655	0.12992094819378924	10	7	17	8	12	ENSG00000053254	0.9819869795482614	False
0.003874606983571316	0.48258706467661694	0.2514095297007132	0.26219142716634114	29	7	19	10	16	ENSG00000078304	0.9819869795482614	False
0.00020567759022547592	0.48258706467661694	0.09285298052407463	0.09396276536991631	14	7	19	7	15	ENSG00000093000	0.9819869795482614	False
2.3978381525518338e-05	0.48258706467661694	0.0026929982046679075	0.010895883777239712	3	7	13	4	8	ENSG00000100246	0.9819869795482614	False
0.005959395670875616	0.48258706467661694	0.2522046895681349	0.2262925598991173	5	5	6	3	4	ENSG00000102796	0.9819869795482614	False
0.002170271205668576	0.48258706467661694	0.09394662963196482	0.26666776539872983	3	3	4	3	4	ENSG00000103150	0.9819869795482614	False
0.005345577950778005	0.48258706467661694	0.2680395935632205	0.2468293095030953	15	7	12	4	9	ENSG00000103194	0.9819869795482614	False
0.004939633980272491	0.48258706467661694	0.1614308522867493	0.2674350874094038	10	7	19	9	17	ENSG00000104852	0.9819869795482614	False
0.00265301157096231	0.48258706467661694	0.24832692606900017	0.32821340038666363	6	4	4	3	4	ENSG00000109906	0.9819869795482614	False
0.031587574657531835	0.48258706467661694	0.18701983507080955	0.325	3	2	3	3	3	ENSG00000111057	0.9819869795482614	False
0.0002587248839148215	0.48258706467661694	0.06602349697240822	0.04107800438257516	2	7	15	4	9	ENSG00000112799	0.9819869795482614	False
0.04198489946709809	0.48258706467661694	0.22511213605237046	0.5439298091204137	8	7	15	5	9	ENSG00000113368	0.9819869795482614	False
0.00016408326656283643	0.48258706467661694	0.023119392684610097	0.03892944038929439	4	2	3	3	3	ENSG00000128872	0.9819869795482614	False
0.00105720235048812	0.48258706467661694	0.09307102950003712	0.10749428829866058	13	7	19	9	16	ENSG00000134294	0.9819869795482614	False
0.004727474069445365	0.48258706467661694	0.19064327592285818	0.21662346294449983	23	7	13	4	10	ENSG00000134759	0.9819869795482614	False
0.0014708266089777607	0.48258706467661694	0.09083658489623872	0.11145672378404559	3	7	8	3	4	ENSG00000137054	0.9819869795482614	False
0.0006530797321016796	0.48258706467661694	0.07710759035653418	0.0997467771639042	5	7	16	6	10	ENSG00000138433	0.9819869795482614	False
0.001871963348607419	0.48258706467661694	0.18482703886152155	0.14935991792675854	12	6	8	3	6	ENSG00000139620	0.9819869795482614	False
2.1997803214583322e-06	0.48258706467661694	0.014070204450253547	0.01092628832354859	5	7	19	9	16	ENSG00000144746	0.9819869795482614	False
0.0017117992268814346	0.48258706467661694	0.2167402116599978	0.09004762446564704	3	2	3	3	3	ENSG00000155380	0.9819869795482614	False
7.464071876332705e-05	0.48258706467661694	0.026795768840944582	0.018518518518518504	2	7	8	3	6	ENSG00000156052	0.9819869795482614	False
0.003117085304771767	0.48258706467661694	0.27258148081062594	0.23961917065704297	5	7	11	5	9	ENSG00000159445	0.9819869795482614	False
0.0014269247201895712	0.48258706467661694	0.20773425620103614	0.11166614779384715	5	7	12	3	8	ENSG00000159479	0.9819869795482614	False
0.010453859043705624	0.48258706467661694	0.23448507333577678	0.2106722614166009	6	7	13	6	9	ENSG00000162222	0.9819869795482614	False
0.002440398412482862	0.48258706467661694	0.1565948729762868	0.14829413575656106	3	7	18	6	15	ENSG00000163257	0.9819869795482614	False
0.0026313596824987097	0.48258706467661694	0.29089981037071083	0.1934675708419904	6	6	6	3	5	ENSG00000166311	0.9819869795482614	False
0.003408060609857385	0.48258706467661694	0.15333508039068366	0.16354766811051769	2	7	13	4	11	ENSG00000174840	0.9819869795482614	False
0.00039787526585965526	0.48258706467661694	0.10591748234428872	0.08643655775857903	4	7	19	9	15	ENSG00000182054	0.9819869795482614	False
0.004443353358560381	0.48258706467661694	0.3974898527032896	0.6032907636055324	7	7	10	3	7	ENSG00000189079	0.9819869795482614	False
0.0009716418154761447	0.48258706467661694	0.19201037745633923	0.10563380281690142	9	7	14	5	9	ENSG00000198056	0.9819869795482614	False
0.004353352409152154	0.48258706467661694	0.293002503102749	0.28829759625507406	9	6	8	3	6	ENSG00000229474	0.9819869795482614	False
0.00031927123211738953	0.48258706467661694	0.09715146907731205	0.07260429238682023	8	7	19	11	17	ENSG00000258315	0.9819869795482614	False
0.0017902039213324227	0.48258706467661694	0.06874136978735154	0.07878537647323777	4	4	5	3	4	ENSG00000259431	0.9819869795482614	False
0.00045991209021117483	0.48258706467661694	0.05779241875733101	0.05913228600792838	3	4	5	3	4	ENSG00000271425	0.9819869795482614	False
0.0016735232900230834	0.48756218905472637	0.23230948100830812	0.2665343165059557	2	6	10	4	7	ENSG00000066455	0.9819869795482614	False
0.001477085937775092	0.48756218905472637	0.2074489393304593	0.22511467780739688	17	7	18	10	15	ENSG00000070081	0.9819869795482614	False
0.00573156973359849	0.48756218905472637	0.30203709180064336	0.43723277909738717	15	4	7	4	6	ENSG00000072110	0.9819869795482614	False
0.00023996578399731398	0.48756218905472637	0.05422725427679421	0.03713713713713717	4	7	14	6	10	ENSG00000084463	0.9819869795482614	False
0.0007982779010812151	0.48756218905472637	0.13495113404814	0.19814775735717297	5	7	16	5	12	ENSG00000086598	0.9819869795482614	False
0.001471317836951018	0.48756218905472637	0.23072909811233352	0.12532745156188219	6	7	17	6	10	ENSG00000094880	0.9819869795482614	False
7.379862336771503e-05	0.48756218905472637	0.047612784425202836	0.03567462258347539	8	7	19	12	17	ENSG00000099977	0.9819869795482614	False
0.00817121632983061	0.48756218905472637	0.4062682760519011	0.3793701177371063	7	6	9	4	6	ENSG00000100299	0.9819869795482614	False
0.0013444514619067487	0.48756218905472637	0.1351093535512475	0.1287690700933344	27	7	19	9	18	ENSG00000101972	0.9819869795482614	False
0.008424889548039901	0.48756218905472637	0.28830556305744937	0.27547329536709253	15	7	7	3	5	ENSG00000106443	0.9819869795482614	False
0.003846764762911713	0.48756218905472637	0.2167954348524789	0.20629143743828465	4	5	6	3	5	ENSG00000110536	0.9819869795482614	False
3.602970332997701e-05	0.48756218905472637	0.04527909273464657	0.015386767337266695	4	7	19	8	14	ENSG00000115738	0.9819869795482614	False
0.0033988376807600478	0.48756218905472637	0.25738587886255015	0.20386635334580755	24	7	17	7	11	ENSG00000119866	0.9819869795482614	False
3.6634034903437278e-06	0.48756218905472637	0.011074699569150349	0.006491090561871892	2	7	19	9	16	ENSG00000119878	0.9819869795482614	False
0.0022593626994889585	0.48756218905472637	0.29102879377158125	0.40319020866773675	9	5	7	3	5	ENSG00000128829	0.9819869795482614	False
0.0016824007748861727	0.48756218905472637	0.12188011844795933	0.14924863387978146	6	7	12	3	9	ENSG00000131381	0.9819869795482614	False
5.554719762131846e-07	0.48756218905472637	0.01982423761023591	0.01538290667034697	5	7	16	9	12	ENSG00000132465	0.9819869795482614	False
0.0018571647659756402	0.48756218905472637	0.19025205252378863	0.2387517447850338	13	7	19	11	15	ENSG00000134285	0.9819869795482614	False
2.1114182340858814e-05	0.48756218905472637	0.021526385515855083	0.02458637504550594	6	7	13	6	10	ENSG00000137265	0.9819869795482614	False
0.001848790013601117	0.48756218905472637	0.12038301995990852	0.14817183880371967	18	7	18	7	13	ENSG00000140455	0.9819869795482614	False
0.0127890897839936	0.48756218905472637	0.14177354792305358	0.17287157287157287	3	2	3	3	3	ENSG00000145375	0.9819869795482614	False
0.001049622954679062	0.48756218905472637	0.11568931846732833	0.07136505857353538	6	7	19	6	12	ENSG00000160124	0.9819869795482614	False
0.0028334140191488676	0.48756218905472637	0.15779858285219014	0.04952830188679247	5	2	3	3	3	ENSG00000163281	0.9819869795482614	False
1.8709730324467368e-06	0.48756218905472637	0.005714285714285693	0.004437869822485191	2	7	13	4	9	ENSG00000163807	0.9819869795482614	False
0.00208776487430547	0.48756218905472637	0.29304058451273923	0.2365497596581805	14	7	17	5	10	ENSG00000166478	0.9819869795482614	False
0.0011100731448720807	0.48756218905472637	0.1938336608344225	0.1538088560982322	13	7	11	5	7	ENSG00000168944	0.9819869795482614	False
5.9963598952417606e-05	0.48756218905472637	0.021282967381274893	0.016216640069851032	3	7	11	4	9	ENSG00000173511	0.9819869795482614	False
0.008111657841389732	0.48756218905472637	0.20418075060215987	0.1954022988505747	9	5	5	3	4	ENSG00000178761	0.9819869795482614	False
3.205057145803944e-05	0.48756218905472637	0.051304019138954174	0.025470253527988998	10	7	13	4	8	ENSG00000182511	0.9819869795482614	False
0.0005562628144446986	0.48756218905472637	0.08082253393180655	0.07891355955872083	9	7	17	7	13	ENSG00000184281	0.9819869795482614	False
0.0006857960878991567	0.48756218905472637	0.042153835909170795	0.059267241379310366	5	2	3	3	3	ENSG00000188811	0.9819869795482614	False
4.787712102382463e-06	0.48756218905472637	0.007908645871262707	0.005025136323583843	3	7	17	7	12	ENSG00000197136	0.9819869795482614	False
1.135905382840676e-05	0.48756218905472637	0.004855609506772369	0.00552995391705069	2	7	6	3	6	ENSG00000198517	0.9819869795482614	False
2.642220452089632e-05	0.48756218905472637	0.03823020466362466	0.04375896930953701	5	7	18	7	15	ENSG00000204397	0.9819869795482614	False
0.0008233412256257968	0.48756218905472637	0.23225179643767527	0.036821912801029005	2	7	11	6	9	ENSG00000211893	0.9819869795482614	False
0.0005465118687370508	0.48756218905472637	0.11166961419045933	0.06927578130293278	29	7	19	10	16	ENSG00000222041	0.9819869795482614	False
0.0012782621963971794	0.48756218905472637	0.15564974220867372	0.15259740259740262	15	7	6	3	5	ENSG00000237484	0.9819869795482614	False
0.002102275622816826	0.48756218905472637	0.24322064935046814	0.1583999186649968	12	7	15	5	10	ENSG00000241973	0.9819869795482614	False
0.0006255151343193377	0.48756218905472637	0.3490490988500149	0.3624354482879108	4	7	7	3	4	ENSG00000256039	0.9819869795482614	False
0.0007892356935968041	0.48756218905472637	0.06512892688351403	0.0330053612769587	3	2	3	3	3	ENSG00000283674	0.9819869795482614	False
0.004197957849802336	0.4925373134328358	0.12583722557041235	0.16895685151009357	5	7	19	11	17	ENSG00000023734	0.9819869795482614	False
0.010340124651546614	0.4925373134328358	0.27686175469389884	0.32412965186074433	7	6	10	3	6	ENSG00000082068	0.9819869795482614	False
0.0034387560903619474	0.4925373134328358	0.21827337089441898	0.19103194103194104	7	5	6	3	4	ENSG00000087263	0.9819869795482614	False
0.0004775719076244287	0.4925373134328358	0.08323427966930277	0.04533867562370108	20	7	19	13	19	ENSG00000092841	0.9819869795482614	False
0.003777202750613935	0.4925373134328358	0.2920146210751925	0.2178488289229892	34	7	10	4	7	ENSG00000100023	0.9819869795482614	False
7.944109077574048e-07	0.4925373134328358	0.0016778523489932458	0.0037878787878787862	2	2	3	3	3	ENSG00000101255	0.9819869795482614	False
0.0004451809113333467	0.4925373134328358	0.08485652086763258	0.06418165747823706	7	7	15	5	10	ENSG00000103274	0.9819869795482614	False
0.00023305996696547325	0.4925373134328358	0.08184483131451753	0.08811374348409648	8	7	19	8	15	ENSG00000110090	0.9819869795482614	False
0.001890070560055749	0.4925373134328358	0.21332065204566028	0.1247436773752563	10	2	3	3	3	ENSG00000110446	0.9819869795482614	False
0.002236010231257551	0.4925373134328358	0.17498399550530416	0.18813727107737999	4	7	13	5	9	ENSG00000117151	0.9819869795482614	False
0.0018022634034957805	0.4925373134328358	0.19252246331235554	0.18408194258736527	8	7	15	4	10	ENSG00000121716	0.9819869795482614	False
0.0007096967437032326	0.4925373134328358	0.13779408452014075	0.09010526315789473	12	7	14	3	9	ENSG00000125734	0.9819869795482614	False
0.0018341843622036427	0.4925373134328358	0.2159311034592279	0.27819356854638816	8	7	15	5	11	ENSG00000127804	0.9819869795482614	False
0.00152064343445831	0.4925373134328358	0.14190232226615018	0.10832345337959641	18	7	19	10	17	ENSG00000128789	0.9819869795482614	False
2.823431252501106e-05	0.4925373134328358	0.018693703385271678	0.017751694858625527	7	7	19	13	18	ENSG00000129559	0.9819869795482614	False
0.0038531612216600466	0.4925373134328358	0.19524182004802443	0.15657545435981213	10	7	12	3	8	ENSG00000131408	0.9819869795482614	False
0.0008845083388495182	0.4925373134328358	0.14781209429580897	0.07859804639075177	14	7	19	11	17	ENSG00000148444	0.9819869795482614	False
0.0022702807261724173	0.4925373134328358	0.17252104727515094	0.21364971109216635	2	7	12	3	9	ENSG00000156232	0.9819869795482614	False
0.0037807158566217727	0.4925373134328358	0.1422752044606354	0.23058071777370343	9	7	15	4	12	ENSG00000157045	0.9819869795482614	False
0.0008740481697883081	0.4925373134328358	0.19564004287987075	0.11182614355879048	5	7	13	4	7	ENSG00000157303	0.9819869795482614	False
0.0012845615997465279	0.4925373134328358	0.1123021604008434	0.13875726969080768	19	7	19	12	18	ENSG00000168028	0.9819869795482614	False
0.0003558734733981283	0.4925373134328358	0.04388868342690529	0.030338924160586256	5	5	9	4	6	ENSG00000169490	0.9819869795482614	False
0.00012779436797805583	0.4925373134328358	0.02755696365157709	0.03401064940624049	5	7	18	7	11	ENSG00000170852	0.9819869795482614	False
0.0023726696066344757	0.4925373134328358	0.24269052145991285	0.15314136125654454	5	7	13	4	9	ENSG00000173465	0.9819869795482614	False
0.004542169541047978	0.4925373134328358	0.2033908716090863	0.20317499384691115	4	7	10	4	7	ENSG00000174206	0.9819869795482614	False
0.0016777100934486544	0.4925373134328358	0.15750974685770713	0.16272806207215132	51	7	19	11	17	ENSG00000175061	0.9819869795482614	False
0.002750707834013131	0.4925373134328358	0.19406304447113973	0.1406761307460334	19	7	19	9	15	ENSG00000175354	0.9819869795482614	False
0.008610274294722145	0.4925373134328358	0.13488754292880822	0.2566425120772947	5	3	4	3	3	ENSG00000176124	0.9819869795482614	False
0.0011746879245633612	0.4925373134328358	0.1318332063719701	0.15630634816665645	6	7	17	8	13	ENSG00000178381	0.9819869795482614	False
0.00021739444105896847	0.4925373134328358	0.0685512374776418	0.04361472021122093	3	7	19	10	17	ENSG00000179085	0.9819869795482614	False
0.0006026480874911078	0.4925373134328358	0.1512272952202679	0.09300006722086532	13	7	18	10	14	ENSG00000185619	0.9819869795482614	False
6.59252887278489e-06	0.4925373134328358	0.01868936002371588	0.009625936685461712	3	6	7	3	6	ENSG00000189319	0.9819869795482614	False
0.009729476574424363	0.4925373134328358	0.31286455182802536	0.2821231254932912	13	6	7	3	4	ENSG00000197302	0.9819869795482614	False
0.004887747011940042	0.4925373134328358	0.2209531849906672	0.2501334543319276	5	5	6	3	4	ENSG00000198919	0.9819869795482614	False
0.006545277807666646	0.4925373134328358	0.4474028906955737	0.38323578595317725	13	5	7	3	4	ENSG00000225830	0.9819869795482614	False
0.0015156544660174423	0.4925373134328358	0.14722348046776756	0.10225977018491637	11	7	19	8	16	ENSG00000257727	0.9819869795482614	False
0.0008031348351169782	0.4975124378109453	0.15898555583883478	0.09594251901944209	3	5	8	3	4	ENSG00000012779	0.9819869795482614	False
0.0015268791012948268	0.4975124378109453	0.1778306630274864	0.1525294194285597	17	7	19	11	17	ENSG00000041357	0.9819869795482614	False
0.009622070861162235	0.4975124378109453	0.44327534196702556	0.44496166484118294	30	6	8	3	5	ENSG00000066427	0.9819869795482614	False
0.000559846314572843	0.4975124378109453	0.0871917309235459	0.12398110637246332	21	7	19	9	16	ENSG00000068745	0.9819869795482614	False
0.0005515761116161353	0.4975124378109453	0.0999798759777914	0.14500891265597143	7	7	13	4	8	ENSG00000070423	0.9819869795482614	False
0.0010792773745100712	0.4975124378109453	0.1829413010316497	0.13559385631378829	10	7	13	3	7	ENSG00000079263	0.9819869795482614	False
0.00893020030930314	0.4975124378109453	0.394880058571176	0.2967741935483871	18	3	4	3	3	ENSG00000092098	0.9819869795482614	False
0.0003291183444304397	0.4975124378109453	0.0718464216555294	0.06254461099214852	9	7	17	6	13	ENSG00000100814	0.9819869795482614	False
0.003956043380288001	0.4975124378109453	0.36085762421960205	0.33210548217560837	14	7	11	3	9	ENSG00000102908	0.9819869795482614	False
0.007902761314114243	0.4975124378109453	0.2646931463104994	0.25265911072362685	7	5	6	3	4	ENSG00000104129	0.9819869795482614	False
0.0006247241573062867	0.4975124378109453	0.25060655180760044	0.23040019699370476	44	7	16	6	13	ENSG00000105835	0.9819869795482614	False
0.0010460224194129117	0.4975124378109453	0.14576610459432543	0.10727401655236711	5	7	18	7	13	ENSG00000106392	0.9819869795482614	False
0.005105463248317428	0.4975124378109453	0.20498653513910653	0.20753574588980486	9	7	13	3	8	ENSG00000108349	0.9819869795482614	False
0.003507709726405999	0.4975124378109453	0.23483645527212982	0.2793450204037248	15	7	16	5	10	ENSG00000108883	0.9819869795482614	False
0.0031433067675800492	0.4975124378109453	0.13899534139856917	0.19824938690813057	7	3	4	3	4	ENSG00000115840	0.9819869795482614	False
0.006064623143837323	0.4975124378109453	0.28712714704650183	0.4293107504116678	5	3	5	3	4	ENSG00000120254	0.9819869795482614	False
0.002459190934597862	0.4975124378109453	0.10256410256410262	0.20420420420420415	5	5	5	3	3	ENSG00000123836	0.9819869795482614	False
0.0007329980772383054	0.4975124378109453	0.12081837856079151	0.11315659311615546	13	7	18	8	15	ENSG00000126524	0.9819869795482614	False
0.0007793465919184004	0.4975124378109453	0.13995004943815406	0.1481526661430744	14	7	17	6	13	ENSG00000128891	0.9819869795482614	False
0.0046702210598985085	0.4975124378109453	0.19953053420080089	0.1872731692028221	21	7	19	10	14	ENSG00000129657	0.9819869795482614	False
0.00880952035516928	0.4975124378109453	0.4000999459957229	0.424031007751938	20	5	6	3	4	ENSG00000132842	0.9819869795482614	False
0.00041752325477213334	0.4975124378109453	0.09281570127156438	0.09073208722741431	6	7	19	8	14	ENSG00000136731	0.9819869795482614	False
3.983988895255723e-05	0.4975124378109453	0.037766622402214345	0.020681204705304754	4	7	15	5	11	ENSG00000136770	0.9819869795482614	False
0.004420177497402016	0.4975124378109453	0.15586556862416562	0.1019211482228498	18	7	18	11	16	ENSG00000138668	0.9819869795482614	False
0.004429697872998029	0.4975124378109453	0.2530295714763451	0.1849551787450049	13	7	15	6	10	ENSG00000144401	0.9819869795482614	False
0.005776259454273441	0.4975124378109453	0.30397622764519283	0.3786666666666667	6	6	9	3	6	ENSG00000149591	0.9819869795482614	False
0.00018972458421215023	0.4975124378109453	0.04290811788127815	0.04160607282936952	7	7	19	8	14	ENSG00000162402	0.9819869795482614	False
0.003341962295987359	0.4975124378109453	0.18363148355741366	0.1743817507613435	13	7	15	7	10	ENSG00000162923	0.9819869795482614	False
0.005828409725241989	0.4975124378109453	0.2176619562572265	0.2602524259722542	5	5	6	3	5	ENSG00000163866	0.9819869795482614	False
0.007154226080607044	0.4975124378109453	0.1795667422977374	0.22689514987409898	16	7	19	8	17	ENSG00000164022	0.9819869795482614	False
0.002780981132655769	0.4975124378109453	0.2399776799880897	0.13831168831168833	12	5	5	3	3	ENSG00000164180	0.9819869795482614	False
3.458103840590007e-05	0.4975124378109453	0.010824683361317214	0.012419898486807584	4	7	18	7	13	ENSG00000167775	0.9819869795482614	False
3.891469140963473e-05	0.4975124378109453	0.07144364629288785	0.03309818708340322	6	7	17	6	11	ENSG00000167900	0.9819869795482614	False
0.0007227039376989244	0.4975124378109453	0.12571881867472173	0.06322115384615387	4	4	5	3	4	ENSG00000173041	0.9819869795482614	False
0.0003458162725442087	0.4975124378109453	0.09262220544585323	0.055400127782708385	3	4	6	3	5	ENSG00000176894	0.9819869795482614	False
1.1044716914709324e-06	0.4975124378109453	0.008032139164943887	0.008094099963480228	9	7	19	12	17	ENSG00000182117	0.9819869795482614	False
0.003368177483282769	0.4975124378109453	0.21297673998121625	0.2314312015551323	8	6	7	3	5	ENSG00000186812	0.9819869795482614	False
0.0018500706674384499	0.4975124378109453	0.15301088104339383	0.18699815319229815	6	7	17	7	11	ENSG00000204977	0.9819869795482614	False
0.001960711278059711	0.4975124378109453	0.15657699131689998	0.14535293127301208	27	7	17	7	13	ENSG00000214078	0.9819869795482614	False
0.0006680520203166366	0.4975124378109453	0.134945449934226	0.13785451277069558	2	7	19	8	15	ENSG00000260260	0.9819869795482614	False
0.001968879944088395	0.4975124378109453	0.21129800070743798	0.23108478983099812	2	3	4	3	4	ENSG00000270006	0.9819869795482614	False
0.0026808162330463686	0.4975124378109453	0.2958006535947712	0.2928571428571428	2	7	9	3	6	ENSG00000281501	0.9819869795482614	False
0.0014886132551290665	0.5024875621890548	0.09150506278297056	0.09118884822526921	8	7	19	13	18	ENSG00000006015	0.9819869795482614	False
0.0024402767465790537	0.5024875621890548	0.23308977921032234	0.2676619944170576	17	7	14	5	10	ENSG00000008294	0.9819869795482614	False
0.0021855645823368156	0.5024875621890548	0.16357971082370162	0.14263258422752786	8	7	17	7	12	ENSG00000010219	0.9819869795482614	False
0.002774889290591248	0.5024875621890548	0.20198545839225648	0.3296432964329643	11	6	11	3	7	ENSG00000044574	0.9819869795482614	False
0.006098324083716767	0.5024875621890548	0.30634253941742107	0.32651687769798005	7	7	10	3	7	ENSG00000083896	0.9819869795482614	False
0.004656120207021112	0.5024875621890548	0.20707322648131102	0.26849892840657746	14	7	19	8	14	ENSG00000084072	0.9819869795482614	False
2.5285525415815652e-05	0.5024875621890548	0.04375548446862014	0.029884088386059313	6	7	19	13	17	ENSG00000100300	0.9819869795482614	False
0.0007715760005668801	0.5024875621890548	0.13430669515250468	0.1439266950858252	23	7	19	9	16	ENSG00000100888	0.9819869795482614	False
0.0017351905561579467	0.5024875621890548	0.12956901692165995	0.09832924210953288	4	7	15	4	10	ENSG00000106244	0.9819869795482614	False
0.0004993308211522537	0.5024875621890548	0.11246015004455844	0.17454819221307938	12	7	19	11	18	ENSG00000117523	0.9819869795482614	False
0.0002688238074031354	0.5024875621890548	0.0857810484351485	0.09260579397247626	7	7	18	11	15	ENSG00000131871	0.9819869795482614	False
0.0022691751398603603	0.5024875621890548	0.23458092357177937	0.31432478849945933	6	5	6	3	4	ENSG00000134057	0.9819869795482614	False
0.0018203923148044686	0.5024875621890548	0.3149144199378798	0.2841251088173113	30	7	16	6	11	ENSG00000135365	0.9819869795482614	False
0.0009301814219773864	0.5024875621890548	0.18686145572868715	0.12229502343817147	9	7	13	4	9	ENSG00000141580	0.9819869795482614	False
0.00011008475353654205	0.5024875621890548	0.05230695803341658	0.06483981631712235	5	7	15	3	10	ENSG00000146670	0.9819869795482614	False
0.025275922695944388	0.5024875621890548	0.17860565145612195	0.3074709109615956	4	7	15	4	10	ENSG00000148229	0.9819869795482614	False
0.016590808779701406	0.5024875621890548	0.18430421987193535	0.28852253204704637	3	6	7	3	4	ENSG00000148842	0.9819869795482614	False
0.0014600726589621429	0.5024875621890548	0.10259352247477913	0.09914640860811004	19	7	19	11	18	ENSG00000152234	0.9819869795482614	False
9.056363029787507e-05	0.5024875621890548	0.06984426349599165	0.04637606517464182	6	7	17	5	10	ENSG00000153044	0.9819869795482614	False
0.016589535449877717	0.5024875621890548	0.18070637346408153	0.23713010596667108	7	7	17	7	10	ENSG00000156502	0.9819869795482614	False
2.7276438592278437e-06	0.5024875621890548	0.003964614337702321	0.0033112582781457036	3	5	5	3	4	ENSG00000160714	0.9819869795482614	False
0.0033755037439133573	0.5024875621890548	0.1842073232645815	0.18104150784679687	12	7	13	4	8	ENSG00000163904	0.9819869795482614	False
0.00011543475660524579	0.5024875621890548	0.07377793696937388	0.054161422855557265	6	7	19	7	15	ENSG00000164182	0.9819869795482614	False
0.002515819671473714	0.5024875621890548	0.17349879643733546	0.17848719214524705	14	7	15	4	9	ENSG00000164329	0.9819869795482614	False
0.0050052371107026815	0.5024875621890548	0.1446603324722268	0.22647235059521534	5	7	19	7	16	ENSG00000166128	0.9819869795482614	False
0.0006825556147595182	0.5024875621890548	0.12053474674781221	0.07327741702741702	4	4	5	3	4	ENSG00000167664	0.9819869795482614	False
2.6538559114540138e-08	0.5024875621890548	0.0021311943395639437	0.0018853759158942301	6	7	19	12	17	ENSG00000167815	0.9819869795482614	False
0.004100224990544103	0.5024875621890548	0.10991476559036195	0.16791906094985515	9	6	7	3	4	ENSG00000170946	0.9819869795482614	False
0.0005985077478450792	0.5024875621890548	0.26298402843344276	0.15880388244974109	12	7	14	4	9	ENSG00000171476	0.9819869795482614	False
0.00025559147307067925	0.5024875621890548	0.07979583536479073	0.061583504329112644	6	5	8	3	5	ENSG00000175305	0.9819869795482614	False
0.004402203669427411	0.5024875621890548	0.4409735321372409	0.3165164659311042	25	5	8	3	6	ENSG00000177239	0.9819869795482614	False
0.007832645154479291	0.5024875621890548	0.2742513033746487	0.284975208627828	15	7	12	4	8	ENSG00000180398	0.9819869795482614	False
2.552957702607682e-05	0.5024875621890548	0.024076420683757097	0.01362367584431103	7	7	17	9	17	ENSG00000181222	0.9819869795482614	False
0.0024058951429227473	0.5024875621890548	0.19414526693202583	0.19286472774467583	8	7	11	4	6	ENSG00000182518	0.9819869795482614	False
0.0010028419092878607	0.5024875621890548	0.0951898016974229	0.07858544895653949	8	7	17	8	13	ENSG00000185808	0.9819869795482614	False
0.006722874281201887	0.5024875621890548	0.1582234799336586	0.1775751720806666	9	4	6	3	4	ENSG00000198879	0.9819869795482614	False
0.001954696691716557	0.5024875621890548	0.07998418528426958	0.11073189230185813	4	7	13	4	9	ENSG00000204569	0.9819869795482614	False
0.011928527206827428	0.5024875621890548	0.3745847180072863	0.36147114212916803	19	7	7	3	6	ENSG00000228649	0.9819869795482614	False
0.005702071962250618	0.5024875621890548	0.16988239039696262	0.2244732493286511	5	6	6	3	5	ENSG00000239911	0.9819869795482614	False
0.0012675407731283007	0.5024875621890548	0.07639939901021607	0.09508862310050602	11	7	19	12	17	ENSG00000241468	0.9819869795482614	False
0.0008375853441002502	0.5024875621890548	0.29279613105325875	0.3373673712771984	64	7	18	11	15	ENSG00000247774	0.9819869795482614	False
0.0019428942855700664	0.5074626865671642	0.19379327950561173	0.1707359307359307	10	2	3	3	3	ENSG00000026950	0.9819869795482614	False
0.002275815703881678	0.5074626865671642	0.19553100859825606	0.2346436063675283	8	6	11	5	7	ENSG00000052723	0.9819869795482614	False
0.058079354304246676	0.5074626865671642	0.2126814309137899	0.7561254899508938	19	7	16	5	11	ENSG00000070814	0.9819869795482614	False
0.0012952351525554284	0.5074626865671642	0.20202088823012737	0.34322346044732843	9	7	9	3	6	ENSG00000078687	0.9819869795482614	False
0.0030198186192749547	0.5074626865671642	0.22662614631470332	0.16478326867937254	11	7	14	4	8	ENSG00000103876	0.9819869795482614	False
0.005686413828582939	0.5074626865671642	0.19011012244710782	0.2363708714683645	14	6	10	4	8	ENSG00000119688	0.9819869795482614	False
0.003747729597438287	0.5074626865671642	0.12865819439757725	0.1000469635152191	3	5	7	4	5	ENSG00000122707	0.9819869795482614	False
1.984816217480958e-07	0.5074626865671642	0.004545454545454532	0.0019762845849802314	2	6	10	3	8	ENSG00000124209	0.9819869795482614	False
0.00020588760935884407	0.5074626865671642	0.07695537037831125	0.05729193199572337	6	7	18	7	15	ENSG00000125651	0.9819869795482614	False
0.0006024486352917564	0.5074626865671642	0.13435467449511082	0.14482745762199842	12	7	14	5	10	ENSG00000125740	0.9819869795482614	False
0.0005519280137950076	0.5074626865671642	0.02914214374888534	0.04035874439461883	3	2	3	3	3	ENSG00000129473	0.9819869795482614	False
0.005135134961466201	0.5074626865671642	0.17352438334049192	0.22010123192622202	4	7	11	3	6	ENSG00000129696	0.9819869795482614	False
0.009690206285952687	0.5074626865671642	0.15532721350691647	0.23087553623355314	10	7	17	6	11	ENSG00000130935	0.9819869795482614	False
0.00035199408982021556	0.5074626865671642	0.09722064599377031	0.12200019590557348	11	7	15	4	10	ENSG00000144029	0.9819869795482614	False
0.013112138542127864	0.5074626865671642	0.15467991195022768	0.2884657622193313	4	6	9	4	6	ENSG00000145414	0.9819869795482614	False
0.005319537011412479	0.5074626865671642	0.4615787370103917	0.18928571428571428	8	6	7	3	5	ENSG00000148688	0.9819869795482614	False
0.004681874967953437	0.5074626865671642	0.28970007022438055	0.14297388904518843	9	5	8	4	6	ENSG00000151292	0.9819869795482614	False
0.002026484796542093	0.5074626865671642	0.21024655480341192	0.17839135654261704	6	7	12	3	7	ENSG00000153443	0.9819869795482614	False
0.0014774837406427881	0.5074626865671642	0.20100384677317457	0.15258119785458876	19	7	18	6	15	ENSG00000159593	0.9819869795482614	False
0.01659332003565587	0.5074626865671642	0.3199519552264353	0.33280684223533075	6	7	7	3	5	ENSG00000162959	0.9819869795482614	False
0.004217885359758557	0.5074626865671642	0.13686025274962071	0.22693356772481169	6	7	15	5	12	ENSG00000167543	0.9819869795482614	False
0.0007121217702452978	0.5074626865671642	0.1013836251170916	0.07454889856960928	9	7	19	10	17	ENSG00000168090	0.9819869795482614	False
1.1756376539316922e-05	0.5074626865671642	0.010507103393843684	0.010252904989747083	3	7	13	4	9	ENSG00000169914	0.9819869795482614	False
0.0017770195970055992	0.5074626865671642	0.31310419530432365	0.24850088980449236	46	7	18	8	14	ENSG00000173230	0.9819869795482614	False
0.005744251850464634	0.5074626865671642	0.1832305930861315	0.19514518783122	7	7	19	7	15	ENSG00000173418	0.9819869795482614	False
0.011818477005939146	0.5074626865671642	0.2162224826514353	0.2943738440427182	6	4	7	4	6	ENSG00000174775	0.9819869795482614	False
0.012686910450352046	0.5074626865671642	0.2353488334640465	0.27166575900116074	15	7	18	6	14	ENSG00000182481	0.9819869795482614	False
0.002233559099393683	0.5074626865671642	0.16304440953391736	0.26020031389393683	10	7	18	8	15	ENSG00000188895	0.9819869795482614	False
6.399711429418506e-05	0.5074626865671642	0.05037737039722802	0.024104450863395827	6	7	17	7	12	ENSG00000196967	0.9819869795482614	False
0.0001503394311506539	0.5074626865671642	0.0078122312555932785	0.008335080729712702	2	2	3	3	3	ENSG00000197457	0.9819869795482614	False
0.0014279406657442427	0.5074626865671642	0.1786644506259193	0.11426916056320569	11	7	17	5	13	ENSG00000198721	0.9819869795482614	False
0.002940663922039383	0.5074626865671642	0.22680366198383206	0.10461676145183842	5	7	15	5	11	ENSG00000250988	0.9819869795482614	False
8.24409488437348e-06	0.5074626865671642	0.028231588446260145	0.01320481094286721	9	7	19	9	15	ENSG00000254505	0.9819869795482614	False
0.003788247930611806	0.5074626865671642	0.2117839530363289	0.26319112450633964	7	5	7	3	4	ENSG00000261971	0.9819869795482614	False
0.008661361927980166	0.5074626865671642	0.25007151029748287	0.30896942700951613	3	7	9	3	6	ENSG00000267169	0.9819869795482614	False
0.0007407353393300738	0.5124378109452736	0.15539334235351143	0.1267293396006267	9	7	13	3	7	ENSG00000043462	0.9819869795482614	False
0.0007921025942967175	0.5124378109452736	0.11040732239485862	0.11203882886009336	9	7	18	6	13	ENSG00000047410	0.9819869795482614	False
0.00044072391713091376	0.5124378109452736	0.058034626290887355	0.060034305317324184	4	7	13	3	9	ENSG00000066084	0.9819869795482614	False
0.0020899932879178966	0.5124378109452736	0.1335546311868409	0.14491978609625666	20	5	5	3	4	ENSG00000068885	0.9819869795482614	False
0.0038036576397747104	0.5124378109452736	0.3992372881355932	0.27472527472527475	9	5	8	3	4	ENSG00000088970	0.9819869795482614	False
0.005254435775391661	0.5124378109452736	0.46473176927843085	0.3415295472272778	19	6	10	3	6	ENSG00000099917	0.9819869795482614	False
4.777425005076102e-06	0.5124378109452736	0.008575728815115414	0.009125061770739136	5	7	18	7	11	ENSG00000101695	0.9819869795482614	False
0.006065426172270282	0.5124378109452736	0.48737605284460234	0.5354064756580479	7	6	10	3	6	ENSG00000106266	0.9819869795482614	False
0.015061581755190623	0.5124378109452736	0.32865000029383584	0.33287380699893954	7	2	3	3	3	ENSG00000107745	0.9819869795482614	False
0.00022878378765629108	0.5124378109452736	0.08720120558045401	0.058336914454336905	9	7	17	8	14	ENSG00000115020	0.9819869795482614	False
0.004873594808403414	0.5124378109452736	0.14580251240275713	0.1726852634544942	6	6	12	5	8	ENSG00000116213	0.9819869795482614	False
2.236111745263367e-05	0.5124378109452736	0.035182632985876594	0.01740578776619106	5	7	18	10	15	ENSG00000117748	0.9819869795482614	False
0.0007651224254493297	0.5124378109452736	0.10446369955109808	0.09336054135120317	13	7	19	10	14	ENSG00000120860	0.9819869795482614	False
9.992201339863154e-06	0.5124378109452736	0.05176282388892859	0.0173807785145692	6	7	19	10	17	ENSG00000121966	0.9819869795482614	False
0.0014479577194526146	0.5124378109452736	0.15970645977792247	0.191480645719298	20	7	19	8	15	ENSG00000125347	0.9819869795482614	False
0.0135572138411911	0.5124378109452736	0.28742320168287194	0.30305164319248823	8	7	11	3	8	ENSG00000127452	0.9819869795482614	False
0.004204204200059797	0.5124378109452736	0.27929340897735033	0.2587183308494784	19	7	10	3	7	ENSG00000130779	0.9819869795482614	False
0.0004003496149379594	0.5124378109452736	0.10681328754563636	0.05445931121347706	11	7	19	10	17	ENSG00000132341	0.9819869795482614	False
0.0016291812026021245	0.5124378109452736	0.078850479706121	0.10732714138286892	4	5	9	3	6	ENSG00000138646	0.9819869795482614	False
0.007224937707806066	0.5124378109452736	0.29101465727324	0.2850299450697064	19	7	15	5	9	ENSG00000138796	0.9819869795482614	False
0.005071134170659264	0.5124378109452736	0.1708417671950875	0.1972600100767612	7	7	15	5	10	ENSG00000139180	0.9819869795482614	False
0.0035673038218671724	0.5124378109452736	0.1327618285679634	0.15481110675645182	8	7	19	7	14	ENSG00000143183	0.9819869795482614	False
0.01302508645488586	0.5124378109452736	0.2825461511668408	0.2570484031936128	11	2	3	3	3	ENSG00000145012	0.9819869795482614	False
0.006719983432827014	0.5124378109452736	0.30239451517878674	0.2881492881877646	15	7	8	3	7	ENSG00000149483	0.9819869795482614	False
0.0012800444915301223	0.5124378109452736	0.16760743322154076	0.16262954241314562	10	7	16	7	11	ENSG00000151532	0.9819869795482614	False
1.3943471538040023e-05	0.5124378109452736	0.01916867856874055	0.013710105704276509	13	7	19	13	19	ENSG00000156482	0.9819869795482614	False
8.684190296504165e-05	0.5124378109452736	0.04305857606315416	0.023154415448403777	6	7	18	10	15	ENSG00000162961	0.9819869795482614	False
0.000444611897468763	0.5124378109452736	0.1496152503980197	0.1130629962099049	11	7	14	6	10	ENSG00000164111	0.9819869795482614	False
0.00021509799940632428	0.5124378109452736	0.05034945767788061	0.133085322113746	2	7	19	13	18	ENSG00000168653	0.9819869795482614	False
0.00015391398889271293	0.5124378109452736	0.10402982599175972	0.04992983579113227	2	7	16	5	13	ENSG00000170802	0.9819869795482614	False
0.0020531486336699558	0.5124378109452736	0.2897616748410364	0.17401670695161664	9	7	12	3	7	ENSG00000171843	0.9819869795482614	False
6.773166297325497e-05	0.5124378109452736	0.06872041982250901	0.013404812593716574	7	7	19	13	19	ENSG00000174886	0.9819869795482614	False
0.005705257886262425	0.5124378109452736	0.24738700385664453	0.18438852813852813	3	3	4	3	3	ENSG00000180329	0.9819869795482614	False
0.000719283765098394	0.5124378109452736	0.1823996040467879	0.1827083365709875	37	7	16	6	11	ENSG00000182718	0.9819869795482614	False
0.002668166476400745	0.5124378109452736	0.08068569845201731	0.11870680801029872	8	7	13	4	7	ENSG00000198498	0.9819869795482614	False
0.0038246065941457347	0.5124378109452736	0.21538233033081913	0.2573273720814704	13	7	17	5	11	ENSG00000204356	0.9819869795482614	False
0.0015921623599922119	0.5124378109452736	0.06621037813698369	0.10469924812030074	3	2	3	3	3	ENSG00000241945	0.9819869795482614	False
5.110355098723662e-08	0.5124378109452736	0.0003360215053763578	0.0008968609865470753	2	7	18	5	14	ENSG00000243279	0.9819869795482614	False
0.0036841965072601625	0.5174129353233831	0.19544291826653024	0.13728181052124713	11	7	16	5	13	ENSG00000047579	0.9819869795482614	False
3.578205103797833e-07	0.5174129353233831	0.002018515371098693	0.0019223727572318108	2	7	19	12	17	ENSG00000068697	0.9819869795482614	False
0.0016294799682111919	0.5174129353233831	0.1683755329452303	0.15474195665508444	15	7	17	6	10	ENSG00000075790	0.9819869795482614	False
0.000512563868504533	0.5174129353233831	0.12877324902884296	0.08165440709313979	5	7	16	8	11	ENSG00000083807	0.9819869795482614	False
0.0075367310274244296	0.5174129353233831	0.33466919985090926	0.2908351312477526	28	7	14	4	9	ENSG00000100461	0.9819869795482614	False
0.0032883816943722085	0.5174129353233831	0.32355130756011996	0.2300970873786408	11	7	13	5	9	ENSG00000103978	0.9819869795482614	False
7.431568294419095e-05	0.5174129353233831	0.1003481872117155	0.036673567977915815	20	7	19	9	15	ENSG00000104872	0.9819869795482614	False
0.001719544785010616	0.5174129353233831	0.09509955834840567	0.06443645345247176	3	2	3	3	3	ENSG00000106952	0.9819869795482614	False
0.025014366163176233	0.5174129353233831	0.3726381004106757	0.44849009122365524	12	7	10	3	6	ENSG00000108039	0.9819869795482614	False
2.4044716555114007e-05	0.5174129353233831	0.024436352986671458	0.02258494292870681	10	7	19	13	19	ENSG00000108107	0.9819869795482614	False
0.005237059330982725	0.5174129353233831	0.21403879010664723	0.17602369302086016	7	7	18	6	12	ENSG00000117360	0.9819869795482614	False
0.0028039459847166125	0.5174129353233831	0.1537802865017492	0.18973116243962337	19	7	19	11	17	ENSG00000117616	0.9819869795482614	False
0.0061204904122782325	0.5174129353233831	0.16786508941308326	0.2049339705754627	8	7	18	9	16	ENSG00000122034	0.9819869795482614	False
0.006450669206691758	0.5174129353233831	0.3159892166796777	0.33430406212664276	31	7	11	3	7	ENSG00000122417	0.9819869795482614	False
0.0003399467082909707	0.5174129353233831	0.0629235882519254	0.05411711215870205	3	6	10	3	6	ENSG00000122484	0.9819869795482614	False
0.012127614759370442	0.5174129353233831	0.2386877433385908	0.23429655752268347	9	7	15	4	10	ENSG00000122643	0.9819869795482614	False
0.00041141175244193437	0.5174129353233831	0.04044468056256835	0.12329831096068453	3	7	18	7	16	ENSG00000124172	0.9819869795482614	False
0.007490819571579015	0.5174129353233831	0.17779651567919685	0.2595213112894535	5	7	13	4	9	ENSG00000132434	0.9819869795482614	False
0.004844203367453761	0.5174129353233831	0.362326462629252	0.3795049365963221	11	7	16	4	10	ENSG00000133703	0.9819869795482614	False
0.0011191752722045515	0.5174129353233831	0.17105726755593156	0.09377377759647738	6	7	15	7	11	ENSG00000135916	0.9819869795482614	False
0.002974830138078053	0.5174129353233831	0.11686734786097568	0.13513116358645882	9	7	8	3	6	ENSG00000137822	0.9819869795482614	False
0.0010103344022311083	0.5174129353233831	0.09876148313156426	0.09909225401072166	14	7	16	6	11	ENSG00000138600	0.9819869795482614	False
0.0012946860484154537	0.5174129353233831	0.17826259294631075	0.14087508421089956	5	7	17	4	12	ENSG00000145354	0.9819869795482614	False
0.0037130194522481887	0.5174129353233831	0.15434792508833547	0.12326722392399146	11	4	4	3	3	ENSG00000150433	0.9819869795482614	False
0.0005271772929310308	0.5174129353233831	0.14311798746147686	0.0780404259567067	5	7	19	10	17	ENSG00000154518	0.9819869795482614	False
0.006999921306653479	0.5174129353233831	0.27427219636920197	0.3009720749381407	8	7	8	3	5	ENSG00000163322	0.9819869795482614	False
0.0001462651554338715	0.5174129353233831	0.041567729534147405	0.027300616248508713	8	6	13	5	9	ENSG00000165678	0.9819869795482614	False
9.326969272200662e-06	0.5174129353233831	0.014529914529914503	0.007585335018963319	2	7	13	5	12	ENSG00000166326	0.9819869795482614	False
0.00019437240147426388	0.5174129353233831	0.08810179624040702	0.0582033063017836	10	7	17	7	12	ENSG00000166479	0.9819869795482614	False
0.00011942595461272615	0.5174129353233831	0.03408438574945188	0.021889063614168782	5	7	7	3	5	ENSG00000171492	0.9819869795482614	False
0.005518573926554884	0.5174129353233831	0.25331216601027173	0.2942920918367347	6	7	12	4	9	ENSG00000173473	0.9819869795482614	False
0.004514457506821233	0.5174129353233831	0.34750089011521007	0.3085140306122449	11	7	15	3	12	ENSG00000178149	0.9819869795482614	False
0.002271793884207758	0.5174129353233831	0.13661202185792362	0.2314814814814815	3	5	5	3	4	ENSG00000183309	0.9819869795482614	False
3.8013506184771524e-05	0.5174129353233831	0.0188220971871661	0.015220880753043516	2	7	19	10	17	ENSG00000183336	0.9819869795482614	False
0.00010395163457862562	0.5174129353233831	0.06594587872619298	0.04283475298126062	4	2	3	3	3	ENSG00000196968	0.9819869795482614	False
0.001365760981345489	0.5174129353233831	0.1332491000624369	0.1655491392627816	7	7	19	12	18	ENSG00000204264	0.9819869795482614	False
0.0014349672089636993	0.5174129353233831	0.17974766689703423	0.11821409136845376	10	7	10	3	7	ENSG00000206053	0.9819869795482614	False
0.000783977946714627	0.5174129353233831	0.14981772330228812	0.13374656854155717	10	7	16	5	11	ENSG00000214160	0.9819869795482614	False
0.005977130147870571	0.5174129353233831	0.3545144167426776	0.36927345658533645	6	7	14	3	8	ENSG00000266412	0.9819869795482614	False
0.00014739980894756187	0.5174129353233831	0.038323872311629495	0.03129477676690052	5	5	6	3	5	ENSG00000290746	0.9819869795482614	False
0.005233676851914906	0.5223880597014925	0.191776341434707	0.24468073492647466	10	7	13	4	9	ENSG00000005436	0.9819869795482614	False
0.0010167743935403336	0.5223880597014925	0.12099254830365982	0.12966374942422845	4	7	13	3	9	ENSG00000005486	0.9819869795482614	False
0.009300948735539187	0.5223880597014925	0.37793217613612023	0.3311642981800049	13	5	6	3	4	ENSG00000043143	0.9819869795482614	False
0.005353302066594344	0.5223880597014925	0.24788128844215032	0.2784047748236571	6	6	11	4	6	ENSG00000048405	0.9819869795482614	False
0.000817266409661533	0.5223880597014925	0.24827028873961746	0.30661876059322674	12	7	17	7	11	ENSG00000060138	0.9819869795482614	False
0.0030191702180238245	0.5223880597014925	0.3044930412705011	0.2850479369682256	16	7	15	5	11	ENSG00000063978	0.9819869795482614	False
0.0003643634560900959	0.5223880597014925	0.07987350719805425	0.04912826177665848	5	7	18	12	16	ENSG00000067167	0.9819869795482614	False
0.0029421346507767683	0.5223880597014925	0.11241033485214778	0.17647945949206734	6	6	7	3	4	ENSG00000099326	0.9819869795482614	False
0.021947370289650346	0.5223880597014925	0.27513050588494026	0.34339961366919275	10	7	16	5	10	ENSG00000100918	0.9819869795482614	False
0.0006987159567295573	0.5223880597014925	0.1409580375338008	0.1525532297683525	14	7	19	10	16	ENSG00000104824	0.9819869795482614	False
0.0001979546602554344	0.5223880597014925	0.051023020816389784	0.03750683139472334	4	7	18	8	17	ENSG00000105058	0.9819869795482614	False
0.0026859841566666876	0.5223880597014925	0.15077385641144436	0.13914329998590952	3	2	3	3	3	ENSG00000105409	0.9819869795482614	False
0.00029667107988885956	0.5223880597014925	0.07476620093144855	0.07284539136379173	10	7	19	10	16	ENSG00000106355	0.9819869795482614	False
6.247653192280995e-07	0.5223880597014925	0.004873294346978516	0.002135839384878263	3	7	18	9	16	ENSG00000107438	0.9819869795482614	False
0.005489988820974742	0.5223880597014925	0.27202921280364806	0.23688885096612552	21	7	15	4	10	ENSG00000108559	0.9819869795482614	False
0.00030634426515022714	0.5223880597014925	0.12194710004623702	0.07910743487025963	4	7	16	4	11	ENSG00000110315	0.9819869795482614	False
9.790086946127649e-05	0.5223880597014925	0.05045628919306285	0.03263094857467663	4	7	18	8	15	ENSG00000112335	0.9819869795482614	False
0.004541171030055454	0.5223880597014925	0.19415697608216415	0.24527986060996643	16	7	15	4	10	ENSG00000115317	0.9819869795482614	False
0.005565539593299821	0.5223880597014925	0.2893870395465962	0.2615972873530048	13	7	16	4	10	ENSG00000117625	0.9819869795482614	False
0.0010294288395378982	0.5223880597014925	0.11417225117895263	0.07142857142857145	4	6	9	3	6	ENSG00000121486	0.9819869795482614	False
2.624141737639926e-06	0.5223880597014925	0.010999021011176804	0.008508792488867272	2	7	19	9	14	ENSG00000122122	0.9819869795482614	False
0.012407404082664967	0.5223880597014925	0.2171584322304049	0.23671660424469415	7	7	14	4	9	ENSG00000122550	0.9819869795482614	False
0.001796617934605447	0.5223880597014925	0.1345866777526244	0.09284182242439955	4	6	13	5	9	ENSG00000123353	0.9819869795482614	False
2.3670538319003377e-06	0.5223880597014925	0.015465977756670296	0.004471992026648721	3	7	19	12	17	ENSG00000126432	0.9819869795482614	False
0.004295529338945319	0.5223880597014925	0.16867484706102634	0.193922305764411	4	5	5	3	4	ENSG00000126882	0.9819869795482614	False
0.002975006941706569	0.5223880597014925	0.1939111757934238	0.18719026071967246	8	4	5	3	3	ENSG00000127720	0.9819869795482614	False
0.004104017191131019	0.5223880597014925	0.16619830934274818	0.28718803431083784	5	7	13	5	9	ENSG00000136709	0.9819869795482614	False
0.00546182477818996	0.5223880597014925	0.23694706351440098	0.30483400271605654	5	2	3	3	3	ENSG00000136824	0.9819869795482614	False
0.0017739808857370433	0.5223880597014925	0.15561710969410714	0.10842312687185494	13	7	16	3	10	ENSG00000136997	0.9819869795482614	False
0.007522442293580451	0.5223880597014925	0.20787570691675417	0.2090909090909091	3	7	13	4	8	ENSG00000142751	0.9819869795482614	False
0.008524849699671771	0.5223880597014925	0.12915005367445065	0.19102140346532298	4	5	5	3	4	ENSG00000143952	0.9819869795482614	False
3.496147662624365e-05	0.5223880597014925	0.015065892538983876	0.05336812773299433	5	7	19	13	19	ENSG00000145592	0.9819869795482614	False
0.01674275148168184	0.5223880597014925	0.28257151712207895	0.3142857142857143	13	2	3	3	3	ENSG00000151150	0.9819869795482614	False
0.0026902129279005108	0.5223880597014925	0.09827233697885226	0.15632087330237054	8	7	19	8	14	ENSG00000158411	0.9819869795482614	False
0.0025512144687136864	0.5223880597014925	0.17206293079212695	0.17202852371341046	18	7	17	6	14	ENSG00000158552	0.9819869795482614	False
0.0002738662660790521	0.5223880597014925	0.15398238497987649	0.057169053716525996	4	7	10	5	8	ENSG00000161202	0.9819869795482614	False
0.001198053669410968	0.5223880597014925	0.15540576555090918	0.17583066530693625	4	7	17	6	13	ENSG00000161920	0.9819869795482614	False
4.2924846712387066e-06	0.5223880597014925	0.030100845223776023	0.007226110395577733	16	7	19	13	17	ENSG00000163479	0.9819869795482614	False
0.0013189332264706445	0.5223880597014925	0.1614119651483782	0.11712204007285976	7	7	9	3	5	ENSG00000166938	0.9819869795482614	False
0.009616732810752036	0.5223880597014925	0.2612065128013355	0.262436415693737	9	7	13	4	10	ENSG00000167508	0.9819869795482614	False
0.0005100447073217875	0.5223880597014925	0.1532838467224119	0.2145779358441496	4	6	9	3	5	ENSG00000170989	0.9819869795482614	False
0.001180932998620959	0.5223880597014925	0.07945709398083727	0.07549540757501819	3	7	16	5	11	ENSG00000173145	0.9819869795482614	False
0.0135952770384235	0.5223880597014925	0.3967268646466213	0.36010386719836784	5	6	6	3	4	ENSG00000173914	0.9819869795482614	False
0.00011357705862268754	0.5223880597014925	0.08418504326748281	0.05224824979225623	11	7	19	10	16	ENSG00000180353	0.9819869795482614	False
0.0029863037404635126	0.5223880597014925	0.10412383559908732	0.1386677170327502	7	7	19	11	17	ENSG00000183011	0.9819869795482614	False
0.0021455411301359944	0.5223880597014925	0.13752998670913863	0.164741641337386	7	7	13	4	8	ENSG00000196268	0.9819869795482614	False
0.011971073659467698	0.5223880597014925	0.379347871306367	0.3896849816849816	15	7	14	3	10	ENSG00000196704	0.9819869795482614	False
0.0007869053230529055	0.5223880597014925	0.37653945836849645	0.5226480836236933	4	6	10	3	6	ENSG00000197324	0.9819869795482614	False
0.00033483427537895336	0.5223880597014925	0.03556325676955172	0.03247878843171242	4	2	3	3	3	ENSG00000197429	0.9819869795482614	False
0.0012857702627349027	0.5223880597014925	0.07593605596967393	0.05164712451144612	3	2	3	3	3	ENSG00000198496	0.9819869795482614	False
0.0008295525815429028	0.5223880597014925	0.08041121219652923	0.10947578866903832	6	7	10	3	8	ENSG00000198894	0.9819869795482614	False
0.002138979923504513	0.5223880597014925	0.152372443362191	0.12116379403716226	13	7	19	9	16	ENSG00000217930	0.9819869795482614	False
0.0015075744594184551	0.5223880597014925	0.095138528359498	0.10422819009062716	4	5	4	3	4	ENSG00000238045	0.9819869795482614	False
0.011808041623069298	0.5223880597014925	0.443702089142481	0.42649562338306457	18	3	4	3	4	ENSG00000239523	0.9819869795482614	False
0.0003744706187998772	0.5223880597014925	0.06540237206892918	0.07844363216621777	3	7	17	8	14	ENSG00000253982	0.9819869795482614	False
0.008505921487676241	0.5223880597014925	0.2569304864656913	0.3280291448459812	8	7	11	3	8	ENSG00000256525	0.9819869795482614	False
0.0007384387891479018	0.527363184079602	0.046729914489109244	0.04478746639784947	3	6	8	3	6	ENSG00000060749	0.9819869795482614	False
0.0027460908556766394	0.527363184079602	0.2572993305999207	0.30703422263150104	18	7	15	6	10	ENSG00000077254	0.9819869795482614	False
0.003550181125916531	0.527363184079602	0.1618721491372411	0.16444805194805198	7	6	10	3	5	ENSG00000078902	0.9819869795482614	False
0.004112988340699239	0.527363184079602	0.20776303089168455	0.2271751853296918	7	7	12	4	8	ENSG00000086589	0.9819869795482614	False
0.01100366584384406	0.527363184079602	0.49879094742676267	0.44721630666261025	32	4	5	3	4	ENSG00000100241	0.9819869795482614	False
0.0010178318026312562	0.527363184079602	0.10064288025937054	0.20684783512008642	4	7	12	3	8	ENSG00000100263	0.9819869795482614	False
0.0004306906473193038	0.527363184079602	0.05206305218411739	0.045702167141626324	5	7	16	5	11	ENSG00000101146	0.9819869795482614	False
0.00011580933816558362	0.527363184079602	0.08226685989832355	0.04310344827586208	6	7	12	3	6	ENSG00000104783	0.9819869795482614	False
6.901769233953776e-05	0.527363184079602	0.0058309037900874505	0.016474464579901184	3	6	9	3	6	ENSG00000105722	0.9819869795482614	False
5.9101586794649826e-05	0.527363184079602	0.034482758620689696	0.031914893617021295	4	5	7	3	4	ENSG00000108679	0.9819869795482614	False
0.0001874763734842196	0.527363184079602	0.039173826075167506	0.036667347203919926	4	7	16	6	11	ENSG00000110025	0.9819869795482614	False
0.0005607194127654583	0.527363184079602	0.05201927883718903	0.06899330091431753	5	7	17	6	12	ENSG00000111726	0.9819869795482614	False
0.002592582349894922	0.527363184079602	0.17645987911257377	0.16112349989200453	16	7	18	7	14	ENSG00000113312	0.9819869795482614	False
8.844857035743262e-05	0.527363184079602	0.04863211488744949	0.09803381079000532	8	7	17	6	12	ENSG00000118985	0.9819869795482614	False
0.0008167426787038521	0.527363184079602	0.17898558824940014	0.13375459386484662	6	7	12	4	9	ENSG00000128595	0.9819869795482614	False
0.0030164098143565824	0.527363184079602	0.06751857046387191	0.06059996341686487	3	2	3	3	3	ENSG00000138386	0.9819869795482614	False
3.41486006211397e-05	0.527363184079602	0.046808001713368026	0.03242808811432491	3	7	18	7	13	ENSG00000143110	0.9819869795482614	False
0.0026512844752649414	0.527363184079602	0.21195692801072388	0.31224086089571135	5	7	13	5	10	ENSG00000143641	0.9819869795482614	False
0.0002513848306705485	0.527363184079602	0.07580477126937304	0.03751791253956505	3	6	10	3	8	ENSG00000145041	0.9819869795482614	False
0.0025057554444290176	0.527363184079602	0.11605991100976722	0.12569939125937082	7	7	16	6	10	ENSG00000145740	0.9819869795482614	False
0.002192041506072261	0.527363184079602	0.22077737077737075	0.13500784929356358	3	6	7	3	5	ENSG00000151093	0.9819869795482614	False
0.00672405239550012	0.527363184079602	0.23742384477293949	0.2684861146225599	13	7	11	3	6	ENSG00000154265	0.9819869795482614	False
0.007907045384832707	0.527363184079602	0.2405203925984734	0.22237710763002322	6	7	12	3	8	ENSG00000159256	0.9819869795482614	False
5.178968930230481e-05	0.527363184079602	0.03160981511958667	0.03897684936010872	6	7	18	11	16	ENSG00000160783	0.9819869795482614	False
0.002876417112717877	0.527363184079602	0.15017862997043727	0.15219640364192089	12	7	19	8	16	ENSG00000169718	0.9819869795482614	False
0.0024564331104098736	0.527363184079602	0.11198617755704342	0.11676534792619839	4	7	16	5	10	ENSG00000173442	0.9819869795482614	False
0.0004346390379746946	0.527363184079602	0.1371200547008175	0.051975329694763435	4	7	16	7	12	ENSG00000175348	0.9819869795482614	False
0.008570549278953406	0.527363184079602	0.2649116976760896	0.22328401150842583	10	7	16	5	9	ENSG00000175387	0.9819869795482614	False
0.004517803765351516	0.527363184079602	0.25865468188044494	0.18954546992926524	13	3	5	3	4	ENSG00000175455	0.9819869795482614	False
0.00011813201461146927	0.527363184079602	0.07758655382056137	0.030617581808311388	12	7	19	13	17	ENSG00000180879	0.9819869795482614	False
0.0007040268912284732	0.527363184079602	0.15681040887769424	0.1497899522272177	26	7	19	12	18	ENSG00000187109	0.9819869795482614	False
0.001197000406211809	0.527363184079602	0.1060085466492667	0.09960951628730574	16	7	19	11	17	ENSG00000188529	0.9819869795482614	False
0.02404267633081536	0.527363184079602	0.2200654311257469	0.3625166686871135	9	6	7	3	5	ENSG00000197620	0.9819869795482614	False
0.0035438290639637354	0.527363184079602	0.26378635612880846	0.1853685368536854	8	4	4	3	4	ENSG00000198363	0.9819869795482614	False
1.882088757384644e-05	0.527363184079602	0.03417587317849372	0.012287124760467323	7	7	19	11	17	ENSG00000204392	0.9819869795482614	False
0.0005790492959430071	0.527363184079602	0.11398498698224727	0.07698662360995723	5	7	18	9	14	ENSG00000213689	0.9819869795482614	False
6.613707259526523e-06	0.527363184079602	0.022677964853448477	0.005846044871259475	4	7	15	7	11	ENSG00000269821	0.9819869795482614	False
8.784388363535394e-05	0.527363184079602	0.046666666666666703	0.10416666666666666	3	6	5	3	3	ENSG00000286219	0.9819869795482614	False
0.002990587870448938	0.5323383084577115	0.263432347849534	0.28308823529411764	14	7	13	4	8	ENSG00000069493	0.9819869795482614	False
0.0013617397018197415	0.5323383084577115	0.15471068451703798	0.17340523836214078	15	3	5	3	4	ENSG00000076554	0.9819869795482614	False
4.0689706731723695e-07	0.5323383084577115	0.00660364683037107	0.00126382306477092	7	7	19	11	17	ENSG00000077312	0.9819869795482614	False
0.00025703222540871315	0.5323383084577115	0.05294646138203417	0.05456131716701716	4	7	12	4	8	ENSG00000080839	0.9819869795482614	False
0.0009711297890918889	0.5323383084577115	0.07652875766176664	0.050640412051597625	3	4	5	3	4	ENSG00000090447	0.9819869795482614	False
0.004358317313753946	0.5323383084577115	0.13591401612794413	0.16772558010005983	7	7	18	7	13	ENSG00000091164	0.9819869795482614	False
0.0003756018216633766	0.5323383084577115	0.04861532111962476	0.06583019532054218	7	7	19	7	17	ENSG00000111605	0.9819869795482614	False
0.005121845285387317	0.5323383084577115	0.22180388730373055	0.28889952153110043	6	7	14	4	9	ENSG00000112249	0.9819869795482614	False
7.17101104667822e-05	0.5323383084577115	0.013291550906210607	0.023822884165561012	11	7	19	13	19	ENSG00000115268	0.9819869795482614	False
1.1857643247027361e-05	0.5323383084577115	0.027562545196159624	0.03580158159597412	2	7	12	4	8	ENSG00000124098	0.9819869795482614	False
0.001508946377419049	0.5323383084577115	0.10656927487886596	0.15963071096030934	5	7	14	3	9	ENSG00000125304	0.9819869795482614	False
0.0006439085273770127	0.5323383084577115	0.2030443649976964	0.3869818266515932	6	7	11	3	5	ENSG00000126759	0.9819869795482614	False
7.479823400306853e-05	0.5323383084577115	0.038461538461538505	0.02453987730061348	2	7	10	3	7	ENSG00000132394	0.9819869795482614	False
0.002839584517797762	0.5323383084577115	0.18720862450075937	0.2404925863887338	12	7	14	5	9	ENSG00000136448	0.9819869795482614	False
0.00271824936011677	0.5323383084577115	0.13786891145622365	0.1791245173347515	7	7	18	9	15	ENSG00000136758	0.9819869795482614	False
0.0051974368717615065	0.5323383084577115	0.36312830171856536	0.26580106835107414	23	2	3	3	3	ENSG00000140694	0.9819869795482614	False
0.004224241449495385	0.5323383084577115	0.21736904602762486	0.1566907668602584	9	7	15	6	12	ENSG00000141425	0.9819869795482614	False
0.00433237524066246	0.5323383084577115	0.3256345380609437	0.23000000000000007	14	6	13	5	9	ENSG00000143033	0.9819869795482614	False
0.0028090253355576313	0.5323383084577115	0.18072781331874363	0.16715803797058254	5	7	9	3	5	ENSG00000146707	0.9819869795482614	False
1.397243706849989e-05	0.5323383084577115	0.0043859649122807084	0.005714285714285693	2	3	4	3	3	ENSG00000148296	0.9819869795482614	False
0.003592158280790957	0.5323383084577115	0.3805609558612529	0.3095458953493274	20	7	10	3	7	ENSG00000153944	0.9819869795482614	False
0.005397011884377388	0.5323383084577115	0.1621200037149001	0.17321182790924833	4	5	10	3	6	ENSG00000162642	0.9819869795482614	False
0.004276136043095297	0.5323383084577115	0.16696812496825625	0.20246198946636193	7	5	6	3	5	ENSG00000165410	0.9819869795482614	False
0.0006847754242166708	0.5323383084577115	0.08374189858724965	0.1291646609622851	6	7	19	10	16	ENSG00000166797	0.9819869795482614	False
1.5679441715250995e-05	0.5323383084577115	0.02839342265240039	0.014171833480956615	2	7	16	5	11	ENSG00000169019	0.9819869795482614	False
0.004377640425653348	0.5323383084577115	0.23843330780912333	0.21014980642989392	9	7	17	5	11	ENSG00000172062	0.9819869795482614	False
6.628434052873373e-05	0.5323383084577115	0.029158769033931106	0.02365673661623203	6	7	19	12	17	ENSG00000173486	0.9819869795482614	False
0.004917029432304895	0.5323383084577115	0.40025864996820376	0.41978536466725436	8	6	7	3	5	ENSG00000173559	0.9819869795482614	False
0.002337133962279922	0.5323383084577115	0.14383420875179398	0.14505934505934504	8	4	5	3	4	ENSG00000183718	0.9819869795482614	False
3.519313437055151e-05	0.5323383084577115	0.03252525252525255	0.011235955056179789	4	4	5	3	4	ENSG00000185298	0.9819869795482614	False
0.00036687742483147923	0.5323383084577115	0.12339714673279348	0.12031349532226333	23	7	19	10	17	ENSG00000185787	0.9819869795482614	False
0.003996993388489019	0.5323383084577115	0.24995350901448515	0.22420366558855243	19	7	12	5	8	ENSG00000185803	0.9819869795482614	False
6.387618810741611e-05	0.5323383084577115	0.02958859791265936	0.031388648804379166	3	7	13	4	8	ENSG00000187954	0.9819869795482614	False
0.006850326333366314	0.5323383084577115	0.28900233471457726	0.30201603487195455	12	5	7	4	5	ENSG00000196247	0.9819869795482614	False
0.00877286929798364	0.5323383084577115	0.20192744635730694	0.2505754088431254	3	4	6	3	4	ENSG00000254531	0.9819869795482614	False
0.006963524511891661	0.5323383084577115	0.21599596136485613	0.20650491482760475	8	7	16	6	11	ENSG00000278053	0.9819869795482614	False
0.01281355653140189	0.5373134328358209	0.3258589463684694	0.34579700424770843	14	5	7	3	4	ENSG00000006744	0.9819869795482614	False
0.0020202409454019668	0.5373134328358209	0.14130400176586788	0.13010804958530425	7	7	15	6	10	ENSG00000009335	0.9819869795482614	False
0.0024182550320919483	0.5373134328358209	0.15756430726610063	0.1583054626532888	15	7	14	5	9	ENSG00000055130	0.9819869795482614	False
0.012352099412500815	0.5373134328358209	0.21639717854546212	0.24610819225530256	10	6	9	3	6	ENSG00000069943	0.9819869795482614	False
0.005963835734234122	0.5373134328358209	0.21543780984093375	0.15074289360224816	19	7	17	6	12	ENSG00000075239	0.9819869795482614	False
0.0024286261914300386	0.5373134328358209	0.09784770878092756	0.0475206611570248	2	4	5	3	3	ENSG00000076650	0.9819869795482614	False
0.0025878670578967054	0.5373134328358209	0.18495312279693812	0.19861259946989412	9	7	16	5	9	ENSG00000083642	0.9819869795482614	False
0.0016634616541187422	0.5373134328358209	0.20811744461075932	0.1288638021149872	4	6	8	3	7	ENSG00000089775	0.9819869795482614	False
0.016711373483263584	0.5373134328358209	0.2905609171122675	0.2241249978348951	12	5	7	3	5	ENSG00000101391	0.9819869795482614	False
0.009054054213273878	0.5373134328358209	0.26742863143508583	0.25693450555441966	6	7	9	3	6	ENSG00000103932	0.9819869795482614	False
1.8958329374258987e-05	0.5373134328358209	0.08352917305934834	0.09236762708844115	4	6	13	5	8	ENSG00000107789	0.9819869795482614	False
0.0044289313796100896	0.5373134328358209	0.3422321710656735	0.2985739750445633	32	7	13	4	8	ENSG00000108094	0.9819869795482614	False
0.01126352235814701	0.5373134328358209	0.4151058915449251	0.5368403584467308	27	6	9	4	5	ENSG00000116044	0.9819869795482614	False
6.038302930156664e-05	0.5373134328358209	0.026201474837073316	0.07549892237430045	2	7	19	13	19	ENSG00000122862	0.9819869795482614	False
0.003785277708245603	0.5373134328358209	0.1987566524463871	0.21506924448100911	14	7	12	4	9	ENSG00000139496	0.9819869795482614	False
0.01217768820353269	0.5373134328358209	0.2894861721130437	0.2727941176470588	4	7	15	4	10	ENSG00000141026	0.9819869795482614	False
0.00011667637181611387	0.5373134328358209	0.0781486007545199	0.0439702252731885	10	7	17	6	12	ENSG00000143393	0.9819869795482614	False
0.003643863978125471	0.5373134328358209	0.2111387075779568	0.21963033779477378	20	7	18	8	14	ENSG00000151092	0.9819869795482614	False
0.015418181105226428	0.5373134328358209	0.40101010101010104	0.4440917107583774	14	2	3	3	3	ENSG00000151503	0.9819869795482614	False
0.009878731535555416	0.5373134328358209	0.25661479712066193	0.2516634732200897	25	7	17	6	13	ENSG00000153310	0.9819869795482614	False
0.00015190078196187227	0.5373134328358209	0.028874535325489517	0.033678756476683946	2	6	9	3	7	ENSG00000158457	0.9819869795482614	False
0.0008193710133201787	0.5373134328358209	0.1393264092487472	0.12794612794612792	8	7	12	4	7	ENSG00000161904	0.9819869795482614	False
0.008028248773680444	0.5373134328358209	0.16069460203117542	0.23286810700205618	4	7	8	3	6	ENSG00000164713	0.9819869795482614	False
0.0010040166801804393	0.5373134328358209	0.16754788090178757	0.09447390993232015	10	7	19	9	14	ENSG00000169223	0.9819869795482614	False
2.7066001539405015e-05	0.5373134328358209	0.01410951430140778	0.014903318159775556	6	7	18	7	14	ENSG00000172081	0.9819869795482614	False
0.0016911555808829424	0.5373134328358209	0.14941400671357521	0.16931801696055288	6	7	13	4	10	ENSG00000175197	0.9819869795482614	False
0.002869199764203507	0.5373134328358209	0.1949671190895229	0.2674456345342421	8	5	9	3	6	ENSG00000176463	0.9819869795482614	False
0.0007080811600864247	0.5373134328358209	0.15066578393647834	0.08387596899224808	13	7	13	4	7	ENSG00000183474	0.9819869795482614	False
0.008949975064792498	0.5373134328358209	0.2458715235399184	0.2559493834931684	11	7	14	5	9	ENSG00000196655	0.9819869795482614	False
0.0013636187040838598	0.5373134328358209	0.16266720697321027	0.15522953703206405	54	7	15	7	12	ENSG00000197858	0.9819869795482614	False
0.00199938223065367	0.5373134328358209	0.24749429595827907	0.220682123655914	17	7	13	4	10	ENSG00000198001	0.9819869795482614	False
2.3343322956111808e-05	0.5373134328358209	0.020842379504993472	0.007782101167315161	2	4	6	3	4	ENSG00000198060	0.9819869795482614	False
5.5931460746769896e-05	0.5373134328358209	0.07500000000000005	0.039301310043668124	3	7	8	3	5	ENSG00000198646	0.9819869795482614	False
0.010663073056165668	0.5373134328358209	0.21589898828294757	0.21206896551724141	8	2	3	3	3	ENSG00000198945	0.9819869795482614	False
0.0004425516459695704	0.5373134328358209	0.038990990990991	0.05873015873015873	2	2	3	3	3	ENSG00000205476	0.9819869795482614	False
0.0017188429032753971	0.5373134328358209	0.06715303863364558	0.1716395951774842	5	7	18	9	15	ENSG00000213654	0.9819869795482614	False
6.623202568352098e-05	0.5373134328358209	0.04811426999722953	0.021823274910362	15	7	19	11	18	ENSG00000215021	0.9819869795482614	False
3.5378260575978166e-05	0.5373134328358209	0.003944773175542416	0.011331444759206787	2	6	8	4	6	ENSG00000228727	0.9819869795482614	False
0.006079727082652569	0.5373134328358209	0.10806884492457655	0.2992065591113462	2	2	3	3	3	ENSG00000243708	0.9819869795482614	False
0.004065628409767418	0.5373134328358209	0.3295625220797561	0.24912324649298598	23	7	11	3	7	ENSG00000266173	0.9819869795482614	False
7.309850811147645e-05	0.5373134328358209	0.07483522287502778	0.025948835647111493	4	7	16	6	12	ENSG00000291003	0.9819869795482614	False
0.0014451997734134393	0.5422885572139303	0.1453341122026371	0.12847744360902255	11	7	12	4	8	ENSG00000055332	0.9819869795482614	False
0.0005334031121003283	0.5422885572139303	0.15901069751903715	0.246225689399296	7	7	18	7	15	ENSG00000056097	0.9819869795482614	False
0.0009708564861734669	0.5422885572139303	0.2230187144483731	0.16396120094319314	6	7	12	4	6	ENSG00000059728	0.9819869795482614	False
0.0016694139140415595	0.5422885572139303	0.1762075183775838	0.13066126993636437	9	7	17	6	12	ENSG00000062194	0.9819869795482614	False
0.0059715098236518965	0.5422885572139303	0.14718155695151577	0.24574223392128935	3	7	19	8	14	ENSG00000063245	0.9819869795482614	False
0.00029347060439729046	0.5422885572139303	0.14510606216499594	0.0982620320855615	6	5	6	3	4	ENSG00000065802	0.9819869795482614	False
0.0016523536372420342	0.5422885572139303	0.1795698994260052	0.1438193319495174	4	7	12	5	9	ENSG00000083123	0.9819869795482614	False
0.001234375564674777	0.5422885572139303	0.15686050315961644	0.15639956172955333	38	7	19	8	18	ENSG00000084623	0.9819869795482614	False
0.013002948163133651	0.5422885572139303	0.31541595820067436	0.3350231905943264	10	6	10	3	6	ENSG00000100296	0.9819869795482614	False
0.0008052267766612991	0.5422885572139303	0.07449888359153084	0.044206323337679265	4	4	4	3	4	ENSG00000100522	0.9819869795482614	False
0.001955585462615088	0.5422885572139303	0.17494317732639603	0.2102597098249881	11	7	17	8	12	ENSG00000101782	0.9819869795482614	False
1.8387768608563418e-05	0.5422885572139303	0.02629680368844539	0.01478784709252858	11	7	19	11	17	ENSG00000105202	0.9819869795482614	False
0.004838825560617146	0.5422885572139303	0.15248525761755677	0.19529128883781782	24	7	18	9	15	ENSG00000105819	0.9819869795482614	False
0.009750515502149679	0.5422885572139303	0.15267473275768106	0.23164598850312493	11	7	16	5	11	ENSG00000114503	0.9819869795482614	False
0.0031302841717130905	0.5422885572139303	0.16131007605600703	0.1646678060663209	7	7	19	8	14	ENSG00000122674	0.9819869795482614	False
0.0019642299375923528	0.5422885572139303	0.12624992826791326	0.10463709677419358	3	7	8	3	6	ENSG00000123545	0.9819869795482614	False
0.0009840194348788396	0.5422885572139303	0.09171527606037125	0.11997019374068554	12	7	12	3	8	ENSG00000124486	0.9819869795482614	False
0.013828209325259124	0.5422885572139303	0.24666613419992123	0.30952070001306	8	7	13	3	8	ENSG00000131351	0.9819869795482614	False
0.006010884446535916	0.5422885572139303	0.19743237122140078	0.20454284566377773	14	7	13	4	9	ENSG00000133026	0.9819869795482614	False
0.0007757841262278134	0.5422885572139303	0.16965884549469074	0.20350827322365542	13	7	17	3	10	ENSG00000149554	0.9819869795482614	False
0.00014033348200572537	0.5422885572139303	0.02606630745515768	0.05574072408733554	4	7	18	10	16	ENSG00000155660	0.9819869795482614	False
0.0024209546374246386	0.5422885572139303	0.1012577426001264	0.11624594302199781	2	5	6	3	5	ENSG00000166275	0.9819869795482614	False
0.00029138634721253214	0.5422885572139303	0.05774020854053652	0.05085927568793906	10	7	18	8	15	ENSG00000167552	0.9819869795482614	False
6.279159272595087e-05	0.5422885572139303	0.027200180907845824	0.021114350019698188	5	7	19	11	17	ENSG00000167797	0.9819869795482614	False
0.0020721584557107744	0.5422885572139303	0.06481156785072627	0.11179981634527086	8	2	3	3	3	ENSG00000168096	0.9819869795482614	False
0.004369674749253382	0.5422885572139303	0.4400148017214438	0.370929000353232	20	7	11	3	9	ENSG00000171456	0.9819869795482614	False
0.003969806772230148	0.5422885572139303	0.11093816136008552	0.13308344920702095	2	5	10	4	7	ENSG00000174109	0.9819869795482614	False
0.001112673073912919	0.5422885572139303	0.09195837629572567	0.08138743419133479	4	2	3	3	3	ENSG00000182183	0.9819869795482614	False
0.00047137205914661205	0.5422885572139303	0.129110621332704	0.08855325379769036	8	7	17	8	14	ENSG00000184508	0.9819869795482614	False
0.00011389369495829668	0.5422885572139303	0.07249883737497788	0.05940094091048037	13	7	19	11	17	ENSG00000185825	0.9819869795482614	False
1.6351744400635705e-07	0.5422885572139303	0.0009544261512765223	0.0012698412698412898	2	7	18	6	14	ENSG00000185989	0.9819869795482614	False
0.0011014567240524864	0.5422885572139303	0.16091824753938921	0.09459202386297054	9	7	16	6	10	ENSG00000187688	0.9819869795482614	False
0.005080695318856238	0.5422885572139303	0.2120395749302538	0.1744120389216446	11	2	3	3	3	ENSG00000198131	0.9819869795482614	False
5.551312522108922e-05	0.5422885572139303	0.014123999259555953	0.019549374826930643	4	7	19	12	17	ENSG00000198856	0.9819869795482614	False
0.0008065631402377985	0.5422885572139303	0.1741419503234225	0.25775012199830494	6	6	11	4	7	ENSG00000204475	0.9819869795482614	False
0.0032974130296752496	0.5422885572139303	0.16437136024358717	0.10865129565394815	2	2	3	3	3	ENSG00000241490	0.9819869795482614	False
0.013524521207826446	0.5422885572139303	0.3739438004131045	0.4390368670154087	15	7	12	3	7	ENSG00000291090	0.9819869795482614	False
0.000576883904535786	0.5472636815920398	0.043512043512043505	0.06451612903225808	5	5	6	3	5	ENSG00000008869	0.9819869795482614	False
0.0012811030473190775	0.5472636815920398	0.09224007395831899	0.09384344290131892	6	7	18	8	15	ENSG00000038219	0.9819869795482614	False
0.006300030034755794	0.5472636815920398	0.17637713534452665	0.18086665107941702	8	7	12	3	8	ENSG00000075188	0.9819869795482614	False
0.0016982961178417775	0.5472636815920398	0.11512535015669977	0.13766475835441352	12	7	10	3	8	ENSG00000075975	0.9819869795482614	False
2.8157839730670126e-06	0.5472636815920398	0.0013888888888888863	0.00319999999999999	2	5	7	3	5	ENSG00000078237	0.9819869795482614	False
0.004323905225593651	0.5472636815920398	0.3166890242494717	0.22220977976857037	10	5	5	3	4	ENSG00000080802	0.9819869795482614	False
0.00026678955949513655	0.5472636815920398	0.10846044169452816	0.06842509063786045	15	7	19	10	15	ENSG00000092929	0.9819869795482614	False
0.0006718281170659405	0.5472636815920398	0.07752161159425416	0.11978021978021977	8	2	3	3	3	ENSG00000093072	0.9819869795482614	False
0.00022682565776353355	0.5472636815920398	0.06111249944650065	0.04802431610942249	3	7	10	3	6	ENSG00000100027	0.9819869795482614	False
0.003278134292128273	0.5472636815920398	0.21928828845984738	0.24958357718453159	28	7	14	4	9	ENSG00000100099	0.9819869795482614	False
1.3240929476613395e-07	0.5472636815920398	0.002114164904862591	0.001808318264014487	2	7	17	5	11	ENSG00000101193	0.9819869795482614	False
0.0034503430386102333	0.5472636815920398	0.2636734520354412	0.20881126173096973	14	7	12	3	8	ENSG00000107960	0.9819869795482614	False
0.0046158735192708055	0.5472636815920398	0.19552277771614196	0.10793778492893541	9	2	3	3	3	ENSG00000108474	0.9819869795482614	False
0.00259403359935156	0.5472636815920398	0.22125829678795778	0.24825697211155376	4	5	7	3	5	ENSG00000112130	0.9819869795482614	False
0.0070358700722826725	0.5472636815920398	0.246878276292689	0.21550671550671552	10	4	5	3	4	ENSG00000117676	0.9819869795482614	False
0.0015052628719204463	0.5472636815920398	0.18554751547258247	0.16981959302836364	14	7	17	6	12	ENSG00000122008	0.9819869795482614	False
0.003779365349181431	0.5472636815920398	0.3464094603000204	0.3155764705882353	21	7	10	3	7	ENSG00000123607	0.9819869795482614	False
6.494953342963795e-05	0.5472636815920398	0.032464063903518615	0.03324777412368653	3	7	16	6	11	ENSG00000124688	0.9819869795482614	False
0.0041354182235196464	0.5472636815920398	0.13385008626085432	0.15353790669358694	7	6	5	3	4	ENSG00000125656	0.9819869795482614	False
0.00010186844378298548	0.5472636815920398	0.04609088288972337	0.03302582804342127	2	7	19	11	17	ENSG00000127774	0.9819869795482614	False
4.2590281605645775e-05	0.5472636815920398	0.05297324937657933	0.025967507242120477	10	7	18	5	15	ENSG00000130119	0.9819869795482614	False
0.00804084325640366	0.5472636815920398	0.3994525293527755	0.4138528138528138	15	6	8	3	4	ENSG00000131269	0.9819869795482614	False
0.013008554525660878	0.5472636815920398	0.19227548291614086	0.24456521739130432	6	6	7	3	4	ENSG00000132128	0.9819869795482614	False
0.001867372288371292	0.5472636815920398	0.20290917123614302	0.22235674981339723	10	7	18	9	15	ENSG00000136156	0.9819869795482614	False
0.0019662619434935025	0.5472636815920398	0.17092972117253735	0.22012418604308162	11	6	10	3	6	ENSG00000136250	0.9819869795482614	False
0.0030147764637992857	0.5472636815920398	0.21256772854358247	0.18742928684039695	8	7	13	4	8	ENSG00000136286	0.9819869795482614	False
0.0026380270211944713	0.5472636815920398	0.19922828357073283	0.23949637406189392	17	7	18	7	12	ENSG00000136560	0.9819869795482614	False
0.0008706609586720071	0.5472636815920398	0.1885151900147856	0.1271419034196276	9	4	6	3	4	ENSG00000151498	0.9819869795482614	False
0.002042969240765809	0.5472636815920398	0.2035449916737121	0.15019433179241115	21	7	14	4	8	ENSG00000164253	0.9819869795482614	False
0.001007883656790885	0.5472636815920398	0.07685553198193928	0.09232853589196868	5	7	19	7	15	ENSG00000164902	0.9819869795482614	False
7.509896905416214e-07	0.5472636815920398	0.019739960069442668	0.002820469064569244	3	7	19	12	18	ENSG00000169100	0.9819869795482614	False
0.0028317277469287797	0.5472636815920398	0.271501253125089	0.16765046675848796	10	7	10	3	7	ENSG00000177030	0.9819869795482614	False
0.008410294120120856	0.5472636815920398	0.40936001265409494	0.46666846593976036	19	6	9	4	7	ENSG00000182150	0.9819869795482614	False
0.0012198647418310614	0.5472636815920398	0.09024390364545568	0.07916322386836021	5	7	16	8	12	ENSG00000182158	0.9819869795482614	False
0.0010152113578999415	0.5472636815920398	0.085083189902467	0.0687005649717514	3	7	8	3	5	ENSG00000182224	0.9819869795482614	False
0.0031078649922688167	0.5472636815920398	0.24123696583335374	0.19530859286201405	27	7	17	5	10	ENSG00000185359	0.9819869795482614	False
0.007244741414109822	0.5472636815920398	0.28463457906527845	0.1793941153697251	8	4	5	3	4	ENSG00000186501	0.9819869795482614	False
0.003577351657873221	0.5472636815920398	0.15567685753825955	0.17060530679933666	3	4	6	3	4	ENSG00000205593	0.9819869795482614	False
0.0034838673731127164	0.5472636815920398	0.27546459721798944	0.30811284845318504	17	6	14	4	9	ENSG00000221978	0.9819869795482614	False
0.0024763902204733455	0.5472636815920398	0.35608793589736343	0.36594490795921064	10	4	5	3	4	ENSG00000231535	0.9819869795482614	False
0.0006444755084526082	0.5472636815920398	0.06474226237832614	0.07340370924185952	5	4	4	3	4	ENSG00000238057	0.9819869795482614	False
0.0027900107568197665	0.5472636815920398	0.22482008451695235	0.240301724137931	6	7	15	4	10	ENSG00000240682	0.9819869795482614	False
0.008235096291610924	0.5522388059701493	0.13556828056429066	0.17630416277162989	12	7	14	4	9	ENSG00000006715	0.9819869795482614	False
0.00040313462149671984	0.5522388059701493	0.1663044320596776	0.10096553635775662	4	5	6	3	6	ENSG00000048392	0.9819869795482614	False
0.0005736129966161284	0.5522388059701493	0.1863232696505483	0.11537573009824831	3	7	13	5	10	ENSG00000095139	0.9819869795482614	False
0.0025157312459956308	0.5522388059701493	0.29111396681812457	0.23236127508854781	20	6	12	5	10	ENSG00000102575	0.9819869795482614	False
0.0052380846914994094	0.5522388059701493	0.18478938893891148	0.3269801696053043	11	7	19	9	15	ENSG00000110172	0.9819869795482614	False
0.0036009037282626086	0.5522388059701493	0.4762919272233469	0.4048516326634163	23	7	15	6	10	ENSG00000114126	0.9819869795482614	False
4.745654909445475e-05	0.5522388059701493	0.02536206775448839	0.01682066612313916	4	7	16	8	11	ENSG00000121410	0.9819869795482614	False
0.005898334804283126	0.5522388059701493	0.15593724499197137	0.2893013722029266	6	2	3	3	3	ENSG00000121413	0.9819869795482614	False
0.0033002751426567554	0.5522388059701493	0.14239871052523922	0.13679452147218565	5	7	11	3	7	ENSG00000133250	0.9819869795482614	False
0.004300415093312615	0.5522388059701493	0.22742401889358652	0.1817200683990693	16	7	14	4	11	ENSG00000134516	0.9819869795482614	False
0.009043922512887465	0.5522388059701493	0.22198147018296913	0.2702070835224279	22	7	17	7	12	ENSG00000141551	0.9819869795482614	False
0.0037081045574688483	0.5522388059701493	0.17503506198542107	0.15766775918578574	10	7	14	4	8	ENSG00000144559	0.9819869795482614	False
0.00398318106281654	0.5522388059701493	0.11971226490690093	0.13294213778933087	5	7	13	5	8	ENSG00000145439	0.9819869795482614	False
0.002328020697488592	0.5522388059701493	0.13465227829145426	0.16613953215319094	12	7	18	8	13	ENSG00000147535	0.9819869795482614	False
0.0031047263160042964	0.5522388059701493	0.29515773323073835	0.2566861139360203	18	5	6	3	5	ENSG00000154309	0.9819869795482614	False
0.0029667527482824924	0.5522388059701493	0.20512990652497723	0.15388324851240454	11	6	11	4	6	ENSG00000160218	0.9819869795482614	False
0.0003950810535831531	0.5522388059701493	0.26729935895348256	0.10138893873595804	12	7	12	5	8	ENSG00000166783	0.9819869795482614	False
0.0003435472939159175	0.5522388059701493	0.11346407460537891	0.33301057507926557	5	6	8	3	6	ENSG00000167703	0.9819869795482614	False
0.002288613742031621	0.5522388059701493	0.09057134517737558	0.13087739898198233	4	4	4	3	4	ENSG00000167740	0.9819869795482614	False
0.011210936702250403	0.5522388059701493	0.18043569500386938	0.18654038654038657	7	5	6	3	5	ENSG00000170892	0.9819869795482614	False
0.007400936488819343	0.5522388059701493	0.3947646839674704	0.3779861665336525	21	6	10	3	6	ENSG00000173039	0.9819869795482614	False
0.005843126554784089	0.5522388059701493	0.4308260887175183	0.32148692810457513	44	7	14	5	10	ENSG00000174365	0.9819869795482614	False
3.756951098141118e-05	0.5522388059701493	0.03899326479971637	0.050629699553296	2	7	18	7	13	ENSG00000177721	0.9819869795482614	False
0.0019235170314506277	0.5522388059701493	0.2222373352566132	0.331322638729743	24	7	12	5	10	ENSG00000184014	0.9819869795482614	False
0.00511062355729068	0.5522388059701493	0.32073932000058447	0.2977156067552212	16	7	10	4	6	ENSG00000184432	0.9819869795482614	False
0.0037098939818918635	0.5522388059701493	0.4731438487558438	0.32260061919504646	6	5	5	3	3	ENSG00000197062	0.9819869795482614	False
0.0006567411870365466	0.5522388059701493	0.1344601449170404	0.06826556375311814	7	7	19	9	17	ENSG00000242372	0.9819869795482614	False
0.001441575734272286	0.5522388059701493	0.11103382281750677	0.29798576045309466	6	7	17	8	12	ENSG00000242574	0.9819869795482614	False
0.002406899191263555	0.5522388059701493	0.2174961646882414	0.19204286918404884	23	6	9	3	8	ENSG00000263072	0.9819869795482614	False
0.005221632141001081	0.5522388059701493	0.0875612822586875	0.2512076240133969	5	7	9	3	7	ENSG00000274015	0.9819869795482614	False
0.0025061382777696404	0.5572139303482587	0.1710422392022322	0.08963008152840171	15	7	16	6	11	ENSG00000058600	0.9819869795482614	False
0.00013832427536770672	0.5572139303482587	0.017636684303350962	0.03816793893129771	5	4	4	3	3	ENSG00000075303	0.9819869795482614	False
0.02454676186652841	0.5572139303482587	0.15943731428484606	0.2792162214856697	4	2	3	3	3	ENSG00000089692	0.9819869795482614	False
0.007977021981162128	0.5572139303482587	0.4620999195610923	0.42898476557886867	8	6	10	3	6	ENSG00000100376	0.9819869795482614	False
0.0064372262233323724	0.5572139303482587	0.27202562538133007	0.29784199221372	12	2	3	3	3	ENSG00000102974	0.9819869795482614	False
0.006281399196450885	0.5572139303482587	0.3658796168480761	0.394978354978355	33	6	7	3	4	ENSG00000103197	0.9819869795482614	False
0.00018466582337193848	0.5572139303482587	0.03580632702018298	0.04377197211350519	8	7	19	13	18	ENSG00000112695	0.9819869795482614	False
0.0046821869606008875	0.5572139303482587	0.16101373694422869	0.19843608534481283	8	7	15	5	9	ENSG00000113643	0.9819869795482614	False
0.00039730536919601694	0.5572139303482587	0.08058613964934608	0.1602255231296802	3	7	16	6	11	ENSG00000114520	0.9819869795482614	False
0.0009063481849211864	0.5572139303482587	0.16214866706336634	0.11825072886297378	9	7	13	3	8	ENSG00000116857	0.9819869795482614	False
0.003832881508915925	0.5572139303482587	0.2237756769602689	0.2131723192874272	6	7	12	3	9	ENSG00000119720	0.9819869795482614	False
0.002084433216950307	0.5572139303482587	0.10901452228647325	0.16831393776108822	20	7	17	8	13	ENSG00000124299	0.9819869795482614	False
0.0002207519099312	0.5572139303482587	0.053521952219722196	0.07447222468081216	13	7	19	13	17	ENSG00000133872	0.9819869795482614	False
0.008296571971327039	0.5572139303482587	0.21189821910937018	0.269531595227574	8	5	9	4	7	ENSG00000134077	0.9819869795482614	False
0.00204244156824095	0.5572139303482587	0.29637966438884433	0.3055555555555555	4	7	17	3	10	ENSG00000136146	0.9819869795482614	False
0.0024701714678397498	0.5572139303482587	0.21342650283248832	0.20720736152602293	9	7	16	6	10	ENSG00000137965	0.9819869795482614	False
0.000549817406999547	0.5572139303482587	0.08820294941938182	0.06311445285468381	18	7	19	11	15	ENSG00000143575	0.9819869795482614	False
3.327930303428203e-05	0.5572139303482587	0.04562067183382808	0.05350853054485416	8	6	12	3	7	ENSG00000143797	0.9819869795482614	False
0.0036606342128687264	0.5572139303482587	0.2113767346171656	0.14795918367346939	3	5	7	3	5	ENSG00000145996	0.9819869795482614	False
0.00011756671939633098	0.5572139303482587	0.07774587872584543	0.029178414491628054	4	7	19	7	16	ENSG00000147155	0.9819869795482614	False
0.002091185754305425	0.5572139303482587	0.14296824341935988	0.181041181041181	3	4	4	3	3	ENSG00000153487	0.9819869795482614	False
0.0018695287328079101	0.5572139303482587	0.1571756181675108	0.17506658231604924	13	6	13	5	8	ENSG00000158636	0.9819869795482614	False
0.00045343648707715296	0.5572139303482587	0.1735147400474182	0.22423058968806983	5	7	11	3	7	ENSG00000160712	0.9819869795482614	False
0.002457125941398685	0.5572139303482587	0.33517028210703936	0.20977862426131993	6	7	9	3	7	ENSG00000161791	0.9819869795482614	False
0.0007989183623730684	0.5572139303482587	0.1320961094359986	0.07938809178623207	4	6	6	3	5	ENSG00000162769	0.9819869795482614	False
0.001265959582452028	0.5572139303482587	0.16818625729551945	0.09429526366609044	7	7	19	10	16	ENSG00000163527	0.9819869795482614	False
0.00025072209972023927	0.5572139303482587	0.110997925928525	0.11853635694695294	11	7	12	5	9	ENSG00000164211	0.9819869795482614	False
0.0031765770672056086	0.5572139303482587	0.16353196684079047	0.23434532049837412	2	3	4	3	4	ENSG00000165879	0.9819869795482614	False
0.0010900191831880173	0.5572139303482587	0.11209040098670807	0.06740320908595968	5	7	18	7	15	ENSG00000168101	0.9819869795482614	False
8.635587466366838e-05	0.5572139303482587	0.05553150996233014	0.03658182161425021	12	7	18	7	14	ENSG00000170035	0.9819869795482614	False
0.0008631888283052253	0.5572139303482587	0.19433277360169726	0.19415735200267906	29	7	19	11	17	ENSG00000173575	0.9819869795482614	False
0.002884675868822838	0.5572139303482587	0.2752863962017603	0.12581927581390348	6	3	5	3	4	ENSG00000174177	0.9819869795482614	False
0.00404784068075034	0.5572139303482587	0.2725819703070532	0.16552054248105305	4	7	13	3	9	ENSG00000175931	0.9819869795482614	False
0.006729641747004147	0.5572139303482587	0.21266006968056514	0.20070422535211274	7	6	10	3	7	ENSG00000176371	0.9819869795482614	False
0.0012949890313289328	0.5572139303482587	0.10730527423555106	0.23233055454874957	6	2	3	3	3	ENSG00000181852	0.9819869795482614	False
0.0029697000663139158	0.5572139303482587	0.22795093654567303	0.2667213977027181	13	7	14	5	10	ENSG00000198625	0.9819869795482614	False
0.0023495536264383733	0.5572139303482587	0.11108829090890224	0.08409758436732007	2	4	4	3	4	ENSG00000204272	0.9819869795482614	False
2.423392099206571e-05	0.5572139303482587	0.009828904259191883	0.012944983818770205	2	4	5	3	4	ENSG00000254452	0.9819869795482614	False
0.00030835151313448635	0.5621890547263682	0.12811430247819902	0.062320546983123636	14	7	14	4	9	ENSG00000054983	0.9819869795482614	False
0.005701248042479113	0.5621890547263682	0.3204520784235904	0.23373337189126658	13	7	8	3	5	ENSG00000070269	0.9819869795482614	False
0.013346311469731977	0.5621890547263682	0.18183871051765743	0.27595816640247556	9	6	8	3	5	ENSG00000086504	0.9819869795482614	False
0.0036972120253543164	0.5621890547263682	0.31175363693802305	0.3970669618151632	11	5	8	3	5	ENSG00000087111	0.9819869795482614	False
0.003260377364670424	0.5621890547263682	0.16390453202208913	0.1769521723983477	4	5	7	3	6	ENSG00000089248	0.9819869795482614	False
0.0003315333949601733	0.5621890547263682	0.25	0.253416149068323	6	7	8	4	7	ENSG00000090857	0.9819869795482614	False
5.700572833039489e-07	0.5621890547263682	0.0037453183520599854	0.0036630036630036565	2	6	6	3	4	ENSG00000099985	0.9819869795482614	False
0.0026121292590001967	0.5621890547263682	0.1322820100918285	0.15902123379796995	6	7	17	5	11	ENSG00000100764	0.9819869795482614	False
0.0028776455165398134	0.5621890547263682	0.19812689930614463	0.15197515354550534	5	6	9	3	7	ENSG00000101052	0.9819869795482614	False
0.00012176726475869048	0.5621890547263682	0.08867126412512376	0.06476376385730653	14	7	19	9	15	ENSG00000103657	0.9819869795482614	False
0.008239109883353432	0.5621890547263682	0.4731677324716457	0.5625357489342474	52	7	9	3	7	ENSG00000104218	0.9819869795482614	False
1.160581959483636e-05	0.5621890547263682	0.006723247157174423	0.015265129357639235	8	7	19	13	19	ENSG00000105372	0.9819869795482614	False
0.0015876737208623895	0.5621890547263682	0.14016854581830648	0.15655911867301758	30	7	19	8	16	ENSG00000107521	0.9819869795482614	False
0.0008544860020187647	0.5621890547263682	0.1022922658097396	0.10295724178816192	5	7	18	8	16	ENSG00000108961	0.9819869795482614	False
0.0018780474640544592	0.5621890547263682	0.12819224746072008	0.13753501400560228	17	7	16	5	13	ENSG00000109065	0.9819869795482614	False
0.00037734637089142497	0.5621890547263682	0.11101822832050862	0.07047297297297302	3	5	10	5	6	ENSG00000115520	0.9819869795482614	False
0.003316505655047964	0.5621890547263682	0.261380336778185	0.17628890472796388	5	6	11	3	8	ENSG00000116830	0.9819869795482614	False
0.0007082034650467919	0.5621890547263682	0.23449412254182875	0.4348103376963002	10	2	3	3	3	ENSG00000123358	0.9819869795482614	False
0.006626400654665319	0.5621890547263682	0.21288778847649129	0.19491609706701385	14	7	14	4	9	ENSG00000127948	0.9819869795482614	False
2.5161275102728316e-05	0.5621890547263682	0.021379420150900327	0.01241122156237194	2	7	19	8	15	ENSG00000129355	0.9819869795482614	False
0.005226313456973945	0.5621890547263682	0.41590309897340033	0.46010752688172046	13	4	7	3	5	ENSG00000134352	0.9819869795482614	False
0.0012279709726941623	0.5621890547263682	0.20631972998298295	0.1688072481083234	19	7	18	7	16	ENSG00000135968	0.9819869795482614	False
0.0012947278057263572	0.5621890547263682	0.1385460317848429	0.12579194935904803	5	7	15	6	9	ENSG00000136827	0.9819869795482614	False
0.0011215215230305576	0.5621890547263682	0.4810945115187566	0.3937397842432167	8	7	11	3	7	ENSG00000139990	0.9819869795482614	False
0.0018843585519410554	0.5621890547263682	0.23316243380608243	0.1815481217622066	9	7	18	7	14	ENSG00000140307	0.9819869795482614	False
0.0025415506988555525	0.5621890547263682	0.23718020644799978	0.23491225093503101	9	7	16	5	10	ENSG00000147439	0.9819869795482614	False
0.0013076683594915204	0.5621890547263682	0.21503847875385665	0.18650121239881992	8	7	9	4	8	ENSG00000147894	0.9819869795482614	False
0.00026261015416152484	0.5621890547263682	0.07239271497107884	0.05013947616818483	7	7	18	7	13	ENSG00000148341	0.9819869795482614	False
0.0041930572033405805	0.5621890547263682	0.1713976719371224	0.2057642160449354	9	7	19	12	17	ENSG00000160201	0.9819869795482614	False
0.0006726832530468333	0.5621890547263682	0.10505465613872568	0.09724088105149836	19	7	15	5	10	ENSG00000160410	0.9819869795482614	False
0.0005636050067482282	0.5621890547263682	0.08395288921604713	0.08963585434173671	2	6	6	3	4	ENSG00000167114	0.9819869795482614	False
1.2877735395804897e-06	0.5621890547263682	0.012998129267325163	0.0023233520845478183	3	7	19	11	17	ENSG00000171314	0.9819869795482614	False
9.878053421626096e-05	0.5621890547263682	0.025390364733504832	0.024390243902439036	2	6	11	3	9	ENSG00000171813	0.9819869795482614	False
0.000507903191570607	0.5621890547263682	0.168853608449253	0.06444715487628816	6	7	12	3	8	ENSG00000173598	0.9819869795482614	False
0.006248488067834616	0.5621890547263682	0.11747392662733891	0.15926936957182705	10	7	12	5	8	ENSG00000185122	0.9819869795482614	False
0.005359619424540184	0.5621890547263682	0.4337980980372284	0.3538461538461538	25	5	8	3	5	ENSG00000198836	0.9819869795482614	False
0.00015194272891330132	0.5621890547263682	0.06824041476583448	0.059659090909090925	3	7	13	3	9	ENSG00000237649	0.9819869795482614	False
0.005338655439349067	0.5621890547263682	0.35082232289896464	0.5084475326513542	9	6	9	3	7	ENSG00000238083	0.9819869795482614	False
0.0008471815807935454	0.5671641791044776	0.10980395029836507	0.061898601613996226	8	7	19	10	17	ENSG00000010256	0.9819869795482614	False
0.007879306553911716	0.5671641791044776	0.19501735915920732	0.19735542065033054	2	7	17	5	13	ENSG00000014123	0.9819869795482614	False
0.0002193069640657706	0.5671641791044776	0.04385612922039672	0.04533602914850152	8	7	15	5	10	ENSG00000034152	0.9819869795482614	False
0.0010343591093999302	0.5671641791044776	0.15590530699797697	0.110891831226253	8	7	14	5	8	ENSG00000070882	0.9819869795482614	False
2.0050627601250208e-05	0.5671641791044776	0.014062902237885208	0.01333333333333334	4	7	16	4	11	ENSG00000101444	0.9819869795482614	False
0.003436676031999311	0.5671641791044776	0.14171181542414635	0.18449849270963642	5	5	7	4	5	ENSG00000102781	0.9819869795482614	False
2.0742116769749197e-06	0.5671641791044776	0.008525557084341119	0.007273007568662206	5	7	18	9	15	ENSG00000108561	0.9819869795482614	False
0.0006202111592554557	0.5671641791044776	0.13254491769350554	0.08177493828388116	16	7	18	10	15	ENSG00000111481	0.9819869795482614	False
2.2242925748883877e-05	0.5671641791044776	0.0060975609756098136	0.012891344383057075	3	3	4	3	4	ENSG00000111671	0.9819869795482614	False
0.002190060071215069	0.5671641791044776	0.08710317460317456	0.059449760765550225	3	3	4	3	4	ENSG00000115568	0.9819869795482614	False
1.882893556780255e-05	0.5671641791044776	0.016655575433493885	0.010869565217391328	5	7	17	7	13	ENSG00000118680	0.9819869795482614	False
0.012750481814108018	0.5671641791044776	0.2718261342881291	0.29259259259259257	16	3	4	3	3	ENSG00000121897	0.9819869795482614	False
0.0021044620727235733	0.5671641791044776	0.26209668059829394	0.36796593511129067	39	7	19	7	11	ENSG00000130816	0.9819869795482614	False
0.00040519865005649296	0.5671641791044776	0.041778092370068146	0.05327504495100304	14	7	19	13	19	ENSG00000133112	0.9819869795482614	False
0.00376755534076124	0.5671641791044776	0.21923638379463972	0.22764227642276424	6	6	7	3	5	ENSG00000134287	0.9819869795482614	False
0.001813242869159249	0.5671641791044776	0.14818790547146413	0.18040858018386108	6	6	9	3	5	ENSG00000138073	0.9819869795482614	False
0.0008458676624781606	0.5671641791044776	0.14362252970040584	0.16743697478991595	13	7	13	4	9	ENSG00000140553	0.9819869795482614	False
0.005993041835901227	0.5671641791044776	0.3511594380002088	0.3689544091986935	20	7	10	3	6	ENSG00000143224	0.9819869795482614	False
0.018940359666230012	0.5671641791044776	0.23928979666649774	0.26043485719564174	5	4	6	3	5	ENSG00000145817	0.9819869795482614	False
0.002994696552364464	0.5671641791044776	0.22254781142871585	0.3355572644203519	19	7	15	6	12	ENSG00000147162	0.9819869795482614	False
0.00017389297829457993	0.5671641791044776	0.07295021873006469	0.05541120842293789	5	7	12	4	6	ENSG00000149930	0.9819869795482614	False
0.002300300700241177	0.5671641791044776	0.19009223018371035	0.13608436355965353	8	5	8	4	5	ENSG00000150477	0.9819869795482614	False
0.0005733918997919546	0.5671641791044776	0.09385539890034106	0.06611220354987835	7	7	16	6	10	ENSG00000159461	0.9819869795482614	False
0.006154302805842469	0.5671641791044776	0.13911745063637485	0.23735167236900828	10	7	18	9	15	ENSG00000162300	0.9819869795482614	False
0.003819794837893275	0.5671641791044776	0.3932147167815104	0.39029575052112353	16	7	16	4	11	ENSG00000163939	0.9819869795482614	False
0.003137538436286356	0.5671641791044776	0.1818170479573943	0.1306187424071048	4	5	8	3	6	ENSG00000166507	0.9819869795482614	False
4.389376636815903e-05	0.5671641791044776	0.04829643543593316	0.013771352810990619	6	7	19	12	17	ENSG00000166595	0.9819869795482614	False
0.002967869964319616	0.5671641791044776	0.207315400195249	0.1899119085141633	11	7	16	6	10	ENSG00000167468	0.9819869795482614	False
0.004077719117202484	0.5671641791044776	0.38557787698412693	0.2036111111111111	5	5	5	3	4	ENSG00000170471	0.9819869795482614	False
0.0030219301615086024	0.5671641791044776	0.15136272895708042	0.11198254523395765	7	7	19	9	16	ENSG00000173786	0.9819869795482614	False
0.00017365928781230751	0.5671641791044776	0.02739934834526153	0.03745318352059922	4	7	12	4	7	ENSG00000175213	0.9819869795482614	False
1.9454035734891954e-07	0.5671641791044776	0.0034883720930232367	0.0024888003982080583	4	7	19	10	17	ENSG00000177105	0.9819869795482614	False
0.0032670727799517557	0.5671641791044776	0.19829963424410493	0.1473605307704506	16	7	18	7	13	ENSG00000177830	0.9819869795482614	False
0.004305658066378729	0.5671641791044776	0.2685607104938022	0.2412725525782001	6	5	8	3	5	ENSG00000182552	0.9819869795482614	False
4.0050720797917336e-05	0.5671641791044776	0.03280689400599006	0.01307195867795875	2	7	18	8	14	ENSG00000184076	0.9819869795482614	False
0.0013037497344010646	0.5671641791044776	0.0732426467081651	0.0645231501135437	2	7	16	5	11	ENSG00000184967	0.9819869795482614	False
6.827685640853665e-07	0.5671641791044776	0.0025888730029051455	0.001795755241674154	7	7	19	13	19	ENSG00000186010	0.9819869795482614	False
0.0009489150867020647	0.5671641791044776	0.2106649978189029	0.10178257042253519	7	6	7	3	5	ENSG00000196705	0.9819869795482614	False
0.000128915058513715	0.5671641791044776	0.044066205491456	0.02332113492704721	3	7	18	9	14	ENSG00000197976	0.9819869795482614	False
0.0013561767119679628	0.5671641791044776	0.16612698571419215	0.13203722166832832	3	3	4	3	3	ENSG00000229124	0.9819869795482614	False
0.002165554113522102	0.5671641791044776	0.4145675589565145	0.47311552423660047	25	7	17	7	13	ENSG00000231607	0.9819869795482614	False
0.004174826199107501	0.5671641791044776	0.18421672400646058	0.21613383829767877	11	7	14	4	10	ENSG00000255857	0.9819869795482614	False
0.007335616357843333	0.5671641791044776	0.22821781085136855	0.26754358210435764	18	5	8	3	5	ENSG00000291093	0.9819869795482614	False
0.0035928549721210372	0.572139303482587	0.1788426718295142	0.22544921353579267	23	7	11	5	8	ENSG00000004487	0.9819869795482614	False
2.6635217633472636e-05	0.572139303482587	0.032372674592548	0.01116610439670017	8	7	19	12	17	ENSG00000042753	0.9819869795482614	False
0.0038712856747946302	0.572139303482587	0.09563574668258235	0.10706045223811723	6	3	4	3	3	ENSG00000064651	0.9819869795482614	False
0.010021384991753396	0.572139303482587	0.17223004430084118	0.32069225696274345	5	7	16	6	12	ENSG00000065518	0.9819869795482614	False
0.005626833920402141	0.572139303482587	0.25854342060395075	0.2963638348984494	25	7	17	6	11	ENSG00000077097	0.9819869795482614	False
0.0017847648894873513	0.572139303482587	0.19023170630531072	0.12544979726957237	10	7	17	6	12	ENSG00000084754	0.9819869795482614	False
0.015836897813708888	0.572139303482587	0.35427422818727167	0.46086717515288944	8	5	7	3	5	ENSG00000103245	0.9819869795482614	False
0.0003483236771866168	0.572139303482587	0.09619520221682376	0.047889763699251284	14	7	19	8	16	ENSG00000108523	0.9819869795482614	False
0.0011116647222819268	0.572139303482587	0.10281019608873061	0.13909803245397245	3	6	11	4	6	ENSG00000110104	0.9819869795482614	False
0.0009521406472452968	0.572139303482587	0.09480156846856644	0.1254120290586409	6	7	18	7	11	ENSG00000110107	0.9819869795482614	False
0.001909229083847885	0.572139303482587	0.12636597635210434	0.1318195672051204	9	7	16	5	10	ENSG00000112282	0.9819869795482614	False
0.0019440277937873907	0.572139303482587	0.20871812237160214	0.19417562724014334	23	7	17	4	10	ENSG00000116977	0.9819869795482614	False
0.004807142508103991	0.572139303482587	0.4426754371697926	0.41582311142868483	5	7	11	3	11	ENSG00000120742	0.9819869795482614	False
0.008421697754847976	0.572139303482587	0.20177208610289019	0.2714739146040214	6	7	13	3	8	ENSG00000124444	0.9819869795482614	False
0.002887364990487469	0.572139303482587	0.2060384327172545	0.1262894008156622	3	7	13	5	11	ENSG00000127334	0.9819869795482614	False
0.0003665277026358485	0.572139303482587	0.08684800038999288	0.021604522815991366	4	5	5	3	4	ENSG00000134046	0.9819869795482614	False
0.007319037788183081	0.572139303482587	0.1913352502886383	0.172034148264332	19	7	15	5	10	ENSG00000134905	0.9819869795482614	False
0.008882991300086634	0.572139303482587	0.1990719847184805	0.232987338374122	8	5	7	3	5	ENSG00000135912	0.9819869795482614	False
0.004304524441892764	0.572139303482587	0.18096523478577134	0.2140972222222222	10	3	4	3	4	ENSG00000137492	0.9819869795482614	False
0.00115471603856786	0.572139303482587	0.14910719923168475	0.05319847770703503	5	7	18	7	12	ENSG00000137996	0.9819869795482614	False
0.004955870653719753	0.572139303482587	0.12071448445795557	0.16959157796034055	3	7	15	5	10	ENSG00000139921	0.9819869795482614	False
0.00010312444282031728	0.572139303482587	0.19078293722619707	0.080501083999931	7	7	14	6	11	ENSG00000142327	0.9819869795482614	False
1.141910101638234e-05	0.572139303482587	0.02636620068502514	0.008548064011826765	14	7	19	13	19	ENSG00000145741	0.9819869795482614	False
0.010911881854598208	0.572139303482587	0.24938707046734032	0.2554897385268952	5	6	8	3	6	ENSG00000153551	0.9819869795482614	False
0.0015584269059209619	0.572139303482587	0.26798256289946576	0.11026246776046295	6	6	8	3	6	ENSG00000165392	0.9819869795482614	False
0.0027938650082074746	0.572139303482587	0.12144211753899321	0.10740025740025738	3	7	13	3	8	ENSG00000168566	0.9819869795482614	False
1.1323203643652196e-06	0.572139303482587	0.0008445945945946111	0.002036659877800423	2	5	7	4	5	ENSG00000169957	0.9819869795482614	False
6.738557385338323e-06	0.572139303482587	0.018912050994917648	0.00785789007187523	7	7	18	9	14	ENSG00000187446	0.9819869795482614	False
0.004531822135363563	0.5771144278606966	0.34800160461080004	0.4480271418267304	20	7	14	3	8	ENSG00000031823	0.9819869795482614	False
0.0004210724953637086	0.5771144278606966	0.1631422975639893	0.13894476821531895	9	7	19	9	17	ENSG00000057608	0.9819869795482614	False
0.0055197889657971	0.5771144278606966	0.2766020445513176	0.26829980532121994	12	6	11	3	7	ENSG00000064995	0.9819869795482614	False
0.0003371332793752585	0.5771144278606966	0.10530969244631186	0.048582708105385654	10	7	19	8	14	ENSG00000088247	0.9819869795482614	False
0.0006970439595519046	0.5771144278606966	0.02771414029713079	0.05345064468399911	3	3	4	3	4	ENSG00000096654	0.9819869795482614	False
0.0013359872420873756	0.5771144278606966	0.09115270405997508	0.20088304374218469	3	7	19	10	17	ENSG00000112308	0.9819869795482614	False
0.002944286851207557	0.5771144278606966	0.20621833601464715	0.2026172010340876	19	7	13	4	9	ENSG00000115694	0.9819869795482614	False
0.0015743070989854533	0.5771144278606966	0.26492302642738846	0.3506149276235629	26	7	16	7	14	ENSG00000120071	0.9819869795482614	False
0.0053417736814514866	0.5771144278606966	0.23003000683779526	0.2249924277534696	31	7	19	7	12	ENSG00000120699	0.9819869795482614	False
0.00024127345362663156	0.5771144278606966	0.045953017462135745	0.04841300900084452	10	7	11	3	6	ENSG00000121864	0.9819869795482614	False
0.0004893336539599694	0.5771144278606966	0.06885989819830027	0.07140032057286791	3	5	6	3	5	ENSG00000129465	0.9819869795482614	False
9.230461891507974e-05	0.5771144278606966	0.02898724929380552	0.02682206472563636	3	3	5	4	4	ENSG00000130818	0.9819869795482614	False
6.034763575608179e-05	0.5771144278606966	0.043211315753680014	0.02806917906830365	9	7	17	7	13	ENSG00000136040	0.9819869795482614	False
9.709566889783512e-08	0.5771144278606966	0.00017889087656530132	0.0005420054200542131	2	7	19	6	15	ENSG00000141858	0.9819869795482614	False
0.003778936278283684	0.5771144278606966	0.22788597086955284	0.27647380333856325	7	7	13	5	9	ENSG00000143924	0.9819869795482614	False
0.007851765469188752	0.5771144278606966	0.18596220886723913	0.23457186108904504	12	7	16	3	11	ENSG00000144048	0.9819869795482614	False
0.004032651742501128	0.5771144278606966	0.15077449747272967	0.19556746916518444	10	7	18	6	13	ENSG00000146963	0.9819869795482614	False
0.0006317795007046672	0.5771144278606966	0.25348392927482644	0.579215024446194	10	7	19	6	13	ENSG00000147454	0.9819869795482614	False
0.0028850735628833005	0.5771144278606966	0.26333649889205446	0.19215409913084328	6	7	10	3	6	ENSG00000148719	0.9819869795482614	False
0.0008278352489354947	0.5771144278606966	0.1552361068448842	0.08034188034188035	5	3	4	3	4	ENSG00000163617	0.9819869795482614	False
0.0016366434340421576	0.5771144278606966	0.18824744625219478	0.14952173183420037	3	7	10	3	5	ENSG00000164087	0.9819869795482614	False
0.002219046102382309	0.5771144278606966	0.32400582494125496	0.4196449309087441	6	7	14	4	8	ENSG00000166428	0.9819869795482614	False
0.00567290199999034	0.5771144278606966	0.1581554206229296	0.15945481527766936	3	7	13	4	9	ENSG00000171262	0.9819869795482614	False
0.0003777437543378872	0.5771144278606966	0.10919526593538303	0.11884391429389712	60	7	19	9	16	ENSG00000172965	0.9819869795482614	False
0.007231438687100558	0.5771144278606966	0.2700416661623557	0.48998960723179796	8	5	7	3	4	ENSG00000173327	0.9819869795482614	False
0.004658913061835952	0.5771144278606966	0.2292936117936118	0.2616746869860397	7	6	11	4	6	ENSG00000173653	0.9819869795482614	False
0.000745327100007495	0.5771144278606966	0.04936475987351533	0.0780415514162257	4	7	18	7	15	ENSG00000178307	0.9819869795482614	False
0.005123523204075369	0.5771144278606966	0.3418929262767779	0.5124905095204798	8	6	11	4	9	ENSG00000179344	0.9819869795482614	False
0.007039218353044717	0.5771144278606966	0.1230756312859859	0.1846530284797433	5	7	12	4	8	ENSG00000188428	0.9819869795482614	False
0.002470121411409006	0.5771144278606966	0.135807294121979	0.1376763307103428	2	7	15	7	12	ENSG00000196396	0.9819869795482614	False
0.01001680409901622	0.5771144278606966	0.3083598947391612	0.2614197031039136	10	7	15	4	8	ENSG00000196923	0.9819869795482614	False
0.0001510335473510641	0.5771144278606966	0.057664722466356025	0.03863214228435463	9	7	19	11	17	ENSG00000198931	0.9819869795482614	False
0.0027275413121261288	0.5771144278606966	0.1432207469324696	0.11666766570845527	6	7	19	9	16	ENSG00000211450	0.9819869795482614	False
0.0029759428617541404	0.5771144278606966	0.17198738724967158	0.18110525902902325	8	7	12	5	8	ENSG00000213047	0.9819869795482614	False
0.004329811752800587	0.5771144278606966	0.35411061158591217	0.28378755279305135	10	7	11	3	8	ENSG00000213923	0.9819869795482614	False
3.1718560138639216e-06	0.5771144278606966	0.014748140861521472	0.008105695028069654	8	7	19	12	18	ENSG00000241553	0.9819869795482614	False
0.012854292105908747	0.5771144278606966	0.2783801083558447	0.3456140350877193	9	7	9	3	7	ENSG00000290770	0.9819869795482614	False
7.70077744876276e-05	0.582089552238806	0.15383325992489352	0.07322290753159622	32	7	17	7	12	ENSG00000008517	0.9819869795482614	False
0.00016279068105348732	0.582089552238806	0.10982218421266356	0.03739022652663008	11	7	19	7	14	ENSG00000010292	0.9819869795482614	False
0.004145884634750127	0.582089552238806	0.10068455630116693	0.1330276033220504	4	7	19	8	15	ENSG00000023572	0.9819869795482614	False
0.0003008766269726132	0.582089552238806	0.04174733418250748	0.02924168693379405	4	7	19	13	17	ENSG00000062582	0.9819869795482614	False
0.002029661569183125	0.582089552238806	0.25482909200281134	0.33586038913398614	13	7	14	4	9	ENSG00000066933	0.9819869795482614	False
0.004811886064795365	0.582089552238806	0.27677576380888075	0.33996239965072655	19	7	16	5	11	ENSG00000077380	0.9819869795482614	False
0.0002862820028835854	0.582089552238806	0.10688422679714951	0.11277574129998322	3	7	16	7	12	ENSG00000077420	0.9819869795482614	False
0.0036514475788000118	0.582089552238806	0.17670925006483298	0.13448683459688596	7	7	11	3	7	ENSG00000078967	0.9819869795482614	False
0.0022200296572436914	0.582089552238806	0.2006863002691701	0.17681870669745958	9	4	5	3	4	ENSG00000099204	0.9819869795482614	False
4.183309928085282e-08	0.582089552238806	0.0038917202673460927	0.001779949920053122	3	7	19	9	16	ENSG00000101439	0.9819869795482614	False
0.002613693418084366	0.582089552238806	0.16616003001516794	0.12136477814305277	12	7	14	6	10	ENSG00000104907	0.9819869795482614	False
0.00045590632049539374	0.582089552238806	0.12053081290525618	0.0666440473439614	33	7	19	11	17	ENSG00000108654	0.9819869795482614	False
0.00028293564978579635	0.582089552238806	0.08829492189383821	0.07509257118947579	5	7	18	8	13	ENSG00000111145	0.9819869795482614	False
0.0003093116778774064	0.582089552238806	0.1505919753949975	0.1401213335395118	6	7	19	9	14	ENSG00000115306	0.9819869795482614	False
3.390978529653615e-06	0.582089552238806	0.013889338940972133	0.006199175039741425	3	7	19	11	18	ENSG00000118640	0.9819869795482614	False
0.0001529053355697411	0.582089552238806	0.0547677587531795	0.029528776121435483	9	7	19	12	17	ENSG00000119655	0.9819869795482614	False
0.0019003387060350298	0.582089552238806	0.10943380249981303	0.10500216127947745	11	7	19	8	15	ENSG00000121741	0.9819869795482614	False
0.0004657716238791201	0.582089552238806	0.05656422774977383	0.06613329190616747	7	7	19	7	13	ENSG00000125503	0.9819869795482614	False
0.0020608234986724838	0.582089552238806	0.25221875494436063	0.21503778004990204	6	7	18	8	12	ENSG00000132207	0.9819869795482614	False
0.0073045692522173515	0.582089552238806	0.32838191213502804	0.3038759689922481	19	7	8	3	6	ENSG00000135316	0.9819869795482614	False
0.002264181784669771	0.582089552238806	0.160169461541415	0.18300656642188284	9	7	17	6	12	ENSG00000139168	0.9819869795482614	False
0.0030414147467174002	0.582089552238806	0.2981369801461984	0.25061462975204196	8	7	13	4	10	ENSG00000139626	0.9819869795482614	False
0.0001060440138666711	0.582089552238806	0.0409798141459176	0.03127453979327218	11	7	16	6	12	ENSG00000141959	0.9819869795482614	False
0.00011508722880616257	0.582089552238806	0.05708838025132289	0.1163204731830594	7	7	19	13	19	ENSG00000142937	0.9819869795482614	False
0.0015097301985493156	0.582089552238806	0.24265846229103025	0.1587254367263292	8	7	14	3	9	ENSG00000143771	0.9819869795482614	False
0.0015885289118438464	0.582089552238806	0.15369789534303752	0.14366625224478521	3	7	13	4	8	ENSG00000160993	0.9819869795482614	False
0.0001856317550318775	0.582089552238806	0.032530004157482036	0.03788875849279704	6	7	19	10	17	ENSG00000163634	0.9819869795482614	False
0.00781048072483143	0.582089552238806	0.37638597423039266	0.3283699359932544	20	7	19	6	13	ENSG00000165792	0.9819869795482614	False
0.017835138826102707	0.582089552238806	0.3897445553834384	0.32428311837964807	6	7	13	4	9	ENSG00000167671	0.9819869795482614	False
0.002160587008272045	0.582089552238806	0.2726644907430757	0.19463087248322147	8	5	9	5	6	ENSG00000168234	0.9819869795482614	False
6.475055574248003e-05	0.582089552238806	0.050094665771081806	0.033403323633831986	12	7	19	13	19	ENSG00000170889	0.9819869795482614	False
4.928747872167881e-05	0.582089552238806	0.0370371895389634	0.018712937437654446	2	7	19	10	16	ENSG00000179091	0.9819869795482614	False
9.369725778274024e-05	0.582089552238806	0.06302083333333332	0.027149321266968333	3	6	8	3	6	ENSG00000197714	0.9819869795482614	False
0.0004120295410428113	0.582089552238806	0.14099723573651712	0.06975335347638911	8	7	19	6	12	ENSG00000198176	0.9819869795482614	False
0.006385652119097232	0.582089552238806	0.26843541058855036	0.23756720430107525	12	7	12	4	9	ENSG00000206560	0.9819869795482614	False
0.011040003575195308	0.5870646766169154	0.2034430228831144	0.252178712496287	18	7	17	7	14	ENSG00000007392	0.9819869795482614	False
0.0016450435803160711	0.5870646766169154	0.20045357932066576	0.2305129004567459	19	7	19	9	16	ENSG00000067066	0.9819869795482614	False
0.014823725460304717	0.5870646766169154	0.3200718145571087	0.33333333333333337	20	3	4	3	4	ENSG00000068912	0.9819869795482614	False
6.283972858678323e-05	0.5870646766169154	0.020088551790088945	0.017352345332709948	8	7	18	9	16	ENSG00000074319	0.9819869795482614	False
0.0002989905353665346	0.5870646766169154	0.09523809523809523	0.10455475395714442	3	4	6	3	5	ENSG00000090376	0.9819869795482614	False
0.004255617599349736	0.5870646766169154	0.26239698907356557	0.17879132329260208	12	7	15	5	11	ENSG00000100554	0.9819869795482614	False
0.002929468313535356	0.5870646766169154	0.12218891802225137	0.15175653594771243	3	7	7	3	5	ENSG00000100601	0.9819869795482614	False
5.174964568448763e-05	0.5870646766169154	0.039129620530713255	0.0198757763975155	5	7	13	5	9	ENSG00000102978	0.9819869795482614	False
0.00704318925300342	0.5870646766169154	0.25369915815403216	0.30251678815359007	22	7	13	3	8	ENSG00000103121	0.9819869795482614	False
0.0039214328835508894	0.5870646766169154	0.19773770751332992	0.18951548565615703	11	7	19	5	14	ENSG00000105576	0.9819869795482614	False
7.715280626527888e-06	0.5870646766169154	0.0034012635111647844	0.00831024930747924	4	7	10	4	7	ENSG00000105738	0.9819869795482614	False
1.6256685233982208e-05	0.5870646766169154	0.003012048192771103	0.008620689655172395	2	5	7	4	5	ENSG00000107185	0.9819869795482614	False
0.0012694475338795959	0.5870646766169154	0.2037617702397631	0.19711056421474793	9	7	14	4	10	ENSG00000114626	0.9819869795482614	False
0.0015937222035632775	0.5870646766169154	0.17526390722939353	0.16339867310261394	23	7	19	8	17	ENSG00000115053	0.9819869795482614	False
0.0028869926178082144	0.5870646766169154	0.14787150503076227	0.14426236863061792	14	5	6	3	4	ENSG00000131748	0.9819869795482614	False
1.5349446549458505e-06	0.5870646766169154	0.023064163469128783	0.0058240907130284745	13	7	19	13	19	ENSG00000134419	0.9819869795482614	False
0.0010396055885564953	0.5870646766169154	0.14865598973292246	0.14760698968884023	9	7	18	8	12	ENSG00000137770	0.9819869795482614	False
0.004454350703799755	0.5870646766169154	0.139859189915748	0.17420750425474382	6	7	14	5	8	ENSG00000144161	0.9819869795482614	False
0.0012015721764726494	0.5870646766169154	0.08164776742860158	0.07866970209747111	4	7	10	3	7	ENSG00000156136	0.9819869795482614	False
0.0001662225190484113	0.5870646766169154	0.08193353960617383	0.04787234042553191	5	6	6	3	4	ENSG00000163378	0.9819869795482614	False
0.0013446729299902583	0.5870646766169154	0.15200926043923108	0.24363297715511545	16	7	19	10	17	ENSG00000163714	0.9819869795482614	False
0.00014174267490136663	0.5870646766169154	0.08663681864224185	0.039993842243002425	6	7	18	7	13	ENSG00000166347	0.9819869795482614	False
3.845202665575877e-05	0.5870646766169154	0.011932534264335035	0.016988059859668454	5	7	19	13	19	ENSG00000171858	0.9819869795482614	False
0.004737760763476385	0.5870646766169154	0.1842476745531207	0.16571834992887627	6	7	16	6	11	ENSG00000173221	0.9819869795482614	False
0.0001858661774144098	0.5870646766169154	0.044416390878453976	0.04405045531554423	6	7	17	6	10	ENSG00000173848	0.9819869795482614	False
0.0006653568157565987	0.5870646766169154	0.25368233310996235	0.07992732290421169	4	7	12	6	9	ENSG00000174738	0.9819869795482614	False
0.0022335296087659493	0.5870646766169154	0.04457172098882063	0.09155481304954322	3	4	4	3	3	ENSG00000175548	0.9819869795482614	False
0.002886490760723866	0.5870646766169154	0.28567985765747345	0.16468572615256818	16	7	19	8	16	ENSG00000177200	0.9819869795482614	False
0.0013100297730387097	0.5870646766169154	0.16080416667664219	0.17293485350190652	15	7	17	6	11	ENSG00000177311	0.9819869795482614	False
0.004327882446831785	0.5870646766169154	0.34215626737895477	0.5504322237300541	5	7	18	8	15	ENSG00000204472	0.9819869795482614	False
0.0011412822035278614	0.5870646766169154	0.18808944752875842	0.09635087220550727	7	7	19	7	15	ENSG00000218739	0.9819869795482614	False
0.0041906565252054434	0.5870646766169154	0.07456691966548441	0.17152372155110107	2	7	19	12	18	ENSG00000255198	0.9819869795482614	False
0.00618390705825946	0.5870646766169154	0.23000151060544438	0.23504913626564383	15	7	14	4	9	ENSG00000278175	0.9819869795482614	False
0.0014979997884480962	0.5920398009950248	0.44101441451485607	0.26768626110731375	7	7	10	3	8	ENSG00000028839	0.9819869795482614	False
0.0011576970307795075	0.5920398009950248	0.14644967852660973	0.13510938173366557	16	7	17	6	12	ENSG00000052841	0.9819869795482614	False
0.0022227811284395503	0.5920398009950248	0.18853392485063378	0.14702653935794296	6	7	13	5	9	ENSG00000065457	0.9819869795482614	False
0.006091576102087794	0.5920398009950248	0.1945967665685502	0.2375897772843646	5	5	9	5	7	ENSG00000067064	0.9819869795482614	False
0.0038503268699893872	0.5920398009950248	0.4009646550393579	0.3586350213277918	6	7	11	3	6	ENSG00000100335	0.9819869795482614	False
0.0010820210430227443	0.5920398009950248	0.11614969928235695	0.1090199537883873	5	7	18	10	15	ENSG00000102144	0.9819869795482614	False
0.016589077643675877	0.5920398009950248	0.2389769899110729	0.4119425547996977	9	6	8	3	6	ENSG00000103423	0.9819869795482614	False
0.0036484965475215344	0.5920398009950248	0.09688202990262708	0.17620895936059902	11	7	19	13	18	ENSG00000104904	0.9819869795482614	False
0.007644762651998023	0.5920398009950248	0.20120312372056876	0.209727751812744	7	7	13	5	9	ENSG00000111300	0.9819869795482614	False
0.0008004155142345071	0.5920398009950248	0.14666054727148017	0.12413275820046377	12	7	18	9	14	ENSG00000114316	0.9819869795482614	False
1.5874073100116835e-05	0.5920398009950248	0.022574624237598703	0.015776008710822312	6	7	19	11	17	ENSG00000116489	0.9819869795482614	False
0.000251214196488461	0.5920398009950248	0.11311084770665879	0.11493206874500121	15	7	19	8	15	ENSG00000116584	0.9819869795482614	False
0.0002873902555717854	0.5920398009950248	0.1510918479588646	0.14606060606060603	2	7	9	3	8	ENSG00000119900	0.9819869795482614	False
0.0020623131659029056	0.5920398009950248	0.17929766771253414	0.1403460408985271	2	7	17	6	12	ENSG00000125868	0.9819869795482614	False
3.113211574982825e-05	0.5920398009950248	0.035026134676291336	0.00993451000136723	9	7	19	13	17	ENSG00000127922	0.9819869795482614	False
0.00023481995696319845	0.5920398009950248	0.038129027586349486	0.05703956968627506	15	7	19	13	17	ENSG00000135404	0.9819869795482614	False
0.008982905603755576	0.5920398009950248	0.4419377654912872	0.4260433878791109	13	7	12	3	8	ENSG00000135905	0.9819869795482614	False
0.0023289322851189225	0.5920398009950248	0.1764398779979478	0.11143780079027935	20	7	16	7	14	ENSG00000136279	0.9819869795482614	False
0.0006289374254012185	0.5920398009950248	0.17143035978591098	0.09060393390946528	11	7	18	8	15	ENSG00000139163	0.9819869795482614	False
0.007323683967673027	0.5920398009950248	0.2209048253881965	0.27449064524300654	9	5	6	3	5	ENSG00000143207	0.9819869795482614	False
0.004306482137155691	0.5920398009950248	0.5350083224911593	0.3594420664852216	13	6	9	4	6	ENSG00000145819	0.9819869795482614	False
0.00034688041037386606	0.5920398009950248	0.030902539147632656	0.03839080459770115	4	6	7	3	5	ENSG00000146409	0.9819869795482614	False
0.00671789333887683	0.5920398009950248	0.22121550351279107	0.20070684856395316	10	7	13	5	8	ENSG00000157379	0.9819869795482614	False
0.000513653103125965	0.5920398009950248	0.18431799072021213	0.1987532998339877	11	7	15	5	9	ENSG00000159131	0.9819869795482614	False
1.347734494922349e-07	0.5920398009950248	0.0003665689149560699	0.0009377930603313868	3	7	16	7	11	ENSG00000162496	0.9819869795482614	False
0.0029314049499215844	0.5920398009950248	0.1290825018067153	0.1214146023468057	12	7	15	6	13	ENSG00000164548	0.9819869795482614	False
2.6104910689651136e-06	0.5920398009950248	0.017206839866786883	0.006614090976360951	6	7	19	12	17	ENSG00000178127	0.9819869795482614	False
0.004768420521097049	0.5920398009950248	0.25363428238428243	0.25357142857142856	12	7	9	3	6	ENSG00000198040	0.9819869795482614	False
0.0003235101442779615	0.5920398009950248	0.06885073956567721	0.05641025641025642	5	7	11	3	6	ENSG00000241127	0.9819869795482614	False
4.164315390407788e-06	0.5970149253731343	0.016175803493229453	0.008220160936613367	5	7	19	12	17	ENSG00000004779	0.9819869795482614	False
0.003890600087025281	0.5970149253731343	0.3665610221782361	0.4023185192326232	7	7	11	4	7	ENSG00000089682	0.9819869795482614	False
0.00187942739200555	0.5970149253731343	0.17534735531714504	0.17189162576904762	18	7	19	10	17	ENSG00000100823	0.9819869795482614	False
0.00021902989972110728	0.5970149253731343	0.06971644890700947	0.04087208387367951	6	7	17	8	13	ENSG00000102572	0.9819869795482614	False
0.0019648322033241996	0.5970149253731343	0.4746109624343343	0.48496080192073776	4	7	11	3	7	ENSG00000104643	0.9819869795482614	False
0.004748894654111173	0.5970149253731343	0.19914145096244934	0.17585758590211423	6	7	14	3	10	ENSG00000105926	0.9819869795482614	False
3.745954327669917e-06	0.5970149253731343	0.014814814814814826	0.0020855057351407704	2	6	12	4	8	ENSG00000106537	0.9819869795482614	False
6.0132736571635995e-06	0.5970149253731343	0.00319999999999999	0.004975124378109441	2	7	10	3	6	ENSG00000108557	0.9819869795482614	False
0.0007993248288379719	0.5970149253731343	0.1271422183295935	0.12168832111490167	10	7	14	4	8	ENSG00000108788	0.9819869795482614	False
0.0038599158171351475	0.5970149253731343	0.29979895308842675	0.3223204822469529	12	6	7	3	5	ENSG00000111203	0.9819869795482614	False
0.004924089481064079	0.5970149253731343	0.27899864250006723	0.20164835164835165	6	6	8	3	6	ENSG00000113318	0.9819869795482614	False
0.0012957263986627296	0.5970149253731343	0.09003977746436682	0.11934788905982344	10	7	19	11	18	ENSG00000122026	0.9819869795482614	False
0.006904611601061732	0.5970149253731343	0.21267508059732046	0.21457480944806595	11	7	14	4	9	ENSG00000136243	0.9819869795482614	False
3.724525428243536e-05	0.5970149253731343	0.047054602791339786	0.007098779443593099	5	7	19	11	18	ENSG00000136930	0.9819869795482614	False
0.029556083069752565	0.5970149253731343	0.3057897491859982	0.3715230835610528	4	7	12	4	7	ENSG00000137288	0.9819869795482614	False
9.82406760558602e-05	0.5970149253731343	0.041079230027491746	0.07959171537921775	23	7	19	11	19	ENSG00000143549	0.9819869795482614	False
0.00014190186808016184	0.5970149253731343	0.056252015630272365	0.04362657189063675	5	7	14	8	12	ENSG00000145088	0.9819869795482614	False
0.0023790294202131485	0.5970149253731343	0.27068654140422055	0.17053137677167327	11	7	10	3	6	ENSG00000152359	0.9819869795482614	False
0.0011930401914726709	0.5970149253731343	0.10993528386306044	0.10211510381423845	9	7	19	8	15	ENSG00000153774	0.9819869795482614	False
0.0029338394621906813	0.5970149253731343	0.3023057797360047	0.39278390882768144	16	7	12	4	8	ENSG00000157764	0.9819869795482614	False
0.00028518723539189484	0.5970149253731343	0.07287155090502306	0.06596916424647774	10	7	19	12	17	ENSG00000159199	0.9819869795482614	False
0.0023323559880368302	0.5970149253731343	0.16553731533556307	0.12661117854459278	5	7	9	3	7	ENSG00000162139	0.9819869795482614	False
0.005053857300512039	0.5970149253731343	0.1917143338066971	0.1344742232843974	3	3	7	4	6	ENSG00000162836	0.9819869795482614	False
0.0029419808334373086	0.5970149253731343	0.23802764080468128	0.17925534054793424	10	5	7	3	5	ENSG00000166971	0.9819869795482614	False
0.01868468313464447	0.5970149253731343	0.37984236281550154	0.3627314814814815	16	5	5	3	4	ENSG00000172530	0.9819869795482614	False
0.0018207270172963502	0.5970149253731343	0.22193604850037318	0.13870789976984665	2	5	4	3	4	ENSG00000173451	0.9819869795482614	False
0.00817217263298859	0.5970149253731343	0.2879099181073703	0.5618391546341858	41	3	5	3	5	ENSG00000179818	0.9819869795482614	False
0.00029508279262141295	0.5970149253731343	0.09622626877683903	0.07930238126262301	7	7	19	10	17	ENSG00000183648	0.9819869795482614	False
0.0041040072380157545	0.5970149253731343	0.3471174042007376	0.35010166428194894	18	5	7	3	4	ENSG00000183765	0.9819869795482614	False
0.004720619600228896	0.5970149253731343	0.248703188214209	0.26587122310939487	10	7	14	4	8	ENSG00000184428	0.9819869795482614	False
0.038969037632749455	0.5970149253731343	0.43271495056991044	0.6851316634553628	11	4	6	3	4	ENSG00000186654	0.9819869795482614	False
0.0013252038024244535	0.5970149253731343	0.18007628339322534	0.13013458611211495	5	7	13	6	10	ENSG00000196418	0.9819869795482614	False
7.19885623866929e-07	0.5970149253731343	0.00393897147628494	0.0025073909358639536	2	7	19	11	16	ENSG00000204308	0.9819869795482614	False
0.001331287411826146	0.5970149253731343	0.14711127660121917	0.15891185302950006	7	4	6	3	4	ENSG00000221838	0.9819869795482614	False
0.0009085440598875212	0.5970149253731343	0.2194499845175407	0.236910197869102	3	3	4	3	3	ENSG00000255561	0.9819869795482614	False
5.2624372184876e-07	0.5970149253731343	0.009693741353537991	0.002684578833873961	4	7	19	13	19	ENSG00000265972	0.9819869795482614	False
0.003271841525141914	0.6019900497512438	0.19493025880671494	0.29768074339511164	17	7	15	3	10	ENSG00000007923	0.9819869795482614	False
0.0008407586652085211	0.6019900497512438	0.08628873821069474	0.06212640591249742	4	7	10	3	7	ENSG00000063322	0.9819869795482614	False
0.0008754284004373822	0.6019900497512438	0.03929747712833078	0.12923568878199695	3	7	19	11	16	ENSG00000074071	0.9819869795482614	False
0.003444728705951871	0.6019900497512438	0.22650108877677375	0.21107008893900603	50	7	19	7	16	ENSG00000100749	0.9819869795482614	False
0.0016456232759498892	0.6019900497512438	0.16777070762364069	0.14470921816712157	36	7	19	7	13	ENSG00000101266	0.9819869795482614	False
0.00045126817226711735	0.6019900497512438	0.08677881938804272	0.054461105653082265	14	7	13	5	8	ENSG00000108604	0.9819869795482614	False
0.002873177642401326	0.6019900497512438	0.14535048190025407	0.23652358116713598	31	7	19	9	16	ENSG00000109332	0.9819869795482614	False
0.006498696125714571	0.6019900497512438	0.23617627389222073	0.2510776613701993	9	7	12	4	8	ENSG00000111196	0.9819869795482614	False
0.012627032895413476	0.6019900497512438	0.4759875049754621	0.3484781617311738	13	6	11	4	8	ENSG00000113448	0.9819869795482614	False
2.7781012462694878e-05	0.6019900497512438	0.006122448979591874	0.009367681498829045	2	7	16	5	10	ENSG00000113504	0.9819869795482614	False
0.003640135902414729	0.6019900497512438	0.33073560527745904	0.33469705825053575	31	7	17	5	11	ENSG00000114867	0.9819869795482614	False
0.00013750680342623417	0.6019900497512438	0.057123424344400826	0.09597427803488147	11	7	19	13	19	ENSG00000114942	0.9819869795482614	False
0.0011450057820689482	0.6019900497512438	0.10197124434190838	0.1340295547372874	6	7	19	9	16	ENSG00000116459	0.9819869795482614	False
0.0010329261795138061	0.6019900497512438	0.10822578885471183	0.13834216583247833	5	7	18	9	15	ENSG00000120690	0.9819869795482614	False
0.0020130338396223027	0.6019900497512438	0.26727472277461956	0.23951979234263468	8	7	18	6	13	ENSG00000121579	0.9819869795482614	False
0.0014044728572774436	0.6019900497512438	0.1752130697135729	0.18042723147992046	8	7	18	7	12	ENSG00000125037	0.9819869795482614	False
0.0013985536553858195	0.6019900497512438	0.08037785621272141	0.10656154611591657	5	7	19	13	18	ENSG00000137818	0.9819869795482614	False
0.0004702501190352574	0.6019900497512438	0.04728891556622653	0.05699481865284974	4	6	5	3	4	ENSG00000138111	0.9819869795482614	False
0.004761181436320275	0.6019900497512438	0.16840178993209318	0.12828840072043454	5	5	4	3	4	ENSG00000138613	0.9819869795482614	False
0.005261810325559533	0.6019900497512438	0.28239147122809055	0.2650998790239296	9	7	14	4	10	ENSG00000147654	0.9819869795482614	False
4.2258465155723836e-05	0.6019900497512438	0.028505737941458796	0.025334022814763726	8	7	14	5	11	ENSG00000151414	0.9819869795482614	False
0.00010591385814563023	0.6019900497512438	0.04931416456083412	0.030765099459758444	11	7	19	10	17	ENSG00000156261	0.9819869795482614	False
0.00429577599951497	0.6019900497512438	0.5016046858889336	0.47950212387632124	5	6	8	3	5	ENSG00000160959	0.9819869795482614	False
0.006629157966719522	0.6019900497512438	0.28314749858557914	0.2616636887035934	9	7	13	3	7	ENSG00000166452	0.9819869795482614	False
9.98702963500517e-07	0.6019900497512438	0.004874206448224935	0.0019065744096817814	3	7	19	10	17	ENSG00000166848	0.9819869795482614	False
0.008069984441595079	0.6019900497512438	0.27762326082099525	0.3463163985312902	42	7	16	6	11	ENSG00000168385	0.9819869795482614	False
0.006042683332008767	0.6019900497512438	0.28889938877160504	0.29951298701298695	12	6	6	3	4	ENSG00000169660	0.9819869795482614	False
0.004603986760455613	0.6019900497512438	0.30128221181693954	0.48152128295456	14	7	15	5	10	ENSG00000169756	0.9819869795482614	False
0.00018113230495305375	0.6019900497512438	0.09367288167419537	0.1370953199572028	5	7	19	8	14	ENSG00000170571	0.9819869795482614	False
0.003281305106136815	0.6019900497512438	0.24378979763929826	0.2499890943309216	19	5	4	3	4	ENSG00000170919	0.9819869795482614	False
0.00047001786511624956	0.6019900497512438	0.0915289107618886	0.06016336910848192	7	7	18	10	14	ENSG00000171604	0.9819869795482614	False
0.0010732735141915088	0.6019900497512438	0.07904736282331037	0.12867144900571084	4	7	16	6	11	ENSG00000172115	0.9819869795482614	False
1.7237402852525418e-05	0.6019900497512438	0.02260866251158995	0.014870309349409116	4	7	19	11	16	ENSG00000173163	0.9819869795482614	False
0.0038845063439349728	0.6019900497512438	0.29384159972312923	0.28290788013318535	8	7	14	3	7	ENSG00000174501	0.9819869795482614	False
0.0016321683759312664	0.6019900497512438	0.10405674663647013	0.11151957073425744	4	7	19	10	17	ENSG00000179010	0.9819869795482614	False
2.624383803358256e-05	0.6019900497512438	0.03594384175152191	0.013907855375175231	2	7	17	7	12	ENSG00000181218	0.9819869795482614	False
0.0038028018659203963	0.6019900497512438	0.24535664032919616	0.25545155139538916	18	6	10	3	7	ENSG00000182165	0.9819869795482614	False
0.007236570540350588	0.6019900497512438	0.27060818682493454	0.28437970298435417	11	7	10	3	7	ENSG00000184445	0.9819869795482614	False
0.004106988607921721	0.6019900497512438	0.40548619818641085	0.32634521313766596	6	4	5	3	3	ENSG00000188647	0.9819869795482614	False
0.004340535647733943	0.6019900497512438	0.3041735485831518	0.2895968939134407	10	7	14	5	9	ENSG00000198604	0.9819869795482614	False
0.00015816888284281928	0.6019900497512438	0.05163783963624572	0.0490953446636142	32	7	19	13	19	ENSG00000204628	0.9819869795482614	False
0.004315816838254513	0.6019900497512438	0.10052270173886801	0.24809067785356242	15	7	19	12	17	ENSG00000269893	0.9819869795482614	False
0.006276431574116482	0.6019900497512438	0.31916062380185856	0.29837928003065617	27	5	7	4	6	ENSG00000291207	0.9819869795482614	False
0.0017830128980347612	0.6069651741293532	0.11007899813262956	0.11859626206142575	11	7	18	8	15	ENSG00000000419	0.9819869795482614	False
0.0038502139662181765	0.6069651741293532	0.14628517145335074	0.15634490447084148	10	7	17	7	13	ENSG00000003056	0.9819869795482614	False
0.04733553984152869	0.6069651741293532	0.30103995621237	0.36085400468962114	3	3	4	3	3	ENSG00000004864	0.9819869795482614	False
0.007587132426513474	0.6069651741293532	0.631728361693266	0.6071390225233183	15	7	15	3	7	ENSG00000018280	0.9819869795482614	False
0.0035335466672098267	0.6069651741293532	0.31841151308205806	0.34789719626168225	9	7	12	3	9	ENSG00000049860	0.9819869795482614	False
3.843887783210528e-06	0.6069651741293532	0.007135203584648303	0.00712719298245613	3	7	13	5	9	ENSG00000065970	0.9819869795482614	False
0.0006871636276163539	0.6069651741293532	0.06440109902687333	0.05597916901815161	3	7	19	7	14	ENSG00000080608	0.9819869795482614	False
0.002021370818140081	0.6069651741293532	0.21116950538736862	0.1481598338296096	7	7	13	4	7	ENSG00000081791	0.9819869795482614	False
0.0002707979596979971	0.6069651741293532	0.03283527992604311	0.03485889514672176	3	7	18	8	14	ENSG00000086061	0.9819869795482614	False
0.004230065513860534	0.6069651741293532	0.05405487900688768	0.14268375703241096	10	7	17	9	15	ENSG00000089063	0.9819869795482614	False
0.0003728252188256661	0.6069651741293532	0.11208952351223433	0.07286128025284372	18	7	19	9	17	ENSG00000100345	0.9819869795482614	False
0.00043304224107373234	0.6069651741293532	0.21190087392269866	0.09254415341770371	11	7	12	4	9	ENSG00000100731	0.9819869795482614	False
1.1756576999046938e-05	0.6069651741293532	0.015460729746444055	0.014530358069538158	6	7	17	5	11	ENSG00000101413	0.9819869795482614	False
0.0034976498213456627	0.6069651741293532	0.3187672743093296	0.23678174794785137	10	7	11	4	6	ENSG00000101639	0.9819869795482614	False
0.002129619695593257	0.6069651741293532	0.19621601535690186	0.18516381949809713	14	7	19	8	15	ENSG00000103496	0.9819869795482614	False
0.002240351140602524	0.6069651741293532	0.16742233062674255	0.13461754324698486	5	7	13	5	8	ENSG00000106009	0.9819869795482614	False
0.002060390257289523	0.6069651741293532	0.16056224263551494	0.14360436248143474	29	7	19	10	15	ENSG00000108465	0.9819869795482614	False
0.0019414320526155078	0.6069651741293532	0.20079021329396002	0.14914728342605166	26	7	18	8	15	ENSG00000109180	0.9819869795482614	False
0.007447651614041097	0.6069651741293532	0.2091850784295243	0.22823523449114752	9	7	17	4	11	ENSG00000112146	0.9819869795482614	False
0.006525118946898053	0.6069651741293532	0.12021076698237226	0.23684580601890914	8	7	18	7	12	ENSG00000112651	0.9819869795482614	False
0.0026289460359037653	0.6069651741293532	0.24588480884454286	0.16533589353814968	15	7	12	4	8	ENSG00000114209	0.9819869795482614	False
2.355727354302779e-06	0.6069651741293532	0.005952380952380942	0.004048582995951436	2	3	5	3	4	ENSG00000119899	0.9819869795482614	False
0.004534044088002884	0.6069651741293532	0.3662787894425704	0.3399696830725821	14	7	13	4	9	ENSG00000120899	0.9819869795482614	False
0.006341855039426795	0.6069651741293532	0.2637560551774176	0.2419357587117662	5	7	9	3	5	ENSG00000124784	0.9819869795482614	False
0.000772927363471601	0.6069651741293532	0.28798029020515503	0.1601447188422493	13	7	10	4	7	ENSG00000132912	0.9819869795482614	False
0.0003885970679793015	0.6069651741293532	0.08567519194398826	0.056896874415122596	3	7	15	5	10	ENSG00000136463	0.9819869795482614	False
0.0016082018601150832	0.6069651741293532	0.11910592039185904	0.14548618270198	11	7	18	7	14	ENSG00000138385	0.9819869795482614	False
0.00019152389476375018	0.6069651741293532	0.0516297154297858	0.033432179306595464	6	7	19	9	16	ENSG00000143252	0.9819869795482614	False
0.00033724374111479	0.6069651741293532	0.08133767606821397	0.08789017411177412	12	7	19	13	19	ENSG00000147403	0.9819869795482614	False
0.0010246247830756475	0.6069651741293532	0.12164638680007495	0.11370204063486415	8	7	10	3	6	ENSG00000151651	0.9819869795482614	False
0.018662846165999086	0.6069651741293532	0.3785572418811343	0.3615987460815047	8	4	5	3	4	ENSG00000163798	0.9819869795482614	False
0.000971863134375843	0.6069651741293532	0.1671710069105125	0.11789212190367523	8	7	12	4	8	ENSG00000165475	0.9819869795482614	False
0.003284362779576404	0.6069651741293532	0.2068084111578572	0.22504523531627668	37	7	19	11	16	ENSG00000168259	0.9819869795482614	False
0.001453960548414809	0.6069651741293532	0.12033874145217323	0.10536721113127644	22	7	19	8	14	ENSG00000177479	0.9819869795482614	False
0.0023215159499111156	0.6069651741293532	0.3256006961927756	0.33703393380812735	17	5	7	4	5	ENSG00000181722	0.9819869795482614	False
0.006068355954910001	0.6069651741293532	0.2512708392838352	0.21156314235332171	16	6	8	3	4	ENSG00000182185	0.9819869795482614	False
0.001044226560407627	0.6069651741293532	0.15386746075880559	0.09724170239044919	8	7	15	5	10	ENSG00000182362	0.9819869795482614	False
2.1536895000208756e-05	0.6069651741293532	0.03361414445147751	0.021386726895886707	24	7	19	13	19	ENSG00000196531	0.9819869795482614	False
0.004090946423835546	0.6069651741293532	0.29399441778194124	0.27705695146106424	44	7	14	4	10	ENSG00000196839	0.9819869795482614	False
5.046648580442062e-07	0.6069651741293532	0.005162384320341264	0.004230936372508816	2	7	19	12	18	ENSG00000204287	0.9819869795482614	False
0.0029866022032742504	0.6069651741293532	0.24370136869945858	0.2286011111612991	11	7	15	6	10	ENSG00000232931	0.9819869795482614	False
0.003093192699769009	0.6069651741293532	0.33295791768249805	0.26117042309213123	3	6	8	3	5	ENSG00000261840	0.9819869795482614	False
0.00010962144093725425	0.6069651741293532	0.01692456479690526	0.022613065326633187	2	7	14	4	8	ENSG00000266983	0.9819869795482614	False
6.1904368371517e-05	0.6069651741293532	0.014184397163120522	0.021052631578947344	2	4	5	3	4	ENSG00000269226	0.9819869795482614	False
0.009219555604394521	0.6069651741293532	0.25679166428967515	0.271917910723145	7	7	15	4	11	ENSG00000291152	0.9819869795482614	False
0.00010696792541397629	0.6119402985074627	0.11820380738030982	0.0745887949022142	15	7	19	9	15	ENSG00000013306	0.9819869795482614	False
0.000312343528074838	0.6119402985074627	0.0635023914692025	0.24198210482719038	13	7	18	10	16	ENSG00000030582	0.9819869795482614	False
0.00111926355694029	0.6119402985074627	0.2609997402435065	0.12173977474807354	9	3	4	3	3	ENSG00000042980	0.9819869795482614	False
9.306528826009698e-07	0.6119402985074627	0.0033670033670034462	0.002344665885111384	3	7	16	5	9	ENSG00000060558	0.9819869795482614	False
0.0053256952219076685	0.6119402985074627	0.13052933093255673	0.10626262626262625	4	5	8	4	5	ENSG00000070366	0.9819869795482614	False
0.004798307250351505	0.6119402985074627	0.2914930203545298	0.30615573669930873	8	7	11	4	7	ENSG00000071073	0.9819869795482614	False
0.0036537766641547365	0.6119402985074627	0.2039289429560235	0.2046970278806321	16	7	18	8	12	ENSG00000076043	0.9819869795482614	False
0.007979283342723716	0.6119402985074627	0.19303936349872614	0.21284165931457164	18	7	16	5	11	ENSG00000090054	0.9819869795482614	False
0.0009279471141886218	0.6119402985074627	0.18850525076437266	0.12658769801626946	7	7	16	7	11	ENSG00000100360	0.9819869795482614	False
2.313005465319884e-06	0.6119402985074627	0.011185682326621954	0.021978021978021997	2	5	5	3	4	ENSG00000101986	0.9819869795482614	False
0.00028780562226677736	0.6119402985074627	0.06678977760496159	0.0456212366516664	4	7	17	6	13	ENSG00000105619	0.9819869795482614	False
0.001961002122663913	0.6119402985074627	0.26209068653308	0.26434494195688224	37	7	10	4	7	ENSG00000107862	0.9819869795482614	False
0.0001941453675569598	0.6119402985074627	0.1684782608695652	0.032467532467532444	4	7	14	3	9	ENSG00000108960	0.9819869795482614	False
7.361099087201012e-05	0.6119402985074627	0.017695013888266272	0.023067784965869687	11	7	19	13	19	ENSG00000111640	0.9819869795482614	False
0.00021942132395509078	0.6119402985074627	0.12224285491664491	0.08287438647868868	14	7	17	6	12	ENSG00000111801	0.9819869795482614	False
0.0029777079880801594	0.6119402985074627	0.17160186760048313	0.12401703821946274	18	7	18	8	14	ENSG00000113649	0.9819869795482614	False
0.0001898095208202703	0.6119402985074627	0.02503181909368523	0.03604845446950715	7	6	11	5	7	ENSG00000115239	0.9819869795482614	False
0.00011990593723389143	0.6119402985074627	0.04817699664788649	0.04359742558462086	7	7	18	7	14	ENSG00000116266	0.9819869795482614	False
0.0034438463943928226	0.6119402985074627	0.17563311077276467	0.14964122348519474	4	7	17	6	12	ENSG00000116898	0.9819869795482614	False
0.004797876305512727	0.6119402985074627	0.23534542773400072	0.2792716801675369	3	7	11	4	8	ENSG00000121931	0.9819869795482614	False
0.0023337321258044288	0.6119402985074627	0.2622254490465111	0.1046422321602178	5	7	9	3	6	ENSG00000125520	0.9819869795482614	False
0.00025500624006216183	0.6119402985074627	0.12585562576372483	0.13903663625108897	4	7	12	4	7	ENSG00000133134	0.9819869795482614	False
0.009134780633797076	0.6119402985074627	0.2937073740015863	0.349992986612222	35	7	16	5	10	ENSG00000133835	0.9819869795482614	False
0.00019068096033293488	0.6119402985074627	0.05539312311932906	0.043493366338783555	3	7	17	6	11	ENSG00000136451	0.9819869795482614	False
0.0040468981074568075	0.6119402985074627	0.1929737398907228	0.14843696027633851	8	5	9	4	6	ENSG00000137806	0.9819869795482614	False
0.00034832225867444154	0.6119402985074627	0.10191039244091712	0.09444151426938902	5	7	19	9	17	ENSG00000139684	0.9819869795482614	False
2.8203777999165788e-06	0.6119402985074627	0.0015723270440251291	0.003882418191902383	2	7	15	5	12	ENSG00000153485	0.9819869795482614	False
0.015288764517754136	0.6119402985074627	0.42206242871505817	0.4355334538878842	14	3	5	3	4	ENSG00000156515	0.9819869795482614	False
0.0020741340573237383	0.6119402985074627	0.20910225016255632	0.23306409352920981	11	7	18	6	12	ENSG00000156831	0.9819869795482614	False
0.0015444177559015928	0.6119402985074627	0.21974423821121475	0.20624303232998886	11	5	5	3	4	ENSG00000159753	0.9819869795482614	False
0.0006403897934165022	0.6119402985074627	0.16827801246995397	0.06281969985203979	5	5	7	3	5	ENSG00000163376	0.9819869795482614	False
8.82764007208768e-05	0.6119402985074627	0.03481272173783084	0.057124186493118546	4	7	12	4	8	ENSG00000166002	0.9819869795482614	False
0.005990744563507819	0.6119402985074627	0.22408453992853467	0.2500328731097962	7	6	8	3	5	ENSG00000180182	0.9819869795482614	False
0.0003418270772223184	0.6119402985074627	0.06185782394210253	0.13034300791556724	4	7	15	7	10	ENSG00000181904	0.9819869795482614	False
0.0004851676199706591	0.6119402985074627	0.11529196440740672	0.10837413300693596	9	7	12	5	9	ENSG00000182372	0.9819869795482614	False
0.0002339294364503171	0.6119402985074627	0.02327565651684809	0.025010179535235585	2	7	18	5	12	ENSG00000187522	0.9819869795482614	False
0.00042962022676487426	0.6119402985074627	0.03339857488481735	0.042873426964274514	5	7	19	9	17	ENSG00000213465	0.9819869795482614	False
0.005925318682933142	0.6119402985074627	0.22894999902228133	0.18509621199574997	5	7	9	3	5	ENSG00000213780	0.9819869795482614	False
0.011983179410997663	0.6119402985074627	0.20962552691940145	0.29549071618037137	8	7	16	5	9	ENSG00000215305	0.9819869795482614	False
0.0037406084496772367	0.6119402985074627	0.28418684180101694	0.23994886263445597	16	5	8	3	6	ENSG00000237298	0.9819869795482614	False
7.640797983543847e-05	0.6119402985074627	0.06055860910721787	0.06130961354841951	3	7	17	3	12	ENSG00000239569	0.9819869795482614	False
0.0010045444312503087	0.6119402985074627	0.08022037637135089	0.09552341597796145	3	3	5	3	5	ENSG00000243364	0.9819869795482614	False
0.002746950598316058	0.6119402985074627	0.22839878400047423	0.22106068332483425	6	7	11	4	7	ENSG00000247271	0.9819869795482614	False
0.0018021504223652363	0.6119402985074627	0.08014988607750761	0.1122243393065813	6	5	10	4	7	ENSG00000290682	0.9819869795482614	False
0.003754665809291683	0.6169154228855721	0.2652568342749665	0.2472077438570365	20	7	14	6	10	ENSG00000046651	0.9819869795482614	False
0.005851330505453263	0.6169154228855721	0.349897935109153	0.3022524350649351	10	7	12	4	8	ENSG00000054282	0.9819869795482614	False
0.009495587698293912	0.6169154228855721	0.19138796877603814	0.2928590853939166	9	7	14	5	9	ENSG00000056586	0.9819869795482614	False
0.0035861549626174196	0.6169154228855721	0.1717065423115564	0.23514481934905943	7	7	12	4	8	ENSG00000064545	0.9819869795482614	False
0.0007622292077711894	0.6169154228855721	0.1070144324940768	0.12049189200366486	10	7	19	12	18	ENSG00000080824	0.9819869795482614	False
0.0014577525520736944	0.6169154228855721	0.21522964183976012	0.2099206349206349	5	5	8	3	4	ENSG00000084090	0.9819869795482614	False
0.006022635265635528	0.6169154228855721	0.35184825942786024	0.39377289377289376	10	5	7	3	5	ENSG00000091527	0.9819869795482614	False
0.003119987010662611	0.6169154228855721	0.20182990082019353	0.21988625463661893	16	7	15	4	9	ENSG00000100325	0.9819869795482614	False
4.4140016477612454e-05	0.6169154228855721	0.025768886218235868	0.015917759031068304	4	7	14	5	9	ENSG00000107560	0.9819869795482614	False
0.0020160946447933723	0.6169154228855721	0.09941907955816345	0.15322995164490072	22	7	19	12	18	ENSG00000108848	0.9819869795482614	False
0.0028694171350189947	0.6169154228855721	0.15445901294981002	0.17319380582421648	13	7	16	6	12	ENSG00000115524	0.9819869795482614	False
0.004758496018388408	0.6169154228855721	0.209130009574102	0.17907692307692308	8	6	7	3	5	ENSG00000115661	0.9819869795482614	False
0.002633374067088441	0.6169154228855721	0.15267720322415057	0.21590326503235596	8	7	16	5	11	ENSG00000119004	0.9819869795482614	False
1.3527416120164298e-05	0.6169154228855721	0.020485484120857843	0.02049976891061868	8	7	19	13	19	ENSG00000131469	0.9819869795482614	False
0.018533304239215044	0.6169154228855721	0.3611666959005273	0.2899495374264088	20	7	12	4	7	ENSG00000138750	0.9819869795482614	False
0.010036606768460498	0.6169154228855721	0.2561422997172146	0.29730717608426355	24	7	18	5	12	ENSG00000140525	0.9819869795482614	False
2.45399075254384e-05	0.6169154228855721	0.03557386791242017	0.012005484424192647	4	7	19	12	17	ENSG00000142507	0.9819869795482614	False
0.00091108868820612	0.6169154228855721	0.11500017109103848	0.11202406437554954	8	7	10	3	7	ENSG00000143622	0.9819869795482614	False
1.8268127999309396e-08	0.6169154228855721	0.0010098459984852672	0.00026815813668402445	2	7	19	13	18	ENSG00000145494	0.9819869795482614	False
0.004463603764445101	0.6169154228855721	0.15985350685257038	0.1944034828153357	16	7	19	7	13	ENSG00000145703	0.9819869795482614	False
5.6016479484186764e-08	0.6169154228855721	0.0013282732447817904	0.0007500267866709312	2	7	19	11	18	ENSG00000146386	0.9819869795482614	False
0.002281968334901204	0.6169154228855721	0.2111431441664121	0.20645029436390364	6	7	12	4	7	ENSG00000152464	0.9819869795482614	False
0.0006891275272086848	0.6169154228855721	0.042087723947833625	0.03687978687978688	2	4	4	3	4	ENSG00000162825	0.9819869795482614	False
0.00041103116507282863	0.6169154228855721	0.11536690160578547	0.06775991545022787	17	7	19	12	18	ENSG00000163466	0.9819869795482614	False
0.00043679634389044876	0.6169154228855721	0.32418881747007405	0.11045362348734877	6	5	9	4	7	ENSG00000163755	0.9819869795482614	False
0.01008102628046728	0.6169154228855721	0.35113477240747304	0.31635929288103204	3	6	6	3	4	ENSG00000170088	0.9819869795482614	False
0.00037729941796131025	0.6169154228855721	0.06460277086896331	0.05045332652279399	7	7	11	4	8	ENSG00000173611	0.9819869795482614	False
0.0009070542380761775	0.6169154228855721	0.08728640548936471	0.053552222732122776	7	7	18	7	13	ENSG00000179526	0.9819869795482614	False
0.00048798794513858404	0.6169154228855721	0.11012312069447414	0.05584121760592346	5	7	17	6	14	ENSG00000179632	0.9819869795482614	False
1.7300285477648562e-07	0.6169154228855721	0.0007883857087776101	0.0006431958209699627	2	7	19	11	17	ENSG00000181817	0.9819869795482614	False
0.0004465720188172716	0.6169154228855721	0.11513600671685228	0.2334593572778828	6	7	13	4	7	ENSG00000186716	0.9819869795482614	False
3.8132466853586165e-05	0.6169154228855721	0.02028753642347815	0.015199525154561262	4	7	17	7	14	ENSG00000189043	0.9819869795482614	False
0.00017820178129765083	0.6169154228855721	0.062424506355894374	0.03781594749336689	4	7	8	3	6	ENSG00000198420	0.9819869795482614	False
0.0008467035887925405	0.6169154228855721	0.11308840330002377	0.07835022343084973	12	7	18	10	14	ENSG00000205981	0.9819869795482614	False
0.005849909679078734	0.6169154228855721	0.40248256568682156	0.44137168141592914	21	6	8	3	5	ENSG00000233184	0.9819869795482614	False
0.003038048738789747	0.6169154228855721	0.2970336725176447	0.39519724599901745	21	7	15	6	11	ENSG00000237943	0.9819869795482614	False
3.470632127673852e-05	0.6169154228855721	0.044790786473205904	0.03169283722647511	15	7	18	7	14	ENSG00000247596	0.9819869795482614	False
0.006198105673095038	0.6169154228855721	0.2217777711893267	0.2620661232713619	2	5	6	3	5	ENSG00000267757	0.9819869795482614	False
0.0016417520317608962	0.6218905472636815	0.15665454971857412	0.1757448300035051	17	4	4	3	4	ENSG00000023041	0.9819869795482614	False
0.0012353367104554738	0.6218905472636815	0.09218909322314187	0.11452755166079552	13	7	16	7	12	ENSG00000036257	0.9819869795482614	False
0.0013036133138743856	0.6218905472636815	0.10954610472043005	0.12301827724322087	8	7	15	6	9	ENSG00000070610	0.9819869795482614	False
0.003338471455322932	0.6218905472636815	0.2211704802415942	0.26899982572600956	19	7	19	8	14	ENSG00000089006	0.9819869795482614	False
0.0029437249129470435	0.6218905472636815	0.2622251405628422	0.1608357221486486	12	5	8	4	5	ENSG00000100242	0.9819869795482614	False
0.0027982854594090414	0.6218905472636815	0.11653247531009145	0.14386168037971278	8	7	19	7	16	ENSG00000101557	0.9819869795482614	False
0.0040406345177463445	0.6218905472636815	0.28012161626776166	0.198329562877269	12	7	12	3	9	ENSG00000105698	0.9819869795482614	False
0.0005023260390472513	0.6218905472636815	0.12886365535379068	0.05720861163500436	4	7	15	7	11	ENSG00000121895	0.9819869795482614	False
0.0011595893596308777	0.6218905472636815	0.21364158410177864	0.3503696561295141	3	7	17	6	11	ENSG00000140379	0.9819869795482614	False
0.004740396903246483	0.6218905472636815	0.3274542534124914	0.2811503053504694	17	7	11	4	7	ENSG00000140464	0.9819869795482614	False
0.0007991188232343977	0.6218905472636815	0.6162855599405478	0.6654065901590899	20	7	12	3	8	ENSG00000144218	0.9819869795482614	False
0.00043823981576176553	0.6218905472636815	0.1085379613799967	0.08234814890248755	4	7	14	4	10	ENSG00000146842	0.9819869795482614	False
0.00574792906533461	0.6218905472636815	0.37520852832378654	0.36128643487566303	35	7	12	4	8	ENSG00000147099	0.9819869795482614	False
0.0004602739312493841	0.6218905472636815	0.061456947320681306	0.0679192311845373	8	4	4	3	4	ENSG00000151422	0.9819869795482614	False
0.0010888597931277785	0.6218905472636815	0.3374220414824147	0.12916523531432494	8	7	10	3	7	ENSG00000157450	0.9819869795482614	False
0.0003095169111005325	0.6218905472636815	0.08411614645858351	0.03861003861003863	6	7	14	4	9	ENSG00000159685	0.9819869795482614	False
0.0004755243651484199	0.6218905472636815	0.15149235200394295	0.14708495534692012	4	7	16	5	11	ENSG00000164109	0.9819869795482614	False
0.008292468050491265	0.6218905472636815	0.09294974221228537	0.16128799385766276	8	7	19	12	17	ENSG00000164587	0.9819869795482614	False
0.0011307382803438602	0.6218905472636815	0.13746114191074266	0.09672579794249538	4	7	11	3	8	ENSG00000165288	0.9819869795482614	False
0.0036812114077748974	0.6218905472636815	0.1466118693105622	0.1871385661738553	7	7	12	3	9	ENSG00000167604	0.9819869795482614	False
0.001581229041036119	0.6218905472636815	0.1270833333333333	0.0984848484848485	5	5	6	3	4	ENSG00000169299	0.9819869795482614	False
1.5259085960616288e-05	0.6218905472636815	0.026101389481671122	0.025597092419522335	2	3	5	3	4	ENSG00000174004	0.9819869795482614	False
0.006872848039445824	0.6218905472636815	0.613946562806247	0.5843044379255591	35	7	13	3	8	ENSG00000174720	0.9819869795482614	False
4.5148803295391905e-06	0.6218905472636815	0.007352941176470592	0.007142857142857136	3	7	12	4	11	ENSG00000178567	0.9819869795482614	False
0.005690058311687394	0.6218905472636815	0.3036547683556625	0.35289575289575287	10	3	6	3	5	ENSG00000196588	0.9819869795482614	False
0.00020679242177023345	0.6218905472636815	0.10167338229809	0.05031862023584824	11	7	19	7	16	ENSG00000198408	0.9819869795482614	False
0.0003376664878097813	0.6218905472636815	0.08337154356425681	0.09145427286356823	7	7	12	3	9	ENSG00000198858	0.9819869795482614	False
0.0006361030567208711	0.6218905472636815	0.12773981794528796	0.10852180862366845	13	7	18	9	16	ENSG00000232956	0.9819869795482614	False
0.005636904486714966	0.6218905472636815	0.21430542228016208	0.20211555444849533	8	7	14	4	9	ENSG00000247092	0.9819869795482614	False
0.00034474958706381834	0.6218905472636815	0.2060889205459399	0.1664566786483359	2	6	10	3	6	ENSG00000276085	0.9819869795482614	False
6.44465683825907e-05	0.6268656716417911	0.01935483870967739	0.020618556701030945	2	7	11	3	7	ENSG00000030110	0.9819869795482614	False
0.0051268510851757414	0.6268656716417911	0.3415060034036743	0.3041791571151472	25	7	11	3	6	ENSG00000050426	0.9819869795482614	False
0.005308601603895692	0.6268656716417911	0.17340596858894458	0.1611770646298428	12	7	18	9	14	ENSG00000054267	0.9819869795482614	False
0.00033738840533809674	0.6268656716417911	0.05064406618448059	0.08263154749274476	10	7	19	10	18	ENSG00000067560	0.9819869795482614	False
0.0019306589792269014	0.6268656716417911	0.09805994292861073	0.05875246063784892	4	7	14	3	9	ENSG00000070047	0.9819869795482614	False
0.001989517249354775	0.6268656716417911	0.0979763172651103	0.08934737569060772	2	4	5	3	4	ENSG00000079739	0.9819869795482614	False
0.007649278146381058	0.6268656716417911	0.1736495908242162	0.21701692247146795	8	7	14	4	8	ENSG00000087157	0.9819869795482614	False
0.00019876723123492254	0.6268656716417911	0.03686354060161721	0.03420781335172519	4	7	13	4	8	ENSG00000100324	0.9819869795482614	False
0.009273827900404246	0.6268656716417911	0.1667872767530348	0.247804018676621	9	7	16	4	12	ENSG00000104980	0.9819869795482614	False
5.920436963143156e-07	0.6268656716417911	0.0035562630199682437	0.002088182694196187	3	7	19	12	18	ENSG00000105583	0.9819869795482614	False
0.00432142470309519	0.6268656716417911	0.32879290732020866	0.19963038673268335	6	6	6	3	5	ENSG00000107614	0.9819869795482614	False
0.00016151258920328682	0.6268656716417911	0.0288920473802791	0.027313167259786487	3	7	17	7	12	ENSG00000110048	0.9819869795482614	False
0.00037785777889718156	0.6268656716417911	0.10958215822656661	0.064713753426331	7	7	12	3	7	ENSG00000111684	0.9819869795482614	False
1.3847721312727665e-05	0.6268656716417911	0.032464216564868975	0.009195913285665751	4	7	18	10	14	ENSG00000112110	0.9819869795482614	False
7.566774180652149e-05	0.6268656716417911	0.02882956192903494	0.026367652526728437	4	7	15	5	9	ENSG00000113194	0.9819869795482614	False
0.006030664097285076	0.6268656716417911	0.36076082695638767	0.28213521144240017	12	5	5	3	4	ENSG00000113719	0.9819869795482614	False
0.0001661536147592711	0.6268656716417911	0.06837531120635786	0.05544590539310499	3	7	18	8	15	ENSG00000115241	0.9819869795482614	False
0.003941759790930191	0.6268656716417911	0.28764832115273264	0.23653393283386825	18	6	9	4	5	ENSG00000123106	0.9819869795482614	False
0.0037252373846809296	0.6268656716417911	0.13037029930367028	0.14512596550246779	4	7	17	7	14	ENSG00000134186	0.9819869795482614	False
0.0012617079778413592	0.6268656716417911	0.12966060162718798	0.11131032217447244	11	7	13	5	10	ENSG00000140943	0.9819869795482614	False
0.004913357181816037	0.6268656716417911	0.3779800299825331	0.3851633505281257	20	7	14	3	9	ENSG00000143569	0.9819869795482614	False
0.01245490195391535	0.6268656716417911	0.40508232851138143	0.3771419425300343	44	7	14	3	10	ENSG00000146282	0.9819869795482614	False
0.002231800896363754	0.6268656716417911	0.15218433636891915	0.1565944154257417	6	7	18	7	16	ENSG00000146701	0.9819869795482614	False
0.00032255673487453345	0.6268656716417911	0.08218895412117358	0.04877509391696068	10	7	18	8	13	ENSG00000152240	0.9819869795482614	False
0.0015137866897084846	0.6268656716417911	0.1911505903553553	0.1660130718954248	7	7	10	3	7	ENSG00000155287	0.9819869795482614	False
0.004759899606489797	0.6268656716417911	0.2563774873667412	0.23552993737285097	5	7	11	3	7	ENSG00000160917	0.9819869795482614	False
0.0018755640103733425	0.6268656716417911	0.10453811205184525	0.07528512313578883	4	7	19	11	18	ENSG00000162385	0.9819869795482614	False
0.0005774528717542673	0.6268656716417911	0.10190455467071953	0.052407714513850505	5	6	10	4	6	ENSG00000162980	0.9819869795482614	False
0.00037240574618398165	0.6268656716417911	0.16512525376594545	0.06442110709174578	11	7	16	5	11	ENSG00000168439	0.9819869795482614	False
9.104917566404394e-06	0.6268656716417911	0.012371875314387932	0.008591707134852456	4	7	18	6	15	ENSG00000170584	0.9819869795482614	False
0.004932120137292934	0.6268656716417911	0.23070897619898034	0.25276584486203846	8	7	15	4	10	ENSG00000171311	0.9819869795482614	False
0.0008664486532950237	0.6268656716417911	0.1087620909414422	0.0970858829711154	24	7	19	11	16	ENSG00000176978	0.9819869795482614	False
0.00037345891808349114	0.6268656716417911	0.14854166161177626	0.06582414757206673	5	7	18	9	13	ENSG00000182180	0.9819869795482614	False
0.0011318738393540594	0.6268656716417911	0.19478531748694589	0.13651137669843533	11	7	10	5	8	ENSG00000184588	0.9819869795482614	False
0.005836685009610594	0.6268656716417911	0.4080132489640862	0.401753768005784	11	5	7	3	4	ENSG00000187838	0.9819869795482614	False
0.00144899172672629	0.6268656716417911	0.25277226048629825	0.19387096774193546	4	6	10	3	7	ENSG00000198171	0.9819869795482614	False
0.009378133309649653	0.6268656716417911	0.47218223996770203	0.4603554340396445	14	6	9	3	5	ENSG00000204344	0.9819869795482614	False
0.00222071045185831	0.6268656716417911	0.2284526591395126	0.21663176213792698	13	7	17	7	12	ENSG00000214413	0.9819869795482614	False
0.0013977927330733892	0.6268656716417911	0.17191417606992082	0.19894347391215683	21	7	17	6	11	ENSG00000237765	0.9819869795482614	False
0.002339445749451816	0.6268656716417911	0.40704123462744146	0.5005327245053273	6	5	6	3	4	ENSG00000272758	0.9819869795482614	False
0.0017183328381229796	0.6318407960199005	0.13905528115242413	0.19152527033459138	4	7	19	8	16	ENSG00000025800	0.9819869795482614	False
0.000780381604121627	0.6318407960199005	0.08487292840005105	0.11935982516457447	12	7	14	4	10	ENSG00000071553	0.9819869795482614	False
1.2062215758690164e-05	0.6318407960199005	0.01597821864250326	0.01170148978368157	6	7	17	5	11	ENSG00000073111	0.9819869795482614	False
0.0022783184958252837	0.6318407960199005	0.30706008629037695	0.33552036199095026	24	7	17	5	10	ENSG00000073921	0.9819869795482614	False
0.005015027821477006	0.6318407960199005	0.1778191501365547	0.26469562183847894	9	4	5	3	4	ENSG00000082258	0.9819869795482614	False
0.001602478256186184	0.6318407960199005	0.18389514300081292	0.15759404860012916	6	5	5	3	4	ENSG00000090565	0.9819869795482614	False
0.0036887792785402587	0.6318407960199005	0.30100645451614516	0.20557299843014132	17	7	10	4	6	ENSG00000093010	0.9819869795482614	False
0.0002890491798042053	0.6318407960199005	0.049343573509382926	0.029621763909351936	3	7	18	6	13	ENSG00000099385	0.9819869795482614	False
0.00868464354207904	0.6318407960199005	0.3756102028715355	0.3114	20	5	7	3	5	ENSG00000100578	0.9819869795482614	False
0.0010407548478060464	0.6318407960199005	0.12425299467881795	0.09100228225694265	3	7	16	7	11	ENSG00000109270	0.9819869795482614	False
0.0017146864120655939	0.6318407960199005	0.19838164176160264	0.42111185050628586	9	7	17	8	13	ENSG00000116521	0.9819869795482614	False
1.6037873050345196e-06	0.6318407960199005	0.0017857142857142824	0.00438212094653812	3	7	15	4	10	ENSG00000118689	0.9819869795482614	False
0.007497927387087527	0.6318407960199005	0.34576789609353176	0.34196372732958097	9	7	10	3	7	ENSG00000119979	0.9819869795482614	False
0.0076003375542297545	0.6318407960199005	0.4642926072428405	0.34533512464546945	16	5	8	3	6	ENSG00000121067	0.9819869795482614	False
0.0028687298251368074	0.6318407960199005	0.1827109534581352	0.1469053447023697	8	7	14	4	9	ENSG00000122882	0.9819869795482614	False
0.002156658910438291	0.6318407960199005	0.20228937517916207	0.19423272357723576	9	7	16	6	11	ENSG00000123143	0.9819869795482614	False
0.006861175197404394	0.6318407960199005	0.14722074323729004	0.146321515545863	27	7	18	7	15	ENSG00000129460	0.9819869795482614	False
0.00028145049867107864	0.6318407960199005	0.06360558420584704	0.056672229359009764	8	7	16	6	11	ENSG00000131732	0.9819869795482614	False
0.012009518930347306	0.6318407960199005	0.30497482685254584	0.3252800424206271	6	5	6	3	4	ENSG00000132153	0.9819869795482614	False
0.005885983975828136	0.6318407960199005	0.40005251707894596	0.4393925991449211	54	7	14	4	9	ENSG00000132155	0.9819869795482614	False
0.002613567000047161	0.6318407960199005	0.2510889677176494	0.13492063492063489	6	3	4	3	4	ENSG00000132879	0.9819869795482614	False
1.0549772063646246e-05	0.6318407960199005	0.010615042985780072	0.003590821509896651	2	3	5	4	4	ENSG00000134049	0.9819869795482614	False
0.0016605954319346573	0.6318407960199005	0.09933876318447131	0.1503559037847072	5	7	18	6	13	ENSG00000134308	0.9819869795482614	False
1.7864581860814952e-05	0.6318407960199005	0.022686823281674772	0.011606504834565604	6	7	19	12	17	ENSG00000138495	0.9819869795482614	False
0.00031256913390460746	0.6318407960199005	0.06343787801150638	0.06478877640294961	12	7	18	7	14	ENSG00000140395	0.9819869795482614	False
0.0005012387051395079	0.6318407960199005	0.11756622161990996	0.09963856674814082	4	7	15	6	11	ENSG00000141424	0.9819869795482614	False
0.0007073446766825171	0.6318407960199005	0.0637818055521337	0.049589956334677686	6	7	16	7	10	ENSG00000141971	0.9819869795482614	False
0.00136444006367035	0.6318407960199005	0.10318865512366361	0.11181669937953694	9	7	19	13	19	ENSG00000142227	0.9819869795482614	False
0.003003358012917904	0.6318407960199005	0.291805854464519	0.11401610085820615	7	7	12	3	8	ENSG00000143633	0.9819869795482614	False
0.012570413334749765	0.6318407960199005	0.1660071365294957	0.2327506928796933	8	7	10	3	7	ENSG00000146143	0.9819869795482614	False
0.0008949579348748825	0.6318407960199005	0.14436655602625206	0.1119328105838195	7	7	14	4	11	ENSG00000157500	0.9819869795482614	False
0.0006880067804999911	0.6318407960199005	0.09631802706643294	0.06966159405183793	5	7	15	6	11	ENSG00000162441	0.9819869795482614	False
0.0036464232341432467	0.6318407960199005	0.0801282051282051	0.10964912280701755	2	6	10	4	6	ENSG00000164332	0.9819869795482614	False
2.683430582273682e-05	0.6318407960199005	0.016916983548655833	0.017668864839196392	3	7	19	9	17	ENSG00000166902	0.9819869795482614	False
0.0004461213173135072	0.6318407960199005	0.10208563657928293	0.10617772624628834	22	7	19	13	18	ENSG00000167978	0.9819869795482614	False
0.0055271861015634685	0.6318407960199005	0.14101296660099222	0.19051894927381308	6	5	6	3	4	ENSG00000168438	0.9819869795482614	False
0.004002578614987061	0.6318407960199005	0.3046285840245171	0.19238878347037736	13	5	5	3	4	ENSG00000174373	0.9819869795482614	False
0.0021216972105231246	0.6318407960199005	0.21346056183420836	0.15217351111899952	3	5	7	3	5	ENSG00000181751	0.9819869795482614	False
0.0003022077882505256	0.6318407960199005	0.04830917874396129	0.09999999999999999	2	5	5	3	4	ENSG00000185129	0.9819869795482614	False
0.010600659887678665	0.6318407960199005	0.4051515367071103	0.43678390177958026	13	5	5	3	4	ENSG00000196367	0.9819869795482614	False
0.00014712057890426818	0.6318407960199005	0.06194666135073516	0.0677448640796846	8	7	18	7	15	ENSG00000196419	0.9819869795482614	False
0.00731455424847585	0.6318407960199005	0.3426624088641551	0.2993375046006625	15	6	11	4	7	ENSG00000198860	0.9819869795482614	False
0.010602908237446626	0.6318407960199005	0.2471187943093728	0.29653104864649715	14	7	17	6	12	ENSG00000214046	0.9819869795482614	False
0.0004349553016632608	0.6318407960199005	0.07960285450683609	0.07919053789176578	2	6	10	4	7	ENSG00000231663	0.9819869795482614	False
0.00025658075298807376	0.6318407960199005	0.061111111111111116	0.045454545454545435	5	7	12	5	8	ENSG00000247077	0.9819869795482614	False
0.0020914019980310655	0.6318407960199005	0.10289475923282902	0.19297445710957653	9	7	19	9	15	ENSG00000283103	0.9819869795482614	False
0.00026443244404098496	0.6368159203980099	0.0398284886958459	0.04335260115606937	9	7	15	5	9	ENSG00000008513	0.9819869795482614	False
0.0011690794224279094	0.6368159203980099	0.11050562414994906	0.06533859852355957	17	7	19	10	18	ENSG00000010244	0.9819869795482614	False
0.011826204259104198	0.6368159203980099	0.25509661474031653	0.34056163668453715	11	7	18	5	13	ENSG00000069329	0.9819869795482614	False
0.0015678004123266165	0.6368159203980099	0.14427408601380176	0.10050849291355622	5	7	14	3	9	ENSG00000083844	0.9819869795482614	False
0.0045164228942217765	0.6368159203980099	0.1010874901154406	0.18245296887194534	12	7	19	12	19	ENSG00000089280	0.9819869795482614	False
0.0002676527589605848	0.6368159203980099	0.03431006280785509	0.032471190505460185	3	7	18	6	13	ENSG00000100347	0.9819869795482614	False
0.004641974951929792	0.6368159203980099	0.27997698536743826	0.30873685887225233	11	5	7	3	5	ENSG00000100532	0.9819869795482614	False
0.0005904179913473035	0.6368159203980099	0.1821638553512188	0.09524737668171464	30	7	15	6	11	ENSG00000101347	0.9819869795482614	False
0.0013602595511897383	0.6368159203980099	0.09755888055440001	0.10809099437148222	15	7	12	4	9	ENSG00000102393	0.9819869795482614	False
0.004437617787303108	0.6368159203980099	0.23503754575413657	0.1971685079548463	18	7	18	8	14	ENSG00000103275	0.9819869795482614	False
0.00015338076474968038	0.6368159203980099	0.06505155348544629	0.037887332608740276	9	7	19	12	17	ENSG00000106245	0.9819869795482614	False
0.0016188389931172564	0.6368159203980099	0.10429429889522465	0.09591097308488611	5	4	5	3	4	ENSG00000106868	0.9819869795482614	False
4.614124901146529e-05	0.6368159203980099	0.05144480519480515	0.0511627906976744	2	4	8	4	5	ENSG00000110400	0.9819869795482614	False
0.012890303247021685	0.6368159203980099	0.2681414974398804	0.4130785791173304	11	7	14	5	10	ENSG00000113580	0.9819869795482614	False
0.0003397355661268288	0.6368159203980099	0.05682464045006849	0.059518171197625584	2	5	8	4	5	ENSG00000117133	0.9819869795482614	False
0.00014677922462522764	0.6368159203980099	0.05891788529225331	0.04791890948595809	8	7	18	9	15	ENSG00000127125	0.9819869795482614	False
0.002494935005159002	0.6368159203980099	0.21683959954066354	0.20528001181145467	10	7	19	8	14	ENSG00000128951	0.9819869795482614	False
0.0010496737608694667	0.6368159203980099	0.08772150204905885	0.19309869858459205	6	7	11	4	7	ENSG00000136478	0.9819869795482614	False
1.5886575126496716e-05	0.6368159203980099	0.03551603574811232	0.015482950995597208	14	7	19	10	16	ENSG00000136521	0.9819869795482614	False
0.0017569922238181677	0.6368159203980099	0.27593554425351163	0.2552073955228761	8	7	14	6	10	ENSG00000140563	0.9819869795482614	False
0.005643948853011772	0.6368159203980099	0.4289896567146491	0.36969696969696975	22	5	7	3	4	ENSG00000141127	0.9819869795482614	False
0.0013456226458880346	0.6368159203980099	0.12715459384099642	0.08298219819117358	4	7	16	6	12	ENSG00000143013	0.9819869795482614	False
6.894002779338353e-05	0.6368159203980099	0.06908522577564065	0.023890784982935166	2	7	12	3	9	ENSG00000144597	0.9819869795482614	False
0.0009357134963393856	0.6368159203980099	0.1581902276954213	0.10993937048503608	11	7	17	7	14	ENSG00000147548	0.9819869795482614	False
6.049590041049068e-05	0.6368159203980099	0.028627232034371935	0.0176977857452425	4	7	14	4	9	ENSG00000149657	0.9819869795482614	False
0.0021103414430566534	0.6368159203980099	0.14085989892422193	0.1309884405546252	4	7	16	6	11	ENSG00000152219	0.9819869795482614	False
0.012651423080823898	0.6368159203980099	0.16385525474835536	0.288482167836826	10	7	19	10	17	ENSG00000162244	0.9819869795482614	False
0.0025128507533809	0.6368159203980099	0.2379586904587763	0.2333461609915337	11	7	13	4	9	ENSG00000166887	0.9819869795482614	False
0.0011835442773221105	0.6368159203980099	0.1024114340503171	0.11334268256035261	10	5	5	3	3	ENSG00000169118	0.9819869795482614	False
0.0028151285522597163	0.6368159203980099	0.12741689699179742	0.14339613995157754	10	7	10	4	6	ENSG00000169359	0.9819869795482614	False
0.0001021110846125473	0.6368159203980099	0.10505785391280949	0.08229033511699586	12	7	19	12	17	ENSG00000171490	0.9819869795482614	False
0.0006819613588585887	0.6368159203980099	0.10935190769047819	0.1291274625329816	11	7	19	11	17	ENSG00000175482	0.9819869795482614	False
0.0011848429744818255	0.6368159203980099	0.20169069312440308	0.2043672631907926	9	7	12	5	9	ENSG00000178188	0.9819869795482614	False
0.016340521926291186	0.6368159203980099	0.527240865051748	0.6194586020690218	25	5	8	3	5	ENSG00000196305	0.9819869795482614	False
0.0035058216731620726	0.6368159203980099	0.1636565602771097	0.18810549865371418	4	7	19	10	16	ENSG00000197728	0.9819869795482614	False
0.0023063466238999533	0.6368159203980099	0.25882425741626003	0.2689958592132506	7	7	11	5	7	ENSG00000197965	0.9819869795482614	False
0.00011892489406619008	0.6368159203980099	0.05178853548944796	0.04804147916259051	4	7	19	7	15	ENSG00000214756	0.9819869795482614	False
8.325238352437405e-07	0.6368159203980099	0.013164603903026902	0.0020161290322580913	2	7	19	8	15	ENSG00000244509	0.9819869795482614	False
0.0015101844795727289	0.6368159203980099	0.08384755967303137	0.17046468320990865	2	7	10	3	7	ENSG00000259330	0.9819869795482614	False
0.0023333612653283604	0.6368159203980099	0.38968157086120325	0.2823484208099593	6	4	7	3	6	ENSG00000271605	0.9819869795482614	False
2.44145128629413e-06	0.6417910447761194	0.02445374173096842	0.005391562021165015	16	7	19	13	18	ENSG00000051523	0.9819869795482614	False
0.0012175273837677337	0.6417910447761194	0.4406843716771078	0.15024789148268947	10	6	7	3	4	ENSG00000064886	0.9819869795482614	False
0.00013827903427458262	0.6417910447761194	0.10300130281032632	0.0946755539261642	9	7	17	8	13	ENSG00000072135	0.9819869795482614	False
0.0014695556898023758	0.6417910447761194	0.20681555111321073	0.23121907621907617	20	7	19	8	15	ENSG00000075539	0.9819869795482614	False
6.890659478907689e-05	0.6417910447761194	0.04267754642990851	0.06869880706393873	4	7	15	5	10	ENSG00000076641	0.9819869795482614	False
0.005382484046208828	0.6417910447761194	0.26776065072689686	0.2045057062398103	11	7	15	5	11	ENSG00000081665	0.9819869795482614	False
0.0007923879262904344	0.6417910447761194	0.10478148166437636	0.10371009000396761	18	7	19	11	18	ENSG00000100650	0.9819869795482614	False
0.00029228630807146856	0.6417910447761194	0.08203487788630578	0.07570251529789478	5	7	18	9	16	ENSG00000105939	0.9819869795482614	False
0.0015289978830948443	0.6417910447761194	0.06400772602529894	0.07413608821226582	9	7	18	9	14	ENSG00000106588	0.9819869795482614	False
2.3451994571375187e-05	0.6417910447761194	0.038507567224350794	0.02890969544092622	5	7	18	6	12	ENSG00000106605	0.9819869795482614	False
0.0015779924226788553	0.6417910447761194	0.16286635031611163	0.13923460433921073	13	7	17	7	15	ENSG00000108622	0.9819869795482614	False
0.0029512046303139033	0.6417910447761194	0.2728089919633069	0.31338118083418715	7	7	17	6	12	ENSG00000110367	0.9819869795482614	False
0.0010303900534379183	0.6417910447761194	0.18658237883399414	0.19344142691017607	11	7	18	7	14	ENSG00000111142	0.9819869795482614	False
0.0016577585777459553	0.6417910447761194	0.1706645985623499	0.15199625575548914	15	7	18	7	13	ENSG00000113407	0.9819869795482614	False
0.005544344857785174	0.6417910447761194	0.2733279390016822	0.24289415247964466	6	7	8	3	5	ENSG00000115325	0.9819869795482614	False
0.00011082323595876139	0.6417910447761194	0.1577730210983896	0.03993111691595609	3	5	8	3	5	ENSG00000117399	0.9819869795482614	False
3.5354951522336147e-06	0.6417910447761194	0.02961649442502221	0.005001469464220691	6	7	19	13	19	ENSG00000118181	0.9819869795482614	False
0.013039184526563698	0.6417910447761194	0.2304828733202454	0.23729394971063514	6	7	13	4	9	ENSG00000124226	0.9819869795482614	False
0.00802340491021325	0.6417910447761194	0.24201222753854326	0.2553575373738861	8	7	11	3	7	ENSG00000132386	0.9819869795482614	False
0.004791891839783821	0.6417910447761194	0.26207617017725643	0.19501771530391013	11	7	17	5	11	ENSG00000134574	0.9819869795482614	False
7.084971641194518e-06	0.6417910447761194	0.012393493072069831	0.008088541499823835	3	7	18	7	14	ENSG00000135972	0.9819869795482614	False
0.0010383455653450548	0.6417910447761194	0.09552040613612288	0.10407036009766968	3	7	19	10	17	ENSG00000136950	0.9819869795482614	False
0.001045023140126727	0.6417910447761194	0.30568982256816385	0.6295730669338444	2	6	9	3	6	ENSG00000137393	0.9819869795482614	False
0.006389147286962675	0.6417910447761194	0.3080181606016619	0.3002217719418606	11	7	16	5	11	ENSG00000141298	0.9819869795482614	False
0.0003416186759785071	0.6417910447761194	0.10297641903757539	0.04868633213932182	7	7	15	5	11	ENSG00000144635	0.9819869795482614	False
0.0045012658544290604	0.6417910447761194	0.16492632350881883	0.30444981562393486	6	7	16	5	9	ENSG00000146112	0.9819869795482614	False
1.5488709628918142e-05	0.6417910447761194	0.024607396149949327	0.012318985319085226	3	7	17	6	12	ENSG00000153179	0.9819869795482614	False
2.945165956636807e-06	0.6417910447761194	0.009375000000000012	0.005660377358490565	2	7	16	4	10	ENSG00000155304	0.9819869795482614	False
0.005274316570637761	0.6417910447761194	0.10155790130116756	0.17319895483389328	5	6	10	4	7	ENSG00000157869	0.9819869795482614	False
0.001056366593735724	0.6417910447761194	0.09110005454536496	0.08153993878653305	8	7	14	4	8	ENSG00000163832	0.9819869795482614	False
0.00033294967453396056	0.6417910447761194	0.11692294017899274	0.09422616141246995	4	7	19	9	16	ENSG00000164091	0.9819869795482614	False
0.0018866312947533174	0.6417910447761194	0.32265756335734364	0.32241987704172576	17	7	13	5	9	ENSG00000164754	0.9819869795482614	False
0.006011183761468872	0.6417910447761194	0.28279742448541184	0.29724105712760274	20	7	18	7	11	ENSG00000166012	0.9819869795482614	False
0.0026507137053458523	0.6417910447761194	0.13399009279188157	0.1372909663371014	10	7	19	11	16	ENSG00000169714	0.9819869795482614	False
4.676084098972109e-06	0.6417910447761194	0.015217391304347865	0.023728813559322014	3	7	12	4	8	ENSG00000169871	0.9819869795482614	False
0.0017779267761500682	0.6417910447761194	0.09121233185107563	0.09534246200609502	25	7	19	7	16	ENSG00000178035	0.9819869795482614	False
0.00558094978918141	0.6417910447761194	0.19300263421652528	0.288366861484563	9	7	17	7	11	ENSG00000185043	0.9819869795482614	False
0.00166706046873877	0.6417910447761194	0.09952145934734101	0.17597512813605398	3	7	15	5	10	ENSG00000188820	0.9819869795482614	False
0.0015303992688590823	0.6417910447761194	0.14734643468368133	0.12443319509879128	7	7	18	8	14	ENSG00000189159	0.9819869795482614	False
2.5935220295058466e-05	0.6417910447761194	0.03297715214658184	0.017318250026755584	4	7	18	10	14	ENSG00000198162	0.9819869795482614	False
0.008167067287537605	0.6417910447761194	0.3684095154764014	0.26016260162601623	5	7	10	3	7	ENSG00000213523	0.9819869795482614	False
0.0007722688254851208	0.6417910447761194	0.26632375340351	0.43133887474607213	3	7	13	3	6	ENSG00000235169	0.9819869795482614	False
0.0013766938834736393	0.6417910447761194	0.13732489829965497	0.09740139803594035	5	7	19	8	15	ENSG00000243927	0.9819869795482614	False
0.0006499600770137079	0.6467661691542289	0.11524427026340477	0.08359572852590758	6	7	19	6	13	ENSG00000001629	0.9819869795482614	False
0.0018284542716599612	0.6467661691542289	0.2572686954297785	0.12955320541527438	15	7	9	4	6	ENSG00000014216	0.9819869795482614	False
0.005421239852807028	0.6467661691542289	0.2807474710666893	0.24593784683684797	13	6	8	3	5	ENSG00000023318	0.9819869795482614	False
0.004873191261976287	0.6467661691542289	0.17784654977873282	0.20467393651697072	19	7	17	7	14	ENSG00000039650	0.9819869795482614	False
0.0010080370317063873	0.6467661691542289	0.23797761730125774	0.19979638914477219	19	7	17	8	14	ENSG00000060237	0.9819869795482614	False
0.00024257260140896802	0.6467661691542289	0.1007384194192402	0.046334633463346354	12	7	16	5	13	ENSG00000066322	0.9819869795482614	False
0.0006732695601534268	0.6467661691542289	0.15377769264580754	0.09630236794171224	3	5	7	3	6	ENSG00000068383	0.9819869795482614	False
0.012170530778202742	0.6467661691542289	0.26963854045652014	0.3054839676356008	10	6	10	3	7	ENSG00000099810	0.9819869795482614	False
0.0008346770082315245	0.6467661691542289	0.1721256488277586	0.15829997733137496	9	7	19	8	13	ENSG00000099991	0.9819869795482614	False
0.00019672319399045135	0.6467661691542289	0.08693464872542701	0.11848479954782187	6	7	16	3	9	ENSG00000114450	0.9819869795482614	False
0.002725094128083692	0.6467661691542289	0.2510194866501041	0.20050222780253113	8	7	13	4	9	ENSG00000121766	0.9819869795482614	False
1.1591550290612346e-06	0.6467661691542289	0.021558496741816792	0.0027944088650226264	7	7	19	12	18	ENSG00000123416	0.9819869795482614	False
3.844920782065092e-07	0.6467661691542289	0.005077086656034074	0.002433090024330899	2	7	17	6	12	ENSG00000125827	0.9819869795482614	False
0.0004738501099851281	0.6467661691542289	0.05833796812085322	0.08912278205634243	5	7	19	8	16	ENSG00000126698	0.9819869795482614	False
0.0008700053980184239	0.6467661691542289	0.08410753285538544	0.13932345871702267	13	7	19	12	19	ENSG00000132475	0.9819869795482614	False
0.008996905155083848	0.6467661691542289	0.13380689557135092	0.224759389803533	7	7	18	9	16	ENSG00000134248	0.9819869795482614	False
0.0014532371961499444	0.6467661691542289	0.23905308644908563	0.30189551548774846	19	7	15	5	13	ENSG00000135899	0.9819869795482614	False
0.0008603142829677424	0.6467661691542289	0.13521762805375498	0.1488404325613628	3	6	12	4	8	ENSG00000137574	0.9819869795482614	False
0.0009357481712918809	0.6467661691542289	0.30409371399926066	0.2325471698113208	18	7	10	4	8	ENSG00000143702	0.9819869795482614	False
1.0527165874169342e-06	0.6467661691542289	0.010755662061327874	0.006219135044493788	6	7	17	6	10	ENSG00000147443	0.9819869795482614	False
0.0065259575977847034	0.6467661691542289	0.2781554019457245	0.3461948790896159	4	7	12	3	9	ENSG00000162852	0.9819869795482614	False
0.0007560606633151902	0.6467661691542289	0.10595098667146466	0.12440331640087084	9	7	18	8	14	ENSG00000164609	0.9819869795482614	False
0.00047374801416560734	0.6467661691542289	0.13893154526721274	0.31479653811114483	2	5	10	3	6	ENSG00000181104	0.9819869795482614	False
0.00017909205682845926	0.6467661691542289	0.06872621996154404	0.048597130006425376	4	5	7	3	4	ENSG00000181610	0.9819869795482614	False
0.0010215351475471137	0.6467661691542289	0.07219974632828836	0.08114761125166355	11	7	19	10	17	ENSG00000184787	0.9819869795482614	False
0.00506302433461291	0.6467661691542289	0.25501894645295126	0.27270986275135656	5	7	15	4	9	ENSG00000188542	0.9819869795482614	False
0.00010818412298550808	0.6467661691542289	0.03888601227743421	0.028864592094196794	4	7	15	5	10	ENSG00000196455	0.9819869795482614	False
0.0011438378077640178	0.6467661691542289	0.13821439409628763	0.11652072525593912	5	7	19	8	16	ENSG00000203667	0.9819869795482614	False
0.0006788643307908388	0.6467661691542289	0.0810418642460372	0.07441819651121975	6	6	8	4	6	ENSG00000204386	0.9819869795482614	False
0.0009218135673267355	0.6467661691542289	0.0856654717888456	0.10890473739060556	9	7	13	3	7	ENSG00000205250	0.9819869795482614	False
0.0007980202335623207	0.6467661691542289	0.22580507263780267	0.24673979448877134	2	6	12	3	7	ENSG00000288302	0.9819869795482614	False
0.0022531584882811216	0.6467661691542289	0.40978075188384366	0.4074791486258602	9	7	12	3	10	ENSG00000291060	0.9819869795482614	False
5.266592450597728e-05	0.6517412935323383	0.08147710635186907	0.021252333412022328	5	7	19	12	18	ENSG00000004059	0.9819869795482614	False
0.0007133239285567578	0.6517412935323383	0.17687176375819008	0.09363101588575568	7	7	12	3	7	ENSG00000023902	0.9819869795482614	False
0.001061339240634333	0.6517412935323383	0.15785484761145324	0.10876998893694058	13	7	11	3	7	ENSG00000040275	0.9819869795482614	False
0.0017557268602999667	0.6517412935323383	0.18567185356592542	0.1457642725598527	6	7	13	4	9	ENSG00000066654	0.9819869795482614	False
0.0028667918648816763	0.6517412935323383	0.21161537397326619	0.16835550866637916	13	7	18	5	13	ENSG00000075089	0.9819869795482614	False
0.00025772971416251265	0.6517412935323383	0.06292764889340238	0.09429651821371379	18	7	11	4	9	ENSG00000081059	0.9819869795482614	False
0.003567169201812891	0.6517412935323383	0.20362139718224861	0.17950030330603578	14	7	17	6	12	ENSG00000100445	0.9819869795482614	False
0.003483408046132706	0.6517412935323383	0.3128379368981883	0.22766898049404738	23	7	16	5	10	ENSG00000100722	0.9819869795482614	False
0.002349128195338699	0.6517412935323383	0.2491002218665996	0.43835544953034145	12	3	5	3	4	ENSG00000100934	0.9819869795482614	False
0.018380562928803995	0.6517412935323383	0.24499293136383787	0.32093814714333874	8	7	12	3	9	ENSG00000109016	0.9819869795482614	False
0.0012714796337915037	0.6517412935323383	0.23884486779184017	0.207256158011134	5	3	4	3	3	ENSG00000109084	0.9819869795482614	False
0.005116323010934102	0.6517412935323383	0.22634745460686231	0.19794740092337557	6	7	16	5	10	ENSG00000114779	0.9819869795482614	False
0.0010298668014143912	0.6517412935323383	0.11554889388756404	0.10069504834752677	5	7	17	8	14	ENSG00000117500	0.9819869795482614	False
0.003486066317857378	0.6517412935323383	0.135508318417544	0.1608834806857433	6	7	13	4	8	ENSG00000117528	0.9819869795482614	False
0.005797357801868095	0.6517412935323383	0.15296918731522058	0.14563258911085	4	7	16	6	10	ENSG00000117533	0.9819869795482614	False
0.0025219539751407667	0.6517412935323383	0.2832018299486039	0.32358122147397456	31	7	16	6	12	ENSG00000119397	0.9819869795482614	False
0.001734348636718332	0.6517412935323383	0.1460230577960068	0.22063965466582536	9	7	18	8	14	ENSG00000119801	0.9819869795482614	False
0.0019060289500931929	0.6517412935323383	0.23571202859228751	0.15712550354582686	8	7	9	3	6	ENSG00000123124	0.9819869795482614	False
0.0015873680976865232	0.6517412935323383	0.11427323960962324	0.10654796391325941	9	7	13	5	10	ENSG00000125386	0.9819869795482614	False
0.022715648131066846	0.6517412935323383	0.42063714063714064	0.296791327441334	3	6	8	3	5	ENSG00000132773	0.9819869795482614	False
0.0021908351000767827	0.6517412935323383	0.23283579715116398	0.140750624574154	7	6	9	3	5	ENSG00000138036	0.9819869795482614	False
0.002412374816995206	0.6517412935323383	0.17370896578120004	0.16745842443516856	8	7	13	4	10	ENSG00000139146	0.9819869795482614	False
0.010918130471506249	0.6517412935323383	0.2911386194794122	0.23839442948808776	9	6	6	3	4	ENSG00000143353	0.9819869795482614	False
0.00014641417472088315	0.6517412935323383	0.04443077497113569	0.027396607585286833	3	6	7	4	5	ENSG00000148331	0.9819869795482614	False
0.005334763478835599	0.6517412935323383	0.15362414679649486	0.17111172150129186	12	7	18	8	14	ENSG00000149100	0.9819869795482614	False
0.006821433586579766	0.6517412935323383	0.31422188080416197	0.3374037852836596	14	5	8	4	5	ENSG00000156931	0.9819869795482614	False
0.0033525121737923306	0.6517412935323383	0.15481317930957433	0.14767871786387377	6	7	14	6	8	ENSG00000161091	0.9819869795482614	False
0.017960379422420108	0.6517412935323383	0.2371687902317352	0.35325001364405395	7	6	8	3	5	ENSG00000164597	0.9819869795482614	False
0.001303879184639777	0.6517412935323383	0.17392977690151012	0.11183615161857481	5	7	15	5	10	ENSG00000165283	0.9819869795482614	False
0.0016631778099787389	0.6517412935323383	0.1675532012449588	0.26561367917693085	7	3	4	3	4	ENSG00000165929	0.9819869795482614	False
0.00024291335217143203	0.6517412935323383	0.0659845879546722	0.05658162722788883	4	7	12	5	8	ENSG00000167208	0.9819869795482614	False
0.00016149686110635667	0.6517412935323383	0.07605263039806671	0.13198951988358235	11	7	19	13	19	ENSG00000167996	0.9819869795482614	False
0.0009753800509767524	0.6517412935323383	0.12168123643263973	0.08437297180356243	9	6	8	3	6	ENSG00000168818	0.9819869795482614	False
0.0009184487649016951	0.6517412935323383	0.3323166819780702	0.2403478260869565	5	7	10	3	7	ENSG00000183354	0.9819869795482614	False
0.0049612150291198035	0.6517412935323383	0.35117260611401885	0.3745069745069745	16	4	6	3	4	ENSG00000186470	0.9819869795482614	False
0.002780940869599109	0.6517412935323383	0.13217621375544364	0.14348625117427807	25	7	19	9	16	ENSG00000205937	0.9819869795482614	False
0.0028206109074314207	0.6517412935323383	0.11467531155528747	0.12221526908635795	7	3	4	3	3	ENSG00000213096	0.9819869795482614	False
0.0027555540576462657	0.6517412935323383	0.31337589159159585	0.29134268484872167	22	7	14	5	12	ENSG00000231925	0.9819869795482614	False
0.012018769116031667	0.6517412935323383	0.34846820258180683	0.3450242718446602	8	5	7	3	5	ENSG00000244005	0.9819869795482614	False
0.00013951735753750028	0.6517412935323383	0.04300446978444467	0.06012571809910997	23	7	19	13	19	ENSG00000265681	0.9819869795482614	False
0.00018766530325600792	0.6517412935323383	0.2065420627684326	0.13549459041911993	9	6	9	3	6	ENSG00000291149	0.9819869795482614	False
0.0020402573927318568	0.6567164179104478	0.12872077351324387	0.12337455125648189	19	7	18	8	14	ENSG00000022840	0.9819869795482614	False
0.0011717271769504497	0.6567164179104478	0.13006102624672294	0.13955352777083999	9	7	8	4	7	ENSG00000067048	0.9819869795482614	False
0.0005079406550891963	0.6567164179104478	0.09888138865816191	0.0825116761805916	10	7	16	4	9	ENSG00000100330	0.9819869795482614	False
0.0025116792289045335	0.6567164179104478	0.249800938679962	0.3050797021023339	8	4	5	3	4	ENSG00000101181	0.9819869795482614	False
0.00023627971455103373	0.6567164179104478	0.08513328683245801	0.03302728201952016	9	7	19	12	17	ENSG00000105254	0.9819869795482614	False
0.0015856262102344203	0.6567164179104478	0.12901492648743718	0.16709171213197851	11	7	18	8	14	ENSG00000107672	0.9819869795482614	False
2.2996331207328622e-07	0.6567164179104478	0.006118405406165363	0.0017485879357012164	9	7	19	12	19	ENSG00000111348	0.9819869795482614	False
5.2276808581340595e-05	0.6567164179104478	0.024179169186620976	0.02513966480446928	5	7	14	4	7	ENSG00000117419	0.9819869795482614	False
0.0034282962700501116	0.6567164179104478	0.3984802575666368	0.45474706406142373	4	7	12	3	9	ENSG00000120029	0.9819869795482614	False
0.0014508514177173173	0.6567164179104478	0.12508748877055764	0.13399140324850695	9	7	12	4	7	ENSG00000126773	0.9819869795482614	False
0.0027894838575834974	0.6567164179104478	0.16481871116517413	0.20758582502768547	7	7	13	5	8	ENSG00000132591	0.9819869795482614	False
0.002457669722715136	0.6567164179104478	0.1746064547885025	0.1600383223334043	12	7	12	4	11	ENSG00000134215	0.9819869795482614	False
5.081185897149409e-05	0.6567164179104478	0.023986108582161336	0.019845644983461967	3	7	17	6	12	ENSG00000143753	0.9819869795482614	False
0.002186273712565326	0.6567164179104478	0.3209800242351921	0.3218255428781745	6	4	7	4	6	ENSG00000144182	0.9819869795482614	False
1.037666460478479e-06	0.6567164179104478	0.013069579049823268	0.005727513750256104	7	7	19	11	17	ENSG00000149357	0.9819869795482614	False
0.00016010645422186086	0.6567164179104478	0.06653576461576811	0.03257785943698694	3	7	15	6	10	ENSG00000152332	0.9819869795482614	False
0.0003103050515657337	0.6567164179104478	0.042032484635645344	0.056905244238648636	4	6	7	3	5	ENSG00000156469	0.9819869795482614	False
0.0008974921812729534	0.6567164179104478	0.1309131421595048	0.08447471643440749	20	7	18	10	17	ENSG00000159140	0.9819869795482614	False
0.006389229321294099	0.6567164179104478	0.3260714876275517	0.2671957671957672	11	4	6	3	3	ENSG00000160796	0.9819869795482614	False
0.0017795121943625012	0.6567164179104478	0.17864562158633016	0.15502850610426347	7	7	15	6	8	ENSG00000162777	0.9819869795482614	False
0.002506297135828045	0.6567164179104478	0.6450951782640244	0.4685960734878727	3	7	9	3	6	ENSG00000168763	0.9819869795482614	False
1.8000775582499442e-05	0.6567164179104478	0.022073191181471524	0.023335874864259143	2	7	15	5	10	ENSG00000169895	0.9819869795482614	False
0.005492023666361023	0.6567164179104478	0.13728366901511832	0.19402784411540983	4	5	6	3	5	ENSG00000170222	0.9819869795482614	False
0.0011158137196987576	0.6567164179104478	0.1943487120671207	0.08983484906535465	12	7	15	4	9	ENSG00000181929	0.9819869795482614	False
4.009314106997459e-05	0.6567164179104478	0.019486295504395002	0.021499100150785516	2	7	13	5	8	ENSG00000197180	0.9819869795482614	False
0.0004069868438651101	0.6567164179104478	0.05835813492063493	0.05082875901409967	4	5	7	3	5	ENSG00000230074	0.9819869795482614	False
0.0020704260144457313	0.6567164179104478	0.20483018313342666	0.11607142857142858	9	5	5	3	4	ENSG00000237491	0.9819869795482614	False
0.004583995812971687	0.6567164179104478	0.2641368293542207	0.24106936320676778	6	5	5	3	4	ENSG00000290571	0.9819869795482614	False
0.003216139681315149	0.6616915422885572	0.15442215308690976	0.14111922141119226	7	3	5	3	4	ENSG00000010322	0.9819869795482614	False
0.013625823383193458	0.6616915422885572	0.36113704863704865	0.2975912975912976	13	5	8	3	6	ENSG00000018510	0.9819869795482614	False
0.0006125570494204134	0.6616915422885572	0.14373719760781686	0.11949470767660322	7	7	19	7	14	ENSG00000048162	0.9819869795482614	False
0.003700090153103168	0.6616915422885572	0.22438237544604023	0.22421178619799048	23	7	18	7	12	ENSG00000058272	0.9819869795482614	False
0.0025739103592319792	0.6616915422885572	0.22640376673485774	0.1578786573326153	13	7	18	6	15	ENSG00000075785	0.9819869795482614	False
0.0023146178276495693	0.6616915422885572	0.1682819302464305	0.1476425954558487	10	7	17	7	14	ENSG00000077454	0.9819869795482614	False
0.013739744108116812	0.6616915422885572	0.31298485023150857	0.36519981249267547	12	7	13	5	9	ENSG00000100416	0.9819869795482614	False
0.00033675371212004676	0.6616915422885572	0.10806700927747692	0.06830041746949261	6	7	13	3	8	ENSG00000100485	0.9819869795482614	False
0.0017366314024656255	0.6616915422885572	0.25377628033250293	0.22397047397047393	35	7	12	4	7	ENSG00000104133	0.9819869795482614	False
0.0013830280067880412	0.6616915422885572	0.17332899850044226	0.1930926367623298	4	4	4	3	4	ENSG00000106351	0.9819869795482614	False
0.001641229143772673	0.6616915422885572	0.17040271908925833	0.10298856384659132	4	7	16	6	11	ENSG00000108590	0.9819869795482614	False
0.005561460402925253	0.6616915422885572	0.28156547585628766	0.2873809523809524	5	3	4	3	4	ENSG00000109618	0.9819869795482614	False
0.00020655217260649213	0.6616915422885572	0.12194200990724373	0.08139382765938569	23	7	19	10	17	ENSG00000109971	0.9819869795482614	False
0.0026187360494669947	0.6616915422885572	0.2465593918344411	0.2898868873062421	15	7	14	4	10	ENSG00000110880	0.9819869795482614	False
0.0042679127559103625	0.6616915422885572	0.2041414046736665	0.17589479948490444	18	7	16	6	12	ENSG00000122085	0.9819869795482614	False
0.003647526731205055	0.6616915422885572	0.21918026299246982	0.19304611776068434	13	7	15	5	13	ENSG00000125755	0.9819869795482614	False
9.298369940070794e-07	0.6616915422885572	0.01473602841885871	0.002166234145070939	4	7	19	13	18	ENSG00000126267	0.9819869795482614	False
0.003119390273373377	0.6616915422885572	0.3339373276206408	0.27486606102958305	13	7	15	4	10	ENSG00000126522	0.9819869795482614	False
0.0003793321803058569	0.6616915422885572	0.1769289732747164	0.14704552485661926	2	4	5	3	4	ENSG00000126775	0.9819869795482614	False
0.0032951394188321294	0.6616915422885572	0.23601904590753003	0.267476415730174	21	7	19	6	15	ENSG00000129351	0.9819869795482614	False
6.557919693000461e-05	0.6616915422885572	0.07000178225610812	0.040131578947368435	6	7	15	6	10	ENSG00000129625	0.9819869795482614	False
0.011959392794121983	0.6616915422885572	0.418557198501974	0.5625597285932722	14	7	11	4	8	ENSG00000141349	0.9819869795482614	False
1.1117491199129769e-06	0.6616915422885572	0.009549326348737234	0.0051413727714116255	2	7	19	9	14	ENSG00000142634	0.9819869795482614	False
0.0005767829582306261	0.6616915422885572	0.07802520890209977	0.057264952805330484	3	6	6	3	5	ENSG00000145743	0.9819869795482614	False
0.0010764531868895024	0.6616915422885572	0.10714285714285712	0.05233485799383046	4	3	4	3	4	ENSG00000155636	0.9819869795482614	False
6.399580701183977e-07	0.6616915422885572	0.017091799576789485	0.00404108852508843	4	7	19	13	17	ENSG00000160213	0.9819869795482614	False
0.0006649871152549689	0.6616915422885572	0.10396501979383058	0.09583656335718256	5	7	18	9	14	ENSG00000160256	0.9819869795482614	False
0.00020185449597237022	0.6616915422885572	0.056065727846226036	0.04730030802356528	3	6	15	7	11	ENSG00000169715	0.9819869795482614	False
0.006629726674446531	0.6616915422885572	0.3000715085113379	0.3193460966867734	8	3	4	3	3	ENSG00000170632	0.9819869795482614	False
0.00414844929884114	0.6616915422885572	0.12016335077834306	0.18118392598800442	17	7	19	10	17	ENSG00000174231	0.9819869795482614	False
1.563666052106395e-06	0.6616915422885572	0.004140791438971866	0.00516490152359717	2	7	18	10	15	ENSG00000176386	0.9819869795482614	False
0.0004554957199353805	0.6616915422885572	0.025255477278178968	0.04932693048034455	4	7	19	11	17	ENSG00000178449	0.9819869795482614	False
0.004806186553112452	0.6616915422885572	0.22565918449778127	0.28158758124637745	4	7	17	7	12	ENSG00000181029	0.9819869795482614	False
0.0048166477661779165	0.6616915422885572	0.3206040395084203	0.23809523809523808	8	7	10	4	7	ENSG00000185404	0.9819869795482614	False
0.0004504835128810659	0.6616915422885572	0.0969626292654999	0.047546634225466344	2	7	8	3	6	ENSG00000198252	0.9819869795482614	False
0.0038765169169742825	0.6616915422885572	0.1990753952677924	0.2634213792851666	8	7	17	7	13	ENSG00000198492	0.9819869795482614	False
1.755305548657921e-08	0.6616915422885572	0.039721310030343335	0.032316409369142124	4	7	18	10	16	ENSG00000206172	0.9819869795482614	False
0.00016808834750606103	0.6616915422885572	0.03895829647861637	0.052197111102158814	5	7	19	11	17	ENSG00000220205	0.9819869795482614	False
0.0005862939216647683	0.6666666666666666	0.0706383734826133	0.062425051660152456	10	7	19	11	17	ENSG00000067829	0.9819869795482614	False
2.7682615856413802e-06	0.6666666666666666	0.022595627042469875	0.007799748410452463	6	7	19	13	19	ENSG00000084207	0.9819869795482614	False
0.0004247097269920117	0.6666666666666666	0.16096351594439878	0.08223386780399894	14	7	19	12	17	ENSG00000095059	0.9819869795482614	False
0.0025131573003117015	0.6666666666666666	0.06811198853565634	0.06472654391186172	2	7	16	4	11	ENSG00000095564	0.9819869795482614	False
9.932004435906515e-05	0.6666666666666666	0.046052631578947366	0.04242424242424245	4	6	7	4	4	ENSG00000100490	0.9819869795482614	False
0.0037657471254367325	0.6666666666666666	0.30759645327220414	0.300973865877712	4	6	9	3	7	ENSG00000102543	0.9819869795482614	False
0.0001966776899829257	0.6666666666666666	0.05933173727380489	0.044975526327428315	7	7	18	8	14	ENSG00000104765	0.9819869795482614	False
0.004116134793933322	0.6666666666666666	0.35278003453122436	0.30809979494190026	17	7	12	4	8	ENSG00000105220	0.9819869795482614	False
0.0020599057990328077	0.6666666666666666	0.08650106202877432	0.1417711791430116	7	7	19	9	15	ENSG00000111639	0.9819869795482614	False
0.0002714720047562298	0.6666666666666666	0.06606064084305688	0.08016877637130801	6	5	7	3	4	ENSG00000112182	0.9819869795482614	False
0.00036910391312612925	0.6666666666666666	0.048322535545904474	0.05094844499135144	9	7	12	3	9	ENSG00000112511	0.9819869795482614	False
0.0042538849193227285	0.6666666666666666	0.339711774618661	0.1707887049659202	8	7	11	3	6	ENSG00000122958	0.9819869795482614	False
1.5762455417333052e-06	0.6666666666666666	0.011467342079316612	0.0033413004243695553	5	7	19	13	17	ENSG00000129562	0.9819869795482614	False
0.004672792360484011	0.6666666666666666	0.13911004239140784	0.1963416330504938	5	7	18	7	14	ENSG00000130305	0.9819869795482614	False
0.0003954503227867861	0.6666666666666666	0.08993447709907142	0.04560783197815573	4	7	19	8	15	ENSG00000132612	0.9819869795482614	False
0.0032006681120318676	0.6666666666666666	0.10277461324279456	0.1996330795695776	5	7	14	5	9	ENSG00000133302	0.9819869795482614	False
0.00020905486227530763	0.6666666666666666	0.048092323737647255	0.023295285359801507	2	3	4	3	3	ENSG00000139131	0.9819869795482614	False
0.007831133349791979	0.6666666666666666	0.10547433203737648	0.20362179340576336	7	7	18	6	13	ENSG00000147872	0.9819869795482614	False
0.004995809611329621	0.6666666666666666	0.33760822338807234	0.23843416370106763	4	5	6	3	4	ENSG00000153933	0.9819869795482614	False
0.005576614292300483	0.6666666666666666	0.4806288949146092	0.36522199808464245	14	5	8	3	5	ENSG00000161057	0.9819869795482614	False
0.008522850620673494	0.6666666666666666	0.4680653945994106	0.2944787838289342	10	6	8	3	5	ENSG00000162909	0.9819869795482614	False
0.00042388214051141836	0.6666666666666666	0.0831738524586425	0.05103488611378874	3	7	12	4	8	ENSG00000163602	0.9819869795482614	False
9.569719784060236e-05	0.6666666666666666	0.11687041410833064	0.05550242853515298	8	7	13	4	8	ENSG00000163945	0.9819869795482614	False
0.0020046439510594746	0.6666666666666666	0.16035476573323795	0.1202646556154689	9	7	15	5	12	ENSG00000170653	0.9819869795482614	False
1.0035034880375443e-06	0.6666666666666666	0.004764026089675039	0.002962966094648628	2	7	19	13	18	ENSG00000171159	0.9819869795482614	False
0.0015870896108136682	0.6666666666666666	0.1729691037528074	0.11254899552771894	5	5	8	3	5	ENSG00000172057	0.9819869795482614	False
0.0004187686704887637	0.6666666666666666	0.17976815913435198	0.08015921814827999	9	7	18	8	14	ENSG00000172795	0.9819869795482614	False
5.877064457879948e-06	0.6666666666666666	0.018244370951039163	0.007363632373980744	3	7	18	9	16	ENSG00000173726	0.9819869795482614	False
0.0034345337727097053	0.6666666666666666	0.15893432547238084	0.17389240506329112	4	7	14	4	10	ENSG00000176946	0.9819869795482614	False
1.4152087570626804e-06	0.6666666666666666	0.004935602700029233	0.004190701572745597	4	7	19	10	17	ENSG00000180817	0.9819869795482614	False
0.0019859697343935956	0.6666666666666666	0.09555484809974044	0.23485861047776294	4	4	4	3	4	ENSG00000185104	0.9819869795482614	False
9.865440319132827e-05	0.6666666666666666	0.06717519864823593	0.04249304955506289	8	7	19	10	16	ENSG00000204257	0.9819869795482614	False
0.021483911759540984	0.6666666666666666	0.30612082171618926	0.42716770953687533	9	7	14	5	11	ENSG00000213782	0.9819869795482614	False
0.0038822215200172952	0.6666666666666666	0.170849144519828	0.2790137148289911	7	7	17	7	12	ENSG00000231389	0.9819869795482614	False
0.00047116722530584493	0.6666666666666666	0.10905940179616702	0.06466574749304589	6	7	19	12	18	ENSG00000277791	0.9819869795482614	False
0.0007176723744971306	0.6716417910447762	0.09226436749468528	0.11640779058139647	4	7	17	5	13	ENSG00000006007	0.9819869795482614	False
0.00020512794995564468	0.6716417910447762	0.069633886745508	0.05676336531547163	3	7	10	3	8	ENSG00000013288	0.9819869795482614	False
0.0006554264722568497	0.6716417910447762	0.2036222967750791	0.09646070604883049	9	7	18	8	13	ENSG00000054116	0.9819869795482614	False
0.000959270492067574	0.6716417910447762	0.1705400791096262	0.17315337447078435	11	7	18	7	13	ENSG00000064961	0.9819869795482614	False
0.00185825359260011	0.6716417910447762	0.24560662949972012	0.23682802441267448	13	5	8	4	6	ENSG00000066422	0.9819869795482614	False
0.003283077968536773	0.6716417910447762	0.4018510618915285	0.4490657022302592	16	7	12	4	9	ENSG00000083168	0.9819869795482614	False
0.001631705610070988	0.6716417910447762	0.328095004284224	0.3203867715588029	14	7	11	3	7	ENSG00000095585	0.9819869795482614	False
0.0028547969134644353	0.6716417910447762	0.23633729982910767	0.13460017676885144	6	7	12	4	8	ENSG00000100784	0.9819869795482614	False
0.00986006913865727	0.6716417910447762	0.2779670110328908	0.3097670466091519	18	7	11	3	7	ENSG00000100949	0.9819869795482614	False
0.0021588678273861384	0.6716417910447762	0.11682760901189745	0.09239827637248772	5	7	11	4	7	ENSG00000117758	0.9819869795482614	False
0.0030364141721627245	0.6716417910447762	0.20229144243741126	0.1871003408726135	11	4	5	3	5	ENSG00000118600	0.9819869795482614	False
0.007295974346185264	0.6716417910447762	0.2257650803302977	0.25739061884115094	11	7	13	4	8	ENSG00000122483	0.9819869795482614	False
0.00042318174460920444	0.6716417910447762	0.07950096056679574	0.04500139236981345	3	4	5	3	4	ENSG00000128881	0.9819869795482614	False
0.00018437396512936216	0.6716417910447762	0.11313131313131311	0.06276150627615062	4	6	8	3	6	ENSG00000131242	0.9819869795482614	False
0.004954398538482369	0.6716417910447762	0.22787433177080152	0.2258760107816712	8	7	14	4	9	ENSG00000133393	0.9819869795482614	False
0.0006578562980599356	0.6716417910447762	0.14628232266902605	0.20312005068102623	6	3	7	4	7	ENSG00000138764	0.9819869795482614	False
0.0005864463921612517	0.6716417910447762	0.1221725944497192	0.061493508051935625	3	7	16	7	11	ENSG00000139726	0.9819869795482614	False
0.0006765326853130356	0.6716417910447762	0.07187783482649283	0.08493110489420541	10	7	17	7	12	ENSG00000153391	0.9819869795482614	False
0.00015794975275846445	0.6716417910447762	0.07266809772708747	0.05488012471739149	6	7	16	6	12	ENSG00000160551	0.9819869795482614	False
0.0020224922839896654	0.6716417910447762	0.3438656763016923	0.22184653296913479	12	7	9	3	6	ENSG00000160593	0.9819869795482614	False
0.0009230124899840113	0.6716417910447762	0.0846839659144363	0.10623682545018584	13	7	14	6	11	ENSG00000162144	0.9819869795482614	False
0.0021327936774932464	0.6716417910447762	0.21857340807865544	0.167584940312213	4	6	10	3	7	ENSG00000163125	0.9819869795482614	False
0.0014097939474005331	0.6716417910447762	0.16732419119728575	0.24886547089553054	12	7	19	8	14	ENSG00000163565	0.9819869795482614	False
0.0007806162350922823	0.6716417910447762	0.12989756183402987	0.13969496558239983	16	7	14	4	10	ENSG00000164162	0.9819869795482614	False
0.0004756957682166382	0.6716417910447762	0.10127680559592647	0.09004970502160074	4	5	7	3	5	ENSG00000164430	0.9819869795482614	False
0.0042070047512707525	0.6716417910447762	0.1299638307200065	0.1306153333677929	4	7	18	8	14	ENSG00000168275	0.9819869795482614	False
8.338188212038059e-05	0.6716417910447762	0.04639836907278764	0.03154574132492115	3	7	8	4	7	ENSG00000169967	0.9819869795482614	False
4.250722541119962e-05	0.6716417910447762	0.010763987733611077	0.010504577331255748	2	7	17	6	11	ENSG00000171443	0.9819869795482614	False
0.011801055351495716	0.6716417910447762	0.28752519456180115	0.3137198622273249	9	7	12	5	7	ENSG00000173588	0.9819869795482614	False
0.0006184877978978575	0.6716417910447762	0.15971279856174328	0.11759192946597889	5	7	13	5	9	ENSG00000175155	0.9819869795482614	False
0.00774480177736583	0.6716417910447762	0.241216824111561	0.27248524134737817	7	6	7	3	6	ENSG00000175711	0.9819869795482614	False
0.0002840559931195792	0.6716417910447762	0.0877603878374166	0.07579151693203579	2	7	10	3	8	ENSG00000183049	0.9819869795482614	False
0.0030771543062331867	0.6716417910447762	0.1351791836200438	0.30820607627942764	6	3	5	3	5	ENSG00000184209	0.9819869795482614	False
0.0044050741309655935	0.6716417910447762	0.31540929043140564	0.2711881266910712	11	6	9	3	6	ENSG00000185347	0.9819869795482614	False
0.0041401386238635466	0.6716417910447762	0.17195477613796561	0.17269874476987448	8	3	4	3	4	ENSG00000186104	0.9819869795482614	False
0.000430945117407206	0.6716417910447762	0.2112478101608536	0.08194162634618389	3	4	6	3	5	ENSG00000186265	0.9819869795482614	False
0.000350275220796014	0.6716417910447762	0.06618024832135808	0.07464788732394365	6	7	16	6	12	ENSG00000258289	0.9819869795482614	False
0.003963271822931251	0.6716417910447762	0.3411420614940245	0.3700778388278388	31	3	4	3	4	ENSG00000261824	0.9819869795482614	False
3.4600520621895483e-06	0.6716417910447762	0.005908403954633942	0.03641653384508122	2	7	16	6	11	ENSG00000265808	0.9819869795482614	False
0.00662806171476735	0.6716417910447762	0.22770398126613833	0.2586768935762224	5	7	9	3	6	ENSG00000272047	0.9819869795482614	False
0.003044540118850215	0.6716417910447762	0.1894806530941062	0.1479571621009416	8	7	19	10	17	ENSG00000278311	0.9819869795482614	False
0.0009502051203141826	0.6766169154228856	0.20840304513091348	0.3076454796762572	12	7	10	3	7	ENSG00000001084	0.9819869795482614	False
1.1477892537343241e-06	0.6766169154228856	0.0016890786197082644	0.0033661315380631896	2	7	17	5	11	ENSG00000007520	0.9819869795482614	False
0.0008509679710066843	0.6766169154228856	0.11834018141637619	0.2782875500153893	10	7	18	6	13	ENSG00000026025	0.9819869795482614	False
0.0012750030257923717	0.6766169154228856	0.19551712895850343	0.11513415336453983	14	7	11	5	8	ENSG00000065000	0.9819869795482614	False
0.0032396901512899935	0.6766169154228856	0.21612176422502344	0.21236932439708325	9	7	13	5	10	ENSG00000068903	0.9819869795482614	False
0.0047029254773728645	0.6766169154228856	0.2674432574337549	0.2239112343966713	13	5	7	3	5	ENSG00000074603	0.9819869795482614	False
0.0005625784337762464	0.6766169154228856	0.07978044116647248	0.07690343441177805	4	7	11	3	8	ENSG00000080371	0.9819869795482614	False
0.003319091737285617	0.6766169154228856	0.28111489032821424	0.2141048195333191	4	4	6	3	4	ENSG00000085274	0.9819869795482614	False
0.0016067987360449338	0.6766169154228856	0.14260433142561824	0.24067362852529972	10	7	12	3	7	ENSG00000086730	0.9819869795482614	False
2.6550156208462264e-05	0.6766169154228856	0.04351726024564673	0.01887736903554669	9	7	19	8	15	ENSG00000108774	0.9819869795482614	False
0.002150476512901725	0.6766169154228856	0.2874446602894879	0.5091400879953654	3	5	5	3	4	ENSG00000112245	0.9819869795482614	False
0.0015428065074946729	0.6766169154228856	0.1207583466267586	0.16381080734180464	4	7	17	7	12	ENSG00000113732	0.9819869795482614	False
0.006569454343197899	0.6766169154228856	0.268351009575366	0.3361673713918575	3	7	16	4	9	ENSG00000118292	0.9819869795482614	False
0.009035894776715679	0.6766169154228856	0.16448005801162607	0.21428008343468108	4	7	17	6	12	ENSG00000124228	0.9819869795482614	False
0.005331108623459299	0.6766169154228856	0.20809885549225782	0.2638022158712759	12	7	16	6	10	ENSG00000124795	0.9819869795482614	False
3.3471673513055194e-05	0.6766169154228856	0.06747688506180839	0.02280373086734694	4	7	19	10	16	ENSG00000126709	0.9819869795482614	False
0.006797270773846308	0.6766169154228856	0.19166834848835315	0.15695259839095455	6	7	16	6	13	ENSG00000132581	0.9819869795482614	False
0.0012608555291692425	0.6766169154228856	0.1218388845774933	0.11848563070039582	12	7	18	7	14	ENSG00000133858	0.9819869795482614	False
0.00038833024665162755	0.6766169154228856	0.04158666607817231	0.04228195605119586	7	7	19	7	11	ENSG00000136840	0.9819869795482614	False
4.426145589525703e-06	0.6766169154228856	0.04572122912778603	0.008190486940109914	9	7	19	13	19	ENSG00000142534	0.9819869795482614	False
0.0008465144343014862	0.6766169154228856	0.1634011611726086	0.143140374065713	9	7	14	4	8	ENSG00000158863	0.9819869795482614	False
0.012049410968963219	0.6766169154228856	0.42403956751782834	0.4022118959107806	15	5	5	3	3	ENSG00000166435	0.9819869795482614	False
0.003061433741235529	0.6766169154228856	0.3073667038754959	0.2086635544457714	11	7	12	4	8	ENSG00000168395	0.9819869795482614	False
0.0005176282643440028	0.6766169154228856	0.11461611913987185	0.11317041167787435	5	3	4	3	3	ENSG00000169231	0.9819869795482614	False
0.0023088698391472377	0.6766169154228856	0.11221085029641356	0.11103136629452423	3	7	17	5	14	ENSG00000170275	0.9819869795482614	False
0.0034707530898931164	0.6766169154228856	0.21940012319445956	0.18785735337459475	5	7	10	3	7	ENSG00000175279	0.9819869795482614	False
0.0007080628461769891	0.6766169154228856	0.1259819617594154	0.09152025007430759	7	7	18	5	13	ENSG00000176476	0.9819869795482614	False
0.0014354495014904562	0.6766169154228856	0.10884815447166232	0.17977207977207976	7	6	10	4	6	ENSG00000183255	0.9819869795482614	False
0.005065225748565756	0.6766169154228856	0.1705931064849033	0.20545026264339386	14	7	17	6	13	ENSG00000184277	0.9819869795482614	False
0.003814120168078905	0.6766169154228856	0.1617217263084935	0.1893030623944266	7	7	17	5	13	ENSG00000184436	0.9819869795482614	False
0.00038393192365510504	0.6766169154228856	0.02629210862158899	0.06834110619582433	4	7	19	9	14	ENSG00000187193	0.9819869795482614	False
0.0056822857592277905	0.6766169154228856	0.2969184390366558	0.31958937198067633	28	7	14	4	10	ENSG00000188603	0.9819869795482614	False
0.0010808054140569773	0.6766169154228856	0.1621057012538172	0.27351505136053783	3	5	9	3	6	ENSG00000197063	0.9819869795482614	False
0.003923596118730003	0.6766169154228856	0.3176019222531479	0.28323762532638286	55	7	12	4	10	ENSG00000197102	0.9819869795482614	False
0.0008072190055152747	0.6766169154228856	0.15341012411756938	0.13499572053209224	24	7	19	12	18	ENSG00000197111	0.9819869795482614	False
0.00020580062171650728	0.6766169154228856	0.0744254605400597	0.035072322444336106	4	7	18	10	15	ENSG00000198818	0.9819869795482614	False
0.00014504691668908013	0.6766169154228856	0.033326239911234005	0.03477674909176142	3	3	4	3	4	ENSG00000215421	0.9819869795482614	False
0.0017737732060527393	0.6766169154228856	0.14802213992012342	0.10077687562467086	3	7	19	7	13	ENSG00000225973	0.9819869795482614	False
2.500133094328304e-05	0.6766169154228856	0.0190065202596531	0.01423968957476728	3	7	18	7	13	ENSG00000241990	0.9819869795482614	False
0.0003147476293313815	0.6766169154228856	0.039679528373987416	0.12596864657034704	2	3	4	3	3	ENSG00000246366	0.9819869795482614	False
0.0013458705779757787	0.6766169154228856	0.16880445808763533	0.15197132616487455	7	7	9	3	6	ENSG00000291015	0.9819869795482614	False
4.526540434295758e-05	0.6766169154228856	0.03761754860894615	0.01800804828973844	2	7	13	4	8	ENSG00000291266	0.9819869795482614	False
1.2942636876611479e-06	0.681592039800995	0.00835155454873762	0.0031729243786356156	6	7	18	9	15	ENSG00000011009	0.9819869795482614	False
2.1351215256163984e-05	0.681592039800995	0.011363636363636359	0.009929078014184405	2	5	5	3	4	ENSG00000037042	0.9819869795482614	False
0.002739972814103155	0.681592039800995	0.25912269023531037	0.19915773485907595	7	7	15	5	10	ENSG00000082515	0.9819869795482614	False
0.0063513953820619915	0.681592039800995	0.24145178902126557	0.26628941474418527	5	7	18	9	16	ENSG00000087074	0.9819869795482614	False
0.005901188518160207	0.681592039800995	0.22047210196782155	0.23284679225812943	11	7	18	7	15	ENSG00000096746	0.9819869795482614	False
0.002874719114981365	0.681592039800995	0.17024577707154967	0.13765411803386488	12	7	12	4	7	ENSG00000099899	0.9819869795482614	False
0.001147711404603029	0.681592039800995	0.2457126824892286	0.2095813284534117	6	7	14	4	11	ENSG00000100014	0.9819869795482614	False
0.0033500672935019475	0.681592039800995	0.17683930843349138	0.18021096458539498	18	7	16	5	13	ENSG00000101361	0.9819869795482614	False
0.00042771212803097527	0.681592039800995	0.19403820016309944	0.06573734122393783	11	7	15	5	10	ENSG00000102900	0.9819869795482614	False
0.0006548166868218085	0.681592039800995	0.09814265220960616	0.12791791962671636	8	7	16	6	12	ENSG00000115806	0.9819869795482614	False
0.00014527230134725154	0.681592039800995	0.10502786515506671	0.06843573813406645	2	7	14	4	9	ENSG00000117318	0.9819869795482614	False
0.006025347812880914	0.681592039800995	0.1357301596116403	0.25099427604462327	8	7	19	9	16	ENSG00000121390	0.9819869795482614	False
5.666137960365816e-06	0.681592039800995	0.008779358187942937	0.005710307083563359	9	7	19	13	19	ENSG00000124614	0.9819869795482614	False
1.3993208712028108e-05	0.681592039800995	0.029245925292253915	0.014295450310376902	16	7	17	7	12	ENSG00000127947	0.9819869795482614	False
0.0005622313904407753	0.681592039800995	0.22099860417118275	0.13711732307305008	7	7	17	6	11	ENSG00000131375	0.9819869795482614	False
0.0006414163047200207	0.681592039800995	0.12328056096629086	0.08544430457377102	8	7	17	4	10	ENSG00000132466	0.9819869795482614	False
0.0001087725465026594	0.681592039800995	0.06576928489809372	0.05137951487648873	4	7	19	12	18	ENSG00000138071	0.9819869795482614	False
0.0027337827834090344	0.681592039800995	0.22347255274084543	0.24461832061068708	4	3	4	3	4	ENSG00000139117	0.9819869795482614	False
0.0008779229417084132	0.681592039800995	0.14637631517642863	0.20235273932724496	9	7	19	7	14	ENSG00000142765	0.9819869795482614	False
0.00022237290624300594	0.681592039800995	0.173311551791393	0.04692608325275132	8	7	14	6	11	ENSG00000147471	0.9819869795482614	False
0.0034166941781142036	0.681592039800995	0.14111709100953002	0.24667545460377102	14	7	18	8	14	ENSG00000147813	0.9819869795482614	False
0.0013901045082211167	0.681592039800995	0.16536427312759933	0.22074943261383936	9	7	16	5	11	ENSG00000155329	0.9819869795482614	False
0.0026068158943404283	0.681592039800995	0.11017852456961871	0.10941605613774771	3	7	14	3	9	ENSG00000158042	0.9819869795482614	False
0.0014068151035063036	0.681592039800995	0.14878862662512804	0.1431407826089195	23	7	19	9	15	ENSG00000165280	0.9819869795482614	False
3.455596154205345e-05	0.681592039800995	0.04015890745547084	0.03480926057687044	11	7	17	8	14	ENSG00000169246	0.9819869795482614	False
0.0008676620828283063	0.681592039800995	0.2801928686433953	0.1629491475736301	8	7	17	5	12	ENSG00000171824	0.9819869795482614	False
0.01415846304500082	0.681592039800995	0.34441004890898846	0.36894903533240353	25	7	10	3	6	ENSG00000177646	0.9819869795482614	False
0.002618224647205931	0.681592039800995	0.2371846589994409	0.13014584304913726	14	4	5	3	4	ENSG00000182919	0.9819869795482614	False
0.0044021063668331665	0.681592039800995	0.22304241796489316	0.2620487405656088	38	7	14	7	11	ENSG00000196628	0.9819869795482614	False
0.0015436671029760009	0.681592039800995	0.1805516424823164	0.11855740441961456	11	7	17	5	12	ENSG00000205571	0.9819869795482614	False
0.0002495922431621726	0.681592039800995	0.16091819955346653	0.31696578000925824	9	7	19	8	14	ENSG00000213626	0.9819869795482614	False
5.514355564690829e-06	0.681592039800995	0.007448165093483566	0.008508077324720812	7	7	19	12	17	ENSG00000214026	0.9819869795482614	False
1.3514212141316702e-07	0.681592039800995	0.022517497316457087	0.029640854158886298	3	7	19	12	15	ENSG00000216490	0.9819869795482614	False
7.81229351989938e-07	0.681592039800995	0.013267754598582622	0.006295145341685386	14	7	19	13	19	ENSG00000221983	0.9819869795482614	False
0.0017479540222387524	0.6865671641791045	0.31883575840484185	0.22482157018239496	15	3	5	3	5	ENSG00000004866	0.9819869795482614	False
9.577647359104597e-07	0.6865671641791045	0.0060959547691411525	0.003893575600259587	4	7	19	5	13	ENSG00000013583	0.9819869795482614	False
0.0009890758139011102	0.6865671641791045	0.09983225686693224	0.14308694118760268	9	7	17	5	12	ENSG00000015475	0.9819869795482614	False
0.004207406617322694	0.6865671641791045	0.10760744278188392	0.1293990101509846	2	7	11	4	7	ENSG00000050344	0.9819869795482614	False
0.006133195284810923	0.6865671641791045	0.35420846535056105	0.3728205128205129	22	7	13	4	9	ENSG00000064012	0.9819869795482614	False
0.003652970693187297	0.6865671641791045	0.2655473069927579	0.24019497562804654	4	7	9	3	7	ENSG00000070476	0.9819869795482614	False
0.00016715163554721884	0.6865671641791045	0.11586189691476005	0.10882211201300451	16	7	17	9	13	ENSG00000076108	0.9819869795482614	False
0.003628877562153965	0.6865671641791045	0.18017581465083032	0.20752023209650328	8	7	10	4	6	ENSG00000099330	0.9819869795482614	False
0.01660803827489027	0.6865671641791045	0.35091060299786325	0.40396678151780196	6	7	13	4	7	ENSG00000100321	0.9819869795482614	False
4.7420458185316134e-05	0.6865671641791045	0.04039766150027975	0.02391060984007885	11	7	19	12	18	ENSG00000100353	0.9819869795482614	False
0.0019932439491331597	0.6865671641791045	0.1634051110111574	0.16323594607046304	9	7	17	6	12	ENSG00000105879	0.9819869795482614	False
0.0027716689037852746	0.6865671641791045	0.20418474296966502	0.17799814012826717	11	7	19	9	16	ENSG00000106263	0.9819869795482614	False
0.005030768593765925	0.6865671641791045	0.21479570849276902	0.2996661936077075	8	6	11	3	6	ENSG00000106635	0.9819869795482614	False
0.006921753556886651	0.6865671641791045	0.2528712155360228	0.2844237187399991	9	7	9	3	6	ENSG00000107643	0.9819869795482614	False
0.0013568644107969981	0.6865671641791045	0.10444486086791525	0.09436670665232848	10	7	16	6	12	ENSG00000108587	0.9819869795482614	False
0.006895207308029413	0.6865671641791045	0.19260100559116525	0.23326182042931515	19	7	16	7	14	ENSG00000112237	0.9819869795482614	False
3.877867594957417e-06	0.6865671641791045	0.024220164501468272	0.0038622908689657535	4	7	19	12	17	ENSG00000114784	0.9819869795482614	False
0.0012060434472752103	0.6865671641791045	0.27420970709042963	0.2392183594637582	6	7	12	4	8	ENSG00000119778	0.9819869795482614	False
0.0019241210457452062	0.6865671641791045	0.13905695513591787	0.14756435798273373	9	7	17	5	11	ENSG00000126602	0.9819869795482614	False
0.0001263518602633569	0.6865671641791045	0.03653395736074254	0.030482899495780834	7	7	19	10	16	ENSG00000137133	0.9819869795482614	False
0.009992420344095431	0.6865671641791045	0.20638125007766467	0.19468011966136495	9	7	12	3	8	ENSG00000137692	0.9819869795482614	False
0.002252434954455834	0.6865671641791045	0.2826009981235126	0.21666666666666667	11	7	14	4	10	ENSG00000143437	0.9819869795482614	False
0.00015088990141333717	0.6865671641791045	0.05455499145881137	0.03310493739040083	12	7	17	7	14	ENSG00000149823	0.9819869795482614	False
0.00015739189744528752	0.6865671641791045	0.1656276276380061	0.09963112005365525	8	7	7	3	5	ENSG00000150045	0.9819869795482614	False
0.00028829297126267337	0.6865671641791045	0.08796341060946106	0.07075351082906406	13	7	19	11	17	ENSG00000159210	0.9819869795482614	False
0.0062352248748376434	0.6865671641791045	0.15504924091660344	0.2411083540115798	6	7	15	7	12	ENSG00000160226	0.9819869795482614	False
0.0009327140246178854	0.6865671641791045	0.2270619694170747	0.18793561650704513	3	7	12	4	8	ENSG00000162654	0.9819869795482614	False
0.0019138033848637443	0.6865671641791045	0.17639513459669964	0.17279271119312303	4	7	18	5	13	ENSG00000162664	0.9819869795482614	False
2.7167180697673268e-05	0.6865671641791045	0.03625742362467544	0.038278727836102575	16	7	19	10	19	ENSG00000163468	0.9819869795482614	False
0.0001855154927000719	0.6865671641791045	0.06491978585598884	0.06227135218798365	2	7	11	3	7	ENSG00000163961	0.9819869795482614	False
6.77692542275223e-05	0.6865671641791045	0.06542318885320987	0.0514709335769199	5	7	19	9	17	ENSG00000164104	0.9819869795482614	False
0.02039108624453158	0.6865671641791045	0.2848140884600247	0.35234288685253784	20	7	13	4	8	ENSG00000165688	0.9819869795482614	False
0.0016262171044923459	0.6865671641791045	0.14947105412748984	0.1308201210271632	13	7	14	4	10	ENSG00000166788	0.9819869795482614	False
0.0005102907295335429	0.6865671641791045	0.06491669561478798	0.07538420773714893	7	5	7	3	5	ENSG00000167202	0.9819869795482614	False
0.004946519172911492	0.6865671641791045	0.18023012607217806	0.17222746288245427	10	7	17	5	14	ENSG00000168291	0.9819869795482614	False
0.010977929398736173	0.6865671641791045	0.1276099272992548	0.306494087250323	6	3	4	3	4	ENSG00000171298	0.9819869795482614	False
0.0060244753641420816	0.6865671641791045	0.1855335132939831	0.23387114671874654	5	6	9	3	7	ENSG00000171840	0.9819869795482614	False
0.00515612054784261	0.6865671641791045	0.13872433565205822	0.20970949636246738	2	7	13	4	8	ENSG00000172586	0.9819869795482614	False
4.809304888165594e-05	0.6865671641791045	0.03674923403230381	0.017657486287279343	6	7	19	9	16	ENSG00000173207	0.9819869795482614	False
0.0003044579429575441	0.6865671641791045	0.06971157628875832	0.050071944548934634	5	7	19	10	17	ENSG00000175324	0.9819869795482614	False
0.0014643372394074132	0.6865671641791045	0.20353424774498335	0.21408731309549123	5	7	18	8	12	ENSG00000181625	0.9819869795482614	False
0.004869184302417629	0.6865671641791045	0.2790064167954484	0.3185758513931889	6	4	7	3	6	ENSG00000189171	0.9819869795482614	False
0.005819884913112647	0.6865671641791045	0.268507215009436	0.26687810259238837	4	7	17	5	11	ENSG00000228300	0.9819869795482614	False
2.1197276042206722e-05	0.6865671641791045	0.050526938476151834	0.025615045594811273	14	7	19	12	17	ENSG00000233276	0.9819869795482614	False
0.002029525392542174	0.6865671641791045	0.21993084929502754	0.29570773263433814	3	4	6	3	4	ENSG00000267040	0.9819869795482614	False
0.0026705215925575876	0.6865671641791045	0.2797203765227021	0.25772348506320497	2	4	4	3	4	ENSG00000286656	0.9819869795482614	False
0.00025765781101018897	0.6865671641791045	0.03889232460661027	0.032840722495894925	5	4	5	3	4	ENSG00000290833	0.9819869795482614	False
0.004660612513222616	0.6865671641791045	0.3454893817974476	0.2652534311727137	12	5	6	3	4	ENSG00000291066	0.9819869795482614	False
0.0007689771388946933	0.6915422885572139	0.09995739647671426	0.09617803791542893	10	7	18	9	15	ENSG00000025796	0.9819869795482614	False
0.0012565403476109739	0.6915422885572139	0.17593874379605592	0.1574527988228886	38	7	18	7	15	ENSG00000073584	0.9819869795482614	False
5.52141538659937e-06	0.6915422885572139	0.013211382113821127	0.004716981132075498	2	7	15	5	10	ENSG00000079257	0.9819869795482614	False
0.0029083157103967703	0.6915422885572139	0.25569042571080347	0.15257558790593506	7	7	15	5	9	ENSG00000101577	0.9819869795482614	False
0.002512937964270573	0.6915422885572139	0.22125357380338395	0.17368488009668598	5	5	8	3	5	ENSG00000107798	0.9819869795482614	False
0.001701718838107764	0.6915422885572139	0.12866857055842426	0.12949099293642122	12	7	19	9	15	ENSG00000111237	0.9819869795482614	False
0.003515646652220582	0.6915422885572139	0.17007542361543415	0.20062568538712888	7	7	17	6	13	ENSG00000114744	0.9819869795482614	False
0.0004947462969343845	0.6915422885572139	0.10108369011130296	0.113026332988103	19	7	19	13	19	ENSG00000122545	0.9819869795482614	False
0.000497504150432642	0.6915422885572139	0.05078378244019944	0.05983161609666375	8	6	8	3	7	ENSG00000124067	0.9819869795482614	False
0.0032744190812280514	0.6915422885572139	0.09496345525734942	0.1614459549386824	4	5	8	4	5	ENSG00000131148	0.9819869795482614	False
0.0003444814143954834	0.6915422885572139	0.10347518872434236	0.08543628350196343	4	7	19	8	14	ENSG00000134375	0.9819869795482614	False
0.0042998670168691525	0.6915422885572139	0.2619526971948692	0.2621403661867551	22	7	14	6	10	ENSG00000138760	0.9819869795482614	False
0.002620978088218587	0.6915422885572139	0.17906147547919277	0.20978381277474525	18	7	17	6	12	ENSG00000138777	0.9819869795482614	False
4.4059069187819956e-05	0.6915422885572139	0.03308295408810871	0.029177718832891233	7	7	13	3	10	ENSG00000140743	0.9819869795482614	False
0.00010855409523013154	0.6915422885572139	0.020359425293419487	0.024311370153335756	2	7	19	11	17	ENSG00000143256	0.9819869795482614	False
0.00031839460583968024	0.6915422885572139	0.07854001414596665	0.06184658848365843	8	7	19	11	17	ENSG00000143977	0.9819869795482614	False
0.016322236249975183	0.6915422885572139	0.11334109328909239	0.42891859408436667	8	7	18	10	14	ENSG00000146540	0.9819869795482614	False
0.002094593151029263	0.6915422885572139	0.3860630590644616	0.32163309131813067	7	7	10	3	6	ENSG00000160294	0.9819869795482614	False
0.0036106382320273698	0.6915422885572139	0.270868163604514	0.24808778097368706	14	7	14	6	10	ENSG00000165525	0.9819869795482614	False
0.01244140842861274	0.6915422885572139	0.13943815880874277	0.23538496985717286	13	7	16	6	12	ENSG00000165819	0.9819869795482614	False
0.0012943490441044464	0.6915422885572139	0.132362033400156	0.11190227557004005	10	7	12	3	7	ENSG00000169371	0.9819869795482614	False
7.211191416891165e-05	0.6915422885572139	0.03947261386145485	0.02228726442033124	2	7	13	5	8	ENSG00000170876	0.9819869795482614	False
1.20070052269601e-05	0.6915422885572139	0.023568537067732175	0.006439453798488849	4	7	19	11	16	ENSG00000175768	0.9819869795482614	False
2.265665515231642e-05	0.6915422885572139	0.018814912409972177	0.009549428498496805	8	7	18	9	15	ENSG00000176209	0.9819869795482614	False
0.0009652068679891374	0.6915422885572139	0.17228387256179528	0.12941890063986422	24	7	19	9	13	ENSG00000177565	0.9819869795482614	False
0.0007714728292690053	0.6915422885572139	0.13634895166453226	0.20126575818876993	6	7	18	10	16	ENSG00000178741	0.9819869795482614	False
0.0022606853028957997	0.6915422885572139	0.14271232723529859	0.1511947232470595	9	7	17	6	12	ENSG00000205629	0.9819869795482614	False
1.2241992921855815e-05	0.6915422885572139	0.0038759689922480654	0.0058479532163742964	2	7	10	4	6	ENSG00000257093	0.9819869795482614	False
0.00028340813657915583	0.6915422885572139	0.1105298363392645	0.04950909961685823	3	7	11	3	8	ENSG00000272677	0.9819869795482614	False
5.185307501237716e-05	0.6915422885572139	0.007630161579892275	0.02619414483821261	3	3	4	3	4	ENSG00000285646	0.9819869795482614	False
0.0048875782951546525	0.6915422885572139	0.2291925253227375	0.18141577092983746	7	7	11	4	7	ENSG00000291035	0.9819869795482614	False
0.01029407973190089	0.6915422885572139	0.5201402154724274	0.34207307751108396	23	4	5	3	3	ENSG00000291075	0.9819869795482614	False
0.003283349886129686	0.6965174129353234	0.18302180671877977	0.1877214826166076	5	6	9	3	6	ENSG00000054611	0.9819869795482614	False
0.0014617883674228828	0.6965174129353234	0.14629524190528143	0.07921183378500454	9	7	18	7	14	ENSG00000075142	0.9819869795482614	False
4.93637406287868e-05	0.6965174129353234	0.019047619047619042	0.0217391304347826	4	7	12	3	8	ENSG00000075218	0.9819869795482614	False
0.004224864894995862	0.6965174129353234	0.34413781417857503	0.2896833013435701	34	6	7	3	5	ENSG00000075711	0.9819869795482614	False
0.0006845893084911789	0.6965174129353234	0.07672955974842773	0.17340425531914894	4	7	12	3	9	ENSG00000080986	0.9819869795482614	False
0.00022752044930670744	0.6965174129353234	0.06918238993710685	0.0721153846153846	2	4	4	3	4	ENSG00000088854	0.9819869795482614	False
0.012188985640890429	0.6965174129353234	0.4137784240178876	0.3937571441132507	12	5	6	3	4	ENSG00000089094	0.9819869795482614	False
0.0005738031399369756	0.6965174129353234	0.06458295815696535	0.03459791611007213	3	5	10	3	7	ENSG00000100294	0.9819869795482614	False
0.006491384910126578	0.6965174129353234	0.14763348881945665	0.2367667766331182	3	7	19	8	14	ENSG00000100387	0.9819869795482614	False
0.0022452723850644378	0.6965174129353234	0.2047486727785994	0.1967184012984378	11	7	15	5	11	ENSG00000100393	0.9819869795482614	False
0.00047456246921506	0.6965174129353234	0.0790945850119457	0.07737663658107694	7	7	18	6	12	ENSG00000100417	0.9819869795482614	False
0.005972992514794437	0.6965174129353234	0.28500289746498875	0.31763657699161196	11	7	12	4	8	ENSG00000104047	0.9819869795482614	False
3.5307893391731536e-06	0.6965174129353234	0.013353242320819126	0.013292433537832299	3	7	13	4	10	ENSG00000108175	0.9819869795482614	False
0.006026676258697903	0.6965174129353234	0.15683645162410695	0.2303814020909331	11	7	18	7	14	ENSG00000113575	0.9819869795482614	False
1.5593757114245058e-05	0.6965174129353234	0.011531452087007604	0.008130081300813032	3	7	10	3	7	ENSG00000120800	0.9819869795482614	False
0.0014072276695094204	0.6965174129353234	0.1301647945356888	0.17588454228925812	9	7	18	7	12	ENSG00000123737	0.9819869795482614	False
0.00011200192401972625	0.6965174129353234	0.13202121718524756	0.07179981215219386	6	7	18	9	15	ENSG00000124193	0.9819869795482614	False
0.0005509559728952036	0.6965174129353234	0.09005676662244398	0.0660686405709825	9	7	17	8	12	ENSG00000129083	0.9819869795482614	False
0.0005982387777014328	0.6965174129353234	0.10680502868090322	0.14301321810585588	24	7	19	10	17	ENSG00000133226	0.9819869795482614	False
3.381591306815123e-05	0.6965174129353234	0.056759440300889176	0.02238272261932569	10	7	19	9	15	ENSG00000134440	0.9819869795482614	False
0.006243259676300983	0.6965174129353234	0.16293961514454228	0.15470840197693572	10	7	16	5	10	ENSG00000135241	0.9819869795482614	False
0.00696320735459716	0.6965174129353234	0.24631238576045977	0.2509920634920635	6	6	9	3	5	ENSG00000135976	0.9819869795482614	False
0.00013188440124704194	0.6965174129353234	0.029566780942956145	0.026989453121923187	6	3	4	3	4	ENSG00000139737	0.9819869795482614	False
0.0004929805639078942	0.6965174129353234	0.11983977061899127	0.05430621254413536	4	6	15	5	9	ENSG00000142252	0.9819869795482614	False
0.003333956186682179	0.6965174129353234	0.2790061269055518	0.5200898035571487	37	7	19	7	15	ENSG00000145907	0.9819869795482614	False
0.00041964601091353296	0.6965174129353234	0.10183082410332563	0.05666866610877909	5	7	18	8	14	ENSG00000148803	0.9819869795482614	False
0.011110357729936795	0.6965174129353234	0.3510122372471105	0.4307584804980307	6	7	10	3	7	ENSG00000156675	0.9819869795482614	False
1.6995092873611053e-06	0.6965174129353234	0.003224737215633949	0.0029744199881023238	4	7	15	6	12	ENSG00000168175	0.9819869795482614	False
0.0025375825576167818	0.6965174129353234	0.19388408587431138	0.20400523411276097	14	7	18	8	13	ENSG00000169241	0.9819869795482614	False
0.0006566872990681125	0.6965174129353234	0.07326714469571614	0.0641025641025641	2	5	4	3	4	ENSG00000169857	0.9819869795482614	False
6.841861220565295e-05	0.6965174129353234	0.043692343450518284	0.023197395715161745	6	7	19	13	18	ENSG00000173113	0.9819869795482614	False
0.000870195567759557	0.6965174129353234	0.13439462739648073	0.20137594111797713	3	7	12	5	7	ENSG00000176845	0.9819869795482614	False
0.0007214126247603596	0.6965174129353234	0.22138209134203968	0.11633971464810762	5	7	14	7	10	ENSG00000177889	0.9819869795482614	False
0.0023634705724562195	0.6965174129353234	0.11200073509630745	0.12071414948926942	3	7	15	8	12	ENSG00000179833	0.9819869795482614	False
0.0005757811685997596	0.6965174129353234	0.11226782022045657	0.1146913275164205	3	7	18	9	14	ENSG00000183172	0.9819869795482614	False
0.0003428182517227757	0.6965174129353234	0.09418881977260504	0.07001807119529461	6	7	19	7	13	ENSG00000183955	0.9819869795482614	False
0.0010419215662129928	0.6965174129353234	0.1693549761762433	0.1739865155446324	10	7	18	8	16	ENSG00000186298	0.9819869795482614	False
0.009679695582836531	0.6965174129353234	0.18402022906347432	0.29318622454078475	16	7	19	7	14	ENSG00000188690	0.9819869795482614	False
1.4469450484837872e-05	0.6965174129353234	0.008771889020160089	0.011050758931211983	6	7	19	11	19	ENSG00000196154	0.9819869795482614	False
0.002287131687409006	0.6965174129353234	0.1475796417962778	0.15089917857199844	9	7	17	5	12	ENSG00000197006	0.9819869795482614	False
0.005165623603033412	0.6965174129353234	0.3347580580339201	0.34178667006499297	12	6	11	3	8	ENSG00000198431	0.9819869795482614	False
0.005392972265218201	0.6965174129353234	0.10441450951399735	0.19289819539517067	21	7	19	12	18	ENSG00000198563	0.9819869795482614	False
0.002841939623752902	0.6965174129353234	0.31796302970415435	0.21708934841982053	8	5	9	4	7	ENSG00000204070	0.9819869795482614	False
0.0018413773496953898	0.6965174129353234	0.2392832178244711	0.23378329232245382	11	7	13	4	9	ENSG00000291237	0.9819869795482614	False
0.009294774721476799	0.7014925373134329	0.27885614993795427	0.2827388481322203	7	6	7	3	5	ENSG00000008382	0.9819869795482614	False
0.0013319635196580083	0.7014925373134329	0.15891901999612632	0.24912860578713236	8	7	18	8	13	ENSG00000010404	0.9819869795482614	False
0.00020587646163586231	0.7014925373134329	0.0358883588836428	0.05515537373667379	10	7	19	10	17	ENSG00000055044	0.9819869795482614	False
0.004148732853089274	0.7014925373134329	0.20553920901543105	0.21783069500246777	8	7	15	5	11	ENSG00000073803	0.9819869795482614	False
0.0016873122082466583	0.7014925373134329	0.3201585003845392	0.2706395105188165	49	7	15	6	12	ENSG00000080503	0.9819869795482614	False
1.831698507399196e-07	0.7014925373134329	0.0008210180623974682	0.0008583690987124483	3	7	8	3	6	ENSG00000101544	0.9819869795482614	False
0.0023256663490911367	0.7014925373134329	0.25943788534948614	0.2527938495680431	10	7	17	5	11	ENSG00000102897	0.9819869795482614	False
9.757960582282343e-06	0.7014925373134329	0.01497212464954406	0.008896797153024924	6	7	16	6	11	ENSG00000104324	0.9819869795482614	False
8.413444457608222e-05	0.7014925373134329	0.029519216548891437	0.030545892427080522	10	7	15	7	12	ENSG00000106636	0.9819869795482614	False
0.00039447552065854046	0.7014925373134329	0.039841908205712026	0.05185105643978863	7	7	19	8	16	ENSG00000109536	0.9819869795482614	False
0.0030902758747761334	0.7014925373134329	0.14418058441545442	0.14992240163963555	9	7	13	5	8	ENSG00000110011	0.9819869795482614	False
0.00019116721838280325	0.7014925373134329	0.1877585740988507	0.13031858977819324	19	7	13	4	6	ENSG00000110077	0.9819869795482614	False
0.0032974302490107214	0.7014925373134329	0.12940821060942523	0.21446391297991446	12	7	19	12	18	ENSG00000113558	0.9819869795482614	False
0.0003734907773648373	0.7014925373134329	0.07041731629732084	0.0850449921752739	7	7	15	4	11	ENSG00000115274	0.9819869795482614	False
0.0038961043536979443	0.7014925373134329	0.27285810132950183	0.20875653001378824	19	3	5	3	5	ENSG00000118515	0.9819869795482614	False
0.002884165692310206	0.7014925373134329	0.2805918791806379	0.18393486260079855	13	7	13	5	10	ENSG00000120725	0.9819869795482614	False
0.00038311432605027884	0.7014925373134329	0.06618502775634669	0.04627249972481055	3	7	16	4	9	ENSG00000124541	0.9819869795482614	False
9.829070460944119e-07	0.7014925373134329	0.009280888347853494	0.00500006503083483	4	7	19	11	17	ENSG00000130741	0.9819869795482614	False
0.0012464522893308372	0.7014925373134329	0.10458546672491635	0.13073958409492079	7	6	9	3	6	ENSG00000131470	0.9819869795482614	False
1.6550127392097924e-05	0.7014925373134329	0.05016322339272325	0.0316919831084931	5	7	18	5	13	ENSG00000131669	0.9819869795482614	False
0.0010700245509950607	0.7014925373134329	0.2154005988981527	0.12553817594381242	13	7	14	5	10	ENSG00000135679	0.9819869795482614	False
0.003397848215421197	0.7014925373134329	0.18520113476040392	0.1622137404580153	9	7	16	4	10	ENSG00000135945	0.9819869795482614	False
0.0017494777049561338	0.7014925373134329	0.1746228495712499	0.05463905463905468	3	3	5	3	4	ENSG00000137731	0.9819869795482614	False
0.0015992030081031497	0.7014925373134329	0.1169080028873364	0.11062110272399078	4	7	17	8	13	ENSG00000138381	0.9819869795482614	False
0.005868109077822639	0.7014925373134329	0.24876153478506113	0.3337897843601265	7	5	8	3	5	ENSG00000138641	0.9819869795482614	False
0.00040591042451876416	0.7014925373134329	0.22564213100103508	0.16963549372751766	37	7	17	7	13	ENSG00000140105	0.9819869795482614	False
0.00026726269279351986	0.7014925373134329	0.05080622311797534	0.04550775452616845	15	7	18	8	13	ENSG00000141380	0.9819869795482614	False
2.146294897488752e-05	0.7014925373134329	0.03281275606527803	0.012640449438202236	6	7	12	4	7	ENSG00000144451	0.9819869795482614	False
0.0003214146234390701	0.7014925373134329	0.14149518505175243	0.09879048690237505	7	7	18	7	14	ENSG00000144566	0.9819869795482614	False
0.0004548956678120238	0.7014925373134329	0.0926792185814484	0.06905532101540655	5	5	8	3	5	ENSG00000146833	0.9819869795482614	False
5.668360732588064e-05	0.7014925373134329	0.040427321954418796	0.02476590244921475	5	7	17	7	13	ENSG00000162076	0.9819869795482614	False
0.0010219721189522733	0.7014925373134329	0.1295781264698096	0.13920955711677138	6	7	17	7	12	ENSG00000165644	0.9819869795482614	False
0.01753475499715554	0.7014925373134329	0.32741903541472506	0.4002971628027641	8	6	9	3	4	ENSG00000166197	0.9819869795482614	False
0.006841349376372025	0.7014925373134329	0.10287739969510559	0.15671230877416442	5	5	10	3	7	ENSG00000168118	0.9819869795482614	False
1.926948864493381e-05	0.7014925373134329	0.01785714285714281	0.014641663786150436	3	7	11	4	9	ENSG00000181192	0.9819869795482614	False
2.6341045219261315e-06	0.7014925373134329	0.01114902218723048	0.00666527239002423	2	7	19	9	14	ENSG00000185862	0.9819869795482614	False
0.001366388351305223	0.7014925373134329	0.2185733625711916	0.15929739551786795	8	7	14	4	12	ENSG00000187742	0.9819869795482614	False
0.003173418919607024	0.7014925373134329	0.19724540192421097	0.151433426924782	8	4	7	3	5	ENSG00000196684	0.9819869795482614	False
0.013692138451005205	0.7014925373134329	0.27843819564563876	0.26272787838297695	3	7	12	3	8	ENSG00000196781	0.9819869795482614	False
7.07280678727725e-05	0.7014925373134329	0.060168895144264545	0.029325513196480926	2	5	6	3	5	ENSG00000203668	0.9819869795482614	False
0.0008130759064969562	0.7014925373134329	0.19242807671676593	0.29526455015942027	14	6	10	3	7	ENSG00000203747	0.9819869795482614	False
0.0036656175695137564	0.7014925373134329	0.19569271149935868	0.13620145624338006	11	7	16	6	11	ENSG00000211460	0.9819869795482614	False
0.0003241690020074704	0.7014925373134329	0.0953391997196338	0.06741397879938775	3	7	16	4	11	ENSG00000213341	0.9819869795482614	False
0.0023130965202647286	0.7014925373134329	0.275572744728341	0.2931037867336723	18	3	4	3	4	ENSG00000214900	0.9819869795482614	False
0.000395345014195813	0.7014925373134329	0.10926423685086878	0.06483025120784675	3	7	19	8	17	ENSG00000225339	0.9819869795482614	False
0.0021235130162654257	0.7014925373134329	0.12926395601364332	0.16602278507130383	8	7	17	5	12	ENSG00000235162	0.9819869795482614	False
0.004185492631160324	0.7064676616915423	0.29159233793939887	0.308856865284974	11	5	10	4	8	ENSG00000003400	0.9819869795482614	False
0.0005749051856127993	0.7064676616915423	0.09281354051054387	0.08399999999999996	4	5	7	3	5	ENSG00000076067	0.9819869795482614	False
0.012930646956055215	0.7064676616915423	0.21649622205430838	0.2941095232500376	17	7	19	6	14	ENSG00000079134	0.9819869795482614	False
8.566858035898982e-05	0.7064676616915423	0.06864989851658544	0.08175850338798664	6	7	19	12	18	ENSG00000101182	0.9819869795482614	False
2.8540349276297684e-06	0.7064676616915423	0.005102040816326505	0.00232288037166085	3	7	14	4	8	ENSG00000101464	0.9819869795482614	False
1.7187630077145955e-06	0.7064676616915423	0.018942031793863275	0.004735461794846032	3	7	17	7	13	ENSG00000102931	0.9819869795482614	False
0.0015207069481530625	0.7064676616915423	0.1570194291819494	0.1899381309019863	9	7	17	7	11	ENSG00000103145	0.9819869795482614	False
0.0003134552113499547	0.7064676616915423	0.07964544887344349	0.04802885273929625	13	7	18	6	14	ENSG00000105700	0.9819869795482614	False
0.001652652823539357	0.7064676616915423	0.08441018004410722	0.09200560063428871	6	2	3	3	3	ENSG00000105793	0.9819869795482614	False
0.001469452345256255	0.7064676616915423	0.20867584890815077	0.15608858371222664	12	7	18	8	13	ENSG00000107077	0.9819869795482614	False
5.805591387133578e-05	0.7064676616915423	0.0688369322770776	0.025991023109644195	6	7	18	8	15	ENSG00000113068	0.9819869795482614	False
0.0021855607258198413	0.7064676616915423	0.08900963995898437	0.135387186861002	4	7	18	9	15	ENSG00000113811	0.9819869795482614	False
0.0001335591866185867	0.7064676616915423	0.050641229280948816	0.04299690316526451	6	7	18	7	14	ENSG00000114978	0.9819869795482614	False
0.004272925854584452	0.7064676616915423	0.3837334633593617	0.4603616813294232	35	7	13	4	8	ENSG00000115415	0.9819869795482614	False
0.00044512956515191414	0.7064676616915423	0.05156947960297648	0.05366119526438716	5	7	19	8	16	ENSG00000116221	0.9819869795482614	False
0.0013004532214645884	0.7064676616915423	0.1293604122528024	0.1481782101194103	10	7	19	8	17	ENSG00000116560	0.9819869795482614	False
0.0009806632106717388	0.7064676616915423	0.15868958701811614	0.13593626467189687	16	7	15	4	9	ENSG00000130830	0.9819869795482614	False
4.690163135091264e-05	0.7064676616915423	0.012498327351579464	0.006661415331952419	2	3	4	3	4	ENSG00000135828	0.9819869795482614	False
0.0013357440796830493	0.7064676616915423	0.124918671281388	0.12695052313984723	8	7	15	6	11	ENSG00000138629	0.9819869795482614	False
0.00226252134773811	0.7064676616915423	0.14960839468516046	0.12625052390728306	22	7	19	10	16	ENSG00000141002	0.9819869795482614	False
4.7659116494133127e-07	0.7064676616915423	0.013396263414553855	0.004199160582981501	9	7	19	13	19	ENSG00000148303	0.9819869795482614	False
3.0256814337657004e-06	0.7064676616915423	0.003287598594816686	0.00560448358686951	3	6	10	3	6	ENSG00000149418	0.9819869795482614	False
0.0012817929601329177	0.7064676616915423	0.1629583385812667	0.17966507177033492	6	7	18	7	13	ENSG00000150316	0.9819869795482614	False
0.003031826115903757	0.7064676616915423	0.2163138401250504	0.23341958980256855	4	7	14	4	9	ENSG00000153975	0.9819869795482614	False
0.0016526925900523458	0.7064676616915423	0.2345926127439235	0.14171677379224545	5	7	12	4	7	ENSG00000154803	0.9819869795482614	False
0.0008593295723511632	0.7064676616915423	0.14057315672692794	0.09239361702127658	3	7	10	3	6	ENSG00000158623	0.9819869795482614	False
0.0020449541477160203	0.7064676616915423	0.4760180060449937	0.39455443902762577	3	7	15	4	9	ENSG00000159792	0.9819869795482614	False
0.0009273453046229395	0.7064676616915423	0.18039161299052617	0.12892928731587794	6	7	18	8	14	ENSG00000159884	0.9819869795482614	False
0.001679711626208085	0.7064676616915423	0.09474787114170963	0.11849130981536292	6	7	19	7	14	ENSG00000162384	0.9819869795482614	False
0.0008735428118093584	0.7064676616915423	0.12838501481256093	0.09051739015409765	6	7	19	13	17	ENSG00000164405	0.9819869795482614	False
0.00323959253557456	0.7064676616915423	0.19123294210550962	0.1527733652663392	7	7	17	7	11	ENSG00000173226	0.9819869795482614	False
0.00020075951149497163	0.7064676616915423	0.05861359015928074	0.06063755758542021	6	7	16	7	12	ENSG00000174695	0.9819869795482614	False
0.0003570118133808581	0.7064676616915423	0.06923060121212005	0.0632580004657785	6	7	18	7	14	ENSG00000175854	0.9819869795482614	False
0.0024283538891169292	0.7064676616915423	0.18430162832336738	0.1691310697334794	4	5	7	3	6	ENSG00000176531	0.9819869795482614	False
0.004857489818293201	0.7064676616915423	0.306242627460812	0.30528807957542825	14	7	12	3	9	ENSG00000179889	0.9819869795482614	False
0.011527848589399432	0.7064676616915423	0.1278458426404362	0.27482011882751434	2	7	18	8	13	ENSG00000180596	0.9819869795482614	False
0.0008552979750026674	0.7064676616915423	0.19312113025291336	0.13494521436313953	2	7	15	5	11	ENSG00000182512	0.9819869795482614	False
0.0001260524202402861	0.7064676616915423	0.046293592219274586	0.030377037484221485	4	2	4	4	4	ENSG00000185798	0.9819869795482614	False
0.005222945880004989	0.7064676616915423	0.3285091737017915	0.2876484012410575	7	7	14	3	9	ENSG00000196961	0.9819869795482614	False
0.0015933055378277356	0.7064676616915423	0.11417368327418734	0.08518839813208819	3	7	18	9	15	ENSG00000197982	0.9819869795482614	False
0.00016636578104487696	0.7064676616915423	0.13976321084117768	0.03818606440718603	12	7	19	10	17	ENSG00000249915	0.9819869795482614	False
0.0013128118923713852	0.7114427860696517	0.2051357746198639	0.22745098039215686	16	7	16	5	12	ENSG00000027697	0.9819869795482614	False
0.003614181541195162	0.7114427860696517	0.261204582563638	0.22081978708484734	7	3	5	3	4	ENSG00000078399	0.9819869795482614	False
0.00015912604406515202	0.7114427860696517	0.047764093962100726	0.03890631474087581	6	7	17	8	15	ENSG00000079332	0.9819869795482614	False
0.003205599953052398	0.7114427860696517	0.2551897653151151	0.16431655538598774	18	7	15	5	13	ENSG00000093144	0.9819869795482614	False
0.00018225805943098067	0.7114427860696517	0.04803834348325875	0.04194718848969148	2	5	6	3	5	ENSG00000096433	0.9819869795482614	False
1.4062146850179927e-05	0.7114427860696517	0.017035204490355806	0.007324911958797025	5	7	17	6	12	ENSG00000105355	0.9819869795482614	False
0.003633661980319167	0.7114427860696517	0.3020280899787541	0.31407088021874013	8	3	5	3	4	ENSG00000105655	0.9819869795482614	False
0.003592417962304943	0.7114427860696517	0.12872892041077624	0.13145051700708432	2	7	15	4	10	ENSG00000109787	0.9819869795482614	False
0.00021054480675044667	0.7114427860696517	0.10122523785364124	0.11928683397061189	34	7	18	9	13	ENSG00000115677	0.9819869795482614	False
0.0022157680231963796	0.7114427860696517	0.2661767347559928	0.17691812737313248	15	7	14	3	10	ENSG00000116539	0.9819869795482614	False
0.0020729585264670043	0.7114427860696517	0.2557321208864071	0.2131356904132773	38	7	18	8	15	ENSG00000122566	0.9819869795482614	False
0.0004380106360197749	0.7114427860696517	0.07895542771737128	0.13634910624033453	3	2	3	3	3	ENSG00000125245	0.9819869795482614	False
0.0001465500896398386	0.7114427860696517	0.05743309100070466	0.04207475163657863	4	7	18	9	15	ENSG00000149136	0.9819869795482614	False
0.0057449001039233056	0.7114427860696517	0.28074140021862404	0.27089189879887554	15	5	7	3	5	ENSG00000155096	0.9819869795482614	False
0.001614609204143805	0.7114427860696517	0.15007186241805254	0.14026369060607324	12	7	17	7	13	ENSG00000159110	0.9819869795482614	False
0.00459939113792649	0.7114427860696517	0.19309976761589667	0.319753462697687	9	5	6	3	5	ENSG00000163297	0.9819869795482614	False
0.000701534071877724	0.7114427860696517	0.08851414772836717	0.11613375879135192	4	7	16	5	10	ENSG00000164252	0.9819869795482614	False
0.0031617351191563048	0.7114427860696517	0.10494758988712931	0.16252893750389955	34	7	19	11	18	ENSG00000165119	0.9819869795482614	False
0.012461412378435217	0.7114427860696517	0.28434405856253375	0.4088477846500953	4	7	9	3	6	ENSG00000165175	0.9819869795482614	False
0.0009154481532175776	0.7114427860696517	0.09539976218879588	0.07622549019607844	4	7	11	4	7	ENSG00000165417	0.9819869795482614	False
0.00017186396094121	0.7114427860696517	0.11938635868553005	0.05781687059600482	7	7	19	13	17	ENSG00000166562	0.9819869795482614	False
0.0023388727017316017	0.7114427860696517	0.1911565202428634	0.22858430236942523	10	7	17	5	12	ENSG00000167699	0.9819869795482614	False
0.0016756644842944755	0.7114427860696517	0.052301891407178676	0.04730666173888941	4	2	3	3	3	ENSG00000170448	0.9819869795482614	False
0.0024170013477294084	0.7114427860696517	0.20882565785091173	0.20692793872226847	12	7	11	4	9	ENSG00000172175	0.9819869795482614	False
0.004677016281685385	0.7114427860696517	0.222958567426097	0.23760301303555292	9	7	19	9	15	ENSG00000174780	0.9819869795482614	False
0.0005136906509803926	0.7114427860696517	0.08097912560699302	0.07044433845012368	11	7	19	9	16	ENSG00000175826	0.9819869795482614	False
0.00010707596625198364	0.7114427860696517	0.043080420574026716	0.0358744394618834	4	7	11	3	7	ENSG00000178537	0.9819869795482614	False
0.001154588310298193	0.7114427860696517	0.13399411247419118	0.2596491228070175	7	2	3	3	3	ENSG00000185722	0.9819869795482614	False
0.006733968303056867	0.7114427860696517	0.40406959781275065	0.40305400682366643	17	6	5	3	5	ENSG00000185829	0.9819869795482614	False
0.004275802741263502	0.7114427860696517	0.1770123916977004	0.1542134664527248	9	7	16	6	11	ENSG00000186166	0.9819869795482614	False
0.019936077636517304	0.7114427860696517	0.3073134782543882	0.35729847494553385	7	7	7	3	4	ENSG00000187609	0.9819869795482614	False
0.0004942719389906155	0.7114427860696517	0.22044933289044386	0.1090840413781064	6	7	17	7	13	ENSG00000196776	0.9819869795482614	False
0.003106341163392176	0.7114427860696517	0.13078818241794488	0.14416179229665596	3	2	3	3	3	ENSG00000197044	0.9819869795482614	False
0.008025914884016893	0.7114427860696517	0.3987512487512487	0.34804617710385266	7	6	8	3	6	ENSG00000248049	0.9819869795482614	False
0.0023450859198980117	0.7164179104477612	0.26005251495348247	0.2784000920199258	12	5	11	4	8	ENSG00000075420	0.9819869795482614	False
0.011356547789052504	0.7164179104477612	0.26695310424899843	0.28641791644887615	7	7	8	3	5	ENSG00000075568	0.9819869795482614	False
2.5745596873461035e-05	0.7164179104477612	0.057394611345000304	0.023253701725428014	11	7	18	8	15	ENSG00000085662	0.9819869795482614	False
0.00837697777901519	0.7164179104477612	0.1868501946975268	0.23741806188675094	19	7	18	8	15	ENSG00000104325	0.9819869795482614	False
0.0013734860341143424	0.7164179104477612	0.13101905932574684	0.12225005943346194	6	6	11	4	8	ENSG00000104626	0.9819869795482614	False
0.0024923662723314545	0.7164179104477612	0.23446005817706286	0.1638259947971866	5	7	14	4	10	ENSG00000104979	0.9819869795482614	False
5.719604849537586e-05	0.7164179104477612	0.01705023397910009	0.021727775259789302	4	7	19	12	18	ENSG00000106400	0.9819869795482614	False
0.0004155719272761521	0.7164179104477612	0.10427756415878929	0.10542020776512862	12	7	16	6	11	ENSG00000110324	0.9819869795482614	False
0.0013146031460167266	0.7164179104477612	0.06379882212196883	0.09427506242687761	7	7	16	5	11	ENSG00000111276	0.9819869795482614	False
0.00023145028248014582	0.7164179104477612	0.046301789353003046	0.039187819930783116	2	7	15	6	10	ENSG00000113615	0.9819869795482614	False
0.0012145941142990455	0.7164179104477612	0.15145678559451903	0.17036760295453374	8	7	15	6	8	ENSG00000118503	0.9819869795482614	False
0.0009255097957247158	0.7164179104477612	0.09396963847152245	0.08868480245307188	8	7	19	9	16	ENSG00000121892	0.9819869795482614	False
0.005120588305277438	0.7164179104477612	0.2739160617306103	0.24303618306588629	29	7	18	8	14	ENSG00000127054	0.9819869795482614	False
0.007914933612028809	0.7164179104477612	0.3828467669273828	0.40181818181818174	22	5	6	3	4	ENSG00000131844	0.9819869795482614	False
0.001534849881637621	0.7164179104477612	0.09980501094697386	0.0986798679867987	4	3	4	3	4	ENSG00000132313	0.9819869795482614	False
0.0042942460403515206	0.7164179104477612	0.23142071158478703	0.19745990979704334	13	7	18	7	15	ENSG00000133316	0.9819869795482614	False
0.002810120351719943	0.7164179104477612	0.3052275035245693	0.3828571428571429	6	4	5	3	4	ENSG00000133739	0.9819869795482614	False
0.0019980963914116405	0.7164179104477612	0.08371117755294519	0.10490348034380725	2	2	3	3	3	ENSG00000136636	0.9819869795482614	False
4.8279519770608325e-05	0.7164179104477612	0.028181963366737693	0.038307280763744546	3	7	19	10	15	ENSG00000136908	0.9819869795482614	False
0.00020890872167120587	0.7164179104477612	0.049161425576519965	0.04878048780487808	7	7	14	3	10	ENSG00000138050	0.9819869795482614	False
0.001250777725010587	0.7164179104477612	0.12054566676224912	0.09074832464631422	5	6	8	3	5	ENSG00000139579	0.9819869795482614	False
3.765929621625193e-05	0.7164179104477612	0.013313794209752455	0.018171160609613116	5	7	14	4	9	ENSG00000145022	0.9819869795482614	False
0.0005206072189405053	0.7164179104477612	0.11795739008500708	0.0696906881274641	6	5	9	4	7	ENSG00000150712	0.9819869795482614	False
0.005936296511933373	0.7164179104477612	0.22350569977093315	0.24015458225984537	13	5	8	3	5	ENSG00000158941	0.9819869795482614	False
3.215510713801761e-06	0.7164179104477612	0.010918820271564189	0.007128198190814307	3	7	19	9	16	ENSG00000165704	0.9819869795482614	False
3.727345659347197e-05	0.7164179104477612	0.04918068017704503	0.01780739559991744	9	7	19	13	18	ENSG00000166136	0.9819869795482614	False
0.002492565291315729	0.7164179104477612	0.12296430637174524	0.2931894823863873	12	7	17	4	11	ENSG00000176014	0.9819869795482614	False
0.00037910807260341754	0.7164179104477612	0.056553149873373815	0.0645906746335734	8	5	6	3	4	ENSG00000180900	0.9819869795482614	False
0.0006673185538385546	0.7164179104477612	0.1939619504360801	0.12682881032064236	24	7	17	7	12	ENSG00000204463	0.9819869795482614	False
0.0001545418997479222	0.7164179104477612	0.05875231129797779	0.03983233348715579	2	4	6	3	4	ENSG00000213203	0.9819869795482614	False
0.0012109469603078997	0.7164179104477612	0.11912462990894372	0.08762906682252095	7	6	11	3	8	ENSG00000241058	0.9819869795482614	False
0.0064897208487953864	0.7164179104477612	0.23580488382283651	0.22070155261644622	14	7	13	4	10	ENSG00000253710	0.9819869795482614	False
0.002236099368450019	0.7213930348258707	0.12640457780264203	0.28585676192075926	9	3	6	5	5	ENSG00000004399	0.9819869795482614	False
0.0021945094402162526	0.7213930348258707	0.15037323178665488	0.1111735865964616	22	7	16	6	10	ENSG00000064313	0.9819869795482614	False
0.0008809323992480194	0.7213930348258707	0.08105941015693209	0.05569545154911006	3	7	17	7	12	ENSG00000076924	0.9819869795482614	False
0.0008929437806822881	0.7213930348258707	0.08069713884081349	0.2036109604772082	8	5	5	3	4	ENSG00000078043	0.9819869795482614	False
0.004610845017015538	0.7213930348258707	0.1668543503667254	0.26083593469432864	12	7	15	4	9	ENSG00000096063	0.9819869795482614	False
0.0002401632002800111	0.7213930348258707	0.07261523531736978	0.07798556260563498	8	7	19	10	17	ENSG00000099901	0.9819869795482614	False
0.00022402944914688797	0.7213930348258707	0.03851164318042916	0.03753873181655836	4	7	18	7	12	ENSG00000100348	0.9819869795482614	False
0.0004529250270247971	0.7213930348258707	0.1176319773702954	0.09785878353873176	19	7	11	4	7	ENSG00000100983	0.9819869795482614	False
7.896898976057473e-05	0.7213930348258707	0.06718827504819085	0.02753117832524302	4	7	19	6	14	ENSG00000107833	0.9819869795482614	False
0.002549292826547304	0.7213930348258707	0.34547112443304107	0.36250000000000004	10	7	14	5	9	ENSG00000110492	0.9819869795482614	False
0.0011569751664880965	0.7213930348258707	0.1688062922747237	0.14687132784958873	6	2	3	3	3	ENSG00000117262	0.9819869795482614	False
1.2743252023211622e-06	0.7213930348258707	0.024677200760353922	0.009839235434590404	4	4	6	3	3	ENSG00000121316	0.9819869795482614	False
4.128555581584161e-05	0.7213930348258707	0.018664027709054884	0.02846299810246678	2	7	11	3	8	ENSG00000128185	0.9819869795482614	False
0.0014520339197775778	0.7213930348258707	0.1730409769276516	0.12643056681986123	8	7	15	4	9	ENSG00000130810	0.9819869795482614	False
0.0055726531521287275	0.7213930348258707	0.35135429931678436	0.2732782597866246	15	6	13	4	7	ENSG00000132716	0.9819869795482614	False
0.001141500185687148	0.7213930348258707	0.2575725066275113	0.12246808179869026	3	7	9	3	6	ENSG00000134107	0.9819869795482614	False
0.0009066985845056367	0.7213930348258707	0.1557688238284956	0.10522685522165605	6	7	17	6	12	ENSG00000134108	0.9819869795482614	False
0.0012716975923278918	0.7213930348258707	0.14346509574245622	0.08922246621611507	9	7	17	8	13	ENSG00000134758	0.9819869795482614	False
0.006783938671905871	0.7213930348258707	0.2873369798849826	0.2708038084592507	7	7	14	4	10	ENSG00000136273	0.9819869795482614	False
0.002061644644160982	0.7213930348258707	0.24230285829486226	0.1423687423687423	6	7	6	3	4	ENSG00000137760	0.9819869795482614	False
0.002934874984441044	0.7213930348258707	0.09595357312627315	0.24941261959549477	5	2	3	3	3	ENSG00000143499	0.9819869795482614	False
0.00021001949538678531	0.7213930348258707	0.06970859311433962	0.0355741222960688	4	7	18	7	15	ENSG00000149600	0.9819869795482614	False
0.0006619858416399264	0.7213930348258707	0.1231918396154219	0.07198012232415901	6	5	8	3	6	ENSG00000153207	0.9819869795482614	False
6.119247302903357e-05	0.7213930348258707	0.06937599278879579	0.035895754378744545	10	7	13	7	9	ENSG00000153234	0.9819869795482614	False
0.00020377606476231288	0.7213930348258707	0.06804560198570579	0.057640563649771784	10	7	7	3	5	ENSG00000155744	0.9819869795482614	False
0.004541771568682422	0.7213930348258707	0.2638649432680364	0.3223311833532868	15	7	14	3	11	ENSG00000161010	0.9819869795482614	False
0.0005275794572173012	0.7213930348258707	0.07456304356773312	0.07274009488395948	18	7	15	5	11	ENSG00000161813	0.9819869795482614	False
0.0026938504478797765	0.7213930348258707	0.1609899197814047	0.12303940920493905	14	7	18	9	16	ENSG00000165637	0.9819869795482614	False
0.0006394720582947028	0.7213930348258707	0.1234041324596419	0.12471655328798183	3	2	3	3	3	ENSG00000170469	0.9819869795482614	False
0.0025890867013949937	0.7213930348258707	0.226407073604508	0.2051137696457893	3	7	18	6	13	ENSG00000170606	0.9819869795482614	False
0.0009796159374052399	0.7213930348258707	0.021582733812949707	0.05263157894736839	6	2	3	3	3	ENSG00000180917	0.9819869795482614	False
0.004230460961200595	0.7213930348258707	0.1199228301476288	0.14950533546463904	3	7	14	5	9	ENSG00000185009	0.9819869795482614	False
0.0025893275233209163	0.7213930348258707	0.23005892506608888	0.2047719671576159	11	7	15	6	10	ENSG00000185658	0.9819869795482614	False
0.0017721482952048086	0.7213930348258707	0.23971730865959043	0.25679725139174125	8	7	14	4	9	ENSG00000185946	0.9819869795482614	False
0.0006222632596542334	0.7213930348258707	0.10229435338924389	0.08739981140971236	4	6	9	3	7	ENSG00000197329	0.9819869795482614	False
0.0015670502028413116	0.7213930348258707	0.11765300059417713	0.17168913560666138	8	6	6	3	4	ENSG00000198689	0.9819869795482614	False
0.0025871672665652296	0.7213930348258707	0.15264190152900775	0.09739212469237077	5	7	19	8	15	ENSG00000198900	0.9819869795482614	False
8.935316242602307e-06	0.7213930348258707	0.012880523243363648	0.009523390821201388	3	7	12	3	6	ENSG00000254709	0.9819869795482614	False
0.0007610636035775477	0.7213930348258707	0.07781221656380824	0.08812868500764587	12	7	19	10	17	ENSG00000272888	0.9819869795482614	False
0.005089228987876277	0.7213930348258707	0.39076777069663243	0.3529131759329779	14	5	7	3	5	ENSG00000290927	0.9819869795482614	False
0.000833950740164751	0.7263681592039801	0.10790236338789158	0.07092211773108743	9	7	16	8	11	ENSG00000005448	0.9819869795482614	False
0.0033084974833281875	0.7263681592039801	0.1738895019354429	0.14356144343597294	10	7	18	8	13	ENSG00000025770	0.9819869795482614	False
0.004406990709320678	0.7263681592039801	0.2340434905977502	0.2660637381567615	12	7	11	4	7	ENSG00000062822	0.9819869795482614	False
0.00014835513946817597	0.7263681592039801	0.12483643553707573	0.09767342018790971	10	7	17	6	13	ENSG00000063854	0.9819869795482614	False
0.01105708704465414	0.7263681592039801	0.22898345562605008	0.34171418965463685	10	7	13	3	8	ENSG00000074266	0.9819869795482614	False
0.0015845158786994614	0.7263681592039801	0.2254966019996914	0.181246711268135	13	6	11	3	7	ENSG00000101040	0.9819869795482614	False
0.005380248654313667	0.7263681592039801	0.5335427379991544	0.6110635328448633	13	7	13	3	10	ENSG00000101158	0.9819869795482614	False
0.009946358603598472	0.7263681592039801	0.22148536253384363	0.22290976298841403	9	7	9	3	7	ENSG00000102226	0.9819869795482614	False
0.002114771204043144	0.7263681592039801	0.1580078497444775	0.16395587076438134	15	7	13	3	7	ENSG00000104969	0.9819869795482614	False
0.0009650773930579706	0.7263681592039801	0.13541626626974212	0.11142432128263113	8	7	14	5	9	ENSG00000115216	0.9819869795482614	False
0.0034883601674707957	0.7263681592039801	0.30801047205918447	0.22441860465116284	15	7	11	4	7	ENSG00000117640	0.9819869795482614	False
0.0007037448087115703	0.7263681592039801	0.13455984569760782	0.09997672253258845	9	7	16	5	11	ENSG00000127837	0.9819869795482614	False
0.00020138575268431326	0.7263681592039801	0.04689164151777051	0.03437826646087311	4	7	18	6	14	ENSG00000128626	0.9819869795482614	False
0.003644338951210895	0.7263681592039801	0.39990193395365803	0.3047765564129923	7	7	10	3	7	ENSG00000133114	0.9819869795482614	False
8.337809165108957e-06	0.7263681592039801	0.004472052733465698	0.005141388174807224	3	7	10	3	7	ENSG00000134056	0.9819869795482614	False
0.05995908188123168	0.7263681592039801	0.23464762540095344	0.4298670728330103	10	2	3	3	3	ENSG00000135077	0.9819869795482614	False
0.0031037362465015554	0.7263681592039801	0.1269001645379504	0.07077922077922075	4	3	4	3	3	ENSG00000136098	0.9819869795482614	False
2.0264790498794598e-05	0.7263681592039801	0.06305729400874302	0.018653502368942955	9	7	18	11	16	ENSG00000137876	0.9819869795482614	False
0.0010723516328344845	0.7263681592039801	0.29340313823919256	0.30874253483742536	23	7	17	6	11	ENSG00000143669	0.9819869795482614	False
0.0002649216171586847	0.7263681592039801	0.036224602666583665	0.04574605142386366	8	7	19	11	17	ENSG00000143742	0.9819869795482614	False
0.0009263071027135849	0.7263681592039801	0.06027673462227475	0.05044366038944581	6	7	18	10	15	ENSG00000147649	0.9819869795482614	False
0.0032486458816521064	0.7263681592039801	0.15330990158859412	0.21313322932416767	4	7	9	3	7	ENSG00000152270	0.9819869795482614	False
0.0010644525031952943	0.7263681592039801	0.19128186628186616	0.20516631849590236	22	7	13	3	9	ENSG00000152457	0.9819869795482614	False
0.0016445478658191895	0.7263681592039801	0.06995387012351884	0.0821947089470209	5	7	19	10	15	ENSG00000154473	0.9819869795482614	False
0.0026991251286316	0.7263681592039801	0.16914878528206148	0.24839711416476937	5	7	16	4	10	ENSG00000154710	0.9819869795482614	False
0.00048122841909267137	0.7263681592039801	0.1365498499543298	0.06360271451667099	8	7	17	7	12	ENSG00000165948	0.9819869795482614	False
0.00014187899852609244	0.7263681592039801	0.04483593071076099	0.04120988375166947	10	7	14	4	12	ENSG00000170266	0.9819869795482614	False
1.6482816332663463e-05	0.7263681592039801	0.034876210962349184	0.02019603188296374	8	7	17	6	13	ENSG00000172725	0.9819869795482614	False
0.0053425602929494595	0.7263681592039801	0.1597730409982816	0.30651559050772625	9	5	6	3	4	ENSG00000176974	0.9819869795482614	False
6.827569645940175e-05	0.7263681592039801	0.04939227179657879	0.09370262392277175	12	7	19	13	19	ENSG00000187514	0.9819869795482614	False
0.00011494223356409408	0.7263681592039801	0.04996383047536396	0.030528756620344835	6	7	14	4	11	ENSG00000196267	0.9819869795482614	False
0.003748565796208053	0.7263681592039801	0.28806546454640664	0.30734427609427606	63	7	16	5	11	ENSG00000197912	0.9819869795482614	False
3.858208771263351e-05	0.7263681592039801	0.008329454858866622	0.013879250520471903	3	7	16	4	10	ENSG00000198356	0.9819869795482614	False
0.00020198043054729556	0.7263681592039801	0.0686355196912195	0.036942302860299654	14	7	19	12	17	ENSG00000213619	0.9819869795482614	False
0.0007275627759013237	0.7263681592039801	0.0612360179559344	0.06814040585697073	5	7	17	8	13	ENSG00000244038	0.9819869795482614	False
0.00027892668998098937	0.7263681592039801	0.1465343457091154	0.09352423267136038	3	7	18	5	12	ENSG00000275302	0.9819869795482614	False
0.0015975971798815633	0.7263681592039801	0.2131230740232424	0.12064670422441688	8	7	16	7	12	ENSG00000290871	0.9819869795482614	False
0.003329310036660746	0.7313432835820896	0.27956452035159535	0.23966097512720935	9	7	17	5	11	ENSG00000036054	0.9819869795482614	False
9.197440174997928e-05	0.7313432835820896	0.05922309229923652	0.025648015444577538	3	7	18	8	14	ENSG00000056050	0.9819869795482614	False
0.004847205588552417	0.7313432835820896	0.28201251656436227	0.2960484050504087	24	7	13	5	10	ENSG00000072756	0.9819869795482614	False
0.016405701522146446	0.7313432835820896	0.24960354214632224	0.5307929770403241	8	7	13	3	9	ENSG00000091651	0.9819869795482614	False
0.00013171266713320125	0.7313432835820896	0.05478482478528324	0.07653904908893336	4	7	11	4	7	ENSG00000106144	0.9819869795482614	False
0.0020207942476344796	0.7313432835820896	0.22669933735904502	0.2031236035391903	4	6	9	3	6	ENSG00000111361	0.9819869795482614	False
0.0026428437941711245	0.7313432835820896	0.1271730306895982	0.20349145817971465	11	7	18	7	15	ENSG00000111786	0.9819869795482614	False
0.0005645386519781238	0.7313432835820896	0.08617859758188816	0.06078650098601329	9	7	19	10	17	ENSG00000113141	0.9819869795482614	False
0.003925501533366488	0.7313432835820896	0.19355273163089368	0.2630591216513191	16	7	19	8	13	ENSG00000113522	0.9819869795482614	False
0.00027975733924403195	0.7313432835820896	0.08360607695828456	0.0639810426540284	8	7	17	6	12	ENSG00000115514	0.9819869795482614	False
0.0005051197037631712	0.7313432835820896	0.07149377793886669	0.06522574447646493	5	7	8	3	6	ENSG00000117868	0.9819869795482614	False
0.0002193368034918354	0.7313432835820896	0.06385381236333833	0.05839966019542778	7	7	19	11	17	ENSG00000120727	0.9819869795482614	False
0.002107877569985814	0.7313432835820896	0.34683513470033195	0.6168263183357524	11	4	5	3	3	ENSG00000120885	0.9819869795482614	False
1.9889405742562438e-05	0.7313432835820896	0.04166666666666666	0.027027027027027	7	7	10	3	6	ENSG00000123643	0.9819869795482614	False
0.003723987747461734	0.7313432835820896	0.2678022948053374	0.20982478097622026	7	4	5	3	4	ENSG00000124574	0.9819869795482614	False
8.80314090157348e-05	0.7313432835820896	0.0210912886649596	0.04048296982287711	4	7	17	8	12	ENSG00000132824	0.9819869795482614	False
0.009249514751639107	0.7313432835820896	0.42345002417637845	0.2920873845653147	17	7	10	4	7	ENSG00000133313	0.9819869795482614	False
8.910196012895353e-05	0.7313432835820896	0.030126652241733255	0.02809637559547702	2	7	15	7	9	ENSG00000139193	0.9819869795482614	False
0.0031534663021026	0.7313432835820896	0.320741108462394	0.3009196477281583	16	7	13	4	9	ENSG00000139636	0.9819869795482614	False
0.005932303615216342	0.7313432835820896	0.1619209664060923	0.19254711593375215	4	5	7	3	5	ENSG00000156928	0.9819869795482614	False
0.0007934106349378345	0.7313432835820896	0.12518348569979817	0.09964804053403362	14	7	19	7	14	ENSG00000163635	0.9819869795482614	False
0.0003158041208754122	0.7313432835820896	0.08773482071541569	0.05675514428969744	15	7	17	6	14	ENSG00000164081	0.9819869795482614	False
0.0010356449404325303	0.7313432835820896	0.15193277310924375	0.14391136063970056	2	3	4	3	4	ENSG00000166133	0.9819869795482614	False
0.0008883815249086616	0.7313432835820896	0.18167604483450886	0.10795227865582326	21	7	19	10	16	ENSG00000167792	0.9819869795482614	False
0.00157920118295904	0.7313432835820896	0.2917489864153921	0.31077694235588976	42	7	17	6	11	ENSG00000168214	0.9819869795482614	False
0.0006243521407845598	0.7313432835820896	0.09760200866757872	0.061875198885640005	6	7	17	7	10	ENSG00000168894	0.9819869795482614	False
3.299790799292133e-05	0.7313432835820896	0.03516740116062336	0.022247820064260456	5	7	19	13	19	ENSG00000173660	0.9819869795482614	False
0.002345519220672157	0.7313432835820896	0.19914928268900234	0.13520621637776445	6	7	14	4	9	ENSG00000175467	0.9819869795482614	False
0.0008707181440104208	0.7313432835820896	0.14654587449078554	0.13306781806000148	13	7	15	4	9	ENSG00000181381	0.9819869795482614	False
0.0004608732914903386	0.7313432835820896	0.12004520262202567	0.10639976550057666	3	7	17	8	13	ENSG00000183741	0.9819869795482614	False
0.00023077306475611728	0.7313432835820896	0.1096755728723861	0.17676126708052994	4	6	12	4	8	ENSG00000183828	0.9819869795482614	False
0.0034640939372489266	0.7313432835820896	0.18676809767161323	0.2916783872480075	11	5	6	3	4	ENSG00000186153	0.9819869795482614	False
0.00034165960238378767	0.7313432835820896	0.19223986925142147	0.1671329490408025	25	7	15	5	12	ENSG00000196233	0.9819869795482614	False
0.005941383921278086	0.7313432835820896	0.22324597142614847	0.2306464485235435	14	5	6	3	5	ENSG00000197548	0.9819869795482614	False
0.0005789461558517626	0.7313432835820896	0.08868517375259527	0.053458437029007114	8	7	16	9	13	ENSG00000213920	0.9819869795482614	False
5.096972775405113e-05	0.7313432835820896	0.06018112045831371	0.016657459746053718	3	7	19	13	19	ENSG00000228474	0.9819869795482614	False
0.005835047435230525	0.7313432835820896	0.25793189015272777	0.25009268576876226	13	5	7	3	5	ENSG00000234912	0.9819869795482614	False
0.002597692694616557	0.7313432835820896	0.2202518561110665	0.24818196926968683	43	7	19	8	15	ENSG00000247556	0.9819869795482614	False
0.0011174999977536806	0.7313432835820896	0.10872633869021153	0.11778127886130277	4	7	10	3	7	ENSG00000257242	0.9819869795482614	False
4.961502692832449e-07	0.7313432835820896	0.0007962701363858278	0.0012886597938144306	3	7	17	7	13	ENSG00000257949	0.9819869795482614	False
1.28929226912954e-06	0.7313432835820896	0.000984736582963999	0.0025740025740025527	2	2	3	3	3	ENSG00000261423	0.9819869795482614	False
3.322672823158201e-05	0.736318407960199	0.0416848136789858	0.038710124154358594	12	7	16	4	8	ENSG00000008394	0.9819869795482614	False
0.0024237430133692596	0.736318407960199	0.21027442558558812	0.2766635752376536	7	7	15	6	10	ENSG00000067900	0.9819869795482614	False
0.00013889858682797034	0.736318407960199	0.044188786614851774	0.03675957371200539	10	7	18	8	14	ENSG00000077721	0.9819869795482614	False
2.729331998308977e-05	0.736318407960199	0.016203029275380296	0.014788822634183343	2	7	19	10	16	ENSG00000086062	0.9819869795482614	False
0.002869659246885376	0.736318407960199	0.23935038374324086	0.17278127183787567	6	7	10	3	7	ENSG00000087095	0.9819869795482614	False
0.004187469022384593	0.736318407960199	0.3781444116434033	0.4146158417652079	27	6	7	3	5	ENSG00000089127	0.9819869795482614	False
0.0006199126675015339	0.736318407960199	0.06471562821918583	0.11055644763291086	26	7	19	13	19	ENSG00000089157	0.9819869795482614	False
0.0014175312817891136	0.736318407960199	0.11080765639589164	0.09066666666666666	7	2	3	3	3	ENSG00000090924	0.9819869795482614	False
0.0019694459552113876	0.736318407960199	0.0751698589870188	0.11972835779942378	11	7	19	10	17	ENSG00000099817	0.9819869795482614	False
8.484408681549021e-05	0.736318407960199	0.025672804296532445	0.02038347547329586	4	7	19	9	14	ENSG00000100865	0.9819869795482614	False
4.041674332115914e-06	0.736318407960199	0.018503342438336384	0.007837096622886642	5	7	19	10	16	ENSG00000102265	0.9819869795482614	False
4.286511444421003e-07	0.736318407960199	0.0023414119107898748	0.0020103388856978896	3	7	18	8	14	ENSG00000102699	0.9819869795482614	False
0.0016537701861325754	0.736318407960199	0.17415344192803586	0.23593094528031366	13	7	17	9	14	ENSG00000103365	0.9819869795482614	False
0.008357333601193725	0.736318407960199	0.36017361868185654	0.3462602940305202	21	4	6	3	5	ENSG00000104320	0.9819869795482614	False
0.0011502178481262028	0.736318407960199	0.12461956261155001	0.13990563167690417	6	7	15	6	12	ENSG00000104714	0.9819869795482614	False
1.1457486207625106e-05	0.736318407960199	0.04290349108613125	0.018171206249204777	11	7	19	12	19	ENSG00000105373	0.9819869795482614	False
1.327144776137657e-09	0.736318407960199	0.006688963210702338	0.00014389006798807606	2	7	19	13	19	ENSG00000106153	0.9819869795482614	False
0.0013835568140709992	0.736318407960199	0.19383503373033534	0.17453378356945737	4	6	11	4	8	ENSG00000110046	0.9819869795482614	False
0.0012576099711598516	0.736318407960199	0.1831500400836302	0.13063105319202878	9	7	15	6	10	ENSG00000121350	0.9819869795482614	False
1.6865949556005232e-06	0.736318407960199	0.0036535825750945274	0.0023912003825920843	3	7	10	4	8	ENSG00000129911	0.9819869795482614	False
0.0004782590697899761	0.736318407960199	0.05227047029272369	0.005868054703037112	2	2	3	3	3	ENSG00000130348	0.9819869795482614	False
0.003146012627293102	0.736318407960199	0.15441607880544436	0.17762590883212676	21	7	19	7	16	ENSG00000132676	0.9819869795482614	False
0.0020004324334115925	0.736318407960199	0.25779922451122345	0.2777524200756928	26	7	14	3	11	ENSG00000137409	0.9819869795482614	False
0.00277713502892915	0.736318407960199	0.30171120362388815	0.2669602717711914	24	7	17	6	10	ENSG00000141562	0.9819869795482614	False
0.0032784911406856425	0.736318407960199	0.17522863904171362	0.1414843414843415	11	3	4	3	4	ENSG00000142330	0.9819869795482614	False
0.0007577586213000085	0.736318407960199	0.08474568386251062	0.11250508417229681	13	7	18	7	15	ENSG00000149547	0.9819869795482614	False
0.0021042227779292256	0.736318407960199	0.23770790452349314	0.30525601387527335	14	7	13	4	9	ENSG00000150527	0.9819869795482614	False
4.109680062839684e-05	0.736318407960199	0.016932610489769163	0.017530517530517566	6	4	4	3	4	ENSG00000165632	0.9819869795482614	False
0.0013961591260861013	0.736318407960199	0.20988150531272837	0.19558652729384438	20	7	18	7	13	ENSG00000165671	0.9819869795482614	False
0.00018411231533569964	0.736318407960199	0.049061105891188915	0.03312016826367191	7	7	18	9	14	ENSG00000168092	0.9819869795482614	False
0.0037032952286537206	0.736318407960199	0.2539373082529393	0.16100852037264193	9	2	3	3	3	ENSG00000168591	0.9819869795482614	False
0.0006939446515573275	0.736318407960199	0.16377445007227573	0.1393771928394565	19	7	19	8	15	ENSG00000178950	0.9819869795482614	False
1.158430305236803e-07	0.736318407960199	0.00022227161591462045	0.0005730659025787849	2	7	16	8	11	ENSG00000181788	0.9819869795482614	False
9.177303203567205e-07	0.736318407960199	0.002949852507374652	0.005681818181818207	2	2	3	3	3	ENSG00000186350	0.9819869795482614	False
0.00026959817616114575	0.736318407960199	0.08625873728733001	0.04439076700925847	4	7	18	8	15	ENSG00000187257	0.9819869795482614	False
0.008108293048802263	0.736318407960199	0.15523475742682696	0.31137146435653895	4	4	4	3	4	ENSG00000187824	0.9819869795482614	False
0.004544357037577148	0.736318407960199	0.22791973685815856	0.4337140995832912	17	7	17	4	10	ENSG00000188313	0.9819869795482614	False
0.0017939038646175964	0.736318407960199	0.2079007458121019	0.1674605398337536	5	7	12	3	7	ENSG00000196505	0.9819869795482614	False
1.4897351562971659e-08	0.736318407960199	0.0011394956920933621	0.0008785203908153845	4	7	19	12	17	ENSG00000197746	0.9819869795482614	False
0.004289508151658907	0.736318407960199	0.21420526761682745	0.2764130434782609	4	7	14	4	8	ENSG00000198728	0.9819869795482614	False
0.0012871622837451408	0.736318407960199	0.14100926647537104	0.1816643986605763	10	7	19	9	15	ENSG00000229833	0.9819869795482614	False
4.716615670053257e-05	0.736318407960199	0.038555701224225206	0.01656364581530953	2	7	19	11	17	ENSG00000232388	0.9819869795482614	False
4.541961561532359e-06	0.736318407960199	0.0036873156342182457	0.00914076782449725	3	2	3	3	3	ENSG00000245680	0.9819869795482614	False
0.009848134041591315	0.736318407960199	0.13153949799912534	0.430492766726944	8	2	3	3	3	ENSG00000268119	0.9819869795482614	False
0.001768293527552436	0.736318407960199	0.08472352280207904	0.1128419452887538	2	7	15	5	10	ENSG00000291215	0.9819869795482614	False
0.0005194554033122158	0.7412935323383084	0.20918179747499963	0.20984597840846855	4	7	16	6	12	ENSG00000012660	0.9819869795482614	False
0.0008728040933152841	0.7412935323383084	0.1287509156371435	0.10472240466402329	15	7	18	5	13	ENSG00000013810	0.9819869795482614	False
0.006937598883160639	0.7412935323383084	0.23224610622998462	0.271832693473429	14	7	13	4	7	ENSG00000042088	0.9819869795482614	False
0.0027468481901077456	0.7412935323383084	0.17363008196040855	0.24656103996504322	11	7	14	5	10	ENSG00000060971	0.9819869795482614	False
0.00027752396065778136	0.7412935323383084	0.04525169370875523	0.05299055613850999	6	7	18	7	13	ENSG00000079313	0.9819869795482614	False
0.006981925886870343	0.7412935323383084	0.2329162685892574	0.2843064428267221	18	4	6	3	5	ENSG00000082805	0.9819869795482614	False
0.00021941543774705053	0.7412935323383084	0.06175185053823073	0.047126162652039144	2	7	12	5	7	ENSG00000088298	0.9819869795482614	False
5.490143304658237e-07	0.7412935323383084	0.02800791549789136	0.006242877540717531	16	7	19	13	19	ENSG00000100316	0.9819869795482614	False
0.0003406830726972918	0.7412935323383084	0.09267700070362947	0.10530948037029529	7	7	17	9	14	ENSG00000101084	0.9819869795482614	False
0.0006877846647695767	0.7412935323383084	0.11812068862217373	0.07844264622373652	17	7	16	5	12	ENSG00000104164	0.9819869795482614	False
0.00022586246649979305	0.7412935323383084	0.05534442921386134	0.04523775184688882	9	7	17	7	15	ENSG00000104915	0.9819869795482614	False
7.653234971897789e-05	0.7412935323383084	0.010000000000000005	0.01933216168717046	2	6	9	3	5	ENSG00000107362	0.9819869795482614	False
0.00010258468636456229	0.7412935323383084	0.19434283246500444	0.11626934984520121	6	7	12	4	11	ENSG00000107968	0.9819869795482614	False
0.006873131972483203	0.7412935323383084	0.2962705011277499	0.28552769070010453	13	7	10	3	6	ENSG00000109113	0.9819869795482614	False
0.01007937313275243	0.7412935323383084	0.1098490626997845	0.2084664951024398	9	7	18	6	13	ENSG00000109606	0.9819869795482614	False
2.3873279984331357e-05	0.7412935323383084	0.05458449380368466	0.015256751012625682	5	7	19	11	16	ENSG00000111843	0.9819869795482614	False
0.003542304866080718	0.7412935323383084	0.20363819488361845	0.20153967751849122	8	7	7	3	6	ENSG00000114374	0.9819869795482614	False
0.0003261717492694106	0.7412935323383084	0.06415848098044614	0.06034159673692714	10	7	19	13	18	ENSG00000117410	0.9819869795482614	False
0.0033616670178056385	0.7412935323383084	0.11969646243299022	0.16185422022985474	4	6	9	3	7	ENSG00000120837	0.9819869795482614	False
0.0007641170223464294	0.7412935323383084	0.0820406172513323	0.10085936151855043	8	7	18	8	13	ENSG00000129317	0.9819869795482614	False
0.00017519290745816304	0.7412935323383084	0.08860626228735964	0.04568714770920651	8	7	18	6	13	ENSG00000135698	0.9819869795482614	False
0.0020744409565399084	0.7412935323383084	0.13199582182965605	0.14856046566260347	17	7	16	5	12	ENSG00000137413	0.9819869795482614	False
0.002237124973332661	0.7412935323383084	0.12838476840428423	0.154504956350452	9	7	17	6	13	ENSG00000141759	0.9819869795482614	False
0.0009947825109860747	0.7412935323383084	0.16373119408928355	0.21735892795634848	3	7	17	6	13	ENSG00000148290	0.9819869795482614	False
7.275813284587011e-05	0.7412935323383084	0.03309147508036863	0.03381437636241433	11	7	19	10	17	ENSG00000159352	0.9819869795482614	False
0.001277052397419986	0.7412935323383084	0.22933197456514076	0.2564975247524752	4	7	9	3	6	ENSG00000161981	0.9819869795482614	False
0.00010603057505100592	0.7412935323383084	0.05871818009118538	0.0330273866809244	3	6	10	3	8	ENSG00000164219	0.9819869795482614	False
0.0031816832145531004	0.7412935323383084	0.202210206830719	0.19155257039524667	9	3	5	3	4	ENSG00000167325	0.9819869795482614	False
0.0008675303691082453	0.7412935323383084	0.2329422074894403	0.1911155766654488	11	7	14	4	13	ENSG00000168394	0.9819869795482614	False
0.0003510241085719979	0.7412935323383084	0.13989478953780796	0.025727039212516404	4	2	3	3	3	ENSG00000170312	0.9819869795482614	False
0.0019043288062924636	0.7412935323383084	0.2315282544118334	0.145701202663228	13	7	15	5	13	ENSG00000178028	0.9819869795482614	False
0.00027074449400997367	0.7412935323383084	0.07010454952520506	0.06366417828693052	4	7	18	9	14	ENSG00000178691	0.9819869795482614	False
0.00041019999477206695	0.7412935323383084	0.1190541558291907	0.05499594507272124	8	7	15	4	11	ENSG00000182095	0.9819869795482614	False
0.005046523302783108	0.7412935323383084	0.14388997825203365	0.1591260330473821	4	7	15	5	13	ENSG00000185475	0.9819869795482614	False
2.0256639889399413e-05	0.7412935323383084	0.012857264195014241	0.010463378176382637	4	2	3	3	3	ENSG00000187164	0.9819869795482614	False
0.003947312482222459	0.7412935323383084	0.25641999615709316	0.310410212731745	18	7	16	6	12	ENSG00000196352	0.9819869795482614	False
0.0015284369152212033	0.7412935323383084	0.27440204013094044	0.27229146692233935	5	4	5	3	4	ENSG00000198468	0.9819869795482614	False
0.0031002098443436866	0.7412935323383084	0.30626137533164716	0.31914989266889193	13	5	6	4	4	ENSG00000204130	0.9819869795482614	False
0.0008013145822134886	0.7412935323383084	0.03732446415373244	0.0594059405940594	5	4	5	3	3	ENSG00000204310	0.9819869795482614	False
1.951772602850456e-05	0.746268656716418	0.022753765430247028	0.014000000000000007	4	7	11	3	7	ENSG00000005100	0.9819869795482614	False
0.0008988754961139584	0.746268656716418	0.07519811396399413	0.0709201756049181	7	6	10	4	7	ENSG00000029725	0.9819869795482614	False
1.0162163183810325e-05	0.746268656716418	0.017929080460356645	0.009149623250807346	5	7	17	6	12	ENSG00000060762	0.9819869795482614	False
0.005863359394765665	0.746268656716418	0.30018569724571675	0.3359453993933266	15	6	8	3	5	ENSG00000068796	0.9819869795482614	False
0.0004964740924846345	0.746268656716418	0.14958331068948705	0.1405379456473415	9	7	15	4	11	ENSG00000100526	0.9819869795482614	False
0.0012391378523352366	0.746268656716418	0.27955407682711997	0.20445603831679776	16	7	11	3	7	ENSG00000103005	0.9819869795482614	False
0.0034048683783645187	0.746268656716418	0.20417661915714788	0.270732814894704	2	7	12	3	9	ENSG00000104549	0.9819869795482614	False
3.955726675091641e-05	0.746268656716418	0.03371472878174109	0.030078491460720405	3	7	17	5	10	ENSG00000106560	0.9819869795482614	False
2.8368517020342033e-05	0.746268656716418	0.03359961956563319	0.028848297081847798	2	7	18	8	15	ENSG00000108256	0.9819869795482614	False
0.004117062310336929	0.746268656716418	0.28623616284406195	0.2672959382721401	15	7	15	5	9	ENSG00000110619	0.9819869795482614	False
0.0017833016230293813	0.746268656716418	0.46909850065894093	0.42249417249417254	11	4	5	3	4	ENSG00000116406	0.9819869795482614	False
2.6618656362880918e-05	0.746268656716418	0.04421904118534752	0.02141239057887121	9	7	18	12	16	ENSG00000118705	0.9819869795482614	False
0.007198705168699873	0.746268656716418	0.09270345171367746	0.04693113772455086	2	2	3	3	3	ENSG00000120594	0.9819869795482614	False
0.001344564796878669	0.746268656716418	0.19115165062869227	0.1872624649353	9	7	11	3	8	ENSG00000120694	0.9819869795482614	False
0.001287509616195171	0.746268656716418	0.1745467743158491	0.1149517036559099	13	7	19	10	17	ENSG00000130731	0.9819869795482614	False
3.0134445290465992e-05	0.746268656716418	0.034900321967387765	0.019243008705565907	6	7	16	4	12	ENSG00000132541	0.9819869795482614	False
0.0009896188026905905	0.746268656716418	0.09468266667544037	0.050791497060153755	2	5	5	3	4	ENSG00000135974	0.9819869795482614	False
1.2630980092287428e-05	0.746268656716418	0.01736111111111108	0.0258064516129032	3	4	4	3	4	ENSG00000138623	0.9819869795482614	False
0.002653853512563249	0.746268656716418	0.13459743911813402	0.13173398151764623	5	7	18	8	13	ENSG00000141378	0.9819869795482614	False
0.00010835960093722542	0.746268656716418	0.014932088602858634	0.007553798858146693	2	2	3	3	3	ENSG00000142065	0.9819869795482614	False
0.001422058376278105	0.746268656716418	0.3409900684829821	0.27416558178147576	10	7	13	4	9	ENSG00000144283	0.9819869795482614	False
0.0017454705623981953	0.746268656716418	0.12430616669545522	0.17181404997552627	8	7	19	10	17	ENSG00000146457	0.9819869795482614	False
0.0025978977960622943	0.746268656716418	0.26548079613900616	0.3124335211516913	51	7	19	9	15	ENSG00000153113	0.9819869795482614	False
0.000684213842572468	0.746268656716418	0.03062161034626621	0.045454545454545484	4	2	3	3	3	ENSG00000162607	0.9819869795482614	False
0.0015977804484394716	0.746268656716418	0.1590533619328896	0.20107458540776577	4	6	11	5	8	ENSG00000164691	0.9819869795482614	False
0.0004213740023849241	0.746268656716418	0.0766135716135716	0.05682772450961961	10	7	11	3	7	ENSG00000166199	0.9819869795482614	False
4.6164847296499944e-05	0.746268656716418	0.02716491984817948	0.03481092822409205	5	7	18	8	15	ENSG00000166557	0.9819869795482614	False
9.435311104989387e-07	0.746268656716418	0.006451612903225814	0.002985074626865687	2	7	15	5	9	ENSG00000167977	0.9819869795482614	False
0.07346079132622729	0.746268656716418	0.3467302736479476	0.712375573042373	4	7	11	3	7	ENSG00000182108	0.9819869795482614	False
0.0002793500485634434	0.746268656716418	0.14837691899387012	0.08068670927350984	11	7	18	6	13	ENSG00000183207	0.9819869795482614	False
0.0008446351814323529	0.746268656716418	0.10704709875450964	0.11012847108490739	7	7	15	5	11	ENSG00000186577	0.9819869795482614	False
2.0828401884302024e-06	0.746268656716418	0.00341796875	0.00513573000733678	2	7	16	4	10	ENSG00000187325	0.9819869795482614	False
0.002104296050168363	0.746268656716418	0.1036325938221915	0.1259425575943806	16	7	19	9	17	ENSG00000196504	0.9819869795482614	False
0.0018964400872245077	0.746268656716418	0.2365532015707385	0.11082020435944837	4	7	10	3	8	ENSG00000196646	0.9819869795482614	False
0.00040856370911932334	0.746268656716418	0.03742113649844569	0.0973816133511252	12	7	19	13	18	ENSG00000197756	0.9819869795482614	False
0.00021904898760425977	0.746268656716418	0.06890707073486657	0.06402539850519211	10	7	13	3	9	ENSG00000198522	0.9819869795482614	False
0.00028515417259480393	0.746268656716418	0.18218988063405414	0.13582899747526778	4	7	14	7	12	ENSG00000198740	0.9819869795482614	False
0.002231939691991417	0.746268656716418	0.11679288440753065	0.1084816668033795	5	2	3	3	3	ENSG00000214719	0.9819869795482614	False
0.0026514380721945436	0.746268656716418	0.20648871518622613	0.19887729157098125	8	7	16	6	12	ENSG00000265241	0.9819869795482614	False
4.891430777326506e-05	0.746268656716418	0.018539721016806104	0.025698324022346383	4	7	13	3	9	ENSG00000271383	0.9819869795482614	False
0.007949311195492505	0.7512437810945274	0.3181068196234301	0.34446391150503275	13	6	7	3	6	ENSG00000100462	0.9819869795482614	False
0.0010459996729244108	0.7512437810945274	0.12467634132469058	0.11424564927191896	5	2	3	3	3	ENSG00000100721	0.9819869795482614	False
0.0019807682219054484	0.7512437810945274	0.15560877882058893	0.1424376793786191	12	7	18	8	15	ENSG00000102030	0.9819869795482614	False
0.001065057633540438	0.7512437810945274	0.1440552908773926	0.12509136863089443	6	7	19	8	16	ENSG00000104973	0.9819869795482614	False
0.0009540142065276315	0.7512437810945274	0.07860515726369388	0.08726509396241501	6	3	4	3	3	ENSG00000105953	0.9819869795482614	False
7.655712521789084e-05	0.7512437810945274	0.05288038206207842	0.034462315085300746	7	7	19	10	16	ENSG00000108826	0.9819869795482614	False
5.836037909807895e-06	0.7512437810945274	0.03735985429774458	0.004846099624060143	2	2	3	3	3	ENSG00000111412	0.9819869795482614	False
1.7059901702662373e-05	0.7512437810945274	0.042717568477166575	0.012181586215622738	15	7	19	12	17	ENSG00000115286	0.9819869795482614	False
0.004122117327419854	0.7512437810945274	0.192801567699818	0.19301325906641642	12	2	3	3	3	ENSG00000122512	0.9819869795482614	False
7.150188242573971e-06	0.7512437810945274	0.03268476755638128	0.010633416245237582	10	7	19	10	15	ENSG00000130592	0.9819869795482614	False
0.0012618705540520636	0.7512437810945274	0.21507287620951931	0.1619314008356006	10	7	12	4	7	ENSG00000130775	0.9819869795482614	False
0.0024347345723303	0.7512437810945274	0.16234189013729206	0.158705829806787	18	7	13	5	9	ENSG00000131165	0.9819869795482614	False
0.0017598347849051342	0.7512437810945274	0.2570779183397233	0.28247905891927716	13	7	16	6	10	ENSG00000133606	0.9819869795482614	False
0.010048592832010412	0.7512437810945274	0.2941822663955783	0.44986351228389443	6	3	4	3	3	ENSG00000137076	0.9819869795482614	False
0.002536754206955588	0.7512437810945274	0.29626465777985983	0.22840355565664033	19	7	16	6	12	ENSG00000140750	0.9819869795482614	False
0.0007427180904564847	0.7512437810945274	0.08322670154738943	0.08231836711869878	6	7	18	7	15	ENSG00000143314	0.9819869795482614	False
1.2205649184383243e-05	0.7512437810945274	0.04234392035143914	0.013796238025312898	5	7	18	3	12	ENSG00000157456	0.9819869795482614	False
0.004711421724378118	0.7512437810945274	0.34516939833704247	0.34222027972027974	27	6	9	3	7	ENSG00000157601	0.9819869795482614	False
0.001132923159714014	0.7512437810945274	0.1730492071562619	0.12619350391086026	13	7	19	7	16	ENSG00000160633	0.9819869795482614	False
0.00761810359658375	0.7512437810945274	0.29251529691815104	0.24686881739952315	10	7	12	3	6	ENSG00000160688	0.9819869795482614	False
0.0012041745611874831	0.7512437810945274	0.10787306663665355	0.08722685405238748	7	3	4	3	4	ENSG00000163932	0.9819869795482614	False
0.02432431124528044	0.7512437810945274	0.31580256388098527	0.4949768411301529	11	5	8	4	6	ENSG00000164305	0.9819869795482614	False
0.003067826425568937	0.7512437810945274	0.1587217196460895	0.1363796629292716	6	4	5	3	3	ENSG00000166167	0.9819869795482614	False
0.00011377182774264292	0.7512437810945274	0.07121896202308571	0.08553743961352658	8	3	4	3	4	ENSG00000166313	0.9819869795482614	False
0.0003002463879882929	0.7512437810945274	0.06204791831220377	0.06108585858585858	8	7	18	5	13	ENSG00000166451	0.9819869795482614	False
0.00048291676929818696	0.7512437810945274	0.053985112966203404	0.0689805287034452	6	7	16	6	12	ENSG00000171148	0.9819869795482614	False
0.0001626347181972909	0.7512437810945274	0.07469227112503055	0.028709092643831695	2	7	18	6	12	ENSG00000182768	0.9819869795482614	False
0.000977991579704865	0.7512437810945274	0.07515113871635612	0.05827078120656102	4	3	4	3	4	ENSG00000185880	0.9819869795482614	False
0.00462913872031785	0.7512437810945274	0.2771097995669092	0.21749639249639252	7	7	12	3	7	ENSG00000196912	0.9819869795482614	False
0.0014582034377433417	0.7512437810945274	0.3606832120952788	0.33593582887700535	3	7	11	3	6	ENSG00000213903	0.9819869795482614	False
0.0006876564196822759	0.7512437810945274	0.05248762867486417	0.0471785651509583	7	7	17	6	13	ENSG00000273899	0.9819869795482614	False
0.00010199726778377047	0.7512437810945274	0.021645021645021665	0.015206716299699044	2	2	3	3	3	ENSG00000276023	0.9819869795482614	False
0.0004629965582896547	0.7512437810945274	0.07222222222222222	0.018403959171048534	3	2	3	3	3	ENSG00000290760	0.9819869795482614	False
0.006753052153453315	0.7512437810945274	0.20090728588637505	0.17412260322770495	6	7	13	4	10	ENSG00000291078	0.9819869795482614	False
0.002484724535261366	0.7562189054726368	0.14797538252915832	0.08223289315726293	8	2	3	3	3	ENSG00000044090	0.9819869795482614	False
6.847588398983004e-06	0.7562189054726368	0.004090498758745217	0.009828009828009812	2	7	13	4	9	ENSG00000047644	0.9819869795482614	False
0.004387720079790869	0.7562189054726368	0.45967444507832456	0.4423778644258638	55	7	11	3	7	ENSG00000068400	0.9819869795482614	False
5.5472644064862905e-05	0.7562189054726368	0.06442604292722304	0.03211598986719889	8	7	18	5	14	ENSG00000089639	0.9819869795482614	False
0.0025316571062738765	0.7562189054726368	0.17429002765393078	0.2704524222607767	21	2	3	3	3	ENSG00000094631	0.9819869795482614	False
4.795684097876515e-06	0.7562189054726368	0.006578947368421035	0.004624277456647398	2	6	10	4	7	ENSG00000104142	0.9819869795482614	False
0.0013423227609461958	0.7562189054726368	0.08994328768311785	0.08546086226458574	10	7	15	5	12	ENSG00000105671	0.9819869795482614	False
0.012557565483040631	0.7562189054726368	0.2424664991814935	0.2676864926544002	20	5	10	4	7	ENSG00000107959	0.9819869795482614	False
0.0018321046927658763	0.7562189054726368	0.21247578662111902	0.19416151039187685	6	7	11	3	7	ENSG00000111231	0.9819869795482614	False
0.0012190635240640093	0.7562189054726368	0.12307516743497343	0.1138802218753175	13	7	19	12	17	ENSG00000113387	0.9819869795482614	False
2.433780441573636e-06	0.7562189054726368	0.006956100044023789	0.005551149881046779	3	7	19	8	14	ENSG00000113583	0.9819869795482614	False
0.0028911803765837227	0.7562189054726368	0.24586795518025212	0.20701626676372598	16	7	14	4	9	ENSG00000122299	0.9819869795482614	False
0.0011231071231619025	0.7562189054726368	0.1562173458725183	0.13953488372093026	11	7	10	3	8	ENSG00000122678	0.9819869795482614	False
0.002779052853547741	0.7562189054726368	0.15610929505445256	0.15799622017815831	18	7	18	6	12	ENSG00000130159	0.9819869795482614	False
3.23092317614895e-05	0.7562189054726368	0.06850650155955211	0.021118789634074826	9	7	19	12	17	ENSG00000136003	0.9819869795482614	False
0.0001670129609500046	0.7562189054726368	0.08371142623397221	0.05093763489629025	13	7	18	8	11	ENSG00000137841	0.9819869795482614	False
0.001862077970910308	0.7562189054726368	0.1755147179748281	0.17387544440021413	5	3	5	3	5	ENSG00000140876	0.9819869795482614	False
0.0027243304428772688	0.7562189054726368	0.18067324562768639	0.42292493023708405	3	7	19	7	14	ENSG00000141232	0.9819869795482614	False
0.0006323514821741591	0.7562189054726368	0.08445423143350608	0.06221636656419262	3	2	3	3	3	ENSG00000146476	0.9819869795482614	False
0.0007654925135798078	0.7562189054726368	0.12235149027821339	0.14663261409801387	8	7	17	6	10	ENSG00000146731	0.9819869795482614	False
0.0019028787245263382	0.7562189054726368	0.14938153445013208	0.17511097504974743	7	6	10	3	5	ENSG00000148308	0.9819869795482614	False
0.002240457391085355	0.7562189054726368	0.2183186167026874	0.25288081960051767	29	7	19	9	17	ENSG00000153187	0.9819869795482614	False
0.0023499181381166872	0.7562189054726368	0.12388294354383184	0.16288296645439507	11	7	12	4	9	ENSG00000158019	0.9819869795482614	False
0.0005051451532927129	0.7562189054726368	0.057915301047707056	0.07658925639221204	7	7	15	5	10	ENSG00000159069	0.9819869795482614	False
0.004274626809656198	0.7562189054726368	0.297035693716484	0.20312499999999997	8	6	7	3	5	ENSG00000160209	0.9819869795482614	False
0.0003063042516079076	0.7562189054726368	0.0342992632596594	0.014814814814814833	4	2	3	3	3	ENSG00000160392	0.9819869795482614	False
5.674877587669318e-05	0.7562189054726368	0.06967342066997458	0.04645298165414927	18	7	18	10	15	ENSG00000162434	0.9819869795482614	False
0.0028306884785251037	0.7562189054726368	0.24403049142097688	0.1777571946245471	9	5	5	3	4	ENSG00000163110	0.9819869795482614	False
2.122328233242763e-05	0.7562189054726368	0.02518939393939392	0.028708133971291884	2	7	12	3	9	ENSG00000166477	0.9819869795482614	False
5.3599770586522746e-05	0.7562189054726368	0.007299760016487362	0.037414965986394516	3	2	3	3	3	ENSG00000166707	0.9819869795482614	False
1.4941699789675968e-08	0.7562189054726368	0.00040716612377852946	0.00036062026685900524	2	7	16	7	11	ENSG00000166889	0.9819869795482614	False
0.0017387275820965665	0.7562189054726368	0.19257182853833305	0.17541169076052796	18	7	17	6	14	ENSG00000169696	0.9819869795482614	False
0.004570247356392556	0.7562189054726368	0.14633696132307555	0.14997447956542348	6	7	17	7	14	ENSG00000170638	0.9819869795482614	False
0.0001964231866079291	0.7562189054726368	0.040345765345765325	0.024389471350289807	5	3	4	3	4	ENSG00000171827	0.9819869795482614	False
0.0001547077833394014	0.7562189054726368	0.046574303832368324	0.13079615048118987	2	2	3	3	3	ENSG00000172578	0.9819869795482614	False
0.0013150309120560492	0.7562189054726368	0.15446576944776721	0.04666809513606171	5	4	5	3	4	ENSG00000174456	0.9819869795482614	False
0.003205113002600605	0.7562189054726368	0.2883657843974787	0.27760577915376683	8	6	7	3	5	ENSG00000177683	0.9819869795482614	False
6.32691929462215e-07	0.7562189054726368	0.00294117647058823	0.0031880977683315364	2	7	15	5	10	ENSG00000182827	0.9819869795482614	False
3.992011041150495e-09	0.7562189054726368	0.0008875691348750505	0.0018006742438629916	3	6	12	3	8	ENSG00000196565	0.9819869795482614	False
0.0001501765352461523	0.7562189054726368	0.06548021786852501	0.04126226122870418	7	7	9	5	7	ENSG00000198064	0.9819869795482614	False
0.00034622510334201916	0.7562189054726368	0.0844278835617606	0.08613701830396564	21	7	19	12	18	ENSG00000205581	0.9819869795482614	False
0.004789458115161427	0.7562189054726368	0.13522710793057144	0.19923442670713348	10	7	19	9	15	ENSG00000214087	0.9819869795482614	False
0.008273788949818842	0.7562189054726368	0.39131422751512474	0.4115436450342111	25	6	7	3	6	ENSG00000223960	0.9819869795482614	False
0.004829438365914148	0.7562189054726368	0.17781948151873647	0.1455971617838632	8	2	3	3	3	ENSG00000251301	0.9819869795482614	False
0.018277492626801138	0.7562189054726368	0.19435829094710877	0.27511559478772596	4	2	3	3	3	ENSG00000291099	0.9819869795482614	False
0.006703311517412148	0.7562189054726368	0.4070298253377922	0.5149097815764483	37	3	4	3	4	ENSG00000291154	0.9819869795482614	False
9.380454615461689e-05	0.7611940298507462	0.09483987065603165	0.07433139034998795	14	7	19	11	18	ENSG00000002586	0.9819869795482614	False
0.00034560182947212	0.7611940298507462	0.05911914209134793	0.04261363636363637	9	7	14	5	8	ENSG00000032389	0.9819869795482614	False
3.154538946002583e-05	0.7611940298507462	0.030762497717894834	0.013553731884003929	5	7	19	12	17	ENSG00000034713	0.9819869795482614	False
0.0002734773842479113	0.7611940298507462	0.055157882747265005	0.04036075345267544	2	6	7	3	5	ENSG00000042445	0.9819869795482614	False
0.0036463166794506985	0.7611940298507462	0.4205765321860645	0.3209400867165944	17	6	10	4	7	ENSG00000055163	0.9819869795482614	False
0.003720650019390649	0.7611940298507462	0.3117916596786285	0.4907196127821406	11	6	9	3	6	ENSG00000059758	0.9819869795482614	False
0.0004927967568989105	0.7611940298507462	0.10593130669384279	0.0973002274276067	10	7	19	8	17	ENSG00000079246	0.9819869795482614	False
0.00243393648228622	0.7611940298507462	0.17000206761435133	0.21643857892349436	6	7	17	6	12	ENSG00000087302	0.9819869795482614	False
0.010921668853695674	0.7611940298507462	0.16382295536402844	0.28520645337708506	3	7	8	3	5	ENSG00000087995	0.9819869795482614	False
0.0009590819115531703	0.7611940298507462	0.16596517624510546	0.21427153022084314	10	7	17	6	13	ENSG00000090238	0.9819869795482614	False
0.0041455548523866735	0.7611940298507462	0.13406153238391244	0.14613328826306946	5	7	9	4	6	ENSG00000100106	0.9819869795482614	False
1.386468270525825e-06	0.7611940298507462	0.00997646956158131	0.003618413722346032	4	7	19	8	16	ENSG00000102172	0.9819869795482614	False
0.00036369380272079587	0.7611940298507462	0.06898846497371411	0.07241104836448387	3	6	8	3	6	ENSG00000103642	0.9819869795482614	False
0.012349932290574338	0.7611940298507462	0.3364736298559827	0.4161073825503355	10	4	5	3	4	ENSG00000106348	0.9819869795482614	False
0.0021806487405261416	0.7611940298507462	0.17879386448718798	0.11102291255470689	12	4	7	3	5	ENSG00000115275	0.9819869795482614	False
0.0004911749269593375	0.7611940298507462	0.07596309246481998	0.09306878884310689	3	7	14	5	10	ENSG00000117036	0.9819869795482614	False
0.006083105982224562	0.7611940298507462	0.4927916111358817	0.5976382327008445	19	5	7	3	5	ENSG00000130844	0.9819869795482614	False
0.002240252553114982	0.7611940298507462	0.26861597702544526	0.2854959438805503	14	7	13	4	9	ENSG00000132300	0.9819869795482614	False
0.0022656374516226087	0.7611940298507462	0.13258926377566888	0.16420675716251162	23	7	19	8	17	ENSG00000132780	0.9819869795482614	False
0.0015046809286337892	0.7611940298507462	0.14074449134230962	0.11374909797751931	2	6	13	4	8	ENSG00000132823	0.9819869795482614	False
0.0003063934967048156	0.7611940298507462	0.13071771457988512	0.06673269168037364	8	7	19	10	14	ENSG00000135046	0.9819869795482614	False
0.00019404797261141503	0.7611940298507462	0.0627813523783497	0.05768248739544152	4	6	10	3	6	ENSG00000136807	0.9819869795482614	False
0.00082821365166436	0.7611940298507462	0.13286680758288807	0.13576781821982023	5	5	11	3	7	ENSG00000138778	0.9819869795482614	False
0.002376946383885822	0.7611940298507462	0.3072743931755598	0.35894035917096656	14	7	13	3	7	ENSG00000140199	0.9819869795482614	False
0.003577981534212495	0.7611940298507462	0.23925845739440665	0.17850044403095527	8	7	15	6	10	ENSG00000144224	0.9819869795482614	False
0.00013060268646396313	0.7611940298507462	0.05224683858648085	0.06254066335621591	9	7	19	10	17	ENSG00000144848	0.9819869795482614	False
0.0013153597863767837	0.7611940298507462	0.3301305742115263	0.2394919797500583	9	7	11	3	8	ENSG00000148187	0.9819869795482614	False
1.9274300007289714e-05	0.7611940298507462	0.040270175598195596	0.026648464853653	6	7	19	11	17	ENSG00000148834	0.9819869795482614	False
0.006683902152697991	0.7611940298507462	0.2758562451637979	0.25923598016621274	21	7	16	4	12	ENSG00000149182	0.9819869795482614	False
0.0022736654373424446	0.7611940298507462	0.15754295550378344	0.16685500081490737	5	7	16	5	11	ENSG00000153006	0.9819869795482614	False
0.004885217067855766	0.7611940298507462	0.23459001491602396	0.18738687923040687	16	7	14	4	9	ENSG00000163539	0.9819869795482614	False
0.003672226118682173	0.7611940298507462	0.2277708593656711	0.29819356540084385	6	6	9	3	7	ENSG00000164975	0.9819869795482614	False
0.0020813436708409924	0.7611940298507462	0.17590303228792034	0.2997425997425998	10	3	4	3	3	ENSG00000167595	0.9819869795482614	False
0.0005748718084841026	0.7611940298507462	0.09135524526919006	0.11957696464412537	3	7	12	4	8	ENSG00000181826	0.9819869795482614	False
0.0010528925086500972	0.7611940298507462	0.14530800546418035	0.13942564129989626	13	7	19	7	17	ENSG00000184110	0.9819869795482614	False
0.0015368058259600057	0.7611940298507462	0.16380370198028354	0.13720675327765083	9	7	17	6	14	ENSG00000184863	0.9819869795482614	False
5.6695642469432864e-05	0.7611940298507462	0.017992025462125617	0.011700468018720725	3	7	19	6	14	ENSG00000197961	0.9819869795482614	False
6.31635595215776e-06	0.7611940298507462	0.018942311443889442	0.006829794983412436	4	7	19	10	17	ENSG00000198034	0.9819869795482614	False
1.1944061163824137e-06	0.7611940298507462	0.0057196969696970325	0.0019860973187686313	2	7	17	7	13	ENSG00000198146	0.9819869795482614	False
5.199633355365256e-06	0.7611940298507462	0.005813953488372098	0.003533568904593652	2	6	7	3	5	ENSG00000206418	0.9819869795482614	False
0.00346299333079624	0.7611940298507462	0.3493784286348912	0.33750574573605907	30	7	12	3	9	ENSG00000206573	0.9819869795482614	False
0.00762299655349192	0.7611940298507462	0.3257252478394848	0.15695726959985512	4	4	5	3	4	ENSG00000215251	0.9819869795482614	False
0.001042616669859277	0.7611940298507462	0.04530866386536484	0.059778025166143826	5	2	3	3	3	ENSG00000227627	0.9819869795482614	False
0.0017349687946190617	0.7611940298507462	0.04976760643437163	0.08992473519759468	3	7	10	4	6	ENSG00000245556	0.9819869795482614	False
0.0033489966453676893	0.7611940298507462	0.2639924438722113	0.2524873500483257	8	5	7	4	5	ENSG00000291153	0.9819869795482614	False
0.0014198258972326098	0.7661691542288557	0.2467254873151484	0.25049035632559663	10	7	12	4	8	ENSG00000040633	0.9819869795482614	False
0.004967227281630624	0.7661691542288557	0.2718911965874345	0.23545243456234174	9	6	7	3	5	ENSG00000081307	0.9819869795482614	False
0.00013639082298011557	0.7661691542288557	0.04239434508044519	0.027981446499436215	6	7	19	9	15	ENSG00000088205	0.9819869795482614	False
8.601722773723787e-06	0.7661691542288557	0.018518518518518504	0.00968188105117564	2	7	13	3	8	ENSG00000100418	0.9819869795482614	False
0.0017024975858804625	0.7661691542288557	0.1459698308598332	0.18737986345860674	8	2	3	3	3	ENSG00000101104	0.9819869795482614	False
0.0012251342577568167	0.7661691542288557	0.04086262233883906	0.06193573882116911	3	2	3	3	3	ENSG00000103381	0.9819869795482614	False
0.00012844806199919614	0.7661691542288557	0.09230513325905534	0.03799507410327775	12	7	19	12	18	ENSG00000104823	0.9819869795482614	False
0.0015843770887152752	0.7661691542288557	0.21582671295619768	0.26085647410468016	26	7	18	6	13	ENSG00000113810	0.9819869795482614	False
0.00011734447329633865	0.7661691542288557	0.07599405291457452	0.0796156485929993	4	7	15	4	11	ENSG00000115993	0.9819869795482614	False
0.0013531338990581225	0.7661691542288557	0.1625521170113847	0.11339662447257381	8	5	7	3	5	ENSG00000116809	0.9819869795482614	False
0.0002737186385194455	0.7661691542288557	0.11731263865702858	0.18953537667904824	31	7	19	12	19	ENSG00000127314	0.9819869795482614	False
8.026952907427543e-07	0.7661691542288557	0.002958579881656812	0.0067873303167420695	2	2	3	3	3	ENSG00000127399	0.9819869795482614	False
0.004840483000346483	0.7661691542288557	0.28529068405494734	0.09531146819282413	4	4	5	3	4	ENSG00000129993	0.9819869795482614	False
0.0019498992418268946	0.7661691542288557	0.14637966974512343	0.12318978658536588	9	7	14	5	11	ENSG00000130813	0.9819869795482614	False
0.0012650670993553288	0.7661691542288557	0.25046140873463013	0.1789010744307744	22	7	17	6	12	ENSG00000136436	0.9819869795482614	False
0.002773089598782621	0.7661691542288557	0.24477829157387224	0.24733870967741936	28	7	18	5	12	ENSG00000136861	0.9819869795482614	False
0.0020948662077046993	0.7661691542288557	0.1512984693654305	0.17439647064092806	17	7	14	5	10	ENSG00000140983	0.9819869795482614	False
0.0007370682110288177	0.7661691542288557	0.11370915948502924	0.12673963556316498	9	7	13	4	9	ENSG00000141076	0.9819869795482614	False
9.976679011097644e-07	0.7661691542288557	0.0008680555555556234	0.0016103059581320488	2	7	16	6	10	ENSG00000142039	0.9819869795482614	False
0.00601434201792868	0.7661691542288557	0.18831080927354227	0.22024743092099286	2	6	7	3	4	ENSG00000144199	0.9819869795482614	False
0.0061284398706066565	0.7661691542288557	0.3047562278582894	0.3670643466276165	12	7	11	4	7	ENSG00000147601	0.9819869795482614	False
0.0030033420850298386	0.7661691542288557	0.09627113638837603	0.11608682723758551	4	2	3	3	3	ENSG00000150961	0.9819869795482614	False
0.0010484898510782733	0.7661691542288557	0.2673243875138872	0.21449275362318843	6	4	6	3	4	ENSG00000153130	0.9819869795482614	False
0.001396370988479581	0.7661691542288557	0.11567100875831474	0.13576180971390553	15	7	17	5	12	ENSG00000154582	0.9819869795482614	False
2.488405606686346e-05	0.7661691542288557	0.03103109661261168	0.009436292608142216	4	7	18	7	14	ENSG00000155959	0.9819869795482614	False
0.0002424083762293372	0.7661691542288557	0.16612477840020384	0.14651653798493947	21	7	19	7	14	ENSG00000166888	0.9819869795482614	False
0.0005285249421713422	0.7661691542288557	0.06111090674313942	0.07829108742478796	10	7	19	7	13	ENSG00000166987	0.9819869795482614	False
0.00017594750131274555	0.7661691542288557	0.030755589736152878	0.05518678738422478	5	7	19	10	15	ENSG00000170348	0.9819869795482614	False
0.00013710380679123345	0.7661691542288557	0.04910572966128517	0.0178041543026706	2	4	4	3	4	ENSG00000171943	0.9819869795482614	False
0.005770024326259304	0.7661691542288557	0.18722862560409018	0.3571232943115441	28	7	13	5	11	ENSG00000178927	0.9819869795482614	False
0.013574761781460738	0.7661691542288557	0.2086986338668934	0.21543095458758113	11	2	3	3	3	ENSG00000179364	0.9819869795482614	False
4.311359935439679e-05	0.7661691542288557	0.011573536701342637	0.017770963384806333	2	7	16	6	10	ENSG00000182712	0.9819869795482614	False
0.0001746895242533676	0.7661691542288557	0.0964099418236124	0.0792061335336499	7	7	19	10	16	ENSG00000182934	0.9819869795482614	False
0.0006666340874133582	0.7661691542288557	0.1019699570478441	0.10638297872340427	10	6	10	3	8	ENSG00000196204	0.9819869795482614	False
0.0007208300971551097	0.7661691542288557	0.034166982442844454	0.05090909090909088	4	3	5	3	4	ENSG00000196417	0.9819869795482614	False
0.0003033875300398698	0.7661691542288557	0.12255444766185718	0.2702741057449928	9	7	19	9	17	ENSG00000198830	0.9819869795482614	False
0.008226408729326791	0.7661691542288557	0.11659808148355781	0.1402116402116402	8	3	4	3	3	ENSG00000204348	0.9819869795482614	False
0.00034427817934838456	0.7711442786069652	0.13455363328424763	0.0886061177510497	13	7	18	10	15	ENSG00000025293	0.9819869795482614	False
0.01078756817572139	0.7711442786069652	0.3760770117642569	0.38027765104607975	23	7	16	3	10	ENSG00000051825	0.9819869795482614	False
0.00046341910889102913	0.7711442786069652	0.26536824685593535	0.08010027416047585	15	7	19	8	13	ENSG00000064607	0.9819869795482614	False
0.0007651158212747375	0.7711442786069652	0.19515832523005272	0.17646806948862245	17	7	18	9	15	ENSG00000071564	0.9819869795482614	False
0.0014416004153902113	0.7711442786069652	0.133486728796576	0.09931865828092241	5	4	6	3	4	ENSG00000100478	0.9819869795482614	False
0.0004558943939292387	0.7711442786069652	0.08221195306206407	0.08474721796879989	16	7	19	13	18	ENSG00000100902	0.9819869795482614	False
0.008663820366375872	0.7711442786069652	0.3932667006196418	0.40673865045519153	12	7	8	3	6	ENSG00000101019	0.9819869795482614	False
0.004675478499444086	0.7711442786069652	0.15043670432725698	0.19372136531226597	17	7	19	9	14	ENSG00000104960	0.9819869795482614	False
0.003407474914801375	0.7711442786069652	0.26910050715103623	0.27226027397260266	17	7	14	4	9	ENSG00000106462	0.9819869795482614	False
0.0022467474436235215	0.7711442786069652	0.21871432340695676	0.2993161625237097	19	4	6	3	4	ENSG00000110074	0.9819869795482614	False
0.0026506685900399545	0.7711442786069652	0.12675786150058468	0.12840132204464166	6	7	15	6	11	ENSG00000111790	0.9819869795482614	False
0.00019407901936798464	0.7711442786069652	0.11221134564526854	0.16603880333388532	3	7	10	3	7	ENSG00000113532	0.9819869795482614	False
0.00022489857785002056	0.7711442786069652	0.09706309320690029	0.18960463037486996	8	7	19	10	16	ENSG00000114686	0.9819869795482614	False
9.365066495600789e-05	0.7711442786069652	0.03616522525934808	0.030835924497142158	3	7	11	3	7	ENSG00000117143	0.9819869795482614	False
0.005364336916483186	0.7711442786069652	0.3162894401033936	0.1777222836220061	27	7	16	5	12	ENSG00000118058	0.9819869795482614	False
0.0001373036634796786	0.7711442786069652	0.049739130434782654	0.027888446215139424	3	5	5	3	5	ENSG00000119523	0.9819869795482614	False
0.001842292597285566	0.7711442786069652	0.24904788190862928	0.3390059927926214	7	7	18	7	10	ENSG00000129968	0.9819869795482614	False
0.0006585469276071015	0.7711442786069652	0.20697836649828621	0.16512345679012347	7	7	16	7	11	ENSG00000137337	0.9819869795482614	False
0.005177654952046622	0.7711442786069652	0.3142071301481422	0.34791228435674976	10	6	11	3	7	ENSG00000137824	0.9819869795482614	False
1.029302971866255e-05	0.7711442786069652	0.011018216335105743	0.008333333333333318	2	7	13	5	11	ENSG00000138439	0.9819869795482614	False
1.6798770480175443e-05	0.7711442786069652	0.04241955897902848	0.014249517943423808	9	7	19	8	16	ENSG00000139641	0.9819869795482614	False
6.068193393372089e-05	0.7711442786069652	0.07916063409819896	0.03910410905504585	11	7	19	12	19	ENSG00000143420	0.9819869795482614	False
0.0017812107804673607	0.7711442786069652	0.1734603181439498	0.14315704467699406	7	7	18	7	15	ENSG00000145247	0.9819869795482614	False
0.005460642032929579	0.7711442786069652	0.1729078837949805	0.15264187866927592	5	2	3	3	3	ENSG00000145916	0.9819869795482614	False
0.0017813063792283931	0.7711442786069652	0.08042598887990336	0.14375914191928563	20	7	19	12	19	ENSG00000149273	0.9819869795482614	False
0.006572189535974406	0.7711442786069652	0.17198738081091025	0.24952109318462395	8	2	3	3	3	ENSG00000151148	0.9819869795482614	False
0.0012378083373601845	0.7711442786069652	0.21070371064160356	0.1869044139693566	17	7	15	7	12	ENSG00000155849	0.9819869795482614	False
0.0010563499768726826	0.7711442786069652	0.04462900471422909	0.07042619500546402	2	7	17	6	13	ENSG00000163510	0.9819869795482614	False
0.00016931683278291834	0.7711442786069652	0.034687235631969175	0.033495492943260055	2	7	18	7	14	ENSG00000164967	0.9819869795482614	False
1.810872384159446e-05	0.7711442786069652	0.027936407219402153	0.021136063408190207	5	7	13	5	10	ENSG00000165272	0.9819869795482614	False
9.870860074870812e-06	0.7711442786069652	0.02548647119649509	0.011653191847970742	3	7	19	10	15	ENSG00000165672	0.9819869795482614	False
0.0018357311477992866	0.7711442786069652	0.13785784219956712	0.07328205812178605	5	2	3	3	3	ENSG00000166140	0.9819869795482614	False
0.004123214843092758	0.7711442786069652	0.3541505822369223	0.3354775478652181	12	7	15	5	10	ENSG00000166579	0.9819869795482614	False
0.0015874893894281625	0.7711442786069652	0.149201873731949	0.14642792765727336	9	2	3	3	3	ENSG00000168904	0.9819869795482614	False
0.000330718561884873	0.7711442786069652	0.03926048621778174	0.04539422662645414	5	7	14	5	9	ENSG00000168924	0.9819869795482614	False
1.0386121066173571e-05	0.7711442786069652	0.012085729621961517	0.015947322809774143	3	7	16	5	10	ENSG00000173905	0.9819869795482614	False
0.00010695139598843041	0.7711442786069652	0.051574320559074315	0.046060221504383936	3	7	10	3	6	ENSG00000179409	0.9819869795482614	False
0.0012077981404098614	0.7711442786069652	0.1970625727854019	0.10989509330967126	10	6	9	3	5	ENSG00000185480	0.9819869795482614	False
7.968488052191357e-05	0.7711442786069652	0.05608195982402627	0.027259660921663067	14	7	19	11	17	ENSG00000186184	0.9819869795482614	False
0.00015536480335618383	0.7761194029850746	0.17849586673322346	0.3138128758939368	11	5	8	3	5	ENSG00000011422	0.9819869795482614	False
0.0036486379518421083	0.7761194029850746	0.1507057437983577	0.2475225528202745	12	7	15	6	12	ENSG00000014641	0.9819869795482614	False
0.0007639311832842665	0.7761194029850746	0.220062682737006	0.28245583947864855	6	6	9	3	5	ENSG00000047578	0.9819869795482614	False
4.9781489159171397e-05	0.7761194029850746	0.046529152236802665	0.08489544681915012	10	7	19	13	19	ENSG00000071082	0.9819869795482614	False
0.0016320727297941735	0.7761194029850746	0.19125424189835538	0.10457891716526721	7	7	18	9	14	ENSG00000078140	0.9819869795482614	False
0.001347719418883479	0.7761194029850746	0.1319055347025498	0.12799089540056788	8	7	12	4	6	ENSG00000090487	0.9819869795482614	False
0.0058866871516733	0.7761194029850746	0.2005388753135712	0.1834415584415584	9	6	10	4	6	ENSG00000100926	0.9819869795482614	False
0.0001667606180478938	0.7761194029850746	0.20504137047459448	0.08588049125737124	10	7	18	11	17	ENSG00000102317	0.9819869795482614	False
0.0006929582502274197	0.7761194029850746	0.21309791421328264	0.2113747323108505	9	7	18	7	12	ENSG00000103266	0.9819869795482614	False
0.0014421668802251316	0.7761194029850746	0.21206828935710062	0.2580202487870433	10	7	19	8	14	ENSG00000103335	0.9819869795482614	False
0.0008164706480533648	0.7761194029850746	0.22564472057773377	0.21087376556462006	8	7	17	5	10	ENSG00000103995	0.9819869795482614	False
8.42614561360733e-06	0.7761194029850746	0.026511384333947337	0.03014888643887561	11	7	19	13	18	ENSG00000110955	0.9819869795482614	False
0.0012348832840488972	0.7761194029850746	0.19489469662070114	0.2209563364947763	8	7	16	5	11	ENSG00000111144	0.9819869795482614	False
0.011750918086706225	0.7761194029850746	0.3612361991924036	0.35782976249049514	10	6	8	3	6	ENSG00000111912	0.9819869795482614	False
0.0035694178820973406	0.7761194029850746	0.2305798341257844	0.15471518511714905	5	7	12	4	8	ENSG00000112584	0.9819869795482614	False
0.011315683525855592	0.7761194029850746	0.46816142925435766	0.4842060631757473	11	7	11	3	8	ENSG00000113597	0.9819869795482614	False
0.0050554543717654275	0.7761194029850746	0.3010896103569889	0.23289093701996927	3	6	13	4	8	ENSG00000123810	0.9819869795482614	False
0.0010100605243045832	0.7761194029850746	0.1106351853191371	0.09995802335193224	8	7	19	8	16	ENSG00000132356	0.9819869795482614	False
0.0015558478244909171	0.7761194029850746	0.14468443601677458	0.15100702076146386	15	7	16	5	12	ENSG00000133030	0.9819869795482614	False
0.014411501408614077	0.7761194029850746	0.3572922330450479	0.2976373989366722	11	5	5	3	5	ENSG00000136068	0.9819869795482614	False
0.0024188624887048356	0.7761194029850746	0.24381267574846158	0.17948263526508215	12	7	16	7	11	ENSG00000136261	0.9819869795482614	False
0.007204210271074064	0.7761194029850746	0.21421847936066957	0.15933715742511156	10	7	9	3	5	ENSG00000141994	0.9819869795482614	False
2.6762357887478515e-07	0.7761194029850746	0.004702194357366811	0.001964636542239674	2	7	19	8	16	ENSG00000158195	0.9819869795482614	False
0.0025465802799414716	0.7761194029850746	0.1149272951738452	0.12781988255279655	31	7	19	11	18	ENSG00000161960	0.9819869795482614	False
0.00612336397264849	0.7761194029850746	0.20352909159200255	0.2457632102303103	9	7	15	5	10	ENSG00000163875	0.9819869795482614	False
0.0007035915031003093	0.7761194029850746	0.13034188034188035	0.0928083180899201	6	5	6	3	4	ENSG00000165458	0.9819869795482614	False
0.00030493323368707237	0.7761194029850746	0.040311921755220706	0.07024793388429751	3	5	6	3	4	ENSG00000165714	0.9819869795482614	False
8.597686879945834e-05	0.7761194029850746	0.04982778533432601	0.0714925224657625	5	5	6	3	5	ENSG00000167261	0.9819869795482614	False
0.00010448036786491972	0.7761194029850746	0.05358597397780379	0.026051418151704253	12	7	18	10	16	ENSG00000170310	0.9819869795482614	False
0.0009008142479638708	0.7761194029850746	0.11883810215636613	0.1198456715698095	4	4	5	3	4	ENSG00000170903	0.9819869795482614	False
0.009279709750452458	0.7761194029850746	0.28126064168580595	0.22127426986457827	5	7	11	3	7	ENSG00000171103	0.9819869795482614	False
0.0006323977998057755	0.7761194029850746	0.06477332506907033	0.07803797717176221	10	6	14	5	10	ENSG00000171928	0.9819869795482614	False
2.6285123152155828e-05	0.7761194029850746	0.02480811662757346	0.014552064594801569	12	7	19	13	19	ENSG00000178982	0.9819869795482614	False
0.0038726407615741762	0.7761194029850746	0.2658589766075591	0.267542017882565	19	7	13	4	8	ENSG00000186141	0.9819869795482614	False
0.004679326603888266	0.7761194029850746	0.21672351459841943	0.2033895705521473	6	7	13	4	8	ENSG00000198839	0.9819869795482614	False
0.011126184946179387	0.7761194029850746	0.4674283989296295	0.3740914069501145	17	6	8	3	4	ENSG00000240344	0.9819869795482614	False
0.001336799081253754	0.7761194029850746	0.21301418781196332	0.21676767676767675	3	7	13	3	10	ENSG00000273173	0.9819869795482614	False
0.001570930377790471	0.7810945273631841	0.11361392570347062	0.12138928586895326	6	7	16	7	10	ENSG00000059588	0.982425793652858	False
0.0011003608285279612	0.7810945273631841	0.21982301916978775	0.1995129867351776	6	7	17	7	13	ENSG00000067992	0.982425793652858	False
0.00030554285002791715	0.7810945273631841	0.044490423876052836	0.10291854354354353	9	3	4	3	4	ENSG00000090661	0.982425793652858	False
0.0008697553791142302	0.7810945273631841	0.09664361017357377	0.09229538936194395	22	7	18	10	16	ENSG00000099797	0.982425793652858	False
0.0008062687301837786	0.7810945273631841	0.14688947994531582	0.11881099517630096	12	7	19	12	17	ENSG00000100567	0.982425793652858	False
0.0006439270105848032	0.7810945273631841	0.1570801204693011	0.22602466824785317	8	5	9	3	6	ENSG00000100599	0.982425793652858	False
0.0009605337607778766	0.7810945273631841	0.11625652738355466	0.08342195630819688	6	7	16	7	12	ENSG00000104671	0.982425793652858	False
0.0013910234060941493	0.7810945273631841	0.15680273859270905	0.12997440901629806	57	7	18	9	15	ENSG00000104763	0.982425793652858	False
5.252596593332458e-07	0.7810945273631841	0.042291208507540326	0.010273635406215575	2	6	11	3	6	ENSG00000104918	0.982425793652858	False
0.00015841852425789327	0.7810945273631841	0.0578975312574542	0.05527958077093591	9	7	16	8	12	ENSG00000105726	0.982425793652858	False
0.001403429310509856	0.7810945273631841	0.126255654330792	0.09744193580634078	14	7	17	8	14	ENSG00000109083	0.982425793652858	False
0.00041974066215133657	0.7810945273631841	0.05430397989771311	0.0849435667682282	4	6	9	3	6	ENSG00000110031	0.982425793652858	False
0.003216911699023443	0.7810945273631841	0.21832386045639507	0.24325945675720714	6	7	15	3	9	ENSG00000112893	0.982425793652858	False
0.0041400098480401555	0.7810945273631841	0.180326981365922	0.32610490505227346	8	7	17	7	14	ENSG00000116209	0.982425793652858	False
0.0005414790035871203	0.7810945273631841	0.07218519850172973	0.0851168376599969	3	7	18	9	14	ENSG00000116649	0.982425793652858	False
0.0039646216253665855	0.7810945273631841	0.18814607153724502	0.15598100109609062	4	6	9	3	5	ENSG00000118454	0.982425793652858	False
0.0009029971695918695	0.7810945273631841	0.11579842328644764	0.10447636893608162	11	7	15	6	11	ENSG00000119559	0.982425793652858	False
0.0005966374003700827	0.7810945273631841	0.1627717158846685	0.12162368662601977	2	7	18	7	14	ENSG00000123933	0.982425793652858	False
2.3638178684763715e-05	0.7810945273631841	0.04025336915019694	0.015286568819969546	5	7	19	13	19	ENSG00000126756	0.982425793652858	False
6.666383695627582e-06	0.7810945273631841	0.010762674508798415	0.017203887382978404	4	7	18	3	13	ENSG00000128311	0.982425793652858	False
0.0032366284507064167	0.7810945273631841	0.19527403561785675	0.1430813019997081	4	7	13	3	9	ENSG00000132275	0.982425793652858	False
0.0023993423023741982	0.7810945273631841	0.12324144360663032	0.1793218235659106	10	7	17	8	13	ENSG00000133318	0.982425793652858	False
0.0014068732812345637	0.7810945273631841	0.15065894092339122	0.1574744071236932	10	7	19	7	13	ENSG00000140829	0.982425793652858	False
0.00029945220931567473	0.7810945273631841	0.050700782216004124	0.04990622254626398	4	7	19	8	16	ENSG00000144021	0.982425793652858	False
0.003138125941364747	0.7810945273631841	0.2359505355308973	0.18247235587068455	14	7	10	3	5	ENSG00000154832	0.982425793652858	False
0.0013314994011129854	0.7810945273631841	0.25189962978198277	0.24183528518404568	4	4	7	3	5	ENSG00000161929	0.982425793652858	False
0.011030972622404375	0.7810945273631841	0.14326082913375626	0.2749253430732702	3	7	13	4	9	ENSG00000166228	0.982425793652858	False
0.0005542853709290344	0.7810945273631841	0.16919508338071462	0.09534147946780566	31	7	19	10	17	ENSG00000167004	0.982425793652858	False
0.008579942875049268	0.7810945273631841	0.21678571102447872	0.16229260935143291	6	2	3	3	3	ENSG00000170854	0.982425793652858	False
5.2236756648721535e-05	0.7810945273631841	0.06015440920216329	0.10148003969540456	4	7	19	11	17	ENSG00000175756	0.982425793652858	False
3.935029856815336e-05	0.7810945273631841	0.07819225562924158	0.03866885819667253	7	7	19	10	18	ENSG00000179218	0.982425793652858	False
0.00046035033793180287	0.7810945273631841	0.08589037922857856	0.10801265693579672	3	7	13	3	7	ENSG00000185222	0.982425793652858	False
0.0010123514937832715	0.7810945273631841	0.08097743527486095	0.06515151515151517	2	7	11	3	8	ENSG00000228049	0.982425793652858	False
0.000453090570804151	0.7810945273631841	0.0969403070457686	0.06662797592763148	4	7	13	4	9	ENSG00000286053	0.982425793652858	False
6.45240236160994e-05	0.7860696517412935	0.04629172950263529	0.027853987153376163	5	7	15	5	12	ENSG00000001630	0.9824730635892219	False
0.00191843137179896	0.7860696517412935	0.136186913924063	0.17029958264157719	24	7	19	10	17	ENSG00000029363	0.9824730635892219	False
0.004298730809619672	0.7860696517412935	0.25575630529022614	0.26277963356615036	6	5	8	4	5	ENSG00000047188	0.9824730635892219	False
6.192705427377758e-06	0.7860696517412935	0.018971903323216677	0.008090614886731368	3	7	18	8	12	ENSG00000064726	0.9824730635892219	False
0.0012804380344377045	0.7860696517412935	0.1855213355504529	0.2031565416932659	14	7	14	6	11	ENSG00000068305	0.9824730635892219	False
0.0013909630203793482	0.7860696517412935	0.16198407088456537	0.18395329441201003	9	7	14	3	8	ENSG00000083937	0.9824730635892219	False
9.591974323133405e-08	0.7860696517412935	0.002361275088547796	0.000690369347600948	3	7	19	9	17	ENSG00000100410	0.9824730635892219	False
0.0002284289371542455	0.7860696517412935	0.15226575936814338	0.3050954901386582	11	7	19	7	14	ENSG00000103202	0.9824730635892219	False
0.004557982382875038	0.7860696517412935	0.37406848814647387	0.3391017025089606	13	5	8	3	5	ENSG00000111554	0.9824730635892219	False
0.002889097701735128	0.7860696517412935	0.2272080321701141	0.19286772057220608	15	7	11	4	7	ENSG00000112159	0.9824730635892219	False
0.0013093560223869849	0.7860696517412935	0.2190092288425153	0.19771811960487642	7	7	18	7	14	ENSG00000126254	0.9824730635892219	False
8.948986151566303e-05	0.7860696517412935	0.1432826293889794	0.09519418196669573	2	7	13	3	8	ENSG00000127951	0.9824730635892219	False
2.7865327331184037e-05	0.7860696517412935	0.04707697161199777	0.020869435157392573	6	7	19	12	17	ENSG00000130313	0.9824730635892219	False
8.979132949710889e-06	0.7860696517412935	0.010869565217391328	0.004219409282700396	2	5	5	3	4	ENSG00000130590	0.9824730635892219	False
0.0005224268113802672	0.7860696517412935	0.0754057483707026	0.09144447949917692	12	7	19	7	15	ENSG00000130726	0.9824730635892219	False
0.0005633015461312359	0.7860696517412935	0.09511664821201662	0.10551866817037737	2	7	15	5	9	ENSG00000133119	0.9824730635892219	False
0.0014733422475443224	0.7860696517412935	0.2474748640690423	0.18429204761348755	18	7	18	6	14	ENSG00000133961	0.9824730635892219	False
0.00022032130236308606	0.7860696517412935	0.10101362948042443	0.07376709984281686	9	7	18	8	13	ENSG00000134851	0.9824730635892219	False
0.00012935621264528282	0.7860696517412935	0.06508781260137145	0.04443476534555526	27	7	19	6	13	ENSG00000140853	0.9824730635892219	False
0.003979571133210171	0.7860696517412935	0.12615415044142497	0.15044875275479896	8	4	5	3	4	ENSG00000148180	0.9824730635892219	False
0.00028672464839547227	0.7860696517412935	0.11390432044302157	0.1255414423989334	18	7	19	11	17	ENSG00000149187	0.9824730635892219	False
0.0013245938810676218	0.7860696517412935	0.13882211172721726	0.11664213537962854	2	4	4	3	4	ENSG00000151729	0.9824730635892219	False
8.69452843356713e-05	0.7860696517412935	0.054403834480002924	0.010489510489510506	6	5	9	4	7	ENSG00000155307	0.9824730635892219	False
0.0009907344485557321	0.7860696517412935	0.1369565982128244	0.04380053908355795	3	4	5	3	4	ENSG00000163877	0.9824730635892219	False
0.00047729206480785156	0.7860696517412935	0.15386442759550642	0.11048541484906312	10	7	18	7	16	ENSG00000165669	0.9824730635892219	False
0.003071693142214474	0.7860696517412935	0.21529554962891043	0.1728728814308836	15	7	19	9	17	ENSG00000166946	0.9824730635892219	False
2.8693725547315385e-05	0.7860696517412935	0.014202172096909	0.0069406676507911685	3	2	3	3	3	ENSG00000167106	0.9824730635892219	False
8.064180950976345e-06	0.7860696517412935	0.022470366043204522	0.014814814814814824	6	7	17	6	12	ENSG00000174839	0.9824730635892219	False
0.0014202063662979703	0.7860696517412935	0.10772736205772808	0.09845078625509612	3	7	14	6	11	ENSG00000175938	0.9824730635892219	False
0.0005723381418537203	0.7860696517412935	0.13257776169612084	0.08763848820577472	5	7	11	3	6	ENSG00000180979	0.9824730635892219	False
0.0005186150670456485	0.7860696517412935	0.1376706317245833	0.080813287648745	19	7	19	13	19	ENSG00000182196	0.9824730635892219	False
0.0005398805565723709	0.7860696517412935	0.045977011494252935	0.04395604395604395	4	4	4	3	3	ENSG00000186352	0.9824730635892219	False
0.0033459196683808335	0.7860696517412935	0.15831039496700203	0.17035302593659943	8	7	12	3	7	ENSG00000189050	0.9824730635892219	False
0.0003653634699405834	0.7860696517412935	0.13407766859354084	0.05559529265001138	6	7	19	11	17	ENSG00000205323	0.9824730635892219	False
0.00171222019783582	0.7860696517412935	0.1022637233056181	0.26309141499122457	5	7	17	5	12	ENSG00000213809	0.9824730635892219	False
0.0011309358492698836	0.7910447761194029	0.2007962701139631	0.1643978127656335	23	7	16	5	12	ENSG00000007168	0.9824730635892219	False
0.003774592937809209	0.7910447761194029	0.10189929161160198	0.2177559019232522	5	4	5	3	4	ENSG00000037897	0.9824730635892219	False
0.0003242782119718999	0.7910447761194029	0.1108625261188345	0.05274150151312417	6	7	18	8	15	ENSG00000068079	0.9824730635892219	False
4.636426408142993e-05	0.7910447761194029	0.07419798677645682	0.05165344556721428	3	6	10	3	6	ENSG00000100116	0.9824730635892219	False
4.161001366725153e-06	0.7910447761194029	0.023809523809523767	0.0052053209947946644	2	7	11	3	8	ENSG00000100216	0.9824730635892219	False
0.0010314751898066422	0.7910447761194029	0.16545039293173383	0.17021636240703175	5	6	11	3	7	ENSG00000100441	0.9824730635892219	False
0.0025485954803820656	0.7910447761194029	0.11982873754547546	0.173516454071925	11	7	19	10	18	ENSG00000102054	0.9824730635892219	False
0.001350588913146677	0.7910447761194029	0.1645441822604201	0.15911053265302774	42	7	18	7	13	ENSG00000106628	0.9824730635892219	False
0.0002512066643766787	0.7910447761194029	0.06441320884959358	0.06988921675208362	5	7	14	5	9	ENSG00000123268	0.9824730635892219	False
0.00010725230283241283	0.7910447761194029	0.093208615710013	0.06087580979544817	5	5	11	3	6	ENSG00000126787	0.9824730635892219	False
0.004943737923332142	0.7910447761194029	0.2308502271837529	0.31202740016023267	26	7	18	6	13	ENSG00000130826	0.9824730635892219	False
0.0034273590292800693	0.7910447761194029	0.23704799381301217	0.16264719634631195	12	7	19	9	15	ENSG00000134480	0.9824730635892219	False
0.0008869564371209098	0.7910447761194029	0.17581634125346482	0.2982199992572744	12	7	18	4	13	ENSG00000135451	0.9824730635892219	False
0.009525846871836332	0.7910447761194029	0.24388119074109413	0.2706014681506039	11	2	3	3	3	ENSG00000136051	0.9824730635892219	False
0.00048641393362494905	0.7910447761194029	0.18603369280152438	0.08014309455936432	8	7	18	6	13	ENSG00000138029	0.9824730635892219	False
0.0013166421359253062	0.7910447761194029	0.13281534141341578	0.10225567329119108	8	7	11	3	8	ENSG00000138138	0.9824730635892219	False
0.003760776016330388	0.7910447761194029	0.15640848181782252	0.13830925628678437	8	2	3	3	3	ENSG00000140463	0.9824730635892219	False
0.0008449971080392531	0.7910447761194029	0.11042887628963746	0.10747739705374895	9	7	18	10	15	ENSG00000141543	0.9824730635892219	False
0.000118292093266857	0.7910447761194029	0.034064561694807725	0.024988357854075504	7	7	19	11	17	ENSG00000145912	0.9824730635892219	False
0.0012234442339363505	0.7910447761194029	0.10180577360575918	0.14116564417177913	4	7	8	4	7	ENSG00000151131	0.9824730635892219	False
0.0004660228745255663	0.7910447761194029	0.13941680866157444	0.12954669671748137	5	7	17	4	10	ENSG00000151725	0.9824730635892219	False
0.0021078779778400487	0.7910447761194029	0.14539416470374147	0.12350917096783598	5	5	8	4	6	ENSG00000152944	0.9824730635892219	False
0.00070477251408837	0.7910447761194029	0.2977269297473862	0.27159131024357996	5	7	17	6	12	ENSG00000155827	0.9824730635892219	False
0.0018332140891766694	0.7910447761194029	0.12526198818885342	0.10280890765784714	11	7	19	9	16	ENSG00000162032	0.9824730635892219	False
0.00043714339420993756	0.7910447761194029	0.09862020077835738	0.0822950903207725	11	7	19	10	15	ENSG00000163882	0.9824730635892219	False
0.00991984872687855	0.7910447761194029	0.4532662452176739	0.49837535014005596	13	6	7	3	5	ENSG00000171853	0.9824730635892219	False
0.00458380512424429	0.7910447761194029	0.2748255722816237	0.21125510947748666	7	5	6	3	4	ENSG00000173846	0.9824730635892219	False
6.0058409886179116e-05	0.7910447761194029	0.029036546400732232	0.027875927379079807	5	7	19	13	17	ENSG00000173915	0.9824730635892219	False
0.005132981345139943	0.7910447761194029	0.2543132089137882	0.3486491424149938	18	7	13	5	9	ENSG00000174243	0.9824730635892219	False
3.772095210364926e-05	0.7910447761194029	0.02599868523262118	0.02085551062154721	6	7	18	8	14	ENSG00000175220	0.9824730635892219	False
0.0035911275055396695	0.7910447761194029	0.37825794547847713	0.16285516285516285	4	3	5	3	4	ENSG00000186787	0.9824730635892219	False
0.00042194568352120027	0.7910447761194029	0.07431333511625782	0.06780714871990916	4	7	19	7	16	ENSG00000189266	0.9824730635892219	False
0.002323634520611204	0.7910447761194029	0.2363273302105457	0.1570589645254075	5	3	4	3	3	ENSG00000189339	0.9824730635892219	False
0.004027463681789227	0.7910447761194029	0.2553163903679368	0.18366523977914262	4	3	5	3	4	ENSG00000213999	0.9824730635892219	False
6.31296979926529e-05	0.7910447761194029	0.06595922251099788	0.04533071809959682	10	4	7	3	5	ENSG00000250722	0.9824730635892219	False
0.0006944275758729039	0.7910447761194029	0.16722009974794383	0.09372343176180833	9	7	18	7	13	ENSG00000254901	0.9824730635892219	False
0.0019494649861180392	0.7960199004975125	0.234471717534954	0.18901046201996496	19	7	16	4	10	ENSG00000004897	0.9824730635892219	False
0.000976753338546481	0.7960199004975125	0.084139696469535	0.08215427268665437	6	7	18	6	13	ENSG00000021776	0.9824730635892219	False
2.2691577095204306e-06	0.7960199004975125	0.008671819102739392	0.005439709882139609	5	7	17	6	12	ENSG00000053371	0.9824730635892219	False
0.0030961270813561277	0.7960199004975125	0.1849209023842876	0.17529763650225802	7	7	11	4	9	ENSG00000063244	0.9824730635892219	False
0.0010119282811325721	0.7960199004975125	0.10325937280387287	0.15545823246882354	7	7	14	5	13	ENSG00000065526	0.9824730635892219	False
0.0004950576014878703	0.7960199004975125	0.10874332070012824	0.09455607754862158	6	7	14	5	10	ENSG00000071537	0.9824730635892219	False
2.2848446840063915e-05	0.7960199004975125	0.05976051239209141	0.013081395348837226	6	7	8	3	6	ENSG00000072858	0.9824730635892219	False
0.0001433200310409373	0.7960199004975125	0.04620273979037515	0.039874230862013076	5	7	18	8	13	ENSG00000077348	0.9824730635892219	False
0.0004963217837207149	0.7960199004975125	0.11661721415637241	0.0946235323778431	9	7	17	6	12	ENSG00000089022	0.9824730635892219	False
0.00037979104816968605	0.7960199004975125	0.07752240489632442	0.08980483175592553	12	7	19	8	16	ENSG00000095906	0.9824730635892219	False
1.0730076251699342e-06	0.7960199004975125	0.019179955655825306	0.007250831552390338	3	7	19	13	19	ENSG00000108518	0.9824730635892219	False
0.0016319464929923514	0.7960199004975125	0.16664324202111522	0.13183424232406663	14	7	17	7	13	ENSG00000111913	0.9824730635892219	False
0.0018987328649139848	0.7960199004975125	0.21801873694444157	0.18431271477663233	12	7	17	7	13	ENSG00000112701	0.9824730635892219	False
0.0007774550019617364	0.7960199004975125	0.062349053252727514	0.07612082875601456	3	7	19	10	17	ENSG00000117592	0.9824730635892219	False
0.0013654370099205704	0.7960199004975125	0.21538174783496739	0.19176499727469284	26	7	17	6	12	ENSG00000122218	0.9824730635892219	False
0.00013032127065065196	0.7960199004975125	0.0742246995463792	0.060769481665497546	6	7	14	5	8	ENSG00000124588	0.9824730635892219	False
0.0060481664243829825	0.7960199004975125	0.2676607994295332	0.23619998059940647	23	7	17	7	12	ENSG00000126456	0.9824730635892219	False
0.0011707885030887077	0.7960199004975125	0.23251883791518416	0.18997508146444314	8	7	15	3	8	ENSG00000127084	0.9824730635892219	False
0.002761984883729402	0.7960199004975125	0.08787263691770125	0.12055928072322732	6	7	17	7	11	ENSG00000132478	0.9824730635892219	False
3.2645029430283836e-05	0.7960199004975125	0.1300428289383343	0.1442131724484666	3	5	7	3	4	ENSG00000133246	0.9824730635892219	False
0.001530060850678984	0.7960199004975125	0.15242715242715238	0.1547282204020849	4	6	9	4	7	ENSG00000143507	0.9824730635892219	False
2.955961402737666e-09	0.7960199004975125	0.012831920600038235	0.0035242053090111846	3	7	19	9	17	ENSG00000143546	0.9824730635892219	False
7.143083268472498e-06	0.7960199004975125	0.026943283457443047	0.00561395848716337	7	7	19	12	18	ENSG00000147123	0.9824730635892219	False
0.0014982240637134866	0.7960199004975125	0.27034073388322216	0.41417910447761197	8	6	8	3	6	ENSG00000156030	0.9824730635892219	False
0.0001452576240911216	0.7960199004975125	0.11218190059504128	0.07193189934824797	25	7	19	11	17	ENSG00000163660	0.9824730635892219	False
0.006725267098482168	0.7960199004975125	0.18259845289331741	0.21590909090909088	7	5	5	3	5	ENSG00000164053	0.9824730635892219	False
0.002903570258532791	0.7960199004975125	0.11106817341144937	0.16252692581758016	8	7	18	7	14	ENSG00000166200	0.9824730635892219	False
7.193095023794543e-05	0.7960199004975125	0.053367397984761006	0.053455224418842553	6	7	19	7	15	ENSG00000167578	0.9824730635892219	False
0.002568757988463805	0.7960199004975125	0.2542990633347381	0.200799390940236	9	6	13	5	9	ENSG00000167881	0.9824730635892219	False
0.0033754973373792655	0.7960199004975125	0.30828983463353765	0.2055346339054204	19	6	11	4	7	ENSG00000168310	0.9824730635892219	False
0.002244839742383411	0.7960199004975125	0.20502763353637127	0.24271235521235518	14	6	10	4	7	ENSG00000170873	0.9824730635892219	False
8.455830828077053e-06	0.7960199004975125	0.010638297872340462	0.005059021922428356	4	5	8	4	5	ENSG00000198909	0.9824730635892219	False
0.003307775872223186	0.7960199004975125	0.29478002974687767	0.4788657201705622	8	7	10	3	7	ENSG00000228696	0.9824730635892219	False
0.0012417965116356786	0.7960199004975125	0.18605636967975506	0.16348631221424706	12	7	17	8	15	ENSG00000234608	0.9824730635892219	False
0.0004008567061889438	0.7960199004975125	0.04542051203714314	0.0642845354018815	3	3	4	3	4	ENSG00000245849	0.9824730635892219	False
0.0022854885070210285	0.7960199004975125	0.044626690825987386	0.10655258629087247	4	2	3	3	3	ENSG00000255760	0.9824730635892219	False
2.882179424833917e-05	0.8009950248756219	0.0519126611888834	0.037938782823710646	9	7	16	7	11	ENSG00000005020	0.9824730635892219	False
3.3916480108220634e-05	0.8009950248756219	0.07697044407018466	0.029684283859526893	7	7	13	4	11	ENSG00000069399	0.9824730635892219	False
3.347590017483529e-06	0.8009950248756219	0.005376344086021502	0.0033917467495760086	2	7	18	6	12	ENSG00000091009	0.9824730635892219	False
5.6652270551697276e-05	0.8009950248756219	0.15480623601358523	0.09748699963914194	7	7	19	8	13	ENSG00000100453	0.9824730635892219	False
0.007692289798481251	0.8009950248756219	0.31497815933408846	0.30753979493570494	8	7	9	3	6	ENSG00000105808	0.9824730635892219	False
0.0047323446869056	0.8009950248756219	0.39587494779244903	0.34917147303854246	21	6	9	3	6	ENSG00000110066	0.9824730635892219	False
1.816443873295275e-05	0.8009950248756219	0.025774835021789063	0.016656409923955198	11	7	19	13	17	ENSG00000110717	0.9824730635892219	False
0.0026448356043332704	0.8009950248756219	0.28274517325349463	0.1971877108070759	5	7	8	3	6	ENSG00000111667	0.9824730635892219	False
0.00024267702690106	0.8009950248756219	0.0637072124276798	0.10818695704462428	8	7	17	5	12	ENSG00000113269	0.9824730635892219	False
0.0032344595672934486	0.8009950248756219	0.27833995074638473	0.16291329284750342	12	6	10	3	8	ENSG00000114127	0.9824730635892219	False
2.663970679552698e-07	0.8009950248756219	0.010483102674578745	0.0028714107365792685	2	7	19	7	15	ENSG00000115956	0.9824730635892219	False
0.00012596033880780315	0.8009950248756219	0.06176272328951804	0.048888888888888905	5	7	10	3	8	ENSG00000118762	0.9824730635892219	False
0.0012011652883457615	0.8009950248756219	0.12998447444203803	0.19712600368994104	2	5	10	4	7	ENSG00000125968	0.9824730635892219	False
0.0037844464949993856	0.8009950248756219	0.22918516636707573	0.19499557166861187	37	7	12	4	8	ENSG00000127616	0.9824730635892219	False
0.009568905363200543	0.8009950248756219	0.31427861664664286	0.32777722327577596	8	6	10	3	7	ENSG00000128563	0.9824730635892219	False
0.0026457893655076102	0.8009950248756219	0.13814766876611823	0.161795102651568	11	7	15	4	9	ENSG00000136518	0.9824730635892219	False
0.0003673424225143651	0.8009950248756219	0.24150226953581	0.07164470817535694	7	7	17	6	12	ENSG00000136536	0.9824730635892219	False
0.003814105643587376	0.8009950248756219	0.21808615567439096	0.18319349097381138	9	4	6	3	5	ENSG00000138376	0.9824730635892219	False
0.001464408288594488	0.8009950248756219	0.40464736814853136	0.3325763769037454	21	4	7	3	5	ENSG00000140416	0.9824730635892219	False
0.0014804900699680065	0.8009950248756219	0.301465506781355	0.20063294496207634	6	4	5	3	3	ENSG00000141098	0.9824730635892219	False
0.00014903871247755145	0.8009950248756219	0.13794907390713637	0.12380105735378963	8	7	15	5	11	ENSG00000144118	0.9824730635892219	False
0.0007896771561072872	0.8009950248756219	0.1354293254560796	0.1159951863994523	20	7	19	10	15	ENSG00000160752	0.9824730635892219	False
0.001314908781178928	0.8009950248756219	0.17130899325197885	0.0972387501711301	6	7	13	6	9	ENSG00000161618	0.9824730635892219	False
0.013435530463743808	0.8009950248756219	0.21102336859843956	0.33441399222531704	7	7	17	6	10	ENSG00000163319	0.9824730635892219	False
0.0008726112988502087	0.8009950248756219	0.1932408623547603	0.14904509894155546	18	7	14	4	8	ENSG00000166352	0.9824730635892219	False
0.0010195147479049682	0.8009950248756219	0.1398759149024589	0.12175468032497347	6	7	9	3	6	ENSG00000173409	0.9824730635892219	False
0.0008218869359500019	0.8009950248756219	0.23447314735262195	0.22653946483598503	5	7	15	4	11	ENSG00000178974	0.9824730635892219	False
0.0004181475723201038	0.8009950248756219	0.06700415675240685	0.08740708719094106	3	7	13	3	8	ENSG00000179021	0.9824730635892219	False
4.984106541974307e-07	0.8009950248756219	0.0024131274131274525	0.001053962900505879	2	7	19	9	14	ENSG00000183978	0.9824730635892219	False
0.00012451905223971377	0.8009950248756219	0.04442308704235015	0.047587328815213686	9	7	19	13	19	ENSG00000186468	0.9824730635892219	False
0.0012386192062898457	0.8009950248756219	0.12738942423863064	0.23813376483279391	4	5	7	3	5	ENSG00000187627	0.9824730635892219	False
0.002449592949782531	0.8009950248756219	0.09207324967741343	0.09975835827893387	4	7	15	6	10	ENSG00000196470	0.9824730635892219	False
0.0009046226945405152	0.8059701492537313	0.15986074154385668	0.11340326782507523	18	7	15	5	10	ENSG00000008128	0.9824730635892219	False
0.0002313102189912879	0.8059701492537313	0.1696896947984337	0.1185897435897436	6	7	14	3	9	ENSG00000023330	0.9824730635892219	False
0.0036877826231222657	0.8059701492537313	0.2725711447022922	0.2878567972907595	12	7	15	5	9	ENSG00000102225	0.9824730635892219	False
0.00133410190879248	0.8059701492537313	0.19191270795453846	0.13502671333824612	19	7	16	5	11	ENSG00000104231	0.9824730635892219	False
0.0026497660909640024	0.8059701492537313	0.10918217148968949	0.1821139028475712	7	7	13	4	8	ENSG00000104835	0.9824730635892219	False
0.0005777891479748023	0.8059701492537313	0.09683291903283836	0.06059881454429518	8	7	15	5	10	ENSG00000119650	0.9824730635892219	False
0.0019071507429578082	0.8059701492537313	0.17855937921727388	0.1535580524344569	6	4	5	3	3	ENSG00000124164	0.9824730635892219	False
0.000172492171939731	0.8059701492537313	0.13427189260865055	0.11319501353398392	7	7	11	4	9	ENSG00000130338	0.9824730635892219	False
0.0012827486112946197	0.8059701492537313	0.09270130003924955	0.10304948295205635	23	7	19	11	17	ENSG00000134333	0.9824730635892219	False
0.0022121608344750354	0.8059701492537313	0.4090857321132459	0.42083926266671084	11	6	10	3	7	ENSG00000135114	0.9824730635892219	False
0.010667249734540842	0.8059701492537313	0.16737235922106727	0.2925170068027211	2	7	14	3	9	ENSG00000136868	0.9824730635892219	False
0.0002459308107942695	0.8059701492537313	0.14361011264664553	0.0634968757616802	15	7	19	10	17	ENSG00000140365	0.9824730635892219	False
0.000537954712368512	0.8059701492537313	0.08034306456086097	0.07334343862964995	20	7	19	12	17	ENSG00000141552	0.9824730635892219	False
3.5654522008970346e-05	0.8059701492537313	0.04209049912273351	0.032937827019719396	8	7	19	10	17	ENSG00000147604	0.9824730635892219	False
0.0002034461117768587	0.8059701492537313	0.1207614867598385	0.1113218815589927	11	7	19	11	16	ENSG00000150593	0.9824730635892219	False
0.0009979517685915142	0.8059701492537313	0.1318393826136075	0.0870788865048625	4	7	17	5	13	ENSG00000150779	0.9824730635892219	False
0.001180454100362687	0.8059701492537313	0.11522239495773381	0.09732661010197415	8	7	19	13	19	ENSG00000150991	0.9824730635892219	False
0.0007967778930497043	0.8059701492537313	0.1032741732131241	0.11370458135860982	6	3	4	3	3	ENSG00000152620	0.9824730635892219	False
0.0003608159777229679	0.8059701492537313	0.04301100815712364	0.044505243958048335	3	5	7	3	4	ENSG00000160588	0.9824730635892219	False
9.726716262026825e-05	0.8059701492537313	0.04959976884910822	0.025553072741042883	6	7	19	7	16	ENSG00000164880	0.9824730635892219	False
0.0012725537163539545	0.8059701492537313	0.2128463148470771	0.2026647966339411	6	7	14	3	9	ENSG00000166004	0.9824730635892219	False
0.0009038771049236368	0.8059701492537313	0.15708830166927382	0.10398903016704064	21	7	16	7	10	ENSG00000166411	0.9824730635892219	False
0.0018555461871581763	0.8059701492537313	0.13824581918643913	0.14132281220888815	4	7	14	3	8	ENSG00000166681	0.9824730635892219	False
8.313884850638693e-06	0.8059701492537313	0.014014188624930595	0.016439414815022767	12	7	19	13	18	ENSG00000167283	0.9824730635892219	False
0.0036454567637229903	0.8059701492537313	0.3488756781318576	0.303739679744938	23	7	13	3	8	ENSG00000167965	0.9824730635892219	False
0.0009594466076215464	0.8059701492537313	0.18147654088840942	0.19079612477514876	6	7	18	9	14	ENSG00000169230	0.9824730635892219	False
0.0028614417795682448	0.8059701492537313	0.3002409756147678	0.14222859875657579	8	2	3	3	3	ENSG00000173214	0.9824730635892219	False
0.001535141058619058	0.8059701492537313	0.05822778872314481	0.12613654193953308	6	5	9	4	6	ENSG00000174032	0.9824730635892219	False
0.00015954367652116407	0.8059701492537313	0.020184291034530413	0.08576758257751038	6	7	18	8	14	ENSG00000176953	0.9824730635892219	False
0.0022962833220244003	0.8059701492537313	0.2625565305300921	0.16054991034070534	10	5	5	3	4	ENSG00000177106	0.9824730635892219	False
0.0003589565157836087	0.8059701492537313	0.09817988873162577	0.1042146259537564	2	7	16	5	10	ENSG00000182551	0.9824730635892219	False
0.0022883314316021882	0.8059701492537313	0.16473003603582725	0.2680097511043039	12	7	15	7	13	ENSG00000188994	0.9824730635892219	False
0.0007189150533839802	0.8059701492537313	0.19892790717439623	0.36328157854073395	15	7	18	5	12	ENSG00000198901	0.9824730635892219	False
0.003135280404021386	0.8059701492537313	0.1156675680804929	0.18727046007775144	10	7	17	7	13	ENSG00000213722	0.9824730635892219	False
0.00279426626778881	0.8059701492537313	0.22193164646900235	0.23779205910394652	9	7	17	6	10	ENSG00000214253	0.9824730635892219	False
3.6579140553305204e-05	0.8059701492537313	0.038907609390184596	0.10970194486635812	3	7	19	11	17	ENSG00000242125	0.9824730635892219	False
0.001348359516693781	0.8059701492537313	0.047388745065055915	0.09552313049245564	4	3	4	3	4	ENSG00000288596	0.9824730635892219	False
0.001154716649142084	0.8059701492537313	0.14357952953837355	0.13235958439993978	4	3	4	3	3	ENSG00000290831	0.9824730635892219	False
0.0003761642377804998	0.8109452736318408	0.13990415024570624	0.168861395997212	3	5	8	3	5	ENSG00000004799	0.9824730635892219	False
0.0055912574093212345	0.8109452736318408	0.1741878362869556	0.21100527513187833	8	5	9	4	7	ENSG00000006634	0.9824730635892219	False
0.016502887845634886	0.8109452736318408	0.2263045513045513	0.2627957829622362	19	7	12	3	8	ENSG00000010671	0.9824730635892219	False
0.00010670012828067716	0.8109452736318408	0.0539067211227455	0.06367041198501876	4	5	7	3	4	ENSG00000035499	0.9824730635892219	False
4.556301742674112e-06	0.8109452736318408	0.03620797634859172	0.006404135563450552	3	7	17	6	11	ENSG00000035687	0.9824730635892219	False
0.0013147848634590261	0.8109452736318408	0.1601037157287157	0.1567126965861143	7	7	14	5	10	ENSG00000074356	0.9824730635892219	False
0.0034058590610887935	0.8109452736318408	0.27741680212139613	0.33266046668108523	10	6	9	3	6	ENSG00000077458	0.9824730635892219	False
0.008216889294389029	0.8109452736318408	0.3454522321891827	0.26619748966117684	11	6	9	3	5	ENSG00000078142	0.9824730635892219	False
0.0005636052492251646	0.8109452736318408	0.033898305084745735	0.0434782608695652	3	3	4	3	3	ENSG00000086544	0.9824730635892219	False
0.002112701310946333	0.8109452736318408	0.19877000872754302	0.15383813985511924	6	7	14	6	11	ENSG00000100060	0.9824730635892219	False
0.0009089589805888041	0.8109452736318408	0.10782057737245879	0.1165679574791192	17	7	10	4	8	ENSG00000103226	0.9824730635892219	False
0.0022434298681661725	0.8109452736318408	0.2573512102297995	0.2969463195114111	9	7	17	6	12	ENSG00000104064	0.9824730635892219	False
0.0012217483278950077	0.8109452736318408	0.11927187455750646	0.10749894034898175	6	7	16	8	13	ENSG00000104825	0.9824730635892219	False
3.474329035371231e-05	0.8109452736318408	0.03172176232685664	0.02308668637084951	9	7	19	13	19	ENSG00000105669	0.9824730635892219	False
7.012974972432137e-06	0.8109452736318408	0.006924008784358519	0.010540265177087838	9	7	17	7	12	ENSG00000110057	0.9824730635892219	False
0.00021161400616546614	0.8109452736318408	0.07619047619047623	0.08547008547008549	3	3	4	3	3	ENSG00000110876	0.9824730635892219	False
0.00013289084709356693	0.8109452736318408	0.06404218040731201	0.031847133757961776	2	7	7	3	5	ENSG00000112234	0.9824730635892219	False
0.00018229222560958656	0.8109452736318408	0.13766297008982784	0.04376871317729627	4	7	17	5	13	ENSG00000120509	0.9824730635892219	False
0.00025007016702245047	0.8109452736318408	0.11749052475506927	0.0987419388941749	8	7	11	4	8	ENSG00000120805	0.9824730635892219	False
9.938764983355485e-06	0.8109452736318408	0.03567368958718138	0.015609756097560983	6	7	18	8	12	ENSG00000125166	0.9824730635892219	False
0.0017796188198064803	0.8109452736318408	0.1604321337936035	0.17662697013265333	11	2	3	3	3	ENSG00000126858	0.9824730635892219	False
2.2697968630221276e-05	0.8109452736318408	0.07694957195402745	0.02807445359621242	12	7	17	5	12	ENSG00000131462	0.9824730635892219	False
0.0005939874205407221	0.8109452736318408	0.11959955715978411	0.1004772636436611	8	7	13	4	9	ENSG00000138758	0.9824730635892219	False
0.0004776986521296272	0.8109452736318408	0.12481325284073538	0.09177820462212742	11	7	19	10	16	ENSG00000140299	0.9824730635892219	False
0.002607443649091062	0.8109452736318408	0.25490874514943596	0.24416393575272086	20	7	11	3	8	ENSG00000140650	0.9824730635892219	False
0.00440399372095476	0.8109452736318408	0.2384355691635418	0.21162436904263787	8	7	12	3	10	ENSG00000146416	0.9824730635892219	False
1.0148131309493789e-07	0.8109452736318408	0.00034176349965827306	0.0006031363088058043	2	7	19	6	13	ENSG00000149658	0.9824730635892219	False
7.978452798404485e-06	0.8109452736318408	0.01581232590475226	0.0096163854571737	2	7	19	11	17	ENSG00000155115	0.9824730635892219	False
0.004088940298109785	0.8109452736318408	0.1740109577774949	0.20828156109124565	9	7	18	8	15	ENSG00000156873	0.9824730635892219	False
0.0005247461284146342	0.8109452736318408	0.06824018215246738	0.06557362412603356	7	7	19	13	19	ENSG00000159377	0.9824730635892219	False
0.0009861993056431474	0.8109452736318408	0.0726511590154013	0.1283480169746397	4	7	16	6	10	ENSG00000160007	0.9824730635892219	False
1.9617627066982038e-06	0.8109452736318408	0.020896694509887938	0.0038867295946696263	2	7	12	3	7	ENSG00000162378	0.9824730635892219	False
0.0012079458657768979	0.8109452736318408	0.19193438928791826	0.18203092595961437	17	7	17	6	12	ENSG00000163131	0.9824730635892219	False
0.008518233252766887	0.8109452736318408	0.2743332461189604	0.27712972781901735	15	6	6	3	4	ENSG00000175309	0.9824730635892219	False
0.011126528867830774	0.8109452736318408	0.3645997979553107	0.310304449648712	10	6	7	3	4	ENSG00000179832	0.9824730635892219	False
0.0051088293788655904	0.8109452736318408	0.16008535542246297	0.24294569967142035	14	7	18	6	13	ENSG00000183258	0.9824730635892219	False
0.003223462506817196	0.8109452736318408	0.2669833407840106	0.343244194229416	13	7	12	3	7	ENSG00000187531	0.9824730635892219	False
1.3381251286815193e-08	0.8109452736318408	0.017748644462254295	0.02921497073302292	4	7	18	10	17	ENSG00000188536	0.9824730635892219	False
0.004996618531198741	0.8109452736318408	0.36626789792933967	0.295993031358885	31	7	15	4	10	ENSG00000196295	0.9824730635892219	False
0.0006445862140377419	0.8109452736318408	0.12045388726259934	0.09108241395088718	8	7	13	6	9	ENSG00000212694	0.9824730635892219	False
0.000791001940675356	0.8109452736318408	0.153215643021136	0.10142941097361696	17	7	17	6	13	ENSG00000266967	0.9824730635892219	False
0.003950230898825941	0.8109452736318408	0.21288508646974003	0.25668321382607096	2	7	15	4	10	ENSG00000278828	0.9824730635892219	False
0.003406328691107205	0.8159203980099502	0.16341537995133582	0.15740956440779727	11	7	19	9	16	ENSG00000061936	0.9828140320296329	False
0.00029640027662811136	0.8159203980099502	0.08566705782954934	0.04440133037694009	8	7	13	4	7	ENSG00000065154	0.9828140320296329	False
0.0014832857039030482	0.8159203980099502	0.13588777109158612	0.15430547572335887	8	7	17	6	11	ENSG00000065268	0.9828140320296329	False
2.8828004995937874e-06	0.8159203980099502	0.01814568010139528	0.008557712233112622	4	7	19	12	17	ENSG00000065978	0.9828140320296329	False
0.0001983189553430327	0.8159203980099502	0.10514816177477984	0.08986813586159462	8	7	17	4	9	ENSG00000067836	0.9828140320296329	False
0.001532992021069659	0.8159203980099502	0.050786199767247305	0.12986478095409612	7	7	19	9	16	ENSG00000088448	0.9828140320296329	False
0.0020875858792099434	0.8159203980099502	0.30798474870413384	0.4046392818255744	10	7	17	5	12	ENSG00000100029	0.9828140320296329	False
0.0005025431554179305	0.8159203980099502	0.10228600548469843	0.0913162492196728	12	7	16	7	14	ENSG00000100083	0.9828140320296329	False
1.0033813230791946e-05	0.8159203980099502	0.021155314406548383	0.00946749575395122	4	7	19	7	16	ENSG00000101220	0.9828140320296329	False
0.0003404484636486887	0.8159203980099502	0.0748236141011256	0.05999125475836606	8	7	19	13	18	ENSG00000105193	0.9828140320296329	False
0.006859307252797692	0.8159203980099502	0.3765688408763578	0.37209842154131845	22	7	8	3	7	ENSG00000106617	0.9828140320296329	False
0.0003198650730590086	0.8159203980099502	0.14407349290603044	0.18314973008041074	8	7	19	9	15	ENSG00000117632	0.9828140320296329	False
0.000864284205999669	0.8159203980099502	0.23001096611694957	0.3352784276156628	12	7	15	5	10	ENSG00000123240	0.9828140320296329	False
0.004530874067851023	0.8159203980099502	0.2119937318063848	0.20948853968571712	7	4	6	3	4	ENSG00000124383	0.9828140320296329	False
0.0033287105715824055	0.8159203980099502	0.41543489882886475	0.33614937839005427	8	7	13	5	8	ENSG00000130244	0.9828140320296329	False
0.0016904675439314793	0.8159203980099502	0.1268657446387056	0.11381401617250672	3	7	7	3	4	ENSG00000136371	0.9828140320296329	False
0.0003883500614648241	0.8159203980099502	0.04925870252731718	0.05260705603862348	6	7	19	10	16	ENSG00000136628	0.9828140320296329	False
9.158379649478729e-07	0.8159203980099502	0.009280993981978585	0.00299043062200957	3	7	19	9	17	ENSG00000137193	0.9828140320296329	False
0.0020763189364456686	0.8159203980099502	0.3380074438463	0.2826863211865958	13	7	15	5	9	ENSG00000140471	0.9828140320296329	False
0.0018894941272641697	0.8159203980099502	0.13743422886415077	0.19071923452149328	20	7	18	8	14	ENSG00000141367	0.9828140320296329	False
0.0031040782034257725	0.8159203980099502	0.25073100654909775	0.3691015814583849	8	7	12	4	8	ENSG00000143815	0.9828140320296329	False
0.006581686545143489	0.8159203980099502	0.30818675818675817	0.30972970200543676	8	7	11	3	7	ENSG00000146729	0.9828140320296329	False
0.0002497635035315637	0.8159203980099502	0.029258511320706417	0.03174860070016583	6	7	17	7	14	ENSG00000147679	0.9828140320296329	False
0.0012740457309658602	0.8159203980099502	0.18520645971192842	0.09665961292360595	8	7	12	5	8	ENSG00000152256	0.9828140320296329	False
0.0030690915916125115	0.8159203980099502	0.26715314569752935	0.32190050524679353	34	7	15	5	11	ENSG00000159063	0.9828140320296329	False
0.0012357865967331043	0.8159203980099502	0.15708636355278247	0.15919244424060197	4	7	13	5	9	ENSG00000160194	0.9828140320296329	False
0.002064321406770278	0.8159203980099502	0.10153183523311561	0.1538630860664759	4	7	10	3	6	ENSG00000169093	0.9828140320296329	False
0.0008318998495702389	0.8159203980099502	0.11507661761014006	0.10831108887039496	3	7	18	7	13	ENSG00000169136	0.9828140320296329	False
0.0063722863953515375	0.8159203980099502	0.21076728694246272	0.19043110851743214	7	7	18	6	13	ENSG00000170473	0.9828140320296329	False
0.00017176102017528276	0.8159203980099502	0.07988941477766175	0.048277044402537286	6	7	15	5	9	ENSG00000184575	0.9828140320296329	False
0.0001457846864055924	0.8159203980099502	0.13958956027126765	0.1585558361897889	6	6	13	5	7	ENSG00000213625	0.9828140320296329	False
0.0032769633535739153	0.8159203980099502	0.039372533032287854	0.12433040164111886	2	5	10	3	8	ENSG00000257303	0.9828140320296329	False
0.0007727933147775286	0.8208955223880597	0.16772079269217868	0.1717629247283396	18	7	19	10	18	ENSG00000005483	0.9828140320296329	False
0.0001503426876612556	0.8208955223880597	0.042867724014042735	0.02369676468037127	2	4	4	3	3	ENSG00000047932	0.9828140320296329	False
0.0006581599043199211	0.8208955223880597	0.1442707827079917	0.15262441781359565	4	7	16	6	10	ENSG00000070444	0.9828140320296329	False
0.0014867816531437448	0.8208955223880597	0.1817403609735201	0.1741905303571732	15	7	18	7	13	ENSG00000083799	0.9828140320296329	False
0.0019944878547082205	0.8208955223880597	0.11499344533474443	0.2208502667804076	3	7	13	5	10	ENSG00000092820	0.9828140320296329	False
0.0009691238840239466	0.8208955223880597	0.1756780853555047	0.13469977663907504	4	5	8	3	4	ENSG00000095932	0.9828140320296329	False
0.002099402479212436	0.8208955223880597	0.2005720098913057	0.21352765686897834	4	6	6	3	5	ENSG00000102763	0.9828140320296329	False
0.0038417795260226382	0.8208955223880597	0.07380432681897359	0.3531311718235681	3	7	15	4	9	ENSG00000104976	0.9828140320296329	False
0.0012732809082111928	0.8208955223880597	0.17151463219450283	0.1474626471928436	15	7	12	4	8	ENSG00000109323	0.9828140320296329	False
0.00029879869186919927	0.8208955223880597	0.07708643763893935	0.051640156903314804	5	7	17	8	13	ENSG00000111615	0.9828140320296329	False
0.006217928046847711	0.8208955223880597	0.335446474853895	0.2796947468833262	18	6	7	3	5	ENSG00000114388	0.9828140320296329	False
1.1654593043844315e-06	0.8208955223880597	0.0038288505790489754	0.00400188791169732	4	7	19	13	17	ENSG00000114902	0.9828140320296329	False
0.005571052546666431	0.8208955223880597	0.18964012800446917	0.2623464216139022	10	7	10	4	8	ENSG00000117394	0.9828140320296329	False
0.0009223980121726769	0.8208955223880597	0.16773844149684775	0.13249748471480535	6	7	17	4	11	ENSG00000119953	0.9828140320296329	False
0.00017368307640196093	0.8208955223880597	0.08643900484245187	0.05200138324543965	7	7	11	3	8	ENSG00000120685	0.9828140320296329	False
3.2651797659197025e-05	0.8208955223880597	0.037852933993268334	0.02226771936654355	5	7	19	12	18	ENSG00000125971	0.9828140320296329	False
0.0025511456534022276	0.8208955223880597	0.09600035451612156	0.09029644796581501	4	7	18	9	14	ENSG00000128534	0.9828140320296329	False
2.0753529822959644e-05	0.8208955223880597	0.018832545588629613	0.025453478707280156	2	5	5	3	4	ENSG00000131873	0.9828140320296329	False
0.002102133368036374	0.8208955223880597	0.24221073846648639	0.260841475342975	11	6	12	4	8	ENSG00000135821	0.9828140320296329	False
0.0008069978305642682	0.8208955223880597	0.07319766469095516	0.08014542650239395	9	7	18	5	11	ENSG00000146223	0.9828140320296329	False
0.005245807296796017	0.8208955223880597	0.3913894390148802	0.39556883246203633	29	7	8	3	6	ENSG00000149231	0.9828140320296329	False
0.00179381738970826	0.8208955223880597	0.09366298783560573	0.14163564184030825	9	5	7	3	4	ENSG00000164649	0.9828140320296329	False
0.004206056367869228	0.8208955223880597	0.2683596780737584	0.2022853202771949	12	7	16	5	12	ENSG00000164896	0.9828140320296329	False
0.002226732016640138	0.8208955223880597	0.22423676845483975	0.11893382352941179	7	7	13	3	8	ENSG00000166046	0.9828140320296329	False
0.010271023384382683	0.8208955223880597	0.2894637092575237	0.26385052179251073	6	3	5	3	5	ENSG00000166260	0.9828140320296329	False
2.6909087085701324e-05	0.8208955223880597	0.03462852930398503	0.03187735224348497	5	7	15	3	10	ENSG00000166851	0.9828140320296329	False
0.0016712883801261779	0.8208955223880597	0.14313441347924108	0.13572854291417163	7	6	7	3	5	ENSG00000167077	0.9828140320296329	False
1.626242686576777e-05	0.8208955223880597	0.011589728399562495	0.02886635944700458	8	4	6	3	4	ENSG00000168461	0.9828140320296329	False
0.004768427636128821	0.8208955223880597	0.22807642623199958	0.27860234011860874	8	5	5	3	4	ENSG00000170185	0.9828140320296329	False
0.006750911677984962	0.8208955223880597	0.2590778776958825	0.2802137870855148	13	5	9	3	6	ENSG00000171848	0.9828140320296329	False
0.0008620147909471358	0.8208955223880597	0.08951645192856701	0.1693580411301263	8	7	19	8	15	ENSG00000174718	0.9828140320296329	False
0.0037360306256292507	0.8208955223880597	0.3580884049106696	0.2734036796536796	16	7	9	4	6	ENSG00000177302	0.9828140320296329	False
0.0007346031532201384	0.8208955223880597	0.05347619047619041	0.08567365801635264	3	3	4	3	3	ENSG00000181830	0.9828140320296329	False
0.0010238453132225824	0.8208955223880597	0.2671334706286162	0.366620453673933	7	7	11	4	8	ENSG00000183530	0.9828140320296329	False
9.317341684477259e-07	0.8208955223880597	0.0013661202185792634	0.003179650238473771	2	7	17	6	11	ENSG00000183864	0.9828140320296329	False
0.00026413567210647034	0.8208955223880597	0.08968232496418203	0.06678850137826013	9	7	19	13	19	ENSG00000197448	0.9828140320296329	False
0.003098440046643342	0.8208955223880597	0.1771491682485742	0.13525961297549047	8	7	14	4	8	ENSG00000204427	0.9828140320296329	False
0.0009847333191132003	0.8208955223880597	0.1640809052185217	0.18793103448275866	11	7	10	3	5	ENSG00000215039	0.9828140320296329	False
6.49158442284383e-05	0.8208955223880597	0.03148105947043673	0.031403654849029315	6	7	18	9	15	ENSG00000235453	0.9828140320296329	False
0.00012843298478581577	0.8258706467661692	0.04425688959722652	0.036072307285630066	9	7	15	4	9	ENSG00000038358	0.9829004712584833	False
0.00044113059784611514	0.8258706467661692	0.10445102579764008	0.07944146860723242	11	7	11	4	7	ENSG00000067057	0.9829004712584833	False
0.0007142318524168317	0.8258706467661692	0.2565842837119161	0.34041137844616454	20	7	17	7	14	ENSG00000070831	0.9829004712584833	False
0.0016450333440271119	0.8258706467661692	0.11687897151455079	0.09679999999999997	4	7	14	5	8	ENSG00000100056	0.9829004712584833	False
8.189429966086688e-07	0.8258706467661692	0.0006281696151829851	0.002209456473707492	2	7	19	10	15	ENSG00000100647	0.9829004712584833	False
0.000207509637952666	0.8258706467661692	0.1608834145058604	0.12378507243719054	6	3	5	3	4	ENSG00000110442	0.9829004712584833	False
1.1473972900676446e-05	0.8258706467661692	0.01611111584109954	0.008175694918109757	2	7	19	11	17	ENSG00000115128	0.9829004712584833	False
3.271044534803892e-06	0.8258706467661692	0.007614674457020664	0.0057824358511022605	7	7	18	9	15	ENSG00000134109	0.9829004712584833	False
0.009714911293177014	0.8258706467661692	0.28486873561363363	0.3260283354021316	20	7	14	5	7	ENSG00000134779	0.9829004712584833	False
0.0006883837263822092	0.8258706467661692	0.1498143523143524	0.12731662185214102	6	5	7	3	5	ENSG00000136048	0.9829004712584833	False
0.004171012017147353	0.8258706467661692	0.17995109707342422	0.25876001629770473	10	6	8	4	8	ENSG00000137275	0.9829004712584833	False
0.0007010208244622271	0.8258706467661692	0.1576929149109804	0.12429620563035493	18	3	4	3	4	ENSG00000138795	0.9829004712584833	False
0.0001349939572973544	0.8258706467661692	0.046705292768137924	0.02313769545186751	3	6	12	3	8	ENSG00000142444	0.9829004712584833	False
0.0015278044137669803	0.8258706467661692	0.19486087048368375	0.10636013856749689	7	7	18	8	15	ENSG00000143436	0.9829004712584833	False
0.0012207396794774556	0.8258706467661692	0.19156393479278241	0.2056737588652482	19	7	16	7	11	ENSG00000143442	0.9829004712584833	False
0.001106117493122811	0.8258706467661692	0.06798299203362491	0.11462423832092075	3	3	4	3	3	ENSG00000146587	0.9829004712584833	False
3.7982038587204954e-05	0.8258706467661692	0.029719839908519115	0.02818791946308728	6	7	12	3	8	ENSG00000148153	0.9829004712584833	False
0.0037360892680062038	0.8258706467661692	0.12271064247530354	0.16654907724971424	2	7	12	4	7	ENSG00000160049	0.9829004712584833	False
0.0002543782217132724	0.8258706467661692	0.029086419104969077	0.04244057095426654	4	4	4	3	4	ENSG00000163536	0.9829004712584833	False
0.003019838176616164	0.8258706467661692	0.21671667985257842	0.1391661918036069	6	7	17	7	12	ENSG00000165782	0.9829004712584833	False
0.00013570791216295077	0.8258706467661692	0.05243300379220016	0.0317114291584443	5	7	18	7	14	ENSG00000167461	0.9829004712584833	False
0.0013017969557389158	0.8258706467661692	0.1629594078655836	0.12107273719497932	5	6	10	3	8	ENSG00000169155	0.9829004712584833	False
0.00022043849259108052	0.8258706467661692	0.058957014305991685	0.10050981873111783	2	7	15	3	9	ENSG00000170779	0.9829004712584833	False
8.671286067208152e-05	0.8258706467661692	0.0879273074851771	0.039889466008238866	7	7	18	6	14	ENSG00000175063	0.9829004712584833	False
0.0008763870750833709	0.8258706467661692	0.24008930605156792	0.277247161072785	10	7	16	6	10	ENSG00000177885	0.9829004712584833	False
0.0010864674091709762	0.8258706467661692	0.08515588877008438	0.07113148289618879	3	6	6	3	5	ENSG00000178585	0.9829004712584833	False
0.000915944204640762	0.8258706467661692	0.12004949678876237	0.10204107178108543	9	7	19	9	16	ENSG00000179134	0.9829004712584833	False
0.00391078572097634	0.8258706467661692	0.39556675031338356	0.42725292414287835	27	7	14	3	9	ENSG00000182220	0.9829004712584833	False
0.0014733782814266442	0.8258706467661692	0.23517487379431237	0.17017738241655708	38	7	16	6	10	ENSG00000183735	0.9829004712584833	False
0.0032872800637162992	0.8258706467661692	0.19365695989790688	0.18620689655172415	9	5	8	4	5	ENSG00000185158	0.9829004712584833	False
0.007100607250779493	0.8258706467661692	0.3488723870053312	0.3325469637396242	14	5	5	3	4	ENSG00000197530	0.9829004712584833	False
0.0008797574111281989	0.8258706467661692	0.07993061906283566	0.10526514140351428	3	7	11	4	8	ENSG00000198951	0.9829004712584833	False
0.004813153212699474	0.8258706467661692	0.18361827755300553	0.18840821923678513	7	6	9	4	6	ENSG00000204859	0.9829004712584833	False
0.0012665287286701614	0.8258706467661692	0.21552089110594974	0.2047296024119088	4	7	16	5	10	ENSG00000226742	0.9829004712584833	False
1.0953119474872912e-05	0.8258706467661692	0.02605799373040752	0.032323232323232316	3	5	6	3	5	ENSG00000229619	0.9829004712584833	False
4.1933852561876355e-05	0.8258706467661692	0.020057720057720083	0.042435133516189015	4	3	5	3	5	ENSG00000249115	0.9829004712584833	False
0.002185069700121379	0.8308457711442786	0.17581384301636607	0.2431352687947805	6	7	14	4	8	ENSG00000044446	0.9835511826161869	False
0.001895821403354923	0.8308457711442786	0.13213877939080082	0.10133625951224577	4	6	11	3	8	ENSG00000052802	0.9835511826161869	False
0.002473587726809054	0.8308457711442786	0.11718317926378423	0.11384100849545596	21	7	19	13	19	ENSG00000075624	0.9835511826161869	False
0.0007385972590357011	0.8308457711442786	0.13398487971875733	0.15407230640734992	10	7	18	8	13	ENSG00000085719	0.9835511826161869	False
2.291834804419479e-06	0.8308457711442786	0.014492753623188439	0.014359351988217943	3	3	4	3	3	ENSG00000086289	0.9835511826161869	False
0.0022361856993185006	0.8308457711442786	0.07230855215699157	0.1392771779311443	8	7	14	6	9	ENSG00000090520	0.9835511826161869	False
3.277428019663991e-05	0.8308457711442786	0.04130700820969316	0.017143306996450263	6	7	18	7	15	ENSG00000100603	0.9835511826161869	False
0.006337624088971186	0.8308457711442786	0.22480969943747892	0.21464321464321465	9	7	9	3	5	ENSG00000105676	0.9835511826161869	False
0.0008794319891010739	0.8308457711442786	0.07605760430972644	0.07608662590868996	7	6	10	3	7	ENSG00000106415	0.9835511826161869	False
0.01284333105616582	0.8308457711442786	0.3609551176792556	0.344770337576093	6	4	5	3	4	ENSG00000112419	0.9835511826161869	False
0.002197286856069183	0.8308457711442786	0.15035084103602572	0.07683872493381644	7	7	18	6	13	ENSG00000116691	0.9835511826161869	False
3.9165269895965866e-06	0.8308457711442786	0.025000000000000015	0.007438016528925618	4	7	19	5	13	ENSG00000119333	0.9835511826161869	False
0.001532247488176968	0.8308457711442786	0.19916842989614286	0.15203433847929593	5	4	6	3	5	ENSG00000120314	0.9835511826161869	False
0.0005463615167144473	0.8308457711442786	0.10523861826610731	0.07542702402444104	4	7	16	6	11	ENSG00000129518	0.9835511826161869	False
2.2206372869012831e-07	0.8308457711442786	0.0015040622783877011	0.0018348623853210733	4	7	19	11	17	ENSG00000134153	0.9835511826161869	False
0.002203943901464094	0.8308457711442786	0.20806802414878303	0.2593031646222038	6	7	8	3	5	ENSG00000136270	0.9835511826161869	False
0.0012067242377707442	0.8308457711442786	0.18535166837953657	0.12121651611002143	17	7	16	5	13	ENSG00000139436	0.9835511826161869	False
1.7809530419306223e-05	0.8308457711442786	0.01790835161280749	0.013059724808478168	5	7	19	7	13	ENSG00000140396	0.9835511826161869	False
0.0009608574403408069	0.8308457711442786	0.2633096435131689	0.19349348797999946	22	7	12	3	7	ENSG00000142347	0.9835511826161869	False
9.603362585806939e-06	0.8308457711442786	0.030769230769230715	0.012422360248447216	4	7	11	4	7	ENSG00000144589	0.9835511826161869	False
0.0012653284499472698	0.8308457711442786	0.20271538894467356	0.11343561134356109	27	7	19	9	17	ENSG00000161203	0.9835511826161869	False
0.0010799158912813162	0.8308457711442786	0.2059398659477267	0.20764517557551163	11	7	16	7	12	ENSG00000171204	0.9835511826161869	False
0.00018133645537090823	0.8308457711442786	0.10081263258927538	0.0584079520249733	8	7	14	5	11	ENSG00000172845	0.9835511826161869	False
0.0010433643005205995	0.8308457711442786	0.2085019307157029	0.12982611141180342	11	7	14	4	8	ENSG00000172922	0.9835511826161869	False
0.00041863179194166636	0.8308457711442786	0.06593290108683716	0.08062915910465822	8	7	13	4	7	ENSG00000180104	0.9835511826161869	False
0.0025257503323743375	0.8308457711442786	0.2846333810208801	0.24608341272361595	20	7	12	3	9	ENSG00000180376	0.9835511826161869	False
6.332396784112725e-06	0.8308457711442786	0.009722222222222205	0.010928961748633885	2	7	12	3	6	ENSG00000188312	0.9835511826161869	False
0.0012502030242908674	0.8308457711442786	0.2718658528905209	0.2711538461538462	8	6	7	3	5	ENSG00000196511	0.9835511826161869	False
0.0017456973711709115	0.8308457711442786	0.37637200877716864	0.2380699088145897	10	7	8	3	6	ENSG00000198015	0.9835511826161869	False
5.528692478553222e-05	0.8308457711442786	0.033905977137780166	0.03103335513407459	6	7	17	6	11	ENSG00000255135	0.9835511826161869	False
0.003966161294388698	0.8308457711442786	0.26048260360654246	0.23985044399439165	5	4	5	3	3	ENSG00000255284	0.9835511826161869	False
0.00042630259985871645	0.835820895522388	0.1468482593682765	0.09670480549199087	7	7	11	4	8	ENSG00000057663	0.9835511826161869	False
0.0002672896103738904	0.835820895522388	0.0615464239329938	0.059841241049294766	6	7	14	4	9	ENSG00000068308	0.9835511826161869	False
8.128291940177679e-08	0.835820895522388	0.010036534627600426	0.0011718013190685028	2	7	19	11	17	ENSG00000069275	0.9835511826161869	False
0.008125538273715724	0.835820895522388	0.49487862661544446	0.4578216526419077	16	7	11	4	8	ENSG00000073578	0.9835511826161869	False
3.537986336276072e-05	0.835820895522388	0.014482919682304888	0.012139935565707362	13	7	19	13	19	ENSG00000089009	0.9835511826161869	False
5.891947523367617e-07	0.835820895522388	0.008541804698200633	0.0018351543231969573	3	7	19	11	18	ENSG00000100632	0.9835511826161869	False
0.0004178843341084776	0.835820895522388	0.1036950488463072	0.07021796696882263	17	7	19	10	18	ENSG00000105402	0.9835511826161869	False
0.00043112582707735954	0.835820895522388	0.08254573683477084	0.05049428483163421	5	7	15	5	10	ENSG00000106723	0.9835511826161869	False
0.0008250037049820996	0.835820895522388	0.11582864165975876	0.03388255175327417	2	6	8	3	4	ENSG00000108773	0.9835511826161869	False
8.055999913386028e-06	0.835820895522388	0.008818342151675554	0.0177304964539007	4	7	14	3	7	ENSG00000112578	0.9835511826161869	False
8.796728021814966e-05	0.835820895522388	0.05518704510602264	0.026097430621414168	4	7	19	12	18	ENSG00000117450	0.9835511826161869	False
0.004447961531972407	0.835820895522388	0.31641592717903977	0.2813007053213683	17	7	11	3	7	ENSG00000119685	0.9835511826161869	False
0.0003658823421836404	0.835820895522388	0.1305333628219182	0.053103358403455175	7	7	13	5	8	ENSG00000125753	0.9835511826161869	False
0.0005350761980696677	0.835820895522388	0.1284221922626798	0.06802008482540926	17	7	17	8	14	ENSG00000125826	0.9835511826161869	False
0.0012203928846338142	0.835820895522388	0.13971926244103422	0.1572028548438798	16	7	18	8	16	ENSG00000129197	0.9835511826161869	False
0.001377695588483049	0.835820895522388	0.15217949084639154	0.1044709105528993	7	7	16	6	9	ENSG00000129925	0.9835511826161869	False
0.0005400675394245046	0.835820895522388	0.08425925925925917	0.08133979885057473	5	5	9	4	7	ENSG00000130803	0.9835511826161869	False
0.008942614056448257	0.835820895522388	0.25428382533034216	0.2524606495317792	11	5	6	3	4	ENSG00000131373	0.9835511826161869	False
0.005618903568547663	0.835820895522388	0.19241894064390214	0.28730088305591733	12	7	16	5	12	ENSG00000134684	0.9835511826161869	False
0.00021465009601283512	0.835820895522388	0.040764856796924945	0.04905910462338028	4	7	15	5	12	ENSG00000139278	0.9835511826161869	False
0.0014629693182973114	0.835820895522388	0.09997812529415442	0.0924492944072918	21	7	17	7	12	ENSG00000140995	0.9835511826161869	False
1.242382417620985e-07	0.835820895522388	0.002084878892713569	0.0007103180582907306	2	7	15	7	12	ENSG00000141682	0.9835511826161869	False
0.00010774541410264752	0.835820895522388	0.07047502202191776	0.06812819430070552	10	7	18	7	13	ENSG00000143614	0.9835511826161869	False
0.006966695541503988	0.835820895522388	0.32819604839538596	0.39145134729448106	10	6	6	3	4	ENSG00000145736	0.9835511826161869	False
0.003579183301742149	0.835820895522388	0.20933218807396287	0.21532483961326465	5	7	16	6	11	ENSG00000145779	0.9835511826161869	False
1.0360446912580616e-05	0.835820895522388	0.004830917874396148	0.006315789473684187	3	5	5	3	4	ENSG00000150938	0.9835511826161869	False
0.0033893316730594196	0.835820895522388	0.28485527368563957	0.29613375130616515	8	4	6	4	4	ENSG00000153029	0.9835511826161869	False
0.0019929235398982313	0.835820895522388	0.2558623600567974	0.2298448245055413	7	6	12	4	7	ENSG00000163001	0.9835511826161869	False
0.0012539872951216808	0.835820895522388	0.13148037381735458	0.237183550321362	5	6	9	3	8	ENSG00000168769	0.9835511826161869	False
4.293702084324185e-05	0.835820895522388	0.05113794458011205	0.029442973901736808	13	7	19	11	17	ENSG00000172757	0.9835511826161869	False
0.0011213064493185852	0.835820895522388	0.2609518855070977	0.5136411207329971	7	7	15	5	11	ENSG00000187630	0.9835511826161869	False
0.007881575010385118	0.835820895522388	0.4810806686867807	0.4802810209068694	9	4	5	3	4	ENSG00000197183	0.9835511826161869	False
0.0001398973164841312	0.835820895522388	0.07188852099276195	0.04960898996074518	9	7	19	13	18	ENSG00000198242	0.9835511826161869	False
2.3348864325741334e-05	0.835820895522388	0.015735373020015885	0.01604608732942198	4	7	19	8	16	ENSG00000198887	0.9835511826161869	False
0.00029789586609362803	0.835820895522388	0.11446909790691848	0.08664037671175893	4	4	5	3	4	ENSG00000230513	0.9835511826161869	False
0.0024638549020726134	0.835820895522388	0.27286615483222415	0.2492507531593568	10	7	16	5	10	ENSG00000233223	0.9835511826161869	False
0.0014864569991872032	0.835820895522388	0.3146360771551475	0.24671240708976552	5	6	10	4	6	ENSG00000290823	0.9835511826161869	False
1.7714186104299953e-05	0.835820895522388	0.03787878787878786	0.013812154696132613	3	7	8	4	6	ENSG00000291010	0.9835511826161869	False
0.0070440217147399505	0.8407960199004975	0.30853399833070433	0.27733881901912194	14	7	13	4	8	ENSG00000035928	0.9853889047778321	False
0.0005089199417131201	0.8407960199004975	0.14263964698747306	0.13250030182301098	4	4	4	3	4	ENSG00000075336	0.9853889047778321	False
5.4867205317486115e-06	0.8407960199004975	0.025633476236826297	0.013756927814930847	2	7	19	12	18	ENSG00000089220	0.9853889047778321	False
0.0019855180331413568	0.8407960199004975	0.30770253115869983	0.30641045193431954	21	7	13	5	8	ENSG00000102081	0.9853889047778321	False
0.00104400389915137	0.8407960199004975	0.2273630084012136	0.16279644268774707	6	5	6	3	5	ENSG00000109189	0.9853889047778321	False
0.00023504024741860332	0.8407960199004975	0.08303997348155844	0.04576041666666668	12	7	16	6	11	ENSG00000112679	0.9853889047778321	False
0.00497335636588693	0.8407960199004975	0.29562637749894083	0.5989736070381232	10	5	5	3	4	ENSG00000115970	0.9853889047778321	False
2.0793637822663157e-05	0.8407960199004975	0.04616639382350014	0.019624636475465203	2	7	18	9	15	ENSG00000116752	0.9853889047778321	False
0.002075341411151158	0.8407960199004975	0.21884222324456618	0.3405073192535478	13	7	16	3	8	ENSG00000127564	0.9853889047778321	False
0.000570720567051698	0.8407960199004975	0.0843893199803498	0.23533115147644895	3	7	18	8	14	ENSG00000134809	0.9853889047778321	False
0.0048129868891387175	0.8407960199004975	0.2839212209265508	0.21913587103121082	2	7	9	3	7	ENSG00000137331	0.9853889047778321	False
0.0013621215528707082	0.8407960199004975	0.16859491911136554	0.20378604275003961	6	7	18	7	13	ENSG00000137767	0.9853889047778321	False
0.001724854534316222	0.8407960199004975	0.28483386683107603	0.2900563615276619	15	7	13	3	10	ENSG00000140968	0.9853889047778321	False
0.001752738527323951	0.8407960199004975	0.1735286214138015	0.16069596081629522	14	7	18	7	14	ENSG00000160310	0.9853889047778321	False
0.00012379884277083724	0.8407960199004975	0.11255115781143132	0.04746309002905039	17	7	19	11	17	ENSG00000162191	0.9853889047778321	False
0.002382203376539465	0.8407960199004975	0.2138513141765743	0.20286944935081028	19	7	16	5	10	ENSG00000163516	0.9853889047778321	False
0.000733079377207039	0.8407960199004975	0.11015140577189748	0.2050241479772403	12	7	19	9	15	ENSG00000163938	0.9853889047778321	False
1.8755773076531945e-05	0.8407960199004975	0.06187372685258462	0.03667367881328535	2	7	19	7	14	ENSG00000168496	0.9853889047778321	False
0.0017729388115381949	0.8407960199004975	0.16339453530387263	0.09315973359537066	8	7	14	5	11	ENSG00000183624	0.9853889047778321	False
0.00011156650536079914	0.8407960199004975	0.13223007461980812	0.03909107685786627	13	7	18	9	16	ENSG00000185627	0.9853889047778321	False
3.568692334892752e-06	0.8407960199004975	0.004583651642475189	0.0059084194977843275	6	7	18	9	14	ENSG00000186283	0.9853889047778321	False
5.030038356428e-05	0.8407960199004975	0.10065172344830715	0.018251224184659548	7	7	19	11	18	ENSG00000197345	0.9853889047778321	False
0.0007186569515371892	0.8407960199004975	0.22284641388642917	0.1830601092896175	17	7	19	7	14	ENSG00000198231	0.9853889047778321	False
0.003049874023315306	0.8407960199004975	0.10220877189403041	0.1422754125259372	7	7	17	5	11	ENSG00000213593	0.9853889047778321	False
0.0011424965340489403	0.8407960199004975	0.11404245908889873	0.06586671676137701	5	3	4	3	4	ENSG00000251580	0.9853889047778321	False
0.0012818135602989777	0.845771144278607	0.1314420339097306	0.10572288415200612	10	7	18	7	13	ENSG00000023228	0.9869593983399955	False
0.0022248022478901118	0.845771144278607	0.20000947700571664	0.303969064643222	10	7	12	3	9	ENSG00000059804	0.9869593983399955	False
0.001723712362451182	0.845771144278607	0.11646006167745299	0.13868613138686128	14	7	14	4	8	ENSG00000071054	0.9869593983399955	False
0.007807420743073548	0.845771144278607	0.45286875848166164	0.4722281531188044	23	7	14	3	9	ENSG00000079277	0.9869593983399955	False
0.00017891453224793796	0.845771144278607	0.10814034329213601	0.13675954296774695	5	7	18	7	13	ENSG00000088992	0.9869593983399955	False
0.0019345840154688049	0.845771144278607	0.24659762116451775	0.183093888748511	11	7	18	7	14	ENSG00000104518	0.9869593983399955	False
0.00015126588239189112	0.845771144278607	0.06319884713602986	0.04136885507845081	8	7	19	11	17	ENSG00000105677	0.9869593983399955	False
0.0014394085375698537	0.845771144278607	0.1451809218683859	0.10596732180914045	9	5	9	4	7	ENSG00000108582	0.9869593983399955	False
0.004339866129405593	0.845771144278607	0.40794417187827103	0.3716964887324998	12	6	6	3	4	ENSG00000111271	0.9869593983399955	False
0.002005465632499576	0.845771144278607	0.11705754751769935	0.1327354260089686	4	6	8	3	5	ENSG00000130985	0.9869593983399955	False
2.0709877491011022e-09	0.845771144278607	0.0002210325135289885	0.0001091962932902007	2	7	19	13	19	ENSG00000142669	0.9869593983399955	False
0.0026053809550900097	0.845771144278607	0.2827639049847933	0.29463754676558057	12	7	16	4	11	ENSG00000143198	0.9869593983399955	False
0.00253300611951785	0.845771144278607	0.25092426728768735	0.3061477919049133	16	7	13	6	10	ENSG00000153201	0.9869593983399955	False
0.00015574645594740655	0.845771144278607	0.1877146109667545	0.2502282476172731	7	7	16	5	10	ENSG00000166803	0.9869593983399955	False
0.004532761780198586	0.845771144278607	0.2724451472725564	0.2135543637250122	7	5	6	3	5	ENSG00000167967	0.9869593983399955	False
0.004568256947363394	0.845771144278607	0.2852128362670352	0.3556127871801161	13	6	8	3	5	ENSG00000169032	0.9869593983399955	False
9.245468443631752e-07	0.845771144278607	0.005919471655825092	0.0024212072925936206	2	7	18	7	15	ENSG00000170855	0.9869593983399955	False
4.8432178166583686e-05	0.845771144278607	0.022996357012750452	0.024999999999999994	5	3	4	3	3	ENSG00000174652	0.9869593983399955	False
2.7592763513874476e-06	0.845771144278607	0.0026408450704225195	0.0028846153846153796	2	7	13	5	8	ENSG00000177051	0.9869593983399955	False
0.00018066016889501727	0.845771144278607	0.09127122463219164	0.06404524196065588	20	7	18	6	12	ENSG00000177731	0.9869593983399955	False
0.0027045967699145103	0.845771144278607	0.18359780627763542	0.20848908125122959	41	7	14	5	10	ENSG00000182923	0.9869593983399955	False
0.002411446444301276	0.8507462686567164	0.3349233250075698	0.16966864265085882	12	7	15	3	12	ENSG00000013374	0.9869593983399955	False
0.005116372307745618	0.8507462686567164	0.3021964587179482	0.4161851645287228	7	6	10	3	6	ENSG00000066279	0.9869593983399955	False
3.0340734828863552e-06	0.8507462686567164	0.04311942895274634	0.011175669385199115	9	7	19	11	16	ENSG00000078668	0.9869593983399955	False
0.0003366345011600334	0.8507462686567164	0.2523486838355794	0.06802864827507273	7	6	9	3	6	ENSG00000101138	0.9869593983399955	False
0.002645641659039693	0.8507462686567164	0.11313664190086317	0.14163283521925657	8	7	18	8	15	ENSG00000101558	0.9869593983399955	False
0.0012029588285149373	0.8507462686567164	0.2715476278845449	0.2684500768347955	2	6	8	3	7	ENSG00000102034	0.9869593983399955	False
0.0002632981955676063	0.8507462686567164	0.09506909604717659	0.09259855037613515	15	7	19	9	16	ENSG00000109046	0.9869593983399955	False
0.002465227180575888	0.8507462686567164	0.30820930781951345	0.2612869499097044	6	4	5	3	4	ENSG00000109790	0.9869593983399955	False
0.00311731146251285	0.8507462686567164	0.2071702503982962	0.27864231378151916	16	6	8	3	6	ENSG00000110911	0.9869593983399955	False
0.0013762114891452354	0.8507462686567164	0.12867216242517104	0.16974646858811984	8	7	19	10	16	ENSG00000111229	0.9869593983399955	False
0.00018471245081666906	0.8507462686567164	0.06445832792621832	0.025500045252964038	6	7	17	6	10	ENSG00000111737	0.9869593983399955	False
0.0009427195075424209	0.8507462686567164	0.19858329092896954	0.17924345041213838	10	7	19	8	15	ENSG00000118482	0.9869593983399955	False
0.00036495254332410927	0.8507462686567164	0.1229368582099262	0.05630357168056673	6	7	18	6	13	ENSG00000129055	0.9869593983399955	False
0.001843737713004494	0.8507462686567164	0.4034971866719961	0.2505706239810287	8	7	11	3	7	ENSG00000130517	0.9869593983399955	False
0.0007817270530201926	0.8507462686567164	0.11711862117622172	0.13732303732303733	5	5	7	4	5	ENSG00000131196	0.9869593983399955	False
0.0013472036158902376	0.8507462686567164	0.13005853426762826	0.1242125603864734	6	3	4	3	3	ENSG00000135766	0.9869593983399955	False
0.00023440233674916006	0.8507462686567164	0.07750179300666739	0.16637039431157077	7	7	17	5	11	ENSG00000137563	0.9869593983399955	False
5.345044283063966e-07	0.8507462686567164	0.005893261748395792	0.003285244216309813	13	7	19	13	19	ENSG00000140264	0.9869593983399955	False
0.001665882041122832	0.8507462686567164	0.216677886543999	0.1665071463261262	38	7	17	6	14	ENSG00000149781	0.9869593983399955	False
0.0013856177285409596	0.8507462686567164	0.23243431390632086	0.1426836672738312	8	5	6	4	4	ENSG00000164934	0.9869593983399955	False
0.00525362471862435	0.8507462686567164	0.122098191663409	0.24007921099635007	7	4	4	3	3	ENSG00000167107	0.9869593983399955	False
0.007491223347655336	0.8507462686567164	0.23005203880396394	0.2687161430119176	7	6	10	3	7	ENSG00000167315	0.9869593983399955	False
0.005623590815566899	0.8507462686567164	0.24525170404032096	0.20137603795966785	7	6	9	4	7	ENSG00000168300	0.9869593983399955	False
1.1103107399023972e-05	0.8507462686567164	0.02783037342507124	0.021218248282695744	14	7	18	7	13	ENSG00000175115	0.9869593983399955	False
0.0008444029453076238	0.8507462686567164	0.06555551379371587	0.10691709846993788	21	7	19	12	17	ENSG00000204256	0.9869593983399955	False
6.812314269194043e-10	0.8507462686567164	0.003855743978200811	0.0012041847846447004	4	7	14	6	10	ENSG00000223609	0.9869593983399955	False
0.00066713343213061	0.8507462686567164	0.07603035373500505	0.06959973554531734	4	7	19	10	16	ENSG00000241685	0.9869593983399955	False
0.0017491447217319763	0.8507462686567164	0.13138436549336738	0.05609715796430933	5	3	4	3	4	ENSG00000243477	0.9869593983399955	False
0.00010731195513851514	0.8507462686567164	0.052010406072929796	0.036836968439434285	3	6	6	3	4	ENSG00000273136	0.9869593983399955	False
0.0034642107934645112	0.8507462686567164	0.2840539411163998	0.3247619047619048	22	6	8	3	6	ENSG00000291171	0.9869593983399955	False
0.004328428466474707	0.8557213930348259	0.18073959014324525	0.11718931475029035	2	6	9	3	7	ENSG00000001167	0.9869593983399955	False
0.00017195329542113569	0.8557213930348259	0.12485888870187743	0.09025853180493446	8	7	18	10	17	ENSG00000065548	0.9869593983399955	False
0.002933378719318285	0.8557213930348259	0.19650015349913583	0.21447864305426145	37	7	19	7	15	ENSG00000082898	0.9869593983399955	False
0.0005341318332733058	0.8557213930348259	0.32325802080396043	0.21259164338382036	7	7	11	4	7	ENSG00000083223	0.9869593983399955	False
0.00040527270076781414	0.8557213930348259	0.12731411962283845	0.1277443860281832	16	7	19	10	17	ENSG00000089053	0.9869593983399955	False
0.00012722801695567098	0.8557213930348259	0.11576764721570354	0.12244673422943247	10	7	19	12	17	ENSG00000099341	0.9869593983399955	False
0.00046534590450702086	0.8557213930348259	0.07963005021993982	0.1477474322524756	9	7	18	9	14	ENSG00000099624	0.9869593983399955	False
0.0021343949855204404	0.8557213930348259	0.30767633981732945	0.26530780486799527	11	7	15	5	9	ENSG00000105171	0.9869593983399955	False
5.059802070298521e-06	0.8557213930348259	0.06590368102980879	0.03013379049287869	5	7	19	8	14	ENSG00000105374	0.9869593983399955	False
0.00158519559803243	0.8557213930348259	0.16393665144482325	0.18036190425345755	9	7	17	6	13	ENSG00000115561	0.9869593983399955	False
0.0017932532579130358	0.8557213930348259	0.25647619640338093	0.20516877637130798	11	7	12	4	8	ENSG00000115866	0.9869593983399955	False
0.0022846662046353532	0.8557213930348259	0.20274168533511278	0.2717705167173252	13	7	17	6	12	ENSG00000123562	0.9869593983399955	False
0.0017768273814790468	0.8557213930348259	0.1879126487099085	0.27203880190605856	9	7	12	4	9	ENSG00000138032	0.9869593983399955	False
0.0013224916379427896	0.8557213930348259	0.2533749210420031	0.23097435897435895	7	6	9	3	5	ENSG00000138794	0.9869593983399955	False
0.0024621699086068392	0.8557213930348259	0.264707801529507	0.19479626902307315	10	6	10	3	5	ENSG00000140632	0.9869593983399955	False
0.0018315546696882207	0.8557213930348259	0.28000519923795314	0.31501282022362076	9	7	17	4	11	ENSG00000141401	0.9869593983399955	False
0.003362787099459225	0.8557213930348259	0.31078200891829744	0.2905148500645655	10	7	11	3	7	ENSG00000143164	0.9869593983399955	False
0.00042138611366589993	0.8557213930348259	0.12115857493142587	0.1296770594998236	7	7	19	7	14	ENSG00000154767	0.9869593983399955	False
0.003955776530610029	0.8557213930348259	0.4491503258237505	0.2571676231468197	7	5	7	3	4	ENSG00000154814	0.9869593983399955	False
0.000995845483947964	0.8557213930348259	0.1563308411283642	0.2089363833082835	26	7	19	12	18	ENSG00000156976	0.9869593983399955	False
0.000762412807680821	0.8557213930348259	0.12957252970440425	0.07291956259846173	7	7	16	6	10	ENSG00000160050	0.9869593983399955	False
0.0005364413449270406	0.8557213930348259	0.12360435515448367	0.06897634453308385	18	7	19	9	16	ENSG00000162521	0.9869593983399955	False
0.0010093768439078982	0.8557213930348259	0.1360382379729998	0.08259250902527074	3	4	5	3	5	ENSG00000164117	0.9869593983399955	False
4.843879880733228e-05	0.8557213930348259	0.05622899782180634	0.050835669162866616	10	3	6	4	4	ENSG00000164292	0.9869593983399955	False
1.0292471951568886e-05	0.8557213930348259	0.022988505747126402	0.0060341819350943115	5	7	12	4	7	ENSG00000166398	0.9869593983399955	False
5.994902531387141e-06	0.8557213930348259	0.016145495341461657	0.008233538768266845	6	7	19	13	18	ENSG00000166794	0.9869593983399955	False
0.0010525232520852865	0.8557213930348259	0.22632280101292657	0.19159524840747832	45	7	19	12	17	ENSG00000169045	0.9869593983399955	False
0.0009954719800690523	0.8557213930348259	0.07275148723365912	0.1485446604170948	16	7	19	12	19	ENSG00000174748	0.9869593983399955	False
0.0052802512084659465	0.8557213930348259	0.2676463652926426	0.32288698955365625	7	6	8	3	5	ENSG00000175582	0.9869593983399955	False
0.003153006897133111	0.8557213930348259	0.24048821650565821	0.21135097493036215	8	7	14	5	8	ENSG00000178467	0.9869593983399955	False
2.057940673139391e-05	0.8557213930348259	0.02625242691078853	0.01035341645831303	5	7	17	4	12	ENSG00000224660	0.9869593983399955	False
0.0007947282357202466	0.8606965174129353	0.05383369649752534	0.05838026474127558	8	7	18	8	14	ENSG00000072364	0.9869593983399955	False
0.000296479037288664	0.8606965174129353	0.13692818596928188	0.11431942374565326	6	5	6	3	6	ENSG00000091409	0.9869593983399955	False
1.773249600720593e-05	0.8606965174129353	0.033216336389344354	0.023206738062540148	3	5	7	3	5	ENSG00000095002	0.9869593983399955	False
0.003963422554444713	0.8606965174129353	0.2843078161172896	0.18830715606711276	9	7	15	6	10	ENSG00000100288	0.9869593983399955	False
0.0005527652293730561	0.8606965174129353	0.05833948789941104	0.17078202183873864	10	7	13	5	8	ENSG00000100364	0.9869593983399955	False
8.81506407100434e-08	0.8606965174129353	0.0015015015015015123	0.0010559662090813182	2	7	17	4	10	ENSG00000101474	0.9869593983399955	False
9.966825792493017e-06	0.8606965174129353	0.023898564661466677	0.013677811550151998	5	4	6	3	3	ENSG00000105426	0.9869593983399955	False
3.9512434451177674e-05	0.8606965174129353	0.051086857541665746	0.020384285133569442	13	7	18	9	15	ENSG00000105568	0.9869593983399955	False
0.0002171720627638355	0.8606965174129353	0.08493293873104495	0.10566816448040267	3	7	17	8	13	ENSG00000108091	0.9869593983399955	False
3.294226789276223e-06	0.8606965174129353	0.04025126047603346	0.021387844867756772	4	7	19	10	15	ENSG00000110848	0.9869593983399955	False
0.006248504980790267	0.8606965174129353	0.20493576982352046	0.27713681339542384	7	7	17	6	11	ENSG00000119596	0.9869593983399955	False
0.0003725100874346632	0.8606965174129353	0.0786505882192589	0.05587647594427588	13	7	19	9	16	ENSG00000120802	0.9869593983399955	False
0.0005419490766979495	0.8606965174129353	0.06964387154202689	0.11611374407582939	2	4	5	3	3	ENSG00000125482	0.9869593983399955	False
3.948019414080678e-05	0.8606965174129353	0.05063291139240503	0.04210526315789474	2	6	6	3	4	ENSG00000125484	0.9869593983399955	False
2.968309745023791e-05	0.8606965174129353	0.05892123749266602	0.047979797979798	2	4	7	3	5	ENSG00000126067	0.9869593983399955	False
0.006239059958923906	0.8606965174129353	0.3014939172536077	0.38439637454092124	35	7	13	3	9	ENSG00000128487	0.9869593983399955	False
0.0014707860961428567	0.8606965174129353	0.2111506368603903	0.14817524924540382	11	6	13	4	7	ENSG00000128944	0.9869593983399955	False
0.002332334028876392	0.8606965174129353	0.24444414210750554	0.12797129422127804	4	3	4	3	3	ENSG00000130349	0.9869593983399955	False
7.839287903679782e-05	0.8606965174129353	0.06907101043154056	0.04164519880672571	3	7	18	8	15	ENSG00000133639	0.9869593983399955	False
0.00013651662101909768	0.8606965174129353	0.046827147374390476	0.0885691446842526	5	7	11	5	9	ENSG00000134184	0.9869593983399955	False
0.0032301065655219014	0.8606965174129353	0.4038760247019216	0.24737628198745396	10	5	7	4	5	ENSG00000135124	0.9869593983399955	False
0.001145485145710332	0.8606965174129353	0.18521468862875373	0.2084583417683225	18	7	17	7	12	ENSG00000136147	0.9869593983399955	False
0.0011495436034301878	0.8606965174129353	0.08562506349592007	0.08634860545424845	5	3	4	3	4	ENSG00000140848	0.9869593983399955	False
0.0007727231986858981	0.8606965174129353	0.195812554451111	0.213785101966931	6	7	19	8	15	ENSG00000142396	0.9869593983399955	False
0.00146959199928532	0.8606965174129353	0.13263499234308085	0.11837121212121214	4	7	12	3	9	ENSG00000148843	0.9869593983399955	False
0.0017421625123062554	0.8606965174129353	0.17145638754207715	0.24121047262835765	3	5	5	3	3	ENSG00000151006	0.9869593983399955	False
0.0010258712582355291	0.8606965174129353	0.11235476090548903	0.0872573747121395	5	3	4	3	4	ENSG00000156804	0.9869593983399955	False
4.935488405446336e-06	0.8606965174129353	0.018922310088660424	0.012064188645016724	14	7	18	11	15	ENSG00000159720	0.9869593983399955	False
0.0009770539584764435	0.8606965174129353	0.11671600138991442	0.17734902986701548	3	5	7	3	6	ENSG00000160602	0.9869593983399955	False
0.0015630242567167842	0.8606965174129353	0.10634500334635552	0.1598045796971731	6	7	13	5	10	ENSG00000165609	0.9869593983399955	False
5.20242406309223e-05	0.8606965174129353	0.015873015873015844	0.01176470588235292	2	5	6	3	4	ENSG00000168005	0.9869593983399955	False
2.413577255571511e-05	0.8606965174129353	0.07617884495768425	0.015506007419127305	7	7	18	8	14	ENSG00000177674	0.9869593983399955	False
0.00030540097523080637	0.8606965174129353	0.1587860110928223	0.07866101142719692	2	7	15	4	9	ENSG00000185198	0.9869593983399955	False
2.6253958726073156e-06	0.8606965174129353	0.0074351180734159245	0.00751879699248123	3	7	16	4	11	ENSG00000196363	0.9869593983399955	False
0.002555728489523436	0.8606965174129353	0.16696393657177971	0.10184490306441529	6	3	4	3	3	ENSG00000198612	0.9869593983399955	False
1.067122041493491e-06	0.8606965174129353	0.0036630036630037003	0.002336448598130876	4	7	18	6	13	ENSG00000198952	0.9869593983399955	False
0.0032269264728421046	0.8606965174129353	0.3205128205128206	0.16891891891891894	2	6	5	3	4	ENSG00000267532	0.9869593983399955	False
1.1455474011430863e-06	0.8656716417910447	0.0036231884057971097	0.0017421602787456374	2	7	17	8	12	ENSG00000010017	0.9869593983399955	False
6.265079618522786e-05	0.8656716417910447	0.048202614379084935	0.04248366013071893	3	7	8	3	6	ENSG00000052795	0.9869593983399955	False
0.0025585089532767225	0.8656716417910447	0.1359488572913407	0.14671814671814673	8	7	17	5	10	ENSG00000076053	0.9869593983399955	False
0.0004599076701858146	0.8656716417910447	0.13282469037534272	0.10564423330122898	9	7	16	6	11	ENSG00000092439	0.9869593983399955	False
0.0015869381086467667	0.8656716417910447	0.13610568978819473	0.15363610071526312	10	7	16	5	10	ENSG00000104517	0.9869593983399955	False
0.0005180395393009366	0.8656716417910447	0.09227989994611599	0.11849307885906044	5	7	18	7	13	ENSG00000108588	0.9869593983399955	False
0.003495804160921284	0.8656716417910447	0.21565535194695712	0.16085892815816444	9	7	12	3	9	ENSG00000108599	0.9869593983399955	False
0.00046336971247207747	0.8656716417910447	0.1509089013627141	0.11435578022507069	13	7	15	7	11	ENSG00000111653	0.9869593983399955	False
0.0001634119397621539	0.8656716417910447	0.04303456268812554	0.06477747347853616	4	7	19	9	17	ENSG00000116473	0.9869593983399955	False
0.002754511840709058	0.8656716417910447	0.45838409761874466	0.2295417184555551	14	4	4	3	3	ENSG00000117543	0.9869593983399955	False
2.049304303096067e-05	0.8656716417910447	0.042208499714008654	0.021073063629434	5	7	19	11	17	ENSG00000119632	0.9869593983399955	False
0.002298615055484061	0.8656716417910447	0.14128210004822483	0.14693321712604857	4	7	11	3	8	ENSG00000121481	0.9869593983399955	False
0.00023095844745974286	0.8656716417910447	0.05196651588797349	0.036441586280814536	3	7	11	3	7	ENSG00000136936	0.9869593983399955	False
0.0014667325255042305	0.8656716417910447	0.19613308941109003	0.1695052121568051	10	7	17	5	11	ENSG00000147419	0.9869593983399955	False
0.006754594647521165	0.8656716417910447	0.34250078087947283	0.3032922747948654	15	7	13	3	8	ENSG00000168961	0.9869593983399955	False
0.0022646227673685094	0.8656716417910447	0.20551530004204904	0.2174311271054871	4	7	12	4	7	ENSG00000179958	0.9869593983399955	False
6.282122202360592e-05	0.8656716417910447	0.0427131044563375	0.026721824543588457	7	7	18	5	12	ENSG00000183431	0.9869593983399955	False
0.0001288387814863617	0.8656716417910447	0.05530486203963253	0.0485660204198692	8	7	17	6	12	ENSG00000185164	0.9869593983399955	False
0.00017203799805969069	0.8656716417910447	0.10411482953211455	0.06083612699664762	7	7	14	4	9	ENSG00000189376	0.9869593983399955	False
1.6599343665462547e-08	0.8656716417910447	0.00027267301940277666	0.00035277025478176207	3	7	19	12	18	ENSG00000197747	0.9869593983399955	False
0.0008495330238238188	0.8656716417910447	0.24453160470794064	0.24122927364666227	17	7	14	4	8	ENSG00000243989	0.9869593983399955	False
0.0007011498889563734	0.8706467661691543	0.21890759200127416	0.049638140294556606	3	5	7	3	5	ENSG00000023909	0.9869593983399955	False
0.0026382422229855457	0.8706467661691543	0.18807897242855692	0.18241018110621635	6	7	14	5	10	ENSG00000035141	0.9869593983399955	False
0.00017619810370822012	0.8706467661691543	0.04492695446813061	0.05219294600060955	9	7	17	4	11	ENSG00000039123	0.9869593983399955	False
0.0024221950010849046	0.8706467661691543	0.23950659278636421	0.17137045512331553	11	3	4	3	4	ENSG00000073969	0.9869593983399955	False
1.426974852839824e-07	0.8706467661691543	0.001092945174777182	0.001238184174684669	3	7	19	12	17	ENSG00000074842	0.9869593983399955	False
0.002518057914660371	0.8706467661691543	0.2432565666924908	0.1660594617593873	13	7	17	6	10	ENSG00000075856	0.9869593983399955	False
0.0026394030489265336	0.8706467661691543	0.24622718341066402	0.15802591128678084	14	7	15	4	12	ENSG00000083312	0.9869593983399955	False
7.81919641204381e-05	0.8706467661691543	0.06666666666666671	0.031746031746031744	3	7	13	3	7	ENSG00000087077	0.9869593983399955	False
0.00010946186986377483	0.8706467661691543	0.10193956049919721	0.07931901276377473	6	7	18	7	15	ENSG00000100219	0.9869593983399955	False
0.0017646628410577262	0.8706467661691543	0.23561999245529153	0.2222289066024966	44	7	19	9	16	ENSG00000111642	0.9869593983399955	False
0.004295572045704657	0.8706467661691543	0.22218094253434906	0.17037786774628877	11	5	6	3	4	ENSG00000113360	0.9869593983399955	False
0.0006613723226927792	0.8706467661691543	0.12484303814277023	0.08096019833824714	16	7	17	8	13	ENSG00000114120	0.9869593983399955	False
0.0033068870849420236	0.8706467661691543	0.1642411662941124	0.14741330881977427	10	7	8	3	5	ENSG00000115652	0.9869593983399955	False
0.0025291714776652517	0.8706467661691543	0.18266680860250153	0.22234392113910184	7	7	8	3	5	ENSG00000117308	0.9869593983399955	False
0.002223132058239624	0.8706467661691543	0.08201687323878745	0.12016985863626072	7	7	19	8	17	ENSG00000117362	0.9869593983399955	False
0.001554711015077388	0.8706467661691543	0.13902504434072327	0.12193583607617417	6	7	12	4	9	ENSG00000121680	0.9869593983399955	False
0.0003213844285941014	0.8706467661691543	0.04341626148429744	0.0490543735224586	3	3	5	3	5	ENSG00000123989	0.9869593983399955	False
0.0008351924230178408	0.8706467661691543	0.19840471181042008	0.19476504018225974	6	7	12	3	7	ENSG00000124279	0.9869593983399955	False
0.008143315479481682	0.8706467661691543	0.2127379344206977	0.24867806165160167	4	7	10	4	6	ENSG00000125863	0.9869593983399955	False
0.01571530033738753	0.8706467661691543	0.14110128882420908	0.3620466321243524	16	4	4	3	4	ENSG00000133812	0.9869593983399955	False
0.001967114953504856	0.8706467661691543	0.2156470546356637	0.38706578445094797	16	7	12	4	11	ENSG00000137959	0.9869593983399955	False
0.0008370617984970186	0.8706467661691543	0.19403167613851027	0.2125972341007337	26	7	19	9	16	ENSG00000141027	0.9869593983399955	False
0.009150020159251992	0.8706467661691543	0.2789651384652277	0.24820814923907708	12	6	9	3	5	ENSG00000141452	0.9869593983399955	False
1.8446184423949398e-05	0.8706467661691543	0.018451221173678808	0.009044657998869431	5	7	12	4	8	ENSG00000144455	0.9869593983399955	False
0.0004088430431567173	0.8706467661691543	0.1183990069371566	0.06216025119553567	5	7	17	5	12	ENSG00000149313	0.9869593983399955	False
0.0004977795285772266	0.8706467661691543	0.1450902688376296	0.10161022173238934	4	7	9	3	6	ENSG00000162729	0.9869593983399955	False
0.0021907606881488174	0.8706467661691543	0.1898356443985001	0.08502024291497978	4	4	7	3	5	ENSG00000165140	0.9869593983399955	False
0.00020731291713843158	0.8706467661691543	0.058898533516120725	0.04129385768179306	12	7	17	7	13	ENSG00000169592	0.9869593983399955	False
0.0006457728944634091	0.8706467661691543	0.1338672134752492	0.1437888198757764	14	7	14	6	12	ENSG00000171206	0.9869593983399955	False
0.0003749240183592819	0.8706467661691543	0.34574144963435277	0.21572231417683513	4	6	8	3	6	ENSG00000175265	0.9869593983399955	False
4.1975274728138314e-05	0.8706467661691543	0.04900708073833875	0.028414748243199887	5	7	13	5	10	ENSG00000178917	0.9869593983399955	False
0.000804346393152104	0.8706467661691543	0.1697715503766219	0.0842307389981247	14	7	14	8	12	ENSG00000181038	0.9869593983399955	False
0.0030143702127121076	0.8706467661691543	0.20649624922125726	0.16815631875110326	11	7	18	7	14	ENSG00000187118	0.9869593983399955	False
0.003186144697203707	0.8706467661691543	0.24887801014395258	0.1199044117647059	8	4	4	3	4	ENSG00000196323	0.9869593983399955	False
0.00020466442272543866	0.8706467661691543	0.11308034877823504	0.06861631532594593	6	7	17	6	11	ENSG00000197223	0.9869593983399955	False
0.0005668488557081004	0.8706467661691543	0.19769094523585495	0.1250586358945492	27	7	17	5	12	ENSG00000197694	0.9869593983399955	False
9.670004412872478e-06	0.8706467661691543	0.019736842105263153	0.007778738115816775	4	7	15	4	10	ENSG00000198315	0.9869593983399955	False
0.0036652587955625067	0.8706467661691543	0.30953877066844	0.2721374179125332	7	5	9	3	5	ENSG00000249592	0.9869593983399955	False
0.000537450812087398	0.8756218905472637	0.07351314836849102	0.07850356713993077	10	7	18	9	15	ENSG00000008952	0.9869593983399955	False
0.0007116521262641285	0.8756218905472637	0.1613390165080248	0.1265643621530636	12	7	18	6	13	ENSG00000065413	0.9869593983399955	False
0.003138989262880647	0.8756218905472637	0.21112462891121958	0.21578046598467462	16	7	13	3	9	ENSG00000092931	0.9869593983399955	False
0.003462230824174751	0.8756218905472637	0.26351001625352843	0.20620000163761268	7	7	10	4	7	ENSG00000101940	0.9869593983399955	False
4.342927132726075e-05	0.8756218905472637	0.030487804878048794	0.01628664495114007	2	5	7	3	6	ENSG00000102007	0.9869593983399955	False
0.0008572449520155212	0.8756218905472637	0.08816381813365878	0.06295408915953986	2	7	15	5	10	ENSG00000102390	0.9869593983399955	False
0.00014466241438615337	0.8756218905472637	0.0623406888294695	0.04137454039626133	9	7	19	9	17	ENSG00000106268	0.9869593983399955	False
0.00044790709298227037	0.8756218905472637	0.03555516213744064	0.030414506809356576	3	4	4	3	3	ENSG00000106993	0.9869593983399955	False
4.6717022690717794e-07	0.8756218905472637	0.005000000000000058	0.00593912397921305	4	7	17	5	10	ENSG00000108179	0.9869593983399955	False
0.0012193082166234593	0.8756218905472637	0.20332780339272608	0.16068564554931836	11	7	15	6	11	ENSG00000109111	0.9869593983399955	False
0.0013436312302893497	0.8756218905472637	0.17049057777713786	0.18363380641861657	9	7	13	4	9	ENSG00000111647	0.9869593983399955	False
0.0008672621664509823	0.8756218905472637	0.17251373293164687	0.10484523044388692	7	7	10	3	6	ENSG00000111906	0.9869593983399955	False
0.0011995778031278403	0.8756218905472637	0.19639517028295417	0.28731552594070486	5	7	18	6	12	ENSG00000114648	0.9869593983399955	False
0.002615210347065971	0.8756218905472637	0.18389547406190349	0.17347654774113455	10	7	14	5	8	ENSG00000115762	0.9869593983399955	False
0.0001896893043407373	0.8756218905472637	0.04183286076841937	0.06440118479778537	6	5	11	3	6	ENSG00000115828	0.9869593983399955	False
0.000591860515213606	0.8756218905472637	0.1346661333803001	0.10927643784786642	11	7	19	8	15	ENSG00000116747	0.9869593983399955	False
0.0026507920225467708	0.8756218905472637	0.28106354568681813	0.2408050097390444	5	7	18	6	13	ENSG00000117475	0.9869593983399955	False
0.0018215591901108753	0.8756218905472637	0.27254559166891623	0.23872495997084558	6	7	14	4	10	ENSG00000117697	0.9869593983399955	False
0.00021204274976852435	0.8756218905472637	0.061642362455370636	0.131611446850294	9	4	5	3	5	ENSG00000125247	0.9869593983399955	False
0.0015970228263584001	0.8756218905472637	0.1323656363130047	0.14062499999999997	9	4	5	3	3	ENSG00000132589	0.9869593983399955	False
2.8387802320739154e-05	0.8756218905472637	0.05846467261858276	0.02259139344257513	15	7	19	8	16	ENSG00000135624	0.9869593983399955	False
0.0014805042253313943	0.8756218905472637	0.13832547828573857	0.1004865854202937	3	7	18	6	12	ENSG00000136522	0.9869593983399955	False
0.0002638438479183122	0.8756218905472637	0.12451765851288349	0.10573797037550496	29	7	19	10	15	ENSG00000137497	0.9869593983399955	False
0.0032677735509199692	0.8756218905472637	0.3316907543355022	0.25117570765224795	14	7	10	4	8	ENSG00000138081	0.9869593983399955	False
0.0011872248514323191	0.8756218905472637	0.34739304969880225	0.3199168112494223	11	7	13	4	9	ENSG00000138185	0.9869593983399955	False
0.00010457504685762048	0.8756218905472637	0.04285714285714284	0.01492537313432838	2	5	6	3	4	ENSG00000139055	0.9869593983399955	False
0.001150262070870648	0.8756218905472637	0.2005561971091711	0.2788183949797373	7	7	17	6	11	ENSG00000139192	0.9869593983399955	False
0.0020980632788680674	0.8756218905472637	0.20116458940935475	0.1877863474156786	7	7	14	3	8	ENSG00000141428	0.9869593983399955	False
0.00019567412805708814	0.8756218905472637	0.07262263875530774	0.08838041853654165	13	7	19	10	17	ENSG00000142546	0.9869593983399955	False
0.00970352762021076	0.8756218905472637	0.39630368257400483	0.4132372119982612	24	6	10	3	6	ENSG00000148337	0.9869593983399955	False
0.00047029813683410586	0.8756218905472637	0.3380326005659182	0.19755665024630545	14	7	13	4	9	ENSG00000148634	0.9869593983399955	False
0.000720420653169717	0.8756218905472637	0.0939017245580529	0.1279105547881448	18	7	19	13	18	ENSG00000149925	0.9869593983399955	False
0.0012203664923110319	0.8756218905472637	0.11871681790880059	0.08015748143612814	5	7	9	4	7	ENSG00000152242	0.9869593983399955	False
0.001189845559336854	0.8756218905472637	0.17852685015243025	0.1668551699505923	5	3	4	3	3	ENSG00000153046	0.9869593983399955	False
0.00014094922033079278	0.8756218905472637	0.11674950232817995	0.039031781295606055	7	7	17	6	12	ENSG00000156504	0.9869593983399955	False
0.005209840120724378	0.8756218905472637	0.36677307144871407	0.38073355019707056	10	7	10	4	6	ENSG00000171953	0.9869593983399955	False
0.0003498176376173021	0.8756218905472637	0.13057983995995334	0.08208739617190322	17	7	15	3	9	ENSG00000175224	0.9869593983399955	False
0.003751082109870148	0.8756218905472637	0.2923020260552748	0.2851697851697852	24	7	13	4	7	ENSG00000214021	0.9869593983399955	False
0.000521931114099384	0.8756218905472637	0.1954022988505747	0.05714285714285715	4	6	7	3	5	ENSG00000214050	0.9869593983399955	False
0.0012688534962391309	0.8756218905472637	0.14789306654858397	0.12585415310050363	5	7	10	4	9	ENSG00000229989	0.9869593983399955	False
2.3326211914952833e-05	0.8756218905472637	0.016666666666666635	0.019267822736030803	3	7	16	4	11	ENSG00000249637	0.9869593983399955	False
9.000542193251355e-05	0.8756218905472637	0.04000719001694806	0.03654743762234816	2	7	18	6	13	ENSG00000278845	0.9869593983399955	False
0.00010961780827868322	0.8805970149253731	0.009679724174156794	0.02513215706495786	10	7	17	7	12	ENSG00000042493	0.9869593983399955	False
5.061794409626081e-05	0.8805970149253731	0.048938473477147894	0.01849648251025936	4	7	13	5	9	ENSG00000070770	0.9869593983399955	False
0.0014885992487041126	0.8805970149253731	0.19865147011243223	0.16492542365232302	13	4	5	3	4	ENSG00000074582	0.9869593983399955	False
0.0016851017622732333	0.8805970149253731	0.1912503767692595	0.2472100608784186	12	7	18	7	13	ENSG00000085063	0.9869593983399955	False
0.0009133409425670006	0.8805970149253731	0.1488330180549833	0.20218726049682756	20	7	19	10	17	ENSG00000086666	0.9869593983399955	False
0.005521831132664765	0.8805970149253731	0.3637852136202961	0.49960474308300395	19	3	5	3	4	ENSG00000087266	0.9869593983399955	False
0.0023812152024018157	0.8805970149253731	0.1772104969315444	0.16115298715801232	9	2	4	4	4	ENSG00000100266	0.9869593983399955	False
0.005353252436637	0.8805970149253731	0.1357421439434395	0.22241195120270177	4	7	15	4	9	ENSG00000100726	0.9869593983399955	False
4.584385892268844e-05	0.8805970149253731	0.11330735755187753	0.09708950101359572	12	7	15	7	12	ENSG00000108669	0.9869593983399955	False
0.0006971280273496503	0.8805970149253731	0.0997757191056214	0.16568322981366457	3	7	14	3	9	ENSG00000111602	0.9869593983399955	False
0.00028987079520714434	0.8805970149253731	0.11657439126824053	0.05537337746793955	8	7	18	7	13	ENSG00000111716	0.9869593983399955	False
3.43126795495285e-05	0.8805970149253731	0.33342165640255994	0.050941862688850585	3	3	4	3	4	ENSG00000114999	0.9869593983399955	False
0.0002365997221308961	0.8805970149253731	0.055675022753058585	0.05488478189451274	3	7	16	6	9	ENSG00000116954	0.9869593983399955	False
0.0012819019894381657	0.8805970149253731	0.19580461081783165	0.11365039089288163	3	7	11	4	6	ENSG00000117408	0.9869593983399955	False
4.2469566480784064e-05	0.8805970149253731	0.07488807221725925	0.04861635790343219	2	7	12	5	8	ENSG00000128590	0.9869593983399955	False
0.0008740431867228316	0.8805970149253731	0.17388905155619505	0.15667359965574118	11	7	11	4	7	ENSG00000135473	0.9869593983399955	False
0.00446044415780659	0.8805970149253731	0.37486932836408055	0.13531723750701852	4	6	5	3	4	ENSG00000136319	0.9869593983399955	False
0.006106225173732789	0.8805970149253731	0.32846388824052103	0.32096880952059326	23	7	11	3	7	ENSG00000153827	0.9869593983399955	False
0.0022882615676880227	0.8805970149253731	0.23255648342403715	0.1617881374399356	21	7	17	7	14	ENSG00000161526	0.9869593983399955	False
0.001248812387032346	0.8805970149253731	0.13703497278006327	0.19759769110091854	11	7	19	7	15	ENSG00000164466	0.9869593983399955	False
1.0206060613019932e-05	0.8805970149253731	0.017846838963929752	0.00850414747573524	3	7	18	9	16	ENSG00000164758	0.9869593983399955	False
0.0017117894977483213	0.8805970149253731	0.1693997186519322	0.26494396014943966	3	7	14	4	9	ENSG00000166130	0.9869593983399955	False
0.00042588024954070457	0.8805970149253731	0.12412739598568481	0.0693031407261899	5	7	19	10	17	ENSG00000167113	0.9869593983399955	False
0.0026492770808739965	0.8805970149253731	0.23576119887233712	0.19999224986437256	10	6	9	4	6	ENSG00000167220	0.9869593983399955	False
0.003518605639815624	0.8805970149253731	0.22722353495773742	0.2903934288453205	6	6	11	4	6	ENSG00000168237	0.9869593983399955	False
0.003272264259713062	0.8805970149253731	0.06914142759833969	0.16322786557547564	6	7	19	10	16	ENSG00000171202	0.9869593983399955	False
0.0015303468625529866	0.8805970149253731	0.22063578814068355	0.25518080916577157	38	7	18	8	14	ENSG00000172053	0.9869593983399955	False
0.002541934523922096	0.8805970149253731	0.1329021707834254	0.2670574271567175	10	7	18	6	12	ENSG00000172366	0.9869593983399955	False
0.0006988606583229366	0.8805970149253731	0.14480529005083997	0.14643106608676285	19	7	19	9	15	ENSG00000172775	0.9869593983399955	False
0.0011786737652159356	0.8805970149253731	0.15783941841803606	0.14206494703957	23	7	18	8	15	ENSG00000175203	0.9869593983399955	False
0.0016736902704610572	0.8805970149253731	0.14610775048223748	0.09536681624047141	8	3	4	3	4	ENSG00000179523	0.9869593983399955	False
0.0003085359369599067	0.8805970149253731	0.09305361680026093	0.07426851657779776	5	7	16	4	12	ENSG00000181026	0.9869593983399955	False
0.002856579900334874	0.8805970149253731	0.19474104883954152	0.12060606060606059	4	5	10	3	7	ENSG00000183087	0.9869593983399955	False
9.19175217523398e-06	0.8805970149253731	0.02943452301177106	0.02351828499369482	4	2	4	4	4	ENSG00000186056	0.9869593983399955	False
3.536543558792992e-05	0.8805970149253731	0.011151529994813543	0.007241683184005447	2	3	4	3	4	ENSG00000188033	0.9869593983399955	False
0.0005149878676414058	0.8805970149253731	0.13180798862499593	0.11866951390674225	12	4	4	3	4	ENSG00000189223	0.9869593983399955	False
5.754977525466237e-07	0.8805970149253731	0.0046449396128307105	0.002343292325717625	3	7	18	8	14	ENSG00000196636	0.9869593983399955	False
0.0002528366882978305	0.8805970149253731	0.06251749012060351	0.03997219764943766	4	7	13	4	9	ENSG00000203950	0.9869593983399955	False
0.0021429710395537943	0.8805970149253731	0.18308300884718548	0.15521054638557497	8	7	15	4	11	ENSG00000213347	0.9869593983399955	False
0.0018101842816751568	0.8855721393034826	0.3356248933605056	0.29203068122724907	11	7	11	3	7	ENSG00000007541	0.9869593983399955	False
0.0035897022683733216	0.8855721393034826	0.2270900643735353	0.2651709780297661	12	7	10	3	7	ENSG00000015568	0.9869593983399955	False
0.00015840613392762711	0.8855721393034826	0.3583779542760684	0.15131868131868131	3	7	11	5	7	ENSG00000064393	0.9869593983399955	False
0.0016445575555279102	0.8855721393034826	0.3362441305012809	0.2977429467084639	18	7	11	4	8	ENSG00000065883	0.9869593983399955	False
0.001054999900603339	0.8855721393034826	0.20221670848826806	0.2165204678362573	8	7	13	4	8	ENSG00000070367	0.9869593983399955	False
3.746787744299343e-05	0.8855721393034826	0.0494935724529036	0.027991187877486473	11	7	19	11	17	ENSG00000074800	0.9869593983399955	False
0.00023816857150218978	0.8855721393034826	0.13443992234165272	0.061491670901744525	15	7	19	13	19	ENSG00000075415	0.9869593983399955	False
0.0010572449015781862	0.8855721393034826	0.13809657819969892	0.14916400646618383	13	7	19	9	16	ENSG00000078618	0.9869593983399955	False
0.010596168603322272	0.8855721393034826	0.2667530285170838	0.2272918962513313	21	7	14	5	9	ENSG00000080822	0.9869593983399955	False
3.464142272722612e-05	0.8855721393034826	0.029381988516168023	0.032778355879292426	2	6	9	3	7	ENSG00000090339	0.9869593983399955	False
0.001272753393830761	0.8855721393034826	0.20542051252002258	0.1616229700275913	7	5	9	3	6	ENSG00000090674	0.9869593983399955	False
0.0029168510329961694	0.8855721393034826	0.0924296943159547	0.11468738438771738	5	5	10	3	6	ENSG00000095303	0.9869593983399955	False
4.717941307834675e-11	0.8855721393034826	1.478240302743593e-05	2.174291181076725e-05	2	7	19	13	17	ENSG00000099795	0.9869593983399955	False
0.00040042485676755005	0.8855721393034826	0.12024067663163238	0.04937191770902409	10	7	16	4	11	ENSG00000100564	0.9869593983399955	False
0.002384744624204911	0.8855721393034826	0.3499116108542338	0.39402059688944935	20	7	13	4	8	ENSG00000100813	0.9869593983399955	False
0.005889049443234999	0.8855721393034826	0.213290840682027	0.1986676306548234	22	7	13	4	8	ENSG00000102901	0.9869593983399955	False
0.002753369301934937	0.8855721393034826	0.11554572596548736	0.19875391256119032	10	7	19	11	17	ENSG00000106211	0.9869593983399955	False
4.334420968662783e-05	0.8855721393034826	0.013606991431917776	0.022255975742755604	3	7	19	9	16	ENSG00000108344	0.9869593983399955	False
0.0002651817049727958	0.8855721393034826	0.14557163642544416	0.04357542772249666	14	7	10	4	9	ENSG00000112531	0.9869593983399955	False
0.009854459945944027	0.8855721393034826	0.22819479744249196	0.23447635654649546	12	7	14	5	9	ENSG00000114026	0.9869593983399955	False
0.0010701278910677803	0.8855721393034826	0.13920500551060663	0.11446133663418709	16	7	18	6	15	ENSG00000115204	0.9869593983399955	False
1.1652848221637803e-06	0.8855721393034826	0.008765800647784884	0.006635729619153709	6	7	19	9	16	ENSG00000121691	0.9869593983399955	False
3.1908513017473944e-06	0.8855721393034826	0.014660727512035825	0.008650400868113426	10	7	19	13	19	ENSG00000122406	0.9869593983399955	False
0.0017072983973225803	0.8855721393034826	0.19207643745351693	0.2036273100555533	7	7	16	5	13	ENSG00000124782	0.9869593983399955	False
0.0015073005398583029	0.8855721393034826	0.18461171378589106	0.24076053280858623	17	7	19	9	16	ENSG00000130175	0.9869593983399955	False
0.00010776276448180798	0.8855721393034826	0.10937335466394649	0.037643424845879646	12	7	19	9	16	ENSG00000131504	0.9869593983399955	False
0.003154341009819224	0.8855721393034826	0.1269757388232616	0.1969910724741124	12	7	18	5	13	ENSG00000134330	0.9869593983399955	False
0.0005742245944048908	0.8855721393034826	0.2318105965492288	0.11467673604039494	15	7	16	6	12	ENSG00000140992	0.9869593983399955	False
0.005241781023815312	0.8855721393034826	0.2915616122749255	0.310392056154768	26	7	8	3	6	ENSG00000141556	0.9869593983399955	False
0.0011870613957215967	0.8855721393034826	0.12121059719288652	0.0746708223827573	6	7	12	4	8	ENSG00000144659	0.9869593983399955	False
1.9184241829661146e-05	0.8855721393034826	0.04177803089659788	0.016022196559890147	14	7	19	13	17	ENSG00000147684	0.9869593983399955	False
0.0006547279318383204	0.8855721393034826	0.09271610410336345	0.06921701321925733	5	6	10	3	6	ENSG00000153814	0.9869593983399955	False
2.919688325908569e-06	0.8855721393034826	0.04165860723708873	0.010652854955953571	22	7	19	13	19	ENSG00000156508	0.9869593983399955	False
2.586818643106488e-05	0.8855721393034826	0.03596113870086468	0.02286074059216175	6	7	15	6	10	ENSG00000157978	0.9869593983399955	False
6.85943182096064e-06	0.8855721393034826	0.018717779246530068	0.016632016632016633	3	7	17	5	11	ENSG00000160445	0.9869593983399955	False
0.0003231969730900651	0.8855721393034826	0.09263622557966701	0.12369283357538513	7	7	18	9	14	ENSG00000163320	0.9869593983399955	False
0.0004721705548758018	0.8855721393034826	0.22116950900058369	0.25857648104417075	39	7	17	6	10	ENSG00000164733	0.9869593983399955	False
8.234256635826593e-05	0.8855721393034826	0.04206849238310153	0.029894179894179865	3	7	11	5	9	ENSG00000164916	0.9869593983399955	False
0.0037849582114569246	0.8855721393034826	0.2741596119479059	0.2605827565581475	25	5	8	3	5	ENSG00000167548	0.9869593983399955	False
5.788991830476313e-06	0.8855721393034826	0.011111111111111092	0.0027173913043478043	2	4	6	3	4	ENSG00000167987	0.9869593983399955	False
3.6482806583258355e-05	0.8855721393034826	0.06979744849409475	0.041544985016791255	8	7	19	10	17	ENSG00000169813	0.9869593983399955	False
3.748455907882841e-09	0.8855721393034826	0.01279836104502114	0.010164170885715293	3	7	14	5	11	ENSG00000169877	0.9869593983399955	False
0.0008892916151902204	0.8855721393034826	0.2287050253567876	0.11774793840764794	8	7	10	3	7	ENSG00000169919	0.9869593983399955	False
0.009152326533898383	0.8855721393034826	0.20839918618265543	0.2793254497290372	9	6	11	4	8	ENSG00000170142	0.9869593983399955	False
9.174559106784115e-05	0.8855721393034826	0.04250569272161978	0.04241060959504327	5	7	18	6	13	ENSG00000172939	0.9869593983399955	False
0.0004714869913532902	0.8855721393034826	0.06317066815978728	0.06133414231300771	3	7	15	4	10	ENSG00000176208	0.9869593983399955	False
0.00035431559859473016	0.8855721393034826	0.10250894104574507	0.049431706839114256	6	7	18	7	15	ENSG00000180304	0.9869593983399955	False
0.0004540424313535568	0.8855721393034826	0.05894744255119337	0.05765545424816422	3	7	19	11	17	ENSG00000180573	0.9869593983399955	False
0.00013007403653021642	0.8855721393034826	0.06817153043924915	0.03907278844097001	11	7	18	7	15	ENSG00000187735	0.9869593983399955	False
0.0012902907243294904	0.8855721393034826	0.14469417628283046	0.22497881298012515	3	6	9	3	5	ENSG00000203760	0.9869593983399955	False
0.0009256890533276465	0.8855721393034826	0.11389246162231242	0.08278700473622905	10	7	18	10	15	ENSG00000204316	0.9869593983399955	False
0.0002360963053970582	0.8855721393034826	0.1839751564924868	0.075565361279647	11	7	12	5	11	ENSG00000251022	0.9869593983399955	False
0.0006095502737308264	0.8855721393034826	0.17388309092001145	0.11690714327009637	5	4	5	3	3	ENSG00000254986	0.9869593983399955	False
8.255644307034274e-06	0.8855721393034826	0.006747638326585672	0.011933174224343687	2	4	4	3	4	ENSG00000255031	0.9869593983399955	False
0.0021450688390420663	0.8855721393034826	0.269242875303504	0.35241060846620004	10	7	16	6	11	ENSG00000269858	0.9869593983399955	False
0.0033751762299731244	0.8905472636815921	0.3050265274797162	0.3326119309725867	13	6	6	3	5	ENSG00000007341	0.9869593983399955	False
0.001087501494215816	0.8905472636815921	0.11225395329489923	0.11315739709621161	6	7	14	5	10	ENSG00000009780	0.9869593983399955	False
0.00022676979294532223	0.8905472636815921	0.10438914607805393	0.1827956989247312	14	4	5	3	4	ENSG00000015171	0.9869593983399955	False
0.0013483176486349811	0.8905472636815921	0.23493974205217558	0.18833546776847146	28	7	18	7	16	ENSG00000049618	0.9869593983399955	False
0.001385313418110876	0.8905472636815921	0.21330712239983865	0.17720279720279725	18	7	18	5	13	ENSG00000065150	0.9869593983399955	False
0.0012285940259913278	0.8905472636815921	0.2772484055950371	0.11139737455526931	7	6	12	4	7	ENSG00000072042	0.9869593983399955	False
0.0008326218140428039	0.8905472636815921	0.24063325081567544	0.20046874427802397	6	7	13	3	8	ENSG00000072694	0.9869593983399955	False
0.00023127556415026472	0.8905472636815921	0.07004116733884097	0.07224133186571272	13	7	16	7	12	ENSG00000102858	0.9869593983399955	False
0.015184569073750336	0.8905472636815921	0.29916479046698946	0.3611098689273887	7	5	8	3	4	ENSG00000104691	0.9869593983399955	False
0.001087854329342094	0.8905472636815921	0.1544515196293964	0.1316770977367004	13	7	16	7	11	ENSG00000105856	0.9869593983399955	False
0.0002011483675930539	0.8905472636815921	0.12974265560960327	0.1676708144495896	8	7	14	6	12	ENSG00000106948	0.9869593983399955	False
0.0006111065282553125	0.8905472636815921	0.13697473044246877	0.09291277258566978	4	7	18	6	12	ENSG00000110665	0.9869593983399955	False
0.0007031769109534908	0.8905472636815921	0.12511617025262967	0.08144262615475353	8	6	10	4	8	ENSG00000113569	0.9869593983399955	False
0.0005224243308562984	0.8905472636815921	0.1531382564964665	0.1273014654316407	14	7	13	5	10	ENSG00000116497	0.9869593983399955	False
0.00012471691351098824	0.8905472636815921	0.18116256276260634	0.1934376615350497	3	4	9	4	5	ENSG00000124882	0.9869593983399955	False
1.448794243141494e-05	0.8905472636815921	0.03033139524297629	0.01972181589550129	2	7	14	4	8	ENSG00000125384	0.9869593983399955	False
0.0016261787819705539	0.8905472636815921	0.15379159253111419	0.1411143678272615	27	7	18	7	13	ENSG00000130640	0.9869593983399955	False
0.0007614550795780788	0.8905472636815921	0.16594796192301536	0.08942151851390104	3	6	11	3	7	ENSG00000134597	0.9869593983399955	False
0.0024309112330817327	0.8905472636815921	0.11675178770754775	0.14648771297414273	9	7	16	4	11	ENSG00000134697	0.9869593983399955	False
0.017067546164455348	0.8905472636815921	0.3299773173322746	0.3729221716234704	11	7	18	4	13	ENSG00000136271	0.9869593983399955	False
0.0009299416981177923	0.8905472636815921	0.15992414852078116	0.1136871606235768	9	7	18	7	12	ENSG00000138430	0.9869593983399955	False
0.0008878254088226162	0.8905472636815921	0.13652441224107695	0.12028934575060034	8	7	13	4	9	ENSG00000139372	0.9869593983399955	False
0.008617500433563272	0.8905472636815921	0.22518000141606057	0.2209203062179876	14	4	6	3	5	ENSG00000142002	0.9869593983399955	False
2.578287327871244e-06	0.8905472636815921	0.008110293105820867	0.015892420537897328	4	7	17	4	9	ENSG00000143545	0.9869593983399955	False
3.855384018442296e-05	0.8905472636815921	0.07168381475479123	0.058718214041962986	16	7	18	7	13	ENSG00000145725	0.9869593983399955	False
0.000205452083906027	0.8905472636815921	0.061815498502547736	0.04566288623748961	3	7	18	7	14	ENSG00000146007	0.9869593983399955	False
2.4383198671477917e-05	0.8905472636815921	0.016460905349794254	0.017241379310344845	2	4	5	3	4	ENSG00000147592	0.9869593983399955	False
0.007715693772556177	0.8905472636815921	0.19787058550935055	0.4495670995670996	8	3	5	3	4	ENSG00000160408	0.9869593983399955	False
0.0003277807207768659	0.8905472636815921	0.05938360401074706	0.09325892445129366	10	7	19	13	19	ENSG00000163041	0.9869593983399955	False
5.8824778372308276e-05	0.8905472636815921	0.05394760614272817	0.035060129509713246	4	6	9	3	7	ENSG00000165934	0.9869593983399955	False
0.0006044638736641342	0.8905472636815921	0.1775718339892332	0.08243453556832869	9	5	8	3	6	ENSG00000165949	0.9869593983399955	False
0.0014876943175309784	0.8905472636815921	0.14582417555310592	0.17887159913822123	14	7	19	9	17	ENSG00000166226	0.9869593983399955	False
0.0014786672730666577	0.8905472636815921	0.11265372390637336	0.10837553110994705	9	5	9	3	7	ENSG00000166734	0.9869593983399955	False
4.897044776510611e-06	0.8905472636815921	0.010703584200356704	0.006938077083332057	4	7	18	9	14	ENSG00000167862	0.9869593983399955	False
0.0014263655025551364	0.8905472636815921	0.21266805744882653	0.15560549027465687	30	7	17	9	14	ENSG00000168610	0.9869593983399955	False
0.001678387666276949	0.8905472636815921	0.20828616852913362	0.23142593447161974	13	6	9	3	7	ENSG00000183054	0.9869593983399955	False
0.0020079663947034456	0.8905472636815921	0.20319252919749126	0.19589284301560228	56	7	17	8	13	ENSG00000185624	0.9869593983399955	False
0.00035247062273920836	0.8905472636815921	0.046879052712020544	0.040241167970501764	5	3	3	3	3	ENSG00000188917	0.9869593983399955	False
0.0002476103785955686	0.8905472636815921	0.11670129808699413	0.07671960426972145	4	7	11	3	6	ENSG00000196502	0.9869593983399955	False
7.293111890029129e-05	0.8905472636815921	0.09160866136854501	0.08168028004667446	3	6	11	3	5	ENSG00000204323	0.9869593983399955	False
0.00032111337774871776	0.8955223880597015	0.09823169996796997	0.11578726254953392	7	7	10	4	6	ENSG00000059122	0.9870166577011096	False
0.0003817351609472036	0.8955223880597015	0.08816755952460598	0.13572095055013	6	7	19	8	15	ENSG00000067082	0.9870166577011096	False
0.003379980991501632	0.8955223880597015	0.17148107000736487	0.2481812643536187	21	7	19	8	16	ENSG00000076944	0.9870166577011096	False
1.1398957373098072e-05	0.8955223880597015	0.025409133745898524	0.012275346825037626	7	7	19	11	16	ENSG00000106399	0.9870166577011096	False
0.0020010106550373587	0.8955223880597015	0.1243040159694869	0.18796005438604718	5	3	4	3	3	ENSG00000108854	0.9870166577011096	False
0.0004822867017649957	0.8955223880597015	0.0959296417377325	0.05014418205907568	6	6	10	4	6	ENSG00000109917	0.9870166577011096	False
0.0008400549398591119	0.8955223880597015	0.20766434241342205	0.17178328290168116	28	7	19	8	15	ENSG00000110321	0.9870166577011096	False
0.0005052684124843814	0.8955223880597015	0.08512793319145151	0.07823707743054895	5	7	16	6	10	ENSG00000119203	0.9870166577011096	False
0.0006134657334080857	0.8955223880597015	0.09784213950785163	0.09200007761329587	12	7	19	10	17	ENSG00000119707	0.9870166577011096	False
0.0001039766371324065	0.8955223880597015	0.051800862550013725	0.0763921212465232	3	4	5	3	4	ENSG00000120437	0.9870166577011096	False
2.4013149063386296e-06	0.8955223880597015	0.009663267830562292	0.006891271056661532	4	7	19	8	16	ENSG00000121851	0.9870166577011096	False
3.1033631181732307e-05	0.8955223880597015	0.031166907310931313	0.02106201160718367	3	6	10	5	6	ENSG00000122223	0.9870166577011096	False
0.003020330333208787	0.8955223880597015	0.3557272303660347	0.32043411280494816	16	7	16	4	10	ENSG00000126653	0.9870166577011096	False
0.0004783869635919082	0.8955223880597015	0.09828629032258068	0.06224066390041494	4	6	7	3	5	ENSG00000130150	0.9870166577011096	False
0.002443244447150676	0.8955223880597015	0.2421013602922858	0.17955212710839905	12	7	17	5	11	ENSG00000131828	0.9870166577011096	False
0.001575061008635671	0.8955223880597015	0.11173361522198728	0.10518061864590098	5	4	4	3	4	ENSG00000135272	0.9870166577011096	False
0.0005312825919602796	0.8955223880597015	0.14193069874386927	0.17743269631168912	9	7	16	5	10	ENSG00000137309	0.9870166577011096	False
0.0006573346632020359	0.8955223880597015	0.1374926846010549	0.16922603900854505	14	7	19	12	17	ENSG00000139218	0.9870166577011096	False
0.000597525943547287	0.8955223880597015	0.07291146182716059	0.05359022918912768	7	7	16	5	12	ENSG00000139645	0.9870166577011096	False
0.002260302878336107	0.8955223880597015	0.1899154833727974	0.2089491092721086	7	7	15	5	9	ENSG00000139719	0.9870166577011096	False
0.009302814240049754	0.8955223880597015	0.4067587209236201	0.34123931623931625	8	5	6	3	3	ENSG00000141503	0.9870166577011096	False
0.002381756141760867	0.8955223880597015	0.24434880539949935	0.25868053828786264	8	5	6	3	5	ENSG00000146828	0.9870166577011096	False
5.5518500098820346e-05	0.8955223880597015	0.10721570031730876	0.08201216112506804	3	7	16	5	10	ENSG00000148175	0.9870166577011096	False
0.0013536518464777054	0.8955223880597015	0.16233318835165686	0.11740121580547117	7	7	16	4	13	ENSG00000155438	0.9870166577011096	False
4.962646161864918e-05	0.8955223880597015	0.1294719301180317	0.06200484731807522	9	7	19	8	17	ENSG00000163541	0.9870166577011096	False
0.001776493725080833	0.8955223880597015	0.14788644376692894	0.18359282849728709	5	7	12	3	8	ENSG00000166619	0.9870166577011096	False
8.394001811322445e-05	0.8955223880597015	0.0534183911737174	0.035242356995086876	9	7	15	6	12	ENSG00000168538	0.9870166577011096	False
0.010149375306837752	0.8955223880597015	0.28233940079528314	0.33031798245614036	10	6	8	3	5	ENSG00000180957	0.9870166577011096	False
0.009290685680343991	0.8955223880597015	0.3692116825579945	0.34333515184579017	18	5	6	3	4	ENSG00000182199	0.9870166577011096	False
0.003998422615595506	0.8955223880597015	0.21628638984807172	0.2003511238339734	10	7	13	4	8	ENSG00000182957	0.9870166577011096	False
0.0017724160822823482	0.8955223880597015	0.20626773889283417	0.13978352134051097	11	7	18	8	15	ENSG00000197894	0.9870166577011096	False
0.00397055005772936	0.8955223880597015	0.2487157627822589	0.26060804899387574	9	6	8	3	5	ENSG00000198301	0.9870166577011096	False
3.767932510720176e-07	0.8955223880597015	0.0025893149786955162	0.0016813787305590636	3	7	19	8	15	ENSG00000250317	0.9870166577011096	False
0.00012307056777891668	0.8955223880597015	0.09878964015674421	0.06322795341098172	3	7	13	4	7	ENSG00000254635	0.9870166577011096	False
0.0003035547633526972	0.8955223880597015	0.09912595937826753	0.08668710494543212	5	7	16	5	10	ENSG00000264920	0.9870166577011096	False
0.0013870262399910322	0.8955223880597015	0.1268482756318387	0.1580172240557456	7	7	15	5	9	ENSG00000267121	0.9870166577011096	False
1.9434306682696783e-05	0.900497512437811	0.10401231939447347	0.03119473267949317	9	7	19	10	16	ENSG00000011600	0.98752325592823	False
0.0003182717773704429	0.900497512437811	0.29299764006575396	0.4284640444891734	5	7	15	5	12	ENSG00000023892	0.98752325592823	False
0.0022678065393515884	0.900497512437811	0.2369371858663277	0.24273879504923482	10	6	11	3	8	ENSG00000032219	0.98752325592823	False
0.0017742737871347526	0.900497512437811	0.12224447974350515	0.14596170209181056	10	7	18	6	12	ENSG00000068120	0.98752325592823	False
5.619486232494809e-05	0.900497512437811	0.0590812030855425	0.029237789420314384	6	7	18	7	14	ENSG00000100380	0.98752325592823	False
0.00030373106900959395	0.900497512437811	0.12139654191842628	0.1580777022572254	7	7	14	4	9	ENSG00000100605	0.98752325592823	False
0.0003302921406735661	0.900497512437811	0.1495171752911691	0.12600502512562814	4	7	9	3	6	ENSG00000101888	0.98752325592823	False
0.002814777139087344	0.900497512437811	0.15486032031862174	0.15829850405389972	10	7	16	6	11	ENSG00000102316	0.98752325592823	False
0.0006347885348683385	0.900497512437811	0.13618557145147453	0.06215088498553066	11	7	11	4	7	ENSG00000103544	0.98752325592823	False
3.574317233236201e-05	0.900497512437811	0.017326620092916818	0.008744566993606583	3	7	17	7	13	ENSG00000109220	0.98752325592823	False
0.0015408141028227912	0.900497512437811	0.10600883089089815	0.13152625152625153	6	3	5	3	4	ENSG00000115364	0.98752325592823	False
0.0008419586450556028	0.900497512437811	0.09593323227024465	0.06157976905563799	11	7	18	8	15	ENSG00000121022	0.98752325592823	False
0.0014734706688935885	0.900497512437811	0.20397307439474738	0.15119008625395786	3	6	6	3	4	ENSG00000125449	0.98752325592823	False
1.9103777257262184e-05	0.900497512437811	0.035713680590402044	0.012367399446943246	9	7	19	9	18	ENSG00000137106	0.98752325592823	False
0.00035564558062815474	0.900497512437811	0.10367582673986116	0.09822158285380701	3	6	10	3	8	ENSG00000147874	0.98752325592823	False
0.0005379158287229216	0.900497512437811	0.12539452359502795	0.12842833336752266	9	7	17	6	13	ENSG00000158201	0.98752325592823	False
0.0033816334170734775	0.900497512437811	0.18925774415747182	0.22912548667265653	5	6	11	4	8	ENSG00000158604	0.98752325592823	False
0.0036131602827380906	0.900497512437811	0.17417885685708737	0.19234175437243653	12	7	19	10	16	ENSG00000163636	0.98752325592823	False
0.0026354038900086594	0.900497512437811	0.2091828178349605	0.19571025988936436	12	7	15	6	10	ENSG00000164830	0.98752325592823	False
0.00020888441348796696	0.900497512437811	0.07935873235614045	0.05503514903149798	14	7	18	8	16	ENSG00000168522	0.98752325592823	False
0.002398340969704711	0.900497512437811	0.31197042993442586	0.3519862490450726	18	7	13	3	8	ENSG00000170004	0.98752325592823	False
4.394404410446265e-05	0.900497512437811	0.11085462306530385	0.05216102897758013	7	7	16	6	12	ENSG00000173762	0.98752325592823	False
5.372336102229833e-05	0.900497512437811	0.17539686668884855	0.053228186711182526	5	7	17	6	13	ENSG00000176853	0.98752325592823	False
1.1419902766092747e-06	0.900497512437811	0.00529100529100528	0.0024038461538461622	3	7	17	6	11	ENSG00000184117	0.98752325592823	False
8.911541452831728e-06	0.900497512437811	0.03523398728807814	0.04507330788942537	9	7	19	13	19	ENSG00000188846	0.98752325592823	False
0.0014909038206689026	0.900497512437811	0.18582539166263343	0.1657725231664452	2	7	15	6	9	ENSG00000197696	0.98752325592823	False
0.0011268472952732339	0.900497512437811	0.1780050101979154	0.16380197711537522	7	7	16	6	11	ENSG00000204261	0.98752325592823	False
0.003666177018597206	0.900497512437811	0.26182902337453745	0.17494051643436653	22	7	17	6	11	ENSG00000205531	0.98752325592823	False
0.0018365453277841423	0.900497512437811	0.20352544718763105	0.17820012995451592	11	3	4	3	4	ENSG00000231889	0.98752325592823	False
1.388420862695481e-05	0.900497512437811	0.014608431973885696	0.009809596562767864	4	7	18	9	15	ENSG00000233927	0.98752325592823	False
0.00041066802962284714	0.900497512437811	0.3279732006047876	0.24514991181657853	4	5	5	3	3	ENSG00000240849	0.98752325592823	False
0.014992618113765194	0.900497512437811	0.25598530302432493	0.23084366583833152	6	7	10	4	6	ENSG00000248019	0.98752325592823	False
0.001555891094171966	0.900497512437811	0.1545423045746997	0.12739069795646113	5	7	16	5	13	ENSG00000291073	0.98752325592823	False
0.0002695618393655757	0.9054726368159204	0.09383292310252883	0.09796575973046565	22	7	19	11	18	ENSG00000003756	0.9884731538194671	False
0.00248344230180922	0.9054726368159204	0.1739556007530132	0.1263921263921264	12	7	15	4	11	ENSG00000065882	0.9884731538194671	False
0.0016288415245790434	0.9054726368159204	0.25575408061081484	0.18313248226762568	16	7	11	5	10	ENSG00000078747	0.9884731538194671	False
0.00021074510439836246	0.9054726368159204	0.03905886061250659	0.034867813387706725	4	5	5	3	5	ENSG00000081913	0.9884731538194671	False
0.0042881750182636735	0.9054726368159204	0.3387261832370527	0.30503246753246754	9	3	5	3	4	ENSG00000112078	0.9884731538194671	False
0.00019364426827511277	0.9054726368159204	0.051733019189196545	0.050274725274725304	7	5	6	4	5	ENSG00000113369	0.9884731538194671	False
0.0011510081246136812	0.9054726368159204	0.1983503728290838	0.1936486500146791	20	7	19	9	17	ENSG00000113648	0.9884731538194671	False
0.00046893671450928885	0.9054726368159204	0.15646329378269525	0.1873520712439694	5	7	19	9	16	ENSG00000116918	0.9884731538194671	False
0.0004550864488027846	0.9054726368159204	0.16779351865609482	0.18943588711030568	5	5	7	4	5	ENSG00000118960	0.9884731538194671	False
0.00014663592381418758	0.9054726368159204	0.03481369060624035	0.04863299548590411	5	2	4	4	4	ENSG00000119537	0.9884731538194671	False
0.00014863829198863012	0.9054726368159204	0.07228864344576712	0.07772689832330484	4	7	12	5	8	ENSG00000124151	0.9884731538194671	False
3.186854017786871e-08	0.9054726368159204	0.0008890638590449128	0.0007174920891898267	4	7	19	13	19	ENSG00000125534	0.9884731538194671	False
0.0012244513509068818	0.9054726368159204	0.21254093824906922	0.24041249576669674	16	7	17	6	12	ENSG00000125952	0.9884731538194671	False
0.003034217796291423	0.9054726368159204	0.16328247118320885	0.26279061198924136	7	5	6	3	4	ENSG00000130559	0.9884731538194671	False
0.000802202909632951	0.9054726368159204	0.15622346593979972	0.11691902162740614	9	7	15	4	9	ENSG00000135913	0.9884731538194671	False
0.00045402184027930375	0.9054726368159204	0.18390959841233623	0.13799763962497888	10	7	15	4	9	ENSG00000137642	0.9884731538194671	False
0.0009276507385136203	0.9054726368159204	0.22294434667596286	0.23163441258621673	11	7	14	5	12	ENSG00000138964	0.9884731538194671	False
0.0002601388222380349	0.9054726368159204	0.13209029114932885	0.1031812742897264	2	3	4	3	4	ENSG00000139574	0.9884731538194671	False
0.00010894813878377678	0.9054726368159204	0.026263927440158822	0.03480768752641658	2	5	7	3	5	ENSG00000148572	0.9884731538194671	False
3.3885318386513712e-06	0.9054726368159204	0.0223982495207017	0.00840445588432835	9	7	19	13	19	ENSG00000149806	0.9884731538194671	False
0.0009013809503055853	0.9054726368159204	0.10144239133863463	0.1592396743538966	9	7	19	9	17	ENSG00000156467	0.9884731538194671	False
1.869811997948486e-05	0.9054726368159204	0.029145685541678974	0.018710883830535766	7	7	19	9	16	ENSG00000164611	0.9884731538194671	False
4.411285591182711e-07	0.9054726368159204	0.006172839506172859	0.0015948963317384598	3	7	14	4	7	ENSG00000166171	0.9884731538194671	False
2.0541624828048925e-05	0.9054726368159204	0.044363791834170795	0.023996621959941407	4	7	19	13	17	ENSG00000174021	0.9884731538194671	False
0.00040204373558460206	0.9054726368159204	0.08888073640142954	0.06631877014913948	2	7	14	4	9	ENSG00000174132	0.9884731538194671	False
2.2111795017741332e-05	0.9054726368159204	0.07971080909837337	0.022978957527913287	4	7	15	3	9	ENSG00000179750	0.9884731538194671	False
0.0005774793795960108	0.9054726368159204	0.1776747612334253	0.11236118455843469	12	7	17	6	12	ENSG00000205302	0.9884731538194671	False
0.004598904499474609	0.9054726368159204	0.18923789997648244	0.2785126845400392	6	7	17	5	11	ENSG00000214113	0.9884731538194671	False
0.0007605531853585191	0.9054726368159204	0.17561249275087926	0.15862063079150993	16	7	17	5	13	ENSG00000235437	0.9884731538194671	False
0.0023834580537461848	0.9054726368159204	0.2460820595404204	0.2116312741312741	6	6	11	4	6	ENSG00000241258	0.9884731538194671	False
0.0001040282666535051	0.9104477611940298	0.038760077022788865	0.03629618488995835	5	5	8	3	5	ENSG00000005961	0.9885690506021442	False
0.0012129291748584508	0.9104477611940298	0.225642489751176	0.15052073632582108	7	7	18	6	12	ENSG00000060688	0.9885690506021442	False
0.001262222877198961	0.9104477611940298	0.24539167285573424	0.2688002134951402	8	7	15	6	12	ENSG00000066777	0.9885690506021442	False
0.0007419388605573378	0.9104477611940298	0.18904478381508927	0.11956521739130434	6	7	8	3	6	ENSG00000083750	0.9885690506021442	False
7.050625712920098e-07	0.9104477611940298	0.03788104416098244	0.009036771035895157	6	7	19	11	17	ENSG00000090013	0.9885690506021442	False
0.0010679006538221836	0.9104477611940298	0.03660711378362984	0.07332845805148111	2	7	14	4	9	ENSG00000101856	0.9885690506021442	False
0.0009062447662435952	0.9104477611940298	0.15682943623206866	0.1650739640067612	11	7	14	4	10	ENSG00000104388	0.9885690506021442	False
0.000986942314535235	0.9104477611940298	0.14710994425976665	0.09800062348422003	16	7	17	6	12	ENSG00000104613	0.9885690506021442	False
8.534501974560665e-07	0.9104477611940298	0.005676739098505727	0.0025473730690119857	3	7	19	13	18	ENSG00000111775	0.9885690506021442	False
1.962878342047011e-06	0.9104477611940298	0.01785714285714288	0.0043923865300146275	2	7	18	6	11	ENSG00000111875	0.9885690506021442	False
0.0007963111423083798	0.9104477611940298	0.15747116049021054	0.15219747140276946	9	6	7	3	5	ENSG00000113391	0.9885690506021442	False
0.008693431414586823	0.9104477611940298	0.31716482587443534	0.30968235744355144	10	5	9	3	8	ENSG00000114742	0.9885690506021442	False
0.0017247096974023878	0.9104477611940298	0.2374995049358299	0.19712565546708097	6	6	10	3	7	ENSG00000115540	0.9885690506021442	False
0.002350736656409905	0.9104477611940298	0.09848689268189521	0.0996958912973148	7	6	10	4	7	ENSG00000118197	0.9885690506021442	False
1.969845839379937e-08	0.9104477611940298	0.0003954132068010695	0.0010330578512396538	2	3	4	3	3	ENSG00000125726	0.9885690506021442	False
0.00017461253193598792	0.9104477611940298	0.1226720995485263	0.04131409827286116	4	7	12	4	8	ENSG00000126249	0.9885690506021442	False
0.007985959771323709	0.9104477611940298	0.1402751718525172	0.23411748425932333	10	6	9	3	6	ENSG00000130177	0.9885690506021442	False
1.584761002881235e-05	0.9104477611940298	0.10551868831851954	0.051791474595760695	8	7	17	3	10	ENSG00000130208	0.9885690506021442	False
0.0017575240071325158	0.9104477611940298	0.17139660781146254	0.09693877551020405	6	5	8	4	5	ENSG00000132254	0.9885690506021442	False
0.006240712496185322	0.9104477611940298	0.17505037704272686	0.2596315048283262	6	7	12	3	8	ENSG00000135336	0.9885690506021442	False
0.0025497549216239113	0.9104477611940298	0.3765076114921325	0.3708934294871795	16	7	15	5	9	ENSG00000136280	0.9885690506021442	False
0.00020125903769189254	0.9104477611940298	0.07758496365014403	0.1140267469211646	27	7	19	13	19	ENSG00000143774	0.9885690506021442	False
0.0013617106695815433	0.9104477611940298	0.1506596031305233	0.14039506957533196	12	7	17	7	13	ENSG00000155957	0.9885690506021442	False
7.021649376428592e-05	0.9104477611940298	0.03794832143203691	0.04873485967183867	8	7	16	6	10	ENSG00000157326	0.9885690506021442	False
0.0007083394722789208	0.9104477611940298	0.2538248755932035	0.17632367632367635	12	6	9	4	5	ENSG00000157538	0.9885690506021442	False
0.00036074075706985263	0.9104477611940298	0.26858375154524333	0.1130242430974514	21	7	11	5	9	ENSG00000157540	0.9885690506021442	False
0.002239464882749653	0.9104477611940298	0.11937079662782982	0.15460288132630898	9	4	6	3	4	ENSG00000166526	0.9885690506021442	False
4.9546550798810454e-05	0.9104477611940298	0.0821211719537146	0.031783205085312835	6	7	18	7	13	ENSG00000167005	0.9885690506021442	False
8.473617815231069e-05	0.9104477611940298	0.0475380171245514	0.036337304620928615	6	7	18	11	16	ENSG00000170296	0.9885690506021442	False
0.000944554305418405	0.9104477611940298	0.15770837491749862	0.08761989358743147	8	5	9	3	5	ENSG00000170365	0.9885690506021442	False
0.0019358792878859956	0.9104477611940298	0.22308578236684753	0.16351878506583623	23	7	18	6	14	ENSG00000179335	0.9885690506021442	False
0.007737113727754871	0.9104477611940298	0.13978158137947072	0.24511633417751516	3	4	6	3	4	ENSG00000180089	0.9885690506021442	False
2.25229033233763e-05	0.9104477611940298	0.035845189038895546	0.02910487169618803	3	7	15	6	11	ENSG00000214401	0.9885690506021442	False
0.0018373179967793901	0.9104477611940298	0.2800688925510363	0.10323013651682181	10	4	4	3	4	ENSG00000269609	0.9885690506021442	False
0.00354263086192445	0.9154228855721394	0.23188204892363037	0.2382014121144556	7	7	11	4	7	ENSG00000005175	0.9885690506021442	False
0.0016129574250919247	0.9154228855721394	0.18196734815310672	0.24316787506971554	10	5	7	3	5	ENSG00000016864	0.9885690506021442	False
0.0006327964698782401	0.9154228855721394	0.14433401618814232	0.08112378237110957	14	7	14	5	10	ENSG00000050130	0.9885690506021442	False
0.0006477893642419645	0.9154228855721394	0.1310137755074241	0.13739403306636688	4	7	15	4	9	ENSG00000051009	0.9885690506021442	False
0.0028120205188216694	0.9154228855721394	0.22149857951979104	0.1968140279525897	17	7	18	5	12	ENSG00000092036	0.9885690506021442	False
0.006589136176178375	0.9154228855721394	0.2256945561139832	0.24168526581537447	11	6	6	3	4	ENSG00000103018	0.9885690506021442	False
5.622508728887281e-05	0.9154228855721394	0.03414890219587089	0.019218130762949853	2	4	5	3	4	ENSG00000103489	0.9885690506021442	False
3.4924530204151667e-07	0.9154228855721394	0.014699044380335358	0.006999109653020564	5	7	17	3	10	ENSG00000104267	0.9885690506021442	False
0.00013241830118979408	0.9154228855721394	0.07833390849013569	0.03357487036338937	39	7	19	13	19	ENSG00000104529	0.9885690506021442	False
0.0010888962944618635	0.9154228855721394	0.1739199086628781	0.1536813298172075	23	7	18	7	14	ENSG00000105053	0.9885690506021442	False
8.669717167980915e-05	0.9154228855721394	0.043083230682442575	0.03773584905660374	8	7	10	4	9	ENSG00000105829	0.9885690506021442	False
1.5618991724742782e-05	0.9154228855721394	0.030467250823150698	0.01519927766820672	3	7	18	7	14	ENSG00000107020	0.9885690506021442	False
9.267926283591267e-05	0.9154228855721394	0.05601877650323817	0.052232940335834234	3	6	12	4	7	ENSG00000109881	0.9885690506021442	False
0.004513936309928488	0.9154228855721394	0.25839311894633116	0.35487302383019315	13	4	4	3	4	ENSG00000113048	0.9885690506021442	False
0.0016759527014727359	0.9154228855721394	0.2134709909101111	0.22755035737491874	6	4	4	3	3	ENSG00000115207	0.9885690506021442	False
0.0006309785275331623	0.9154228855721394	0.13472670137138432	0.0830361251725725	6	6	12	5	8	ENSG00000126391	0.9885690506021442	False
0.006397568623466989	0.9154228855721394	0.2922764822878978	0.28825396825396826	8	7	13	4	8	ENSG00000128050	0.9885690506021442	False
0.0008207666597945751	0.9154228855721394	0.1491796316674103	0.1991059520634074	7	7	19	6	14	ENSG00000128309	0.9885690506021442	False
0.0036382061873185753	0.9154228855721394	0.281008597871788	0.24844500218245308	11	6	14	5	9	ENSG00000129347	0.9885690506021442	False
0.0009321619061288666	0.9154228855721394	0.2851603707474558	0.25276734298672837	13	7	14	4	12	ENSG00000129353	0.9885690506021442	False
5.4408632087001675e-05	0.9154228855721394	0.02870001577775076	0.027646409828244282	6	7	18	6	13	ENSG00000137200	0.9885690506021442	False
0.003150798089621977	0.9154228855721394	0.21839120199286197	0.15556446825553266	12	7	15	6	10	ENSG00000142186	0.9885690506021442	False
0.00042946029600421663	0.9154228855721394	0.07740234153724686	0.08140918855553124	9	7	13	4	9	ENSG00000144136	0.9885690506021442	False
3.972154728817092e-06	0.9154228855721394	0.019700268080979192	0.01838690814760681	10	7	19	13	18	ENSG00000147677	0.9885690506021442	False
0.002466853252123764	0.9154228855721394	0.31017971388875026	0.3139171122994653	19	5	5	3	4	ENSG00000148019	0.9885690506021442	False
0.0011697046534239856	0.9154228855721394	0.15637422329250916	0.10269592476489027	9	7	14	4	8	ENSG00000158850	0.9885690506021442	False
0.0015558407128238555	0.9154228855721394	0.2299452951495142	0.2526525989508822	8	6	10	4	8	ENSG00000162924	0.9885690506021442	False
0.0036186678050501068	0.9154228855721394	0.22599419395792086	0.19803123511257484	10	6	6	3	5	ENSG00000164172	0.9885690506021442	False
0.0005753446780543296	0.9154228855721394	0.20673739180941278	0.18478037766830868	3	6	8	4	6	ENSG00000164300	0.9885690506021442	False
0.0007397466591497891	0.9154228855721394	0.12770019801612856	0.1522635529174056	5	7	17	8	13	ENSG00000164463	0.9885690506021442	False
1.0071622126398476e-09	0.9154228855721394	8.067118425300935e-05	0.00019733596447954943	2	7	19	10	14	ENSG00000168899	0.9885690506021442	False
2.6501903801547254e-05	0.9154228855721394	0.033467059357889344	0.11096292602404094	10	7	19	12	17	ENSG00000170345	0.9885690506021442	False
0.0017391874082176011	0.9154228855721394	0.068548489510001	0.15328512092644705	10	7	14	4	9	ENSG00000177963	0.9885690506021442	False
0.001620821682417178	0.9154228855721394	0.15489629683643702	0.17771747552856718	22	7	19	9	17	ENSG00000182944	0.9885690506021442	False
1.5862059151648926e-05	0.9154228855721394	0.031144654680120582	0.02357546678127776	7	7	19	10	17	ENSG00000204370	0.9885690506021442	False
3.8961299913312965e-06	0.9154228855721394	0.022510822510822554	0.011564625850340132	4	7	17	5	10	ENSG00000243317	0.9885690506021442	False
2.3356226411871669e-07	0.9154228855721394	0.11916275916648325	0.03222448209193789	6	7	15	7	12	ENSG00000244734	0.9885690506021442	False
0.002375306756762152	0.9154228855721394	0.15556975160104536	0.09766532031660358	3	6	10	4	6	ENSG00000257913	0.9885690506021442	False
0.0016039801762758018	0.9203980099502488	0.22245682063881744	0.20280125014469272	4	7	10	3	7	ENSG00000046647	0.9890578376728626	False
0.002356097919646474	0.9203980099502488	0.15855750671308855	0.12391397924335408	8	7	16	6	13	ENSG00000070495	0.9890578376728626	False
0.008954306900871586	0.9203980099502488	0.2870322634614831	0.38839285714285715	15	5	8	3	5	ENSG00000079459	0.9890578376728626	False
0.0006298547293859309	0.9203980099502488	0.1783418627387506	0.20525331973879057	10	7	17	7	14	ENSG00000103994	0.9890578376728626	False
0.00013641043605445416	0.9203980099502488	0.07436617308895378	0.04835679506165715	7	7	19	10	18	ENSG00000105063	0.9890578376728626	False
0.0015501254486979784	0.9203980099502488	0.1696490356906662	0.237853544463125	5	7	11	3	8	ENSG00000105329	0.9890578376728626	False
0.00011694292156355392	0.9203980099502488	0.04737798710792473	0.05351535099552154	6	7	13	6	10	ENSG00000108479	0.9890578376728626	False
0.0004093914925985344	0.9203980099502488	0.09225040978650675	0.0679046506384636	5	7	19	9	15	ENSG00000109919	0.9890578376728626	False
7.578769204320467e-05	0.9203980099502488	0.05534652639262247	0.05891372784832513	5	7	17	5	10	ENSG00000117751	0.9890578376728626	False
3.5353387255417856e-05	0.9203980099502488	0.03148090395595869	0.03639804018820743	11	7	19	13	18	ENSG00000125691	0.9890578376728626	False
0.00014255116177279892	0.9203980099502488	0.028667780061664944	0.05338513818587961	7	3	4	3	4	ENSG00000133612	0.9890578376728626	False
1.4535912533002006e-05	0.9203980099502488	0.022348543850271168	0.016108543410121166	6	7	19	12	17	ENSG00000135441	0.9890578376728626	False
0.000570297253610042	0.9203980099502488	0.2047057688973273	0.04588458564700921	4	4	5	3	5	ENSG00000135686	0.9890578376728626	False
0.006035899060972205	0.9203980099502488	0.4066714497159755	0.4054570372523776	22	7	10	3	6	ENSG00000137073	0.9890578376728626	False
0.00043915550085745175	0.9203980099502488	0.10925646614330572	0.06319224683544301	3	6	6	3	4	ENSG00000141034	0.9890578376728626	False
8.532512435697477e-08	0.9203980099502488	0.0004901960784313717	0.000734573947110652	2	7	19	10	17	ENSG00000143368	0.9890578376728626	False
0.002818474668557132	0.9203980099502488	0.3588203566017858	0.29437479624196083	17	7	11	3	6	ENSG00000143851	0.9890578376728626	False
4.026438101322699e-06	0.9203980099502488	0.004166666666666714	0.0031397174254317213	2	7	9	3	6	ENSG00000146376	0.9890578376728626	False
7.0728156199609e-05	0.9203980099502488	0.04516706830933283	0.056365527302128696	5	7	16	6	12	ENSG00000158615	0.9890578376728626	False
9.697768310281734e-06	0.9203980099502488	0.021843289149790612	0.010954404945904129	5	7	17	6	11	ENSG00000162408	0.9890578376728626	False
0.0032600816390048575	0.9203980099502488	0.31577174809317676	0.3156511630178873	20	6	8	3	7	ENSG00000162601	0.9890578376728626	False
4.3539755495778294e-05	0.9203980099502488	0.047022590424365726	0.025379636277903406	5	7	15	4	10	ENSG00000167670	0.9890578376728626	False
0.000750762745738434	0.9203980099502488	0.23471821164595477	0.23709529401316376	4	7	13	4	9	ENSG00000170234	0.9890578376728626	False
2.8125722718071603e-05	0.9203980099502488	0.14411546305766698	0.23676126040198103	2	6	14	4	10	ENSG00000172232	0.9890578376728626	False
8.52224740287784e-05	0.9203980099502488	0.0572414238142056	0.07850308357407751	3	7	12	3	7	ENSG00000178573	0.9890578376728626	False
0.0008145116001671059	0.9203980099502488	0.16072316795551078	0.22177344475394611	6	3	5	3	4	ENSG00000179456	0.9890578376728626	False
7.113770661892489e-07	0.9203980099502488	0.003333333333333316	0.0026773761713520918	3	7	13	3	9	ENSG00000186687	0.9890578376728626	False
7.748845372192475e-05	0.9203980099502488	0.06137049238177002	0.06087908572960144	4	7	13	5	8	ENSG00000188641	0.9890578376728626	False
0.0026762876110081927	0.9203980099502488	0.18950500193349162	0.2503459036180047	15	4	6	4	5	ENSG00000197555	0.9890578376728626	False
0.0003164995906515924	0.9203980099502488	0.21066334343236365	0.2246177685950413	7	7	14	3	9	ENSG00000198157	0.9890578376728626	False
0.0007266373963742502	0.9203980099502488	0.08237102723991212	0.10401961185718965	6	7	18	7	15	ENSG00000204574	0.9890578376728626	False
0.0023058613535730643	0.9203980099502488	0.39066624095359737	0.26343952215032357	9	4	5	3	4	ENSG00000226419	0.9890578376728626	False
0.0005139612841167994	0.9203980099502488	0.07661073123727213	0.08932905933022661	3	7	14	6	9	ENSG00000264112	0.9890578376728626	False
6.977288556737318e-05	0.9253731343283582	0.025707319011228844	0.025375103646383398	5	7	17	7	12	ENSG00000005812	0.990275490873037	False
0.0002397995778374585	0.9253731343283582	0.08625392319650645	0.06348392334181502	7	7	16	5	11	ENSG00000012963	0.990275490873037	False
3.411090133430154e-05	0.9253731343283582	0.08152219710540987	0.3434448135016981	10	3	5	3	4	ENSG00000038427	0.990275490873037	False
2.0400463428649947e-07	0.9253731343283582	0.0029154518950437252	0.001818181818181824	3	7	17	6	11	ENSG00000057757	0.990275490873037	False
0.008626866151897065	0.9253731343283582	0.4151373207789333	0.3330107905231058	30	7	14	4	9	ENSG00000076242	0.990275490873037	False
8.662376838096983e-05	0.9253731343283582	0.07226125854112705	0.04089121273606991	16	7	17	7	15	ENSG00000088832	0.990275490873037	False
0.0008898174636797467	0.9253731343283582	0.47519553552481325	0.5767441860465116	4	7	11	4	8	ENSG00000106771	0.990275490873037	False
0.003525897307694995	0.9253731343283582	0.31086281389542963	0.3003876383531431	7	7	17	5	12	ENSG00000107902	0.990275490873037	False
0.003364115489852676	0.9253731343283582	0.20205667196565935	0.18369648807997951	14	5	6	3	4	ENSG00000113161	0.990275490873037	False
0.006472728071834453	0.9253731343283582	0.15572856329179077	0.32058940661091195	11	3	5	3	4	ENSG00000119392	0.990275490873037	False
2.674711157934098e-05	0.9253731343283582	0.054414424517832315	0.02624102653964914	5	7	19	13	19	ENSG00000123144	0.990275490873037	False
0.0006334759543844239	0.9253731343283582	0.09572687991183083	0.07658925639221206	10	7	16	5	10	ENSG00000129071	0.990275490873037	False
0.0005837317781170264	0.9253731343283582	0.07808535798426741	0.05224880382775121	6	7	14	4	8	ENSG00000130479	0.990275490873037	False
2.02749669230996e-05	0.9253731343283582	0.03662133671905769	0.030334107986708853	6	7	19	8	15	ENSG00000131981	0.990275490873037	False
0.0001978892493880966	0.9253731343283582	0.09171819028546091	0.13833171839310543	2	7	18	7	13	ENSG00000134590	0.990275490873037	False
0.00015263230275071578	0.9253731343283582	0.05244695697686659	0.05284077624503154	8	7	14	3	8	ENSG00000137842	0.990275490873037	False
5.123622588875338e-05	0.9253731343283582	0.017441860465116296	0.018154311649016618	2	6	9	3	6	ENSG00000142655	0.990275490873037	False
0.001361999815166838	0.9253731343283582	0.15589751484047498	0.11369305415350543	13	7	15	6	12	ENSG00000142856	0.990275490873037	False
0.0010149042440075126	0.9253731343283582	0.2564392601986303	0.2106483457873768	7	7	14	4	10	ENSG00000143384	0.990275490873037	False
0.003922594577861544	0.9253731343283582	0.433075413555938	0.45053144807411016	24	7	10	3	6	ENSG00000147996	0.990275490873037	False
0.00016663303382043784	0.9253731343283582	0.05058313153956483	0.02665554773011687	4	7	19	11	19	ENSG00000160075	0.990275490873037	False
1.7647122824642974e-06	0.9253731343283582	0.008492318304395036	0.004364215714614575	3	7	19	10	15	ENSG00000164687	0.990275490873037	False
2.7800142287285007e-05	0.9253731343283582	0.019761273209549096	0.021035598705501632	2	7	12	4	7	ENSG00000165832	0.990275490873037	False
0.0005699240255582549	0.9253731343283582	0.18621876532230408	0.08085089165596136	10	7	16	8	12	ENSG00000182628	0.990275490873037	False
0.006089912781495573	0.9253731343283582	0.3857984193246321	0.4744940321743643	15	5	6	3	4	ENSG00000204351	0.990275490873037	False
0.0003925602188417613	0.9253731343283582	0.1442945691029682	0.0990860990860991	7	7	17	7	13	ENSG00000239672	0.990275490873037	False
0.004302263792255486	0.9253731343283582	0.28285121550454234	0.2115125208681135	5	6	6	3	5	ENSG00000287263	0.990275490873037	False
0.00047894344157590313	0.9253731343283582	0.13365522324332763	0.07834101382488476	10	5	6	3	5	ENSG00000291063	0.990275490873037	False
0.000204263191767734	0.9303482587064676	0.061244371590859256	0.0547008547008547	4	5	5	3	4	ENSG00000011132	0.9920690577843642	False
0.0005738458460074706	0.9303482587064676	0.14229010912313836	0.13959619993956032	10	7	18	8	15	ENSG00000075884	0.9920690577843642	False
0.004626621578765061	0.9303482587064676	0.28483483621641514	0.23876123876123875	18	5	7	4	5	ENSG00000078369	0.9920690577843642	False
0.0010892093643024648	0.9303482587064676	0.14422474099631805	0.1250858608817106	13	7	19	7	16	ENSG00000100129	0.9920690577843642	False
0.0002147172716343701	0.9303482587064676	0.0696828480582172	0.04399257973423955	12	7	18	7	12	ENSG00000102898	0.9920690577843642	False
9.124925451945784e-05	0.9303482587064676	0.07545506646218596	0.06529658592408925	7	7	18	7	15	ENSG00000102910	0.9920690577843642	False
0.0011679799361786311	0.9303482587064676	0.2762675019651702	0.26900886937053303	23	7	16	4	9	ENSG00000104738	0.9920690577843642	False
0.0001085534140187872	0.9303482587064676	0.06362947468413148	0.04468368228082842	6	7	10	4	8	ENSG00000106785	0.9920690577843642	False
0.0009608694627547864	0.9303482587064676	0.2244500765408068	0.22394443018480492	22	7	15	5	10	ENSG00000109685	0.9920690577843642	False
5.0887074075874526e-05	0.9303482587064676	0.07857149597930833	0.03704700623632496	8	7	18	10	16	ENSG00000117118	0.9920690577843642	False
0.00034529787967432584	0.9303482587064676	0.09869829177809529	0.07433843353809666	14	7	19	11	17	ENSG00000125991	0.9920690577843642	False
0.00030859236476828925	0.9303482587064676	0.13777568390969236	0.1036036036036036	10	7	18	8	13	ENSG00000130254	0.9920690577843642	False
0.0013927533592486955	0.9303482587064676	0.3660201465201465	0.3163450680021604	10	7	13	3	7	ENSG00000138867	0.9920690577843642	False
0.0007026773707894646	0.9303482587064676	0.2202801161748645	0.3115579659106916	3	5	5	3	3	ENSG00000143157	0.9920690577843642	False
0.0013138650868261621	0.9303482587064676	0.18396368138420993	0.2379446794282913	9	7	15	5	11	ENSG00000163029	0.9920690577843642	False
0.0015656503597269837	0.9303482587064676	0.17614188648671397	0.07905384375972614	4	4	5	3	3	ENSG00000164897	0.9920690577843642	False
0.0006313648032505361	0.9303482587064676	0.16127939684157017	0.11632444789157857	3	7	10	3	6	ENSG00000166750	0.9920690577843642	False
0.0007291300706633275	0.9303482587064676	0.21990027521844274	0.11563499608937766	5	6	9	3	6	ENSG00000170006	0.9920690577843642	False
0.0009033577680842024	0.9303482587064676	0.0960334266915149	0.15738808227465217	11	7	15	4	9	ENSG00000177697	0.9920690577843642	False
0.0006664565704464908	0.9303482587064676	0.1579239029198461	0.09262604573870103	17	7	18	8	16	ENSG00000214941	0.9920690577843642	False
0.0018088239994715287	0.9303482587064676	0.09906063832843219	0.23279950024136073	5	3	4	3	4	ENSG00000233527	0.9920690577843642	False
0.0022087301237458477	0.9303482587064676	0.26643065090753515	0.24562083751482527	22	7	14	5	8	ENSG00000235954	0.9920690577843642	False
0.0008886778998293788	0.9303482587064676	0.35172563013361036	0.31680078946654516	27	7	19	6	12	ENSG00000256269	0.9920690577843642	False
0.0022153310668056024	0.9303482587064676	0.21143999409633846	0.22229902713773683	16	7	16	7	10	ENSG00000258890	0.9920690577843642	False
0.00024488493897808236	0.9353233830845771	0.08550723805467905	0.0672022228065287	9	7	19	7	15	ENSG00000020922	0.9934111634615737	False
0.00047368902084424876	0.9353233830845771	0.30187052643241147	0.3831001707310858	6	6	9	3	6	ENSG00000065989	0.9934111634615737	False
0.0012362094633351782	0.9353233830845771	0.15414073036771092	0.17345626072041165	8	7	15	6	10	ENSG00000072849	0.9934111634615737	False
0.0005284274945361792	0.9353233830845771	0.18427973001583037	0.2017723762442412	48	7	19	11	17	ENSG00000087460	0.9934111634615737	False
0.0015745741781685015	0.9353233830845771	0.1849880590398617	0.10512220070065201	6	7	17	7	12	ENSG00000106330	0.9934111634615737	False
0.0017185814481340633	0.9353233830845771	0.2643740165594481	0.14504685408299867	11	7	11	4	6	ENSG00000108591	0.9934111634615737	False
0.0036242529138383345	0.9353233830845771	0.21579135894609977	0.20107502143768433	8	5	6	3	5	ENSG00000114544	0.9934111634615737	False
0.0030477188499205953	0.9353233830845771	0.390863245539496	0.2860675745118191	14	7	9	3	6	ENSG00000118217	0.9934111634615737	False
0.0004142140808749556	0.9353233830845771	0.10304761773902876	0.09360479094267045	9	7	11	4	8	ENSG00000125637	0.9934111634615737	False
0.0033300508763847185	0.9353233830845771	0.1445650794694411	0.18068938230228554	11	7	15	5	11	ENSG00000136247	0.9934111634615737	False
7.057340433367198e-06	0.9353233830845771	0.04473952830889385	0.018049605095809933	8	7	19	12	17	ENSG00000136888	0.9934111634615737	False
0.0006443870340793533	0.9353233830845771	0.08390776517504203	0.09782876900460792	5	7	19	13	19	ENSG00000137154	0.9934111634615737	False
0.00015230328272181176	0.9353233830845771	0.009910892889616257	0.024205469327420532	2	3	3	3	3	ENSG00000138604	0.9934111634615737	False
1.224275615668614e-05	0.9353233830845771	0.01734335068651109	0.012596899224806227	5	7	17	6	12	ENSG00000143149	0.9934111634615737	False
0.0005837321936614528	0.9353233830845771	0.10000512324712416	0.07597986393682547	4	7	18	8	14	ENSG00000151366	0.9934111634615737	False
0.0008584231859447837	0.9353233830845771	0.06885645032137988	0.07181178481299988	2	6	8	3	6	ENSG00000155090	0.9934111634615737	False
0.0006567136331845246	0.9353233830845771	0.11839106734582368	0.09717078430453328	6	7	17	5	11	ENSG00000160679	0.9934111634615737	False
0.0008581566742930882	0.9353233830845771	0.21057002360182808	0.2339097582340905	27	7	15	5	8	ENSG00000160789	0.9934111634615737	False
7.403803057974875e-06	0.9353233830845771	0.0330119947266683	0.018055163371485595	11	7	19	13	19	ENSG00000166441	0.9934111634615737	False
0.0005365414516505817	0.9353233830845771	0.24570416801369777	0.12697829988578885	10	7	10	3	7	ENSG00000167491	0.9934111634615737	False
7.536827968479586e-05	0.9353233830845771	0.037162076656028734	0.0464269140908957	2	7	14	6	8	ENSG00000169692	0.9934111634615737	False
3.35727643086031e-05	0.9353233830845771	0.009433551198256994	0.01631321370309951	3	7	12	4	9	ENSG00000169972	0.9934111634615737	False
0.0013867742124341006	0.9353233830845771	0.13004706128296223	0.17544781540268614	5	7	14	5	8	ENSG00000183527	0.9934111634615737	False
0.00021229621000699986	0.9353233830845771	0.06205183206057475	0.05119012779241046	7	7	16	5	10	ENSG00000186517	0.9934111634615737	False
1.9833121452045433e-06	0.9353233830845771	0.0128205128205128	0.0029717682020802324	2	7	11	3	7	ENSG00000224051	0.9934111634615737	False
0.0007018689144728859	0.9353233830845771	0.15634392192414773	0.16197630131189167	3	5	8	3	7	ENSG00000234705	0.9934111634615737	False
2.0445925335922274e-06	0.9353233830845771	0.004166666666666714	0.004926108374384234	2	7	14	6	10	ENSG00000286264	0.9934111634615737	False
0.0023998431124389982	0.9402985074626866	0.2910425160562149	0.21823098487252726	8	7	17	6	12	ENSG00000103510	0.9941597316668926	False
0.0008984018620872271	0.9402985074626866	0.15132640563139854	0.18899809765377296	6	7	15	4	11	ENSG00000103769	0.9941597316668926	False
0.0002466591805183141	0.9402985074626866	0.10572641732668259	0.06039874103292526	5	7	15	5	10	ENSG00000104889	0.9941597316668926	False
1.2584269512401676e-05	0.9402985074626866	0.02679810390069252	0.01199100479857063	4	7	19	9	16	ENSG00000107874	0.9941597316668926	False
0.000689862958293575	0.9402985074626866	0.2766169071056484	0.4666666666666667	15	4	6	3	4	ENSG00000108021	0.9941597316668926	False
3.2717161991846307e-09	0.9402985074626866	0.007008002829729823	0.007190343466331187	2	3	4	3	3	ENSG00000112996	0.9941597316668926	False
3.89302686241584e-08	0.9402985074626866	0.002025462962962992	0.0020294266869609334	3	7	19	8	14	ENSG00000113384	0.9941597316668926	False
0.0007051249172223876	0.9402985074626866	0.08273718444174799	0.09084986302190154	16	7	15	5	11	ENSG00000123415	0.9941597316668926	False
5.019999505739127e-05	0.9402985074626866	0.026131221719457032	0.0169300225733634	5	7	9	3	6	ENSG00000132005	0.9941597316668926	False
0.0008482395043588179	0.9402985074626866	0.46986997160057187	0.1925248664379099	6	7	13	3	8	ENSG00000135870	0.9941597316668926	False
0.00016585952259516118	0.9402985074626866	0.0649637393885259	0.038783814210814116	5	7	19	7	12	ENSG00000136937	0.9941597316668926	False
0.000610583159218097	0.9402985074626866	0.14674310329750068	0.08007846716071917	8	7	18	7	14	ENSG00000142188	0.9941597316668926	False
1.7695313475024943e-06	0.9402985074626866	0.010752688172043005	0.006163328197226519	2	5	8	3	5	ENSG00000142552	0.9941597316668926	False
0.001045408017736548	0.9402985074626866	0.19747527785666533	0.17756141087549862	6	6	14	4	9	ENSG00000144320	0.9941597316668926	False
0.004654343695324617	0.9402985074626866	0.39980404899490013	0.31763196318746956	12	7	11	4	7	ENSG00000147854	0.9941597316668926	False
0.0011962900120825394	0.9402985074626866	0.0871657819923243	0.07237905800451216	3	7	17	7	13	ENSG00000148908	0.9941597316668926	False
0.0016815315690877682	0.9402985074626866	0.2708684828894166	0.37704383439222805	19	7	17	7	13	ENSG00000152061	0.9941597316668926	False
0.005138554493304616	0.9402985074626866	0.1768194657980967	0.18935416433940286	7	6	10	3	6	ENSG00000163607	0.9941597316668926	False
6.603447593186657e-05	0.9402985074626866	0.048302326439598815	0.03209054423439219	8	7	19	10	18	ENSG00000168002	0.9941597316668926	False
0.00033628841430788326	0.9402985074626866	0.04783165566727739	0.04486178767457833	9	7	18	8	14	ENSG00000169599	0.9941597316668926	False
1.5162161400495973e-06	0.9402985074626866	0.018237082066869276	0.0025651988029072007	2	7	17	6	12	ENSG00000176108	0.9941597316668926	False
2.0005178290673514e-08	0.9402985074626866	0.0004456327985739944	0.0006891798759476272	2	7	17	5	12	ENSG00000176619	0.9941597316668926	False
0.0011932661544398265	0.9402985074626866	0.17062535585943597	0.1583329260146309	7	5	9	4	8	ENSG00000178694	0.9941597316668926	False
0.0004223614492662956	0.9402985074626866	0.07095951790595775	0.1050833452349377	9	6	11	3	6	ENSG00000178999	0.9941597316668926	False
0.00027245005704095956	0.9402985074626866	0.0790369509997476	0.07190081539846932	6	7	18	7	14	ENSG00000181924	0.9941597316668926	False
0.001374481058310709	0.9402985074626866	0.23063584268131737	0.13191174236670208	5	6	7	3	5	ENSG00000188295	0.9941597316668926	False
0.0016112932061693459	0.9402985074626866	0.14469986576894334	0.28133910548566055	7	6	9	3	5	ENSG00000196843	0.9941597316668926	False
0.0016951623177013314	0.9402985074626866	0.18487797062662337	0.12018390762897928	7	7	13	4	9	ENSG00000197114	0.9941597316668926	False
1.9594124977962175e-06	0.9402985074626866	0.01935483870967739	0.003007518796992472	3	7	11	4	6	ENSG00000198736	0.9941597316668926	False
4.32954917556719e-05	0.9402985074626866	0.04367661448140901	0.013824884792626755	2	3	5	3	4	ENSG00000204519	0.9941597316668926	False
0.000758590167367619	0.9402985074626866	0.09266287632118944	0.058039767989177767	3	5	5	3	4	ENSG00000204604	0.9941597316668926	False
0.0001574861487872378	0.945273631840796	0.10725432490726322	0.1258503401360544	2	5	5	3	4	ENSG00000051620	0.9959182191233613	False
0.0009433413788077443	0.945273631840796	0.09897247595258088	0.15267129771603047	5	7	15	5	10	ENSG00000065243	0.9959182191233613	False
0.001487600482134816	0.945273631840796	0.1817090968300819	0.13943028485757125	3	7	10	3	7	ENSG00000066044	0.9959182191233613	False
0.0009313891213126429	0.945273631840796	0.11433743412135067	0.16039944103199325	7	7	18	8	13	ENSG00000100365	0.9959182191233613	False
0.005718442782050215	0.945273631840796	0.2679425611022999	0.27855191024966475	16	6	9	3	6	ENSG00000123352	0.9959182191233613	False
0.00035488587012847404	0.945273631840796	0.15767634505932027	0.1828158161487535	8	7	14	5	10	ENSG00000128272	0.9959182191233613	False
9.494390598532032e-05	0.945273631840796	0.06776355071382895	0.03847479605340357	6	7	19	10	16	ENSG00000135018	0.9959182191233613	False
0.00011940728132732415	0.945273631840796	0.06410256410256415	0.05434782608695653	2	5	7	3	4	ENSG00000135439	0.9959182191233613	False
0.002551914954238112	0.945273631840796	0.15596569832937196	0.14172876654364233	4	6	10	3	7	ENSG00000136986	0.9959182191233613	False
0.0008810895585782205	0.945273631840796	0.2273366418527709	0.23150474595198212	4	6	7	3	5	ENSG00000137992	0.9959182191233613	False
0.006365818305082144	0.945273631840796	0.13849993134311445	0.2332635070262721	3	5	6	3	4	ENSG00000142082	0.9959182191233613	False
0.0009063082266169356	0.945273631840796	0.1737950182475824	0.18948650052363156	5	7	14	5	9	ENSG00000145734	0.9959182191233613	False
0.00017853914182775429	0.945273631840796	0.11441969485825326	0.08007578058339482	9	6	13	4	8	ENSG00000149485	0.9959182191233613	False
5.7259656702372937e-05	0.945273631840796	0.060636212974167464	0.029702970297029743	4	7	11	3	7	ENSG00000154016	0.9959182191233613	False
9.176206999596311e-05	0.945273631840796	0.054848273206161015	0.08626007458620821	2	7	18	8	14	ENSG00000154589	0.9959182191233613	False
0.0008614095815063417	0.945273631840796	0.16368438396870924	0.14926426544949692	7	5	8	4	5	ENSG00000158717	0.9959182191233613	False
0.004627600607380521	0.945273631840796	0.24411839365384772	0.19116402116402115	5	6	6	3	4	ENSG00000165102	0.9959182191233613	False
2.496739084765583e-05	0.945273631840796	0.09697836199051056	0.10629662132514262	2	5	6	3	4	ENSG00000174013	0.9959182191233613	False
0.002223114361268314	0.945273631840796	0.40030288588621965	0.3575735611621738	9	4	7	4	5	ENSG00000177337	0.9959182191233613	False
0.0017958286348855883	0.945273631840796	0.13639043882242577	0.10735983694892373	25	7	17	7	13	ENSG00000179950	0.9959182191233613	False
0.00011517034798651608	0.945273631840796	0.053177765464550136	0.038301990077628995	13	7	17	6	12	ENSG00000186908	0.9959182191233613	False
0.0010595766854774142	0.945273631840796	0.09146844706301818	0.1619824227598079	3	5	5	3	4	ENSG00000188026	0.9959182191233613	False
8.474260543676678e-06	0.945273631840796	0.03921723198396028	0.01697405413900358	10	7	19	12	18	ENSG00000204435	0.9959182191233613	False
0.000530234494585696	0.945273631840796	0.19529195453681641	0.21493265463386044	9	7	15	5	10	ENSG00000238142	0.9959182191233613	False
2.6947154903044017e-05	0.9502487562189055	0.03276628352490426	0.00836820083682011	4	6	7	4	5	ENSG00000038002	0.9972292094855083	False
0.000677288996010353	0.9502487562189055	0.11745511765979715	0.11699338912453663	7	7	15	5	9	ENSG00000072501	0.9972292094855083	False
0.00026203113625002724	0.9502487562189055	0.10927045930357146	0.12151898734177215	10	7	16	6	10	ENSG00000074755	0.9972292094855083	False
2.1523794074034387e-06	0.9502487562189055	0.0052177858439201655	0.01667456930614822	2	3	4	3	4	ENSG00000075240	0.9972292094855083	False
0.0003589898069708523	0.9502487562189055	0.10898577679904424	0.0825799724856998	4	7	14	4	10	ENSG00000099849	0.9972292094855083	False
0.0005383165532160238	0.9502487562189055	0.13320514530300326	0.0814469704361401	8	6	9	3	6	ENSG00000099992	0.9972292094855083	False
0.000549169867320018	0.9502487562189055	0.13623189357365023	0.07256151750033843	9	7	11	3	7	ENSG00000105607	0.9972292094855083	False
0.00016910608165037882	0.9502487562189055	0.06705652212731181	0.06595052246735102	4	7	10	3	6	ENSG00000107951	0.9972292094855083	False
0.0002500057999869408	0.9502487562189055	0.10386923247064277	0.09154478430350609	5	4	6	3	5	ENSG00000113838	0.9972292094855083	False
3.2243597218171377e-05	0.9502487562189055	0.01176470588235292	0.008086253369272253	2	7	12	3	9	ENSG00000116157	0.9972292094855083	False
0.00046008251898821677	0.9502487562189055	0.27267062724509533	0.10253782758470324	8	7	13	4	8	ENSG00000121060	0.9972292094855083	False
0.00039460808154215813	0.9502487562189055	0.1149039132011268	0.0336196708588362	3	6	9	3	6	ENSG00000127993	0.9972292094855083	False
0.0029225638642261403	0.9502487562189055	0.23208031837536985	0.14732133197741093	4	6	8	3	5	ENSG00000138069	0.9972292094855083	False
0.001325833444065696	0.9502487562189055	0.3883590962840588	0.4088156338219365	40	7	17	7	13	ENSG00000138757	0.9972292094855083	False
0.0005925013244910744	0.9502487562189055	0.11194131537621442	0.13459880368594063	5	7	12	3	7	ENSG00000138785	0.9972292094855083	False
0.00014183390817679262	0.9502487562189055	0.05469432232333252	0.037737745340609447	8	7	18	8	15	ENSG00000139637	0.9972292094855083	False
0.00012542907430544158	0.9502487562189055	0.05946229932171244	0.053169947823326735	3	7	16	5	9	ENSG00000147324	0.9972292094855083	False
0.0002021238301736445	0.9502487562189055	0.07259197315209197	0.06381098543567065	8	7	19	9	17	ENSG00000151465	0.9972292094855083	False
0.0002463984674856617	0.9502487562189055	0.09800037728730426	0.05743243243243247	7	7	7	3	5	ENSG00000163738	0.9972292094855083	False
0.001317281841905962	0.9502487562189055	0.08027791606992657	0.1541490348713539	8	6	7	3	5	ENSG00000164062	0.9972292094855083	False
6.412803808920049e-05	0.9502487562189055	0.06769426724057656	0.02254865745313599	14	7	18	9	14	ENSG00000175166	0.9972292094855083	False
0.0008312719749677082	0.9502487562189055	0.1327462320813664	0.12665854307720462	11	7	16	4	11	ENSG00000175193	0.9972292094855083	False
0.0002288064161766584	0.9502487562189055	0.06658513351060098	0.09955838929681989	10	7	19	8	17	ENSG00000179262	0.9972292094855083	False
0.0003408818839847009	0.9502487562189055	0.09295070861385415	0.08222373188405796	3	7	15	4	11	ENSG00000187605	0.9972292094855083	False
1.6672546541211277e-05	0.9502487562189055	0.02188302886768392	0.009884152743324456	3	7	18	8	14	ENSG00000188612	0.9972292094855083	False
0.0015923902553336231	0.9502487562189055	0.17554764552637075	0.19076438401591778	5	7	13	3	11	ENSG00000198087	0.9972292094855083	False
0.00026625721016568016	0.9502487562189055	0.10993605966010753	0.08960538664189513	7	7	16	6	11	ENSG00000213186	0.9972292094855083	False
0.00026400578622583687	0.9552238805970149	0.0792251934998166	0.057549065526462884	15	6	9	4	6	ENSG00000013561	0.9980962424017166	False
0.0003270182706292126	0.9552238805970149	0.2590292175210086	0.30565033182107904	5	7	17	4	9	ENSG00000029993	0.9980962424017166	False
0.0012014674472090718	0.9552238805970149	0.2321423345836447	0.21278656637987153	14	7	14	5	11	ENSG00000058673	0.9980962424017166	False
0.0012852539284198626	0.9552238805970149	0.15490720026058236	0.18462646635110103	11	5	6	3	5	ENSG00000068650	0.9980962424017166	False
4.816079458373087e-06	0.9552238805970149	0.005050505050505012	0.005509641873278227	3	7	14	4	9	ENSG00000068971	0.9980962424017166	False
0.0008539831071194688	0.9552238805970149	0.11013745753217023	0.0764588816845349	5	3	4	3	3	ENSG00000078246	0.9980962424017166	False
0.0010803447303353783	0.9552238805970149	0.1332027013095902	0.11494260456524609	5	7	18	5	13	ENSG00000086102	0.9980962424017166	False
1.1035400267269027e-05	0.9552238805970149	0.028943507462472005	0.01401869158878506	6	5	8	3	5	ENSG00000096996	0.9980962424017166	False
4.651053468072334e-06	0.9552238805970149	0.01368383750690551	0.00764233855559804	7	7	19	8	16	ENSG00000104853	0.9980962424017166	False
0.0019258843258344886	0.9552238805970149	0.2154176084287714	0.1955119710221751	16	7	10	3	6	ENSG00000115504	0.9980962424017166	False
0.0009714160222178281	0.9552238805970149	0.23632631622440164	0.09485636584296507	7	7	16	5	11	ENSG00000115942	0.9980962424017166	False
0.0035731448927021434	0.9552238805970149	0.2459731084522264	0.13394122217651633	6	3	4	3	3	ENSG00000119684	0.9980962424017166	False
0.003687055223265452	0.9552238805970149	0.1862606699192414	0.19926412332648485	8	7	12	4	9	ENSG00000120705	0.9980962424017166	False
0.0037685357238269814	0.9552238805970149	0.19137884984980696	0.287891785472026	13	7	17	6	12	ENSG00000121064	0.9980962424017166	False
0.0022009686262934084	0.9552238805970149	0.1626665209984172	0.1949878458154879	23	4	4	3	4	ENSG00000130475	0.9980962424017166	False
0.00011214361934468384	0.9552238805970149	0.05888899324340762	0.02792756031957133	9	7	18	7	14	ENSG00000131100	0.9980962424017166	False
0.0008002218418827461	0.9552238805970149	0.17280295860728462	0.3198810173571621	10	7	15	4	11	ENSG00000132334	0.9980962424017166	False
0.00021842585080022274	0.9552238805970149	0.08946859017740028	0.08465194811167356	10	7	12	3	8	ENSG00000132604	0.9980962424017166	False
0.0003619269941229274	0.9552238805970149	0.06059601719207459	0.08626892056281092	18	7	19	12	18	ENSG00000135655	0.9980962424017166	False
0.00115922164786453	0.9552238805970149	0.16905847287101772	0.11909381545584827	5	7	17	5	10	ENSG00000136045	0.9980962424017166	False
0.002697517759548777	0.9552238805970149	0.22663220120847233	0.18777168777168776	9	7	7	3	5	ENSG00000146414	0.9980962424017166	False
0.0019632682653569376	0.9552238805970149	0.21679358898853995	0.17109977201172513	9	7	14	4	9	ENSG00000150776	0.9980962424017166	False
0.0001111273706674967	0.9552238805970149	0.03535445700019137	0.027868522718602854	5	6	11	3	7	ENSG00000163956	0.9980962424017166	False
0.0013030143684849805	0.9552238805970149	0.1918109495417612	0.16038749899228763	8	7	19	8	16	ENSG00000166913	0.9980962424017166	False
0.0004085110117073283	0.9552238805970149	0.15407666235656198	0.131992495612354	15	7	13	5	12	ENSG00000173120	0.9980962424017166	False
4.5051241361791365e-05	0.9552238805970149	0.08528422521424926	0.08650815432083367	3	7	13	3	8	ENSG00000173334	0.9980962424017166	False
0.00037311165334029666	0.9552238805970149	0.08249558522898011	0.07551104598034722	3	7	17	7	13	ENSG00000178952	0.9980962424017166	False
7.299249919109376e-07	0.9552238805970149	0.004793657022126147	0.004492699363534252	3	7	18	7	15	ENSG00000180370	0.9980962424017166	False
2.8885341262744847e-06	0.9552238805970149	0.004566210045662163	0.004615384615384596	3	5	6	3	4	ENSG00000187961	0.9980962424017166	False
0.00014723620186207924	0.9552238805970149	0.07283857234382374	0.03956115817807074	2	7	14	5	9	ENSG00000244459	0.9980962424017166	False
0.0002764587971044945	0.9601990049751243	0.0661365060070024	0.06071617836323719	4	7	14	4	9	ENSG00000006451	0.9996763154797277	False
0.007463463648976203	0.9601990049751243	0.21628531727165928	0.21341789052069426	12	4	6	3	4	ENSG00000072518	0.9996763154797277	False
0.0032717740042346294	0.9601990049751243	0.23318956445803163	0.19464678754847498	22	4	4	3	4	ENSG00000085998	0.9996763154797277	False
0.0001505529774755762	0.9601990049751243	0.058755562358900004	0.06897306167099682	10	7	15	5	11	ENSG00000099995	0.9996763154797277	False
0.003913238930379949	0.9601990049751243	0.2953870996419592	0.31800000000000006	12	6	8	3	4	ENSG00000114770	0.9996763154797277	False
1.525569096340396e-05	0.9601990049751243	0.02861442180236215	0.01483051962360299	7	7	19	12	17	ENSG00000119013	0.9996763154797277	False
0.0008044314228032468	0.9601990049751243	0.08344779260699586	0.08580793182563093	10	5	7	4	5	ENSG00000119772	0.9996763154797277	False
0.0005766650954146895	0.9601990049751243	0.2174609799747105	0.14590554444384382	27	7	19	10	16	ENSG00000123066	0.9996763154797277	False
0.0005061499266666878	0.9601990049751243	0.15378500311465854	0.10500479164601303	9	7	16	5	9	ENSG00000124256	0.9996763154797277	False
3.3292269922875154e-05	0.9601990049751243	0.05655268210441964	0.060730894504299734	4	7	19	11	17	ENSG00000131171	0.9996763154797277	False
0.00041059119379466833	0.9601990049751243	0.07144927979530277	0.09493351900080255	3	7	16	5	10	ENSG00000131507	0.9996763154797277	False
0.00021186064970682477	0.9601990049751243	0.05397649501077371	0.03988581623550396	2	7	19	8	14	ENSG00000132646	0.9996763154797277	False
0.00028729691724371976	0.9601990049751243	0.07453508690314047	0.10281468433184045	7	7	17	6	11	ENSG00000136878	0.9996763154797277	False
0.00036957334280762907	0.9601990049751243	0.10469927109146804	0.12207088334125255	13	7	16	6	10	ENSG00000137575	0.9996763154797277	False
0.0012320210055208444	0.9601990049751243	0.18371012422643926	0.2403375068045727	12	5	7	3	4	ENSG00000138614	0.9996763154797277	False
0.000543087754433352	0.9601990049751243	0.06245144498912293	0.0812313732275666	8	6	8	3	6	ENSG00000153786	0.9996763154797277	False
0.002299365945574748	0.9601990049751243	0.10168032006096397	0.09645889824461253	6	7	9	3	6	ENSG00000161036	0.9996763154797277	False
0.0023672166645941324	0.9601990049751243	0.15898904034993494	0.19915217626093532	8	6	11	4	8	ENSG00000162819	0.9996763154797277	False
0.0009521849106607523	0.9601990049751243	0.3818807072767352	0.4151346451822319	6	7	11	4	7	ENSG00000164574	0.9996763154797277	False
0.00045740182225135654	0.9601990049751243	0.23814348067717783	0.2367280606717226	6	7	14	4	10	ENSG00000169905	0.9996763154797277	False
0.0033034055553765006	0.9601990049751243	0.26763126418510375	0.2614367614367614	20	7	14	5	10	ENSG00000182149	0.9996763154797277	False
0.00011538618205769903	0.9601990049751243	0.0722371336725616	0.029266027386371327	2	7	19	10	16	ENSG00000188229	0.9996763154797277	False
0.002597613582552498	0.9601990049751243	0.13112590663826407	0.15082181497019206	3	7	8	3	5	ENSG00000203993	0.9996763154797277	False
1.7844053837615159e-13	0.9601990049751243	1.8496938756593613e-05	6.400068267396496e-05	2	7	11	4	9	ENSG00000206177	0.9996763154797277	False
0.0010175885422125212	0.9601990049751243	0.11800574005637096	0.1081848041951534	13	7	14	4	9	ENSG00000213658	0.9996763154797277	False
0.006322658838955039	0.9651741293532339	0.4134311909021211	0.4376877779113087	13	3	5	3	4	ENSG00000061273	1.0	False
0.000690435099625639	0.9651741293532339	0.1966520478705719	0.18017008406305632	4	7	8	3	6	ENSG00000072401	1.0	False
0.00022657227714879079	0.9651741293532339	0.14431188083425878	0.12523014811811486	14	7	19	11	17	ENSG00000087365	1.0	False
9.99559692986724e-05	0.9651741293532339	0.12422825001533427	0.03837644150276177	9	6	13	4	8	ENSG00000100711	1.0	False
4.895728304130895e-05	0.9651741293532339	0.056726204100590046	0.03295604976325519	6	7	18	9	15	ENSG00000103035	1.0	False
0.0037772329204877847	0.9651741293532339	0.22106963462030796	0.18263667796378077	6	6	10	5	6	ENSG00000103254	1.0	False
0.00038672475250991345	0.9651741293532339	0.1544059193882742	0.10422579790075052	7	7	18	6	13	ENSG00000112312	1.0	False
4.023031775951947e-05	0.9651741293532339	0.01850098977567994	0.02485484011567308	4	7	18	8	14	ENSG00000115944	1.0	False
0.0007987903926540744	0.9651741293532339	0.12434437845132214	0.10230827421234487	8	7	18	8	14	ENSG00000122565	1.0	False
0.0003480249807735714	0.9651741293532339	0.10881088210026212	0.0717002912490026	14	7	19	12	17	ENSG00000129084	1.0	False
0.0004864727212800116	0.9651741293532339	0.09588306843827873	0.13365323932014533	16	7	13	4	9	ENSG00000131238	1.0	False
0.001713416863853018	0.9651741293532339	0.2663508472103272	0.2535292878213232	19	5	8	3	5	ENSG00000133794	1.0	False
0.00030953986753338135	0.9651741293532339	0.12099710525468245	0.15850150831326149	4	7	11	3	7	ENSG00000135801	1.0	False
0.005689766571270667	0.9651741293532339	0.2783632989092116	0.30824689178253517	19	5	8	4	5	ENSG00000140262	1.0	False
4.0963587131632155e-06	0.9651741293532339	0.006865751796482288	0.005215123859191653	3	7	11	4	7	ENSG00000141569	1.0	False
0.008056679508795163	0.9651741293532339	0.3767372723894463	0.24973282813562617	10	3	4	3	3	ENSG00000143740	1.0	False
0.0002564135943801637	0.9651741293532339	0.14531255041231256	0.06332648672742278	7	7	12	4	9	ENSG00000151893	1.0	False
1.433023995760672e-06	0.9651741293532339	0.006352727349677732	0.003577817531305915	4	7	19	7	14	ENSG00000153561	1.0	False
0.004153474736673614	0.9651741293532339	0.2314996727738584	0.20552635770027072	8	3	4	3	4	ENSG00000165689	1.0	False
2.2403600224341143e-06	0.9651741293532339	0.03270044339584266	0.023636363636363657	3	7	16	5	11	ENSG00000167182	1.0	False
0.0006724805474473643	0.9651741293532339	0.14253837390433644	0.0789572471653931	10	7	16	6	14	ENSG00000168071	1.0	False
0.00044839060512811847	0.9651741293532339	0.1499469340500345	0.05122079392028457	3	7	18	7	13	ENSG00000169217	1.0	False
2.748035308837662e-06	0.9651741293532339	0.007273495032440383	0.002945319503137386	3	7	18	8	14	ENSG00000177868	1.0	False
0.0011020715333855302	0.9651741293532339	0.23804873102435853	0.13920690227310437	10	7	10	3	7	ENSG00000178104	1.0	False
6.684631791097958e-05	0.9651741293532339	0.039345692352716094	0.034482758620689634	3	7	11	3	6	ENSG00000180185	1.0	False
0.0001492465869969162	0.9651741293532339	0.048799085017156026	0.056609988060438904	3	4	5	3	4	ENSG00000246263	1.0	False
0.00039459328701725474	0.9701492537313433	0.16677250272450755	0.055870674985819595	7	7	16	5	11	ENSG00000008282	1.0	False
0.0024421330152722635	0.9701492537313433	0.36317940487585826	0.25172498015509553	13	7	14	4	8	ENSG00000055147	1.0	False
0.004344469473608705	0.9701492537313433	0.2506452740831656	0.2897669522288369	17	6	8	3	4	ENSG00000103051	1.0	False
0.001438781045058716	0.9701492537313433	0.14598043370770641	0.07666621845726328	5	4	4	3	4	ENSG00000104863	1.0	False
0.0056649515671868805	0.9701492537313433	0.3443468845437673	0.30135841170323924	16	4	5	3	4	ENSG00000119725	1.0	False
0.0003741280923762115	0.9701492537313433	0.11448483067995098	0.10979182649977089	7	7	16	8	12	ENSG00000131508	1.0	False
0.0011901457595453909	0.9701492537313433	0.17826299172098542	0.1362312235221117	6	7	6	3	4	ENSG00000133103	1.0	False
0.003873441971112687	0.9701492537313433	0.30568156927699935	0.3002898550724638	14	6	8	3	6	ENSG00000135597	1.0	False
0.0003569318650389852	0.9701492537313433	0.1435428964972568	0.13268945963975992	21	7	18	10	16	ENSG00000138398	1.0	False
0.0015857156463782382	0.9701492537313433	0.26537246548983806	0.22200239828674245	18	7	15	4	10	ENSG00000143379	1.0	False
0.00045861219993571756	0.9701492537313433	0.15262742892181486	0.07648210444439074	18	7	18	6	14	ENSG00000147687	1.0	False
0.0002064322473693188	0.9701492537313433	0.14049884896238968	0.23931938590700585	6	7	13	4	7	ENSG00000148346	1.0	False
0.0024319111754454005	0.9701492537313433	0.3090665315871215	0.21436950146627567	17	3	5	3	4	ENSG00000153363	1.0	False
1.2326746590669563e-07	0.9701492537313433	0.0010548523206751269	0.0008748906386701779	2	7	17	6	12	ENSG00000154174	1.0	False
2.214838315266789e-06	0.9701492537313433	0.006698093107489167	0.007782101167315161	2	7	13	5	9	ENSG00000160284	1.0	False
0.002426278959447975	0.9701492537313433	0.23686252954325446	0.18595202315355927	5	6	6	3	5	ENSG00000160813	1.0	False
0.0007159391615331425	0.9701492537313433	0.17725891720929382	0.13126215198775493	5	7	18	5	11	ENSG00000166164	1.0	False
0.0005982855916270123	0.9701492537313433	0.11257637644461949	0.10966774004683838	6	7	17	7	11	ENSG00000167642	1.0	False
0.0010634377422969923	0.9701492537313433	0.2502239424967731	0.14404065719855189	12	6	8	4	7	ENSG00000178802	1.0	False
0.00024040994431069704	0.9701492537313433	0.11702253413673606	0.11370000964185854	4	7	16	6	12	ENSG00000185650	1.0	False
0.002576889056657333	0.9701492537313433	0.3260089213621201	0.195547385620915	6	4	6	3	3	ENSG00000186187	1.0	False
0.0003090041189190037	0.9701492537313433	0.358633069159385	0.26282439970894983	5	4	7	3	5	ENSG00000186951	1.0	False
2.353324585339703e-05	0.9701492537313433	0.0135135135135135	0.02158273381294963	3	7	12	3	8	ENSG00000189362	1.0	False
0.0008031350443658032	0.9701492537313433	0.130214748525177	0.1318000884564352	5	7	13	4	9	ENSG00000239857	1.0	False
0.00033989388176065713	0.9701492537313433	0.140901993067555	0.0822832442068897	10	5	6	3	4	ENSG00000291173	1.0	False
0.0005766702574633985	0.9751243781094527	0.3390480215622507	0.41558573651979835	12	4	6	3	5	ENSG00000025708	1.0	False
0.0013706964111505728	0.9751243781094527	0.17822577980258142	0.15767965713146614	5	7	12	5	8	ENSG00000027847	1.0	False
0.0003275272942042646	0.9751243781094527	0.06655500352639707	0.06023543162464521	9	7	15	5	10	ENSG00000047365	1.0	False
7.095210526458045e-05	0.9751243781094527	0.04451738634194778	0.020052580600525817	9	7	17	6	13	ENSG00000051596	1.0	False
0.0022997603640705654	0.9751243781094527	0.12290361967781324	0.10396039603960397	7	4	6	3	5	ENSG00000077684	1.0	False
5.610923878760686e-05	0.9751243781094527	0.041558018252933496	0.026548672566371726	9	7	9	3	6	ENSG00000084676	1.0	False
0.002586238822825398	0.9751243781094527	0.3567419035969072	0.33389070832797396	19	7	12	4	8	ENSG00000085788	1.0	False
0.0006391220892809517	0.9751243781094527	0.13065916083794837	0.12819950548145273	17	7	14	5	12	ENSG00000089820	1.0	False
0.000753033125076524	0.9751243781094527	0.1586109084424921	0.10944279515871208	11	4	6	3	4	ENSG00000093183	1.0	False
0.0001829865424627176	0.9751243781094527	0.05003754139205557	0.05351232941594389	10	7	15	6	11	ENSG00000102119	1.0	False
1.0298295497168133e-09	0.9751243781094527	3.693989878464661e-05	0.00013176966662275212	2	7	18	7	12	ENSG00000102760	1.0	False
0.0002184541946715375	0.9751243781094527	0.07959608742650748	0.05974842767295599	8	6	7	3	6	ENSG00000103148	1.0	False
0.0026438423502811808	0.9751243781094527	0.14096035004769608	0.13249118683901293	6	5	6	3	4	ENSG00000103160	1.0	False
0.0018404573789636042	0.9751243781094527	0.22554179472187155	0.19797178130511464	14	7	11	4	6	ENSG00000104731	1.0	False
0.00011962074392239477	0.9751243781094527	0.040836126024380956	0.05605999512570276	12	7	18	10	14	ENSG00000104870	1.0	False
0.003500133552232881	0.9751243781094527	0.24896717326841553	0.28124999999999994	13	6	7	3	4	ENSG00000105287	1.0	False
0.0017397369661664294	0.9751243781094527	0.27534003082467107	0.3108159392789373	7	7	13	4	9	ENSG00000109519	1.0	False
0.004839405066046113	0.9751243781094527	0.11110311453364628	0.3215581800255921	7	3	4	3	4	ENSG00000111725	1.0	False
0.0014381523846449967	0.9751243781094527	0.21757544304487392	0.15344057193923144	4	7	13	3	7	ENSG00000123739	1.0	False
0.0005486267450152763	0.9751243781094527	0.11577516630243115	0.19099666360570425	11	7	18	10	15	ENSG00000129534	1.0	False
0.00021586289037758504	0.9751243781094527	0.23498090294863225	0.25412973208796874	2	5	6	3	5	ENSG00000135966	1.0	False
0.0011182811976717098	0.9751243781094527	0.11071706112378979	0.20968039857258702	3	7	18	8	13	ENSG00000136810	1.0	False
7.429722139766908e-05	0.9751243781094527	0.009195402298850602	0.017130620985010718	2	3	4	3	3	ENSG00000142185	1.0	False
0.0007285126768588027	0.9751243781094527	0.13600580157031775	0.14366405754178127	5	6	10	3	8	ENSG00000142867	1.0	False
0.00012194367706142104	0.9751243781094527	0.13300832719683603	0.044309614039302586	24	7	19	7	15	ENSG00000149532	1.0	False
0.0005030944895145549	0.9751243781094527	0.04676408422147059	0.03825345467245687	4	4	6	4	4	ENSG00000152990	1.0	False
0.00033688972746271175	0.9751243781094527	0.07002513133895334	0.1309777568055714	8	5	5	3	4	ENSG00000155158	1.0	False
0.0002419200095131176	0.9751243781094527	0.10732676875179128	0.09777980712183434	9	7	15	5	10	ENSG00000158092	1.0	False
6.76011548867364e-06	0.9751243781094527	0.05739542087974546	0.04839810942287909	3	7	19	8	14	ENSG00000158869	1.0	False
0.0033569956700360104	0.9751243781094527	0.22357032261170046	0.15786454919253917	5	7	11	3	8	ENSG00000169641	1.0	False
4.523390394795694e-05	0.9751243781094527	0.13864207475197748	0.046794541457103794	12	7	19	12	18	ENSG00000185885	1.0	False
0.0005661303898724996	0.9751243781094527	0.21476255436104827	0.35333723653395777	6	4	5	4	4	ENSG00000196214	1.0	False
0.000218284150299595	0.9751243781094527	0.17456617181898376	0.0923462825332622	15	6	10	3	7	ENSG00000198373	1.0	False
9.86331848631182e-06	0.9751243781094527	0.08021711832218564	0.010713555510120642	3	7	16	5	12	ENSG00000259494	1.0	False
0.00033193300646385345	0.9800995024875622	0.13142407281946464	0.07909744572265685	10	7	11	5	8	ENSG00000033030	1.0	False
6.860182011396212e-05	0.9800995024875622	0.04992300073914766	0.05460242218571287	3	6	10	3	6	ENSG00000070190	1.0	False
0.0035559089806996838	0.9800995024875622	0.21291690231786128	0.2537272148922634	28	7	19	7	13	ENSG00000079616	1.0	False
0.00021996985781935703	0.9800995024875622	0.10917601541436622	0.0845821814525205	38	7	19	13	17	ENSG00000099622	1.0	False
6.987841478332936e-05	0.9800995024875622	0.07290027052663424	0.03148526778806834	6	7	19	9	17	ENSG00000100941	1.0	False
8.48527620962159e-05	0.9800995024875622	0.027528343887834608	0.013379527496878436	3	3	4	3	4	ENSG00000106479	1.0	False
0.0005016494159927749	0.9800995024875622	0.18615515186723597	0.10903547293453777	9	7	13	4	9	ENSG00000108578	1.0	False
0.002478063158213477	0.9800995024875622	0.19848670888033343	0.3482496057331481	9	4	6	3	5	ENSG00000114346	1.0	False
0.0001384752011370405	0.9800995024875622	0.13980641116027698	0.03439708947704428	5	7	16	5	10	ENSG00000120253	1.0	False
9.800924264589603e-05	0.9800995024875622	0.06329707779204177	0.033280560008468935	11	7	19	9	16	ENSG00000128463	1.0	False
1.4983720912275223e-05	0.9800995024875622	0.015384615384615389	0.006976744186046556	4	7	9	3	5	ENSG00000130021	1.0	False
0.001274450582243363	0.9800995024875622	0.4029548747138319	0.463257990640247	24	7	13	4	11	ENSG00000141279	1.0	False
6.183872652613417e-07	0.9800995024875622	0.009435626102292764	0.004681960919444037	4	7	14	6	11	ENSG00000142178	1.0	False
0.002253038160667264	0.9800995024875622	0.4407922458899619	0.5602272727272728	10	7	12	3	8	ENSG00000147955	1.0	False
0.0002715655525466569	0.9800995024875622	0.1609028205612646	0.03341558183726145	7	6	11	4	6	ENSG00000149792	1.0	False
5.9809129590076405e-05	0.9800995024875622	0.054174573832061736	0.02055172615222848	5	7	16	6	12	ENSG00000159348	1.0	False
0.00019900631259200588	0.9800995024875622	0.0454467754467755	0.043791202499550146	5	3	4	3	3	ENSG00000160219	1.0	False
0.00027311793727228986	0.9800995024875622	0.11107685773596011	0.08660627725018362	11	7	19	11	17	ENSG00000160799	1.0	False
0.0011324345562054921	0.9800995024875622	0.14913949361465248	0.13507296954314718	4	5	7	3	4	ENSG00000163050	1.0	False
0.007501284384965459	0.9800995024875622	0.5346113302537489	0.49656265783714015	11	6	10	3	7	ENSG00000169814	1.0	False
0.005434751449457616	0.9800995024875622	0.10975928826057182	0.12556600487634964	3	4	5	3	4	ENSG00000180953	1.0	False
0.0007915576901913625	0.9800995024875622	0.12666723167352528	0.08265385677392106	4	7	11	3	8	ENSG00000183475	1.0	False
1.6027773867325182e-05	0.9800995024875622	0.07189498904604213	0.026488864590996697	3	7	18	10	16	ENSG00000185608	1.0	False
3.959093206498261e-06	0.9800995024875622	0.0058823529411764835	0.005865102639296185	4	7	14	5	11	ENSG00000206527	1.0	False
0.0028119233816043493	0.9800995024875622	0.3045493461616662	0.4968920105355575	12	7	13	3	7	ENSG00000214063	1.0	False
0.0005811437180930854	0.9800995024875622	0.10527264893687542	0.056793478260869557	3	5	8	3	5	ENSG00000233822	1.0	False
0.003712388427047773	0.9850746268656716	0.2369572362772946	0.400276768725134	12	7	9	3	7	ENSG00000067182	1.0	False
6.511837701951068e-06	0.9850746268656716	0.025475860910707852	0.012508606317696635	2	7	14	4	9	ENSG00000067533	1.0	False
0.006805054758255387	0.9850746268656716	0.28283623101518784	0.3549682875264271	8	5	7	3	5	ENSG00000095951	1.0	False
0.0007782640714418878	0.9850746268656716	0.20817212447198583	0.09903783065976765	6	7	17	6	12	ENSG00000100908	1.0	False
0.0031874249234542028	0.9850746268656716	0.3326637965490811	0.3706983205126415	14	7	11	3	7	ENSG00000102805	1.0	False
0.0004094376483170882	0.9850746268656716	0.17717144498753692	0.07493067925151953	13	7	13	5	10	ENSG00000103415	1.0	False
1.5867120239198239e-06	0.9850746268656716	0.00512820512820515	0.003012048192771121	4	7	15	5	9	ENSG00000104695	1.0	False
0.0006406754254843603	0.9850746268656716	0.20978327870120295	0.1696271143667471	25	7	19	10	15	ENSG00000109861	1.0	False
6.945883811534638e-05	0.9850746268656716	0.05661990764335543	0.05311216184791877	2	6	9	4	6	ENSG00000116663	1.0	False
0.00017841814572552676	0.9850746268656716	0.10228502663134816	0.0553722038870554	3	5	6	3	5	ENSG00000117090	1.0	False
0.0028963721054004322	0.9850746268656716	0.24456568667866974	0.24207876281244378	14	7	12	4	7	ENSG00000118855	1.0	False
3.6391952504567453e-06	0.9850746268656716	0.05904786821330158	0.051433480495265436	4	5	7	3	4	ENSG00000119865	1.0	False
0.0006737882914838627	0.9850746268656716	0.11563590247891146	0.1507002972383174	14	7	19	9	16	ENSG00000127481	1.0	False
0.0006452053017216597	0.9850746268656716	0.12687192041420714	0.11850378021492927	10	7	19	9	15	ENSG00000128731	1.0	False
2.2334412467657144e-06	0.9850746268656716	0.009940657123297638	0.010397552053458558	7	7	18	8	15	ENSG00000130165	1.0	False
0.0035494090375981936	0.9850746268656716	0.24471410055715465	0.25108225108225113	9	5	6	3	4	ENSG00000134882	1.0	False
0.0005560263643782688	0.9850746268656716	0.23176782782991806	0.17462121212121218	3	5	5	3	4	ENSG00000135040	1.0	False
0.0008012013647900626	0.9850746268656716	0.17176965113567985	0.29217331254007817	16	7	17	3	7	ENSG00000135218	1.0	False
0.0014750853549406937	0.9850746268656716	0.15488774222175242	0.15902473456663035	5	6	8	3	6	ENSG00000137720	1.0	False
0.00042933166793857557	0.9850746268656716	0.1643714060586392	0.11259679541862574	19	7	11	4	7	ENSG00000140332	1.0	False
0.0004164002378401517	0.9850746268656716	0.14427043315172783	0.14455940478958382	2	6	10	4	7	ENSG00000142409	1.0	False
4.687886724032759e-05	0.9850746268656716	0.0957460730828957	0.05947077051110246	5	7	19	9	16	ENSG00000143621	1.0	False
0.0034954609997989838	0.9850746268656716	0.19062712264948833	0.20977229601518027	26	7	12	3	6	ENSG00000144591	1.0	False
3.541788631224162e-06	0.9850746268656716	0.008580122379894185	0.006253773380086073	6	7	14	6	12	ENSG00000146083	1.0	False
0.00012591036738648922	0.9850746268656716	0.033659339920682985	0.027972027972027975	4	6	8	3	5	ENSG00000146576	1.0	False
0.0003835822433370546	0.9850746268656716	0.1871429861761281	0.11567706052541946	13	7	19	9	16	ENSG00000150753	1.0	False
0.0005314223892064158	0.9850746268656716	0.09725274582454198	0.11111111111111108	15	6	13	3	9	ENSG00000155506	1.0	False
1.867212370765834e-05	0.9850746268656716	0.04087286704469407	0.035173136754232844	5	7	18	7	13	ENSG00000155903	1.0	False
0.0003342320532250794	0.9850746268656716	0.13684607429324647	0.1227918776938385	14	7	19	9	16	ENSG00000157020	1.0	False
0.0027292195901166575	0.9850746268656716	0.36476407300615316	0.4796092796092796	11	7	12	3	7	ENSG00000162174	1.0	False
5.9357266200219875e-05	0.9850746268656716	0.02451712766673388	0.025000000000000012	3	7	9	3	6	ENSG00000165271	1.0	False
0.004101310722835978	0.9850746268656716	0.1942246136076574	0.41835981277605644	5	5	5	3	4	ENSG00000166822	1.0	False
0.00027431930982831754	0.9850746268656716	0.037557777899603365	0.07335526979914156	11	7	18	9	16	ENSG00000169189	1.0	False
9.081638229520484e-05	0.9850746268656716	0.05148897247594935	0.038947448292433094	6	7	18	7	14	ENSG00000169249	1.0	False
0.0010015644997856915	0.9850746268656716	0.14575621175682063	0.2204573878863677	7	6	10	4	8	ENSG00000171067	1.0	False
0.007846706315793468	0.9850746268656716	0.29834170979225205	0.3550500454959054	13	7	14	4	8	ENSG00000171453	1.0	False
0.0008356952987166385	0.9850746268656716	0.13944079499323003	0.1472099976484026	6	7	16	5	9	ENSG00000172172	1.0	False
2.560228352644006e-05	0.9850746268656716	0.06611608860119901	0.02161013828278923	2	7	18	11	16	ENSG00000186395	1.0	False
2.178317108204807e-05	0.9850746268656716	0.016483516483516453	0.0135135135135135	3	5	6	3	5	ENSG00000187862	1.0	False
5.1173885087636476e-08	0.9850746268656716	0.0016987720040010743	0.001918039930746358	6	7	19	12	18	ENSG00000196126	1.0	False
0.0005140662318636787	0.9850746268656716	0.08167590580223627	0.06693800027133358	7	7	17	6	12	ENSG00000198960	1.0	False
5.313016535418714e-06	0.9850746268656716	0.008320532514080901	0.006805457775989823	3	3	4	3	4	ENSG00000213139	1.0	False
0.0005708225813028018	0.9850746268656716	0.15998853246131106	0.21242680882728762	7	7	17	7	12	ENSG00000213246	1.0	False
0.00040311645620023587	0.9850746268656716	0.17211160982721613	0.10146150032047793	8	7	19	8	15	ENSG00000213445	1.0	False
0.0006181356583614215	0.9850746268656716	0.13031530328658686	0.16649014176307642	8	7	18	6	14	ENSG00000213676	1.0	False
0.0031633994238669514	0.9850746268656716	0.14534807943776834	0.258041085524401	4	7	18	7	13	ENSG00000284194	1.0	False
3.0108767451933303e-05	0.9900497512437811	0.05718058897084697	0.058037937017733944	7	7	19	9	15	ENSG00000048828	1.0	False
0.0005760545657307414	0.9900497512437811	0.12640305617287162	0.13338103756708408	3	7	12	3	9	ENSG00000076003	1.0	False
5.791602303037702e-06	0.9900497512437811	0.009339797819085519	0.016560323274807488	3	7	17	8	14	ENSG00000091317	1.0	False
3.183003682302488e-05	0.9900497512437811	0.036142595492673735	0.03425414364640887	4	7	17	8	11	ENSG00000103326	1.0	False
0.0024285129055696083	0.9900497512437811	0.24691294938808506	0.2067175166019296	17	6	13	4	9	ENSG00000109670	1.0	False
0.0007250402252154046	0.9900497512437811	0.1428736274952298	0.17621723643691373	14	7	13	3	9	ENSG00000117984	1.0	False
0.00018974842496055253	0.9900497512437811	0.10698815694636496	0.038702445066359406	5	7	12	3	9	ENSG00000119541	1.0	False
0.0005636251808038848	0.9900497512437811	0.0815758740599414	0.183761509352461	4	7	18	8	14	ENSG00000131174	1.0	False
0.00019114325081685178	0.9900497512437811	0.14048293365236603	0.11671353238743284	2	6	7	3	5	ENSG00000133111	1.0	False
0.00016241020598581108	0.9900497512437811	0.0437172949251423	0.04256042296072512	6	7	11	5	8	ENSG00000138621	1.0	False
0.0001382300270285639	0.9900497512437811	0.2100481299104256	0.07408317206588103	6	7	16	5	12	ENSG00000138756	1.0	False
3.0322068268585648e-05	0.9900497512437811	0.0328682605291525	0.0346698113207547	5	7	17	7	14	ENSG00000141101	1.0	False
0.0004151243039232339	0.9900497512437811	0.14652090781441005	0.15233520218565086	6	7	14	4	9	ENSG00000143970	1.0	False
0.0012344868384057558	0.9900497512437811	0.13318046961829655	0.10471478942701243	9	7	17	6	12	ENSG00000157916	1.0	False
0.000500821405595053	0.9900497512437811	0.20924608124270497	0.12236734868957236	8	7	12	4	7	ENSG00000162086	1.0	False
0.00019304578041824864	0.9900497512437811	0.10315315315315313	0.04716981132075469	7	5	8	4	5	ENSG00000163002	1.0	False
0.0035711886640099155	0.9900497512437811	0.38080734920649334	0.41988917591843977	10	7	14	3	9	ENSG00000163812	1.0	False
0.002844228801842031	0.9900497512437811	0.2829162882940822	0.2832290954958743	26	7	16	4	11	ENSG00000173692	1.0	False
0.0010827389165483066	0.9900497512437811	0.25470634704955597	0.24062092286391357	6	7	11	3	7	ENSG00000175792	1.0	False
0.0010128756871999466	0.9900497512437811	0.11887303713320366	0.10723531196278693	3	7	18	6	11	ENSG00000184983	1.0	False
2.5368084256638625e-05	0.9900497512437811	0.06557579841948574	0.027532467532467582	4	7	17	4	12	ENSG00000185721	1.0	False
2.1639186789095822e-05	0.9900497512437811	0.03750901118327783	0.01632700209164486	15	7	18	8	15	ENSG00000185864	1.0	False
6.887429321486225e-05	0.9900497512437811	0.022170692646470008	0.015957446808510634	3	4	4	3	4	ENSG00000196436	1.0	False
0.0006737600682501625	0.9900497512437811	0.14281250724122813	0.08794491830726894	5	7	18	8	13	ENSG00000248098	1.0	False
0.002934617632007523	0.9900497512437811	0.219027208192508	0.19370663466226606	9	4	4	3	4	ENSG00000285533	1.0	False
0.0028729286431100213	0.9950248756218906	0.25616483399958806	0.2145593869731801	10	7	11	3	6	ENSG00000002822	1.0	False
0.0004058806697139896	0.9950248756218906	0.14695689456028677	0.12448602934305206	25	7	13	4	8	ENSG00000054654	1.0	False
7.307881099545865e-07	0.9950248756218906	0.003947367426977189	0.0028195488721804753	3	7	18	8	13	ENSG00000067704	1.0	False
0.00016635997597021584	0.9950248756218906	0.12239044384240427	0.10848052755406805	24	7	18	10	15	ENSG00000101294	1.0	False
9.38211420863821e-05	0.9950248756218906	0.09281075298512115	0.05320370123733957	6	7	11	3	6	ENSG00000125149	1.0	False
0.000776404434333384	0.9950248756218906	0.19487118938196493	0.17514108698319225	16	7	15	5	10	ENSG00000134291	1.0	False
0.00021893805078971668	0.9950248756218906	0.22450293153756065	0.16624121153915844	10	7	15	6	10	ENSG00000140497	1.0	False
0.0011123658404818724	0.9950248756218906	0.26501392373394184	0.118370982106712	11	5	6	3	4	ENSG00000143889	1.0	False
9.389319583491717e-08	0.9950248756218906	0.0015123854524627832	0.000991080277502488	2	7	18	7	15	ENSG00000148291	1.0	False
0.0024216973759187575	0.9950248756218906	0.21807691994539208	0.15239617619730067	6	7	14	4	9	ENSG00000162623	1.0	False
3.805548176955612e-05	0.9950248756218906	0.06729106602143406	0.057330368149373	6	7	19	11	17	ENSG00000163902	1.0	False
0.0007252081154600824	0.9950248756218906	0.13494370113480877	0.118938198346064	8	7	18	7	13	ENSG00000164190	1.0	False
0.0010288865440880384	0.9950248756218906	0.3483338998549385	0.36725058669179733	12	6	9	3	6	ENSG00000171316	1.0	False
0.0021818062562223295	0.9950248756218906	0.43371662414131523	0.3628607319602404	10	5	9	3	6	ENSG00000172354	1.0	False
0.0009428899913497399	0.9950248756218906	0.41885798777246147	0.3411458333333333	4	4	5	3	3	ENSG00000172466	1.0	False
9.19936271852678e-06	0.9950248756218906	0.03405552733364578	0.01596711330295559	8	7	18	10	15	ENSG00000173992	1.0	False
0.004041709077023283	0.9950248756218906	0.2091300208503139	0.314649473714075	17	7	13	5	8	ENSG00000179094	1.0	False
5.961896810374177e-07	0.9950248756218906	0.0033692811600999064	0.002987286515143805	2	7	19	9	16	ENSG00000187840	1.0	False
9.612903170338397e-07	0.9950248756218906	0.0028342762778335025	0.0027122321670735336	4	7	17	8	13	ENSG00000198832	1.0	False
6.576976093028259e-06	0.9950248756218906	0.024944660846245453	0.007810277628155568	12	7	19	12	18	ENSG00000226950	1.0	False
1.1661542201594223e-05	0.9950248756218906	0.07021963096810302	0.0347070707070707	2	4	7	3	6	ENSG00000230138	1.0	False
0.00018935338329450067	0.9950248756218906	0.07635421818100077	0.09566480797926648	5	5	6	4	4	ENSG00000256043	1.0	False
0.00021690589253218508	0.9950248756218906	0.09855813287514321	0.06280591761535502	5	6	7	3	5	ENSG00000275835	1.0	False
0.0004824432664009451	0.9950248756218906	0.14801303092465984	0.1818452380952381	5	7	16	5	10	ENSG00000290832	1.0	False
0.002714789084474836	0.9950248756218906	0.3267460133872348	0.24815188172043007	15	3	4	3	4	ENSG00000291129	1.0	False
5.101531751276812e-05	1.0	0.022902425660824566	0.00960684907186402	3	2	3	3	3	ENSG00000009413	1.0	False
0.0007311605793706099	1.0	0.06361690743713219	0.10436715552061591	6	3	4	3	4	ENSG00000013725	1.0	False
5.726981940339879e-06	1.0	0.010733139402482788	0.00977860672077904	2	7	19	7	16	ENSG00000060491	1.0	False
0.0003156558254413449	1.0	0.13210108380916663	0.11303336380466955	27	7	13	4	9	ENSG00000064601	1.0	False
0.0016354876105126653	1.0	0.08695652173913049	0.07629870129870128	7	2	3	3	3	ENSG00000065485	1.0	False
0.0009587813139689674	1.0	0.25971360501723967	0.3074034747409282	30	7	19	8	14	ENSG00000072778	1.0	False
0.0009260232305561046	1.0	0.29426191881434843	0.15204712526167186	8	4	5	3	4	ENSG00000073910	1.0	False
0.000839316610550946	1.0	0.05155612964257911	0.20859671302149174	6	2	3	3	3	ENSG00000075407	1.0	False
0.0021907848940767574	1.0	0.08482676224611704	0.24968421052631581	5	2	3	3	3	ENSG00000089060	1.0	False
0.00026816615146731484	1.0	0.06504201355452192	0.06589147286821706	8	2	3	3	3	ENSG00000102882	1.0	False
0.0015591489449874685	1.0	0.10101590792080076	0.031077054065559828	4	2	3	3	3	ENSG00000103047	1.0	False
0.0009021461115347189	1.0	0.09827570358473083	0.12117573054268888	8	2	4	4	4	ENSG00000105865	1.0	False
0.0004062102896163047	1.0	0.19403297264903313	0.17165187595048803	8	7	11	3	6	ENSG00000107372	1.0	False
0.0007747434951279104	1.0	0.2357617430988171	0.20707298827049841	10	5	7	3	5	ENSG00000107771	1.0	False
0.005480232735914036	1.0	0.0015432098765432965	0.11879100898574399	3	2	3	3	3	ENSG00000116212	1.0	False
1.0728551412464976e-05	1.0	0.008171761903105139	0.0005314724096496855	2	2	3	3	3	ENSG00000116661	1.0	False
3.314128349026531e-06	1.0	0.022851233802917814	0.06228373702422141	2	2	5	5	5	ENSG00000120875	1.0	False
0.00028218854347725056	1.0	0.14888246429397228	0.13685330373042856	6	4	5	3	5	ENSG00000121989	1.0	False
0.00468524898417354	1.0	0.17763772175536885	0.23706324635117204	8	2	3	3	3	ENSG00000122515	1.0	False
0.011778417972821725	1.0	0.18133175090666936	0.32999014639639646	4	5	8	3	4	ENSG00000123405	1.0	False
0.0005653063668966635	1.0	0.07987217962465491	0.1247105718221519	10	7	10	4	8	ENSG00000124198	1.0	False
5.1988989381806955e-05	1.0	0.04445147549080143	0.053152338033741725	9	3	5	3	5	ENSG00000125257	1.0	False
4.61215004969209e-06	1.0	0.06852456020914209	0.02412376779846657	5	2	4	4	4	ENSG00000128000	1.0	False
0.0004066773602321724	1.0	0.02581369248035914	0.06133333333333334	2	2	3	3	3	ENSG00000130487	1.0	False
0.0005115833124613687	1.0	0.18366768666134656	0.18991615766910733	9	6	11	4	6	ENSG00000130921	1.0	False
0.0001249786320471074	1.0	0.017182130584192455	0.034722222222222196	3	2	3	3	3	ENSG00000131116	1.0	False
2.712822656064193e-05	1.0	0.04147079895890947	0.016890195797174212	2	7	14	5	12	ENSG00000131263	1.0	False
0.0002459028042262328	1.0	0.1934673215753643	0.12030075187969924	7	3	5	3	4	ENSG00000134146	1.0	False
0.004308493852061834	1.0	0.14667094856411964	0.07550256394123382	3	2	3	3	3	ENSG00000135205	1.0	False
0.0010392239211157637	1.0	0.20921004901588175	0.16836261457878657	10	7	14	4	9	ENSG00000135269	1.0	False
7.261851489075338e-07	1.0	0.0212518165592872	0.013277696776881167	3	7	18	5	12	ENSG00000135776	1.0	False
1.2683643514146305e-05	1.0	0.008358208955223932	0.003991130820399095	3	2	3	3	3	ENSG00000137171	1.0	False
0.0018961257653600729	1.0	0.11343057732648783	0.08359208523592085	5	2	3	3	3	ENSG00000137185	1.0	False
0.0011425001055012439	1.0	0.13223688153265623	0.1956632113391157	10	2	3	3	3	ENSG00000137343	1.0	False
2.409135987646154e-05	1.0	0.009335448837379799	0.016864295125164696	5	2	4	4	4	ENSG00000137801	1.0	False
0.005428472590021298	1.0	0.3005391088400965	0.2506161971830986	16	7	9	4	6	ENSG00000138375	1.0	False
0.0002618924851473807	1.0	0.052002028840799956	0.04548229548229551	9	6	6	3	5	ENSG00000149476	1.0	False
0.0008313071476994243	1.0	0.15246584521810758	0.12986296330359606	13	7	15	5	11	ENSG00000149743	1.0	False
0.00019439789954662682	1.0	0.1406197300121424	0.060383916610308674	3	7	15	5	9	ENSG00000154370	1.0	False
0.00014962749552313953	1.0	0.04157108062762632	0.027295584833551236	4	2	3	3	3	ENSG00000155189	1.0	False
0.0010459459797409298	1.0	0.07437372647728625	0.1663989125061789	6	2	3	3	3	ENSG00000155846	1.0	False
0.00014885039857497854	1.0	0.0032617776324870215	0.013405521783181343	2	2	3	3	3	ENSG00000160791	1.0	False
0.00038839534661973306	1.0	0.05784305280385906	0.2188554849343524	2	2	3	3	3	ENSG00000162591	1.0	False
0.0006439759655817375	1.0	0.06493011493011497	0.06742346061231509	6	2	3	3	3	ENSG00000162927	1.0	False
0.0002249183562487766	1.0	0.030616830065359507	0.019658119658119644	3	2	3	3	3	ENSG00000163626	1.0	False
4.0825546242168884e-05	1.0	0.15961219667277698	0.1323192759289357	12	7	18	7	16	ENSG00000163931	1.0	False
0.0014968518809076845	1.0	0.08091159215289173	0.07899502782442623	3	2	3	3	3	ENSG00000164338	1.0	False
0.005209716888542877	1.0	0.21406706988102334	0.17741481272880882	6	2	3	3	3	ENSG00000164620	1.0	False
0.0006727019240879459	1.0	0.16930397034297973	0.09643852316266105	8	5	7	3	6	ENSG00000164654	1.0	False
0.0007998461688970867	1.0	0.1844505366517945	0.026213027583914878	6	3	3	3	3	ENSG00000164983	1.0	False
0.0006948204142779508	1.0	0.12092489658689554	0.08513680379541175	9	2	3	3	3	ENSG00000165071	1.0	False
0.0005305837870003771	1.0	0.0649821764234999	0.09248626373626372	7	2	3	3	3	ENSG00000165806	1.0	False
0.0005405691024556067	1.0	0.16628520062549482	0.21799215574198938	22	7	17	6	12	ENSG00000167460	1.0	False
3.2797423734025444e-06	1.0	0.011385240093212123	0.0001977182472908401	2	2	3	3	3	ENSG00000167618	1.0	False
0.02669673051498834	1.0	0.1120692662204937	0.25216210839214037	4	2	3	3	3	ENSG00000170836	1.0	False
0.002276551347971307	1.0	0.25701494648863066	0.1957856634994506	11	2	3	3	3	ENSG00000171163	1.0	False
0.000848583051266665	1.0	0.13127938198747366	0.10822990096440775	8	7	17	7	10	ENSG00000171475	1.0	False
0.0014960200456551873	1.0	0.10827664399092972	0.14836601307189545	8	2	3	3	3	ENSG00000172575	1.0	False
0.00011426208172405723	1.0	0.15517709557921036	0.08843410507861858	7	7	14	7	12	ENSG00000175727	1.0	False
0.0001468916820340494	1.0	0.09561965248729752	0.1620891818911621	13	7	16	4	11	ENSG00000177084	1.0	False
0.0005307182398265297	1.0	0.08723812256652987	0.05674697493517717	6	3	4	3	4	ENSG00000182541	1.0	False
0.01157611214239523	1.0	0.23446488709646607	0.2873114077933355	8	2	3	3	3	ENSG00000185246	1.0	False
9.219879569236666e-05	1.0	0.02336338699783775	0.007045017595912679	4	2	3	3	3	ENSG00000185900	1.0	False
0.0011843064009158335	1.0	0.10328512006050301	0.04263389037814409	4	2	3	3	3	ENSG00000187187	1.0	False
0.0007808311356987825	1.0	0.09256854256854258	0.10957301132827084	8	2	3	3	3	ENSG00000188092	1.0	False
0.008684173455801528	1.0	0.07389802555588365	0.23973732914130264	3	2	3	3	3	ENSG00000188735	1.0	False
0.0001407343707244709	1.0	0.16408329810297037	0.131755240046017	8	7	15	6	10	ENSG00000196187	1.0	False
0.036150233165271634	1.0	0.211060606060606	0.4039313547560585	10	2	3	3	3	ENSG00000198690	1.0	False
0.00022205651219872667	1.0	0.04595115720576057	0.06004031242126482	2	7	9	3	6	ENSG00000204524	1.0	False
9.346408067488986e-05	1.0	0.011020531400966146	0.033000219635405226	3	2	3	3	3	ENSG00000213533	1.0	False
9.336785276232664e-06	1.0	0.00515767757147062	0.006034063260340625	2	2	3	3	3	ENSG00000225138	1.0	False
0.003066738542437078	1.0	0.09489534115646314	0.08116726253744323	4	2	3	3	3	ENSG00000226648	1.0	False
0.00033659737150482707	1.0	0.09197540980914891	0.08953488372093023	8	7	15	3	12	ENSG00000236287	1.0	False
0.0003527125373972533	1.0	0.08369408369408377	0.34948027718550106	5	2	3	3	3	ENSG00000237945	1.0	False
2.506320633335733e-06	1.0	0.0015766920747526114	0.006105006105006111	2	2	3	3	3	ENSG00000243811	1.0	False
2.184072963247528e-06	1.0	0.02571428571428576	0.0004273504273504267	2	2	3	3	3	ENSG00000267390	1.0	False
0.0005445684526936051	1.0	0.14288948485377043	0.045540402377527885	4	2	3	3	3	ENSG00000273018	1.0	False
6.505793885140546e-05	1.0	0.015122265122265173	0.00977137488255556	2	2	3	3	3	ENSG00000290937	1.0	False
