statistic	pval	effect_equal_donor	effect_pooled_counts	n_features	n_celltypes	n_donors	min_donors_per_celltype	max_donors_per_celltype	gene	qval	sig
0.000333428571363098	0.004975124378109453	0.13234655016396152	0.14198714086486394	14	7	19	11	16	ENSG00000002586	1.0	False
0.006695986463932691	0.004975124378109453	0.23926926901501028	0.38259449758177083	14	7	18	6	10	ENSG00000082074	1.0	False
2.5813159747131503e-05	0.004975124378109453	0.026638536942656124	0.022149687312378444	5	7	19	8	15	ENSG00000105374	1.0	False
0.000422505869505131	0.004975124378109453	0.06027669750893177	0.06739516275686487	9	7	19	12	17	ENSG00000106245	1.0	False
0.012042744081508367	0.004975124378109453	0.3654772386743229	0.3780985127138974	7	7	11	3	8	ENSG00000106266	1.0	False
0.006033533549731064	0.004975124378109453	0.27390491564663455	0.31407734806629833	9	5	10	4	6	ENSG00000108582	1.0	False
0.0003901191163429527	0.004975124378109453	0.08323474100279564	0.05179178088526215	2	7	12	3	9	ENSG00000128590	1.0	False
0.006389037836425402	0.004975124378109453	0.26428023164835424	0.2689744186538584	2	6	7	3	5	ENSG00000129480	1.0	False
0.01697753410038711	0.004975124378109453	0.6065310978730343	0.7131818181818181	13	6	11	4	6	ENSG00000135905	1.0	False
0.022480467327059307	0.004975124378109453	0.4055117463870507	0.35609756097560974	2	7	14	4	9	ENSG00000136868	1.0	False
0.0014527558706500948	0.004975124378109453	0.18094293831018288	0.16013212695677154	10	7	15	4	8	ENSG00000137642	1.0	False
0.0004734710719501272	0.004975124378109453	0.0899040659792553	0.07569622683596913	6	7	18	8	12	ENSG00000169249	1.0	False
5.1151252160820025e-06	0.004975124378109453	0.01664135121930574	0.011456851356348809	3	7	13	4	9	ENSG00000169583	1.0	False
0.0025706041180908463	0.004975124378109453	0.34615825449503745	0.5295467584624212	7	7	11	3	7	ENSG00000183530	1.0	False
0.02116546703344146	0.004975124378109453	0.2909942182001006	0.4177518335578506	6	3	4	3	4	ENSG00000197857	1.0	False
0.012086421945328402	0.004975124378109453	0.20351393891843456	0.20846246260033824	4	6	8	3	6	ENSG00000198917	1.0	False
0.0008221280445066565	0.009950248756218905	0.15822161758427383	0.09133225731586386	11	7	12	3	7	ENSG00000100731	1.0	False
8.717032498761554e-07	0.009950248756218905	0.0010101010101010134	0.0026631158455392625	3	7	16	6	12	ENSG00000107872	1.0	False
0.0056754803700226324	0.009950248756218905	0.3152108247047783	0.24307301982952395	8	7	12	3	8	ENSG00000113845	1.0	False
3.600490161237199e-05	0.009950248756218905	0.052486455108359135	0.023121387283236986	7	7	10	3	7	ENSG00000123643	1.0	False
0.00909833980960261	0.009950248756218905	0.23154759306253375	0.21624383525125518	4	7	11	3	6	ENSG00000129696	1.0	False
0.0017344574210928212	0.009950248756218905	0.10944922926820601	0.10063004213857164	7	7	19	7	15	ENSG00000154767	1.0	False
6.130339154696252e-06	0.009950248756218905	0.014716845215304515	0.007307703770564376	5	7	19	13	17	ENSG00000158710	1.0	False
0.005971756053408456	0.009950248756218905	0.24090802740013548	0.20381966244757088	12	7	17	6	11	ENSG00000178234	1.0	False
0.018450776009599223	0.009950248756218905	0.36986467704255127	0.384836625960677	10	7	13	4	8	ENSG00000182957	1.0	False
0.0012025205987976678	0.009950248756218905	0.1436541013495223	0.1985860768464508	2	6	12	5	7	ENSG00000185477	1.0	False
0.005563852964080247	0.009950248756218905	0.2346039344953538	0.2463990335470681	6	6	10	4	8	ENSG00000196236	1.0	False
0.00026264703502905265	0.009950248756218905	0.0724898386663059	0.03717857566062331	6	7	14	3	9	ENSG00000196267	1.0	False
0.00022663656182670316	0.009950248756218905	0.0806106165275661	0.08936636308547997	8	7	19	10	16	ENSG00000204257	1.0	False
7.294404195444269e-08	0.009950248756218905	0.00022401433691755337	0.001267427122940455	2	7	18	7	10	ENSG00000243279	1.0	False
0.0016147331862738112	0.009950248756218905	0.11153199171113325	0.10134224709784415	3	4	4	3	4	ENSG00000259972	1.0	False
0.003388266159953875	0.009950248756218905	0.25668896321070234	0.16766467065868262	2	4	5	3	5	ENSG00000267532	1.0	False
0.0022821323024394408	0.014925373134328358	0.1743871730824308	0.17810708553084156	18	7	15	5	11	ENSG00000008128	1.0	False
0.006919766789317246	0.014925373134328358	0.2939672160615315	0.24210873690289575	2	7	7	3	5	ENSG00000014919	1.0	False
0.0034345990052114866	0.014925373134328358	0.2890080600171525	0.2402673561594541	8	7	12	4	7	ENSG00000090487	1.0	False
7.04304931586899e-05	0.014925373134328358	0.031909483854564005	0.024752475247524743	6	5	8	3	5	ENSG00000096996	1.0	False
0.0007054953339805389	0.014925373134328358	0.1397111453167677	0.21687219711883365	5	7	18	11	15	ENSG00000099860	1.0	False
0.00797421567359942	0.014925373134328358	0.28158884162340203	0.29660473507161983	10	7	19	11	17	ENSG00000106211	1.0	False
0.01358982111619497	0.014925373134328358	0.465883439265244	0.537037037037037	22	6	8	4	6	ENSG00000106617	1.0	False
0.00010728912481613637	0.014925373134328358	0.021473589435774286	0.026011560693641626	2	7	12	4	8	ENSG00000116157	1.0	False
7.78435172561491e-06	0.014925373134328358	0.027925297902766405	0.007557554882819872	8	7	19	13	18	ENSG00000128340	1.0	False
0.004080970094752646	0.014925373134328358	0.26796407754608875	0.22869890885071012	8	6	9	3	7	ENSG00000151348	1.0	False
7.481482755575761e-07	0.014925373134328358	0.005130331460256968	0.0021957340025093985	2	7	19	8	15	ENSG00000158195	1.0	False
0.00777142111688253	0.014925373134328358	0.470642730571603	0.4360251498182533	7	7	12	3	8	ENSG00000163001	1.0	False
4.032729946657622e-05	0.014925373134328358	0.029278007541455882	0.017721518987341776	7	7	11	3	8	ENSG00000173744	1.0	False
0.005241429453193198	0.014925373134328358	0.2240612289217822	0.2460628772040551	16	7	19	9	14	ENSG00000177200	1.0	False
0.006322146236533733	0.014925373134328358	0.28701916741539385	0.3201560876129968	15	6	9	3	7	ENSG00000177302	1.0	False
0.012576866563439655	0.014925373134328358	0.3775947185181814	0.32561878569917496	15	5	7	3	5	ENSG00000197555	1.0	False
0.02314345055130682	0.014925373134328358	0.3469436356766149	0.3470893141945774	7	4	7	3	5	ENSG00000197601	1.0	False
0.006226545439207847	0.014925373134328358	0.44897938834425677	0.6429129309924012	24	7	12	4	6	ENSG00000226688	1.0	False
0.00015161329049873253	0.014925373134328358	0.05463260619977042	0.06319702602230484	5	6	8	3	5	ENSG00000270049	1.0	False
0.0022477377570988776	0.01990049751243781	0.16754007740028487	0.14596109402580387	4	7	15	4	9	ENSG00000051009	1.0	False
0.0038800870200245406	0.01990049751243781	0.27575757575757576	0.2592592592592593	2	7	10	3	5	ENSG00000066455	1.0	False
1.4393542548533834e-06	0.01990049751243781	0.008267551974034365	0.003279026696598919	3	7	19	12	18	ENSG00000100632	1.0	False
0.00017912443350811118	0.01990049751243781	0.04194650642158594	0.06060606060606058	3	5	6	3	4	ENSG00000113273	1.0	False
0.028877760720796848	0.01990049751243781	0.7391091668138527	0.7762885037463103	13	7	11	3	6	ENSG00000113448	1.0	False
0.001124383088249933	0.01990049751243781	0.08210269369508706	0.12	4	5	6	3	5	ENSG00000138111	1.0	False
0.0017983964429114127	0.01990049751243781	0.1753952217750214	0.18337364941138526	19	7	11	3	8	ENSG00000140332	1.0	False
0.00014361565300693177	0.01990049751243781	0.04838442983368197	0.02576738609112708	7	7	13	4	10	ENSG00000140743	1.0	False
0.012774240153338837	0.01990049751243781	0.3138900354678926	0.3325110689437065	7	5	9	3	6	ENSG00000141905	1.0	False
0.00021054427559156436	0.01990049751243781	0.046720471552467224	0.1258385761220513	5	7	16	7	12	ENSG00000158615	1.0	False
0.004848657454168801	0.01990049751243781	0.23334471093399053	0.21527581749840285	4	6	12	5	6	ENSG00000162645	1.0	False
0.0012871799301511907	0.01990049751243781	0.28447718825862106	0.25730517749902276	12	7	14	4	10	ENSG00000171476	1.0	False
0.0005774199711957951	0.01990049751243781	0.04295446992356265	0.0512820512820513	4	5	4	3	3	ENSG00000196670	1.0	False
0.008077117538696254	0.024875621890547265	0.31008465697459153	0.2583535776143239	8	7	11	3	8	ENSG00000071073	1.0	False
0.0036743896866662518	0.024875621890547265	0.13586043586043586	0.14528773978315268	6	5	5	3	3	ENSG00000075407	1.0	False
0.001955441311574887	0.024875621890547265	0.24145758431386363	0.18968638272761987	17	7	16	6	13	ENSG00000104164	1.0	False
0.000765391832110554	0.024875621890547265	0.08869160718974521	0.09565065433396264	5	7	17	7	12	ENSG00000111615	1.0	False
8.900847963679065e-05	0.024875621890547265	0.02481879633875589	0.023923852796716497	4	7	16	6	12	ENSG00000121410	1.0	False
0.003553661583573108	0.024875621890547265	0.23389153069506666	0.31806738678610114	7	7	12	3	8	ENSG00000122952	1.0	False
0.0022624803199993533	0.024875621890547265	0.15887574394391396	0.14134717899953897	8	7	18	7	15	ENSG00000124177	1.0	False
2.4201127665806503e-08	0.024875621890547265	0.00031210986267168856	0.0013080444735120854	2	7	15	5	11	ENSG00000126458	1.0	False
5.75870417206221e-05	0.024875621890547265	0.03661460442373055	0.019705594178542788	2	7	19	9	16	ENSG00000129355	1.0	False
0.012463006712234275	0.024875621890547265	0.21287497540232603	0.2612668607630825	8	4	5	3	5	ENSG00000133422	1.0	False
0.0018434316474772315	0.024875621890547265	0.2343114204182357	0.3098897598964381	7	6	12	4	8	ENSG00000133789	1.0	False
0.00018016874054688453	0.024875621890547265	0.04530100992360856	0.05859156308541443	22	7	19	13	19	ENSG00000142541	1.0	False
0.005808199522553822	0.024875621890547265	0.28367151438856864	0.26790160947464314	6	3	5	3	5	ENSG00000155275	1.0	False
0.0028727565044391985	0.024875621890547265	0.38577600475797724	0.40172101449275366	7	6	11	3	7	ENSG00000156273	1.0	False
0.0005717062727366064	0.024875621890547265	0.1318892169861277	0.1301056515176924	3	6	11	3	7	ENSG00000204323	1.0	False
0.0014970930631157656	0.024875621890547265	0.15547777919148117	0.12117668554723184	6	7	16	5	10	ENSG00000205670	1.0	False
0.0021341171987530015	0.024875621890547265	0.19023991611897115	0.14623197727394543	3	7	14	6	9	ENSG00000264112	1.0	False
0.005328881171888859	0.024875621890547265	0.4579313150776695	0.4786438467807661	16	7	9	3	6	ENSG00000291158	1.0	False
0.008560599223103078	0.029850746268656716	0.2474560790174473	0.22759322137591387	12	7	15	6	10	ENSG00000065882	1.0	False
0.032280560269442975	0.029850746268656716	0.5143370596208119	0.5502136752136753	19	4	5	3	4	ENSG00000068912	1.0	False
0.012767424987240674	0.029850746268656716	0.35431636821518736	0.31232873517648296	11	7	12	3	8	ENSG00000071994	1.0	False
0.005777827000150349	0.029850746268656716	0.11362607110207024	0.1581624905087319	4	6	6	3	5	ENSG00000081019	1.0	False
0.000737804686262533	0.029850746268656716	0.06890538594972459	0.0663894268420765	5	7	15	6	11	ENSG00000084774	1.0	False
0.006246789301470866	0.029850746268656716	0.16526907978520888	0.1710587147480351	6	3	4	3	3	ENSG00000168096	1.0	False
0.00012151126479533535	0.029850746268656716	0.03241975953997741	0.07117771870834534	3	7	18	8	15	ENSG00000169926	1.0	False
0.005637742373258442	0.029850746268656716	0.25376596067173607	0.3592515109251511	13	7	11	3	7	ENSG00000172071	1.0	False
0.002037180063261169	0.029850746268656716	0.32497335891464685	0.22103075656294435	13	7	15	3	8	ENSG00000181381	1.0	False
0.007796999210507524	0.029850746268656716	0.31759202324090363	0.30488143837401194	7	7	10	3	8	ENSG00000183751	1.0	False
0.0005532084523181071	0.029850746268656716	0.016108038327350787	0.08357590830240991	4	7	19	10	14	ENSG00000187193	1.0	False
0.003139218466933153	0.029850746268656716	0.08789447324702647	0.1681941408625562	5	7	18	10	15	ENSG00000213654	1.0	False
0.007019991503910063	0.029850746268656716	0.43898566404497164	0.4467215276678799	16	4	5	3	5	ENSG00000225190	1.0	False
0.0033111953303930084	0.029850746268656716	0.4490388136845259	0.4479327381102933	25	7	17	5	12	ENSG00000231607	1.0	False
0.0022060222981263376	0.029850746268656716	0.21095637140353687	0.2678014759351245	12	7	17	9	15	ENSG00000234608	1.0	False
0.010882652088986321	0.03482587064676617	0.432400660742766	0.39581134832372755	12	3	5	3	5	ENSG00000043143	1.0	False
0.00880360057493338	0.03482587064676617	0.29328259909220616	0.24721407624633426	6	5	9	3	6	ENSG00000047188	1.0	False
0.00029497322969251937	0.03482587064676617	0.07264225819795206	0.07766979273331359	8	7	16	7	11	ENSG00000076513	1.0	False
0.002610609342979471	0.03482587064676617	0.2786464700433523	0.2910558236907956	27	7	16	7	12	ENSG00000101160	1.0	False
0.009533866073410275	0.03482587064676617	0.3580914073624501	0.26375216790853034	10	7	9	3	5	ENSG00000115085	1.0	False
0.005485652149586256	0.03482587064676617	0.25643219893816827	0.13753831980558162	3	6	12	3	7	ENSG00000122696	1.0	False
0.0010664818429147673	0.03482587064676617	0.22504888763178754	0.3418252777022022	15	7	16	5	10	ENSG00000126247	1.0	False
0.009961692524899002	0.03482587064676617	0.2424966294764456	0.35736854819228603	6	7	16	3	9	ENSG00000146112	1.0	False
0.0005114172470280387	0.03482587064676617	0.062172935816302996	0.05689612129560069	7	7	18	7	12	ENSG00000148341	1.0	False
0.00013295462271599917	0.03482587064676617	0.04636873563623183	0.0390685790960279	4	7	14	4	9	ENSG00000149657	1.0	False
0.010501522924626508	0.03482587064676617	0.3224235098705437	0.2559586532189272	6	6	9	3	7	ENSG00000151353	1.0	False
0.010479900749173848	0.03482587064676617	0.3674168549070635	0.4678714859437751	21	6	10	3	6	ENSG00000151694	1.0	False
0.0024381014628734213	0.03482587064676617	0.1895855563809501	0.1759199681343261	17	7	15	5	11	ENSG00000155849	1.0	False
0.0027126657673644562	0.03482587064676617	0.23081408029037065	0.15724577936337925	26	7	14	5	9	ENSG00000159023	1.0	False
0.00038169484794245347	0.03482587064676617	0.12170469155223655	0.09988184391824087	6	7	16	7	11	ENSG00000160551	1.0	False
0.0077257870373773725	0.03482587064676617	0.19362654998926054	0.2516769422697933	7	7	12	3	8	ENSG00000167604	1.0	False
0.005935565031129641	0.03482587064676617	0.17067769616200845	0.17706513173673216	6	6	6	3	4	ENSG00000187097	1.0	False
0.0008161691697974561	0.03482587064676617	0.13429887983502814	0.09558693840401655	3	7	15	4	11	ENSG00000187605	1.0	False
0.004784884995912047	0.03482587064676617	0.11569115925099703	0.21476544919508397	5	5	7	3	6	ENSG00000198692	1.0	False
0.010376796701272133	0.03482587064676617	0.336149850065404	0.28416719860887946	11	7	11	3	8	ENSG00000198805	1.0	False
0.0014371066359197579	0.03980099502487562	0.26108548110990243	0.22534998108210363	17	7	13	4	9	ENSG00000028277	1.0	False
0.0011002795893646322	0.03980099502487562	0.17406370801662627	0.15714629054255577	27	7	13	3	9	ENSG00000064601	1.0	False
0.007908528170633169	0.03980099502487562	0.21845859711062354	0.3810868612147796	8	7	11	4	7	ENSG00000100890	1.0	False
0.01245070448404723	0.03980099502487562	0.2957575757575759	0.28908168798443434	5	4	4	3	4	ENSG00000104863	1.0	False
0.00836113402047782	0.03980099502487562	0.4011156878733285	0.35712093308778387	8	7	12	3	8	ENSG00000137404	1.0	False
4.402038933477182e-07	0.03980099502487562	0.0017207735663848718	0.0014519809168222146	2	7	18	6	13	ENSG00000148291	1.0	False
0.004977929674857618	0.03980099502487562	0.3380105927577819	0.2406352087114338	10	6	7	3	5	ENSG00000154310	1.0	False
0.002648022050947351	0.03980099502487562	0.20998141912357987	0.2993716956555053	8	5	9	3	6	ENSG00000158717	1.0	False
0.0009476235959628817	0.03980099502487562	0.12659203719740858	0.10905285190999474	4	6	11	3	7	ENSG00000160972	1.0	False
0.006554449070498257	0.03980099502487562	0.24212458268979412	0.31481344113938137	8	6	11	3	7	ENSG00000165156	1.0	False
0.0034671060645153624	0.03980099502487562	0.28882251437113166	0.4986214182642754	7	7	12	3	7	ENSG00000206337	1.0	False
0.0031590036315158323	0.03980099502487562	0.20855117105117105	0.1951356829185902	2	4	5	3	4	ENSG00000290860	1.0	False
0.0017298259130002938	0.04477611940298507	0.16935813594471869	0.2781347035010454	20	7	19	9	16	ENSG00000086666	1.0	False
0.004892881702307689	0.04477611940298507	0.4466219528212946	0.3604333805254051	58	7	11	3	6	ENSG00000091592	1.0	False
0.000774736402998179	0.04477611940298507	0.10122774570560632	0.10112253338059791	6	7	13	4	7	ENSG00000100485	1.0	False
5.268672356651396e-05	0.04477611940298507	0.03603623415139174	0.027445120209556886	4	7	18	6	13	ENSG00000101166	1.0	False
0.00019817938101556595	0.04477611940298507	0.06763436935698641	0.04445740581172293	6	7	19	11	17	ENSG00000105258	1.0	False
0.00017630162610479628	0.04477611940298507	0.03369687439317457	0.03623684094855058	10	7	15	6	12	ENSG00000106636	1.0	False
0.0006595689440334137	0.04477611940298507	0.1081615368221469	0.11408827593812138	5	7	18	9	12	ENSG00000111145	1.0	False
0.0007303104429682813	0.04477611940298507	0.09131173961117725	0.11161810439173453	3	7	16	6	12	ENSG00000114520	1.0	False
0.0019212468771535643	0.04477611940298507	0.18028313903478316	0.10968847566987135	5	7	17	8	12	ENSG00000117500	1.0	False
0.006151816044855835	0.04477611940298507	0.3143300206526204	0.28864920180106424	9	7	11	3	8	ENSG00000121879	1.0	False
0.005716876867203779	0.04477611940298507	0.19392506714189822	0.19744788433685082	4	6	9	4	7	ENSG00000126804	1.0	False
0.00042536932005527497	0.04477611940298507	0.06069109293455219	0.07432185520368673	15	7	19	13	18	ENSG00000135404	1.0	False
0.006005951339623555	0.04477611940298507	0.34351642327655274	0.42608695652173917	14	7	10	3	6	ENSG00000138081	1.0	False
0.003873180547692599	0.04477611940298507	0.21351350556325552	0.13092361505954836	7	7	14	6	9	ENSG00000144747	1.0	False
0.00031177915867357855	0.04477611940298507	0.07696439738366519	0.06911030431590111	5	7	14	8	13	ENSG00000145088	1.0	False
0.005636825063602888	0.04477611940298507	0.24380700918394177	0.36035162291193307	26	7	17	6	14	ENSG00000145675	1.0	False
0.009784269906513378	0.04477611940298507	0.1720732380683133	0.2586502062134092	5	7	16	5	10	ENSG00000145779	1.0	False
9.875478654013716e-05	0.04477611940298507	0.03236682797130272	0.04012426909790945	8	7	19	10	17	ENSG00000147604	1.0	False
0.004603835757703803	0.04477611940298507	0.14105354683275795	0.21207185954724855	5	7	11	4	7	ENSG00000159445	1.0	False
0.0029093615461337264	0.04477611940298507	0.17391744107761847	0.2267499096848841	4	6	9	4	7	ENSG00000163159	1.0	False
0.000150178455430824	0.04477611940298507	0.04059220383625571	0.04456824512534818	4	7	12	4	8	ENSG00000166002	1.0	False
0.012826674316640486	0.04477611940298507	0.24272946182981853	0.30620339520863077	6	4	5	3	5	ENSG00000168438	1.0	False
0.02301928552657367	0.04477611940298507	0.3917459771028813	0.5827349121466768	11	7	11	3	7	ENSG00000169814	1.0	False
0.00277853931862324	0.04477611940298507	0.12175559799456287	0.09236358555159646	3	5	8	3	6	ENSG00000170175	1.0	False
0.00064447483716533	0.04477611940298507	0.11840161864154003	0.07647149610420037	4	7	18	9	15	ENSG00000171421	1.0	False
0.01454716706662397	0.04477611940298507	0.3155308335470973	0.24375039755740732	4	4	6	4	5	ENSG00000172667	1.0	False
0.0008295472547929178	0.04477611940298507	0.0742958791811776	0.07720467890838405	5	7	19	9	17	ENSG00000175324	1.0	False
5.6784762724642034e-05	0.04477611940298507	0.021889302911200725	0.08484757361002362	2	7	18	9	12	ENSG00000177721	1.0	False
0.0010325724867564347	0.04477611940298507	0.10650831965050822	0.08104353776409204	8	7	15	5	11	ENSG00000182095	1.0	False
2.167418829324028e-06	0.04477611940298507	0.004188751149853272	0.004426737494466558	2	7	19	9	14	ENSG00000183978	1.0	False
0.00915942065225493	0.04477611940298507	0.20467788898151817	0.201738170598718	4	7	15	5	12	ENSG00000185475	1.0	False
0.0053395493502849745	0.04477611940298507	0.16975533025499667	0.22439038899696015	2	7	16	5	12	ENSG00000188486	1.0	False
9.946550991002909e-07	0.04477611940298507	0.006115541393306412	0.0031324226218045325	2	7	19	13	16	ENSG00000204287	1.0	False
0.0012176428516576375	0.04477611940298507	0.27776501864690684	0.31611323114316436	64	7	18	11	17	ENSG00000247774	1.0	False
0.008907528483656899	0.04477611940298507	0.4585684015282346	0.4345561537498435	9	3	5	3	4	ENSG00000251301	1.0	False
0.0011924826314109844	0.04975124378109453	0.13689229527990268	0.08686050791313948	4	7	19	7	13	ENSG00000006831	1.0	False
8.052044154437536e-05	0.04975124378109453	0.09260443835145307	0.05541184683443853	9	7	19	11	17	ENSG00000011600	1.0	False
0.0019027271562371574	0.04975124378109453	0.2543025960499686	0.16802366966457657	12	7	18	7	12	ENSG00000065413	1.0	False
0.0131116279125027	0.04975124378109453	0.3276663652820992	0.3554203935599285	23	7	14	3	9	ENSG00000079277	1.0	False
0.007862996747500049	0.04975124378109453	0.17140974159416777	0.2648758804817087	5	3	5	3	4	ENSG00000101126	1.0	False
0.00030747294217568354	0.04975124378109453	0.1392394319909071	0.08234266945687874	7	7	18	7	12	ENSG00000102910	1.0	False
6.242514464969687e-05	0.04975124378109453	0.03603685615911474	0.012970975429016828	4	7	19	8	15	ENSG00000115738	1.0	False
2.5904184709675197e-06	0.04975124378109453	0.0027320240734875463	0.007021063189568742	3	7	15	3	11	ENSG00000118689	1.0	False
0.0014309149938137586	0.04975124378109453	0.17295727571498493	0.13369845360824742	12	7	12	4	9	ENSG00000124486	1.0	False
1.3213329616687584e-07	0.04975124378109453	0.0002612202403351004	0.0007387343018960835	2	7	19	6	13	ENSG00000141858	1.0	False
0.00415456511932038	0.04975124378109453	0.1475550143414551	0.21455046212701323	6	7	18	9	14	ENSG00000143543	1.0	False
0.006502156794398391	0.04975124378109453	0.22646547493507305	0.21395997193604369	7	7	16	5	10	ENSG00000144567	1.0	False
0.0009904265751903374	0.04975124378109453	0.16322515329704154	0.10792115284777776	23	7	17	8	12	ENSG00000147010	1.0	False
0.013826941839429764	0.04975124378109453	0.2877554688862093	0.29963505620261527	6	6	6	3	5	ENSG00000151876	1.0	False
0.008179280152712572	0.04975124378109453	0.25445862875612285	0.2038325150027278	7	6	7	3	5	ENSG00000168256	1.0	False
0.001657779373518726	0.04975124378109453	0.12607297096980394	0.17203405203831018	23	7	18	10	15	ENSG00000168958	1.0	False
0.0006735690138775932	0.04975124378109453	0.08029730188626197	0.0727233915618084	5	7	19	10	17	ENSG00000169627	1.0	False
0.010772941189078941	0.04975124378109453	0.22754502109744112	0.2172077922077922	4	4	7	3	6	ENSG00000170222	1.0	False
0.001096022686884185	0.04975124378109453	0.11208307613297078	0.1280166749156751	14	7	19	12	19	ENSG00000177410	1.0	False
0.0017294777453881315	0.04975124378109453	0.20085217069635897	0.20977838694651196	6	7	13	4	8	ENSG00000185697	1.0	False
0.00013119224807286124	0.04975124378109453	0.08154890975567511	0.03542037074227093	2	7	18	11	15	ENSG00000186395	1.0	False
5.179515114313647e-06	0.04975124378109453	0.00462962962962964	0.005242463958060281	2	7	18	5	13	ENSG00000204444	1.0	False
0.0014604400304283284	0.04975124378109453	0.12696370393944	0.15212981744421905	5	5	5	3	4	ENSG00000238057	1.0	False
0.012814809569263789	0.05472636815920398	0.3509051655311901	0.29380952380952385	13	6	6	3	4	ENSG00000007341	1.0	False
0.0071645720090715735	0.05472636815920398	0.368500417710944	0.35368421052631577	9	6	9	3	6	ENSG00000039319	1.0	False
0.00014001370888294706	0.05472636815920398	0.06689773423429808	0.048665455755821554	8	7	18	5	11	ENSG00000089639	1.0	False
0.001429268972320229	0.05472636815920398	0.20721583900862425	0.13978066656638086	28	7	18	7	13	ENSG00000105483	1.0	False
0.0009568045133643457	0.05472636815920398	0.05460896053230547	0.06415094339622641	6	5	6	3	5	ENSG00000114904	1.0	False
0.010484557883589377	0.05472636815920398	0.3518621802771233	0.4671948646824701	3	6	10	3	7	ENSG00000119673	1.0	False
0.00026039201188503427	0.05472636815920398	0.05157599903539106	0.06941663936969703	5	7	19	12	18	ENSG00000125995	1.0	False
0.002660527702070398	0.05472636815920398	0.23480512914223334	0.11624366291489974	6	7	12	4	11	ENSG00000131381	1.0	False
0.0019819106521688367	0.05472636815920398	0.1417037116163764	0.12893377385696608	6	7	13	5	9	ENSG00000134086	1.0	False
2.2159590593130494e-05	0.05472636815920398	0.04875007605527226	0.02233913799576404	8	7	19	12	17	ENSG00000136888	1.0	False
2.856825830929202e-06	0.05472636815920398	0.010887177053741653	0.005029337803855833	3	7	14	4	11	ENSG00000139718	1.0	False
0.0004903662224304652	0.05472636815920398	0.057053669194444274	0.09360117981124005	7	7	18	7	11	ENSG00000139725	1.0	False
0.00476921876283413	0.05472636815920398	0.1634204043493034	0.16901408450704222	6	7	10	3	6	ENSG00000148719	1.0	False
0.014746456646621355	0.05472636815920398	0.33036637702636323	0.30905726016868595	6	7	13	4	9	ENSG00000162222	1.0	False
0.0032532989910656904	0.05472636815920398	0.14229551063554566	0.1282376524936388	5	7	17	7	14	ENSG00000165775	1.0	False
0.0031814602805554965	0.05472636815920398	0.3397622459904169	0.3539802814429069	42	7	17	6	12	ENSG00000168214	1.0	False
0.0002054744276735669	0.05472636815920398	0.07713483944302357	0.06437768240343346	4	7	11	3	8	ENSG00000178537	1.0	False
0.0030868764499640275	0.05472636815920398	0.11123369006434772	0.19857980348443566	4	6	9	3	6	ENSG00000257242	1.0	False
9.426726676801915e-07	0.05472636815920398	0.000830698921240948	0.0015706806282722576	3	7	17	7	14	ENSG00000257949	1.0	False
0.0002140005064352997	0.05970149253731343	0.0571723511635055	0.04029711741589624	9	7	17	5	11	ENSG00000051596	1.0	False
0.0021053404554517256	0.05970149253731343	0.14930377110616744	0.2556659825526433	9	6	9	3	6	ENSG00000078687	1.0	False
0.0041257781510102565	0.05970149253731343	0.1548314848349727	0.1575990261260417	7	4	5	3	4	ENSG00000095066	1.0	False
4.940022372596341e-05	0.05970149253731343	0.06873088119265995	0.02715105207902023	14	7	19	12	19	ENSG00000104894	1.0	False
7.642148164274204e-06	0.05970149253731343	0.009776882321422887	0.009900990099009903	7	7	18	6	12	ENSG00000108592	1.0	False
0.00043681657019788226	0.05970149253731343	0.2227392760454296	0.15441854527718077	19	7	13	3	7	ENSG00000110077	1.0	False
0.00191981019425643	0.05970149253731343	0.16535508553978157	0.11401163263495243	6	7	19	10	15	ENSG00000116459	1.0	False
2.485347856106016e-06	0.05970149253731343	0.016225800337191412	0.004025422636066208	4	7	19	10	15	ENSG00000123131	1.0	False
2.716576370273926e-05	0.05970149253731343	0.046910550412291384	0.02061723017991478	16	7	17	6	11	ENSG00000127947	1.0	False
0.0005727951952966031	0.05970149253731343	0.22095974535891572	0.11025126410483777	2	7	13	4	8	ENSG00000127951	1.0	False
4.514110089672275e-05	0.05970149253731343	0.04151205107790422	0.016592385942231128	5	7	17	6	12	ENSG00000129472	1.0	False
2.448624678774899e-05	0.05970149253731343	0.014492753623188439	0.011976047904191609	2	4	5	3	5	ENSG00000130590	1.0	False
0.004574721097017632	0.05970149253731343	0.24023968806755677	0.3608550358316056	10	7	15	5	9	ENSG00000132334	1.0	False
0.000694800955687039	0.05970149253731343	0.11295559671847322	0.07194264621320325	7	7	16	5	13	ENSG00000133027	1.0	False
0.002354858322954756	0.05970149253731343	0.20913048473505919	0.20928813416661404	8	7	18	10	14	ENSG00000134825	1.0	False
0.0004007702598877753	0.05970149253731343	0.07391027882366617	0.06578801001497378	9	7	18	8	13	ENSG00000134851	1.0	False
3.109232946782243e-05	0.05970149253731343	0.0331546233914032	0.018429874414968603	14	7	19	10	16	ENSG00000136521	1.0	False
0.0032186389687838806	0.05970149253731343	0.17506371992395045	0.18168910567867844	9	7	18	8	14	ENSG00000140307	1.0	False
0.004847222608038698	0.05970149253731343	0.22277169381780254	0.11106346483704975	10	2	5	5	5	ENSG00000140632	1.0	False
0.0025784443688818244	0.05970149253731343	0.4242654934447255	0.6067303232229526	24	7	13	3	10	ENSG00000141279	1.0	False
0.007680499001654823	0.05970149253731343	0.5896066488301563	0.62724168319013	3	4	7	3	6	ENSG00000148842	1.0	False
0.001088312133051779	0.05970149253731343	0.10099135456931005	0.08548893540669857	6	5	8	3	5	ENSG00000167202	1.0	False
0.00013142853234584918	0.05970149253731343	0.06436974229723896	0.046334652796956026	5	7	13	5	10	ENSG00000168710	1.0	False
3.997415410639205e-05	0.05970149253731343	0.03956717833592745	0.018554294981620013	4	7	17	5	12	ENSG00000171522	1.0	False
0.022395181151589415	0.05970149253731343	0.5119480471276648	0.5166496346142722	13	5	8	3	6	ENSG00000171848	1.0	False
0.009628078964766393	0.05970149253731343	0.2697535338519993	0.21155655938264636	3	5	8	3	8	ENSG00000183891	1.0	False
4.593340589280843e-06	0.05970149253731343	0.01019352264760519	0.007261499085953301	5	7	19	13	19	ENSG00000197958	1.0	False
0.0012434867012696763	0.05970149253731343	0.09002356751186943	0.129553764151359	6	7	9	3	7	ENSG00000204386	1.0	False
0.01178461158101399	0.05970149253731343	0.2626586957576465	0.30901828383936847	3	7	8	3	4	ENSG00000234171	1.0	False
0.0029549244225020727	0.05970149253731343	0.19751796317021766	0.1631430584918957	5	7	13	4	9	ENSG00000239857	1.0	False
0.0020198606354019577	0.05970149253731343	0.1035617058055164	0.12413945556748562	3	3	5	3	4	ENSG00000243364	1.0	False
0.0015421006618582458	0.05970149253731343	0.17307869046528415	0.128616542833753	9	7	18	8	13	ENSG00000254901	1.0	False
0.004274387144749964	0.05970149253731343	0.23877207505518763	0.14431846679777727	2	7	9	3	7	ENSG00000281501	1.0	False
0.0006803421264775136	0.06467661691542288	0.08959930291602494	0.09194327567399099	9	5	8	3	6	ENSG00000033867	1.0	False
0.0007699399645148312	0.06467661691542288	0.07552589942529851	0.135562756740011	18	7	19	10	17	ENSG00000100345	1.0	False
0.00042546402432362446	0.06467661691542288	0.057509134918707065	0.04019607843137259	2	3	4	3	4	ENSG00000103489	1.0	False
0.0005142773194147283	0.06467661691542288	0.07944304626726172	0.05748914091634451	9	7	19	12	16	ENSG00000105254	1.0	False
0.009967208729708242	0.06467661691542288	0.39262829407966054	0.3387987012987014	11	6	8	3	6	ENSG00000119772	1.0	False
0.0003247544935213492	0.06467661691542288	0.34877504411917365	0.17272698622797897	2	3	4	3	3	ENSG00000173706	1.0	False
0.02034646152331611	0.06467661691542288	0.2293686608678196	0.30803058304598396	2	7	18	7	15	ENSG00000180596	1.0	False
0.005746313296732591	0.06467661691542288	0.14380200345353897	0.20357781910644773	12	7	19	7	14	ENSG00000196510	1.0	False
0.001412775515709183	0.06467661691542288	0.09734597820776761	0.08931352802659277	13	7	16	5	9	ENSG00000204843	1.0	False
0.0029303433045326822	0.06467661691542288	0.24945390042420054	0.185255231590929	3	3	5	3	4	ENSG00000224376	1.0	False
0.004462881444901745	0.06467661691542288	0.14120955790819895	0.18240407599067832	5	7	15	5	10	ENSG00000250988	1.0	False
0.008809968663395742	0.06467661691542288	0.42299708325033225	0.44347450302506486	6	4	7	3	6	ENSG00000271605	1.0	False
0.012729724189593766	0.06467661691542288	0.2722579551480368	0.2164353897115758	6	7	13	3	10	ENSG00000291078	1.0	False
0.0003630626540077003	0.06467661691542288	0.17868478177078417	0.12010557691977802	9	6	9	3	6	ENSG00000291149	1.0	False
0.00012501843220665736	0.06965174129353234	0.021783988507248272	0.02531645569620254	2	7	11	3	7	ENSG00000030110	1.0	False
0.0007812576648049425	0.06965174129353234	0.1492489295767984	0.05914554997460353	5	6	7	3	5	ENSG00000048392	1.0	False
0.009623746287188366	0.06965174129353234	0.32687371253906333	0.28562522918958566	10	7	12	4	9	ENSG00000100575	1.0	False
0.00011142042150017777	0.06965174129353234	0.030231157915701155	0.05048761651309895	2	7	12	6	9	ENSG00000111252	1.0	False
0.01672239113932657	0.06965174129353234	0.4219780977114632	0.37798586968711456	13	6	8	3	5	ENSG00000111554	1.0	False
3.445485072697121e-05	0.06965174129353234	0.011369194941500856	0.018835616438356174	6	7	16	6	11	ENSG00000116604	1.0	False
0.0027547603441234743	0.06965174129353234	0.23351808620538617	0.23351861148963637	20	7	19	8	12	ENSG00000125676	1.0	False
0.0003868181175044978	0.06965174129353234	0.19332211156481546	0.07834689731451772	10	7	18	8	12	ENSG00000143614	1.0	False
0.0028482267083465014	0.06965174129353234	0.27073423070770575	0.23637093192279734	31	6	8	4	6	ENSG00000150995	1.0	False
0.002427862754106461	0.06965174129353234	0.15274545029979805	0.14129032258064514	9	5	5	3	4	ENSG00000151422	1.0	False
0.0009196953314932096	0.06965174129353234	0.10383946763205579	0.08922994339254348	2	6	6	3	4	ENSG00000167114	1.0	False
0.0037333346123691407	0.06965174129353234	0.1838319054150824	0.15389060754489983	4	7	6	3	6	ENSG00000167118	1.0	False
2.663139366803086e-06	0.06965174129353234	0.003663003663003676	0.004862953138815225	4	7	15	6	11	ENSG00000168175	1.0	False
0.0031231196138025593	0.06965174129353234	0.24211585513589176	0.14583721096714153	7	7	13	3	10	ENSG00000171792	1.0	False
0.017299557184098875	0.06965174129353234	0.3730597445854385	0.3745550224423464	15	6	6	3	4	ENSG00000175309	1.0	False
0.012009511321488838	0.06965174129353234	0.4162074499960662	0.41875891858536773	7	6	8	3	5	ENSG00000175582	1.0	False
5.311110481246328e-05	0.06965174129353234	0.027584581318039456	0.021731569537416284	4	7	19	8	14	ENSG00000198887	1.0	False
0.007121822519818542	0.06965174129353234	0.157875951850305	0.267566481895182	4	7	18	8	14	ENSG00000244187	1.0	False
0.002253798312399741	0.06965174129353234	0.1889006401407823	0.12652027027027027	10	4	5	3	4	ENSG00000291063	1.0	False
0.00136163272530783	0.07462686567164178	0.1618678804033496	0.16232959586996853	5	6	9	4	5	ENSG00000063761	1.0	False
5.594382646720963e-05	0.07462686567164178	0.04061090103317366	0.020437468882979717	3	7	19	7	14	ENSG00000066027	1.0	False
0.013997176500700526	0.07462686567164178	0.46534556174701247	0.4649484536082474	30	7	9	3	6	ENSG00000066427	1.0	False
0.002970000054527311	0.07462686567164178	0.17307692307692302	0.2142857142857143	2	7	7	3	6	ENSG00000080200	1.0	False
0.0003107343342184427	0.07462686567164178	0.018218878591219043	0.04127797499614139	4	7	13	4	9	ENSG00000100324	1.0	False
0.0003026029042143948	0.07462686567164178	0.13226351441410472	0.05081669691470057	4	6	13	3	9	ENSG00000108960	1.0	False
5.2219836328739754e-06	0.07462686567164178	0.005089215299684539	0.006355932203389822	2	6	8	3	5	ENSG00000110448	1.0	False
0.0018128314551472615	0.07462686567164178	0.2169153080652918	0.1783313778075763	10	7	19	9	13	ENSG00000128731	1.0	False
0.0001247894045627409	0.07462686567164178	0.06794932540583759	0.11567343162945809	24	7	19	12	18	ENSG00000130429	1.0	False
0.00428454695820629	0.07462686567164178	0.2219715149101524	0.16828657334423802	5	7	17	5	12	ENSG00000130520	1.0	False
0.00047872295455476856	0.07462686567164178	0.06893040061212534	0.062218987483642935	13	7	19	13	17	ENSG00000133872	1.0	False
0.001616818543194054	0.07462686567164178	0.1488534921021549	0.2268421074498627	9	7	18	8	13	ENSG00000137770	1.0	False
0.0033691097793485765	0.07462686567164178	0.19994857863098126	0.1565354330708661	4	7	9	3	7	ENSG00000143507	1.0	False
0.00018405412117796128	0.07462686567164178	0.0314115753930568	0.03244837758112095	2	7	11	4	9	ENSG00000151304	1.0	False
4.342322109773343e-05	0.07462686567164178	0.047757716624609696	0.01832503212553485	11	7	19	10	15	ENSG00000157514	1.0	False
0.001103038920259839	0.07462686567164178	0.14650800819157028	0.1264146833476972	6	7	13	4	9	ENSG00000164209	1.0	False
0.0025772098172985643	0.07462686567164178	0.17147929614219132	0.1137226195168647	6	7	16	5	12	ENSG00000164961	1.0	False
0.003270352104099467	0.07462686567164178	0.18701192629103228	0.1805961498143969	6	7	14	3	9	ENSG00000166004	1.0	False
0.0003656121483388458	0.07462686567164178	0.09110907619888207	0.08492881688757975	8	3	4	3	3	ENSG00000166313	1.0	False
2.2693967228898996e-06	0.07462686567164178	0.003252380427754798	0.002687023080513583	3	7	19	10	17	ENSG00000166848	1.0	False
0.02278601781182661	0.07462686567164178	0.47663923657698287	0.4374821955582904	9	3	4	3	4	ENSG00000168591	1.0	False
9.95869166105351e-06	0.07462686567164178	0.02002804486032959	0.009796085331288569	6	7	19	9	15	ENSG00000168906	1.0	False
0.0004239700784130873	0.07462686567164178	0.08743214287073933	0.07427973761753473	2	7	14	5	10	ENSG00000169692	1.0	False
3.025182000656299e-07	0.07462686567164178	0.0034177864874953444	0.002157497303128395	2	7	19	11	15	ENSG00000170759	1.0	False
0.004523806608823497	0.07462686567164178	0.2166067110110001	0.3875178538129545	21	7	18	8	13	ENSG00000170776	1.0	False
0.0018497778988185683	0.07462686567164178	0.17094055185868473	0.3208415240792126	6	7	12	4	9	ENSG00000184205	1.0	False
0.007623838158888725	0.07462686567164178	0.251937912065168	0.18684318274873754	5	5	7	3	5	ENSG00000198919	1.0	False
0.0024396525988163516	0.07462686567164178	0.153169750750193	0.1415992479142153	7	7	19	13	19	ENSG00000204264	1.0	False
7.801299252092679e-05	0.07462686567164178	0.016168671129593234	0.02594843944462809	4	7	19	14	19	ENSG00000205542	1.0	False
4.137297279290112e-05	0.07462686567164178	0.02474128327657666	0.016870402291998605	4	7	18	11	15	ENSG00000233927	1.0	False
0.0011528526820617994	0.07960199004975124	0.20084765079119932	0.2452382063301162	20	7	17	8	14	ENSG00000070831	1.0	False
0.0023201170996280003	0.07960199004975124	0.1377059042594076	0.2079588320216085	4	7	14	4	11	ENSG00000101546	1.0	False
0.0018971607965978412	0.07960199004975124	0.25065644737775894	0.16311366651923925	10	3	5	3	4	ENSG00000108641	1.0	False
2.3227487418017013e-05	0.07960199004975124	0.009615384615384599	0.01428571428571426	3	7	9	3	6	ENSG00000134698	1.0	False
2.619273234671149e-05	0.07960199004975124	0.0392324183194405	0.011718749999999998	5	7	14	6	10	ENSG00000136444	1.0	False
0.00032570315626785455	0.07960199004975124	0.07799620630265794	0.06270030405127786	7	7	14	3	11	ENSG00000138050	1.0	False
0.0034182932247860147	0.07960199004975124	0.3133150713106394	0.4026611138561445	8	6	9	3	6	ENSG00000138744	1.0	False
1.2161909706751123e-06	0.07960199004975124	0.009726976190206453	0.004371245941761959	13	7	19	13	19	ENSG00000140264	1.0	False
0.003982071662518322	0.07960199004975124	0.2032697364767909	0.22939994257823715	5	7	14	4	8	ENSG00000145734	1.0	False
0.004855454115821674	0.07960199004975124	0.20302420484958603	0.22837798485730929	8	4	6	3	5	ENSG00000146828	1.0	False
0.0011757641462245155	0.07960199004975124	0.14977586813503027	0.11481245415078228	6	7	17	8	14	ENSG00000147804	1.0	False
4.191970987278135e-06	0.07960199004975124	0.00776445888359112	0.005598802160958901	12	7	19	13	19	ENSG00000161970	1.0	False
8.672133743404341e-07	0.07960199004975124	0.0020117004849829097	0.005502063273727623	2	7	19	10	14	ENSG00000162889	1.0	False
0.000767608898801416	0.07960199004975124	0.11111111111111116	0.08128470332063148	4	7	13	5	10	ENSG00000164818	1.0	False
0.0022993959572741524	0.07960199004975124	0.22535209860097027	0.287130305939313	3	7	17	5	11	ENSG00000165650	1.0	False
0.004835255896268875	0.07960199004975124	0.20083718004713863	0.2535945235331738	6	7	15	5	11	ENSG00000167543	1.0	False
1.9443213146424505e-05	0.07960199004975124	0.011453276699029217	0.013114754098360645	3	7	13	4	8	ENSG00000169914	1.0	False
0.0010360388445057075	0.07960199004975124	0.14552395156525974	0.10591718259466473	12	7	18	8	14	ENSG00000175390	1.0	False
0.004875504519156537	0.07960199004975124	0.2832348335544731	0.2314068100358423	13	4	6	3	6	ENSG00000189067	1.0	False
0.004474891311710624	0.07960199004975124	0.26482699541682286	0.2018033939150517	5	7	16	4	11	ENSG00000291073	1.0	False
0.0011886589936198158	0.0845771144278607	0.08507123513600688	0.08487855256621435	6	7	19	7	11	ENSG00000001629	1.0	False
0.004374564272916796	0.0845771144278607	0.244461992890816	0.21883357041251777	24	5	6	3	5	ENSG00000040341	1.0	False
0.004143163720110073	0.0845771144278607	0.2533502872750169	0.2789441699992159	13	7	18	6	13	ENSG00000075089	1.0	False
1.8005352172449002e-06	0.0845771144278607	0.011904761904761883	0.004672897196261655	2	7	15	6	9	ENSG00000100368	1.0	False
0.010323340826240772	0.0845771144278607	0.4277190270524272	0.36803519061583573	20	6	7	3	6	ENSG00000100578	1.0	False
5.463646719406837e-07	0.0845771144278607	0.000430570505920279	0.0016583747927031473	2	7	12	3	10	ENSG00000102178	1.0	False
0.0018740309778133685	0.0845771144278607	0.2435943994949425	0.1861465589749162	8	7	11	4	6	ENSG00000107372	1.0	False
0.0005576137058105581	0.0845771144278607	0.15521197078574128	0.1840297026314889	3	7	10	3	6	ENSG00000113532	1.0	False
0.00011123848930068566	0.0845771144278607	0.03984196747697583	0.08488621586203147	2	7	19	14	18	ENSG00000122862	1.0	False
0.0004841377167741213	0.0845771144278607	0.049342105263157875	0.09404388714733544	2	7	9	3	6	ENSG00000148158	1.0	False
6.906952708659621e-05	0.0845771144278607	0.017857142857142825	0.017341040462427768	4	7	14	4	8	ENSG00000152404	1.0	False
0.010462984262785512	0.0845771144278607	0.21631645551288814	0.21974907749077496	5	3	4	3	4	ENSG00000153094	1.0	False
0.0017528941815689743	0.0845771144278607	0.1762733414492728	0.13150425733207194	4	3	5	3	4	ENSG00000167664	1.0	False
0.0010788056302173045	0.0845771144278607	0.07153744664793134	0.0679155614500442	3	5	7	3	5	ENSG00000182224	1.0	False
0.008711332427369952	0.0845771144278607	0.1705886107222866	0.26072362167300384	10	7	12	3	8	ENSG00000185122	1.0	False
0.005658610805121528	0.0845771144278607	0.36763048213762095	0.25701357466063346	19	7	12	5	8	ENSG00000185803	1.0	False
0.00011219124448509307	0.0845771144278607	0.01881022932192426	0.029884167283992156	3	3	4	3	4	ENSG00000196436	1.0	False
0.0003708044790074357	0.0845771144278607	0.09956336066341513	0.05253940927555399	11	7	19	10	15	ENSG00000198408	1.0	False
0.0001897466939058115	0.0845771144278607	0.04000000000000002	0.03749999999999999	2	4	6	3	4	ENSG00000267390	1.0	False
0.002341742185074196	0.08955223880597014	0.09513407443749247	0.10985031202114531	10	7	17	7	13	ENSG00000053254	1.0	False
0.005394582612770493	0.08955223880597014	0.4309678337722213	0.5038847467075465	16	7	12	3	7	ENSG00000083168	1.0	False
0.004074235752100483	0.08955223880597014	0.20998579061959077	0.14967161453816932	10	7	17	5	11	ENSG00000102897	1.0	False
0.00021923481157071954	0.08955223880597014	0.06735287182162786	0.07649834937462226	8	7	10	5	8	ENSG00000105829	1.0	False
0.0007699858928644082	0.08955223880597014	0.07042302042302045	0.06557377049180327	4	6	6	3	6	ENSG00000106080	1.0	False
0.0029753199053523843	0.08955223880597014	0.1293515924021812	0.14732604125841736	6	4	5	3	4	ENSG00000115364	1.0	False
0.0010842084074541517	0.08955223880597014	0.12498746341171758	0.06489300173510704	9	7	17	6	13	ENSG00000129083	1.0	False
5.8574120237830155e-05	0.08955223880597014	0.05041445629533077	0.04445138101423671	4	7	19	12	18	ENSG00000130770	1.0	False
0.006438782499235589	0.08955223880597014	0.40391012952591177	0.44429598731234665	16	7	14	4	9	ENSG00000134516	1.0	False
0.010131613856479468	0.08955223880597014	0.3508683473389357	0.36246498599439775	6	5	8	3	5	ENSG00000135976	1.0	False
0.000144811453088529	0.08955223880597014	0.014184397163120522	0.03076923076923077	2	4	3	3	3	ENSG00000138604	1.0	False
0.001772334124355948	0.08955223880597014	0.2166488119836322	0.23654445769770022	6	7	17	6	13	ENSG00000165233	1.0	False
0.00027877332752586446	0.08955223880597014	0.06501261102387274	0.06300899119710023	5	7	11	3	8	ENSG00000165752	1.0	False
0.0003377033711025496	0.08955223880597014	0.07464724439204536	0.054487673278063135	5	7	19	9	16	ENSG00000168209	1.0	False
0.0014408373294780912	0.08955223880597014	0.25850051769626814	0.13277369779514575	9	7	17	5	11	ENSG00000172349	1.0	False
0.0005697496380750734	0.08955223880597014	0.17111443615078714	0.1470822353974528	5	5	8	3	5	ENSG00000175305	1.0	False
4.1261718344029195e-05	0.08955223880597014	0.029788590025503225	0.020142367258821396	5	7	17	7	11	ENSG00000224660	1.0	False
0.0022017029610666423	0.08955223880597014	0.3506324424929076	0.32297251606047434	4	4	6	3	5	ENSG00000256039	1.0	False
0.0016289278827835002	0.0945273631840796	0.19926093277162274	0.15235731083653736	6	7	12	4	7	ENSG00000059728	1.0	False
0.0007496355808835765	0.0945273631840796	0.07073047283176594	0.16393807647600503	6	6	6	3	4	ENSG00000065802	1.0	False
0.00018008734432271495	0.0945273631840796	0.05903152105978976	0.040705037996059644	2	7	11	4	8	ENSG00000066583	1.0	False
0.0005259915573347656	0.0945273631840796	0.13864236273010244	0.09992653464616871	18	7	11	4	9	ENSG00000081059	1.0	False
0.0003581204540479566	0.0945273631840796	0.09490118455003466	0.040000095683994014	3	7	17	7	13	ENSG00000084733	1.0	False
0.0016278216237289023	0.0945273631840796	0.16488707198965388	0.11641402871561997	5	7	18	7	13	ENSG00000106392	1.0	False
0.009677217236424097	0.0945273631840796	0.17743470969693256	0.21217071906618296	6	6	12	3	9	ENSG00000118246	1.0	False
0.009542263170425962	0.0945273631840796	0.24478232207645803	0.3352623623407471	16	3	4	3	4	ENSG00000119725	1.0	False
7.117486675787834e-06	0.0945273631840796	0.010337826822145792	0.010348351338693456	2	7	19	9	15	ENSG00000119878	1.0	False
1.378789110578865e-06	0.0945273631840796	0.004718308106048346	0.004880118820284296	2	6	12	3	9	ENSG00000128218	1.0	False
0.0035585890606897926	0.0945273631840796	0.21185508001055267	0.28890777002772894	23	7	14	4	9	ENSG00000134900	1.0	False
0.002957957633999393	0.0945273631840796	0.22477861459536494	0.18879197514212345	12	6	8	3	6	ENSG00000139620	1.0	False
0.01977403606504241	0.0945273631840796	0.4372551486694569	0.49319172113289755	24	6	10	3	6	ENSG00000148337	1.0	False
0.003052907228814466	0.0945273631840796	0.17786631088759713	0.13895790704472377	5	7	9	3	7	ENSG00000152242	1.0	False
0.0004966509809788357	0.0945273631840796	0.129082069974023	0.05797934392061098	4	7	10	4	8	ENSG00000161202	1.0	False
0.0059123662679909685	0.0945273631840796	0.2038944605791323	0.14647915823553215	5	3	4	3	3	ENSG00000165359	1.0	False
0.008841900953381726	0.0945273631840796	0.2484342790692624	0.25307527024265225	9	7	13	3	9	ENSG00000166452	1.0	False
0.0017545679680707404	0.0945273631840796	0.37038908233984585	0.09310202608650825	4	7	13	3	7	ENSG00000170234	1.0	False
0.008114156985204773	0.0945273631840796	0.35393341007865187	0.525959595959596	8	6	8	3	4	ENSG00000173559	1.0	False
0.007164384031180594	0.0945273631840796	0.15302407958850256	0.14772547264024247	7	4	8	3	6	ENSG00000176371	1.0	False
0.00276695791778315	0.0945273631840796	0.1744739560401811	0.17663866262953642	3	7	14	5	9	ENSG00000177576	1.0	False
0.007288374813959884	0.0945273631840796	0.2449623892460645	0.18930248155600263	5	5	10	3	7	ENSG00000214367	1.0	False
0.004252725801614359	0.0945273631840796	0.1703703703703704	0.15384615384615385	3	5	6	3	3	ENSG00000224023	1.0	False
0.0006886373855303793	0.0945273631840796	0.10499264385846527	0.08924574631121837	5	7	18	9	15	ENSG00000234327	1.0	False
0.007619996668110829	0.09950248756218906	0.27512570521999963	0.2951328247081533	9	7	6	3	5	ENSG00000040933	1.0	False
0.0006263196182814273	0.09950248756218906	0.10883540152252216	0.08023493767773139	6	6	14	4	11	ENSG00000068308	1.0	False
0.007102176845137424	0.09950248756218906	0.4823745056260213	0.427407466801537	19	7	9	3	4	ENSG00000072110	1.0	False
0.026944911629852495	0.09950248756218906	0.3289099098484356	0.42542789972095885	13	2	4	4	4	ENSG00000100284	1.0	False
2.992084989958048e-06	0.09950248756218906	0.020137177935498417	0.019422811907229158	5	7	17	4	9	ENSG00000104267	1.0	False
1.317132103119209e-07	0.09950248756218906	0.002073010060034944	0.0015226494099733847	3	7	19	9	13	ENSG00000113384	1.0	False
0.0004939659972499255	0.09950248756218906	0.07438545637822197	0.05838674589404985	4	7	19	10	14	ENSG00000116473	1.0	False
0.007135578546343958	0.09950248756218906	0.30901848953990774	0.2681909984992177	13	7	16	5	12	ENSG00000117625	1.0	False
0.0002663366142111026	0.09950248756218906	0.06436924924588094	0.037324377749909654	5	6	8	4	5	ENSG00000117868	1.0	False
7.79059481468168e-08	0.09950248756218906	0.0012399865354896088	0.0006829259177489975	4	7	19	13	18	ENSG00000125534	1.0	False
0.00027121330900463413	0.09950248756218906	0.021519314891199615	0.037365719455556994	5	7	18	9	14	ENSG00000135932	1.0	False
0.001711948594101587	0.09950248756218906	0.14432205754056074	0.13077073552425666	11	7	13	4	9	ENSG00000137207	1.0	False
2.100168836795412e-05	0.09950248756218906	0.011410690758516855	0.010416666666666647	2	7	13	4	10	ENSG00000138439	1.0	False
4.8124734019210785e-05	0.09950248756218906	0.02461890938475607	0.020013611425066923	5	7	19	8	13	ENSG00000140396	1.0	False
0.0004560567316697344	0.09950248756218906	0.11327233209211282	0.1256761030514852	3	7	16	4	10	ENSG00000148175	1.0	False
2.6677993170243164e-07	0.09950248756218906	0.005952380952380997	0.0013280212483399736	3	7	16	5	12	ENSG00000149646	1.0	False
0.0026965610002413925	0.09950248756218906	0.19025725781539732	0.1627331327889987	8	6	10	4	8	ENSG00000169919	1.0	False
0.004774056517461074	0.09950248756218906	0.1755431014495517	0.21127982911946336	3	7	17	7	14	ENSG00000170275	1.0	False
1.442359367625209e-06	0.09950248756218906	0.003773431369209032	0.0038891566580648183	4	7	19	11	18	ENSG00000172428	1.0	False
0.003976544558831776	0.09950248756218906	0.22494918699186994	0.27092731829573935	7	6	10	4	8	ENSG00000173193	1.0	False
0.008454207533848346	0.09950248756218906	0.2882230970868234	0.25596588955367583	7	4	5	3	5	ENSG00000173846	1.0	False
0.0012440862009018684	0.09950248756218906	0.053890855238219904	0.0948845050609991	2	7	18	6	13	ENSG00000178605	1.0	False
7.993435682468918e-05	0.09950248756218906	0.03217661795923423	0.025230822631030915	2	7	19	11	15	ENSG00000179091	1.0	False
0.01618482343589122	0.09950248756218906	0.4481815730208901	0.4516596879459168	8	4	5	3	5	ENSG00000196323	1.0	False
0.0032025493947278804	0.09950248756218906	0.1054289099238128	0.1445433255269321	5	5	9	3	7	ENSG00000266094	1.0	False
0.006770961030729859	0.09950248756218906	0.18242576563123158	0.23504072154539946	4	3	6	4	6	ENSG00000291043	1.0	False
0.003087461295965791	0.09950248756218906	0.2544717761489957	0.15790126861555429	12	2	4	4	4	ENSG00000291134	1.0	False
0.0067750280056940474	0.1044776119402985	0.4352811668794132	0.34624231682944306	48	7	14	3	10	ENSG00000001631	1.0	False
0.005372075035767688	0.1044776119402985	0.22047214848875818	0.2074561403508772	17	4	7	3	5	ENSG00000015153	1.0	False
0.0058512579750853635	0.1044776119402985	0.22524423849344696	0.5306498153321997	13	7	13	6	10	ENSG00000047346	1.0	False
0.004329022710669802	0.1044776119402985	0.3683755406695447	0.5161669165417291	9	7	13	4	9	ENSG00000085415	1.0	False
0.00461127332787487	0.1044776119402985	0.25558683995337744	0.20444664380898525	15	7	13	3	9	ENSG00000104969	1.0	False
0.002227156532652631	0.1044776119402985	0.14730435583352208	0.11817311853152318	10	7	18	7	13	ENSG00000105176	1.0	False
0.005076852573217176	0.1044776119402985	0.6149631483799194	0.5777259254587879	4	7	10	3	6	ENSG00000111361	1.0	False
0.0008130306317849161	0.1044776119402985	0.08197412959788578	0.07850434884937785	8	7	16	4	11	ENSG00000111666	1.0	False
5.58251521871781e-07	0.1044776119402985	0.0027149321266968277	0.003942181340341644	2	7	9	4	6	ENSG00000116017	1.0	False
0.00439646491861453	0.1044776119402985	0.2745468367995416	0.12179486653398716	5	7	15	3	8	ENSG00000122694	1.0	False
0.0021576582614984893	0.1044776119402985	0.1632118911319213	0.19118429736231451	6	7	12	3	6	ENSG00000124279	1.0	False
0.0044326323284358295	0.1044776119402985	0.18996332431073049	0.19419660798971144	7	7	12	3	8	ENSG00000143633	1.0	False
0.008278034566245077	0.1044776119402985	0.27931054392400334	0.20013444732545854	7	3	5	3	4	ENSG00000145916	1.0	False
0.00016930815439677248	0.1044776119402985	0.06382754378037292	0.037997661965072406	4	7	17	7	11	ENSG00000149212	1.0	False
0.00012813477445718324	0.1044776119402985	0.09222491813626868	0.05470277202387589	4	7	14	4	9	ENSG00000156735	1.0	False
0.001536956405758411	0.1044776119402985	0.20558320159890375	0.21410103313861126	13	7	11	4	8	ENSG00000168944	1.0	False
0.006404676506333431	0.1044776119402985	0.22219247699166775	0.16324035830585004	6	7	9	3	7	ENSG00000174446	1.0	False
0.0076366714343828	0.1044776119402985	0.3276616939067982	0.2897503435639029	11	5	10	3	7	ENSG00000198431	1.0	False
0.003823706731842684	0.1044776119402985	0.21612393500153665	0.21673923560716016	10	7	16	6	12	ENSG00000233223	1.0	False
0.00016266262948406762	0.1044776119402985	0.04280854298516353	0.0688692742975665	3	7	14	4	11	ENSG00000240053	1.0	False
0.0012115580426900854	0.1044776119402985	0.08976941786044332	0.09916013241542797	5	7	19	9	13	ENSG00000240065	1.0	False
0.005515445807023084	0.1044776119402985	0.3028447934771581	0.22222682119205295	5	6	9	3	7	ENSG00000254093	1.0	False
6.089810845670166e-06	0.1044776119402985	0.006067807351077342	0.007707129094412311	2	7	14	5	9	ENSG00000286264	1.0	False
0.0024023877618621443	0.10945273631840796	0.13545103642420495	0.1345083377841078	11	7	12	4	9	ENSG00000055332	1.0	False
0.0016306573559744131	0.10945273631840796	0.13353327282643374	0.1660973405913225	20	7	18	7	13	ENSG00000067225	1.0	False
0.001118241726004413	0.10945273631840796	0.10934673936762486	0.09899132066619748	9	4	8	3	7	ENSG00000074370	1.0	False
6.894672321558177e-05	0.10945273631840796	0.031042912449651953	0.024691358024691357	2	6	8	3	7	ENSG00000086827	1.0	False
0.003871694107714623	0.10945273631840796	0.12625140648216748	0.14670065137354857	3	5	6	3	5	ENSG00000100601	1.0	False
0.00218823302773609	0.10945273631840796	0.15926748282382241	0.09390160097102343	9	7	18	9	13	ENSG00000101654	1.0	False
0.0003317204837380176	0.10945273631840796	0.10251024869630124	0.08502539243910667	2	6	15	3	10	ENSG00000112799	1.0	False
0.0047187506054268595	0.10945273631840796	0.07435528769234459	0.12891428571428573	2	7	14	3	8	ENSG00000132823	1.0	False
0.0007422061070698629	0.10945273631840796	0.10675275459148797	0.16900498952119347	8	7	18	10	15	ENSG00000136167	1.0	False
0.003515342068822945	0.10945273631840796	0.15004916638784374	0.24852051988267565	15	6	13	4	10	ENSG00000140968	1.0	False
0.00843480150595705	0.10945273631840796	0.2981223962571148	0.29761278788516143	26	5	8	3	6	ENSG00000141556	1.0	False
0.001539962034659277	0.10945273631840796	0.1476672336741497	0.16226987346662805	21	6	10	3	7	ENSG00000147050	1.0	False
0.0014478107441902239	0.10945273631840796	0.15800195835910125	0.1628959276018099	22	7	13	4	8	ENSG00000152457	1.0	False
0.0010590125145732501	0.10945273631840796	0.1467681818562871	0.10989872633708252	6	7	17	7	13	ENSG00000165813	1.0	False
0.00013986263093716697	0.10945273631840796	0.015267175572519096	0.03555555555555556	2	6	10	3	6	ENSG00000173621	1.0	False
0.006424655905368408	0.10945273631840796	0.2766782963043275	0.341420754694683	13	7	13	5	7	ENSG00000174197	1.0	False
0.013162642537884742	0.10945273631840796	0.30488767706812825	0.3166429480937758	7	6	6	3	5	ENSG00000175711	1.0	False
0.008549618652218201	0.10945273631840796	0.261516322580154	0.4466732542819498	9	7	12	4	7	ENSG00000178922	1.0	False
0.008490206124852934	0.10945273631840796	0.41397940693485524	0.4024691358024691	28	5	11	4	6	ENSG00000184640	1.0	False
0.0013657029915856685	0.10945273631840796	0.12615978688151525	0.1529857888369237	10	7	18	6	12	ENSG00000196642	1.0	False
0.00020642980503227681	0.10945273631840796	0.1842241380395963	0.30486098864843425	19	7	17	7	10	ENSG00000204482	1.0	False
0.004361524582764094	0.11442786069651742	0.19102148503751673	0.25706405421932327	6	7	14	4	10	ENSG00000044446	1.0	False
0.004965764303378948	0.11442786069651742	0.18022735505450266	0.19112554112554114	7	7	13	4	9	ENSG00000047621	1.0	False
0.011529343244781193	0.11442786069651742	0.4621078127240099	0.3842738309352518	11	6	9	3	5	ENSG00000078142	1.0	False
0.0013410880062543862	0.11442786069651742	0.12313550046624837	0.1349217938733126	10	7	13	3	8	ENSG00000088179	1.0	False
0.004487983788727399	0.11442786069651742	0.27201553519337557	0.2857680015040421	20	7	13	3	8	ENSG00000100813	1.0	False
0.003844181643429808	0.11442786069651742	0.11684766647312059	0.14026339138329486	4	7	17	6	13	ENSG00000101132	1.0	False
2.546114716033041e-07	0.11442786069651742	0.0006157635467981024	0.001564945226917074	3	6	8	3	6	ENSG00000101544	1.0	False
2.7886960198244998e-05	0.11442786069651742	0.0244510183500131	0.016506925982929903	5	7	17	6	13	ENSG00000105355	1.0	False
0.0007869237134518636	0.11442786069651742	0.13093133227017054	0.08197085740627641	5	7	18	6	12	ENSG00000108510	1.0	False
0.005155064753874765	0.11442786069651742	0.22815628517286446	0.2739321705153973	8	4	6	4	5	ENSG00000115661	1.0	False
0.0007429648787730222	0.11442786069651742	0.09094202898550727	0.10697674418604652	4	6	6	3	4	ENSG00000118162	1.0	False
0.009545240649235613	0.11442786069651742	0.36022802376899954	0.28364907688068336	19	6	11	4	8	ENSG00000118308	1.0	False
0.01077965718940865	0.11442786069651742	0.17220128084395306	0.28231643553799785	8	7	19	10	13	ENSG00000121390	1.0	False
0.0013494554202871144	0.11442786069651742	0.16363780096426245	0.12581612999171235	9	7	16	4	10	ENSG00000124256	1.0	False
0.004542133905767182	0.11442786069651742	0.2798053764392113	0.2119551471208161	5	6	9	3	8	ENSG00000125520	1.0	False
0.0019453987992060478	0.11442786069651742	0.3807411143137457	0.18867265636349415	22	7	12	3	7	ENSG00000142347	1.0	False
0.0235574220006305	0.11442786069651742	0.16653896199357746	0.5722329363974626	8	7	18	10	14	ENSG00000146540	1.0	False
0.002810275872547404	0.11442786069651742	0.17331153127827872	0.22685099038983159	2	7	18	10	13	ENSG00000158373	1.0	False
0.0042369212441403774	0.11442786069651742	0.2591517183881546	0.19135135135135137	7	5	7	3	6	ENSG00000164576	1.0	False
0.012106109447993086	0.11442786069651742	0.3697313399987424	0.3224232887490165	7	7	9	3	8	ENSG00000168300	1.0	False
0.00011800545375893762	0.11442786069651742	0.048444766499204345	0.05623435577616563	2	7	9	3	7	ENSG00000178951	1.0	False
0.004113895989646536	0.11442786069651742	0.28915218887479444	0.2889380123422676	20	7	12	5	8	ENSG00000180376	1.0	False
0.0006254414295144577	0.11442786069651742	0.05184678468900028	0.07761175378463298	6	7	18	8	14	ENSG00000181924	1.0	False
0.0013879489683089712	0.11442786069651742	0.1583314328514808	0.07646152895761771	2	7	15	5	11	ENSG00000182512	1.0	False
0.004305376250136202	0.11442786069651742	0.11250823383657163	0.17093127555924204	7	7	19	11	17	ENSG00000183011	1.0	False
0.0014461993954750533	0.11442786069651742	0.11110007451764785	0.10582805027249474	10	7	10	3	6	ENSG00000196204	1.0	False
0.002046225042717494	0.11442786069651742	0.2577170036844368	0.0965256944133494	12	7	12	4	8	ENSG00000196535	1.0	False
0.002282872859790984	0.11442786069651742	0.19570346634981053	0.1788923870427218	10	7	10	3	7	ENSG00000206053	1.0	False
0.0010701514226918857	0.11442786069651742	0.1411794102948526	0.11794871794871796	4	6	8	3	6	ENSG00000214050	1.0	False
0.0005328334668552619	0.11442786069651742	0.046630469817721606	0.052612349287541105	3	3	4	3	4	ENSG00000254858	1.0	False
0.00017808741483872268	0.11442786069651742	0.06794795835429271	0.04010433424443574	2	7	17	6	12	ENSG00000290838	1.0	False
0.0018815384331964493	0.11940298507462686	0.12726060575567627	0.09224333342741325	23	7	19	10	15	ENSG00000095787	1.0	False
0.00025065805739071155	0.11940298507462686	0.04784889121735619	0.03383634229719813	4	7	16	6	10	ENSG00000110025	1.0	False
0.0028885706005434076	0.11940298507462686	0.3249528078006083	0.22210394035457112	23	7	17	4	11	ENSG00000116977	1.0	False
0.007257962166340526	0.11940298507462686	0.22388392176256172	0.1961878758941321	3	7	11	5	9	ENSG00000121931	1.0	False
0.002624815440358746	0.11940298507462686	0.18463150077778923	0.11373461452166558	8	7	18	8	14	ENSG00000126768	1.0	False
0.005437597167448398	0.11940298507462686	0.20314914808695264	0.21642018389276613	3	7	13	3	9	ENSG00000127334	1.0	False
0.0026333419140712327	0.11940298507462686	0.3028435283270971	0.36173526241756637	18	7	18	7	12	ENSG00000133961	1.0	False
0.005952616494047997	0.11940298507462686	0.20825914189149816	0.35660272227971024	5	7	13	5	8	ENSG00000136709	1.0	False
3.103738125498548e-07	0.11940298507462686	0.0015015015015014568	0.0020283975659229	2	7	15	7	12	ENSG00000141682	1.0	False
0.00016618100287717774	0.11940298507462686	0.038900142389645634	0.03635229960708242	11	7	16	5	13	ENSG00000141959	1.0	False
1.6276533916835495e-05	0.11940298507462686	0.027640444890188336	0.012129101315517735	7	7	19	12	17	ENSG00000147123	1.0	False
0.002633486277887907	0.11940298507462686	0.16305003108442764	0.209021747483286	12	7	17	7	12	ENSG00000153922	1.0	False
0.0002257347019199969	0.11940298507462686	0.03030303030303029	0.05882352941176471	2	7	10	3	6	ENSG00000158457	1.0	False
0.014156452692768813	0.11940298507462686	0.20252294448789862	0.23159257685386145	2	7	13	3	7	ENSG00000164494	1.0	False
6.994995800157979e-05	0.11940298507462686	0.02966466969194411	0.04996272856161478	2	7	19	7	13	ENSG00000168496	1.0	False
0.003798614401237758	0.11940298507462686	0.2086815886038339	0.22915239017935207	8	7	13	4	8	ENSG00000170476	1.0	False
0.00018842073120599288	0.11940298507462686	0.07729040730423854	0.0911515242333046	12	7	19	12	17	ENSG00000171490	1.0	False
8.191470336340717e-05	0.11940298507462686	0.036594191269095314	0.034780467210807756	2	7	18	8	13	ENSG00000171497	1.0	False
0.010051916834443612	0.11940298507462686	0.29689865689865697	0.26535626535626544	5	5	5	3	4	ENSG00000175782	1.0	False
0.009433639344440563	0.11940298507462686	0.32569671280919105	0.3405072126570498	9	6	6	3	4	ENSG00000178761	1.0	False
0.0018444841866669805	0.11940298507462686	0.0848044531665801	0.10228137089873712	3	7	19	12	17	ENSG00000180573	1.0	False
0.006923903778999655	0.11940298507462686	0.359450255855576	0.4205426356589147	16	7	10	4	6	ENSG00000184432	1.0	False
0.0009943706459193769	0.11940298507462686	0.2102951925912055	0.112096052306867	6	7	17	7	11	ENSG00000196776	1.0	False
0.00041633686018153267	0.11940298507462686	0.060167856259350824	0.03902439024390246	3	3	5	3	4	ENSG00000271425	1.0	False
0.00026637977844819373	0.11940298507462686	0.055265320577983786	0.03491677878512713	4	6	7	3	5	ENSG00000273136	1.0	False
0.0009554740112744643	0.12437810945273632	0.08959059822999664	0.08879054070266276	10	7	15	6	11	ENSG00000103342	1.0	False
0.0003475983637117365	0.12437810945273632	0.06237209661918643	0.06166670958033299	8	7	19	10	17	ENSG00000105677	1.0	False
0.0010119338361249575	0.12437810945273632	0.12348865969922543	0.07636056378848127	4	7	18	6	12	ENSG00000107937	1.0	False
0.005177208626717621	0.12437810945273632	0.2956157663010791	0.29671845941568187	22	7	11	3	7	ENSG00000110713	1.0	False
0.00978937885268706	0.12437810945273632	0.29897789548952336	0.3675507165456914	15	6	8	3	6	ENSG00000110911	1.0	False
0.015257224965296556	0.12437810945273632	0.30013267369064167	0.29755320065477736	11	7	15	3	9	ENSG00000134255	1.0	False
0.000572033682815785	0.12437810945273632	0.04098466352501288	0.08312827291677258	5	7	18	7	13	ENSG00000135845	1.0	False
0.000891853167095642	0.12437810945273632	0.14129120040136994	0.15056680734504907	9	7	13	3	8	ENSG00000149485	1.0	False
0.006097054334601056	0.12437810945273632	0.4030170706189036	0.4438025210084034	13	7	10	3	6	ENSG00000149499	1.0	False
0.0017824050548784557	0.12437810945273632	0.10331198271883407	0.10963098386257156	4	7	19	9	16	ENSG00000151461	1.0	False
0.012092065008731825	0.12437810945273632	0.46952260801586143	0.46297909407665505	19	3	4	3	4	ENSG00000151503	1.0	False
0.0018712744782749132	0.12437810945273632	0.1806736453752408	0.1563544030222445	10	7	16	7	10	ENSG00000151532	1.0	False
0.0005608839353440097	0.12437810945273632	0.12138481793244557	0.0907486124484316	8	7	10	3	7	ENSG00000157557	1.0	False
8.70939077556696e-05	0.12437810945273632	0.024819709878390942	0.09317533893798048	6	7	18	11	15	ENSG00000160783	1.0	False
0.002131972156817413	0.12437810945273632	0.10587466410802322	0.11693368936359591	4	7	11	3	7	ENSG00000165288	1.0	False
0.003974944025973574	0.12437810945273632	0.22492793166650246	0.28712301494719483	3	7	14	4	9	ENSG00000166130	1.0	False
0.00012402182401933924	0.12437810945273632	0.052306658272513934	0.03938373961639633	4	7	17	6	12	ENSG00000167088	1.0	False
0.0029547941806112757	0.12437810945273632	0.24012196617408083	0.1418532338308458	9	7	15	6	12	ENSG00000170653	1.0	False
0.00026947697613504724	0.12437810945273632	0.19542839853506117	0.27506654558196686	2	7	15	4	7	ENSG00000172232	1.0	False
0.003751097631734221	0.12437810945273632	0.21474003547995607	0.24170552567674264	7	7	14	5	9	ENSG00000174799	1.0	False
0.0021933721634816703	0.12437810945273632	0.2912703884651053	0.13063389586813323	13	7	16	7	12	ENSG00000177189	1.0	False
0.009429373818651351	0.12437810945273632	0.2079340779110407	0.3816837601239751	9	7	17	7	12	ENSG00000185043	1.0	False
0.003543503087124704	0.12437810945273632	0.14919074681873373	0.17292364963881157	16	7	13	7	10	ENSG00000185507	1.0	False
0.0005682070258649363	0.12437810945273632	0.08488034422534121	0.0669807506919178	7	7	16	4	10	ENSG00000186517	1.0	False
0.0019819490011963752	0.12437810945273632	0.20026274286530826	0.1694811315820779	12	7	16	8	13	ENSG00000188243	1.0	False
0.003982382139192753	0.12437810945273632	0.3938274110151493	0.34732379438261785	7	5	8	3	6	ENSG00000196843	1.0	False
3.1969383033554874e-06	0.12437810945273632	0.007961522717969752	0.004233700254022024	2	7	17	5	14	ENSG00000198146	1.0	False
0.0007609344444789792	0.12437810945273632	0.07299798548638102	0.08051364602403051	4	7	13	4	9	ENSG00000286053	1.0	False
6.261533407674146e-07	0.12935323383084577	0.008185412987423285	0.002345215759849936	7	7	19	10	15	ENSG00000077312	1.0	False
1.7532864317667768e-08	0.12935323383084577	0.0040216855441738706	0.0032387094018041874	3	7	19	9	14	ENSG00000090382	1.0	False
6.427205983933185e-05	0.12935323383084577	0.01511899339104532	0.024883124717237207	7	5	5	3	4	ENSG00000092871	1.0	False
0.009981107796935677	0.12935323383084577	0.26019018134945554	0.1856637737062038	8	2	4	4	4	ENSG00000107745	1.0	False
3.5398655374267776e-05	0.12935323383084577	0.029098956261323746	0.012074555213586325	11	7	19	11	17	ENSG00000110717	1.0	False
0.01249188272993502	0.12935323383084577	0.375391443735097	0.35121181277750735	9	5	9	3	6	ENSG00000111912	1.0	False
0.006269523188862114	0.12935323383084577	0.2585458570388906	0.27425486618004863	16	6	10	3	7	ENSG00000112851	1.0	False
0.0006838098185245694	0.12935323383084577	0.12006342879407897	0.07337732701272244	9	7	11	3	7	ENSG00000125637	1.0	False
0.03396023855848486	0.12935323383084577	0.18261145728248004	0.49593098471779495	8	7	16	5	13	ENSG00000132792	1.0	False
0.00021969502605895795	0.12935323383084577	0.1237941938319086	0.04117817118174246	4	7	13	3	9	ENSG00000134987	1.0	False
4.713519231145329e-05	0.12935323383084577	0.02598941900872856	0.01914165711002801	6	7	19	12	18	ENSG00000135441	1.0	False
0.0036694484923983574	0.12935323383084577	0.3969241227577052	0.39570187165775406	11	7	10	3	5	ENSG00000136250	1.0	False
0.0040092174024902215	0.12935323383084577	0.28089465533984304	0.2692538240278754	13	7	15	4	9	ENSG00000140471	1.0	False
0.0001268927511995653	0.12935323383084577	0.07084700722565906	0.0326650927601735	11	7	19	13	18	ENSG00000143420	1.0	False
0.004786119512191795	0.12935323383084577	0.31177397286209574	0.3191404077784458	11	7	14	4	10	ENSG00000157823	1.0	False
0.001640861888903704	0.12935323383084577	0.19621941028075632	0.15836624975222036	9	7	14	3	9	ENSG00000158863	1.0	False
0.0067504645609112795	0.12935323383084577	0.2056993352053401	0.18913475667732726	4	4	7	4	6	ENSG00000162959	1.0	False
0.0013713668405440351	0.12935323383084577	0.07525476555635591	0.10154749392961983	4	7	16	5	12	ENSG00000164252	1.0	False
0.0037684465089792662	0.12935323383084577	0.27188463493578646	0.1665436114935382	11	7	13	3	9	ENSG00000166887	1.0	False
0.004759302375129778	0.12935323383084577	0.24423318674456937	0.26161947147910863	11	7	12	5	7	ENSG00000168395	1.0	False
0.0010701658966822587	0.12935323383084577	0.29246394166954076	0.39704478143358846	8	7	12	5	8	ENSG00000187049	1.0	False
7.017108849147983e-05	0.12935323383084577	0.025643742762331577	0.039119401457752154	3	7	15	5	12	ENSG00000214401	1.0	False
0.00017493138182490472	0.12935323383084577	0.08751219200465943	0.06103503913192529	6	7	17	6	13	ENSG00000228716	1.0	False
0.0022636291274652567	0.12935323383084577	0.0940462272397685	0.10604836673903169	3	7	10	3	7	ENSG00000245556	1.0	False
0.011070918881776436	0.12935323383084577	0.38579575913520614	0.2968888888888888	6	6	10	3	6	ENSG00000291201	1.0	False
0.001474761999189917	0.13432835820895522	0.11686605692931995	0.1584280485455596	8	7	10	3	7	ENSG00000005156	1.0	False
0.003956349408596866	0.13432835820895522	0.25671007545533975	0.2554820149674097	28	7	14	4	10	ENSG00000100099	1.0	False
0.008629737858732089	0.13432835820895522	0.27672927814991516	0.18002087554491314	7	3	4	3	3	ENSG00000103351	1.0	False
0.004002404651196454	0.13432835820895522	0.2360589742063607	0.2296703296703297	11	6	13	4	8	ENSG00000111859	1.0	False
0.0025584839459215467	0.13432835820895522	0.13963944441178971	0.15949139257409936	5	7	14	4	9	ENSG00000115350	1.0	False
0.0011775501667240123	0.13432835820895522	0.15270952944242097	0.14378896328792432	3	6	12	4	6	ENSG00000115520	1.0	False
0.00047767563447112	0.13432835820895522	0.19838410637186105	0.17074701820464533	2	6	9	4	7	ENSG00000119900	1.0	False
0.003182177794736183	0.13432835820895522	0.22344011005822317	0.19187694595473764	7	3	4	3	3	ENSG00000165929	1.0	False
7.294420156424431e-05	0.13432835820895522	0.026734010110296386	0.033711432992088564	5	7	15	4	10	ENSG00000166851	1.0	False
0.0007894501851493648	0.13432835820895522	0.050989248972180753	0.0743180554256486	4	7	19	11	17	ENSG00000178449	1.0	False
0.00018631318537467903	0.13432835820895522	0.05058314152314648	0.02143678160919539	2	3	4	3	4	ENSG00000214029	1.0	False
0.0385098617408304	0.13432835820895522	0.39806050418712047	0.34148262804389284	4	2	4	4	4	ENSG00000238164	1.0	False
0.0018720427259372042	0.13432835820895522	0.17148777889267022	0.18771929824561404	2	5	6	3	4	ENSG00000289047	1.0	False
0.0009682763890673991	0.13930348258706468	0.2641599712263932	0.28089438941641465	12	6	10	3	6	ENSG00000011422	1.0	False
0.0007548005571360196	0.13930348258706468	0.10543432321434165	0.17310702926170207	16	7	19	11	17	ENSG00000089053	1.0	False
0.007829640863706232	0.13930348258706468	0.37029581529581534	0.3214285714285714	19	6	9	3	6	ENSG00000099917	1.0	False
0.0017344621663444705	0.13930348258706468	0.09067789087967575	0.15099557797656313	5	7	18	10	14	ENSG00000102144	1.0	False
7.358800159829162e-06	0.13930348258706468	0.004000000000000002	0.005970149253731318	2	6	10	3	6	ENSG00000108557	1.0	False
0.0105726897184897	0.13930348258706468	0.2783067669231195	0.3016785549522694	9	7	17	6	12	ENSG00000112146	1.0	False
0.010965030523827054	0.13930348258706468	0.5150381501460362	0.47343749999999996	16	7	10	3	5	ENSG00000121067	1.0	False
0.009726649099055231	0.13930348258706468	0.26028223682594565	0.32608814259063956	10	7	14	6	8	ENSG00000122224	1.0	False
0.0005098495024667072	0.13930348258706468	0.13085860707148284	0.07311307759802665	7	7	18	8	14	ENSG00000130227	1.0	False
0.0006493888132319637	0.13930348258706468	0.10304020885290201	0.08095024609112	10	7	19	11	17	ENSG00000130724	1.0	False
0.002008051087305146	0.13930348258706468	0.13601108493868716	0.16571614501040632	13	7	19	10	17	ENSG00000130731	1.0	False
0.0010467334705749436	0.13930348258706468	0.07398048811092298	0.06205862758161228	4	3	4	3	4	ENSG00000130734	1.0	False
0.0025907610055327436	0.13930348258706468	0.35634535810218315	0.2831897090046209	11	7	13	3	9	ENSG00000138185	1.0	False
0.00041173825813677474	0.13930348258706468	0.0441335487210623	0.07066126371215349	5	7	19	13	18	ENSG00000140990	1.0	False
0.002185408484902569	0.13930348258706468	0.07509023479382157	0.12321101233401648	4	7	18	8	13	ENSG00000143106	1.0	False
3.332434120854153e-06	0.13930348258706468	0.01010101010101008	0.002816901408450702	2	4	6	3	4	ENSG00000152253	1.0	False
0.00027986515773633486	0.13930348258706468	0.09791189349402882	0.04880914938386445	11	7	19	11	16	ENSG00000155463	1.0	False
0.0017303483569125918	0.13930348258706468	0.1331401004391286	0.1483999876769784	6	7	18	8	14	ENSG00000159884	1.0	False
0.019310165665559254	0.13930348258706468	0.20469865157682227	0.3359983848172825	3	7	13	5	10	ENSG00000166228	1.0	False
0.0007384501985379962	0.13930348258706468	0.13332352813684703	0.06508999401341527	17	7	18	10	15	ENSG00000173889	1.0	False
8.42832417842781e-05	0.13930348258706468	0.022557284282543246	0.04328447279101863	3	7	13	4	6	ENSG00000179639	1.0	False
0.00023821693944072017	0.13930348258706468	0.06627486962898864	0.06536374496662564	9	7	19	13	19	ENSG00000186468	1.0	False
0.014894657423735125	0.13930348258706468	0.24139253543437636	0.2713637536926033	10	7	18	7	14	ENSG00000189091	1.0	False
4.751720533516485e-08	0.13930348258706468	0.0005121924812892104	0.001061043581249313	3	7	19	12	19	ENSG00000197747	1.0	False
0.004380420408325999	0.13930348258706468	0.4052122226714263	0.38008130081300806	3	5	6	3	4	ENSG00000245849	1.0	False
0.00238237198641367	0.13930348258706468	0.2685428339045376	0.24555909921433794	108	7	19	7	15	ENSG00000291178	1.0	False
4.280573566399595e-06	0.14427860696517414	0.03718973644603619	0.006280847567283206	16	7	19	13	19	ENSG00000051523	1.0	False
0.006648877395263342	0.14427860696517414	0.38865026790855095	0.30306361506577756	19	7	12	3	7	ENSG00000105221	1.0	False
0.01455542878651181	0.14427860696517414	0.40923064908414325	0.40607332284198866	18	6	8	3	5	ENSG00000112992	1.0	False
0.0009363566130202383	0.14427860696517414	0.09390353125509968	0.08340070506140154	9	7	19	12	17	ENSG00000113141	1.0	False
0.0006526202184376716	0.14427860696517414	0.11973800819762935	0.15032679738562094	2	3	4	3	3	ENSG00000117597	1.0	False
0.00566650583278566	0.14427860696517414	0.186366472508949	0.18607002434001124	6	6	8	3	5	ENSG00000127870	1.0	False
0.0033306409904188656	0.14427860696517414	0.25423881145165067	0.22146386588750255	19	7	16	6	11	ENSG00000138592	1.0	False
7.450106043936651e-06	0.14427860696517414	0.01489969297939625	0.014052619670452246	11	7	19	12	18	ENSG00000143761	1.0	False
8.191037880183221e-07	0.14427860696517414	0.018818891200810546	0.004076364154304669	9	7	19	13	19	ENSG00000148303	1.0	False
0.0038520028494496523	0.14427860696517414	0.17637994643308563	0.1734668029768269	7	7	18	10	12	ENSG00000152700	1.0	False
0.003465322559866778	0.14427860696517414	0.25064387501888086	0.3079491416815622	9	4	6	3	5	ENSG00000160352	1.0	False
0.0014126946291579733	0.14427860696517414	0.16223685009116734	0.13982020095187728	8	6	10	4	6	ENSG00000162735	1.0	False
0.0038994585228564263	0.14427860696517414	0.3053551895362229	0.17971356055112403	5	7	12	3	8	ENSG00000163900	1.0	False
0.0011736783052375686	0.14427860696517414	0.13734652505518988	0.09944694089180783	5	7	11	4	7	ENSG00000180979	1.0	False
9.039595292884326e-05	0.14427860696517414	0.029864371413667254	0.02599999999999999	7	7	14	5	11	ENSG00000186918	1.0	False
0.022011341214237843	0.14427860696517414	0.2833411954902669	0.3289526484751204	3	5	4	3	3	ENSG00000198169	1.0	False
0.0012102414979498662	0.14427860696517414	0.27151785216836666	0.2744173476342091	15	7	18	5	13	ENSG00000198901	1.0	False
0.0038456564946056006	0.14427860696517414	0.27189022335455415	0.23149509803921567	4	7	12	3	9	ENSG00000229809	1.0	False
0.019616629234441713	0.14427860696517414	0.5910511350458749	0.457770475842765	19	4	3	3	3	ENSG00000239523	1.0	False
0.0005702443578164382	0.14427860696517414	0.031189083820662766	0.06399999999999997	2	4	6	3	4	ENSG00000280594	1.0	False
0.006451688823474762	0.14427860696517414	0.29371478638371307	0.2285854835126472	12	4	5	3	4	ENSG00000291066	1.0	False
0.0038680925635636927	0.14925373134328357	0.2577443805098103	0.36416750499454503	23	7	19	11	16	ENSG00000003402	1.0	False
0.015223357211726006	0.14925373134328357	0.6091935483870967	0.6378787878787879	7	5	7	3	4	ENSG00000005187	1.0	False
0.009433497144149513	0.14925373134328357	0.40287053618450464	0.3044560535840034	23	5	8	4	6	ENSG00000028203	1.0	False
1.95297598742144e-05	0.14925373134328357	0.04316435668939231	0.011632536614534658	4	7	18	8	14	ENSG00000054118	1.0	False
0.017589721607384774	0.14925373134328357	0.3502837862915149	0.33254473169157095	10	7	10	3	6	ENSG00000069943	1.0	False
0.0012321562614586552	0.14925373134328357	0.10318520210432228	0.2006272087857292	5	7	16	7	13	ENSG00000086598	1.0	False
0.001529948021506202	0.14925373134328357	0.18025416021481644	0.0954662233640623	6	3	4	3	4	ENSG00000090565	1.0	False
0.0029829275047549017	0.14925373134328357	0.20842054455865194	0.1875226961775052	2	5	8	4	6	ENSG00000104312	1.0	False
0.001043475459014532	0.14925373134328357	0.04275929226909622	0.09185491053356007	3	4	7	3	5	ENSG00000104903	1.0	False
0.0031518633883730685	0.14925373134328357	0.1559766522543016	0.16711380319619562	5	7	13	5	8	ENSG00000106009	1.0	False
0.006109822158383864	0.14925373134328357	0.2575258868501893	0.20430925221799745	4	6	8	3	6	ENSG00000120837	1.0	False
0.010585410189228038	0.14925373134328357	0.38294390301502085	0.3242532200602905	9	6	10	3	7	ENSG00000123297	1.0	False
5.261864573633486e-05	0.14925373134328357	0.02531645569620254	0.052863436123348	2	5	7	3	6	ENSG00000125484	1.0	False
0.0034122048263120187	0.14925373134328357	0.2116750761367699	0.15797455074574604	9	7	14	4	9	ENSG00000130813	1.0	False
0.006873286841097161	0.14925373134328357	0.42535522548042615	0.3445137282510309	29	6	7	3	6	ENSG00000149231	1.0	False
0.0034186039799432126	0.14925373134328357	0.22442281040259715	0.1669964611020248	9	7	15	5	10	ENSG00000153107	1.0	False
0.009184517510355079	0.14925373134328357	0.2867935480148232	0.307576857105159	8	7	13	4	9	ENSG00000155561	1.0	False
0.003057445110566925	0.14925373134328357	0.1901750505892537	0.18335843373493976	3	4	5	3	4	ENSG00000163050	1.0	False
0.0032702781537420505	0.14925373134328357	0.4689261121052804	0.48654459890734025	33	6	12	3	7	ENSG00000168137	1.0	False
0.0588984423456889	0.14925373134328357	0.503475335989132	0.5007013934349575	3	3	4	3	4	ENSG00000170469	1.0	False
0.005794705766911826	0.14925373134328357	0.20689243036349741	0.26104644485610307	10	7	17	6	11	ENSG00000173436	1.0	False
0.0005700734716124215	0.14925373134328357	0.126083819981704	0.0618730306567401	4	7	16	7	11	ENSG00000175348	1.0	False
0.005289085417418954	0.14925373134328357	0.15671694655176566	0.2362387924185677	17	7	14	5	10	ENSG00000176623	1.0	False
0.000549971920246926	0.14925373134328357	0.06265755336063038	0.08767050298380222	8	7	13	3	8	ENSG00000180104	1.0	False
0.0007642106536051745	0.14925373134328357	0.1193270992044987	0.12638888888888888	9	7	12	4	8	ENSG00000182372	1.0	False
0.030370599926389904	0.14925373134328357	0.4735401116645978	0.503708147017123	7	7	7	3	4	ENSG00000187609	1.0	False
0.0037403560572861067	0.14925373134328357	0.3584487363696543	0.25221746889178137	13	7	15	4	10	ENSG00000197043	1.0	False
0.0022352152652663523	0.14925373134328357	0.20350844868446447	0.16908348119320465	25	7	18	7	12	ENSG00000213983	1.0	False
2.608185670685791e-06	0.14925373134328357	0.005464480874316887	0.00925925925925928	2	6	8	3	6	ENSG00000290878	1.0	False
4.936937288696275e-06	0.15422885572139303	0.015154988934249939	0.00715659705249536	5	7	17	7	12	ENSG00000053371	1.0	False
1.6929199579842167e-06	0.15422885572139303	0.005585151094859815	0.0036563071297989113	3	7	16	4	9	ENSG00000060558	1.0	False
0.002285775317832757	0.15422885572139303	0.13526215602330155	0.30568285426364034	11	7	16	6	13	ENSG00000064666	1.0	False
0.007579257450551606	0.15422885572139303	0.2775287895658372	0.2599944144006906	6	7	16	6	10	ENSG00000071243	1.0	False
2.5963224544633245e-05	0.15422885572139303	0.019705502506991077	0.01129546681246887	2	7	18	6	11	ENSG00000100028	1.0	False
6.241584249020416e-05	0.15422885572139303	0.027815909240633742	0.025666544327083495	6	7	18	6	15	ENSG00000100603	1.0	False
0.0042884315896205205	0.15422885572139303	0.2244307608100712	0.17401350581726463	9	5	7	3	4	ENSG00000104205	1.0	False
4.175201200135719e-06	0.15422885572139303	0.006452408039438792	0.004429678848283508	4	7	15	5	10	ENSG00000104695	1.0	False
0.0038989261125654527	0.15422885572139303	0.2142159532574302	0.1806574092502717	11	7	19	6	13	ENSG00000105821	1.0	False
7.70683728305004e-05	0.15422885572139303	0.03673168941927728	0.03841138619768113	5	7	19	10	16	ENSG00000113441	1.0	False
0.005256018410819091	0.15422885572139303	0.3592154703811169	0.2884960206360691	19	7	10	4	6	ENSG00000130779	1.0	False
0.004868727763676313	0.15422885572139303	0.19137233198911843	0.19020908813130213	10	6	12	4	9	ENSG00000131408	1.0	False
4.279860155044565e-05	0.15422885572139303	0.031120097984242423	0.022437298451560256	19	7	19	11	17	ENSG00000144426	1.0	False
0.004219017513350647	0.15422885572139303	0.1856823550799087	0.20306851955980398	5	7	9	3	7	ENSG00000162139	1.0	False
0.012603404241602846	0.15422885572139303	0.2766094580167503	0.25917065390749605	7	6	10	3	6	ENSG00000163607	1.0	False
0.004348626074859499	0.15422885572139303	0.2649025878155356	0.17474526689945757	7	7	13	4	9	ENSG00000163788	1.0	False
6.733314200171816e-05	0.15422885572139303	0.07659587991491904	0.016140473476649934	6	7	19	11	17	ENSG00000166595	1.0	False
0.0008982412018274746	0.15422885572139303	0.10074516231620755	0.0741532424293685	11	7	19	10	15	ENSG00000175826	1.0	False
0.0006573471778267859	0.15422885572139303	0.10993165140753129	0.07587943307440662	8	7	15	6	12	ENSG00000183426	1.0	False
0.006617959622032115	0.15422885572139303	0.2983489636978009	0.2086186065243657	9	5	8	3	6	ENSG00000185158	1.0	False
0.003696992693043475	0.15422885572139303	0.3375958571475603	0.2582791247782377	11	4	6	3	5	ENSG00000186153	1.0	False
0.001046277197381086	0.15422885572139303	0.14078134684405497	0.06415641564156416	2	6	7	3	4	ENSG00000198252	1.0	False
3.336212690941748e-06	0.15422885572139303	0.007471763821510376	0.004465384526931344	3	7	19	11	17	ENSG00000198918	1.0	False
0.00021285629878382617	0.15422885572139303	0.08059043961275777	0.12714617501418815	12	7	19	13	18	ENSG00000205352	1.0	False
0.0018726795234634676	0.15422885572139303	0.18654492604093076	0.20185768089514058	16	7	17	6	11	ENSG00000235437	1.0	False
0.0007259611137256332	0.15920398009950248	0.06765124021372333	0.057644070630878175	7	7	13	3	8	ENSG00000070423	1.0	False
0.010875330417211367	0.15920398009950248	0.3417733522763986	0.3119390627587349	24	3	4	3	3	ENSG00000094631	1.0	False
0.009539894683946698	0.15920398009950248	0.38672508993677357	0.41639576597723554	8	6	10	3	7	ENSG00000106635	1.0	False
4.680874634542738e-05	0.15920398009950248	0.04244564894845625	0.03714653479037118	9	7	19	9	16	ENSG00000108774	1.0	False
0.005671593229360839	0.15920398009950248	0.473608856900733	0.43355339735195697	35	7	13	4	7	ENSG00000115415	1.0	False
5.837699208487291e-05	0.15920398009950248	0.03831393502370753	0.03312379110251451	4	6	10	3	5	ENSG00000117650	1.0	False
0.0009221949762938774	0.15920398009950248	0.11038033629664032	0.10383963204231748	13	7	19	9	15	ENSG00000120802	1.0	False
0.002227721287237373	0.15920398009950248	0.17806800794164668	0.22361381849685946	8	7	13	6	10	ENSG00000125844	1.0	False
0.002466282306939139	0.15920398009950248	0.09258979687545146	0.09585823072193234	3	7	12	4	9	ENSG00000137547	1.0	False
0.0032179497537487807	0.15920398009950248	0.22997154431753594	0.2259850211657441	3	6	7	3	6	ENSG00000151093	1.0	False
0.01624124069699172	0.15920398009950248	0.41519954601255415	0.5360264105642257	10	5	6	3	4	ENSG00000159216	1.0	False
0.0010176223140612884	0.15920398009950248	0.10385579717926019	0.16599953183520602	19	7	15	6	9	ENSG00000160410	1.0	False
0.002067715933059697	0.15920398009950248	0.22339381242027317	0.17436863070144695	19	7	17	7	15	ENSG00000197989	1.0	False
0.006410280884175872	0.15920398009950248	0.34808848411716997	0.2983485001685204	8	6	10	3	6	ENSG00000203485	1.0	False
1.9382202750754403e-05	0.15920398009950248	0.022904478943286993	0.012161382188592116	6	7	18	7	14	ENSG00000230124	1.0	False
0.004217375718286758	0.15920398009950248	0.22287244404830808	0.2624286281973522	7	4	7	3	5	ENSG00000261971	1.0	False
0.0048492785880983056	0.16417910447761194	0.33842163460742913	0.2915159204387329	23	7	11	4	10	ENSG00000004487	1.0	False
0.006995902491672077	0.16417910447761194	0.3398839689694063	0.25952667468912954	10	7	13	3	8	ENSG00000005436	1.0	False
0.004679151396246636	0.16417910447761194	0.4374390114088687	0.4494720965309201	12	6	11	3	8	ENSG00000075420	1.0	False
0.0004993585827669291	0.16417910447761194	0.05456228054552976	0.03388044579533937	2	7	12	4	6	ENSG00000088298	1.0	False
0.0013804861153143423	0.16417910447761194	0.18031430684675473	0.17529588726596207	15	7	17	5	11	ENSG00000100109	1.0	False
0.013077958713491203	0.16417910447761194	0.3119189697692483	0.3067942230655703	4	7	12	4	8	ENSG00000103485	1.0	False
9.961734882217154e-07	0.16417910447761194	0.0035097820521310884	0.0020550760378134037	3	7	18	8	15	ENSG00000107438	1.0	False
0.0010492655447370636	0.16417910447761194	0.256990923897074	0.14318508710934152	3	7	13	4	8	ENSG00000107566	1.0	False
0.00175134149208086	0.16417910447761194	0.12853078180512165	0.08342395351255051	9	5	7	3	5	ENSG00000113391	1.0	False
0.0003103334265850842	0.16417910447761194	0.08586123419867975	0.07304806890802999	6	7	16	4	10	ENSG00000114450	1.0	False
0.0005760513184479919	0.16417910447761194	0.08488069693479389	0.0692511963804055	7	7	14	5	10	ENSG00000119231	1.0	False
0.0018234507921215297	0.16417910447761194	0.3594580769535095	0.3425778295024731	6	7	12	4	8	ENSG00000119778	1.0	False
0.0027213140504661593	0.16417910447761194	0.2299176863276263	0.5048626775907653	39	7	19	6	12	ENSG00000130816	1.0	False
0.00020349350312431455	0.16417910447761194	0.05789482083774236	0.05665317011288514	4	7	19	13	18	ENSG00000138071	1.0	False
0.0013380366067469104	0.16417910447761194	0.12060194374604856	0.16257777928485442	3	6	6	3	5	ENSG00000141034	1.0	False
0.0048619406887482645	0.16417910447761194	0.21912939761840733	0.3147550223569109	7	7	13	6	7	ENSG00000143924	1.0	False
0.0023641500266894156	0.16417910447761194	0.13530928247906582	0.1307416058189368	6	7	18	7	13	ENSG00000150316	1.0	False
0.0006241350290933361	0.16417910447761194	0.03967530767216545	0.04862157486466884	3	5	7	3	6	ENSG00000157911	1.0	False
0.030370911941502175	0.16417910447761194	0.5448452108115973	0.5304995970991135	12	4	6	3	4	ENSG00000158321	1.0	False
0.004766947678615414	0.16417910447761194	0.235329703569268	0.1723529411764706	2	5	5	3	4	ENSG00000178385	1.0	False
0.009269185583497845	0.16417910447761194	0.28165404673818617	0.24086378737541533	7	6	9	3	6	ENSG00000180182	1.0	False
0.005574535118494907	0.16417910447761194	0.11875595507328716	0.1918324431955636	4	3	4	3	4	ENSG00000188735	1.0	False
0.020476295882540057	0.16417910447761194	0.4514057703472805	0.5704662004662004	13	4	5	3	3	ENSG00000196498	1.0	False
0.006015142172169317	0.16417910447761194	0.13356751114304236	0.15000000000000002	4	3	4	3	4	ENSG00000226824	1.0	False
0.003966099249361172	0.16417910447761194	0.23965838991282162	0.18054308729522764	2	7	12	4	9	ENSG00000237638	1.0	False
0.010357894774547457	0.16417910447761194	0.34715385468454807	0.2439198855507868	4	4	8	4	5	ENSG00000272288	1.0	False
0.010258515550017987	0.16417910447761194	0.40153041301180076	0.3181743761617212	27	6	8	3	7	ENSG00000291207	1.0	False
0.001706171435263429	0.1691542288557214	0.576948524011158	0.4149521062564541	8	7	10	4	8	ENSG00000043093	1.0	False
0.00535656276501244	0.1691542288557214	0.31597809866405524	0.2236024844720497	6	7	10	3	7	ENSG00000087095	1.0	False
0.00027390580180532446	0.1691542288557214	0.07827091571148431	0.12958885296795158	10	7	19	12	17	ENSG00000099341	1.0	False
0.000127573757817764	0.1691542288557214	0.09417709254243611	0.0720612574252691	7	7	19	8	15	ENSG00000100453	1.0	False
0.0015059140162830703	0.1691542288557214	0.07948051948051947	0.09836065573770494	5	5	9	4	7	ENSG00000119396	1.0	False
0.00013653026548833026	0.1691542288557214	0.05995904780151353	0.050000000000000024	2	5	7	3	4	ENSG00000126067	1.0	False
0.004189090237922844	0.1691542288557214	0.20298786082429637	0.18637185929648237	9	4	6	3	4	ENSG00000131473	1.0	False
0.0033362723196365862	0.1691542288557214	0.16554066818806934	0.1656746031746032	4	7	8	4	7	ENSG00000151131	1.0	False
1.7615054200649065e-05	0.1691542288557214	0.009328358208955195	0.0065963060686016015	2	5	6	3	5	ENSG00000151929	1.0	False
0.0030742022508791532	0.1691542288557214	0.2099703216785382	0.36532000361030237	17	7	17	5	11	ENSG00000163131	1.0	False
1.8298433668965607e-07	0.1691542288557214	0.00048046124279309396	0.0013537906137184212	2	4	7	3	6	ENSG00000166289	1.0	False
0.008072657837986183	0.1691542288557214	0.2450161744323939	0.33793336560450016	3	7	13	3	10	ENSG00000171262	1.0	False
2.9664834932335617e-05	0.1691542288557214	0.049213536691804255	0.01720945033702715	8	7	17	7	12	ENSG00000172725	1.0	False
9.424752690128368e-05	0.1691542288557214	0.031464731010344554	0.02843826441809547	8	7	19	13	19	ENSG00000172809	1.0	False
0.002032927000612074	0.1691542288557214	0.31908913802995037	0.3012585057043231	46	7	18	6	13	ENSG00000173230	1.0	False
0.005858860837550569	0.1691542288557214	0.29858609535146974	0.2640165151934745	5	5	5	3	4	ENSG00000174456	1.0	False
2.337229918055496e-05	0.1691542288557214	0.053860356239920776	0.01857400978541122	14	7	18	8	13	ENSG00000175115	1.0	False
0.007596667394153222	0.1691542288557214	0.31312610096583454	0.2946846163569713	5	4	5	3	4	ENSG00000176659	1.0	False
0.0007462014588801473	0.1691542288557214	0.06768586631368939	0.07492444533566324	8	4	5	3	5	ENSG00000180900	1.0	False
0.0207552128888505	0.1691542288557214	0.44628588658439405	0.4767791513531573	19	6	7	3	4	ENSG00000182199	1.0	False
0.0006019772738797325	0.1691542288557214	0.15255376344086025	0.27590361445783135	6	7	13	4	8	ENSG00000186716	1.0	False
0.0007194016195456324	0.1691542288557214	0.1214193106191812	0.105324821248092	5	7	17	6	12	ENSG00000188010	1.0	False
0.0015541942298068533	0.1691542288557214	0.1173628670691631	0.13855536212867323	7	7	16	6	11	ENSG00000223865	1.0	False
0.0020861120546063774	0.1691542288557214	0.29959516692954447	0.14334975369458125	8	6	10	3	7	ENSG00000271109	1.0	False
6.796362298232324e-05	0.1691542288557214	0.05246355054448222	0.01725221880659778	3	7	14	5	10	ENSG00000276293	1.0	False
0.008710746833660788	0.1691542288557214	0.40012241224252343	0.38801211541527175	18	5	7	3	5	ENSG00000291093	1.0	False
0.00047069817643349116	0.17412935323383086	0.09249132729630646	0.05730168474581619	3	7	18	6	14	ENSG00000099385	1.0	False
8.951098086355319e-11	0.17412935323383086	1.6894174888490277e-05	5.282062117050893e-05	2	7	19	12	17	ENSG00000099795	1.0	False
0.010006862263278373	0.17412935323383086	0.2578796520443469	0.35043509789702687	28	7	14	3	10	ENSG00000100461	1.0	False
0.0034132798054977444	0.17412935323383086	0.2101994837298976	0.22924596328851649	27	7	17	5	13	ENSG00000100697	1.0	False
2.1975774694615494e-05	0.17412935323383086	0.007637596627841512	0.01080488065845353	5	7	18	10	15	ENSG00000103152	1.0	False
0.002240390707233727	0.17412935323383086	0.1996717941503748	0.2048465705503761	13	7	16	7	11	ENSG00000105856	1.0	False
0.002289485178250056	0.17412935323383086	0.19775040283630035	0.18929776453727842	15	7	12	3	8	ENSG00000109323	1.0	False
0.001139051756820016	0.17412935323383086	0.16228157151888062	0.09903149609723903	13	7	18	8	15	ENSG00000116731	1.0	False
0.002820447026813745	0.17412935323383086	0.2483024803845616	0.13262754751938519	6	7	11	3	6	ENSG00000118596	1.0	False
0.005227436003736331	0.17412935323383086	0.19017835394146518	0.14558461466994937	4	6	10	3	9	ENSG00000121481	1.0	False
8.852072024045545e-07	0.17412935323383086	0.005125330065538156	0.0036939700218329152	2	7	19	12	17	ENSG00000126264	1.0	False
2.481116081515037e-05	0.17412935323383086	0.027292369517335685	0.02552716078500291	3	7	14	5	9	ENSG00000128322	1.0	False
0.0010173841321978983	0.17412935323383086	0.06852134163821072	0.0901364327915125	18	7	19	11	18	ENSG00000135655	1.0	False
0.0009312888190065967	0.17412935323383086	0.12967860511373977	0.09241594080120158	12	7	19	11	16	ENSG00000136490	1.0	False
0.0029462964538726774	0.17412935323383086	0.3252557575979102	0.21626650660264105	10	6	12	4	10	ENSG00000137814	1.0	False
0.006180609199169934	0.17412935323383086	0.28550606339329826	0.22303921568627452	15	3	4	3	3	ENSG00000138795	1.0	False
3.613071715473536e-05	0.17412935323383086	0.013708971505581632	0.01161751563896339	5	7	12	4	9	ENSG00000144455	1.0	False
0.003709059615564129	0.17412935323383086	0.18773617420321215	0.11057491289198605	4	2	4	4	4	ENSG00000145391	1.0	False
0.003623590502017621	0.17412935323383086	0.057076718364764405	0.15487375312312232	20	7	19	13	18	ENSG00000149273	1.0	False
0.0002563088840491493	0.17412935323383086	0.06249663765066784	0.059999421748055615	5	6	11	4	8	ENSG00000149930	1.0	False
0.0027760454142876133	0.17412935323383086	0.16026766555139854	0.15874555065454157	6	6	7	3	6	ENSG00000154222	1.0	False
0.02844435034941614	0.17412935323383086	0.3434042221942913	0.40821180791243017	3	7	14	4	11	ENSG00000158406	1.0	False
0.010748587112861604	0.17412935323383086	0.3094719175502534	0.20382699175521363	12	3	5	3	4	ENSG00000164483	1.0	False
0.0023781432647825	0.17412935323383086	0.17738635362806626	0.11598987550309682	5	7	18	6	11	ENSG00000166164	1.0	False
1.907678635813117e-06	0.17412935323383086	0.01006344541876824	0.0034200067720219418	3	7	19	11	17	ENSG00000171314	1.0	False
0.004900014745576673	0.17412935323383086	0.24896215826828372	0.16004962779156323	6	7	16	5	13	ENSG00000172172	1.0	False
0.000548176589764953	0.17412935323383086	0.09277798093246384	0.08404565652454121	15	6	10	3	7	ENSG00000198373	1.0	False
1.661779985108358e-05	0.17412935323383086	0.00986271112284686	0.006430868167202596	3	5	8	3	6	ENSG00000198909	1.0	False
3.0039087043393095e-06	0.17412935323383086	0.003523001455662108	0.005385996409335704	2	7	14	4	10	ENSG00000204227	1.0	False
0.0022218090954491143	0.17412935323383086	0.2435454777322193	0.22382401236356614	19	7	16	5	10	ENSG00000205758	1.0	False
0.005521185981147969	0.17412935323383086	0.22133923522972163	0.20737558181167204	3	4	7	3	5	ENSG00000291214	1.0	False
0.005226096999444841	0.1791044776119403	0.18108873334748876	0.16719160104986877	9	5	9	4	6	ENSG00000034677	1.0	False
0.005597518636045676	0.1791044776119403	0.29471920876931057	0.17425209918130383	4	6	8	4	6	ENSG00000070476	1.0	False
0.0015606101702805727	0.1791044776119403	0.19186507029381755	0.1205694505387353	8	7	14	5	10	ENSG00000070882	1.0	False
0.0012430548944230174	0.1791044776119403	0.12259278377275006	0.11501415440005547	18	7	19	13	18	ENSG00000100650	1.0	False
5.192460294259107e-07	0.1791044776119403	0.0045045045045045366	0.002894356005788701	3	7	17	6	12	ENSG00000106367	1.0	False
0.00033555578416530514	0.1791044776119403	0.153947590715209	0.0747322564608138	7	7	11	4	8	ENSG00000130338	1.0	False
0.003795461770999477	0.1791044776119403	0.09957890975908529	0.1259980525803311	3	6	7	3	4	ENSG00000132953	1.0	False
0.003942046466053515	0.1791044776119403	0.3343146107616455	0.2550527884260262	11	4	7	3	6	ENSG00000135114	1.0	False
0.006432298757936362	0.1791044776119403	0.2858640578940058	0.35914422552984027	10	7	10	3	6	ENSG00000135250	1.0	False
8.985092084408785e-05	0.1791044776119403	0.0416679383205993	0.03448595039315837	5	6	14	3	11	ENSG00000137267	1.0	False
8.489935051983055e-06	0.1791044776119403	0.006944444444444487	0.008097165991902817	2	7	9	3	7	ENSG00000146376	1.0	False
0.0032523333709613017	0.1791044776119403	0.2491575015186505	0.2768101224601726	12	7	18	5	14	ENSG00000147535	1.0	False
0.006564101944873408	0.1791044776119403	0.391817288965028	0.3952380952380952	9	5	9	3	6	ENSG00000151292	1.0	False
0.0014897747285804715	0.1791044776119403	0.13308501794728553	0.08674883674883671	4	6	9	3	7	ENSG00000152804	1.0	False
0.0007914963829964082	0.1791044776119403	0.1108432603748043	0.07663752808228584	7	7	16	6	11	ENSG00000159461	1.0	False
0.0005208881733615623	0.1791044776119403	0.13915776591010237	0.10144927536231882	6	7	14	3	10	ENSG00000159685	1.0	False
0.002222635421625374	0.1791044776119403	0.21023921378544536	0.1403020571041129	6	7	18	8	14	ENSG00000169230	1.0	False
5.8196253788579524e-05	0.1791044776119403	0.0507263939384874	0.021547197156953222	11	7	17	8	12	ENSG00000169246	1.0	False
0.011032170062811398	0.1791044776119403	0.33947192513368984	0.32681237193872575	10	4	5	3	4	ENSG00000177106	1.0	False
0.0008744462737591192	0.1791044776119403	0.2026425507977743	0.1343856946906486	3	7	15	6	8	ENSG00000179454	1.0	False
0.004484251377769318	0.1791044776119403	0.3062665349291809	0.328154080424116	7	6	10	4	7	ENSG00000189079	1.0	False
0.00016453875655040995	0.1791044776119403	0.06810753305853254	0.05815845221409422	7	7	16	5	10	ENSG00000273559	1.0	False
0.0033103945969853426	0.18407960199004975	0.12114957530851625	0.1792135713576164	6	7	14	5	8	ENSG00000009780	1.0	False
0.0011107598903174897	0.18407960199004975	0.08906844078365851	0.08731448380457155	4	5	6	3	4	ENSG00000011132	1.0	False
0.003995648469295088	0.18407960199004975	0.361832157133362	0.3138061936033942	29	7	11	4	6	ENSG00000069424	1.0	False
0.006366195568980597	0.18407960199004975	0.14842739987066042	0.23111176355451163	3	2	3	3	3	ENSG00000085274	1.0	False
0.008634587514343348	0.18407960199004975	0.2456625485773344	0.2441769412403286	11	7	14	5	10	ENSG00000100523	1.0	False
0.0014593157845401064	0.18407960199004975	0.15199293515254536	0.16778040813880313	6	7	16	4	11	ENSG00000100568	1.0	False
9.435787145450041e-06	0.18407960199004975	0.003851038471307728	0.009708737864077667	4	7	10	4	8	ENSG00000105738	1.0	False
0.004564231807783092	0.18407960199004975	0.2199949576182663	0.27726197516262574	14	7	12	3	8	ENSG00000107960	1.0	False
0.0006932780909636549	0.18407960199004975	0.06837723780136763	0.05489972873614731	5	7	17	6	12	ENSG00000111726	1.0	False
0.011045296485792814	0.18407960199004975	0.29387212861796297	0.30206264323911386	8	4	6	3	4	ENSG00000114353	1.0	False
0.0003461710115171873	0.18407960199004975	0.10814197990536119	0.07459473150962513	7	7	11	3	9	ENSG00000120685	1.0	False
0.025768842183884064	0.18407960199004975	0.320130731190939	0.3827151975159565	8	7	13	4	9	ENSG00000127663	1.0	False
2.33366440429802e-06	0.18407960199004975	0.0050200887618526945	0.002587322121604157	3	7	10	4	8	ENSG00000129911	1.0	False
0.0002371553766956087	0.18407960199004975	0.046064662731329434	0.038525641025641	5	6	13	5	9	ENSG00000130311	1.0	False
2.4100611133149547e-06	0.18407960199004975	0.006870085542300192	0.004737470356435797	2	7	18	6	13	ENSG00000130560	1.0	False
0.004927148950755801	0.18407960199004975	0.22958533712231616	0.1334752204317422	5	5	5	3	4	ENSG00000135272	1.0	False
0.00023122721556603957	0.18407960199004975	0.048840048840048916	0.0434782608695652	2	3	4	3	3	ENSG00000135828	1.0	False
0.004538362585844984	0.18407960199004975	0.20508279938932616	0.1882559660019614	9	4	5	3	4	ENSG00000138376	1.0	False
0.00971285905312146	0.18407960199004975	0.2673512065966442	0.341134303183639	9	2	3	3	3	ENSG00000160796	1.0	False
0.0002921469785957799	0.18407960199004975	0.4016928120337765	0.09076092578659899	6	6	9	4	8	ENSG00000163513	1.0	False
0.0017796879451392998	0.18407960199004975	0.2796072042333564	0.15765460764341946	3	7	12	4	8	ENSG00000176845	1.0	False
1.8023083896488854e-06	0.18407960199004975	0.0035457277489106013	0.005423120025023212	4	7	19	10	17	ENSG00000180817	1.0	False
1.8737549195494904e-06	0.18407960199004975	0.0021645021645021554	0.0019708316909735767	2	7	17	6	13	ENSG00000183864	1.0	False
3.3884537049517104e-05	0.18407960199004975	0.02691358024691361	0.008888888888888873	4	3	5	3	4	ENSG00000185298	1.0	False
9.90946489199271e-06	0.18407960199004975	0.009636272913891686	0.008421201345142995	3	7	19	13	18	ENSG00000240972	1.0	False
0.0001507864725042854	0.1890547263681592	0.05220319240484195	0.047368063532056304	9	7	9	4	5	ENSG00000018189	1.0	False
0.0019236679700739712	0.1890547263681592	0.26530268639972004	0.27163807336714935	14	7	14	6	10	ENSG00000068305	1.0	False
0.0031830452987182062	0.1890547263681592	0.31029037822723365	0.22011617796241728	9	4	5	3	4	ENSG00000074706	1.0	False
5.068799718740402e-05	0.1890547263681592	0.021505376344086054	0.022727272727272724	6	4	5	3	4	ENSG00000082146	1.0	False
0.0010588480687900804	0.1890547263681592	0.40385624503428774	0.1362962962962963	7	7	11	4	7	ENSG00000083223	1.0	False
0.015505722313922162	0.1890547263681592	0.27227319517240245	0.30824622531939605	7	6	6	3	4	ENSG00000087263	1.0	False
0.012457223581979525	0.1890547263681592	0.309175497264855	0.2643618620058963	4	7	12	4	7	ENSG00000100030	1.0	False
0.0017215611436948892	0.1890547263681592	0.11585869885731762	0.12598636748096917	6	4	6	4	4	ENSG00000100092	1.0	False
0.0015161501529987083	0.1890547263681592	0.20944417150718125	0.15341929880547175	9	7	18	10	13	ENSG00000101745	1.0	False
0.007948829917893552	0.1890547263681592	0.17274562759560738	0.22191202016639894	7	7	10	3	7	ENSG00000101940	1.0	False
0.000543496163962418	0.1890547263681592	0.07388001524684193	0.07173609847795763	6	7	17	6	11	ENSG00000107164	1.0	False
0.0006427602898359223	0.1890547263681592	0.09988017028130988	0.05848222736683632	5	7	19	8	14	ENSG00000107949	1.0	False
0.0025634568026041346	0.1890547263681592	0.24718178674985627	0.19169630947087596	8	7	17	6	10	ENSG00000110801	1.0	False
0.0026191652728672654	0.1890547263681592	0.24910728486305128	0.2471833413441698	21	7	15	4	9	ENSG00000124570	1.0	False
7.174640199383235e-05	0.1890547263681592	0.029946859161221973	0.028720397730804835	5	7	19	13	17	ENSG00000125971	1.0	False
0.003160290600695363	0.1890547263681592	0.2962754249691382	0.18434500513171725	7	7	18	6	10	ENSG00000129968	1.0	False
3.1554874610122535e-05	0.1890547263681592	0.023700977061228964	0.011851331081957548	5	7	18	8	12	ENSG00000131669	1.0	False
0.0011196308577416968	0.1890547263681592	0.0917804193873016	0.14711108752949553	9	7	19	8	13	ENSG00000132680	1.0	False
0.007264770123641217	0.1890547263681592	0.16017074226589634	0.1793896602551271	5	3	6	4	6	ENSG00000133193	1.0	False
0.0019503880694875914	0.1890547263681592	0.1047766206608083	0.17809823816623763	5	7	19	12	19	ENSG00000137818	1.0	False
2.0176143831762402e-07	0.1890547263681592	0.0008418691839057283	0.000878734622144137	2	7	19	10	16	ENSG00000143368	1.0	False
0.0005772807761040005	0.1890547263681592	0.041762452107279746	0.06466517857142859	3	6	7	3	5	ENSG00000160588	1.0	False
0.000992791981804553	0.1890547263681592	0.29728096614623023	0.2275501986470525	7	7	10	3	6	ENSG00000163564	1.0	False
0.00010182982517914483	0.1890547263681592	0.030206109067378185	0.02575752330936881	5	7	19	10	16	ENSG00000167797	1.0	False
0.0004790740936962203	0.1890547263681592	0.0814187175326338	0.07212289028038764	5	7	18	7	11	ENSG00000168172	1.0	False
0.00036140734960329223	0.1890547263681592	0.07725412516074912	0.05634157864177804	12	7	17	6	12	ENSG00000169592	1.0	False
0.013156376922443322	0.1890547263681592	0.2794611206850453	0.27927802021571346	10	7	15	4	7	ENSG00000196923	1.0	False
0.0008136276919409047	0.1890547263681592	0.06830310494103597	0.05940594059405943	3	4	4	3	4	ENSG00000215421	1.0	False
0.0020567538650314073	0.1890547263681592	0.21943735027882064	0.25030033458893075	10	7	19	11	15	ENSG00000229833	1.0	False
0.002579281488018563	0.19402985074626866	0.1259463973065567	0.19129349352473085	5	7	15	5	9	ENSG00000005059	1.0	False
6.783951236106695e-06	0.19402985074626866	0.020595718084089214	0.02126888171050604	4	7	19	12	17	ENSG00000065978	1.0	False
0.013182173027366276	0.19402985074626866	0.32075447157684	0.3	7	5	9	3	6	ENSG00000082068	1.0	False
0.0024617177243000557	0.19402985074626866	0.21285432416183675	0.28905852287696	15	7	18	9	12	ENSG00000083799	1.0	False
0.0007734057841591361	0.19402985074626866	0.07452997767183375	0.0525990371744356	12	7	18	7	12	ENSG00000102898	1.0	False
7.108530406486168e-05	0.19402985074626866	0.040833616013882496	0.03506016276317656	13	7	18	9	14	ENSG00000105568	1.0	False
0.005082271738768395	0.19402985074626866	0.1611491076485289	0.172030812195902	7	7	17	6	13	ENSG00000106344	1.0	False
0.0002885088525873752	0.19402985074626866	0.07205911416554389	0.0768115942028986	7	6	10	4	8	ENSG00000115239	1.0	False
0.0008056742694191806	0.19402985074626866	0.10481481481481486	0.09547738693467335	2	6	8	3	5	ENSG00000115808	1.0	False
0.002129173133094305	0.19402985074626866	0.15338944217439252	0.11599914288642313	8	7	15	3	10	ENSG00000118503	1.0	False
0.0017120168088306353	0.19402985074626866	0.12590480448100363	0.10572845756750622	4	7	13	4	9	ENSG00000122873	1.0	False
0.0014901061763392346	0.19402985074626866	0.09425992172322079	0.16568879674883027	5	7	16	7	11	ENSG00000135842	1.0	False
0.0038688610090173727	0.19402985074626866	0.2960799325607616	0.22115241080758322	7	7	17	5	13	ENSG00000143793	1.0	False
0.004006765054171503	0.19402985074626866	0.1976321387734431	0.14311043566362713	2	6	8	3	5	ENSG00000151233	1.0	False
0.0059953229685439395	0.19402985074626866	0.18030220908269687	0.20703013819929794	13	2	3	3	3	ENSG00000161057	1.0	False
0.0008114469857575751	0.19402985074626866	0.09425726782108447	0.08417660044150112	18	7	15	5	11	ENSG00000161813	1.0	False
0.0032235938950109433	0.19402985074626866	0.49989899384839953	0.5345622119815667	12	6	10	3	7	ENSG00000171316	1.0	False
0.002014674300540902	0.19402985074626866	0.11153696840489229	0.09039591950984355	6	6	9	3	7	ENSG00000174915	1.0	False
0.002144761956238134	0.19402985074626866	0.09044223750427137	0.08468169761273206	3	6	10	4	6	ENSG00000182557	1.0	False
0.004533025384594712	0.19402985074626866	0.21157857648039977	0.10490430840660248	6	2	3	3	3	ENSG00000196605	1.0	False
0.008942540264118844	0.19402985074626866	0.21956048510071205	0.21106947601204007	5	5	5	3	4	ENSG00000196975	1.0	False
0.0039056879326782646	0.19402985074626866	0.21576850373078613	0.18644361565483836	2	7	15	4	10	ENSG00000197696	1.0	False
0.0013813812138005806	0.19402985074626866	0.18140071073593245	0.2134425981587554	8	7	17	7	12	ENSG00000198624	1.0	False
0.005933195907697445	0.19402985074626866	0.47519975898396943	0.30333213433177464	22	7	10	4	7	ENSG00000213066	1.0	False
0.0009377913532935957	0.19402985074626866	0.06962301096010791	0.0839100026879029	7	7	13	3	10	ENSG00000233024	1.0	False
0.0014226317156973503	0.19402985074626866	0.16509345379846518	0.15961104544966154	5	5	6	3	5	ENSG00000256043	1.0	False
0.010273164090483436	0.19402985074626866	0.3604878766093719	0.32904040404040397	11	3	4	3	4	ENSG00000257433	1.0	False
0.00731999654606623	0.19402985074626866	0.3345263364383648	0.308006119326874	18	7	9	3	7	ENSG00000262246	1.0	False
0.002668501599772069	0.19900497512437812	0.18432317832880502	0.30361540946016075	4	7	19	9	13	ENSG00000025800	1.0	False
0.0028290305084258684	0.19900497512437812	0.18699530933061978	0.16367850944965662	26	7	19	9	14	ENSG00000071127	1.0	False
0.0013329479429328233	0.19900497512437812	0.1375410970442889	0.1075268817204301	7	7	16	6	10	ENSG00000105612	1.0	False
0.006240228580207801	0.19900497512437812	0.29538806045458765	0.2196859903381642	11	6	8	3	6	ENSG00000110651	1.0	False
0.0008364233523689527	0.19900497512437812	0.05205176767676767	0.04183347838700316	4	6	11	3	7	ENSG00000111802	1.0	False
0.009037895489714873	0.19900497512437812	0.32942841383945043	0.3341521465780492	18	7	12	3	7	ENSG00000116127	1.0	False
0.006891521916018379	0.19900497512437812	0.24390136662438008	0.20592112973163018	7	6	8	3	6	ENSG00000117308	1.0	False
0.004501095035366323	0.19900497512437812	0.2866341747507645	0.2503835117536696	21	6	10	3	8	ENSG00000123607	1.0	False
0.001208342917231777	0.19900497512437812	0.07369584837489714	0.10207274923992592	4	4	3	3	3	ENSG00000145860	1.0	False
0.0029022484566978276	0.19900497512437812	0.14176736670407775	0.18951483456738988	12	7	17	7	14	ENSG00000159110	1.0	False
0.00010470408193764331	0.19900497512437812	0.057313371942262645	0.04333428476908189	16	7	19	10	16	ENSG00000160948	1.0	False
0.002966545283121764	0.19900497512437812	0.10084207861757113	0.17951118557209025	4	7	11	4	7	ENSG00000170430	1.0	False
0.001223835795083564	0.19900497512437812	0.17632889879634112	0.20981707442117997	6	7	18	9	15	ENSG00000178741	1.0	False
0.0051016487794416695	0.19900497512437812	0.31770076116783	0.26259201118885195	44	7	14	3	11	ENSG00000196839	1.0	False
0.026145699244443803	0.19900497512437812	0.1448339860481736	0.29409046432329233	4	7	19	13	19	ENSG00000197956	1.0	False
0.012167762357608188	0.19900497512437812	0.2540238972315876	0.23560517038777906	17	2	3	3	3	ENSG00000198707	1.0	False
9.888252931983616e-06	0.19900497512437812	0.023441176433112988	0.012368131748688681	5	7	18	8	14	ENSG00000198730	1.0	False
0.0012187408410250854	0.19900497512437812	0.127306834660771	0.12115083664379438	12	7	17	6	13	ENSG00000205302	1.0	False
0.0005077889577737354	0.19900497512437812	0.08972990886258679	0.12664574402939377	6	7	16	6	11	ENSG00000258289	1.0	False
0.0012256385363168206	0.20398009950248755	0.14638963899926297	0.12259304145322213	10	7	18	10	15	ENSG00000008952	1.0	False
0.012139243062586952	0.20398009950248755	0.29441710010718525	0.3080567409028862	5	7	12	4	7	ENSG00000010072	1.0	False
0.00043533239044638526	0.20398009950248755	0.11850749613591079	0.17228711366640426	19	7	19	12	17	ENSG00000026297	1.0	False
0.004075420585566863	0.20398009950248755	0.18007647736472	0.1851935524160073	2	7	16	6	11	ENSG00000099800	1.0	False
0.0001690171922742686	0.20398009950248755	0.0281017535023192	0.050076252966426385	6	7	18	7	13	ENSG00000100380	1.0	False
0.0011785269058535415	0.20398009950248755	0.18245639659957663	0.1170535255042297	5	7	15	5	9	ENSG00000100815	1.0	False
0.0029823863367858493	0.20398009950248755	0.25016422874027133	0.20073186214107017	12	7	16	4	10	ENSG00000101773	1.0	False
0.000778086591345971	0.20398009950248755	0.1524201537145731	0.1150698339795957	11	7	15	4	10	ENSG00000102900	1.0	False
0.0015942225561234708	0.20398009950248755	0.18408013412081492	0.39157494684954186	3	6	10	3	7	ENSG00000111729	1.0	False
0.00022025293482227026	0.20398009950248755	0.03247367489095951	0.03227688111941639	6	7	16	6	12	ENSG00000112941	1.0	False
5.515596180424114e-06	0.20398009950248755	0.02425924708738386	0.008723020002093792	6	7	19	13	19	ENSG00000118181	1.0	False
0.0009665225339462729	0.20398009950248755	0.08898862841287848	0.06049106458633478	5	7	12	3	8	ENSG00000119541	1.0	False
0.004669914983585599	0.20398009950248755	0.2694466432152955	0.26321781695971946	16	7	16	5	11	ENSG00000126653	1.0	False
9.733221487350629e-05	0.20398009950248755	0.05175967358035611	0.024596728635806503	3	7	15	5	10	ENSG00000142784	1.0	False
0.001979560563305883	0.20398009950248755	0.20352496897125077	0.15740393879831965	8	7	14	4	10	ENSG00000143771	1.0	False
0.0020122712131716933	0.20398009950248755	0.18181272767270826	0.3581620999740618	12	7	19	8	13	ENSG00000163565	1.0	False
0.007975081452007125	0.20398009950248755	0.3003865650195916	0.21776353610530358	5	5	6	3	5	ENSG00000163866	1.0	False
0.010898854719551628	0.20398009950248755	0.30792108040983607	0.2747362074163401	8	2	3	3	3	ENSG00000167323	1.0	False
2.0367563163652211e-07	0.20398009950248755	0.0002461841457410414	0.001089324618736363	2	6	10	3	8	ENSG00000169683	1.0	False
0.0001948417376042469	0.20398009950248755	0.09461951105579508	0.08146169920900458	6	7	18	8	14	ENSG00000170515	1.0	False
2.73999140863112e-07	0.20398009950248755	0.003417390883595126	0.0029679881280474632	4	7	19	9	17	ENSG00000177105	1.0	False
9.424208014883105e-05	0.20398009950248755	0.10688060301712685	0.023339262333555662	5	7	13	4	10	ENSG00000178917	1.0	False
0.0003282450413517718	0.20398009950248755	0.1402239127152104	0.08331534982795952	3	7	19	11	16	ENSG00000179085	1.0	False
0.0008139677097716771	0.20398009950248755	0.08665308300539218	0.07334028501911714	2	6	8	3	6	ENSG00000186810	1.0	False
0.010341058585462746	0.20398009950248755	0.1497138727925657	0.3510427638508532	6	6	11	3	8	ENSG00000188404	1.0	False
0.010652868877748212	0.20398009950248755	0.3742289452964298	0.2876068352284006	11	7	14	4	9	ENSG00000196655	1.0	False
0.0007997105590964808	0.20398009950248755	0.08285095325769737	0.060143309179933144	2	6	9	4	6	ENSG00000204524	1.0	False
0.0012429595552748546	0.20398009950248755	0.11835117512275362	0.12454552340554463	6	7	10	4	7	ENSG00000213904	1.0	False
0.0018529849815962338	0.20398009950248755	0.11654942082379104	0.06625082987231548	4	2	3	3	3	ENSG00000288596	1.0	False
0.014345828539967603	0.20398009950248755	0.4931075250991377	0.3222267104817844	3	3	6	3	5	ENSG00000290680	1.0	False
0.009442143013143433	0.208955223880597	0.39389890234662606	0.420183892766146	5	6	9	3	6	ENSG00000067064	1.0	False
0.002033705928328533	0.208955223880597	0.09288854496108383	0.09432271362638346	3	5	5	3	3	ENSG00000079739	1.0	False
0.0022809670514572743	0.208955223880597	0.20697342499687763	0.22920442653247536	14	7	13	4	10	ENSG00000082996	1.0	False
0.03269711881581398	0.208955223880597	0.4132763782990995	0.43052475979305244	5	2	3	3	3	ENSG00000089060	1.0	False
0.006249316651125033	0.208955223880597	0.3460679274112667	0.5005926775306627	25	5	7	3	5	ENSG00000089127	1.0	False
0.0007143291683814082	0.208955223880597	0.12001188354129527	0.06664388243335609	3	7	11	3	5	ENSG00000100294	1.0	False
0.0003813076939458581	0.208955223880597	0.16413687425472928	0.11820254188472049	47	7	17	5	12	ENSG00000103811	1.0	False
0.009415407866173977	0.208955223880597	0.3098722664719346	0.20422077922077916	15	6	7	3	6	ENSG00000106443	1.0	False
0.0006153443348446105	0.208955223880597	0.07064550725893784	0.08375912408759124	3	7	17	7	12	ENSG00000108091	1.0	False
0.0006008670297266907	0.208955223880597	0.11781435463097376	0.08206144060982407	33	7	19	13	17	ENSG00000108654	1.0	False
0.002463813547598784	0.208955223880597	0.21390098982739625	0.2062446119407629	26	7	18	9	14	ENSG00000109180	1.0	False
0.007498843042346723	0.208955223880597	0.21607800181014955	0.2229627506147409	3	7	15	5	10	ENSG00000139921	1.0	False
0.0005276328561622844	0.208955223880597	0.06983503432923104	0.06893659845689368	4	7	11	4	7	ENSG00000140280	1.0	False
0.002574970498052198	0.208955223880597	0.1152293536378357	0.2197902285603543	9	7	19	13	19	ENSG00000142227	1.0	False
0.0005355189172105254	0.208955223880597	0.07533498697171809	0.046198105435489294	5	7	13	4	8	ENSG00000145982	1.0	False
0.0037686672409439747	0.208955223880597	0.1994917638205866	0.24419574460369697	9	7	17	5	14	ENSG00000154760	1.0	False
2.7469042226599013e-07	0.208955223880597	0.00153892387055151	0.0009997500624844035	2	7	18	8	13	ENSG00000158050	1.0	False
0.0028543036879111906	0.208955223880597	0.15110366933586786	0.1565089028741631	8	7	10	3	6	ENSG00000163389	1.0	False
0.0030992700674501356	0.208955223880597	0.19330516751395357	0.09281884908308598	5	2	3	3	3	ENSG00000164815	1.0	False
0.0020555330060919343	0.208955223880597	0.1453030034943851	0.12792567446846526	6	2	3	3	3	ENSG00000167280	1.0	False
0.000929382026027855	0.208955223880597	0.08287292848561459	0.09780922423027918	8	7	19	11	15	ENSG00000167985	1.0	False
0.006233400433209566	0.208955223880597	0.37014165042148006	0.366026718897245	19	7	12	4	6	ENSG00000168310	1.0	False
0.022009401252647623	0.208955223880597	0.35761788317664145	0.42251892346509673	7	5	8	3	6	ENSG00000172058	1.0	False
0.001837718026077772	0.208955223880597	0.1099849570306128	0.1633917624838464	10	7	19	9	13	ENSG00000172183	1.0	False
3.726449394843628e-05	0.208955223880597	0.022332393114534704	0.014130231689088203	4	7	15	5	10	ENSG00000175416	1.0	False
2.6599882896633055e-05	0.208955223880597	0.016666666666666635	0.026548672566371702	2	5	9	3	6	ENSG00000175505	1.0	False
1.3049353531278228e-06	0.208955223880597	0.0036691991503925497	0.0029739776951672797	3	7	18	8	13	ENSG00000196636	1.0	False
2.370077858062807e-05	0.208955223880597	0.02993747079170366	0.01044374563217948	7	7	19	11	17	ENSG00000204392	1.0	False
0.0037424315453308344	0.208955223880597	0.19761320946386512	0.2180814909012486	8	7	12	5	9	ENSG00000213047	1.0	False
5.2686317767142186e-05	0.208955223880597	0.03491286377327921	0.02988992084642612	15	7	18	7	12	ENSG00000247596	1.0	False
0.007291905841622923	0.208955223880597	0.36368320727505893	0.3349074352799518	5	5	7	3	6	ENSG00000287263	1.0	False
0.005568987514889963	0.21393034825870647	0.1293647227523707	0.22241893444215402	14	7	18	8	15	ENSG00000013441	1.0	False
0.009197736632613737	0.21393034825870647	0.19969584543538738	0.29310897174846745	12	2	5	5	5	ENSG00000018510	1.0	False
0.011013410680513603	0.21393034825870647	0.3103853747621082	0.3453703454644897	14	7	13	4	8	ENSG00000035928	1.0	False
0.0016271153556191215	0.21393034825870647	0.1505929580501068	0.29113984068782395	7	7	14	6	11	ENSG00000065526	1.0	False
0.0016289652425719586	0.21393034825870647	0.15393732972244056	0.15984559050711683	8	7	17	5	11	ENSG00000074201	1.0	False
0.002768119832413812	0.21393034825870647	0.2087489646317974	0.1647510927090866	7	7	18	8	14	ENSG00000078140	1.0	False
0.011944758803602292	0.21393034825870647	0.195070808302364	0.20402270237976702	2	3	4	3	4	ENSG00000092470	1.0	False
0.001510706678970408	0.21393034825870647	0.12751848078983014	0.11053248154784914	22	7	18	10	16	ENSG00000099797	1.0	False
0.0017199450156514466	0.21393034825870647	0.19327325578993185	0.10738886017058674	8	7	14	4	11	ENSG00000100281	1.0	False
0.015330468471790983	0.21393034825870647	0.17014172017530232	0.3279923677430603	14	7	18	6	12	ENSG00000103495	1.0	False
0.005111039699404461	0.21393034825870647	0.1288143513691472	0.20274293985641703	11	7	19	6	14	ENSG00000105576	1.0	False
0.002853306954843877	0.21393034825870647	0.18260326595542117	0.1400619680188041	11	7	15	6	12	ENSG00000109111	1.0	False
0.0027713946989198195	0.21393034825870647	0.3313873199204928	0.2494999090743772	15	4	5	3	3	ENSG00000114423	1.0	False
0.00902163491573002	0.21393034825870647	0.3051141568923155	0.22914095870906503	8	4	5	3	5	ENSG00000114544	1.0	False
0.005938677338287258	0.21393034825870647	0.14650816548789677	0.20667477051652736	7	7	17	6	12	ENSG00000114744	1.0	False
0.0181251657412517	0.21393034825870647	0.3135674445058456	0.4043318712192885	11	6	9	4	6	ENSG00000126005	1.0	False
0.0014150183713132506	0.21393034825870647	0.06850701164980302	0.09815950920245398	5	6	8	3	6	ENSG00000130803	1.0	False
0.00015989526375795933	0.21393034825870647	0.029160144077958035	0.05303267169341861	4	7	17	9	12	ENSG00000132824	1.0	False
0.0019965788779200636	0.21393034825870647	0.12168102009347316	0.1653553909781668	7	2	3	3	3	ENSG00000135315	1.0	False
0.008847422219237703	0.21393034825870647	0.33092620091618286	0.27326533650982726	7	6	8	3	5	ENSG00000135426	1.0	False
0.0028919268928819268	0.21393034825870647	0.1556194520774668	0.18076936610425942	11	7	18	7	13	ENSG00000141295	1.0	False
0.000510610551011554	0.21393034825870647	0.1287462426771434	0.24943450714132145	8	7	19	11	17	ENSG00000147168	1.0	False
0.0007316299833468942	0.21393034825870647	0.05195898549472861	0.06091675930164129	3	5	7	3	7	ENSG00000147383	1.0	False
0.0004476528763201123	0.21393034825870647	0.0459770114942529	0.05882352941176472	3	2	3	3	3	ENSG00000150681	1.0	False
0.015493855195250514	0.21393034825870647	0.42050969199484195	0.3317009750812568	4	4	6	3	5	ENSG00000153933	1.0	False
0.002289106031283702	0.21393034825870647	0.11354318671391839	0.06870166870166872	3	2	3	3	3	ENSG00000155330	1.0	False
0.0018392011095230917	0.21393034825870647	0.3529767753855639	0.7936672929861319	23	7	17	6	10	ENSG00000160255	1.0	False
0.0019064104205369636	0.21393034825870647	0.15053296057304294	0.29889161414511467	10	7	18	12	14	ENSG00000162585	1.0	False
0.00029339109829555567	0.21393034825870647	0.05572736141362143	0.05185185185185185	5	6	7	3	5	ENSG00000167261	1.0	False
0.0021192463869261925	0.21393034825870647	0.272879587164357	0.43090951995685006	9	7	13	3	8	ENSG00000183495	1.0	False
0.0018438125192430884	0.21393034825870647	0.09081561765520062	0.08626289816061015	5	7	11	3	7	ENSG00000184924	1.0	False
0.005580515169311053	0.21393034825870647	0.29576018321642294	0.2642857142857143	6	4	6	3	3	ENSG00000186187	1.0	False
0.0008254611189829749	0.21393034825870647	0.15996689510059525	0.10879448977210812	26	7	19	10	18	ENSG00000187109	1.0	False
0.01350981437103253	0.21393034825870647	0.5032571327250143	0.47006531204644414	8	3	4	3	3	ENSG00000223891	1.0	False
0.0033952083192045125	0.21890547263681592	0.12844659877447068	0.11268047708725679	3	4	6	3	5	ENSG00000077585	1.0	False
0.002409658990881984	0.21890547263681592	0.38565070598463713	0.23107591876208897	49	7	15	6	11	ENSG00000080503	1.0	False
8.553391661618502e-05	0.21890547263681592	0.019985287521509493	0.03144264156619489	6	7	18	11	15	ENSG00000083457	1.0	False
0.0024169448447013825	0.21890547263681592	0.33898559645482124	0.2975805112881807	14	7	11	3	7	ENSG00000095585	1.0	False
0.001767339332551871	0.21890547263681592	0.0871244797773917	0.17047063337699625	5	5	7	3	6	ENSG00000102781	1.0	False
0.003696271953029377	0.21890547263681592	0.23182010359978047	0.1199059561128526	9	2	3	3	3	ENSG00000104447	1.0	False
0.00863342276101726	0.21890547263681592	0.2969607497881307	0.23772442137140387	17	3	4	3	4	ENSG00000105397	1.0	False
0.0028107774150828665	0.21890547263681592	0.17661066927630326	0.14187447114559262	11	7	17	7	11	ENSG00000135048	1.0	False
0.003423654943573904	0.21890547263681592	0.16202130398908657	0.15956844380758226	8	2	4	4	4	ENSG00000135049	1.0	False
0.0033145253726515247	0.21890547263681592	0.07512910433808737	0.09323956442831212	3	6	6	3	4	ENSG00000136371	1.0	False
3.106320718942399e-08	0.21890547263681592	0.001063714933660829	0.00041910400443300323	2	7	19	12	18	ENSG00000145494	1.0	False
0.01214252452964363	0.21890547263681592	0.48120967194948877	0.4695823452168629	15	5	6	3	4	ENSG00000148672	1.0	False
0.00039115838361849	0.21890547263681592	0.13840351223328132	0.06375453050173942	9	7	15	3	9	ENSG00000156970	1.0	False
0.0006269012706881624	0.21890547263681592	0.11337778999227748	0.08650118414757293	3	7	19	7	15	ENSG00000158716	1.0	False
0.0015020906412046369	0.21890547263681592	0.10490809903597449	0.15216081895038225	4	6	12	4	7	ENSG00000159496	1.0	False
0.00011708606600529452	0.21890547263681592	0.040520794543908306	0.024177095499758532	6	7	18	10	15	ENSG00000162961	1.0	False
0.0025496162774007332	0.21890547263681592	0.12568162400095173	0.09811320754716979	5	3	4	3	4	ENSG00000166024	1.0	False
0.005476268153517188	0.21890547263681592	0.2666332922727	0.20680963572267916	7	2	3	3	3	ENSG00000166260	1.0	False
0.007194048665751511	0.21890547263681592	0.2953629032258065	0.31481481481481477	8	5	7	3	4	ENSG00000166965	1.0	False
0.0004964436411196476	0.21890547263681592	0.08111060409139254	0.0699533911925426	5	7	11	3	6	ENSG00000169490	1.0	False
0.005869440873698244	0.21890547263681592	0.2188519385225974	0.3369648675678292	14	7	15	5	10	ENSG00000169756	1.0	False
0.00019238207289231748	0.21890547263681592	0.04849408106479647	0.04926443564601858	5	7	18	6	12	ENSG00000170852	1.0	False
5.418370364468503e-05	0.21890547263681592	0.03166760610666956	0.02104305986693463	11	7	18	10	15	ENSG00000172500	1.0	False
0.000575239078105515	0.21890547263681592	0.08988853503184711	0.05405405405405404	9	7	8	3	5	ENSG00000176393	1.0	False
0.02433658695778171	0.21890547263681592	0.36399892583069654	0.5505995321790836	17	7	17	5	11	ENSG00000185187	1.0	False
0.009546001044314495	0.21890547263681592	0.4777973298572013	0.521340085186153	12	6	13	3	8	ENSG00000214063	1.0	False
0.00714750986720017	0.21890547263681592	0.2918013870995764	0.3851682564917859	4	2	3	3	3	ENSG00000226648	1.0	False
0.003397333515755238	0.21890547263681592	0.24050619189269157	0.1941386937288577	22	6	9	3	7	ENSG00000263072	1.0	False
0.0007186915001724562	0.21890547263681592	0.09093244968204103	0.025182681768359548	5	2	5	5	5	ENSG00000290833	1.0	False
0.0022396175039012265	0.22388059701492538	0.11881815103895446	0.13003608426400853	6	7	18	5	12	ENSG00000021776	1.0	False
2.3090587476996565e-05	0.22388059701492538	0.01255769752918814	0.014851485148514858	3	6	10	3	8	ENSG00000120800	1.0	False
0.0005534062789195817	0.22388059701492538	0.06346018688907261	0.17689218863927117	3	7	18	8	15	ENSG00000124172	1.0	False
0.002951595771382471	0.22388059701492538	0.19090009662572952	0.12118515019575853	2	7	17	7	12	ENSG00000125868	1.0	False
0.0010088445019286612	0.22388059701492538	0.26592178632005986	0.0984393311873916	6	7	12	5	8	ENSG00000128595	1.0	False
0.0009622949158221924	0.22388059701492538	0.14770411840119346	0.13731980592633428	4	7	16	5	11	ENSG00000129518	1.0	False
0.001313515281708733	0.22388059701492538	0.1466950689387484	0.3150476092040154	16	7	13	3	9	ENSG00000131238	1.0	False
0.005959114124088966	0.22388059701492538	0.23300552155967041	0.25721332737981334	8	6	9	3	6	ENSG00000137806	1.0	False
0.003240289810645346	0.22388059701492538	0.1696628547600048	0.22459754836804016	19	7	17	5	9	ENSG00000140368	1.0	False
0.0033727020634890816	0.22388059701492538	0.24119603818444268	0.2921515188633024	7	5	9	3	6	ENSG00000143554	1.0	False
0.005801222433089847	0.22388059701492538	0.4214101337235665	0.4714492753623189	15	5	8	3	5	ENSG00000145901	1.0	False
0.004339839202509944	0.22388059701492538	0.17211202175682527	0.2056910569105691	5	7	16	4	10	ENSG00000154710	1.0	False
2.3084541953538786e-05	0.22388059701492538	0.040160967794212826	0.02007226013649136	5	7	18	5	11	ENSG00000157456	1.0	False
0.008721250383569882	0.22388059701492538	0.2515268298251806	0.326923076923077	16	5	8	3	6	ENSG00000160710	1.0	False
0.0014683148101142353	0.22388059701492538	0.12882917847413863	0.12697556993140413	8	7	12	3	9	ENSG00000165475	1.0	False
0.003890693621724478	0.22388059701492538	0.2104287577501864	0.19840611756034637	6	3	5	3	5	ENSG00000166167	1.0	False
1.6852906521220178e-05	0.22388059701492538	0.006073752711496714	0.01949860724233985	2	5	6	3	5	ENSG00000170881	1.0	False
0.0003003837311677625	0.22388059701492538	0.13540415763136343	0.19454822722073964	4	4	4	3	3	ENSG00000185900	1.0	False
0.000128464317178679	0.22388059701492538	0.06828544695974635	0.044126990353856796	9	7	13	5	11	ENSG00000197217	1.0	False
0.003217270018740738	0.22388059701492538	0.275638630073046	0.20052101185987523	22	7	8	3	6	ENSG00000224078	1.0	False
0.001031769198039956	0.22388059701492538	0.19715214697444608	0.0989003984063745	7	7	17	6	12	ENSG00000239672	1.0	False
0.002239919859580854	0.22388059701492538	0.07470291146761737	0.08901098901098903	3	2	3	3	3	ENSG00000267673	1.0	False
0.0007278455974290111	0.22388059701492538	0.1804299548993871	0.12241255886970173	3	7	13	5	8	ENSG00000276045	1.0	False
0.004228460828807973	0.22885572139303484	0.2987312076936745	0.1960457856399584	24	6	8	3	7	ENSG00000049167	1.0	False
0.00014691343625861518	0.22885572139303484	0.057142857142857176	0.09721486876135554	3	5	8	3	5	ENSG00000090376	1.0	False
0.01989041677159225	0.22885572139303484	0.2898632685427482	0.24408109875735773	5	2	3	3	3	ENSG00000097033	1.0	False
0.00010910039007677372	0.22885572139303484	0.08588864307203133	0.028980736120880597	5	7	18	7	13	ENSG00000107625	1.0	False
0.00109965635529689	0.22885572139303484	0.07825250503066476	0.08759976057462093	6	6	10	3	6	ENSG00000109917	1.0	False
0.004530826295405212	0.22885572139303484	0.2887966450948195	0.2505083022704168	12	4	7	3	5	ENSG00000118564	1.0	False
0.0006213799395949891	0.22885572139303484	0.20852921612829814	0.16152615925451644	5	7	17	7	13	ENSG00000124380	1.0	False
0.0005863029205566787	0.22885572139303484	0.1876088958883208	0.14747197444926619	37	7	17	7	12	ENSG00000140105	1.0	False
0.003322165343836028	0.22885572139303484	0.10519564876330213	0.18805880151370236	7	7	16	6	12	ENSG00000145740	1.0	False
0.004048418439627667	0.22885572139303484	0.33477733796158987	0.28895486251224994	10	5	6	3	4	ENSG00000149577	1.0	False
0.00017092480358974412	0.22885572139303484	0.04591724584884642	0.018779342723004695	6	3	4	3	4	ENSG00000165632	1.0	False
0.002812621618201062	0.22885572139303484	0.2243912459431987	0.2067357616423037	16	7	14	3	9	ENSG00000167613	1.0	False
0.0006346849602980797	0.22885572139303484	0.0839127128462498	0.07955050343529392	5	7	17	6	14	ENSG00000168564	1.0	False
0.009322220480476632	0.22885572139303484	0.2421870098500533	0.25037993920972645	13	6	8	3	4	ENSG00000169032	1.0	False
0.004157192080528259	0.22885572139303484	0.3959901540039556	0.42747826086956525	7	7	11	4	7	ENSG00000171067	1.0	False
0.006771200448614581	0.22885572139303484	0.27835288603558134	0.3095238095238095	6	7	7	3	6	ENSG00000173540	1.0	False
0.009831995393245755	0.22885572139303484	0.4587720315398887	0.4188327144625345	11	2	3	3	3	ENSG00000175581	1.0	False
0.0020253914135957675	0.22885572139303484	0.15743280846318572	0.1202995782490582	15	7	17	7	12	ENSG00000177311	1.0	False
0.004440535294832692	0.22885572139303484	0.20168314744971286	0.22206460799145677	16	7	18	7	13	ENSG00000177830	1.0	False
2.4127140271553325e-07	0.22885572139303484	0.001147182408664374	0.0012712537740346141	2	7	19	10	16	ENSG00000181817	1.0	False
0.004280656944098658	0.22885572139303484	0.3988129126680225	0.35792527290606824	34	7	14	6	8	ENSG00000198821	1.0	False
0.0008380998499454594	0.22885572139303484	0.11252446183953035	0.15161290322580642	3	7	7	3	7	ENSG00000198855	1.0	False
0.0010372375843302564	0.22885572139303484	0.10097851710159844	0.13784836896388303	7	7	19	11	17	ENSG00000215845	1.0	False
0.0037037148867956828	0.22885572139303484	0.21956424545982473	0.16733755031627373	9	4	5	3	4	ENSG00000237491	1.0	False
0.005426512948368922	0.22885572139303484	0.1705348828067768	0.15864804536679536	10	2	3	3	3	ENSG00000244625	1.0	False
3.3581529140234764e-05	0.22885572139303484	0.010638297872340462	0.013774104683195607	2	7	16	4	9	ENSG00000288061	1.0	False
0.0018601336491926308	0.22885572139303484	0.166486053109004	0.2510134855630015	6	6	7	3	4	ENSG00000290867	1.0	False
0.010490651587320942	0.22885572139303484	0.24739966447283518	0.17401879491431732	7	2	3	3	3	ENSG00000291147	1.0	False
0.013684831413232517	0.23383084577114427	0.21994441856819355	0.315495867768595	7	7	10	3	8	ENSG00000001461	1.0	False
0.004991922412754397	0.23383084577114427	0.2647140024501947	0.23474617456343652	20	7	14	6	9	ENSG00000046651	1.0	False
0.0009260883088757433	0.23383084577114427	0.11317082069193397	0.11556775858689261	9	7	18	6	12	ENSG00000047410	1.0	False
0.001948896896740555	0.23383084577114427	0.36372438371088434	0.24724399651611295	9	5	6	3	5	ENSG00000064886	1.0	False
0.001958673520619255	0.23383084577114427	0.05950775999939705	0.08600834722567066	3	5	5	3	4	ENSG00000065923	1.0	False
5.017156754507752e-05	0.23383084577114427	0.04482668032455607	0.021554765458636445	7	7	13	4	9	ENSG00000069399	1.0	False
0.002655743034186987	0.23383084577114427	0.11409933452030785	0.06715843638992314	4	6	13	3	9	ENSG00000070047	1.0	False
0.011011792091396803	0.23383084577114427	0.3696338573988721	0.3400939058037659	18	4	6	4	6	ENSG00000078369	1.0	False
0.012140487713693433	0.23383084577114427	0.31856155033238365	0.38460484630533437	17	7	13	3	9	ENSG00000109670	1.0	False
0.00023553569826578253	0.23383084577114427	0.06254442075337596	0.04109589041095893	3	4	4	3	3	ENSG00000111671	1.0	False
0.00047905410005910236	0.23383084577114427	0.08641052637315777	0.054403027436140006	4	7	16	8	13	ENSG00000112977	1.0	False
0.0060036425885151845	0.23383084577114427	0.21517608327588364	0.31843575418994413	5	7	12	3	8	ENSG00000122965	1.0	False
5.9580183809597895e-05	0.23383084577114427	0.039657189260593195	0.020835655061249642	4	7	19	9	17	ENSG00000126709	1.0	False
0.005052783120345296	0.23383084577114427	0.12818835652374133	0.09266926929295324	4	2	3	3	3	ENSG00000126882	1.0	False
0.0014183049174408579	0.23383084577114427	0.06476163553686107	0.08894937397931413	4	3	4	3	3	ENSG00000127124	1.0	False
3.4498579930319784e-05	0.23383084577114427	0.034550913599008574	0.016968961318069676	9	7	19	9	14	ENSG00000139641	1.0	False
0.005852440395123881	0.23383084577114427	0.36169897368177173	0.17228520875279496	2	7	11	3	7	ENSG00000139668	1.0	False
0.005731677348042099	0.23383084577114427	0.3171921210736278	0.25138633976856717	14	2	3	3	3	ENSG00000144554	1.0	False
0.0010183241240488607	0.23383084577114427	0.12908402399208418	0.08468719179810244	3	6	7	3	5	ENSG00000145743	1.0	False
1.5805488481367835e-05	0.23383084577114427	0.007326007326007314	0.017163740781831242	3	2	3	3	3	ENSG00000154237	1.0	False
0.0012138507067153568	0.23383084577114427	0.17905841358097205	0.2670368285694857	5	7	19	11	17	ENSG00000162704	1.0	False
0.0014703092720780118	0.23383084577114427	0.10535031695950328	0.08568637950930337	8	7	14	4	10	ENSG00000163832	1.0	False
0.0007536665145000667	0.23383084577114427	0.08631401574330262	0.13169634901330074	15	7	19	13	17	ENSG00000174444	1.0	False
0.009285551921511754	0.23383084577114427	0.2745729270361859	0.19348771599858938	10	2	3	3	3	ENSG00000177058	1.0	False
0.00016027421484285799	0.23383084577114427	0.10023072112888753	0.06569003659397298	3	7	14	4	11	ENSG00000179119	1.0	False
0.0006328526686425323	0.23383084577114427	0.050457725274040105	0.03825346468525632	6	2	3	3	3	ENSG00000186020	1.0	False
0.006135545791379537	0.23383084577114427	0.2452436149844459	0.2609375809375809	8	6	11	4	7	ENSG00000189050	1.0	False
0.00362000785546279	0.23383084577114427	0.20085530185023912	0.2105962310781588	13	7	14	5	9	ENSG00000198625	1.0	False
0.00038886290811473274	0.23383084577114427	0.051867189836442146	0.10634184137496669	9	7	19	12	17	ENSG00000224032	1.0	False
0.0021888280404468133	0.23383084577114427	0.2457952395964691	0.21209980411675922	3	5	6	3	4	ENSG00000277972	1.0	False
0.0058681116042915505	0.23383084577114427	0.19910633726038005	0.20301732925586138	3	3	5	3	5	ENSG00000290796	1.0	False
0.0005022329911800605	0.23880597014925373	0.11918614925110836	0.12091380537415296	14	7	18	9	13	ENSG00000009790	1.0	False
0.005429628596145878	0.23880597014925373	0.2581854495404762	0.22548249061217362	5	6	9	3	6	ENSG00000054611	1.0	False
0.0011627586321741774	0.23880597014925373	0.16283855168415154	0.13689511460986342	12	7	14	5	9	ENSG00000071553	1.0	False
0.0010609025986349013	0.23880597014925373	0.1255297906293808	0.08005251028700913	5	7	15	5	12	ENSG00000085231	1.0	False
0.0004113844777074318	0.23880597014925373	0.1132786151063674	0.11559975014608395	8	7	17	9	13	ENSG00000090061	1.0	False
0.003566838825387793	0.23880597014925373	0.20846735387692406	0.1689781621148268	9	7	14	4	8	ENSG00000100239	1.0	False
0.027022027378407622	0.23880597014925373	0.4126821705426356	0.32897213855421686	9	2	3	3	3	ENSG00000100577	1.0	False
0.0019251939902408576	0.23880597014925373	0.13936384241148428	0.06448678388449	6	7	14	4	10	ENSG00000111832	1.0	False
0.01480124991191912	0.23880597014925373	0.4466646663898601	0.5088614393125672	11	6	11	3	7	ENSG00000113597	1.0	False
0.0013452046423857301	0.23880597014925373	0.16460252723142144	0.16785557058641742	19	7	19	8	14	ENSG00000126012	1.0	False
0.003085429262830841	0.23880597014925373	0.33043669703737716	0.4073413540388342	6	6	13	3	9	ENSG00000128815	1.0	False
0.013044556509048233	0.23880597014925373	0.31860916936563877	0.3488476841077997	12	5	6	3	4	ENSG00000132330	1.0	False
0.0027099890339556025	0.23880597014925373	0.17257939717917453	0.08062809917355374	4	2	4	4	4	ENSG00000138107	1.0	False
0.0029667226412008803	0.23880597014925373	0.18591026148912487	0.16594696488612892	13	7	14	4	11	ENSG00000139350	1.0	False
0.00039824649133317965	0.23880597014925373	0.08311044816865512	0.06577371550519837	15	7	18	7	15	ENSG00000141380	1.0	False
0.00041720992435009596	0.23880597014925373	0.143097855738064	0.07694289462662784	8	7	14	4	12	ENSG00000147471	1.0	False
0.0019029627132633464	0.23880597014925373	0.1753535740706495	0.1860698580360748	3	7	17	7	13	ENSG00000148290	1.0	False
3.5756298066870712e-06	0.23880597014925373	0.003317732617292932	0.004611330698287225	2	7	15	6	11	ENSG00000153485	1.0	False
0.015523478077729462	0.23880597014925373	0.3410540919328384	0.3204298849385016	5	6	8	3	6	ENSG00000153551	1.0	False
0.004154750028534518	0.23880597014925373	0.5059958826927967	0.5169660678642715	20	7	10	3	7	ENSG00000153944	1.0	False
0.005678744014421129	0.23880597014925373	0.23767346210359275	0.2206896551724138	5	2	3	3	3	ENSG00000154328	1.0	False
0.005493848119644794	0.23880597014925373	0.42597356347356347	0.2950110051357301	14	5	10	3	7	ENSG00000157349	1.0	False
0.0004719521910248315	0.23880597014925373	0.0245210727969349	0.06684993127577157	2	2	3	3	3	ENSG00000158792	1.0	False
0.00032688255614224843	0.23880597014925373	0.13874524538827684	0.12046402271315765	11	7	12	4	7	ENSG00000164211	1.0	False
0.015216245926176132	0.23880597014925373	0.34549162092640356	0.42548661800486615	8	4	8	3	6	ENSG00000166197	1.0	False
0.001965669969456977	0.23880597014925373	0.18627372331071151	0.1371941507126635	12	7	16	5	10	ENSG00000166333	1.0	False
0.003936318516098486	0.23880597014925373	0.14433707240677368	0.15510364145658267	5	7	12	4	8	ENSG00000166337	1.0	False
5.136024092407415e-05	0.23880597014925373	0.028784752284752406	0.02986150552667221	2	7	12	3	9	ENSG00000166477	1.0	False
0.013185709409601051	0.23880597014925373	0.30348064700959854	0.4246427951639961	15	7	13	3	8	ENSG00000168961	1.0	False
0.006172552707344956	0.23880597014925373	0.2607502665132036	0.20761169110695393	6	7	12	3	8	ENSG00000172687	1.0	False
0.0006124950573360348	0.23880597014925373	0.12632767451140225	0.07629039397963702	4	6	11	4	8	ENSG00000172831	1.0	False
0.0002871493199094614	0.23880597014925373	0.10775628502485102	0.06083869613878007	8	7	17	6	12	ENSG00000185164	1.0	False
0.002454574393736842	0.23880597014925373	0.11169998759543412	0.1371610845295056	3	7	15	3	10	ENSG00000188820	1.0	False
0.002991248745036756	0.23880597014925373	0.15149759087680834	0.18554151886784803	10	7	18	8	13	ENSG00000188895	1.0	False
0.006074565864518117	0.23880597014925373	0.26740392512703204	0.262004662004662	12	6	7	3	5	ENSG00000204130	1.0	False
0.0050455019675055435	0.23880597014925373	0.08525705798888764	0.022276029055690053	3	2	3	3	3	ENSG00000243708	1.0	False
0.0007286167239181991	0.24378109452736318	0.1475770265051861	0.1157011712567268	17	2	3	3	3	ENSG00000027075	1.0	False
0.0006841993398208207	0.24378109452736318	0.09624143971654206	0.056596409055425484	10	7	18	8	12	ENSG00000072958	1.0	False
0.003754411999096026	0.24378109452736318	0.27603481184333306	0.22897345698752802	9	6	8	3	5	ENSG00000073350	1.0	False
0.004796669309851368	0.24378109452736318	0.24922095063431435	0.3060847814639284	7	7	15	4	9	ENSG00000101577	1.0	False
0.0009547388593778009	0.24378109452736318	0.13823660388787307	0.12087045969801082	5	7	15	5	11	ENSG00000104889	1.0	False
0.005623883792048967	0.24378109452736318	0.2949808840531586	0.23887043189368773	17	7	12	3	9	ENSG00000105220	1.0	False
0.040648927622885335	0.24378109452736318	0.3968244080962546	0.3213390619405657	10	2	3	3	3	ENSG00000107897	1.0	False
0.00021018859060740807	0.24378109452736318	0.05911568213783409	0.03424657534246578	4	5	7	3	4	ENSG00000108679	1.0	False
0.0001031197434862602	0.24378109452736318	0.10033512553151523	0.1410545076300534	7	4	6	3	4	ENSG00000116191	1.0	False
0.007151098909377261	0.24378109452736318	0.3803853897037677	0.2656795473696882	5	5	6	3	3	ENSG00000129993	1.0	False
0.002738870299333499	0.24378109452736318	0.07281896607844306	0.04991570848102362	5	3	4	3	3	ENSG00000134954	1.0	False
0.0019259549861597417	0.24378109452736318	0.11518220002413043	0.13354020390861776	5	7	19	13	18	ENSG00000137154	1.0	False
0.0009866530873348235	0.24378109452736318	0.07300658507644689	0.05855110336817656	6	7	11	4	7	ENSG00000138621	1.0	False
0.0001224352038752982	0.24378109452736318	0.086963257474898	0.06925581316179984	9	7	17	7	11	ENSG00000142657	1.0	False
5.1134443239737554e-08	0.24378109452736318	0.0009363295880149547	0.0007194244604316303	2	7	18	6	13	ENSG00000143162	1.0	False
0.0002716603650337827	0.24378109452736318	0.11415819731528791	0.05942511569039612	24	7	19	7	14	ENSG00000149532	1.0	False
1.1980724072921595e-09	0.24378109452736318	0.0004025764895330122	8.777319406651519e-05	2	7	19	12	18	ENSG00000163191	1.0	False
6.538971330825698e-05	0.24378109452736318	0.020227920227920214	0.023809523809523822	4	4	6	3	4	ENSG00000166135	1.0	False
7.070496807660988e-05	0.24378109452736318	0.06855604584123116	0.03522501412635876	7	7	18	8	12	ENSG00000177674	1.0	False
0.002960770219719863	0.24378109452736318	0.2741987798246044	0.26211900333450633	8	7	11	3	6	ENSG00000182518	1.0	False
0.0005732078452832042	0.24378109452736318	0.10631580696582235	0.06326866272264443	8	7	17	9	14	ENSG00000184508	1.0	False
4.1747375735518015e-05	0.24378109452736318	0.04302055955367907	0.017310912540461697	5	7	19	10	16	ENSG00000185236	1.0	False
1.208896854323287e-07	0.24378109452736318	0.03535093673448719	0.0017299107142857285	3	7	13	3	7	ENSG00000196565	1.0	False
0.0031887726332183405	0.24378109452736318	0.3321349631139521	0.30109725529233977	20	7	11	3	9	ENSG00000198589	1.0	False
8.721416728442168e-06	0.24378109452736318	0.011494252873563288	0.005780346820809269	3	2	3	3	3	ENSG00000227124	1.0	False
0.008681996367355995	0.24378109452736318	0.16519023183782902	0.13448707256046707	3	2	3	3	3	ENSG00000229124	1.0	False
0.005172883701390062	0.24378109452736318	0.297547546627041	0.4402546128434453	4	7	10	3	7	ENSG00000232442	1.0	False
0.0008276553842390775	0.24875621890547264	0.13149730516327104	0.10590591515042867	27	7	17	6	13	ENSG00000065809	1.0	False
0.008187294969923141	0.24875621890547264	0.28183538089268984	0.22542825114184864	12	7	17	5	13	ENSG00000065911	1.0	False
0.0008915460786575711	0.24875621890547264	0.2242786955696462	0.1696745020831993	10	7	13	3	10	ENSG00000079335	1.0	False
0.0008412720197996135	0.24875621890547264	0.12225273166686731	0.1189022706775221	12	7	16	7	11	ENSG00000100083	1.0	False
0.005661242852460839	0.24875621890547264	0.5415521252968779	0.593747156321092	6	6	11	3	8	ENSG00000100335	1.0	False
0.0027484427513982937	0.24875621890547264	0.056173142151808866	0.10098460436806299	6	3	5	3	5	ENSG00000101191	1.0	False
0.001661963798702469	0.24875621890547264	0.20101410591892407	0.1485266115192246	26	7	18	9	13	ENSG00000101596	1.0	False
0.006396519737442071	0.24875621890547264	0.27620020981365523	0.11831750339213025	6	4	4	3	3	ENSG00000102796	1.0	False
0.0034510964474222996	0.24875621890547264	0.3056610510628783	0.2578339759686412	15	7	14	5	9	ENSG00000110880	1.0	False
1.3772068599798544e-05	0.24875621890547264	0.016771488469601657	0.011477761836441893	2	2	3	3	3	ENSG00000111696	1.0	False
0.0010682220452031652	0.24875621890547264	0.17800247154801152	0.17783627655295964	12	7	18	8	16	ENSG00000114316	1.0	False
0.006516653789191511	0.24875621890547264	0.4727055649846145	0.43537148838537093	13	6	9	3	6	ENSG00000117713	1.0	False
0.009017735165424251	0.24875621890547264	0.32976948093523367	0.2821369101409652	11	7	13	4	9	ENSG00000122483	1.0	False
0.00042154193363192713	0.24875621890547264	0.1180818940799198	0.09210689220534163	5	7	14	4	11	ENSG00000123268	1.0	False
0.0014399647667162412	0.24875621890547264	0.16632559792568538	0.1981503905786262	16	7	15	5	10	ENSG00000123415	1.0	False
0.00346265767973005	0.24875621890547264	0.18844621330594247	0.24739200705260064	3	6	6	3	4	ENSG00000125449	1.0	False
0.00014091624549305375	0.24875621890547264	0.029184906591035273	0.005422613678569544	2	2	3	3	3	ENSG00000128245	1.0	False
0.003147067412347506	0.24875621890547264	0.30074403317816933	0.19751082251082253	11	7	13	3	9	ENSG00000128944	1.0	False
3.208019863216946e-05	0.24875621890547264	0.00863087765685098	0.015289915474431785	7	7	19	13	18	ENSG00000129559	1.0	False
0.003714849604667994	0.24875621890547264	0.3113369688481813	0.19797680035525134	6	7	10	3	6	ENSG00000131127	1.0	False
0.013475665914596016	0.24875621890547264	0.31997536166781	0.3026859504132231	9	2	3	3	3	ENSG00000132256	1.0	False
0.0051716366279874505	0.24875621890547264	0.18973911003042662	0.17928472692314254	6	7	15	5	10	ENSG00000135999	1.0	False
0.002586211675959053	0.24875621890547264	0.16987792340172195	0.12281350737198117	4	7	17	5	10	ENSG00000136146	1.0	False
0.0026583343100975475	0.24875621890547264	0.15192613310361547	0.14097463422604176	21	7	17	7	12	ENSG00000140995	1.0	False
0.00015665584064645762	0.24875621890547264	0.07802141419588454	0.02266474166953293	4	7	19	10	15	ENSG00000147155	1.0	False
0.023286977554511763	0.24875621890547264	0.5661652884706777	0.3238937637839613	17	2	3	3	3	ENSG00000148356	1.0	False
0.00029184551295859926	0.24875621890547264	0.03947869253589467	0.03658827268393457	3	7	15	6	11	ENSG00000152332	1.0	False
0.0014601767497094665	0.24875621890547264	0.173641217407202	0.10698514652749902	6	6	9	3	7	ENSG00000153207	1.0	False
0.003531582999068459	0.24875621890547264	0.1343968407332375	0.1741327135448228	16	7	19	11	14	ENSG00000153914	1.0	False
0.0032050609629805495	0.24875621890547264	0.24545530856991954	0.25937300063979524	8	4	5	3	4	ENSG00000167257	1.0	False
0.009210157636427	0.24875621890547264	0.3600045137205833	0.3178066037735849	9	6	11	3	8	ENSG00000170142	1.0	False
0.01191109319596213	0.24875621890547264	0.3346217872692833	0.23525641025641028	3	2	3	3	3	ENSG00000170545	1.0	False
0.006027400844947912	0.24875621890547264	0.3395854953004084	0.2869900357210002	13	7	18	6	11	ENSG00000170832	1.0	False
0.0002533307213975579	0.24875621890547264	0.05426459890224374	0.05004255922825936	3	7	10	3	7	ENSG00000179409	1.0	False
0.002886691176887571	0.24875621890547264	0.18648424070177672	0.19564233781633225	3	7	12	4	8	ENSG00000180357	1.0	False
0.007026921762999111	0.24875621890547264	0.3482408718880795	0.28384742910606375	4	7	17	7	12	ENSG00000181029	1.0	False
4.930948685770661e-07	0.24875621890547264	0.0010000000000000005	0.0011951000896325325	3	7	18	8	14	ENSG00000183684	1.0	False
0.00013635471025500055	0.24875621890547264	0.0784594572197823	0.033761140819964376	4	7	14	5	10	ENSG00000185278	1.0	False
0.0009087682946689676	0.24875621890547264	0.1410012756086079	0.07209868211989104	7	7	18	7	13	ENSG00000197170	1.0	False
0.0016510291940911152	0.24875621890547264	0.10103667182016383	0.1447487611717882	17	7	19	12	19	ENSG00000198668	1.0	False
0.001912642676713276	0.24875621890547264	0.12628523878689196	0.28722997612225915	21	7	19	13	18	ENSG00000206503	1.0	False
0.0005547867463163721	0.24875621890547264	0.08869809157996421	0.08377160666089575	6	7	19	13	19	ENSG00000213145	1.0	False
0.0051373773156952	0.24875621890547264	0.17147775722464906	0.20339617369088137	10	7	17	7	15	ENSG00000213722	1.0	False
0.00046157978703011105	0.24875621890547264	0.07603436545451445	0.06385206642119814	3	7	17	7	13	ENSG00000214194	1.0	False
0.0050396965375502515	0.24875621890547264	0.38941239279295037	0.38036584391724576	30	7	13	3	8	ENSG00000291203	1.0	False
0.0063238816270299114	0.2537313432835821	0.23498232914300332	0.2396814960917525	9	6	7	3	5	ENSG00000081307	1.0	False
0.006770947922697082	0.2537313432835821	0.1848156802308629	0.18071266154333243	4	6	8	3	6	ENSG00000089248	1.0	False
0.003977577298358043	0.2537313432835821	0.18530823387986206	0.16385884891733493	5	7	8	3	6	ENSG00000112130	1.0	False
0.004095662849211521	0.2537313432835821	0.2092729613626333	0.24069893444103302	16	6	9	3	6	ENSG00000115504	1.0	False
0.0001284748595674514	0.2537313432835821	0.0677899066603385	0.04833836858006045	3	6	9	3	8	ENSG00000116005	1.0	False
0.007399018018336324	0.2537313432835821	0.3485151817717264	0.3388683030117293	31	7	11	3	8	ENSG00000122417	1.0	False
0.0030672551344824305	0.2537313432835821	0.24071287021951163	0.2470293933708568	17	7	13	4	9	ENSG00000128609	1.0	False
0.0047350646329680215	0.2537313432835821	0.09664875401717499	0.10542368155041999	3	2	3	3	3	ENSG00000137764	1.0	False
0.0073310557029557365	0.2537313432835821	0.17709889851613808	0.17013888888888887	9	2	3	3	3	ENSG00000138640	1.0	False
0.0032666420691972744	0.2537313432835821	0.10033645016523632	0.14468128714900597	8	7	19	9	13	ENSG00000158411	1.0	False
0.007222821233187749	0.2537313432835821	0.2807025879292082	0.27534082079536626	9	4	5	3	4	ENSG00000160953	1.0	False
0.0010166198712412546	0.2537313432835821	0.1169151138716356	0.1896832088653336	8	7	12	3	7	ENSG00000161904	1.0	False
0.0013803514604282816	0.2537313432835821	0.11591938789971731	0.11586389533400548	10	7	15	8	11	ENSG00000163644	1.0	False
0.0005213360631204871	0.2537313432835821	0.0696105176208463	0.0960679153829195	4	7	19	10	16	ENSG00000164091	1.0	False
0.013698787992697397	0.2537313432835821	0.380890296478555	0.42481940501742477	5	2	3	3	3	ENSG00000166165	1.0	False
0.0009930084566905925	0.2537313432835821	0.11779140365467669	0.05011869436201779	2	2	3	3	3	ENSG00000172315	1.0	False
0.004056591093066859	0.2537313432835821	0.3277092345550895	0.25309197586425314	8	2	4	4	4	ENSG00000176974	1.0	False
0.005516963343989852	0.2537313432835821	0.2095072268937911	0.23191553182554442	13	2	3	3	3	ENSG00000178105	1.0	False
0.001947795819040045	0.2537313432835821	0.19684355984715274	0.18309388573337784	8	7	14	3	10	ENSG00000187742	1.0	False
9.118130360021399e-06	0.2537313432835821	0.027879843733502326	0.011702127659574462	4	7	18	6	12	ENSG00000204568	1.0	False
7.645890817344417e-06	0.2537313432835821	0.012706854480464184	0.011775167781120206	7	7	19	10	16	ENSG00000214026	1.0	False
0.0015464365417821703	0.2537313432835821	0.11463442656977016	0.12646579002113145	2	7	11	4	6	ENSG00000228049	1.0	False
0.003146111234955933	0.2537313432835821	0.19866759689307095	0.23052731747333882	5	7	15	4	12	ENSG00000248275	1.0	False
0.0006150062129822483	0.25870646766169153	0.1361528320778811	0.08537864574449938	8	7	12	4	8	ENSG00000011454	1.0	False
0.005793753700099963	0.25870646766169153	0.3689160243165872	0.33232225543637534	7	7	12	3	7	ENSG00000020426	1.0	False
0.0025002163430024324	0.25870646766169153	0.21811891398822356	0.26564517809969596	8	7	15	6	10	ENSG00000066777	1.0	False
0.0039074392653957015	0.25870646766169153	0.16326578818972326	0.132798459563543	18	5	5	3	4	ENSG00000068885	1.0	False
0.013972374391897465	0.25870646766169153	0.2353643966547193	0.27627627627627627	7	7	8	3	5	ENSG00000075568	1.0	False
0.0036627812670078	0.25870646766169153	0.17771667291304216	0.19093824613389881	10	7	17	7	12	ENSG00000077454	1.0	False
0.0027845887651544326	0.25870646766169153	0.3290809463304297	0.26716961755324925	4	6	11	4	7	ENSG00000104643	1.0	False
0.004969668390931967	0.25870646766169153	0.38790217381484426	0.45574569142502025	10	7	14	4	8	ENSG00000110492	1.0	False
0.02112191118383172	0.25870646766169153	0.2953663815483707	0.34299616228070173	8	6	7	3	5	ENSG00000115687	1.0	False
0.002351419519921965	0.25870646766169153	0.217466352285008	0.2217190076078104	6	7	16	5	10	ENSG00000128159	1.0	False
0.002852874435159859	0.25870646766169153	0.28679197061624945	0.16633113502256158	7	7	10	4	9	ENSG00000128699	1.0	False
0.03017217171036886	0.25870646766169153	0.3995977468854659	0.37312312312312307	6	2	3	3	3	ENSG00000133740	1.0	False
0.0005560987934266832	0.25870646766169153	0.13244649762392607	0.09838251652410944	6	7	19	8	13	ENSG00000136731	1.0	False
0.0016939482606650631	0.25870646766169153	0.10987049314827231	0.10053324501382563	3	7	19	11	17	ENSG00000136950	1.0	False
0.004486355518421057	0.25870646766169153	0.16589987253971158	0.18335144748542637	10	2	3	3	3	ENSG00000137343	1.0	False
0.005921517243095007	0.25870646766169153	0.20678131732889288	0.21466865638644778	8	7	15	5	10	ENSG00000144224	1.0	False
5.065353023391836e-05	0.25870646766169153	0.03839517671538577	0.06700354662485132	5	7	19	13	19	ENSG00000145592	1.0	False
0.008555287809079225	0.25870646766169153	0.4592753643302982	0.40228818800247373	20	7	12	3	7	ENSG00000147526	1.0	False
0.004214454635869676	0.25870646766169153	0.15861945122938378	0.02442631507723242	2	2	3	3	3	ENSG00000151006	1.0	False
0.003985659793315555	0.25870646766169153	0.3532046847019303	0.2946711915340078	3	7	13	3	10	ENSG00000155868	1.0	False
0.003262215686893425	0.25870646766169153	0.17835247304556764	0.20983013088276248	4	4	7	3	7	ENSG00000156928	1.0	False
0.0017165178906809468	0.25870646766169153	0.1337188722789056	0.14686237543765152	8	7	15	4	11	ENSG00000160404	1.0	False
0.0038587233301585998	0.25870646766169153	0.7058169090202833	0.4180160004714688	3	4	5	3	3	ENSG00000162702	1.0	False
0.0027216406796406363	0.25870646766169153	0.26046291925835013	0.24967830613557937	18	5	9	3	7	ENSG00000164506	1.0	False
0.03569304589819777	0.25870646766169153	0.2977414166151417	0.3096385542168675	3	2	3	3	3	ENSG00000167264	1.0	False
0.0012809267326577525	0.25870646766169153	0.09869119691032274	0.05928970434624645	2	2	3	3	3	ENSG00000167618	1.0	False
0.0019038209568268613	0.25870646766169153	0.22902217019742013	0.2143529676765401	4	7	14	3	9	ENSG00000167705	1.0	False
5.235784421101213e-06	0.25870646766169153	0.004716981132075498	0.001449275362318855	2	2	4	4	4	ENSG00000167987	1.0	False
0.0032833252195872947	0.25870646766169153	0.39081368246487846	0.5335052712546943	14	6	10	3	7	ENSG00000170873	1.0	False
0.012074910410321014	0.25870646766169153	0.42846148343918466	0.4694013729537708	4	5	9	3	5	ENSG00000172889	1.0	False
0.007282752155825957	0.25870646766169153	0.2568151504767912	0.21992099925269562	4	2	3	3	3	ENSG00000176485	1.0	False
0.001348048976171505	0.25870646766169153	0.15728966580622356	0.0910622256155755	24	7	19	11	15	ENSG00000177565	1.0	False
0.0017707128594501272	0.25870646766169153	0.1626367177010564	0.1394540002901681	6	7	17	9	14	ENSG00000178381	1.0	False
0.0033357183959190836	0.25870646766169153	0.1717290481875245	0.129067081743322	7	2	3	3	3	ENSG00000183718	1.0	False
0.0017688557474426173	0.25870646766169153	0.17578374116942377	0.15794947587377176	12	4	4	3	4	ENSG00000189223	1.0	False
0.002841951323916388	0.25870646766169153	0.2300671372686045	0.22274358974358976	7	7	13	3	8	ENSG00000196268	1.0	False
0.005223805062414699	0.25870646766169153	0.2825182860100759	0.3186813186813186	31	7	14	4	8	ENSG00000198677	1.0	False
8.373641277714234e-06	0.25870646766169153	0.027759740259740262	0.005743000717875063	4	7	15	7	9	ENSG00000269821	1.0	False
0.0029888442276211438	0.25870646766169153	0.15496046817343798	0.1678321678321678	5	2	3	3	3	ENSG00000272870	1.0	False
0.006722721828901716	0.25870646766169153	0.42143983400935564	0.4628456221198156	7	3	5	3	5	ENSG00000291040	1.0	False
0.010387080003553964	0.25870646766169153	0.245357208561617	0.30673906989696464	18	5	7	3	5	ENSG00000291091	1.0	False
0.011523227172677897	0.25870646766169153	0.2719422666802982	0.25765597934438017	13	2	3	3	3	ENSG00000291102	1.0	False
0.003173921081076895	0.263681592039801	0.1580533572290836	0.15062068293396036	13	7	13	3	9	ENSG00000013364	1.0	False
0.00017045918082204622	0.263681592039801	0.04040404040404037	0.03921568627450979	2	3	3	3	3	ENSG00000056277	1.0	False
0.00012141659414903002	0.263681592039801	0.020705652025876778	0.024308397446390573	5	5	8	3	5	ENSG00000071967	1.0	False
0.00028711048135413465	0.263681592039801	0.06611534265673294	0.06798279875330411	10	7	17	6	11	ENSG00000074696	1.0	False
0.0029467705061137607	0.263681592039801	0.15659797061726446	0.1621920744983753	13	7	19	7	13	ENSG00000090686	1.0	False
0.0032520704920842207	0.263681592039801	0.19462440876849071	0.19818168646769047	21	2	3	3	3	ENSG00000100150	1.0	False
0.0002396477661136635	0.263681592039801	0.060541777695799465	0.07463498195028855	6	7	18	9	14	ENSG00000100219	1.0	False
0.0025235308115370892	0.263681592039801	0.13787011352085676	0.11196098473692417	3	2	3	3	3	ENSG00000103381	1.0	False
0.0050113769179044605	0.263681592039801	0.32667547597277713	0.28583573289455644	12	4	7	3	6	ENSG00000105287	1.0	False
0.003928016228560909	0.263681592039801	0.27952549885871664	0.26121483116053545	15	7	16	5	11	ENSG00000108883	1.0	False
0.012721090642396066	0.263681592039801	0.22843077061151262	0.3093308395677473	8	7	12	3	9	ENSG00000120705	1.0	False
8.500889706319292e-05	0.263681592039801	0.06373933889889541	0.031876201297652854	5	7	19	11	16	ENSG00000125148	1.0	False
0.004503622981488996	0.263681592039801	0.18452726922243382	0.1727315989847716	14	7	11	4	7	ENSG00000129158	1.0	False
0.002394701490241551	0.263681592039801	0.18476124253772525	0.2508864633864634	13	7	14	4	9	ENSG00000129353	1.0	False
0.0026959682041165097	0.263681592039801	0.25086546451676073	0.2646843493371204	18	7	17	9	11	ENSG00000136147	1.0	False
0.00169203168521573	0.263681592039801	0.19247455546999892	0.18126041689218725	3	7	17	7	10	ENSG00000140379	1.0	False
0.0016113723678085172	0.263681592039801	0.16282302693261821	0.13703449470589693	5	7	17	5	12	ENSG00000145354	1.0	False
0.0031485678736713815	0.263681592039801	0.2005896478248692	0.16796852876483376	15	7	15	5	12	ENSG00000147065	1.0	False
0.0026582666421497998	0.263681592039801	0.26851955513482606	0.26226912354745574	38	7	17	6	12	ENSG00000149781	1.0	False
2.0454332712309964e-05	0.263681592039801	0.005769230769230759	0.011857707509881445	2	5	8	3	4	ENSG00000155254	1.0	False
0.00023736623330223658	0.263681592039801	0.02830923492013258	0.04034551914972497	6	7	19	10	16	ENSG00000163634	1.0	False
0.007066356347719816	0.263681592039801	0.3343217628931915	0.17993395986791968	14	3	4	3	4	ENSG00000166435	1.0	False
0.002636461862803521	0.263681592039801	0.0993177241023653	0.12167527493763396	4	5	5	3	5	ENSG00000167740	1.0	False
0.0016091004436733576	0.263681592039801	0.19403050294372778	0.12412370287497305	5	7	14	4	11	ENSG00000167969	1.0	False
0.0014921409349065336	0.263681592039801	0.07312734798699314	0.131979131979132	2	2	3	3	3	ENSG00000171169	1.0	False
0.0015992579747480303	0.263681592039801	0.19338490510382073	0.2024996002771412	3	7	13	4	9	ENSG00000173011	1.0	False
0.0008858404788558834	0.263681592039801	0.22615175476526622	0.07261522493594114	4	5	8	4	6	ENSG00000175265	1.0	False
0.0022596066387240467	0.263681592039801	0.17504495769654294	0.19729038852679684	6	7	15	5	11	ENSG00000177272	1.0	False
0.009293253444450795	0.263681592039801	0.4084094846321484	0.3439613018560387	8	6	10	3	8	ENSG00000179344	1.0	False
0.00806347509437522	0.263681592039801	0.22191466116989103	0.1340397407470578	10	2	3	3	3	ENSG00000179364	1.0	False
0.004996359408725887	0.263681592039801	0.14828803108004185	0.1936420188799979	5	7	13	3	10	ENSG00000198087	1.0	False
1.2342608515682662e-05	0.263681592039801	0.005813953488372098	0.008130081300813032	2	5	7	3	5	ENSG00000206418	1.0	False
0.005719123661406035	0.263681592039801	0.2147007403184893	0.14854111405835543	7	4	8	3	6	ENSG00000215440	1.0	False
9.30274054531704e-05	0.263681592039801	0.008935732597217971	0.02531645569620254	2	6	11	3	7	ENSG00000256235	1.0	False
0.0028699093610248254	0.263681592039801	0.13675901606936103	0.09752964426877467	4	3	3	3	3	ENSG00000259431	1.0	False
0.0018539853853996372	0.263681592039801	0.10247772063535149	0.09846603189438632	2	7	18	8	14	ENSG00000265491	1.0	False
8.800979561172088e-05	0.26865671641791045	0.17583601984902225	0.09898893921403386	32	7	17	8	12	ENSG00000008517	1.0	False
0.0010388511597957213	0.26865671641791045	0.027777777777777804	0.050000000000000024	3	2	3	3	3	ENSG00000027001	1.0	False
0.0022554445814973673	0.26865671641791045	0.15295421245688343	0.11111256386530954	8	7	17	7	12	ENSG00000033800	1.0	False
0.0034511806861434683	0.26865671641791045	0.15877203446888716	0.13266031822565094	22	7	16	6	12	ENSG00000064313	1.0	False
0.0017196857689787078	0.26865671641791045	0.11943001274102008	0.09978546716434707	4	7	16	6	10	ENSG00000070444	1.0	False
0.0025388526493160643	0.26865671641791045	0.14074586676146783	0.18504996667780177	9	7	18	8	14	ENSG00000075142	1.0	False
0.004133770984792813	0.26865671641791045	0.14914504195361977	0.14933282500953113	8	3	4	3	4	ENSG00000080802	1.0	False
1.369480757584312e-05	0.26865671641791045	0.006173477838534598	0.01096968120834817	2	7	18	9	15	ENSG00000102580	1.0	False
0.0058891518337871795	0.26865671641791045	0.17675049391405015	0.17624360978277132	11	7	16	6	12	ENSG00000105197	1.0	False
6.8942917797484215e-06	0.26865671641791045	0.00715333197181787	0.009383608815426995	3	7	14	4	9	ENSG00000106049	1.0	False
0.01890059686555814	0.26865671641791045	0.2650050643248917	0.24844599844599846	6	2	3	3	3	ENSG00000113658	1.0	False
0.005978454665291133	0.26865671641791045	0.2718978003374457	0.2687628673030133	10	7	14	3	10	ENSG00000115762	1.0	False
0.0017642037277486758	0.26865671641791045	0.09577765229939142	0.07070707070707072	3	2	3	3	3	ENSG00000119537	1.0	False
0.10756310114362706	0.26865671641791045	0.4056797236722321	0.7052396878483835	11	7	12	3	9	ENSG00000126453	1.0	False
0.0038031681106980237	0.26865671641791045	0.19610442453275231	0.20095020502035071	10	7	17	8	12	ENSG00000133318	1.0	False
0.0014319663787548597	0.26865671641791045	0.10858253850192241	0.1400442227711052	6	7	17	7	12	ENSG00000134108	1.0	False
0.0027539185157416453	0.26865671641791045	0.14219474886152803	0.1586113002042206	5	2	4	4	4	ENSG00000135148	1.0	False
0.010353733459268221	0.26865671641791045	0.2794881974480247	0.29326909247806704	4	4	6	3	6	ENSG00000136710	1.0	False
0.0016039646936111375	0.26865671641791045	0.06821959755030621	0.06511627906976745	3	2	3	3	3	ENSG00000143862	1.0	False
4.720170073126979e-05	0.26865671641791045	0.02177612048726198	0.030829786642198573	14	7	19	13	19	ENSG00000145425	1.0	False
0.0027773258174973313	0.26865671641791045	0.1502436231786507	0.19906853064207627	10	7	17	6	12	ENSG00000147419	1.0	False
0.001138860139246788	0.26865671641791045	0.14373022281374623	0.08016737830913748	18	7	18	9	14	ENSG00000148700	1.0	False
0.007682473702937646	0.26865671641791045	0.22834769574519465	0.1980848153214774	5	6	6	3	4	ENSG00000153936	1.0	False
0.002649257500740793	0.26865671641791045	0.19781020189845147	0.1607986750270774	10	3	4	3	3	ENSG00000162894	1.0	False
0.0057569368235556384	0.26865671641791045	0.13032172906585782	0.16445806962025314	2	3	5	4	4	ENSG00000164087	1.0	False
0.006388258946466902	0.26865671641791045	0.12686932379419374	0.1750840675946026	4	7	18	6	13	ENSG00000164978	1.0	False
0.010410713527040103	0.26865671641791045	0.2668740907582908	0.26179626061142647	16	5	8	3	5	ENSG00000167110	1.0	False
0.0010910896811658526	0.26865671641791045	0.09463134548407204	0.0859546490871494	8	7	14	6	11	ENSG00000167272	1.0	False
0.0030178218605764664	0.26865671641791045	0.25959299989180673	0.19369298829424894	12	7	11	3	8	ENSG00000170037	1.0	False
0.0006274220724115055	0.26865671641791045	0.12874681117275186	0.11970727913928857	9	7	18	7	12	ENSG00000172795	1.0	False
0.0005602055829918383	0.26865671641791045	0.04930155612609552	0.053305322222979165	6	7	18	8	14	ENSG00000175854	1.0	False
0.0034049455650113575	0.26865671641791045	0.12350613849775177	0.23271790957386876	4	7	16	6	10	ENSG00000176542	1.0	False
0.00018055625445511178	0.26865671641791045	0.04097936291448377	0.04392634565017085	4	7	15	5	10	ENSG00000196455	1.0	False
0.007466361701429048	0.26865671641791045	0.29636888989368787	0.3749241469448723	16	6	10	3	6	ENSG00000196924	1.0	False
0.0010619884851134987	0.26865671641791045	0.16414940305608314	0.14582402678134135	27	7	17	6	12	ENSG00000197694	1.0	False
4.832731191697601e-06	0.26865671641791045	0.02419354838709678	0.005235602094240813	3	7	11	3	7	ENSG00000198736	1.0	False
0.0019766582099561922	0.26865671641791045	0.2056188769710957	0.21132820499872357	6	7	17	7	12	ENSG00000242574	1.0	False
0.0036913211217073968	0.26865671641791045	0.2559676436899256	0.19249595433286504	13	7	13	6	8	ENSG00000275066	1.0	False
0.0015946702484432916	0.2736318407960199	0.2688076527108406	0.15939873670744387	14	7	11	4	8	ENSG00000065000	1.0	False
0.00012843956701832264	0.2736318407960199	0.047957152024341504	0.03867451252603012	4	7	13	4	11	ENSG00000070770	1.0	False
0.006002383516008785	0.2736318407960199	0.3536721810157361	0.3409247455936667	24	7	13	3	9	ENSG00000072756	1.0	False
0.000626227357226711	0.2736318407960199	0.18101849234953923	0.09526111409107114	5	7	16	8	11	ENSG00000083807	1.0	False
0.006364796413799097	0.2736318407960199	0.23300129635100697	0.2420592048401037	5	7	9	3	7	ENSG00000100106	1.0	False
3.2772581850262027e-05	0.2736318407960199	0.030066145246554744	0.018678934661094045	6	7	19	12	18	ENSG00000100300	1.0	False
0.003434114766441727	0.2736318407960199	0.09699898609941676	0.15691448792065432	13	7	19	10	17	ENSG00000103653	1.0	False
0.0002978494726050704	0.2736318407960199	0.06994075305891216	0.048722715279443496	12	7	19	11	17	ENSG00000104823	1.0	False
0.0009370409603015647	0.2736318407960199	0.07320054360284244	0.07148862066894854	4	2	3	3	3	ENSG00000110442	1.0	False
0.0012804173361027423	0.2736318407960199	0.12233816039262631	0.08876837829636987	13	7	16	6	10	ENSG00000115548	1.0	False
0.00309467039895708	0.2736318407960199	0.2699478199198468	0.20934751819768782	11	7	12	4	8	ENSG00000115866	1.0	False
0.0054645000110494285	0.2736318407960199	0.42823401138172135	0.35922668396895197	5	7	11	3	8	ENSG00000120742	1.0	False
3.23893783863539e-05	0.2736318407960199	0.02911111132234865	0.01479103742316891	4	7	16	5	12	ENSG00000124535	1.0	False
0.007420102030895678	0.2736318407960199	0.32170427576896293	0.2479362479362479	4	6	8	3	5	ENSG00000126749	1.0	False
0.0027709522419206703	0.2736318407960199	0.11815960533801714	0.14646831393637277	4	3	5	3	5	ENSG00000130038	1.0	False
0.011410955016576057	0.2736318407960199	0.60246318435944	0.5832621326042379	13	4	6	3	4	ENSG00000134352	1.0	False
0.0018531335203246504	0.2736318407960199	0.18272408402866006	0.09140979502425282	7	2	3	3	3	ENSG00000134545	1.0	False
0.0007831971433395557	0.2736318407960199	0.1018130054891275	0.13432481701038104	12	7	16	8	11	ENSG00000136754	1.0	False
0.00461135661250145	0.2736318407960199	0.32465309576022156	0.301169946574694	13	2	3	3	3	ENSG00000137513	1.0	False
0.0007987690812566284	0.2736318407960199	0.11223464905890379	0.08069290750338518	2	7	11	4	8	ENSG00000139505	1.0	False
0.0005309593982517304	0.2736318407960199	0.10307224975696556	0.0943125388951349	5	7	19	8	15	ENSG00000139684	1.0	False
7.439296855879876e-07	0.2736318407960199	0.0008838383838383522	0.003478964401294485	2	2	3	3	3	ENSG00000155962	1.0	False
0.0003630506150617397	0.2736318407960199	0.11511121691000355	0.060791932661910714	6	7	17	6	13	ENSG00000156471	1.0	False
0.0016295044042835278	0.2736318407960199	0.24143609465562818	0.2910856499985197	5	7	12	4	10	ENSG00000159479	1.0	False
2.3722213320786875e-05	0.2736318407960199	0.03152477469175648	0.019295050108600418	7	5	9	3	8	ENSG00000159840	1.0	False
0.002035688783216658	0.2736318407960199	0.08639763695864676	0.08568333634230005	4	2	4	4	4	ENSG00000163626	1.0	False
0.0003075841895757693	0.2736318407960199	0.05368060118242925	0.037474834627552495	5	7	13	3	9	ENSG00000168476	1.0	False
0.02518962192060786	0.2736318407960199	0.30787037659371963	0.3756112315370268	3	2	3	3	3	ENSG00000169087	1.0	False
1.7490886479364704e-06	0.2736318407960199	0.01859890144224285	0.004598745763837538	12	7	19	13	19	ENSG00000171863	1.0	False
0.0002348080943935111	0.2736318407960199	0.08189759322847634	0.0520121027191779	5	7	16	6	11	ENSG00000173542	1.0	False
0.0025460534285221183	0.2736318407960199	0.24055743268511454	0.2362410050006098	10	7	17	7	11	ENSG00000174953	1.0	False
0.015171772946645203	0.2736318407960199	0.4211427976612879	0.3805914380271165	6	7	13	4	10	ENSG00000188342	1.0	False
8.744212590224037e-05	0.2736318407960199	0.054140088974493815	0.02700845115307068	6	7	18	8	13	ENSG00000204394	1.0	False
8.919804148607771e-05	0.2736318407960199	0.030640636668878563	0.027284662808340965	2	7	19	11	17	ENSG00000232388	1.0	False
0.00758569488228341	0.2736318407960199	0.19794175369888845	0.16970088481716386	4	2	4	4	4	ENSG00000233527	1.0	False
0.0012475943772675639	0.2736318407960199	0.19451505219344578	0.1551744813526802	15	5	6	3	5	ENSG00000237484	1.0	False
0.007853177577431095	0.2736318407960199	0.2095811523262504	0.3422134766265546	6	2	3	3	3	ENSG00000247137	1.0	False
0.002200370798386984	0.2736318407960199	0.22447327013370733	0.23397623881494847	8	7	13	3	8	ENSG00000269404	1.0	False
0.001591100603180082	0.2736318407960199	0.10242080047649502	0.10051480051480054	7	3	5	4	4	ENSG00000284428	1.0	False
0.0006808483992998994	0.2736318407960199	0.1526700348109321	0.12692270010776918	3	7	12	3	10	ENSG00000289469	1.0	False
0.020135797970557336	0.2736318407960199	0.411184536977834	0.5363562771853854	18	5	6	3	6	ENSG00000291140	1.0	False
0.0016543030649507975	0.27860696517412936	0.1244936890588064	0.11652482269503545	5	2	3	3	3	ENSG00000000460	1.0	False
0.002998926003157986	0.27860696517412936	0.17942122361591845	0.11677353004659664	3	6	9	4	7	ENSG00000008083	1.0	False
3.707637157907354e-05	0.27860696517412936	0.05557309204652733	0.017265328593026413	8	7	19	12	17	ENSG00000042753	1.0	False
0.0020551463932453945	0.27860696517412936	0.08171613549209655	0.046772540983606586	4	4	5	3	4	ENSG00000071655	1.0	False
3.215091200939307e-05	0.27860696517412936	0.059677637668099796	0.02688711221373752	5	7	19	11	15	ENSG00000094916	1.0	False
0.017973268890765195	0.27860696517412936	0.27527648686701073	0.32404540763673895	25	6	6	3	4	ENSG00000100897	1.0	False
0.0049164647677057876	0.27860696517412936	0.3416951560991045	0.4778336927869638	11	4	7	3	5	ENSG00000100934	1.0	False
0.0037540537220964714	0.27860696517412936	0.10632465387748644	0.08784615384615388	5	7	10	3	8	ENSG00000101752	1.0	False
3.4738574451883324e-05	0.27860696517412936	0.030703220155658854	0.01755113124758813	4	7	19	10	15	ENSG00000107874	1.0	False
0.0014945704140858537	0.27860696517412936	0.07137451963591102	0.08392350335534865	7	7	13	4	10	ENSG00000108840	1.0	False
0.002163073817679364	0.27860696517412936	0.18013830150589455	0.18532934131736525	3	4	5	3	3	ENSG00000109079	1.0	False
0.002725699447287995	0.27860696517412936	0.29623872168415744	0.1804243582082522	8	6	9	4	6	ENSG00000122359	1.0	False
0.0007786397014216717	0.27860696517412936	0.07994296180010464	0.08378932968536248	4	6	9	3	6	ENSG00000137947	1.0	False
6.352185595557807e-05	0.27860696517412936	0.007633587786259572	0.017647058823529446	3	4	5	3	4	ENSG00000143891	1.0	False
0.0008565316938900961	0.27860696517412936	0.14607887044766862	0.12282021792947505	12	7	18	7	14	ENSG00000149084	1.0	False
0.0009406532526170947	0.27860696517412936	0.21912721913857758	0.19809011843887941	8	4	7	3	4	ENSG00000153563	1.0	False
0.001957121323489295	0.27860696517412936	0.18243372585441636	0.23965164844930242	9	7	16	6	11	ENSG00000155329	1.0	False
0.0019899112590588902	0.27860696517412936	0.2262244463574253	0.2357671789155188	6	5	9	4	7	ENSG00000163659	1.0	False
0.0008086180012421211	0.27860696517412936	0.07801947044530176	0.07298430127158416	2	6	8	4	6	ENSG00000173928	1.0	False
0.0027006890328850923	0.27860696517412936	0.1188266245979015	0.12339762095924656	14	7	19	10	15	ENSG00000176261	1.0	False
0.00013525490329807118	0.27860696517412936	0.04349627174813587	0.0365296803652968	3	6	11	4	7	ENSG00000180185	1.0	False
0.0025972334454456313	0.27860696517412936	0.21457975528946957	0.11042638390131645	9	7	17	5	13	ENSG00000184863	1.0	False
0.011520754832956708	0.27860696517412936	0.35514400195834794	0.32222222222222224	6	2	3	3	3	ENSG00000186854	1.0	False
0.012647409693535814	0.27860696517412936	0.18538324420677363	0.25741083549302723	3	5	7	3	6	ENSG00000187699	1.0	False
2.02503570410374e-05	0.27860696517412936	0.008338666175714592	0.021372989507962854	6	7	19	13	19	ENSG00000196154	1.0	False
0.001188160337879147	0.27860696517412936	0.1254532388961238	0.08813758061364085	7	6	7	3	6	ENSG00000196705	1.0	False
0.001148968851151887	0.27860696517412936	0.2581369121831231	0.26801960062033553	8	4	6	3	5	ENSG00000198286	1.0	False
0.001635187329248989	0.27860696517412936	0.18384145576784267	0.18637841253018922	3	6	9	3	4	ENSG00000203760	1.0	False
0.0002275356047300641	0.27860696517412936	0.12174289752978094	0.0797117640164129	4	7	19	12	16	ENSG00000227507	1.0	False
0.0010816865193667975	0.27860696517412936	0.10461595432936587	0.08934167337585928	6	7	12	4	8	ENSG00000237651	1.0	False
0.006739602044047767	0.27860696517412936	0.22933226828573797	0.34376444772597103	8	7	14	3	10	ENSG00000247092	1.0	False
0.005622401656092556	0.2835820895522388	0.4369492227247204	0.5421200152885718	11	7	10	3	8	ENSG00000003400	1.0	False
0.0028585900876007438	0.2835820895522388	0.08562574793146602	0.1958121919289634	14	7	17	5	12	ENSG00000011198	1.0	False
0.008458753808352018	0.2835820895522388	0.1381995043212409	0.22843746248627897	20	7	19	10	15	ENSG00000023191	1.0	False
0.0018720659210404286	0.2835820895522388	0.2192074688778464	0.262628538045281	16	7	16	4	10	ENSG00000027697	1.0	False
0.00011667541198032597	0.2835820895522388	0.05294702038039972	0.04507858005703042	4	7	15	5	10	ENSG00000076641	1.0	False
0.005064150045511855	0.2835820895522388	0.2638961818971556	0.24309552040255653	7	7	12	3	8	ENSG00000086589	1.0	False
0.0052033037828948196	0.2835820895522388	0.4436756060981387	0.44373575442159385	24	7	11	3	10	ENSG00000090615	1.0	False
0.0014561489589650647	0.2835820895522388	0.14266500792305634	0.12273170621058838	17	7	10	3	6	ENSG00000103226	1.0	False
0.001791675050413447	0.2835820895522388	0.1985192911519347	0.18722697056030393	6	7	15	5	12	ENSG00000103769	1.0	False
0.001898503063731319	0.2835820895522388	0.0867400404235233	0.10217844714936378	10	7	15	4	11	ENSG00000105671	1.0	False
0.0016461720096753627	0.2835820895522388	0.13623655913978486	0.12868307363720208	14	2	3	3	3	ENSG00000106290	1.0	False
0.0011930781641331292	0.2835820895522388	0.24477626305711322	0.2654885731957395	12	7	19	7	13	ENSG00000113742	1.0	False
0.013225567650179142	0.2835820895522388	0.39161930575865	0.36659356725146197	20	4	4	3	3	ENSG00000120370	1.0	False
0.001702682124379547	0.2835820895522388	0.30246135027910376	0.4219358536144479	13	5	8	3	4	ENSG00000120885	1.0	False
0.00015542519568045963	0.2835820895522388	0.10603141933602897	0.05162258822522621	2	7	18	6	11	ENSG00000127528	1.0	False
0.0007676374299558666	0.2835820895522388	0.07246599869735285	0.10834533949074168	2	7	19	8	13	ENSG00000132646	1.0	False
0.0006395813145470086	0.2835820895522388	0.13916833558523833	0.1256030671774	7	7	17	6	12	ENSG00000136536	1.0	False
0.0009266773172931983	0.2835820895522388	0.18013525253046245	0.12108415233415232	3	4	6	3	4	ENSG00000136636	1.0	False
0.010235458366448184	0.2835820895522388	0.3235805600511231	0.3935046395431834	2	6	8	3	7	ENSG00000137331	1.0	False
0.002902448288629461	0.2835820895522388	0.13940712357078275	0.17187248233977592	17	7	16	4	12	ENSG00000137413	1.0	False
0.002785525757451855	0.2835820895522388	0.2230246190011821	0.381573865902745	16	7	12	3	9	ENSG00000137959	1.0	False
0.00010985555804871635	0.2835820895522388	0.04860753164414246	0.04363763667456908	6	7	16	5	9	ENSG00000138449	1.0	False
2.9462838358410725e-05	0.2835820895522388	0.06830934455046514	0.01723196994680055	6	7	17	8	12	ENSG00000143458	1.0	False
0.0005109667006190642	0.2835820895522388	0.13401776817756708	0.06797786254492534	4	7	12	4	7	ENSG00000147853	1.0	False
0.006848208771759927	0.2835820895522388	0.3082870169205848	0.38254172015404364	6	7	11	3	6	ENSG00000149591	1.0	False
0.010643242857297088	0.2835820895522388	0.2852135407383031	0.20008593777403624	6	6	11	3	8	ENSG00000156599	1.0	False
0.0005254124601307244	0.2835820895522388	0.09051459330426723	0.060389814904545036	6	7	19	11	16	ENSG00000163902	1.0	False
0.0001754754754682418	0.2835820895522388	0.0672753945090641	0.03605329043200316	3	7	11	6	8	ENSG00000164916	1.0	False
0.006952294468190097	0.2835820895522388	0.35314547775257443	0.372019025750369	8	6	13	5	9	ENSG00000164944	1.0	False
0.0036096633303962103	0.2835820895522388	0.16702189687664049	0.2392376382780221	6	2	3	3	3	ENSG00000166140	1.0	False
0.0008949013404477187	0.2835820895522388	0.13187202404565326	0.12249445654930917	6	7	19	9	16	ENSG00000166797	1.0	False
0.003874687036612594	0.2835820895522388	0.1574938301039876	0.18673584480036093	6	4	7	3	6	ENSG00000168038	1.0	False
6.43225884633172e-05	0.2835820895522388	0.028612183722525105	0.019771307417585194	4	7	18	9	14	ENSG00000168288	1.0	False
0.0002304131303858827	0.2835820895522388	0.0649469322114601	0.048138483589988595	3	7	19	9	14	ENSG00000175701	1.0	False
0.004371055248424882	0.2835820895522388	0.14180655237565815	0.047366818873668205	2	2	3	3	3	ENSG00000176658	1.0	False
0.0003280189156195696	0.2835820895522388	0.07253999069705404	0.04552994808154997	4	7	15	4	11	ENSG00000178096	1.0	False
0.0014774217700438245	0.2835820895522388	0.14456568244748083	0.12082372200312529	12	7	15	4	8	ENSG00000181929	1.0	False
0.00245826891436817	0.2835820895522388	0.23110854732640487	0.30466802105457563	7	2	3	3	3	ENSG00000182287	1.0	False
0.00022305623058718337	0.2835820895522388	0.07949500389308141	0.06199202455730303	11	7	18	7	14	ENSG00000187735	1.0	False
0.0007281023691586097	0.2835820895522388	0.07594853817679904	0.043665113454553935	3	3	4	3	4	ENSG00000196943	1.0	False
0.00038783829320590004	0.2835820895522388	0.04025699290966785	0.03781652137816521	5	2	3	3	3	ENSG00000203326	1.0	False
0.0006889756356977538	0.2835820895522388	0.09519034997401421	0.0685216917951844	3	7	16	6	11	ENSG00000213341	1.0	False
0.0007558582503776691	0.2885572139303483	0.04711538461538464	0.06094182825484763	5	6	8	3	4	ENSG00000008869	1.0	False
0.00015423947796625254	0.2885572139303483	0.050560496424176295	0.049945019507501645	4	5	8	3	5	ENSG00000035499	1.0	False
0.00034508303119889827	0.2885572139303483	0.07223214285714286	0.12124548328816621	3	6	10	3	7	ENSG00000070190	1.0	False
0.005245174239454071	0.2885572139303483	0.2545656955894731	0.32058665465953984	19	7	16	5	11	ENSG00000077380	1.0	False
0.002320922575630082	0.2885572139303483	0.15706949375430018	0.2630400650023915	23	7	19	10	15	ENSG00000081237	1.0	False
0.0001552275283523598	0.2885572139303483	0.06149461386793654	0.05774751395005339	11	7	19	13	17	ENSG00000087088	1.0	False
8.509233927683249e-05	0.2885572139303483	0.03322287265982585	0.021162900541440356	14	7	19	12	18	ENSG00000090266	1.0	False
0.0009537325755605146	0.2885572139303483	0.2537617824092094	0.084791301344386	9	7	16	6	10	ENSG00000092439	1.0	False
0.0005577333199580444	0.2885572139303483	0.14444444444444446	0.12580645161290324	5	4	11	5	7	ENSG00000097021	1.0	False
0.003537466871007926	0.2885572139303483	0.17445731418127614	0.15097794348771443	6	7	17	6	12	ENSG00000100764	1.0	False
0.00085847123050981	0.2885572139303483	0.21544169193062332	0.14455402022055314	7	7	9	3	6	ENSG00000101138	1.0	False
0.002399716338053068	0.2885572139303483	0.1988407054355208	0.3597419877357399	37	7	10	3	7	ENSG00000107862	1.0	False
0.0035917958303533343	0.2885572139303483	0.2269237347901141	0.2591386174448063	4	4	6	3	4	ENSG00000110422	1.0	False
5.0261834036444616e-05	0.2885572139303483	0.035151728515572876	0.02749322418275347	4	7	15	6	11	ENSG00000136770	1.0	False
9.727823653223549e-05	0.2885572139303483	0.05807985431847952	0.022349791386039063	9	7	19	7	11	ENSG00000138594	1.0	False
0.00017130059212532812	0.2885572139303483	0.08220056799537455	0.09782983342352505	7	7	19	13	19	ENSG00000142937	1.0	False
0.003335127404284736	0.2885572139303483	0.07010129955216415	0.10465349849347172	2	4	6	3	5	ENSG00000145996	1.0	False
0.002369890498461117	0.2885572139303483	0.1913737339879064	0.191659045180172	9	4	5	3	4	ENSG00000151498	1.0	False
0.0012753930415957688	0.2885572139303483	0.07134348599831508	0.06183869774324825	3	2	3	3	3	ENSG00000162775	1.0	False
9.896332569265204e-07	0.2885572139303483	0.007407407407407413	0.002320185614849167	3	7	14	3	8	ENSG00000166171	1.0	False
0.003320043219954322	0.2885572139303483	0.33752394947727693	0.4294180554317797	6	7	14	3	9	ENSG00000166428	1.0	False
0.006226927326269358	0.2885572139303483	0.21547141268470907	0.18734821815169708	6	7	9	3	7	ENSG00000166685	1.0	False
0.001246867459233464	0.2885572139303483	0.12538626901321412	0.09072825441111884	6	6	11	4	7	ENSG00000170017	1.0	False
0.0038487742914253996	0.2885572139303483	0.15242012913020356	0.13454487395149653	3	7	16	4	13	ENSG00000173960	1.0	False
0.003403262324745177	0.2885572139303483	0.13156989158746735	0.1996434937611408	6	7	9	3	6	ENSG00000174032	1.0	False
0.0001452725799009574	0.2885572139303483	0.03229669566028425	0.023795713871416123	3	6	13	3	10	ENSG00000175970	1.0	False
0.00025970911434856003	0.2885572139303483	0.06649907807631844	0.09086809664451466	9	7	19	13	18	ENSG00000198242	1.0	False
0.012076901583690751	0.2885572139303483	0.3221417986568219	0.47924232419940577	4	2	3	3	3	ENSG00000203739	1.0	False
0.0007527258125696426	0.2885572139303483	0.07765906694055714	0.2588849474600094	4	2	3	3	3	ENSG00000204160	1.0	False
0.0002175789300792953	0.2885572139303483	0.07389189480704976	0.08184457012897628	2	7	11	4	8	ENSG00000239789	1.0	False
0.0019930157617376776	0.2885572139303483	0.18713821524396	0.3524658072850844	2	6	8	3	7	ENSG00000243004	1.0	False
0.002197516707969996	0.2885572139303483	0.3139291227696034	0.5228353291999464	8	6	8	3	6	ENSG00000245904	1.0	False
0.009810175225943593	0.2885572139303483	0.24814449932733285	0.1869390050082867	2	7	15	4	10	ENSG00000278828	1.0	False
0.001102054378333591	0.2935323383084577	0.19684894989591195	0.14892318905223653	16	7	19	10	17	ENSG00000012822	1.0	False
0.001876800242835386	0.2935323383084577	0.1796933081698163	0.15147546337323126	10	7	18	6	14	ENSG00000023228	1.0	False
0.001406639061923184	0.2935323383084577	0.24995113145893905	0.27769423558897244	13	7	11	4	9	ENSG00000040275	1.0	False
9.376010365764162e-06	0.2935323383084577	0.004672897196261655	0.011267605633802809	2	7	13	5	9	ENSG00000047644	1.0	False
0.009372498822073303	0.2935323383084577	0.1821204577783525	0.18452380952380953	7	2	3	3	3	ENSG00000059691	1.0	False
0.010889297131292382	0.2935323383084577	0.24544058080677802	0.37242454271439784	13	5	6	3	5	ENSG00000074582	1.0	False
0.0009916852712837363	0.2935323383084577	0.11117912525805371	0.2402957486136784	4	6	12	4	10	ENSG00000080986	1.0	False
0.0005392439893870071	0.2935323383084577	0.10858746483437182	0.07617584293640633	5	5	8	3	5	ENSG00000092853	1.0	False
0.0008440849097543495	0.2935323383084577	0.09384884444304113	0.08467540675148211	5	7	15	6	11	ENSG00000106723	1.0	False
0.00028540896875603537	0.2935323383084577	0.10447357395845863	0.04584436661826258	3	7	12	3	8	ENSG00000109881	1.0	False
0.006099140408760173	0.2935323383084577	0.20052055627630155	0.36554781222071187	11	7	19	8	14	ENSG00000110172	1.0	False
0.005825388401407297	0.2935323383084577	0.27173902944721545	0.2328132927447996	6	6	8	3	5	ENSG00000113318	1.0	False
0.0041699501860579125	0.2935323383084577	0.17814872356028302	0.13979664179908544	5	7	14	5	9	ENSG00000122435	1.0	False
0.0007307764656124288	0.2935323383084577	0.06518784662449283	0.0830671216476093	5	7	19	10	15	ENSG00000126698	1.0	False
0.00020820440351600905	0.2935323383084577	0.053333333333333344	0.041916167664670656	3	7	8	3	6	ENSG00000133597	1.0	False
0.000794516462438133	0.2935323383084577	0.06744799418159783	0.11047336273727149	6	7	19	9	15	ENSG00000136628	1.0	False
0.001390356104837827	0.2935323383084577	0.2166615128361759	0.27064949177099135	16	7	14	5	10	ENSG00000137845	1.0	False
0.0027357493880927003	0.2935323383084577	0.18632486646330826	0.24969448630556182	9	7	16	4	11	ENSG00000137965	1.0	False
0.000955915508020728	0.2935323383084577	0.36282025530022705	0.16868600386880966	8	5	11	4	8	ENSG00000139990	1.0	False
0.0018085082858900023	0.2935323383084577	0.1352298811577982	0.1062342649399378	4	7	19	9	15	ENSG00000143870	1.0	False
0.002683109879429597	0.2935323383084577	0.12321719244013345	0.15822808938418287	7	7	18	9	15	ENSG00000145247	1.0	False
0.003921263165068719	0.2935323383084577	0.2867297999648266	0.24560431413253006	17	2	3	3	3	ENSG00000148019	1.0	False
0.0017945976615701183	0.2935323383084577	0.36460014130820406	0.36563982465621814	4	7	12	6	8	ENSG00000153066	1.0	False
0.00031870738844152634	0.2935323383084577	0.07172673877039597	0.037192394363208967	10	7	18	11	16	ENSG00000168701	1.0	False
6.879540707750345e-05	0.2935323383084577	0.02348302438724744	0.016392007415799797	2	7	17	6	11	ENSG00000171443	1.0	False
0.004054203957403304	0.2935323383084577	0.2556704221934464	0.19175884955752212	8	5	8	3	5	ENSG00000171703	1.0	False
0.017180519075946095	0.2935323383084577	0.21676181014416313	0.21392050140194624	4	2	3	3	3	ENSG00000181744	1.0	False
0.0007756376984103696	0.2935323383084577	0.15250874193987127	0.1189666750608579	2	7	16	6	10	ENSG00000182551	1.0	False
0.0008025926651205512	0.2935323383084577	0.096241634441974	0.10851485148514847	4	4	4	3	3	ENSG00000185798	1.0	False
1.6359929927089086e-05	0.2935323383084577	0.014184397163120522	0.017241379310344845	2	5	7	3	4	ENSG00000198060	1.0	False
0.0015292979377188073	0.2935323383084577	0.07172017682406556	0.0608974358974359	3	3	4	3	4	ENSG00000246263	1.0	False
0.000912653363753606	0.2935323383084577	0.06096067675015046	0.06651017214397495	2	2	3	3	3	ENSG00000246922	1.0	False
0.006674279298735065	0.2935323383084577	0.4189220418222011	0.3639455782312926	6	7	14	3	8	ENSG00000266412	1.0	False
0.011463247448122304	0.2935323383084577	0.23481837888369794	0.3031914255194018	8	3	4	3	4	ENSG00000285533	1.0	False
0.00460342060618776	0.29850746268656714	0.2186175716963074	0.19339462996389895	10	7	16	5	12	ENSG00000036549	1.0	False
0.003323630521778291	0.29850746268656714	0.3174143907070151	0.259994415927493	18	7	15	5	10	ENSG00000077254	1.0	False
0.0016875305347337046	0.29850746268656714	0.15847871660512852	0.1844676667564951	6	6	9	3	6	ENSG00000089041	1.0	False
0.00514688255372631	0.29850746268656714	0.2879909167233458	0.21900826446280988	8	7	10	4	7	ENSG00000099330	1.0	False
0.0032416452820867355	0.29850746268656714	0.34422295677241116	0.23073521869086153	23	2	3	3	3	ENSG00000103197	1.0	False
0.0038074073615110785	0.29850746268656714	0.2501356039237729	0.21961195072073422	11	7	15	4	10	ENSG00000105171	1.0	False
0.00028694952581777067	0.29850746268656714	0.03250193725521855	0.018267734685645094	5	2	3	3	3	ENSG00000105953	1.0	False
0.0003034496420746543	0.29850746268656714	0.1572974984745524	0.06494888988032757	14	7	17	8	10	ENSG00000111801	1.0	False
0.007992655809846393	0.29850746268656714	0.23219987354647528	0.23830980151422143	7	7	12	5	9	ENSG00000112972	1.0	False
3.214715226504898e-05	0.29850746268656714	0.035200436733926185	0.021212912367691353	7	7	19	10	17	ENSG00000119013	1.0	False
3.9350751173325943e-07	0.29850746268656714	0.004134339336133055	0.0030826140567200774	2	7	18	6	12	ENSG00000120137	1.0	False
0.0033392216681572616	0.29850746268656714	0.2055129620539319	0.22702377079794217	10	7	12	4	9	ENSG00000122783	1.0	False
0.004626500147151137	0.29850746268656714	0.21676538128500072	0.23952064944269055	14	6	8	3	7	ENSG00000123219	1.0	False
0.01685861544824381	0.29850746268656714	0.46481550110452274	0.48301426426426425	14	4	6	3	5	ENSG00000130340	1.0	False
2.8447555756158447e-05	0.29850746268656714	0.03030303030303029	0.03157894736842105	2	5	6	3	5	ENSG00000131873	1.0	False
0.0005014269971472106	0.29850746268656714	0.11898129372864942	0.06361795809254235	11	7	13	4	9	ENSG00000135926	1.0	False
0.014382193032976146	0.29850746268656714	0.36258558405155733	0.3990478231298855	5	6	7	3	5	ENSG00000145817	1.0	False
0.0034346250860189075	0.29850746268656714	0.3184902433414122	0.22735064935064936	9	7	14	4	8	ENSG00000150776	1.0	False
0.0017090270422256497	0.29850746268656714	0.13033345033345034	0.13841814062908422	3	6	8	3	5	ENSG00000155850	1.0	False
0.0022434320723079704	0.29850746268656714	0.20050680904071844	0.16752083532905448	10	5	6	3	5	ENSG00000159753	1.0	False
0.0024416455382279922	0.29850746268656714	0.07261973105528882	0.12934766356274452	4	7	19	12	17	ENSG00000162385	1.0	False
0.00016116345863114684	0.29850746268656714	0.06585507246376814	0.04500000000000002	5	5	7	3	5	ENSG00000163378	1.0	False
0.0022399308296674287	0.29850746268656714	0.2144264384799634	0.1807646415432037	17	7	13	3	9	ENSG00000164754	1.0	False
0.0008796355512788743	0.29850746268656714	0.14182201231204583	0.1057938901540797	9	7	13	5	11	ENSG00000168283	1.0	False
0.0027031230815056646	0.29850746268656714	0.14147550537674855	0.16530845905172412	4	5	11	3	9	ENSG00000171867	1.0	False
0.0063835899624758215	0.29850746268656714	0.3161357742451593	0.19618572085558486	12	6	12	4	8	ENSG00000172493	1.0	False
0.005534148556835845	0.29850746268656714	0.21069320048476226	0.3078304597701149	3	7	17	7	12	ENSG00000173457	1.0	False
0.0019902810569139115	0.29850746268656714	0.23816143895091274	0.15069290035679198	8	7	11	4	8	ENSG00000174442	1.0	False
0.0007850656145795161	0.29850746268656714	0.09835624225760678	0.1237218125707334	9	5	11	3	8	ENSG00000178999	1.0	False
0.0006412314470898463	0.29850746268656714	0.07871468086285749	0.05094763050482116	6	7	19	11	16	ENSG00000183291	1.0	False
0.005632211017947531	0.29850746268656714	0.5069379110168585	0.48429802955665036	9	6	8	3	5	ENSG00000229474	1.0	False
0.0013417451498317463	0.29850746268656714	0.15349075745625756	0.07292044282089175	2	7	15	3	11	ENSG00000240857	1.0	False
0.0015523174664898722	0.29850746268656714	0.08545639245189973	0.12061272061272058	4	7	14	5	9	ENSG00000256092	1.0	False
0.0027148007376966623	0.29850746268656714	0.1781148407016234	0.18095673171050053	7	7	15	5	9	ENSG00000267121	1.0	False
0.0016415912800870622	0.3034825870646766	0.23659340558679834	0.19181693689745838	38	7	18	8	15	ENSG00000073584	1.0	False
0.0031088622053778827	0.3034825870646766	0.2657881333099579	0.2582054560954816	12	5	10	4	6	ENSG00000101040	1.0	False
9.304260304448121e-05	0.3034825870646766	0.02083333333333335	0.019607843137254923	3	5	8	3	6	ENSG00000101343	1.0	False
0.0047628865953872335	0.3034825870646766	0.21960246694942534	0.28484117097477424	5	7	11	4	7	ENSG00000105329	1.0	False
0.08142608402012236	0.3034825870646766	0.5504227516638864	0.5636842105263158	7	2	3	3	3	ENSG00000111247	1.0	False
0.003077548945131884	0.3034825870646766	0.20982428770319314	0.23378417669705506	12	7	17	7	12	ENSG00000112701	1.0	False
0.016749373791165197	0.3034825870646766	0.308277524439494	0.3813186512924203	11	7	14	5	9	ENSG00000113580	1.0	False
0.004715350063086728	0.3034825870646766	0.2921418315062748	0.19540676020513495	7	7	10	3	5	ENSG00000118197	1.0	False
0.003234289618097617	0.3034825870646766	0.16268346562464214	0.13932674325407426	4	7	9	3	5	ENSG00000130985	1.0	False
0.0009719914273994226	0.3034825870646766	0.1351100010046419	0.17050511966636583	7	7	16	6	13	ENSG00000131508	1.0	False
4.675551800788603e-05	0.3034825870646766	0.05124374196936132	0.026956762749445688	6	7	16	5	11	ENSG00000132541	1.0	False
0.0024151774021346725	0.3034825870646766	0.07334284555210802	0.1288725693105599	23	7	19	11	17	ENSG00000134333	1.0	False
0.001689735279857843	0.3034825870646766	0.12876100406796845	0.17620329670784587	7	7	16	8	14	ENSG00000135185	1.0	False
0.0004495825696375401	0.3034825870646766	0.04229085569122798	0.045007236892222274	3	7	18	7	13	ENSG00000135637	1.0	False
0.00010035099520905697	0.3034825870646766	0.03666085616325284	0.03264934738955823	11	7	17	6	13	ENSG00000135924	1.0	False
0.0010671112797402647	0.3034825870646766	0.16158504663302564	0.11347079589216945	13	5	8	3	7	ENSG00000139112	1.0	False
0.0015602746818241418	0.3034825870646766	0.09800641409729771	0.20521960364518993	10	7	15	7	10	ENSG00000140497	1.0	False
0.000260955599052349	0.3034825870646766	0.10568581745052337	0.07214742282061745	3	7	12	3	7	ENSG00000142444	1.0	False
0.0003125211504024851	0.3034825870646766	0.07530508725106745	0.050793249795056526	10	7	19	11	16	ENSG00000144034	1.0	False
0.00020974666243531238	0.3034825870646766	0.07024770781409316	0.05642026323844504	9	4	8	4	5	ENSG00000145335	1.0	False
0.003194113516310484	0.3034825870646766	0.32756327077306596	0.33256435162700343	6	4	5	3	4	ENSG00000146263	1.0	False
0.0009909168497881623	0.3034825870646766	0.4730894190058941	0.26266023794540905	8	7	9	3	7	ENSG00000157637	1.0	False
0.002002688441269466	0.3034825870646766	0.21983064460435994	0.2651196519216824	10	7	16	6	11	ENSG00000160570	1.0	False
3.3948324825042294e-06	0.3034825870646766	0.0029904070111721357	0.005561735261401574	4	7	14	4	12	ENSG00000162517	1.0	False
0.0004964679710724561	0.3034825870646766	0.10539098990248377	0.047321499431231984	5	7	14	4	9	ENSG00000163444	1.0	False
4.209634663933705e-05	0.3034825870646766	0.04782970655424368	0.0401456038482798	16	7	19	12	17	ENSG00000163468	1.0	False
2.701135894587754e-05	0.3034825870646766	0.04527217007499478	0.024467600242451995	5	7	12	4	9	ENSG00000166398	1.0	False
0.0010526950373780065	0.3034825870646766	0.1432721389831579	0.08524969153896311	5	7	19	8	13	ENSG00000168887	1.0	False
0.007062104053870154	0.3034825870646766	0.27389445524273276	0.3423229054297015	11	7	14	4	9	ENSG00000173064	1.0	False
0.002783950661374388	0.3034825870646766	0.18162326382050958	0.1350896186695537	2	4	3	3	3	ENSG00000173451	1.0	False
1.813068292100712e-05	0.3034825870646766	0.0171307657515331	0.013465374067468299	6	7	19	10	16	ENSG00000174547	1.0	False
4.952651964620284e-05	0.3034825870646766	0.007193240070515753	0.014182161991805838	3	7	16	3	12	ENSG00000198356	1.0	False
0.0027160972101431934	0.3034825870646766	0.203299727562809	0.09129695519380335	5	6	12	3	9	ENSG00000213015	1.0	False
0.0007954704944473155	0.3034825870646766	0.09403233608892789	0.10411392586340885	7	7	17	6	12	ENSG00000219665	1.0	False
0.009666772369674689	0.3034825870646766	0.4282690059440022	0.5243813189493941	9	7	10	3	7	ENSG00000238083	1.0	False
0.00035200706247819096	0.3034825870646766	0.2819533638043328	0.20559016470810326	4	6	11	3	7	ENSG00000247982	1.0	False
0.006137143215007192	0.3034825870646766	0.36302408585228213	0.30282528685862736	8	5	7	3	5	ENSG00000291153	1.0	False
0.0026018520360840437	0.30845771144278605	0.2673871583719019	0.16872567909630135	5	7	15	6	8	ENSG00000068784	1.0	False
0.0033436023827257584	0.30845771144278605	0.12468085874158946	0.19457735247208938	7	5	5	3	4	ENSG00000078043	1.0	False
0.03327363936996415	0.30845771144278605	0.40556692360705493	0.443169559674414	11	5	7	3	5	ENSG00000089351	1.0	False
5.138890680632447e-05	0.30845771144278605	0.036752136752136684	0.02400000000000001	5	5	8	3	5	ENSG00000091483	1.0	False
0.0017352868995424383	0.30845771144278605	0.11612781039003227	0.11967993948634306	15	7	12	4	10	ENSG00000102393	1.0	False
3.560196385232991e-05	0.30845771144278605	0.015384615384615358	0.013683010262257704	3	5	7	4	6	ENSG00000103319	1.0	False
0.003067640434564097	0.30845771144278605	0.15079530016360443	0.18070512447367912	5	7	14	4	9	ENSG00000104979	1.0	False
0.002744355254755726	0.30845771144278605	0.34378918355309546	0.37306384694698846	11	7	16	7	11	ENSG00000105639	1.0	False
0.00302577224834959	0.30845771144278605	0.21135030361850352	0.15963358513501777	11	7	11	3	7	ENSG00000108591	1.0	False
0.0016705295187187997	0.30845771144278605	0.21878153019249436	0.15148755312689738	8	5	9	4	7	ENSG00000110906	1.0	False
2.087234049527017e-05	0.30845771144278605	0.047977035632117304	0.012326167515706712	4	7	18	9	14	ENSG00000112110	1.0	False
0.0014865824894870119	0.30845771144278605	0.1684263391489711	0.19814143275966842	6	7	18	8	15	ENSG00000112697	1.0	False
0.001358859178398944	0.30845771144278605	0.12806353275534008	0.06950702358865628	4	6	8	3	4	ENSG00000121486	1.0	False
0.00018768754541981526	0.30845771144278605	0.09530316606929516	0.04829125007060951	4	3	5	3	4	ENSG00000121621	1.0	False
0.0007015117016672348	0.30845771144278605	0.11052268747521224	0.07668001849111467	7	7	13	4	9	ENSG00000125753	1.0	False
0.00015908391964610238	0.30845771144278605	0.053770971147947544	0.04766097415110644	5	7	17	6	10	ENSG00000134001	1.0	False
0.001467424030752128	0.30845771144278605	0.12626799358162172	0.23485305838304696	19	7	18	9	13	ENSG00000135968	1.0	False
0.005034060095624118	0.30845771144278605	0.24992328506988604	0.18790986566517406	13	6	10	3	6	ENSG00000137817	1.0	False
9.493496706561629e-05	0.30845771144278605	0.02885282713361135	0.03959627329192548	3	4	6	3	4	ENSG00000142173	1.0	False
0.0028217354523791998	0.30845771144278605	0.11673011012569416	0.22741357906336734	7	4	5	3	4	ENSG00000143156	1.0	False
0.004495544287577415	0.30845771144278605	0.13729434732705764	0.13260541570713888	6	4	4	3	4	ENSG00000145332	1.0	False
0.0021173353337042757	0.30845771144278605	0.38917666229390524	0.6514551285349248	10	5	7	3	5	ENSG00000160613	1.0	False
0.003154219417694148	0.30845771144278605	0.18213455457499847	0.17672008251364746	4	6	10	3	7	ENSG00000163125	1.0	False
0.021660532020422965	0.30845771144278605	0.3338740618681882	0.339441156983253	5	6	9	3	6	ENSG00000164051	1.0	False
0.008891642261427465	0.30845771144278605	0.14494433477424254	0.22409752137535513	5	7	9	3	6	ENSG00000171840	1.0	False
0.00017584525343014457	0.30845771144278605	0.12268907563025214	0.09035602365039604	3	7	13	3	8	ENSG00000173334	1.0	False
0.0007022006628131399	0.30845771144278605	0.08705344011296884	0.10523515598245303	13	7	18	10	15	ENSG00000185619	1.0	False
0.00013524609595729072	0.30845771144278605	0.052232909701936434	0.037357697627407156	4	7	17	5	11	ENSG00000185721	1.0	False
0.002642825481196892	0.30845771144278605	0.16718668577431128	0.14215378627551145	12	6	11	4	7	ENSG00000187239	1.0	False
0.008636482833499826	0.30845771144278605	0.36945931257280684	0.43526215119500905	13	4	5	3	4	ENSG00000196367	1.0	False
0.002908544443631798	0.30845771144278605	0.1479610672595442	0.16345520910711037	16	7	19	10	16	ENSG00000196504	1.0	False
6.559359086010243e-05	0.30845771144278605	0.010559577087941342	0.019032198926498198	4	7	19	10	17	ENSG00000198856	1.0	False
0.00755433647396651	0.30845771144278605	0.45785805592257206	0.4425420168067227	15	4	6	3	5	ENSG00000204351	1.0	False
0.0016875436146501206	0.30845771144278605	0.2078768055987743	0.20238680323924216	13	7	14	4	11	ENSG00000213658	1.0	False
0.02176210163680486	0.30845771144278605	0.41464263565452264	0.4267857142857143	8	4	5	3	3	ENSG00000215067	1.0	False
0.00012023945041829724	0.30845771144278605	0.02527132959173759	0.043193836762971366	6	7	18	10	15	ENSG00000235453	1.0	False
0.0023054996409953947	0.30845771144278605	0.15374934429060033	0.13075820190604703	5	7	17	6	12	ENSG00000291317	1.0	False
0.006593004155040806	0.31343283582089554	0.26668434543851127	0.22701196302338228	6	7	11	4	8	ENSG00000015676	1.0	False
0.006356219454394947	0.31343283582089554	0.3911743675798035	0.22285502042837688	13	5	8	3	5	ENSG00000074603	1.0	False
1.18152449850728e-05	0.31343283582089554	0.018518518518518504	0.013592233009708712	2	7	13	3	9	ENSG00000100418	1.0	False
0.00026945514563561537	0.31343283582089554	0.07207047260249169	0.07280078241261133	3	7	18	8	14	ENSG00000115241	1.0	False
0.005884145285044884	0.31343283582089554	0.20017162601214292	0.264201083715745	9	6	8	3	5	ENSG00000115652	1.0	False
0.005566221291448151	0.31343283582089554	0.20577825385609833	0.25808751629726207	18	7	16	6	10	ENSG00000122085	1.0	False
0.0014377763638971325	0.31343283582089554	0.07704078885393803	0.10507856341189672	9	6	6	3	6	ENSG00000127586	1.0	False
0.00028751173060827934	0.31343283582089554	0.03184078081382321	0.031862745098039214	4	5	5	3	4	ENSG00000130818	1.0	False
0.011169264613958412	0.31343283582089554	0.1846425334554422	0.2685209414876405	10	7	17	5	11	ENSG00000130935	1.0	False
0.0051056675046601595	0.31343283582089554	0.15836093277113308	0.19455554789324878	4	6	13	4	9	ENSG00000132275	1.0	False
0.0007042160719197534	0.31343283582089554	0.201003634409788	0.1500472852692479	11	5	7	3	5	ENSG00000134539	1.0	False
0.0005057167822803929	0.31343283582089554	0.05964769648795785	0.07829313678763072	5	7	19	12	17	ENSG00000136732	1.0	False
0.0019767928889559334	0.31343283582089554	0.18363846780875828	0.30767521430553746	32	7	16	7	10	ENSG00000138688	1.0	False
0.007464052903650674	0.31343283582089554	0.34988313859722886	0.4379663688912243	8	5	6	3	3	ENSG00000148180	1.0	False
0.0011944445417945383	0.31343283582089554	0.14324810753126385	0.09231626368305709	10	7	18	10	15	ENSG00000149761	1.0	False
0.0026575612676811283	0.31343283582089554	0.1979166307874457	0.10845080585383768	11	6	9	4	7	ENSG00000152359	1.0	False
0.0004784278797082351	0.31343283582089554	0.08739038359888118	0.06637022397891965	4	6	7	3	6	ENSG00000156469	1.0	False
1.7444502340688335e-05	0.31343283582089554	0.012747920380349166	0.01846755078920508	13	7	19	13	19	ENSG00000156482	1.0	False
0.0007184722619227318	0.31343283582089554	0.15739766993733895	0.18113501149885014	10	7	18	7	14	ENSG00000165669	1.0	False
1.1165568854762863e-05	0.31343283582089554	0.0118678521299489	0.0069284064665127085	2	7	13	5	9	ENSG00000166326	1.0	False
4.999487374381814e-07	0.31343283582089554	0.0007102272727272828	0.0015151515151514924	2	6	9	3	7	ENSG00000177700	1.0	False
0.006379023251190798	0.31343283582089554	0.2835651740023861	0.20267156867729086	15	6	10	3	6	ENSG00000183401	1.0	False
0.0003393244004104353	0.31343283582089554	0.1148790304154699	0.09483336249951198	7	7	19	10	15	ENSG00000183648	1.0	False
0.0022263713798276984	0.31343283582089554	0.21799021948979203	0.23352229657773454	10	6	11	4	7	ENSG00000186088	1.0	False
0.0049671760347513305	0.31343283582089554	0.23108301045078533	0.229568657317392	11	7	18	8	14	ENSG00000187118	1.0	False
0.004672678596734935	0.31343283582089554	0.19841269841269848	0.2466515820590489	4	7	12	3	9	ENSG00000189283	1.0	False
0.0005223930475730999	0.31343283582089554	0.07986428243529298	0.09555434315378764	4	7	12	4	9	ENSG00000231770	1.0	False
0.0003036654440578321	0.31343283582089554	0.03889536660255036	0.037859028469357084	5	7	12	3	8	ENSG00000247077	1.0	False
3.2846162180785844e-06	0.31343283582089554	0.007936507936507922	0.010706638115631675	2	3	4	3	4	ENSG00000255031	1.0	False
0.004764282126017025	0.31343283582089554	0.32780163851826494	0.26031101039306087	11	7	9	3	7	ENSG00000257815	1.0	False
0.003459476022443068	0.31343283582089554	0.4050986571814477	0.3379851143009038	5	6	11	3	7	ENSG00000290823	1.0	False
0.002250809636620549	0.31840796019900497	0.30801480432187034	0.15864389233954446	13	6	8	3	6	ENSG00000090905	1.0	False
0.0035682743174118986	0.31840796019900497	0.18582148610251703	0.147990412979351	11	4	6	3	5	ENSG00000093183	1.0	False
0.00041892627013982595	0.31840796019900497	0.06799674926723938	0.04736047490617463	9	7	17	6	12	ENSG00000100814	1.0	False
0.004594406300429117	0.31840796019900497	0.28301744834130727	0.20366589327146173	4	5	6	3	5	ENSG00000102763	1.0	False
0.0028171890519742963	0.31840796019900497	0.26571934610622755	0.09613330336154716	14	7	18	8	14	ENSG00000105393	1.0	False
0.00010589775248136841	0.31840796019900497	0.050680892041141366	0.031244993544617513	5	7	18	8	15	ENSG00000106554	1.0	False
0.022798907279672823	0.31840796019900497	0.34892777517297136	0.48231713790296893	9	6	10	3	7	ENSG00000115310	1.0	False
0.001255867572571854	0.31840796019900497	0.17812343732488964	0.2769877181641887	17	7	18	7	15	ENSG00000115464	1.0	False
0.002005245357584755	0.31840796019900497	0.17150100167371718	0.12935064935064935	9	4	6	3	5	ENSG00000116793	1.0	False
0.002612070221231976	0.31840796019900497	0.12430580641313474	0.18971345847822596	4	7	17	9	14	ENSG00000117614	1.0	False
0.013797475369469446	0.31840796019900497	0.2962539502980679	0.1623445076955513	5	4	5	3	3	ENSG00000128000	1.0	False
0.0009177328161137446	0.31840796019900497	0.0931447963467923	0.11726104520445281	6	7	11	4	6	ENSG00000131584	1.0	False
0.0014045093882180627	0.31840796019900497	0.08155577127647803	0.07376671277086218	2	5	6	3	4	ENSG00000135974	1.0	False
0.0017135750554311937	0.31840796019900497	0.14188312184460278	0.16363406937431305	6	5	6	3	5	ENSG00000139187	1.0	False
0.0016498851061055608	0.31840796019900497	0.13885456711217806	0.23070175438596488	7	7	13	3	8	ENSG00000152558	1.0	False
0.00537451844756605	0.31840796019900497	0.33391509589047397	0.21724412584627634	13	2	5	5	5	ENSG00000161204	1.0	False
3.845973187668014e-08	0.31840796019900497	0.0025663036406347764	0.0037750453430471457	6	7	19	10	18	ENSG00000167815	1.0	False
0.006118153891563808	0.31840796019900497	0.08753934455610826	0.20588199627930331	6	7	19	9	16	ENSG00000171202	1.0	False
0.0012635824890827956	0.31840796019900497	0.20523630517882324	0.12664189781695667	14	7	14	7	12	ENSG00000181038	1.0	False
0.00011900559005246242	0.31840796019900497	0.04037487068361089	0.035857890535530804	14	7	19	11	16	ENSG00000186184	1.0	False
0.010279795221705334	0.31840796019900497	0.30662408043877026	0.32746302089367785	8	6	6	3	5	ENSG00000189180	1.0	False
0.0030806689457502064	0.31840796019900497	0.18734525434498875	0.17143815723585376	12	7	17	6	13	ENSG00000197157	1.0	False
0.0022903771888290736	0.31840796019900497	0.13271709112074329	0.12762008442975906	3	7	18	10	16	ENSG00000197982	1.0	False
0.005116510017967906	0.31840796019900497	0.2524069482573726	0.2517103090351498	8	4	5	3	4	ENSG00000219626	1.0	False
0.0003575322404950822	0.31840796019900497	0.09027587413649536	0.07040853508026128	8	7	19	11	17	ENSG00000258315	1.0	False
0.0023318063389312495	0.31840796019900497	0.17770712915536893	0.17776132341255513	7	7	13	4	8	ENSG00000291085	1.0	False
1.9056889348377062e-05	0.32338308457711445	0.016569200779727053	0.009735744089012543	3	7	18	7	14	ENSG00000005022	1.0	False
7.737365651559838e-06	0.32338308457711445	0.01938629238258475	0.029728525618794063	9	7	17	7	12	ENSG00000010610	1.0	False
0.001054789925938346	0.32338308457711445	0.20998960626820629	0.13452174768952396	9	7	15	5	9	ENSG00000047365	1.0	False
0.00794859769993758	0.32338308457711445	0.3198314365291977	0.35719480347757104	15	7	9	3	5	ENSG00000068796	1.0	False
7.692090993321637e-05	0.32338308457711445	0.018325742788982836	0.01639344262295083	2	4	4	3	3	ENSG00000075240	1.0	False
0.0011991683387674484	0.32338308457711445	0.09679429802805685	0.08300342457435701	5	4	6	3	5	ENSG00000076984	1.0	False
0.007514535608303431	0.32338308457711445	0.29588054084931675	0.21192960163407815	16	7	10	4	7	ENSG00000082212	1.0	False
8.211987611244819e-05	0.32338308457711445	0.0529953917050691	0.028745633718711763	10	7	18	4	13	ENSG00000085117	1.0	False
0.0005117701668735702	0.32338308457711445	0.14526370747998968	0.10006466607708793	7	7	17	7	15	ENSG00000101084	1.0	False
0.01110919267969588	0.32338308457711445	0.23057594239776924	0.2547094539716842	5	6	7	3	6	ENSG00000107758	1.0	False
0.0032361534720372082	0.32338308457711445	0.2037895936017213	0.2775960972646685	5	7	18	6	13	ENSG00000114648	1.0	False
0.0006237414676196111	0.32338308457711445	0.042257683215130015	0.05747126436781614	6	5	7	3	6	ENSG00000115998	1.0	False
0.0010266438113482308	0.32338308457711445	0.12368262162854769	0.11872055239642569	11	7	19	9	14	ENSG00000116747	1.0	False
0.0020556289614065662	0.32338308457711445	0.1470853750022763	0.19804623901009444	3	7	11	3	7	ENSG00000134815	1.0	False
0.007221304530104585	0.32338308457711445	0.4074463217740737	0.5217866593107957	22	6	10	4	7	ENSG00000137073	1.0	False
0.0004435059031989867	0.32338308457711445	0.11514990721155978	0.1408785188306918	3	7	15	5	11	ENSG00000149089	1.0	False
0.003896319064733314	0.32338308457711445	0.19634050495733618	0.20978691438579022	4	7	19	9	13	ENSG00000154122	1.0	False
0.00025503138169647284	0.32338308457711445	0.08868233052014608	0.05502453661738511	7	7	17	5	13	ENSG00000156504	1.0	False
0.0039263392404569565	0.32338308457711445	0.27248790445273363	0.23250473484848486	9	6	8	3	5	ENSG00000160055	1.0	False
0.012579148963584417	0.32338308457711445	0.2307533539731683	0.17887014945838478	9	2	3	3	3	ENSG00000163138	1.0	False
7.667179066436833e-05	0.32338308457711445	0.033870005963029234	0.037209302325581395	2	7	10	3	6	ENSG00000171488	1.0	False
4.7288931502616874e-05	0.32338308457711445	0.009972100762845125	0.02773812068694869	5	7	19	13	19	ENSG00000171858	1.0	False
3.394930654723735e-05	0.32338308457711445	0.033339806269168284	0.020278261817272138	9	7	18	9	13	ENSG00000182179	1.0	False
4.903838879019947e-05	0.32338308457711445	0.014499314140704569	0.013797457606364628	2	7	19	10	16	ENSG00000183336	1.0	False
0.0005737799016655734	0.32338308457711445	0.10229835988713482	0.06951417756732388	17	7	19	12	16	ENSG00000184007	1.0	False
0.018593832708596655	0.32338308457711445	0.4568141585214215	0.4653325834048725	34	6	11	3	8	ENSG00000184634	1.0	False
0.005205424166712282	0.32338308457711445	0.24968516973375438	0.2976394441271655	7	6	12	3	7	ENSG00000196912	1.0	False
0.0019905234451367917	0.32338308457711445	0.12112570811200948	0.11242820481486013	3	5	6	3	4	ENSG00000205593	1.0	False
0.008526492888494814	0.3283582089552239	0.3689852912104241	0.31338273368449243	16	6	11	3	7	ENSG00000006125	1.0	False
0.004416192514016646	0.3283582089552239	0.1943288513311048	0.1991883745205897	7	5	9	3	6	ENSG00000007376	1.0	False
0.0007102644357882021	0.3283582089552239	0.20986881427523404	0.15548076845753614	25	7	13	4	8	ENSG00000054654	1.0	False
0.02803752241036981	0.3283582089552239	0.23718070708421063	0.4008612778754409	10	7	18	5	12	ENSG00000068028	1.0	False
0.0021028018094189412	0.3283582089552239	0.3494728586560373	0.15683330389212738	4	7	12	4	9	ENSG00000083123	1.0	False
0.0023146940814052393	0.3283582089552239	0.15196663855138912	0.16749903117600853	5	7	18	6	14	ENSG00000086102	1.0	False
0.0005396274672660992	0.3283582089552239	0.09897970901695995	0.07522058520627238	14	7	19	11	17	ENSG00000095059	1.0	False
2.259144907832725e-06	0.3283582089552239	0.009825980094671706	0.0019966722129783794	2	7	12	3	8	ENSG00000100077	1.0	False
0.00016332524735901264	0.3283582089552239	0.10136455497667496	0.1028815580286169	10	3	4	3	3	ENSG00000104093	1.0	False
0.0006883589784584833	0.3283582089552239	0.03501684907989644	0.05243060774631075	3	7	19	13	18	ENSG00000107223	1.0	False
3.983760890407975e-06	0.3283582089552239	0.01393678160919536	0.011607142857142837	3	7	13	5	9	ENSG00000108175	1.0	False
0.0062158901983514646	0.3283582089552239	0.3039227300767172	0.2869640147612536	28	4	9	4	6	ENSG00000111596	1.0	False
0.0033659592027754496	0.3283582089552239	0.15703822498899225	0.15990990990990994	7	6	7	3	5	ENSG00000112659	1.0	False
0.002154819646488887	0.3283582089552239	0.34938999487121913	0.3303518187239118	24	4	8	4	6	ENSG00000115295	1.0	False
0.006522237502533796	0.3283582089552239	0.4695156695156696	0.5268292682926831	43	6	7	3	5	ENSG00000121940	1.0	False
0.00586668871141196	0.3283582089552239	0.22196011920516073	0.16446735747313407	3	7	7	3	6	ENSG00000129824	1.0	False
0.0029384810173999085	0.3283582089552239	0.4075155118633379	0.5047911637773389	16	5	7	3	4	ENSG00000132199	1.0	False
0.0017955464982125652	0.3283582089552239	0.0795412168667077	0.11041923780747298	8	7	19	8	14	ENSG00000132356	1.0	False
0.017660717422489196	0.3283582089552239	0.1927814337430699	0.2811421594284364	4	7	18	6	12	ENSG00000133028	1.0	False
0.0005501998652344341	0.3283582089552239	0.0725847315331889	0.0637263217415889	2	3	4	4	4	ENSG00000151882	1.0	False
1.2936960755939089e-06	0.3283582089552239	0.0012165450121654773	0.002631578947368425	2	5	6	3	4	ENSG00000157933	1.0	False
0.002965017199891816	0.3283582089552239	0.17013516840816154	0.23396596467310063	13	4	7	3	6	ENSG00000158941	1.0	False
0.0019565282701552206	0.3283582089552239	0.09427683560088229	0.13866817177350693	17	7	16	3	10	ENSG00000167766	1.0	False
1.159868246065316e-05	0.3283582089552239	0.01834952754829483	0.011480362537764325	4	7	18	9	14	ENSG00000170584	1.0	False
0.0011170252946167323	0.3283582089552239	0.06656136777617577	0.0943940187960731	11	7	18	10	15	ENSG00000174851	1.0	False
0.001716019811278206	0.3283582089552239	0.079778010149231	0.13169134210971786	11	7	15	4	11	ENSG00000177697	1.0	False
0.00015035957072741729	0.3283582089552239	0.10952589528227169	0.0519492063401821	12	7	19	13	18	ENSG00000185885	1.0	False
0.0008196479394942132	0.3283582089552239	0.041148217166461484	0.055061762158712814	2	7	17	6	13	ENSG00000213337	1.0	False
0.0021845368819844095	0.3283582089552239	0.11664614588131472	0.30281984906829884	5	7	17	7	11	ENSG00000213809	1.0	False
0.0001787778130827951	0.3283582089552239	0.04348664562146046	0.04505119453924914	4	7	19	8	14	ENSG00000214756	1.0	False
0.0002559443491574784	0.3333333333333333	0.05574401608742617	0.05583293487084259	8	7	15	3	11	ENSG00000034152	1.0	False
0.0003011208120471638	0.3333333333333333	0.05363741949107808	0.04081632653061227	3	5	6	3	5	ENSG00000062725	1.0	False
0.003022124622564028	0.3333333333333333	0.4353577769624737	0.4537629937629938	13	6	8	3	6	ENSG00000066422	1.0	False
0.004711491376257392	0.3333333333333333	0.22369185340277137	0.2140263555138509	6	5	7	3	5	ENSG00000084693	1.0	False
0.0033873158812835345	0.3333333333333333	0.16024400701219144	0.14171865622688384	6	7	12	4	7	ENSG00000100784	1.0	False
0.00021976455535251658	0.3333333333333333	0.046964719807547295	0.054359733761129896	8	7	19	12	16	ENSG00000100836	1.0	False
0.0015403454766393402	0.3333333333333333	0.08403006292405965	0.10092767458752719	2	7	15	5	12	ENSG00000102390	1.0	False
0.00226120030739481	0.3333333333333333	0.11670843450401362	0.09218674038311335	5	7	13	5	10	ENSG00000108306	1.0	False
0.0044955621828089804	0.3333333333333333	0.4073814178543564	0.4316177311668062	12	7	13	3	9	ENSG00000113240	1.0	False
0.002514411399553586	0.3333333333333333	0.23521364921527327	0.1481601802536051	9	7	17	7	13	ENSG00000115561	1.0	False
1.0999161403177332e-06	0.3333333333333333	0.003948373217926647	0.002322109802620688	3	7	18	10	15	ENSG00000117862	1.0	False
0.0028332896223995435	0.3333333333333333	0.27300532621194157	0.24860070610522692	6	3	5	3	5	ENSG00000138641	1.0	False
0.0021515922322791177	0.3333333333333333	0.14108707550986405	0.11971084337349394	8	3	4	3	4	ENSG00000139618	1.0	False
0.0010414814240396009	0.3333333333333333	0.1328882423480917	0.2672094163105226	14	7	17	8	13	ENSG00000146247	1.0	False
0.0002757147636725586	0.3333333333333333	0.05583572676483518	0.03426682047281562	4	7	18	8	14	ENSG00000149136	1.0	False
1.046245440772261e-05	0.3333333333333333	0.008611833995343128	0.008968609865470864	2	7	13	4	11	ENSG00000160284	1.0	False
2.3000738079001504e-09	0.3333333333333333	0.0004416961130742065	0.0008097165991902761	2	7	16	7	12	ENSG00000161021	1.0	False
0.01266496525159717	0.3333333333333333	0.2585776463618089	0.2538490936885783	7	4	5	3	4	ENSG00000165275	1.0	False
0.00666238232859021	0.3333333333333333	0.12476534947123183	0.21171710632788476	2	4	4	3	3	ENSG00000165879	1.0	False
2.743995974397321e-05	0.3333333333333333	0.021453997585451398	0.014732905745799984	7	7	17	7	12	ENSG00000169203	1.0	False
0.0015462783432400639	0.3333333333333333	0.1596801350114183	0.16199673144009505	5	7	13	5	10	ENSG00000196418	1.0	False
0.002347341149729615	0.3333333333333333	0.0983815093506076	0.12471053735207774	4	7	13	5	10	ENSG00000204569	1.0	False
0.011257283746337417	0.3333333333333333	0.3622392820585674	0.3760671486646634	5	7	15	4	11	ENSG00000267855	1.0	False
0.004907590209510709	0.3383084577114428	0.37466794219592725	0.26791754756871033	13	6	9	3	6	ENSG00000023318	1.0	False
0.008069823725343313	0.3383084577114428	0.3031806905797936	0.2408475316732197	21	7	14	4	9	ENSG00000070061	1.0	False
0.005214480887605551	0.3383084577114428	0.1967335743498409	0.23896293201827717	14	7	19	10	13	ENSG00000084072	1.0	False
0.018167714661750982	0.3383084577114428	0.4088711925689854	0.47299252471666264	10	7	10	3	6	ENSG00000099810	1.0	False
0.010300959685831043	0.3383084577114428	0.36648011130303537	0.33268910245044153	10	5	9	3	6	ENSG00000100296	1.0	False
0.005506817022261532	0.3383084577114428	0.3072883364505495	0.3316469009538316	12	7	15	4	8	ENSG00000102225	1.0	False
0.006329306744905351	0.3383084577114428	0.20615876409762143	0.34166023166023174	23	7	16	6	11	ENSG00000104805	1.0	False
0.0019583625510312098	0.3383084577114428	0.11964341437666291	0.1312971404890178	7	7	16	6	13	ENSG00000105443	1.0	False
0.004045015486308916	0.3383084577114428	0.39662006813073253	0.4593681264661634	7	7	13	4	9	ENSG00000109519	1.0	False
0.0034886985327724673	0.3383084577114428	0.25730208762466833	0.2534080298786182	5	6	7	3	5	ENSG00000113838	1.0	False
0.00013661142134521373	0.3383084577114428	0.07071833555019552	0.03615970792904046	4	7	17	8	13	ENSG00000120306	1.0	False
0.003029852007335539	0.3383084577114428	0.12225840809003359	0.13727283455274958	7	4	6	4	5	ENSG00000123130	1.0	False
0.006737332886198226	0.3383084577114428	0.21998458743367	0.24565472492579554	12	6	12	3	10	ENSG00000124596	1.0	False
0.0028488835911181913	0.3383084577114428	0.18016367051716434	0.19585687382297554	6	4	5	3	4	ENSG00000130733	1.0	False
0.005138484374676785	0.3383084577114428	0.15640871026513095	0.15308281857698472	6	4	8	4	6	ENSG00000130940	1.0	False
0.0017932999272467108	0.3383084577114428	0.10331623961751028	0.1727570901923441	14	7	18	10	13	ENSG00000132522	1.0	False
0.0016844893213011206	0.3383084577114428	0.2488204269861533	0.3828678606659004	11	7	14	4	11	ENSG00000138964	1.0	False
0.0010211862427252662	0.3383084577114428	0.20593208995575285	0.6484867085704898	10	7	19	6	12	ENSG00000147454	1.0	False
0.0012511182257180097	0.3383084577114428	0.14590928339200493	0.11469227499094772	18	7	18	7	13	ENSG00000147687	1.0	False
0.00042282123889174193	0.3383084577114428	0.08626231324063775	0.06209077348158289	15	7	17	8	13	ENSG00000164081	1.0	False
0.004861103667423156	0.3383084577114428	0.28436599452388395	0.272775275663923	10	5	7	3	7	ENSG00000164172	1.0	False
0.0052789615086804055	0.3383084577114428	0.2397008827982295	0.267094202688748	6	6	8	3	5	ENSG00000164975	1.0	False
0.005776718205994254	0.3383084577114428	0.22289082105267813	0.17176563830413896	10	7	10	3	6	ENSG00000167220	1.0	False
0.009732025772895348	0.3383084577114428	0.15237856628141389	0.11392405063291136	6	3	4	3	3	ENSG00000169239	1.0	False
0.006104057950930147	0.3383084577114428	0.28644808274616435	0.20269411615198885	8	5	6	3	4	ENSG00000177683	1.0	False
0.0004599690332803909	0.3383084577114428	0.10410971258436433	0.10193189805621139	23	7	19	12	16	ENSG00000185787	1.0	False
5.077414663177652e-06	0.3383084577114428	0.016975477726341434	0.006542470614326895	2	7	19	11	15	ENSG00000185862	1.0	False
0.000492134037617355	0.3383084577114428	0.151631428868557	0.1353239845261122	17	7	19	11	17	ENSG00000196235	1.0	False
0.0002581398781345724	0.3383084577114428	0.15750153403861225	0.15209239405055502	5	7	18	8	13	ENSG00000224877	1.0	False
0.0006619566088138753	0.3383084577114428	0.17664081706089907	0.1901600913419493	2	7	10	3	6	ENSG00000231663	1.0	False
0.0029917260459223216	0.3383084577114428	0.227198646647939	0.26118880274376255	6	2	4	4	4	ENSG00000242612	1.0	False
0.007998626693651775	0.3383084577114428	0.3151564955298121	0.20230753212832306	14	7	13	4	9	ENSG00000253710	1.0	False
0.0015285091303831567	0.3383084577114428	0.23232630519390857	0.469668682867757	9	7	11	4	6	ENSG00000261371	1.0	False
1.5035752905629541e-05	0.34328358208955223	0.03147073848703283	0.01003563716952403	5	7	17	8	12	ENSG00000060762	1.0	False
0.003433738861938327	0.34328358208955223	0.1814837341172498	0.16852815716354244	7	7	15	4	10	ENSG00000067900	1.0	False
0.010256929882831382	0.34328358208955223	0.39938078117625475	0.3389724310776942	7	5	8	3	6	ENSG00000102100	1.0	False
0.0025528063615451574	0.34328358208955223	0.28168550870436304	0.20311467920012932	44	7	19	10	14	ENSG00000111642	1.0	False
0.0011760489008611954	0.34328358208955223	0.049733635931728165	0.06484821599475896	8	7	19	11	16	ENSG00000116350	1.0	False
0.010041707010679437	0.34328358208955223	0.42788389065240395	0.3833231985405898	8	4	5	3	3	ENSG00000124574	1.0	False
0.0007324017920295063	0.34328358208955223	0.20898346002641544	0.17108959966628637	8	7	14	4	9	ENSG00000128272	1.0	False
0.003017082157523441	0.34328358208955223	0.1710218259610236	0.18721183909356426	10	7	18	9	14	ENSG00000135535	1.0	False
0.0009429508105158499	0.34328358208955223	0.13583973248504116	0.2001803175592572	9	7	16	5	10	ENSG00000137309	1.0	False
0.0030461081500587363	0.34328358208955223	0.13664750553563637	0.17273822246639645	9	7	17	6	14	ENSG00000141759	1.0	False
0.0036379002791298433	0.34328358208955223	0.3020521722567216	0.4709101282893599	12	6	9	3	6	ENSG00000145819	1.0	False
0.005976572326747992	0.34328358208955223	0.23780054794879274	0.22209338280766855	8	7	12	4	9	ENSG00000146416	1.0	False
0.000404257214086981	0.34328358208955223	0.10148462174923771	0.14184424403258827	12	7	19	13	19	ENSG00000147403	1.0	False
0.01626255361891597	0.34328358208955223	0.2160090326871683	0.30550055005500554	8	6	10	4	8	ENSG00000151466	1.0	False
0.0015374760718240737	0.34328358208955223	0.1320673166010616	0.12835249042145594	7	6	6	3	4	ENSG00000166575	1.0	False
0.0035133722885921665	0.34328358208955223	0.23017770149210262	0.20451692061861548	12	7	11	5	10	ENSG00000172175	1.0	False
0.011169188151301458	0.34328358208955223	0.3803943711872101	0.340576923076923	8	6	8	3	5	ENSG00000173327	1.0	False
4.97528875367102e-05	0.34328358208955223	0.010000000000000005	0.010416666666666654	3	5	8	3	5	ENSG00000175105	1.0	False
0.0009043784808089077	0.34328358208955223	0.11928119641207896	0.09159018614066326	13	7	13	5	9	ENSG00000183474	1.0	False
0.003569226833295089	0.34328358208955223	0.22014971230657512	0.16245326686843506	10	3	4	3	4	ENSG00000185024	1.0	False
0.0040296916086287335	0.34328358208955223	0.24004395662170552	0.14962271916586636	8	5	8	3	5	ENSG00000196684	1.0	False
0.014662512552503518	0.34328358208955223	0.4044616702618603	0.3615881186447829	7	6	8	3	6	ENSG00000248049	1.0	False
6.923651450565934e-05	0.34328358208955223	0.019766009391788665	0.020513379475720753	4	7	13	3	7	ENSG00000271383	1.0	False
0.001022765695451456	0.34328358208955223	0.10284138874399658	0.08761974944731023	4	5	8	3	7	ENSG00000275835	1.0	False
0.004316461033303224	0.34328358208955223	0.1371205418768666	0.16724941724941728	4	3	4	3	3	ENSG00000284634	1.0	False
1.3835823396860204e-06	0.3482587064676617	0.002905660377358445	0.0030487804878048795	2	7	17	6	11	ENSG00000007520	1.0	False
0.002520342564392179	0.3482587064676617	0.2310394218678814	0.40179088323390977	24	7	17	6	10	ENSG00000073921	1.0	False
0.002328949119490491	0.3482587064676617	0.2572933054702416	0.1847533418961991	9	4	6	3	4	ENSG00000093009	1.0	False
0.0039005088325855955	0.3482587064676617	0.14751727786362112	0.0448609028818924	5	2	4	4	4	ENSG00000095321	1.0	False
0.0035814014979311934	0.3482587064676617	0.19696011797727717	0.1880962599144851	10	7	16	5	13	ENSG00000106052	1.0	False
0.0003974210874908869	0.3482587064676617	0.15440715248832027	0.06590834986985747	8	7	14	7	11	ENSG00000106948	1.0	False
4.017629219735629e-05	0.3482587064676617	0.06655367593403198	0.03796534091633618	3	7	18	8	14	ENSG00000107020	1.0	False
0.0019859276377468607	0.3482587064676617	0.12186544241087101	0.14693813810123602	13	7	17	9	13	ENSG00000108622	1.0	False
1.01837038830918e-05	0.3482587064676617	0.00784549195660309	0.013086989992301751	9	7	17	7	10	ENSG00000110057	1.0	False
0.0013527268782741306	0.3482587064676617	0.049043444492200605	0.08756995812296975	2	2	4	4	4	ENSG00000111412	1.0	False
4.699484080895799e-06	0.3482587064676617	0.032891105602456	0.007359094173243599	11	7	19	13	19	ENSG00000114391	1.0	False
2.6780337379833005e-05	0.3482587064676617	0.009157509157509142	0.009293680297397758	4	6	11	4	7	ENSG00000120896	1.0	False
0.00281498026224293	0.3482587064676617	0.3260213986764281	0.31775362318840583	10	6	8	4	6	ENSG00000122482	1.0	False
0.013332307197988717	0.3482587064676617	0.3733067861801958	0.3768284887000338	32	7	7	3	5	ENSG00000132600	1.0	False
0.00045466726222101163	0.3482587064676617	0.14067678353392635	0.05913978494623653	4	6	6	3	4	ENSG00000134046	1.0	False
0.00028411373062535883	0.3482587064676617	0.05655323559194013	0.043031255984055106	6	7	19	11	15	ENSG00000135018	1.0	False
0.0009412895328181917	0.3482587064676617	0.09866159654115168	0.103740725719875	18	7	15	4	9	ENSG00000141480	1.0	False
1.3793143431092856e-06	0.3482587064676617	0.010700173613794349	0.012249064307587635	2	7	19	10	14	ENSG00000142634	1.0	False
0.004933006481650399	0.3482587064676617	0.22649861246574918	0.19106017392725883	5	7	13	4	8	ENSG00000145439	1.0	False
0.0012030599580524083	0.3482587064676617	0.12175466409337381	0.14227058148449973	6	4	5	3	4	ENSG00000152620	1.0	False
5.126865802377414e-05	0.3482587064676617	0.05018298688404829	0.03125664906026615	4	7	18	8	14	ENSG00000155959	1.0	False
0.0052677727628415725	0.3482587064676617	0.14309770147879036	0.21787365177195686	2	7	12	3	8	ENSG00000160049	1.0	False
1.4523300556704934e-07	0.3482587064676617	0.0005760368663594972	0.0011223344556677865	3	7	16	4	12	ENSG00000162496	1.0	False
0.0009332128213826931	0.3482587064676617	0.09568094195980092	0.0998218259226501	8	7	17	7	12	ENSG00000169139	1.0	False
0.006741528311865354	0.3482587064676617	0.33142388934197115	0.23198471472602258	18	5	6	3	5	ENSG00000172785	1.0	False
4.263114234709166e-05	0.3482587064676617	0.033041172001423466	0.028066748459608406	12	7	19	13	18	ENSG00000178982	1.0	False
3.697395476702366e-05	0.3482587064676617	0.01037876924886645	0.012175324675324674	3	7	12	3	7	ENSG00000189362	1.0	False
2.384401137348482e-05	0.3482587064676617	0.022058823529411783	0.013483146067415736	4	7	12	3	9	ENSG00000204252	1.0	False
0.0011801250074747823	0.3482587064676617	0.12466882005542711	0.09971002632889771	7	7	17	7	13	ENSG00000273899	1.0	False
0.0003550344915264719	0.35323383084577115	0.30303799610730303	0.4236760124610591	3	7	13	4	8	ENSG00000006459	1.0	False
4.632559824256377e-06	0.35323383084577115	0.011771891964607132	0.005183650631946978	13	7	19	13	19	ENSG00000008988	1.0	False
0.00033988967080444846	0.35323383084577115	0.09475185365557724	0.19992180258596137	8	7	18	12	17	ENSG00000065548	1.0	False
0.00019790426469920816	0.35323383084577115	0.08624785372027395	0.048305012093934695	6	7	19	10	16	ENSG00000100941	1.0	False
0.0019941275625342905	0.35323383084577115	0.29072366229026214	0.30755163463784146	35	7	12	3	7	ENSG00000104133	1.0	False
0.006074869575154833	0.35323383084577115	0.34729064039408863	0.4448353054045411	5	5	6	3	6	ENSG00000127526	1.0	False
0.0012350737851576047	0.35323383084577115	0.14709234874944363	0.1004825274467713	4	7	18	9	14	ENSG00000130706	1.0	False
0.0019869383962808603	0.35323383084577115	0.14927908105710383	0.14017420186922486	8	7	15	4	10	ENSG00000130810	1.0	False
0.002513173836239705	0.35323383084577115	0.20153639034073823	0.1680623066725585	14	7	17	7	10	ENSG00000132376	1.0	False
0.01628883820239144	0.35323383084577115	0.4820204908711583	0.4652142513240251	21	6	7	3	5	ENSG00000133943	1.0	False
0.0029866601119924348	0.35323383084577115	0.1769900067091883	0.19506889050036258	8	7	13	4	10	ENSG00000139146	1.0	False
0.0032395994209145264	0.35323383084577115	0.24006966082470857	0.14855131772794242	6	7	19	7	14	ENSG00000141741	1.0	False
0.0032065630693986855	0.35323383084577115	0.33193364884629345	0.37489361702127655	3	3	5	3	4	ENSG00000146587	1.0	False
0.009232163121884381	0.35323383084577115	0.10295814136052224	0.21663656163684042	7	7	18	6	12	ENSG00000147872	1.0	False
8.459888388274382e-05	0.35323383084577115	0.07378663985014658	0.032048044072392555	18	7	18	9	15	ENSG00000162434	1.0	False
0.006643084182665269	0.35323383084577115	0.2290502760902267	0.2908148457519857	10	7	10	4	8	ENSG00000163946	1.0	False
0.00626547210704754	0.35323383084577115	0.16226994296466615	0.2218124601606105	7	7	16	7	12	ENSG00000166233	1.0	False
0.00015708424970578992	0.35323383084577115	0.07331459839443662	0.028717369221213054	12	7	18	11	16	ENSG00000170310	1.0	False
0.005188287527980521	0.35323383084577115	0.42575179629980625	0.4071153352170563	20	7	11	3	9	ENSG00000171456	1.0	False
0.00029006859140593387	0.35323383084577115	0.0480769230769231	0.024630541871921166	2	3	4	3	4	ENSG00000171943	1.0	False
0.014624521378968898	0.35323383084577115	0.4183069898332918	0.35297954078441884	9	7	12	3	8	ENSG00000173588	1.0	False
1.692354315561048e-05	0.35323383084577115	0.02151339941952228	0.02613536052175179	6	7	15	5	11	ENSG00000174106	1.0	False
0.0051397124142761545	0.35323383084577115	0.33799707233879633	0.3286387631975868	55	7	12	5	9	ENSG00000197102	1.0	False
0.0031294766917839357	0.35323383084577115	0.20735223859725632	0.2123279861449249	7	7	17	6	13	ENSG00000213246	1.0	False
0.002530177945635033	0.35323383084577115	0.27793478998135823	0.29150561714692635	56	7	19	7	12	ENSG00000213928	1.0	False
0.005430327041232094	0.35323383084577115	0.2292601060471617	0.23686274509803928	12	2	4	4	4	ENSG00000225830	1.0	False
1.1797300481055454e-06	0.35323383084577115	0.015128245548666104	0.002513136851724933	2	7	19	8	14	ENSG00000244509	1.0	False
1.069156500213011e-05	0.35323383084577115	0.007403691813804177	0.008333333333333318	2	4	7	3	4	ENSG00000289315	1.0	False
0.0016941488161544204	0.3582089552238806	0.19027738816421477	0.35089822573396817	61	7	19	8	14	ENSG00000055609	1.0	False
0.005047952796635401	0.3582089552238806	0.14666518989189653	0.30830818674012517	19	7	19	10	14	ENSG00000062716	1.0	False
0.006361143100861559	0.3582089552238806	0.22580892310579173	0.12736362736362739	5	4	6	3	4	ENSG00000078269	1.0	False
9.376432492554448e-05	0.3582089552238806	0.034694630756290826	0.026336084377844387	11	7	19	12	17	ENSG00000088986	1.0	False
0.005515030417420899	0.3582089552238806	0.24912541771094407	0.1959379503462174	7	6	9	3	5	ENSG00000090674	1.0	False
0.004595902878341968	0.3582089552238806	0.3441306704228692	0.30779203893079443	6	7	12	4	9	ENSG00000100100	1.0	False
0.0003364376593874883	0.3582089552238806	0.1973776449129151	0.29564485279790226	11	7	19	6	12	ENSG00000103202	1.0	False
1.9529065151447533e-05	0.3582089552238806	0.044988462846529555	0.016281938597477376	11	7	19	13	19	ENSG00000105373	1.0	False
0.010563965406799684	0.3582089552238806	0.37644146167382453	0.27977453580901857	8	7	9	3	5	ENSG00000105808	1.0	False
8.031047363531603e-05	0.3582089552238806	0.02360761092469269	0.01823804595066502	4	7	19	12	17	ENSG00000106400	1.0	False
0.003617583777092258	0.3582089552238806	0.2621394565568246	0.22767857142857145	12	5	6	3	4	ENSG00000111271	1.0	False
0.01065596292289617	0.3582089552238806	0.39874633532438164	0.69034678732033	26	7	11	4	7	ENSG00000114062	1.0	False
0.0002706704144688738	0.3582089552238806	0.08057613091047267	0.05227077410522115	9	7	17	7	13	ENSG00000115020	1.0	False
0.00354621498022706	0.3582089552238806	0.22162724384457252	0.19977596704906656	19	7	13	4	8	ENSG00000115694	1.0	False
3.208163997951772e-07	0.3582089552238806	0.000946969696969766	0.001259445843828735	2	7	17	6	11	ENSG00000116199	1.0	False
0.004345991264005095	0.3582089552238806	0.3097142125766641	0.19956545146900476	5	6	11	3	8	ENSG00000116830	1.0	False
0.0005855915944069363	0.3582089552238806	0.04910492489097951	0.07235621521335808	2	7	12	3	8	ENSG00000131013	1.0	False
0.004625423499862726	0.3582089552238806	0.1697231537135987	0.13547956792575716	15	7	17	6	13	ENSG00000138698	1.0	False
0.004169098275379947	0.3582089552238806	0.4214555238666339	0.3682518835971521	13	7	11	3	6	ENSG00000138834	1.0	False
6.778935758546098e-05	0.3582089552238806	0.034099597835291956	0.0570272258898357	14	7	19	12	18	ENSG00000141522	1.0	False
0.00022241997835204403	0.3582089552238806	0.05240416547557601	0.04565432180732282	6	7	19	9	15	ENSG00000143252	1.0	False
0.0022084869214141346	0.3582089552238806	0.17879242402884496	0.19647462304267113	7	5	5	3	4	ENSG00000146285	1.0	False
0.0021573453708920703	0.3582089552238806	0.21505522511754502	0.17384625338907525	8	7	12	4	8	ENSG00000152256	1.0	False
0.0006252187468036099	0.3582089552238806	0.0856727427152997	0.09851917606245064	5	7	19	10	16	ENSG00000154518	1.0	False
0.008608800881638547	0.3582089552238806	0.29015105500202504	0.2145451430529382	10	7	13	5	8	ENSG00000157379	1.0	False
0.0022780942661644104	0.3582089552238806	0.16714580790906747	0.14191502853519342	3	7	17	6	12	ENSG00000163655	1.0	False
0.0024439710789774306	0.3582089552238806	0.140596417366102	0.18720519848380263	11	7	19	9	13	ENSG00000164466	1.0	False
0.00235752672604981	0.3582089552238806	0.19512310947723038	0.13077563749618373	3	7	16	4	11	ENSG00000171700	1.0	False
0.0048146741194487344	0.3582089552238806	0.15788941887680014	0.189136330463901	7	7	17	7	12	ENSG00000173226	1.0	False
1.2531918086744106e-05	0.3582089552238806	0.017221517842808783	0.01296000531028322	6	7	17	6	11	ENSG00000174839	1.0	False
3.085785035169646e-05	0.3582089552238806	0.06448124178804354	0.017269479758093034	10	7	19	13	16	ENSG00000178980	1.0	False
0.007014753542250554	0.3582089552238806	0.337191066066066	0.42638204707170224	11	4	7	3	5	ENSG00000196247	1.0	False
0.001635919390082912	0.3582089552238806	0.14946377534518562	0.18382816014394965	11	7	14	4	7	ENSG00000197321	1.0	False
0.009686193901290063	0.3582089552238806	0.24846354319071584	0.2667748917748918	6	3	5	3	4	ENSG00000198826	1.0	False
0.005089419310701148	0.3582089552238806	0.14266789729014137	0.23451071368871695	7	7	17	8	12	ENSG00000231389	1.0	False
0.0013419304098190486	0.3582089552238806	0.14114314074641926	0.1281372549019608	5	6	7	3	5	ENSG00000232859	1.0	False
0.01006599662443802	0.3582089552238806	0.5098920645309868	0.3848222484586121	3	7	9	4	6	ENSG00000267169	1.0	False
0.005212711209763826	0.36318407960199006	0.23251246017255867	0.13228328582217586	2	7	11	4	8	ENSG00000050344	1.0	False
0.004264590408010828	0.36318407960199006	0.2467195937112644	0.18128654970760233	7	6	10	4	7	ENSG00000089682	1.0	False
0.0009506685040637226	0.36318407960199006	0.06693894630852196	0.06538006029285101	4	5	5	3	5	ENSG00000100522	1.0	False
1.9125853885265078e-05	0.36318407960199006	0.01906468744820016	0.013380572598642736	4	7	19	7	15	ENSG00000101220	1.0	False
2.219613135801045e-07	0.36318407960199006	0.00015572685509620003	0.001086956521739155	2	7	14	5	9	ENSG00000101997	1.0	False
0.0018141226743850253	0.36318407960199006	0.16149815443576315	0.1793536269250496	11	7	14	5	10	ENSG00000104388	1.0	False
0.009742616268445288	0.36318407960199006	0.43411271210733815	0.5632478632478632	8	5	6	3	5	ENSG00000109689	1.0	False
0.007473982216433515	0.36318407960199006	0.3525713049172063	0.2905379290959559	9	7	12	4	9	ENSG00000111196	1.0	False
0.002294187792254346	0.36318407960199006	0.20321702373091655	0.21824236817761328	9	7	16	5	11	ENSG00000112282	1.0	False
0.0003236814283036087	0.36318407960199006	0.08774301821067235	0.0801975246905863	3	7	12	4	8	ENSG00000112304	1.0	False
0.00408168169351643	0.36318407960199006	0.10577059625972667	0.13118045056878735	3	5	6	3	5	ENSG00000120437	1.0	False
0.001985483302273738	0.36318407960199006	0.24156464443420972	0.22227151730257322	16	3	5	3	5	ENSG00000133794	1.0	False
1.314509960350894e-05	0.36318407960199006	0.007034434903287364	0.011235955056179789	3	7	10	3	7	ENSG00000134056	1.0	False
0.0030087155967207773	0.36318407960199006	0.2244155366545741	0.205884869782351	20	7	18	9	15	ENSG00000139644	1.0	False
5.950378731786729e-09	0.36318407960199006	0.014982080877414514	0.0039402809394854296	3	7	19	10	16	ENSG00000143546	1.0	False
0.0027664196650411437	0.36318407960199006	0.43265106000283093	0.34434136434967233	14	7	13	3	8	ENSG00000150527	1.0	False
0.00016621727126728318	0.36318407960199006	0.06746255021172526	0.03814713896457768	3	6	11	3	6	ENSG00000154839	1.0	False
0.00428327887762013	0.36318407960199006	0.2752615997838927	0.1984165064495095	9	7	15	3	11	ENSG00000157045	1.0	False
0.0049486116249521	0.36318407960199006	0.22391378838859027	0.18800955505763456	14	7	18	7	13	ENSG00000157873	1.0	False
0.0001596606264351974	0.36318407960199006	0.08933581593852788	0.058730176691616745	10	7	18	11	16	ENSG00000161011	1.0	False
0.011039190853559427	0.36318407960199006	0.2798474544078062	0.2957651044607566	6	5	6	3	4	ENSG00000163214	1.0	False
0.007221981281812682	0.36318407960199006	0.2680909849121095	0.2016183961146648	11	6	6	3	5	ENSG00000169660	1.0	False
0.0033738554894878784	0.36318407960199006	0.29134908987550656	0.28177042738373603	23	7	18	8	12	ENSG00000179335	1.0	False
0.007602954143288887	0.36318407960199006	0.17290469772935782	0.2291897960979166	5	7	12	4	8	ENSG00000188428	1.0	False
5.647112919914238e-06	0.36318407960199006	0.010522529926680393	0.007762402969962882	3	5	8	5	7	ENSG00000189319	1.0	False
0.00021617150610739043	0.36318407960199006	0.029430508210592905	0.032523713481110245	8	7	19	13	18	ENSG00000198258	1.0	False
0.0002321429449613563	0.36318407960199006	0.06587729716496402	0.04595869708261642	5	7	19	12	18	ENSG00000220205	1.0	False
4.047883584244394e-05	0.36318407960199006	0.013105205678922528	0.014545454545454537	2	3	4	3	4	ENSG00000254452	1.0	False
0.0007814624426817066	0.3681592039800995	0.14416639651991064	0.1373517496350428	10	7	11	4	9	ENSG00000033030	1.0	False
0.004577634439362267	0.3681592039800995	0.2527053777617291	0.2627322178950239	23	7	18	7	13	ENSG00000058272	1.0	False
0.059016649822339486	0.3681592039800995	0.23689170903179468	0.6055038178163752	19	7	16	5	11	ENSG00000070814	1.0	False
0.0021871892973610277	0.3681592039800995	0.05884038800705463	0.1447335657370518	6	6	10	3	7	ENSG00000104626	1.0	False
7.267525239532566e-08	0.3681592039800995	0.0015793815603935399	0.0006825562685146501	7	7	19	13	19	ENSG00000105640	1.0	False
0.0009773497616122442	0.3681592039800995	0.2143062734956967	0.09722321877018009	10	7	14	5	9	ENSG00000108788	1.0	False
0.0004124701327650972	0.3681592039800995	0.0708105705906563	0.06161267282942632	15	7	19	10	17	ENSG00000109046	1.0	False
0.0008479757893188923	0.3681592039800995	0.2400653094091606	0.2003617894217256	56	7	18	8	15	ENSG00000115355	1.0	False
0.008835719098430632	0.3681592039800995	0.2855185424903735	0.40645115985112706	19	5	6	3	6	ENSG00000116062	1.0	False
1.0841174726929562e-05	0.3681592039800995	0.06264657512892059	0.026388510510891056	6	7	19	11	17	ENSG00000121966	1.0	False
0.0012973502336966678	0.3681592039800995	0.2635194396760906	0.2817255339941365	12	7	15	5	12	ENSG00000123240	1.0	False
0.001664734873334209	0.3681592039800995	0.20944694115282095	0.32236613905292966	8	7	18	8	14	ENSG00000125037	1.0	False
0.002510327534777068	0.3681592039800995	0.14895922790659638	0.24749934537837132	6	6	7	3	5	ENSG00000131653	1.0	False
1.987304390972907e-05	0.3681592039800995	0.014492753623188439	0.00858369098712444	2	7	9	3	7	ENSG00000131791	1.0	False
0.0022818659698305415	0.3681592039800995	0.17905673983182588	0.12108843537414962	3	4	5	3	3	ENSG00000131931	1.0	False
0.00010963741246374016	0.3681592039800995	0.1255181636534446	0.1479642606966809	3	4	5	3	3	ENSG00000133246	1.0	False
0.006812456150759928	0.3681592039800995	0.31318209124147195	0.22520033158331032	6	5	8	4	6	ENSG00000138190	1.0	False
0.0048834143450256955	0.3681592039800995	0.25182748352900436	0.14172636775872713	9	6	7	3	4	ENSG00000144744	1.0	False
0.0004340106803409404	0.3681592039800995	0.04800819713100417	0.10870347707148517	4	5	6	3	5	ENSG00000148459	1.0	False
0.0020966508854973315	0.3681592039800995	0.19292619819469042	0.12330968339555937	7	7	13	5	10	ENSG00000149196	1.0	False
0.009055287251942266	0.3681592039800995	0.416503425113283	0.4153069153069153	38	6	9	3	6	ENSG00000165240	1.0	False
0.002505362309477208	0.3681592039800995	0.31182833036739716	0.3724788822274842	5	6	9	3	6	ENSG00000168769	1.0	False
0.0010313193038758329	0.3681592039800995	0.1356476482318441	0.09231709260931936	8	7	17	5	11	ENSG00000171109	1.0	False
0.011035150634689992	0.3681592039800995	0.23073707601463936	0.3135162601626016	10	3	5	3	5	ENSG00000185728	1.0	False
0.0011254936566097021	0.3681592039800995	0.15150466677321756	0.12393696740081496	7	7	15	5	10	ENSG00000186577	1.0	False
0.0013866223720238092	0.3681592039800995	0.055646772403935174	0.15499495025463608	2	4	5	3	3	ENSG00000246366	1.0	False
0.0002997738926882975	0.373134328358209	0.08209591506521234	0.03772761218184029	5	7	17	6	12	ENSG00000005893	1.0	False
0.007164905553836174	0.373134328358209	0.4663820593594862	0.3782700421940929	32	7	11	3	6	ENSG00000065357	1.0	False
0.0014430364625461832	0.373134328358209	0.12815417550928832	0.09959651730728392	4	5	9	3	8	ENSG00000076321	1.0	False
0.0028721032738842868	0.373134328358209	0.15588724195459516	0.11147314748906868	3	7	15	4	11	ENSG00000089234	1.0	False
2.1959522823090935e-06	0.373134328358209	0.012240868157725153	0.005198747625213972	4	7	19	8	14	ENSG00000102172	1.0	False
0.028148964280075357	0.373134328358209	0.3851353212417231	0.44967428163483847	22	6	8	4	6	ENSG00000109911	1.0	False
0.005365501790252607	0.373134328358209	0.17379382460696513	0.2503327625995682	6	7	16	5	11	ENSG00000114779	1.0	False
0.005514762470565868	0.373134328358209	0.1747009164455121	0.2273703189684827	9	6	8	4	6	ENSG00000125089	1.0	False
0.00013869398756765448	0.373134328358209	0.035541718321430896	0.040206865347157436	8	7	19	9	15	ENSG00000133275	1.0	False
0.0005620641018980225	0.373134328358209	0.05312715538002109	0.07911218733910799	7	7	19	6	12	ENSG00000136840	1.0	False
0.005334201270085738	0.373134328358209	0.15150474217505894	0.13541692633678176	5	4	4	3	4	ENSG00000138386	1.0	False
0.005211718170556842	0.373134328358209	0.20475385571622226	0.2789687924016282	7	2	4	4	4	ENSG00000138434	1.0	False
0.00830978672725073	0.373134328358209	0.4686065690123326	0.4348569305091044	21	6	7	3	4	ENSG00000141127	1.0	False
1.8805304734549534e-06	0.373134328358209	0.0015315984055628328	0.002830856334041029	2	7	14	6	11	ENSG00000141582	1.0	False
0.0014013297959194182	0.373134328358209	0.14611518177209948	0.22253546895530824	7	7	18	7	13	ENSG00000163156	1.0	False
0.0020341983515980554	0.373134328358209	0.21524184240281466	0.11259920634920637	5	4	6	3	5	ENSG00000164136	1.0	False
0.0017212546918601364	0.373134328358209	0.3275546997352422	0.6208334001807555	6	7	11	3	9	ENSG00000164574	1.0	False
0.0012284257248409407	0.373134328358209	0.07360306957870091	0.10188264962281786	3	7	13	3	6	ENSG00000165264	1.0	False
0.0005246868453474989	0.373134328358209	0.06818181818181819	0.030000000000000006	3	6	7	3	5	ENSG00000173198	1.0	False
1.7430651205356936e-05	0.373134328358209	0.02634630073921952	0.018826204091329728	4	7	19	10	16	ENSG00000175768	1.0	False
0.002112160290966737	0.373134328358209	0.17121628901293945	0.16564737289163936	2	7	10	3	6	ENSG00000181104	1.0	False
6.926447276725425e-05	0.373134328358209	0.01138648133062236	0.020630834512022633	2	7	16	5	12	ENSG00000182712	1.0	False
0.005279405224228675	0.373134328358209	0.21352961717483326	0.14879464075104964	9	6	7	3	4	ENSG00000184939	1.0	False
0.005185520168623543	0.373134328358209	0.20933333333333332	0.5246005509641873	3	3	5	3	4	ENSG00000186350	1.0	False
6.4315560942657165e-06	0.373134328358209	0.01296119592875316	0.011881188118811913	3	7	16	5	12	ENSG00000196363	1.0	False
0.00040262444782678344	0.373134328358209	0.0874868967413732	0.18195753779277804	3	5	10	3	7	ENSG00000197063	1.0	False
0.001433296337677823	0.373134328358209	0.172295524698587	0.1505615152531009	7	4	7	3	5	ENSG00000197622	1.0	False
0.0025710619387702654	0.373134328358209	0.16517077862354038	0.19128787878787878	10	7	12	4	7	ENSG00000204305	1.0	False
2.779719824205894e-05	0.373134328358209	0.05698664719668918	0.030537837105444467	5	7	18	10	14	ENSG00000204397	1.0	False
0.003588444200740878	0.373134328358209	0.25101459175051327	0.39363084893809525	21	7	15	4	11	ENSG00000237943	1.0	False
0.001284834008953721	0.373134328358209	0.16979444009722133	0.1492594549751861	9	7	15	6	9	ENSG00000238142	1.0	False
0.0043882468900963145	0.373134328358209	0.3585499464613873	0.38479576715494823	43	7	10	3	6	ENSG00000247828	1.0	False
0.0028538525414686816	0.373134328358209	0.1748450808936191	0.19272706578647847	6	4	7	3	6	ENSG00000290425	1.0	False
0.013922970862527018	0.373134328358209	0.597923797548698	0.5617516012252854	35	4	4	3	3	ENSG00000291154	1.0	False
0.0011169181192925719	0.3781094527363184	0.0908596132235572	0.09215203718895272	12	7	16	3	9	ENSG00000011485	1.0	False
0.0020273463737308034	0.3781094527363184	0.20071760500958072	0.19985228257163273	6	6	12	4	10	ENSG00000066654	1.0	False
8.801190566406525e-05	0.3781094527363184	0.054716210698244214	0.02185792349726777	10	7	13	4	9	ENSG00000105135	1.0	False
1.114319965509048e-05	0.3781094527363184	0.008620689655172395	0.005772931366260435	2	7	14	4	10	ENSG00000105849	1.0	False
0.005246950430593737	0.3781094527363184	0.39201760974468297	0.3268328292835541	9	5	9	3	6	ENSG00000111860	1.0	False
0.006228954103230746	0.3781094527363184	0.35271926444035234	0.23551151114463004	6	7	13	3	9	ENSG00000116213	1.0	False
0.0005669604404389965	0.3781094527363184	0.06446459444301222	0.11404708952631501	12	7	19	12	18	ENSG00000117523	1.0	False
0.0037768706783349016	0.3781094527363184	0.41001590357924167	0.5924316083134039	16	5	6	3	5	ENSG00000117620	1.0	False
0.0037656541745343464	0.3781094527363184	0.24938288762556596	0.18145363408521298	15	2	5	5	5	ENSG00000131269	1.0	False
0.0013733249134102754	0.3781094527363184	0.12664158523840602	0.12006614317240864	10	7	14	6	11	ENSG00000138593	1.0	False
0.0008651515242988507	0.3781094527363184	0.27081819199178103	0.1343229869545659	5	4	6	4	4	ENSG00000139178	1.0	False
0.005984974381510501	0.3781094527363184	0.4312683349865599	0.3801886351963394	17	5	9	3	6	ENSG00000140386	1.0	False
0.005472670745651323	0.3781094527363184	0.24381688979390126	0.17536210464085134	6	3	3	3	3	ENSG00000151116	1.0	False
0.004576051837410626	0.3781094527363184	0.1761164853686047	0.1949929553411323	12	7	19	8	13	ENSG00000151923	1.0	False
0.02775334156064223	0.3781094527363184	0.32205700732793663	0.488755048043448	15	6	8	3	6	ENSG00000155906	1.0	False
0.015448689001906267	0.3781094527363184	0.18539610494491363	0.23707541260525514	7	7	17	7	12	ENSG00000156502	1.0	False
0.0004615509649120329	0.3781094527363184	0.05947411646955839	0.06620097743857536	5	7	18	7	14	ENSG00000163950	1.0	False
0.0020959718235840238	0.3781094527363184	0.14715720919977782	0.19666649650313953	6	7	15	5	11	ENSG00000176102	1.0	False
1.4049029643335303e-05	0.3781094527363184	0.04621002990568205	0.009492168960607474	5	7	17	8	13	ENSG00000177169	1.0	False
0.003310072235563359	0.3781094527363184	0.10559129897828856	0.14134682003656107	3	7	15	9	13	ENSG00000179833	1.0	False
0.00960385311769013	0.3781094527363184	0.4739511559820216	0.3288958885941646	15	5	5	3	4	ENSG00000196873	1.0	False
0.0004218694218903538	0.3781094527363184	0.0856197537135291	0.0907947994603213	10	7	13	3	9	ENSG00000198522	1.0	False
0.0013774625476514234	0.3781094527363184	0.05482695239382286	0.12260848403159982	7	7	17	6	13	ENSG00000198960	1.0	False
0.006137918807555451	0.3781094527363184	0.15006230444298452	0.6384151046978537	5	7	18	8	14	ENSG00000204472	1.0	False
6.780135952940072e-06	0.3781094527363184	0.009125565836898875	0.00528418314077296	2	7	19	10	15	ENSG00000205609	1.0	False
0.007948734433650236	0.3781094527363184	0.19584278192659782	0.2171921172496314	10	4	4	3	3	ENSG00000231889	1.0	False
0.0012261785677455804	0.3781094527363184	0.179271831337237	0.20823348694316438	5	4	5	3	3	ENSG00000240849	1.0	False
7.894613022326927e-06	0.3781094527363184	0.0022113022113021898	0.008645533141210394	3	5	8	3	5	ENSG00000262580	1.0	False
0.0027794954274884087	0.38308457711442784	0.1516346153846153	0.1368551475557558	5	6	7	3	5	ENSG00000015532	1.0	False
0.003696749965032599	0.38308457711442784	0.36311175822566677	0.4876252445012176	12	5	6	3	5	ENSG00000025708	1.0	False
0.0016102684472374985	0.38308457711442784	0.2050518291158934	0.173728368946138	8	7	19	8	13	ENSG00000058063	1.0	False
0.0019720966550280973	0.38308457711442784	0.09183847218315172	0.11333908295837726	6	7	18	9	14	ENSG00000070761	1.0	False
0.0002813594505877288	0.38308457711442784	0.05844586367572116	0.06001405207072875	4	7	14	5	11	ENSG00000084463	1.0	False
0.0059777895182008085	0.38308457711442784	0.2907962950691343	0.38050974378290153	27	7	13	4	9	ENSG00000092148	1.0	False
0.0007227776199303528	0.38308457711442784	0.15516906929342217	0.12549033669967818	9	7	15	5	11	ENSG00000100526	1.0	False
0.0044642939167418225	0.38308457711442784	0.11847591578156316	0.21336571522130654	7	6	10	3	6	ENSG00000101928	1.0	False
0.003389405627547936	0.38308457711442784	0.24424534781548432	0.22341812318828153	11	7	13	4	9	ENSG00000103978	1.0	False
1.8750697175223576e-05	0.38308457711442784	0.010957501280081904	0.013651877133105794	3	7	15	4	9	ENSG00000105229	1.0	False
0.0025368861396540105	0.38308457711442784	0.2748577199546465	0.19397797012365364	7	7	13	3	9	ENSG00000107651	1.0	False
0.0023561475872386447	0.38308457711442784	0.13243734162076498	0.13857951899291115	7	7	19	8	15	ENSG00000111639	1.0	False
0.00045134584243886684	0.38308457711442784	0.11375715384258106	0.09504962178590268	8	7	13	3	8	ENSG00000115165	1.0	False
0.008687323848127341	0.38308457711442784	0.25823909698340397	0.21462488129154797	12	5	6	3	4	ENSG00000115275	1.0	False
0.01440614875692607	0.38308457711442784	0.23612140112140115	0.271989508271502	12	7	14	3	9	ENSG00000128585	1.0	False
0.007139285466943175	0.38308457711442784	0.20026919242273178	0.29094827586206895	9	5	6	3	3	ENSG00000134882	1.0	False
0.003300944072949663	0.38308457711442784	0.1259890224023262	0.13771362552378263	9	7	19	9	15	ENSG00000140350	1.0	False
0.0024267010982229106	0.38308457711442784	0.30371512752739105	0.2560663558495067	6	7	14	3	8	ENSG00000144320	1.0	False
0.00018747287876619002	0.38308457711442784	0.07984277702175341	0.07465185400370314	8	7	19	12	18	ENSG00000152082	1.0	False
0.001226897943298313	0.38308457711442784	0.1045919066421542	0.10910270671116054	15	7	14	4	9	ENSG00000155506	1.0	False
0.005504644405258844	0.38308457711442784	0.14944383550521656	0.18680913276948086	6	3	5	3	5	ENSG00000163346	1.0	False
4.9417482601415e-06	0.38308457711442784	0.007369709889879448	0.008902794009333463	3	7	19	8	14	ENSG00000165704	1.0	False
0.00457214363091927	0.38308457711442784	0.3441757771513735	0.19322321603447146	8	7	16	5	10	ENSG00000174485	1.0	False
0.00013517089923338634	0.38308457711442784	0.09277692393196517	0.04691772094667359	7	7	18	7	12	ENSG00000175063	1.0	False
6.70632626788838e-06	0.38308457711442784	0.009523809523809556	0.005128205128205134	3	4	7	4	5	ENSG00000187961	1.0	False
0.00187470233394863	0.38308457711442784	0.19131582610354164	0.1296377634734318	6	6	7	3	6	ENSG00000196911	1.0	False
3.154595374467789e-06	0.38308457711442784	0.007962109575012777	0.010695187165775423	2	6	9	4	6	ENSG00000197860	1.0	False
0.009236422515486498	0.38308457711442784	0.3992206290110113	0.3216157878507555	6	7	10	3	6	ENSG00000198467	1.0	False
0.0004675457237635625	0.38308457711442784	0.057403746533517375	0.07200433326507422	10	7	19	12	18	ENSG00000204387	1.0	False
1.8724882208519042e-05	0.38308457711442784	0.018310406189428537	0.010650347190219239	5	7	17	5	13	ENSG00000205339	1.0	False
0.00123108882553633	0.38308457711442784	0.20950709940830736	0.13845101258894357	8	7	13	4	11	ENSG00000212694	1.0	False
0.0012550085746806001	0.38308457711442784	0.23832931458196568	0.12887173353629802	3	6	10	3	6	ENSG00000213903	1.0	False
0.0018921036766840656	0.38308457711442784	0.13807428824315957	0.1414184885522465	7	7	11	3	8	ENSG00000241058	1.0	False
0.00018084215802921313	0.38308457711442784	0.2522084781898366	0.16667614688174048	5	7	10	3	6	ENSG00000274536	1.0	False
0.00026425387469450687	0.3880597014925373	0.1394269209202489	0.1151552933400376	8	7	18	6	14	ENSG00000004700	1.0	False
0.0038628367202687983	0.3880597014925373	0.33746751715445256	0.2944766902323384	13	7	14	5	7	ENSG00000055147	1.0	False
0.007807697272899291	0.3880597014925373	0.1583681974348714	0.22492240589864712	5	7	18	10	16	ENSG00000087074	1.0	False
0.0008812691618503372	0.3880597014925373	0.10429207271881268	0.10565916237181083	4	7	14	5	8	ENSG00000099849	1.0	False
0.001728794052566964	0.3880597014925373	0.1269266157079657	0.10940634318243428	5	6	11	3	7	ENSG00000100441	1.0	False
0.013430235632074777	0.3880597014925373	0.42422302057133554	0.4164810126582279	11	6	7	3	5	ENSG00000101019	1.0	False
0.001533642989877008	0.3880597014925373	0.0427082848119474	0.07590909090909093	2	7	14	3	9	ENSG00000101856	1.0	False
0.00839032215781568	0.3880597014925373	0.3280024257364564	0.44653935510224924	13	7	12	4	8	ENSG00000102893	1.0	False
0.00046176438088465805	0.3880597014925373	0.059834886472895296	0.04755447132047984	8	7	19	10	16	ENSG00000105364	1.0	False
0.004573858352064033	0.3880597014925373	0.15523537007625177	0.26334926761059735	9	7	19	8	14	ENSG00000109736	1.0	False
0.00396476402394464	0.3880597014925373	0.3508362381102106	0.3160823710867481	9	6	11	3	7	ENSG00000110330	1.0	False
0.007186200091824019	0.3880597014925373	0.2446877060719941	0.2594122706487426	7	7	17	6	13	ENSG00000111530	1.0	False
0.0006013232159275257	0.3880597014925373	0.19270886698005607	0.15228362031800774	12	7	14	6	11	ENSG00000114796	1.0	False
0.00022183464604346522	0.3880597014925373	0.22194576101581465	0.04362408574548635	2	7	14	3	10	ENSG00000117318	1.0	False
0.003482282254747151	0.3880597014925373	0.18544616081679838	0.20503496503496504	8	7	14	4	10	ENSG00000122882	1.0	False
0.0009058304426775121	0.3880597014925373	0.1750535181002153	0.08472377823258967	9	7	19	10	17	ENSG00000128739	1.0	False
8.474232144016978e-05	0.3880597014925373	0.026743066578459485	0.02545157131569098	5	6	9	3	6	ENSG00000132005	1.0	False
0.0012628341486233732	0.3880597014925373	0.16284670504095664	0.12195519372404023	14	7	16	3	12	ENSG00000132471	1.0	False
0.005212541411105575	0.3880597014925373	0.15706233050414786	0.21919943871048156	4	6	11	4	9	ENSG00000135723	1.0	False
7.219360556639007e-06	0.3880597014925373	0.02524436109618806	0.019288740902036267	3	7	18	6	12	ENSG00000135776	1.0	False
0.003300396197519133	0.3880597014925373	0.09653466425867024	0.08592483419307298	3	5	7	3	6	ENSG00000137486	1.0	False
0.006704329525287347	0.3880597014925373	0.20945534892030518	0.22675585284280939	5	6	7	3	6	ENSG00000137720	1.0	False
0.014322979684194955	0.3880597014925373	0.3441574553276681	0.3575160471712196	9	5	5	3	3	ENSG00000138399	1.0	False
0.0008307871271228873	0.3880597014925373	0.09509195724715784	0.05910984263356254	3	7	16	7	12	ENSG00000139726	1.0	False
0.0029655708335648867	0.3880597014925373	0.22221795968174388	0.22117872446113077	17	7	18	7	14	ENSG00000141030	1.0	False
0.0017301691383769904	0.3880597014925373	0.15140247105500182	0.10196689303452061	9	7	11	3	7	ENSG00000148187	1.0	False
0.0013259840133992666	0.3880597014925373	0.14797714827563271	0.08248585598975226	5	7	12	5	7	ENSG00000154642	1.0	False
0.0017759462112444035	0.3880597014925373	0.14682309738908575	0.13059125964010282	7	7	10	3	6	ENSG00000155287	1.0	False
0.0012159295578391986	0.3880597014925373	0.14353529147811028	0.12887284563993667	14	7	19	9	14	ENSG00000157020	1.0	False
0.004201409601487366	0.3880597014925373	0.24701512919698645	0.1793612653103566	11	6	11	4	6	ENSG00000160218	1.0	False
0.0017978171968872818	0.3880597014925373	0.072325554665571	0.08703687874085476	15	7	19	12	15	ENSG00000162613	1.0	False
0.004653328301201165	0.3880597014925373	0.3021944725352112	0.2185313365215203	6	7	14	3	9	ENSG00000162623	1.0	False
0.003843031674718721	0.3880597014925373	0.13843128552652975	0.1620743646531467	18	7	17	6	11	ENSG00000168397	1.0	False
0.0004752630977498249	0.3880597014925373	0.09370125589014039	0.03766061143110322	3	6	8	3	6	ENSG00000174574	1.0	False
0.012499151135127387	0.3880597014925373	0.38425779219567957	0.20489965608811112	10	4	6	4	5	ENSG00000179832	1.0	False
1.2109232337359779e-05	0.3880597014925373	0.010096153846153883	0.005128205128205119	2	7	12	3	8	ENSG00000188312	1.0	False
0.004398689671650208	0.3880597014925373	0.3768185107044772	0.301709444388961	30	7	12	4	10	ENSG00000206573	1.0	False
0.0008351791386889217	0.3880597014925373	0.1729862043674436	0.1675869701773803	4	4	7	3	5	ENSG00000228393	1.0	False
0.005597755407625128	0.3880597014925373	0.22370512603759962	0.3198602007104711	8	7	13	4	10	ENSG00000230989	1.0	False
0.0013921952536315625	0.3880597014925373	0.27640251471173843	0.5040090956170793	3	7	13	3	7	ENSG00000235169	1.0	False
0.00044549813183583734	0.3880597014925373	0.04960224291440285	0.1565427232198485	64	7	19	14	19	ENSG00000251562	1.0	False
0.0003471858447695247	0.3880597014925373	0.15174096609182547	0.08460305463628291	3	7	18	8	10	ENSG00000275302	1.0	False
1.0639182961913836e-05	0.39303482587064675	0.025162028211971013	0.011034482758620711	2	7	14	5	9	ENSG00000058804	1.0	False
0.001832636343798197	0.39303482587064675	0.1600593686531296	0.13405223004694833	8	7	13	4	8	ENSG00000070367	1.0	False
0.003145541505172501	0.39303482587064675	0.09268420172073064	0.10318241469816272	2	7	16	5	9	ENSG00000095564	1.0	False
0.012553999885769437	0.39303482587064675	0.17675314079902893	0.16337007552561744	5	4	7	3	6	ENSG00000100124	1.0	False
0.0004935866322510966	0.39303482587064675	0.041938962751392396	0.052113545987971716	10	7	15	6	11	ENSG00000102119	1.0	False
0.0001915292175550334	0.39303482587064675	0.06944525544902572	0.044844803201311054	7	7	17	6	12	ENSG00000104687	1.0	False
1.0321809982934412e-08	0.39303482587064675	0.0005571199518276083	0.0006713662302786265	3	7	16	6	12	ENSG00000105369	1.0	False
0.00481183382973712	0.39303482587064675	0.6650485114300904	0.6160660660660662	24	7	12	3	7	ENSG00000113163	1.0	False
6.982197551532193e-05	0.39303482587064675	0.03490151400946748	0.016853932584269683	2	5	8	3	6	ENSG00000113272	1.0	False
0.0052299693923181165	0.39303482587064675	0.3354592594032894	0.2381887615930169	12	7	11	3	6	ENSG00000114127	1.0	False
0.00434546219290902	0.39303482587064675	0.188285647914872	0.15523690773067328	8	6	7	3	4	ENSG00000116809	1.0	False
0.003847910336989824	0.39303482587064675	0.1865962458227508	0.21678061854189729	10	7	19	10	16	ENSG00000129235	1.0	False
2.4438639333874672e-05	0.39303482587064675	0.013969938107869163	0.009140767824497272	4	6	8	3	6	ENSG00000130021	1.0	False
0.00480285470652152	0.39303482587064675	0.37153340883222813	0.43875965804344097	16	7	17	3	8	ENSG00000135218	1.0	False
0.0017656301669075828	0.39303482587064675	0.2330603787072027	0.1246846301342214	12	4	5	3	4	ENSG00000138614	1.0	False
0.0023405580265099236	0.39303482587064675	0.18718685887599087	0.20064685513278524	8	7	17	7	12	ENSG00000140391	1.0	False
0.001716382466747419	0.39303482587064675	0.230766608860066	0.2111775225732196	7	6	13	6	9	ENSG00000143384	1.0	False
0.0024299793131582446	0.39303482587064675	0.20940414233206692	0.09649861864921527	5	7	10	3	7	ENSG00000143919	1.0	False
0.004232677875161087	0.39303482587064675	0.30155657471386177	0.4225272544049837	4	7	9	3	7	ENSG00000152270	1.0	False
0.002995932016857003	0.39303482587064675	0.08263065436978484	0.08870967741935486	2	3	3	3	3	ENSG00000154127	1.0	False
0.00016036407761498418	0.39303482587064675	0.048089334554962615	0.043885850343404614	4	7	18	9	14	ENSG00000155660	1.0	False
0.0009626025749060265	0.39303482587064675	0.12979318787577082	0.1453125468230187	15	7	19	12	17	ENSG00000160932	1.0	False
0.0008292058247071889	0.39303482587064675	0.08924683977303727	0.06418407464757114	6	7	18	6	13	ENSG00000163811	1.0	False
0.0056407550924071626	0.39303482587064675	0.17264517646560096	0.2582272483056388	9	7	19	9	15	ENSG00000174780	1.0	False
2.4635477270889494e-05	0.39303482587064675	0.023840144356134053	0.012276785714285705	3	7	15	4	9	ENSG00000183943	1.0	False
0.0010475359451671568	0.39303482587064675	0.2689572252101354	0.21417636880846946	10	7	14	6	11	ENSG00000198399	1.0	False
0.000674990156052818	0.39303482587064675	0.14271667273051172	0.09693753822880455	13	7	19	10	15	ENSG00000204642	1.0	False
5.996096668516442e-08	0.39303482587064675	0.0029761904761904153	0.003012048192771103	3	3	5	3	4	ENSG00000214212	1.0	False
0.005892690182956871	0.39303482587064675	0.3689814048041347	0.3799512993368254	10	5	6	3	4	ENSG00000231535	1.0	False
3.688165060172818e-06	0.39303482587064675	0.015112293477235455	0.004740569838289814	8	7	19	12	18	ENSG00000241553	1.0	False
0.0021986047368340433	0.39303482587064675	0.16799038643943143	0.1328585840602931	2	6	10	3	9	ENSG00000256060	1.0	False
0.0027494049064582535	0.39800995024875624	0.21062099729920317	0.16249960958240936	11	7	13	3	8	ENSG00000047315	1.0	False
0.0002430067830181723	0.39800995024875624	0.07468276716823848	0.05661729461844326	6	7	19	12	17	ENSG00000054148	1.0	False
4.962510021532868e-06	0.39800995024875624	0.0037107836465692726	0.0055218111540585035	3	7	13	4	9	ENSG00000065970	1.0	False
0.0014236932658192696	0.39800995024875624	0.09134383226491254	0.16126634206465018	8	7	18	8	14	ENSG00000072364	1.0	False
0.001463668479510368	0.39800995024875624	0.2060330459884031	0.1303804898474975	4	7	8	3	6	ENSG00000072401	1.0	False
0.008647960520992688	0.39800995024875624	0.33439634190642253	0.29873417721518986	8	4	5	3	4	ENSG00000082258	1.0	False
0.00032661372354053826	0.39800995024875624	0.05388415411667477	0.09985563858130465	8	7	19	10	15	ENSG00000099901	1.0	False
0.004033166288058819	0.39800995024875624	0.24793612644206864	0.21862348178137653	3	7	17	5	13	ENSG00000100982	1.0	False
5.072541528180779e-05	0.39800995024875624	0.02684317440789266	0.02912651758865705	17	7	19	13	18	ENSG00000102879	1.0	False
6.732037953160096e-05	0.39800995024875624	0.03763375595699612	0.020695513560490385	4	7	19	10	17	ENSG00000105379	1.0	False
0.0024986491909651303	0.39800995024875624	0.14062660063787757	0.16664990993255413	9	7	17	6	13	ENSG00000105879	1.0	False
0.0016669367491197174	0.39800995024875624	0.1091163207363314	0.11034259857789268	4	4	4	3	4	ENSG00000106351	1.0	False
0.00033156200467428427	0.39800995024875624	0.06766319393365217	0.06678700361010831	4	7	11	3	7	ENSG00000107290	1.0	False
0.0009949639239541007	0.39800995024875624	0.2414599606283664	0.25964420107458064	5	6	10	4	7	ENSG00000110395	1.0	False
0.007310807043410907	0.39800995024875624	0.17615113052200831	0.3181635328074663	8	7	18	7	12	ENSG00000112651	1.0	False
0.011643965930464328	0.39800995024875624	0.4405052279298322	0.3847072879330944	26	6	9	3	6	ENSG00000116044	1.0	False
0.003273540966082804	0.39800995024875624	0.11500623896560146	0.14544162796388466	15	7	18	9	14	ENSG00000120533	1.0	False
0.009895859795874325	0.39800995024875624	0.38081804240949174	0.27262991246042095	16	5	7	3	6	ENSG00000123352	1.0	False
1.4238360764243538e-06	0.39800995024875624	0.013548162386528933	0.002633544992501161	4	7	19	13	18	ENSG00000126267	1.0	False
0.00027600826935407464	0.39800995024875624	0.046741645540153524	0.03329404676218562	4	7	18	7	14	ENSG00000128626	1.0	False
0.00010904931180024424	0.39800995024875624	0.059698393696774016	0.07925362755254432	4	7	19	10	17	ENSG00000131171	1.0	False
0.001681363488641815	0.39800995024875624	0.42485100234552753	0.2212730403942231	13	7	11	3	8	ENSG00000132549	1.0	False
0.00029740885708632014	0.39800995024875624	0.11439390994142379	0.11737516342076787	4	7	12	4	7	ENSG00000133134	1.0	False
0.0014351092732414572	0.39800995024875624	0.1874826518195524	0.21928899249423553	12	7	18	6	12	ENSG00000135451	1.0	False
0.0010580456533257373	0.39800995024875624	0.331350866817295	0.21916800735463116	3	6	12	4	9	ENSG00000137574	1.0	False
0.007130069142154792	0.39800995024875624	0.3954395438558562	0.3991278923224278	24	2	3	3	3	ENSG00000140694	1.0	False
0.008304919801893256	0.39800995024875624	0.3595854595918072	0.297578957579789	27	7	12	3	8	ENSG00000147316	1.0	False
0.00046649150125933116	0.39800995024875624	0.3355899321223791	0.22495613256836416	10	3	4	3	4	ENSG00000156738	1.0	False
0.002368602826837202	0.39800995024875624	0.4409701574098027	0.291765249789236	12	7	10	3	7	ENSG00000163219	1.0	False
3.5586342506775045e-05	0.39800995024875624	0.014258901494425017	0.01634349913041952	3	7	19	10	16	ENSG00000166902	1.0	False
0.00530968165074032	0.39800995024875624	0.48982601431114026	0.3392230215827338	25	5	8	3	6	ENSG00000167548	1.0	False
0.0026613436032917946	0.39800995024875624	0.23635195912231327	0.1837095824281921	36	7	15	5	11	ENSG00000168036	1.0	False
0.003200488727488398	0.39800995024875624	0.1458830344222614	0.12451492730377192	3	6	12	4	8	ENSG00000168566	1.0	False
0.001340466840554608	0.39800995024875624	0.09701584271836973	0.108144238918645	4	7	16	6	10	ENSG00000172115	1.0	False
0.0002827450392590065	0.39800995024875624	0.10254444213032503	0.05454545454545452	8	7	14	5	10	ENSG00000172845	1.0	False
1.959444364195379e-05	0.39800995024875624	0.008438818565400848	0.004962779156327567	2	3	4	3	3	ENSG00000176749	1.0	False
0.010440488147210755	0.39800995024875624	0.2565870812129141	0.3803648743153941	12	7	18	5	10	ENSG00000183696	1.0	False
0.004796594771397118	0.39800995024875624	0.30883131659963314	0.30495798319327727	18	7	16	6	11	ENSG00000196352	1.0	False
0.0018176976508839748	0.39800995024875624	0.09362653569650022	0.09139893150958107	5	7	19	12	18	ENSG00000205220	1.0	False
0.005942451433777712	0.39800995024875624	0.12439065576066097	0.3094698462751281	5	7	10	3	8	ENSG00000221923	1.0	False
0.0009383491660513754	0.39800995024875624	0.11276452276278986	0.19961274769373527	4	7	18	6	13	ENSG00000291230	1.0	False
0.0004944375249753354	0.40298507462686567	0.10560513006344552	0.06928557865271852	22	7	19	12	16	ENSG00000003756	1.0	False
0.00010800859737268214	0.40298507462686567	0.036452532605398894	0.019390581717451557	5	7	7	3	5	ENSG00000038002	1.0	False
0.006502603433353299	0.40298507462686567	0.1015399239497654	0.25923026927239895	10	7	19	11	17	ENSG00000100138	1.0	False
0.008066656335199152	0.40298507462686567	0.25060501184906014	0.33234536153688865	9	7	13	3	9	ENSG00000100142	1.0	False
0.0016103677018545176	0.40298507462686567	0.17787363891235727	0.2986962909286677	11	7	17	6	12	ENSG00000108443	1.0	False
0.0032030894188644237	0.40298507462686567	0.27322242389164886	0.3007285426640265	15	7	12	4	10	ENSG00000114209	1.0	False
0.004058691295082747	0.40298507462686567	0.20258936366584349	0.20581168683983858	10	4	5	3	4	ENSG00000123505	1.0	False
0.003056437474198297	0.40298507462686567	0.22161009422276587	0.29655306138507015	13	7	17	6	13	ENSG00000123562	1.0	False
0.00022955838615981272	0.40298507462686567	0.0606711122696674	0.0532848401545426	4	7	19	10	16	ENSG00000124562	1.0	False
0.0006107142673143728	0.40298507462686567	0.11875385665708246	0.1226893802102211	10	5	6	3	4	ENSG00000125257	1.0	False
0.00883026380754157	0.40298507462686567	0.28281596726829905	0.2885017421602788	9	4	5	3	4	ENSG00000126746	1.0	False
0.0002914197755881083	0.40298507462686567	0.1079549409480396	0.100551716749692	5	7	11	5	10	ENSG00000134184	1.0	False
0.002525288113462797	0.40298507462686567	0.25173012220235963	0.17942422491815901	26	7	14	3	11	ENSG00000137409	1.0	False
0.002546954392500099	0.40298507462686567	0.26677577702618877	0.34461209382306995	9	7	12	3	8	ENSG00000138032	1.0	False
0.0025842655539193805	0.40298507462686567	0.15745411406929558	0.11687865049703206	10	7	18	9	15	ENSG00000143612	1.0	False
0.00027702826288920245	0.40298507462686567	0.033569865423688124	0.04565030146425496	4	6	8	3	5	ENSG00000146576	1.0	False
8.143117804017256e-05	0.40298507462686567	0.04555393945755077	0.04326455291700419	10	7	13	5	10	ENSG00000153234	1.0	False
0.0009603076710684158	0.40298507462686567	0.09748247221387883	0.11683118178699246	7	7	16	6	11	ENSG00000153815	1.0	False
8.488490119678489e-05	0.40298507462686567	0.053376954750704315	0.02721707183211077	7	7	19	13	17	ENSG00000154723	1.0	False
0.007483029776250179	0.40298507462686567	0.19371774940384004	0.2525020095489894	6	7	16	5	9	ENSG00000156304	1.0	False
0.0016176189021894238	0.40298507462686567	0.15659332821416527	0.24392133766460836	26	7	19	13	18	ENSG00000156976	1.0	False
0.009038237264767842	0.40298507462686567	0.3513678198573869	0.3375479010153933	16	7	10	3	6	ENSG00000168010	1.0	False
5.791547747013052e-05	0.40298507462686567	0.023559160367397258	0.021359223300970856	3	7	12	5	8	ENSG00000169972	1.0	False
0.0018653502224312596	0.40298507462686567	0.09260380374659229	0.16916231710447505	4	7	15	5	9	ENSG00000204560	1.0	False
8.338132219997545e-05	0.40298507462686567	0.11452769269939742	0.038824951860642165	2	6	7	3	4	ENSG00000205810	1.0	False
7.478832766355081e-06	0.40298507462686567	0.003383234344913561	0.005096839959225278	4	7	14	5	10	ENSG00000206527	1.0	False
0.0003812770933140509	0.40298507462686567	0.06717523400901487	0.07094603583965288	8	7	17	8	12	ENSG00000243646	1.0	False
1.191509710132052e-06	0.40298507462686567	0.08036599302816817	0.04682474656394444	6	7	15	7	10	ENSG00000244734	1.0	False
0.0001848211133659805	0.40298507462686567	0.06313851408654575	0.06460363768750522	3	7	18	8	14	ENSG00000248487	1.0	False
0.003456160574434968	0.40298507462686567	0.30359817576185844	0.158409928857039	3	6	9	3	5	ENSG00000261840	1.0	False
0.00810231384054005	0.40298507462686567	0.3421480198298197	0.3508800521512386	15	3	4	3	3	ENSG00000291129	1.0	False
0.0039738532188735584	0.4079601990049751	0.24638656523834668	0.23858502390113095	9	7	17	6	11	ENSG00000036054	1.0	False
0.0002622938163929463	0.4079601990049751	0.07430042328078192	0.05892148574389458	6	7	16	6	10	ENSG00000077147	1.0	False
0.0015072897345534764	0.4079601990049751	0.20949814336731262	0.1510525466619113	18	6	11	4	8	ENSG00000086758	1.0	False
0.0003522572491662573	0.4079601990049751	0.0662840350521487	0.08500468289609231	17	7	19	11	15	ENSG00000101109	1.0	False
0.0034034823389171194	0.4079601990049751	0.14423357391635758	0.1821373410954022	8	7	12	3	10	ENSG00000103507	1.0	False
0.010334276254929688	0.4079601990049751	0.18178463283111487	0.2743650217706821	6	7	9	3	6	ENSG00000103932	1.0	False
0.0020375147622182584	0.4079601990049751	0.15236942218032282	0.23160196009297984	25	7	19	10	17	ENSG00000109861	1.0	False
0.0013257778807891705	0.4079601990049751	0.1546196868156604	0.37252743128104393	6	4	4	3	4	ENSG00000109906	1.0	False
1.6170506556972396e-05	0.4079601990049751	0.015490472829922407	0.0035104952086484112	3	2	5	5	5	ENSG00000115425	1.0	False
0.00027095371497825086	0.4079601990049751	0.09127384542163784	0.08926888502965628	34	7	18	9	14	ENSG00000115677	1.0	False
0.005542802788201302	0.4079601990049751	0.4413416259473625	0.4135683760683761	19	5	7	3	6	ENSG00000117569	1.0	False
0.0018370925790972793	0.4079601990049751	0.3026104972851685	0.3393120115595357	8	7	15	5	10	ENSG00000121716	1.0	False
0.0006179265726546824	0.4079601990049751	0.09291306417998943	0.21012068467518114	3	4	7	3	5	ENSG00000124882	1.0	False
0.0017355823459375417	0.4079601990049751	0.18872292512948433	0.11434108527131784	8	7	15	3	8	ENSG00000127084	1.0	False
5.085377737925524e-06	0.4079601990049751	0.002958579881656812	0.006369426751592356	2	3	4	3	3	ENSG00000127399	1.0	False
1.0952649351172397e-05	0.4079601990049751	0.020540856935444555	0.016755017594167476	10	7	19	11	15	ENSG00000130592	1.0	False
1.1810278929550247e-08	0.4079601990049751	8.71080139372902e-05	0.00034710170079832925	2	7	16	7	11	ENSG00000138166	1.0	False
0.005219234967454787	0.4079601990049751	0.3165735976236654	0.15591533166379326	14	7	13	3	8	ENSG00000143033	1.0	False
0.004750811775132058	0.4079601990049751	0.135498047012365	0.1873493975903614	9	6	7	3	5	ENSG00000170946	1.0	False
0.0010633318619060967	0.4079601990049751	0.15876298921064042	0.20738888136785444	14	7	14	4	11	ENSG00000171206	1.0	False
0.0067570587724456645	0.4079601990049751	0.3487125400485407	0.3451737451737452	35	6	12	3	8	ENSG00000174720	1.0	False
2.3310310723676863e-06	0.4079601990049751	0.007012530530670623	0.004929638152667641	2	7	18	10	15	ENSG00000176386	1.0	False
0.00012641367405034692	0.4079601990049751	0.09291557406656338	0.0635199222999676	11	7	19	11	16	ENSG00000180353	1.0	False
0.0018747551840919236	0.4079601990049751	0.11552542669109019	0.3232397026081425	5	5	10	4	6	ENSG00000181896	1.0	False
0.0027980170298317632	0.4079601990049751	0.2031737925753508	0.3180221044039742	21	7	17	7	12	ENSG00000196405	1.0	False
7.17752707779792e-05	0.4079601990049751	0.02515482202982202	0.016775506702003968	3	7	19	7	11	ENSG00000197961	1.0	False
3.5347831248633984e-05	0.4079601990049751	0.030372022205103967	0.01520197689583438	4	7	19	6	13	ENSG00000204304	1.0	False
0.006070041883732842	0.4079601990049751	0.20487526039796744	0.22504882118353023	7	6	10	4	7	ENSG00000291035	1.0	False
0.015584173138837983	0.4079601990049751	0.29314802756707914	0.4001564251635947	4	7	17	4	11	ENSG00000291068	1.0	False
0.006014585418429932	0.4129353233830846	0.2490255193677325	0.22497161557470105	6	6	10	4	6	ENSG00000011275	1.0	False
0.003301135420303059	0.4129353233830846	0.11503247121726576	0.1402064119455424	3	6	9	3	6	ENSG00000066044	1.0	False
0.005574298495282884	0.4129353233830846	0.22407796302986527	0.31433266254934733	21	7	18	7	13	ENSG00000068831	1.0	False
0.005438094130902065	0.4129353233830846	0.26417793395452976	0.316078035012777	8	7	15	5	11	ENSG00000073803	1.0	False
0.0051910876043435175	0.4129353233830846	0.3383951358091784	0.32387318284754174	9	7	12	4	7	ENSG00000089916	1.0	False
5.1252740411660795e-06	0.4129353233830846	0.006802721088435385	0.004415011037527605	3	7	14	4	10	ENSG00000101464	1.0	False
1.1392076820618384e-05	0.4129353233830846	0.005172413793103481	0.01492537313432838	2	6	8	3	6	ENSG00000105514	1.0	False
2.7296258020309326e-05	0.4129353233830846	0.023618901098171555	0.02952282430649529	3	7	11	5	10	ENSG00000109321	1.0	False
0.00075271718290559	0.4129353233830846	0.12258917781881894	0.07274786977293993	6	6	7	4	5	ENSG00000113369	1.0	False
0.0012142546308410154	0.4129353233830846	0.08740740740740739	0.09145121486014125	3	4	4	3	3	ENSG00000114999	1.0	False
0.0022447502299627765	0.4129353233830846	0.22338613947044608	0.10802493699429636	3	3	6	4	4	ENSG00000115129	1.0	False
0.0038560642550254853	0.4129353233830846	0.2976015476228516	0.31971233634519636	5	4	7	3	5	ENSG00000120314	1.0	False
0.00022309644718303696	0.4129353233830846	0.08536936914002963	0.05412570043023789	12	7	15	5	12	ENSG00000120656	1.0	False
0.004479245108105162	0.4129353233830846	0.3496638879384146	0.24915360920110244	11	7	10	3	8	ENSG00000128989	1.0	False
0.008158687558541225	0.4129353233830846	0.3440283534632553	0.3460642757335818	19	3	5	3	5	ENSG00000132842	1.0	False
0.001427822320877103	0.4129353233830846	0.0929430056560073	0.10082749225838991	2	7	19	9	14	ENSG00000132965	1.0	False
0.00019974754820830377	0.4129353233830846	0.042056356593127786	0.0284116267512008	7	7	19	10	17	ENSG00000145912	1.0	False
0.005525605819171651	0.4129353233830846	0.3353859023296364	0.2000252956428255	2	5	8	3	5	ENSG00000147202	1.0	False
0.00013547354489768762	0.4129353233830846	0.1268470040525774	0.09495999837615735	8	5	7	4	6	ENSG00000150045	1.0	False
0.0001162424928931432	0.4129353233830846	0.061403769352141445	0.025820147921789393	11	7	19	10	16	ENSG00000156261	1.0	False
0.0020035598845388547	0.4129353233830846	0.12352075122789861	0.122678305876001	9	7	19	10	16	ENSG00000156467	1.0	False
7.308148622740406e-05	0.4129353233830846	0.02764731358400642	0.029073557884525578	7	7	19	13	17	ENSG00000164032	1.0	False
0.00023855647961820524	0.4129353233830846	0.07739926022485658	0.04880726599898742	7	7	19	11	17	ENSG00000166562	1.0	False
0.00021444781671873934	0.4129353233830846	0.052083333333333356	0.027624309392265213	2	6	11	3	7	ENSG00000167700	1.0	False
0.003070208909871073	0.4129353233830846	0.22425600281146713	0.2574286204603471	14	7	18	7	13	ENSG00000169057	1.0	False
0.0006387901268145564	0.4129353233830846	0.09062975019496755	0.11463644618285955	5	2	5	5	5	ENSG00000186951	1.0	False
0.012691687717929948	0.4129353233830846	0.3198336301716769	0.3160304671333597	12	5	8	3	5	ENSG00000196588	1.0	False
0.00018052602943810172	0.4129353233830846	0.074645712341844	0.02737752161383287	5	7	9	3	7	ENSG00000197872	1.0	False
0.0015977762710285216	0.4129353233830846	0.12697132142362158	0.13676583937104977	7	2	5	5	5	ENSG00000198715	1.0	False
0.000500029523552423	0.4129353233830846	0.3005273285217687	0.1718471532597926	26	7	9	4	8	ENSG00000229807	1.0	False
0.0008255873195022703	0.4129353233830846	0.12872295154800872	0.07526276155475031	2	6	11	4	5	ENSG00000232533	1.0	False
0.005985736214429887	0.4129353233830846	0.2543889691833915	0.26804137208693374	5	7	7	3	4	ENSG00000239911	1.0	False
0.0023760044947274354	0.4129353233830846	0.11702603164801997	0.1211635043007122	6	7	19	12	17	ENSG00000243147	1.0	False
0.0009661946020444271	0.4129353233830846	0.06020532693326809	0.0576986232158646	2	5	5	3	4	ENSG00000243449	1.0	False
4.326706689013867e-06	0.4129353233830846	0.01280394480799768	0.04279868795184727	2	7	16	6	12	ENSG00000265808	1.0	False
0.00013834112107555946	0.417910447761194	0.051670596805465804	0.12625076462316984	5	7	18	7	14	ENSG00000021355	1.0	False
0.004221735005431982	0.417910447761194	0.16405240630960793	0.15625	3	7	9	4	7	ENSG00000050393	1.0	False
0.0026542042317075753	0.417910447761194	0.18732769434053553	0.1529645818359395	5	7	15	4	10	ENSG00000065243	1.0	False
0.0011472497193812685	0.417910447761194	0.04749737880776811	0.14754380823110078	3	7	19	10	17	ENSG00000074071	1.0	False
0.00340196610008229	0.417910447761194	0.1582643994707422	0.209529827583927	6	7	17	6	12	ENSG00000087302	1.0	False
0.006982761234877292	0.417910447761194	0.5143536694431835	0.39842578710644677	27	7	11	3	7	ENSG00000087470	1.0	False
0.011079316609052127	0.417910447761194	0.365840790582486	0.4506758700028761	11	6	6	3	4	ENSG00000103018	1.0	False
0.00783957834972797	0.417910447761194	0.39834981266596936	0.28379329682261273	22	7	13	3	11	ENSG00000103121	1.0	False
8.411284492028659e-05	0.417910447761194	0.02748713158996759	0.021041268031161603	11	7	19	13	19	ENSG00000111640	1.0	False
0.00048563009698062283	0.417910447761194	0.13360693613581134	0.1097492964016624	8	7	19	8	13	ENSG00000117632	1.0	False
0.00012831295059604814	0.417910447761194	0.03451469760005779	0.039278114314492164	14	7	19	10	16	ENSG00000126457	1.0	False
0.00453308953122184	0.417910447761194	0.21941653709396636	0.14029493735254767	8	7	13	4	8	ENSG00000130244	1.0	False
0.00144387864614269	0.417910447761194	0.11321888485822253	0.0707605386577439	6	7	14	4	9	ENSG00000130479	1.0	False
0.007724565239418374	0.417910447761194	0.5513035711920276	0.49098788157692896	15	7	8	3	5	ENSG00000137509	1.0	False
0.0069248426396956095	0.417910447761194	0.18791519738088489	0.20931142410015646	4	5	8	3	7	ENSG00000138069	1.0	False
0.012154142971429338	0.417910447761194	0.21131392463760035	0.29128776767380465	4	7	15	5	9	ENSG00000141026	1.0	False
0.00012152187539333366	0.417910447761194	0.19373822817301614	0.06681903162854375	7	7	14	7	11	ENSG00000142327	1.0	False
0.001973211106251534	0.417910447761194	0.15651552954088022	0.09825479930191972	6	7	12	5	8	ENSG00000144659	1.0	False
0.002486250545403211	0.417910447761194	0.10028148953572594	0.1084457769084813	3	7	17	7	12	ENSG00000148908	1.0	False
0.006649518936821055	0.417910447761194	0.3444783298012114	0.38299516908212555	22	6	8	3	6	ENSG00000149262	1.0	False
0.006639165003725393	0.417910447761194	0.2465482127373979	0.28629288407531556	23	7	18	6	12	ENSG00000153015	1.0	False
8.483652493355956e-06	0.417910447761194	0.02232142857142859	0.004351610095735396	2	7	16	7	12	ENSG00000156875	1.0	False
0.0001177711536893821	0.417910447761194	0.2731148242900716	0.1385456171190347	6	7	12	5	7	ENSG00000160654	1.0	False
0.006836026726319892	0.417910447761194	0.41042787025121136	0.3436799943702279	10	7	14	3	8	ENSG00000163812	1.0	False
0.0025549861741885334	0.417910447761194	0.20131253649573427	0.20155105806377216	14	7	15	5	9	ENSG00000164329	1.0	False
0.0036254888593828184	0.417910447761194	0.061576354679803	0.10738255033557045	2	7	11	3	7	ENSG00000164332	1.0	False
0.00011569567606181833	0.417910447761194	0.1272340181964678	0.04085359467364692	7	7	16	7	10	ENSG00000173762	1.0	False
0.0004569916342763846	0.417910447761194	0.075319332190275	0.056840153663326023	4	7	19	8	14	ENSG00000182054	1.0	False
8.373376591449585e-07	0.417910447761194	0.00294117647058823	0.005016722408026754	2	7	15	5	10	ENSG00000182827	1.0	False
0.0025340233503171293	0.417910447761194	0.11150355544629859	0.12384378211716338	15	6	11	3	6	ENSG00000183486	1.0	False
0.01042522743692241	0.417910447761194	0.20209481891784117	0.16126510305614783	3	3	4	3	4	ENSG00000196507	1.0	False
0.0022616160450114366	0.417910447761194	0.17822392157118136	0.14853730309849406	7	5	8	3	6	ENSG00000240038	1.0	False
0.0005782310988367312	0.417910447761194	0.0632282460537308	0.07419898819561553	2	7	12	4	6	ENSG00000285967	1.0	False
0.005058723933688104	0.417910447761194	0.2257596230737643	0.2056547619047619	6	3	5	3	5	ENSG00000291072	1.0	False
0.00014664260161309294	0.4228855721393035	0.05104732164024104	0.09451961150008119	11	7	19	13	19	ENSG00000019582	1.0	False
0.0034072181437186993	0.4228855721393035	0.2115190693482437	0.20028241266054742	11	7	14	4	10	ENSG00000060971	1.0	False
0.0015138594234556278	0.4228855721393035	0.15818965250501948	0.14623085080131518	6	7	17	8	11	ENSG00000067992	1.0	False
0.011067570690801443	0.4228855721393035	0.4143795871502878	0.38041557200859805	14	6	4	3	4	ENSG00000075151	1.0	False
0.0012869684907316297	0.4228855721393035	0.08999809548579257	0.11840175682401195	5	7	19	7	14	ENSG00000078061	1.0	False
0.002641035971034202	0.4228855721393035	0.2750757984025786	0.3213824402164427	8	7	11	4	7	ENSG00000086619	1.0	False
0.0001067041056408758	0.4228855721393035	0.06917788907873396	0.0382560192430749	14	7	17	10	15	ENSG00000099956	1.0	False
0.003717281619067444	0.4228855721393035	0.07729283469526273	0.2880411101638723	7	7	18	9	13	ENSG00000100365	1.0	False
0.001238752649560005	0.4228855721393035	0.08902640626142934	0.10735210466439139	10	5	10	4	8	ENSG00000106123	1.0	False
0.0023061293571806224	0.4228855721393035	0.36955690758717263	0.4001529051987768	12	7	8	3	5	ENSG00000107929	1.0	False
0.0035650182711185275	0.4228855721393035	0.1690768698800897	0.1860380395645359	13	7	16	5	10	ENSG00000108055	1.0	False
0.0021204896940085396	0.4228855721393035	0.18321960087374922	0.13660841307306756	11	7	19	9	13	ENSG00000121741	1.0	False
0.000340420004475785	0.4228855721393035	0.06255858882172897	0.08897722248604041	2	7	11	5	9	ENSG00000123575	1.0	False
0.0014903439545026433	0.4228855721393035	0.13434733908756533	0.12424651372019793	7	3	3	3	3	ENSG00000125246	1.0	False
0.0023453917666870746	0.4228855721393035	0.21422425368094944	0.20648950330429905	9	7	17	9	12	ENSG00000126246	1.0	False
0.008519227490130824	0.4228855721393035	0.22983689004362987	0.30821228054042926	23	7	17	7	13	ENSG00000126456	1.0	False
0.005042075717616962	0.4228855721393035	0.320859025217059	0.27847960992907805	10	3	5	3	5	ENSG00000128284	1.0	False
0.0003039847866101107	0.4228855721393035	0.07340253312996209	0.05622622467199756	15	7	18	6	12	ENSG00000128973	1.0	False
0.003312933631304071	0.4228855721393035	0.20646134610979747	0.2101417386651808	29	7	15	6	10	ENSG00000135164	1.0	False
0.018387809334375522	0.4228855721393035	0.4403385089756382	0.4008531816565944	14	6	7	3	5	ENSG00000136068	1.0	False
0.001137697320434274	0.4228855721393035	0.13650656123868093	0.15172533379573439	4	3	4	3	4	ENSG00000142453	1.0	False
0.0001656080347737834	0.4228855721393035	0.046047090017696114	0.05062728881809262	9	7	19	11	16	ENSG00000144848	1.0	False
0.0021549738463420777	0.4228855721393035	0.1746690195554099	0.19237366407177728	7	7	16	6	12	ENSG00000155438	1.0	False
0.005944353862152814	0.4228855721393035	0.333101430782103	0.537238798271455	15	7	14	5	9	ENSG00000161010	1.0	False
0.0097463424920264	0.4228855721393035	0.08643016082774253	0.25492457706793903	8	7	19	12	17	ENSG00000164587	1.0	False
0.0013331108522691166	0.4228855721393035	0.1623802054019601	0.2323459957977725	22	7	17	8	12	ENSG00000167460	1.0	False
0.0006617190620355933	0.4228855721393035	0.14570046978661103	0.09496082188576722	12	7	16	6	10	ENSG00000168918	1.0	False
9.114332211763351e-07	0.4228855721393035	0.025593651576448415	0.00363031176335981	3	7	19	13	17	ENSG00000169100	1.0	False
6.32106884444227e-05	0.4228855721393035	0.039655406519029573	0.025370106713200204	4	7	19	12	18	ENSG00000173272	1.0	False
0.005598653905017754	0.4228855721393035	0.30089581905593205	0.2588175697068198	7	7	12	3	7	ENSG00000173653	1.0	False
3.3144493815436465e-05	0.4228855721393035	0.05521043593904059	0.023671808091764075	11	7	19	11	17	ENSG00000184752	1.0	False
0.00044980791153024764	0.4228855721393035	0.15142806123842953	0.15768840762027997	4	7	16	6	11	ENSG00000185650	1.0	False
9.325987399517168e-05	0.4228855721393035	0.04426990077424489	0.09660201062382541	12	7	19	13	19	ENSG00000187514	1.0	False
0.004295835455676453	0.4228855721393035	0.19395076739838202	0.25505138270294203	10	7	17	8	12	ENSG00000198898	1.0	False
0.0018183926475409547	0.4228855721393035	0.14856178853476276	0.1957806736523747	7	7	16	6	12	ENSG00000204261	1.0	False
1.260913426156495e-07	0.4228855721393035	0.0002447980416156842	0.0007352941176470575	2	7	12	3	9	ENSG00000214967	1.0	False
0.0036512995523244594	0.4228855721393035	0.2925965657046179	0.24418942739282928	10	4	4	3	4	ENSG00000269609	1.0	False
0.008001563874488925	0.4228855721393035	0.16915006042049832	0.27386714461569794	8	7	17	8	12	ENSG00000285437	1.0	False
0.00025312035653832996	0.42786069651741293	0.09243836629469197	0.06163096237363597	13	7	16	8	12	ENSG00000015133	1.0	False
0.0016155463418256054	0.42786069651741293	0.14237025765834146	0.12456074297188754	7	7	11	3	6	ENSG00000029725	1.0	False
0.0004203081053469342	0.42786069651741293	0.2424056879643983	0.1600883418822761	3	7	11	4	7	ENSG00000064393	1.0	False
0.0008484210142755072	0.42786069651741293	0.11144592549673474	0.14926461358988174	6	7	19	9	15	ENSG00000067082	1.0	False
0.0012856738387192763	0.42786069651741293	0.15059913460143778	0.13771663713092844	15	7	18	9	14	ENSG00000091039	1.0	False
0.0032403642495987565	0.42786069651741293	0.27013968484059253	0.17077927820990843	11	7	15	5	8	ENSG00000100393	1.0	False
8.041325530359743e-05	0.42786069651741293	0.018963089981359593	0.02305672648985057	6	7	18	9	13	ENSG00000101843	1.0	False
0.0009903298396629122	0.42786069651741293	0.14276314731950596	0.13215266687160876	5	7	18	7	14	ENSG00000108588	1.0	False
0.01873543915506467	0.42786069651741293	0.381397471262773	0.3439934803900071	4	6	8	3	7	ENSG00000121774	1.0	False
0.0034875689076068668	0.42786069651741293	0.2690319229573189	0.18717026529154504	14	6	9	4	6	ENSG00000128915	1.0	False
0.002060116091884274	0.42786069651741293	0.41910325126322623	0.5230865213439394	40	7	13	5	8	ENSG00000131018	1.0	False
0.0004524749892239046	0.42786069651741293	0.09283989781546423	0.09028697571743931	7	7	15	5	11	ENSG00000144635	1.0	False
0.01266659102549984	0.42786069651741293	0.19367836443823008	0.6142470133676776	8	3	5	3	4	ENSG00000144645	1.0	False
0.0007911332083018137	0.42786069651741293	0.09981224127388144	0.1230280153787939	22	7	18	6	12	ENSG00000145191	1.0	False
0.0015216474230806297	0.42786069651741293	0.08004103649126534	0.03251125389557927	2	7	13	4	7	ENSG00000148110	1.0	False
0.00933599956454094	0.42786069651741293	0.2824666743312204	0.3697669719476069	8	7	17	5	13	ENSG00000157191	1.0	False
0.003938018891226567	0.42786069651741293	0.18744953356710098	0.1914186611168921	6	7	14	6	9	ENSG00000161091	1.0	False
7.741475524828297e-05	0.42786069651741293	0.04333046438964638	0.018225735617039926	5	7	17	8	13	ENSG00000162076	1.0	False
0.007726251333282596	0.42786069651741293	0.24597806308363307	0.3091922521388097	9	7	15	5	12	ENSG00000163875	1.0	False
0.0028017846435827998	0.42786069651741293	0.2312007262187864	0.40884516680923866	10	7	12	3	6	ENSG00000164068	1.0	False
0.00027625451389707835	0.42786069651741293	0.08131509539453799	0.06378535092924048	3	7	15	6	9	ENSG00000169715	1.0	False
0.005332271629040522	0.42786069651741293	0.20152010898633205	0.25107789924317714	2	7	11	3	9	ENSG00000171135	1.0	False
0.002621913811997513	0.42786069651741293	0.07986791462952804	0.11090639752454028	4	7	16	4	11	ENSG00000173442	1.0	False
0.0008782247183499224	0.42786069651741293	0.40088288925596016	0.04620260593966428	10	5	7	4	5	ENSG00000180776	1.0	False
0.000852789481206814	0.42786069651741293	0.05710338988000905	0.08244817422726135	7	7	19	11	16	ENSG00000204237	1.0	False
9.373496332238895e-07	0.42786069651741293	0.0036474873561908004	0.0045248085772660795	2	7	19	10	16	ENSG00000204308	1.0	False
8.085649613999059e-06	0.42786069651741293	0.005952380952380964	0.006211180124223623	3	7	11	3	10	ENSG00000205765	1.0	False
0.0011523987533009737	0.42786069651741293	0.1392028280347749	0.14665406821795834	15	7	18	9	13	ENSG00000213639	1.0	False
0.002377918462924464	0.42786069651741293	0.17109611533958596	0.2021701331206946	5	7	10	4	7	ENSG00000229989	1.0	False
0.0018850388332412795	0.42786069651741293	0.2186258044468623	0.19646051112170626	5	7	14	4	8	ENSG00000233429	1.0	False
0.007057402157604101	0.42786069651741293	0.16441578916787086	0.20348339202436472	5	5	8	3	5	ENSG00000244045	1.0	False
0.0022974789108148354	0.43283582089552236	0.14532852475527736	0.17420140122726716	7	2	5	5	5	ENSG00000002834	1.0	False
0.01334517260665406	0.43283582089552236	0.356850907999484	0.45532930060256505	24	6	8	3	5	ENSG00000095794	1.0	False
0.00013372336421952214	0.43283582089552236	0.015524337866857514	0.027027027027027	3	2	4	4	4	ENSG00000105325	1.0	False
0.004765651910959928	0.43283582089552236	0.2972822773093671	0.24165208940719138	12	7	12	3	8	ENSG00000105698	1.0	False
1.2477768886265921e-05	0.43283582089552236	0.019897956791529975	0.04057811884279324	11	7	19	12	18	ENSG00000110955	1.0	False
0.00011464986694805015	0.43283582089552236	0.022030613842781065	0.028235294117647042	6	6	8	3	6	ENSG00000112787	1.0	False
0.005966577285517856	0.43283582089552236	0.25519041429408196	0.26309916779022735	11	5	6	3	4	ENSG00000113360	1.0	False
1.778275626180388e-05	0.43283582089552236	0.03846657147290715	0.010348988084608868	6	7	19	12	18	ENSG00000116489	1.0	False
0.003596869882937244	0.43283582089552236	0.21055624961970476	0.16048893495092356	3	7	11	3	7	ENSG00000117408	1.0	False
0.004047918128725609	0.43283582089552236	0.2713953553493882	0.19108602569093033	12	3	3	3	3	ENSG00000117543	1.0	False
0.0014025848360716049	0.43283582089552236	0.14660547553042685	0.13644961286011872	11	7	18	9	14	ENSG00000121022	1.0	False
9.994741743214817e-05	0.43283582089552236	0.020604866263776705	0.024937763559793845	7	7	19	10	16	ENSG00000122705	1.0	False
0.00023055780108570308	0.43283582089552236	0.07031081986537216	0.05583531206222318	7	7	11	4	8	ENSG00000123472	1.0	False
0.0011787024381026247	0.43283582089552236	0.11216034004520234	0.06387856395646464	5	5	6	3	5	ENSG00000130150	1.0	False
0.00024095423948345454	0.43283582089552236	0.060975596137745655	0.04727203384443709	7	7	15	4	11	ENSG00000131652	1.0	False
0.003394042521777614	0.43283582089552236	0.27938075264634166	0.22432071023863023	12	7	17	6	11	ENSG00000131828	1.0	False
0.01014810661552841	0.43283582089552236	0.30626834749175175	0.2306105610561056	6	2	3	3	3	ENSG00000131848	1.0	False
0.013265866120151975	0.43283582089552236	0.3980558688888426	0.3345630006248935	20	7	14	4	10	ENSG00000134779	1.0	False
0.00024093515370654235	0.43283582089552236	0.12037300591984249	0.06774013779332722	8	7	18	7	12	ENSG00000135698	1.0	False
0.0035766409543284638	0.43283582089552236	0.1897105956631408	0.2939900391384126	8	5	9	3	5	ENSG00000142102	1.0	False
0.004087989345383441	0.43283582089552236	0.33963989766921726	0.3805030316819747	10	6	10	4	7	ENSG00000143164	1.0	False
0.01584054710707059	0.43283582089552236	0.21746385956457764	0.390990990990991	10	5	6	3	5	ENSG00000146776	1.0	False
0.02126393926467727	0.43283582089552236	0.23680526475606173	0.2843212387380749	3	6	10	3	7	ENSG00000153767	1.0	False
1.900723245676331e-05	0.43283582089552236	0.03928078986826993	0.00798450886764103	5	7	17	5	12	ENSG00000162408	1.0	False
0.006093709280876499	0.43283582089552236	0.2611128479827618	0.20745788985209615	16	7	14	5	10	ENSG00000163539	1.0	False
0.0006457667219220182	0.43283582089552236	0.09375744754613347	0.06293808463251671	3	7	12	4	8	ENSG00000163602	1.0	False
9.211959334032759e-07	0.43283582089552236	0.01814282033521715	0.0026845637583892377	2	7	19	8	14	ENSG00000163840	1.0	False
0.006943291159136486	0.43283582089552236	0.26624345188394544	0.2772386079308515	15	4	6	3	5	ENSG00000171608	1.0	False
0.0010805050767885077	0.43283582089552236	0.06818299870292845	0.10453104972677928	19	7	19	8	15	ENSG00000172270	1.0	False
0.009699348899024057	0.43283582089552236	0.2352183091605915	0.26435932270784324	12	7	12	3	8	ENSG00000172977	1.0	False
4.686538752931023e-05	0.43283582089552236	0.02347331653114712	0.010056244720110255	2	7	18	8	15	ENSG00000184076	1.0	False
1.3225416791865242e-05	0.43283582089552236	0.018311105734218736	0.017696181075967495	12	7	19	12	17	ENSG00000185201	1.0	False
0.0033989584496205948	0.43283582089552236	0.37482582031010253	0.3638095238095238	3	6	9	3	7	ENSG00000205413	1.0	False
0.0013512562301606437	0.43283582089552236	0.10306779252647787	0.1499363860558013	7	7	19	8	13	ENSG00000218739	1.0	False
9.474332459593418e-07	0.43283582089552236	0.009641533953050212	0.00439020225878923	14	7	19	13	19	ENSG00000221983	1.0	False
0.0003564075681441097	0.43283582089552236	0.20484839200796542	0.12192118226600983	11	7	12	5	9	ENSG00000251022	1.0	False
0.0009735962284544034	0.43781094527363185	0.10145155147706693	0.22451703055396038	10	7	18	8	13	ENSG00000026025	1.0	False
0.00220509015589934	0.43781094527363185	0.09423031568363574	0.13455788490700205	4	7	17	6	12	ENSG00000071859	1.0	False
0.003967577559196678	0.43781094527363185	0.16745932702477528	0.1857863532348659	7	7	11	3	6	ENSG00000078967	1.0	False
0.0006697851786124344	0.43781094527363185	0.08991909508589913	0.06917372572915581	8	7	18	8	14	ENSG00000100297	1.0	False
0.0005290670381709215	0.43781094527363185	0.06763028960229162	0.09361780152711743	10	7	16	4	9	ENSG00000100330	1.0	False
0.00026361160152152033	0.43781094527363185	0.09746611852243685	0.09857829269387935	10	7	17	6	10	ENSG00000115271	1.0	False
0.00017161767529116955	0.43781094527363185	0.07445026448668866	0.14034646483879806	4	7	15	4	9	ENSG00000115993	1.0	False
0.0006323764037691626	0.43781094527363185	0.067633543234604	0.06486725461350247	5	7	12	3	8	ENSG00000129315	1.0	False
0.0032130596074745753	0.43781094527363185	0.2053398199988005	0.3455928261480349	16	7	15	5	11	ENSG00000134291	1.0	False
0.002674917983086665	0.43781094527363185	0.19997240008928907	0.15916257213267818	20	7	16	6	13	ENSG00000136279	1.0	False
1.215248337129256e-07	0.43781094527363185	0.010820431164014115	0.0008659789685586695	6	7	19	13	19	ENSG00000136942	1.0	False
0.0031385182772301038	0.43781094527363185	0.24827966485433875	0.19487277313239856	7	7	15	5	8	ENSG00000139719	1.0	False
0.0010710223325781016	0.43781094527363185	0.09689860619472564	0.07489647432176168	9	7	13	4	9	ENSG00000141580	1.0	False
1.3155814447543137e-06	0.43781094527363185	0.033403292587719194	0.010377264328280955	6	7	19	13	19	ENSG00000142676	1.0	False
0.005374315632338787	0.43781094527363185	0.13411736390620432	0.1784315354338496	5	7	17	6	12	ENSG00000144827	1.0	False
0.0011602245467284393	0.43781094527363185	0.18595786160374786	0.18710071860310043	13	7	18	9	15	ENSG00000145495	1.0	False
6.385817248027382e-05	0.43781094527363185	0.031619488822240374	0.021993589060723136	3	7	18	11	15	ENSG00000147669	1.0	False
0.0026088789123058765	0.43781094527363185	0.6043956043956044	0.48307950045689924	7	7	10	3	7	ENSG00000160294	1.0	False
0.0014659348354023887	0.43781094527363185	0.1461235053058207	0.12904661614955382	8	7	18	7	13	ENSG00000164190	1.0	False
0.004616443765614332	0.43781094527363185	0.3043788335861684	0.24833112916430505	10	5	7	3	5	ENSG00000166971	1.0	False
0.001716694563866383	0.43781094527363185	0.2345524090706436	0.17895551388874842	3	7	18	7	14	ENSG00000169217	1.0	False
0.0018846289409003222	0.43781094527363185	0.2780765491314493	0.310003170577045	7	4	5	3	4	ENSG00000170185	1.0	False
0.0037792907588062577	0.43781094527363185	0.159638810648966	0.1479062620053784	22	7	14	5	12	ENSG00000170445	1.0	False
9.392552015712887e-05	0.43781094527363185	0.04377764083015807	0.036258114815213044	5	7	19	12	17	ENSG00000173915	1.0	False
3.931246882754089e-05	0.43781094527363185	0.033773216031280626	0.022042649687619056	6	7	17	5	14	ENSG00000184900	1.0	False
0.004148485983498736	0.43781094527363185	0.24300190365546243	0.24381999942711463	6	7	17	7	11	ENSG00000188677	1.0	False
0.002398958772141585	0.43781094527363185	0.3262195353297048	0.5070295506392912	4	5	9	3	7	ENSG00000198171	1.0	False
0.00014055431514324392	0.43781094527363185	0.028987599595920316	0.02835877248731209	3	7	19	13	17	ENSG00000232112	1.0	False
0.0008034612729347751	0.43781094527363185	0.09933092740610978	0.0742364712661742	8	7	15	5	10	ENSG00000236287	1.0	False
0.0030203392134250566	0.43781094527363185	0.3444615530805186	0.19238575127720625	14	7	12	3	7	ENSG00000257698	1.0	False
0.00020742584585749582	0.4427860696517413	0.039766031944880896	0.05270431903379669	9	7	15	4	10	ENSG00000038358	1.0	False
0.0074197367991824985	0.4427860696517413	0.2974587946679115	0.2515014321352675	10	7	12	4	6	ENSG00000054282	1.0	False
0.00013507022498532054	0.4427860696517413	0.061354153839655	0.03409090909090908	4	6	10	3	6	ENSG00000101665	1.0	False
0.00017573462414388472	0.4427860696517413	0.05045432807269247	0.04790419161676649	2	7	9	3	5	ENSG00000102007	1.0	False
0.004625505768284736	0.4427860696517413	0.25418716498119387	0.27874410377358494	5	5	8	3	6	ENSG00000103522	1.0	False
0.0019998059591568532	0.4427860696517413	0.1169210132088861	0.20861666830717987	11	7	16	9	11	ENSG00000104774	1.0	False
0.007472368100497	0.4427860696517413	0.20431445799866854	0.12959452021283102	9	2	3	3	3	ENSG00000106348	1.0	False
8.765795916917261e-05	0.4427860696517413	0.02355559908934312	0.023575038967872903	3	7	19	9	14	ENSG00000108344	1.0	False
6.517417854370853e-05	0.4427860696517413	0.17355638365692716	0.11376221094563546	12	7	15	8	12	ENSG00000108669	1.0	False
0.002180805965062021	0.4427860696517413	0.1593686661195248	0.191976382484754	12	7	19	8	14	ENSG00000111237	1.0	False
0.002635503280857251	0.4427860696517413	0.21840439783437246	0.10480753480753485	8	2	3	3	3	ENSG00000112031	1.0	False
0.00023709318069611482	0.4427860696517413	0.05541195307040385	0.036255251358608395	2	6	7	3	5	ENSG00000112234	1.0	False
0.0035067879704205928	0.4427860696517413	0.13565670473833424	0.10368532471375566	8	2	3	3	3	ENSG00000116198	1.0	False
1.91085152596477e-07	0.4427860696517413	0.010580195000186391	0.010483478119671992	4	2	3	3	3	ENSG00000121316	1.0	False
5.78520116350222e-05	0.4427860696517413	0.026243301122305406	0.03125357377167584	3	6	10	3	7	ENSG00000122223	1.0	False
0.003586579156946749	0.4427860696517413	0.2661448886136145	0.29677589852008457	6	6	8	3	6	ENSG00000127946	1.0	False
2.1979203461010414e-06	0.4427860696517413	0.012382817746103746	0.003321794453103471	8	7	19	13	19	ENSG00000135390	1.0	False
0.0009203125531524403	0.4427860696517413	0.22213677385361985	0.04382268984878156	4	4	5	3	4	ENSG00000135686	1.0	False
0.0017726884496991823	0.4427860696517413	0.173596860309831	0.17757245147426023	13	7	14	3	11	ENSG00000135720	1.0	False
0.009072585427903665	0.4427860696517413	0.3022603371368054	0.392107442906165	7	6	8	3	5	ENSG00000135778	1.0	False
2.124948493982129e-06	0.4427860696517413	0.006728177482894401	0.002758620689655164	2	7	14	4	9	ENSG00000137078	1.0	False
0.006026594261130519	0.4427860696517413	0.2990971840539675	0.45904334828101645	12	6	11	3	8	ENSG00000147601	1.0	False
0.0007325476194438471	0.4427860696517413	0.07886545607784542	0.046005296585343	4	4	5	3	5	ENSG00000152990	1.0	False
0.0031168439066468867	0.4427860696517413	0.16613257476918017	0.20248891996700374	14	7	18	7	15	ENSG00000160310	1.0	False
0.0003017294750306736	0.4427860696517413	0.39605807342149724	0.2266781507222622	10	7	13	6	10	ENSG00000164327	1.0	False
0.005876464948771605	0.4427860696517413	0.22399112948913386	0.2558154441414353	12	7	15	4	10	ENSG00000166579	1.0	False
0.0005858623713338084	0.4427860696517413	0.06835314324970186	0.050631058431366484	9	7	18	9	14	ENSG00000169599	1.0	False
0.0017393252284446346	0.4427860696517413	0.18444350305805413	0.2568526854137425	13	7	14	4	10	ENSG00000173020	1.0	False
2.2406224508450627e-05	0.4427860696517413	0.00935280492844302	0.0102688346525219	5	7	19	11	17	ENSG00000174917	1.0	False
0.008029209060555095	0.4427860696517413	0.311322736426353	0.2180486077294258	2	6	9	3	6	ENSG00000184898	1.0	False
0.0009153785346767864	0.4427860696517413	0.19933278180684375	0.2622919074362532	6	6	11	3	8	ENSG00000204475	1.0	False
0.0004543524396791374	0.4427860696517413	0.0927219618889625	0.04291449814126393	4	2	3	3	3	ENSG00000213398	1.0	False
0.0019291825663566545	0.4427860696517413	0.1484354362507161	0.12277582339145507	3	5	7	3	5	ENSG00000234705	1.0	False
0.00678955935384213	0.4427860696517413	0.17869628011775157	0.4876874731083656	8	6	9	4	7	ENSG00000261052	1.0	False
0.000879879938000403	0.4427860696517413	0.1940534580403056	0.1372134097490287	4	7	17	4	10	ENSG00000291143	1.0	False
0.0014850642434308043	0.44776119402985076	0.2078465428930277	0.14984992393404878	4	7	13	4	8	ENSG00000005486	1.0	False
0.0009300179980126931	0.44776119402985076	0.09107629243419485	0.1097054942244325	4	7	17	6	13	ENSG00000006007	1.0	False
0.0005752463882484069	0.44776119402985076	0.10785124750543434	0.10005841121495329	15	7	10	3	9	ENSG00000013561	1.0	False
0.00034040061040379325	0.44776119402985076	0.1439332201157612	0.09366922518581286	14	7	14	4	11	ENSG00000054983	1.0	False
0.0009866212979641683	0.44776119402985076	0.1098098407374697	0.10591700819672133	4	6	6	3	4	ENSG00000065600	1.0	False
0.008589438273333982	0.44776119402985076	0.2099950843076686	0.22247706422018354	7	6	5	3	4	ENSG00000085365	1.0	False
0.002862887448354653	0.44776119402985076	0.12035040788363463	0.24634408602150537	12	7	14	6	12	ENSG00000104907	1.0	False
0.00023184832319979914	0.44776119402985076	0.08215824638320339	0.04932646170250577	6	7	10	4	7	ENSG00000106785	1.0	False
0.0021624125244427885	0.44776119402985076	0.1804689903073589	0.09631529850746268	7	4	7	3	5	ENSG00000117298	1.0	False
3.433341886767401e-06	0.44776119402985076	0.0159175385886405	0.0045168659241745755	4	7	18	8	14	ENSG00000119929	1.0	False
0.0004329881504583275	0.44776119402985076	0.15711630983502567	0.2002090002449968	9	7	18	8	14	ENSG00000120616	1.0	False
0.0021266692836710713	0.44776119402985076	0.2832958968660446	0.09386090889582198	3	7	8	3	7	ENSG00000123545	1.0	False
0.00038941083737849714	0.44776119402985076	0.0738100201125802	0.4073615620194951	6	5	10	3	7	ENSG00000126759	1.0	False
0.0027483424005119873	0.44776119402985076	0.16493192797540623	0.11989966555183947	6	6	7	3	6	ENSG00000130024	1.0	False
0.010608662885091416	0.44776119402985076	0.2674870794590034	0.24815490246506589	10	6	9	3	5	ENSG00000130177	1.0	False
0.003076697322736812	0.44776119402985076	0.18716077642175324	0.19006124543064196	12	7	13	4	11	ENSG00000133142	1.0	False
0.003727045125353734	0.44776119402985076	0.1635978432664151	0.14813162297824875	5	7	14	4	9	ENSG00000133302	1.0	False
0.00024854237085444094	0.44776119402985076	0.039545466893371545	0.05068239652648617	8	7	18	9	15	ENSG00000139637	1.0	False
0.0013273015475840607	0.44776119402985076	0.13828919377836352	0.12506412635572595	15	7	18	8	14	ENSG00000140157	1.0	False
0.0025669790096557368	0.44776119402985076	0.1780370968077395	0.1719872002260412	16	7	18	8	13	ENSG00000140575	1.0	False
0.003905320185115648	0.44776119402985076	0.306356000239819	0.34074696899834545	10	7	12	3	7	ENSG00000147955	1.0	False
0.0023316632599812317	0.44776119402985076	0.19805253824013871	0.22667561821640372	4	7	12	3	8	ENSG00000148843	1.0	False
0.0018348639249635334	0.44776119402985076	0.15170795693741973	0.13007806746207098	15	7	17	5	14	ENSG00000154582	1.0	False
0.0009371226354664735	0.44776119402985076	0.2000805413605276	0.18086193509605344	39	7	17	5	11	ENSG00000164733	1.0	False
0.0050896417130252645	0.44776119402985076	0.27955385387180237	0.2213530920899191	25	5	8	3	6	ENSG00000177239	1.0	False
0.003569436863154221	0.44776119402985076	0.20491319410219566	0.25169439878852795	18	7	15	4	10	ENSG00000184182	1.0	False
0.006223690536167078	0.44776119402985076	0.3766143101948729	0.351691632231405	12	6	10	3	7	ENSG00000184470	1.0	False
0.0032725541332254793	0.44776119402985076	0.2543741560687667	0.21050667444494015	11	7	12	4	9	ENSG00000185344	1.0	False
0.0016773038551542703	0.44776119402985076	0.17329815591114459	0.1286034063901087	3	7	11	3	7	ENSG00000198951	1.0	False
1.967073586488722e-05	0.44776119402985076	0.03586218643763583	0.015224021969203392	10	7	19	13	17	ENSG00000204435	1.0	False
0.0019128839041679985	0.44776119402985076	0.16754324179392296	0.17800606320777632	27	7	17	7	14	ENSG00000214078	1.0	False
0.0033156729836041907	0.44776119402985076	0.17377132493443212	0.18714975309326973	11	7	15	4	12	ENSG00000232931	1.0	False
7.06207530152656e-05	0.44776119402985076	0.01279350270372815	0.018584278667458855	3	6	10	4	7	ENSG00000243789	1.0	False
0.001272829358674274	0.44776119402985076	0.17773345436348686	0.28231911848988844	8	7	18	9	14	ENSG00000244879	1.0	False
3.9797717072737335e-05	0.4527363184079602	0.056165233716395764	0.03087258682076119	9	7	16	7	11	ENSG00000005020	1.0	False
0.007278333278599088	0.4527363184079602	0.19002437723581217	0.17031993284208566	7	2	3	3	3	ENSG00000044090	1.0	False
0.010440769247618366	0.4527363184079602	0.14643508648217118	0.2481534750749478	11	7	19	8	15	ENSG00000064490	1.0	False
0.0004894555953910823	0.4527363184079602	0.07086807070957706	0.05357041993439205	9	7	17	7	12	ENSG00000108406	1.0	False
0.0006182971386506292	0.4527363184079602	0.06775874104823724	0.04282672780871276	4	7	13	4	10	ENSG00000108528	1.0	False
0.04099098055551806	0.4527363184079602	0.3178526268563522	0.5400297545062014	8	7	15	4	10	ENSG00000113368	1.0	False
0.014110426915613263	0.4527363184079602	0.2452293295018126	0.2908803967536887	12	7	14	5	10	ENSG00000114026	1.0	False
0.00473851253835793	0.4527363184079602	0.35226491559932127	0.23397833457372033	23	7	12	4	10	ENSG00000120697	1.0	False
0.0016694028208856114	0.4527363184079602	0.16265636248800744	0.16333278566899864	14	7	17	6	12	ENSG00000122008	1.0	False
0.0006645013258023187	0.4527363184079602	0.17812900633838555	0.13043849031539492	19	7	19	13	18	ENSG00000122545	1.0	False
0.00254926636504158	0.4527363184079602	0.2882864069247906	0.29364102504945877	4	4	9	3	5	ENSG00000123405	1.0	False
0.005892198637854733	0.4527363184079602	0.3249824603912434	0.3519074603353975	7	6	10	4	7	ENSG00000131370	1.0	False
0.009139654061375575	0.4527363184079602	0.2400295009487571	0.29069903139222786	16	7	9	3	6	ENSG00000138375	1.0	False
0.0031744765117796376	0.4527363184079602	0.43158447897987634	0.32007816068618994	7	6	8	3	6	ENSG00000138794	1.0	False
0.005289266603138027	0.4527363184079602	0.2739139895802095	0.2830188679245283	23	5	9	4	6	ENSG00000140400	1.0	False
0.007996855216301151	0.4527363184079602	0.21848039025230673	0.10120468516159353	6	3	6	3	5	ENSG00000145416	1.0	False
0.008463818675383905	0.4527363184079602	0.43012152236938683	0.29065152684378787	10	6	10	3	7	ENSG00000166181	1.0	False
0.01358215020328522	0.4527363184079602	0.4384464335031642	0.43381180223285487	7	4	4	3	3	ENSG00000170632	1.0	False
0.016958798602519934	0.4527363184079602	0.3731411806499998	0.32300038270187525	6	6	6	3	5	ENSG00000170892	1.0	False
0.003755805855790033	0.4527363184079602	0.2827129102085226	0.16733643907805562	8	7	13	3	9	ENSG00000173273	1.0	False
0.0028503570826042077	0.4527363184079602	0.14624466920811036	0.09004654493376295	4	2	3	3	3	ENSG00000180329	1.0	False
0.006520105491574819	0.4527363184079602	0.1611500252808495	0.20783038677775523	5	7	13	5	8	ENSG00000183513	1.0	False
0.002658950575630081	0.4527363184079602	0.39473402687635994	0.38409209837781266	5	4	5	3	4	ENSG00000184056	1.0	False
0.00037082705500524635	0.4527363184079602	0.05507123494462144	0.05325490004637651	4	7	13	4	10	ENSG00000203950	1.0	False
0.0024532527732831527	0.4527363184079602	0.2181548306190686	0.1798093029248808	12	7	16	5	12	ENSG00000204469	1.0	False
0.0030114195562215883	0.4527363184079602	0.23039073232141982	0.3196626859417557	10	7	19	8	15	ENSG00000241343	1.0	False
0.007634181571134915	0.4527363184079602	0.14497611472287075	0.13686242633611057	2	6	10	3	6	ENSG00000257303	1.0	False
0.0004222306174402592	0.4527363184079602	0.08161379612347175	0.35800568853836595	3	7	18	8	13	ENSG00000271503	1.0	False
0.0023203896530030396	0.4527363184079602	0.13784436012488585	0.11854326062959156	2	7	15	4	8	ENSG00000291215	1.0	False
0.00024856658356096494	0.4577114427860697	0.1293505386232891	0.06964942923086523	3	4	10	3	7	ENSG00000012779	1.0	False
0.0013396666039736155	0.4577114427860697	0.20369738739150825	0.13310118529431458	10	7	14	5	9	ENSG00000055917	1.0	False
0.0015360933647152253	0.4577114427860697	0.15868200007043137	0.1899937222350587	17	7	18	9	15	ENSG00000070081	1.0	False
0.011094209903907802	0.4577114427860697	0.27749130869876626	0.3484177757468441	11	7	12	3	8	ENSG00000071626	1.0	False
0.00447896371462338	0.4577114427860697	0.28658906555458274	0.3046595871377531	20	7	12	3	8	ENSG00000079805	1.0	False
0.0020241485435202444	0.4577114427860697	0.24153479230223596	0.17214660167387102	10	7	12	3	8	ENSG00000086730	1.0	False
0.0003062103366984109	0.4577114427860697	0.0860891744096206	0.07895697472718094	15	7	19	10	14	ENSG00000092929	1.0	False
3.287511397288303e-05	0.4577114427860697	0.0701970377876887	0.018927037900966885	15	7	19	12	19	ENSG00000100911	1.0	False
0.007106157238487294	0.4577114427860697	0.22732890515858445	0.268096906012843	11	7	12	5	9	ENSG00000104047	1.0	False
2.426284036500088e-05	0.4577114427860697	0.0035523978685612434	0.008486562942008467	2	2	3	3	3	ENSG00000106246	1.0	False
0.00019677171577599755	0.4577114427860697	0.03464540324009879	0.028421660094257957	3	2	3	3	3	ENSG00000112877	1.0	False
0.0004090803928679936	0.4577114427860697	0.08101200364567368	0.1529769714848624	8	7	17	6	12	ENSG00000113269	1.0	False
0.001359937311137384	0.4577114427860697	0.04952718735922821	0.07817503136696241	9	7	19	12	17	ENSG00000114850	1.0	False
1.54955998406511e-05	0.4577114427860697	0.02785551114204322	0.024504189641804335	8	7	11	3	8	ENSG00000117602	1.0	False
0.006292546096676862	0.4577114427860697	0.24205721494863003	0.3132113821138211	17	5	8	3	6	ENSG00000117859	1.0	False
0.008976455551642455	0.4577114427860697	0.32706103630274785	0.24182430681523712	22	5	6	3	4	ENSG00000118515	1.0	False
0.012368032904134654	0.4577114427860697	0.19602838702637765	0.27282753775904456	8	7	12	4	9	ENSG00000119314	1.0	False
0.0023344748358236503	0.4577114427860697	0.08287351838344575	0.05729323308270673	9	2	3	3	3	ENSG00000119599	1.0	False
0.0019448785651770884	0.4577114427860697	0.1659728822372455	0.08502614252517432	15	7	13	5	9	ENSG00000119638	1.0	False
0.002124371935567473	0.4577114427860697	0.2471059333492862	0.147202101071716	8	7	18	8	12	ENSG00000123338	1.0	False
0.021849116803712647	0.4577114427860697	0.25497835497835497	0.3363307685176601	5	2	3	3	3	ENSG00000123552	1.0	False
2.2328983731138504e-05	0.4577114427860697	0.018891725261210905	0.01619022687609074	2	7	17	8	15	ENSG00000124767	1.0	False
4.4950339079668614e-05	0.4577114427860697	0.051747484172234307	0.016973525362090864	10	7	18	7	13	ENSG00000130119	1.0	False
0.001019103118261165	0.4577114427860697	0.18243608153025465	0.16352452184538108	19	7	18	6	12	ENSG00000131236	1.0	False
0.0002845477899810741	0.4577114427860697	0.03900409527330618	0.08911075949916716	7	7	18	10	15	ENSG00000131871	1.0	False
0.00032692170003100835	0.4577114427860697	0.07590140633373822	0.07792005387675112	14	7	19	12	19	ENSG00000132424	1.0	False
0.007603808383914864	0.4577114427860697	0.2580929395248229	0.26103197877391426	18	5	7	3	5	ENSG00000135316	1.0	False
0.0033340698513674113	0.4577114427860697	0.1584320299535542	0.13011953087939382	11	7	15	5	10	ENSG00000136518	1.0	False
0.00017481856149975978	0.4577114427860697	0.11454369719577887	0.05564579569542389	27	7	19	9	13	ENSG00000140853	1.0	False
0.0004051076283547686	0.4577114427860697	0.10324187428439685	0.09421750954016014	13	7	19	9	15	ENSG00000142546	1.0	False
0.008959998759440282	0.4577114427860697	0.24368677304785466	0.16141439205955338	6	3	4	3	4	ENSG00000143093	1.0	False
0.0062164410559373984	0.4577114427860697	0.3913782541789782	0.44850847764983226	20	7	10	3	6	ENSG00000143224	1.0	False
1.425426357891666e-05	0.4577114427860697	0.006944444444444432	0.010178117048346046	2	5	6	3	5	ENSG00000143443	1.0	False
0.003915399943973826	0.4577114427860697	0.4077463419159577	0.3140147523709168	14	6	9	3	7	ENSG00000154832	1.0	False
0.0004340504442007976	0.4577114427860697	0.058245709245799165	0.03885676131412468	6	3	4	4	4	ENSG00000156642	1.0	False
4.792600952553063e-06	0.4577114427860697	0.004566210045662128	0.004310344827586197	2	4	5	3	5	ENSG00000160714	1.0	False
0.006696527214430239	0.4577114427860697	0.11481483612081814	0.21176648779643412	10	7	17	7	12	ENSG00000163399	1.0	False
0.001856166718580351	0.4577114427860697	0.14747818798880377	0.18961263347040325	5	7	17	9	11	ENSG00000164463	1.0	False
0.005473262667675208	0.4577114427860697	0.3492475029738875	0.32170588819382384	15	6	10	3	8	ENSG00000166377	1.0	False
0.0029935722264721526	0.4577114427860697	0.26471496697082614	0.1814787861270682	17	7	15	5	10	ENSG00000172890	1.0	False
0.009882784521395406	0.4577114427860697	0.2363014512086856	0.17952117863720074	9	3	6	4	5	ENSG00000175376	1.0	False
0.0014554683829852357	0.4577114427860697	0.14884837197395087	0.10493032832089412	18	7	10	3	7	ENSG00000177426	1.0	False
0.0012662501174771643	0.4577114427860697	0.16216160421192763	0.1209619262071909	19	7	18	7	13	ENSG00000182568	1.0	False
0.004729042031495063	0.4577114427860697	0.2115668839611459	0.18214877425514586	5	7	14	4	10	ENSG00000184831	1.0	False
0.012004986658496994	0.4577114427860697	0.2587189899127034	0.5034597431000996	16	7	19	8	13	ENSG00000188690	1.0	False
0.006234876824052445	0.4577114427860697	0.2426970938520989	0.24414889471906903	20	2	3	3	3	ENSG00000260565	1.0	False
0.001009863873882559	0.4577114427860697	0.1715737290687381	0.09554089011448719	7	7	16	4	9	ENSG00000274265	1.0	False
0.0012708915713449049	0.4626865671641791	0.2300791667509508	0.11051586929770316	7	7	16	5	11	ENSG00000008282	1.0	False
0.006640255687877665	0.4626865671641791	0.3810250836748252	0.3593025705857564	22	7	13	4	7	ENSG00000064012	1.0	False
0.011367100187720247	0.4626865671641791	0.6427131582170342	0.7014005602240896	7	7	8	3	6	ENSG00000068654	1.0	False
3.8021790511396105e-07	0.4626865671641791	0.002762524789629247	0.0013177400757700337	2	7	19	12	17	ENSG00000068697	1.0	False
0.0026823517499214074	0.4626865671641791	0.19078041846459887	0.17053096105351634	4	5	6	3	6	ENSG00000077235	1.0	False
0.004142766739800895	0.4626865671641791	0.26397768898680896	0.20559526172986567	14	7	15	4	13	ENSG00000083312	1.0	False
0.0010311613122931359	0.4626865671641791	0.15242175220870458	0.20613020316240957	10	7	18	7	13	ENSG00000085719	1.0	False
0.0013314270147493223	0.4626865671641791	0.2598633260620067	0.2819322888353828	10	7	17	7	14	ENSG00000090238	1.0	False
0.0055449605401388935	0.4626865671641791	0.25182437462988383	0.26641307505726075	16	7	13	4	10	ENSG00000092931	1.0	False
1.246336089191246e-05	0.4626865671641791	0.005912138582615176	0.010016056245458198	8	7	19	13	19	ENSG00000105372	1.0	False
0.001712271749007774	0.4626865671641791	0.11767503904423958	0.08162451583504218	9	7	18	8	14	ENSG00000106588	1.0	False
4.382717117499627e-05	0.4626865671641791	0.029073149613755962	0.019519519519519492	4	2	3	3	3	ENSG00000112357	1.0	False
9.349910747060988e-05	0.4626865671641791	0.1378170295408206	0.025068883554273117	3	5	10	3	7	ENSG00000117399	1.0	False
0.0061943701320317165	0.4626865671641791	0.40636176762031445	0.3334375651448822	14	6	9	4	7	ENSG00000119487	1.0	False
0.0033229740151103533	0.4626865671641791	0.12105392239790777	0.12042683397168341	4	7	17	5	10	ENSG00000119820	1.0	False
0.0013013702870845645	0.4626865671641791	0.10046940282836929	0.16469623085630325	5	7	18	10	14	ENSG00000120690	1.0	False
0.00039814906570212087	0.4626865671641791	0.05084792246288705	0.06147157135519808	5	7	14	5	10	ENSG00000122779	1.0	False
0.0010745361346178896	0.4626865671641791	0.15332224695628632	0.1981744670423916	6	7	18	6	12	ENSG00000126216	1.0	False
0.0013698433814835818	0.4626865671641791	0.06708922741119719	0.11935844417123057	2	6	10	3	7	ENSG00000139233	1.0	False
2.838628349908584e-06	0.4626865671641791	0.053541483016904694	0.012574848323732096	11	7	19	9	13	ENSG00000142089	1.0	False
0.00010600437686089501	0.4626865671641791	0.013953488372093058	0.016997167138810183	2	6	9	3	6	ENSG00000142655	1.0	False
0.024336317474472693	0.4626865671641791	0.18796892334410187	0.41577431245676866	4	7	15	4	10	ENSG00000148229	1.0	False
0.0016921797701872938	0.4626865671641791	0.1905458740787584	0.12764615030260895	7	7	18	8	12	ENSG00000151500	1.0	False
0.0007172286067479365	0.4626865671641791	0.10896291841041217	0.06466817496229263	6	5	10	4	8	ENSG00000154640	1.0	False
0.0008059052629338808	0.4626865671641791	0.08119356384793051	0.12599410393528035	5	6	9	3	6	ENSG00000162980	1.0	False
0.00024813051516052215	0.4626865671641791	0.0665198965547981	0.02855408372471756	2	7	11	3	7	ENSG00000163961	1.0	False
8.855418094526304e-05	0.4626865671641791	0.05839994293648594	0.026448169805878562	6	7	19	13	18	ENSG00000173113	1.0	False
2.1135132978641546e-05	0.4626865671641791	0.05528011014806789	0.01943301192738634	2	7	11	4	7	ENSG00000176171	1.0	False
2.316185236273267e-05	0.4626865671641791	0.02836752602753846	0.021769882775906454	2	7	19	10	15	ENSG00000179051	1.0	False
0.0002501667492343812	0.4626865671641791	0.04484841264819936	0.034371998404838816	7	7	12	3	9	ENSG00000179115	1.0	False
0.0008045381611754206	0.4626865671641791	0.09560414471375	0.10298114958785443	3	7	12	3	9	ENSG00000181826	1.0	False
0.0060921576187266775	0.4626865671641791	0.26312157677082093	0.2728712174524982	4	5	11	3	7	ENSG00000183087	1.0	False
0.00444215854044077	0.4626865671641791	0.3336858873557829	0.36767924716933376	19	7	13	4	8	ENSG00000186141	1.0	False
0.00032081008245958255	0.4626865671641791	0.0739301806276916	0.05602647745130718	5	7	16	6	12	ENSG00000197771	1.0	False
0.001413048211602446	0.4626865671641791	0.16133211454800261	0.13595558377036027	3	7	18	7	13	ENSG00000198663	1.0	False
0.00038213078595472963	0.4626865671641791	0.05389892676076883	0.038487728247430075	3	5	8	3	5	ENSG00000221946	1.0	False
0.003272695347936434	0.4626865671641791	0.30712901639520845	0.27091895104375596	22	7	14	5	10	ENSG00000231925	1.0	False
0.002472420190104759	0.4626865671641791	0.1751660781614698	0.15028490028490027	3	4	7	3	5	ENSG00000233822	1.0	False
5.58738171407955e-05	0.4626865671641791	0.04678520553550234	0.028340605275887026	9	7	18	8	15	ENSG00000275023	1.0	False
0.0006884406272007803	0.46766169154228854	0.08477169590707417	0.09044378956450647	7	7	17	6	12	ENSG00000007312	1.0	False
0.000219424066362204	0.46766169154228854	0.031640113317726946	0.032123109533737294	2	4	3	3	3	ENSG00000047932	1.0	False
0.0007964292727054473	0.46766169154228854	0.20370569422170948	0.09286995304616917	9	7	18	9	14	ENSG00000054116	1.0	False
0.0029202373053308995	0.46766169154228854	0.309041538326789	0.3016120092378753	9	7	13	4	9	ENSG00000061987	1.0	False
0.00414759439183751	0.46766169154228854	0.20054502944012853	0.17321396138593423	29	7	19	10	17	ENSG00000078304	1.0	False
0.00048667101394584626	0.46766169154228854	0.3156063994273286	0.2943995208146151	4	7	14	3	9	ENSG00000078589	1.0	False
0.00019239554209983702	0.46766169154228854	0.1333333333333333	0.038095238095238085	3	7	13	3	8	ENSG00000087077	1.0	False
0.0019242531312716727	0.46766169154228854	0.18642938280508578	0.21796682746550816	9	7	14	4	8	ENSG00000100055	1.0	False
0.003697959898875984	0.46766169154228854	0.22151427639878865	0.17540618725986365	13	5	9	3	6	ENSG00000100242	1.0	False
0.002696862205363893	0.46766169154228854	0.1616293908746739	0.20769298788575472	12	4	6	4	5	ENSG00000100997	1.0	False
0.004829856987250861	0.46766169154228854	0.38326858992476714	0.4587979482604818	14	7	11	4	7	ENSG00000102805	1.0	False
0.0010848320055358968	0.46766169154228854	0.07682492836452508	0.10865774077407742	5	3	4	3	4	ENSG00000103047	1.0	False
0.005696554114499835	0.46766169154228854	0.20182816939521103	0.2658108387630572	9	7	12	3	6	ENSG00000108599	1.0	False
0.0034429701017972213	0.46766169154228854	0.10328916510280706	0.1391858907856267	7	7	19	9	16	ENSG00000117362	1.0	False
0.015073615366583262	0.46766169154228854	0.19847541596604398	0.2658670504824351	9	6	8	3	6	ENSG00000125779	1.0	False
0.0032297278832786797	0.46766169154228854	0.47242963713551955	0.3376424798443147	9	5	6	3	4	ENSG00000128829	1.0	False
0.004550459643351073	0.46766169154228854	0.1762784226629432	0.15729105943391491	21	7	19	9	14	ENSG00000129657	1.0	False
0.0008864631520290935	0.46766169154228854	0.13156926475134073	0.09528811524609845	11	5	5	3	4	ENSG00000143376	1.0	False
0.0024949543912859092	0.46766169154228854	0.2572143708813729	0.18733407293339732	6	7	12	3	8	ENSG00000152464	1.0	False
0.002489896628413372	0.46766169154228854	0.31201223928648675	0.2895881644466016	8	6	10	3	7	ENSG00000162924	1.0	False
0.0076591590746713884	0.46766169154228854	0.272907630521035	0.33987126765599857	8	6	7	3	5	ENSG00000163322	1.0	False
0.0021678138629314743	0.46766169154228854	0.18745404638784868	0.19839987716019025	4	7	19	8	16	ENSG00000166925	1.0	False
0.0023606226170805084	0.46766169154228854	0.11584517102826647	0.1441140773449953	9	7	19	9	16	ENSG00000169689	1.0	False
0.004123627030557078	0.46766169154228854	0.22328312469681294	0.22484234834354738	8	7	14	4	6	ENSG00000174501	1.0	False
0.0022249396375525958	0.46766169154228854	0.12923614846691767	0.23076923076923075	3	5	6	3	4	ENSG00000188026	1.0	False
0.01066484034349799	0.46766169154228854	0.3019244058203838	0.25560224089635847	20	4	5	3	4	ENSG00000196712	1.0	False
0.0004545039397535442	0.46766169154228854	0.12081471962140185	0.09625083843872724	9	7	19	9	14	ENSG00000198055	1.0	False
0.000842230951793652	0.46766169154228854	0.2097277087229754	0.1560671769944989	5	7	11	4	8	ENSG00000198393	1.0	False
8.688439495669652e-05	0.46766169154228854	0.02706181037008104	0.02387989971598528	2	2	5	5	5	ENSG00000203668	1.0	False
0.00511107867560673	0.46766169154228854	0.18225671455234344	0.2623314465353267	22	7	17	5	11	ENSG00000205531	1.0	False
0.0004992963679688036	0.46766169154228854	0.06669639539204752	0.06981254040077568	5	2	3	3	3	ENSG00000243335	1.0	False
0.001318697632015614	0.46766169154228854	0.10723843464333759	0.145525830998053	6	7	18	7	15	ENSG00000272886	1.0	False
0.0017561920633621885	0.46766169154228854	0.09446318019940182	0.09915983205633014	9	7	19	10	17	ENSG00000273611	1.0	False
0.0015727418146238219	0.46766169154228854	0.15082002037689507	0.16845480700071924	6	6	9	3	6	ENSG00000281398	1.0	False
0.006065589780318145	0.472636815920398	0.31217239313520373	0.31219910240718074	9	5	8	3	7	ENSG00000002549	1.0	False
0.005067350877880827	0.472636815920398	0.23810947610450126	0.28092357330106876	15	4	5	3	4	ENSG00000004866	1.0	False
0.007480823678652692	0.472636815920398	0.22884572324227498	0.34010630424544164	5	3	5	3	4	ENSG00000006607	1.0	False
0.004734860551842662	0.472636815920398	0.35034405249800854	0.4569102081155019	15	5	12	4	8	ENSG00000018280	1.0	False
0.0040066450097634605	0.472636815920398	0.3507391420697832	0.37946608280723804	26	7	13	4	10	ENSG00000026508	1.0	False
0.0001171834533996836	0.472636815920398	0.041632171225191944	0.038632478632478644	3	7	12	3	7	ENSG00000065615	1.0	False
0.002059288846344564	0.472636815920398	0.11240887865677018	0.10228687788858722	7	7	19	8	14	ENSG00000068878	1.0	False
0.004263256818985606	0.472636815920398	0.45719732726229484	0.4687317187317187	15	3	5	3	5	ENSG00000077150	1.0	False
1.3859990530099709e-05	0.472636815920398	0.012499999999999978	0.01686340640809445	2	3	4	3	4	ENSG00000101986	1.0	False
0.026591577425981484	0.472636815920398	0.23911107962723885	0.21999023505614843	5	2	3	3	3	ENSG00000102531	1.0	False
0.002825637289795642	0.472636815920398	0.18674049406996843	0.26489491691104594	6	2	3	3	3	ENSG00000103353	1.0	False
0.0010510318051496202	0.472636815920398	0.18574892241470065	0.1467659758380404	10	7	17	7	14	ENSG00000103429	1.0	False
0.0007574874888277223	0.472636815920398	0.10382965485540473	0.07078611261018167	3	6	8	4	6	ENSG00000103642	1.0	False
0.002094431972565006	0.472636815920398	0.18572138169745556	0.08216494314966302	5	7	14	5	8	ENSG00000105298	1.0	False
0.01683889663861348	0.472636815920398	0.4786530588642662	0.4607142857142856	23	6	6	3	4	ENSG00000108433	1.0	False
0.0016754353610463168	0.472636815920398	0.13818727469011027	0.14802066838903244	8	7	16	6	11	ENSG00000111144	1.0	False
0.021865509059253857	0.472636815920398	0.22867284326436937	0.30510595578773925	5	7	14	5	10	ENSG00000113460	1.0	False
0.014421130818533098	0.472636815920398	0.3397758068489776	0.2693816335948316	8	2	3	3	3	ENSG00000115825	1.0	False
0.000212975363325993	0.472636815920398	0.07930328473699465	0.08289718932651219	10	7	17	5	14	ENSG00000119403	1.0	False
0.0013188426760598001	0.472636815920398	0.2004428729105699	0.15847253155159619	6	7	17	6	10	ENSG00000119953	1.0	False
0.0013467795128002948	0.472636815920398	0.09045758323737524	0.10340784920779457	3	7	15	4	11	ENSG00000123080	1.0	False
0.003868364635203718	0.472636815920398	0.15260662540074307	0.21430037632569277	5	4	6	3	4	ENSG00000125772	1.0	False
0.0062571471708474284	0.472636815920398	0.24322700918668375	0.3644000181331882	14	7	13	5	9	ENSG00000127463	1.0	False
0.0009518393535503972	0.472636815920398	0.1526186702666112	0.11600395270232336	8	7	18	8	13	ENSG00000129317	1.0	False
0.0027980380121009948	0.472636815920398	0.256504693185611	0.23673303535148313	9	7	11	3	8	ENSG00000130921	1.0	False
0.0012798710165201016	0.472636815920398	0.2620357712462976	0.2576502173832262	6	3	4	3	4	ENSG00000133739	1.0	False
0.012869752292684129	0.472636815920398	0.2653808617576734	0.30961452975169873	10	4	4	3	4	ENSG00000139624	1.0	False
0.0016218973460819654	0.472636815920398	0.1078313373704742	0.13235650812197186	8	7	19	11	16	ENSG00000140319	1.0	False
0.00046050166065910526	0.472636815920398	0.2613554310112884	0.2669133098604045	7	7	12	3	7	ENSG00000140678	1.0	False
0.0034850355989260234	0.472636815920398	0.37162684537684537	0.2982144618723489	17	6	11	3	7	ENSG00000143851	1.0	False
0.013355690602260651	0.472636815920398	0.14996656092490374	0.1737549031261143	5	2	3	3	3	ENSG00000154781	1.0	False
0.0004834222232469406	0.472636815920398	0.10343638227924686	0.08183781357055593	11	7	19	12	17	ENSG00000156411	1.0	False
0.00020999286505694873	0.472636815920398	0.037555243484366646	0.045454545454545435	6	6	12	4	8	ENSG00000157107	1.0	False
0.0004690818506362493	0.472636815920398	0.3483847728712306	0.3228677453068568	21	7	11	3	9	ENSG00000157540	1.0	False
0.0031270150623392925	0.472636815920398	0.10344020697435313	0.14647058432802607	6	6	9	3	7	ENSG00000161036	1.0	False
0.0002824888385568208	0.472636815920398	0.08950006962529793	0.06407957665430915	4	7	19	7	15	ENSG00000164543	1.0	False
0.000483105657323428	0.472636815920398	0.1292094528571126	0.09359702096441717	17	7	19	10	13	ENSG00000173821	1.0	False
0.005174585808258769	0.472636815920398	0.36136098566776165	0.3064613940022301	15	3	5	3	5	ENSG00000174227	1.0	False
0.0009650220753840213	0.472636815920398	0.10568307738459891	0.08936018580152236	15	7	18	9	13	ENSG00000178685	1.0	False
1.3130689572694491e-06	0.472636815920398	0.005491377655029393	0.003939974202370579	3	7	18	9	12	ENSG00000180370	1.0	False
6.737751898779785e-05	0.472636815920398	0.018726591760299595	0.015384615384615358	2	2	3	3	3	ENSG00000182685	1.0	False
5.373561291701507e-06	0.472636815920398	0.0022727272727272384	0.004926108374384234	2	5	6	3	4	ENSG00000186364	1.0	False
0.003035808648480821	0.472636815920398	0.23881471212732416	0.15028188865398165	6	6	9	4	6	ENSG00000196428	1.0	False
0.0045439847130488925	0.472636815920398	0.32709252835697156	0.29620598006644516	8	5	6	3	4	ENSG00000196459	1.0	False
7.070432625261658e-05	0.472636815920398	0.024326289673545477	0.030210376595066927	5	7	19	12	19	ENSG00000229117	1.0	False
7.904485691404332e-05	0.472636815920398	0.13722765709334156	0.0628505387805033	3	7	15	6	11	ENSG00000277632	1.0	False
0.001949482720564088	0.472636815920398	0.2378884635908194	0.18609570803918213	11	7	13	4	8	ENSG00000291237	1.0	False
1.5846831167562318e-07	0.47761194029850745	0.011041901188242713	0.0017750166407810325	4	6	9	3	6	ENSG00000005381	1.0	False
0.00027047745287559616	0.47761194029850745	0.08317999820001158	0.059344243533989476	12	7	8	3	6	ENSG00000008130	1.0	False
0.0010144412274215274	0.47761194029850745	0.05904604952427456	0.06612154249949526	4	2	3	3	3	ENSG00000013725	1.0	False
0.007990644775039798	0.47761194029850745	0.15226724561732122	0.21264620174843324	2	7	17	7	12	ENSG00000014123	1.0	False
0.012370382814061026	0.47761194029850745	0.27025183349695775	0.3230737162180133	11	7	18	7	13	ENSG00000069329	1.0	False
4.132682554592037e-06	0.47761194029850745	0.01637251637251636	0.004191114836546536	2	7	15	6	12	ENSG00000100994	1.0	False
0.0007372967079909726	0.47761194029850745	0.10217409079389064	0.12913100780292677	9	7	18	8	14	ENSG00000101365	1.0	False
0.006656223338065345	0.47761194029850745	0.16246945676903332	0.19495045649257933	4	2	3	3	3	ENSG00000106404	1.0	False
0.0010635474627921217	0.47761194029850745	0.08496016541993551	0.046117239887518924	3	2	3	3	3	ENSG00000113595	1.0	False
0.004426595760691154	0.47761194029850745	0.17623273995948485	0.25484664616192576	16	7	15	5	9	ENSG00000115317	1.0	False
1.9842074831186922e-05	0.47761194029850745	0.018723349366906717	0.008945956734232891	5	7	17	7	14	ENSG00000118680	1.0	False
0.001954625946352642	0.47761194029850745	0.2963177240348159	0.18504716431815538	15	7	16	5	10	ENSG00000119185	1.0	False
0.0013742574837003875	0.47761194029850745	0.1258977637703925	0.12743622258916976	14	7	19	9	15	ENSG00000119335	1.0	False
0.00016569218798744695	0.47761194029850745	0.1053274182598915	0.0707206803176419	7	7	19	8	14	ENSG00000126261	1.0	False
0.002896210387513311	0.47761194029850745	0.193593501233922	0.2089518400076368	5	4	9	5	6	ENSG00000127337	1.0	False
0.0077331511996271566	0.47761194029850745	0.36756114069056434	0.5567654578164947	6	5	7	3	5	ENSG00000130559	1.0	False
0.0032507502698092827	0.47761194029850745	0.27260477777559333	0.2601044750968923	6	6	11	4	8	ENSG00000131023	1.0	False
0.005129256418526196	0.47761194029850745	0.21105760703541515	0.25789683853238965	3	7	18	10	13	ENSG00000131495	1.0	False
0.0030375462879399743	0.47761194029850745	0.28949320517927674	0.24824719768539993	8	6	13	5	9	ENSG00000136286	1.0	False
0.0013178424906581936	0.47761194029850745	0.19325768126861903	0.10381518404907975	3	6	8	3	6	ENSG00000137054	1.0	False
2.262736826858379e-06	0.47761194029850745	0.007611138756396296	0.00523796622414884	2	7	16	8	12	ENSG00000144655	1.0	False
0.003786288384056753	0.47761194029850745	0.26920998022818454	0.24222315818427187	21	7	9	3	6	ENSG00000146872	1.0	False
0.00023759779557624327	0.47761194029850745	0.07460232082981978	0.044854335143650004	14	7	19	10	16	ENSG00000149923	1.0	False
0.00010596481181523394	0.47761194029850745	0.054502036163266335	0.06047595400893851	8	7	16	6	11	ENSG00000157326	1.0	False
8.899790067001209e-06	0.47761194029850745	0.01818651947779484	0.008995881654956857	4	7	14	7	11	ENSG00000158711	1.0	False
0.0008445890115824506	0.47761194029850745	0.16593000519270842	0.09614524147727271	10	7	18	6	11	ENSG00000159459	1.0	False
0.0014553661537536086	0.47761194029850745	0.11103567237931279	0.3169537734203527	9	7	17	7	15	ENSG00000160908	1.0	False
0.004964586564386248	0.47761194029850745	0.1860105605600431	0.12594535519125685	11	2	3	3	3	ENSG00000167895	1.0	False
0.0013086249178782846	0.47761194029850745	0.1819583039802354	0.1276076851105294	19	7	19	12	18	ENSG00000168028	1.0	False
0.00019087745556672136	0.47761194029850745	0.06540348584497513	0.07439367817854978	5	7	18	7	12	ENSG00000169288	1.0	False
0.0012387951567561604	0.47761194029850745	0.15704933454456196	0.1400137268359643	16	7	12	3	9	ENSG00000171503	1.0	False
0.0018639760892528376	0.47761194029850745	0.14472536605524172	0.1635610170420297	10	7	18	6	13	ENSG00000172239	1.0	False
0.00024375055756565618	0.47761194029850745	0.11618773006030288	0.04443979913690187	2	7	18	7	12	ENSG00000182768	1.0	False
0.0019020167648143877	0.47761194029850745	0.05495446624854579	0.08217598347234964	5	7	19	9	15	ENSG00000183726	1.0	False
0.005105396153141086	0.47761194029850745	0.26441947331836146	0.20588650081796134	8	2	3	3	3	ENSG00000185246	1.0	False
0.0008451281913534911	0.47761194029850745	0.20895015083717136	0.1873140495867769	14	5	8	3	6	ENSG00000203747	1.0	False
9.399641074835034e-05	0.47761194029850745	0.019576719576719526	0.013333333333333322	2	2	3	3	3	ENSG00000225138	1.0	False
0.0024832628414543237	0.47761194029850745	0.12125811118130365	0.12764074703452205	10	7	15	6	10	ENSG00000234545	1.0	False
0.006008985928966531	0.47761194029850745	0.31324689887656104	0.2247191011235955	4	4	5	3	4	ENSG00000273247	1.0	False
0.004677183451563032	0.47761194029850745	0.4334777869814777	0.5744949494949495	22	6	8	3	6	ENSG00000291171	1.0	False
0.0003019267652622418	0.48258706467661694	0.14098725175997426	0.03888818001835748	6	7	11	3	7	ENSG00000005379	1.0	False
0.0014505439198946382	0.48258706467661694	0.07759978991596637	0.11076923076923074	5	3	6	3	5	ENSG00000011405	1.0	False
2.9303673463458375e-06	0.48258706467661694	0.0066832530238385085	0.007067137809187309	4	7	18	6	11	ENSG00000066135	1.0	False
0.00043757389770793047	0.48258706467661694	0.0765322825912646	0.06702456403017013	5	7	18	12	16	ENSG00000067167	1.0	False
0.015516904124820353	0.48258706467661694	0.2840949992424794	0.3077542513381649	9	6	8	3	5	ENSG00000086504	1.0	False
0.0009398934064972818	0.48258706467661694	0.14813570723299047	0.1645495462736257	8	7	17	4	12	ENSG00000088727	1.0	False
0.0003016550002710066	0.48258706467661694	0.045607705654881606	0.04109552000955285	3	7	18	6	13	ENSG00000100347	1.0	False
2.684660274830547e-05	0.48258706467661694	0.047092734040758526	0.017535379487523598	8	7	19	13	19	ENSG00000101608	1.0	False
0.0026735596463078925	0.48258706467661694	0.17947900050582238	0.2231281694342249	10	7	16	5	10	ENSG00000104517	1.0	False
0.03279083302125757	0.48258706467661694	0.35750470809792845	0.3934184095474418	3	5	6	3	5	ENSG00000105516	1.0	False
0.0003394752009046136	0.48258706467661694	0.05187560357246243	0.06587338182753508	4	7	17	7	11	ENSG00000105619	1.0	False
0.0023107058079574155	0.48258706467661694	0.19210523872868523	0.21239844252996903	4	6	10	3	7	ENSG00000110046	1.0	False
0.002845395784998885	0.48258706467661694	0.1620662396243273	0.1544941081287114	13	7	12	4	9	ENSG00000110768	1.0	False
0.0004954240448040643	0.48258706467661694	0.10827581951298329	0.03342299262801354	4	2	3	3	3	ENSG00000117877	1.0	False
0.0037979790493195766	0.48258706467661694	0.3090298472537784	0.20269642026964202	8	2	3	3	3	ENSG00000120451	1.0	False
0.009715661047177242	0.48258706467661694	0.2263120687450062	0.1652577170185015	5	2	3	3	3	ENSG00000120925	1.0	False
0.0015264187678574014	0.48258706467661694	0.12909991712427138	0.12582168782956188	5	7	14	5	8	ENSG00000125304	1.0	False
0.0008480981801681627	0.48258706467661694	0.18209144415574652	0.13358493533042418	4	7	11	4	8	ENSG00000128923	1.0	False
0.0012827684169042636	0.48258706467661694	0.26906324862970105	0.43636875553052856	10	7	13	3	8	ENSG00000129566	1.0	False
0.0005166870478589006	0.48258706467661694	0.10399514689538207	0.10999891232717199	2	7	18	7	13	ENSG00000134590	1.0	False
0.0018695612255405782	0.48258706467661694	0.14639078541853792	0.1381182555366852	18	7	18	8	13	ENSG00000140455	1.0	False
0.0005237981170516552	0.48258706467661694	0.06963333170915467	0.09466524384443262	4	7	14	5	11	ENSG00000146842	1.0	False
0.0021391460876295045	0.48258706467661694	0.11699384113177219	0.09071428571428573	5	2	3	3	3	ENSG00000157657	1.0	False
0.007907484733856208	0.48258706467661694	0.29993175177538317	0.2899237254114813	25	7	15	5	10	ENSG00000166986	1.0	False
1.5294236291374e-05	0.48258706467661694	0.013798911556604966	0.005914247580914274	2	7	16	4	12	ENSG00000169019	1.0	False
0.0027880659740440006	0.48258706467661694	0.20703611986294015	0.20598107194674162	8	7	16	6	12	ENSG00000169228	1.0	False
0.021148407990232924	0.48258706467661694	0.2618830596964722	0.253852140077821	4	2	3	3	3	ENSG00000170456	1.0	False
0.002932257671104477	0.48258706467661694	0.12111742086461189	0.10631669649367004	3	4	5	3	4	ENSG00000171763	1.0	False
0.0027181050424851475	0.48258706467661694	0.14574458583521155	0.2339307048984468	6	3	6	3	5	ENSG00000179456	1.0	False
0.000741193329367189	0.48258706467661694	0.10773605616026366	0.11664855741237479	7	7	18	9	13	ENSG00000184203	1.0	False
0.01095996620075558	0.48258706467661694	0.3805366606764452	0.4193548387096774	25	5	5	3	5	ENSG00000187790	1.0	False
0.0020742846052304274	0.48258706467661694	0.19957536697612194	0.13565457181938048	15	7	19	12	18	ENSG00000196262	1.0	False
0.0036990057328347265	0.48258706467661694	0.23061876450900012	0.20518753156130928	12	7	14	5	8	ENSG00000198586	1.0	False
0.004707252709684067	0.48258706467661694	0.2721250221984345	0.2230994811639973	10	7	11	4	8	ENSG00000213923	1.0	False
0.0033693534448188097	0.48258706467661694	0.09894928820367412	0.1843630445954434	4	2	3	3	3	ENSG00000213967	1.0	False
3.343338505617428e-05	0.48258706467661694	0.0047337278106509215	0.012461059190031154	2	6	9	3	7	ENSG00000228727	1.0	False
1.3303269320934259e-05	0.48258706467661694	0.005813953488372098	0.01001669449081801	2	7	10	3	6	ENSG00000257093	1.0	False
0.00016494340957972384	0.48258706467661694	0.05480147388847925	0.0443626605951876	23	7	19	13	19	ENSG00000265681	1.0	False
0.0015935429626036707	0.48756218905472637	0.07713853063166808	0.1442029467522533	14	5	5	3	3	ENSG00000015171	1.0	False
0.0005033692993231898	0.48756218905472637	0.04736093635834484	0.06158958305147723	7	7	18	9	15	ENSG00000053501	1.0	False
0.013115410109243173	0.48756218905472637	0.4411349378101296	0.5131474103585657	19	3	4	3	3	ENSG00000064933	1.0	False
5.6399176582237915e-06	0.48756218905472637	0.06612917166903097	0.05277390159244032	3	6	12	3	8	ENSG00000066336	1.0	False
0.0027803746518056715	0.48756218905472637	0.19303284974467236	0.15066751430387793	5	4	6	3	4	ENSG00000077684	1.0	False
0.011434991008647893	0.48756218905472637	0.12800647548566144	0.21414854484474743	3	6	8	3	5	ENSG00000087995	1.0	False
4.685734688634369e-06	0.48756218905472637	0.013289660387790638	0.01279218527902906	5	7	18	7	11	ENSG00000101695	1.0	False
0.00023998966831097066	0.48756218905472637	0.1804549430796254	0.0805939820976388	10	7	18	11	17	ENSG00000102317	1.0	False
0.00012669347770037154	0.48756218905472637	0.06951783414367951	0.040172462273877614	5	7	17	6	12	ENSG00000117751	1.0	False
0.0010894735282307383	0.48756218905472637	0.0924009779590202	0.133881546258571	13	7	14	5	10	ENSG00000120992	1.0	False
0.0005734774428354602	0.48756218905472637	0.12222787147736408	0.09720590155372763	9	7	13	4	9	ENSG00000122068	1.0	False
6.7381518677575855e-06	0.48756218905472637	0.02712471618646302	0.012554025924461025	10	7	19	13	19	ENSG00000122406	1.0	False
0.00011084779930490454	0.48756218905472637	0.04647774348841211	0.047959583462401	2	7	19	11	16	ENSG00000127774	1.0	False
0.004391827487461677	0.48756218905472637	0.25716392651233827	0.2542906628877342	13	6	10	3	8	ENSG00000129187	1.0	False
0.0007225534004666001	0.48756218905472637	0.17404293738684973	0.15699263062018717	7	7	17	6	12	ENSG00000131375	1.0	False
0.003837207799169525	0.48756218905472637	0.19540146262902655	0.16703543787186423	13	7	19	7	13	ENSG00000131558	1.0	False
0.004464345915891117	0.48756218905472637	0.2236094352572045	0.26811594202898553	23	7	13	4	9	ENSG00000134759	1.0	False
1.936614831554997e-05	0.48756218905472637	0.02237971229705112	0.01998154606097602	6	7	13	7	9	ENSG00000137265	1.0	False
0.0009875919554500805	0.48756218905472637	0.10041431204630388	0.10421029668411866	9	7	13	4	11	ENSG00000141076	1.0	False
6.407731606741923e-05	0.48756218905472637	0.05164118512368451	0.04466097971617206	5	7	18	9	14	ENSG00000166557	1.0	False
0.00011934004807668028	0.48756218905472637	0.0664010073667846	0.029887920298879204	4	7	16	5	12	ENSG00000171161	1.0	False
0.0007516110298022691	0.48756218905472637	0.09058358422822203	0.061673177960393386	2	7	14	4	9	ENSG00000174132	1.0	False
7.891378208404506e-05	0.48756218905472637	0.04789706939210249	0.05316489824317272	4	7	19	10	17	ENSG00000176101	1.0	False
0.002030037723651286	0.48756218905472637	0.15198956294846702	0.11570247933884295	5	4	6	3	4	ENSG00000183763	1.0	False
0.00018016472946273684	0.48756218905472637	0.02980442864069828	0.029197080291970785	2	2	3	3	3	ENSG00000185838	1.0	False
1.8137403773971513e-08	0.48756218905472637	0.001278528078359451	0.0009359506360665216	4	7	19	12	18	ENSG00000197746	1.0	False
0.0176199287854146	0.48756218905472637	0.17885329186456358	0.27511244377811095	8	2	3	3	3	ENSG00000197971	1.0	False
0.005663673762653605	0.48756218905472637	0.3015709086739033	0.22252615844544096	6	6	12	4	7	ENSG00000198839	1.0	False
1.3823718964925262e-05	0.48756218905472637	0.012449586077308585	0.018108434386205147	4	2	3	3	3	ENSG00000205809	1.0	False
0.0010279407603451373	0.48756218905472637	0.08430443365136017	0.0794691162085005	5	7	17	8	13	ENSG00000244038	1.0	False
0.0011563809139630587	0.48756218905472637	0.13403609901213415	0.10753968253968256	6	6	9	3	5	ENSG00000260456	1.0	False
0.003963029198597519	0.48756218905472637	0.3808245106393855	0.41973777462792344	3	4	5	3	4	ENSG00000291175	1.0	False
0.005023365224641276	0.4925373134328358	0.13417550191743743	0.09618432971014493	4	2	3	3	3	ENSG00000004809	1.0	False
5.16971963813539e-05	0.4925373134328358	0.008264462809917397	0.01689189189189189	2	7	15	4	10	ENSG00000014164	1.0	False
0.0005005472390231081	0.4925373134328358	0.1273334076397522	0.1902135617545348	11	7	19	11	16	ENSG00000055950	1.0	False
3.5725774546194755e-06	0.4925373134328358	0.010546811532249772	0.007559538576033705	9	7	19	13	18	ENSG00000083845	1.0	False
0.00039245296215884625	0.4925373134328358	0.07978937070161295	0.07632958801498131	11	7	13	4	10	ENSG00000088682	1.0	False
0.0006098864574011953	0.4925373134328358	0.07452218681030452	0.07433639134255468	10	7	16	5	11	ENSG00000100564	1.0	False
5.0092090098093197e-08	0.4925373134328358	0.005502048498327521	0.0013907625141886856	3	7	19	9	16	ENSG00000101439	1.0	False
0.0025568706224885383	0.4925373134328358	0.24461271473666607	0.18049799335079672	18	6	13	4	9	ENSG00000102575	1.0	False
0.000240549941716622	0.4925373134328358	0.04523250467035839	0.04600005808312645	6	7	13	6	11	ENSG00000108479	1.0	False
0.00842926292868331	0.4925373134328358	0.15896446266171868	0.2387200448491423	15	7	15	7	10	ENSG00000109118	1.0	False
0.0005891119028560362	0.4925373134328358	0.08400091109301523	0.09834502103786814	3	7	16	3	10	ENSG00000124541	1.0	False
8.305787121827838e-06	0.4925373134328358	0.008668358304678343	0.00850709504668545	9	7	19	13	19	ENSG00000124614	1.0	False
0.00331913550163502	0.4925373134328358	0.26574231210367333	0.288649018070715	13	7	15	3	11	ENSG00000126522	1.0	False
0.006384689078271665	0.4925373134328358	0.27685185185185185	0.28981544771018447	19	3	3	3	3	ENSG00000130475	1.0	False
0.006034314808719781	0.4925373134328358	0.3657482992938738	0.5437826541274817	54	7	14	5	9	ENSG00000132155	1.0	False
0.0026636702962028833	0.4925373134328358	0.3139055312818771	0.20249649445987192	8	3	5	3	5	ENSG00000133641	1.0	False
0.012189134844066331	0.4925373134328358	0.1456466090078715	0.2718373742371763	9	6	11	3	10	ENSG00000137692	1.0	False
4.9090814330492525e-06	0.4925373134328358	0.012663618432849223	0.014893617021276579	4	7	17	5	10	ENSG00000143545	1.0	False
0.0006891834910365744	0.4925373134328358	0.09847501208507771	0.03325490222979855	3	7	16	6	12	ENSG00000144231	1.0	False
0.0029913007615891105	0.4925373134328358	0.19589008804911678	0.17436170794379746	19	7	15	7	12	ENSG00000147162	1.0	False
0.0011378507466622302	0.4925373134328358	0.12942896269889576	0.06890462412783509	7	6	11	3	8	ENSG00000149792	1.0	False
0.0008320891500274519	0.4925373134328358	0.1407539754494781	0.08400088526636668	5	7	17	6	12	ENSG00000151502	1.0	False
0.0005903577180824969	0.4925373134328358	0.04554575974117965	0.0898240949665623	4	2	3	3	3	ENSG00000153896	1.0	False
0.004042022862735036	0.4925373134328358	0.28502426461577457	0.38386334336055006	7	5	7	3	6	ENSG00000156171	1.0	False
0.0005979440973853569	0.4925373134328358	0.15504482711449147	0.11822752985543683	9	7	15	5	12	ENSG00000158092	1.0	False
9.451432495564351e-05	0.4925373134328358	0.061252411337669684	0.02443507388413943	11	7	19	10	16	ENSG00000159352	1.0	False
6.193523032456734e-06	0.4925373134328358	0.0035236081747709487	0.007836990595611278	2	6	9	3	7	ENSG00000169957	1.0	False
0.00032559557536180115	0.4925373134328358	0.04066856461920499	0.05978253644165785	7	7	19	13	19	ENSG00000170315	1.0	False
0.0005399545263035386	0.4925373134328358	0.10443828466248142	0.08840428832676486	7	7	18	10	15	ENSG00000171604	1.0	False
0.0027298151536300002	0.4925373134328358	0.1542081902062041	0.0833737637618959	6	2	3	3	3	ENSG00000186432	1.0	False
0.008121788135484741	0.4925373134328358	0.3159986730696323	0.3509813232035454	10	3	4	3	3	ENSG00000186827	1.0	False
0.006172969939833815	0.4925373134328358	0.3095545142052432	0.32866233515217297	28	7	14	4	9	ENSG00000188603	1.0	False
0.0031262553806960837	0.4925373134328358	0.19109806783775854	0.21326906592954373	9	7	17	6	13	ENSG00000197006	1.0	False
0.0010746528490976342	0.4925373134328358	0.10070767093434585	0.006084646384512029	2	2	3	3	3	ENSG00000211892	1.0	False
5.121217242429404e-06	0.4925373134328358	0.005555555555555546	0.005494505494505485	2	2	3	3	3	ENSG00000274512	1.0	False
5.9163155610500365e-05	0.4975124378109453	0.01763668430335097	0.030120481927710864	4	2	3	3	3	ENSG00000075303	1.0	False
0.003459009571242229	0.4975124378109453	0.16601895236512124	0.24412321302355278	4	7	8	3	7	ENSG00000096060	1.0	False
0.0003480915579828153	0.4975124378109453	0.044973544973544985	0.05337078651685391	2	5	5	3	4	ENSG00000096433	1.0	False
0.0019600134836020534	0.4975124378109453	0.21046230359291895	0.15662225183211193	8	4	6	3	5	ENSG00000100599	1.0	False
0.0004520592539794044	0.4975124378109453	0.04270983965751407	0.03125853658536589	2	7	17	6	12	ENSG00000102753	1.0	False
9.475724870184676e-05	0.4975124378109453	0.04347959215544984	0.023367861963836736	5	7	19	9	17	ENSG00000104897	1.0	False
4.406643634965544e-07	0.4975124378109453	0.0046770114864880166	0.0015781167806417796	2	7	18	7	14	ENSG00000105248	1.0	False
0.0032668369974203667	0.4975124378109453	0.21751263716710179	0.25609822729480336	7	7	17	6	12	ENSG00000110367	1.0	False
0.0037013878496571758	0.4975124378109453	0.22222951740609814	0.1876367805267522	15	7	11	3	8	ENSG00000112159	1.0	False
0.0014709237144142373	0.4975124378109453	0.20669110487507075	0.138990638990639	7	2	3	3	3	ENSG00000114013	1.0	False
0.017789088819251297	0.4975124378109453	0.1788993862108902	0.3022657770364192	5	7	19	6	13	ENSG00000119285	1.0	False
0.002258363523221447	0.4975124378109453	0.16386235268091814	0.13158696314346635	6	2	3	3	3	ENSG00000122557	1.0	False
0.01242214559641158	0.4975124378109453	0.34698835390133975	0.3784578696343402	8	7	11	3	7	ENSG00000128563	1.0	False
0.001040832408860516	0.4975124378109453	0.07539682539682542	0.08173076923076925	4	2	3	3	3	ENSG00000129473	1.0	False
5.8358743281895606e-05	0.4975124378109453	0.02077570073679027	0.008073666753949521	3	2	3	3	3	ENSG00000130764	1.0	False
0.0025490848890620736	0.4975124378109453	0.14948903562388285	0.15890434632333883	5	6	10	3	6	ENSG00000130856	1.0	False
0.002153022770048098	0.4975124378109453	0.1604785500291237	0.2194722998520467	8	7	18	8	14	ENSG00000135829	1.0	False
0.000793134048677555	0.4975124378109453	0.16124916472530257	0.13833583031067653	8	7	13	4	10	ENSG00000138758	1.0	False
0.007235532288124926	0.4975124378109453	0.2197097010634932	0.1991341991341991	2	3	4	3	4	ENSG00000139574	1.0	False
0.0007726357707853513	0.4975124378109453	0.06094229973916221	0.09354393121449703	11	7	19	10	14	ENSG00000140299	1.0	False
0.00741347739356448	0.4975124378109453	0.2249283295974389	0.20881424655009562	15	6	12	5	8	ENSG00000142875	1.0	False
0.0017063086724242549	0.4975124378109453	0.13611060476522	0.14273541462707134	5	4	6	3	5	ENSG00000145781	1.0	False
0.003963958673054142	0.4975124378109453	0.2688648608202912	0.28306721273528584	27	5	9	3	6	ENSG00000157601	1.0	False
0.0001311338510795884	0.4975124378109453	0.07011154916494591	0.09894354224987303	5	7	12	3	7	ENSG00000159339	1.0	False
0.0033643136285538442	0.4975124378109453	0.39209312351543	0.546055835091706	5	5	7	3	5	ENSG00000160959	1.0	False
0.0002765191462796681	0.4975124378109453	0.05277249583438221	0.04054054054054056	5	6	10	3	6	ENSG00000163956	1.0	False
0.0020483995310878436	0.4975124378109453	0.11962511477709876	0.22038997160682208	6	7	18	9	14	ENSG00000164307	1.0	False
0.0020046899676023975	0.4975124378109453	0.09100975000304928	0.17411495490644768	4	2	3	3	3	ENSG00000164414	1.0	False
0.008139323998092255	0.4975124378109453	0.32685735852876735	0.32792929424992806	20	5	6	3	4	ENSG00000164828	1.0	False
1.1764895717407361e-05	0.4975124378109453	0.019020092769647372	0.008917959355319896	6	7	19	13	18	ENSG00000166794	1.0	False
0.007114889930150442	0.4975124378109453	0.13951286532091617	0.16523351595097463	5	7	18	10	14	ENSG00000167397	1.0	False
0.007882877738009617	0.4975124378109453	0.1239199950230186	0.15337898953353146	5	2	3	3	3	ENSG00000168404	1.0	False
0.0013813564718550193	0.4975124378109453	0.09483484643759335	0.09822582840035383	10	7	17	4	11	ENSG00000171720	1.0	False
9.842155183859794e-05	0.4975124378109453	0.06481481481481485	0.05223880597014927	2	6	11	3	6	ENSG00000171813	1.0	False
0.0037508675653617073	0.4975124378109453	0.0954389114972578	0.1868767438043657	10	7	14	4	10	ENSG00000177963	1.0	False
0.000541013363340209	0.4975124378109453	0.07395676497208457	0.11060342018234123	10	7	19	7	15	ENSG00000179262	1.0	False
0.005481113463034605	0.4975124378109453	0.2916981625491184	0.17314082170922043	3	4	4	3	4	ENSG00000180953	1.0	False
0.001624269353128282	0.4975124378109453	0.07008494135002027	0.09147476727094563	8	2	3	3	3	ENSG00000187147	1.0	False
0.0025304277057176076	0.4975124378109453	0.22496878196253872	0.38581085300362183	6	6	5	3	4	ENSG00000196214	1.0	False
0.0010395615801417368	0.4975124378109453	0.18413021719055145	0.16508743387302063	9	7	15	5	9	ENSG00000197930	1.0	False
0.006038482786470351	0.4975124378109453	0.46292005678447323	0.49270557029177714	23	5	7	3	4	ENSG00000198836	1.0	False
0.00196473230974457	0.4975124378109453	0.2288343452161638	0.2760130533851489	3	7	17	6	16	ENSG00000198961	1.0	False
0.004002377922127483	0.4975124378109453	0.27547679770763805	0.3379742429516185	9	7	12	4	8	ENSG00000204138	1.0	False
0.001185746925017145	0.4975124378109453	0.1168727761864644	0.1607914432983552	4	6	14	6	9	ENSG00000213185	1.0	False
0.0006169018582500726	0.4975124378109453	0.09244919247965463	0.09871224027563402	5	7	18	9	13	ENSG00000213689	1.0	False
0.0005324529022952952	0.5024875621890548	0.2525380014289733	0.347997073349186	5	7	17	4	10	ENSG00000029993	1.0	False
0.00472652221913713	0.5024875621890548	0.40554438806854265	0.30422698320787495	20	7	14	3	8	ENSG00000031823	1.0	False
0.0008147887200429699	0.5024875621890548	0.11399526533770747	0.11859194489679689	10	7	19	12	18	ENSG00000080824	1.0	False
0.0001913881019808383	0.5024875621890548	0.03486744956324066	0.01972176759410804	2	2	3	3	3	ENSG00000083444	1.0	False
0.008426825340636414	0.5024875621890548	0.2538560170204395	0.32315619144949753	6	4	7	4	6	ENSG00000085872	1.0	False
5.128133007065926e-05	0.5024875621890548	0.010928604021225113	0.019191431037963863	13	7	19	13	18	ENSG00000089009	1.0	False
0.0005672463872632677	0.5024875621890548	0.07636750538442524	0.0760526468107101	16	7	19	12	17	ENSG00000100902	1.0	False
3.316076543991763e-05	0.5024875621890548	0.016036381083481675	0.021512344755846655	6	7	17	7	13	ENSG00000104679	1.0	False
0.0010754479276079481	0.5024875621890548	0.13209170152458719	0.10002420162150863	9	7	11	3	8	ENSG00000105607	1.0	False
0.0048329397317231106	0.5024875621890548	0.2064857498513421	0.29601983427069123	7	7	14	4	9	ENSG00000106397	1.0	False
2.0414246119370708e-05	0.5024875621890548	0.0033333333333333166	0.008676789587852472	2	5	8	3	6	ENSG00000107185	1.0	False
0.0064175777290757146	0.5024875621890548	0.4563728470111449	0.3853471054527985	23	5	9	3	6	ENSG00000110075	1.0	False
2.56750841322644e-05	0.5024875621890548	0.007337975712749509	0.012946586487442516	2	4	7	3	6	ENSG00000110400	1.0	False
1.6898002284675244e-06	0.5024875621890548	0.008291323298001207	0.0034434397279500223	3	7	19	13	18	ENSG00000111775	1.0	False
0.0004306297887799671	0.5024875621890548	0.052999087082371346	0.06276863822542854	9	7	12	4	8	ENSG00000112511	1.0	False
8.571647080806222e-05	0.5024875621890548	0.04263703314848972	0.043299844954144184	4	7	15	5	11	ENSG00000113194	1.0	False
2.932565724354349e-05	0.5024875621890548	0.006122448979591874	0.008293020041465125	2	7	16	5	11	ENSG00000113504	1.0	False
0.004324494001475713	0.5024875621890548	0.08151443744945812	0.16435472204216256	8	7	19	9	16	ENSG00000114956	1.0	False
0.0010538142962084318	0.5024875621890548	0.11571543961354452	0.11501099295553462	3	6	9	3	7	ENSG00000127993	1.0	False
0.0007060128667855609	0.5024875621890548	0.14297887406404808	0.1673495777265931	4	6	8	4	6	ENSG00000131943	1.0	False
0.009374684767212062	0.5024875621890548	0.2493516998567776	0.3071606720924127	8	6	11	3	7	ENSG00000132386	1.0	False
0.0037487687371569496	0.5024875621890548	0.19561175473010378	0.24636563876651982	21	7	19	8	13	ENSG00000132676	1.0	False
0.00731221676308035	0.5024875621890548	0.06393531052829837	0.21442348556670698	2	2	3	3	3	ENSG00000135604	1.0	False
0.010452974283167734	0.5024875621890548	0.07566932247520687	0.2064573183976169	4	7	16	6	11	ENSG00000135940	1.0	False
0.0001294146546934334	0.5024875621890548	0.02926674869380689	0.02750073335288939	3	2	3	3	3	ENSG00000139651	1.0	False
0.01645995035179809	0.5024875621890548	0.16990064298125	0.2687781055860258	6	7	18	7	13	ENSG00000143119	1.0	False
0.0018963629118994752	0.5024875621890548	0.2778225390036596	0.16225819186735096	13	6	9	4	6	ENSG00000146067	1.0	False
0.03557616967119383	0.5024875621890548	0.46360134742906395	0.4695502537478854	17	4	7	3	5	ENSG00000156515	1.0	False
0.003580928296543837	0.5024875621890548	0.28399092087028466	0.28569626071360976	21	7	17	7	12	ENSG00000161526	1.0	False
0.003404094997540988	0.5024875621890548	0.13224228199583976	0.1488862251523324	8	6	8	3	5	ENSG00000164062	1.0	False
0.0001112639764025462	0.5024875621890548	0.040993636634577384	0.02671827264797789	8	7	19	11	16	ENSG00000168002	1.0	False
0.005793503076465266	0.5024875621890548	0.16343174274123828	0.28929320314320206	32	7	18	8	13	ENSG00000168003	1.0	False
0.0025154927942934047	0.5024875621890548	0.19246935160993678	0.12807480722485207	14	4	6	3	5	ENSG00000182185	1.0	False
0.005445463537325686	0.5024875621890548	0.4106820813829744	0.4116485452400263	27	7	14	4	10	ENSG00000182220	1.0	False
0.0012001264408938069	0.5024875621890548	0.12739676679957615	0.0864795936199044	8	7	15	5	10	ENSG00000182362	1.0	False
0.0005407232765172688	0.5024875621890548	0.05390019087973172	0.08068827604827054	4	7	19	9	14	ENSG00000189266	1.0	False
0.0033505771326863493	0.5024875621890548	0.2191714734230228	0.14181300427147603	7	5	7	3	5	ENSG00000196511	1.0	False
4.865710082861201e-06	0.5024875621890548	0.007575757575757628	0.008426966292134814	3	7	17	7	12	ENSG00000197136	1.0	False
0.0024819779727088508	0.5024875621890548	0.18852836040462112	0.29598918946353353	6	7	19	9	15	ENSG00000197471	1.0	False
0.0044773150513325545	0.5024875621890548	0.2722244118060808	0.324063913686789	14	3	4	3	4	ENSG00000197530	1.0	False
0.00013799417498579537	0.5024875621890548	0.06615228071139434	0.0751248972650087	7	7	19	10	16	ENSG00000197536	1.0	False
0.002494364747381423	0.5024875621890548	0.34064979120983263	0.24539364527871665	54	7	17	8	13	ENSG00000223482	1.0	False
3.128340829490386e-05	0.5024875621890548	0.025600364547732964	0.014084507042253511	3	7	16	5	12	ENSG00000225921	1.0	False
0.0051498443263713264	0.5024875621890548	0.15364986483013007	0.19818027011227848	5	7	18	7	13	ENSG00000242114	1.0	False
0.004995095560681378	0.5024875621890548	0.2455248691830059	0.23744573967456584	9	7	13	5	7	ENSG00000260916	1.0	False
0.012962687405070766	0.5024875621890548	0.4752169574508406	0.329216748117818	19	2	3	3	3	ENSG00000291075	1.0	False
0.0026565298049726913	0.5074626865671642	0.13126904272892206	0.12086336530982632	4	6	6	3	4	ENSG00000007038	1.0	False
0.0016441629940744556	0.5074626865671642	0.06407475067911209	0.0858405854772574	7	2	3	3	3	ENSG00000022556	1.0	False
0.00042101740300424834	0.5074626865671642	0.12364916922973282	0.12511235233692858	6	7	14	4	10	ENSG00000023330	1.0	False
0.002459890357021292	0.5074626865671642	0.27808050920410937	0.35855655794587094	11	6	10	3	7	ENSG00000044574	1.0	False
0.002015760629603066	0.5074626865671642	0.22828529120322436	0.12145200890296233	3	6	6	3	4	ENSG00000051620	1.0	False
0.016042867357311245	0.5074626865671642	0.5363241681947928	0.5040878736815828	6	6	8	3	5	ENSG00000064102	1.0	False
0.004149363387121819	0.5074626865671642	0.2482855640537538	0.3171046644613057	23	4	7	4	5	ENSG00000072210	1.0	False
0.007679322564364908	0.5074626865671642	0.24716958055993174	0.33694639629357737	8	7	14	4	9	ENSG00000087157	1.0	False
0.000726660457998447	0.5074626865671642	0.20495754267254454	0.07766527119270994	9	7	17	6	10	ENSG00000089022	1.0	False
0.002819063161933172	0.5074626865671642	0.12909199722877238	0.17994291214444555	5	6	9	3	8	ENSG00000101052	1.0	False
0.00376864186336985	0.5074626865671642	0.1825931353808249	0.1943261626942432	3	5	8	3	6	ENSG00000101460	1.0	False
0.0009301558802080214	0.5074626865671642	0.1515405700333507	0.16731106190430348	10	7	17	6	13	ENSG00000103994	1.0	False
0.0008233004424975408	0.5074626865671642	0.14242711587751117	0.08255062503787294	5	7	16	5	10	ENSG00000105851	1.0	False
0.00015940234779471195	0.5074626865671642	0.1446014598203045	0.11742167747341344	8	5	6	3	4	ENSG00000107551	1.0	False
0.00481929690157985	0.5074626865671642	0.22214074166611408	0.29936246306950703	15	7	15	5	10	ENSG00000110619	1.0	False
0.01897393584348743	0.5074626865671642	0.34971249565899554	0.2695428458341579	6	3	5	3	4	ENSG00000112419	1.0	False
0.00043369863208004536	0.5074626865671642	0.09864631860701843	0.08236928118164655	7	7	15	5	9	ENSG00000115274	1.0	False
0.00011550269881848112	0.5074626865671642	0.11206119818442177	0.03421896733376821	8	7	18	10	15	ENSG00000117118	1.0	False
0.007643828177605878	0.5074626865671642	0.377982442892589	0.4045818853511161	16	6	8	3	5	ENSG00000123636	1.0	False
0.0001334179394033976	0.5074626865671642	0.05109061964024812	0.03798892997447155	2	7	14	6	10	ENSG00000131263	1.0	False
0.000519531794925741	0.5074626865671642	0.05647782234281	0.012903225806451622	3	2	3	3	3	ENSG00000133265	1.0	False
0.00016717244818627037	0.5074626865671642	0.05147008292481785	0.009017540536843553	2	2	4	4	4	ENSG00000135439	1.0	False
0.0005618493787814177	0.5074626865671642	0.09015734513991149	0.04989053092501369	5	2	3	3	3	ENSG00000137177	1.0	False
0.006261455502461247	0.5074626865671642	0.14784754570923125	0.2093878248974008	12	2	3	3	3	ENSG00000144306	1.0	False
0.0006867306659517765	0.5074626865671642	0.16264628244826265	0.1277210884353741	6	6	9	3	6	ENSG00000150712	1.0	False
0.006261332240448701	0.5074626865671642	0.1622863887246256	0.2304732509432157	5	7	10	3	8	ENSG00000157869	1.0	False
0.0003075837304842904	0.5074626865671642	0.07370340346672477	0.05436992047139455	10	7	19	10	17	ENSG00000159199	1.0	False
0.0070255618101866734	0.5074626865671642	0.16387092752504825	0.3403771968375306	9	6	7	3	5	ENSG00000159674	1.0	False
0.007210293369215375	0.5074626865671642	0.4723709273182957	0.30232410262931997	5	7	7	3	5	ENSG00000160813	1.0	False
0.0007731756548400337	0.5074626865671642	0.16268892092770534	0.13195247665531898	15	7	16	6	11	ENSG00000162231	1.0	False
0.0006037645955317032	0.5074626865671642	0.45034157600573277	0.19608591430036612	6	6	9	3	7	ENSG00000163755	1.0	False
0.0035386892586376693	0.5074626865671642	0.11036848108788032	0.23183273790792813	13	7	17	6	14	ENSG00000164054	1.0	False
0.00169639458293162	0.5074626865671642	0.06586021505376347	0.07531380753138076	3	2	3	3	3	ENSG00000164823	1.0	False
0.02727098444915351	0.5074626865671642	0.25759539834142714	0.3834318716186911	8	6	8	4	6	ENSG00000164985	1.0	False
0.0014052006242440092	0.5074626865671642	0.12141868201846574	0.10428227829631409	10	7	12	4	8	ENSG00000169371	1.0	False
9.065866848969064e-05	0.5074626865671642	0.08629907263026024	0.04540866089243001	8	7	15	8	13	ENSG00000169499	1.0	False
0.004398839416596689	0.5074626865671642	0.26229961990692063	0.17156072381394263	12	7	15	6	10	ENSG00000169609	1.0	False
2.570941984159821e-05	0.5074626865671642	0.022255058404377744	0.011179796053968152	6	7	18	9	14	ENSG00000172081	1.0	False
0.00011327986619647124	0.5074626865671642	0.05880842344298515	0.022227307398932097	3	6	9	3	6	ENSG00000172340	1.0	False
0.002617250567705287	0.5074626865671642	0.15151398980091907	0.14001106269134334	11	7	18	8	14	ENSG00000197894	1.0	False
3.62641943697653e-05	0.5074626865671642	0.02721985044763365	0.02080150394757139	4	7	17	7	12	ENSG00000198276	1.0	False
7.171366467399208e-05	0.5074626865671642	0.07500000000000004	0.027777777777777783	3	6	7	3	5	ENSG00000198646	1.0	False
2.222754734950406e-06	0.5074626865671642	0.01105392156862742	0.004065040650406488	2	7	16	7	11	ENSG00000204228	1.0	False
0.014323824005883855	0.5074626865671642	0.3386781970347042	0.2772206622988813	7	4	5	3	3	ENSG00000214106	1.0	False
0.0014601417065603266	0.5074626865671642	0.2116304675270787	0.17260501993851374	21	7	17	6	13	ENSG00000237765	1.0	False
0.0016379959627970224	0.5074626865671642	0.08553512986889368	0.0897622339120391	4	7	13	4	10	ENSG00000253738	1.0	False
0.0024517078297375625	0.5074626865671642	0.32384087507053305	0.5369141109398093	27	7	19	7	12	ENSG00000256269	1.0	False
0.0030544397910607242	0.5074626865671642	0.35987799533121106	0.3983577123485466	10	7	15	3	8	ENSG00000291117	1.0	False
0.007538449187622273	0.5124378109452736	0.19849518942700614	0.24314416494511282	12	7	14	4	10	ENSG00000006715	1.0	False
0.012032357394445456	0.5124378109452736	0.3527951129623853	0.3779581790834645	23	7	16	5	10	ENSG00000051825	1.0	False
0.0048421724133968945	0.5124378109452736	0.23068115235089284	0.4150700518349098	10	7	14	4	10	ENSG00000070010	1.0	False
0.00015390922476930067	0.5124378109452736	0.07971039575723544	0.0344689417172429	3	7	18	7	12	ENSG00000100075	1.0	False
0.00012226438095238077	0.5124378109452736	0.017361111111111084	0.04571428571428571	3	2	3	3	3	ENSG00000100292	1.0	False
0.009877099533667801	0.5124378109452736	0.26887664958236607	0.27031861738100377	20	7	14	4	10	ENSG00000100938	1.0	False
0.00046589740498148433	0.5124378109452736	0.14021324463650975	0.06680953714502055	8	7	19	12	18	ENSG00000105193	1.0	False
3.790206809988137e-05	0.5124378109452736	0.02040816326530613	0.02631578947368418	4	2	3	3	3	ENSG00000105426	1.0	False
0.0007883598688142437	0.5124378109452736	0.10393079143079147	0.12729658792650914	2	4	5	3	4	ENSG00000105519	1.0	False
0.004887190414530659	0.5124378109452736	0.21569814930914855	0.24317738791423	4	6	7	3	5	ENSG00000110536	1.0	False
0.0031096624835348034	0.5124378109452736	0.20344899468766542	0.17865535824719497	11	7	18	8	13	ENSG00000111786	1.0	False
7.518650414492085e-05	0.5124378109452736	0.09217456046223949	0.037392220171383855	6	7	18	10	15	ENSG00000113068	1.0	False
0.004354899396705356	0.5124378109452736	0.16230740957873077	0.15819774718397997	10	4	6	3	6	ENSG00000114023	1.0	False
0.0018854024059783941	0.5124378109452736	0.3161683581090561	0.3357813121981382	57	7	18	7	13	ENSG00000114861	1.0	False
0.00041524502116352087	0.5124378109452736	0.11835140342921295	0.07133065572339126	10	7	17	5	11	ENSG00000116030	1.0	False
0.0024191334383249366	0.5124378109452736	0.06454178837257897	0.20856167539083242	20	7	17	7	13	ENSG00000124299	1.0	False
0.0014983703627641524	0.5124378109452736	0.15490526549074138	0.1108725162675712	9	7	19	12	16	ENSG00000125354	1.0	False
3.534954657490002e-05	0.5124378109452736	0.06091358114348193	0.012118336688452814	2	7	14	4	8	ENSG00000125384	1.0	False
1.8662032603019753e-06	0.5124378109452736	0.012289553985676223	0.004621222492717705	5	7	19	11	18	ENSG00000129562	1.0	False
0.0016826608404135904	0.5124378109452736	0.20022085456976177	0.24746377066994826	10	7	18	11	15	ENSG00000136156	1.0	False
0.02751364121409086	0.5124378109452736	0.33917736679299393	0.36724919197243916	4	7	12	3	8	ENSG00000137288	1.0	False
0.00587139301833106	0.5124378109452736	0.18451739942968018	0.1673362224401354	6	2	3	3	3	ENSG00000148288	1.0	False
0.008887536156403773	0.5124378109452736	0.28673804390565605	0.3097133258407424	14	7	12	3	9	ENSG00000148334	1.0	False
1.9294509305654042e-05	0.5124378109452736	0.025198109100389398	0.012240892475393422	3	7	17	7	10	ENSG00000153179	1.0	False
0.0032561045819812255	0.5124378109452736	0.3187380433744819	0.20543045003917831	15	4	7	3	5	ENSG00000154309	1.0	False
0.0031454929843414267	0.5124378109452736	0.317090816991565	0.275	12	5	6	3	5	ENSG00000160305	1.0	False
1.5840898461787144e-06	0.5124378109452736	0.008745100569759408	0.002981340272414575	3	7	19	13	19	ENSG00000162511	1.0	False
9.014200390236983e-05	0.5124378109452736	0.05688937789639866	0.02997321641459857	6	7	18	7	13	ENSG00000167005	1.0	False
4.3789393526972684e-05	0.5124378109452736	0.020088399933247347	0.013889831850996903	3	7	13	4	8	ENSG00000167565	1.0	False
3.7085378098509153e-06	0.5124378109452736	0.003576490924805541	0.0025629499752893832	5	2	4	4	4	ENSG00000170160	1.0	False
0.0038764541851173907	0.5124378109452736	0.20454348482659915	0.1474056603773585	7	2	3	3	3	ENSG00000170921	1.0	False
0.0001822998900970285	0.5124378109452736	0.03508771929824561	0.028301886792452827	2	5	5	3	4	ENSG00000174944	1.0	False
0.000766121671269277	0.5124378109452736	0.1111471691368455	0.08969457240626422	3	6	12	4	7	ENSG00000175104	1.0	False
0.00019084862389681523	0.5124378109452736	0.039942067394575995	0.030992916542833843	6	7	19	10	16	ENSG00000178057	1.0	False
0.006749015582917854	0.5124378109452736	0.28427874497375355	0.33642451898582904	5	7	17	6	11	ENSG00000180822	1.0	False
0.100631830978927	0.5124378109452736	0.49501242069330925	0.6727525893934433	4	7	11	3	8	ENSG00000182108	1.0	False
0.0011324285272157472	0.5124378109452736	0.23856153292068616	0.3818216898941776	6	7	16	6	11	ENSG00000184220	1.0	False
0.0030600034746501403	0.5124378109452736	0.14963295408437693	0.19596561825387973	5	7	19	8	14	ENSG00000198900	1.0	False
0.007426493870310133	0.5124378109452736	0.16842701401044374	0.23208840985553972	10	7	19	9	14	ENSG00000214087	1.0	False
6.511078550769378e-05	0.5124378109452736	0.0734904944890972	0.023086608434869496	15	7	19	12	18	ENSG00000215021	1.0	False
0.0017445470489339864	0.5124378109452736	0.14971438726100678	0.14579508685823933	8	7	19	11	17	ENSG00000217555	1.0	False
0.014968587670690344	0.5124378109452736	0.1736533112373243	0.24970766024179286	7	7	15	7	11	ENSG00000264343	1.0	False
1.6815017971076546e-05	0.5124378109452736	0.009196428571428588	0.01628664495114007	4	7	10	3	7	ENSG00000267265	1.0	False
0.004885466916482604	0.5124378109452736	0.4488063396016418	0.24240003550348382	11	6	9	4	6	ENSG00000291136	1.0	False
0.0006123717224459893	0.5174129353233831	0.14541988970171837	0.16618298614239488	10	7	19	8	15	ENSG00000079246	1.0	False
2.191553146954954e-05	0.5174129353233831	0.0020197486535009305	0.010297482837528616	3	7	13	4	8	ENSG00000100246	1.0	False
0.019503760187432943	0.5174129353233831	0.26828280165661395	0.4226426251462013	26	7	13	3	9	ENSG00000106105	1.0	False
4.582339863887176e-05	0.5174129353233831	0.08099057910947097	0.046138475097004764	4	7	15	4	9	ENSG00000110852	1.0	False
0.003914060175752203	0.5174129353233831	0.3820710544807247	0.46661633049293494	29	7	15	4	9	ENSG00000117335	1.0	False
0.0012619947038742668	0.5174129353233831	0.16125259568066708	0.11924753844266775	6	6	7	3	4	ENSG00000120832	1.0	False
0.0007248825679331238	0.5174129353233831	0.1487861061006254	0.13200161301757873	17	7	17	8	14	ENSG00000125826	1.0	False
0.0034885984112172875	0.5174129353233831	0.18252906626857573	0.12304461942257215	7	4	6	3	3	ENSG00000127720	1.0	False
0.0018297114299320764	0.5174129353233831	0.11413438030395084	0.14633243415761027	8	7	19	12	18	ENSG00000130066	1.0	False
3.6016315993335375e-05	0.5174129353233831	0.028014680739249623	0.0289180562603347	6	7	19	12	17	ENSG00000130313	1.0	False
0.0026963657682613383	0.5174129353233831	0.2317742313610739	0.16096547314578005	10	7	14	4	9	ENSG00000132305	1.0	False
0.007459046398092803	0.5174129353233831	0.184332149315098	0.24304779483334177	5	7	13	3	10	ENSG00000132434	1.0	False
0.0011176029403363616	0.5174129353233831	0.09766786966728054	0.12925898342952893	3	6	9	3	6	ENSG00000134107	1.0	False
0.0039575446959586105	0.5174129353233831	0.18915731575058656	0.20400546421427526	6	6	8	3	5	ENSG00000134287	1.0	False
0.00022017428515173405	0.5174129353233831	0.024004428063365117	0.013089005235602129	4	2	3	3	3	ENSG00000135823	1.0	False
0.006118801553728397	0.5174129353233831	0.19746707802515423	0.15839007782101164	7	2	3	3	3	ENSG00000138468	1.0	False
2.8051647971053034e-05	0.5174129353233831	0.02885103632922499	0.012152777777777794	3	7	11	3	9	ENSG00000143457	1.0	False
0.014941572762479226	0.5174129353233831	0.3343321535575756	0.1352287704763698	10	2	3	3	3	ENSG00000143740	1.0	False
0.0035023771451207285	0.5174129353233831	0.22988787789228832	0.25590300076859884	16	7	13	6	10	ENSG00000153201	1.0	False
6.707746762587481e-05	0.5174129353233831	0.031791180493687635	0.02328798185941041	2	6	7	3	5	ENSG00000156052	1.0	False
0.00011427305956487736	0.5174129353233831	0.04720761993627347	0.022288031805449894	2	7	16	6	12	ENSG00000163923	1.0	False
0.002782168457262971	0.5174129353233831	0.16766372478954158	0.1733717649944806	12	5	6	3	4	ENSG00000164180	1.0	False
0.004278392933946181	0.5174129353233831	0.2814645673961249	0.32704454787234044	9	7	13	3	9	ENSG00000167881	1.0	False
0.0083391960518184	0.5174129353233831	0.27121851061693514	0.38122987153491217	42	7	16	6	13	ENSG00000168385	1.0	False
0.0040158937608542914	0.5174129353233831	0.1458253603775992	0.3717672413793104	2	2	3	3	3	ENSG00000173898	1.0	False
0.001592394037593364	0.5174129353233831	0.12953165284681956	0.14458013345083726	51	7	19	11	18	ENSG00000175061	1.0	False
0.00017575168507298183	0.5174129353233831	0.032595667787460765	0.02019074675324674	3	2	3	3	3	ENSG00000178935	1.0	False
8.860416273096753e-05	0.5174129353233831	0.0341201722886781	0.03869167285890597	5	7	19	9	14	ENSG00000181061	1.0	False
3.614275979360187e-06	0.5174129353233831	0.004557291666666649	0.006869479882237502	2	7	16	6	11	ENSG00000187325	1.0	False
4.004394962133824e-05	0.5174129353233831	0.027508589767626233	0.017672710347943047	4	7	17	8	13	ENSG00000189043	1.0	False
0.0005621491970015209	0.5174129353233831	0.1389992110768805	0.15074536074496617	5	7	19	8	12	ENSG00000197323	1.0	False
8.172117794726903e-06	0.5174129353233831	0.018853414955687247	0.007842300524954198	4	7	19	11	17	ENSG00000198034	1.0	False
2.651263309427377e-05	0.5174129353233831	0.03689273862854204	0.0344437769017014	14	7	19	12	18	ENSG00000233276	1.0	False
0.00294238451515395	0.5174129353233831	0.25522733073629206	0.24223141829668393	71	7	18	9	15	ENSG00000255717	1.0	False
0.0025062557598140157	0.5174129353233831	0.27805551325007616	0.22789267154523277	2	4	5	3	4	ENSG00000270006	1.0	False
0.0013570713598479263	0.5223880597014925	0.12255482065005827	0.12812545040500417	23	7	16	7	10	ENSG00000007168	1.0	False
0.000866770861973568	0.5223880597014925	0.044984255510571315	0.04137931034482756	4	2	3	3	3	ENSG00000009413	1.0	False
0.003651436862445589	0.5223880597014925	0.13812679224616875	0.18568876789823702	6	7	16	5	12	ENSG00000013275	1.0	False
0.0002694344446574646	0.5223880597014925	0.06251900149097041	0.06886916627473247	10	7	19	11	17	ENSG00000055044	1.0	False
0.00011181276097657215	0.5223880597014925	0.05838425663360005	0.03221117195244587	8	7	19	11	16	ENSG00000072506	1.0	False
0.00032227827808665305	0.5223880597014925	0.08342964644844937	0.06775089898659692	4	3	7	4	6	ENSG00000076067	1.0	False
0.0005762794049982187	0.5223880597014925	0.08602272760699921	0.07820911920893611	4	7	11	3	7	ENSG00000080371	1.0	False
0.0030152960192651843	0.5223880597014925	0.21469313236099347	0.30316267115498335	12	7	18	6	14	ENSG00000085063	1.0	False
0.0013156890424962126	0.5223880597014925	0.20672688049278312	0.16069576234674926	9	7	17	7	11	ENSG00000086232	1.0	False
0.00017312957427655968	0.5223880597014925	0.0424264007494755	0.029226145170050292	6	7	19	9	16	ENSG00000088205	1.0	False
0.00024397907132328196	0.5223880597014925	0.09275896988268947	0.042023910155778256	3	7	10	3	8	ENSG00000100027	1.0	False
0.0026751747071054543	0.5223880597014925	0.1835617784679957	0.19562588164790062	8	7	18	10	15	ENSG00000103363	1.0	False
0.0006775689203990096	0.5223880597014925	0.04500604500604499	0.03796203796203798	2	2	3	3	3	ENSG00000105245	1.0	False
1.960901462778135e-06	0.5223880597014925	0.034669715038381864	0.010056607869404264	13	7	19	13	19	ENSG00000108298	1.0	False
0.009177552909614783	0.5223880597014925	0.1199180327437217	0.20962437363234976	5	7	14	5	9	ENSG00000115042	1.0	False
0.0024938539296181323	0.5223880597014925	0.18828266175649602	0.1867502726281352	6	7	14	5	9	ENSG00000117697	1.0	False
0.001200034430408362	0.5223880597014925	0.15139897436742708	0.14369245915597895	11	7	15	4	11	ENSG00000119559	1.0	False
0.002359550676470572	0.5223880597014925	0.09023630501114417	0.14596488650265338	9	7	19	10	16	ENSG00000120265	1.0	False
0.002500042240338286	0.5223880597014925	0.1869000277814699	0.21419971404921362	8	7	9	3	7	ENSG00000123124	1.0	False
0.0009168090958502204	0.5223880597014925	0.07364523689368657	0.06699514242448792	5	7	19	10	15	ENSG00000125611	1.0	False
0.0018347636902195513	0.5223880597014925	0.23757459428721034	0.27591146309765324	8	7	15	7	10	ENSG00000127804	1.0	False
3.527589750522592e-05	0.5223880597014925	0.06372840604813602	0.036704244760607976	12	7	19	13	19	ENSG00000130755	1.0	False
0.000940616217209357	0.5223880597014925	0.10526133644892507	0.09636168028762458	13	7	19	11	16	ENSG00000134294	1.0	False
0.0011719765629325978	0.5223880597014925	0.10145971352805132	0.11752138003748831	6	7	15	8	11	ENSG00000135916	1.0	False
0.002953620061357204	0.5223880597014925	0.19649924233616461	0.1856152146767842	12	7	14	5	9	ENSG00000136448	1.0	False
0.0013507822931760906	0.5223880597014925	0.18736474865431516	0.20471375233354078	8	7	18	7	14	ENSG00000136450	1.0	False
0.00046667454537856104	0.5223880597014925	0.1418282738737119	0.16306475608801194	10	5	8	3	5	ENSG00000137101	1.0	False
0.002310202854033265	0.5223880597014925	0.18195247963782982	0.18456723391065719	4	3	5	3	5	ENSG00000140848	1.0	False
0.004384448419617419	0.5223880597014925	0.542880704562258	0.3423246443485577	48	7	12	5	8	ENSG00000141252	1.0	False
0.0010590090379909885	0.5223880597014925	0.25841499715226146	0.10554706267744049	10	6	9	3	5	ENSG00000142731	1.0	False
0.0030639692099615114	0.5223880597014925	0.3124980633975693	0.5146355076906184	4	7	10	3	6	ENSG00000147251	1.0	False
6.871982360220482e-05	0.5223880597014925	0.020161144305631047	0.013265002970885306	2	4	5	3	5	ENSG00000147592	1.0	False
0.00010229573031779743	0.5223880597014925	0.07981819008656683	0.056635816335699515	4	2	3	3	3	ENSG00000151806	1.0	False
0.0040921714748668	0.5223880597014925	0.1857765980800208	0.12881518865657293	4	2	4	4	4	ENSG00000152291	1.0	False
0.0024811899972086954	0.5223880597014925	0.1480271774978798	0.1470147219193021	8	6	7	3	5	ENSG00000164934	1.0	False
0.0003179071162883318	0.5223880597014925	0.08646543682849861	0.08058022284426934	5	7	15	7	12	ENSG00000166295	1.0	False
0.000140966453111045	0.5223880597014925	0.027468148615623834	0.023913529925312083	5	7	19	12	18	ENSG00000167863	1.0	False
0.015683835020488344	0.5223880597014925	0.3281386217205952	0.3027027027027027	9	3	5	3	5	ENSG00000168876	1.0	False
0.004677291060640064	0.5223880597014925	0.21093111706660844	0.20445386934430484	5	6	11	5	8	ENSG00000169641	1.0	False
0.0011332634490264645	0.5223880597014925	0.11525745863131505	0.08098127276955022	16	7	19	10	16	ENSG00000170144	1.0	False
0.003436606601656603	0.5223880597014925	0.2123489076548934	0.1541549766199065	9	6	10	3	6	ENSG00000172766	1.0	False
0.000904186495965874	0.5223880597014925	0.16254110424376766	0.14746011157269046	9	7	16	6	11	ENSG00000175463	1.0	False
0.0007135989526462325	0.5223880597014925	0.09722441735034615	0.0786430756010077	3	7	18	9	14	ENSG00000183172	1.0	False
0.0026020798784943274	0.5223880597014925	0.22675613760944913	0.1332895580734814	8	7	14	4	11	ENSG00000183624	1.0	False
0.005161829310380601	0.5223880597014925	0.19968551683746436	0.16467780720920866	3	7	14	6	8	ENSG00000185009	1.0	False
0.002585647167792778	0.5223880597014925	0.22579416329478752	0.15943747324045718	10	6	11	3	10	ENSG00000197782	1.0	False
0.0017047726805877893	0.5223880597014925	0.1087677297677742	0.10438166130942313	8	6	8	3	5	ENSG00000198689	1.0	False
0.0022066519447399378	0.5223880597014925	0.12122213410873206	0.1285539548790432	5	2	3	3	3	ENSG00000227627	1.0	False
0.00043918277583423695	0.5223880597014925	0.08443022960999244	0.054093525858814655	2	7	17	6	15	ENSG00000237190	1.0	False
0.0015943756243153723	0.527363184079602	0.12567433781753645	0.14966424842881393	9	7	17	4	11	ENSG00000022277	1.0	False
0.002911831389565171	0.527363184079602	0.15636151479750166	0.13569788019127227	7	2	3	3	3	ENSG00000070785	1.0	False
0.0014299368077265564	0.527363184079602	0.10661675086474469	0.10640006685112624	7	7	15	5	9	ENSG00000072501	1.0	False
0.006428910603781002	0.527363184079602	0.33350011608532354	0.6447450124986068	21	2	3	3	3	ENSG00000080815	1.0	False
0.003325225591948292	0.527363184079602	0.2505043103475353	0.20782349884253792	25	7	15	3	10	ENSG00000087274	1.0	False
1.5601416788872267e-06	0.527363184079602	0.046392088466346446	0.00915684620792491	6	7	19	10	17	ENSG00000090013	1.0	False
0.009665297911666162	0.527363184079602	0.3120970836082371	0.28964568283453734	25	7	11	3	8	ENSG00000101901	1.0	False
2.28133751184542e-06	0.527363184079602	0.011591488193266022	0.007453530020224503	3	7	17	7	13	ENSG00000102931	1.0	False
2.168398508969725e-06	0.527363184079602	0.008239129333724926	0.005429902234820309	5	7	18	9	14	ENSG00000108561	1.0	False
0.009743592690299167	0.527363184079602	0.3533081356929655	0.4150259341589922	11	6	9	3	7	ENSG00000108666	1.0	False
0.00045807099272551045	0.527363184079602	0.07677803470839778	0.06943773524275604	7	7	19	10	15	ENSG00000109536	1.0	False
0.004725605337010038	0.527363184079602	0.19746115738119668	0.1576506617084108	4	7	12	4	8	ENSG00000110063	1.0	False
2.1448271566030834e-05	0.527363184079602	0.048806763166011145	0.01329902241446967	15	7	19	11	16	ENSG00000115286	1.0	False
0.0019031701823735113	0.527363184079602	0.22752202117454784	0.22712263018958484	9	7	11	4	10	ENSG00000120694	1.0	False
0.005668840118291001	0.527363184079602	0.12773813857647182	0.2728175885145909	8	7	18	9	14	ENSG00000122034	1.0	False
2.2877171402822933e-05	0.527363184079602	0.04129766297662969	0.0126054446659747	4	7	16	5	13	ENSG00000126461	1.0	False
7.140444387165769e-08	0.527363184079602	0.0005903187721369213	0.0014524328249818814	3	7	19	6	12	ENSG00000132017	1.0	False
0.003207023287245604	0.527363184079602	0.0893003396258027	0.12837760244986496	7	7	16	6	14	ENSG00000132463	1.0	False
4.283926261094417e-05	0.527363184079602	0.05283160729438129	0.01684853851192119	10	7	19	10	14	ENSG00000134440	1.0	False
0.003098142413397313	0.527363184079602	0.12154062854633695	0.2847864169249428	3	2	3	3	3	ENSG00000139117	1.0	False
0.0003704934571570606	0.527363184079602	0.05263715674184157	0.054957422922670876	8	7	19	11	17	ENSG00000143977	1.0	False
0.0007140679993400255	0.527363184079602	0.08762667344517883	0.07009767709102852	4	6	11	3	6	ENSG00000153814	1.0	False
0.002909746126410605	0.527363184079602	0.33256811539991116	0.2433196477860188	21	7	17	5	10	ENSG00000154889	1.0	False
0.0007009015827336566	0.527363184079602	0.18838656346113322	0.18322641130382372	5	4	5	3	5	ENSG00000161955	1.0	False
0.0007806870821550314	0.527363184079602	0.06264271084708409	0.09582114898449604	5	7	15	5	11	ENSG00000162441	1.0	False
0.002222855713452337	0.527363184079602	0.15078399582016755	0.12747375753058057	3	7	18	7	14	ENSG00000163257	1.0	False
5.2519100518998415e-05	0.527363184079602	0.059485955903889776	0.06402823254682169	8	7	17	7	11	ENSG00000164024	1.0	False
0.001412015561101336	0.527363184079602	0.15561447385891264	0.18385310680990016	7	6	6	3	5	ENSG00000164889	1.0	False
0.005281089278414844	0.527363184079602	0.43160812654255276	0.2516663431048987	13	6	8	3	6	ENSG00000164941	1.0	False
4.0146252980637264e-05	0.527363184079602	0.026961662542641342	0.029480544219395884	8	7	19	11	15	ENSG00000170540	1.0	False
0.0017006880988374052	0.527363184079602	0.20672106310658722	0.1994482585660992	5	6	8	3	5	ENSG00000175606	1.0	False
0.000253786415508906	0.527363184079602	0.09435309438620039	0.04916159941035559	9	7	12	4	8	ENSG00000177409	1.0	False
0.005183697452446882	0.527363184079602	0.13355113163448218	0.1762295081967213	6	4	5	3	4	ENSG00000182541	1.0	False
0.0005011382571905334	0.527363184079602	0.05954322271878902	0.043290043290043274	2	4	5	3	3	ENSG00000188033	1.0	False
2.4218378134721083e-05	0.527363184079602	0.038634308734863586	0.017820342757927474	24	7	19	13	19	ENSG00000196531	1.0	False
0.002385113190051113	0.527363184079602	0.12840048065530782	0.1968772403555012	5	7	18	7	15	ENSG00000198168	1.0	False
0.0002956558283267469	0.527363184079602	0.04819319827230443	0.08559697607253654	4	7	18	9	14	ENSG00000198546	1.0	False
0.000761351727429234	0.527363184079602	0.1545436106453231	0.10759148201548602	9	7	19	13	19	ENSG00000204525	1.0	False
0.003390384459723927	0.527363184079602	0.14747321049816492	0.17760416666666667	3	4	5	3	4	ENSG00000204604	1.0	False
5.462551584951748e-07	0.527363184079602	0.0029261528376572773	0.0023781212841854785	3	7	19	8	15	ENSG00000250317	1.0	False
0.0030208893925006775	0.527363184079602	0.08749626912881897	0.16080522937446895	2	6	10	4	7	ENSG00000266472	1.0	False
0.003050728927780095	0.5323383084577115	0.20875802484109804	0.13757268072550546	9	7	15	5	8	ENSG00000053900	1.0	False
0.006961555917666833	0.5323383084577115	0.23306149832800732	0.23931623931623933	6	7	10	3	8	ENSG00000058729	1.0	False
0.0003959697753734961	0.5323383084577115	0.0779841818874624	0.06181924571780402	10	7	19	10	17	ENSG00000067560	1.0	False
0.0013376514887045805	0.5323383084577115	0.10275104124063325	0.1577495131502629	11	7	19	11	16	ENSG00000072818	1.0	False
0.009934430846449589	0.5323383084577115	0.26888744121280245	0.4151086791305669	11	6	8	3	5	ENSG00000087111	1.0	False
0.009263448308445322	0.5323383084577115	0.5414624839049943	0.7170868347338936	20	2	3	3	3	ENSG00000087266	1.0	False
9.401553120301026e-05	0.5323383084577115	0.03345942987658279	0.048157622868532625	4	7	17	6	13	ENSG00000087338	1.0	False
1.0077810130716551e-05	0.5323383084577115	0.04180730321273834	0.013643336045055257	12	7	19	8	15	ENSG00000100591	1.0	False
0.000931498294116871	0.5323383084577115	0.23153090698931078	0.13356763599947094	9	7	18	6	13	ENSG00000103266	1.0	False
0.000231161593643321	0.5323383084577115	0.04842552268455654	0.07089600752743026	7	7	18	8	15	ENSG00000104765	1.0	False
1.4774387705063214e-06	0.5323383084577115	0.002635303840486488	0.004524886877828046	4	6	10	3	7	ENSG00000110777	1.0	False
0.0010949278502816434	0.5323383084577115	0.2071387508862233	0.1802012018917743	18	7	16	5	12	ENSG00000111679	1.0	False
5.770858030598747e-06	0.5323383084577115	0.007575757575757517	0.005069708491761709	2	7	17	6	12	ENSG00000115073	1.0	False
0.0001300917352982038	0.5323383084577115	0.051889465502114	0.04599549781362607	7	7	18	8	13	ENSG00000116266	1.0	False
0.02889100845306917	0.5323383084577115	0.3556721733344178	0.4885703221469645	6	7	15	3	11	ENSG00000130511	1.0	False
6.304507039125713e-05	0.5323383084577115	0.0750041839219082	0.04037385398862638	5	7	18	8	12	ENSG00000155903	1.0	False
0.000629384191798982	0.5323383084577115	0.09892984125449006	0.06636429608127718	4	7	15	5	9	ENSG00000157741	1.0	False
0.0010231757836170845	0.5323383084577115	0.17459900797460853	0.10441106997014594	5	7	19	9	15	ENSG00000164902	1.0	False
0.0016646782822908129	0.5323383084577115	0.16666666666666655	0.08305921052631579	6	4	4	3	3	ENSG00000164983	1.0	False
0.001400208229440736	0.5323383084577115	0.1706288361671036	0.27647861608542496	6	6	9	3	6	ENSG00000165392	1.0	False
0.005273817373374392	0.5323383084577115	0.2846453649163497	0.3848684210526316	6	5	7	3	5	ENSG00000166900	1.0	False
0.023727962766260238	0.5323383084577115	0.16681549477192392	0.39859034880671385	8	7	10	3	9	ENSG00000168765	1.0	False
0.0004188388645252804	0.5323383084577115	0.05651693657592902	0.06337278106508874	5	7	14	4	10	ENSG00000168924	1.0	False
0.002600420394566761	0.5323383084577115	0.08420754978578657	0.12703480011504176	4	7	10	3	7	ENSG00000169093	1.0	False
0.0011697840764615195	0.5323383084577115	0.10999318523074285	0.13061707119696891	8	7	19	9	16	ENSG00000174718	1.0	False
0.005061004250345921	0.5323383084577115	0.14138703063338692	0.0892118112066961	2	3	3	3	3	ENSG00000175395	1.0	False
0.016581803769356685	0.5323383084577115	0.1601966873706004	0.17824074074074073	2	2	3	3	3	ENSG00000181830	1.0	False
0.0008793797469106941	0.5323383084577115	0.04660168394498965	0.06623433401340718	3	2	3	3	3	ENSG00000183826	1.0	False
0.0004248978802767848	0.5323383084577115	0.11248877684387129	0.09995514354066984	5	7	13	3	7	ENSG00000186174	1.0	False
0.001436251123063692	0.5323383084577115	0.3414821259328364	0.5055610753420973	7	7	15	4	11	ENSG00000187630	1.0	False
3.525903124588134e-06	0.5323383084577115	0.0016891891891891667	0.004048582995951436	2	6	6	3	4	ENSG00000196116	1.0	False
0.009328606985217034	0.5323383084577115	0.3882877536281967	0.4950949433708055	25	6	7	3	6	ENSG00000223960	1.0	False
8.640220016386767e-08	0.5323383084577115	0.00015605493133584428	0.000733675715333802	2	7	14	5	9	ENSG00000227946	1.0	False
0.001009619125706655	0.5323383084577115	0.2667552485650596	0.17315600922608826	2	6	11	3	8	ENSG00000240230	1.0	False
0.007515448027592082	0.5323383084577115	0.14431431281721563	0.13017739013188387	4	2	3	3	3	ENSG00000254860	1.0	False
0.005761413680298575	0.5373134328358209	0.2862146480097358	0.20731687009808006	12	4	6	3	5	ENSG00000006744	1.0	False
0.00022465086941669222	0.5373134328358209	0.06245137134845332	0.049071955250444915	9	7	17	6	11	ENSG00000039123	1.0	False
0.0002953322976218129	0.5373134328358209	0.03971428760057648	0.035306271808358894	4	7	19	12	17	ENSG00000062582	1.0	False
2.552465609752181e-07	0.5373134328358209	0.0013006753286753216	0.002290982697463967	3	7	19	11	18	ENSG00000074842	1.0	False
0.00840488152877239	0.5373134328358209	0.22051562181062034	0.23461000647999727	5	6	11	4	8	ENSG00000099821	1.0	False
0.003444414027131729	0.5373134328358209	0.21656256471886387	0.2254732455557033	14	6	7	3	6	ENSG00000099968	1.0	False
0.0010295659448997293	0.5373134328358209	0.15065462030305016	0.09766081871345028	8	6	9	3	5	ENSG00000099992	1.0	False
0.00024337047545337204	0.5373134328358209	0.04107511025049462	0.041326160837395355	4	7	18	7	12	ENSG00000100348	1.0	False
0.0022455835317023816	0.5373134328358209	0.10306853074644708	0.09103370424125144	4	3	4	3	3	ENSG00000100395	1.0	False
0.00011073332224976481	0.5373134328358209	0.014375561545372879	0.031024531024531045	2	6	10	4	7	ENSG00000102921	1.0	False
0.00015702253098356854	0.5373134328358209	0.060468818051645376	0.031963770018377496	4	7	11	4	7	ENSG00000106144	1.0	False
1.4835180937688217e-05	0.5373134328358209	0.02465809795826865	0.013179146793122149	6	7	18	7	12	ENSG00000125166	1.0	False
0.0007376599609521131	0.5373134328358209	0.09172856685220035	0.08825105243015693	2	4	6	3	4	ENSG00000126775	1.0	False
0.0013720796122033234	0.5373134328358209	0.08403489793493514	0.11541544876408746	7	7	19	12	17	ENSG00000127184	1.0	False
0.011425323890055987	0.5373134328358209	0.4030639455056993	0.38067632850241545	21	6	6	3	4	ENSG00000131844	1.0	False
0.0005220563518117938	0.5373134328358209	0.10875633381827535	0.0731093062475598	7	7	19	12	18	ENSG00000132432	1.0	False
0.0064188575941795945	0.5373134328358209	0.2109294373783926	0.2657345280798966	12	7	16	6	11	ENSG00000132963	1.0	False
0.0015704202611698276	0.5373134328358209	0.1799005596592657	0.11136691513723114	3	7	17	8	12	ENSG00000133398	1.0	False
0.006757258265547202	0.5373134328358209	0.3642270198582342	0.36247477791462485	10	7	16	5	11	ENSG00000135241	1.0	False
0.0037063612501400003	0.5373134328358209	0.1947206990314325	0.23599090384550112	9	7	16	5	12	ENSG00000135945	1.0	False
0.0014163040125732905	0.5373134328358209	0.08294451760391489	0.11469206908127542	8	7	19	12	17	ENSG00000144713	1.0	False
1.168828182601389e-06	0.5373134328358209	0.014124238012686821	0.004636630062724255	7	7	19	11	18	ENSG00000149357	1.0	False
0.0013429139003447825	0.5373134328358209	0.1379457451955403	0.10334796543573631	4	7	18	8	13	ENSG00000151366	1.0	False
0.014427832700332897	0.5373134328358209	0.22543698595772554	0.3847704473163245	3	7	17	6	12	ENSG00000152484	1.0	False
0.0010113311821743397	0.5373134328358209	0.15338908320155417	0.11589006024969699	7	7	14	4	9	ENSG00000157500	1.0	False
0.008875651425822974	0.5373134328358209	0.42454052517185314	0.3818573096002335	7	6	9	3	6	ENSG00000158773	1.0	False
0.001224804803377111	0.5373134328358209	0.19944121616301425	0.17026731819488358	7	7	16	5	10	ENSG00000160050	1.0	False
0.00409841563506262	0.5373134328358209	0.24557200519357808	0.19748733678853908	4	7	11	3	7	ENSG00000162419	1.0	False
0.00397009767975907	0.5373134328358209	0.3620660149037087	0.3527238576217634	21	6	9	3	7	ENSG00000162601	1.0	False
0.0007724364610067973	0.5373134328358209	0.07696174681289841	0.0646587011837593	4	7	9	3	6	ENSG00000162729	1.0	False
0.0016325415349906138	0.5373134328358209	0.11830592582318068	0.08216516399226723	11	7	16	7	11	ENSG00000163382	1.0	False
0.0063690576492813665	0.5373134328358209	0.2565431750125255	0.2807058465595051	4	7	19	7	12	ENSG00000165060	1.0	False
0.00044205159808801406	0.5373134328358209	0.11094167842289127	0.13803450862715674	7	4	5	3	3	ENSG00000168421	1.0	False
0.0025935666642139706	0.5373134328358209	0.18787007871834516	0.18168216107928759	5	6	9	3	6	ENSG00000170006	1.0	False
0.0033241845603700967	0.5373134328358209	0.12355581446141625	0.14403476804111928	8	7	17	6	10	ENSG00000171475	1.0	False
0.024843178480937672	0.5373134328358209	0.2969281912011638	0.3667212779029285	6	6	7	3	5	ENSG00000174775	1.0	False
0.0006670265378827193	0.5373134328358209	0.10077723825885831	0.10991614105254795	5	7	18	10	15	ENSG00000177879	1.0	False
0.0033789297028026383	0.5373134328358209	0.42445924364795706	0.24873047810673565	5	4	7	3	6	ENSG00000180773	1.0	False
4.753022203360523e-05	0.5373134328358209	0.0250423323205868	0.026754445891907973	10	7	19	13	19	ENSG00000182899	1.0	False
0.00435450827386549	0.5373134328358209	0.1842974963625099	0.2204610353771681	7	7	17	7	14	ENSG00000184436	1.0	False
0.0009810902710796245	0.5373134328358209	0.19027843737919534	0.08449855613696068	9	7	13	4	8	ENSG00000203880	1.0	False
0.0039035473841248073	0.5373134328358209	0.5141768765040114	0.29451385817484893	14	4	7	3	6	ENSG00000204406	1.0	False
2.9609546429037157e-06	0.5373134328358209	0.008620613538629005	0.003756285546644226	3	7	19	13	18	ENSG00000204592	1.0	False
0.004669138704203312	0.5373134328358209	0.263008147363311	0.25642781446156354	24	7	13	3	7	ENSG00000214021	1.0	False
0.0004657325330937436	0.5373134328358209	0.10856155111917853	0.08418465877159818	3	7	16	7	13	ENSG00000242259	1.0	False
0.002359659830311745	0.5373134328358209	0.2149130649106391	0.39011007080859417	11	7	12	3	8	ENSG00000245164	1.0	False
0.007426460776123683	0.5422885572139303	0.12840225093700955	0.19215221393245455	2	6	9	3	6	ENSG00000001167	1.0	False
2.3887378595268268e-05	0.5422885572139303	0.030589539285191467	0.012254901960784291	4	6	10	4	9	ENSG00000005100	1.0	False
0.0029495153997179777	0.5422885572139303	0.21500918864528745	0.3109541277080543	24	7	17	7	9	ENSG00000005810	1.0	False
0.0012078885398208957	0.5422885572139303	0.1273333974461377	0.16460706535433112	6	7	19	9	15	ENSG00000063241	1.0	False
0.002302135829267879	0.5422885572139303	0.12819124564880297	0.1576787301273822	4	7	16	5	11	ENSG00000069345	1.0	False
6.528836772204314e-05	0.5422885572139303	0.052195608911271396	0.05213013429246396	10	7	19	13	19	ENSG00000071082	1.0	False
0.005598303819900066	0.5422885572139303	0.2508343512993155	0.26618254159910765	25	7	17	5	12	ENSG00000077097	1.0	False
0.004290620821611263	0.5422885572139303	0.2877311580679023	0.20386198163975944	10	6	9	3	7	ENSG00000077458	1.0	False
0.0011113783812863325	0.5422885572139303	0.15071217501668863	0.14016374230530412	4	5	7	3	5	ENSG00000078596	1.0	False
0.011560322690508464	0.5422885572139303	0.22055555555555562	0.23233468608259727	10	4	4	3	3	ENSG00000083093	1.0	False
0.0002185505785676115	0.5422885572139303	0.03468266745154119	0.03052097055199085	3	4	6	3	5	ENSG00000100258	1.0	False
0.0006120841982022137	0.5422885572139303	0.11602222301511955	0.10529076551825711	7	7	14	4	10	ENSG00000100605	1.0	False
0.0010260002519644038	0.5422885572139303	0.1487949216241812	0.24651821559117276	9	7	18	5	10	ENSG00000110934	1.0	False
0.010492785038027606	0.5422885572139303	0.4942661913250148	0.42524476659274085	33	4	5	3	3	ENSG00000112367	1.0	False
0.005858618188867085	0.5422885572139303	0.2589742692285065	0.19879409104612603	9	7	15	4	9	ENSG00000116161	1.0	False
6.738531705792761e-05	0.5422885572139303	0.05126738264560876	0.07107932028933853	10	7	19	10	16	ENSG00000116288	1.0	False
0.0008125846293606147	0.5422885572139303	0.11721220844495354	0.1095737887446171	5	7	17	6	14	ENSG00000127540	1.0	False
2.9043573082166875e-05	0.5422885572139303	0.09332541410554603	0.025719149411173765	12	7	17	6	11	ENSG00000131462	1.0	False
2.35592642811514e-05	0.5422885572139303	0.05398562087036051	0.024600185609481087	9	7	18	11	16	ENSG00000137876	1.0	False
0.006024757867583111	0.5422885572139303	0.28949519037669913	0.3363262271999642	55	7	19	7	13	ENSG00000138095	1.0	False
0.004900262620459681	0.5422885572139303	0.24031049244097544	0.20676745093864227	26	7	12	4	8	ENSG00000144591	1.0	False
0.003845264342936788	0.5422885572139303	0.31676153473681257	0.3475636352307069	11	6	9	3	6	ENSG00000144802	1.0	False
0.0007093020718269328	0.5422885572139303	0.11547840546069629	0.07623058031905407	15	7	19	10	16	ENSG00000157106	1.0	False
0.021475288052375197	0.5422885572139303	0.20090565667277915	0.17637632463168781	4	2	3	3	3	ENSG00000162194	1.0	False
0.0030487364211447955	0.5422885572139303	0.2650617609357294	0.1565893986059329	10	4	5	3	4	ENSG00000163110	1.0	False
0.001277253681095237	0.5422885572139303	0.07023809523809528	0.06829457364341085	4	2	3	3	3	ENSG00000167553	1.0	False
9.717644149082463e-05	0.5422885572139303	0.06255617455326319	0.03277573529411762	6	7	19	8	13	ENSG00000167578	1.0	False
0.00042014918571056724	0.5422885572139303	0.03952945823341543	0.04436336945727735	3	7	11	4	7	ENSG00000168301	1.0	False
0.0010582611615799068	0.5422885572139303	0.20120800204266198	0.14629120879120877	7	7	11	3	8	ENSG00000169629	1.0	False
0.0007048511488502609	0.5422885572139303	0.09917786599047466	0.09195056308516732	11	7	19	9	15	ENSG00000176915	1.0	False
0.0007283519225337833	0.5422885572139303	0.09304223054008406	0.07221550022288734	7	7	14	5	10	ENSG00000181789	1.0	False
2.4940671276522007e-05	0.5422885572139303	0.02488419816853502	0.030783126647788338	3	5	8	3	4	ENSG00000184371	1.0	False
0.0050435015468715625	0.5422885572139303	0.14291339785840132	0.2256140350877193	9	7	16	5	10	ENSG00000186166	1.0	False
0.0007481105138951484	0.5422885572139303	0.12846385032790525	0.14831564350823428	20	7	19	8	13	ENSG00000187555	1.0	False
0.0015312857033817093	0.5422885572139303	0.09198907831851588	0.11128890094243676	5	5	7	3	6	ENSG00000188295	1.0	False
0.013955332078729166	0.5422885572139303	0.3652454751202471	0.33636541471048514	12	5	6	3	3	ENSG00000197302	1.0	False
1.2910561085502036e-05	0.5422885572139303	0.012662627129837498	0.008313539192399043	4	7	15	4	11	ENSG00000198315	1.0	False
5.121973209802506e-06	0.5422885572139303	0.030715848035744057	0.00823724842283449	5	7	19	13	19	ENSG00000198755	1.0	False
0.0009798015702673698	0.5422885572139303	0.11144886142711977	0.18710451342030288	6	2	3	3	3	ENSG00000227039	1.0	False
0.003940569629228916	0.5422885572139303	0.23142597673753595	0.40903134790811996	10	7	16	6	13	ENSG00000233016	1.0	False
0.0019369649321764703	0.5422885572139303	0.26362354310107505	0.13726544030732862	8	7	17	6	12	ENSG00000256053	1.0	False
0.0004155759227122819	0.5422885572139303	0.11493347229387267	0.06943889702510392	5	7	16	5	13	ENSG00000264920	1.0	False
0.02189086371354811	0.5422885572139303	0.26016976335337105	0.2892870064089311	4	7	13	3	7	ENSG00000291107	1.0	False
0.00011325108725125784	0.5472636815920398	0.046081348627356335	0.025267993874425736	7	7	14	4	11	ENSG00000004975	1.0	False
0.0018993825209894285	0.5472636815920398	0.37593320303236194	0.17125081504020867	15	7	9	3	7	ENSG00000014216	1.0	False
6.787016660807073e-06	0.5472636815920398	0.06060606060606058	0.021052631578947347	3	7	8	3	5	ENSG00000078237	1.0	False
0.0012057751384622745	0.5472636815920398	0.13825586088262687	0.1494809099053052	10	7	13	3	8	ENSG00000079263	1.0	False
0.0041889253999029315	0.5472636815920398	0.20900644998775073	0.21566595302389688	7	7	18	6	14	ENSG00000091164	1.0	False
0.0028467680891192068	0.5472636815920398	0.12477042728060092	0.24607703618251528	3	7	13	4	10	ENSG00000092820	1.0	False
0.0006964480327813919	0.5472636815920398	0.15831559150778515	0.12356484095614531	23	7	19	10	15	ENSG00000100888	1.0	False
0.0012802993922732266	0.5472636815920398	0.11240012080221361	0.13594450781039263	27	7	19	10	16	ENSG00000101972	1.0	False
0.003970581850084291	0.5472636815920398	0.18797583983500255	0.2362317068199421	4	7	13	3	9	ENSG00000111880	1.0	False
0.01523946033631256	0.5472636815920398	0.18266293656585947	0.3177773575266969	13	7	19	10	17	ENSG00000112514	1.0	False
8.919356947880063e-05	0.5472636815920398	0.037022535096393236	0.11072889680213659	8	7	17	7	12	ENSG00000118985	1.0	False
0.00041043684740399704	0.5472636815920398	0.1230524166916553	0.13689294003316999	19	7	18	8	14	ENSG00000124357	1.0	False
0.0012841048667943636	0.5472636815920398	0.20033142240990912	0.1889741525496309	16	7	15	4	10	ENSG00000130830	1.0	False
0.0008272388915016495	0.5472636815920398	0.11581706455776823	0.0808274070101346	7	7	19	11	16	ENSG00000132182	1.0	False
0.0026656072468862406	0.5472636815920398	0.09711313949727987	0.11700526711813389	6	2	3	3	3	ENSG00000133243	1.0	False
0.00331843996551528	0.5472636815920398	0.24778385063337166	0.2047844170606319	28	7	18	6	11	ENSG00000136861	1.0	False
0.0009311219615345788	0.5472636815920398	0.11843308375093925	0.0626950354609929	7	7	16	5	13	ENSG00000137337	1.0	False
0.0018349318459251426	0.5472636815920398	0.08566638903347207	0.12003036361323734	8	7	18	8	13	ENSG00000150459	1.0	False
0.0043591827130042005	0.5472636815920398	0.17690054661274845	0.206628701594533	8	6	8	3	5	ENSG00000150477	1.0	False
0.0033362314044226085	0.5472636815920398	0.24877626399291533	0.199366674517809	22	6	8	3	6	ENSG00000163681	1.0	False
4.204408257854521e-06	0.5472636815920398	0.013509586922018112	0.005623826167649377	3	7	19	9	16	ENSG00000164687	1.0	False
0.0012879096531579048	0.5472636815920398	0.06950650660753072	0.08251540488019425	3	5	8	3	7	ENSG00000166750	1.0	False
0.000581064138704444	0.5472636815920398	0.01989016965221842	0.04958032402888928	5	7	18	5	14	ENSG00000167641	1.0	False
0.0011759453803474639	0.5472636815920398	0.10842487238747994	0.06565738701045254	6	6	8	3	6	ENSG00000169220	1.0	False
0.0011392995233889052	0.5472636815920398	0.0915088019490449	0.08405666484534612	3	7	16	5	13	ENSG00000173145	1.0	False
0.05620611600935406	0.5472636815920398	0.45059127773751584	0.6912582330460237	14	5	7	3	5	ENSG00000186654	1.0	False
0.001286022283554891	0.5472636815920398	0.19791484387398373	0.13159080132764345	8	7	18	7	11	ENSG00000213676	1.0	False
0.005193564919065098	0.5472636815920398	0.09338347715956818	0.1575284902679262	3	3	4	3	4	ENSG00000267040	1.0	False
0.005148340351702332	0.5472636815920398	0.1362790779732954	0.2766129994036971	6	2	3	3	3	ENSG00000291120	1.0	False
7.789955864028264e-05	0.5522388059701493	0.03775978757472441	0.016066367433537444	4	7	18	10	14	ENSG00000002330	1.0	False
6.236334559116369e-05	0.5522388059701493	0.0587198096469067	0.024610265441762102	5	7	19	12	19	ENSG00000004059	1.0	False
0.002638266964365842	0.5522388059701493	0.17198352042146306	0.15256803472565178	9	7	12	3	7	ENSG00000005882	1.0	False
0.00036292149498763133	0.5522388059701493	0.09853099539934929	0.056744355095179715	8	7	13	3	8	ENSG00000065154	1.0	False
0.003010873074102522	0.5522388059701493	0.17250075653523408	0.10182729805013932	2	7	10	3	8	ENSG00000069509	1.0	False
0.0018633688317209434	0.5522388059701493	0.473767788121041	0.4125	19	7	10	3	7	ENSG00000078124	1.0	False
0.0013555509150839826	0.5522388059701493	0.1496947496947497	0.11587982832618028	6	3	5	3	5	ENSG00000100478	1.0	False
0.0016792604596638965	0.5522388059701493	0.11490125508471795	0.09802322150679463	6	2	4	4	4	ENSG00000103160	1.0	False
0.000972172208137565	0.5522388059701493	0.12853790606243784	0.13270111986257735	4	7	17	7	13	ENSG00000103512	1.0	False
1.7242251593541247e-05	0.5522388059701493	0.031901541845028226	0.027364245290724346	7	7	19	11	16	ENSG00000106399	1.0	False
1.8480869391125716e-06	0.5522388059701493	0.012345679012345706	0.006389776357827462	2	6	12	4	7	ENSG00000106537	1.0	False
0.005572776207045422	0.5522388059701493	0.2789275710284114	0.26991991991991987	5	5	6	3	5	ENSG00000107614	1.0	False
0.0007459007049242709	0.5522388059701493	0.08842775581906019	0.07849624060150376	4	7	8	3	7	ENSG00000114480	1.0	False
0.0023103877635973023	0.5522388059701493	0.19387582709081158	0.18653733467269376	9	7	16	5	10	ENSG00000123143	1.0	False
0.0013440052832869073	0.5522388059701493	0.12204438754741444	0.17005069088564537	20	7	19	9	16	ENSG00000125347	1.0	False
0.0009104041719277789	0.5522388059701493	0.12886057566329176	0.14306626201856598	13	7	19	11	17	ENSG00000127483	1.0	False
0.002739124285855741	0.5522388059701493	0.16823532236923322	0.19455909111081518	5	6	6	3	5	ENSG00000133103	1.0	False
2.490979040526744e-05	0.5522388059701493	0.034046747743156726	0.016929147115411755	4	7	19	11	18	ENSG00000142507	1.0	False
1.6555956467734465e-05	0.5522388059701493	0.030769230769230715	0.016483516483516533	4	7	11	4	9	ENSG00000144589	1.0	False
0.008660798744757238	0.5522388059701493	0.18778139769257116	0.21437899852870676	5	6	9	3	6	ENSG00000145050	1.0	False
0.0019123904988408102	0.5522388059701493	0.16445010862184306	0.2197275386890003	8	7	19	11	15	ENSG00000146457	1.0	False
0.00016288227152659297	0.5522388059701493	0.0362144839509323	0.03477961507183521	12	7	17	8	12	ENSG00000149823	1.0	False
0.0033624841757410357	0.5522388059701493	0.21101768601768606	0.15017436791630343	4	4	3	3	3	ENSG00000155636	1.0	False
0.004958444284207361	0.5522388059701493	0.33195260098731716	0.4787244643746886	15	5	8	4	6	ENSG00000156313	1.0	False
1.3967462062386075e-05	0.5522388059701493	0.024125242112408338	0.010280160585918525	3	7	19	9	15	ENSG00000165672	1.0	False
1.557907778868121e-06	0.5522388059701493	0.026014600976151173	0.007114089223870781	11	7	19	13	19	ENSG00000166710	1.0	False
0.0002815879425463933	0.5522388059701493	0.056250281607878184	0.04752691231564472	9	7	10	3	7	ENSG00000167085	1.0	False
0.00014363418837190687	0.5522388059701493	0.08421843640764186	0.02988047808764939	5	7	15	5	11	ENSG00000167670	1.0	False
0.00012343240782178603	0.5522388059701493	0.13703258775152571	0.04837845288372665	4	7	13	6	11	ENSG00000172534	1.0	False
1.301668543656694e-05	0.5522388059701493	0.01578654372563205	0.00953864466826678	3	7	16	6	11	ENSG00000173905	1.0	False
0.0015474116630149334	0.5522388059701493	0.15372157341376555	0.14071495514794485	11	7	16	4	12	ENSG00000175193	1.0	False
0.0038233331495993624	0.5522388059701493	0.15856813751550597	0.11289861289861292	6	2	3	3	3	ENSG00000183010	1.0	False
0.0007140161406169502	0.5522388059701493	0.11054208648738069	0.08086620454242717	24	7	17	7	13	ENSG00000204463	1.0	False
0.009508843323580167	0.5522388059701493	0.2864455413151307	0.2602882186896449	19	2	3	3	3	ENSG00000211456	1.0	False
0.002809635993256565	0.5522388059701493	0.37296173486892126	0.19608560453630874	6	7	11	3	7	ENSG00000232119	1.0	False
0.0015677778489716497	0.5522388059701493	0.12414212079102008	0.1124156545209177	10	2	3	3	3	ENSG00000242802	1.0	False
4.0907333218874104e-05	0.5572139303482587	0.024808230883542146	0.02601283083115936	5	7	19	11	17	ENSG00000034713	1.0	False
0.0006967551437141442	0.5572139303482587	0.128614823976136	0.08153547848710206	5	7	16	3	13	ENSG00000084070	1.0	False
0.004056985666303662	0.5572139303482587	0.21485699565693755	0.22741096297812324	8	7	13	4	10	ENSG00000101150	1.0	False
1.885569725915829e-05	0.5572139303482587	0.07383592162284411	0.06611520702444931	4	7	13	3	7	ENSG00000107789	1.0	False
0.0002949188962050724	0.5572139303482587	0.08549273819674591	0.0595519509049721	27	7	18	8	12	ENSG00000108384	1.0	False
0.0028618288117535605	0.5572139303482587	0.0661674947908909	0.17270379913694028	7	7	19	12	18	ENSG00000109475	1.0	False
0.0032137778942598902	0.5572139303482587	0.11197995614009659	0.13030079968348518	16	7	19	11	18	ENSG00000116754	1.0	False
0.0030302708535149265	0.5572139303482587	0.39095868785490273	0.4199094420647333	19	7	12	5	9	ENSG00000118873	1.0	False
0.0005919181802327308	0.5572139303482587	0.2467534148568632	0.09563994374120954	8	6	13	4	8	ENSG00000121060	1.0	False
0.0014277089555061425	0.5572139303482587	0.332857872702683	0.17169905830494894	8	4	9	3	8	ENSG00000122958	1.0	False
0.0020281577706715227	0.5572139303482587	0.13081512341312707	0.12366222607128231	12	7	17	6	11	ENSG00000125457	1.0	False
0.013463743743363382	0.5572139303482587	0.22168663912311237	0.25148124016960455	11	7	19	7	12	ENSG00000132323	1.0	False
0.005078921731713854	0.5572139303482587	0.16128093716253256	0.23637856396477083	14	7	13	3	10	ENSG00000133026	1.0	False
0.000673061208443516	0.5572139303482587	0.14341537949834804	0.14205544850094617	24	7	19	11	17	ENSG00000133226	1.0	False
0.0013145233505038566	0.5572139303482587	0.1706436471860094	0.6131868131868132	2	6	8	3	5	ENSG00000137393	1.0	False
0.0016582577063429318	0.5572139303482587	0.1373462064251538	0.02955875808715298	3	2	3	3	3	ENSG00000143373	1.0	False
0.006728092160664293	0.5572139303482587	0.2498648479163859	0.20634132114216336	8	7	15	5	10	ENSG00000147905	1.0	False
3.2798363854059986e-05	0.5572139303482587	0.014719800643916698	0.024152456330073343	2	7	17	7	11	ENSG00000159596	1.0	False
0.0027881754723144813	0.5572139303482587	0.19604621787968	0.12414623222483481	7	5	7	3	6	ENSG00000163964	1.0	False
0.0063254664581573455	0.5572139303482587	0.260464293956503	0.23006291391874212	6	7	17	7	11	ENSG00000167258	1.0	False
3.3621025094069016e-05	0.5572139303482587	0.012771622286721532	0.019801667259294393	4	7	18	9	15	ENSG00000167775	1.0	False
0.006304601221121178	0.5572139303482587	0.1981138893405599	0.22775349414494628	2	7	13	3	9	ENSG00000169018	1.0	False
0.0026935165899495007	0.5572139303482587	0.21288375463472956	0.1888635403464301	8	6	10	3	6	ENSG00000172661	1.0	False
0.002355270228847885	0.5572139303482587	0.19379016269467728	0.15196078431372553	13	6	10	3	6	ENSG00000172663	1.0	False
0.003979853243333665	0.5572139303482587	0.2498722786363364	0.21349862258953167	4	5	7	3	5	ENSG00000176531	1.0	False
0.003295147917508366	0.5572139303482587	0.23696471434161198	0.22885988398036589	10	7	14	4	10	ENSG00000180098	1.0	False
0.006064896303567774	0.5572139303482587	0.1379811749708695	0.18090116755014343	10	7	9	4	7	ENSG00000182484	1.0	False
0.0011722097947037074	0.5572139303482587	0.16097503952569803	0.15733253930078062	10	7	18	9	15	ENSG00000186298	1.0	False
6.643148135929582e-05	0.5572139303482587	0.04390247323171485	0.026151235347377656	5	7	19	10	15	ENSG00000213719	1.0	False
0.0007031644025018392	0.5572139303482587	0.09582152810223588	0.0687748064499653	8	7	16	9	13	ENSG00000213920	1.0	False
0.002624407764674654	0.5572139303482587	0.17151194250582946	0.14675877468425091	3	5	7	3	6	ENSG00000230155	1.0	False
0.007073333967841808	0.5621890547263682	0.3898229542416204	0.4287244538407329	43	7	15	3	10	ENSG00000005302	1.0	False
0.0024707101697935105	0.5621890547263682	0.19626413679199825	0.20904935291717147	14	7	13	5	9	ENSG00000069493	1.0	False
0.00042484406797720645	0.5621890547263682	0.1623156840410892	0.1958966386426374	21	7	17	7	14	ENSG00000084234	1.0	False
2.877723885189155e-05	0.5621890547263682	0.07694549134991648	0.051879223042943706	3	7	18	6	10	ENSG00000100450	1.0	False
0.0007796539734454466	0.5621890547263682	0.15983472010052294	0.08338621573531427	24	7	18	10	14	ENSG00000101294	1.0	False
0.0005976063733540888	0.5621890547263682	0.10868458201942914	0.12393598910452847	4	6	9	3	6	ENSG00000101888	1.0	False
0.0009089345621427866	0.5621890547263682	0.16267251606173538	0.11251170142565568	8	7	17	4	11	ENSG00000103995	1.0	False
9.284731625675433e-05	0.5621890547263682	0.0402477903181653	0.040788486460678	5	7	19	7	11	ENSG00000105186	1.0	False
0.028532188968393365	0.5621890547263682	0.182046610230909	0.40313823186843645	17	7	18	8	14	ENSG00000106603	1.0	False
0.0006727717137832154	0.5621890547263682	0.07378954672251001	0.07295238095238094	4	7	14	3	7	ENSG00000110721	1.0	False
0.0030758171365702944	0.5621890547263682	0.1665275399859838	0.12473018809744067	6	4	6	3	5	ENSG00000112305	1.0	False
0.000718895237759906	0.5621890547263682	0.14433910989553722	0.10983685810181605	14	7	13	7	10	ENSG00000116497	1.0	False
0.002648350066889685	0.5621890547263682	0.10573243207390073	0.13210713680284794	17	7	18	9	14	ENSG00000121073	1.0	False
0.009560475599342649	0.5621890547263682	0.15834186210631163	0.20748322049386073	9	7	16	6	10	ENSG00000126934	1.0	False
0.00046691496603475227	0.5621890547263682	0.1095351142116479	0.08416070914003262	25	7	19	10	16	ENSG00000137776	1.0	False
0.0043282135905033416	0.5621890547263682	0.20350704248977236	0.2468868529070472	6	7	11	3	7	ENSG00000151552	1.0	False
0.000397291154643258	0.5621890547263682	0.09482045769379405	0.07259560315737441	10	7	18	8	14	ENSG00000152240	1.0	False
0.0005072784925237116	0.5621890547263682	0.2271301225324565	0.14458286329274778	11	7	15	5	11	ENSG00000159131	1.0	False
1.3554763142024462e-05	0.5621890547263682	0.013725490196078407	0.012110726643598612	3	7	17	6	10	ENSG00000160445	1.0	False
0.001998504886118863	0.5621890547263682	0.17015821217053936	0.18219196640249272	9	7	15	5	10	ENSG00000163029	1.0	False
0.0052697060114206586	0.5621890547263682	0.23497385982386956	0.24230455770798068	6	7	11	4	6	ENSG00000164074	1.0	False
0.0004432640254244836	0.5621890547263682	0.08309026774100299	0.05110878903982352	10	7	11	4	8	ENSG00000166199	1.0	False
0.004543044877460997	0.5621890547263682	0.16142943861693862	0.19333333333333336	9	4	6	3	5	ENSG00000166526	1.0	False
0.002733317294004542	0.5621890547263682	0.1676386858477355	0.3803135361610155	10	7	16	4	12	ENSG00000170291	1.0	False
0.00027884142059342396	0.5621890547263682	0.3168771145538667	0.11675396308909286	13	7	11	5	8	ENSG00000180448	1.0	False
5.534788338761031e-06	0.5621890547263682	0.029200995690044335	0.01834813875428016	22	7	19	13	19	ENSG00000184009	1.0	False
6.8552051972193325e-06	0.5621890547263682	0.017398260916772802	0.007981865572591534	7	7	18	9	15	ENSG00000187446	1.0	False
5.649664902345627e-05	0.5621890547263682	0.04977183141297757	0.03297833853389409	3	7	13	4	9	ENSG00000187954	1.0	False
0.0006149615915421373	0.5621890547263682	0.18424668908539876	0.11768608618728674	7	4	6	3	5	ENSG00000187994	1.0	False
0.0035917535056844245	0.5621890547263682	0.2866426606457006	0.31724868875180046	10	7	16	5	10	ENSG00000188739	1.0	False
0.004568491574946757	0.5621890547263682	0.2285025926529074	0.19832769853929394	22	7	15	7	10	ENSG00000197343	1.0	False
0.0015594367268690229	0.5621890547263682	0.22909165821035765	0.18616953351466628	35	7	16	5	10	ENSG00000204842	1.0	False
0.0025079511436506114	0.5621890547263682	0.32780819164078834	0.15742057847321006	3	5	9	4	6	ENSG00000213462	1.0	False
0.00686767013717508	0.5621890547263682	0.23131576518905098	0.5355203619909502	46	7	15	6	11	ENSG00000231721	1.0	False
0.00018950232088240016	0.5621890547263682	0.09280886416295983	0.06128133704735379	3	7	13	4	8	ENSG00000254635	1.0	False
0.0020842478018085263	0.5621890547263682	0.13882935572448923	0.15046558545582137	9	7	19	9	15	ENSG00000283103	1.0	False
0.011535743707126372	0.5671641791044776	0.25937682913326254	0.35129895762519087	18	7	17	7	13	ENSG00000007392	1.0	False
0.001880398807781833	0.5671641791044776	0.12237335691392698	0.1443882119112782	7	7	17	6	11	ENSG00000010270	1.0	False
0.0024491823085288915	0.5671641791044776	0.3040156915384326	0.4450692041522491	15	3	4	3	4	ENSG00000062485	1.0	False
0.0004997068680766851	0.5671641791044776	0.1517682664080142	0.1401317913672017	21	7	19	10	16	ENSG00000068745	1.0	False
0.00029601519070006994	0.5671641791044776	0.1911941953957461	0.07446617923788093	9	7	17	6	11	ENSG00000072786	1.0	False
0.0026884962357767673	0.5671641791044776	0.12160390568726487	0.16586866516345142	6	7	19	10	17	ENSG00000089737	1.0	False
0.0013632893428050122	0.5671641791044776	0.22086380112920348	0.24231177094379638	12	7	12	4	8	ENSG00000100644	1.0	False
0.00026935178768066785	0.5671641791044776	0.08927072108058869	0.07684083252089365	13	7	19	8	14	ENSG00000104522	1.0	False
0.00014844609750754408	0.5671641791044776	0.05483674761024608	0.025029243297154467	4	7	19	13	16	ENSG00000117450	1.0	False
0.0033340601571942696	0.5671641791044776	0.1323529661829253	0.14603798074137758	11	7	17	8	15	ENSG00000120963	1.0	False
0.0005652035002882198	0.5671641791044776	0.1304765261328492	0.08660860569966156	10	7	16	5	11	ENSG00000123104	1.0	False
5.4757462342035504e-05	0.5671641791044776	0.04505658092926583	0.029270228170049907	11	7	19	12	18	ENSG00000125691	1.0	False
0.0038718187302955952	0.5671641791044776	0.24536527550339282	0.20554310845572982	6	4	6	3	5	ENSG00000125912	1.0	False
0.0001538162938605826	0.5671641791044776	0.14699695777705962	0.0457587710502097	3	7	18	10	15	ENSG00000133639	1.0	False
0.0008072528482131554	0.5671641791044776	0.11241314672268996	0.2546875661600114	3	7	18	9	13	ENSG00000134809	1.0	False
6.145945450802215e-06	0.5671641791044776	0.011759246822992644	0.008193494368590867	3	7	19	10	16	ENSG00000136938	1.0	False
0.0020446312556809724	0.5671641791044776	0.2323643096168284	0.18849957565443753	17	7	15	5	9	ENSG00000140521	1.0	False
6.086069883270322e-05	0.5671641791044776	0.044819316890616794	0.02919781027512768	9	7	18	10	15	ENSG00000140612	1.0	False
0.00038777240268033904	0.5671641791044776	0.05561351722733979	0.04162557678025737	3	7	8	3	5	ENSG00000140749	1.0	False
0.0007623452613003678	0.5671641791044776	0.1115489198900172	0.09182910047961952	9	7	13	4	9	ENSG00000144136	1.0	False
0.0013128207488852836	0.5671641791044776	0.2631863064950018	0.19754238525222614	5	6	10	4	6	ENSG00000145919	1.0	False
0.018195035992991705	0.5671641791044776	0.3710517152808395	0.4441489361702127	8	6	11	3	9	ENSG00000150787	1.0	False
4.7538956379130314e-05	0.5671641791044776	0.02020202020202021	0.02531645569620254	3	6	9	3	6	ENSG00000151176	1.0	False
0.0025056535654286597	0.5671641791044776	0.21225539000264435	0.20383542140562577	29	7	19	8	15	ENSG00000153187	1.0	False
0.0061080411304999405	0.5671641791044776	0.06016706703532122	0.16985371266596716	10	7	18	10	14	ENSG00000162300	1.0	False
0.002007962302346358	0.5671641791044776	0.12446447291762791	0.20650967228734513	4	7	18	6	11	ENSG00000162664	1.0	False
0.005304019254470592	0.5671641791044776	0.1003337806950271	0.17929885557004202	10	7	15	7	13	ENSG00000165732	1.0	False
0.004729687113133228	0.5671641791044776	0.2115412627787489	0.15399109284001372	11	3	3	3	3	ENSG00000167380	1.0	False
0.0013864418537430944	0.5671641791044776	0.13994708462967498	0.2175945891328487	45	7	19	12	18	ENSG00000169045	1.0	False
0.0027772408283671043	0.5671641791044776	0.11867318736129974	0.14862586812979822	13	7	18	10	15	ENSG00000169567	1.0	False
0.0013399011103925932	0.5671641791044776	0.20875667094831288	0.1251768033946252	11	7	14	3	9	ENSG00000172922	1.0	False
0.015124820875408855	0.5671641791044776	0.31239915805931595	0.2769474637681159	9	6	9	4	6	ENSG00000173818	1.0	False
0.0016580993516574643	0.5671641791044776	0.11435628852773455	0.06983240223463688	3	4	5	3	3	ENSG00000178425	1.0	False
0.0001574237703958199	0.5671641791044776	0.08046951528429239	0.039691050237082706	11	7	13	5	10	ENSG00000183889	1.0	False
0.0010276646806032098	0.5671641791044776	0.049600744301391574	0.09776904020547778	11	7	19	11	17	ENSG00000184787	1.0	False
0.00020750334956339504	0.5671641791044776	0.07228090217054647	0.04081324102808941	14	7	12	4	9	ENSG00000187778	1.0	False
0.002347980408134442	0.5671641791044776	0.28867245482925524	0.1753670771348459	11	7	17	5	12	ENSG00000204514	1.0	False
0.08191761216339673	0.5671641791044776	0.20238178296659162	0.6947698712259553	2	7	16	8	11	ENSG00000211899	1.0	False
0.003187089309262448	0.5671641791044776	0.16381378621944664	0.13785147801009373	5	5	8	3	4	ENSG00000237819	1.0	False
8.664297400143687e-09	0.5671641791044776	0.0004662004662004805	0.00029052876234747374	2	7	19	12	16	ENSG00000246705	1.0	False
2.719627205773755e-06	0.5671641791044776	0.027458173420983212	0.009080314268759005	4	7	19	13	18	ENSG00000254772	1.0	False
0.00016510224947342454	0.5671641791044776	0.2955055821314672	0.1406169665809769	2	4	5	3	4	ENSG00000263069	1.0	False
0.002174767212778358	0.572139303482587	0.18415796302973533	0.15846779736224625	8	7	15	4	10	ENSG00000005194	1.0	False
0.004287921792911024	0.572139303482587	0.13598093515439544	0.21233228795356152	11	7	19	10	16	ENSG00000061936	1.0	False
0.00031963274476880206	0.572139303482587	0.155977158205394	0.06676409694312507	10	7	19	10	14	ENSG00000088247	1.0	False
0.0022047172602490013	0.572139303482587	0.13526361300481632	0.1591664989454014	9	7	13	5	8	ENSG00000104660	1.0	False
0.00036165409097084977	0.572139303482587	0.10636339337876771	0.06671971344025743	10	7	19	10	16	ENSG00000104886	1.0	False
4.661764865532574e-05	0.572139303482587	0.03481698307194661	0.018468087356125984	9	7	19	13	18	ENSG00000105669	1.0	False
0.0007436336217324137	0.572139303482587	0.07022247050670441	0.07653589586272383	7	7	17	6	9	ENSG00000105723	1.0	False
0.001609449159153703	0.572139303482587	0.11127695345346533	0.1284969611436116	9	7	12	3	8	ENSG00000115234	1.0	False
0.0006145738929844405	0.572139303482587	0.05602111766692494	0.08565196830635897	7	2	4	4	4	ENSG00000118900	1.0	False
6.817701228962625e-05	0.572139303482587	0.05733618233618239	0.0306122448979592	2	7	10	4	9	ENSG00000132394	1.0	False
0.0006395433649813639	0.572139303482587	0.11131343891046926	0.08915878565028248	2	7	15	4	11	ENSG00000133119	1.0	False
2.6806160824505518e-05	0.572139303482587	0.017491450562060307	0.01869174744919612	2	4	5	3	4	ENSG00000134049	1.0	False
3.224161553542797e-05	0.572139303482587	0.055831330760872315	0.03619860772389042	3	7	18	7	14	ENSG00000143110	1.0	False
0.007466618474314018	0.572139303482587	0.12135573704234628	0.1580594163757328	2	6	7	3	5	ENSG00000144199	1.0	False
0.0007497618606404412	0.572139303482587	0.41745586675838264	0.6684848675056754	20	7	12	3	8	ENSG00000144218	1.0	False
0.001668228256217534	0.572139303482587	0.37048054781608497	0.4641393442622951	11	7	9	3	5	ENSG00000146094	1.0	False
0.00037487716449830546	0.572139303482587	0.11127489032033558	0.08773252890899955	6	7	14	5	9	ENSG00000150782	1.0	False
0.0031380964071813077	0.572139303482587	0.33550914592977255	0.39217792747016633	6	5	7	3	4	ENSG00000153130	1.0	False
0.0019169022218453102	0.572139303482587	0.24455185369140858	0.4807307791537668	8	6	8	3	5	ENSG00000156030	1.0	False
0.0010259312076208514	0.572139303482587	0.11367142177187278	0.09834544611102522	3	7	10	3	7	ENSG00000158623	1.0	False
0.004832691162829396	0.572139303482587	0.3954924206975887	0.3934046103205448	33	7	12	3	9	ENSG00000164073	1.0	False
0.001891368797818299	0.572139303482587	0.1994687289855884	0.1823937311104611	6	4	6	4	5	ENSG00000166311	1.0	False
9.25145840124941e-06	0.572139303482587	0.02593438538205976	0.009557945041816035	3	7	16	5	11	ENSG00000167182	1.0	False
0.0004996675089988244	0.572139303482587	0.0646855587031248	0.07936084892121727	6	7	12	3	7	ENSG00000172409	1.0	False
0.0006672309123727104	0.572139303482587	0.10584535849405405	0.08674079387852701	3	7	15	4	12	ENSG00000176208	1.0	False
0.003732806898487119	0.572139303482587	0.13983498712562753	0.13760330578512397	5	4	4	3	4	ENSG00000185716	1.0	False
3.915620619088068e-05	0.572139303482587	0.012820512820512803	0.01242236024844723	3	6	6	3	4	ENSG00000187862	1.0	False
1.2413179722121636e-06	0.572139303482587	0.003178194354664968	0.0017307026652820922	4	7	18	6	14	ENSG00000198952	1.0	False
0.0001529146865947512	0.572139303482587	0.09292546482323225	0.04487319734704157	32	7	19	13	19	ENSG00000204628	1.0	False
0.0019489668614244206	0.572139303482587	0.29180989223542414	0.1565934065934066	14	3	5	3	4	ENSG00000228956	1.0	False
0.0015375212223521484	0.572139303482587	0.2105665605025518	0.17693525775592178	7	7	13	3	8	ENSG00000267080	1.0	False
0.004275767778244861	0.572139303482587	0.13069710081132696	0.26589338910876503	15	7	19	12	17	ENSG00000269893	1.0	False
0.003457139014676492	0.5771144278606966	0.30499446579793416	0.3456646919922118	17	7	15	3	9	ENSG00000007923	1.0	False
0.0016978769394882447	0.5771144278606966	0.21081729024412368	0.18464791814219164	9	7	17	5	13	ENSG00000062194	1.0	False
2.646010374464991e-05	0.5771144278606966	0.0189672801635992	0.010060362173038209	6	4	5	3	5	ENSG00000064115	1.0	False
0.004276751303947744	0.5771144278606966	0.086693320936343	0.16031757382586898	10	7	17	8	15	ENSG00000089063	1.0	False
0.0033051444998917134	0.5771144278606966	0.15706391809925968	0.12626262626262624	5	5	7	3	6	ENSG00000100483	1.0	False
0.002325061253469057	0.5771144278606966	0.17450256007940157	0.13129728941458907	9	7	19	11	15	ENSG00000100811	1.0	False
0.0032918390482752488	0.5771144278606966	0.19607222848817943	0.1550088540349102	8	7	9	3	6	ENSG00000100889	1.0	False
0.0005022746214940074	0.5771144278606966	0.06746686253469887	0.06709979209979207	9	6	8	3	7	ENSG00000103148	1.0	False
0.00019701969030733218	0.5771144278606966	0.0834156829565315	0.047465965483362765	39	7	19	13	19	ENSG00000104529	1.0	False
0.001951054849960957	0.5771144278606966	0.377945590311029	0.3203798392021101	23	7	16	5	8	ENSG00000104738	1.0	False
0.001445299185086752	0.5771144278606966	0.10934671167490244	0.08865722021025985	3	4	8	5	7	ENSG00000106261	1.0	False
0.0018728328889205201	0.5771144278606966	0.17254777289565057	0.14703803081669048	4	7	16	6	14	ENSG00000108590	1.0	False
0.0010742105019000195	0.5771144278606966	0.1635846144735955	0.10882976672450353	5	7	12	5	9	ENSG00000109586	1.0	False
0.000280474348424823	0.5771144278606966	0.11402368684897958	0.07821362157136216	4	7	16	4	11	ENSG00000110315	1.0	False
0.0021621699224720877	0.5771144278606966	0.18602138417993186	0.13290105667627278	9	7	18	8	12	ENSG00000110696	1.0	False
0.0008044560448427615	0.5771144278606966	0.15819759195328628	0.14387530725714034	6	7	17	6	11	ENSG00000114021	1.0	False
0.01057094758999149	0.5771144278606966	0.2801750562106678	0.29321085573391725	9	7	15	4	10	ENSG00000122643	1.0	False
0.003204172743264684	0.5771144278606966	0.21146980615787195	0.19383933348620347	6	6	10	3	6	ENSG00000122912	1.0	False
0.007342478687603373	0.5771144278606966	0.30397153561101364	0.325979722551073	15	6	10	4	7	ENSG00000127527	1.0	False
0.002673452841797031	0.5771144278606966	0.05583532417277692	0.12364664505508072	6	7	17	7	13	ENSG00000128708	1.0	False
0.000715047985652155	0.5771144278606966	0.13257882468408785	0.08809503989725415	6	6	7	3	4	ENSG00000136048	1.0	False
1.8164333150219974e-05	0.5771144278606966	0.029426109349915495	0.015143195222511866	6	7	19	11	17	ENSG00000138495	1.0	False
0.0025795824580308172	0.5771144278606966	0.3519417356359883	0.22780492071624037	10	6	11	3	7	ENSG00000138867	1.0	False
3.297262945197593e-07	0.5771144278606966	0.013750744396663775	0.003929449176987244	17	7	19	13	19	ENSG00000140988	1.0	False
0.001743563009895293	0.5771144278606966	0.2981350792972237	0.27139255650984917	19	6	12	4	8	ENSG00000143537	1.0	False
1.2372250868030424e-06	0.5771144278606966	0.015669083384310247	0.010392498275704258	6	7	17	5	10	ENSG00000147443	1.0	False
0.003610354688034475	0.5771144278606966	0.1974384244473112	0.2113107654409281	4	4	8	5	5	ENSG00000162642	1.0	False
0.0035278549066922243	0.5771144278606966	0.3033444337345096	0.20660770779407536	2	5	6	3	4	ENSG00000165506	1.0	False
0.0019283834741530212	0.5771144278606966	0.14870187063157753	0.1684695956419682	8	7	13	5	9	ENSG00000165516	1.0	False
0.0001752574717712154	0.5771144278606966	0.06573681293930196	0.05407323406951048	6	7	18	11	15	ENSG00000170296	1.0	False
8.688545455174475e-05	0.5771144278606966	0.024781679672984037	0.029148629148629146	3	2	3	3	3	ENSG00000170903	1.0	False
0.0016429885723827679	0.5771144278606966	0.2736013246505164	0.22514619883040937	6	7	9	3	7	ENSG00000173409	1.0	False
0.0019934110031288523	0.5771144278606966	0.29257484913183784	0.14416383701188457	3	6	8	3	7	ENSG00000176894	1.0	False
0.006808892044183794	0.5771144278606966	0.2670112597206855	0.2643676264334626	7	4	5	3	5	ENSG00000181396	1.0	False
0.003808083770279011	0.5771144278606966	0.17382518106899428	0.16323458457975493	13	6	11	4	8	ENSG00000187531	1.0	False
0.004048245776740443	0.5771144278606966	0.29488162432535747	0.23248067218534815	34	7	15	6	9	ENSG00000213614	1.0	False
0.003822849810265386	0.5771144278606966	0.18522481887011846	0.15478574289146976	4	3	5	3	5	ENSG00000221968	1.0	False
0.0006994400808911272	0.5771144278606966	0.08458215040072298	0.06483632701024004	6	7	13	5	10	ENSG00000267796	1.0	False
4.587817776251388e-06	0.582089552238806	0.043157695016311955	0.04959662345597115	7	7	10	3	6	ENSG00000012223	1.0	False
0.0022325051844286174	0.582089552238806	0.17020011403613083	0.27214075530639	19	7	18	8	14	ENSG00000022840	1.0	False
0.000354597750229786	0.582089552238806	0.14591665585596617	0.09840219919942664	15	7	16	5	10	ENSG00000035681	1.0	False
0.0022055925359600833	0.582089552238806	0.26144996502568385	0.2517208425869843	8	6	11	4	7	ENSG00000052723	1.0	False
0.0016581689084860123	0.582089552238806	0.1671588031518178	0.17141146121245623	10	7	10	3	6	ENSG00000070540	1.0	False
6.285367297226749e-05	0.582089552238806	0.1138317876122542	0.07122976591113148	11	7	15	6	11	ENSG00000077152	1.0	False
0.005140805732182825	0.582089552238806	0.08996302130448475	0.20106902288036213	11	5	7	3	7	ENSG00000085511	1.0	False
3.61168741377721e-05	0.582089552238806	0.014987985512179556	0.01589762872729618	2	7	19	12	15	ENSG00000086062	1.0	False
0.0034585226146556882	0.582089552238806	0.2053724056154379	0.1720760453865218	6	7	12	3	7	ENSG00000095261	1.0	False
0.0019059563470510176	0.582089552238806	0.08501217687168663	0.11982084488820875	10	7	19	11	16	ENSG00000100201	1.0	False
0.0008118352738837595	0.582089552238806	0.17209504961747207	0.14691088688907072	4	7	11	3	8	ENSG00000102189	1.0	False
0.0016141937045377327	0.582089552238806	0.16869761183747417	0.18485008058467772	7	6	11	4	8	ENSG00000106615	1.0	False
0.0008163680598346174	0.582089552238806	0.08145919474430113	0.08350692982209872	4	7	17	5	8	ENSG00000108798	1.0	False
1.5052507342722927e-06	0.582089552238806	0.005026157404953617	0.003152192234230566	4	7	19	12	17	ENSG00000114902	1.0	False
0.00010489661536252132	0.582089552238806	0.04105548850458744	0.035025604707444445	6	7	16	5	12	ENSG00000116478	1.0	False
0.00014430467925580532	0.582089552238806	0.036686672778497104	0.04027687658025625	7	7	19	12	17	ENSG00000124942	1.0	False
4.286200469596518e-05	0.582089552238806	0.01978356049116027	0.025508095780106127	7	7	19	13	19	ENSG00000130255	1.0	False
0.002056144489056585	0.582089552238806	0.16061939452174134	0.15041875084269601	15	7	12	4	7	ENSG00000134152	1.0	False
0.0008420980738953802	0.582089552238806	0.12006380775917236	0.10162661017361868	8	7	17	7	14	ENSG00000134717	1.0	False
0.00039461683827485185	0.582089552238806	0.07941041080506743	0.09302471860956738	8	7	19	9	16	ENSG00000135046	1.0	False
0.020396487622832134	0.582089552238806	0.4503209263294522	0.548148148148148	28	6	8	3	6	ENSG00000135541	1.0	False
0.007895256467209785	0.582089552238806	0.37149116197017523	0.1943835015357613	6	4	4	3	3	ENSG00000137185	1.0	False
0.000106569565928936	0.582089552238806	0.028730421246088756	0.02936081601989725	6	7	18	6	11	ENSG00000137200	1.0	False
0.0006620018054605535	0.582089552238806	0.1078154749551665	0.11375972245537465	13	7	16	5	12	ENSG00000137575	1.0	False
0.0019605048763011155	0.582089552238806	0.1804510771186557	0.2481140971239981	6	7	9	3	5	ENSG00000138073	1.0	False
0.0008154105305120912	0.582089552238806	0.14278451446670393	0.16340503615578947	30	7	18	6	12	ENSG00000140374	1.0	False
0.004002079888776171	0.582089552238806	0.2219320819974827	0.1617123570236194	9	7	15	5	11	ENSG00000141425	1.0	False
0.007233392569131136	0.582089552238806	0.12540967686216578	0.1956185851451275	3	7	13	4	8	ENSG00000142751	1.0	False
0.006950249197749734	0.582089552238806	0.2330335283211974	0.19354887714727878	6	7	15	7	12	ENSG00000160226	1.0	False
0.0012763502487896866	0.582089552238806	0.08055457566870454	0.09759260496342559	7	7	19	10	14	ENSG00000163527	1.0	False
0.0002278702774167829	0.582089552238806	0.04889485144429992	0.03839327497305951	6	7	15	6	10	ENSG00000163960	1.0	False
0.00017849647906973955	0.582089552238806	0.07897575830484808	0.04382044983362077	10	7	17	7	13	ENSG00000166479	1.0	False
2.9942529609462035e-06	0.582089552238806	0.007326007326007313	0.0009569377990430537	2	7	14	3	7	ENSG00000167513	1.0	False
0.0066491082970676785	0.582089552238806	0.2540803604169941	0.2686491935483871	11	4	5	3	3	ENSG00000167595	1.0	False
0.0002433642434270507	0.582089552238806	0.19672293147268288	0.1483927126151383	8	7	14	5	8	ENSG00000168685	1.0	False
0.010520972664495462	0.582089552238806	0.3400626244102194	0.26777034278139006	3	6	6	3	4	ENSG00000170088	1.0	False
0.00121359652547917	0.582089552238806	0.26085726464570036	0.24771552341795178	2	6	9	3	7	ENSG00000173950	1.0	False
0.005668297870090997	0.582089552238806	0.2893454543385152	0.10404411764705884	8	4	5	3	4	ENSG00000174177	1.0	False
3.4867096352286166e-08	0.582089552238806	0.0007639419404125777	0.0009930486593843157	2	7	17	5	14	ENSG00000176619	1.0	False
0.004914041630151255	0.582089552238806	0.37613768059750985	0.2721452793712167	14	6	11	4	8	ENSG00000182473	1.0	False
0.0018038681170714384	0.582089552238806	0.2301461724011704	0.2066367001586462	13	5	8	3	7	ENSG00000183054	1.0	False
0.002297856024894836	0.582089552238806	0.08790957263626183	0.17519741862425342	9	7	19	11	16	ENSG00000184922	1.0	False
0.00022024253108007488	0.582089552238806	0.0671838101216632	0.07395993836671808	3	5	7	3	5	ENSG00000188827	1.0	False
0.0018249163494960191	0.5870646766169154	0.10346120150132088	0.07876305008589933	5	3	4	3	4	ENSG00000002016	1.0	False
0.004484679318223126	0.5870646766169154	0.38667113734930475	0.24520585330997835	25	7	16	5	12	ENSG00000099246	1.0	False
0.0007647778506902447	0.5870646766169154	0.16682798931678544	0.06231495573980982	41	7	19	11	18	ENSG00000104408	1.0	False
0.001652112896240117	0.5870646766169154	0.1086019348631401	0.11809561832518213	3	5	11	3	7	ENSG00000104866	1.0	False
0.01386663297328597	0.5870646766169154	0.32396259635465574	0.35621659434739633	11	7	12	3	8	ENSG00000111581	1.0	False
0.0011903432728514961	0.5870646766169154	0.21696563406785427	0.15412186379928314	11	4	6	3	6	ENSG00000116984	1.0	False
0.0008075048864958168	0.5870646766169154	0.09644418471506427	0.11416067057339956	3	6	7	3	5	ENSG00000119431	1.0	False
0.0006020741811168785	0.5870646766169154	0.06370941408213784	0.043821226145435606	6	7	18	9	14	ENSG00000129055	1.0	False
0.0003344130206548212	0.5870646766169154	0.08313539146332394	0.06652588401238665	11	7	19	10	15	ENSG00000132341	1.0	False
0.0076856335961494335	0.5870646766169154	0.28711063514728424	0.2776773156519992	6	4	5	3	4	ENSG00000140876	1.0	False
4.389872987791833e-06	0.5870646766169154	0.019797467395500264	0.008305290574639388	6	7	19	11	17	ENSG00000143222	1.0	False
0.00445676313792895	0.5870646766169154	0.23882189922913336	0.21663285848201247	16	7	19	8	14	ENSG00000145703	1.0	False
0.00227852190170715	0.5870646766169154	0.049288805387190375	0.10300591654527645	6	7	18	8	14	ENSG00000146701	1.0	False
0.0008558800422244722	0.5870646766169154	0.09573962857396671	0.0803786021362247	9	7	15	7	12	ENSG00000162604	1.0	False
0.028836992229126238	0.5870646766169154	0.23588327738334416	0.41566153275190204	2	6	10	3	8	ENSG00000163933	1.0	False
0.0018815186112855445	0.5870646766169154	0.2526743295851481	0.19991267622190312	9	7	8	3	7	ENSG00000164308	1.0	False
0.000977981206447256	0.5870646766169154	0.27753708332460086	0.18170919776028654	16	7	17	5	11	ENSG00000165219	1.0	False
0.00011951637396915772	0.5870646766169154	0.05933119079351786	0.017347634258356965	3	7	16	4	11	ENSG00000171984	1.0	False
0.0025607982008729016	0.5870646766169154	0.34103110945768034	0.4292184781109139	4	7	12	4	8	ENSG00000180644	1.0	False
0.000528211321764895	0.5870646766169154	0.10518602614430175	0.10294012195340566	3	7	17	9	13	ENSG00000183741	1.0	False
1.7652495476904663e-05	0.5870646766169154	0.011388888888888836	0.012165450121654493	2	7	12	3	9	ENSG00000189306	1.0	False
0.00340855891123259	0.5870646766169154	0.12477581786581848	0.1861628289176261	13	7	17	5	12	ENSG00000204356	1.0	False
0.005894976205058433	0.5870646766169154	0.2641141343846286	0.30935441370223976	8	4	7	4	5	ENSG00000244005	1.0	False
0.0014694945616221078	0.5870646766169154	0.13090005822758266	0.14162679425837318	11	6	8	3	5	ENSG00000269335	1.0	False
0.004113028418610754	0.5920398009950248	0.2122700065970366	0.2660861151427189	9	6	7	3	4	ENSG00000016864	1.0	False
0.00613014272929644	0.5920398009950248	0.22159467827078816	0.24080313619602386	12	7	18	6	12	ENSG00000047249	1.0	False
0.0029931903788328507	0.5920398009950248	0.2936594510954489	0.4055909950528826	14	7	12	3	7	ENSG00000069974	1.0	False
0.0008752979271431911	0.5920398009950248	0.17820448565596503	0.17139885348630726	17	7	18	9	14	ENSG00000071564	1.0	False
0.0005219309955461726	0.5920398009950248	0.05341500094183618	0.046694373950249474	7	7	15	5	9	ENSG00000083720	1.0	False
0.0005733278730617884	0.5920398009950248	0.12568075597974418	0.10012487306487314	8	7	19	9	14	ENSG00000092201	1.0	False
0.0030458375359688145	0.5920398009950248	0.1496011467446103	0.17706754142924355	6	6	11	3	7	ENSG00000105552	1.0	False
0.004413588598735035	0.5920398009950248	0.3456175101327944	0.3516232494825368	32	7	13	3	8	ENSG00000108094	1.0	False
0.0016095855343023324	0.5920398009950248	0.12322207302571067	0.14696349992351102	14	7	17	9	14	ENSG00000109083	1.0	False
0.001717620578409661	0.5920398009950248	0.2354124492748011	0.22631130063965885	9	7	13	3	9	ENSG00000111647	1.0	False
0.0025470024687532134	0.5920398009950248	0.187168511082594	0.17711307824100514	11	7	9	3	6	ENSG00000112473	1.0	False
0.003710880554721097	0.5920398009950248	0.14384479496515962	0.22819155683167858	9	7	15	5	10	ENSG00000115211	1.0	False
6.581023123473443e-05	0.5920398009950248	0.018093453997526262	0.02533535469121193	11	7	19	13	19	ENSG00000115268	1.0	False
0.0010925623784145146	0.5920398009950248	0.11049813384716566	0.1510859881416854	6	7	13	5	10	ENSG00000120709	1.0	False
0.0006585543428897072	0.5920398009950248	0.07469536123325493	0.049331365445681834	2	5	9	4	6	ENSG00000123091	1.0	False
0.0015710284317863006	0.5920398009950248	0.197509766760233	0.16124876230662535	12	6	8	3	6	ENSG00000124788	1.0	False
0.0009571061504424667	0.5920398009950248	0.07487173376117391	0.11973434319447926	9	7	19	11	17	ENSG00000132507	1.0	False
0.0014368708656787193	0.5920398009950248	0.135004382774355	0.10240542066629027	5	5	7	3	6	ENSG00000139579	1.0	False
0.0001385914618017484	0.5920398009950248	0.1019722852408066	0.060634350266563344	8	7	15	6	11	ENSG00000139687	1.0	False
0.0024731636258205803	0.5920398009950248	0.2869169925469535	0.25787535348663876	18	7	15	5	10	ENSG00000143379	1.0	False
0.0003419532075467291	0.5920398009950248	0.1252176675373297	0.0971551468789038	11	7	14	4	10	ENSG00000151247	1.0	False
0.004294025899139656	0.5920398009950248	0.3013092871967797	0.21757512062293988	14	4	7	4	5	ENSG00000156931	1.0	False
0.0032937842266290394	0.5920398009950248	0.281042045823862	0.2883600475499994	7	7	13	5	7	ENSG00000162976	1.0	False
0.0010482217521658307	0.5920398009950248	0.13453065175482404	0.08754161485700532	5	2	3	3	3	ENSG00000163611	1.0	False
0.0004734840992805309	0.5920398009950248	0.05907305577376277	0.05741626794258371	7	6	7	3	5	ENSG00000163738	1.0	False
0.0005469861030977577	0.5920398009950248	0.06295950531758394	0.07446077757933779	3	6	7	3	5	ENSG00000164323	1.0	False
0.0007425985347636106	0.5920398009950248	0.08352825564214572	0.11693900415245624	10	7	19	8	13	ENSG00000166987	1.0	False
0.003287454495484849	0.5920398009950248	0.17793415153669498	0.25378124733641944	37	7	19	11	15	ENSG00000168259	1.0	False
0.00019036674612560328	0.5920398009950248	0.05627123547174859	0.14801284874629897	2	7	19	13	17	ENSG00000168653	1.0	False
0.00290833824133899	0.5920398009950248	0.05623421798624659	0.09114847970608672	9	7	19	10	17	ENSG00000177156	1.0	False
0.0007876458412540541	0.5920398009950248	0.14883394453550455	0.08464252083264324	10	7	16	7	13	ENSG00000182628	1.0	False
0.0005166562979164256	0.5920398009950248	0.07177751400702176	0.0468060839889868	9	7	17	7	14	ENSG00000184281	1.0	False
5.039190529546178e-05	0.5920398009950248	0.04820898049131221	0.020966779757997447	3	7	18	10	16	ENSG00000185608	1.0	False
0.00204637051793897	0.5920398009950248	0.1989275057849227	0.21153846153846156	4	3	4	3	4	ENSG00000187824	1.0	False
0.0017095465147967	0.5920398009950248	0.239295998019392	0.21935630860733385	6	7	17	6	12	ENSG00000204977	1.0	False
0.0031336745890001116	0.5920398009950248	0.169699409554482	0.18045352922389019	5	4	4	3	3	ENSG00000243477	1.0	False
0.0016500408314987383	0.5970149253731343	0.21117296972996386	0.14400763947271986	19	7	19	9	14	ENSG00000067066	1.0	False
0.0005910602794848278	0.5970149253731343	0.14268383993926406	0.13543840126118611	6	7	14	6	11	ENSG00000071537	1.0	False
0.0027345200829570738	0.5970149253731343	0.1507275566962165	0.1647988904299584	13	7	18	7	11	ENSG00000075785	1.0	False
0.0017208810186158537	0.5970149253731343	0.13818708283735318	0.17753536197087527	5	7	14	3	10	ENSG00000083844	1.0	False
0.002467050755228287	0.5970149253731343	0.09801907408131304	0.09292527313362943	11	7	19	9	17	ENSG00000099817	1.0	False
0.003992438356763817	0.5970149253731343	0.15001534201952182	0.21348667648759015	14	7	17	6	12	ENSG00000100445	1.0	False
9.076731117980388e-05	0.5970149253731343	0.032599351509880754	0.03919560562331251	4	7	12	3	7	ENSG00000104885	1.0	False
1.4847768098664053e-09	0.5970149253731343	0.006725436931386598	6.616929413905302e-05	2	7	19	13	18	ENSG00000106153	1.0	False
4.665414917681311e-06	0.5970149253731343	0.04096266890092372	0.015029624973825125	4	7	19	11	15	ENSG00000110848	1.0	False
0.0007922453995209994	0.5970149253731343	0.1682973707484249	0.07864132523417022	7	7	17	5	14	ENSG00000116717	1.0	False
0.00039086124377496175	0.5970149253731343	0.08839329186546864	0.09976938948901568	3	7	16	6	10	ENSG00000116954	1.0	False
0.003774929369679007	0.5970149253731343	0.170534981918362	0.1393452326746198	8	6	10	4	7	ENSG00000118007	1.0	False
0.0021698872901997302	0.5970149253731343	0.2588384424969791	0.2542857142857143	5	3	5	3	4	ENSG00000120254	1.0	False
0.005559987571222547	0.5970149253731343	0.27000666389070527	0.4004118404118404	12	7	16	5	12	ENSG00000124795	1.0	False
0.0032279443222159943	0.5970149253731343	0.12389532389532394	0.14894636015325666	5	6	10	3	7	ENSG00000133250	1.0	False
0.0016505377018136635	0.5970149253731343	0.2198431889067269	0.16443739658025375	22	7	19	7	13	ENSG00000134283	1.0	False
0.0025036844313123994	0.5970149253731343	0.32061638470645054	0.26641414141414144	12	4	7	3	5	ENSG00000137807	1.0	False
0.0018117702384839011	0.5970149253731343	0.18496524919863144	0.10613205277912627	11	7	15	5	10	ENSG00000145782	1.0	False
0.00044138861647940607	0.5970149253731343	0.10131255117613429	0.2203427141269179	6	7	13	3	8	ENSG00000148346	1.0	False
6.79599480023147e-05	0.5970149253731343	0.18353818471293165	0.2854031037326015	6	6	12	3	8	ENSG00000153064	1.0	False
8.657284636474059e-05	0.5970149253731343	0.0757254659686707	0.023882855580273622	4	6	10	4	8	ENSG00000154016	1.0	False
0.0017547113143222231	0.5970149253731343	0.12481291129346025	0.0946012784571464	5	7	19	10	16	ENSG00000154473	1.0	False
0.0010003194232282228	0.5970149253731343	0.08376034032650705	0.13686635365875108	13	7	14	5	10	ENSG00000162144	1.0	False
0.002639958769262508	0.5970149253731343	0.16171459003887262	0.17280674988441985	35	7	18	5	14	ENSG00000167986	1.0	False
6.161653822473452e-05	0.5970149253731343	0.07756871030316287	0.02148889393118486	8	7	19	11	15	ENSG00000169813	1.0	False
0.00117596412213652	0.5970149253731343	0.1480066399549977	0.1270455844565123	11	7	19	10	15	ENSG00000171988	1.0	False
9.695057025538816e-06	0.5970149253731343	0.0027472527472527427	0.0053262316910785805	2	7	6	3	5	ENSG00000198517	1.0	False
0.0007251355255442691	0.5970149253731343	0.11173769403269498	0.058914785853516186	6	7	16	6	11	ENSG00000213397	1.0	False
0.0048066774947480035	0.5970149253731343	0.25172452259696615	0.22538129676703303	23	7	18	6	10	ENSG00000239900	1.0	False
0.0004552699319758224	0.5970149253731343	0.11805515905863981	0.05513293665737743	5	7	11	4	8	ENSG00000250479	1.0	False
0.0004146332039337301	0.6019900497512438	0.08671097903259697	0.06632741471529409	4	7	14	5	12	ENSG00000006451	1.0	False
0.0001825382521009308	0.6019900497512438	0.08449609563749569	0.04998318621269443	11	7	19	8	13	ENSG00000010292	1.0	False
0.00519937737476319	0.6019900497512438	0.46472085833787957	0.4027442207307979	11	7	11	3	6	ENSG00000048707	1.0	False
0.0010081840054385663	0.6019900497512438	0.15868647345765033	0.13854328884721223	16	7	17	7	13	ENSG00000052841	1.0	False
5.075961353633725e-06	0.6019900497512438	0.01761517615176148	0.004375631100639529	2	7	15	5	11	ENSG00000079257	1.0	False
0.0012499802389965761	0.6019900497512438	0.3020493276475262	0.23337076548755378	34	7	15	4	10	ENSG00000081189	1.0	False
3.0143053420378726e-05	0.6019900497512438	0.034736019774096585	0.016947329859018468	6	7	18	8	12	ENSG00000101457	1.0	False
0.008361510734424153	0.6019900497512438	0.41923362291178384	0.3585650723025584	9	7	9	3	5	ENSG00000101966	1.0	False
0.0016670898426005853	0.6019900497512438	0.1680460598442343	0.15022617831606597	9	7	17	7	11	ENSG00000103145	1.0	False
0.008216158073232557	0.6019900497512438	0.19484890191800863	0.23106082012180543	6	7	13	5	10	ENSG00000104412	1.0	False
0.002489565883705864	0.6019900497512438	0.360506813320516	0.2635514865844816	11	4	7	4	5	ENSG00000105854	1.0	False
2.344375685558233e-05	0.6019900497512438	0.04904223110413824	0.020632423394990954	5	7	18	7	14	ENSG00000106605	1.0	False
3.957495210643262e-05	0.6019900497512438	0.03238886004728344	0.0258483048462083	2	7	18	9	14	ENSG00000108256	1.0	False
4.7695117596467025e-05	0.6019900497512438	0.050548151512610155	0.02563003548367102	10	7	19	11	17	ENSG00000119705	1.0	False
0.0044789895731363865	0.6019900497512438	0.3388326671725786	0.22099291348396627	11	7	16	4	10	ENSG00000133703	1.0	False
0.0007826772776286223	0.6019900497512438	0.05912800299892253	0.06073409276099206	14	7	19	13	18	ENSG00000143933	1.0	False
0.006584988297807594	0.6019900497512438	0.13376029140725676	0.17002823708420314	4	7	19	7	16	ENSG00000145220	1.0	False
9.741243031376498e-05	0.6019900497512438	0.03834720545959931	0.028942576384401696	3	5	8	3	7	ENSG00000148331	1.0	False
0.0005945441332493393	0.6019900497512438	0.2154529260261118	0.09511739594450375	14	7	13	4	8	ENSG00000148634	1.0	False
0.007266832009036997	0.6019900497512438	0.3973731603752791	0.3490299178009251	23	7	11	3	8	ENSG00000153827	1.0	False
0.0034823808005205203	0.6019900497512438	0.08939762769911692	0.25632234865277576	4	3	3	3	3	ENSG00000159433	1.0	False
0.0006407851623693265	0.6019900497512438	0.22782051516697754	0.2889719626168225	6	7	18	7	12	ENSG00000163162	1.0	False
0.000798366828683588	0.6019900497512438	0.13317615308383945	0.1158435453691096	16	7	14	5	12	ENSG00000164162	1.0	False
8.249990558912643e-05	0.6019900497512438	0.0327483196415235	0.03378378378378378	3	7	9	3	6	ENSG00000165271	1.0	False
1.4908827031636858e-05	0.6019900497512438	0.054945456810941644	0.03721450972287795	7	7	18	8	11	ENSG00000167286	1.0	False
0.00027318506728535286	0.6019900497512438	0.05631927984869163	0.04588394062078271	6	5	4	3	3	ENSG00000168758	1.0	False
0.0022081831622149644	0.6019900497512438	0.16628725007431466	0.12610157873315764	5	7	13	4	10	ENSG00000173465	1.0	False
0.003913172483406735	0.6019900497512438	0.2707649830514987	0.1868728303962669	4	7	10	3	8	ENSG00000174206	1.0	False
0.0013172972274522767	0.6019900497512438	0.20630184987868397	0.0953199969204113	7	3	4	3	4	ENSG00000181036	1.0	False
0.0012280930176296286	0.6019900497512438	0.09545159665336843	0.07931821499183925	2	7	16	5	13	ENSG00000184967	1.0	False
0.006080466143015892	0.6019900497512438	0.3181470911451474	0.30526315789473685	7	7	11	3	8	ENSG00000198556	1.0	False
0.003823980532191456	0.6019900497512438	0.3297393838014166	0.19021144140338397	11	7	16	5	13	ENSG00000211460	1.0	False
0.00040966318561996005	0.6019900497512438	0.08940619499190205	0.09147726380389203	7	7	16	5	13	ENSG00000213186	1.0	False
0.0005053996159410393	0.6019900497512438	0.04998607630186583	0.04534883720930234	4	3	5	3	5	ENSG00000228801	1.0	False
0.0026395760397224	0.6019900497512438	0.040781048666864876	0.11181811127492824	5	2	3	3	3	ENSG00000279170	1.0	False
0.0022958826268936355	0.6019900497512438	0.32447188712376457	0.2222652736456099	6	6	11	3	8	ENSG00000290682	1.0	False
0.0017605398164319745	0.6019900497512438	0.24129364312629442	0.14186492957442673	8	7	16	6	12	ENSG00000290871	1.0	False
0.0042646771211400075	0.6069651741293532	0.31058881892739443	0.2784565916398714	7	7	11	4	7	ENSG00000005175	1.0	False
0.0020950422615307234	0.6069651741293532	0.10593083153374387	0.11761681408022867	8	7	17	8	14	ENSG00000010219	1.0	False
0.00478247442934818	0.6069651741293532	0.3172211585711662	0.31919779849933677	8	6	8	4	5	ENSG00000028116	1.0	False
0.006115937018626857	0.6069651741293532	0.370287073907174	0.2525673782246765	4	6	10	4	7	ENSG00000071575	1.0	False
0.0001829858471255411	0.6069651741293532	0.1400862261742501	0.06208980198940223	13	7	11	4	7	ENSG00000080845	1.0	False
0.00011622618738355803	0.6069651741293532	0.0330477945268209	0.051993299832495815	6	7	17	5	13	ENSG00000085721	1.0	False
4.9465511930621045e-05	0.6069651741293532	0.08814803217542296	0.03166737039824235	5	7	18	10	14	ENSG00000100220	1.0	False
0.0002497252976912438	0.6069651741293532	0.10833367057697445	0.06991260923845193	6	6	9	3	7	ENSG00000101935	1.0	False
0.00023224157659629968	0.6069651741293532	0.10912373814691131	0.06332431885722507	6	7	17	8	13	ENSG00000102572	1.0	False
0.01045490082830676	0.6069651741293532	0.14962022012000428	0.2227585124146411	19	7	18	10	14	ENSG00000104325	1.0	False
0.00014906859839132713	0.6069651741293532	0.04577335064135567	0.04169403614565947	3	7	17	7	12	ENSG00000110048	1.0	False
0.0018189823504975145	0.6069651741293532	0.20285998963258028	0.17452593971193875	6	6	10	4	7	ENSG00000111231	1.0	False
1.4622619448393825e-06	0.6069651741293532	0.002064637172051954	0.0027503028409899713	2	7	19	13	19	ENSG00000112306	1.0	False
0.0017851232642236926	0.6069651741293532	0.22614469165504733	0.226530885582427	26	7	18	7	14	ENSG00000113810	1.0	False
0.003613582794624431	0.6069651741293532	0.19287355223644517	0.15387994939262087	20	7	18	6	11	ENSG00000114098	1.0	False
0.00021101541347902256	0.6069651741293532	0.06774710745081104	0.043079655362757104	9	7	18	7	13	ENSG00000116679	1.0	False
1.537499497736386e-05	0.6069651741293532	0.031636956777034014	0.024037564595608737	4	7	19	11	13	ENSG00000116741	1.0	False
0.0009719785988430659	0.6069651741293532	0.12450175539606434	0.1561822125813449	8	4	5	3	4	ENSG00000125247	1.0	False
4.3150214479507114e-07	0.6069651741293532	0.006985294117647046	0.0016711229946524235	2	7	17	7	12	ENSG00000125827	1.0	False
9.994464952842698e-05	0.6069651741293532	0.03925374021767449	0.03382312617945451	4	7	10	4	8	ENSG00000128607	1.0	False
0.003185168932669358	0.6069651741293532	0.2688167589505715	0.2820741566768888	9	7	12	3	7	ENSG00000134444	1.0	False
0.002882698533092892	0.6069651741293532	0.38717624967624964	0.34873949579831937	6	4	6	3	4	ENSG00000135596	1.0	False
0.0012859408661680656	0.6069651741293532	0.12883419129463933	0.1086139648509148	13	7	14	6	11	ENSG00000135679	1.0	False
0.0009379853563293995	0.6069651741293532	0.17688257188988057	0.1281458114265685	4	6	8	3	6	ENSG00000139318	1.0	False
0.0007110225808691871	0.6069651741293532	0.11260720838852147	0.06600821954129657	8	2	4	4	4	ENSG00000155313	1.0	False
0.00213251681542039	0.6069651741293532	0.1603860963476959	0.18136011275546157	9	6	9	3	7	ENSG00000160221	1.0	False
5.269430439342078e-05	0.6069651741293532	0.012473070931547255	0.01265650485826326	6	7	19	11	16	ENSG00000164258	1.0	False
0.006315002997067294	0.6069651741293532	0.12226865194856806	0.172550550450173	4	7	18	9	13	ENSG00000165416	1.0	False
0.003324219544868133	0.6069651741293532	0.17738493722187296	0.18429549270308665	5	7	12	3	8	ENSG00000166619	1.0	False
0.0009153719730155624	0.6069651741293532	0.17975539493849327	0.11636155635624491	25	7	18	8	15	ENSG00000168488	1.0	False
0.007558430490434883	0.6069651741293532	0.2314550089780073	0.24386738433348604	12	7	17	7	11	ENSG00000169062	1.0	False
1.0958601247240102e-06	0.6069651741293532	0.007169899963364883	0.0020006024285853545	2	7	19	13	18	ENSG00000171159	1.0	False
6.195742383174996e-05	0.6069651741293532	0.0691386049326298	0.0181659662852905	7	7	19	13	18	ENSG00000174886	1.0	False
0.0026709398397376525	0.6069651741293532	0.33765322564494926	0.30270681389126564	12	7	17	4	10	ENSG00000176014	1.0	False
5.2722541078661796e-05	0.6069651741293532	0.0431642183017321	0.040627220490036885	32	7	19	13	18	ENSG00000181163	1.0	False
0.0063120687330547355	0.6069651741293532	0.16761349490115918	0.16082662875809087	4	5	6	3	5	ENSG00000185000	1.0	False
2.034976842227243e-08	0.6069651741293532	0.016733156396125885	0.026940860623769023	4	7	18	10	16	ENSG00000188536	1.0	False
0.004321672357659372	0.6069651741293532	0.1536564074258414	0.15573410466548823	4	7	14	3	9	ENSG00000198728	1.0	False
0.006082916869437611	0.6069651741293532	0.1682845197846066	0.357183639133916	6	7	17	4	14	ENSG00000214113	1.0	False
0.008622319602022857	0.6069651741293532	0.3515528173434052	0.19024678837052061	5	4	5	3	4	ENSG00000215251	1.0	False
0.009660163011062435	0.6069651741293532	0.23842089391310914	0.30301685891748	3	7	12	4	10	ENSG00000284024	1.0	False
0.024337352168749708	0.6069651741293532	0.36560264298330747	0.3689752496743378	7	4	6	3	4	ENSG00000291113	1.0	False
0.00015668510353691737	0.6119402985074627	0.03609422492401216	0.020278833967046887	5	4	5	3	4	ENSG00000058453	1.0	False
0.003291515580616457	0.6119402985074627	0.20188689134228197	0.112877624969978	7	6	11	3	8	ENSG00000063244	1.0	False
0.0008898839902614241	0.6119402985074627	0.15411400451677082	0.12312806307266137	3	6	7	3	6	ENSG00000068383	1.0	False
0.0061195831973445145	0.6119402985074627	0.1569169557218356	0.19392431414521474	6	7	16	6	13	ENSG00000100209	1.0	False
0.0017069164960148075	0.6119402985074627	0.11853458559244308	0.20458009166246385	7	7	19	9	14	ENSG00000100614	1.0	False
1.0193019611833827e-07	0.6119402985074627	0.0025839793281653587	0.0017137960582690559	2	7	17	5	11	ENSG00000101193	1.0	False
0.003428386397454836	0.6119402985074627	0.30384205718278534	0.19374719560799217	10	7	11	4	7	ENSG00000101639	1.0	False
0.001906657562525055	0.6119402985074627	0.20618210970422685	0.225871135422648	6	7	16	7	14	ENSG00000104825	1.0	False
0.0006487038834721509	0.6119402985074627	0.16435775104154754	0.15964190143462428	13	7	15	6	11	ENSG00000111653	1.0	False
0.00012912319671520584	0.6119402985074627	0.07798497906800207	0.03955795814700926	6	7	19	13	18	ENSG00000111678	1.0	False
0.00017749474837310515	0.6119402985074627	0.0330844983023029	0.037006205697613134	8	7	19	13	18	ENSG00000112695	1.0	False
0.003584840312400382	0.6119402985074627	0.349328681833569	0.3581745906801008	19	6	9	3	5	ENSG00000112983	1.0	False
0.0009589276263641147	0.6119402985074627	0.1981943374176792	0.11457346417023834	21	7	18	9	14	ENSG00000114439	1.0	False
0.001089112381806326	0.6119402985074627	0.14353035344892226	0.10467980295566502	8	7	16	7	12	ENSG00000117395	1.0	False
0.005797893730223512	0.6119402985074627	0.3939520697011755	0.3399740115365219	27	7	16	5	11	ENSG00000118058	1.0	False
0.003260697701598946	0.6119402985074627	0.11967938039157455	0.09967687074829937	4	4	6	3	5	ENSG00000118454	1.0	False
2.6469747874040355e-06	0.6119402985074627	0.03412866203563879	0.003930131004366806	8	7	15	5	11	ENSG00000123908	1.0	False
0.007530794603069173	0.6119402985074627	0.48503688197767136	0.48166711303261023	25	7	14	4	10	ENSG00000130414	1.0	False
1.3617838402654715e-05	0.6119402985074627	0.033836260678991925	0.022687453030427178	8	7	19	13	19	ENSG00000131469	1.0	False
0.003906269510521528	0.6119402985074627	0.17927598926841667	0.18175473579262216	4	6	10	3	8	ENSG00000136986	1.0	False
0.00323224242473356	0.6119402985074627	0.2695754066721809	0.1895833333333333	4	6	7	3	6	ENSG00000137992	1.0	False
0.00025800946848507323	0.6119402985074627	0.020062431678654527	0.027241673171535124	3	3	5	4	5	ENSG00000140511	1.0	False
0.0012897768802886162	0.6119402985074627	0.17959982086752097	0.19395044839641284	6	2	4	4	4	ENSG00000141179	1.0	False
0.0013520845884433905	0.6119402985074627	0.20542905950805973	0.14275644468313642	7	7	11	3	8	ENSG00000143570	1.0	False
0.00036587326525230077	0.6119402985074627	0.126964029217378	0.09497058331071988	10	7	18	8	12	ENSG00000152818	1.0	False
0.0005757363516981939	0.6119402985074627	0.1924374434510485	0.14932169623375385	6	6	7	3	5	ENSG00000153283	1.0	False
0.0004700635118205835	0.6119402985074627	0.12119434414626139	0.06626918349627325	5	6	13	3	11	ENSG00000157303	1.0	False
0.007339948000428245	0.6119402985074627	0.057079670924750775	0.2257532714466045	6	7	19	12	18	ENSG00000163584	1.0	False
0.0009407876193970393	0.6119402985074627	0.19329277513583829	0.09584484551712022	14	7	19	8	13	ENSG00000163635	1.0	False
0.002430814410726685	0.6119402985074627	0.19784379859710394	0.13642773207990597	5	5	6	3	4	ENSG00000163820	1.0	False
0.0028982001352152007	0.6119402985074627	0.2719349022476529	0.3145356562822973	20	4	8	4	7	ENSG00000165699	1.0	False
0.0005553905446202593	0.6119402985074627	0.12985391862556547	0.13041704928068565	11	7	18	7	12	ENSG00000166501	1.0	False
0.0027694126103647854	0.6119402985074627	0.250644855539411	0.20173769660071025	7	7	12	3	7	ENSG00000175857	1.0	False
0.00015409709083573361	0.6119402985074627	0.07962183773908349	0.04399886802935851	4	4	3	3	3	ENSG00000196968	1.0	False
0.0010854878251884172	0.6119402985074627	0.1567073449209935	0.08770557869082117	4	7	15	3	10	ENSG00000197021	1.0	False
0.001187734197341566	0.6119402985074627	0.09474064130180518	0.06870795609462499	5	7	19	8	14	ENSG00000203667	1.0	False
0.0006387779949248738	0.6119402985074627	0.28497466795969084	0.0696634871506224	3	7	17	5	9	ENSG00000226067	1.0	False
0.0005339233658907104	0.6119402985074627	0.31444776747365377	0.08852173989364223	20	7	18	8	13	ENSG00000243716	1.0	False
0.006429147324362927	0.6169154228855721	0.3380770504113975	0.25847482350195466	10	6	10	3	6	ENSG00000002822	1.0	False
0.006773924462590544	0.6169154228855721	0.31049236546600745	0.4719553915087972	11	7	7	3	4	ENSG00000004399	1.0	False
0.0023138815341262604	0.6169154228855721	0.07404161074949656	0.10598906578815814	8	7	18	8	14	ENSG00000075914	1.0	False
0.00021324819552327254	0.6169154228855721	0.0636355397551	0.07138096454153413	12	7	19	10	15	ENSG00000076662	1.0	False
6.316486606379196e-05	0.6169154228855721	0.05176707514945872	0.015781024938304317	6	7	19	10	17	ENSG00000081870	1.0	False
1.805745389057537e-05	0.6169154228855721	0.05929035026173718	0.016334685586254945	12	7	19	13	19	ENSG00000089327	1.0	False
0.0018244787608429687	0.6169154228855721	0.19269078637534237	0.14065653106880338	10	5	5	3	4	ENSG00000092203	1.0	False
0.0037908637813443215	0.6169154228855721	0.30621920004156444	0.23206471672040538	17	7	10	3	7	ENSG00000093010	1.0	False
0.00213058435595993	0.6169154228855721	0.0615777185690857	0.14374999999999996	6	7	16	6	11	ENSG00000101290	1.0	False
0.002719046490689666	0.6169154228855721	0.1678530315506935	0.14448818897637797	4	6	9	3	5	ENSG00000102241	1.0	False
0.0024289834919822783	0.6169154228855721	0.23604369488065352	0.20378151260504201	16	4	6	3	5	ENSG00000103051	1.0	False
0.0030607384959051246	0.6169154228855721	0.25105894573435894	0.31592214678825375	7	7	13	4	8	ENSG00000104835	1.0	False
3.968870780051092e-06	0.6169154228855721	0.0230987472952459	0.005931422242036797	4	7	19	12	17	ENSG00000114784	1.0	False
0.0015666680338284284	0.6169154228855721	0.14510509719793574	0.18223866790009247	7	7	18	8	13	ENSG00000119048	1.0	False
0.0050592994500276295	0.6169154228855721	0.18508396970060656	0.2766909391109573	31	7	19	7	12	ENSG00000120699	1.0	False
0.0040404144166085445	0.6169154228855721	0.27298809664951934	0.23409090909090907	6	7	12	3	7	ENSG00000123200	1.0	False
0.0014010258372296241	0.6169154228855721	0.09032179593447644	0.12490509520479817	18	7	19	11	16	ENSG00000128789	1.0	False
0.002038994539686767	0.6169154228855721	0.12600413367888097	0.21197339246119734	5	7	13	4	9	ENSG00000135108	1.0	False
4.5726975607208724e-05	0.6169154228855721	0.047619047619047644	0.01639344262295083	2	7	10	3	6	ENSG00000137168	1.0	False
0.0009457203336197233	0.6169154228855721	0.14354718200291897	0.18015052561729472	15	7	16	8	10	ENSG00000140992	1.0	False
0.0006689597160230969	0.6169154228855721	0.09631889327604916	0.2537994055021918	12	7	18	9	15	ENSG00000143727	1.0	False
0.0012137522684072602	0.6169154228855721	0.2084606855254994	0.13506045526805188	6	7	13	3	11	ENSG00000144580	1.0	False
1.6833568251670874e-06	0.6169154228855721	0.011410071335444404	0.013231197771587743	5	7	19	10	17	ENSG00000144746	1.0	False
0.006054460093209693	0.6169154228855721	0.29467920405780434	0.3298871027119892	14	4	6	3	4	ENSG00000155096	1.0	False
0.005393845564446453	0.6169154228855721	0.142455932635272	0.19427513878074434	12	7	19	10	15	ENSG00000163636	1.0	False
0.0038316271426213377	0.6169154228855721	0.2728472368565909	0.2555148205603823	14	7	14	5	11	ENSG00000165525	1.0	False
0.00085357290315329	0.6169154228855721	0.07562693041988794	0.10454735846981494	7	7	18	6	12	ENSG00000166847	1.0	False
0.0009483659343173315	0.6169154228855721	0.2661633439639754	0.11280588683075361	11	7	14	5	9	ENSG00000168394	1.0	False
0.0026975584372204028	0.6169154228855721	0.20194283031207197	0.20520222080961814	14	7	18	8	13	ENSG00000169241	1.0	False
0.002837666095053153	0.6169154228855721	0.1595582425688689	0.1531696748439046	2	7	13	4	9	ENSG00000174840	1.0	False
0.0018548540891053806	0.6169154228855721	0.1543790492720662	0.25751273344651954	7	6	10	3	6	ENSG00000183255	1.0	False
0.011655384887155219	0.6169154228855721	0.3626088045334467	0.33247422680412375	4	6	6	3	4	ENSG00000186787	1.0	False
0.0001774596132891489	0.6169154228855721	0.05721405790030082	0.042749418327586663	13	7	17	8	12	ENSG00000186908	1.0	False
0.0008060112899446019	0.6169154228855721	0.09384627372004652	0.05824010327022376	4	3	3	3	3	ENSG00000188917	1.0	False
6.57569463660825e-06	0.6169154228855721	0.00995511411169291	0.008792619891117242	3	7	18	9	14	ENSG00000221823	1.0	False
6.219375886299312e-05	0.6169154228855721	0.11021338742107671	0.022462764722487157	4	7	16	7	11	ENSG00000291003	1.0	False
0.010618238188033025	0.6218905472636815	0.33130004981779465	0.30829204593463144	10	4	7	3	6	ENSG00000006576	1.0	False
3.6224916256554865e-05	0.6218905472636815	0.04844555431423933	0.015583561018456824	4	7	19	11	15	ENSG00000007080	1.0	False
0.009628584193409923	0.6218905472636815	0.1986286405056683	0.2864065449968533	7	6	7	3	4	ENSG00000008382	1.0	False
0.006416292477278623	0.6218905472636815	0.2081525155381862	0.325083350854534	7	2	4	4	4	ENSG00000021574	1.0	False
0.00016703637221539183	0.6218905472636815	0.0879896315788336	0.06212378679955742	6	7	17	6	11	ENSG00000041802	1.0	False
0.0009897963683573785	0.6218905472636815	0.14221918506911466	0.18726530199014085	4	7	19	7	12	ENSG00000062650	1.0	False
0.0006192008124004736	0.6218905472636815	0.20196943972835313	0.09924581519406463	12	7	12	5	9	ENSG00000065057	1.0	False
0.01423234991861302	0.6218905472636815	0.2640488542928188	0.3844832677165354	21	7	14	4	11	ENSG00000080822	1.0	False
0.0032375004262126263	0.6218905472636815	0.19511415251020836	0.2054094434036095	9	7	15	5	11	ENSG00000083099	1.0	False
2.913069207851509e-05	0.6218905472636815	0.04580694181293094	0.01919452946850208	11	7	18	8	14	ENSG00000085662	1.0	False
0.0034251975068599625	0.6218905472636815	0.04955071856231648	0.129183775040438	8	2	5	5	5	ENSG00000088970	1.0	False
0.002396747962105127	0.6218905472636815	0.1509416862497483	0.19096810794895544	19	7	13	5	9	ENSG00000089818	1.0	False
0.004872850316063122	0.6218905472636815	0.2652346242528276	0.25875457875457875	9	3	4	3	4	ENSG00000091527	1.0	False
0.0027533236957401584	0.6218905472636815	0.0942457315774482	0.15878851719659237	9	4	5	3	3	ENSG00000099204	1.0	False
0.004148611835587386	0.6218905472636815	0.2134103764328892	0.44897301170288983	7	6	10	3	7	ENSG00000099958	1.0	False
0.005518678036314097	0.6218905472636815	0.3264673205660258	0.3724142574105065	13	7	13	4	9	ENSG00000101158	1.0	False
1.2929283509960498e-09	0.6218905472636815	4.514876518120391e-05	0.00013860013860012935	2	7	18	5	13	ENSG00000102760	1.0	False
0.0010070940861000197	0.6218905472636815	0.16850573224600307	0.1418492545947208	8	7	14	4	10	ENSG00000115216	1.0	False
0.00023070099145165745	0.6218905472636815	0.20004490131690106	0.1534477226818985	15	7	19	8	14	ENSG00000116584	1.0	False
0.0007801956627854576	0.6218905472636815	0.1551780228238354	0.12576050217286333	9	7	17	6	12	ENSG00000124214	1.0	False
0.00010828717879435569	0.6218905472636815	0.06379186954163713	0.03256302521008403	4	5	8	3	6	ENSG00000131242	1.0	False
0.001647656057609599	0.6218905472636815	0.15262743643465077	0.11935640073148905	10	7	19	9	13	ENSG00000140829	1.0	False
0.00032235297266630317	0.6218905472636815	0.11245678904166437	0.09039014801411147	11	7	15	4	9	ENSG00000144029	1.0	False
0.0003774915163373795	0.6218905472636815	0.08036171385879542	0.07506175362524875	10	7	19	9	15	ENSG00000145833	1.0	False
0.012907097054215267	0.6218905472636815	0.42300700794789464	0.37709535903948277	44	7	14	4	10	ENSG00000146282	1.0	False
0.0007738049658086946	0.6218905472636815	0.06646446519193072	0.06053908024805057	5	6	9	3	6	ENSG00000146833	1.0	False
0.0029358030063269657	0.6218905472636815	0.43170281647885583	0.35205041384499625	21	7	14	4	9	ENSG00000152601	1.0	False
0.0006925669894865192	0.6218905472636815	0.13155812506659675	0.09178056078798259	10	7	17	8	12	ENSG00000153391	1.0	False
0.0029766630632995007	0.6218905472636815	0.15227244069624968	0.16081672354515303	14	7	16	7	12	ENSG00000153406	1.0	False
0.002213562773338803	0.6218905472636815	0.16563620845659827	0.12232936621737883	6	4	5	3	4	ENSG00000156804	1.0	False
0.0014673028048415291	0.6218905472636815	0.16248404634672672	0.23367771899585185	20	7	18	7	14	ENSG00000165671	1.0	False
0.0036683376501243322	0.6218905472636815	0.17003299043995865	0.16235187249680003	5	6	11	4	7	ENSG00000167721	1.0	False
0.0011198534133488754	0.6218905472636815	0.08387350307886887	0.0833863463623516	7	7	18	9	14	ENSG00000173171	1.0	False
2.4511149739493854e-08	0.6218905472636815	0.0006830601092895762	0.0007653061224489703	3	7	19	9	16	ENSG00000178913	1.0	False
1.5956471301595703e-06	0.6218905472636815	0.006802721088435396	0.002217294900221722	3	7	17	6	11	ENSG00000184117	1.0	False
0.006135757998029134	0.6218905472636815	0.3192603750704651	0.21865820462386298	12	7	12	4	9	ENSG00000206560	1.0	False
0.007882823248975492	0.6218905472636815	0.35528158734202775	0.34602408146841235	13	6	7	3	5	ENSG00000234912	1.0	False
0.0005620917269746647	0.6268656716417911	0.1016476585133146	0.12224656769965253	4	7	16	5	11	ENSG00000012660	1.0	False
0.004521500684134264	0.6268656716417911	0.2859189174088641	0.32929439383725223	18	7	16	5	9	ENSG00000058262	1.0	False
0.004787314001889904	0.6268656716417911	0.041341220247595296	0.1790185008197411	3	7	19	9	14	ENSG00000063245	1.0	False
0.0014839170813679393	0.6268656716417911	0.1056826111324851	0.1739024981809362	7	5	5	3	5	ENSG00000066697	1.0	False
0.005983541956162243	0.6268656716417911	0.3259517799295153	0.34515882777047374	12	6	9	3	6	ENSG00000067182	1.0	False
0.0011350029066965637	0.6268656716417911	0.2650502900373148	0.20630033360957054	6	7	10	3	7	ENSG00000069849	1.0	False
0.006727778019409212	0.6268656716417911	0.35582949443858714	0.33590818803796063	14	6	10	3	5	ENSG00000072609	1.0	False
0.0002304646490438433	0.6268656716417911	0.16340411237134655	0.17989619745627147	5	7	18	4	14	ENSG00000088992	1.0	False
0.00010686582070211249	0.6268656716417911	0.14725548974831562	0.058085997152320996	6	7	12	4	8	ENSG00000107968	1.0	False
0.0010662618099435228	0.6268656716417911	0.1997003017491089	0.34044920457157035	10	7	14	4	7	ENSG00000108439	1.0	False
0.0013398770939603507	0.6268656716417911	0.11851413030370331	0.1547917019412687	14	7	19	10	14	ENSG00000115419	1.0	False
0.00021144831974619194	0.6268656716417911	0.08429189978526032	0.03146782893618338	3	7	17	6	11	ENSG00000118579	1.0	False
0.00042157283696350316	0.6268656716417911	0.08395631166620163	0.059127602322617184	5	7	13	5	9	ENSG00000120686	1.0	False
0.00015513227380879827	0.6268656716417911	0.07773923041389147	0.02337782246068305	6	7	14	4	9	ENSG00000124588	1.0	False
0.00017814082817242975	0.6268656716417911	0.05798624419312173	0.06881870289735396	6	7	18	10	15	ENSG00000125651	1.0	False
0.0005004633624130511	0.6268656716417911	0.1606864744221439	0.09344731486353676	12	7	14	4	11	ENSG00000125740	1.0	False
0.000518671162683871	0.6268656716417911	0.09506065763679437	0.059848871749439744	9	7	18	6	11	ENSG00000125818	1.0	False
0.000680199682639419	0.6268656716417911	0.10998878644828472	0.06386325453642673	14	7	19	11	16	ENSG00000125991	1.0	False
2.7968920381456453e-05	0.6268656716417911	0.029766439349134734	0.015365430542292252	5	7	19	13	18	ENSG00000126756	1.0	False
0.0021498771998188304	0.6268656716417911	0.21711397787933617	0.21166909811843043	17	7	16	5	9	ENSG00000129292	1.0	False
0.0005651066236362229	0.6268656716417911	0.08840195595003292	0.07885686210284962	3	7	8	3	4	ENSG00000129465	1.0	False
0.0010935785554969815	0.6268656716417911	0.09653291849056639	0.162806586056127	11	7	18	10	14	ENSG00000129534	1.0	False
0.004744694252339187	0.6268656716417911	0.15475429516424025	0.15213576158940395	6	2	4	4	4	ENSG00000132153	1.0	False
0.0009647491768311196	0.6268656716417911	0.30775789150435884	0.29767441860465116	3	6	10	3	6	ENSG00000134970	1.0	False
0.0003270447263533076	0.6268656716417911	0.04791492375616671	0.05516137206570064	3	7	11	3	7	ENSG00000136936	1.0	False
0.0003494190821183495	0.6268656716417911	0.13939357196483448	0.07704127894002921	29	7	19	9	15	ENSG00000137497	1.0	False
0.004709874660243446	0.6268656716417911	0.11306277842691499	0.23047933788465164	8	7	8	3	5	ENSG00000141968	1.0	False
0.0086770877460502	0.6268656716417911	0.27927419849413304	0.22264416742677612	25	7	17	6	11	ENSG00000153310	1.0	False
0.0012396826613896277	0.6268656716417911	0.06122448979591837	0.11091160880569219	3	2	4	4	4	ENSG00000158006	1.0	False
0.0007337912511822127	0.6268656716417911	0.13186514693405432	0.10687957875457876	5	7	18	8	14	ENSG00000160256	1.0	False
0.007359076763561456	0.6268656716417911	0.16721477587730668	0.29288111641052816	4	7	8	3	6	ENSG00000164713	1.0	False
5.868570022902914e-07	0.6268656716417911	0.0038461538461538394	0.002061855670103089	2	7	14	3	9	ENSG00000164715	1.0	False
2.1054389627576563e-05	0.6268656716417911	0.0423973780356759	0.013481783534553983	5	7	13	4	8	ENSG00000165272	1.0	False
0.0027445364974687174	0.6268656716417911	0.2114290757376427	0.1651174168297456	5	6	10	4	7	ENSG00000167232	1.0	False
0.00021654137979052845	0.6268656716417911	0.06510158561294138	0.036520883362158335	7	7	19	12	17	ENSG00000167615	1.0	False
0.0004141510181173532	0.6268656716417911	0.14099948915176322	0.17955712451861358	11	7	16	5	10	ENSG00000168439	1.0	False
0.01202234660316749	0.6268656716417911	0.32122788447744843	0.35567819475104245	15	6	10	4	7	ENSG00000168675	1.0	False
0.023761195523001533	0.6268656716417911	0.3345800038337403	0.4069252342405508	11	6	10	3	7	ENSG00000168872	1.0	False
0.002459545671964516	0.6268656716417911	0.11722626484139641	0.11489526377549744	4	7	10	3	7	ENSG00000174165	1.0	False
0.004021424552464553	0.6268656716417911	0.12327105262633822	0.19049252107313347	17	7	19	10	14	ENSG00000174231	1.0	False
0.0018549768729584336	0.6268656716417911	0.29544372240917516	0.20300383375446546	8	7	11	3	7	ENSG00000174579	1.0	False
0.008078842119774683	0.6268656716417911	0.4571712585376	0.4676279034747582	19	6	9	3	6	ENSG00000182150	1.0	False
1.5949463850453465e-05	0.6268656716417911	0.030659655335828012	0.07300055259016265	9	7	19	13	19	ENSG00000188846	1.0	False
0.0007349209141813974	0.6268656716417911	0.09196721614626849	0.13694463694463693	6	6	9	4	7	ENSG00000198894	1.0	False
0.0009831648881687878	0.6268656716417911	0.1530558748729344	0.13507269062526803	25	7	16	8	11	ENSG00000223745	1.0	False
0.00018632782562192252	0.6268656716417911	0.05366165248118189	0.04543797076016726	4	7	11	4	7	ENSG00000223797	1.0	False
0.008923592135315964	0.6268656716417911	0.12117810702675669	0.15142261284075673	2	3	4	3	3	ENSG00000225377	1.0	False
0.00031098073839407796	0.6268656716417911	0.08753987943019347	0.05146645918608976	5	7	11	3	6	ENSG00000241127	1.0	False
0.0013831173138041913	0.6318407960199005	0.21629546188849422	0.32223113964686995	12	2	4	4	4	ENSG00000013573	1.0	False
0.0003854511202547513	0.6318407960199005	0.10472292783470513	0.15719792190380424	2	6	9	3	7	ENSG00000037637	1.0	False
0.0009062600293617784	0.6318407960199005	0.18274280217606445	0.1154554707379135	12	7	19	9	13	ENSG00000064687	1.0	False
1.6239841482668476e-05	0.6318407960199005	0.020086773189626067	0.015143866733972732	5	7	17	6	10	ENSG00000075234	1.0	False
0.0003841191133292258	0.6318407960199005	0.1323077391305954	0.12886540042831537	38	7	19	13	17	ENSG00000099622	1.0	False
0.012333669951992435	0.6318407960199005	0.42168537245550136	0.5766714766714767	9	7	10	3	5	ENSG00000099875	1.0	False
0.003533859237878019	0.6318407960199005	0.3405560753186271	0.24776248958956493	34	7	10	3	8	ENSG00000100023	1.0	False
0.003608404011449016	0.6318407960199005	0.20436388850850506	0.2068084693084693	8	7	15	4	10	ENSG00000105341	1.0	False
0.008534259210846652	0.6318407960199005	0.15909070821542223	0.22707305273343004	7	4	5	3	4	ENSG00000105875	1.0	False
0.0005672718110335338	0.6318407960199005	0.09316776019389364	0.14987292838476463	16	7	18	10	14	ENSG00000111481	1.0	False
2.049006198911322e-05	0.6318407960199005	0.018604651162790732	0.006622516556291411	3	7	13	3	7	ENSG00000111707	1.0	False
0.001263376307876595	0.6318407960199005	0.1176615222119695	0.11373757029207114	3	7	19	12	17	ENSG00000112308	1.0	False
0.00027290652103323734	0.6318407960199005	0.03341326868083186	0.02776080827067671	2	7	15	6	10	ENSG00000113615	1.0	False
0.00014398077541919732	0.6318407960199005	0.03417049623007027	0.05565264390085599	9	7	19	12	17	ENSG00000119655	1.0	False
0.001272916834709592	0.6318407960199005	0.1951768116372623	0.1117553225639177	11	7	10	3	6	ENSG00000122678	1.0	False
0.0015205369600601096	0.6318407960199005	0.36198778046890506	0.20017604837282246	23	7	18	6	10	ENSG00000123329	1.0	False
0.0012203041964479284	0.6318407960199005	0.21622243336378447	0.15186289874121633	6	6	11	3	7	ENSG00000126391	1.0	False
0.0019489648996239364	0.6318407960199005	0.2361237693065551	0.1954044774032202	17	7	19	9	15	ENSG00000130175	1.0	False
0.0008008376618096137	0.6318407960199005	0.10776882956343803	0.12144578756600619	3	7	16	6	10	ENSG00000131507	1.0	False
0.0009212731147395344	0.6318407960199005	0.10641025645703582	0.13465661106727228	13	7	19	13	19	ENSG00000132475	1.0	False
0.008657068784923162	0.6318407960199005	0.2655652759180366	0.400022755717374	35	7	16	5	10	ENSG00000133835	1.0	False
0.0016328443723605448	0.6318407960199005	0.09854796917778001	0.14670320083235858	5	7	18	6	13	ENSG00000134308	1.0	False
2.5399181829249515e-05	0.6318407960199005	0.014950166112956832	0.014195583596214523	4	7	16	5	11	ENSG00000135002	1.0	False
0.003705546159657029	0.6318407960199005	0.1930352827523792	0.269568000714602	34	7	12	4	9	ENSG00000135317	1.0	False
0.000920780439945096	0.6318407960199005	0.15041566762432002	0.11052401598520263	8	7	16	6	13	ENSG00000137504	1.0	False
0.0029474769104183476	0.6318407960199005	0.3119492727011076	0.26481906761589186	14	7	13	4	9	ENSG00000141627	1.0	False
0.0038207798953846027	0.6318407960199005	0.2105550941798574	0.1765228804408534	8	7	14	4	9	ENSG00000148824	1.0	False
0.0009522299800998288	0.6318407960199005	0.12870905269517452	0.059603230337078664	8	4	5	3	5	ENSG00000155158	1.0	False
0.00043304885024743247	0.6318407960199005	0.0884278459344639	0.08249423309289296	8	7	16	6	10	ENSG00000162236	1.0	False
0.0003100547105314337	0.6318407960199005	0.05836811121000749	0.06573771863754287	5	5	5	3	3	ENSG00000163536	1.0	False
0.0003301630553777796	0.6318407960199005	0.17627686776722518	0.13031556816769546	4	7	19	7	13	ENSG00000165501	1.0	False
3.526096783037924e-05	0.6318407960199005	0.0808861091619909	0.03220169614782954	6	7	17	5	10	ENSG00000167900	1.0	False
0.005157625063137779	0.6318407960199005	0.17321838013293242	0.21819907145994105	14	7	14	5	10	ENSG00000176715	1.0	False
0.011591437236326208	0.6318407960199005	0.28568553267329294	0.3655202821869489	13	7	13	4	8	ENSG00000196591	1.0	False
0.0005821074804493476	0.6318407960199005	0.09224161004573576	0.06249523383473199	10	7	19	10	14	ENSG00000198837	1.0	False
3.118110612489128e-07	0.6318407960199005	0.004268375551884763	0.002631887251497197	3	7	19	10	17	ENSG00000205544	1.0	False
0.0004315716199955761	0.6318407960199005	0.13562851178067808	0.13540087627010405	3	7	19	9	15	ENSG00000225339	1.0	False
0.0025245038033053723	0.6318407960199005	0.11835149149718088	0.15733071909348945	5	7	18	7	13	ENSG00000248098	1.0	False
0.0015043426720257637	0.6318407960199005	0.0891507471553055	0.1318666564370109	5	4	6	4	4	ENSG00000253716	1.0	False
3.587811165220507e-05	0.6318407960199005	0.05426356589147287	0.03733333333333333	2	6	6	3	5	ENSG00000278768	1.0	False
0.0007768349767373667	0.6368159203980099	0.17849142400489865	0.12920210745189756	19	7	15	6	9	ENSG00000005844	1.0	False
0.001315176948978251	0.6368159203980099	0.2390568364077913	0.2026757914368352	5	7	14	4	8	ENSG00000048471	1.0	False
0.0017038933275546394	0.6368159203980099	0.2251271019334572	0.1244017883380211	9	7	14	4	9	ENSG00000083937	1.0	False
0.0002118178945157107	0.6368159203980099	0.07613253726627402	0.06850584545195329	12	7	17	7	12	ENSG00000104814	1.0	False
3.6245112569467007e-06	0.6368159203980099	0.014537021420138272	0.008888888888888863	2	7	18	6	11	ENSG00000111875	1.0	False
0.0007507830643749055	0.6368159203980099	0.2202539642415709	0.16572070644501424	18	7	19	11	16	ENSG00000114857	1.0	False
0.00035771128356610926	0.6368159203980099	0.20370084474601863	0.1257072977260708	2	7	14	4	10	ENSG00000123684	1.0	False
7.25474972015964e-05	0.6368159203980099	0.012533423532421786	0.023436402954475244	5	5	6	3	5	ENSG00000127995	1.0	False
0.0008490196738925261	0.6368159203980099	0.05955111286125578	0.0636279648341907	7	7	19	12	18	ENSG00000130332	1.0	False
0.002729587196946702	0.6368159203980099	0.14764281625382053	0.12995049504950493	9	5	7	3	6	ENSG00000132906	1.0	False
0.002711001521318522	0.6368159203980099	0.1403086630602075	0.25069624615606967	3	7	18	7	13	ENSG00000136810	1.0	False
0.0014273178880580067	0.6368159203980099	0.0963769585385034	0.09471664143743899	4	7	18	8	14	ENSG00000138279	1.0	False
0.000400672497623028	0.6368159203980099	0.11474483222158852	0.04025511572888464	3	6	7	3	6	ENSG00000139508	1.0	False
0.005168223866024645	0.6368159203980099	0.20333386607783133	0.28727298881576585	7	7	10	4	7	ENSG00000141510	1.0	False
0.004306872216556533	0.6368159203980099	0.21211745109625954	0.17758342845632177	5	6	8	3	5	ENSG00000143756	1.0	False
0.00048351235830085596	0.6368159203980099	0.06833864221950942	0.06892772581287945	6	7	17	7	14	ENSG00000147416	1.0	False
0.00106985701595203	0.6368159203980099	0.32690689084079916	0.2334056853933674	45	7	16	6	11	ENSG00000149311	1.0	False
0.0029039850789115817	0.6368159203980099	0.1797361035369115	0.2604490633205488	6	7	18	7	13	ENSG00000154001	1.0	False
0.0021919634343854468	0.6368159203980099	0.1481962804914112	0.13791430198949345	12	3	4	3	4	ENSG00000155229	1.0	False
0.0020055565155857693	0.6368159203980099	0.36370838524909505	0.3982143789484676	3	7	15	4	11	ENSG00000159792	1.0	False
0.0027278488470027034	0.6368159203980099	0.24786605835199188	0.16998754669987548	3	6	7	3	5	ENSG00000160602	1.0	False
0.0011853691021664508	0.6368159203980099	0.18920651975163844	0.08356893034100844	8	7	12	5	7	ENSG00000162086	1.0	False
0.0011681793941914563	0.6368159203980099	0.10816944959802102	0.0946625575059181	7	6	9	4	6	ENSG00000166938	1.0	False
0.0035082315830827996	0.6368159203980099	0.17727162470747873	0.20465197681401115	15	7	19	9	15	ENSG00000166946	1.0	False
0.004630411974481963	0.6368159203980099	0.2735866515486681	0.20357142857142857	7	7	11	4	8	ENSG00000167674	1.0	False
1.062630687532539e-06	0.6368159203980099	0.005376344086021502	0.0032102728731942098	2	7	15	6	11	ENSG00000167977	1.0	False
4.046265571920519e-06	0.6368159203980099	0.008695652173913125	0.012750455373406234	3	7	12	3	8	ENSG00000169871	1.0	False
0.00136470996363867	0.6368159203980099	0.09920647083876438	0.11383059717764378	16	7	19	13	18	ENSG00000174748	1.0	False
0.0006164420851245557	0.6368159203980099	0.12607081983823087	0.1136479366835993	11	7	19	10	16	ENSG00000175482	1.0	False
4.8618871103492834e-05	0.6368159203980099	0.030821091896704185	0.03902509439311011	9	6	10	3	6	ENSG00000196576	1.0	False
0.0031943294129009392	0.6368159203980099	0.37164831662426484	0.329823511600075	44	7	12	3	9	ENSG00000197535	1.0	False
0.0020273542323381386	0.6368159203980099	0.24318998698962355	0.08509674092968983	5	7	10	3	8	ENSG00000205268	1.0	False
0.00013647374699754918	0.6368159203980099	0.05823776953099276	0.0350061305229913	2	7	19	13	18	ENSG00000214736	1.0	False
0.00043269782478942297	0.6368159203980099	0.12595268920539973	0.05268908932896635	29	7	19	10	17	ENSG00000222041	1.0	False
0.0024354051816095615	0.6368159203980099	0.3384670733179215	0.22638537539974224	5	6	9	3	5	ENSG00000266964	1.0	False
0.0009316281992070908	0.6368159203980099	0.09377224063599854	0.0882665484016835	6	7	14	4	10	ENSG00000267680	1.0	False
0.0023847788679485582	0.6368159203980099	0.15978132247577798	0.12065214673301493	6	3	5	3	5	ENSG00000290571	1.0	False
0.002013172849245071	0.6417910447761194	0.07008302072850496	0.14400987238292345	11	7	19	8	14	ENSG00000028528	1.0	False
0.0003929458039469673	0.6417910447761194	0.09908697897002025	0.06420456465098345	6	7	18	10	12	ENSG00000068079	1.0	False
2.887753658465715e-06	0.6417910447761194	0.02085531920470399	0.012024947692073946	6	7	19	13	19	ENSG00000084207	1.0	False
0.004416501113887536	0.6417910447761194	0.12780154551590664	0.22463502676389588	31	7	19	12	17	ENSG00000092199	1.0	False
0.0034804853463369853	0.6417910447761194	0.28869640469575886	0.2273255035055598	23	7	16	5	10	ENSG00000100722	1.0	False
0.0011780475867466343	0.6417910447761194	0.1382711186925708	0.15460721270286434	6	7	15	7	10	ENSG00000104714	1.0	False
0.003111517394775806	0.6417910447761194	0.2674881095666134	0.22663383059896286	11	6	11	4	7	ENSG00000104957	1.0	False
0.0028589708269903193	0.6417910447761194	0.15303636970303633	0.11396840800043129	4	3	4	3	3	ENSG00000106868	1.0	False
0.007254607520163695	0.6417910447761194	0.17658469179061045	0.23527124230075147	7	7	13	5	10	ENSG00000111300	1.0	False
0.0009450725931847994	0.6417910447761194	0.1003075762188918	0.11642572767411732	16	7	17	8	13	ENSG00000114120	1.0	False
0.004298152039556738	0.6417910447761194	0.17841189003128266	0.2764267211297552	7	7	18	7	11	ENSG00000117360	1.0	False
0.0033895223672314426	0.6417910447761194	0.12712596840613855	0.2781360760246438	30	7	19	9	14	ENSG00000126883	1.0	False
0.0025482419481512317	0.6417910447761194	0.24991400269895594	0.2243895671476138	7	5	6	3	3	ENSG00000134146	1.0	False
0.020407498362360374	0.6417910447761194	0.16977459577372142	0.3229844883951096	3	7	18	7	13	ENSG00000134748	1.0	False
0.00037948824915181917	0.6417910447761194	0.04848197749121813	0.029551148972725344	3	7	15	5	12	ENSG00000136463	1.0	False
0.0001577506980071246	0.6417910447761194	0.06653458689242728	0.048375448334063674	6	7	15	3	10	ENSG00000138496	1.0	False
0.0002594629806300251	0.6417910447761194	0.2169035397380997	0.5357489617093147	7	7	16	6	11	ENSG00000139746	1.0	False
2.7661825153773517e-09	0.6417910447761194	0.0002509978910369984	0.00011497992462376975	2	7	19	13	19	ENSG00000142669	1.0	False
0.002177119159765997	0.6417910447761194	0.1870517401996648	0.1589785673922403	13	7	15	7	11	ENSG00000142856	1.0	False
3.316490785682238e-06	0.6417910447761194	0.008226426034645254	0.006622516556291407	2	7	16	6	12	ENSG00000155304	1.0	False
0.0007012409886044363	0.6417910447761194	0.195253183701792	0.17685157056929343	5	7	17	7	13	ENSG00000158417	1.0	False
0.008653511904151583	0.6417910447761194	0.34776364046694486	0.33056807274379196	11	7	15	3	9	ENSG00000160058	1.0	False
0.0009437658991788785	0.6417910447761194	0.10854777261990636	0.07541088379758498	4	7	17	8	13	ENSG00000161920	1.0	False
0.0009869006868373413	0.6417910447761194	0.021957740566872247	0.07450784602491542	2	7	17	6	11	ENSG00000163510	1.0	False
0.0010407890331511466	0.6417910447761194	0.12058903090151357	0.08438620059759949	6	7	19	12	18	ENSG00000164405	1.0	False
2.859248196874303e-05	0.6417910447761194	0.02190180733484631	0.028301026762155318	7	7	19	8	14	ENSG00000164611	1.0	False
0.006889334411647072	0.6417910447761194	0.23484341497421252	0.2717841695686356	20	7	19	6	11	ENSG00000165792	1.0	False
0.0003151029350073336	0.6417910447761194	0.06412198261818004	0.014510575504181007	2	4	4	3	3	ENSG00000167378	1.0	False
0.0033199703007285547	0.6417910447761194	0.13845853116935763	0.26197611828032813	7	6	8	3	6	ENSG00000172273	1.0	False
0.00010728299221612677	0.6417910447761194	0.08673017401269678	0.03462149677242878	14	7	18	10	14	ENSG00000175166	1.0	False
0.008803322919558657	0.6417910447761194	0.30147847957996016	0.22863548443819234	16	6	9	3	7	ENSG00000177917	1.0	False
0.002699695755196548	0.6417910447761194	0.18350074927868829	0.18611923509561307	5	7	13	3	8	ENSG00000181804	1.0	False
0.004253228161731871	0.6417910447761194	0.3483056810716509	0.33021426851777547	10	7	14	4	9	ENSG00000181991	1.0	False
0.0001613521505754148	0.6417910447761194	0.011406844106463872	0.027272727272727268	4	5	6	3	4	ENSG00000184619	1.0	False
7.835635275988889e-05	0.6417910447761194	0.028627062930885194	0.024493651545156307	5	7	19	11	15	ENSG00000196199	1.0	False
0.0037412081160092267	0.6417910447761194	0.2764564129934613	0.3208100558659218	13	6	9	4	5	ENSG00000197713	1.0	False
0.004062381604320551	0.6417910447761194	0.4084448984665704	0.3563894523326571	10	7	14	5	8	ENSG00000198604	1.0	False
0.003232543107907072	0.6417910447761194	0.40377777444568114	0.48719879518072295	6	6	12	3	6	ENSG00000198874	1.0	False
4.249208600378212e-06	0.6417910447761194	0.01098901098901097	0.00522193211488252	2	7	11	3	7	ENSG00000224051	1.0	False
0.0017404190893848812	0.6417910447761194	0.3243670112699421	0.44294138536877115	31	6	9	3	7	ENSG00000230590	1.0	False
6.976392607391995e-06	0.6417910447761194	0.013138757861635262	0.0044444444444444835	3	7	15	5	10	ENSG00000291082	1.0	False
0.003149794470657389	0.6467661691542289	0.2242984859259867	0.20006791514941333	13	7	17	4	10	ENSG00000075856	1.0	False
0.004587640477011412	0.6467661691542289	0.3592643473272276	0.1989928525016244	9	3	5	3	5	ENSG00000100266	1.0	False
0.0062358173022855935	0.6467661691542289	0.17874693075109246	0.19129130363307575	9	7	15	3	10	ENSG00000100288	1.0	False
9.798164515109902e-06	0.6467661691542289	0.01768707482993195	0.021035598705501632	2	7	16	5	11	ENSG00000100403	1.0	False
0.015846552841452335	0.6467661691542289	0.27466045154259316	0.3619399505804466	29	7	14	5	11	ENSG00000100714	1.0	False
0.009789529302273383	0.6467661691542289	0.4241379763411031	0.45893823623049973	20	6	8	3	7	ENSG00000100883	1.0	False
0.0014704110158510605	0.6467661691542289	0.10726601507476848	0.04057535422928296	3	2	5	5	5	ENSG00000103061	1.0	False
0.00025114538836238666	0.6467661691542289	0.07221808657445491	0.059164932983186085	8	7	17	8	12	ENSG00000108639	1.0	False
0.0021743750550418427	0.6467661691542289	0.22489919898950742	0.15901859401411952	12	7	15	5	11	ENSG00000131149	1.0	False
0.00017295385618486706	0.6467661691542289	0.041872710622710654	0.04706253082698529	5	7	7	3	5	ENSG00000132196	1.0	False
0.007647376686399228	0.6467661691542289	0.2894963474654836	0.30996038483305033	22	4	6	4	5	ENSG00000134313	1.0	False
0.017948650318395813	0.6467661691542289	0.25794803949753603	0.29195109078114007	4	7	16	5	13	ENSG00000136891	1.0	False
0.0013717920086979535	0.6467661691542289	0.2816834044470833	0.1259702286018076	8	7	13	4	8	ENSG00000138814	1.0	False
0.0002673410559196947	0.6467661691542289	0.07663148755801943	0.08234574993003696	4	7	15	4	11	ENSG00000139278	1.0	False
0.0012688052496625183	0.6467661691542289	0.12309900522860684	0.09347011725569819	19	7	19	12	16	ENSG00000152234	1.0	False
0.00047170304748387097	0.6467661691542289	0.17780529250770427	0.11896321871007973	19	7	18	6	11	ENSG00000155926	1.0	False
0.0024955214803725856	0.6467661691542289	0.1700793738287616	0.15723981900452488	11	7	12	3	9	ENSG00000158019	1.0	False
0.005156078976281864	0.6467661691542289	0.40175174973801975	0.43105899076048326	12	7	13	3	9	ENSG00000163512	1.0	False
0.0028647913693286755	0.6467661691542289	0.21831489298016898	0.27753182276307437	19	7	16	5	9	ENSG00000163516	1.0	False
0.002271766489764731	0.6467661691542289	0.24218981605717863	0.43099125917494785	11	7	15	5	10	ENSG00000163848	1.0	False
0.006336618381336817	0.6467661691542289	0.3306681753157991	0.3300068352699932	10	7	10	3	6	ENSG00000171953	1.0	False
0.0003100280433504352	0.6467661691542289	0.08662217679737003	0.055973635221947766	16	7	19	11	16	ENSG00000171960	1.0	False
0.0026215087285439624	0.6467661691542289	0.12785742141000328	0.1804846844396274	7	7	19	10	13	ENSG00000173786	1.0	False
1.849491778132219e-05	0.6467661691542289	0.01843449966774366	0.0061804697156984025	2	3	4	3	3	ENSG00000203724	1.0	False
0.001675406114917886	0.6467661691542289	0.20355669814287916	0.15472072914232304	3	7	13	4	8	ENSG00000273173	1.0	False
0.006438842274347947	0.6467661691542289	0.23637720500194825	0.16921784607364848	8	7	16	7	10	ENSG00000278053	1.0	False
0.0012616796857967249	0.6467661691542289	0.19965870516104212	0.15999563802727246	5	7	16	4	10	ENSG00000290832	1.0	False
0.0017762849225097515	0.6517412935323383	0.18227495342690672	0.13717722304424607	15	7	14	6	11	ENSG00000012061	1.0	False
0.000726928335442939	0.6517412935323383	0.18603817235396183	0.14150943396226412	6	5	8	3	5	ENSG00000047578	1.0	False
0.0005447057419774061	0.6517412935323383	0.07835386458828822	0.06571008925545133	3	7	9	3	7	ENSG00000060749	1.0	False
0.00023292566323457095	0.6517412935323383	0.10034933124421255	0.03889088001475528	12	7	16	4	12	ENSG00000066322	1.0	False
0.002193820400700994	0.6517412935323383	0.2587994114953529	0.23905181783534796	16	7	11	5	8	ENSG00000078747	1.0	False
0.0030895578122848784	0.6517412935323383	0.2412528996562857	0.21544317073872848	6	7	12	3	10	ENSG00000079999	1.0	False
0.0006043286427930868	0.6517412935323383	0.22242875216631572	0.20712510356255182	3	6	7	3	5	ENSG00000086065	1.0	False
0.0040866298025014885	0.6517412935323383	0.26089630532880476	0.1937507273991994	8	7	17	5	11	ENSG00000103510	1.0	False
0.0005977585134059489	0.6517412935323383	0.1359025146741505	0.10247556244628646	18	7	17	9	14	ENSG00000105323	1.0	False
0.0011595995646119764	0.6517412935323383	0.19546346303514356	0.07899593946105575	3	6	7	3	5	ENSG00000109171	1.0	False
0.00019960313767682517	0.6517412935323383	0.11548278302514134	0.08336207034973589	23	7	19	9	17	ENSG00000109971	1.0	False
0.0018299849361125666	0.6517412935323383	0.16294498767228366	0.11874653014404468	14	7	17	8	12	ENSG00000111913	1.0	False
0.0020541284263164007	0.6517412935323383	0.2616301206983164	0.15674901643138162	15	7	14	5	10	ENSG00000116539	1.0	False
0.00326142683007669	0.6517412935323383	0.24136464785005673	0.15633608815426997	6	6	6	3	6	ENSG00000118412	1.0	False
0.00256348563862079	0.6517412935323383	0.09467827655198986	0.15552922673343708	6	7	17	8	14	ENSG00000119640	1.0	False
0.0019460639483934478	0.6517412935323383	0.17741520579379158	0.12160934080714228	5	7	10	3	6	ENSG00000119718	1.0	False
1.5236369525625132e-06	0.6517412935323383	0.006518325513795783	0.00902590887703306	6	7	19	7	15	ENSG00000121691	1.0	False
5.540273834490162e-05	0.6517412935323383	0.04385012426757954	0.015868036600369933	3	7	16	7	12	ENSG00000124688	1.0	False
0.0009384593093708213	0.6517412935323383	0.15389975648859602	0.11354603255891885	14	7	19	9	16	ENSG00000125944	1.0	False
0.0014423183288262461	0.6517412935323383	0.13487489659076768	0.08345209817893906	9	7	12	3	9	ENSG00000126773	1.0	False
0.001823140122406044	0.6517412935323383	0.10044818577113114	0.15939441741218832	14	7	19	8	16	ENSG00000127481	1.0	False
0.003100655198769958	0.6517412935323383	0.33742519154142026	0.239404385595444	21	7	13	5	9	ENSG00000127914	1.0	False
0.0004223746523739498	0.6517412935323383	0.09159193657094805	0.08003230360924701	4	7	19	9	13	ENSG00000132612	1.0	False
0.00646120105539244	0.6517412935323383	0.30604350074008824	0.31366200540282846	15	6	11	3	7	ENSG00000132716	1.0	False
0.006198916218618921	0.6517412935323383	0.12250678820706329	0.2416241459194745	12	7	16	6	11	ENSG00000134684	1.0	False
0.001532522642804956	0.6517412935323383	0.15963770604381047	0.1618243925132139	15	7	19	11	15	ENSG00000136527	1.0	False
0.0023817940430396305	0.6517412935323383	0.18465257723254935	0.14940949829259467	8	7	11	4	9	ENSG00000139154	1.0	False
0.008666593022440772	0.6517412935323383	0.3092434450945473	0.38784299114578763	22	7	17	5	11	ENSG00000141551	1.0	False
0.00618959074769586	0.6517412935323383	0.44149233153372464	0.4205571081687818	10	6	8	3	5	ENSG00000141698	1.0	False
0.00677591204339929	0.6517412935323383	0.22545011542288285	0.20822424149083624	11	4	6	3	5	ENSG00000142230	1.0	False
0.0007387129459504011	0.6517412935323383	0.15439935931062004	0.2283857595321563	11	3	6	3	6	ENSG00000146192	1.0	False
0.006589968892085265	0.6517412935323383	0.20311384262585835	0.38152655313575606	21	7	16	4	10	ENSG00000149182	1.0	False
0.0006352766941201499	0.6517412935323383	0.14463375897924635	0.09912464470069302	13	7	19	7	14	ENSG00000150753	1.0	False
0.0020866468368867554	0.6517412935323383	0.2118668760786339	0.13267950446654303	7	7	14	5	10	ENSG00000154059	1.0	False
0.0018162490750782917	0.6517412935323383	0.16183869295796408	0.11576020925013276	14	7	17	7	11	ENSG00000156990	1.0	False
0.0015498459899082483	0.6517412935323383	0.2153991275758517	0.20866374718901648	3	3	6	3	6	ENSG00000164117	1.0	False
4.109505181122575e-05	0.6517412935323383	0.042044946762733945	0.017116259270526693	9	7	19	13	18	ENSG00000166136	1.0	False
0.027064416543478024	0.6517412935323383	0.21708651731087544	0.37107864815897973	4	7	9	3	6	ENSG00000167196	1.0	False
0.003000661254034899	0.6517412935323383	0.12602688895792344	0.1880368390914297	4	4	6	3	4	ENSG00000171291	1.0	False
0.011332397873710863	0.6517412935323383	0.2744296256162096	0.26807471903861135	4	6	10	3	6	ENSG00000172171	1.0	False
0.0038143187306520555	0.6517412935323383	0.34953490268903215	0.32568428016207723	18	7	16	4	10	ENSG00000172262	1.0	False
0.0002558947791871931	0.6517412935323383	0.11237148400378935	0.05823529411764711	11	7	15	4	10	ENSG00000175066	1.0	False
0.000290442659396099	0.6517412935323383	0.06541347477716122	0.03356113423657022	6	7	19	11	17	ENSG00000175334	1.0	False
0.002855772484727055	0.6517412935323383	0.35531135531135527	0.25	19	4	5	3	4	ENSG00000178971	1.0	False
0.0014282441752923366	0.6517412935323383	0.15018991366687628	0.13939594804084032	4	7	16	4	10	ENSG00000226742	1.0	False
0.002435302776098381	0.6517412935323383	0.14428155746405913	0.19094623711627173	8	7	17	7	10	ENSG00000235162	1.0	False
0.006849104371563085	0.6517412935323383	0.2689031401255477	0.2555293755476095	5	7	9	3	8	ENSG00000272047	1.0	False
0.0009935543996877952	0.6517412935323383	0.09762696059797757	0.07737619808306709	6	4	6	3	5	ENSG00000291159	1.0	False
0.002090569171835466	0.6567164179104478	0.1739250374065952	0.10774096741857757	5	7	15	4	10	ENSG00000006695	1.0	False
0.0011106428882618365	0.6567164179104478	0.19958011455104477	0.20843332655413188	4	5	9	3	5	ENSG00000080603	1.0	False
0.0016770272802656531	0.6567164179104478	0.22258168136570616	0.1653848281967576	4	6	10	3	5	ENSG00000088766	1.0	False
0.007179641142335691	0.6567164179104478	0.23820863084875957	0.35171798454887027	18	7	16	4	12	ENSG00000090054	1.0	False
0.002506049653815016	0.6567164179104478	0.13322196308175432	0.16107735657993225	13	7	18	10	15	ENSG00000099783	1.0	False
0.004355750398223164	0.6567164179104478	0.20595254867085167	0.2549898561338822	3	7	15	5	9	ENSG00000104976	1.0	False
0.001101006787405601	0.6567164179104478	0.13940556088207104	0.08837870784234052	5	4	7	3	6	ENSG00000107537	1.0	False
0.0022227652579456664	0.6567164179104478	0.11676836620407074	0.11088773477783362	5	7	11	3	7	ENSG00000117305	1.0	False
0.002662102062873862	0.6567164179104478	0.14598831119346092	0.16188946044688785	7	7	19	8	13	ENSG00000122674	1.0	False
0.0004411468261764762	0.6567164179104478	0.05820096467486269	0.050420983199472344	8	6	8	3	6	ENSG00000124067	1.0	False
0.007936268351034413	0.6567164179104478	0.37755090021823623	0.4161731333370233	14	6	9	3	7	ENSG00000127419	1.0	False
0.013878572462270417	0.6567164179104478	0.11069902549384762	0.2999741771587938	13	7	19	12	15	ENSG00000131876	1.0	False
0.010577609250012419	0.6567164179104478	0.3724777431986607	0.38726222826086953	8	6	9	3	7	ENSG00000134077	1.0	False
0.00024820611807489264	0.6567164179104478	0.04444444444444448	0.04878048780487807	4	7	12	4	9	ENSG00000135632	1.0	False
0.006360109921279991	0.6567164179104478	0.18839573219237776	0.2584789067142008	7	7	14	4	9	ENSG00000136273	1.0	False
0.0001839027244824983	0.6567164179104478	0.10234312897319392	0.0874219661734926	10	7	19	10	16	ENSG00000138382	1.0	False
0.002303113987244262	0.6567164179104478	0.14438768020581758	0.15420880166308443	17	7	14	5	10	ENSG00000140983	1.0	False
0.0009241410956275909	0.6567164179104478	0.16896164744699405	0.12159336934735673	9	7	19	10	12	ENSG00000142765	1.0	False
0.002281748671902603	0.6567164179104478	0.22677303198675816	0.3735250783244972	5	7	13	5	10	ENSG00000143641	1.0	False
0.006293908859309014	0.6567164179104478	0.27007614779137956	0.2752016129032258	12	4	7	4	5	ENSG00000144535	1.0	False
0.002950100471280125	0.6567164179104478	0.22316827437806924	0.23580907964159567	16	7	13	4	9	ENSG00000145979	1.0	False
0.00035215803130438333	0.6567164179104478	0.11139300914291725	0.06661019852675257	10	7	16	5	11	ENSG00000146574	1.0	False
0.0006545296959545053	0.6567164179104478	0.05294184108743137	0.13586806241358873	4	4	7	3	4	ENSG00000149308	1.0	False
0.0008852825500589177	0.6567164179104478	0.06401303367820652	0.08216248735267578	5	5	8	4	7	ENSG00000155621	1.0	False
0.007621195754560953	0.6567164179104478	0.23279618828182327	0.1906522763479705	8	7	11	3	7	ENSG00000157184	1.0	False
0.0012542482609319613	0.6567164179104478	0.20609450560444995	0.1032715985987014	11	7	12	5	7	ENSG00000158985	1.0	False
0.00019982284940821304	0.6567164179104478	0.08731944967288158	0.050024560369387995	5	7	14	5	7	ENSG00000160193	1.0	False
1.5363779770980908e-05	0.6567164179104478	0.04109758673831221	0.019199745207875835	14	7	19	13	19	ENSG00000161016	1.0	False
0.0026664620775957945	0.6567164179104478	0.23559413839273657	0.20642188085425256	8	4	6	3	5	ENSG00000167325	1.0	False
0.0162371057032932	0.6567164179104478	0.21311139762136022	0.38798081274323465	6	6	12	4	9	ENSG00000167671	1.0	False
0.000218564253039001	0.6567164179104478	0.09108653999160507	0.10862532509039101	7	7	19	12	15	ENSG00000167770	1.0	False
0.0006441859924627002	0.6567164179104478	0.0905317947857713	0.06621787025703797	6	7	17	6	11	ENSG00000168894	1.0	False
0.0029208077632495374	0.6567164179104478	0.1804538685444333	0.20901601830663616	22	7	13	3	9	ENSG00000169727	1.0	False
0.00028167986765559056	0.6567164179104478	0.1018738475206909	0.06643898265077305	2	7	15	4	9	ENSG00000170779	1.0	False
0.000906213935613206	0.6567164179104478	0.2237611679101041	0.143479713313897	4	4	7	4	5	ENSG00000171132	1.0	False
0.0005633070745851015	0.6567164179104478	0.0831176847975742	0.08856920444387417	16	7	18	11	15	ENSG00000171735	1.0	False
0.00011854227599917966	0.6567164179104478	0.03109915198956291	0.05181188849229121	4	4	4	3	4	ENSG00000175548	1.0	False
0.0013045908857577265	0.6567164179104478	0.17156689609745898	0.12758925750394945	5	7	11	5	7	ENSG00000197892	1.0	False
0.00017509070792840498	0.6567164179104478	0.06501250016503303	0.0486588840247377	7	7	9	3	9	ENSG00000198064	1.0	False
0.00424323806345199	0.6567164179104478	0.18535546108686776	0.2780839467569974	8	7	17	8	13	ENSG00000198492	1.0	False
0.003914543116933756	0.6567164179104478	0.2682163948004507	0.29050215208034436	7	7	12	3	7	ENSG00000204267	1.0	False
0.002394867950503034	0.6567164179104478	0.3447976653261102	0.258659014670816	8	7	13	4	8	ENSG00000255529	1.0	False
0.003029568706323025	0.6567164179104478	0.27846169885508176	0.22071961314646343	7	7	13	3	9	ENSG00000256683	1.0	False
2.6110124312847674e-05	0.6567164179104478	0.038589721815858846	0.020473157415832565	3	4	4	3	4	ENSG00000286219	1.0	False
0.0033440934040457277	0.6616915422885572	0.1540677015047582	0.023709546456327543	2	2	4	4	4	ENSG00000006756	1.0	False
0.001372944834743628	0.6616915422885572	0.07974261277067324	0.12606513031341335	34	7	18	9	15	ENSG00000009307	1.0	False
0.0032146898860828336	0.6616915422885572	0.10382913933409109	0.28199859380537284	15	7	18	11	15	ENSG00000051108	1.0	False
0.0026716498042109946	0.6616915422885572	0.331709818126801	0.27135033921998636	20	7	16	7	10	ENSG00000075292	1.0	False
0.0034111449256124626	0.6616915422885572	0.12829587096342138	0.11669348530894352	21	7	19	13	19	ENSG00000075624	1.0	False
0.0033011047862267547	0.6616915422885572	0.16857979823851116	0.2969063659997236	16	7	18	8	13	ENSG00000076043	1.0	False
0.0010147211072657541	0.6616915422885572	0.17689113212369034	0.19788377731521548	18	4	7	3	6	ENSG00000078403	1.0	False
5.793939370352197e-07	0.6616915422885572	0.005187525172027981	0.0022949932727251614	3	7	19	12	18	ENSG00000105583	1.0	False
7.070979216280207e-05	0.6616915422885572	0.12132148843168838	0.03600446405315147	15	7	19	11	17	ENSG00000106028	1.0	False
7.721535615530308e-05	0.6616915422885572	0.07033844005765673	0.02993453282265967	4	7	19	7	14	ENSG00000107833	1.0	False
0.004868106396889509	0.6616915422885572	0.3550014946445651	0.37755901655402097	11	5	6	3	5	ENSG00000108061	1.0	False
0.00043653808895132703	0.6616915422885572	0.11624322860691107	0.06767344648214632	14	7	13	5	7	ENSG00000108604	1.0	False
0.0002860434359800338	0.6616915422885572	0.16086673336408341	0.10428941445833437	6	7	19	10	13	ENSG00000115306	1.0	False
0.0004342092753086966	0.6616915422885572	0.052172753161088055	0.08647712817428228	5	7	19	8	14	ENSG00000116221	1.0	False
0.0011892048470800163	0.6616915422885572	0.2975129884789194	0.24631981526915858	3	6	9	4	8	ENSG00000116237	1.0	False
0.0012358996385571578	0.6616915422885572	0.14635485287659197	0.12624916722185212	7	3	4	3	4	ENSG00000119616	1.0	False
0.006586649686381459	0.6616915422885572	0.26493172775817797	0.3285889866777868	9	7	10	3	7	ENSG00000119979	1.0	False
1.1098188594308857e-06	0.6616915422885572	0.0260646469604755	0.0029222976414942023	7	7	19	13	17	ENSG00000123416	1.0	False
0.009296868555573106	0.6616915422885572	0.13461540254768872	0.2129277223382584	4	7	10	3	6	ENSG00000125863	1.0	False
2.921085166301428e-05	0.6616915422885572	0.04268317588143204	0.01540865384953113	9	7	19	11	18	ENSG00000127922	1.0	False
0.00013228834068684705	0.6616915422885572	0.03435611689292585	0.021442586190787604	4	7	19	11	17	ENSG00000129128	1.0	False
0.0033294216172351614	0.6616915422885572	0.339085769541241	0.21987001634297443	8	7	13	4	10	ENSG00000129493	1.0	False
4.609406708004438e-06	0.6616915422885572	0.0029074660668104903	0.004411764705882345	2	7	15	6	9	ENSG00000130522	1.0	False
1.8657552582564658e-05	0.6616915422885572	0.021586109999894496	0.009583049695147457	4	7	18	10	15	ENSG00000131475	1.0	False
0.00037284286089761943	0.6616915422885572	0.03134108224416372	0.05186857126183213	14	7	19	13	19	ENSG00000133112	1.0	False
0.0037516373159274564	0.6616915422885572	0.13163469680400364	0.19713878585608807	4	7	17	7	11	ENSG00000134186	1.0	False
0.0012481643055789293	0.6616915422885572	0.2413290777280673	0.16680165791891016	22	7	17	6	13	ENSG00000136436	1.0	False
0.005691756753860256	0.6616915422885572	0.5184891781980949	0.5220841233059477	10	7	11	3	6	ENSG00000137824	1.0	False
0.0001178951536447896	0.6616915422885572	0.08091425189912993	0.061545284526653574	6	4	5	3	4	ENSG00000147459	1.0	False
0.004195748854721217	0.6616915422885572	0.3221646825990121	0.12478167092447211	7	4	7	4	5	ENSG00000154814	1.0	False
0.001007664930146838	0.6616915422885572	0.05105418318869157	0.08169357349876646	4	6	9	4	7	ENSG00000156136	1.0	False
0.004922800530716707	0.6616915422885572	0.3033965768012052	0.2506666666666667	4	5	10	3	6	ENSG00000162852	1.0	False
0.0033631780197770377	0.6616915422885572	0.1884257020813246	0.14806152385846336	12	7	15	7	12	ENSG00000164830	1.0	False
0.0016721002486849304	0.6616915422885572	0.1900980227784722	0.1257642458686845	13	7	14	3	10	ENSG00000166788	1.0	False
0.0033994802380786795	0.6616915422885572	0.1661305874691694	0.14376164828588528	19	7	16	8	11	ENSG00000169375	1.0	False
1.3923442195444383e-06	0.6616915422885572	0.012258631255806451	0.002730560167310765	2	7	18	8	14	ENSG00000170855	1.0	False
0.0001810705832508017	0.6616915422885572	0.07433376968030951	0.05723934886224115	8	7	9	4	7	ENSG00000171791	1.0	False
0.002124171668512296	0.6616915422885572	0.09700489105424802	0.08344563552833076	5	5	8	3	6	ENSG00000172057	1.0	False
0.0014957610206436719	0.6616915422885572	0.5102785415565804	0.4290517463835213	15	6	9	3	6	ENSG00000179583	1.0	False
0.0034268801204694094	0.6616915422885572	0.265821479115394	0.29864232977850697	18	6	11	3	7	ENSG00000182165	1.0	False
0.0051704076791935175	0.6616915422885572	0.16118227960117298	0.32405967771347405	7	7	14	4	10	ENSG00000196961	1.0	False
0.022070497775248325	0.6616915422885572	0.28351631904099783	0.30335874590490186	9	5	7	3	5	ENSG00000197620	1.0	False
0.002227570943542265	0.6616915422885572	0.11477119590254037	0.0623038155374453	8	7	13	4	7	ENSG00000198498	1.0	False
0.0002752018333532468	0.6616915422885572	0.20404283980544866	0.09787693258609044	9	7	19	7	14	ENSG00000213626	1.0	False
5.440258907890965e-05	0.6616915422885572	0.04157628086159715	0.01899956427047446	3	7	19	13	18	ENSG00000228474	1.0	False
2.473315613276093e-07	0.6616915422885572	0.00961153447858688	0.0020815822491590187	8	7	19	13	19	ENSG00000231500	1.0	False
0.00025442065878992565	0.6616915422885572	0.07479101761489607	0.06514717770115806	8	7	19	12	17	ENSG00000245910	1.0	False
0.0057454711887846704	0.6616915422885572	0.29532141717989585	0.300705467372134	7	5	9	3	5	ENSG00000249592	1.0	False
4.1998608693872165e-06	0.6666666666666666	0.013599193424048552	0.005517075204503396	5	7	19	11	17	ENSG00000004779	1.0	False
9.968661034759514e-05	0.6666666666666666	0.07053320381650346	0.07297129862991542	11	7	18	7	13	ENSG00000007202	1.0	False
1.2696681128556882e-06	0.6666666666666666	0.006087409963254297	0.004402861860209123	6	7	18	7	15	ENSG00000011009	1.0	False
0.00714624503046042	0.6666666666666666	0.19695771813081234	0.26215937201737466	7	6	10	3	5	ENSG00000066279	1.0	False
0.0023670090919964294	0.6666666666666666	0.16466907646726006	0.195116430258865	20	7	19	9	16	ENSG00000078674	1.0	False
0.001813317995051786	0.6666666666666666	0.17735244924416046	0.16851652941878506	6	5	7	3	5	ENSG00000100221	1.0	False
0.0036937521053736965	0.6666666666666666	0.35402624378184916	0.29155745024051616	14	7	11	4	7	ENSG00000102908	1.0	False
0.002482905616776572	0.6666666666666666	0.25181588190367826	0.22378871187555807	11	7	14	3	8	ENSG00000103876	1.0	False
0.0013261918021002243	0.6666666666666666	0.17005993802402955	0.048394138831141346	6	7	18	9	15	ENSG00000106609	1.0	False
0.0004509335761003515	0.6666666666666666	0.0891848556638493	0.08123504614332919	4	7	13	4	10	ENSG00000108064	1.0	False
0.0007650157227841608	0.6666666666666666	0.09697697398249176	0.053303970285599536	6	7	18	6	12	ENSG00000110107	1.0	False
0.0032008081147796227	0.6666666666666666	0.18388989840578038	0.16387535771065181	9	7	16	7	10	ENSG00000112739	1.0	False
9.593787751071186e-06	0.6666666666666666	0.006997508016916608	0.008260595973687553	4	7	18	9	14	ENSG00000115649	1.0	False
0.0008865359641392683	0.6666666666666666	0.1665945392545186	0.09916994320664049	9	7	13	4	8	ENSG00000116857	1.0	False
0.000672010033462824	0.6666666666666666	0.10773894712398428	0.1223542449580181	5	7	19	9	15	ENSG00000116918	1.0	False
0.0011783368588870052	0.6666666666666666	0.12546296296296297	0.12583182093163944	5	4	6	3	4	ENSG00000124532	1.0	False
0.00018386817896746412	0.6666666666666666	0.03379224030037549	0.035897435897435895	6	3	4	3	3	ENSG00000139737	1.0	False
0.00012765046307021497	0.6666666666666666	0.0958795280878661	0.04768761357714524	5	7	17	6	12	ENSG00000141101	1.0	False
0.000979460562908458	0.6666666666666666	0.15287218247186382	0.07792343003170699	9	7	18	8	14	ENSG00000141543	1.0	False
5.5310778819645044e-05	0.6666666666666666	0.07896407282791693	0.05352349416474199	16	7	18	7	14	ENSG00000145725	1.0	False
0.002130327428607176	0.6666666666666666	0.39048287462112197	0.43777959629023455	17	7	12	3	6	ENSG00000149269	1.0	False
6.497439537413623e-05	0.6666666666666666	0.0794908666294826	0.03172798851352589	5	7	18	10	14	ENSG00000160446	1.0	False
0.0018124516484452468	0.6666666666666666	0.22741166687367928	0.1130969051953508	9	6	7	3	6	ENSG00000164654	1.0	False
0.00023812212718219707	0.6666666666666666	0.12545778069682909	0.1053343991769319	7	7	16	5	10	ENSG00000166803	1.0	False
8.608593806541388e-06	0.6666666666666666	0.01183264930202777	0.02295417883392076	12	7	19	13	18	ENSG00000167283	1.0	False
0.0016726289566045785	0.6666666666666666	0.1799258867770664	0.25786163522012584	5	4	4	3	4	ENSG00000167393	1.0	False
0.0024933267987299894	0.6666666666666666	0.138123027272865	0.15547693280690764	12	7	19	9	15	ENSG00000169718	1.0	False
0.0008728250566499457	0.6666666666666666	0.17972746723778038	0.15286922407428355	19	7	19	9	14	ENSG00000172775	1.0	False
0.004721246800787604	0.6666666666666666	0.18930678023977668	0.21168563941425875	7	7	19	10	15	ENSG00000173418	1.0	False
2.955416541695756e-05	0.6666666666666666	0.025289021339471272	0.022079326879448878	2	7	17	7	12	ENSG00000181218	1.0	False
0.00039071633224405084	0.6666666666666666	0.06632770988720393	0.06261924298499305	8	7	19	13	18	ENSG00000184990	1.0	False
0.0008390977745504455	0.6666666666666666	0.10405006523348462	0.20571355861723378	8	7	15	7	10	ENSG00000196187	1.0	False
0.00022922419154477482	0.6666666666666666	0.043629033554121066	0.03951672518942894	10	7	19	8	13	ENSG00000198912	1.0	False
0.0004125926906140919	0.6666666666666666	0.026302711637729473	0.04276883012631991	5	7	19	8	15	ENSG00000213465	1.0	False
7.451656860444314e-05	0.6666666666666666	0.059968968171256964	0.02669180900592747	3	7	17	4	14	ENSG00000239569	1.0	False
0.004333840778600103	0.6666666666666666	0.41766903138066824	0.44423493540881015	6	6	11	3	7	ENSG00000241258	1.0	False
0.019156440738857458	0.6666666666666666	0.2608148070782644	0.3933043478260869	6	7	10	3	9	ENSG00000248019	1.0	False
2.4737525622678012e-05	0.6666666666666666	0.06305491709930937	0.015457682134946658	3	7	16	6	12	ENSG00000259494	1.0	False
0.0013759096864294088	0.6716417910447762	0.18611130027490194	0.13740110621017992	17	7	19	11	16	ENSG00000041357	1.0	False
0.0014544858230578798	0.6716417910447762	0.17418589304711793	0.12082959703438013	12	7	10	3	7	ENSG00000075975	1.0	False
4.800328717080003e-06	0.6716417910447762	0.012969419648953599	0.019998572038138065	4	7	18	6	12	ENSG00000089902	1.0	False
0.00011982682041296474	0.6716417910447762	0.041309778729478885	0.0423458697350664	3	5	8	3	6	ENSG00000095002	1.0	False
0.0019261112012517107	0.6716417910447762	0.2323398687344613	0.18945350538926822	7	7	16	7	12	ENSG00000100528	1.0	False
0.0011601542381722164	0.6716417910447762	0.15078059083669704	0.05581733711957779	8	7	15	6	10	ENSG00000103111	1.0	False
0.0002846898712767938	0.6716417910447762	0.02924758100637497	0.03506600660066006	5	6	11	3	8	ENSG00000105281	1.0	False
0.005683158117627021	0.6716417910447762	0.16756093898010238	0.13654336734693878	3	5	8	3	5	ENSG00000106992	1.0	False
0.00285944997854317	0.6716417910447762	0.33305370376342336	0.194868213561613	8	7	13	4	7	ENSG00000107938	1.0	False
6.564808884588646e-05	0.6716417910447762	0.01804975041574227	0.0224685979575694	9	7	19	13	19	ENSG00000110700	1.0	False
0.004369953723146428	0.6716417910447762	0.23779314586908099	0.2839222449201133	16	7	19	8	13	ENSG00000113522	1.0	False
0.004470466719050876	0.6716417910447762	0.34527354212709116	0.341601440488002	12	6	8	3	4	ENSG00000114770	1.0	False
0.0022512407790121593	0.6716417910447762	0.12335517825818967	0.17066213960719756	5	7	11	4	7	ENSG00000117758	1.0	False
0.003425904481198204	0.6716417910447762	0.29748548756524645	0.33832376264697844	11	6	11	4	6	ENSG00000120913	1.0	False
0.0012503943154114883	0.6716417910447762	0.060641806321800315	0.1272295841861731	10	7	19	12	18	ENSG00000122026	1.0	False
0.008658087294170988	0.6716417910447762	0.22539379128878934	0.3125998689961634	7	7	17	5	12	ENSG00000122481	1.0	False
7.814740339748062e-05	0.6716417910447762	0.05726922403222985	0.019375672766415497	3	4	4	3	3	ENSG00000130684	1.0	False
0.0018218084755239328	0.6716417910447762	0.19660861971811922	0.2080701754385965	4	4	5	3	4	ENSG00000131979	1.0	False
0.001192370093097346	0.6716417910447762	0.17468977135012026	0.1852424610626312	6	4	7	3	5	ENSG00000134057	1.0	False
0.0011605013852614937	0.6716417910447762	0.15957138161766057	0.15606916019760056	8	7	13	5	9	ENSG00000139372	1.0	False
0.0010735150526584294	0.6716417910447762	0.15011736638845619	0.09606034881926226	3	6	9	3	6	ENSG00000145293	1.0	False
0.0026176173182904704	0.6716417910447762	0.17091508182103293	0.19148432269811627	12	7	17	5	12	ENSG00000151327	1.0	False
0.00036264886803968134	0.6716417910447762	0.1758095525956213	0.09927807197665618	14	7	16	6	10	ENSG00000158987	1.0	False
0.0008325315775247438	0.6716417910447762	0.14312376368912866	0.12984776738543422	11	7	14	5	11	ENSG00000162600	1.0	False
0.00010365686088900688	0.6716417910447762	0.048080523879628016	0.03290786170933566	9	7	19	12	18	ENSG00000163463	1.0	False
3.6820740076931306e-06	0.6716417910447762	0.02820438765316795	0.010049200864819549	16	7	19	12	18	ENSG00000163479	1.0	False
0.0014166227343168627	0.6716417910447762	0.08388441704081429	0.1261322267546851	8	7	19	11	15	ENSG00000165494	1.0	False
0.00043864590179149715	0.6716417910447762	0.14323662632581086	0.0955066704133381	6	7	12	5	8	ENSG00000173598	1.0	False
0.00036742791607992413	0.6716417910447762	0.08695653204150859	0.055360075064508574	7	7	11	4	8	ENSG00000173611	1.0	False
4.599779779833467e-06	0.6716417910447762	0.005789557516330723	0.0033280917677179908	3	7	18	7	14	ENSG00000177868	1.0	False
0.001035774505589819	0.6716417910447762	0.24017010268565692	0.3809078315312236	10	7	16	6	11	ENSG00000177885	1.0	False
0.0017638310688266427	0.6716417910447762	0.07053346837402587	0.08959401631967723	25	7	19	8	14	ENSG00000178035	1.0	False
0.007966198639081594	0.6716417910447762	0.18919070052077222	0.22963363924907115	18	7	10	3	7	ENSG00000183020	1.0	False
0.005950962932190565	0.6716417910447762	0.3345191761539596	0.27793570959982505	9	5	6	3	4	ENSG00000187231	1.0	False
0.000699893547010695	0.6716417910447762	0.10973156613574071	0.09687454252671646	4	4	6	3	5	ENSG00000217128	1.0	False
0.00014510746012867863	0.6716417910447762	0.06419857637200102	0.02989831847498146	2	5	8	4	5	ENSG00000236935	1.0	False
0.0014750682504731632	0.6716417910447762	0.10485729269027344	0.13282247765006383	5	2	4	4	4	ENSG00000254986	1.0	False
0.0005579162147162337	0.6716417910447762	0.09261548777506544	0.24412480416013868	2	7	19	7	14	ENSG00000260260	1.0	False
5.7825441830597505e-06	0.6766169154228856	0.012903225806451629	0.007220216606498209	5	7	11	3	9	ENSG00000018699	1.0	False
0.005732144836699326	0.6766169154228856	0.1273304611099017	0.21757008146770157	5	5	6	3	5	ENSG00000032444	1.0	False
0.003115659184545074	0.6766169154228856	0.10500341717698049	0.1536287840635667	7	7	12	3	9	ENSG00000064545	1.0	False
0.002568128346995079	0.6766169154228856	0.08296017086821374	0.11643507396756167	12	7	18	8	14	ENSG00000065427	1.0	False
8.519952848093292e-06	0.6766169154228856	0.023447047553393004	0.012674161009338285	2	7	19	12	17	ENSG00000089220	1.0	False
0.001579854280660824	0.6766169154228856	0.2540799406340151	0.23787881875802475	11	7	13	3	7	ENSG00000090554	1.0	False
0.0007720768365150974	0.6766169154228856	0.12802677207629962	0.13472030261147883	4	7	12	4	7	ENSG00000100263	1.0	False
0.0004827477184931948	0.6766169154228856	0.08588057751070048	0.07266380692692515	7	7	18	6	12	ENSG00000100417	1.0	False
1.0588717458014535e-05	0.6766169154228856	0.023110355253212384	0.013206162876008823	6	7	17	7	13	ENSG00000101413	1.0	False
0.0015408374602197993	0.6766169154228856	0.16190415154452598	0.21028417044438127	57	7	18	9	15	ENSG00000104763	1.0	False
0.0007503588151579872	0.6766169154228856	0.11778846153846155	0.26552529182879375	4	4	5	3	4	ENSG00000115568	1.0	False
4.106403471186656e-07	0.6766169154228856	0.011871748154341603	0.0024944567627494217	2	7	19	10	14	ENSG00000115956	1.0	False
0.00014259794260391002	0.6766169154228856	0.08126562163874818	0.06295150776717406	4	5	8	4	6	ENSG00000116260	1.0	False
0.013848440375836407	0.6766169154228856	0.33919021710473996	0.23661538461538462	3	4	6	3	5	ENSG00000119943	1.0	False
0.0011463870060553602	0.6766169154228856	0.17088009595838854	0.15083274798823793	16	7	19	8	14	ENSG00000120438	1.0	False
6.899926000226411e-05	0.6766169154228856	0.023692182576784727	0.02435867543076617	7	7	19	12	18	ENSG00000125743	1.0	False
0.002522732945387268	0.6766169154228856	0.33834895933011694	0.275356827080965	14	7	13	4	9	ENSG00000132300	1.0	False
0.00023667823749349144	0.6766169154228856	0.10182311851008981	0.08680555555555558	4	6	9	3	6	ENSG00000136807	1.0	False
0.001087152926751966	0.6766169154228856	0.12061409316018162	0.1621526257138273	9	7	18	7	12	ENSG00000138430	1.0	False
0.0019635076329223996	0.6766169154228856	0.20902903513912025	0.1456887914907112	34	7	18	8	12	ENSG00000138674	1.0	False
0.00039164398192005525	0.6766169154228856	0.08934019801972971	0.08552023185327758	8	7	14	7	9	ENSG00000138767	1.0	False
0.0015885205404408411	0.6766169154228856	0.1534393187939169	0.15963438735177868	13	7	15	6	12	ENSG00000149743	1.0	False
0.0013374198768521673	0.6766169154228856	0.15275487519619876	0.14015151515151517	8	6	8	3	6	ENSG00000153786	1.0	False
0.0015059731833466196	0.6766169154228856	0.18531040362376822	0.27718815102308725	10	7	11	3	8	ENSG00000158805	1.0	False
0.0011122735036218747	0.6766169154228856	0.07746117972633633	0.12021683673469387	2	3	3	3	3	ENSG00000162591	1.0	False
0.0012085375489358926	0.6766169154228856	0.1987905782220027	0.18618205748434835	7	7	10	3	9	ENSG00000163104	1.0	False
0.0011540319724508586	0.6766169154228856	0.08938568311120165	0.07539041545418856	11	7	18	6	14	ENSG00000166508	1.0	False
0.0019154881143789249	0.6766169154228856	0.2455389655908193	0.15405261286882332	7	5	7	3	5	ENSG00000167077	1.0	False
0.005224504599701784	0.6766169154228856	0.1601623105382504	0.11442080378250592	4	2	3	3	3	ENSG00000167083	1.0	False
4.864558232780733e-06	0.6766169154228856	0.018859242191287606	0.025525827043383673	2	5	9	3	5	ENSG00000169575	1.0	False
0.0007161733652144688	0.6766169154228856	0.15799569738460886	0.20546327987316537	6	7	14	4	10	ENSG00000169905	1.0	False
0.004860885657169524	0.6766169154228856	0.22246547139233858	0.37443946188340804	18	7	13	3	9	ENSG00000174243	1.0	False
0.0008712690340347833	0.6766169154228856	0.11838013259477362	0.10654968373801267	7	7	8	3	5	ENSG00000175048	1.0	False
0.0018076275791583064	0.6766169154228856	0.2582066710142439	0.14042677673182358	12	7	8	3	5	ENSG00000178802	1.0	False
0.010256056078149927	0.6766169154228856	0.23300202685241925	0.18860001295310624	7	7	13	6	11	ENSG00000179029	1.0	False
3.605147798755747e-05	0.6766169154228856	0.024390243902439036	0.005988023952095847	3	7	10	3	6	ENSG00000180209	1.0	False
0.0010550352262699155	0.6766169154228856	0.19974633717581092	0.21946864440630023	11	7	10	3	8	ENSG00000184588	1.0	False
0.000165837287315352	0.6766169154228856	0.07462413247753853	0.024081595724183	2	7	19	10	15	ENSG00000188229	1.0	False
0.0026746289624513674	0.6766169154228856	0.23839863839863834	0.2770150368917531	2	6	9	3	6	ENSG00000188725	1.0	False
0.00362611667815641	0.6766169154228856	0.1341914591784455	0.19530222626783	9	7	17	5	12	ENSG00000214253	1.0	False
0.00027480991458659585	0.6766169154228856	0.04114340811581768	0.04294436982946402	2	5	7	3	5	ENSG00000214940	1.0	False
0.0005371598987933143	0.6766169154228856	0.13569821226049833	0.10000194916575703	13	7	18	10	15	ENSG00000232956	1.0	False
1.759858831429612e-07	0.681592039800995	0.005204572342832496	0.0012185742800792237	2	7	19	12	19	ENSG00000008018	1.0	False
0.001416942530520448	0.681592039800995	0.13323002285128263	0.20053160528288141	8	7	18	10	12	ENSG00000010404	1.0	False
0.0017333626773953466	0.681592039800995	0.14492827612330414	0.1348068950825273	6	7	18	7	13	ENSG00000031698	1.0	False
0.00046895879252413964	0.681592039800995	0.3628048498436207	0.2051015327866468	7	7	18	7	13	ENSG00000056097	1.0	False
0.0039061078771337617	0.681592039800995	0.21078018586939312	0.30443508792098367	12	7	16	5	11	ENSG00000071189	1.0	False
0.008221983651344402	0.681592039800995	0.30841062239201533	0.4023994567267788	16	7	11	3	7	ENSG00000073578	1.0	False
0.0001702595236800639	0.681592039800995	0.08941082556100113	0.0983923994350578	14	7	19	7	14	ENSG00000093000	1.0	False
0.004665394636362606	0.681592039800995	0.239792839319163	0.5356603384286984	15	7	12	3	9	ENSG00000103194	1.0	False
0.0011015850751514762	0.681592039800995	0.11473709895590349	0.14280714965665192	6	7	19	7	14	ENSG00000104973	1.0	False
8.12319604298018e-05	0.681592039800995	0.05036152132287198	0.05337852569820222	2	7	17	5	11	ENSG00000105011	1.0	False
0.000624621341716299	0.681592039800995	0.1346876694133339	0.09210846740522932	14	7	18	10	15	ENSG00000105518	1.0	False
0.001196897962978091	0.681592039800995	0.3423744594903663	0.4526143790849673	4	7	11	4	9	ENSG00000106771	1.0	False
0.000830055901767958	0.681592039800995	0.1541862450558302	0.1594986054766734	3	7	14	4	11	ENSG00000111602	1.0	False
0.004872204675534298	0.681592039800995	0.48437656542240726	0.46084109968843073	74	7	12	3	9	ENSG00000115392	1.0	False
0.0007496769870388778	0.681592039800995	0.12614365628529642	0.14554667425507845	24	7	19	12	19	ENSG00000123349	1.0	False
0.0030672349887492824	0.681592039800995	0.1392068002588065	0.17960628868166434	18	7	18	7	12	ENSG00000130159	1.0	False
0.0009138186870776481	0.681592039800995	0.06843202927852908	0.06596941143455404	8	2	4	4	4	ENSG00000130638	1.0	False
0.002411828172456298	0.681592039800995	0.2421036328800509	0.16980366364587798	10	7	15	5	11	ENSG00000132002	1.0	False
2.6235634537910996e-06	0.681592039800995	0.15384615384615385	0.06936416184971096	2	7	13	3	8	ENSG00000132109	1.0	False
0.0025639312185007567	0.681592039800995	0.3447514722973062	0.410569995621542	10	4	7	4	6	ENSG00000135124	1.0	False
0.0022717608670550903	0.681592039800995	0.21193097547313922	0.2514942696141041	17	7	16	5	12	ENSG00000135837	1.0	False
0.0009854692330388672	0.681592039800995	0.11484411819932171	0.09253810230033759	11	7	16	6	11	ENSG00000138363	1.0	False
0.001447397603059556	0.681592039800995	0.11381604284525808	0.16892997804094856	7	7	17	4	12	ENSG00000139192	1.0	False
0.008939039758591368	0.681592039800995	0.36183083148763934	0.33486238532110096	20	6	9	3	6	ENSG00000140262	1.0	False
0.0008046954128225633	0.681592039800995	0.15147154218744194	0.08676567860843622	6	7	18	10	14	ENSG00000143314	1.0	False
0.003932360582200302	0.681592039800995	0.2698511730832802	0.17987681970884656	11	6	10	4	8	ENSG00000151239	1.0	False
0.001731507190115734	0.681592039800995	0.1735838403175505	0.13729590808304779	12	6	10	4	6	ENSG00000151576	1.0	False
0.007303492513066559	0.681592039800995	0.27119722646224687	0.27257104049163083	7	7	13	4	11	ENSG00000164221	1.0	False
2.112884013966353e-05	0.681592039800995	0.024484704185539056	0.02192861470091866	24	7	19	12	18	ENSG00000168066	1.0	False
0.002123698159421441	0.681592039800995	0.18184487941430041	0.22447804663291393	15	7	16	6	10	ENSG00000171862	1.0	False
0.0001871641671530021	0.681592039800995	0.09215638612958296	0.06934022370097692	6	7	16	6	12	ENSG00000174695	1.0	False
0.002855415921276938	0.681592039800995	0.2321428571428572	0.1884570432439928	6	4	6	3	4	ENSG00000175029	1.0	False
0.009462016863747234	0.681592039800995	0.21179137770143486	0.2715018315018315	5	6	7	3	5	ENSG00000177192	1.0	False
0.005204759892625991	0.681592039800995	0.4249404346967123	0.26904761904761904	16	6	8	3	4	ENSG00000186470	1.0	False
0.006970711293563385	0.681592039800995	0.2050133349410108	0.4271902666883928	6	4	4	3	3	ENSG00000198824	1.0	False
2.4190322600569623e-06	0.681592039800995	0.005543576972148377	0.01580569531887989	2	2	3	3	3	ENSG00000213160	1.0	False
0.004651397511793356	0.681592039800995	0.2831996941944534	0.1877122877122877	8	4	4	3	4	ENSG00000214013	1.0	False
0.0005892362024357708	0.681592039800995	0.053440517279633365	0.11042785604940189	4	5	5	3	5	ENSG00000238045	1.0	False
0.0003114629854573602	0.681592039800995	0.13249631233399217	0.08017514721425334	3	7	17	7	15	ENSG00000253982	1.0	False
0.006473453492935498	0.681592039800995	0.09933180829621796	0.18615049073064344	3	7	11	4	6	ENSG00000257913	1.0	False
0.0006433768696722144	0.681592039800995	0.043112970927425956	0.044374563242487744	5	7	12	4	9	ENSG00000274523	1.0	False
0.008752922481961037	0.681592039800995	0.2635513392570744	0.30904122799967854	14	6	10	3	8	ENSG00000278259	1.0	False
0.003655873082543552	0.6865671641791045	0.22717124790295523	0.2920524307283889	7	5	5	3	4	ENSG00000005889	1.0	False
0.0008888860627514355	0.6865671641791045	0.06392695075577447	0.2889001356094966	7	7	13	5	8	ENSG00000011295	1.0	False
0.005413037753653104	0.6865671641791045	0.26985552855107675	0.20889555471402277	11	7	15	4	9	ENSG00000081665	1.0	False
0.01084274921153195	0.6865671641791045	0.24957465631821388	0.23515453005075204	12	7	14	5	9	ENSG00000085832	1.0	False
0.005364071268338664	0.6865671641791045	0.1757890495939736	0.1983947830448959	14	5	7	3	6	ENSG00000092621	1.0	False
0.0004313810804058237	0.6865671641791045	0.07448605378170774	0.06654815772462833	9	7	10	3	7	ENSG00000103502	1.0	False
0.0013381312200827437	0.6865671641791045	0.19449686895540574	0.20675735109323948	6	6	8	3	5	ENSG00000108468	1.0	False
1.860348894304875e-06	0.6865671641791045	0.0008802816901408584	0.0018484288354898453	2	6	10	3	8	ENSG00000108551	1.0	False
0.0024151739613872537	0.6865671641791045	0.22386910929221343	0.18029069967929928	7	7	17	5	11	ENSG00000109445	1.0	False
0.0027912675786669642	0.6865671641791045	0.3590833813029251	0.22186552038414978	12	5	8	3	6	ENSG00000111203	1.0	False
0.005384174648914605	0.6865671641791045	0.23566024991556903	0.29062329885683175	6	4	5	3	4	ENSG00000115840	1.0	False
0.0007103723810035624	0.6865671641791045	0.21265255794712584	0.478587338335413	7	6	11	3	6	ENSG00000120708	1.0	False
0.0009276018678450763	0.6865671641791045	0.1486735882205501	0.13340476634849538	5	7	14	4	9	ENSG00000128016	1.0	False
0.00898778508781648	0.6865671641791045	0.14243395547347454	0.25642332959997327	8	5	5	3	5	ENSG00000130299	1.0	False
0.00010394966661564157	0.6865671641791045	0.05571895377329389	0.03723638046034617	5	7	10	3	7	ENSG00000130787	1.0	False
4.800965739007441e-07	0.6865671641791045	0.0008810572687224593	0.0010626992561104936	2	6	9	4	6	ENSG00000131188	1.0	False
0.009416125443419777	0.6865671641791045	0.4093329311415218	0.2731481481481481	6	6	7	3	5	ENSG00000132128	1.0	False
0.02672829488520593	0.6865671641791045	0.34840795432872007	0.25837163940910884	3	5	8	3	5	ENSG00000132773	1.0	False
0.0005238757820047654	0.6865671641791045	0.08900379399667696	0.06815141721750843	5	7	16	6	10	ENSG00000138433	1.0	False
2.9209372348424803e-05	0.6865671641791045	0.0346224934377225	0.02678622652117543	6	7	15	6	12	ENSG00000138801	1.0	False
0.009360633151023643	0.6865671641791045	0.184186735238262	0.41034965034965043	7	5	5	3	5	ENSG00000139428	1.0	False
0.0006799805425705493	0.6865671641791045	0.17849400497859108	0.10399691591211126	10	7	19	7	14	ENSG00000143401	1.0	False
0.00048042539422236334	0.6865671641791045	0.03177660753880264	0.038040836169178416	4	6	7	4	5	ENSG00000146409	1.0	False
4.197236707726581e-05	0.6865671641791045	0.03011440685113956	0.01234716058328052	8	7	14	6	9	ENSG00000151414	1.0	False
0.005168421106008235	0.6865671641791045	0.19123918938362913	0.3751843895452918	3	7	16	7	11	ENSG00000152492	1.0	False
3.7220434966304978e-06	0.6865671641791045	0.03491700501857471	0.01532520766091739	22	7	19	13	19	ENSG00000156508	1.0	False
0.001857149057693346	0.6865671641791045	0.19506668907314945	0.16914085525683206	7	7	15	5	9	ENSG00000162777	1.0	False
0.0004223419878180948	0.6865671641791045	0.08296334162082188	0.10422646426513653	7	7	18	9	14	ENSG00000163320	1.0	False
0.0010913669254024646	0.6865671641791045	0.09636457086872811	0.08623230187712216	6	7	12	4	7	ENSG00000167632	1.0	False
2.515094960339491e-05	0.6865671641791045	0.04529686273760051	0.012261831725571276	8	7	18	9	15	ENSG00000173992	1.0	False
0.00038083248288550773	0.6865671641791045	0.05233866306621467	0.06052036233171969	3	7	17	8	13	ENSG00000180964	1.0	False
0.003685424572176357	0.6865671641791045	0.1432766213581116	0.2360747549117469	6	7	18	10	15	ENSG00000182004	1.0	False
0.0010396144187377618	0.6865671641791045	0.047138047138047146	0.00899796820072886	2	2	3	3	3	ENSG00000185129	1.0	False
0.0018105810291867753	0.6865671641791045	0.10924156770644128	0.1305251367699375	8	7	19	13	19	ENSG00000189403	1.0	False
2.1322783900155976e-05	0.6865671641791045	0.015810971079545114	0.01100764076436376	5	7	19	6	13	ENSG00000196230	1.0	False
0.008803282836213613	0.6865671641791045	0.33057619044920133	0.4144522144522145	20	7	9	3	5	ENSG00000231074	1.0	False
0.004075968819615938	0.6865671641791045	0.2559502109199687	0.21015692990090112	14	5	6	3	5	ENSG00000232677	1.0	False
0.0012276376738827445	0.6865671641791045	0.1165265406630222	0.12044286952215894	11	7	19	10	16	ENSG00000257727	1.0	False
0.0019970670839116723	0.6865671641791045	0.14023195625491458	0.23110876197364638	14	7	12	4	8	ENSG00000266714	1.0	False
0.001482117204412299	0.6915422885572139	0.1874146800059677	0.18625977745951303	15	7	17	6	10	ENSG00000075790	1.0	False
0.0018361037962222595	0.6915422885572139	0.14089067541574712	0.15105958725946583	7	4	8	5	6	ENSG00000082512	1.0	False
0.00035585303030396403	0.6915422885572139	0.09788745199262616	0.051577555261666304	5	7	16	5	12	ENSG00000101146	1.0	False
0.002639663830278333	0.6915422885572139	0.20070472541594708	0.16529881264630403	8	7	19	7	14	ENSG00000101557	1.0	False
0.001032556743890148	0.6915422885572139	0.08094723145737119	0.07698395182394302	11	7	11	4	8	ENSG00000103544	1.0	False
0.00017798763546144323	0.6915422885572139	0.02723806838224669	0.027406743620658012	4	7	18	10	14	ENSG00000105058	1.0	False
0.0005465547405439596	0.6915422885572139	0.12961045151586803	0.06267966333028482	3	7	19	8	16	ENSG00000106591	1.0	False
0.004358160197128495	0.6915422885572139	0.2542754323410061	0.20976386806596706	9	7	13	3	8	ENSG00000108349	1.0	False
0.00010576405166432489	0.6915422885572139	0.05714285714285717	0.030247428412566016	3	7	11	3	7	ENSG00000112685	1.0	False
0.00026880929589172346	0.6915422885572139	0.07382155164697451	0.08605957669192578	6	6	12	3	6	ENSG00000115828	1.0	False
0.006115461995377751	0.6915422885572139	0.3691773618003126	0.25250447466139503	9	3	4	3	4	ENSG00000117676	1.0	False
0.0012194049649952828	0.6915422885572139	0.16326208115513047	0.1775846772294019	8	7	17	7	14	ENSG00000118363	1.0	False
0.00172760760730606	0.6915422885572139	0.06408894332274523	0.10238656029715923	16	7	18	9	11	ENSG00000119689	1.0	False
0.00015899012379514926	0.6915422885572139	0.1288042235652112	0.04909203751507592	15	7	17	8	16	ENSG00000132530	1.0	False
0.001459129899088288	0.6915422885572139	0.1831820191187083	0.16734909827015093	8	3	4	3	3	ENSG00000132589	1.0	False
0.0018375676909466172	0.6915422885572139	0.15724766055137993	0.20016635500817034	15	7	16	6	12	ENSG00000133030	1.0	False
0.00789813594353412	0.6915422885572139	0.3924739631949746	0.2891713683638094	6	7	12	3	9	ENSG00000135336	1.0	False
0.0025434858438413608	0.6915422885572139	0.25148889496654164	0.2795031055900621	14	6	12	3	8	ENSG00000140199	1.0	False
0.00027518126915973556	0.6915422885572139	0.17121391820052406	0.08265114326659828	15	7	19	11	16	ENSG00000140365	1.0	False
0.0023397324012121383	0.6915422885572139	0.17031879716241372	0.15909264469146442	7	7	14	3	10	ENSG00000141428	1.0	False
0.0009013066344276845	0.6915422885572139	0.06928027055915773	0.03332537028189206	4	4	4	3	3	ENSG00000146476	1.0	False
0.0007945485341724394	0.6915422885572139	0.09280324049179844	0.12519608236127258	6	7	12	4	7	ENSG00000153898	1.0	False
0.0018481726231592364	0.6915422885572139	0.17346139140520872	0.15984680009883864	4	7	11	3	10	ENSG00000154813	1.0	False
0.00047537621944829185	0.6915422885572139	0.11924763037970582	0.07025478706707126	7	6	8	3	5	ENSG00000163002	1.0	False
0.00116322504881405	0.6915422885572139	0.13075265931053404	0.09646987218502742	3	2	3	3	3	ENSG00000163877	1.0	False
0.003079456700976424	0.6915422885572139	0.11639135530044317	0.1258295984787667	7	7	13	4	9	ENSG00000164167	1.0	False
0.0009678355044004703	0.6915422885572139	0.10779864024826913	0.1641594342655095	8	4	6	3	5	ENSG00000164649	1.0	False
0.005344395580034686	0.6915422885572139	0.3432780860814005	0.3176882004624838	14	7	16	5	10	ENSG00000167515	1.0	False
0.0002846553887393478	0.6915422885572139	0.22115991779449173	0.08596331299970815	4	6	13	4	10	ENSG00000169925	1.0	False
0.0015611714568744485	0.6915422885572139	0.11935957076597431	0.16462848762997945	12	7	17	7	13	ENSG00000171566	1.0	False
3.0182542473508564e-06	0.6915422885572139	0.01674665841083288	0.007824673164484042	8	7	19	13	17	ENSG00000175567	1.0	False
0.0021575486017546184	0.6915422885572139	0.1288913202570929	0.11073544476243781	25	7	17	7	14	ENSG00000179950	1.0	False
0.0006025734016428397	0.6915422885572139	0.17742720351191377	0.15966975501182196	37	7	16	6	10	ENSG00000182718	1.0	False
0.002671405324505538	0.6915422885572139	0.28959332562775286	0.3631504209986363	11	7	15	6	9	ENSG00000185658	1.0	False
0.0018885093650023437	0.6915422885572139	0.2184232809684249	0.14299188832295792	5	7	12	4	7	ENSG00000196505	1.0	False
6.0241392359314704e-05	0.6915422885572139	0.10387313412201132	0.014800073283405265	7	7	19	11	16	ENSG00000197345	1.0	False
0.007848896489652445	0.6915422885572139	0.4753953819125336	0.49764150943396235	15	7	11	3	7	ENSG00000198860	1.0	False
0.0010959780242142064	0.6915422885572139	0.11434558812246251	0.13757785217986104	11	7	10	3	5	ENSG00000215039	1.0	False
0.0005758253878546916	0.6915422885572139	0.18213533330938847	0.3302686225571921	4	5	8	3	5	ENSG00000241399	1.0	False
0.0073686704407472554	0.6915422885572139	0.46922600071733506	0.6307443299309098	110	7	18	6	13	ENSG00000249859	1.0	False
0.00030032185653335996	0.6915422885572139	0.11055107749518954	0.08814845103880678	2	7	16	7	11	ENSG00000263465	1.0	False
0.0005286978971759526	0.6965174129353234	0.20085380506050748	0.11402941303316519	11	7	11	4	8	ENSG00000067057	1.0	False
0.005484034099295461	0.6965174129353234	0.4022070761094053	0.37257012393998695	34	5	7	3	5	ENSG00000075711	1.0	False
7.124852992265276e-06	0.6965174129353234	0.02075892857142852	0.009783728115345003	3	7	13	3	8	ENSG00000080819	1.0	False
0.002986829311039583	0.6965174129353234	0.15181471651162504	0.12780301219220655	5	5	5	3	4	ENSG00000083097	1.0	False
0.006768356142398019	0.6965174129353234	0.31489218992661105	0.3276100759034419	9	7	7	3	6	ENSG00000083544	1.0	False
0.0019498594290437102	0.6965174129353234	0.13204918704668833	0.04587155963302751	4	4	7	3	5	ENSG00000095932	1.0	False
0.0033827059326913015	0.6965174129353234	0.31497626400240775	0.23073853133927077	12	7	15	5	11	ENSG00000100554	1.0	False
8.401303070644803e-06	0.6965174129353234	0.02640288265973508	0.012355196942138668	4	7	18	6	12	ENSG00000101911	1.0	False
0.00962767016302697	0.6965174129353234	0.2543207439083307	0.34724216181169826	9	2	3	3	3	ENSG00000104419	1.0	False
0.0010257816507600055	0.6965174129353234	0.17520381165547452	0.1222445545030533	6	7	15	6	11	ENSG00000109103	1.0	False
0.000314983080542926	0.6965174129353234	0.06344776089569892	0.07776361318521217	4	6	9	3	6	ENSG00000110031	1.0	False
0.0005056868346621892	0.6965174129353234	0.13419145391395598	0.0668643252489769	16	7	19	10	16	ENSG00000110200	1.0	False
0.0049115387437114	0.6965174129353234	0.2568576219310684	0.37192982456140355	11	4	5	3	4	ENSG00000113719	1.0	False
0.0017668548528272875	0.6965174129353234	0.13796811176132046	0.11973041744034109	7	7	16	6	10	ENSG00000115942	1.0	False
0.002407127024643495	0.6965174129353234	0.22050821234503992	0.21981317353368168	12	7	17	8	13	ENSG00000122033	1.0	False
0.0011352106025477981	0.6965174129353234	0.22107408190681252	0.6165963641793274	10	2	3	3	3	ENSG00000123358	1.0	False
0.001384119885407922	0.6965174129353234	0.1617487937328752	0.24159614749800962	7	7	19	7	13	ENSG00000128309	1.0	False
0.0029645479573067995	0.6965174129353234	0.1316313139559968	0.15874158075865843	4	7	18	7	14	ENSG00000128534	1.0	False
0.0011853491321976407	0.6965174129353234	0.16290097912467788	0.14357182561740653	3	6	11	3	6	ENSG00000134597	1.0	False
0.006108681281309475	0.6965174129353234	0.11878072639039364	0.1995750936060401	11	7	14	4	12	ENSG00000136243	1.0	False
0.0020190014690611396	0.6965174129353234	0.19465927180177786	0.14667403628169146	6	7	18	6	11	ENSG00000137767	1.0	False
0.0009122470795829942	0.6965174129353234	0.18852786607167038	0.14583957314164642	6	7	10	3	7	ENSG00000141258	1.0	False
0.011999625384738394	0.6965174129353234	0.10759877187996612	0.2802079067569696	4	6	10	3	7	ENSG00000145414	1.0	False
0.0026883955876821817	0.6965174129353234	0.24224816550676942	0.28251487975871525	19	7	17	8	12	ENSG00000152061	1.0	False
0.001204099896210393	0.6965174129353234	0.21093727052047004	0.16519540805516497	19	7	18	6	11	ENSG00000159593	1.0	False
1.7656489160846298e-05	0.6965174129353234	0.030389701125911786	0.006832860971330515	3	7	13	5	8	ENSG00000163874	1.0	False
0.00021570319848371103	0.6965174129353234	0.08505961656793692	0.05693548235603525	10	7	18	7	13	ENSG00000167552	1.0	False
0.004722561195775514	0.6965174129353234	0.21658762650328225	0.27515156999366575	16	7	16	7	11	ENSG00000168000	1.0	False
0.009694707086745413	0.6965174129353234	0.167431369781114	0.27424160907172124	5	7	11	3	8	ENSG00000171103	1.0	False
0.007127739464909305	0.6965174129353234	0.31944525011288216	0.35066811123149155	21	6	9	3	7	ENSG00000173039	1.0	False
0.0011372993905872902	0.6965174129353234	0.26161873640699546	0.09923060576514416	7	7	14	4	10	ENSG00000174606	1.0	False
0.0006331016034504692	0.6965174129353234	0.1484241901336693	0.11806047003794545	19	7	19	9	14	ENSG00000178950	1.0	False
0.0004565681390199544	0.6965174129353234	0.09929078014184395	0.19580419580419584	3	5	5	3	4	ENSG00000183309	1.0	False
0.0018137495843611447	0.6965174129353234	0.17488747963363077	0.181637547105173	8	7	14	4	8	ENSG00000185946	1.0	False
0.006672985840677945	0.6965174129353234	0.3989825612313357	0.4752215954875101	6	6	8	3	4	ENSG00000188554	1.0	False
0.00014387562641988863	0.6965174129353234	0.038787506521528445	0.04167588617958138	4	7	13	4	7	ENSG00000188641	1.0	False
0.001631526393055748	0.6965174129353234	0.1740560240328631	0.12312606869004845	7	7	18	8	12	ENSG00000189159	1.0	False
2.6935620873743757e-05	0.6965174129353234	0.01926524169969123	0.02931084817398002	7	7	19	10	16	ENSG00000204370	1.0	False
7.282197978614185e-05	0.6965174129353234	0.016617790811339232	0.014685314685314733	3	2	3	3	3	ENSG00000213139	1.0	False
0.004144168839667639	0.6965174129353234	0.6360006072295713	0.777329335793358	9	6	7	3	6	ENSG00000291087	1.0	False
0.00832708008678908	0.6965174129353234	0.34279510601825747	0.2790552564593517	7	7	15	3	9	ENSG00000291152	1.0	False
3.325451924282319e-05	0.7014925373134329	0.04156666149987022	0.03228506336391347	12	7	16	4	9	ENSG00000008394	1.0	False
0.001817224131897743	0.7014925373134329	0.21333687380992455	0.2761110124859459	23	2	4	4	4	ENSG00000011243	1.0	False
0.0007416810970950879	0.7014925373134329	0.207798234890795	0.16572690587850364	6	7	16	5	10	ENSG00000023445	1.0	False
8.850103742165792e-05	0.7014925373134329	0.024301644538606913	0.02384332623189986	4	7	19	9	14	ENSG00000100865	1.0	False
8.158135524744472e-05	0.7014925373134329	0.07483583171360383	0.07556270096463025	6	6	12	3	8	ENSG00000104783	1.0	False
0.00025066065987563	0.7014925373134329	0.05699802752570737	0.06209158050408546	10	7	19	10	16	ENSG00000106355	1.0	False
0.005346912490285756	0.7014925373134329	0.22585955739699548	0.2661337949292333	14	7	10	3	9	ENSG00000119688	1.0	False
0.0001912616284731543	0.7014925373134329	0.11484647587513915	0.046701846965699234	4	7	17	6	13	ENSG00000120509	1.0	False
0.000974903644697631	0.7014925373134329	0.05614341829351897	0.03763306373162122	2	5	7	3	6	ENSG00000125351	1.0	False
0.0017162252885839077	0.7014925373134329	0.1895102220829949	0.15275021474482386	5	7	9	3	6	ENSG00000128040	1.0	False
0.0005214694606470022	0.7014925373134329	0.0924799500410713	0.08893542963334414	10	7	18	9	13	ENSG00000130254	1.0	False
0.0011470157830275691	0.7014925373134329	0.06539022577874065	0.06963750262610058	4	7	19	10	15	ENSG00000139722	1.0	False
0.0006851408340329988	0.7014925373134329	0.20268265912036698	0.18197148341102282	13	7	13	4	10	ENSG00000140553	1.0	False
9.663215970697804e-05	0.7014925373134329	0.08784676996289095	0.09715542831768093	23	7	19	12	18	ENSG00000143549	1.0	False
5.027088874268524e-08	0.7014925373134329	0.0013282732447817904	0.0005456529647144343	2	7	19	11	18	ENSG00000146386	1.0	False
0.002207933573456773	0.7014925373134329	0.1542871595927811	0.14726742836509937	9	7	16	6	11	ENSG00000147439	1.0	False
0.000196133303475485	0.7014925373134329	0.06815634601045989	0.09700930178415544	2	7	18	8	13	ENSG00000154589	1.0	False
0.0019702554520562563	0.7014925373134329	0.14043170781436656	0.10080668175735244	8	7	19	9	14	ENSG00000166913	1.0	False
0.00023481702572697975	0.7014925373134329	0.08716992975772567	0.059002018389773536	4	7	12	5	7	ENSG00000167208	1.0	False
0.0009166191457423696	0.7014925373134329	0.11510504295571804	0.1031344792719919	6	7	17	6	12	ENSG00000167642	1.0	False
0.000724914223771965	0.7014925373134329	0.05503744116086781	0.07243551620079737	5	7	12	4	7	ENSG00000168273	1.0	False
0.00030272680795327033	0.7014925373134329	0.08390781596554701	0.05972515808711667	14	7	18	10	14	ENSG00000168522	1.0	False
0.002768858006125906	0.7014925373134329	0.10447761194029853	0.20642303433001108	3	5	7	3	5	ENSG00000177034	1.0	False
0.005031212746465079	0.7014925373134329	0.17430274643389396	0.2822648763580229	10	2	3	3	3	ENSG00000183337	1.0	False
0.018448847600040234	0.7014925373134329	0.28491889060837206	0.2858508469810923	12	6	11	3	7	ENSG00000188938	1.0	False
0.007507978548818781	0.7014925373134329	0.225332584423301	0.23345884884346424	6	7	10	3	8	ENSG00000189046	1.0	False
0.00021443968363389878	0.7014925373134329	0.1019611175242042	0.09353275151387312	7	7	14	6	11	ENSG00000189376	1.0	False
0.0018028723321496663	0.7014925373134329	0.25461692635879835	0.24579425580677144	17	7	13	3	8	ENSG00000198001	1.0	False
0.0006220896965788773	0.7014925373134329	0.11759917309944756	0.12272543008079093	89	7	19	13	19	ENSG00000234741	1.0	False
0.003158075523811294	0.7064676616915423	0.23967757612089585	0.1514348785871965	9	2	3	3	3	ENSG00000039523	1.0	False
0.005335261715469914	0.7064676616915423	0.3459834560014541	0.303917863441673	9	6	10	3	6	ENSG00000080345	1.0	False
0.0016011788037684394	0.7064676616915423	0.165929176810468	0.13402065883235406	2	7	15	5	10	ENSG00000099942	1.0	False
4.368433661432136e-05	0.7064676616915423	0.034707822401015845	0.03505065629551664	11	7	19	12	18	ENSG00000100353	1.0	False
3.393355508198475e-05	0.7064676616915423	0.018397250113493923	0.020283932767511857	4	7	18	7	15	ENSG00000105438	1.0	False
2.5879309583707263e-05	0.7064676616915423	0.05902475807502492	0.032510086554882675	10	7	12	4	9	ENSG00000107317	1.0	False
8.165153473216962e-05	0.7064676616915423	0.010000000000000005	0.029177718832891233	2	5	8	3	5	ENSG00000107362	1.0	False
9.070043065649248e-05	0.7064676616915423	0.03642656809520181	0.01973659717977154	5	7	18	8	13	ENSG00000114166	1.0	False
0.008350917156850763	0.7064676616915423	0.23541932528031245	0.2150831624515835	10	3	6	4	5	ENSG00000114742	1.0	False
9.970768421320873e-05	0.7064676616915423	0.11044338714351468	0.10354198319946743	7	7	19	12	18	ENSG00000116251	1.0	False
0.00011569411114831048	0.7064676616915423	0.024678185364488188	0.021869756988700056	7	7	19	12	18	ENSG00000118816	1.0	False
0.004339668480952134	0.7064676616915423	0.31305535871941237	0.3050393155630285	14	7	13	4	7	ENSG00000120899	1.0	False
0.0016869076871312617	0.7064676616915423	0.22243589506219613	0.14311793543782267	21	7	13	4	10	ENSG00000123983	1.0	False
0.007058801034155047	0.7064676616915423	0.4451309886873609	0.42173365395625784	19	4	5	3	5	ENSG00000130844	1.0	False
0.00022365522965739134	0.7064676616915423	0.07481401311717673	0.07120394985817205	9	7	18	9	14	ENSG00000131100	1.0	False
3.8909102041805586e-07	0.7064676616915423	0.021186301978546238	0.016015861032426415	5	7	16	8	12	ENSG00000132465	1.0	False
0.000645037808770558	0.7064676616915423	0.15145944182766036	0.08461998895951867	8	7	17	5	10	ENSG00000132466	1.0	False
0.0008125093870339959	0.7064676616915423	0.10910726744231969	0.10487804878048779	4	6	10	3	6	ENSG00000136738	1.0	False
0.00034837424447892813	0.7064676616915423	0.19505017216255227	0.15093205925956102	10	5	7	3	5	ENSG00000138378	1.0	False
0.0015214296424922948	0.7064676616915423	0.09266504985433226	0.14089302605005496	11	7	18	9	14	ENSG00000138385	1.0	False
0.001434080459702982	0.7064676616915423	0.17474401621441826	0.1591201215237205	6	6	12	4	7	ENSG00000153443	1.0	False
0.0006128378081056875	0.7064676616915423	0.11870457817573384	0.13063911641008918	4	7	16	5	10	ENSG00000154451	1.0	False
6.927658685254692e-05	0.7064676616915423	0.04876104387630238	0.02445735933994251	5	7	19	9	16	ENSG00000156587	1.0	False
2.9789677877341054e-05	0.7064676616915423	0.027332419437682644	0.016065151850714016	6	7	15	5	9	ENSG00000157978	1.0	False
0.004090184532383758	0.7064676616915423	0.3051917125112295	0.34607570512456726	20	6	11	4	8	ENSG00000163608	1.0	False
0.0020502001053941906	0.7064676616915423	0.1330179654779255	0.1206017115142471	6	7	13	4	10	ENSG00000165609	1.0	False
0.0004900014888444176	0.7064676616915423	0.1045977011494253	0.05181347150259064	4	5	6	3	4	ENSG00000166503	1.0	False
0.0045799687118091405	0.7064676616915423	0.22511135349695577	0.33472222222222214	5	3	4	3	3	ENSG00000167107	1.0	False
0.006359501263236233	0.7064676616915423	0.19752469598127267	0.28289608068428446	6	6	11	3	7	ENSG00000168237	1.0	False
0.00018454506286828676	0.7064676616915423	0.09258335059663035	0.03765109230507092	4	5	7	3	5	ENSG00000168807	1.0	False
0.0001694750758546116	0.7064676616915423	0.11968628158270522	0.16829048339584496	5	7	19	11	16	ENSG00000170571	1.0	False
0.000650175405110955	0.7064676616915423	0.20141099498858497	0.10152171173258853	5	7	13	5	9	ENSG00000175155	1.0	False
0.0002890688427060067	0.7064676616915423	0.04212335330706544	0.05103064152552865	9	7	19	13	19	ENSG00000175550	1.0	False
0.00029078295704892336	0.7064676616915423	0.06833219762186045	0.0948509485094851	4	2	3	3	3	ENSG00000185238	1.0	False
0.0012698177886866552	0.7064676616915423	0.18069122858588918	0.10106410960825801	15	7	18	5	13	ENSG00000198198	1.0	False
0.006410345437350988	0.7064676616915423	0.3839370578307388	0.38718135674023396	28	7	14	4	8	ENSG00000204120	1.0	False
0.0011990018945474087	0.7114427860696517	0.13172547460394182	0.1155593220338983	13	7	16	6	13	ENSG00000036257	1.0	False
0.00132200174697309	0.7114427860696517	0.19881682564014394	0.14473067915690865	10	7	12	3	8	ENSG00000040633	1.0	False
8.440025470521715e-05	0.7114427860696517	0.028609510326119685	0.05459140862189085	3	7	18	7	13	ENSG00000056050	1.0	False
0.007432383683537752	0.7114427860696517	0.2128788571097268	0.2570158654229451	9	7	14	5	8	ENSG00000056586	1.0	False
0.0012572134316801021	0.7114427860696517	0.21171867087271332	0.11261113652042	6	7	14	5	9	ENSG00000069667	1.0	False
0.0001245790798872621	0.7114427860696517	0.07352113461034113	0.07460159026094705	9	7	17	7	12	ENSG00000072135	1.0	False
0.0011089641024326132	0.7114427860696517	0.21276133008471548	0.13937270521898765	38	7	19	11	16	ENSG00000084623	1.0	False
7.864649740099776e-06	0.7114427860696517	0.009207877619481171	0.006914965158557283	5	7	18	10	15	ENSG00000089693	1.0	False
0.0019482992033483559	0.7114427860696517	0.12516000680096723	0.1998074955575898	4	7	14	4	9	ENSG00000100056	1.0	False
8.435191036096339e-05	0.7114427860696517	0.06897086648305792	0.19781062327651644	6	7	19	13	18	ENSG00000101182	1.0	False
0.009903336428580215	0.7114427860696517	0.3366946229534302	0.3123273722783506	26	7	14	5	8	ENSG00000105486	1.0	False
0.0022875697528759115	0.7114427860696517	0.16150637118196945	0.21924433990002945	20	7	19	10	14	ENSG00000111011	1.0	False
0.0014674503735666975	0.7114427860696517	0.17940264094758315	0.17909126931713112	9	7	10	3	7	ENSG00000111711	1.0	False
0.0006147432303589182	0.7114427860696517	0.12170558282112257	0.10075236168460647	7	7	18	6	12	ENSG00000112312	1.0	False
0.017937028810436698	0.7114427860696517	0.2917588331197622	0.30295126973232667	4	7	12	3	10	ENSG00000115484	1.0	False
0.0021018917867379073	0.7114427860696517	0.1829250130983183	0.27845989590284265	6	6	10	3	7	ENSG00000115540	1.0	False
0.0041110614829893925	0.7114427860696517	0.2524548278581843	0.22562637362637367	12	5	5	3	4	ENSG00000118600	1.0	False
0.00041606146723705846	0.7114427860696517	0.11692200999235632	0.11285546066384829	16	7	19	7	13	ENSG00000120008	1.0	False
3.5369415995664315e-06	0.7114427860696517	0.008830211941875755	0.0039123980595632815	4	7	19	10	15	ENSG00000121851	1.0	False
0.001325137155516079	0.7114427860696517	0.1651753616394556	0.09437229437229443	9	7	13	4	9	ENSG00000125386	1.0	False
0.00010283072022792685	0.7114427860696517	0.0883332567234443	0.09576652547833055	5	7	15	4	7	ENSG00000133574	1.0	False
0.0006216437864752429	0.7114427860696517	0.14779315017744188	0.06345389409628505	8	2	3	3	3	ENSG00000134058	1.0	False
0.00022230946642394798	0.7114427860696517	0.13261177241738148	0.11720727542458001	3	6	10	3	7	ENSG00000136305	1.0	False
0.0005176406023763454	0.7114427860696517	0.16939238453939118	0.14700538700005086	7	7	17	6	11	ENSG00000136878	1.0	False
0.0034903484518359583	0.7114427860696517	0.0941352096991716	0.15131632206635692	7	7	19	12	17	ENSG00000144028	1.0	False
1.6072670949983474e-05	0.7114427860696517	0.028086061397444108	0.011951180429441308	5	7	16	7	11	ENSG00000156973	1.0	False
0.002948109469228037	0.7114427860696517	0.1103490377013516	0.13232771369417332	7	7	12	4	7	ENSG00000157837	1.0	False
0.0008268097963793239	0.7114427860696517	0.15900233844088887	0.12758812361313537	20	7	18	11	15	ENSG00000159140	1.0	False
0.0005581593842683857	0.7114427860696517	0.10706331682625202	0.07624744966050559	7	7	19	13	18	ENSG00000159377	1.0	False
7.50282382289175e-05	0.7114427860696517	0.04523658293310656	0.03459956246795794	2	7	19	12	17	ENSG00000159388	1.0	False
0.0002374974219688936	0.7114427860696517	0.03455335233355333	0.048136645962732934	4	2	3	3	3	ENSG00000160961	1.0	False
0.0017941906586814767	0.7114427860696517	0.2430731939893918	0.1840776444357007	6	6	9	3	7	ENSG00000161888	1.0	False
0.0038651010268456625	0.7114427860696517	0.14753037221806942	0.13698294289317128	5	7	19	10	15	ENSG00000166128	1.0	False
0.0027561605564197355	0.7114427860696517	0.3004358918935102	0.1715224255107592	13	7	13	4	9	ENSG00000168724	1.0	False
0.003349134962428832	0.7114427860696517	0.1756604790595194	0.19986820762368207	10	7	16	5	10	ENSG00000169682	1.0	False
4.926742751523003e-05	0.7114427860696517	0.03392146384173658	0.024864024864024857	4	7	5	3	5	ENSG00000171603	1.0	False
0.0008828173440626918	0.7114427860696517	0.0668570712611116	0.07551687807013942	7	7	18	6	14	ENSG00000179526	1.0	False
0.011227676154299225	0.7114427860696517	0.20663328471529815	0.2734370861428323	15	7	18	8	13	ENSG00000182481	1.0	False
2.8426281192621076e-05	0.7114427860696517	0.027367334208050365	0.00804836538364215	10	7	13	3	10	ENSG00000182511	1.0	False
0.001221642632646667	0.7114427860696517	0.06054257730695381	0.09306742640075971	3	2	3	3	3	ENSG00000189171	1.0	False
4.653714312846276e-07	0.7114427860696517	0.0009496676163342937	0.0008710801393728465	2	7	12	6	10	ENSG00000196850	1.0	False
0.0018614510335136602	0.7114427860696517	0.2561964214562545	0.31469843085975807	10	6	7	3	5	ENSG00000198015	1.0	False
3.9495380969017936e-05	0.7114427860696517	0.02050264550264554	0.005755395683453264	3	6	9	3	7	ENSG00000204590	1.0	False
1.6645311479097642e-07	0.7114427860696517	0.0011493208099782456	0.0038508089838888097	2	2	3	3	3	ENSG00000206127	1.0	False
0.0035153999368107485	0.7114427860696517	0.1354490792781931	0.12520233389798607	4	2	3	3	3	ENSG00000237883	1.0	False
0.00027655486936239526	0.7114427860696517	0.00517818763432798	0.01855825334086203	2	2	3	3	3	ENSG00000290835	1.0	False
0.0035653101355658445	0.7164179104477612	0.14129754117563587	0.2521950327222471	3	7	12	4	8	ENSG00000076003	1.0	False
0.002296404798968825	0.7164179104477612	0.12934189219400483	0.1330226541510498	15	3	6	3	6	ENSG00000079819	1.0	False
0.006941384055649542	0.7164179104477612	0.20746375441761147	0.2047629546534816	8	7	17	6	12	ENSG00000081154	1.0	False
0.0004152717166906179	0.7164179104477612	0.06588039688924642	0.06739631336405529	4	5	5	3	5	ENSG00000081913	1.0	False
0.0024180753941610896	0.7164179104477612	0.13405015467337705	0.1415489937359483	12	7	18	6	12	ENSG00000091140	1.0	False
5.911734892760909e-07	0.7164179104477612	0.03550062055062096	0.004957986990563662	16	7	19	13	19	ENSG00000100316	1.0	False
0.02880363478678532	0.7164179104477612	0.22850940936889608	0.40066266303029474	14	7	19	8	14	ENSG00000100519	1.0	False
0.012383418208283798	0.7164179104477612	0.2168634846896168	0.23804724409448816	12	7	11	3	8	ENSG00000101246	1.0	False
0.0011321369312120523	0.7164179104477612	0.2692904683296384	0.2155708651590036	16	6	11	3	7	ENSG00000103005	1.0	False
0.0022576050603068613	0.7164179104477612	0.26841036604691765	0.16642427313759045	9	7	17	6	12	ENSG00000104064	1.0	False
0.006176096768580071	0.7164179104477612	0.2490832835535569	0.22855029585798817	10	2	3	3	3	ENSG00000111331	1.0	False
7.979417531059282e-06	0.7164179104477612	0.01690140415884546	0.017985611510791366	3	7	13	5	7	ENSG00000112297	1.0	False
0.005814762013202097	0.7164179104477612	0.17924099537669286	0.27457002457002455	7	2	3	3	3	ENSG00000112759	1.0	False
0.006557829555427437	0.7164179104477612	0.5804733147707328	0.47299676964162846	17	6	8	3	5	ENSG00000115904	1.0	False
0.0024016596745252525	0.7164179104477612	0.1164739353694929	0.20201621623616506	19	7	19	11	17	ENSG00000117616	1.0	False
0.008602985880000896	0.7164179104477612	0.30102597434922707	0.30996726819801296	17	6	7	3	4	ENSG00000121897	1.0	False
0.00135326030714262	0.7164179104477612	0.21215200348007834	0.22861106598940198	26	7	17	9	11	ENSG00000122218	1.0	False
6.598201455674137e-05	0.7164179104477612	0.05198909102138234	0.02389176521046504	7	7	16	5	11	ENSG00000123374	1.0	False
3.8394226182311784e-05	0.7164179104477612	0.0632417192456011	0.024549459471050576	4	7	18	9	14	ENSG00000123609	1.0	False
6.17186761603826e-05	0.7164179104477612	0.07721096789537708	0.03833178829822373	4	6	10	3	7	ENSG00000129226	1.0	False
0.003171453009090801	0.7164179104477612	0.3086279533163549	0.22509383604571734	16	7	15	4	9	ENSG00000136280	1.0	False
1.531203775394837e-05	0.7164179104477612	0.0036789790461521843	0.011222849582479794	2	2	3	3	3	ENSG00000139131	1.0	False
2.161843900298761e-05	0.7164179104477612	0.010502796519488765	0.009451095685020448	4	7	19	11	18	ENSG00000139343	1.0	False
0.009325544366359486	0.7164179104477612	0.3471659315429809	0.5241892610313662	14	7	11	4	8	ENSG00000141349	1.0	False
0.0003742956024727724	0.7164179104477612	0.07494490093856705	0.05386964614167846	6	7	18	7	14	ENSG00000143294	1.0	False
2.1895468068806885e-05	0.7164179104477612	0.030388817320415627	0.03135222162526626	6	7	19	11	16	ENSG00000148834	1.0	False
0.0003172773490180561	0.7164179104477612	0.1468201962570285	0.13392557905918248	18	7	19	11	17	ENSG00000149187	1.0	False
0.003173335792220644	0.7164179104477612	0.22099014131237907	0.21197675578994232	20	7	18	8	13	ENSG00000151092	1.0	False
0.0003252151717191069	0.7164179104477612	0.08279127845042004	0.0680547646411204	12	7	19	12	15	ENSG00000153037	1.0	False
0.0031805158291810247	0.7164179104477612	0.17264937930653296	0.28595005136323065	4	3	4	3	3	ENSG00000158234	1.0	False
0.01172908501402345	0.7164179104477612	0.13647661515266546	0.356515567048494	10	7	19	10	16	ENSG00000162244	1.0	False
0.0057126253924066625	0.7164179104477612	0.14604654604654604	0.16534391534391535	6	2	3	3	3	ENSG00000165113	1.0	False
0.0004637164872853618	0.7164179104477612	0.16881671138010154	0.058435695907143946	3	7	19	9	14	ENSG00000168393	1.0	False
5.710029678891242e-09	0.7164179104477612	0.013269850346724708	0.01357881956225518	3	7	14	4	10	ENSG00000169877	1.0	False
0.005476786946427643	0.7164179104477612	0.33734167067500404	0.32910981156595187	6	4	6	3	4	ENSG00000186480	1.0	False
0.0027101859697100726	0.7164179104477612	0.1841802940771887	0.16664870019486713	10	3	4	3	4	ENSG00000198160	1.0	False
0.0021638206806153	0.7164179104477612	0.1924123449947005	0.15211685960165203	4	4	6	4	5	ENSG00000198466	1.0	False
0.0029953577780239596	0.7164179104477612	0.15708545878253014	0.10427903631787126	8	7	14	4	8	ENSG00000204427	1.0	False
0.0029652323542322455	0.7164179104477612	0.1723710434065181	0.37772886446719944	2	5	5	3	4	ENSG00000211890	1.0	False
0.0049494729136645025	0.7164179104477612	0.42916891181716854	0.3969055635722302	18	4	5	3	4	ENSG00000214900	1.0	False
0.0048042827391968634	0.7164179104477612	0.3188499500249875	0.17616321337695387	7	3	5	3	4	ENSG00000226419	1.0	False
0.0012779648739302558	0.7164179104477612	0.12940483355357404	0.06959678993154383	5	7	19	10	16	ENSG00000243927	1.0	False
0.0013335475636686927	0.7164179104477612	0.15626479850180272	0.14370718936210278	36	7	19	11	16	ENSG00000244754	1.0	False
1.7177409791674296e-05	0.7164179104477612	0.023803780693366416	0.00940070505287895	3	6	14	4	10	ENSG00000257218	1.0	False
7.100336605346158e-06	0.7164179104477612	0.007662835249042137	0.013808569152080587	4	2	3	3	3	ENSG00000257337	1.0	False
0.0015816859298171458	0.7213930348258707	0.3176677616373523	0.3030565397874059	11	6	10	3	7	ENSG00000007541	1.0	False
0.0003871227168641696	0.7213930348258707	0.18024399406603253	0.11397231886687759	13	7	18	10	15	ENSG00000025293	1.0	False
0.004708420389182047	0.7213930348258707	0.19663337415666618	0.19089738657251992	19	7	17	7	14	ENSG00000039650	1.0	False
0.005338901362204702	0.7213930348258707	0.18860020260056073	0.23998911822521762	19	7	17	7	12	ENSG00000075239	1.0	False
0.00013878747419197139	0.7213930348258707	0.061985688729874824	0.04846073380324377	3	7	14	5	9	ENSG00000099904	1.0	False
8.177978334368669e-05	0.7213930348258707	0.0363963467418991	0.022435897435897453	4	6	8	3	6	ENSG00000100490	1.0	False
0.001256202705928753	0.7213930348258707	0.19703886578577925	0.08665299471850771	14	7	16	6	11	ENSG00000118260	1.0	False
0.0004355528026766236	0.7213930348258707	0.1585555874988966	0.12447243777848176	4	7	15	7	13	ENSG00000121895	1.0	False
0.00019959551254530606	0.7213930348258707	0.11668628072386039	0.059692978776948215	4	7	12	4	9	ENSG00000124151	1.0	False
0.0025320011220713807	0.7213930348258707	0.07642448582207624	0.11630410689971817	5	2	3	3	3	ENSG00000126106	1.0	False
0.00015952087860744073	0.7213930348258707	0.09509315190554225	0.05079545166361239	12	7	19	10	16	ENSG00000131504	1.0	False
0.0002658875306014409	0.7213930348258707	0.07181812692058544	0.044501467477741925	7	7	16	5	12	ENSG00000133704	1.0	False
0.0008502365924202264	0.7213930348258707	0.1411466658574531	0.1289903406514873	14	7	16	6	10	ENSG00000138600	1.0	False
0.00018697059286574647	0.7213930348258707	0.1249602686773773	0.12076422881082995	7	5	8	3	6	ENSG00000141293	1.0	False
0.003795777281275331	0.7213930348258707	0.3770813878775619	0.24814264487369989	6	7	14	4	10	ENSG00000144161	1.0	False
0.005555569172457935	0.7213930348258707	0.3554666624336609	0.256414231454926	10	5	7	3	5	ENSG00000144354	1.0	False
0.011024501042013695	0.7213930348258707	0.22289427214244667	0.2711759018786374	8	7	10	3	8	ENSG00000146143	1.0	False
0.0008402076630956917	0.7213930348258707	0.21411258832837607	0.14887148235055794	8	7	17	6	11	ENSG00000146731	1.0	False
0.00032088542420106894	0.7213930348258707	0.1456872195852812	0.054726368159204	13	7	13	5	11	ENSG00000148396	1.0	False
0.0018487436582215015	0.7213930348258707	0.10640014059721345	0.11226891290816485	6	6	10	3	8	ENSG00000162639	1.0	False
0.005046628611424284	0.7213930348258707	0.4054549167092128	0.3989403147888422	10	6	7	3	6	ENSG00000163297	1.0	False
0.00013328869668551566	0.7213930348258707	0.05202186975585987	0.036844914312452466	3	7	11	3	7	ENSG00000164219	1.0	False
0.0013526266703695403	0.7213930348258707	0.19019779790884003	0.22253301152289004	23	7	19	8	14	ENSG00000165280	1.0	False
7.102196407763995e-05	0.7213930348258707	0.031000732683074125	0.02286064007856712	7	7	19	10	16	ENSG00000168374	1.0	False
0.0006530741872227651	0.7213930348258707	0.10749330952877023	0.09565481463479003	11	7	18	10	15	ENSG00000169189	1.0	False
0.0030754157919264643	0.7213930348258707	0.1610015912305517	0.19711095764272563	10	2	3	3	3	ENSG00000174373	1.0	False
0.0003394808367231102	0.7213930348258707	0.06148360626550821	0.056311685770074144	5	7	12	4	8	ENSG00000176454	1.0	False
2.3619629981194425e-06	0.7213930348258707	0.0026514995344524275	0.005629279312955219	2	7	19	9	14	ENSG00000187840	1.0	False
0.0007133485810600883	0.7213930348258707	0.2572681650344805	0.4101084444879146	3	6	10	3	6	ENSG00000197324	1.0	False
4.759747218724796e-05	0.7213930348258707	0.06370553105200466	0.018030266331027882	2	7	13	5	9	ENSG00000197540	1.0	False
0.00027530538569920407	0.7213930348258707	0.1838868797770595	0.096213636957002	6	7	18	7	12	ENSG00000198771	1.0	False
0.0034542671926102333	0.7213930348258707	0.31193485077246025	0.3005400628436764	11	5	6	3	4	ENSG00000203666	1.0	False
6.64029048011256e-13	0.7213930348258707	3.9595073425103226e-05	6.138986657934386e-05	2	6	11	3	8	ENSG00000206177	1.0	False
0.0009169289894031099	0.7213930348258707	0.16190223155117658	0.10008102771462507	8	7	19	9	14	ENSG00000213445	1.0	False
0.00868457872056698	0.7213930348258707	0.3676998061917284	0.40870438770954254	13	6	8	3	5	ENSG00000253352	1.0	False
0.0010082997268810636	0.7213930348258707	0.09266854704914441	0.14370727359397173	19	7	19	11	15	ENSG00000253729	1.0	False
0.00805419421573056	0.7213930348258707	0.3075811168208342	0.5221612289167294	4	7	18	7	14	ENSG00000284194	1.0	False
0.000648344547080174	0.7263681592039801	0.200589035131021	0.1491412507970785	14	7	15	6	12	ENSG00000006652	1.0	False
0.004483106090679222	0.7263681592039801	0.16833346668355056	0.16747967479674794	6	7	12	3	7	ENSG00000048405	1.0	False
0.007794109058554663	0.7263681592039801	0.15208135800152747	0.08913671373555843	12	2	3	3	3	ENSG00000049759	1.0	False
0.0025148435697567757	0.7263681592039801	0.18234639193925145	0.18847925135397348	17	7	19	9	14	ENSG00000060339	1.0	False
5.802875827953878e-05	0.7263681592039801	0.03336466731207678	0.06614384658764041	11	7	19	11	17	ENSG00000074800	1.0	False
0.0013992150919900433	0.7263681592039801	0.13664339919816862	0.1008190451385849	13	7	19	9	15	ENSG00000078618	1.0	False
0.0015058316129771777	0.7263681592039801	0.08614981328751552	0.100213677375264	7	7	17	7	13	ENSG00000087884	1.0	False
1.017221005456974e-05	0.7263681592039801	0.047708878047950834	0.011370036613071378	9	7	19	13	18	ENSG00000092010	1.0	False
0.003907303104797834	0.7263681592039801	0.242155083142925	0.32405705784545374	55	7	18	7	14	ENSG00000092108	1.0	False
5.516381498916437e-05	0.7263681592039801	0.04845238331440167	0.058359371422331364	3	7	11	3	4	ENSG00000100116	1.0	False
0.01363758082879287	0.7263681592039801	0.3946722751066033	0.39680808080808083	12	7	13	5	9	ENSG00000100416	1.0	False
0.004905655746942754	0.7263681592039801	0.34417249601937566	0.3590018883193957	25	7	11	3	7	ENSG00000100503	1.0	False
0.0005203614019901145	0.7263681592039801	0.15659673382917727	0.15089620848662175	30	7	15	5	12	ENSG00000101347	1.0	False
0.00022347031713881586	0.7263681592039801	0.0792890410658959	0.066138602526193	9	7	17	6	15	ENSG00000104915	1.0	False
5.4554067572271495e-05	0.7263681592039801	0.0058309037900874505	0.011806375442739091	3	6	10	3	6	ENSG00000105722	1.0	False
0.002453788412248162	0.7263681592039801	0.3094516139340664	0.20574353197109785	16	4	5	3	5	ENSG00000106829	1.0	False
0.00010843795087124916	0.7263681592039801	0.06958538767604877	0.02540020790020791	5	7	13	5	9	ENSG00000109133	1.0	False
3.761309628002576e-06	0.7263681592039801	0.003921568627450973	0.00882352941176469	2	4	5	3	5	ENSG00000111269	1.0	False
0.0009236150279719976	0.7263681592039801	0.19859171134058848	0.07592594802993588	5	7	11	4	7	ENSG00000115145	1.0	False
0.002540917043462586	0.7263681592039801	0.23572098393185142	0.24705070281124494	9	3	4	3	4	ENSG00000117262	1.0	False
0.001019639157343822	0.7263681592039801	0.15795091675833905	0.13924289287282587	10	7	19	9	16	ENSG00000118482	1.0	False
0.010059935719166285	0.7263681592039801	0.3064063514662317	0.3669287204095623	14	5	7	3	5	ENSG00000123600	1.0	False
0.0032761996598472246	0.7263681592039801	0.10679968851584315	0.10908796278016869	10	7	18	9	15	ENSG00000124783	1.0	False
0.0009176385885030679	0.7263681592039801	0.0980996404725218	0.16699726786182123	10	2	3	3	3	ENSG00000127952	1.0	False
0.005910188222871313	0.7263681592039801	0.3824876592129111	0.31221006457304595	35	7	13	3	8	ENSG00000128487	1.0	False
0.0033446299461126617	0.7263681592039801	0.3050699830646679	0.21439275774535888	12	7	12	4	7	ENSG00000133997	1.0	False
2.2929373998263228e-07	0.7263681592039801	0.0015332347303017306	0.00242483026188167	4	7	19	11	16	ENSG00000134153	1.0	False
0.0008466128419330266	0.7263681592039801	0.07263420244229071	0.1548522364217252	3	3	4	3	4	ENSG00000135040	1.0	False
0.0042256855861573794	0.7263681592039801	0.24872509511700783	0.2705767137260953	18	7	14	6	10	ENSG00000137500	1.0	False
0.0006513082943000142	0.7263681592039801	0.0906146691073715	0.12272568249797852	6	7	14	5	10	ENSG00000138246	1.0	False
0.004556959501405146	0.7263681592039801	0.16167613317196478	0.18220123718734127	9	6	7	3	5	ENSG00000143624	1.0	False
0.0036064469667094956	0.7263681592039801	0.21995544265938474	0.21920035864502996	10	7	18	5	13	ENSG00000146963	1.0	False
0.0018316646705079976	0.7263681592039801	0.19357287449392707	0.1787566211318651	7	6	10	3	7	ENSG00000148308	1.0	False
0.0009550706556349795	0.7263681592039801	0.21298832417341662	0.26789027591319853	3	7	14	4	10	ENSG00000152443	1.0	False
0.0022011493145834247	0.7263681592039801	0.23640100216080615	0.17768719806763286	5	5	8	3	5	ENSG00000152944	1.0	False
0.0062158815167851714	0.7263681592039801	0.27835421067725125	0.20802359004856774	11	7	11	4	7	ENSG00000156110	1.0	False
0.0017450997104803737	0.7263681592039801	0.1553338424028079	0.08353301755363612	8	2	3	3	3	ENSG00000160199	1.0	False
0.0011167814723921758	0.7263681592039801	0.1683571107830456	0.12100406053894427	3	7	13	3	9	ENSG00000160993	1.0	False
0.0006618253138147263	0.7263681592039801	0.09935358699539201	0.1382939823650354	18	7	19	11	15	ENSG00000162521	1.0	False
0.00809667189473041	0.7263681592039801	0.28441569292011387	0.30696604252618215	14	3	4	3	4	ENSG00000164808	1.0	False
0.0006113183031659981	0.7263681592039801	0.11228699654007387	0.09403512273602908	2	7	16	5	11	ENSG00000165434	1.0	False
0.000494492925869277	0.7263681592039801	0.08175116682694505	0.09953343392235559	5	7	19	11	15	ENSG00000167113	1.0	False
0.004636041296599072	0.7263681592039801	0.1933376486382816	0.2571428571428572	7	5	6	3	5	ENSG00000167967	1.0	False
0.0026229493974855448	0.7263681592039801	0.25286354143115797	0.2051379342109303	14	7	14	4	9	ENSG00000171634	1.0	False
0.0016930718805728611	0.7263681592039801	0.11331726041057077	0.15244150813485652	16	7	19	7	15	ENSG00000175110	1.0	False
2.450097229656217e-05	0.7263681592039801	0.04880741757509155	0.0257389673876649	4	6	13	5	7	ENSG00000179750	1.0	False
0.005264601502700403	0.7263681592039801	0.2244715696574443	0.2918156353450471	14	7	17	4	12	ENSG00000184277	1.0	False
0.00456694599023838	0.7263681592039801	0.36623302073855174	0.24332693379575157	11	6	9	3	7	ENSG00000185347	1.0	False
3.543069948279178e-05	0.7263681592039801	0.0258827514335241	0.022908423027224244	15	7	18	9	13	ENSG00000185864	1.0	False
0.00041927476690393974	0.7263681592039801	0.07070208764747545	0.08523993317097649	12	7	19	12	19	ENSG00000197756	1.0	False
0.0034619853792204917	0.7263681592039801	0.22863255039964847	0.29633625182405665	63	7	16	6	10	ENSG00000197912	1.0	False
0.0035840585674182745	0.7263681592039801	0.18303912321896024	0.15446263837638374	3	7	8	3	6	ENSG00000203993	1.0	False
0.00039422656316666837	0.7263681592039801	0.08386909896437804	0.08402235938045882	5	7	13	4	10	ENSG00000215114	1.0	False
0.0009478948849794681	0.7263681592039801	0.12115518102324037	0.08052973977695169	7	2	3	3	3	ENSG00000231999	1.0	False
0.0026300315588082806	0.7263681592039801	0.18829472516214607	0.14745173316446397	8	7	16	5	12	ENSG00000265241	1.0	False
0.0006261334999955649	0.7313432835820896	0.1003084428989323	0.0462758800721349	8	7	19	10	16	ENSG00000010256	1.0	False
0.0006119732425893628	0.7313432835820896	0.18451326824047795	0.17456838905775077	9	7	13	4	8	ENSG00000043462	1.0	False
0.00190071978383657	0.7313432835820896	0.2120596519250392	0.08689447145687015	6	7	13	4	9	ENSG00000065457	1.0	False
0.005200367362537323	0.7313432835820896	0.28150621352185556	0.19909049894387143	13	7	12	3	8	ENSG00000066136	1.0	False
1.891314429584896e-05	0.7313432835820896	0.018182306675261918	0.02086450973614706	5	7	19	11	16	ENSG00000074695	1.0	False
0.0017646106266300345	0.7313432835820896	0.23290636048355948	0.26406375383934255	11	7	15	3	10	ENSG00000087206	1.0	False
0.0014625194541670631	0.7313432835820896	0.2093844964807879	0.17934108527131787	19	7	16	5	12	ENSG00000104231	1.0	False
0.005678220177348478	0.7313432835820896	0.2234548628319072	0.3579575738194222	7	5	8	3	5	ENSG00000104691	1.0	False
0.004128612278457665	0.7313432835820896	0.1289419271227732	0.13409076076315615	16	7	15	5	11	ENSG00000104859	1.0	False
0.00032645831158219143	0.7313432835820896	0.05253232867222152	0.0678176392528086	7	7	19	7	12	ENSG00000111605	1.0	False
0.002855337789395673	0.7313432835820896	0.15988229635288467	0.1420318078545927	11	2	3	3	3	ENSG00000113971	1.0	False
0.008229215249505376	0.7313432835820896	0.22948832411783412	0.21965391197785714	27	7	15	5	11	ENSG00000114354	1.0	False
0.001573025975760584	0.7313432835820896	0.1672853311598752	0.32489347614912856	9	7	17	7	13	ENSG00000116521	1.0	False
0.0002242321805447074	0.7313432835820896	0.05281539195473625	0.027147766323024007	2	5	9	3	6	ENSG00000117133	1.0	False
0.003386906995871847	0.7313432835820896	0.2381929915575241	0.21058223544411392	6	7	12	3	8	ENSG00000119720	1.0	False
0.0017249731699715647	0.7313432835820896	0.16211105304483894	0.10975457829824341	4	7	13	4	10	ENSG00000123353	1.0	False
0.0028674546478569323	0.7313432835820896	0.2731509653444921	0.3675334463915583	6	7	12	3	9	ENSG00000124333	1.0	False
0.0005342822277947132	0.7313432835820896	0.13697509443090464	0.1272076669560232	14	7	19	12	17	ENSG00000129084	1.0	False
0.0012489397207514014	0.7313432835820896	0.2106993327150109	0.1961263736263737	10	7	12	3	7	ENSG00000130775	1.0	False
0.00878988003633094	0.7313432835820896	0.27257573096614196	0.30061910792176727	15	2	3	3	3	ENSG00000131626	1.0	False
0.00772579962343405	0.7313432835820896	0.29828726459062677	0.3783133534620859	11	6	11	3	9	ENSG00000131966	1.0	False
0.0003896753113466205	0.7313432835820896	0.19330392205392208	0.1793942041648463	2	6	9	4	6	ENSG00000132205	1.0	False
0.004326942206076842	0.7313432835820896	0.19214228499231828	0.28528784648187633	8	7	14	3	8	ENSG00000133393	1.0	False
0.004843190693842729	0.7313432835820896	0.09240470780667263	0.1854561101549053	2	5	7	3	6	ENSG00000135966	1.0	False
0.0002110784026554167	0.7313432835820896	0.047264229731992506	0.02729742868552179	5	7	19	7	13	ENSG00000136937	1.0	False
0.00020235165496364487	0.7313432835820896	0.061312222977232246	0.04082332357287259	13	7	18	7	12	ENSG00000137841	1.0	False
0.0006818562045029515	0.7313432835820896	0.11583163677238223	0.08663107046013684	7	7	16	6	10	ENSG00000139645	1.0	False
0.00029243524469969997	0.7313432835820896	0.13948865305881847	0.17562766025906215	7	7	18	6	13	ENSG00000144566	1.0	False
0.0028245885086778232	0.7313432835820896	0.238482444005801	0.18381174115941143	32	7	19	7	13	ENSG00000147140	1.0	False
0.0006488688124784366	0.7313432835820896	0.07833425884209697	0.07558838964918656	5	7	9	3	6	ENSG00000148057	1.0	False
0.0010850966558261376	0.7313432835820896	0.06247054071615475	0.055330634278002735	6	2	3	3	3	ENSG00000150433	1.0	False
0.004006471546921801	0.7313432835820896	0.09455162072815385	0.28344308584847017	9	7	19	13	17	ENSG00000161547	1.0	False
0.0004482622685627062	0.7313432835820896	0.07804957278356797	0.05396769393172878	11	7	19	9	15	ENSG00000163882	1.0	False
0.0001530840734094914	0.7313432835820896	0.06220890703897959	0.058963594266615016	5	7	18	7	16	ENSG00000167461	1.0	False
0.010549006446417401	0.7313432835820896	0.2197768741908815	0.2508760371611622	14	7	16	3	11	ENSG00000168883	1.0	False
0.0017566661683245334	0.7313432835820896	0.19823422609633967	0.14693349780684584	9	7	12	3	8	ENSG00000171843	1.0	False
0.00013469193080831843	0.7313432835820896	0.05368404575290254	0.05053626277921766	3	7	17	6	12	ENSG00000171861	1.0	False
0.011711951767673229	0.7313432835820896	0.30076282244303926	0.3531514965777914	4	3	4	3	3	ENSG00000174842	1.0	False
0.0015681424341191922	0.7313432835820896	0.21161007621618028	0.2564996987947421	3	7	19	6	13	ENSG00000225973	1.0	False
0.0001609093103085169	0.7313432835820896	0.08593749999999997	0.025316455696202556	3	4	5	4	4	ENSG00000229619	1.0	False
0.008801916433569775	0.736318407960199	0.36519033074884144	0.2903760663222396	17	6	8	3	5	ENSG00000004766	1.0	False
0.0009374011402230717	0.736318407960199	0.08111098136452485	0.08750634936426202	12	7	19	11	16	ENSG00000082153	1.0	False
0.004314815563721887	0.736318407960199	0.41201812149676753	0.4317264756689808	16	6	9	3	7	ENSG00000082701	1.0	False
0.0014384113835546482	0.736318407960199	0.06061376007290624	0.09034519956850053	3	4	4	3	3	ENSG00000096654	1.0	False
0.0024385659984619565	0.736318407960199	0.1436734179646974	0.1589304231889783	9	4	7	4	5	ENSG00000101473	1.0	False
0.009369462752037401	0.736318407960199	0.34872202335356073	0.4673568208382034	6	7	9	4	6	ENSG00000103591	1.0	False
3.6294317154148527e-05	0.736318407960199	0.05027267934700107	0.039825504268696535	10	7	19	12	18	ENSG00000105401	1.0	False
0.0010154810207610363	0.736318407960199	0.0973920821230727	0.07926587087314105	14	7	19	11	17	ENSG00000105993	1.0	False
0.0014169754974021264	0.736318407960199	0.09376479460939759	0.08671318359440458	4	7	15	5	9	ENSG00000106244	1.0	False
0.005822112614397428	0.736318407960199	0.3089480231406819	0.16300137076107035	9	6	9	3	6	ENSG00000107643	1.0	False
0.00029984645110243507	0.736318407960199	0.12399128168627357	0.15428044870468888	18	7	19	10	16	ENSG00000112200	1.0	False
0.00011738600204563553	0.736318407960199	0.14273648607308242	0.048770587874959116	3	7	19	8	14	ENSG00000114933	1.0	False
0.0006683758830823425	0.736318407960199	0.055428369542434186	0.07721661128977472	7	7	19	10	15	ENSG00000115541	1.0	False
9.582049897398684e-05	0.736318407960199	0.032567522144790306	0.018709031930978438	4	7	18	9	14	ENSG00000115944	1.0	False
0.0004130736942296559	0.736318407960199	0.046871654757703635	0.049010733221259525	5	2	3	3	3	ENSG00000116106	1.0	False
0.000604120400062645	0.736318407960199	0.0878343712435364	0.14904734821555524	11	2	3	3	3	ENSG00000116406	1.0	False
3.2173360245386714e-06	0.736318407960199	0.06658420505408302	0.05860026089818004	2	7	17	6	10	ENSG00000116824	1.0	False
2.395488289584054e-06	0.736318407960199	0.03788386071824096	0.012375303940298371	3	7	19	13	17	ENSG00000117091	1.0	False
9.28846188127116e-05	0.736318407960199	0.09409582673649171	0.705854977301862	7	2	3	3	3	ENSG00000118971	1.0	False
0.00015907190838206883	0.736318407960199	0.01609034221593568	0.02447995176364183	4	6	8	3	6	ENSG00000119328	1.0	False
0.00459715281530191	0.736318407960199	0.3843042105360003	0.6472635640601622	7	7	16	5	10	ENSG00000122644	1.0	False
0.003400452507860875	0.736318407960199	0.3187255698220586	0.24410443810727278	13	7	15	4	9	ENSG00000125755	1.0	False
0.00034770000883818197	0.736318407960199	0.07961702713297839	0.07851107133492448	14	7	17	9	15	ENSG00000130811	1.0	False
0.0003714517064297759	0.736318407960199	0.08460754046817091	0.11424352262048598	10	6	12	5	8	ENSG00000132604	1.0	False
0.0029398842907770134	0.736318407960199	0.23779681330325597	0.22557567627990163	7	3	4	3	4	ENSG00000132670	1.0	False
0.019011307011849284	0.736318407960199	0.1516565572705482	0.25946096913838845	8	7	9	3	6	ENSG00000134250	1.0	False
4.777880225803408e-05	0.736318407960199	0.03239559910758319	0.024723940811010838	9	7	17	7	11	ENSG00000136040	1.0	False
0.026844966382202386	0.736318407960199	0.36679488691430917	0.4049736495388669	18	7	12	3	10	ENSG00000136143	1.0	False
3.0346525115254524e-06	0.736318407960199	0.004242424242424259	0.0065573770491803695	4	7	18	6	13	ENSG00000141560	1.0	False
0.0043126493216401355	0.736318407960199	0.19128719879543063	0.21536643026004726	12	4	6	3	5	ENSG00000142046	1.0	False
0.008526825400077808	0.736318407960199	0.15450961490707987	0.21677931851438925	8	2	3	3	3	ENSG00000144357	1.0	False
0.00023199039842013958	0.736318407960199	0.12481733434114385	0.03005464480874319	6	6	9	3	6	ENSG00000155307	1.0	False
0.012565435677634386	0.736318407960199	0.1937898063133847	0.3810580632725868	7	7	17	6	11	ENSG00000163319	1.0	False
3.653938300576546e-05	0.736318407960199	0.021633522727272717	0.019423129624554697	2	7	12	4	8	ENSG00000165832	1.0	False
0.003018964073502027	0.736318407960199	0.14121359276279288	0.23907826913082433	8	7	18	7	14	ENSG00000166200	1.0	False
3.520357985419867e-05	0.736318407960199	0.20548340039674812	0.12216155349114637	6	2	3	3	3	ENSG00000172116	1.0	False
0.006749704196209111	0.736318407960199	0.1440229040205593	0.2141462662288443	10	7	16	6	9	ENSG00000175387	1.0	False
0.0014621944824275103	0.736318407960199	0.10679742287610024	0.08819624645464968	7	2	3	3	3	ENSG00000198945	1.0	False
0.0007411579293482635	0.736318407960199	0.1115710952815118	0.13804429896000794	12	7	19	11	17	ENSG00000272888	1.0	False
0.000812563767891408	0.7412935323383084	0.12668552055838603	0.1178341170197295	9	7	16	8	11	ENSG00000005448	1.0	False
0.0021530651115932754	0.7412935323383084	0.27524503313976995	0.2162513542795233	7	7	10	3	7	ENSG00000037474	1.0	False
9.533336563118896e-05	0.7412935323383084	0.03299107189661914	0.03159962030702758	4	5	7	3	5	ENSG00000049089	1.0	False
0.00017603288846090436	0.7412935323383084	0.1936855440634531	0.060890812161671956	16	7	17	9	14	ENSG00000076108	1.0	False
0.0009853920630218272	0.7412935323383084	0.07214821575963573	0.05377358490566038	6	2	5	5	5	ENSG00000078902	1.0	False
3.972764413231711e-05	0.7412935323383084	0.0302108051410644	0.019893868912118293	3	7	16	7	10	ENSG00000100422	1.0	False
0.0019163769973282484	0.7412935323383084	0.12432244614080715	0.19105246414579619	4	7	18	7	14	ENSG00000101882	1.0	False
0.002041885889394982	0.7412935323383084	0.19067403812083383	0.27282280309996065	2	7	10	4	7	ENSG00000103966	1.0	False
1.8865757904269122e-05	0.7412935323383084	0.041965686637943186	0.036536970375927354	10	7	19	13	19	ENSG00000108107	1.0	False
0.004484321879238576	0.7412935323383084	0.13275681327203873	0.17479270855392842	5	7	10	3	7	ENSG00000114735	1.0	False
0.009636231194327763	0.7412935323383084	0.2980826401370565	0.3631974618939237	17	5	6	3	5	ENSG00000126001	1.0	False
0.002961581933170985	0.7412935323383084	0.2484163508462605	0.21953249898307653	7	7	15	5	10	ENSG00000132485	1.0	False
0.0013531735006625375	0.7412935323383084	0.10927067195998202	0.08140756302521009	9	2	3	3	3	ENSG00000134242	1.0	False
0.0009530262057828653	0.7412935323383084	0.15208812016996162	0.13707185844634884	11	7	11	3	7	ENSG00000135473	1.0	False
3.493719445391316e-05	0.7412935323383084	0.08762825511618069	0.01862514832490036	9	7	19	11	17	ENSG00000136003	1.0	False
0.0026315108464524724	0.7412935323383084	0.12994539376196101	0.13648182381691618	9	7	8	3	6	ENSG00000137822	1.0	False
0.0005570052855843374	0.7412935323383084	0.2767416442362912	0.10991016602485904	11	7	18	9	14	ENSG00000139163	1.0	False
0.002974371129573488	0.7412935323383084	0.27055555555555544	0.3429293265075461	9	4	6	3	4	ENSG00000141503	1.0	False
0.0006346640615453698	0.7412935323383084	0.087110651149096	0.09733313831602557	6	7	16	6	11	ENSG00000141971	1.0	False
0.0012208916579869134	0.7412935323383084	0.2951903452695369	0.18018165452908927	2	7	10	3	7	ENSG00000142409	1.0	False
0.003330532433704242	0.7412935323383084	0.196633279538302	0.11360248447204972	7	4	6	3	5	ENSG00000148335	1.0	False
4.995113327954262e-05	0.7412935323383084	0.03757160692366237	0.04834250512877658	6	7	17	7	15	ENSG00000149541	1.0	False
0.0023491502009182486	0.7412935323383084	0.2114603804296372	0.16074176746474142	4	7	12	4	8	ENSG00000151657	1.0	False
0.004990676573343738	0.7412935323383084	0.17691540077569484	0.07917162427243786	2	3	4	3	4	ENSG00000151729	1.0	False
0.003448585352923761	0.7412935323383084	0.32168635131927154	0.2874095920230321	34	7	15	5	11	ENSG00000159063	1.0	False
0.0002859400858320195	0.7412935323383084	0.050959615504857725	0.03289228156715724	4	7	19	12	16	ENSG00000160075	1.0	False
0.0014184106036113438	0.7412935323383084	0.09809144312873189	0.11364698444114574	4	7	13	5	9	ENSG00000160194	1.0	False
0.005033279365462502	0.7412935323383084	0.32535947296179374	0.35389946884311446	15	6	7	3	4	ENSG00000163161	1.0	False
0.0016926249280984082	0.7412935323383084	0.26404980501932906	0.3323635136987024	5	7	11	4	8	ENSG00000164244	1.0	False
0.0003308049898218687	0.7412935323383084	0.07603171284156796	0.14556716995741387	4	5	8	4	5	ENSG00000170989	1.0	False
0.003442235185601849	0.7412935323383084	0.28235760699295287	0.18455723812866676	9	7	17	4	13	ENSG00000172062	1.0	False
0.0007672104025378502	0.7412935323383084	0.134623672257781	0.2123530065224636	2	7	15	6	11	ENSG00000176624	1.0	False
0.0030418227408465152	0.7412935323383084	0.22040606993384282	0.3322971996501147	4	7	14	4	10	ENSG00000176946	1.0	False
0.004971215758764066	0.7412935323383084	0.10583904521375907	0.284412343765642	14	7	18	7	12	ENSG00000183258	1.0	False
6.0588351773470904e-05	0.7412935323383084	0.020987654320987623	0.013293650793650826	2	2	3	3	3	ENSG00000188042	1.0	False
2.5282360475151945e-05	0.7412935323383084	0.02789717044672807	0.012525533605464469	3	7	18	8	13	ENSG00000188612	1.0	False
0.00021569543281322836	0.7412935323383084	0.12905935397659196	0.06720750026446631	66	7	19	11	19	ENSG00000203875	1.0	False
1.1247277782649187e-09	0.7412935323383084	0.003558393386644981	0.001785676180151013	4	7	14	6	11	ENSG00000223609	1.0	False
0.0015317458184257733	0.7412935323383084	0.12254731220248466	0.23422314911366007	3	2	3	3	3	ENSG00000224505	1.0	False
0.01016077788168889	0.7412935323383084	0.40854729668933293	0.329746345730097	19	6	7	3	6	ENSG00000228649	1.0	False
0.0034653290217237826	0.7412935323383084	0.19017767562801816	0.1912673666834793	11	7	14	5	10	ENSG00000255857	1.0	False
0.004823731600056913	0.746268656716418	0.1876298964125051	0.1726531044712863	6	6	9	3	5	ENSG00000006712	1.0	False
0.005394254045502429	0.746268656716418	0.23769246516527948	0.31282949938369686	8	7	12	3	9	ENSG00000075188	1.0	False
0.002959487903035817	0.746268656716418	0.2449230971385546	0.2028896125254917	19	7	19	8	13	ENSG00000089006	1.0	False
0.00982084979104916	0.746268656716418	0.391887215692488	0.4118170141290386	11	3	5	3	4	ENSG00000089094	1.0	False
0.014119114768740764	0.746268656716418	0.2872076096426262	0.5257174469859239	7	7	18	5	12	ENSG00000100225	1.0	False
0.0002770321616583166	0.746268656716418	0.057311252998464	0.05490764015561586	6	7	19	9	16	ENSG00000100804	1.0	False
0.0007357048479766936	0.746268656716418	0.1420842241515271	0.10461319943605256	12	7	13	5	9	ENSG00000102786	1.0	False
0.005148758671822153	0.746268656716418	0.3645676024441015	0.3019552345630815	30	7	13	3	9	ENSG00000102977	1.0	False
0.004105186982072705	0.746268656716418	0.2132987146485885	0.23968498544769729	7	4	6	3	5	ENSG00000104129	1.0	False
0.00012266579962557823	0.746268656716418	0.035697818103062016	0.02690958593858415	11	7	19	8	17	ENSG00000105701	1.0	False
0.0004949277041645227	0.746268656716418	0.20391061379400305	0.21029125438649915	44	7	16	6	12	ENSG00000105835	1.0	False
0.003917576815213106	0.746268656716418	0.08101943686143366	0.22336265884652984	7	2	3	3	3	ENSG00000105865	1.0	False
3.9886055740633745e-05	0.746268656716418	0.03624886224403569	0.031379566581460815	3	7	17	6	11	ENSG00000106560	1.0	False
0.00590589749666471	0.746268656716418	0.4803011525354312	0.46018977274804834	21	7	10	3	5	ENSG00000110066	1.0	False
0.0019160934032569235	0.746268656716418	0.12465439396863434	0.17636115935563024	8	7	18	9	15	ENSG00000112081	1.0	False
0.008359869520925208	0.746268656716418	0.15374910361128383	0.19533713382232498	6	7	17	8	13	ENSG00000117906	1.0	False
0.0006280723244400949	0.746268656716418	0.053853653065962716	0.08833726632715966	5	7	16	6	11	ENSG00000119203	1.0	False
0.00026697318138456117	0.746268656716418	0.07766271481255556	0.05751173708920192	4	7	12	4	9	ENSG00000126249	1.0	False
6.6432151970077785e-06	0.746268656716418	0.010277617524854787	0.019694096084153297	4	7	18	4	13	ENSG00000128311	1.0	False
0.0032056466496067607	0.746268656716418	0.13630145606298513	0.1512008314790142	6	6	8	3	5	ENSG00000132254	1.0	False
0.009325216303437222	0.746268656716418	0.23886377398572517	0.22782608695652173	5	2	3	3	3	ENSG00000132383	1.0	False
0.0004904435629257399	0.746268656716418	0.09613398088189944	0.07288294628196107	6	2	3	3	3	ENSG00000135249	1.0	False
0.0024460858582364122	0.746268656716418	0.09723748473748473	0.1113167636171338	3	3	3	3	3	ENSG00000137055	1.0	False
0.009165940474497999	0.746268656716418	0.4452430401713189	0.38417042396281154	4	7	10	3	6	ENSG00000139977	1.0	False
0.004377248215535441	0.746268656716418	0.14886356926060637	0.15076378839041643	12	7	18	8	14	ENSG00000149100	1.0	False
0.01140783386175243	0.746268656716418	0.1770838888000142	0.20456540825285335	4	4	4	3	3	ENSG00000153487	1.0	False
0.001677534360833072	0.746268656716418	0.15445794489221643	0.2187394487046055	12	7	17	9	12	ENSG00000155957	1.0	False
0.0043735091130687	0.746268656716418	0.21340962018344706	0.1689675286797589	5	5	7	3	5	ENSG00000158427	1.0	False
5.71154144809208e-05	0.746268656716418	0.17441025777780683	0.5323384167923875	3	7	14	4	8	ENSG00000163563	1.0	False
0.0008567261258769708	0.746268656716418	0.16418646816052662	0.13041406240253506	11	7	18	8	15	ENSG00000164919	1.0	False
0.008087984251694479	0.746268656716418	0.26096313398861637	0.5407095013644257	9	7	13	5	9	ENSG00000167508	1.0	False
0.0021890179743202145	0.746268656716418	0.5844754242730104	0.5347124824684432	14	5	7	3	4	ENSG00000168216	1.0	False
0.0014182907618302968	0.746268656716418	0.12740001881878313	0.13492063492063494	4	5	5	3	3	ENSG00000173041	1.0	False
0.0026795826506073404	0.746268656716418	0.09305594074877335	0.14090909090909093	9	2	3	3	3	ENSG00000175198	1.0	False
4.113523285745555e-05	0.746268656716418	0.06773415608772437	0.04360215132552717	7	7	19	11	17	ENSG00000179218	1.0	False
0.002982147092340264	0.746268656716418	0.20468223224774415	0.36603375527426163	3	7	8	3	5	ENSG00000181751	1.0	False
8.704960106772077e-07	0.746268656716418	0.007918988195378162	0.005928259083591009	9	7	19	11	17	ENSG00000182117	1.0	False
1.6832468801793955e-05	0.746268656716418	0.03960556812568063	0.009983345380313171	4	7	16	5	13	ENSG00000184743	1.0	False
7.272007058338058e-05	0.746268656716418	0.05827687602916962	0.02507946573014984	3	2	3	3	3	ENSG00000184979	1.0	False
0.00253507926197736	0.746268656716418	0.1913218152188361	0.2760964912280702	5	4	5	3	3	ENSG00000198468	1.0	False
0.0001295923721988119	0.746268656716418	0.055811578422999164	0.04669537074749317	9	7	19	11	17	ENSG00000198931	1.0	False
5.708278064943402e-05	0.746268656716418	0.026376097228743903	0.017920316835230043	8	7	19	13	19	ENSG00000213741	1.0	False
0.0049292756198293436	0.746268656716418	0.14969131284066226	0.28750440431125607	4	7	17	6	11	ENSG00000228300	1.0	False
0.00028493892137979504	0.746268656716418	0.11079143443329717	0.09020622282805126	11	7	17	7	13	ENSG00000239779	1.0	False
0.00047166078694576847	0.746268656716418	0.20731492473986549	0.07113069578823004	4	7	10	4	7	ENSG00000263528	1.0	False
0.0011459456909498284	0.746268656716418	0.09433675961098703	0.16015162552885864	6	7	17	6	14	ENSG00000275052	1.0	False
0.009332778056569804	0.746268656716418	0.5407551608306854	0.49714070944660127	29	5	8	3	5	ENSG00000281103	1.0	False
0.007869790328798998	0.7512437810945274	0.07229037354013697	0.14047758474851973	2	2	3	3	3	ENSG00000004139	1.0	False
0.006610289399603165	0.7512437810945274	0.27022234498790343	0.2479023646071701	14	2	3	3	3	ENSG00000044115	1.0	False
0.00208857208927228	0.7512437810945274	0.13490090184356074	0.13006166877182557	4	6	10	4	6	ENSG00000046647	1.0	False
0.002037907726599828	0.7512437810945274	0.25043712883351577	0.17630303920129203	7	7	19	9	15	ENSG00000067334	1.0	False
0.0005173996812032524	0.7512437810945274	0.04821682448682681	0.08379018380617356	10	7	19	11	15	ENSG00000067829	1.0	False
0.0020226592399561977	0.7512437810945274	0.11217780425770277	0.12110926934512062	13	7	17	7	12	ENSG00000077549	1.0	False
0.0024080765597904123	0.7512437810945274	0.1430498201648347	0.11873656321255882	6	7	19	8	14	ENSG00000079462	1.0	False
0.013428847443076656	0.7512437810945274	0.19532472504909248	0.4973845765705155	8	7	13	4	9	ENSG00000091651	1.0	False
0.00342179392559442	0.7512437810945274	0.19996707036208125	0.3369956680449186	28	7	13	5	9	ENSG00000092330	1.0	False
0.00041733342135011895	0.7512437810945274	0.0707670760301498	0.10338145349492914	12	7	19	10	16	ENSG00000095906	1.0	False
0.0029602516390294896	0.7512437810945274	0.09622676922629833	0.16055461356261067	11	7	19	13	18	ENSG00000104904	1.0	False
0.0010403217445337472	0.7512437810945274	0.10840523449771831	0.16707139930307832	4	7	16	6	10	ENSG00000105122	1.0	False
0.00557847064220455	0.7512437810945274	0.2653386107390366	0.2140957807624474	9	6	10	4	7	ENSG00000113282	1.0	False
0.002730958374913253	0.7512437810945274	0.29145158710775	0.24643121283041045	9	4	7	3	5	ENSG00000114346	1.0	False
0.0005669794307413666	0.7512437810945274	0.2126428392032218	0.19674166335948542	21	7	18	7	15	ENSG00000115935	1.0	False
0.005775816628567344	0.7512437810945274	0.2934249084249084	0.2431752873563218	10	5	5	3	4	ENSG00000115966	1.0	False
0.0024907041737270465	0.7512437810945274	0.1243459391485707	0.12604922238763425	7	2	4	4	4	ENSG00000119041	1.0	False
4.5905395458019875e-05	0.7512437810945274	0.010832608064984069	0.030600448271794232	3	2	3	3	3	ENSG00000119865	1.0	False
0.00709424937629269	0.7512437810945274	0.3623316224672744	0.29516413579330925	6	7	13	3	9	ENSG00000124444	1.0	False
0.0014174023747110629	0.7512437810945274	0.06187230111526359	0.03189507414859527	2	4	5	3	4	ENSG00000127080	1.0	False
0.00018195930948150784	0.7512437810945274	0.08486848522946541	0.05331211552620958	3	7	11	4	8	ENSG00000128791	1.0	False
0.0011671659716966524	0.7512437810945274	0.14518398569157204	0.11541959817165048	12	7	18	8	14	ENSG00000133858	1.0	False
0.0018073287965213254	0.7512437810945274	0.192516945565726	0.3745740082822294	2	4	6	3	5	ENSG00000135956	1.0	False
0.004965799282817254	0.7512437810945274	0.21938515290621974	0.3258003072196621	10	6	8	3	7	ENSG00000137275	1.0	False
0.0015254239251355096	0.7512437810945274	0.05138628309360025	0.08333333333333336	7	2	3	3	3	ENSG00000139182	1.0	False
0.002869571094947987	0.7512437810945274	0.33705911117705467	0.2931768514771347	16	7	13	3	9	ENSG00000139636	1.0	False
0.002335590800037346	0.7512437810945274	0.34925381815431444	0.34282376091501665	8	7	12	4	8	ENSG00000143337	1.0	False
0.0008277373001230342	0.7512437810945274	0.24942668451800729	0.1964285714285714	18	7	10	4	8	ENSG00000143702	1.0	False
0.043727298413185026	0.7512437810945274	0.28618221092379986	0.5583147770921589	11	7	17	7	12	ENSG00000147224	1.0	False
0.00047013937060735725	0.7512437810945274	0.16628220292199747	0.1477707303423188	8	5	7	3	5	ENSG00000152495	1.0	False
0.0004993062573161505	0.7512437810945274	0.1496138055264363	0.10278270607819208	11	7	19	11	18	ENSG00000160799	1.0	False
0.0023675814326849865	0.7512437810945274	0.14174885265110831	0.12807387862796835	4	2	3	3	3	ENSG00000163482	1.0	False
0.0024505058366299493	0.7512437810945274	0.10976406822891757	0.06817877693028238	4	2	3	3	3	ENSG00000163617	1.0	False
0.0018119851615907513	0.7512437810945274	0.135535855033419	0.2030758235781222	23	7	19	11	18	ENSG00000164924	1.0	False
0.000879865553257433	0.7512437810945274	0.1437437248979702	0.0854139619475245	3	7	18	7	12	ENSG00000169136	1.0	False
0.0010306581099627796	0.7512437810945274	0.24517717838957354	0.2749534498368609	12	2	3	3	3	ENSG00000172992	1.0	False
0.000330477657988017	0.7512437810945274	0.10237330508807593	0.06261022927689595	5	7	16	5	11	ENSG00000181026	1.0	False
0.00148489030171663	0.7512437810945274	0.011182209874154019	0.05730908231161548	4	2	3	3	3	ENSG00000185880	1.0	False
0.0052964080850282595	0.7512437810945274	0.13191873250705347	0.15023522829207323	5	7	19	9	13	ENSG00000188976	1.0	False
0.0008357309383699287	0.7512437810945274	0.06102406374522444	0.05123620518164164	3	5	5	3	5	ENSG00000197780	1.0	False
0.0003554922120920012	0.7512437810945274	0.08079228256580741	0.08435322969473745	21	7	19	13	17	ENSG00000205581	1.0	False
0.0005487582280742348	0.7512437810945274	0.09750334877951558	0.0752009912968817	4	3	4	3	4	ENSG00000230513	1.0	False
0.00023799010780162607	0.7562189054726368	0.034733621061015595	0.024967681808616193	3	5	7	3	6	ENSG00000008324	1.0	False
0.00019266108416106606	0.7562189054726368	0.10376663527096967	0.0596680813979779	3	7	16	7	12	ENSG00000009954	1.0	False
0.0019975514456344683	0.7562189054726368	0.1587509768674555	0.14796899224806204	17	4	7	3	4	ENSG00000033627	1.0	False
0.0023646281730244382	0.7562189054726368	0.19910131825279184	0.1491004839587532	4	7	8	3	5	ENSG00000063180	1.0	False
0.0014143875599891085	0.7562189054726368	0.12944641124252118	0.14494587724228825	6	7	19	10	16	ENSG00000066379	1.0	False
1.6322325678462531e-06	0.7562189054726368	0.0021029218481447677	0.003194487942373962	2	2	3	3	3	ENSG00000066739	1.0	False
0.0005569007199603942	0.7562189054726368	0.12615148066668552	0.08661716442232038	9	7	16	6	11	ENSG00000101310	1.0	False
0.00021049974815011765	0.7562189054726368	0.065008360983449	0.043386618677850285	7	7	18	7	12	ENSG00000104131	1.0	False
0.0005840207371753603	0.7562189054726368	0.10884597112149502	0.05759747264601635	5	7	14	4	10	ENSG00000104472	1.0	False
0.00020155546779838945	0.7562189054726368	0.025544502584350853	0.0427076704812176	4	2	3	3	3	ENSG00000106524	1.0	False
0.00016836207038993593	0.7562189054726368	0.07436290777246518	0.068446508938985	8	4	8	3	6	ENSG00000112182	1.0	False
0.00012426443061692102	0.7562189054726368	0.05530032544876954	0.07394843016790593	11	7	19	13	19	ENSG00000114942	1.0	False
5.96393072805064e-06	0.7562189054726368	0.008438818565400848	0.008135593220338974	2	7	14	5	7	ENSG00000120063	1.0	False
2.22514164211496e-05	0.7562189054726368	0.034385316994012566	0.0005159958720330135	2	2	3	3	3	ENSG00000123989	1.0	False
0.0015657530723238331	0.7562189054726368	0.21822604384985567	0.10781045828345191	9	7	17	5	11	ENSG00000126602	1.0	False
0.004608140248580634	0.7562189054726368	0.14777777777777773	0.16763499658236503	8	2	3	3	3	ENSG00000133731	1.0	False
0.0004996968945210269	0.7562189054726368	0.08411695222900227	0.12287106443325078	8	6	13	4	9	ENSG00000138670	1.0	False
0.00012725179278696476	0.7562189054726368	0.07789902190763569	0.05994497407070586	5	7	19	10	15	ENSG00000143621	1.0	False
0.0002432319628819672	0.7562189054726368	0.0403360704281085	0.047558302722149504	8	7	19	11	17	ENSG00000143742	1.0	False
4.4059671579923596e-05	0.7562189054726368	0.08192235602673505	0.0752934530161321	9	5	11	3	7	ENSG00000143797	1.0	False
0.0017729747677717343	0.7562189054726368	0.12941055261405426	0.23157807584037093	3	2	3	3	3	ENSG00000144036	1.0	False
0.0002233941471754069	0.7562189054726368	0.02488051424175175	0.018369932432432456	2	2	3	3	3	ENSG00000148450	1.0	False
0.0003059521135936729	0.7562189054726368	0.18328425433222578	0.08803903853856923	17	7	19	8	12	ENSG00000149091	1.0	False
1.0375847054977236e-05	0.7562189054726368	0.008131247907399467	0.009708737864077683	4	5	6	3	5	ENSG00000150938	1.0	False
0.0019297773383678742	0.7562189054726368	0.199225884048181	0.24543032917184945	15	7	15	4	10	ENSG00000151779	1.0	False
0.0013614085266369196	0.7562189054726368	0.2855314705104553	0.16940008631851533	20	7	14	4	10	ENSG00000154845	1.0	False
0.0051764577237668535	0.7562189054726368	0.3417790644457135	0.2903085614950022	7	5	8	4	5	ENSG00000157036	1.0	False
0.0046660233835506	0.7562189054726368	0.2617908419082221	0.3363521924610112	6	7	9	3	8	ENSG00000161956	1.0	False
0.0005721298958755348	0.7562189054726368	0.14083500457221704	0.13208511711339968	7	7	17	5	13	ENSG00000165487	1.0	False
6.930895048328704e-06	0.7562189054726368	0.022592238679195235	0.010530891702439819	3	2	3	3	3	ENSG00000167778	1.0	False
0.01039147800375952	0.7562189054726368	0.18017695201144854	0.19070112068167086	4	2	3	3	3	ENSG00000173137	1.0	False
3.981297024209283e-05	0.7562189054726368	0.04506366140733057	0.021539104263826988	6	7	18	9	14	ENSG00000175220	1.0	False
0.0018215925714912525	0.7562189054726368	0.22004775595380383	0.20901117477880962	8	4	7	4	6	ENSG00000176463	1.0	False
0.0005748340834196932	0.7562189054726368	0.1814724506491575	0.0419438285291944	4	7	8	3	5	ENSG00000178163	1.0	False
3.604426295207745e-05	0.7562189054726368	0.016793061127631667	0.02185518852185519	3	3	4	3	3	ENSG00000181847	1.0	False
0.0019655979108281797	0.7562189054726368	0.1552310248245961	0.14299178983919675	22	7	19	10	16	ENSG00000182944	1.0	False
0.00022248541255663783	0.7562189054726368	0.10704233211918006	0.03157952664575478	2	6	10	3	8	ENSG00000183049	1.0	False
0.0026486075426303108	0.7562189054726368	0.18595515172174204	0.3186120527892679	6	2	3	3	3	ENSG00000184216	1.0	False
0.003938676361220316	0.7562189054726368	0.2248734534258	0.36099053107692414	17	7	17	5	11	ENSG00000188313	1.0	False
0.0024368489617800186	0.7562189054726368	0.20056384342196107	0.10974184385596533	2	7	11	6	8	ENSG00000197579	1.0	False
0.0008205590501073978	0.7562189054726368	0.1872430951044602	0.19269726997166542	17	7	19	6	13	ENSG00000198231	1.0	False
0.0012748387621505798	0.7562189054726368	0.17275393880522485	0.11590945651897824	11	7	17	7	12	ENSG00000198721	1.0	False
6.335389972126078e-05	0.7562189054726368	0.1203901481699538	0.07215252763631845	4	7	17	3	11	ENSG00000211584	1.0	False
8.211124139384308e-07	0.7562189054726368	0.020011753468122236	0.003071398128934432	4	7	18	10	15	ENSG00000213064	1.0	False
0.0014371438763870895	0.7562189054726368	0.12644044133472818	0.0958346922611005	5	7	14	5	9	ENSG00000213648	1.0	False
0.00735748064493418	0.7562189054726368	0.16774239600326557	0.20924930793030455	4	3	4	3	3	ENSG00000213999	1.0	False
1.8729291479380274e-05	0.7562189054726368	0.044201726894465644	0.013381742969024734	5	7	19	11	16	ENSG00000242485	1.0	False
0.00704543735428213	0.7562189054726368	0.15008444302212418	0.25970581142994936	10	2	3	3	3	ENSG00000268362	1.0	False
0.008045088920872811	0.7611940298507462	0.2788418492143943	0.3679010066985057	16	7	16	5	11	ENSG00000004455	1.0	False
0.0006827790792827582	0.7611940298507462	0.1386496866173136	0.15341953307168357	15	7	18	7	13	ENSG00000013810	1.0	False
1.4192926560055154e-05	0.7611940298507462	0.01275890679830828	0.008669408774745861	3	7	18	7	13	ENSG00000049245	1.0	False
0.0009515606549696969	0.7611940298507462	0.13333505620808467	0.11302039587328255	8	7	15	6	11	ENSG00000070610	1.0	False
0.0031370366609036896	0.7611940298507462	0.23394053285047794	0.22224204252827826	37	7	19	7	14	ENSG00000082898	1.0	False
0.0007419387921449941	0.7611940298507462	0.15339687878764033	0.057718895278383635	9	7	19	8	13	ENSG00000099991	1.0	False
0.003469456015572046	0.7611940298507462	0.18979842131857672	0.17385824193812402	5	6	9	3	6	ENSG00000102543	1.0	False
4.7660193918135374e-07	0.7611940298507462	0.0017921146953404825	0.002840909090909076	3	7	19	7	13	ENSG00000106305	1.0	False
0.0012420622509954444	0.7611940298507462	0.10750334901243666	0.13549940002781843	7	7	19	12	16	ENSG00000110958	1.0	False
0.00633281199328065	0.7611940298507462	0.32008797495377656	0.23940116587175414	14	5	6	3	5	ENSG00000113161	1.0	False
4.721335469793189e-05	0.7611940298507462	0.03196147208601227	0.03312848572425942	5	7	18	6	13	ENSG00000114383	1.0	False
0.007261818925653108	0.7611940298507462	0.3001633686530001	0.396000626300132	11	7	16	4	10	ENSG00000114503	1.0	False
0.0023809751754511185	0.7611940298507462	0.09519504711812402	0.13789592760180994	2	6	8	3	6	ENSG00000115946	1.0	False
0.002219205557442539	0.7611940298507462	0.1848778020934174	0.16139519559014734	11	6	12	4	9	ENSG00000116750	1.0	False
0.0014028443654352468	0.7611940298507462	0.28732077994524396	0.19458502024291496	20	7	15	7	11	ENSG00000134744	1.0	False
0.011272627626468548	0.7611940298507462	0.09933979070172391	0.2816337498084615	15	7	19	13	19	ENSG00000138326	1.0	False
0.004624148702886072	0.7611940298507462	0.1837875438572673	0.15762576523822197	6	6	5	3	4	ENSG00000138613	1.0	False
0.003034969805240129	0.7611940298507462	0.40232449052241853	0.2523492111998166	14	7	12	4	8	ENSG00000139496	1.0	False
8.723695831501791e-07	0.7611940298507462	0.0007440476190476455	0.0014652014652014626	2	7	16	5	10	ENSG00000142039	1.0	False
0.003556084348255247	0.7611940298507462	0.09463812496534946	0.1616809116809117	4	4	5	3	4	ENSG00000143952	1.0	False
0.005814149783279328	0.7611940298507462	0.21786005552936696	0.20223752151462995	12	7	16	3	11	ENSG00000144048	1.0	False
0.00012454852791927995	0.7611940298507462	0.010703363914373085	0.031180400890868556	4	2	4	4	4	ENSG00000145476	1.0	False
0.00203905896821972	0.7611940298507462	0.14540745803903693	0.2300868187142562	5	6	9	3	7	ENSG00000146707	1.0	False
0.00197322985997261	0.7611940298507462	0.2840111590918042	0.15148005148005148	7	6	11	3	7	ENSG00000148248	1.0	False
4.0039883315768614e-05	0.7611940298507462	0.027556532269043706	0.019771604595268225	9	7	19	12	18	ENSG00000155368	1.0	False
0.0018468848742755756	0.7611940298507462	0.21631895372007412	0.25908469945355184	9	6	8	3	5	ENSG00000160584	1.0	False
0.0007890566100068312	0.7611940298507462	0.2398379060383653	0.08132668096342652	6	7	17	5	11	ENSG00000160679	1.0	False
0.005035725475423185	0.7611940298507462	0.1677273408469318	0.20477768572217617	8	2	3	3	3	ENSG00000161405	1.0	False
0.0007516800059024054	0.7611940298507462	0.20124310337361484	0.1419890054972514	8	7	17	4	11	ENSG00000171824	1.0	False
4.777376142722045e-05	0.7611940298507462	0.048221131753291666	0.030018215182726942	13	7	19	12	18	ENSG00000172757	1.0	False
0.001146536758278802	0.7611940298507462	0.08091417321551048	0.06292003114985648	2	7	18	8	15	ENSG00000173674	1.0	False
2.787755515667196e-06	0.7611940298507462	0.0026408450704225195	0.0024671052631578742	2	7	13	3	9	ENSG00000177051	1.0	False
0.0029089598214615555	0.7611940298507462	0.2806806538382993	0.14574093079291423	8	2	3	3	3	ENSG00000177337	1.0	False
0.0038638587505396295	0.7611940298507462	0.19236765376935006	0.24920087903306362	5	5	6	3	5	ENSG00000185414	1.0	False
0.004730444720409235	0.7611940298507462	0.25142167656485387	0.253058314937454	26	7	16	5	11	ENSG00000196998	1.0	False
0.004020124415757085	0.7611940298507462	0.2452638182282345	0.24205697794487546	13	7	12	3	9	ENSG00000197969	1.0	False
0.001454260332908885	0.7611940298507462	0.12051143596984976	0.10455298347675031	8	6	13	4	9	ENSG00000198520	1.0	False
0.002278721411279002	0.7611940298507462	0.20559023501245788	0.13487275843881855	4	7	14	4	8	ENSG00000233937	1.0	False
0.00016365727286830572	0.7611940298507462	0.07965785604799658	0.05987767160196488	4	5	7	3	6	ENSG00000241106	1.0	False
0.005487967245601079	0.7611940298507462	0.2621311124698926	0.26992713452523986	8	6	11	3	7	ENSG00000256525	1.0	False
0.0015898125025125263	0.7611940298507462	0.07590361445783128	0.06067101584342962	3	2	3	3	3	ENSG00000290760	1.0	False
0.0064631798705577625	0.7611940298507462	0.2429907735587374	0.2965983911499207	10	4	7	4	5	ENSG00000291202	1.0	False
6.51575127005109e-05	0.7661691542288557	0.050729084597430474	0.04505397048601405	5	7	15	6	11	ENSG00000001630	1.0	False
0.003185593349476274	0.7661691542288557	0.2514741385721919	0.29603668042182485	8	4	11	5	8	ENSG00000006634	1.0	False
0.00036986503339474545	0.7661691542288557	0.12010855991424144	0.05395639650257979	7	7	16	6	11	ENSG00000012963	1.0	False
0.008484077410349667	0.7661691542288557	0.1533817437043243	0.16494082840236685	9	5	4	3	3	ENSG00000040531	1.0	False
0.0003126632374012649	0.7661691542288557	0.049245991795818796	0.04944681330395459	5	7	16	4	12	ENSG00000061794	1.0	False
0.0001343090794110888	0.7661691542288557	0.04083141684473601	0.04039063044449641	6	7	17	9	14	ENSG00000079332	1.0	False
0.0008919489903879982	0.7661691542288557	0.11849835548441218	0.07403775176631869	6	6	8	3	6	ENSG00000083750	1.0	False
0.0013394006979934247	0.7661691542288557	0.20688785408540494	0.15544822144606826	10	7	17	5	11	ENSG00000084754	1.0	False
0.003238784668116532	0.7661691542288557	0.28891718320618515	0.2867180904136925	12	7	12	3	9	ENSG00000088038	1.0	False
0.0017000730630750277	0.7661691542288557	0.2990850537645902	0.235632009852913	5	5	11	5	7	ENSG00000091436	1.0	False
0.00410827490474163	0.7661691542288557	0.2571818844144549	0.20819016450692443	6	7	14	4	10	ENSG00000105926	1.0	False
0.005204079233432982	0.7661691542288557	0.19702179382400725	0.2807590249680814	9	7	18	6	12	ENSG00000107262	1.0	False
7.483333829479496e-05	0.7661691542288557	0.03756267395867415	0.029802913249258982	7	7	19	9	15	ENSG00000108826	1.0	False
0.0010700663989514343	0.7661691542288557	0.16764546894719026	0.12972537780863605	9	2	3	3	3	ENSG00000112137	1.0	False
0.0002782632837356676	0.7661691542288557	0.10928870439819627	0.050994868618519915	12	7	16	5	11	ENSG00000112679	1.0	False
0.0028459891704763554	0.7661691542288557	0.13245973513226275	0.1931720652277568	5	4	4	3	4	ENSG00000115207	1.0	False
0.004085926676898211	0.7661691542288557	0.19023498306793404	0.33595465631343	8	7	17	8	14	ENSG00000116209	1.0	False
0.00487406647845429	0.7661691542288557	0.2804048411991005	0.23726057747284163	9	2	3	3	3	ENSG00000117226	1.0	False
3.3354978963821845e-05	0.7661691542288557	0.04216670467198311	0.04926921263554923	5	7	19	13	18	ENSG00000123144	1.0	False
0.0020364530839247384	0.7661691542288557	0.10817307692307691	0.24406779661016953	5	4	5	3	4	ENSG00000123836	1.0	False
0.0032580815658411312	0.7661691542288557	0.22727900900191325	0.20514354066985646	14	4	4	3	4	ENSG00000126858	1.0	False
9.402225907122326e-05	0.7661691542288557	0.020968843716760163	0.006693711967545639	3	2	3	3	3	ENSG00000126860	1.0	False
0.002201639156275059	0.7661691542288557	0.2850423710700345	0.41388888888888886	13	7	16	3	10	ENSG00000127564	1.0	False
0.0005664938471309874	0.7661691542288557	0.07895838409197167	0.09684030898748287	12	7	19	8	14	ENSG00000130726	1.0	False
0.005696429081265732	0.7661691542288557	0.3615869543612213	0.36143611115855645	26	7	12	3	7	ENSG00000131374	1.0	False
0.0013283344269515442	0.7661691542288557	0.13156687517086066	0.09536111055562323	14	5	7	3	5	ENSG00000135749	1.0	False
0.004775264115136565	0.7661691542288557	0.23485931810402783	0.24108756539660722	39	7	17	7	13	ENSG00000136104	1.0	False
0.0015319329873368763	0.7661691542288557	0.16265091033902196	0.1619669506410333	15	7	16	5	13	ENSG00000136718	1.0	False
0.0074059473158959496	0.7661691542288557	0.1792654567654568	0.3186305089721478	8	2	3	3	3	ENSG00000138413	1.0	False
0.0018070978547029617	0.7661691542288557	0.2428594186500494	0.159584193314296	3	6	10	4	7	ENSG00000141446	1.0	False
0.0002853349652923615	0.7661691542288557	0.0850748468661829	0.0733779487248575	3	7	18	8	13	ENSG00000146007	1.0	False
0.00019750804860677891	0.7661691542288557	0.0918753269187987	0.03936967457139926	6	7	15	4	10	ENSG00000146909	1.0	False
0.0026280827726905334	0.7661691542288557	0.2824626543710552	0.2970388091440723	4	6	13	4	10	ENSG00000153975	1.0	False
0.0013962814200981378	0.7661691542288557	0.0806477875188611	0.0666666666666667	4	5	4	3	4	ENSG00000156162	1.0	False
0.0010801419465728103	0.7661691542288557	0.08885689637636661	0.08974834843949706	4	7	16	7	8	ENSG00000160007	1.0	False
3.9230195955452604e-05	0.7661691542288557	0.05615692505130148	0.03917233246734106	4	4	7	4	5	ENSG00000161921	1.0	False
0.00527137052539702	0.7661691542288557	0.0422210153852007	0.13256658595641646	3	2	3	3	3	ENSG00000162104	1.0	False
0.001954688525361225	0.7661691542288557	0.19537615922647772	0.17131487929299358	8	6	7	3	5	ENSG00000162869	1.0	False
0.0001492512601707529	0.7661691542288557	0.02960201200904922	0.05580875781948173	5	2	3	3	3	ENSG00000163281	1.0	False
1.0125137675606312e-05	0.7661691542288557	0.027451847336427984	0.018875177166765594	11	7	19	13	19	ENSG00000166441	1.0	False
4.497458336943635e-06	0.7661691542288557	0.01505456540087454	0.010289885619542069	15	7	19	13	19	ENSG00000167526	1.0	False
0.0014036506809623043	0.7661691542288557	0.12244033440473064	0.15803258403794598	13	7	13	4	10	ENSG00000167930	1.0	False
0.014963850050631064	0.7661691542288557	0.27877038006210014	0.3591211622414657	7	4	5	3	4	ENSG00000170836	1.0	False
0.0017352686978824355	0.7661691542288557	0.15330839553789458	0.07621040416759253	9	6	11	5	8	ENSG00000172009	1.0	False
0.002424310134696535	0.7661691542288557	0.20257258774041323	0.1613866895926637	6	7	16	6	11	ENSG00000175221	1.0	False
0.0022959654115777134	0.7661691542288557	0.27708384136663633	0.2090725353694139	4	7	12	3	9	ENSG00000179958	1.0	False
0.004568611891187613	0.7661691542288557	0.3353337024882093	0.2282236888794266	25	7	13	4	9	ENSG00000182670	1.0	False
0.0007898754666501521	0.7661691542288557	0.14814811533133204	0.08804002292468491	4	7	16	6	14	ENSG00000183520	1.0	False
1.5486267214885814e-06	0.7661691542288557	0.003921568627450973	0.0038314176245210886	3	6	12	4	8	ENSG00000186687	1.0	False
4.985380512823456e-05	0.7661691542288557	0.05135380505981466	0.031047763100028873	6	7	17	7	13	ENSG00000196967	1.0	False
0.00032753057946021416	0.7661691542288557	0.13175473341641478	0.11398643163160115	6	7	17	6	12	ENSG00000197223	1.0	False
0.002499926029282282	0.7661691542288557	0.14419566607047335	0.13151596212039543	6	7	19	8	15	ENSG00000211450	1.0	False
0.011750624718617507	0.7661691542288557	0.4038005959265464	0.551995022166913	15	7	12	4	9	ENSG00000291090	1.0	False
0.00353536181884887	0.7711442786069652	0.24692950562729293	0.22691169850151136	11	6	8	3	7	ENSG00000033011	1.0	False
4.1415594051134146e-05	0.7711442786069652	0.04761904761904761	0.014084507042253534	3	6	9	3	6	ENSG00000063169	1.0	False
0.0002006727986555965	0.7711442786069652	0.07162336169511269	0.033469850691109214	9	7	17	5	12	ENSG00000071894	1.0	False
0.0002020554855037047	0.7711442786069652	0.10327541385788902	0.06826031953818908	3	7	16	7	13	ENSG00000077420	1.0	False
0.001961492688691468	0.7711442786069652	0.17027707065166187	0.16649804241895053	8	7	12	6	11	ENSG00000091490	1.0	False
0.0038194081922977748	0.7711442786069652	0.17251032973948838	0.26857867971873184	17	7	18	6	12	ENSG00000092036	1.0	False
4.954141826079573e-05	0.7711442786069652	0.07559705804633671	0.029281446030305684	16	7	14	6	12	ENSG00000099331	1.0	False
0.0010268305038990456	0.7711442786069652	0.07907481623835698	0.16615295022982055	4	7	13	5	10	ENSG00000100307	1.0	False
0.0002938952135388916	0.7711442786069652	0.07267168776364644	0.07532693481093024	13	7	16	7	10	ENSG00000102858	1.0	False
0.0020714515228008002	0.7711442786069652	0.22506490683439218	0.11570352821727721	9	4	7	4	6	ENSG00000107771	1.0	False
0.0038565285545837744	0.7711442786069652	0.21665555127988637	0.1766037735849057	6	7	6	3	5	ENSG00000108469	1.0	False
0.002045771031083879	0.7711442786069652	0.14469544781349541	0.16255623080703296	16	7	18	7	14	ENSG00000113312	1.0	False
0.0006514234117394142	0.7711442786069652	0.2045775654558239	0.16430145675428692	8	7	16	6	12	ENSG00000115806	1.0	False
0.009490997308588286	0.7711442786069652	0.22486831042971134	0.2798913677627127	22	6	9	4	7	ENSG00000117682	1.0	False
0.0022389494080133263	0.7711442786069652	0.3158842041373108	0.3549858364656534	31	7	16	6	12	ENSG00000119397	1.0	False
0.010261922676046911	0.7711442786069652	0.2222131045069394	0.20566321638706744	7	7	14	4	10	ENSG00000122550	1.0	False
1.4491261026804705e-07	0.7711442786069652	0.0037878787878787862	0.0006963788300835601	2	6	10	3	8	ENSG00000124209	1.0	False
0.0021122367050192426	0.7711442786069652	0.13591463196956724	0.14575846252152005	20	7	19	8	15	ENSG00000129255	1.0	False
0.0018334378531356414	0.7711442786069652	0.2260850583785009	0.30509455882072867	8	6	11	4	8	ENSG00000130517	1.0	False
0.0031372885526013126	0.7711442786069652	0.14995365605503275	0.1344585372349279	5	2	3	3	3	ENSG00000135766	1.0	False
0.0010726618791449503	0.7711442786069652	0.12972145195725027	0.09322037580102095	5	7	15	5	10	ENSG00000136827	1.0	False
0.0009104030472331803	0.7711442786069652	0.14846693593181753	0.13068157594243268	5	7	18	8	13	ENSG00000137996	1.0	False
0.0004070709913614499	0.7711442786069652	0.09098381144526638	0.07509461903229107	4	7	15	5	12	ENSG00000141424	1.0	False
0.0001440733382192991	0.7711442786069652	0.06968546736679694	0.03953651222767406	11	7	15	6	8	ENSG00000147421	1.0	False
0.00018856360351546893	0.7711442786069652	0.07635188458807732	0.03628775834658187	4	7	18	9	14	ENSG00000149600	1.0	False
0.002869034236770668	0.7711442786069652	0.270685554644641	0.2128674698795181	19	4	7	4	6	ENSG00000155363	1.0	False
0.009875113626582376	0.7711442786069652	0.4300977541532264	0.37966461974492205	6	7	10	3	6	ENSG00000156675	1.0	False
0.002865691243936135	0.7711442786069652	0.32064672445279496	0.27873580544668874	16	7	16	5	11	ENSG00000163939	1.0	False
0.0010141659816588402	0.7711442786069652	0.13546680656621765	0.19151366311932327	6	7	15	5	11	ENSG00000164610	1.0	False
0.0014736538305082669	0.7711442786069652	0.18235454054502415	0.19202135131338668	8	6	11	3	7	ENSG00000170365	1.0	False
0.00422707556285453	0.7711442786069652	0.1691906267248733	0.1640257370594449	9	2	3	3	3	ENSG00000172943	1.0	False
0.0033184530174948093	0.7711442786069652	0.21900100038686005	0.2969470046082949	5	6	12	3	8	ENSG00000173473	1.0	False
0.002004863383036999	0.7711442786069652	0.26597828595952216	0.41071068548387096	17	5	7	4	6	ENSG00000181555	1.0	False
0.00282234499131652	0.7711442786069652	0.2548685144391466	0.24402779329183463	19	7	14	4	10	ENSG00000184584	1.0	False
0.0007252452143564681	0.7711442786069652	0.14318234676443625	0.150472452161251	7	5	9	3	5	ENSG00000187266	1.0	False
0.0038665929480063777	0.7711442786069652	0.12410750317727062	0.13771159475626826	5	2	3	3	3	ENSG00000188647	1.0	False
0.0006442629623996328	0.7711442786069652	0.1436295438295034	0.10127648374786154	9	7	14	5	9	ENSG00000198056	1.0	False
0.0010122840002443874	0.7711442786069652	0.12086838819581194	0.08504066358989605	10	7	18	10	15	ENSG00000204316	1.0	False
0.0006504169931675029	0.7711442786069652	0.07626086956521738	0.03168290581295154	3	2	3	3	3	ENSG00000290846	1.0	False
0.0015446758408747087	0.7761194029850746	0.3288308449034566	0.3142265585115435	20	7	11	3	8	ENSG00000048052	1.0	False
6.173902689383873e-05	0.7761194029850746	0.01913803496081972	0.0163037409268565	2	3	4	3	4	ENSG00000049239	1.0	False
0.004138184891129198	0.7761194029850746	0.2561975953739118	0.2045990566037736	13	7	8	3	5	ENSG00000070269	1.0	False
0.005477110105234941	0.7761194029850746	0.30424370206397694	0.3176668471115923	7	5	10	3	5	ENSG00000078399	1.0	False
0.00018581634077573068	0.7761194029850746	0.08306009731144699	0.050391462252917345	4	7	12	4	7	ENSG00000079950	1.0	False
0.000639647046760867	0.7761194029850746	0.07272040688521082	0.07987336446408437	26	7	19	13	19	ENSG00000089157	1.0	False
0.008519443779180019	0.7761194029850746	0.3582926535169164	0.3064269367421512	18	7	11	3	7	ENSG00000100949	1.0	False
0.0030284314967855327	0.7761194029850746	0.1915671675308255	0.15406625412646963	10	7	16	7	11	ENSG00000102316	1.0	False
0.001217974615631093	0.7761194029850746	0.13115509771654768	0.11224701608718216	17	7	15	3	9	ENSG00000108312	1.0	False
0.001256317222871112	0.7761194029850746	0.09078957980089852	0.13085955357026244	7	7	16	5	11	ENSG00000111276	1.0	False
0.0003071338231504423	0.7761194029850746	0.16175431152726613	0.09123559096627128	14	7	10	6	8	ENSG00000112531	1.0	False
0.00957670257295562	0.7761194029850746	0.392065133793075	0.4474312402698495	7	7	11	3	7	ENSG00000113456	1.0	False
0.00298407436333246	0.7761194029850746	0.17586456741486167	0.18131287400652507	12	7	19	12	19	ENSG00000113558	1.0	False
0.005080216399896836	0.7761194029850746	0.12597267527530265	0.16172799362255597	11	7	18	7	14	ENSG00000113575	1.0	False
0.006054354168804069	0.7761194029850746	0.25908068913184007	0.2736969756966787	18	5	7	3	6	ENSG00000114388	1.0	False
7.85533420612837e-05	0.7761194029850746	0.03802700797909064	0.02658108036047565	5	7	18	8	14	ENSG00000115233	1.0	False
9.538897208768364e-05	0.7761194029850746	0.13469825146684014	0.03868105017543121	6	7	18	9	13	ENSG00000124193	1.0	False
0.00015801132518287222	0.7761194029850746	0.0630956589896613	0.0690037602932077	3	7	17	7	12	ENSG00000136451	1.0	False
3.107154541122316e-05	0.7761194029850746	0.03171276736649903	0.010204607800069454	5	7	19	11	17	ENSG00000136930	1.0	False
2.4437856449166872e-05	0.7761194029850746	0.02952986936317288	0.016651779430356024	9	7	19	10	16	ENSG00000137106	1.0	False
0.001448849237810153	0.7761194029850746	0.14599879030619223	0.13278306535990658	4	7	17	7	14	ENSG00000138381	1.0	False
0.00014326714266905925	0.7761194029850746	0.12601291281291793	0.04366505233557258	3	7	10	3	7	ENSG00000145041	1.0	False
0.0027466348834279354	0.7761194029850746	0.13997841437937097	0.17153396552903533	7	7	16	6	12	ENSG00000159079	1.0	False
0.006128947087345307	0.7761194029850746	0.2059424699458614	0.11554052515315068	6	2	3	3	3	ENSG00000167081	1.0	False
2.127844379838785e-05	0.7761194029850746	0.02220932897828205	0.03195782884441151	4	2	3	3	3	ENSG00000167447	1.0	False
0.0032938167796268216	0.7761194029850746	0.23780168960145565	0.23900900900900907	16	5	5	3	5	ENSG00000170919	1.0	False
9.715047396800605e-05	0.7761194029850746	0.06028866365563451	0.06796711674185385	3	6	11	4	7	ENSG00000178573	1.0	False
0.0004071519473746439	0.7761194029850746	0.0940182852107751	0.09995240696087708	6	7	18	6	12	ENSG00000180304	1.0	False
0.0037630068260441855	0.7761194029850746	0.3578574313184852	0.33587570621468926	6	4	5	3	4	ENSG00000184209	1.0	False
3.7207532442906e-06	0.7761194029850746	0.005337132748670233	0.00489995916700693	6	7	18	7	14	ENSG00000186283	1.0	False
0.0002423722832287448	0.7761194029850746	0.05325764015212058	0.05349210507568602	4	7	18	8	15	ENSG00000187257	1.0	False
6.865256721549238e-05	0.7761194029850746	0.04231179542387001	0.0378551535362953	2	6	11	3	7	ENSG00000203778	1.0	False
1.366810936810229e-06	0.7761194029850746	0.002970297029703027	0.0031185031185031326	2	7	12	5	9	ENSG00000204389	1.0	False
2.439443767329926e-05	0.7761194029850746	0.0060606060606060086	0.010238907849829362	4	2	3	3	3	ENSG00000205560	1.0	False
0.0023014270571319563	0.7761194029850746	0.15934314152040258	0.11127790950174049	8	7	15	4	11	ENSG00000213347	1.0	False
0.0007073219473462617	0.7761194029850746	0.16278186635579958	0.07069816691273392	12	7	17	7	13	ENSG00000225663	1.0	False
0.00041222358142986815	0.7761194029850746	0.037865834267312534	0.041961276680103084	2	5	6	3	4	ENSG00000230138	1.0	False
0.0032945088439274776	0.7761194029850746	0.15784659006748358	0.21882059498395598	8	7	9	3	7	ENSG00000236682	1.0	False
7.891120284768196e-05	0.7761194029850746	0.01393753023510471	0.021356068100667907	3	7	19	11	18	ENSG00000266402	1.0	False
0.00023651519155304862	0.7761194029850746	0.02785145888594165	0.04471544715447153	3	7	8	3	6	ENSG00000269386	1.0	False
0.004661465749342679	0.7761194029850746	0.15081952075234983	0.1948590466691003	3	3	6	3	6	ENSG00000270882	1.0	False
0.010034222089700635	0.7761194029850746	0.34788765174424974	0.4292682926829268	9	7	9	4	6	ENSG00000290770	1.0	False
0.004185395395944297	0.7810945273631841	0.2871327849641872	0.20630595562475673	20	7	9	3	6	ENSG00000005801	1.0	False
0.0026702590388665653	0.7810945273631841	0.16105416838933134	0.1869805111032741	6	7	14	4	12	ENSG00000035141	1.0	False
0.0017994822672019431	0.7810945273631841	0.1265567760711903	0.1458495485678705	15	7	16	6	11	ENSG00000058600	1.0	False
0.007679896602862425	0.7810945273631841	0.4266932970633781	0.42035283564238013	14	6	7	3	5	ENSG00000059377	1.0	False
0.000987793704007058	0.7810945273631841	0.13692979591022772	0.1514861061239619	19	7	17	7	12	ENSG00000060237	1.0	False
0.0013796942565861994	0.7810945273631841	0.1438133753471209	0.2533854282289216	4	5	4	3	3	ENSG00000075336	1.0	False
0.0011453952731021403	0.7810945273631841	0.03883942285678188	0.05853643032933565	5	7	18	9	13	ENSG00000095380	1.0	False
0.0017120749783485498	0.7810945273631841	0.15252274904732777	0.17027449541276643	18	7	19	10	16	ENSG00000100823	1.0	False
0.003978526618294318	0.7810945273631841	0.26903906575982306	0.3410412262156448	9	6	6	3	5	ENSG00000101181	1.0	False
0.0037167553061824943	0.7810945273631841	0.08929953852532034	0.18633109788260116	3	5	7	3	6	ENSG00000103126	1.0	False
0.0024000782770323336	0.7810945273631841	0.14256444485832187	0.09990379990379993	2	7	7	3	5	ENSG00000107175	1.0	False
0.0010009971342727377	0.7810945273631841	0.11758799927919197	0.09687953555878083	3	6	10	3	7	ENSG00000110104	1.0	False
0.001233244624664589	0.7810945273631841	0.10053383090661638	0.10149605000507494	16	7	18	8	13	ENSG00000115204	1.0	False
0.0013992601411163734	0.7810945273631841	0.11951453229891257	0.09826046206341214	5	7	19	7	14	ENSG00000116815	1.0	False
7.037008683828436e-05	0.7810945273631841	0.06401816116899856	0.030042918454935643	5	6	10	3	8	ENSG00000118762	1.0	False
0.0038964988888409774	0.7810945273631841	0.22863361232636947	0.24801295946670399	14	7	12	4	8	ENSG00000118855	1.0	False
0.0008905961246973833	0.7810945273631841	0.18328408975625332	0.33886621731089617	5	7	16	5	9	ENSG00000119906	1.0	False
0.0015762838756111961	0.7810945273631841	0.1911052998789543	0.14255415736049823	28	7	19	6	15	ENSG00000120948	1.0	False
1.7014952751095026e-06	0.7810945273631841	0.009473642697746625	0.006524144435828718	2	7	19	10	14	ENSG00000122122	1.0	False
0.0005542303442357779	0.7810945273631841	0.06811452278348053	0.05246668957465955	7	7	15	4	9	ENSG00000123154	1.0	False
1.3151951468464987e-05	0.7810945273631841	0.016306595550884682	0.008854936696969054	2	7	15	5	10	ENSG00000124702	1.0	False
0.00013341456440835484	0.7810945273631841	0.10010987811238434	0.04444894644442877	5	5	10	3	7	ENSG00000126787	1.0	False
0.0013247256167102464	0.7810945273631841	0.09318121635638776	0.07938025370171345	7	7	10	3	6	ENSG00000131470	1.0	False
0.0017796362517756422	0.7810945273631841	0.24097690074772732	0.16432668207415127	10	7	14	6	8	ENSG00000135269	1.0	False
0.001499586221348819	0.7810945273631841	0.13665598255599534	0.15014690726084978	39	7	19	13	19	ENSG00000135486	1.0	False
0.0005729388887747438	0.7810945273631841	0.25243308912441825	0.20895522388059704	4	7	11	3	9	ENSG00000135801	1.0	False
0.01806331622037544	0.7810945273631841	0.369191309171707	0.4836023961823535	11	7	18	5	13	ENSG00000136271	1.0	False
0.007633275815726016	0.7810945273631841	0.14083608977770157	0.20868578836493273	10	2	3	3	3	ENSG00000137492	1.0	False
0.00012000391576359253	0.7810945273631841	0.03079210376940654	0.02399864524641191	4	6	12	3	8	ENSG00000138035	1.0	False
0.0016350227657756307	0.7810945273631841	0.12451638875902551	0.054526505508585	4	4	4	3	4	ENSG00000141337	1.0	False
0.0009080622720067756	0.7810945273631841	0.18300390544386	0.1724426725885728	19	7	15	5	10	ENSG00000151883	1.0	False
0.00014936026262603476	0.7810945273631841	0.06944659654731153	0.03493325022076774	5	7	17	5	11	ENSG00000160072	1.0	False
7.384724052276605e-05	0.7810945273631841	0.07423793006648328	0.04939127284961441	6	7	19	9	15	ENSG00000164182	1.0	False
0.0003944526717281386	0.7810945273631841	0.16067317570305392	0.09742514695966464	6	7	18	6	12	ENSG00000166266	1.0	False
0.0033676162048804437	0.7810945273631841	0.2900226674010034	0.22993137866500316	23	6	13	3	11	ENSG00000167965	1.0	False
0.0001140150809456402	0.7810945273631841	0.04884098157739678	0.023128458345055725	4	7	19	11	18	ENSG00000169020	1.0	False
0.00012149364971689878	0.7810945273631841	0.0592990929686795	0.04769170815243344	10	7	14	5	9	ENSG00000170266	1.0	False
6.329417071590224e-05	0.7810945273631841	0.03235458760306639	0.01937406855439641	5	6	7	3	6	ENSG00000171492	1.0	False
0.0009040387821701278	0.7810945273631841	0.14269603274416595	0.2308350818495437	13	7	19	11	16	ENSG00000176731	1.0	False
0.004606103548733841	0.7810945273631841	0.2819329004329005	0.23458445040214482	7	7	8	3	6	ENSG00000179406	1.0	False
0.011644383825623852	0.7810945273631841	0.1487031049600267	0.31065682956692975	13	7	18	9	14	ENSG00000196465	1.0	False
0.005072223168100178	0.7810945273631841	0.2223256904472543	0.5315584345505563	7	7	17	6	12	ENSG00000196735	1.0	False
2.026199034180056e-06	0.7810945273631841	0.0035307846444041554	0.0043096867660864045	4	7	17	8	14	ENSG00000198832	1.0	False
0.002115982305217288	0.7810945273631841	0.23575068544578587	0.18503121195638095	4	6	9	3	7	ENSG00000226471	1.0	False
0.007230750292621595	0.7810945273631841	0.42558201230861464	0.29375533023784706	8	4	5	3	4	ENSG00000232645	1.0	False
0.00022571381581092188	0.7810945273631841	0.0640986393572316	0.21438035633739286	3	2	3	3	3	ENSG00000289439	1.0	False
0.0015309010664649888	0.7860696517412935	0.17852222428864598	0.1187830041074732	11	7	18	7	15	ENSG00000000419	1.0	False
0.0015373683711412372	0.7860696517412935	0.1174717525040967	0.09141921907879351	7	7	15	6	10	ENSG00000009335	1.0	False
6.142282394616413e-06	0.7860696517412935	0.014042399157322506	0.009581103638724218	3	7	18	7	14	ENSG00000064726	1.0	False
1.812113932852767e-05	0.7860696517412935	0.02647871562564172	0.015216292425654247	2	7	14	4	9	ENSG00000067533	1.0	False
0.0011749020952535921	0.7860696517412935	0.05499157022189824	0.06951650500037594	5	2	3	3	3	ENSG00000073910	1.0	False
4.9982555334915914e-05	0.7860696517412935	0.021810230897044328	0.021015626311352932	8	7	18	9	15	ENSG00000074319	1.0	False
0.0034916492094126702	0.7860696517412935	0.10278357216499631	0.21213211781719366	12	7	19	13	18	ENSG00000089280	1.0	False
6.789416398478187e-05	0.7860696517412935	0.021448313985627507	0.02166064981949459	4	7	8	3	5	ENSG00000099910	1.0	False
5.3830289158487015e-06	0.7860696517412935	0.003759398496240615	0.0037523452157598473	2	6	10	4	7	ENSG00000104142	1.0	False
0.00023394212557717196	0.7860696517412935	0.08757471466741144	0.07638746565194403	10	7	15	5	9	ENSG00000104972	1.0	False
0.0002619938526678371	0.7860696517412935	0.04201762738348102	0.03239966555183947	4	2	3	3	3	ENSG00000107201	1.0	False
0.018013692643287234	0.7860696517412935	0.20598436285936286	0.2943398345900557	5	5	7	3	4	ENSG00000107371	1.0	False
0.00019157696538226458	0.7860696517412935	0.06331405117437863	0.04697457794043831	15	7	19	10	16	ENSG00000109920	1.0	False
0.00017467181945461565	0.7860696517412935	0.01782876784817697	0.025463247024174716	3	3	4	3	4	ENSG00000110092	1.0	False
0.0002339091894494079	0.7860696517412935	0.1252364425390436	0.10923530268612534	7	6	12	3	8	ENSG00000111684	1.0	False
0.0033556790901791075	0.7860696517412935	0.22759923799555434	0.13033873343151692	5	7	12	4	8	ENSG00000112584	1.0	False
0.0012096134844046067	0.7860696517412935	0.1588129720309263	0.11673351621762704	6	7	18	8	15	ENSG00000114395	1.0	False
0.0007272400408835914	0.7860696517412935	0.24026397161954777	0.0983843742464432	7	6	9	3	6	ENSG00000115339	1.0	False
7.296037455112804e-06	0.7860696517412935	0.0554658050619278	0.13095994914176734	2	7	12	3	10	ENSG00000124098	1.0	False
0.008527005915924153	0.7860696517412935	0.20167661932056885	0.2542312868563277	4	7	17	6	11	ENSG00000124228	1.0	False
0.0001346979760903612	0.7860696517412935	0.08878285959971637	0.04563979866858207	8	7	18	9	15	ENSG00000127125	1.0	False
0.0006451465361164896	0.7860696517412935	0.10145565899729478	0.09045167557066534	11	6	7	3	5	ENSG00000134897	1.0	False
0.002220153341457263	0.7860696517412935	0.2676763733568845	0.2345923704943992	12	7	16	5	13	ENSG00000136261	1.0	False
0.0003469662127963676	0.7860696517412935	0.055413701765562956	0.06727753668995581	7	7	19	11	17	ENSG00000136819	1.0	False
0.0015929869050515597	0.7860696517412935	0.16301532198332333	0.11506426735218508	3	4	6	3	5	ENSG00000138802	1.0	False
0.002010939063311125	0.7860696517412935	0.1529077629352505	0.2899950223992036	8	6	7	3	6	ENSG00000141568	1.0	False
0.0010248131067654312	0.7860696517412935	0.09910179828684448	0.11631956383580735	8	7	19	10	16	ENSG00000142864	1.0	False
0.0004606555484021747	0.7860696517412935	0.07529669241682513	0.05907121833934416	18	7	19	10	15	ENSG00000143575	1.0	False
0.006042427327541528	0.7860696517412935	0.3721242072347818	0.344572926302806	11	6	6	3	6	ENSG00000143799	1.0	False
0.0012052704339546565	0.7860696517412935	0.17414435856292876	0.1229459942012324	8	7	19	12	17	ENSG00000148362	1.0	False
0.00021407956952935903	0.7860696517412935	0.03663424697907453	0.02923976608187138	6	4	4	3	4	ENSG00000151413	1.0	False
0.004581656831304681	0.7860696517412935	0.17951999493680587	0.2969067969067969	5	5	6	3	3	ENSG00000153046	1.0	False
0.0007508169528825261	0.7860696517412935	0.13628385255188832	0.11691475690726068	9	7	15	6	9	ENSG00000154144	1.0	False
0.0032649389072586426	0.7860696517412935	0.2710524529898534	0.17339789628033642	5	7	15	4	12	ENSG00000160563	1.0	False
0.0003294316125230028	0.7860696517412935	0.0774932244044941	0.08475713188113418	10	5	5	3	4	ENSG00000160856	1.0	False
0.0037440418475707575	0.7860696517412935	0.1724284451663819	0.14508760257263248	5	7	11	3	7	ENSG00000160917	1.0	False
0.0010266287710102386	0.7860696517412935	0.07545268230417809	0.21049639416750016	3	2	3	3	3	ENSG00000164898	1.0	False
0.001674205806780489	0.7860696517412935	0.22146445808204274	0.1454353685690847	4	6	10	3	6	ENSG00000169155	1.0	False
0.0009401095766550744	0.7860696517412935	0.1602137037167432	0.1419826813974321	6	7	8	3	5	ENSG00000173890	1.0	False
0.003572373007360707	0.7860696517412935	0.3251247066425638	0.2636965683323299	7	6	11	3	6	ENSG00000180096	1.0	False
0.0017378705940977069	0.7860696517412935	0.18842603075355097	0.1984336765670901	11	7	11	4	8	ENSG00000182093	1.0	False
0.00041147300661209654	0.7860696517412935	0.05655900830672	0.0521268925739005	3	7	13	4	8	ENSG00000185222	1.0	False
0.00045179270828742	0.7860696517412935	0.06073534841886062	0.03781887336874546	5	2	4	4	4	ENSG00000196458	1.0	False
0.0011166229266622843	0.7860696517412935	0.15535322797526735	0.15411151117229696	54	7	15	6	13	ENSG00000197858	1.0	False
0.0005266570076145712	0.7860696517412935	0.12689490097036768	0.06765184680027281	6	7	12	3	8	ENSG00000198843	1.0	False
0.0013786428839666382	0.7860696517412935	0.10649479069187104	0.07999999999999996	2	2	3	3	3	ENSG00000205307	1.0	False
0.0001079207315361999	0.7860696517412935	0.06932513125535081	0.030095479544478762	3	7	13	4	8	ENSG00000237649	1.0	False
0.0008588870268195518	0.7860696517412935	0.1692762676856897	0.2048152284564979	7	2	3	3	3	ENSG00000270164	1.0	False
0.0011717609076426962	0.7860696517412935	0.13562031153355353	0.08622489781411054	4	2	3	3	3	ENSG00000277701	1.0	False
0.00010899050878780567	0.7860696517412935	0.03403765465303932	0.03818615751789978	4	7	12	4	9	ENSG00000290989	1.0	False
1.3054758123369453e-05	0.7860696517412935	0.02525252525252522	0.009505703422053244	3	7	8	3	6	ENSG00000291010	1.0	False
0.0053141843792952875	0.7910447761194029	0.3777733093237295	0.3151312690050966	25	6	10	3	6	ENSG00000010810	1.0	False
0.000730013495451736	0.7910447761194029	0.13828607778989455	0.10291028564247112	9	5	7	4	5	ENSG00000023171	1.0	False
0.0028712772831525246	0.7910447761194029	0.2837738147530501	0.2933044267419583	10	6	11	3	8	ENSG00000032219	1.0	False
0.0009901453260453977	0.7910447761194029	0.1491127167851306	0.10487789747937389	10	2	3	3	3	ENSG00000067369	1.0	False
8.046622268105449e-09	0.7910447761194029	0.0020380434782608673	0.00016646321163025208	2	7	9	3	6	ENSG00000073861	1.0	False
0.0007567376963973582	0.7910447761194029	0.16040989042676307	0.1723934018051665	24	7	19	9	14	ENSG00000076928	1.0	False
4.9810097694330536e-05	0.7910447761194029	0.08147034273925596	0.031084588231093287	21	7	19	10	16	ENSG00000087191	1.0	False
0.005611342913692134	0.7910447761194029	0.10463571527217996	0.25334230147188463	3	7	19	8	14	ENSG00000100387	1.0	False
9.446814743619312e-07	0.7910447761194029	0.0007038729265584022	0.0024061597690086855	2	7	19	11	15	ENSG00000100647	1.0	False
0.00042010663137904687	0.7910447761194029	0.04924953095684794	0.030617621231339626	3	2	3	3	3	ENSG00000106993	1.0	False
0.0037054965812611637	0.7910447761194029	0.1443206176272956	0.15019112025874742	9	7	18	6	14	ENSG00000108953	1.0	False
0.0013022242532074481	0.7910447761194029	0.09788575817274997	0.21614625217427638	8	7	19	9	16	ENSG00000111229	1.0	False
0.0016046992136965633	0.7910447761194029	0.19148383999913549	0.1468086837982462	11	7	15	4	12	ENSG00000111364	1.0	False
1.0145603435822177e-05	0.7910447761194029	0.020576131687242864	0.01893939393939394	4	7	14	3	9	ENSG00000112578	1.0	False
0.0041678826084561756	0.7910447761194029	0.2892793548491013	0.20179655870445345	6	7	8	3	6	ENSG00000115325	1.0	False
0.0014270105005988788	0.7910447761194029	0.2621022191994157	0.29430768236738386	11	5	7	3	5	ENSG00000116871	1.0	False
4.89868065226677e-05	0.7910447761194029	0.026666666666666644	0.020120724346076473	5	7	14	3	9	ENSG00000117419	1.0	False
0.0007273491660397183	0.7910447761194029	0.2905443070838255	0.12365157301327512	5	5	7	3	5	ENSG00000118960	1.0	False
0.0047466802003609376	0.7910447761194029	0.14213819099038177	0.25046113302161865	13	7	19	9	16	ENSG00000122257	1.0	False
0.00025044190628071	0.7910447761194029	0.07626289770029855	0.04955752212389383	3	6	9	3	6	ENSG00000122484	1.0	False
0.0038057995738694883	0.7910447761194029	0.2499696508427973	0.2131906399966025	12	7	12	3	8	ENSG00000123992	1.0	False
0.0026635835690494566	0.7910447761194029	0.087189256419361	0.15618661257606492	7	5	5	3	4	ENSG00000125656	1.0	False
0.0002900433988185005	0.7910447761194029	0.1266101650641874	0.25430005854892973	31	7	19	13	19	ENSG00000127314	1.0	False
2.9543117524750397e-05	0.7910447761194029	0.010112742425468186	0.019545657015590197	2	6	11	4	8	ENSG00000128185	1.0	False
0.008309444014762123	0.7910447761194029	0.3300361783497881	0.3619088821591401	17	7	10	3	8	ENSG00000133313	1.0	False
0.005867736276770666	0.7910447761194029	0.2349142279501847	0.25652369285416243	19	7	15	5	9	ENSG00000134905	1.0	False
0.015810687224265756	0.7910447761194029	0.24143598042858344	0.1608917539618587	5	3	5	3	5	ENSG00000138660	1.0	False
0.0021116116426426737	0.7910447761194029	0.27066912519251624	0.3353661181273121	9	7	19	6	13	ENSG00000141867	1.0	False
1.3889351029839728e-06	0.7910447761194029	0.015873015873015844	0.006676557863501501	4	7	14	5	12	ENSG00000142178	1.0	False
3.229677182051453e-06	0.7910447761194029	0.005376344086021502	0.004489337822671146	2	5	9	3	6	ENSG00000142552	1.0	False
0.0002545491393699406	0.7910447761194029	0.11361331272635981	0.17604151470624618	27	7	19	13	18	ENSG00000143774	1.0	False
4.2880159366046045e-05	0.7910447761194029	0.02256983474971224	0.01989830262863321	10	7	19	13	19	ENSG00000143947	1.0	False
0.006197081013753669	0.7910447761194029	0.2300741729594512	0.19115292610800322	7	5	10	3	6	ENSG00000146729	1.0	False
0.005109336630993972	0.7910447761194029	0.29731040882406123	0.43790054328098876	35	7	12	3	8	ENSG00000147099	1.0	False
5.405552925419541e-06	0.7910447761194029	0.01174377218881862	0.00701262272089764	3	7	18	7	13	ENSG00000158435	1.0	False
0.0002841324908558177	0.7910447761194029	0.11332649698622681	0.0699308088671838	17	7	19	13	18	ENSG00000163466	1.0	False
1.5096588012978346e-06	0.7910447761194029	0.004081632653061194	0.0031612223393045116	2	7	13	4	9	ENSG00000163807	1.0	False
0.0022480041980094587	0.7910447761194029	0.21821187260063618	0.1840264251395922	12	7	15	6	10	ENSG00000164548	1.0	False
0.0023523577690244355	0.7910447761194029	0.16127898707392546	0.13663237100737102	2	2	3	3	3	ENSG00000166133	1.0	False
0.01546000264676681	0.7910447761194029	0.27762025012025016	0.3537254901960783	10	5	6	3	4	ENSG00000167186	1.0	False
0.0020786819627078785	0.7910447761194029	0.48372319310377954	0.7097428565908696	3	7	9	3	7	ENSG00000168763	1.0	False
7.289388324957738e-05	0.7910447761194029	0.036127682300723385	0.019736842105263164	3	7	8	3	7	ENSG00000169967	1.0	False
0.000515130549616403	0.7910447761194029	0.1827902277792505	0.1247125216935313	4	7	12	6	10	ENSG00000174738	1.0	False
0.0012664621680416367	0.7910447761194029	0.16896213313924804	0.2113692553763267	6	7	13	4	10	ENSG00000175197	1.0	False
1.993255449046128e-05	0.7910447761194029	0.01669075930647069	0.013661380607102543	8	7	18	9	15	ENSG00000176209	1.0	False
0.0009342474131138991	0.7910447761194029	0.16019272665873838	0.08878021254584786	3	6	7	3	5	ENSG00000178585	1.0	False
1.4799551510243302e-05	0.7910447761194029	0.06475463509833071	0.02125746517415545	6	7	16	7	9	ENSG00000198851	1.0	False
0.004192719080650385	0.7910447761194029	0.24785701099333501	0.13012331501380797	5	5	6	3	4	ENSG00000204520	1.0	False
0.010114765717987596	0.7910447761194029	0.2696958289520445	0.22762966432697088	10	7	12	3	8	ENSG00000204564	1.0	False
0.0007039406310027291	0.7910447761194029	0.17469610216363265	0.061233527728544436	9	6	13	4	9	ENSG00000205250	1.0	False
0.0025107649603678486	0.7910447761194029	0.2878909394002274	0.34347826086956523	17	4	5	3	5	ENSG00000214655	1.0	False
0.000821051197377189	0.7910447761194029	0.18178899957683028	0.18215859037378712	17	7	18	8	14	ENSG00000214941	1.0	False
0.008615592497460599	0.7910447761194029	0.1702751654475792	0.22452531645569618	5	2	3	3	3	ENSG00000224905	1.0	False
0.0042308469807424524	0.7910447761194029	0.33148875265280725	0.2620064911055421	12	4	5	3	4	ENSG00000247240	1.0	False
3.5965878323206904e-06	0.7910447761194029	0.02348505786640864	0.007743605263981783	3	6	10	3	6	ENSG00000254709	1.0	False
0.00035775354725196763	0.7960199004975125	0.09227911015348521	0.05865154090457593	5	7	18	9	14	ENSG00000037241	1.0	False
6.065721024208021e-05	0.7960199004975125	0.04318389365060021	0.03424791768740812	4	7	14	4	11	ENSG00000067248	1.0	False
0.005362371845561742	0.7960199004975125	0.23983543409987765	0.41642944126285886	16	7	17	6	11	ENSG00000087087	1.0	False
0.0017230209491313944	0.7960199004975125	0.11882690823508577	0.1548629733227592	7	7	19	10	15	ENSG00000088448	1.0	False
0.0015994327689195218	0.7960199004975125	0.23106086755020902	0.18096519377543635	8	7	18	9	13	ENSG00000100354	1.0	False
9.244075814975123e-08	0.7960199004975125	0.00423145059371912	0.0012004801920768443	3	7	19	10	16	ENSG00000100410	1.0	False
0.000783380747095822	0.7960199004975125	0.10404335983220711	0.11231782922905788	12	7	19	12	17	ENSG00000100567	1.0	False
0.007914055988778385	0.7960199004975125	0.28911840750678475	0.2741969209859118	14	3	4	3	4	ENSG00000102974	1.0	False
0.004176450461798208	0.7960199004975125	0.2376714046822742	0.17291803758134094	3	4	6	3	4	ENSG00000104356	1.0	False
0.0027510215019271615	0.7960199004975125	0.22741132706836673	0.17468779062043308	2	7	12	4	8	ENSG00000104549	1.0	False
0.00019870223308637142	0.7960199004975125	0.05034594281733552	0.04521112981881381	12	7	18	9	15	ENSG00000104870	1.0	False
0.00900557111437636	0.7960199004975125	0.2037683482080414	0.2683659623958132	9	2	3	3	3	ENSG00000105655	1.0	False
0.0012353502839265863	0.7960199004975125	0.1970704981754784	0.1247961681701219	8	7	18	9	15	ENSG00000105968	1.0	False
0.00022250847654411057	0.7960199004975125	0.09145866566331348	0.0431141054432681	4	6	10	3	8	ENSG00000107951	1.0	False
0.005966940302419838	0.7960199004975125	0.3081165376754429	0.17843310740876764	6	6	9	3	6	ENSG00000108010	1.0	False
7.688611386883328e-06	0.7960199004975125	0.012715864572685316	0.00973140948998575	5	7	19	10	17	ENSG00000109062	1.0	False
4.602379687515235e-05	0.7960199004975125	0.06908051750611108	0.027655437412432492	3	7	19	10	16	ENSG00000112667	1.0	False
2.758957132512901e-06	0.7960199004975125	0.0032416199056163387	0.00541204652232259	3	7	19	7	14	ENSG00000113583	1.0	False
0.0018131240064300424	0.7960199004975125	0.06214464195292561	0.19779800487898952	4	7	18	11	16	ENSG00000113811	1.0	False
0.0031411941291056168	0.7960199004975125	0.1317842808649468	0.14922990706580114	8	7	18	7	12	ENSG00000114030	1.0	False
0.00015981872467000382	0.7960199004975125	0.08805013486623556	0.06653944307964466	12	7	19	9	13	ENSG00000114331	1.0	False
2.7460285413446493e-05	0.7960199004975125	0.03968253968253971	0.015384615384615368	12	7	12	3	9	ENSG00000124181	1.0	False
0.0013589282804593063	0.7960199004975125	0.19794149448501624	0.11708883596738111	7	7	18	7	14	ENSG00000126254	1.0	False
0.007816597068541166	0.7960199004975125	0.3826677319058609	0.32727621238259536	8	6	11	3	9	ENSG00000127452	1.0	False
0.006873035582738555	0.7960199004975125	0.305982905982906	0.21731829001858677	8	6	12	5	7	ENSG00000128050	1.0	False
0.002928116074944132	0.7960199004975125	0.09676033006716404	0.21002019623359658	9	7	16	5	11	ENSG00000134697	1.0	False
0.001332504898893841	0.7960199004975125	0.15163357528880866	0.17626550533889362	9	7	17	7	13	ENSG00000134758	1.0	False
4.042021692796932e-05	0.7960199004975125	0.053200991105221765	0.05568542828028527	6	7	12	3	9	ENSG00000148153	1.0	False
9.287109815857895e-05	0.7960199004975125	0.06741323237240496	0.02708656380378392	5	7	16	6	14	ENSG00000159348	1.0	False
4.996792843143152e-06	0.7960199004975125	0.020984804856223577	0.008094604686679257	14	7	18	11	15	ENSG00000159720	1.0	False
0.00037450906672757624	0.7960199004975125	0.15558404095299946	0.12018116447886301	4	7	19	10	15	ENSG00000163170	1.0	False
0.006477625086393626	0.7960199004975125	0.21854910062457233	0.2782042598028148	16	2	3	3	3	ENSG00000166801	1.0	False
0.008540681458573531	0.7960199004975125	0.2247998454046126	0.2813002473716759	7	7	10	3	6	ENSG00000167315	1.0	False
5.93683107876836e-05	0.7960199004975125	0.032539174099860665	0.024453237782555984	12	7	19	11	17	ENSG00000170906	1.0	False
0.005250511575015143	0.7960199004975125	0.3422920765027976	0.29660525170462787	11	5	7	3	6	ENSG00000172354	1.0	False
0.0025101165023167123	0.7960199004975125	0.11762842063013054	0.1885774911608239	13	7	19	13	18	ENSG00000173933	1.0	False
0.0019498688154659985	0.7960199004975125	0.24174931602115018	0.16790989499368214	6	7	14	4	8	ENSG00000175467	1.0	False
1.9289429207746863e-05	0.7960199004975125	0.02085934075866029	0.01323707146698183	7	7	17	10	15	ENSG00000181222	1.0	False
9.022194450041827e-08	0.7960199004975125	0.0002444987775061047	0.0005882352941176571	2	7	16	6	15	ENSG00000181788	1.0	False
2.355694282187046e-06	0.7960199004975125	0.014606859828870281	0.004299836419255991	6	7	19	12	17	ENSG00000187051	1.0	False
0.001334705797611188	0.7960199004975125	0.17401545407997024	0.19692147561000017	7	2	3	3	3	ENSG00000196497	1.0	False
1.989396114726731e-05	0.7960199004975125	0.03493149931406323	0.01373980121643674	4	7	18	8	14	ENSG00000198162	1.0	False
0.005226819473313111	0.7960199004975125	0.27044295656567974	0.25554551841814716	8	6	7	3	4	ENSG00000198301	1.0	False
0.008038343881342714	0.7960199004975125	0.20277641713946118	0.19599395313681028	7	2	3	3	3	ENSG00000222020	1.0	False
0.00026405710048902525	0.7960199004975125	0.11119357915065987	0.11365000545672813	2	7	11	3	6	ENSG00000270231	1.0	False
0.0002981987226693963	0.7960199004975125	0.057426419323975866	0.03852180471260866	3	7	19	10	16	ENSG00000278615	1.0	False
0.005397959454242195	0.8009950248756219	0.20385051244809343	0.28011426060206546	11	7	11	3	7	ENSG00000010361	1.0	False
7.666849205206749e-05	0.8009950248756219	0.08512903042845779	0.06353150556470445	15	7	19	9	14	ENSG00000013306	1.0	False
0.0005844857043242837	0.8009950248756219	0.08095819273778912	0.06290793825307385	10	7	18	10	13	ENSG00000025796	1.0	False
0.00011812457642842266	0.8009950248756219	0.009608070894219355	0.022716092106442643	10	7	17	6	12	ENSG00000042493	1.0	False
0.00037684169049653744	0.8009950248756219	0.14291214645239342	0.04628271574915642	7	7	10	3	8	ENSG00000059122	1.0	False
1.118185447412287e-06	0.8009950248756219	0.00264453710530299	0.0021786492374728027	3	7	18	8	12	ENSG00000067704	1.0	False
0.003419585594606297	0.8009950248756219	0.09282859309074143	0.13260188087774297	4	4	6	3	6	ENSG00000070366	1.0	False
0.0023084092429921962	0.8009950248756219	0.05246761915498188	0.07375363115333278	4	2	3	3	3	ENSG00000078246	1.0	False
0.0015306430283143374	0.8009950248756219	0.1636665342288161	0.1924556445281834	7	7	13	4	8	ENSG00000081791	1.0	False
0.001120678087267847	0.8009950248756219	0.14346539229999988	0.12200241873139064	4	6	9	4	6	ENSG00000089775	1.0	False
5.054888370653855e-07	0.8009950248756219	0.002247191011236002	0.002525252525252506	2	4	6	3	5	ENSG00000099985	1.0	False
0.0022422741267278763	0.8009950248756219	0.14470385154524756	0.11332393461704417	21	6	13	3	10	ENSG00000100243	1.0	False
0.0017640049575187622	0.8009950248756219	0.12797386978071965	0.15382677165354328	8	2	3	3	3	ENSG00000103479	1.0	False
0.0015977422041974396	0.8009950248756219	0.23891073573158395	0.21605251324652203	29	7	19	10	15	ENSG00000108465	1.0	False
0.000760521013087696	0.8009950248756219	0.12725308406266386	0.0943347990592085	2	4	6	3	5	ENSG00000108773	1.0	False
2.671485674731773e-07	0.8009950248756219	0.0005518763796909273	0.0009460737937559187	3	7	13	5	9	ENSG00000108828	1.0	False
0.001269832938959163	0.8009950248756219	0.13126380800910606	0.1626492042440318	15	7	18	7	14	ENSG00000113407	1.0	False
0.0023769893160127628	0.8009950248756219	0.1207579478777863	0.16598101265822782	5	7	13	3	7	ENSG00000115289	1.0	False
2.1659351750370523e-06	0.8009950248756219	0.008333333333333344	0.0031645569620253246	4	3	4	3	4	ENSG00000116667	1.0	False
0.002478798063229256	0.8009950248756219	0.24347224389202143	0.1767685638273249	24	7	17	6	12	ENSG00000119866	1.0	False
0.001355293347458624	0.8009950248756219	0.265649847148372	0.18140329943192426	16	7	17	7	11	ENSG00000125952	1.0	False
0.001414351316268209	0.8009950248756219	0.12479851038721229	0.11984002619454118	5	7	13	4	8	ENSG00000128294	1.0	False
0.00022224033564865832	0.8009950248756219	0.01587301587301588	0.036458333333333356	3	3	3	3	3	ENSG00000128872	1.0	False
0.0030932443487193644	0.8009950248756219	0.2642401311603668	0.2453083109919571	7	6	9	4	6	ENSG00000133114	1.0	False
4.718587204522311e-06	0.8009950248756219	0.005293292169520016	0.006025170301826593	3	7	17	9	14	ENSG00000137880	1.0	False
0.0012927745167246175	0.8009950248756219	0.21544416520502285	0.13988146219466235	5	5	10	3	6	ENSG00000138778	1.0	False
0.0027096823592143	0.8009950248756219	0.1609204297944241	0.1209644968228279	8	7	19	8	14	ENSG00000143183	1.0	False
8.338181197362756e-05	0.8009950248756219	0.02240816326530616	0.019230769230769263	4	4	5	3	4	ENSG00000151690	1.0	False
0.0012842162643405919	0.8009950248756219	0.28986189991153755	0.36357611727450034	38	7	18	8	14	ENSG00000156650	1.0	False
0.0036037332734018736	0.8009950248756219	0.2686853558439526	0.2839428595366763	14	7	12	3	9	ENSG00000159592	1.0	False
0.00045487751237408556	0.8009950248756219	0.0724742352531399	0.08653846153846156	9	4	5	3	4	ENSG00000161513	1.0	False
0.0039049167459206738	0.8009950248756219	0.128850076679211	0.2988180192841222	26	7	19	10	16	ENSG00000162910	1.0	False
0.00039923359925574456	0.8009950248756219	0.07739642789088325	0.1311093897315441	10	7	19	13	19	ENSG00000163041	1.0	False
0.003226484228289362	0.8009950248756219	0.17707456854751366	0.19127898650594324	11	7	14	6	9	ENSG00000163728	1.0	False
0.002789906782289225	0.8009950248756219	0.15285655251662106	0.12372164216687354	6	7	17	5	11	ENSG00000165526	1.0	False
0.0018511604968265228	0.8009950248756219	0.11593156757708786	0.12662004896378354	14	7	18	10	14	ENSG00000165637	1.0	False
0.0018725127920724218	0.8009950248756219	0.14455088604784977	0.14885670731707315	4	4	6	3	4	ENSG00000166507	1.0	False
0.002112353175666114	0.8009950248756219	0.14872801871438782	0.2372211835297187	10	7	17	6	13	ENSG00000167699	1.0	False
0.014386548877148925	0.8009950248756219	0.2957913948641172	0.3224752703013572	5	6	13	3	9	ENSG00000170619	1.0	False
0.01066138042474039	0.8009950248756219	0.3512631585998916	0.37871287128712866	13	6	7	3	5	ENSG00000171853	1.0	False
0.002468479968688234	0.8009950248756219	0.20431730681611082	0.2238516878804649	7	6	7	3	6	ENSG00000178607	1.0	False
0.00014182217986351164	0.8009950248756219	0.058897324345085544	0.040591473085175855	8	6	8	3	8	ENSG00000179387	1.0	False
0.006979092079788387	0.8009950248756219	0.19888331220567482	0.2778332389840342	7	7	14	5	10	ENSG00000184164	1.0	False
0.0035062898321309654	0.8009950248756219	0.28519046136750015	0.2678256487780297	10	7	14	4	8	ENSG00000184428	1.0	False
0.0017750710237015826	0.8009950248756219	0.1450899272347538	0.20560355827773524	11	2	3	3	3	ENSG00000185420	1.0	False
0.007634566864314424	0.8009950248756219	0.3948392035150796	0.32316470390378566	15	7	14	4	10	ENSG00000196704	1.0	False
0.0022412296631850862	0.8009950248756219	0.14111747877720499	0.10167376244227971	6	7	17	7	12	ENSG00000227057	1.0	False
0.005205557845376991	0.8009950248756219	0.1131019897161338	0.21325213939549703	3	7	18	8	14	ENSG00000239306	1.0	False
0.0031000946235488452	0.8059701492537313	0.17246671524259669	0.1849121360553483	10	7	17	8	12	ENSG00000003056	1.0	False
0.0011148356787777328	0.8059701492537313	0.18279905452251444	0.1428841607565012	3	7	9	3	6	ENSG00000004961	1.0	False
0.0001988006886836757	0.8059701492537313	0.04158966439668195	0.04439252336448594	9	7	15	4	10	ENSG00000008513	1.0	False
0.00033346918035826703	0.8059701492537313	0.10943753893589647	0.16676103624213562	9	7	19	9	16	ENSG00000057608	1.0	False
0.0003452352791238696	0.8059701492537313	0.028891296496930324	0.0037273188681639265	2	2	3	3	3	ENSG00000088854	1.0	False
0.001053488441775239	0.8059701492537313	0.1306814317168789	0.21234787069874628	17	7	14	3	9	ENSG00000089820	1.0	False
0.00036530157146774704	0.8059701492537313	0.04784276013586654	0.06080465557991382	20	7	19	13	19	ENSG00000092841	1.0	False
0.004874476874942825	0.8059701492537313	0.22968767683032387	0.29116084052459656	11	7	18	6	15	ENSG00000096746	1.0	False
0.00021475298091681082	0.8059701492537313	0.06265455840335715	0.06408114973727248	10	7	15	4	11	ENSG00000099995	1.0	False
5.275286308235553e-05	0.8059701492537313	0.021531100478468873	0.0441070137382502	2	7	17	4	11	ENSG00000100319	1.0	False
0.003021960681697175	0.8059701492537313	0.18354033930689403	0.23089198097027727	50	7	19	8	14	ENSG00000100749	1.0	False
0.0003760800959129641	0.8059701492537313	0.12060631745091009	0.09199260042283298	19	7	11	3	8	ENSG00000100983	1.0	False
0.0007557567651640825	0.8059701492537313	0.143668415590879	0.10492461488036708	2	7	13	4	10	ENSG00000116685	1.0	False
0.002033477390873133	0.8059701492537313	0.1449736264223933	0.189660992954142	14	4	7	3	6	ENSG00000116698	1.0	False
2.6527725668404698e-06	0.8059701492537313	0.017300567314010418	0.004738967236836622	3	7	19	13	19	ENSG00000118640	1.0	False
0.000887472406922136	0.8059701492537313	0.20925892170641308	0.17551256569466245	2	4	5	3	4	ENSG00000120875	1.0	False
0.0014381947618788405	0.8059701492537313	0.08893735085791775	0.1232481677761174	9	7	19	13	18	ENSG00000125835	1.0	False
0.0008425593828786754	0.8059701492537313	0.15820633728834194	0.21677761942877227	2	5	9	4	6	ENSG00000125968	1.0	False
0.0028012746142410693	0.8059701492537313	0.09608234901925375	0.1280314101720191	6	7	17	6	13	ENSG00000132478	1.0	False
0.00273360549906091	0.8059701492537313	0.1497647987484504	0.14113708571086664	12	7	19	12	16	ENSG00000135930	1.0	False
0.00853650568397768	0.8059701492537313	0.3327235979451284	0.3285405071119357	24	7	18	6	11	ENSG00000140525	1.0	False
0.000900540934870472	0.8059701492537313	0.15036209099363257	0.17671082632282414	29	7	19	10	15	ENSG00000141524	1.0	False
0.0020110183243593144	0.8059701492537313	0.16790430070767473	0.1015166340508806	11	4	5	3	4	ENSG00000143889	1.0	False
0.0027688584998617045	0.8059701492537313	0.1998603751058624	0.2368207220804718	16	7	18	9	15	ENSG00000144895	1.0	False
0.0010726835611631583	0.8059701492537313	0.1525385901275042	0.20382770985440876	6	4	5	3	5	ENSG00000163249	1.0	False
0.0008469488839009825	0.8059701492537313	0.1005911210388109	0.09802263232830197	6	7	17	7	13	ENSG00000165644	1.0	False
7.966573707343456e-05	0.8059701492537313	0.059162993821839115	0.044787725935266885	4	7	9	3	6	ENSG00000165934	1.0	False
0.0052712234060693815	0.8059701492537313	0.26348693629909076	0.30857142857142855	20	7	18	6	12	ENSG00000166012	1.0	False
0.0031414013659378974	0.8059701492537313	0.2383183408295852	0.18396708900453196	18	7	13	3	7	ENSG00000170004	1.0	False
0.004075787751745837	0.8059701492537313	0.21107913641675663	0.18470349582972992	8	7	15	4	10	ENSG00000171311	1.0	False
0.00010517467170228436	0.8059701492537313	0.13326933192598092	0.05960233085502366	8	7	19	10	15	ENSG00000172543	1.0	False
0.0012149561091242631	0.8059701492537313	0.18123251635144647	0.09181096681096677	22	7	19	7	14	ENSG00000177479	1.0	False
0.000337961604341794	0.8059701492537313	0.10298685063152208	0.0684874742551428	5	7	17	7	13	ENSG00000179632	1.0	False
0.00083488281659391	0.8059701492537313	0.17036752417740555	0.14587597885695186	9	7	19	8	12	ENSG00000197070	1.0	False
7.107341955098143e-05	0.8059701492537313	0.054670411071547215	0.031142780855750618	4	6	8	4	7	ENSG00000198420	1.0	False
0.006335694979717765	0.8059701492537313	0.28389318872720737	0.25714104756476025	5	7	10	3	6	ENSG00000213523	1.0	False
0.0028373834515532373	0.8059701492537313	0.1752871824405587	0.11775728664508307	7	7	17	6	11	ENSG00000213593	1.0	False
0.0015539820826842813	0.8059701492537313	0.1008284989642007	0.17901828040570375	13	7	19	10	16	ENSG00000217930	1.0	False
0.0035211446497475755	0.8059701492537313	0.14297194750610456	0.09892452353718861	2	4	5	3	4	ENSG00000224531	1.0	False
0.0003554658586753663	0.8059701492537313	0.08335014601510511	0.17978450121307266	4	2	5	5	5	ENSG00000234616	1.0	False
0.0008725494356706608	0.8109452736318408	0.10132273758666568	0.1637073224501114	9	7	17	5	13	ENSG00000015475	1.0	False
0.0008133208456956079	0.8109452736318408	0.15560013052578126	0.5055555555555555	16	4	6	3	5	ENSG00000038382	1.0	False
0.004509621161459883	0.8109452736318408	0.37149581415817445	0.2858589793533307	25	6	9	3	7	ENSG00000050426	1.0	False
0.0021034908082078114	0.8109452736318408	0.17341142653116134	0.1499708868129921	7	5	5	3	4	ENSG00000065029	1.0	False
3.784302622197275e-05	0.8109452736318408	0.07915021620605374	0.01949005644217875	6	7	8	4	6	ENSG00000072858	1.0	False
0.0012874230599507492	0.8109452736318408	0.11690694875783515	0.11180714494962167	26	7	19	12	16	ENSG00000090060	1.0	False
0.0008654592466644583	0.8109452736318408	0.11770733959189457	0.10213343407053249	12	7	19	11	15	ENSG00000100796	1.0	False
0.002745561691914191	0.8109452736318408	0.20203556985145815	0.1929563492063492	14	7	11	3	7	ENSG00000104731	1.0	False
0.0001976676983825478	0.8109452736318408	0.0488083203206878	0.06336541359808709	7	7	19	10	16	ENSG00000105063	1.0	False
0.01376979943106526	0.8109452736318408	0.32485808591890464	0.28002071717223387	8	7	12	4	8	ENSG00000109016	1.0	False
0.003657187106827094	0.8109452736318408	0.23401303422110975	0.2614335886370411	6	6	9	3	7	ENSG00000112118	1.0	False
0.002024938922893644	0.8109452736318408	0.13516583006410943	0.11127935033161189	15	7	19	9	14	ENSG00000113013	1.0	False
0.003640152186200492	0.8109452736318408	0.20539541614462853	0.15382143477505644	10	6	8	3	6	ENSG00000119844	1.0	False
9.386175224137915e-07	0.8109452736318408	0.008695652173913073	0.006134969325153356	3	6	8	3	5	ENSG00000120053	1.0	False
0.0005815730144804708	0.8109452736318408	0.10481902617600194	0.07220554268690749	13	7	19	10	16	ENSG00000120860	1.0	False
0.00248535090944019	0.8109452736318408	0.18383288832703015	0.14803179728581894	4	7	13	3	7	ENSG00000123739	1.0	False
0.0009377801226244696	0.8109452736318408	0.1256780957319125	0.1527100344437218	10	7	10	4	8	ENSG00000124198	1.0	False
4.3545733387897834e-07	0.8109452736318408	0.005211716571062499	0.002662065988001991	2	7	19	13	17	ENSG00000128524	1.0	False
0.0020553425264294963	0.8109452736318408	0.1815346519071203	0.17325022197990414	23	7	19	9	15	ENSG00000132780	1.0	False
0.016696769994113795	0.8109452736318408	0.3453846217336921	0.3868283636718559	20	4	5	3	4	ENSG00000133812	1.0	False
0.0019297152080954812	0.8109452736318408	0.17012614241958596	0.19150303021281267	5	7	17	7	13	ENSG00000133983	1.0	False
0.002131865246888794	0.8109452736318408	0.12182317630537372	0.09285310605019172	6	3	5	3	5	ENSG00000136152	1.0	False
0.004043228070836395	0.8109452736318408	0.23392600877994005	0.2211135653895956	11	7	15	5	10	ENSG00000136247	1.0	False
0.0021837797573125086	0.8109452736318408	0.20384198746936175	0.23359288097886538	17	7	18	7	13	ENSG00000136560	1.0	False
0.002362164669037472	0.8109452736318408	0.2509443117241147	0.1938405042553487	20	7	11	5	7	ENSG00000140650	1.0	False
0.0018634592483459205	0.8109452736318408	0.17872483448892262	0.19616693680094258	11	7	16	6	13	ENSG00000141504	1.0	False
0.0005684222326064175	0.8109452736318408	0.09514888972247272	0.07512451518531324	20	7	19	10	17	ENSG00000141552	1.0	False
0.00036907225910717584	0.8109452736318408	0.16589365660794242	0.06178669687651726	4	6	14	3	10	ENSG00000142252	1.0	False
7.6162803703899595e-06	0.8109452736318408	0.03557063535083206	0.00861332722241177	14	7	19	13	19	ENSG00000145741	1.0	False
0.0002504378080001441	0.8109452736318408	0.07460421007621394	0.038879253178386614	6	7	17	6	14	ENSG00000147679	1.0	False
0.0006372970033043871	0.8109452736318408	0.08480911576196315	0.06112919201924438	8	2	5	5	5	ENSG00000147789	1.0	False
4.001390872740502e-06	0.8109452736318408	0.026952433537145052	0.013521432278759038	9	7	19	13	19	ENSG00000149806	1.0	False
0.000326162824348261	0.8109452736318408	0.08127650747339184	0.08113147410358569	10	6	9	3	6	ENSG00000155393	1.0	False
0.0038363171777901443	0.8109452736318408	0.33096580052892877	0.42135153500696604	19	7	16	3	12	ENSG00000161265	1.0	False
0.00014806787984672823	0.8109452736318408	0.09690564284903938	0.08091365371623789	17	7	19	11	18	ENSG00000162191	1.0	False
1.7428230735140442e-06	0.8109452736318408	0.026120868137359907	0.004968062455642299	2	7	12	3	7	ENSG00000162378	1.0	False
0.0001186279762662004	0.8109452736318408	0.11263392253509567	0.22341408417944586	12	7	18	7	14	ENSG00000163931	1.0	False
0.0029677929851647067	0.8109452736318408	0.23020479308707956	0.22306526402900023	9	7	13	5	11	ENSG00000164163	1.0	False
0.0008513561763048358	0.8109452736318408	0.18479431530515117	0.14502740720596197	18	7	14	4	9	ENSG00000166352	1.0	False
0.002310993593114421	0.8109452736318408	0.1839313271604938	0.12342436974789918	5	5	6	3	5	ENSG00000169299	1.0	False
5.339750101859395e-05	0.8109452736318408	0.04306103934495281	0.026495844239335115	2	7	13	4	9	ENSG00000170876	1.0	False
0.002754370029651681	0.8109452736318408	0.15677951589474343	0.1650631595465066	5	7	10	3	8	ENSG00000175279	1.0	False
7.512508104912037e-05	0.8109452736318408	0.03398019138355718	0.1876348447451542	4	2	3	3	3	ENSG00000176124	1.0	False
5.967799819569542e-05	0.8109452736318408	0.03207189159697365	0.036328107296436304	2	7	19	11	17	ENSG00000177971	1.0	False
0.001083345016836071	0.8109452736318408	0.2724860022269371	0.1845585557463191	10	6	9	4	6	ENSG00000178104	1.0	False
0.004862958771551182	0.8109452736318408	0.29767020050876725	0.31772318563097635	18	7	15	7	10	ENSG00000185811	1.0	False
4.6849265207141596e-07	0.8109452736318408	0.002069654730799093	0.0011833201832125797	7	7	19	13	18	ENSG00000186010	1.0	False
5.30804831731735e-08	0.8109452736318408	0.0018585228701135	0.0010680681802282066	6	7	19	13	19	ENSG00000196683	1.0	False
0.004169689527952666	0.8109452736318408	0.18407829731384512	0.16517917511832314	14	5	7	3	5	ENSG00000197548	1.0	False
0.013247541213876472	0.8109452736318408	0.22883208313330874	0.2279485120568412	6	3	4	3	3	ENSG00000205572	1.0	False
0.016170324787337157	0.8109452736318408	0.2900562276033721	0.46172369462025314	9	7	14	3	9	ENSG00000213782	1.0	False
0.0005892848636256066	0.8109452736318408	0.16505915363144508	0.06193232857570613	10	7	16	5	9	ENSG00000214160	1.0	False
0.0007856536666281996	0.8109452736318408	0.07292929292929295	0.03906250000000001	4	2	3	3	3	ENSG00000215012	1.0	False
0.004089141109797587	0.8109452736318408	0.22898166385542315	0.17306111967128915	21	7	16	5	13	ENSG00000263001	1.0	False
0.002594784131954279	0.8109452736318408	0.23024330510127738	0.2776699498264462	10	7	16	5	12	ENSG00000269858	1.0	False
0.006562962487621806	0.8159203980099502	0.348042079141309	0.26136612420637817	19	7	11	3	9	ENSG00000006530	1.0	False
0.0034912409282277733	0.8159203980099502	0.07390698226621159	0.11844467613583151	4	7	19	8	14	ENSG00000023572	1.0	False
0.0005269594545392059	0.8159203980099502	0.18239180497864216	0.12001808084721684	7	6	11	4	7	ENSG00000023902	1.0	False
5.181650263404096e-06	0.8159203980099502	0.005050505050505029	0.005167958656330782	3	7	14	3	9	ENSG00000068971	1.0	False
0.007746058024914605	0.8159203980099502	0.19741760906525296	0.18201754385964913	9	2	4	4	4	ENSG00000072518	1.0	False
0.00331283299481806	0.8159203980099502	0.17288760596731387	0.15859836757669576	5	7	11	4	7	ENSG00000083520	1.0	False
0.003623544031896663	0.8159203980099502	0.28000418374780256	0.25093426022663345	7	6	10	3	7	ENSG00000083896	1.0	False
8.036707426647246e-05	0.8159203980099502	0.1038687215680743	0.09185407914624902	6	7	19	9	13	ENSG00000090104	1.0	False
0.02280375529777504	0.8159203980099502	0.45688985183665476	0.6180028129395218	9	5	6	3	5	ENSG00000103227	1.0	False
0.0016067334283243174	0.8159203980099502	0.16233500642953386	0.23671710832438758	14	7	19	7	13	ENSG00000103496	1.0	False
0.007873733428128984	0.8159203980099502	0.22303781514718582	0.3174353442542066	9	7	16	6	11	ENSG00000104980	1.0	False
0.005690137084293555	0.8159203980099502	0.162615127237046	0.18867892580175422	9	6	9	3	6	ENSG00000105676	1.0	False
0.004038496247287649	0.8159203980099502	0.2013103342579248	0.2008027676050965	24	7	18	8	14	ENSG00000105819	1.0	False
0.0001514780749551527	0.8159203980099502	0.08321116223043676	0.09201523153453123	8	7	19	9	15	ENSG00000110090	1.0	False
0.00033704190751968516	0.8159203980099502	0.12705667299813944	0.15032104391052195	14	7	17	8	11	ENSG00000113593	1.0	False
0.002821149861371182	0.8159203980099502	0.227268093243703	0.24712153518123664	3	3	5	3	4	ENSG00000116212	1.0	False
0.004953710233709663	0.8159203980099502	0.237135620398852	0.27856870124911365	10	6	10	3	7	ENSG00000117394	1.0	False
0.001972888356966172	0.8159203980099502	0.20353302859138403	0.18847914497973012	8	7	16	5	10	ENSG00000119004	1.0	False
0.0005744674389245494	0.8159203980099502	0.10973055324480059	0.07602331046701466	8	7	15	5	12	ENSG00000119650	1.0	False
0.0021928371148921305	0.8159203980099502	0.30979604212840606	0.12795178370431629	7	7	13	5	8	ENSG00000132591	1.0	False
0.0007399912668090967	0.8159203980099502	0.15147483469008366	0.11641938357832905	17	7	18	7	11	ENSG00000134899	1.0	False
0.0029104536964453145	0.8159203980099502	0.3387120266115763	0.1695244410761652	8	7	9	3	6	ENSG00000141219	1.0	False
0.0018159993815617108	0.8159203980099502	0.14161312228495088	0.09036916082348799	5	7	16	6	11	ENSG00000141429	1.0	False
7.832420217956252e-05	0.8159203980099502	0.06755046997507355	0.032484229991227256	10	7	17	6	15	ENSG00000143393	1.0	False
0.0012718395244642824	0.8159203980099502	0.22681604732883895	0.20498036346835058	19	7	16	6	11	ENSG00000143442	1.0	False
0.001522876851671533	0.8159203980099502	0.24102353597417775	0.20521748742607643	47	7	15	5	10	ENSG00000145216	1.0	False
0.002457183453648079	0.8159203980099502	0.19346000510137135	0.1989537044330867	6	7	12	4	8	ENSG00000145241	1.0	False
0.007375268780079973	0.8159203980099502	0.275199452271623	0.1752475247524752	11	5	6	3	4	ENSG00000145736	1.0	False
0.002329795159594873	0.8159203980099502	0.12569950650750655	0.13935018466729057	31	7	19	12	19	ENSG00000161960	1.0	False
0.0034694451056906223	0.8159203980099502	0.08872180450725178	0.1440645570116057	8	7	18	8	14	ENSG00000163930	1.0	False
0.005302973565035524	0.8159203980099502	0.19084348386461286	0.17485389224433942	16	7	19	8	15	ENSG00000164022	1.0	False
0.0019164556679179554	0.8159203980099502	0.18626905823802845	0.14177104034755278	2	5	6	3	4	ENSG00000166275	1.0	False
0.0058652535790413894	0.8159203980099502	0.33743552074994965	0.2419266557197592	3	5	7	3	5	ENSG00000166432	1.0	False
5.284119602735349e-06	0.8159203980099502	0.008898176278479195	0.008385944465534607	4	7	18	8	14	ENSG00000167862	1.0	False
0.0008547936267221116	0.8159203980099502	0.0485316626162465	0.11547285201135984	5	7	18	9	15	ENSG00000168101	1.0	False
0.00021559370461186883	0.8159203980099502	0.09080701897670541	0.08018143145661814	4	7	14	4	10	ENSG00000168434	1.0	False
0.0003912138661667324	0.8159203980099502	0.07057789184494423	0.051949851590680676	10	7	19	10	16	ENSG00000171530	1.0	False
3.145665290047002e-05	0.8159203980099502	0.04033211552849815	0.02082818406744203	5	7	19	13	19	ENSG00000173660	1.0	False
0.002823865077938169	0.8159203980099502	0.22366927224582492	0.26991890894366627	41	7	14	5	11	ENSG00000182923	1.0	False
0.004409688334602722	0.8159203980099502	0.3799174734311873	0.27588038858530656	5	5	8	3	5	ENSG00000187091	1.0	False
5.816252882818164e-06	0.8159203980099502	0.03508771929824561	0.006279434850863443	2	7	13	5	8	ENSG00000189241	1.0	False
0.00011266485937709987	0.8159203980099502	0.06529655055507701	0.04317906285991394	8	7	18	7	14	ENSG00000196419	1.0	False
0.0026682116856470857	0.8159203980099502	0.25840582460623646	0.23695930776851692	97	7	18	9	14	ENSG00000196756	1.0	False
0.0025766022894422066	0.8159203980099502	0.1868879606122387	0.21710891847878147	4	6	9	3	7	ENSG00000197837	1.0	False
0.003667687523947866	0.8159203980099502	0.2559874230820673	0.19451889906435357	12	6	9	3	6	ENSG00000198040	1.0	False
0.00469160518907612	0.8159203980099502	0.310173900869836	0.3000965250965251	7	6	9	4	6	ENSG00000204859	1.0	False
0.0019453746336655867	0.8159203980099502	0.17248042048161036	0.09340681829630751	5	7	16	6	11	ENSG00000213123	1.0	False
0.0049295405439891745	0.8159203980099502	0.3836859004044334	0.325231834543347	5	7	9	3	7	ENSG00000213780	1.0	False
0.0009722523829487526	0.8159203980099502	0.09075563218943832	0.0887431583036684	11	7	19	12	17	ENSG00000241468	1.0	False
0.0004658107858590876	0.8159203980099502	0.10665371304265271	0.11297103254948065	7	7	19	10	17	ENSG00000242372	1.0	False
0.0008291226289862424	0.8159203980099502	0.17258172978677394	0.1650441335136168	17	7	19	9	18	ENSG00000270647	1.0	False
0.0010880396554131368	0.8208955223880597	0.16241954968529237	0.10396972059917893	12	7	19	9	16	ENSG00000048649	1.0	False
0.0005466493227681788	0.8208955223880597	0.13718130284917004	0.1980385611303085	6	6	9	3	6	ENSG00000065989	1.0	False
0.0012939072441022308	0.8208955223880597	0.20401612629745564	0.09219403686869296	6	7	17	7	11	ENSG00000100908	1.0	False
5.918053145647012e-06	0.8208955223880597	0.01344812624873209	0.006681283175628873	7	7	19	8	14	ENSG00000104853	1.0	False
0.0003614412269532201	0.8208955223880597	0.1363823929325504	0.10740948689155858	17	7	19	11	16	ENSG00000105402	1.0	False
0.0016178700867198062	0.8208955223880597	0.13704084917311	0.1701191160992338	22	7	19	11	18	ENSG00000108848	1.0	False
0.0006670706159040515	0.8208955223880597	0.09324994610809874	0.11789858958797901	5	7	18	9	15	ENSG00000108961	1.0	False
0.0008890364529018922	0.8208955223880597	0.10703693188886823	0.11319668876412695	3	7	16	6	12	ENSG00000109270	1.0	False
0.0023549040569696774	0.8208955223880597	0.16716161298976676	0.16299853274643195	4	5	7	3	6	ENSG00000111667	1.0	False
0.003399736844812002	0.8208955223880597	0.3879844142308993	0.35770067495955826	6	7	15	4	8	ENSG00000112893	1.0	False
0.0018355257420962841	0.8208955223880597	0.19694104851838384	0.2011793285838581	9	7	12	4	8	ENSG00000115750	1.0	False
0.0007598144950627694	0.8208955223880597	0.20567499728449934	0.11085637328231247	17	7	18	7	13	ENSG00000116580	1.0	False
0.0017066386822968374	0.8208955223880597	0.15120091955232762	0.16003761251803028	4	7	13	5	10	ENSG00000117151	1.0	False
0.0024852324547444665	0.8208955223880597	0.17841839904130624	0.17179835090282852	11	4	8	3	6	ENSG00000125375	1.0	False
3.2012976694082386e-05	0.8208955223880597	0.01360908543649356	0.017740981667652266	5	7	14	4	9	ENSG00000145022	1.0	False
0.0030721310351109906	0.8208955223880597	0.20908150286190863	0.17827304417395282	9	6	7	3	5	ENSG00000146414	1.0	False
6.689375715301648e-05	0.8208955223880597	0.06493232818046492	0.029211550122768416	8	7	19	12	16	ENSG00000149932	1.0	False
0.0018071271323695064	0.8208955223880597	0.1719695761476934	0.2556374936799399	11	7	18	6	12	ENSG00000156831	1.0	False
0.0007184881007821272	0.8208955223880597	0.1124511880249386	0.1839186594828891	9	7	17	5	11	ENSG00000158201	1.0	False
0.001554826224550192	0.8208955223880597	0.13560554211822226	0.1387260765550239	21	7	14	5	7	ENSG00000164253	1.0	False
0.0005461992154323296	0.8208955223880597	0.06904670908046377	0.0936021633290706	9	7	19	10	16	ENSG00000168090	1.0	False
0.0015427895263038249	0.8208955223880597	0.15876055844132264	0.12588466272212182	26	7	19	9	15	ENSG00000174891	1.0	False
9.743861638956225e-05	0.8208955223880597	0.02711132991208178	0.02683896620278329	4	7	12	4	8	ENSG00000175213	1.0	False
6.370701070776064e-05	0.8208955223880597	0.14685991754992414	0.037324072242593945	5	7	17	9	11	ENSG00000176853	1.0	False
0.00014812882138284556	0.8208955223880597	0.07374162387854503	0.07594468029720217	6	7	18	8	13	ENSG00000176953	1.0	False
7.564360579558672e-08	0.8208955223880597	0.0030949625596547836	0.0007883233068252585	9	7	19	13	19	ENSG00000182774	1.0	False
0.0008718621819048056	0.8208955223880597	0.1688437899853572	0.1277517743592008	13	7	19	8	14	ENSG00000184110	1.0	False
0.0036583788102659285	0.8208955223880597	0.12354418835817307	0.21266001390536177	4	4	5	3	4	ENSG00000185219	1.0	False
0.005974268837577382	0.8208955223880597	0.12119537091899106	0.13667262969588556	4	5	6	3	4	ENSG00000185305	1.0	False
9.865592192795785e-06	0.8208955223880597	0.02845939250554955	0.005621096909885118	3	7	13	3	8	ENSG00000198417	1.0	False
0.0008461379766247253	0.8208955223880597	0.1928020202841244	0.15823993018626084	6	7	18	6	14	ENSG00000204574	1.0	False
0.001017304064037895	0.8208955223880597	0.19643519665930476	0.08699397071490093	3	6	9	4	5	ENSG00000228427	1.0	False
7.967407192635206e-05	0.8258706467661692	0.054393853153417625	0.07681338592183906	7	7	19	10	15	ENSG00000048828	1.0	False
0.0027665712439873826	0.8258706467661692	0.20691371604696782	0.2652417282699089	9	7	13	3	10	ENSG00000068903	1.0	False
0.00422480616134928	0.8258706467661692	0.299351834297012	0.3061659415182961	14	7	13	4	8	ENSG00000070501	1.0	False
0.002599868611061461	0.8258706467661692	0.21754205260685372	0.20744782520398053	8	7	17	5	12	ENSG00000076053	1.0	False
0.006231604335401536	0.8258706467661692	0.24495254545713954	0.1652723933891043	16	2	4	4	4	ENSG00000082805	1.0	False
2.1653484740531802e-06	0.8258706467661692	0.008406322359810744	0.006000000000000003	2	7	12	3	10	ENSG00000088451	1.0	False
9.136530446275132e-05	0.8258706467661692	0.06565656565656564	0.02000000000000001	3	7	13	3	8	ENSG00000100104	1.0	False
0.012064643718981694	0.8258706467661692	0.2632988325513445	0.34963398025195774	6	7	13	3	7	ENSG00000100321	1.0	False
0.0015261218249696448	0.8258706467661692	0.1605763033129558	0.16578974385298498	9	6	9	3	7	ENSG00000100372	1.0	False
0.0014006977220375075	0.8258706467661692	0.28510915994304703	0.3772186147186147	2	6	9	3	6	ENSG00000102034	1.0	False
0.0001670923030933972	0.8258706467661692	0.08688023960536725	0.0461810207273651	9	7	19	9	15	ENSG00000106268	1.0	False
0.001233046350537453	0.8258706467661692	0.2472234016622031	0.168305700431718	42	7	18	7	13	ENSG00000106628	1.0	False
0.016990615437269364	0.8258706467661692	0.32046942641339476	0.43091699524820537	12	7	10	3	7	ENSG00000108039	1.0	False
0.00040610678004724787	0.8258706467661692	0.06113597118086152	0.12894448449891857	8	5	10	3	7	ENSG00000111665	1.0	False
0.0036610543511243444	0.8258706467661692	0.3959122772997675	0.45750951241913185	6	7	13	4	8	ENSG00000118620	1.0	False
0.0015206393099404562	0.8258706467661692	0.17775540650837374	0.20437122766731475	8	7	18	7	14	ENSG00000121579	1.0	False
0.0026005453042725443	0.8258706467661692	0.22895018900631034	0.23263575802435904	16	7	14	4	10	ENSG00000122299	1.0	False
0.0019698554188453334	0.8258706467661692	0.1860769000629168	0.2094853986644843	10	7	19	8	14	ENSG00000128951	1.0	False
0.00041530588105596563	0.8258706467661692	0.12331442724944315	0.0681751727804359	4	7	14	4	9	ENSG00000130699	1.0	False
2.5975203106959734e-06	0.8258706467661692	0.020408163265306076	0.008814887365328102	3	7	15	4	9	ENSG00000138018	1.0	False
7.440543612016306e-07	0.8258706467661692	0.0016561536373040937	0.0012909888974954721	3	7	17	6	11	ENSG00000139433	1.0	False
0.0034249077339895185	0.8258706467661692	0.32425052961578793	0.3504509787495462	17	6	11	3	8	ENSG00000140464	1.0	False
5.448962678713921e-05	0.8258706467661692	0.03488372093023259	0.01631701631701632	3	7	11	3	8	ENSG00000140854	1.0	False
0.003950832461604491	0.8258706467661692	0.26586521589391965	0.2060796645702306	14	4	6	3	5	ENSG00000142002	1.0	False
0.01606193900208736	0.8258706467661692	0.12338673389318894	0.25651105651105655	4	4	3	3	3	ENSG00000142082	1.0	False
0.00040092599264108576	0.8258706467661692	0.09467627801635159	0.07970261178339486	5	5	7	3	5	ENSG00000154229	1.0	False
0.0018161156331230918	0.8258706467661692	0.11526220627982744	0.11785185287725465	9	7	17	6	13	ENSG00000157916	1.0	False
0.0014307118586808518	0.8258706467661692	0.1845922199354786	0.14128379130047836	11	7	16	5	10	ENSG00000159579	1.0	False
0.014564996285087811	0.8258706467661692	0.2707075745581938	0.2694502643918986	7	6	9	3	6	ENSG00000164597	1.0	False
0.00012774724500550102	0.8258706467661692	0.08206186039630366	0.11800375696191404	6	3	5	3	4	ENSG00000165168	1.0	False
0.0004878018336236064	0.8258706467661692	0.10075931781163178	0.0664961636828645	6	4	6	3	5	ENSG00000165458	1.0	False
0.0001786064696323593	0.8258706467661692	0.05492652079423676	0.03947949877724531	7	7	15	6	10	ENSG00000166471	1.0	False
0.0034468072875562692	0.8258706467661692	0.4000424707126419	0.22540890072270822	15	5	6	3	4	ENSG00000166770	1.0	False
1.6508853039881832e-06	0.8258706467661692	0.006113890511162719	0.028291689783625278	7	3	5	3	4	ENSG00000168461	1.0	False
0.0006486956640072103	0.8258706467661692	0.1191488345868443	0.11119643115527335	10	7	17	6	11	ENSG00000169251	1.0	False
0.00040344224060555046	0.8258706467661692	0.09572320326477307	0.056708417258346445	17	7	15	5	9	ENSG00000175224	1.0	False
0.0023883117306145733	0.8258706467661692	0.20673963919081892	0.08159297258823325	6	7	11	4	8	ENSG00000175792	1.0	False
0.002231047926757118	0.8258706467661692	0.23549814853700798	0.10526737111751523	9	6	9	3	7	ENSG00000177548	1.0	False
7.097559318371472e-05	0.8258706467661692	0.07872382582802494	0.04611798666463733	7	7	18	6	12	ENSG00000183431	1.0	False
0.00184379664353559	0.8258706467661692	0.28140938588403486	0.14420048702548108	7	7	13	3	8	ENSG00000197114	1.0	False
0.0022241869021001055	0.8258706467661692	0.202535725491383	0.18594104308390025	6	7	11	3	7	ENSG00000247271	1.0	False
0.00020232809519665816	0.8258706467661692	0.08366617721950559	0.047394554551514055	5	7	18	7	13	ENSG00000248333	1.0	False
0.0007317486751484894	0.8308457711442786	0.18492782356121223	0.15858690261121453	18	7	19	12	17	ENSG00000005483	1.0	False
0.0002312455147115335	0.8308457711442786	0.07341556118833518	0.2935483355873352	13	7	18	11	15	ENSG00000030582	1.0	False
0.0032538791969991105	0.8308457711442786	0.10799203869381445	0.20983159582999195	8	7	16	6	13	ENSG00000070495	1.0	False
0.008602090008381818	0.8308457711442786	0.41774793114862274	0.4447240326705717	30	7	14	4	9	ENSG00000076242	1.0	False
0.0006299573988716739	0.8308457711442786	0.13801773039867477	0.11810411810411808	6	6	8	3	5	ENSG00000083535	1.0	False
0.002233578678994647	0.8308457711442786	0.25202716031581734	0.24978233830845772	16	7	15	4	10	ENSG00000100325	1.0	False
0.014006109760218054	0.8308457711442786	0.16957508076863342	0.3812653210243572	10	7	16	5	11	ENSG00000100918	1.0	False
0.0012493542321368699	0.8308457711442786	0.15857673125547922	0.10887206273553535	11	7	18	8	14	ENSG00000107672	1.0	False
3.8400080143959555e-05	0.8308457711442786	0.02669488305459531	0.022964509394572046	3	5	8	3	6	ENSG00000107738	1.0	False
0.006202891206968691	0.8308457711442786	0.3307737224893399	0.3004464285714286	7	7	8	3	6	ENSG00000109854	1.0	False
0.001469422403998861	0.8308457711442786	0.1212107591039163	0.10761036590297272	6	5	8	3	7	ENSG00000111727	1.0	False
0.001560303696699928	0.8308457711442786	0.19442976643312612	0.20038821544007054	15	7	17	7	13	ENSG00000113712	1.0	False
0.00045824469096933775	0.8308457711442786	0.1420018126975456	0.10341254243344652	5	5	9	3	6	ENSG00000114446	1.0	False
0.0007687185722817468	0.8308457711442786	0.06876818789809595	0.08966714302361956	8	7	19	10	15	ENSG00000115307	1.0	False
0.0005991963531512531	0.8308457711442786	0.12521020518692993	0.10529505329311062	16	7	19	11	17	ENSG00000116171	1.0	False
0.0006431785577308733	0.8308457711442786	0.13031619287418372	0.046976660641276424	3	3	4	3	4	ENSG00000116678	1.0	False
0.0011148734374081264	0.8308457711442786	0.20402903428203217	0.1104585376367261	7	7	12	4	7	ENSG00000119729	1.0	False
0.00017088206302378858	0.8308457711442786	0.09871943558046323	0.036880854382149386	5	7	16	5	12	ENSG00000120253	1.0	False
0.0017287059670253481	0.8308457711442786	0.27118574714510113	0.13848108413325805	6	7	12	4	8	ENSG00000121680	1.0	False
0.006008122616441895	0.8308457711442786	0.45839350035484255	0.4727095516569201	21	4	4	3	3	ENSG00000122512	1.0	False
0.002631345836241362	0.8308457711442786	0.19096327579281358	0.15909523421145638	3	5	7	3	5	ENSG00000122707	1.0	False
0.00329356860599328	0.8308457711442786	0.16241639518721818	0.2420875420875421	4	6	7	3	4	ENSG00000132313	1.0	False
6.99743836632168e-05	0.8308457711442786	0.06609299109002617	0.038518364403408153	17	7	19	11	17	ENSG00000137210	1.0	False
6.671659811564117e-05	0.8308457711442786	0.043366307826592926	0.010937500000000022	2	4	6	3	5	ENSG00000139055	1.0	False
0.0036093697742789763	0.8308457711442786	0.15696718097164397	0.1636606410595308	11	7	18	9	14	ENSG00000147274	1.0	False
0.00017145418526329402	0.8308457711442786	0.07632791175021632	0.039416058394160604	3	7	12	3	9	ENSG00000156697	1.0	False
0.0010734094240857188	0.8308457711442786	0.11211264706065668	0.1452388944836075	7	5	5	3	5	ENSG00000159363	1.0	False
0.0020877541772661903	0.8308457711442786	0.4560728270513162	0.3856941332669488	12	7	9	3	5	ENSG00000160593	1.0	False
0.0019345674642507072	0.8308457711442786	0.22117879199948515	0.24018830610985872	12	7	13	4	9	ENSG00000163904	1.0	False
0.006264478809961017	0.8308457711442786	0.28312062944507826	0.24751207729468597	9	5	9	4	6	ENSG00000164144	1.0	False
0.010788360579421783	0.8308457711442786	0.18351329487261775	0.25569850913354886	13	7	16	5	11	ENSG00000165819	1.0	False
0.001445288424423507	0.8308457711442786	0.2537089766636586	0.1507074107779812	30	7	17	8	15	ENSG00000168610	1.0	False
1.5574190143734935e-05	0.8308457711442786	0.05344572258653305	0.01007936507936505	2	7	17	7	14	ENSG00000169740	1.0	False
0.0005685503743381022	0.8308457711442786	0.0855361879171148	0.14395611162534105	3	7	19	13	19	ENSG00000171222	1.0	False
1.241849107334051e-05	0.8308457711442786	0.02111243198947302	0.014667305129913419	4	7	19	10	16	ENSG00000173163	1.0	False
0.0001478167863131492	0.8308457711442786	0.05927508789712179	0.03270255524606909	5	7	16	6	11	ENSG00000185432	1.0	False
0.002794938984506276	0.8308457711442786	0.16005975544799533	0.16745627887933562	4	4	7	3	6	ENSG00000187627	1.0	False
2.7384863394349885e-05	0.8308457711442786	0.04125065671928574	0.027777777777777783	2	7	14	5	10	ENSG00000213977	1.0	False
0.00031550000930326294	0.8308457711442786	0.10580344398864709	0.09414485616722901	9	7	14	4	11	ENSG00000214706	1.0	False
0.0005806638761226764	0.8308457711442786	0.1800397524219284	0.21303423283423747	54	7	19	11	16	ENSG00000215301	1.0	False
0.000653109349902451	0.8308457711442786	0.11238761238761241	0.07782101167315172	4	3	5	3	4	ENSG00000249115	1.0	False
0.0025486132449898877	0.8308457711442786	0.18776240809366043	0.20062442607897155	16	7	16	6	10	ENSG00000258890	1.0	False
0.004923979652281143	0.8308457711442786	0.13084631321960638	0.20710512079741253	2	4	6	3	6	ENSG00000270276	1.0	False
0.004924306967209031	0.8308457711442786	0.35703825726460414	0.3518981876698753	14	5	8	3	5	ENSG00000290927	1.0	False
0.0034637254706650212	0.8308457711442786	0.39753446738433307	0.3139399442365544	29	7	14	5	9	ENSG00000291100	1.0	False
0.0008698135807834589	0.835820895522388	0.1629087656923282	0.12930267409731652	7	7	10	3	7	ENSG00000007264	1.0	False
0.012218515719489422	0.835820895522388	0.31270636770629956	0.45757501503642156	18	6	11	3	8	ENSG00000011304	1.0	False
0.00032571583987039477	0.835820895522388	0.13783688789013204	0.1522350993377483	5	3	4	3	3	ENSG00000037897	1.0	False
2.2021158702945364e-07	0.835820895522388	0.0018552875695733	0.0008264462809917312	3	7	17	5	12	ENSG00000057757	1.0	False
7.30510644671831e-07	0.835820895522388	0.021989025930825027	0.0026935973580982813	14	7	19	13	19	ENSG00000063177	1.0	False
0.004713226659911028	0.835820895522388	0.44175840475010697	0.3758454106280193	12	6	11	3	8	ENSG00000064995	1.0	False
0.0006959769760164776	0.835820895522388	0.04679557282096261	0.09414736603088103	3	7	17	6	14	ENSG00000076924	1.0	False
0.003607806092508795	0.835820895522388	0.476361897079078	0.40651768783103387	19	7	12	3	8	ENSG00000085788	1.0	False
1.3263750843097796e-05	0.835820895522388	0.024818702907586306	0.02059449706402127	3	7	17	10	12	ENSG00000091317	1.0	False
0.0024727043723288622	0.835820895522388	0.14741645464238207	0.1697555845401164	13	4	7	3	7	ENSG00000094914	1.0	False
9.754935077316187e-05	0.835820895522388	0.07606336276060027	0.07780096085307195	10	7	19	9	14	ENSG00000100612	1.0	False
0.00046015846144437404	0.835820895522388	0.14407938405872578	0.1289955903968643	2	5	7	3	7	ENSG00000101082	1.0	False
0.001437717703524589	0.835820895522388	0.14403778091452063	0.15653266805701294	11	7	17	9	12	ENSG00000101782	1.0	False
8.241292877158827e-08	0.835820895522388	0.00048367241766012023	0.0007311010381634514	3	7	19	9	15	ENSG00000105755	1.0	False
4.793709720464479e-07	0.835820895522388	0.005242359924764049	0.010615711252653925	4	7	17	5	10	ENSG00000108179	1.0	False
0.003915828826225652	0.835820895522388	0.36430147872883234	0.44504663721158555	22	6	8	3	6	ENSG00000109320	1.0	False
0.008469707412309338	0.835820895522388	0.12259268759280682	0.2031024670424704	9	7	18	5	14	ENSG00000109606	1.0	False
0.0013394120496044227	0.835820895522388	0.21616540646435986	0.15147470870739063	13	7	18	7	12	ENSG00000110274	1.0	False
0.002338549324453337	0.835820895522388	0.1814312737611929	0.16840471246974548	6	7	15	4	11	ENSG00000111790	1.0	False
0.004104411887905354	0.835820895522388	0.18850687555025075	0.17715260261407934	4	7	16	7	11	ENSG00000117533	1.0	False
0.0010615706966258815	0.835820895522388	0.15713641221526767	0.12304004938943007	8	7	14	6	11	ENSG00000120910	1.0	False
0.00028019476145462835	0.835820895522388	0.15551696823100267	0.10504744302163362	13	7	19	11	16	ENSG00000124831	1.0	False
0.0036852365213515593	0.835820895522388	0.23588782682845516	0.2037885101260632	37	7	12	4	9	ENSG00000127616	1.0	False
0.0005435242689948891	0.835820895522388	0.10998021176304293	0.17350014351580695	14	7	17	6	14	ENSG00000128891	1.0	False
0.0048646896022695564	0.835820895522388	0.4598384194702731	0.32322643343051505	11	7	14	3	11	ENSG00000129347	1.0	False
0.003892887356693652	0.835820895522388	0.20699243904036596	0.14182594315753855	5	7	18	6	14	ENSG00000130305	1.0	False
0.001956929423585362	0.835820895522388	0.18223433216544893	0.16347112093244942	3	6	8	4	6	ENSG00000132570	1.0	False
0.006802804448649946	0.835820895522388	0.26624471636339986	0.3292554701705607	7	7	18	12	15	ENSG00000134248	1.0	False
0.0012130734457444037	0.835820895522388	0.08666750633138456	0.1082516339869281	9	6	8	3	6	ENSG00000149474	1.0	False
0.0009260750796584816	0.835820895522388	0.09392283538518482	0.07387489530346676	4	7	17	7	13	ENSG00000150779	1.0	False
0.004120238448993917	0.835820895522388	0.26909460670789975	0.2692707378201602	8	4	5	3	4	ENSG00000153029	1.0	False
5.167759624432859e-05	0.835820895522388	0.01905594405594404	0.014469453376205772	5	6	10	3	6	ENSG00000158669	1.0	False
0.0016681032738924404	0.835820895522388	0.1359109879646518	0.16904726371975673	4	7	12	3	7	ENSG00000164691	1.0	False
4.523240699662674e-07	0.835820895522388	0.004716981132075498	0.005253940455341542	3	6	12	4	7	ENSG00000170891	1.0	False
0.007606484572664165	0.835820895522388	0.4310531050526581	0.41695501730103807	20	7	10	3	6	ENSG00000172269	1.0	False
0.0036543836549939313	0.835820895522388	0.2150676050009822	0.20348031173769668	2	7	13	4	10	ENSG00000172586	1.0	False
1.634098725095143e-06	0.835820895522388	0.014184397163120577	0.0018999366687777268	2	7	17	5	13	ENSG00000176108	1.0	False
0.0032376884143310034	0.835820895522388	0.3379585846346568	0.33156498673740054	8	7	14	3	9	ENSG00000178467	1.0	False
0.0009065304499737521	0.835820895522388	0.24333794630771563	0.19363827243799428	28	7	19	8	13	ENSG00000181090	1.0	False
1.1089005660262472e-06	0.835820895522388	0.003968253968253961	0.0017006802721088168	2	7	15	6	10	ENSG00000196865	1.0	False
0.00010328420305521114	0.835820895522388	0.04047619047619051	0.031898266552998	3	6	8	3	6	ENSG00000197714	1.0	False
0.00030688516399187115	0.835820895522388	0.10653729600828346	0.045848113145665476	3	7	14	5	8	ENSG00000198799	1.0	False
0.0007311383293578679	0.835820895522388	0.07510346917514851	0.07554801719067826	12	7	18	9	14	ENSG00000205981	1.0	False
0.0014676302770282505	0.835820895522388	0.19048362337747007	0.1345758354755784	12	7	15	6	10	ENSG00000241973	1.0	False
0.0010959781684182037	0.8407960199004975	0.31784407567461315	0.20486194960959506	7	7	10	3	9	ENSG00000028839	1.0	False
0.001698259596031418	0.8407960199004975	0.078320452335408	0.14305535388735618	14	7	14	4	10	ENSG00000071054	1.0	False
0.000745416244277614	0.8407960199004975	0.14799691941637072	0.13197479159408723	10	7	18	8	12	ENSG00000075884	1.0	False
3.499292303796366e-07	0.8407960199004975	0.0011235955056179527	0.002255299954894021	3	7	18	7	13	ENSG00000102699	1.0	False
7.709833028501928e-05	0.8407960199004975	0.034382573565742175	0.04959197650527586	4	7	17	7	12	ENSG00000103326	1.0	False
0.0008671548869120806	0.8407960199004975	0.12403617892881978	0.10471946582583695	13	7	13	6	9	ENSG00000103415	1.0	False
0.00016221894856999238	0.8407960199004975	0.049426983304803815	0.04336158762025861	4	7	19	11	16	ENSG00000103490	1.0	False
0.001347659018830603	0.8407960199004975	0.11449443064607111	0.08397702515349575	6	5	9	3	6	ENSG00000106346	1.0	False
0.0004376555527396171	0.8407960199004975	0.1174946614449833	0.15813957386887503	12	7	13	5	9	ENSG00000114302	1.0	False
0.0006125180710623276	0.8407960199004975	0.08623408102035879	0.026328699157721774	3	7	19	10	16	ENSG00000117592	1.0	False
0.0009521160352792743	0.8407960199004975	0.09406246530960394	0.09611283109735125	6	7	11	3	7	ENSG00000121858	1.0	False
0.0036348984275243724	0.8407960199004975	0.28914573837886726	0.2761036329425387	18	7	10	3	5	ENSG00000123106	1.0	False
0.0007597324054747887	0.8407960199004975	0.11702426501759662	0.09351184859623957	8	7	19	8	15	ENSG00000125877	1.0	False
7.387956573159704e-05	0.8407960199004975	0.08833973949396282	0.03670347365999545	2	3	4	3	4	ENSG00000128881	1.0	False
0.0012595362207083512	0.8407960199004975	0.06717812561510558	0.15670507412120446	4	7	18	8	14	ENSG00000131174	1.0	False
0.009238694203910373	0.8407960199004975	0.2925664106534693	0.25355845503743785	11	6	6	3	4	ENSG00000131373	1.0	False
0.00041462907106483177	0.8407960199004975	0.1871963644044421	0.09642600143919403	2	6	7	3	7	ENSG00000133111	1.0	False
3.1586893252458815e-05	0.8407960199004975	0.05476343615525801	0.036004879179388466	15	7	19	8	15	ENSG00000135624	1.0	False
0.00022746211786048176	0.8407960199004975	0.09946128206707197	0.060919006730099826	4	6	8	4	6	ENSG00000136141	1.0	False
0.0002544940010523667	0.8407960199004975	0.14391631765224544	0.0775713332713591	8	7	18	8	13	ENSG00000136381	1.0	False
0.0006854072240513682	0.8407960199004975	0.43581558250352304	0.17243418346359518	5	4	6	3	5	ENSG00000136935	1.0	False
0.0014098465568996763	0.8407960199004975	0.17940732031365775	0.22066373236043635	13	7	14	4	8	ENSG00000137804	1.0	False
0.0008395103506955669	0.8407960199004975	0.12770445838470057	0.104221605587982	8	7	18	8	13	ENSG00000142188	1.0	False
0.001389904199833582	0.8407960199004975	0.15326609919706363	0.08140538567837649	7	7	18	8	15	ENSG00000143436	1.0	False
0.0043348243021221165	0.8407960199004975	0.3338298021289782	0.23708531861992452	49	7	16	5	12	ENSG00000158864	1.0	False
0.00018573572223990414	0.8407960199004975	0.07091161654739869	0.08971346448145602	13	7	19	10	17	ENSG00000160014	1.0	False
0.00016427053062173722	0.8407960199004975	0.041314012051383874	0.0721349621873182	4	5	7	4	5	ENSG00000163171	1.0	False
0.00656684977926493	0.8407960199004975	0.27694830784627306	0.2722551223992146	6	7	14	5	8	ENSG00000164751	1.0	False
0.000947299206395134	0.8407960199004975	0.17576670166943978	0.17550506319361395	5	7	15	5	12	ENSG00000165283	1.0	False
3.835627033093096e-05	0.8407960199004975	0.010414836142054422	0.022808697608128613	7	7	19	13	19	ENSG00000167658	1.0	False
0.000405850124595566	0.8407960199004975	0.06784668178497584	0.08205791325730274	9	5	8	4	6	ENSG00000168818	1.0	False
0.0017295165377833642	0.8407960199004975	0.14185239274978703	0.1374269005847953	4	5	7	3	5	ENSG00000169446	1.0	False
1.684027077423002e-05	0.8407960199004975	0.014073701382251981	0.008726563233963845	3	7	17	7	11	ENSG00000171425	1.0	False
0.002041519633994602	0.8407960199004975	0.15010631401010982	0.2132602387778851	6	7	19	13	19	ENSG00000173812	1.0	False
0.00027163869141219425	0.8407960199004975	0.013888888888888864	0.022184300341296925	2	3	4	3	4	ENSG00000177888	1.0	False
0.0009123953714542125	0.8407960199004975	0.17679855529308236	0.15378695714929552	9	7	19	10	14	ENSG00000179134	1.0	False
1.7861943454124928e-05	0.8407960199004975	0.027972892292891627	0.01410116281673171	4	7	18	8	15	ENSG00000182208	1.0	False
0.0007655958797710979	0.8407960199004975	0.32949863569655696	0.3959528963202733	5	6	10	3	7	ENSG00000183354	1.0	False
0.004652364844485811	0.8407960199004975	0.2976526907978521	0.392	11	7	10	3	8	ENSG00000184445	1.0	False
0.0012681714052496464	0.8407960199004975	0.20000000000000004	0.12667225361123874	10	6	9	3	6	ENSG00000185480	1.0	False
0.00016968894657094685	0.8407960199004975	0.15286747217801644	0.05068569633367513	2	7	19	10	14	ENSG00000185896	1.0	False
0.007935140379584257	0.8407960199004975	0.22988131324679023	0.3450357230845036	6	7	8	3	5	ENSG00000196275	1.0	False
0.00014956099274200817	0.8407960199004975	0.05198936481671476	0.04671588275402318	4	7	18	9	14	ENSG00000198818	1.0	False
0.0038928163258498847	0.8407960199004975	0.09181838440534804	0.13260632182531806	9	7	18	10	14	ENSG00000213339	1.0	False
3.141507154102353e-05	0.8407960199004975	0.07633600706904337	0.0699670824131993	3	7	19	10	15	ENSG00000242125	1.0	False
7.449920720046846e-05	0.8407960199004975	0.051038541786157916	0.04470959043742918	7	7	19	12	18	ENSG00000243678	1.0	False
0.024574115400712068	0.8407960199004975	0.22418670297517965	0.5125865395528316	9	4	5	3	3	ENSG00000268119	1.0	False
0.0014678648729411217	0.845771144278607	0.2682643357303442	0.1608028558450624	20	5	7	3	6	ENSG00000042429	1.0	False
0.004320106531349643	0.845771144278607	0.12929318434611398	0.14829067478074098	3	4	5	3	3	ENSG00000065183	1.0	False
4.455874685069579e-05	0.845771144278607	0.040000000000000036	0.007923930269413631	4	7	12	3	8	ENSG00000075218	1.0	False
0.0036312938477020148	0.845771144278607	0.15772896346921964	0.2644469676729896	21	7	19	9	13	ENSG00000076944	1.0	False
3.650800712278668e-06	0.845771144278607	0.017748006510055696	0.0034469953273050793	2	7	11	4	9	ENSG00000100216	1.0	False
0.001147969164955722	0.845771144278607	0.21856521574838272	0.12290460125908176	12	7	18	8	13	ENSG00000107077	1.0	False
0.0008228653198234391	0.845771144278607	0.18203908856412016	0.1530439031683432	28	7	19	8	16	ENSG00000110321	1.0	False
0.0011764533152696694	0.845771144278607	0.15002678196118058	0.0962216215391799	8	7	18	7	14	ENSG00000122565	1.0	False
0.0017141605617863379	0.845771144278607	0.16767040824884744	0.09888756980169722	3	7	13	3	11	ENSG00000125652	1.0	False
0.0010012126294154714	0.845771144278607	0.24378374266678476	0.3384031982100553	16	7	13	4	9	ENSG00000128908	1.0	False
0.0011576277953331926	0.845771144278607	0.2824956189057364	0.3052610301792924	19	7	15	4	11	ENSG00000135899	1.0	False
0.004218834981566527	0.845771144278607	0.15882208805813258	0.19076741841710426	9	7	14	4	9	ENSG00000136682	1.0	False
0.0005893038216729625	0.845771144278607	0.12423903966400349	0.24926319752797896	11	7	18	8	14	ENSG00000138663	1.0	False
0.001337455233780626	0.845771144278607	0.12889163296144301	0.10663222067306383	8	6	12	3	9	ENSG00000141385	1.0	False
0.01041603765847013	0.845771144278607	0.268014435242696	0.3321271393643032	12	6	8	3	6	ENSG00000141452	1.0	False
7.536818999818459e-05	0.845771144278607	0.042883858704128	0.026913002438206202	2	7	19	12	17	ENSG00000143256	1.0	False
0.0066450450712423614	0.845771144278607	0.19037990812553407	0.2503137016798219	8	7	15	4	10	ENSG00000143486	1.0	False
0.0003065738173266153	0.845771144278607	0.0367931507410561	0.04239375931458193	12	7	18	9	15	ENSG00000153048	1.0	False
0.0036483851277844077	0.845771144278607	0.21611359378380368	0.31809296058000724	15	6	9	3	6	ENSG00000159692	1.0	False
0.0005432274999566542	0.845771144278607	0.08148148148148152	0.11578947368421054	3	6	7	3	4	ENSG00000166170	1.0	False
0.00048250645600625744	0.845771144278607	0.12638501982273215	0.05704706292086759	14	7	18	5	14	ENSG00000167645	1.0	False
0.0006878209542720335	0.845771144278607	0.061722789499091775	0.10768929858014296	7	7	19	11	18	ENSG00000170043	1.0	False
0.00021775579851001351	0.845771144278607	0.06318798714855677	0.033473994610808896	4	7	16	5	11	ENSG00000171865	1.0	False
0.00015764421809524908	0.845771144278607	0.08441276768769654	0.04144939576594252	9	7	18	9	15	ENSG00000174744	1.0	False
0.0007719264338290337	0.845771144278607	0.10534696737727281	0.1218141956700466	9	7	16	6	10	ENSG00000187688	1.0	False
0.003996748663785656	0.845771144278607	0.22188317304829355	0.25303341902313625	5	7	15	3	9	ENSG00000188542	1.0	False
0.007929476910737584	0.845771144278607	0.2994723396225724	0.33699529890307733	8	5	6	3	4	ENSG00000219545	1.0	False
0.004018922649626541	0.845771144278607	0.31069547363128824	0.1980325152738946	6	6	8	3	6	ENSG00000244462	1.0	False
0.0034492471249062246	0.845771144278607	0.21969423401615895	0.2697799460755077	20	7	18	8	13	ENSG00000244687	1.0	False
0.0021074624915912977	0.8507462686567164	0.14948701280798563	0.1542714042714043	8	7	14	6	10	ENSG00000090520	1.0	False
0.0012753241739817808	0.8507462686567164	0.27960994470407236	0.2068351391852694	10	7	19	8	14	ENSG00000103335	1.0	False
0.0019656634569094854	0.8507462686567164	0.1622099516624936	0.18855038411328012	6	7	17	6	13	ENSG00000106330	1.0	False
0.00016214571900298694	0.8507462686567164	0.03030303030303029	0.0202020202020202	3	5	6	3	4	ENSG00000106479	1.0	False
0.001202323358299615	0.8507462686567164	0.1650241772458291	0.11265957051505082	30	7	19	9	13	ENSG00000107521	1.0	False
0.003662711913481134	0.8507462686567164	0.23471448117331126	0.2620493603824784	13	7	12	3	8	ENSG00000108424	1.0	False
0.0007472022427423016	0.8507462686567164	0.2125031096907148	0.18266017083527175	11	7	18	7	13	ENSG00000111142	1.0	False
0.001146952834285234	0.8507462686567164	0.19964471287509794	0.13049320353705995	15	7	18	6	11	ENSG00000112339	1.0	False
0.0009143694705988043	0.8507462686567164	0.15053817687796756	0.0839458625899224	9	7	14	4	8	ENSG00000114626	1.0	False
0.00011545999865965533	0.8507462686567164	0.0680079888502774	0.05118347802390315	11	7	18	9	15	ENSG00000116670	1.0	False
0.0013895877662585849	0.8507462686567164	0.1803525584403809	0.13569459872653417	13	7	18	10	15	ENSG00000117448	1.0	False
0.001332603666969041	0.8507462686567164	0.18514351172207666	0.1405013901243162	9	7	18	9	16	ENSG00000119801	1.0	False
0.0027329268293097607	0.8507462686567164	0.2640320308269104	0.3503258389803805	21	7	19	11	17	ENSG00000125107	1.0	False
0.006251260927327946	0.8507462686567164	0.2322735381026313	0.20954789947772276	14	7	16	5	10	ENSG00000125450	1.0	False
6.566927804378549e-05	0.8507462686567164	0.07281961215042192	0.04585258992450027	10	7	17	9	13	ENSG00000129003	1.0	False
0.0008624377352680398	0.8507462686567164	0.1220564717975936	0.07405925566944857	5	7	15	5	10	ENSG00000132286	1.0	False
0.0014980419935637132	0.8507462686567164	0.2840032087513109	0.24275173925348675	30	7	16	6	10	ENSG00000135365	1.0	False
0.0014351984857883808	0.8507462686567164	0.180709866350908	0.17930694936204983	5	7	17	5	12	ENSG00000136045	1.0	False
0.00011898693794289009	0.8507462686567164	0.06857602929399262	0.043245695769476865	9	7	17	7	14	ENSG00000140526	1.0	False
4.829814932643342e-06	0.8507462686567164	0.012764220586109433	0.004173658822290692	6	7	14	7	12	ENSG00000146083	1.0	False
0.0004032801841886459	0.8507462686567164	0.1307331629980088	0.06521258100205467	5	7	17	5	13	ENSG00000149313	1.0	False
0.0007354810913488858	0.8507462686567164	0.11533224394902873	0.07510033961099104	9	6	6	3	5	ENSG00000149476	1.0	False
0.0006547645964641466	0.8507462686567164	0.1475620589908794	0.09164338357881179	13	7	18	7	14	ENSG00000149547	1.0	False
0.00038069965402414747	0.8507462686567164	0.257816939391694	0.34553561853680914	23	7	15	3	10	ENSG00000162599	1.0	False
0.004598266930676361	0.8507462686567164	0.45012764539018885	0.3469495091164095	10	5	7	3	5	ENSG00000162909	1.0	False
0.00039113011951682553	0.8507462686567164	0.11824021658821235	0.2615135333959057	5	4	5	3	5	ENSG00000163412	1.0	False
0.00014700248073053833	0.8507462686567164	0.11399667859146193	0.050854192334558346	9	7	17	8	13	ENSG00000164615	1.0	False
0.0015460449538877588	0.8507462686567164	0.2247371351515961	0.15744773519163757	15	7	14	5	8	ENSG00000169180	1.0	False
0.00044052814911120134	0.8507462686567164	0.08467997054484917	0.10785223678464138	6	7	16	6	12	ENSG00000171148	1.0	False
0.0006007837629006342	0.8507462686567164	0.0919393111503858	0.11551023492468644	15	7	13	6	10	ENSG00000173120	1.0	False
0.000669438992237728	0.8507462686567164	0.162493118891529	0.15884101821217853	29	7	19	11	18	ENSG00000173575	1.0	False
0.002858772767936447	0.8507462686567164	0.13881848740096994	0.13853641414617027	11	7	19	10	14	ENSG00000175634	1.0	False
0.000701842097080258	0.8507462686567164	0.36486556106138157	0.31612653260176726	5	7	15	5	10	ENSG00000178974	1.0	False
0.00014867616436604861	0.8507462686567164	0.09231793440437207	0.033816425120772965	4	6	7	3	4	ENSG00000181610	1.0	False
0.0035014807337535618	0.8507462686567164	0.27916196122717857	0.21296054691577082	9	6	7	3	5	ENSG00000186566	1.0	False
0.0001758684317398451	0.8507462686567164	0.011448238031565694	0.028153192814522218	2	7	18	6	12	ENSG00000187522	1.0	False
0.0012748160602814884	0.8507462686567164	0.20657493664056667	0.12163093085335401	4	6	9	3	7	ENSG00000196646	1.0	False
0.0008532243944871838	0.8507462686567164	0.1486640809341583	0.1802898550724638	6	7	17	4	14	ENSG00000213585	1.0	False
0.012024015014091756	0.8507462686567164	0.46708548903670855	0.4309802551109558	4	7	7	3	4	ENSG00000250222	1.0	False
0.001406923880544024	0.8507462686567164	0.19758727566148426	0.1528248749928157	7	4	4	3	4	ENSG00000250303	1.0	False
0.00037075786538272684	0.8507462686567164	0.07393062447340293	0.0634769033386646	6	7	19	12	17	ENSG00000277791	1.0	False
2.976996623243575e-05	0.8507462686567164	0.026128594221432773	0.01999220785173528	2	7	13	3	8	ENSG00000291266	1.0	False
0.0003409687370161397	0.8557213930348259	0.23773934810696384	0.6388888888888888	5	7	15	5	10	ENSG00000023892	1.0	False
0.0004481826796681904	0.8557213930348259	0.054870737866779574	0.07031016056311998	14	7	19	13	18	ENSG00000063046	1.0	False
0.0003080694121865271	0.8557213930348259	0.054840455248246094	0.06371230823487924	4	7	13	4	8	ENSG00000066084	1.0	False
0.00851148585575489	0.8557213930348259	0.3718974351838307	0.2151298475594617	10	7	13	3	9	ENSG00000074266	1.0	False
0.0012937113384446192	0.8557213930348259	0.19144596656296833	0.21303331215605048	20	7	19	9	15	ENSG00000075539	1.0	False
0.0019275860857886572	0.8557213930348259	0.2951285808542809	0.12977638278006476	13	7	14	4	10	ENSG00000090316	1.0	False
0.0018584384757415599	0.8557213930348259	0.19122570107956344	0.1572259162036235	6	7	14	6	10	ENSG00000100060	1.0	False
2.478795787854196e-05	0.8557213930348259	0.05014278278455477	0.007574456094980307	6	7	19	13	18	ENSG00000100097	1.0	False
1.4540574452217537e-06	0.8557213930348259	0.011723401951307479	0.012723129510064584	2	6	9	3	6	ENSG00000104918	1.0	False
0.003088885386368742	0.8557213930348259	0.16093913825164344	0.13651569602078345	8	7	13	4	9	ENSG00000108651	1.0	False
0.0071580042763702825	0.8557213930348259	0.17767681969335908	0.19577779236982076	6	6	5	3	4	ENSG00000108984	1.0	False
2.074030541399196e-06	0.8557213930348259	0.0020342793284473886	0.0032894736842105435	4	7	14	5	11	ENSG00000110871	1.0	False
0.00019817620343120726	0.8557213930348259	0.09575201558266253	0.04047745665348586	6	7	17	5	11	ENSG00000111737	1.0	False
0.002170608570158601	0.8557213930348259	0.2231172364699578	0.2020673665494861	13	7	17	6	12	ENSG00000113851	1.0	False
0.001730769382020239	0.8557213930348259	0.18847827407310488	0.1388143898590803	17	7	13	4	8	ENSG00000116001	1.0	False
9.2875353780744e-07	0.8557213930348259	0.0039052587583777564	0.002197802197802194	3	7	17	6	12	ENSG00000116095	1.0	False
7.744911285589239e-05	0.8557213930348259	0.024943306082798267	0.03757927021438505	2	7	17	6	11	ENSG00000117505	1.0	False
0.004908363269232876	0.8557213930348259	0.31339804112852726	0.2880313765182187	12	4	5	3	5	ENSG00000121310	1.0	False
6.597886802935358e-05	0.8557213930348259	0.031182403372119548	0.04074643556052553	2	6	6	3	4	ENSG00000122741	1.0	False
0.00016992715866062267	0.8557213930348259	0.10589303378538246	0.044833082617162054	15	7	18	9	15	ENSG00000123136	1.0	False
0.0014192560034362127	0.8557213930348259	0.20194485187508324	0.11639388979814513	6	7	16	6	9	ENSG00000126070	1.0	False
0.0021810086620226484	0.8557213930348259	0.19873558106097053	0.15105829235326262	22	7	14	5	11	ENSG00000129103	1.0	False
0.001271828316485736	0.8557213930348259	0.163779271373193	0.20605234002946826	16	7	18	8	15	ENSG00000129197	1.0	False
0.00035569960374161054	0.8557213930348259	0.1519506507222635	0.15728130095796333	4	7	19	8	14	ENSG00000141873	1.0	False
0.0007352558932416862	0.8557213930348259	0.09026539150540201	0.09509306125116049	6	7	18	9	15	ENSG00000147649	1.0	False
0.0032217147759298842	0.8557213930348259	0.40162205581425525	0.40084542833406633	24	6	10	4	7	ENSG00000147996	1.0	False
0.000662943264000257	0.8557213930348259	0.4591753585397654	0.3901051329622759	7	4	6	3	4	ENSG00000150768	1.0	False
0.0014824035002964392	0.8557213930348259	0.16486828090907663	0.13942592415703503	2	7	12	3	10	ENSG00000156232	1.0	False
0.002003019506042618	0.8557213930348259	0.1605411252194752	0.20799179682765548	34	7	19	12	17	ENSG00000165119	1.0	False
0.00022584807698959665	0.8557213930348259	0.06416706500551818	0.056138355494551775	8	7	18	7	12	ENSG00000166451	1.0	False
1.2896651095399426e-08	0.8557213930348259	0.00040716612377852946	0.00039619651347067584	2	7	16	8	11	ENSG00000166889	1.0	False
0.00013740825115795158	0.8557213930348259	0.12656010957817643	0.3310646572678658	5	5	7	4	6	ENSG00000167703	1.0	False
0.0055639090329009915	0.8557213930348259	0.19712646825661279	0.2526874065876971	7	7	18	6	14	ENSG00000170473	1.0	False
0.002102203856555457	0.8557213930348259	0.11384086834955416	0.1319138084916486	3	7	18	7	14	ENSG00000170606	1.0	False
0.0011377028252084688	0.8557213930348259	0.05122918837959102	0.08028578037058928	4	7	12	4	7	ENSG00000171467	1.0	False
0.00026261742067472697	0.8557213930348259	0.0354544982204557	0.1014561570117126	4	6	9	3	6	ENSG00000172375	1.0	False
0.003975982720536508	0.8557213930348259	0.2106131335605379	0.23014493622206905	11	6	10	3	7	ENSG00000172732	1.0	False
0.0024793711180645817	0.8557213930348259	0.31131982016380216	0.2955598910155067	8	7	8	3	6	ENSG00000172932	1.0	False
2.8582728230525922e-05	0.8557213930348259	0.01222921034241782	0.0136972253962673	2	3	4	3	4	ENSG00000174004	1.0	False
0.0017772840008401104	0.8557213930348259	0.2799882843066686	0.20234586096782115	9	7	12	3	8	ENSG00000174238	1.0	False
0.00024297313336363338	0.8557213930348259	0.09950198807100713	0.05382451457163204	5	7	18	8	14	ENSG00000182180	1.0	False
0.003148011507166784	0.8557213930348259	0.25258335790456526	0.1990116801437556	14	5	5	3	3	ENSG00000182919	1.0	False
0.0001498598108592584	0.8557213930348259	0.0795979390364081	0.0867474802463385	7	7	19	12	16	ENSG00000182934	1.0	False
0.001605903610486025	0.8557213930348259	0.24047940359441874	0.2289808138824392	15	7	14	5	9	ENSG00000183283	1.0	False
5.749561517237244e-06	0.8557213930348259	0.0068911523102402165	0.00894624668209575	4	7	19	13	18	ENSG00000185883	1.0	False
0.00024270833019566658	0.8557213930348259	0.06731534335491744	0.10758377425044091	4	7	11	3	6	ENSG00000196502	1.0	False
0.0017314792765438733	0.8557213930348259	0.3053115836553686	0.20049500495004952	8	5	9	3	7	ENSG00000204070	1.0	False
3.3309175596515745e-07	0.8557213930348259	0.006340744894504086	0.0023071192761115033	4	7	19	13	19	ENSG00000265972	1.0	False
0.00076164943471631	0.8557213930348259	0.06060606060606058	0.0576923076923077	2	5	5	3	4	ENSG00000269226	1.0	False
0.017847536023937786	0.8557213930348259	0.24585215404353686	0.2012959278018974	2	4	7	3	5	ENSG00000285693	1.0	False
0.000686073264641064	0.8606965174129353	0.164155795407565	0.2461712166501238	12	7	10	3	7	ENSG00000001084	1.0	False
4.421134011259238e-06	0.8606965174129353	0.04258467600932521	0.006430778807888121	3	7	17	6	14	ENSG00000035687	1.0	False
5.2851371248763034e-05	0.8606965174129353	0.061566915915874654	0.028949728332542064	3	7	15	5	10	ENSG00000054219	1.0	False
0.0014747663249163672	0.8606965174129353	0.16118548978873892	0.2268481570157548	13	7	14	5	8	ENSG00000066933	1.0	False
0.0008562878080969679	0.8606965174129353	0.12096821199980193	0.10299737282063533	9	7	8	4	8	ENSG00000067048	1.0	False
0.000725538868215413	0.8606965174129353	0.16940903693450393	0.24692233947451936	19	7	19	10	17	ENSG00000085224	1.0	False
0.0029322823162838	0.8606965174129353	0.21251079037731377	0.23008734578010703	18	7	15	6	11	ENSG00000093144	1.0	False
0.0011888903780245404	0.8606965174129353	0.0971971430953159	0.10404591104734577	9	5	7	3	5	ENSG00000104964	1.0	False
0.018732151654181222	0.8606965174129353	0.19048683386681844	0.2394805693269264	13	7	18	7	13	ENSG00000106682	1.0	False
8.889695065099492e-07	0.8606965174129353	0.014200544600235546	0.005692018425010893	3	7	19	13	19	ENSG00000108518	1.0	False
3.0682439258771226e-07	0.8606965174129353	0.0026143790849673153	0.0012541806020066747	2	7	18	8	14	ENSG00000115539	1.0	False
8.877569101806077e-05	0.8606965174129353	0.0128205128205128	0.0147783251231527	2	6	10	3	6	ENSG00000130193	1.0	False
7.650218058425383e-05	0.8606965174129353	0.0370474627579247	0.04787391583017167	2	7	15	6	10	ENSG00000139193	1.0	False
0.0036692498019156193	0.8606965174129353	0.14472576004106286	0.16784774985388662	7	3	4	3	3	ENSG00000143179	1.0	False
0.001536564757214893	0.8606965174129353	0.15582674658572715	0.13296198993314376	6	7	12	3	10	ENSG00000151287	1.0	False
0.0004380581911271734	0.8606965174129353	0.10414278574963858	0.0881701447996133	7	7	15	5	9	ENSG00000159069	1.0	False
0.0012490014283616391	0.8606965174129353	0.13001524200897865	0.16525259252951582	27	7	19	9	16	ENSG00000161203	1.0	False
0.001609760510693633	0.8606965174129353	0.15226077525954065	0.12738644575740016	11	7	19	11	17	ENSG00000162032	1.0	False
0.000868029578447634	0.8606965174129353	0.10517993020230378	0.1030353582414059	12	7	18	7	11	ENSG00000163918	1.0	False
0.006542631625288615	0.8606965174129353	0.161407685716608	0.17009682284824598	6	5	5	3	5	ENSG00000164053	1.0	False
0.0012234559567533391	0.8606965174129353	0.14928033401898444	0.10153006368373171	7	5	6	3	5	ENSG00000165410	1.0	False
8.92912461688503e-05	0.8606965174129353	0.05089513641003881	0.03659900641147396	9	7	15	4	11	ENSG00000168538	1.0	False
0.010346607616167623	0.8606965174129353	0.4138155597042851	0.30113636363636365	13	7	14	3	10	ENSG00000171453	1.0	False
0.00038898957789322363	0.8606965174129353	0.22328963033568625	0.09118654804065536	6	6	7	3	5	ENSG00000175470	1.0	False
0.0016393680775042263	0.8606965174129353	0.14514391173682167	0.15141809404446918	5	7	14	4	10	ENSG00000183527	1.0	False
0.001370664809580606	0.8606965174129353	0.24676259276779597	0.26521037601506714	38	7	16	6	9	ENSG00000183735	1.0	False
0.0004919613364050041	0.8606965174129353	0.11583471052526882	0.12290080609046126	13	7	7	3	6	ENSG00000183878	1.0	False
0.0008823832156611589	0.8606965174129353	0.04229962557060972	0.03138576581795206	3	2	4	4	4	ENSG00000196821	1.0	False
3.6032087861624897e-06	0.8606965174129353	0.007279436498072299	0.00930064269901423	5	7	15	5	11	ENSG00000198876	1.0	False
0.000368213874392973	0.8606965174129353	0.16876611314646284	0.06140723436435355	2	7	11	5	9	ENSG00000211893	1.0	False
0.00020192168763968112	0.8606965174129353	0.09793462089807042	0.08550142599383044	2	7	14	5	8	ENSG00000244459	1.0	False
0.0034457242618940796	0.8606965174129353	0.2016773099619389	0.1844620833866769	7	4	6	3	5	ENSG00000272391	1.0	False
0.00042760113668470403	0.8606965174129353	0.12494288250565852	0.07664194345909922	2	7	10	3	4	ENSG00000276085	1.0	False
0.0017693302627701294	0.8656716417910447	0.15347562859957323	0.15766436190689823	19	7	18	8	14	ENSG00000004534	1.0	False
0.0021253047565626235	0.8656716417910447	0.12006975740369846	0.1735276966326132	24	7	19	12	18	ENSG00000015479	1.0	False
0.002211644593167148	0.8656716417910447	0.18950400470169285	0.1368088866447867	11	7	16	5	12	ENSG00000047579	1.0	False
0.0008095881384947902	0.8656716417910447	0.1495156217341727	0.11639447236180908	14	7	14	5	11	ENSG00000050130	1.0	False
0.0035342472918500375	0.8656716417910447	0.2670777035662197	0.27010583228641155	12	7	11	3	7	ENSG00000062822	1.0	False
0.0014310828887806838	0.8656716417910447	0.18009410088832037	0.15694837445831766	18	7	18	6	12	ENSG00000065150	1.0	False
1.6105677941296402e-05	0.8656716417910447	0.05531098973192353	0.019778545001606092	5	7	19	11	17	ENSG00000081320	1.0	False
0.00027607119393984305	0.8656716417910447	0.2781190281190281	0.3703071672354949	6	7	8	3	6	ENSG00000090857	1.0	False
0.0022929329129762026	0.8656716417910447	0.15516504997275432	0.23238386114690843	11	7	19	12	15	ENSG00000102054	1.0	False
0.0069010522913057	0.8656716417910447	0.3005704698552415	0.268939393939394	9	6	9	4	7	ENSG00000102226	1.0	False
0.0005289420566062867	0.8656716417910447	0.08090891539846837	0.05766298858150257	4	7	16	4	12	ENSG00000110851	1.0	False
0.0038713606031421624	0.8656716417910447	0.22880929754241397	0.2097768144806983	6	7	14	5	7	ENSG00000112249	1.0	False
0.0034275607944492963	0.8656716417910447	0.18161508878731958	0.19964723886597668	8	7	15	4	11	ENSG00000113643	1.0	False
0.0020441560953808973	0.8656716417910447	0.19479036885817913	0.1716877434399956	18	7	18	8	14	ENSG00000113649	1.0	False
0.0010039997748717763	0.8656716417910447	0.19940223738398183	0.23801711645202747	8	6	6	3	4	ENSG00000120158	1.0	False
0.0006362011017943499	0.8656716417910447	0.19096170154137165	0.14347655924979735	6	7	15	3	8	ENSG00000121152	1.0	False
1.6461285068353516e-05	0.8656716417910447	0.03746961371841295	0.016241980546357615	2	7	14	5	10	ENSG00000124160	1.0	False
0.0015109573706788377	0.8656716417910447	0.19958132275561996	0.2913548997549469	7	7	16	6	11	ENSG00000124782	1.0	False
0.0030074812565788083	0.8656716417910447	0.3188426741711131	0.2820785367614616	18	6	10	3	6	ENSG00000129667	1.0	False
0.008471769005109002	0.8656716417910447	0.30222025204524233	0.3982742806974968	5	7	18	8	13	ENSG00000136240	1.0	False
0.00144985171011549	0.8656716417910447	0.11806095921312951	0.07485812582205534	3	7	18	6	13	ENSG00000136522	1.0	False
0.0010055940217207036	0.8656716417910447	0.13303997063729622	0.12271032227726561	5	7	11	3	7	ENSG00000142867	1.0	False
0.00019356609058221731	0.8656716417910447	0.1667990562597676	0.09484658362774315	3	7	15	6	11	ENSG00000146278	1.0	False
0.001271157907663233	0.8656716417910447	0.08774313347721804	0.15266558035525712	9	7	18	7	14	ENSG00000147586	1.0	False
0.0008448553182641234	0.8656716417910447	0.20570347713204848	0.10630842005676443	8	7	9	3	7	ENSG00000147894	1.0	False
5.1212582606160266e-05	0.8656716417910447	0.14072277353329124	0.15318762424568763	4	3	7	3	7	ENSG00000161929	1.0	False
0.00044899322302782523	0.8656716417910447	0.03531340145406636	0.06667710562485864	6	7	10	3	8	ENSG00000162885	1.0	False
0.000738531441701494	0.8656716417910447	0.14190215330102265	0.33012506734172525	5	7	19	7	13	ENSG00000164346	1.0	False
0.0006756896991985343	0.8656716417910447	0.12277069195029486	0.10950806118230674	9	6	12	3	9	ENSG00000165630	1.0	False
0.0004167802186762111	0.8656716417910447	0.1251263258919616	0.06553601208269089	8	7	17	5	12	ENSG00000165948	1.0	False
0.0008079600850291296	0.8656716417910447	0.198794660751155	0.2540884664244097	39	7	19	10	15	ENSG00000169554	1.0	False
2.9477325595046583e-05	0.8656716417910447	0.06060971489738074	0.13222520812836533	10	7	19	13	17	ENSG00000170345	1.0	False
0.00014303117315275576	0.8656716417910447	0.04919247702066417	0.035252135817236	5	7	19	9	17	ENSG00000170348	1.0	False
3.615617152442356e-05	0.8656716417910447	0.040726544121102895	0.01474067830089153	6	7	19	10	15	ENSG00000173207	1.0	False
0.0017810272674476627	0.8656716417910447	0.16800589693654047	0.27790264342177684	8	5	6	3	5	ENSG00000197081	1.0	False
0.0006677668048829421	0.8656716417910447	0.15935166224239541	0.11911963102466444	24	7	19	12	18	ENSG00000197111	1.0	False
0.0019829538836809444	0.8656716417910447	0.3349396782974188	0.08517278888795918	2	6	8	3	6	ENSG00000230424	1.0	False
0.004701231985047537	0.8656716417910447	0.2515365220764281	0.299031737493276	21	6	8	3	7	ENSG00000233184	1.0	False
0.00032094168902944953	0.8656716417910447	0.1218286352146338	0.052491525124548924	10	4	6	3	6	ENSG00000291173	1.0	False
0.0014865118207579684	0.8706467661691543	0.25319457351329216	0.1929611448539812	14	7	14	6	10	ENSG00000058673	1.0	False
1.3701198054421287e-05	0.8706467661691543	0.015397968912554152	0.012731541917100464	2	7	19	10	13	ENSG00000060491	1.0	False
0.00014838319085823447	0.8706467661691543	0.0735706676808547	0.07603115838409955	8	7	17	3	9	ENSG00000067836	1.0	False
0.0016309460642726919	0.8706467661691543	0.26357659122066485	0.26908016893874526	9	7	14	4	8	ENSG00000070961	1.0	False
0.000350251691633395	0.8706467661691543	0.1009936424196469	0.05521289757203982	3	7	19	7	13	ENSG00000080608	1.0	False
0.002450317311131696	0.8706467661691543	0.11916864054701327	0.11625486873011623	15	6	11	4	7	ENSG00000086189	1.0	False
0.0004494357660101892	0.8706467661691543	0.13444768550331393	0.11286129124513285	9	7	18	8	14	ENSG00000099624	1.0	False
0.0022120869197113226	0.8706467661691543	0.2102294435146469	0.12968565316983377	7	7	17	7	11	ENSG00000100162	1.0	False
0.0013865571944967022	0.8706467661691543	0.2678596245587252	0.13874129407509056	36	7	19	6	12	ENSG00000101266	1.0	False
0.004573628042974812	0.8706467661691543	0.09349875358186177	0.13653846153846158	3	4	5	3	4	ENSG00000103150	1.0	False
0.010278044513666878	0.8706467661691543	0.3644455206965758	0.34822707614227055	8	6	7	3	5	ENSG00000103245	1.0	False
0.00408518649699296	0.8706467661691543	0.14481827643263287	0.21428151647129745	17	7	19	9	14	ENSG00000104960	1.0	False
0.0022613329273700068	0.8706467661691543	0.18796869202528493	0.20756255769366194	31	7	19	9	13	ENSG00000109332	1.0	False
1.8381049456611306e-07	0.8706467661691543	0.005954664714900295	0.0033195996840873244	9	7	19	13	19	ENSG00000111348	1.0	False
0.00032535993469856686	0.8706467661691543	0.1370351143262839	0.11926484888736759	12	7	15	4	11	ENSG00000114054	1.0	False
0.00012137739155060283	0.8706467661691543	0.07778984915638815	0.0486976630963973	2	7	18	7	14	ENSG00000115816	1.0	False
0.002346040703568177	0.8706467661691543	0.16962863456065858	0.17465878625396053	5	7	18	6	12	ENSG00000117475	1.0	False
0.004736389115646498	0.8706467661691543	0.17641005982250582	0.28562132824933073	27	7	18	8	14	ENSG00000129460	1.0	False
0.008710475496650154	0.8706467661691543	0.3223966662419914	0.2592936802973978	23	6	9	3	6	ENSG00000132781	1.0	False
0.002194219039864784	0.8706467661691543	0.26341865874607967	0.34419589533386363	12	7	16	5	13	ENSG00000143198	1.0	False
0.0005071983404863871	0.8706467661691543	0.08547887287793066	0.06383893568050177	8	6	10	4	7	ENSG00000143622	1.0	False
0.0016230918394542098	0.8706467661691543	0.27559342570554995	0.17154255319148937	13	7	13	4	9	ENSG00000148950	1.0	False
0.002366646308409703	0.8706467661691543	0.19791269979366496	0.13903841729928684	11	7	16	6	10	ENSG00000156858	1.0	False
0.004649649403430177	0.8706467661691543	0.2225999850677448	0.18733474698290534	5	7	12	3	7	ENSG00000158604	1.0	False
0.0023183235835466634	0.8706467661691543	0.3607201154563411	0.30255214686038073	19	7	12	3	9	ENSG00000160211	1.0	False
9.390160905312588e-07	0.8706467661691543	0.004046369203849504	0.020306965761511232	3	2	4	4	4	ENSG00000164168	1.0	False
3.584394765450915e-06	0.8706467661691543	0.03725671977243546	0.030338527434000923	5	7	15	3	8	ENSG00000165092	1.0	False
0.009868306652668697	0.8706467661691543	0.15443716275560843	0.3521530174762396	8	7	11	4	7	ENSG00000165209	1.0	False
0.0020481842910668835	0.8706467661691543	0.2677983068061251	0.38585765572547553	25	4	7	3	5	ENSG00000166340	1.0	False
9.20353011892744e-05	0.8706467661691543	0.06785631972880174	0.03299870977059002	2	7	14	5	11	ENSG00000169964	1.0	False
5.826729740315128e-06	0.8706467661691543	0.012722447800944975	0.00823425956634437	3	7	19	10	12	ENSG00000176390	1.0	False
0.0008185324607009422	0.8706467661691543	0.10456809186975141	0.11580029190592343	5	7	16	8	13	ENSG00000182158	1.0	False
0.002326963292596383	0.8706467661691543	0.14362869123442068	0.3745498799341383	4	7	19	11	17	ENSG00000197728	1.0	False
8.189011592822568e-05	0.8706467661691543	0.03247507887703257	0.019380943060401248	3	7	18	8	14	ENSG00000197976	1.0	False
0.0001858256682624185	0.8706467661691543	0.035917323336779605	0.031066763500627544	8	7	16	8	13	ENSG00000203896	1.0	False
0.002808483409076673	0.8706467661691543	0.368572456159653	0.30952380952380953	17	6	14	3	11	ENSG00000221978	1.0	False
7.856480092053504e-07	0.8706467661691543	0.01801801801801798	0.001670843776106934	2	6	6	3	4	ENSG00000237489	1.0	False
5.4482719571020825e-06	0.8706467661691543	0.01772075718530077	0.014139369418150532	9	7	19	10	15	ENSG00000254505	1.0	False
0.00044417661284165753	0.8756218905472637	0.05250807783521361	0.07867113581399302	4	7	10	3	6	ENSG00000063322	1.0	False
0.0009513306232651452	0.8756218905472637	0.11426094236269402	0.09492067363058707	5	5	5	3	4	ENSG00000078177	1.0	False
0.0007841800610287005	0.8756218905472637	0.035876450615007285	0.053534704968221644	4	2	4	4	4	ENSG00000081692	1.0	False
0.0007438944084662594	0.8756218905472637	0.07104375103676915	0.07094659726238672	4	4	5	3	4	ENSG00000090447	1.0	False
0.002322375906833544	0.8756218905472637	0.12402879561773626	0.20801612180922524	6	5	6	3	3	ENSG00000099326	1.0	False
3.319857000459171e-06	0.8756218905472637	0.018052701320467702	0.010230243778658018	5	7	19	10	16	ENSG00000102265	1.0	False
3.056159633830609e-05	0.8756218905472637	0.0523031343553321	0.019834016531964902	7	7	19	10	17	ENSG00000105185	1.0	False
0.0004744119840457884	0.8756218905472637	0.13786231188123693	0.06396944937001957	5	7	19	9	14	ENSG00000109919	1.0	False
0.0005745812313556032	0.8756218905472637	0.1557869559047798	0.11809065342075362	3	7	11	3	8	ENSG00000110987	1.0	False
0.0027321429892475453	0.8756218905472637	0.2404103678798646	0.3042445418076276	23	7	15	6	12	ENSG00000114126	1.0	False
0.00029901052575432267	0.8756218905472637	0.07291666666666667	0.048951048951048945	3	5	5	3	4	ENSG00000114988	1.0	False
0.0004176543739377226	0.8756218905472637	0.09471523497242569	0.046662136863834164	8	7	19	10	15	ENSG00000115091	1.0	False
0.0001724233947339148	0.8756218905472637	0.18755816692938165	0.16516761657726328	14	7	16	7	10	ENSG00000115523	1.0	False
0.0006775186358101877	0.8756218905472637	0.16750858737647742	0.17203491967672283	27	7	19	10	15	ENSG00000123066	1.0	False
7.196793851841035e-06	0.8756218905472637	0.017609071176909345	0.010347475573743502	6	7	16	8	13	ENSG00000123395	1.0	False
0.0034093419193315516	0.8756218905472637	0.23612281005404387	0.1171377641965877	7	4	5	3	4	ENSG00000124383	1.0	False
0.00011479831391794368	0.8756218905472637	0.05631424364418106	0.04409542907372813	6	7	11	3	7	ENSG00000125149	1.0	False
1.249088201712397e-06	0.8756218905472637	0.014212075845249245	0.005190156742152056	3	7	19	11	17	ENSG00000126432	1.0	False
0.0019812207629998145	0.8756218905472637	0.19794049734903713	0.22904090267983077	27	7	14	3	10	ENSG00000127022	1.0	False
0.0001676990129054905	0.8756218905472637	0.14935244699982744	0.1048042459332782	5	4	7	4	5	ENSG00000131196	1.0	False
0.00014800908566076746	0.8756218905472637	0.056062351911774014	0.03590330227686206	2	7	12	5	8	ENSG00000132406	1.0	False
0.0020769527546616413	0.8756218905472637	0.2704997026474108	0.22032828282828285	7	4	8	3	7	ENSG00000134265	1.0	False
0.006003960179605767	0.8756218905472637	0.20829384382796173	0.2403736138382636	7	7	17	6	13	ENSG00000136108	1.0	False
0.0019119568453537974	0.8756218905472637	0.08162031879872154	0.14938384158652476	7	7	18	9	16	ENSG00000136758	1.0	False
0.005925013871893688	0.8756218905472637	0.17920117976634312	0.18663581163581164	12	6	8	3	7	ENSG00000137871	1.0	False
0.00010040647954946397	0.8756218905472637	0.059961058242818	0.05898784110475497	10	6	12	5	8	ENSG00000139842	1.0	False
0.002461495778863087	0.8756218905472637	0.2684880255290271	0.2780364414671096	19	7	16	5	12	ENSG00000140750	1.0	False
0.004590352343569029	0.8756218905472637	0.23028982938900255	0.17628684673333858	11	7	16	5	10	ENSG00000141298	1.0	False
0.0035374368180726397	0.8756218905472637	0.210460987168365	0.22930711135891327	10	4	5	3	4	ENSG00000143207	1.0	False
0.0026773207572925264	0.8756218905472637	0.2666704878449814	0.4707179915861052	37	7	19	7	13	ENSG00000145907	1.0	False
0.00016680492916798935	0.8756218905472637	0.05630935744696434	0.041344746029958315	2	6	7	3	5	ENSG00000148572	1.0	False
0.000654036119413115	0.8756218905472637	0.03761621527876013	0.06291983878190772	6	2	4	4	4	ENSG00000148835	1.0	False
0.00967583095313326	0.8756218905472637	0.12507688689530022	0.23608541483389245	3	6	10	3	7	ENSG00000156384	1.0	False
0.0034894805916530452	0.8756218905472637	0.10000148084203675	0.22996303261420564	9	7	18	9	13	ENSG00000156873	1.0	False
0.000426205301559577	0.8756218905472637	0.11049296316710569	0.07152069792036829	9	7	15	4	9	ENSG00000163754	1.0	False
6.759568328857784e-05	0.8756218905472637	0.09620894858423415	0.06757624398073835	8	7	13	5	7	ENSG00000163945	1.0	False
2.2079406271522264e-06	0.8756218905472637	0.00336134453781512	0.0021119324181626364	2	7	9	4	6	ENSG00000164086	1.0	False
0.0012438816719261556	0.8756218905472637	0.16860346452729946	0.14459918505887037	23	7	18	8	14	ENSG00000175203	1.0	False
0.00011261271092069579	0.8756218905472637	0.14451816725350225	0.14084549472587915	7	5	8	3	6	ENSG00000177663	1.0	False
0.0013635334589930583	0.8756218905472637	0.07157153214984671	0.1583490756320492	5	7	19	12	18	ENSG00000177954	1.0	False
3.218303223181738e-06	0.8756218905472637	0.007352941176470602	0.0037593984962406325	3	7	12	3	8	ENSG00000178567	1.0	False
0.0032483838316183997	0.8756218905472637	0.19037276494736385	0.16696535244922336	13	3	5	3	4	ENSG00000183765	1.0	False
0.00013966947189171205	0.8756218905472637	0.10724036992419339	0.059993801092557454	6	7	15	5	9	ENSG00000184575	1.0	False
9.780984367058906e-05	0.8756218905472637	0.1125045097952691	0.03977499775596163	13	7	18	8	15	ENSG00000185627	1.0	False
0.0015129704532439198	0.8756218905472637	0.11229685674717793	0.135872143264263	4	7	18	8	15	ENSG00000185651	1.0	False
0.0013915812181818834	0.8756218905472637	0.23487466803859489	0.24267874795899103	61	7	19	8	12	ENSG00000225470	1.0	False
9.584704318959986e-06	0.8756218905472637	0.030090841011201526	0.0076483500712985625	12	7	19	12	16	ENSG00000226950	1.0	False
0.0014218072624830318	0.8756218905472637	0.14709021791652085	0.14146023468057364	13	5	8	3	5	ENSG00000239697	1.0	False
0.0037274251098877277	0.8805970149253731	0.15691299647697013	0.2880566010640252	12	7	18	9	15	ENSG00000054267	1.0	False
0.0004143006566777177	0.8805970149253731	0.17177597847855652	0.1894596973200573	6	5	12	3	9	ENSG00000072694	1.0	False
0.005318917666047584	0.8805970149253731	0.23223166865743497	0.23195491652652325	22	7	13	3	9	ENSG00000102901	1.0	False
0.003057534532839688	0.8805970149253731	0.2551865461430791	0.17671243596612152	21	4	9	4	7	ENSG00000107959	1.0	False
4.716099332511396e-05	0.8805970149253731	0.03099881492526633	0.02865205054930294	7	7	19	12	17	ENSG00000114125	1.0	False
0.0010657889791461602	0.8805970149253731	0.12525242357272723	0.10947966634003048	11	7	19	11	17	ENSG00000115232	1.0	False
0.0008882320503600059	0.8805970149253731	0.3527338450899114	0.15862960568842924	14	7	10	4	7	ENSG00000115760	1.0	False
0.0005878736848527359	0.8805970149253731	0.1032651843933803	0.09243279569892474	6	7	15	4	9	ENSG00000118046	1.0	False
0.0004374031180816952	0.8805970149253731	0.15980360216596617	0.1142283629786284	4	7	16	7	11	ENSG00000121644	1.0	False
0.00044311946133022105	0.8805970149253731	0.13006115703525858	0.1383473168308587	13	7	18	9	15	ENSG00000126524	1.0	False
1.3105462384418998e-05	0.8805970149253731	0.005555555555555545	0.004310344827586197	3	6	7	3	5	ENSG00000127580	1.0	False
0.0035781582258197567	0.8805970149253731	0.2685635880696365	0.31255982226749446	6	5	6	3	4	ENSG00000138764	1.0	False
0.0017151479435731118	0.8805970149253731	0.3344528689226014	0.3092696069939002	11	7	14	4	9	ENSG00000143437	1.0	False
0.0010451846751237716	0.8805970149253731	0.15706942159769433	0.08648962899604404	6	5	6	3	5	ENSG00000145246	1.0	False
0.004629837558051953	0.8805970149253731	0.4617800469930796	0.5405527159317335	25	6	11	3	6	ENSG00000150093	1.0	False
0.0003349575866222982	0.8805970149253731	0.1728018462407483	0.07358156028368798	5	7	17	5	12	ENSG00000159346	1.0	False
0.0009659198865176378	0.8805970149253731	0.13998461196124826	0.17951280118485297	13	7	19	6	14	ENSG00000160633	1.0	False
0.0009833085428818094	0.8805970149253731	0.16938107828143167	0.17557399334883608	16	7	19	10	15	ENSG00000163714	1.0	False
0.0020487490179052765	0.8805970149253731	0.15257341105930544	0.09263019825059061	4	7	14	3	7	ENSG00000166681	1.0	False
0.005154881602908021	0.8805970149253731	0.1286984504544118	0.14392034597204062	5	5	9	4	6	ENSG00000168118	1.0	False
0.0033971214785102934	0.8805970149253731	0.0769499917475312	0.1721996753246753	2	5	9	3	6	ENSG00000174109	1.0	False
0.0018230158647171834	0.8805970149253731	0.17502135864725357	0.19441345975088306	19	7	19	10	13	ENSG00000175354	1.0	False
0.0011574583676636236	0.8805970149253731	0.2725455877547788	0.13338443011680362	20	7	14	5	9	ENSG00000177728	1.0	False
0.0047562328432943475	0.8805970149253731	0.27457323161375385	0.27136126932644383	28	7	13	6	10	ENSG00000178927	1.0	False
0.00020323579972456133	0.8805970149253731	0.1324803488807922	0.04117014842010356	8	7	16	6	11	ENSG00000197045	1.0	False
0.00037081364210719223	0.8805970149253731	0.1323123061744384	0.11321956397485099	4	6	9	4	7	ENSG00000197329	1.0	False
0.0018158503045014498	0.8805970149253731	0.14735092294596774	0.17582256169212696	8	5	4	3	4	ENSG00000197928	1.0	False
0.00010252285944252158	0.8805970149253731	0.11016483516483516	0.041002989336545774	5	7	15	3	10	ENSG00000198042	1.0	False
0.0004606280314674007	0.8805970149253731	0.10441357112406913	0.081112051700287	19	7	19	7	14	ENSG00000198218	1.0	False
0.0004414569665477999	0.8805970149253731	0.0811647738991148	0.09514296690631685	6	6	9	3	5	ENSG00000203791	1.0	False
2.437548633782795e-06	0.8805970149253731	0.0019641418211120243	0.00109689688520224	2	2	4	4	4	ENSG00000204519	1.0	False
0.0022404771886599265	0.8805970149253731	0.22528117806937892	0.22663529418690673	43	7	19	8	14	ENSG00000247556	1.0	False
0.007222011058541393	0.8805970149253731	0.2590020811556535	0.3507551371245947	8	6	7	3	4	ENSG00000248508	1.0	False
0.007350562517113636	0.8805970149253731	0.47168470222059705	0.433437259043213	35	5	6	3	4	ENSG00000261824	1.0	False
0.005237095504522792	0.8855721393034826	0.3564621982859801	0.2591781393408427	26	6	5	3	4	ENSG00000085998	1.0	False
0.0035219034121428136	0.8855721393034826	0.2642103027558322	0.23792511857906956	15	7	13	4	8	ENSG00000093167	1.0	False
0.004132016599105049	0.8855721393034826	0.28605511689213825	0.36430492441806545	11	5	7	3	5	ENSG00000100532	1.0	False
0.001206670878164123	0.8855721393034826	0.13709279929570217	0.17488091867015684	23	7	18	6	13	ENSG00000105053	1.0	False
0.004633423676909757	0.8855721393034826	0.26614847266082564	0.16927704006355693	5	7	11	4	6	ENSG00000118939	1.0	False
0.0015100141166873016	0.8855721393034826	0.1357190957190957	0.1215932914046122	13	4	6	3	5	ENSG00000119787	1.0	False
0.0037816515482609146	0.8855721393034826	0.3819004891977704	0.41587006034812385	15	6	11	3	8	ENSG00000120798	1.0	False
0.002595413859628143	0.8855721393034826	0.20603425264734238	0.2211761495429117	13	5	8	3	5	ENSG00000121281	1.0	False
0.010344042855423789	0.8855721393034826	0.15932497925138758	0.3485079278126057	6	7	13	4	8	ENSG00000124226	1.0	False
0.004495124353569456	0.8855721393034826	0.2326178488528549	0.240838038329149	6	7	16	6	13	ENSG00000132581	1.0	False
0.004303908055695304	0.8855721393034826	0.24164283824760435	0.24044372294372296	8	6	9	3	7	ENSG00000137145	1.0	False
0.0042912664939423585	0.8855721393034826	0.2062922248934828	0.22965724875555807	19	7	15	4	10	ENSG00000138796	1.0	False
0.0010837942938360012	0.8855721393034826	0.23159344708498117	0.1364240431876999	17	7	16	5	10	ENSG00000139436	1.0	False
0.0021734158766778646	0.8855721393034826	0.1686179258103107	0.11937335404146128	12	5	9	3	7	ENSG00000141499	1.0	False
0.002455740217449625	0.8855721393034826	0.27670762525059805	0.3391156199805603	24	7	17	5	10	ENSG00000141562	1.0	False
0.0008745887357860596	0.8855721393034826	0.10684390608194702	0.09240695838961122	4	7	16	7	12	ENSG00000143013	1.0	False
0.004463518940693383	0.8855721393034826	0.28550488617752956	0.26625	11	5	6	3	4	ENSG00000144579	1.0	False
0.0008016945499448345	0.8855721393034826	0.13024349114494896	0.11504890639858716	13	7	11	3	8	ENSG00000145604	1.0	False
0.0006954758118683587	0.8855721393034826	0.09670918069701398	0.08580662338244327	9	7	18	5	13	ENSG00000146223	1.0	False
0.00032633034157373414	0.8855721393034826	0.10104793631252718	0.08974376253726081	3	7	11	4	8	ENSG00000147874	1.0	False
2.7624055513914207e-05	0.8855721393034826	0.02085505887338841	0.021573537163943054	7	7	18	7	12	ENSG00000150867	1.0	False
0.0014265143386817322	0.8855721393034826	0.11268575240486452	0.1176119237423178	5	7	16	5	12	ENSG00000153006	1.0	False
0.0005876060397700959	0.8855721393034826	0.07630711383076019	0.04964095941290059	3	7	18	10	15	ENSG00000157778	1.0	False
0.00010285391748517667	0.8855721393034826	0.04898867610732014	0.021326164874551988	8	7	13	4	9	ENSG00000165678	1.0	False
0.001239137333805043	0.8855721393034826	0.13484247200683025	0.13875747346500067	26	7	19	10	17	ENSG00000167522	1.0	False
0.00022208380604463274	0.8855721393034826	0.14945717443467557	0.07813115224356197	7	7	11	3	7	ENSG00000171130	1.0	False
1.8561293772648834e-05	0.8855721393034826	0.035203316287827295	0.0179187443256919	6	7	19	12	16	ENSG00000177556	1.0	False
0.0012062738437463734	0.8855721393034826	0.09568248123237989	0.08350681573011673	4	7	19	11	16	ENSG00000179010	1.0	False
8.200431685309863e-05	0.8855721393034826	0.04130834587074451	0.04650809918045325	12	7	19	12	17	ENSG00000180879	1.0	False
0.0007906744691447876	0.8855721393034826	0.09815815043600674	0.08687576189590691	6	7	12	4	9	ENSG00000184162	1.0	False
0.002116686345411623	0.8855721393034826	0.4204874077666038	0.4171357098186366	25	5	6	3	4	ENSG00000186594	1.0	False
0.0007824847323756059	0.8855721393034826	0.09352851103385396	0.10578886728022674	16	7	19	11	17	ENSG00000188529	1.0	False
0.0019013225556938713	0.8855721393034826	0.13140777464921788	0.10440757041451389	4	7	15	5	11	ENSG00000196470	1.0	False
0.0024022014551192323	0.8855721393034826	0.2558690857891313	0.22500421940928272	22	7	14	5	9	ENSG00000235954	1.0	False
0.0018599739999718436	0.8855721393034826	0.11312659250260529	0.17668528924410934	8	7	19	10	18	ENSG00000278311	1.0	False
0.0006595443242383586	0.8905472636815921	0.1291022657267008	0.11455693126028589	5	7	15	6	11	ENSG00000004468	1.0	False
0.00010994007415104901	0.8905472636815921	0.09521385299370759	0.04562401248074807	3	7	10	3	7	ENSG00000013288	1.0	False
0.002463529603968607	0.8905472636815921	0.2663287149544876	0.28949578151865335	12	7	15	4	10	ENSG00000013374	1.0	False
0.0006796791299260841	0.8905472636815921	0.10287666825361276	0.06385561266255406	9	7	14	5	9	ENSG00000023697	1.0	False
2.0693937279545707e-05	0.8905472636815921	0.011363636363636359	0.01176470588235292	2	5	4	3	4	ENSG00000037042	1.0	False
2.8231419696917e-05	0.8905472636815921	0.011885803928346905	0.0129533678756477	6	7	16	5	10	ENSG00000041988	1.0	False
0.00011148739277363806	0.8905472636815921	0.06166932900231545	0.024759671588975154	5	7	18	6	14	ENSG00000077348	1.0	False
0.0018556941564231563	0.8905472636815921	0.2033842054461757	0.16083384053560562	9	7	16	6	12	ENSG00000090263	1.0	False
0.0014315603172323833	0.8905472636815921	0.08309470553724897	0.10920608156878142	7	7	19	8	15	ENSG00000100226	1.0	False
0.006382920959254521	0.8905472636815921	0.4309559924034076	0.6588829787234043	52	7	9	3	6	ENSG00000104218	1.0	False
0.0008761781474515365	0.8905472636815921	0.1620211226969234	0.10600044904425876	16	7	17	6	13	ENSG00000104613	1.0	False
0.002378358646772197	0.8905472636815921	0.2714097104942556	0.2666408091416296	17	6	13	3	10	ENSG00000106462	1.0	False
1.3267113786978577e-07	0.8905472636815921	0.0016366612111292803	0.0007682458386683935	2	7	18	9	13	ENSG00000108819	1.0	False
0.00038613634881894186	0.8905472636815921	0.13177906097918923	0.14152750406251083	12	7	16	7	11	ENSG00000109381	1.0	False
0.0010715380650360188	0.8905472636815921	0.10138725344548144	0.12596737617958287	13	7	19	12	17	ENSG00000113387	1.0	False
0.0041858163835623305	0.8905472636815921	0.14117057866169372	0.1398356883471758	6	6	9	4	6	ENSG00000113761	1.0	False
0.0030354572098387532	0.8905472636815921	0.1487256524981801	0.12503458333624975	11	7	19	12	19	ENSG00000115875	1.0	False
0.002109844656186158	0.8905472636815921	0.15043639764662944	0.09444971604186433	4	7	17	6	14	ENSG00000116898	1.0	False
0.016192193158086884	0.8905472636815921	0.2803943920879404	0.4202702702702703	10	4	6	3	4	ENSG00000119392	1.0	False
0.0020754874769578035	0.8905472636815921	0.24323531898339762	0.20088463834827053	16	7	15	5	10	ENSG00000126226	1.0	False
0.00019773226869244503	0.8905472636815921	0.07814024627026554	0.05987109556687141	8	7	16	5	11	ENSG00000131732	1.0	False
0.0003379650199046582	0.8905472636815921	0.07165953236888464	0.09236325943544046	6	7	17	8	13	ENSG00000132388	1.0	False
0.0015315058467099223	0.8905472636815921	0.19828417039476093	0.18641975308641973	12	7	12	4	9	ENSG00000134215	1.0	False
0.0011702826902889908	0.8905472636815921	0.19258076985490838	0.11672083590749148	9	6	9	3	6	ENSG00000136717	1.0	False
0.0012656648481331563	0.8905472636815921	0.20375047704644667	0.10555137979168902	6	5	6	3	6	ENSG00000137760	1.0	False
0.005200127265472909	0.8905472636815921	0.42868218918233436	0.40295597484276735	10	6	7	3	5	ENSG00000138709	1.0	False
0.0007242757674838109	0.8905472636815921	0.020906093583973925	0.06740682514791674	2	7	19	10	16	ENSG00000142684	1.0	False
0.0036632329576320828	0.8905472636815921	0.34502766691172493	0.28190375913460936	20	6	14	4	9	ENSG00000143569	1.0	False
0.00024836857817253356	0.8905472636815921	0.08079343090234868	0.03743271542600193	3	7	19	11	18	ENSG00000146425	1.0	False
0.00026712925837966517	0.8905472636815921	0.17139101984670752	0.055404266178948544	9	7	19	13	18	ENSG00000152795	1.0	False
0.001876655132486015	0.8905472636815921	0.046221585753819516	0.08272179268772115	3	7	14	5	9	ENSG00000158042	1.0	False
0.0015263271436110075	0.8905472636815921	0.17142272762485972	0.13378700965546728	13	7	13	5	7	ENSG00000158636	1.0	False
0.0012689014953320165	0.8905472636815921	0.20768640637543315	0.14879530845460223	6	6	8	3	6	ENSG00000161791	1.0	False
0.0002387117947191169	0.8905472636815921	0.187664215216767	0.18618017296431394	11	7	14	6	10	ENSG00000164111	1.0	False
7.670221729640053e-06	0.8905472636815921	0.020908489635505016	0.01580207293635194	13	7	8	3	5	ENSG00000166224	1.0	False
0.0024380906180145557	0.8905472636815921	0.11703836736929392	0.09746734802937707	32	7	19	10	16	ENSG00000166598	1.0	False
0.0002028726580924509	0.8905472636815921	0.1001388113534369	0.16552800171082482	21	7	19	8	13	ENSG00000166888	1.0	False
1.7118281423604805e-05	0.8905472636815921	0.005813953488372098	0.004366812227074241	2	2	4	4	4	ENSG00000168005	1.0	False
0.003090242260765931	0.8905472636815921	0.39287743818814047	0.30712223946003747	8	7	9	3	6	ENSG00000168234	1.0	False
0.023013524669673782	0.8905472636815921	0.3356638938575889	0.39443598564873106	7	7	15	4	8	ENSG00000168734	1.0	False
0.0005824572305530926	0.8905472636815921	0.20413543736230672	0.10583919521972614	10	7	14	4	10	ENSG00000171928	1.0	False
0.00010144227848281123	0.8905472636815921	0.021183624270734447	0.035915217371520064	5	7	18	6	14	ENSG00000172939	1.0	False
0.0004704546913439094	0.8905472636815921	0.08269909411081115	0.08122494290980503	7	7	18	8	13	ENSG00000176476	1.0	False
9.008900025940232e-05	0.8905472636815921	0.04302852640253674	0.025324783959951386	4	7	11	4	9	ENSG00000186230	1.0	False
0.00019854827087236186	0.8905472636815921	0.04360700243579733	0.048284845485956934	7	6	11	3	8	ENSG00000198858	1.0	False
0.00010678189982779055	0.8905472636815921	0.07286724274001631	0.11118245050829317	6	5	11	4	8	ENSG00000213625	1.0	False
0.001886232929265716	0.8905472636815921	0.1651174999550537	0.12353391126976036	6	7	15	5	10	ENSG00000240682	1.0	False
4.5986288131033335e-06	0.8905472636815921	0.028485363116064758	0.012060301507537681	4	7	17	6	11	ENSG00000243317	1.0	False
0.0017381422191145674	0.8955223880597015	0.406473582308923	0.35120898293332137	18	7	11	3	8	ENSG00000065883	1.0	False
0.004513353979202921	0.8955223880597015	0.26468010125930486	0.3384548611111111	28	7	19	7	14	ENSG00000079616	1.0	False
0.002256498999252817	0.8955223880597015	0.10845410628019325	0.16819787985865725	5	5	8	3	5	ENSG00000084090	1.0	False
0.0002622755061332718	0.8955223880597015	0.07891587138723427	0.05575186674325099	4	7	14	5	10	ENSG00000085449	1.0	False
0.0016351856488133157	0.8955223880597015	0.22380309161759224	0.2991002237033983	10	7	17	5	12	ENSG00000100029	1.0	False
0.0033675206140017337	0.8955223880597015	0.15316118326906242	0.18018482117121315	10	7	19	10	15	ENSG00000104852	1.0	False
0.0006466359196743279	0.8955223880597015	0.2075031779406052	0.18742650643875294	9	7	13	3	10	ENSG00000108578	1.0	False
0.004303349961779625	0.8955223880597015	0.26685082570082075	0.18546864151816714	10	7	14	4	10	ENSG00000109390	1.0	False
0.001068731909676663	0.8955223880597015	0.10308730951588099	0.11759960718294053	9	6	12	3	8	ENSG00000111669	1.0	False
8.254036531279037e-05	0.8955223880597015	0.04988564018258228	0.024748098667157818	6	7	18	9	13	ENSG00000114978	1.0	False
8.212711200184405e-07	0.8955223880597015	0.00900783844586451	0.004569339730408965	8	7	19	10	16	ENSG00000121104	1.0	False
0.0018692344793603689	0.8955223880597015	0.24412250104869207	0.22323848238482386	8	7	13	5	7	ENSG00000121766	1.0	False
0.0005102116202479381	0.8955223880597015	0.07633005684962195	0.11343637092767786	13	7	19	8	15	ENSG00000125458	1.0	False
7.327100079317471e-06	0.8955223880597015	0.016112092144258863	0.014070964602502525	8	7	19	10	16	ENSG00000127838	1.0	False
0.002619053310231799	0.8955223880597015	0.2283459859820033	0.22682484758609328	7	6	10	4	8	ENSG00000129691	1.0	False
0.0016087733253689134	0.8955223880597015	0.2783950074465887	0.25777784162739914	13	7	16	5	12	ENSG00000133606	1.0	False
0.00021280880064631507	0.8955223880597015	0.05157796660210599	0.047903370272681	4	7	19	8	15	ENSG00000134375	1.0	False
0.0022258954774583895	0.8955223880597015	0.2894426760886825	0.4048425693881781	11	7	12	3	8	ENSG00000135821	1.0	False
0.0008112353527251403	0.8955223880597015	0.13626200394394467	0.18749303698752232	6	5	8	3	7	ENSG00000136270	1.0	False
0.0036417794079523086	0.8955223880597015	0.221677148683654	0.2591317506857089	13	7	14	5	10	ENSG00000136485	1.0	False
0.0038847771806892967	0.8955223880597015	0.28033205501218955	0.36421992276959597	7	5	11	3	8	ENSG00000137478	1.0	False
0.0006940490011464674	0.8955223880597015	0.10573149303980832	0.0739290332061165	14	7	19	12	18	ENSG00000139218	1.0	False
0.0002187171390468596	0.8955223880597015	0.11492768163288779	0.0472821115269166	12	7	18	8	13	ENSG00000140395	1.0	False
0.0006464324009640888	0.8955223880597015	0.15349736467171643	0.19535508800818172	12	7	18	7	14	ENSG00000140740	1.0	False
0.005606206816361202	0.8955223880597015	0.1443618847067025	0.1798070086338243	9	5	6	3	4	ENSG00000143353	1.0	False
0.0027783467856739436	0.8955223880597015	0.22356229262181104	0.3829136434770238	4	5	5	3	3	ENSG00000144228	1.0	False
0.0009198349338713722	0.8955223880597015	0.10687086634794861	0.19220362238411048	6	7	19	12	16	ENSG00000145287	1.0	False
0.000735111503472573	0.8955223880597015	0.17029323079393827	0.09241984583340754	11	7	17	7	12	ENSG00000147548	1.0	False
0.0005370314748445998	0.8955223880597015	0.16968370949618716	0.09782030834662414	7	5	8	3	6	ENSG00000151651	1.0	False
0.0004563034358034475	0.8955223880597015	0.1000115110786551	0.12434336895501483	10	7	12	5	10	ENSG00000161542	1.0	False
8.185525942921472e-05	0.8955223880597015	0.0697608022375498	0.05577611171189478	3	7	12	3	7	ENSG00000162972	1.0	False
5.2404158417494084e-05	0.8955223880597015	0.07395903701682716	0.05273425677920706	5	7	19	9	16	ENSG00000164104	1.0	False
0.002857951039118849	0.8955223880597015	0.34182001369956105	0.47347286256039445	10	7	9	3	6	ENSG00000168067	1.0	False
0.0034328636057718792	0.8955223880597015	0.167583143754491	0.14781277845615656	10	7	17	6	13	ENSG00000168291	1.0	False
0.003139361345641965	0.8955223880597015	0.25594467208764143	0.25037136066547827	19	6	8	3	5	ENSG00000173757	1.0	False
0.004597362113925327	0.8955223880597015	0.23064689262715404	0.26316119984091435	13	6	7	3	4	ENSG00000175455	1.0	False
0.000628589847121888	0.8955223880597015	0.12064129875333965	0.1195769821908947	24	7	19	10	18	ENSG00000176978	1.0	False
0.003975629454790573	0.8955223880597015	0.2846833603686931	0.3341367953796955	6	6	8	3	5	ENSG00000177042	1.0	False
0.0008536976628563961	0.8955223880597015	0.15657458334683574	0.09828767123287668	9	7	12	4	9	ENSG00000178188	1.0	False
0.0003359710464465425	0.8955223880597015	0.026518476073345246	0.04954152147229934	3	7	13	4	9	ENSG00000179021	1.0	False
0.0003392657397893431	0.8955223880597015	0.09873185043556106	0.07639237695677978	9	7	15	6	12	ENSG00000183576	1.0	False
0.0020077197733903798	0.8955223880597015	0.12379410665555937	0.17230719326705626	56	7	17	7	12	ENSG00000185624	1.0	False
0.0020176337610148284	0.8955223880597015	0.16807547021209004	0.3315732918334074	12	7	15	7	10	ENSG00000188994	1.0	False
0.00010479403244881172	0.8955223880597015	0.08375244555333032	0.06877493263138117	12	7	18	8	16	ENSG00000196954	1.0	False
0.0027545861357363907	0.8955223880597015	0.14108071597433297	0.14244561319627064	5	6	10	3	8	ENSG00000198189	1.0	False
0.003927861018416222	0.8955223880597015	0.11114240896192822	0.21575827065397843	21	7	19	11	18	ENSG00000198563	1.0	False
0.0006880084400074824	0.8955223880597015	0.1592964440204469	0.09960111747378055	21	7	19	12	18	ENSG00000204256	1.0	False
0.0016087084384004177	0.8955223880597015	0.3111381762402013	0.47494752961744713	3	7	12	5	8	ENSG00000211896	1.0	False
3.056004652569235e-05	0.8955223880597015	0.02917982423164901	0.013535389777152738	5	7	16	7	13	ENSG00000242247	1.0	False
0.0021242872407663984	0.8955223880597015	0.07708523345529195	0.09102960671674772	5	7	9	3	6	ENSG00000274015	1.0	False
0.0017334461292381914	0.900497512437811	0.2597426183926715	0.19406045473461203	19	7	16	4	11	ENSG00000004897	1.0	False
0.0010275814645960297	0.900497512437811	0.19761720589303974	0.12740868344462614	13	7	15	6	10	ENSG00000005339	1.0	False
0.0003015896983300932	0.900497512437811	0.06565628104381306	0.04428982725527831	9	7	14	5	9	ENSG00000032389	1.0	False
0.00019456068557310982	0.900497512437811	0.03234856720113535	0.026525775232075863	3	5	6	4	4	ENSG00000042445	1.0	False
0.0008567360793488397	0.900497512437811	0.30811877362885437	0.27396695975795105	7	7	14	4	9	ENSG00000055208	1.0	False
0.0008072913248311992	0.900497512437811	0.12932626282224022	0.15518635867831146	10	7	19	11	17	ENSG00000073614	1.0	False
0.00027157555270548666	0.900497512437811	0.0890060287923489	0.05702709144355288	6	3	5	3	4	ENSG00000091409	1.0	False
0.0014658681011806823	0.900497512437811	0.1773223307274563	0.15361552028218697	8	7	11	4	8	ENSG00000100359	1.0	False
0.011187351401534745	0.900497512437811	0.28922216454580596	0.4834201388888889	9	6	7	3	5	ENSG00000103423	1.0	False
1.046383036487226e-05	0.900497512437811	0.022329843289968513	0.012699785269658974	11	7	19	11	18	ENSG00000105202	1.0	False
0.00017315153943986853	0.900497512437811	0.11247319848891485	0.06115755105020524	5	7	18	8	14	ENSG00000105939	1.0	False
0.007738416570743515	0.900497512437811	0.15791784877266563	0.27063793103448275	7	4	4	3	3	ENSG00000111725	1.0	False
0.0021947195243665644	0.900497512437811	0.2044763041675033	0.2748213485990225	8	7	7	3	6	ENSG00000114374	1.0	False
2.3910657829877417e-05	0.900497512437811	0.03799388352367029	0.013390913236405351	7	7	17	6	12	ENSG00000114573	1.0	False
0.00014000360232966266	0.900497512437811	0.15062837981716226	0.23320302523739872	8	7	19	9	15	ENSG00000114686	1.0	False
0.0010665519917692071	0.900497512437811	0.1264366356713206	0.1402499137949756	10	7	19	11	15	ENSG00000116560	1.0	False
0.004643383637079801	0.900497512437811	0.22461137293035244	0.20919051878354208	3	7	16	4	8	ENSG00000118292	1.0	False
0.003634476720239967	0.900497512437811	0.1844932016815679	0.17188465010214266	8	3	4	3	4	ENSG00000128928	1.0	False
0.002574285797607954	0.900497512437811	0.21549552202482308	0.26440846834705173	21	7	19	8	12	ENSG00000129351	1.0	False
0.003458903082657104	0.900497512437811	0.1287202650311433	0.14236602628918105	30	6	7	3	5	ENSG00000135297	1.0	False
0.001102559678043659	0.900497512437811	0.1266591009335593	0.10439603006763128	6	7	11	4	7	ENSG00000135457	1.0	False
0.0042239870886692	0.900497512437811	0.19630959847843604	0.1603424508452441	4	5	5	3	5	ENSG00000136319	1.0	False
0.0016731083039896227	0.900497512437811	0.12638167342438955	0.09772482269503549	7	6	9	3	5	ENSG00000138036	1.0	False
0.012774927349422887	0.900497512437811	0.4266948808322974	0.43979384014298184	20	7	12	3	9	ENSG00000138750	1.0	False
0.0014164690250117247	0.900497512437811	0.2509895172118513	0.38903262447150877	40	7	17	8	11	ENSG00000138757	1.0	False
0.0006953555352255614	0.900497512437811	0.10764898882108502	0.10631477721978844	5	7	12	3	8	ENSG00000138785	1.0	False
0.0017988675470410084	0.900497512437811	0.0804268927092028	0.10174776832677107	5	7	18	8	13	ENSG00000141378	1.0	False
0.00048613624722392793	0.900497512437811	0.1143423180246851	0.10484581497797357	6	7	14	5	8	ENSG00000143970	1.0	False
0.00046974364295823353	0.900497512437811	0.08073368124466815	0.07135424154464057	14	7	19	10	16	ENSG00000148444	1.0	False
0.0007913917211216516	0.900497512437811	0.20359431077362752	0.0898005471011606	9	7	19	8	15	ENSG00000153774	1.0	False
0.0015431140258999189	0.900497512437811	0.14262996928403013	0.13626605570789432	18	7	17	8	12	ENSG00000158552	1.0	False
0.0011560114720010803	0.900497512437811	0.05819341900414149	0.1845236645417035	3	7	18	9	15	ENSG00000160131	1.0	False
0.005772675620199493	0.900497512437811	0.2850635552928998	0.2441735466116271	5	6	6	3	4	ENSG00000165102	1.0	False
0.005584817027932548	0.900497512437811	0.2783937469563731	0.30893491658392075	14	7	14	4	9	ENSG00000166037	1.0	False
0.001589530986159945	0.900497512437811	0.20988315926641346	0.12665385208985164	7	6	12	3	8	ENSG00000166046	1.0	False
0.002055906750738586	0.900497512437811	0.1389565330784379	0.15139062593318306	10	7	19	10	17	ENSG00000169714	1.0	False
0.0013593534197455022	0.900497512437811	0.2728595163066657	0.2460205605834285	38	7	18	7	13	ENSG00000172053	1.0	False
3.194122928537125e-05	0.900497512437811	0.012151417112921316	0.023251971012184448	3	6	12	3	10	ENSG00000172331	1.0	False
0.0032908835354890456	0.900497512437811	0.16643581970056576	0.11603596275998786	6	7	16	6	11	ENSG00000173221	1.0	False
0.0004858164581634804	0.900497512437811	0.06519736986220015	0.095342601164232	4	7	18	8	14	ENSG00000178307	1.0	False
0.005255686853323311	0.900497512437811	0.2529298744669493	0.2134224032198526	15	6	12	4	8	ENSG00000180398	1.0	False
0.005469493359467156	0.900497512437811	0.36088890884466285	0.2690116131833146	10	4	6	3	5	ENSG00000180957	1.0	False
0.0043681140066254755	0.900497512437811	0.23950800833153768	0.20195852534562214	7	7	8	3	7	ENSG00000197568	1.0	False
0.0041063635106294875	0.900497512437811	0.19991612109838716	0.28806400318028225	2	6	6	3	5	ENSG00000267757	1.0	False
0.0022367814417185994	0.900497512437811	0.15285713790045527	0.1844209988938994	3	4	7	4	6	ENSG00000270069	1.0	False
0.0011897585464074388	0.900497512437811	0.22613538676481554	0.21129032258064517	2	5	4	3	3	ENSG00000286656	1.0	False
0.0006182380077064232	0.9054726368159204	0.10377711085619654	0.11074092006825817	3	4	6	3	4	ENSG00000004799	1.0	False
0.019551180828594156	0.9054726368159204	0.3376622959698177	0.4282656724661696	15	5	7	3	4	ENSG00000079459	1.0	False
0.005458630214267097	0.9054726368159204	0.4441623395076081	0.2798951401492236	7	7	10	3	7	ENSG00000100299	1.0	False
0.0013633866914240919	0.9054726368159204	0.16366606364147787	0.10956890379396661	12	7	18	7	15	ENSG00000102030	1.0	False
0.0001286929258830895	0.9054726368159204	0.05526369802485287	0.035094119363782275	3	7	11	4	9	ENSG00000102871	1.0	False
0.0004934461481271649	0.9054726368159204	0.17068346233007303	0.1774158045344486	3	6	12	3	7	ENSG00000105371	1.0	False
6.520582813881801e-06	0.9054726368159204	0.017228417906372133	0.010841381068506665	10	7	19	13	19	ENSG00000105404	1.0	False
0.0006791885302634982	0.9054726368159204	0.11999534062654883	0.07918159426780115	6	6	10	3	7	ENSG00000106415	1.0	False
0.013342625162396003	0.9054726368159204	0.35659491603070365	0.2660117392647513	9	4	6	3	5	ENSG00000108474	1.0	False
0.00027398737427697866	0.9054726368159204	0.05238095238095237	0.053287459921336794	3	3	4	3	4	ENSG00000110876	1.0	False
0.002659961859843454	0.9054726368159204	0.25838263705957304	0.4444449204392732	19	7	18	5	13	ENSG00000112576	1.0	False
0.0001687346545627515	0.9054726368159204	0.07464190396039466	0.040768681951932055	3	7	17	6	12	ENSG00000113734	1.0	False
0.00038053833660490604	0.9054726368159204	0.09477430891319033	0.04738707451016955	3	7	18	9	14	ENSG00000116649	1.0	False
5.511157822758473e-07	0.9054726368159204	0.012369465087784175	0.004758123041380664	4	7	19	11	17	ENSG00000130741	1.0	False
2.7312833055797868e-06	0.9054726368159204	0.0061212658942688646	0.004611135699068158	7	7	18	9	15	ENSG00000134109	1.0	False
0.0010079950400209868	0.9054726368159204	0.12307338928450934	0.27694616669618854	13	7	19	11	17	ENSG00000134285	1.0	False
6.899363140605864e-05	0.9054726368159204	0.04872229606437928	0.03625281842599333	3	7	15	5	9	ENSG00000137040	1.0	False
0.001042654404957409	0.9054726368159204	0.14351486514557943	0.16451365928353376	8	7	14	4	10	ENSG00000140563	1.0	False
0.0016570745652598174	0.9054726368159204	0.27418603094365424	0.2559288301556343	9	7	17	6	11	ENSG00000141401	1.0	False
0.0032715782499486068	0.9054726368159204	0.2623329351747381	0.26244709868388866	12	7	15	5	11	ENSG00000142186	1.0	False
0.001828413228617175	0.9054726368159204	0.11680926072463378	0.1659677067702923	20	7	19	8	14	ENSG00000144381	1.0	False
3.6162517819329574e-05	0.9054726368159204	0.05843903514296511	0.01903114186851209	2	7	12	5	9	ENSG00000144597	1.0	False
0.00015574742301174472	0.9054726368159204	0.08675737693007142	0.040776884160596806	3	7	16	4	10	ENSG00000147324	1.0	False
0.00664056000542149	0.9054726368159204	0.3024317798143302	0.3193479521699964	6	5	5	3	3	ENSG00000150756	1.0	False
0.0008295180395183208	0.9054726368159204	0.05721608430409686	0.08579809829741382	8	7	19	13	19	ENSG00000150991	1.0	False
0.0004018567297963348	0.9054726368159204	0.14300318296828396	0.1706076717216771	5	7	17	5	10	ENSG00000151725	1.0	False
0.00748424161481019	0.9054726368159204	0.27553678878755195	0.3101910037393908	21	7	10	3	7	ENSG00000156709	1.0	False
0.0023536096249597515	0.9054726368159204	0.2166810839478465	0.1817931853676778	16	7	15	5	11	ENSG00000160299	1.0	False
0.0013308941234896224	0.9054726368159204	0.10588153036587665	0.10037901106517524	6	7	19	8	14	ENSG00000162384	1.0	False
0.00011804899919202517	0.9054726368159204	0.04870739212149064	0.03810162022859777	7	7	19	9	14	ENSG00000162402	1.0	False
9.396809262498078e-06	0.9054726368159204	0.02078711425843792	0.005971196454038553	3	7	18	9	15	ENSG00000164758	1.0	False
0.00041184701435706595	0.9054726368159204	0.17661590744770395	0.1625377029401737	31	7	19	12	16	ENSG00000167004	1.0	False
0.0008483770581628931	0.9054726368159204	0.10482733705697148	0.07822308063737322	8	6	9	3	7	ENSG00000179151	1.0	False
0.003430393163030481	0.9054726368159204	0.39749892227788713	0.39384187815402616	20	7	14	4	10	ENSG00000182149	1.0	False
0.007420299197603454	0.9054726368159204	0.28006158144964816	0.1564124285272626	3	7	12	4	8	ENSG00000196781	1.0	False
0.0008274554431681297	0.9054726368159204	0.1226349648791154	0.08783360335354676	10	7	18	8	14	ENSG00000198791	1.0	False
5.659703078695694e-09	0.9054726368159204	0.042945328248981555	0.02949876582359405	4	7	18	10	17	ENSG00000206172	1.0	False
5.17203717900468e-06	0.9054726368159204	0.009779776858167444	0.005901561669012384	9	7	19	13	17	ENSG00000241837	1.0	False
0.009857455209167608	0.9104477611940298	0.4014296407526221	0.2885816235504014	8	4	5	3	4	ENSG00000003509	1.0	False
0.00013786141187918823	0.9104477611940298	0.045261037837363474	0.028476511154725694	5	5	8	3	5	ENSG00000005961	1.0	False
0.0016349025400160396	0.9104477611940298	0.3114826956037077	0.31357938092411736	9	6	12	4	7	ENSG00000049860	1.0	False
0.0018804250844146548	0.9104477611940298	0.17409599568570633	0.13529561671763504	4	7	12	3	7	ENSG00000052802	1.0	False
0.0013851965296752754	0.9104477611940298	0.14269780195903914	0.09896023089083693	6	7	16	6	10	ENSG00000059588	1.0	False
0.003693920399801447	0.9104477611940298	0.16277067297540024	0.14318538033147699	15	7	16	4	10	ENSG00000071889	1.0	False
0.00023205981656893184	0.9104477611940298	0.04596653904285138	0.04299802761341222	6	7	18	7	12	ENSG00000079313	1.0	False
0.0001882037181597722	0.9104477611940298	0.04021389272312728	0.04252657747080711	3	7	18	8	15	ENSG00000086061	1.0	False
0.001351304582395819	0.9104477611940298	0.10015470000179996	0.15293321854630426	5	6	12	4	9	ENSG00000087269	1.0	False
0.0005163380325648288	0.9104477611940298	0.17699481709510823	0.14955209876282896	48	7	19	10	15	ENSG00000087460	1.0	False
0.0038438612614024956	0.9104477611940298	0.23735329985329984	0.275407537248028	20	5	6	3	4	ENSG00000104365	1.0	False
0.0009030828042636979	0.9104477611940298	0.271415612617146	0.13906393392474764	9	7	16	5	12	ENSG00000108671	1.0	False
0.003435460148250566	0.9104477611940298	0.30160280395354944	0.21014309764309763	3	4	5	3	4	ENSG00000108771	1.0	False
1.0590037716531064e-05	0.9104477611940298	0.010721782774809051	0.009146105457403016	2	7	18	7	14	ENSG00000108829	1.0	False
0.005239408733689232	0.9104477611940298	0.25420166983905057	0.26776816155258326	19	7	16	6	13	ENSG00000112237	1.0	False
0.0007768795337973202	0.9104477611940298	0.1838067012463638	0.09935851557322731	8	7	11	3	10	ENSG00000113569	1.0	False
0.0010226353721799464	0.9104477611940298	0.09865604149346069	0.07381858491881518	4	7	17	6	13	ENSG00000113732	1.0	False
0.0064203880368476985	0.9104477611940298	0.3257813601170866	0.4054592750244924	34	7	17	5	11	ENSG00000117139	1.0	False
0.00022662308781555112	0.9104477611940298	0.053137792665678626	0.04089500550405826	10	7	19	13	18	ENSG00000117410	1.0	False
0.0016905158642470024	0.9104477611940298	0.11189122426678744	0.0950710016996546	6	7	13	3	9	ENSG00000117528	1.0	False
0.005100204449157137	0.9104477611940298	0.31851525876082104	0.21578575537049544	7	7	17	5	12	ENSG00000119596	1.0	False
0.0007168330819324649	0.9104477611940298	0.11625499367809264	0.060786537332172305	2	7	15	5	10	ENSG00000120675	1.0	False
0.0016805245427811975	0.9104477611940298	0.21233292991362068	0.31366662665696426	38	7	18	8	13	ENSG00000122566	1.0	False
2.3963147038377328e-05	0.9104477611940298	0.0595512717499169	0.030008343085453644	5	7	19	11	16	ENSG00000133321	1.0	False
0.003324288379534941	0.9104477611940298	0.3262886737360983	0.24427347438363353	11	7	9	3	6	ENSG00000134371	1.0	False
0.0011294507124151197	0.9104477611940298	0.24223251431488818	0.23140046721424984	16	7	18	7	13	ENSG00000135090	1.0	False
0.0009967688172670824	0.9104477611940298	0.20356803850077712	0.21545165733833122	31	7	16	5	12	ENSG00000135506	1.0	False
0.0011740508072257134	0.9104477611940298	0.10485591727930535	0.15457317173203505	13	7	16	4	8	ENSG00000136997	1.0	False
5.354089823589917e-07	0.9104477611940298	0.010190253878364381	0.0034365003028982914	4	7	19	10	16	ENSG00000142168	1.0	False
0.005362922048958632	0.9104477611940298	0.3318900768750936	0.3259500837976174	17	4	5	3	5	ENSG00000148985	1.0	False
7.723022524857289e-08	0.9104477611940298	0.0005370569280343895	0.0006784260515604061	2	7	19	7	12	ENSG00000149658	1.0	False
0.002039482379452535	0.9104477611940298	0.22665630800203862	0.24061162202052988	13	6	13	4	10	ENSG00000153250	1.0	False
5.996167112060324e-05	0.9104477611940298	0.040745652345278466	0.02348993288590601	6	7	12	3	9	ENSG00000154124	1.0	False
0.004184885414358805	0.9104477611940298	0.3081840064297564	0.19435873234835008	13	7	11	4	6	ENSG00000154265	1.0	False
0.005047115070744871	0.9104477611940298	0.23599885105831706	0.34750581545619025	5	6	9	3	7	ENSG00000162971	1.0	False
7.626699140089777e-05	0.9104477611940298	0.04404635508584072	0.050385224166531975	9	7	19	11	18	ENSG00000165629	1.0	False
0.0014224960801794378	0.9104477611940298	0.25326178210472905	0.14995908346972175	14	7	17	6	11	ENSG00000166478	1.0	False
4.8875994486060595e-05	0.9104477611940298	0.053265876403517015	0.03365980221865328	12	7	18	8	14	ENSG00000170035	1.0	False
3.372630146031562e-05	0.9104477611940298	0.01879346786429454	0.01556637389886659	3	7	11	4	8	ENSG00000173511	1.0	False
1.8539022943669134e-05	0.9104477611940298	0.012962962962962957	0.019965277777777783	2	7	14	4	10	ENSG00000174173	1.0	False
0.0005922653451456857	0.9104477611940298	0.12870106396104825	0.10083679726601792	3	7	17	7	13	ENSG00000178952	1.0	False
0.0013467756304706407	0.9104477611940298	0.24427677588150243	0.1685834502103787	15	7	15	5	9	ENSG00000182173	1.0	False
0.005552898799339626	0.9104477611940298	0.21799605563740432	0.3321465603464887	15	7	16	6	11	ENSG00000184047	1.0	False
0.0005706215088310928	0.9104477611940298	0.10248812861304146	0.06487940009538401	8	7	17	7	14	ENSG00000185808	1.0	False
0.004155988312862067	0.9104477611940298	0.2897826572432085	0.29965028694404594	31	7	15	5	9	ENSG00000196295	1.0	False
3.142634797091592e-06	0.9104477611940298	0.013142174432497072	0.016491754122938573	3	7	12	4	9	ENSG00000196937	1.0	False
0.005688608530540406	0.9104477611940298	0.29235078675610127	0.42387158808859704	2	6	7	3	6	ENSG00000211897	1.0	False
0.0018477134772708556	0.9104477611940298	0.1847787745156573	0.11662657043571237	10	7	12	5	9	ENSG00000213366	1.0	False
0.003449923528938423	0.9104477611940298	0.2505886442898746	0.24933282500953108	26	7	15	4	11	ENSG00000221914	1.0	False
0.0028655294055450918	0.9104477611940298	0.12724104326379976	0.14877418453586647	3	4	5	3	4	ENSG00000225828	1.0	False
0.0011903173696479637	0.9104477611940298	0.1583337689772275	0.26046634517475964	9	7	16	7	11	ENSG00000234745	1.0	False
0.0073649123724416005	0.9104477611940298	0.3440496892375353	0.3619893030158774	16	4	6	3	4	ENSG00000240344	1.0	False
0.00016728644859909385	0.9104477611940298	0.046913499878131315	0.058117087003783	3	7	11	3	7	ENSG00000272677	1.0	False
0.0008882449049224762	0.9104477611940298	0.23845631266916295	0.19003354369208028	2	6	11	4	6	ENSG00000288302	1.0	False
0.0016740893897217192	0.9154228855721394	0.2729787327203528	0.3069583143029959	17	7	14	5	10	ENSG00000008294	1.0	False
0.003067693197800911	0.9154228855721394	0.18817070375519504	0.1775653315482651	5	7	17	5	13	ENSG00000033178	1.0	False
0.0011964914761335558	0.9154228855721394	0.11195082155583892	0.11050371350010463	7	7	18	6	13	ENSG00000060688	1.0	False
0.0020379168830406955	0.9154228855721394	0.24655713300521406	0.2346786778266421	9	5	6	3	5	ENSG00000069966	1.0	False
0.0002963246219029804	0.9154228855721394	0.12301079889692841	0.15844321407659412	10	7	16	5	11	ENSG00000074755	1.0	False
5.7286648609563736e-05	0.9154228855721394	0.11825145521375179	0.06553530890222149	2	7	12	4	9	ENSG00000095015	1.0	False
2.3639706310740133e-06	0.9154228855721394	0.00918736020614032	0.004413003656833692	4	7	19	11	17	ENSG00000096384	1.0	False
0.0008543904790229592	0.9154228855721394	0.1877924598353619	0.11719106247150018	6	7	14	5	10	ENSG00000100014	1.0	False
0.00822114392606141	0.9154228855721394	0.391752763521877	0.37715749730312836	8	7	10	3	4	ENSG00000100376	1.0	False
0.0019162723272813163	0.9154228855721394	0.21412439215715157	0.22914032869785078	18	4	6	3	5	ENSG00000110074	1.0	False
0.0027987650951728123	0.9154228855721394	0.2852658171806831	0.2528108817478897	31	7	17	5	13	ENSG00000114867	1.0	False
0.0011079364072692798	0.9154228855721394	0.18486574650070015	0.177275849614608	23	7	19	9	14	ENSG00000115053	1.0	False
0.00031846222362816296	0.9154228855721394	0.15029797179040327	0.08056272433330368	3	7	14	5	9	ENSG00000117036	1.0	False
0.0005951952169084261	0.9154228855721394	0.12606217443692744	0.07859267587369823	12	7	19	12	17	ENSG00000119707	1.0	False
0.0027939860708516883	0.9154228855721394	0.2808823972156482	0.22026628961941794	3	6	12	4	8	ENSG00000123810	1.0	False
0.0008064391058922886	0.9154228855721394	0.10880616305672179	0.05786505802898172	3	7	13	3	8	ENSG00000125870	1.0	False
0.003355017831592095	0.9154228855721394	0.1484828757697268	0.22693386436606766	29	7	18	7	14	ENSG00000127054	1.0	False
0.00014117058210157487	0.9154228855721394	0.052155793874804214	0.03243747758992089	11	7	19	10	16	ENSG00000128463	1.0	False
8.258318711870732e-06	0.9154228855721394	0.02809076682316122	0.004657828735220355	3	7	19	7	13	ENSG00000130725	1.0	False
0.00038435055751351874	0.9154228855721394	0.09295647195050394	0.04118759735924637	7	4	5	3	4	ENSG00000133612	1.0	False
0.000258904373054229	0.9154228855721394	0.0653651358770573	0.16485915874190232	3	3	4	3	4	ENSG00000137656	1.0	False
0.0025661956949210108	0.9154228855721394	0.13096712311887915	0.19763388993425188	18	7	18	12	15	ENSG00000138668	1.0	False
0.00010727419526132084	0.9154228855721394	0.06490336254261912	0.041831473491047974	3	7	14	7	10	ENSG00000139083	1.0	False
0.0016177508031975385	0.9154228855721394	0.1520711331662535	0.19264680519614616	22	7	19	11	16	ENSG00000141002	1.0	False
0.0001162276398305766	0.9154228855721394	0.16390485953930095	0.12137841238840395	8	7	15	5	9	ENSG00000144118	1.0	False
0.00029147741440056405	0.9154228855721394	0.07837906633442024	0.06609206164909452	5	7	18	9	13	ENSG00000148803	1.0	False
0.004604354267623453	0.9154228855721394	0.27171088100686525	0.2415797674697351	10	4	6	3	5	ENSG00000149179	1.0	False
0.0020241575637104147	0.9154228855721394	0.07407053445501617	0.11723688417738644	4	5	6	3	5	ENSG00000151065	1.0	False
0.0001317085978292502	0.9154228855721394	0.04883769056724126	0.057744972186563985	10	6	7	3	5	ENSG00000155744	1.0	False
0.000954475733380404	0.9154228855721394	0.20807033263647148	0.10421846866157936	4	7	9	3	6	ENSG00000161981	1.0	False
0.002984082058489698	0.9154228855721394	0.191931353464395	0.13002980625931448	10	5	8	3	6	ENSG00000165916	1.0	False
0.0007460311081207205	0.9154228855721394	0.15903089323564457	0.12153914549855545	10	7	16	6	10	ENSG00000168071	1.0	False
0.0031557103943448007	0.9154228855721394	0.17460032386077015	0.11906522533813774	4	7	18	8	14	ENSG00000168275	1.0	False
8.653556973276015e-10	0.9154228855721394	6.453694740238528e-05	0.00024777006937560814	2	7	19	10	15	ENSG00000168899	1.0	False
0.0001009903373253769	0.9154228855721394	0.07348167572668488	0.03794741398403057	13	7	19	10	16	ENSG00000169738	1.0	False
3.410660881255472e-05	0.9154228855721394	0.035276779064749866	0.02741823564805998	12	7	19	13	19	ENSG00000170889	1.0	False
0.031020956254332183	0.9154228855721394	0.2548057644110276	0.4594259930401543	17	7	9	3	7	ENSG00000171793	1.0	False
0.007484277366874386	0.9154228855721394	0.22786009058081383	0.15739728669710024	4	6	6	3	4	ENSG00000173914	1.0	False
3.5301641732627785e-05	0.9154228855721394	0.05740665214069591	0.08721346491277393	4	7	19	11	17	ENSG00000175756	1.0	False
0.00015381161000622398	0.9154228855721394	0.06143020453429414	0.06387739418189911	20	7	18	6	11	ENSG00000177731	1.0	False
1.3637262933660914e-05	0.9154228855721394	0.019066347469220223	0.01298701298701299	3	7	11	3	8	ENSG00000181192	1.0	False
0.002228238003158867	0.9154228855721394	0.3066154355436273	0.2881790553374699	18	3	5	3	4	ENSG00000187741	1.0	False
9.166420677895886e-06	0.9154228855721394	0.06945434842885526	0.03940648723257423	8	7	15	5	10	ENSG00000196139	1.0	False
0.004781102082853808	0.9154228855721394	0.1936641973874738	0.20735294117647057	7	4	5	3	4	ENSG00000197372	1.0	False
2.0793503011965362e-05	0.9154228855721394	0.017962496711886024	0.01949860724233985	3	7	16	3	10	ENSG00000249637	1.0	False
5.4706524567389405e-05	0.9154228855721394	0.03352115952453532	0.031126696026270922	2	7	14	5	10	ENSG00000255112	1.0	False
0.000683864149907736	0.9154228855721394	0.18129438696391698	0.17907965459511854	11	7	12	4	9	ENSG00000266028	1.0	False
0.0007622170462585261	0.9154228855721394	0.21911262637166992	0.23017349071338708	6	7	9	3	5	ENSG00000276070	1.0	False
8.476996964655635e-05	0.9154228855721394	0.06583124256364287	0.04353636344587594	4	7	19	9	14	ENSG00000285043	1.0	False
6.924716733855051e-05	0.9203980099502488	0.029021056615854923	0.03770658530383931	5	7	17	6	14	ENSG00000005812	1.0	False
0.001290505454598808	0.9203980099502488	0.15608743475908235	0.15934065934065936	24	7	19	11	16	ENSG00000029363	1.0	False
0.0026862519537323008	0.9203980099502488	0.34439882189998355	0.39988758701197635	11	5	8	3	5	ENSG00000059758	1.0	False
0.000157507645361176	0.9203980099502488	0.09320765356270205	0.04554788458134188	11	7	15	6	12	ENSG00000087502	1.0	False
0.0009755254220284037	0.9203980099502488	0.16734668130384794	0.17243476102352068	17	7	16	5	13	ENSG00000092020	1.0	False
0.00016022350861092445	0.9203980099502488	0.038241313577285274	0.034819092504930635	6	7	18	7	15	ENSG00000095319	1.0	False
0.0008379987353381702	0.9203980099502488	0.07611596394479692	0.08576173939302431	5	5	6	3	5	ENSG00000099804	1.0	False
4.291980511394657e-05	0.9203980099502488	0.036698458498278644	0.018819069137000804	8	7	19	11	17	ENSG00000099977	1.0	False
0.004342038196350633	0.9203980099502488	0.25068586816041355	0.3170439573601628	20	7	13	5	9	ENSG00000102710	1.0	False
6.179336741825542e-05	0.9203980099502488	0.09080393268908422	0.04362522417362441	14	7	19	9	16	ENSG00000103657	1.0	False
0.0007106976408453563	0.9203980099502488	0.11401786799965294	0.08876769849194768	7	7	15	5	9	ENSG00000103671	1.0	False
0.00044685116533349197	0.9203980099502488	0.1146554858267856	0.0900704003169665	14	7	19	10	16	ENSG00000104824	1.0	False
0.0019192347817688668	0.9203980099502488	0.26625994963168426	0.13689782244556115	10	7	14	4	10	ENSG00000110429	1.0	False
0.00010086008543574868	0.9203980099502488	0.06888289062382114	0.03458748059355288	10	7	19	9	14	ENSG00000111670	1.0	False
0.0014534263856607638	0.9203980099502488	0.17997286529895223	0.14307843619375463	12	5	7	3	4	ENSG00000117020	1.0	False
0.0017117631163384816	0.9203980099502488	0.13647747495848925	0.12183282359213221	12	4	6	3	5	ENSG00000123146	1.0	False
0.004255835662446376	0.9203980099502488	0.11084601714598903	0.18056804402860963	5	7	18	8	14	ENSG00000124802	1.0	False
0.0035458417670870494	0.9203980099502488	0.38687656187656183	0.326278659611993	39	6	5	3	4	ENSG00000125124	1.0	False
0.0004278377566120781	0.9203980099502488	0.12186136987784181	0.08549959049959052	12	7	14	3	10	ENSG00000125734	1.0	False
0.004298015676795952	0.9203980099502488	0.19300137768112635	0.2757057658720655	14	7	14	5	8	ENSG00000127948	1.0	False
3.333377572073401e-06	0.9203980099502488	0.00483699197551348	0.011449202115387228	7	7	18	9	14	ENSG00000130165	1.0	False
0.00033080853010240894	0.9203980099502488	0.1187208414474211	0.07622014091426266	15	7	18	7	12	ENSG00000132274	1.0	False
0.0004355906824026784	0.9203980099502488	0.16635052056313335	0.15594234091877204	11	7	19	9	14	ENSG00000134453	1.0	False
0.0005553713829341744	0.9203980099502488	0.2853421935205569	0.2405490396056434	24	4	7	3	5	ENSG00000135047	1.0	False
1.446326210318515e-06	0.9203980099502488	0.00876263083984673	0.007295646906667964	4	7	18	6	16	ENSG00000135070	1.0	False
6.517520107109194e-05	0.9203980099502488	0.07184187394855257	0.08086253369272235	3	7	13	4	9	ENSG00000136816	1.0	False
0.00045612339730957083	0.9203980099502488	0.10280232553537552	0.11584900117508812	3	4	6	3	5	ENSG00000137944	1.0	False
0.0009559676592095389	0.9203980099502488	0.14877676880496385	0.10972536601139571	8	7	11	4	8	ENSG00000138138	1.0	False
0.0006365931800760407	0.9203980099502488	0.2528012425221339	0.22488990443128304	6	4	5	3	4	ENSG00000141098	1.0	False
0.000444674690700239	0.9203980099502488	0.13610601018185903	0.20824457947487612	3	3	4	3	4	ENSG00000143157	1.0	False
0.0028497149407332835	0.9203980099502488	0.3138984965182614	0.38017503805175035	6	5	8	3	5	ENSG00000144182	1.0	False
0.0009239499644741212	0.9203980099502488	0.5327088385591792	0.2977272409990088	10	7	13	3	9	ENSG00000144283	1.0	False
0.001982458411911761	0.9203980099502488	0.19378553078854768	0.18807473282690207	10	7	14	4	10	ENSG00000144559	1.0	False
0.0017613431958191739	0.9203980099502488	0.40803707945170997	0.22141158115504633	17	6	9	3	7	ENSG00000145349	1.0	False
0.0017915289399864777	0.9203980099502488	0.12188725409298948	0.22660286028173016	14	7	18	8	12	ENSG00000147813	1.0	False
0.0038558339273712687	0.9203980099502488	0.25089197637616706	0.2765685952823653	15	7	8	3	7	ENSG00000149483	1.0	False
0.002694933638303741	0.9203980099502488	0.2756420609298855	0.23643366395995985	9	7	14	4	11	ENSG00000151332	1.0	False
0.0010571683345442986	0.9203980099502488	0.2037003895525739	0.15599589605378006	10	7	14	5	8	ENSG00000152223	1.0	False
0.0019734346913072723	0.9203980099502488	0.27778609550616934	0.2724373890411431	18	4	7	3	5	ENSG00000156170	1.0	False
0.002930571990586267	0.9203980099502488	0.11380177325808206	0.16763540338522429	9	7	19	12	16	ENSG00000160201	1.0	False
0.0006387260779297146	0.9203980099502488	0.11651047783218768	0.11076048110142904	20	7	19	10	15	ENSG00000160752	1.0	False
0.001652324910245631	0.9203980099502488	0.19167825620923695	0.13364597776146592	11	7	14	4	10	ENSG00000163719	1.0	False
0.002363007396299842	0.9203980099502488	0.20550454383053252	0.14059231366923675	6	7	17	6	12	ENSG00000165782	1.0	False
0.002302434911310176	0.9203980099502488	0.1442536891135997	0.1736809070499151	2	6	9	3	7	ENSG00000165943	1.0	False
0.0002705520434020322	0.9203980099502488	0.05989296307711131	0.0540134583032925	2	3	5	3	5	ENSG00000166716	1.0	False
0.0031531438076360797	0.9203980099502488	0.299478274805242	0.2376709490261086	17	6	9	3	6	ENSG00000170791	1.0	False
4.875069296016279e-05	0.9203980099502488	0.06550215245935011	0.04060168489505076	17	7	19	10	16	ENSG00000172590	1.0	False
2.403415317600413e-07	0.9203980099502488	0.0062084539466344315	0.0026255532410294014	8	7	19	13	19	ENSG00000177600	1.0	False
0.0030287287627008366	0.9203980099502488	0.25429177536680814	0.2459893048128342	3	4	6	3	5	ENSG00000180089	1.0	False
0.00012053272888768832	0.9203980099502488	0.08153989276249504	0.04876529697500365	4	7	18	9	14	ENSG00000180628	1.0	False
0.00023106296780771538	0.9203980099502488	0.0861903398399649	0.08755334338171213	6	7	19	8	14	ENSG00000183955	1.0	False
0.00015303191396475444	0.9203980099502488	0.12414904816008526	0.04308964091965901	4	6	7	3	5	ENSG00000196177	1.0	False
0.0004403652766116768	0.9203980099502488	0.08568346789451428	0.07830505398784136	3	7	15	6	13	ENSG00000205155	1.0	False
0.0002471466285678976	0.9203980099502488	0.131834530282552	0.041025755013968185	6	7	19	10	16	ENSG00000205323	1.0	False
0.0038592742161967855	0.9203980099502488	0.1283213670659673	0.1724430695556761	9	7	19	10	16	ENSG00000241370	1.0	False
0.0011726531399289127	0.9203980099502488	0.056246456916099766	0.023773006134969344	2	3	4	3	4	ENSG00000241945	1.0	False
0.0029510643551635277	0.9203980099502488	0.056344805214554636	0.1468254193986205	2	7	19	12	18	ENSG00000255198	1.0	False
4.7250785942064004e-05	0.9203980099502488	0.01611057158712542	0.012670565302144244	5	5	6	3	5	ENSG00000290746	1.0	False
0.00032502976364931523	0.9203980099502488	0.11332895731391976	0.11971830985915491	3	4	5	3	3	ENSG00000291220	1.0	False
0.019566185968952536	0.9253731343283582	0.2994238835909162	0.33923177886364	4	6	8	3	5	ENSG00000014824	1.0	False
0.0011647784269967869	0.9253731343283582	0.17834061726825381	0.1735893253022127	18	4	4	3	4	ENSG00000023041	1.0	False
0.004628671153725557	0.9253731343283582	0.28174216122128537	0.29117344802649103	18	6	9	3	7	ENSG00000035115	1.0	False
0.0017247910948964898	0.9253731343283582	0.13961629586304752	0.17285616260524464	16	7	15	5	10	ENSG00000063978	1.0	False
0.0002070296489516665	0.9253731343283582	0.08648404345296667	0.06826076168933608	15	7	19	13	18	ENSG00000075415	1.0	False
0.0048711815939903825	0.9253731343283582	0.2402124745529752	0.21551724137931033	9	7	10	3	5	ENSG00000100926	1.0	False
1.1743003022524892e-05	0.9253731343283582	0.015393899566692926	0.009527633236401134	4	7	16	5	9	ENSG00000101444	1.0	False
0.003911844366002316	0.9253731343283582	0.30162517105638526	0.29857894736842105	24	4	7	3	6	ENSG00000102125	1.0	False
2.6126599953775903e-05	0.9253731343283582	0.041910128589829336	0.016201338451483426	5	7	13	4	8	ENSG00000102978	1.0	False
0.005077681623100784	0.9253731343283582	0.2575711389249076	0.24677672955974844	6	7	10	3	6	ENSG00000103254	1.0	False
7.3337567107569144e-06	0.9253731343283582	0.020209773044824617	0.010967098703888338	6	7	16	5	12	ENSG00000104324	1.0	False
0.0010373385934701594	0.9253731343283582	0.1595280940044876	0.11758182477426889	4	7	16	4	10	ENSG00000109534	1.0	False
0.00017720199402451517	0.9253731343283582	0.08714364884654485	0.05636640060813379	4	7	18	8	12	ENSG00000110917	1.0	False
5.097542968574344e-05	0.9253731343283582	0.03742416715221693	0.022066822066822096	4	7	18	8	14	ENSG00000112335	1.0	False
0.00012638359966389323	0.9253731343283582	0.044552081123030315	0.06390161426764332	2	6	9	3	6	ENSG00000116663	1.0	False
0.00010487321533002234	0.9253731343283582	0.06680318669389701	0.03130718079171689	3	5	4	3	4	ENSG00000119523	1.0	False
0.0010431092305348386	0.9253731343283582	0.3098853383890328	0.5736588092361347	26	7	16	8	12	ENSG00000120071	1.0	False
0.00033116768434602705	0.9253731343283582	0.06481225296442686	0.0592572062084257	2	4	5	3	4	ENSG00000120333	1.0	False
0.00014185991909632133	0.9253731343283582	0.04676226607192417	0.03995726495726496	10	6	10	3	7	ENSG00000121864	1.0	False
0.003017064149671482	0.9253731343283582	0.1600177304964539	0.16855203619909498	5	4	6	3	3	ENSG00000124164	1.0	False
1.1958576244299964e-05	0.9253731343283582	0.0434782608695652	0.010729613733905578	3	7	12	4	9	ENSG00000127191	1.0	False
1.6593509607420378e-08	0.9253731343283582	0.000399245063879219	0.0007388500806018215	2	7	19	10	17	ENSG00000128228	1.0	False
1.0617385612464895e-06	0.9253731343283582	0.010366031666583769	0.006523746090991113	3	7	19	11	17	ENSG00000130303	1.0	False
0.00013427396682485118	0.9253731343283582	0.09898804415028567	0.0692209683290863	9	7	16	6	10	ENSG00000133104	1.0	False
9.067349105813487e-05	0.9253731343283582	0.04391852940727439	0.030380895657846213	7	7	19	10	16	ENSG00000137133	1.0	False
0.0014860349956655446	0.9253731343283582	0.21894892279953168	0.14351073104676398	9	7	17	6	12	ENSG00000139168	1.0	False
6.528451679165196e-05	0.9253731343283582	0.042678274432014544	0.03647521004788803	6	7	16	7	9	ENSG00000139190	1.0	False
0.002188596087233039	0.9253731343283582	0.26422221363594	0.2770225817511282	13	6	8	3	5	ENSG00000140398	1.0	False
0.004108237776540557	0.9253731343283582	0.282538389658639	0.22815552724043398	8	5	7	3	5	ENSG00000148688	1.0	False
0.0005570337522556953	0.9253731343283582	0.19045253554149838	0.10351727853459554	6	7	14	4	10	ENSG00000149929	1.0	False
0.002499879009593161	0.9253731343283582	0.12474434327375498	0.18335675115053907	5	4	6	3	4	ENSG00000150347	1.0	False
5.773171260277088e-05	0.9253731343283582	0.08167504553390705	0.04046212418478716	6	7	17	4	13	ENSG00000153044	1.0	False
6.402936572678495e-05	0.9253731343283582	0.03421237972476955	0.0569096067639705	5	7	18	9	12	ENSG00000155629	1.0	False
0.0010300050656710392	0.9253731343283582	0.20952649389183192	0.14336994952902754	6	3	5	3	4	ENSG00000155846	1.0	False
0.00018576034993189207	0.9253731343283582	0.0996382363873862	0.05542449014518158	13	7	19	10	17	ENSG00000159210	1.0	False
3.266014986117534e-06	0.9253731343283582	0.011390336514543877	0.003250477198620917	4	7	18	6	13	ENSG00000159228	1.0	False
0.0036778126652534156	0.9253731343283582	0.2376207015717418	0.20188131037989399	6	6	12	3	9	ENSG00000159256	1.0	False
0.010157029768865664	0.9253731343283582	0.42051350478316774	0.5045927740355175	9	6	8	3	5	ENSG00000159322	1.0	False
0.0001032650162605777	0.9253731343283582	0.05533220136430324	0.2107314475923472	11	7	19	13	19	ENSG00000167996	1.0	False
1.7807318143114681e-09	0.9253731343283582	0.0021608187754905365	0.00025612627809016273	2	7	19	13	18	ENSG00000169442	1.0	False
0.004277109988139015	0.9253731343283582	0.33515975458466385	0.21989641778161415	13	6	8	3	6	ENSG00000171100	1.0	False
3.571830660430034e-05	0.9253731343283582	0.030393038092298603	0.016989338244382028	6	7	19	10	17	ENSG00000173486	1.0	False
9.385292688798064e-05	0.9253731343283582	0.04514290494557145	0.0347069597069597	6	7	17	6	10	ENSG00000173848	1.0	False
0.0004335804797069282	0.9253731343283582	0.0426739303143797	0.05263157894736843	4	4	4	3	4	ENSG00000197776	1.0	False
0.0010446090016195304	0.9253731343283582	0.2842425371197749	0.2986160650592096	20	5	8	4	7	ENSG00000197943	1.0	False
0.0002891527343009603	0.9253731343283582	0.05757171383163826	0.07548237473452657	4	7	18	8	12	ENSG00000198026	1.0	False
0.007008786459845512	0.9253731343283582	0.34982646221683333	0.367908109989558	13	6	9	3	6	ENSG00000204344	1.0	False
0.005262647202404711	0.9253731343283582	0.2913726607372862	0.42141312083170424	8	7	16	5	10	ENSG00000215305	1.0	False
0.0009518245753224319	0.9253731343283582	0.21303669148496732	0.3021283122153795	2	7	10	4	8	ENSG00000259330	1.0	False
0.0023690966467784205	0.9253731343283582	0.3535155120094176	0.15354915354915358	19	6	10	3	7	ENSG00000266173	1.0	False
0.00022850587765338348	0.9253731343283582	0.08695652173913046	0.024390243902439036	2	4	5	3	4	ENSG00000278133	1.0	False
0.0007700046001385557	0.9303482587064676	0.30112035070969334	0.1888782948359118	3	7	8	3	7	ENSG00000023909	1.0	False
0.008010660910735873	0.9303482587064676	0.47089308996088663	0.43774928774928773	23	6	8	3	4	ENSG00000038274	1.0	False
0.0038929775088919856	0.9303482587064676	0.29763007130564745	0.23855108259589175	14	7	13	4	8	ENSG00000042088	1.0	False
0.0016966608671656735	0.9303482587064676	0.20025490531880843	0.22780139550997291	48	7	19	8	14	ENSG00000075413	1.0	False
0.00012138224255969576	0.9303482587064676	0.10254812205636599	0.08655752921817646	13	7	14	4	8	ENSG00000076382	1.0	False
0.001941377274355719	0.9303482587064676	0.22513826962504557	0.11514483023211201	7	7	15	5	12	ENSG00000082515	1.0	False
0.0048455134274388014	0.9303482587064676	0.2377467521953713	0.38560333668919894	4	7	15	5	11	ENSG00000100726	1.0	False
0.005187673109682395	0.9303482587064676	0.17234906313523546	0.2934116487307976	4	6	7	3	6	ENSG00000101493	1.0	False
0.007156128737652824	0.9303482587064676	0.33640848292158243	0.31113354363827544	21	5	7	3	5	ENSG00000104320	1.0	False
0.00021587986312193345	0.9303482587064676	0.07615925007701436	0.04042232081852228	13	7	18	8	13	ENSG00000105700	1.0	False
0.0010171061457692604	0.9303482587064676	0.31021134605039186	0.284614819124842	20	7	14	4	11	ENSG00000108946	1.0	False
0.0010360929397142215	0.9303482587064676	0.18987688014409101	0.16063732641351744	20	7	19	10	14	ENSG00000113648	1.0	False
7.936845596758225e-06	0.9303482587064676	0.018400217470166555	0.007279934349203463	2	7	19	11	17	ENSG00000115128	1.0	False
0.003591470910854179	0.9303482587064676	0.3561769397951669	0.4531073446327683	11	7	9	3	7	ENSG00000122591	1.0	False
0.00333658761765183	0.9303482587064676	0.20697270774007073	0.18818703855619356	4	6	6	3	5	ENSG00000122687	1.0	False
0.001048748695334477	0.9303482587064676	0.19559452952265424	0.16177971233459842	9	7	18	6	12	ENSG00000123737	1.0	False
4.015092121440299e-05	0.9303482587064676	0.07835409074206375	0.09960325746502402	8	7	13	3	6	ENSG00000125538	1.0	False
0.00010398825326546487	0.9303482587064676	0.1109314733197314	0.13991553845611038	23	7	19	7	13	ENSG00000126088	1.0	False
0.0007822767442627605	0.9303482587064676	0.2117909130334923	0.12182845403184384	10	7	17	7	11	ENSG00000129515	1.0	False
0.0031044007600603296	0.9303482587064676	0.1539963258713259	0.1631341831771873	4	7	9	3	5	ENSG00000131148	1.0	False
0.0013860225159529399	0.9303482587064676	0.33315157993490474	0.21687491721488808	4	6	6	3	4	ENSG00000135074	1.0	False
0.002131112806335365	0.9303482587064676	0.1805194805194805	0.1854048854696878	8	7	14	5	10	ENSG00000136238	1.0	False
0.0027521045346163343	0.9303482587064676	0.17544702122238442	0.11996274657949271	6	7	13	3	8	ENSG00000136932	1.0	False
0.0002931368527309678	0.9303482587064676	0.1599968559241557	0.09604036644560113	15	7	19	9	15	ENSG00000139613	1.0	False
0.004305110490850365	0.9303482587064676	0.25510237510237505	0.13943378995433786	10	6	8	3	6	ENSG00000141994	1.0	False
1.1954893585956506e-05	0.9303482587064676	0.018275079637162725	0.008490566037735865	5	7	17	7	12	ENSG00000143149	1.0	False
0.006411158050652359	0.9303482587064676	0.1749256695818469	0.32947976878612717	2	4	4	3	4	ENSG00000143324	1.0	False
0.0029575659404549688	0.9303482587064676	0.22526525862948632	0.23572059454412397	13	7	15	5	10	ENSG00000144401	1.0	False
4.9874603488788114e-05	0.9303482587064676	0.08206740759521605	0.02587683797608621	5	7	15	3	9	ENSG00000146670	1.0	False
0.0009937367572894317	0.9303482587064676	0.11913127312233886	0.10714529013974483	4	7	13	3	10	ENSG00000148840	1.0	False
0.00023184540323413182	0.9303482587064676	0.15462761493025884	0.07236216928129637	7	7	12	3	9	ENSG00000151893	1.0	False
0.0013837287789679894	0.9303482587064676	0.18359443774792494	0.19550290328278946	6	7	11	4	8	ENSG00000156256	1.0	False
0.00016166917715090712	0.9303482587064676	0.10496150309172791	0.28452337909520325	5	6	10	3	8	ENSG00000160712	1.0	False
0.0002186333021800601	0.9303482587064676	0.11154547494008044	0.06362712757602013	11	7	17	6	11	ENSG00000163166	1.0	False
0.0002685742338790954	0.9303482587064676	0.1352622365044726	0.10202634245187436	3	3	4	3	4	ENSG00000163872	1.0	False
0.0029006048288616054	0.9303482587064676	0.27162424484626907	0.1844718138429756	12	7	16	7	10	ENSG00000164896	1.0	False
0.00015387814869294344	0.9303482587064676	0.08127079066086218	0.05253928144323273	4	7	18	8	14	ENSG00000178691	1.0	False
0.0023526689321446735	0.9303482587064676	0.3058022383603779	0.246777449914583	7	6	9	3	6	ENSG00000178694	1.0	False
0.0008467288587668066	0.9303482587064676	0.13437047639196123	0.2227968072716134	5	7	18	7	12	ENSG00000181625	1.0	False
0.0046937978063554	0.9303482587064676	0.21600875626838115	0.18214089295535227	5	5	7	3	5	ENSG00000196072	1.0	False
0.0019183065045037112	0.9303482587064676	0.3452254769574231	0.2633736676025542	6	5	6	3	4	ENSG00000197062	1.0	False
0.0017364187571985404	0.9303482587064676	0.23615813737011182	0.17631551196878625	7	7	11	3	8	ENSG00000197965	1.0	False
0.0004034055904201994	0.9303482587064676	0.10737067176806868	0.03544616983658044	2	7	10	3	7	ENSG00000198783	1.0	False
0.0026074215835330955	0.9303482587064676	0.23696274680701823	0.2722610722610723	7	3	4	3	4	ENSG00000203865	1.0	False
8.471389200656982e-05	0.9303482587064676	0.05678565580647031	0.019346298747581737	2	7	11	4	7	ENSG00000213463	1.0	False
0.0001495002398964889	0.9303482587064676	0.08722063108480844	0.03372021323320441	14	7	19	11	16	ENSG00000213619	1.0	False
0.00710629267076303	0.9303482587064676	0.23353352362869775	0.2483715925394548	14	7	17	7	12	ENSG00000214046	1.0	False
1.612981441546241e-05	0.9303482587064676	0.015877397327617025	0.01063741130530026	3	7	18	5	13	ENSG00000241990	1.0	False
0.00011566376158689455	0.9303482587064676	0.0669972656419785	0.03339047994797219	12	7	19	10	16	ENSG00000249915	1.0	False
0.0043614966968729815	0.9353233830845771	0.21542391743879807	0.24671701999828344	17	6	12	3	8	ENSG00000010671	1.0	False
0.0017794083898878444	0.9353233830845771	0.24092246688469762	0.27430878095699474	14	7	14	4	8	ENSG00000048740	1.0	False
0.000981705611986745	0.9353233830845771	0.20411583281292597	0.23043724553018233	7	7	14	3	10	ENSG00000074356	1.0	False
0.009127177365953785	0.9353233830845771	0.22872521325558495	0.29325463743676217	17	7	19	6	12	ENSG00000079134	1.0	False
0.0006469831983675926	0.9353233830845771	0.1333581501950438	0.141674962667994	17	7	19	11	16	ENSG00000102103	1.0	False
0.0008523920151934548	0.9353233830845771	0.11237608693752894	0.09922642240017247	9	7	19	11	17	ENSG00000103024	1.0	False
0.0027258326631886525	0.9353233830845771	0.18512567158146162	0.17915636520888298	18	7	18	9	12	ENSG00000103275	1.0	False
0.002496188616010474	0.9353233830845771	0.15612938347886957	0.18428359317000748	12	4	5	3	5	ENSG00000113048	1.0	False
0.00019562948748929072	0.9353233830845771	0.24909867136163225	0.41607170573893154	11	7	14	6	9	ENSG00000115977	1.0	False
1.2586901835616094e-05	0.9353233830845771	0.03190190566481944	0.01815292235957493	5	7	18	9	15	ENSG00000117748	1.0	False
0.000829473799521769	0.9353233830845771	0.23648580264336785	0.2364884217352536	14	7	13	3	8	ENSG00000117984	1.0	False
0.0008798607009232474	0.9353233830845771	0.16860443878688508	0.1812865113990535	16	7	17	8	13	ENSG00000121749	1.0	False
0.007582448935783626	0.9353233830845771	0.3955889466303084	0.4001633319722335	27	6	9	3	5	ENSG00000122390	1.0	False
0.0006210342820210208	0.9353233830845771	0.14899523748335342	0.12194112616216513	13	3	4	3	4	ENSG00000125875	1.0	False
0.00046331436942523415	0.9353233830845771	0.21243466541928757	0.07974535545574839	9	7	16	5	12	ENSG00000127837	1.0	False
0.004094759316374001	0.9353233830845771	0.2046081496409518	0.3809880721734854	26	7	18	6	14	ENSG00000130826	1.0	False
0.002667452808922867	0.9353233830845771	0.18911741938239382	0.21519115269115274	11	7	17	5	12	ENSG00000134574	1.0	False
0.00028711267957320523	0.9353233830845771	0.1052486653035857	0.08065818170488535	13	7	19	10	14	ENSG00000135387	1.0	False
0.0002327703504821543	0.9353233830845771	0.1566879724498896	0.10430984183490712	6	7	16	6	12	ENSG00000138756	1.0	False
9.796259974435709e-05	0.9353233830845771	0.06851106407151515	0.041493348775113	9	7	18	5	12	ENSG00000143321	1.0	False
1.6115792261607902e-05	0.9353233830845771	0.027062557506502577	0.017283308924954242	14	7	19	12	17	ENSG00000147684	1.0	False
2.6729137013140615e-06	0.9353233830845771	0.0031152647975077885	0.004278728606356968	3	5	9	3	6	ENSG00000149418	1.0	False
0.0005894707914083539	0.9353233830845771	0.10836233123234815	0.10621567513632968	18	7	19	13	17	ENSG00000149925	1.0	False
0.0011630731336260574	0.9353233830845771	0.2164372210202002	0.29693196115753134	5	7	12	3	8	ENSG00000154803	1.0	False
0.0004369135902701427	0.9353233830845771	0.31858695810168464	0.2155182343861589	5	7	17	5	12	ENSG00000155827	1.0	False
8.99237405148898e-06	0.9353233830845771	0.08154815517712685	0.03150405144354564	3	7	19	10	14	ENSG00000158869	1.0	False
0.0005574825130315159	0.9353233830845771	0.13543601943160707	0.07702749788115643	21	7	19	10	15	ENSG00000167792	1.0	False
0.000637223834120833	0.9353233830845771	0.17348001949853928	0.25108043915818323	30	7	16	6	13	ENSG00000169764	1.0	False
2.7623308903745515e-05	0.9353233830845771	0.05014433107428924	0.015627965043695402	12	7	17	9	15	ENSG00000176155	1.0	False
0.0011328997514452894	0.9353233830845771	0.3125894081777675	0.2086892624230734	10	6	9	3	7	ENSG00000177030	1.0	False
0.007983726767484656	0.9353233830845771	0.2249865865771917	0.32287914544777047	5	4	7	3	4	ENSG00000177150	1.0	False
0.0027546026047772392	0.9353233830845771	0.2010328105602644	0.15041287015945332	11	7	15	3	9	ENSG00000178149	1.0	False
0.0005128140034928169	0.9353233830845771	0.11817090140231526	0.10531308737711212	7	7	19	10	15	ENSG00000185088	1.0	False
0.0007191347348590806	0.9353233830845771	0.1543869937569704	0.09216216216216218	3	4	3	3	3	ENSG00000186265	1.0	False
0.0017921696869764136	0.9353233830845771	0.11735030485900824	0.20268280189524907	7	4	6	3	5	ENSG00000186501	1.0	False
2.0385641673907763e-05	0.9353233830845771	0.014693646507545566	0.03281769998767412	2	7	13	5	8	ENSG00000197180	1.0	False
0.0008705723382176	0.9353233830845771	0.21364557336253318	0.1288288482393582	10	7	12	3	8	ENSG00000203879	1.0	False
0.00035805215414424574	0.9353233830845771	0.15552180025623832	0.05540282820386855	7	7	19	10	15	ENSG00000204220	1.0	False
0.0001759351208118468	0.9353233830845771	0.08995387145123707	0.0508504988231285	10	7	19	13	18	ENSG00000219200	1.0	False
0.003479944348879758	0.9353233830845771	0.25188683439370446	0.15759864790286976	9	6	8	3	5	ENSG00000224870	1.0	False
0.0015026306868266806	0.9402985074626866	0.19090868758290305	0.1424833702882483	15	7	14	5	9	ENSG00000055130	1.0	False
7.196259680427009e-05	0.9402985074626866	0.02936816984714461	0.027681757805623583	9	7	15	5	12	ENSG00000073050	1.0	False
1.3859254542028476e-05	0.9402985074626866	0.03548002385211688	0.03821656050955413	4	4	5	3	4	ENSG00000081052	1.0	False
0.0013963068033095434	0.9402985074626866	0.22189476287316914	0.1287245379796737	4	7	8	3	7	ENSG00000087448	1.0	False
0.0004491958343353541	0.9402985074626866	0.1457983647983523	0.0788667996052128	13	7	17	7	10	ENSG00000090581	1.0	False
0.002186270978024789	0.9402985074626866	0.2910379237103592	0.34046826625387	17	7	14	3	9	ENSG00000092531	1.0	False
9.419946022667248e-05	0.9402985074626866	0.11675541087305799	0.039513677811550144	3	7	10	3	7	ENSG00000096968	1.0	False
0.0034163778197748244	0.9402985074626866	0.215682229872096	0.3411361689980017	13	4	6	3	6	ENSG00000100462	1.0	False
0.000757933210574565	0.9402985074626866	0.14455151582141984	0.1220022923646623	19	7	19	11	16	ENSG00000100664	1.0	False
3.929286838709205e-05	0.9402985074626866	0.07162001769366033	0.024651334541132497	20	7	19	10	15	ENSG00000104872	1.0	False
8.804942524083309e-05	0.9402985074626866	0.05695680231258992	0.023594072193051156	3	3	4	3	4	ENSG00000107485	1.0	False
0.0034122457658295312	0.9402985074626866	0.22280774644624246	0.23479833604630138	7	7	17	5	11	ENSG00000107902	1.0	False
0.00014571769028091632	0.9402985074626866	0.1104530292082418	0.05709874197380455	11	7	19	11	15	ENSG00000110711	1.0	False
0.0015640177535515428	0.9402985074626866	0.1741452574070035	0.26469469088578695	14	4	5	3	4	ENSG00000110719	1.0	False
4.590970435465328e-05	0.9402985074626866	0.10440334869191159	0.09733793944320258	8	7	14	4	9	ENSG00000122986	1.0	False
0.0003700626936620955	0.9402985074626866	0.12454526329714952	0.08800444128586396	2	7	18	9	12	ENSG00000123933	1.0	False
4.539677917481555e-05	0.9402985074626866	0.05614977747061685	0.0337665305293397	6	7	15	7	10	ENSG00000129625	1.0	False
0.0026583088571093764	0.9402985074626866	0.45499794592848136	0.32809829059829054	13	4	6	3	6	ENSG00000135597	1.0	False
0.0008189671203623529	0.9402985074626866	0.336295164349498	0.23565902670775554	6	7	13	4	9	ENSG00000135870	1.0	False
0.000843239089756222	0.9402985074626866	0.13368977007923927	0.1109150185239589	11	7	17	6	13	ENSG00000136021	1.0	False
0.0005514368971367559	0.9402985074626866	0.22496124176377336	0.19815252734259534	18	3	7	3	6	ENSG00000140416	1.0	False
0.0013779506535623787	0.9402985074626866	0.16074595152663693	0.1778795114003342	20	7	18	8	14	ENSG00000141367	1.0	False
3.5429283027098055e-06	0.9402985074626866	0.004896234017960835	0.0032553871992784247	2	6	10	5	7	ENSG00000141569	1.0	False
2.2120464880516133e-06	0.9402985074626866	0.037671941671953216	0.008342485343575614	9	7	19	13	19	ENSG00000142534	1.0	False
0.00048205842436581386	0.9402985074626866	0.12322061976733828	0.1147688564476886	18	6	7	3	5	ENSG00000145730	1.0	False
0.00331586042116025	0.9402985074626866	0.2562323825482629	0.2162069751538637	9	7	14	4	10	ENSG00000147654	1.0	False
8.733570519561625e-05	0.9402985074626866	0.09604677729677726	0.0836187214611872	3	6	8	3	5	ENSG00000148300	1.0	False
3.7388725487328197e-06	0.9402985074626866	0.015177736885150124	0.00982532751091703	3	7	12	4	10	ENSG00000154945	1.0	False
0.000837001566384258	0.9402985074626866	0.15715178541265498	0.24193548387096775	7	3	4	3	4	ENSG00000163932	1.0	False
0.00015182866459929802	0.9402985074626866	0.04953116987793989	0.03585290593404186	7	7	18	9	15	ENSG00000168092	1.0	False
0.0021057139564853817	0.9402985074626866	0.2136967079750376	0.141172181204995	10	7	10	4	7	ENSG00000169359	1.0	False
0.00012997747948940918	0.9402985074626866	0.07921932164424621	0.04246561978244884	12	7	19	12	17	ENSG00000172531	1.0	False
0.0002417901219039918	0.9402985074626866	0.12878758299504567	0.06257259275439413	60	7	19	8	16	ENSG00000172965	1.0	False
0.009941518426513009	0.9402985074626866	0.3535685711526938	0.3639610389610389	25	6	10	3	6	ENSG00000177646	1.0	False
0.001495247702290281	0.9402985074626866	0.20896513378167286	0.12346496815286626	6	5	7	3	5	ENSG00000182552	1.0	False
9.024354069505925e-05	0.9402985074626866	0.17801903704984898	0.07660830953084476	13	7	11	3	7	ENSG00000182866	1.0	False
0.0018062757128418884	0.9402985074626866	0.1834958488373626	0.20515970287836582	3	7	18	6	13	ENSG00000184983	1.0	False
0.002514324505524749	0.9402985074626866	0.11698155908416462	0.16098285089261302	6	4	8	3	7	ENSG00000185515	1.0	False
0.000249030737082171	0.9402985074626866	0.18312596784504465	0.1674119017482069	25	7	15	6	9	ENSG00000196233	1.0	False
0.000228035733444234	0.9402985074626866	0.09178486527164459	0.273853832322504	9	7	19	9	16	ENSG00000198830	1.0	False
0.0008302618478542431	0.9402985074626866	0.23197909737418212	0.24485230062564342	17	7	14	4	8	ENSG00000243989	1.0	False
0.0005696901240971171	0.9402985074626866	0.1770670304915253	0.11100697049505875	17	7	17	7	13	ENSG00000266967	1.0	False
0.00028971412102222165	0.9402985074626866	0.23378722470852198	0.19858064210043425	17	7	9	4	8	ENSG00000281649	1.0	False
3.563766156096833e-05	0.9402985074626866	0.008752735229759289	0.02264150943396226	2	3	4	3	4	ENSG00000285646	1.0	False
0.0002812823060437431	0.945273631840796	0.11375335914364393	0.08866963554463556	7	7	19	7	14	ENSG00000048162	1.0	False
0.001680781840177916	0.945273631840796	0.25854480234447846	0.1981059187113692	7	7	11	3	7	ENSG00000053770	1.0	False
0.0006170535622099441	0.945273631840796	0.19316548648432144	0.22269994619757183	11	7	18	7	13	ENSG00000064961	1.0	False
6.192903637705139e-05	0.945273631840796	0.057531542531542613	0.027247956403269748	10	6	8	4	5	ENSG00000072736	1.0	False
6.167506193808278e-05	0.945273631840796	0.04887031950881598	0.0522939583860736	6	7	19	8	13	ENSG00000085871	1.0	False
4.7429324968003945e-05	0.945273631840796	0.09055934499214206	0.025787221728979636	5	7	19	11	16	ENSG00000091640	1.0	False
0.003115432535706252	0.945273631840796	0.14002174722296679	0.1819458409902569	6	6	7	3	5	ENSG00000103037	1.0	False
0.0012989741780595051	0.945273631840796	0.16302796532552638	0.1572744298571315	11	7	18	8	12	ENSG00000104518	1.0	False
0.00022673128874283813	0.945273631840796	0.13400199660767673	0.060703425882558504	8	7	18	7	13	ENSG00000111716	1.0	False
0.002614708372293348	0.945273631840796	0.3382229446496595	0.2925223802001053	15	7	11	4	7	ENSG00000117640	1.0	False
0.0006059786349427007	0.945273631840796	0.07616172711503409	0.04069297374421239	8	7	19	9	13	ENSG00000121892	1.0	False
0.0007955015007546022	0.945273631840796	0.1327937901808598	0.10893726462753744	7	4	5	3	4	ENSG00000123444	1.0	False
0.00022882236476484355	0.945273631840796	0.06773193142973345	0.07152366209421888	7	7	19	7	13	ENSG00000125503	1.0	False
9.97043734779723e-06	0.945273631840796	0.09968993704469623	0.04903344524017371	8	7	17	4	9	ENSG00000130208	1.0	False
8.342476407733246e-07	0.945273631840796	0.021610524050691516	0.003732146092227948	13	7	19	13	19	ENSG00000134419	1.0	False
1.1312744535818141e-05	0.945273631840796	0.0637036407755715	0.01692231258710917	9	7	19	12	17	ENSG00000137100	1.0	False
0.00014307343120847858	0.945273631840796	0.061195195781661965	0.0353675576605513	8	7	14	5	8	ENSG00000137842	1.0	False
2.1854323232477372e-05	0.945273631840796	0.02338853187750508	0.018497109826589593	3	7	17	5	11	ENSG00000143753	1.0	False
1.4974040477515399e-05	0.945273631840796	0.03667414258398248	0.01634438532128142	6	7	12	4	10	ENSG00000144451	1.0	False
3.455343747063316e-06	0.945273631840796	0.021027869438963166	0.02346859601127719	10	7	19	13	18	ENSG00000147677	1.0	False
0.0013603625803164873	0.945273631840796	0.13591523808883682	0.06577260334536879	7	7	11	3	8	ENSG00000149480	1.0	False
0.0002864704952558566	0.945273631840796	0.16797568725890194	0.1391042417658387	3	7	15	4	8	ENSG00000154370	1.0	False
0.0025965441855629063	0.945273631840796	0.1632617373809043	0.10381880024737168	5	7	17	5	13	ENSG00000156603	1.0	False
0.00015646631924931613	0.945273631840796	0.1551103819851889	0.05730123518028612	11	7	16	4	11	ENSG00000158517	1.0	False
0.000580739991804159	0.945273631840796	0.1316831857023344	0.08435210052376381	6	7	19	6	12	ENSG00000160124	1.0	False
0.0015469711187388114	0.945273631840796	0.2671829764278591	0.3192485565736937	6	6	10	3	7	ENSG00000160695	1.0	False
0.00310118284055596	0.945273631840796	0.3578686745353411	0.3883550976398706	11	6	12	3	7	ENSG00000162174	1.0	False
0.00012639390005618207	0.945273631840796	0.0732505194155055	0.060544819165508815	2	4	6	3	4	ENSG00000163528	1.0	False
0.006016810972229635	0.945273631840796	0.3011361431138485	0.31016548463356974	10	6	6	3	5	ENSG00000164306	1.0	False
0.006521715634836037	0.945273631840796	0.19195857268119237	0.3239172459704779	4	7	9	3	7	ENSG00000165175	1.0	False
0.00036199849493696835	0.945273631840796	0.08460628510201848	0.05301455301455302	6	3	3	3	3	ENSG00000165675	1.0	False
0.0004721073988832078	0.945273631840796	0.19513460108112363	0.1437110709262608	17	7	15	6	12	ENSG00000166747	1.0	False
0.00221058248383358	0.945273631840796	0.34420804061652854	0.334312746077452	4	7	14	3	9	ENSG00000169504	1.0	False
0.0002888390962294725	0.945273631840796	0.0867286717885566	0.045343781684452945	6	7	12	4	9	ENSG00000170627	1.0	False
0.0032205807979320956	0.945273631840796	0.19649586853487042	0.1497608718058243	6	7	17	7	12	ENSG00000170638	1.0	False
4.823510894533411e-05	0.945273631840796	0.07397300410773824	0.043475255150511705	2	7	16	6	10	ENSG00000170802	1.0	False
1.3493684430349354e-06	0.945273631840796	0.004818138875767624	0.002433090024330899	2	6	8	3	8	ENSG00000175893	1.0	False
0.003079877146600672	0.945273631840796	0.2539414571857319	0.15767506317763103	13	6	9	3	7	ENSG00000177082	1.0	False
0.0013761981667998156	0.945273631840796	0.2562699331629782	0.10693470214114807	13	7	15	5	10	ENSG00000178028	1.0	False
0.0002386234303160591	0.945273631840796	0.06987621755080967	0.047405850512495684	3	7	15	4	10	ENSG00000188177	1.0	False
0.000284599505972226	0.945273631840796	0.10452075739376492	0.0628255846471684	12	7	19	10	16	ENSG00000198265	1.0	False
0.00024351733197859585	0.945273631840796	0.10882907297541447	0.08386537628195867	4	5	7	3	5	ENSG00000198700	1.0	False
0.001769217121026236	0.945273631840796	0.14892454829819737	0.10495568667686792	9	7	17	7	13	ENSG00000205629	1.0	False
0.0007619026621275755	0.945273631840796	0.15237932740823287	0.09670263788968825	10	7	12	5	9	ENSG00000215252	1.0	False
7.502162909062801e-08	0.945273631840796	0.010176654631982609	0.0276828838163111	3	7	19	10	16	ENSG00000216490	1.0	False
0.0015436537332731246	0.945273631840796	0.27321814668558975	0.23045945650987668	17	4	9	4	7	ENSG00000237298	1.0	False
0.0004315266039916615	0.945273631840796	0.09638442437803817	0.10753774302161397	20	7	18	7	14	ENSG00000275700	1.0	False
0.0010400792363026358	0.945273631840796	0.10218715087137432	0.12524735187987424	7	7	9	3	5	ENSG00000291015	1.0	False
0.0006516632589606628	0.9502487562189055	0.1256119601786919	0.09552377496134011	17	7	19	11	17	ENSG00000010244	1.0	False
0.00012354994380519972	0.9502487562189055	0.032162287846548704	0.02468346489919973	7	7	18	9	14	ENSG00000011260	1.0	False
0.0001846909987357889	0.9502487562189055	0.12933827883156412	0.0598911175256376	7	7	18	6	11	ENSG00000015285	1.0	False
0.000541675993639992	0.9502487562189055	0.13262366635474443	0.08078698024371148	2	7	11	4	8	ENSG00000102409	1.0	False
0.0002469494125416613	0.9502487562189055	0.08985948893034902	0.048968184445596585	7	7	15	5	11	ENSG00000103274	1.0	False
2.00166835587671e-05	0.9502487562189055	0.01017441860465121	0.008526187576126679	5	7	14	4	9	ENSG00000105321	1.0	False
0.0008571542096380251	0.9502487562189055	0.15796899712484672	0.07318917205410734	10	7	16	5	14	ENSG00000108587	1.0	False
0.0001054065218633957	0.9502487562189055	0.05565298301373545	0.05054101182873329	11	7	18	7	14	ENSG00000113328	1.0	False
0.0016639908559997409	0.9502487562189055	0.14864933835039054	0.12711743708332987	18	7	18	9	16	ENSG00000115685	1.0	False
0.0010812623660524249	0.9502487562189055	0.21599873435990377	0.40125580070015465	18	7	14	6	11	ENSG00000115839	1.0	False
0.0021721272482018803	0.9502487562189055	0.2696590954757003	0.33334312142123035	13	4	4	3	4	ENSG00000119912	1.0	False
0.001370586261256657	0.9502487562189055	0.20046739354352847	0.1425897432056388	23	7	16	6	11	ENSG00000126214	1.0	False
0.00016338132744801907	0.9502487562189055	0.08510504204688772	0.053279333265921935	6	7	18	10	14	ENSG00000133773	1.0	False
0.0008047861083328135	0.9502487562189055	0.23163597756539933	0.11024478803472236	9	7	15	4	8	ENSG00000135913	1.0	False
6.602835885494418e-07	0.9502487562189055	0.010427344631000018	0.0023716965085143395	3	7	19	11	16	ENSG00000137193	1.0	False
0.00011823212160829643	0.9502487562189055	0.06766858982570902	0.208987401874655	5	7	19	9	14	ENSG00000137815	1.0	False
0.0004959351578038762	0.9502487562189055	0.08866455679149386	0.09677689331944651	3	6	10	4	7	ENSG00000139266	1.0	False
0.00015259968199701283	0.9502487562189055	0.06951119180197453	0.06156772524960906	4	7	16	6	11	ENSG00000143811	1.0	False
1.5105712947407565e-07	0.9502487562189055	0.0009041591320072435	0.0011325028312570884	2	7	17	8	14	ENSG00000154174	1.0	False
5.9967130656722045e-06	0.9502487562189055	0.009223575195365086	0.006723214320227603	2	7	19	10	16	ENSG00000155115	1.0	False
0.0034601092403125783	0.9502487562189055	0.26639346550741055	0.1656710252948393	6	7	16	4	13	ENSG00000161179	1.0	False
0.0013244170040647403	0.9502487562189055	0.13158160416043646	0.07201405152224825	6	4	6	3	4	ENSG00000161267	1.0	False
0.00010760285765607777	0.9502487562189055	0.09616308739299793	0.07238763353517454	25	7	19	12	17	ENSG00000163660	1.0	False
0.00016743291324479046	0.9502487562189055	0.020411732443867396	0.01845386533665838	3	7	17	7	11	ENSG00000164151	1.0	False
0.00036507846448439145	0.9502487562189055	0.0643037518037518	0.05402978373119807	4	6	8	3	5	ENSG00000164430	1.0	False
7.562042936512121e-05	0.9502487562189055	0.05878829340325865	0.03529916602921695	6	7	19	8	13	ENSG00000164880	1.0	False
0.013615662450110946	0.9502487562189055	0.304098563985084	0.27599780681023234	20	7	13	3	9	ENSG00000165688	1.0	False
0.0004716626504328824	0.9502487562189055	0.06759320314865083	0.12092896361218158	9	5	10	3	6	ENSG00000165949	1.0	False
0.00016733627251550582	0.9502487562189055	0.059454755483916266	0.07696956615583853	3	7	11	3	6	ENSG00000169991	1.0	False
0.00033067823196961674	0.9502487562189055	0.18779122203991028	0.08968273021612	5	7	14	6	9	ENSG00000177889	1.0	False
0.0003690518371132763	0.9502487562189055	0.16482857398935288	0.12134058509629436	2	7	11	4	8	ENSG00000182831	1.0	False
0.0015352130906320226	0.9502487562189055	0.11082612912738399	0.06142840480541191	4	4	5	3	3	ENSG00000182903	1.0	False
0.00017711685922424693	0.9502487562189055	0.14466625092594537	0.21883271736395815	4	7	13	3	8	ENSG00000183828	1.0	False
0.0018229029813684441	0.9502487562189055	0.25761323438683237	0.22042843145987354	27	7	17	5	10	ENSG00000185359	1.0	False
8.545221422146351e-08	0.9502487562189055	0.0008748906386701223	0.00040741495212872356	2	7	18	7	14	ENSG00000185989	1.0	False
0.0010521605773452587	0.9502487562189055	0.0658846253329255	0.1083622195696503	12	7	19	13	18	ENSG00000188186	1.0	False
0.002020484452094579	0.9502487562189055	0.23367701946897307	0.28348318348318347	7	4	5	3	3	ENSG00000189190	1.0	False
0.00016903017120161248	0.9502487562189055	0.13783495344943478	0.08740634009020329	9	7	19	13	19	ENSG00000197448	1.0	False
0.0016492161624370692	0.9502487562189055	0.20525571049585645	0.15737672019194726	27	7	19	9	14	ENSG00000198000	1.0	False
0.0005671506432902747	0.9502487562189055	0.20015435574037943	0.2095319400250243	6	7	14	6	12	ENSG00000198382	1.0	False
0.000195096979106499	0.9502487562189055	0.04528952473370562	0.046579615541882245	10	7	13	5	9	ENSG00000218510	1.0	False
0.0037523757433915853	0.9502487562189055	0.3315707653387818	0.4329222494124488	10	6	10	3	6	ENSG00000225733	1.0	False
0.0026148283251295926	0.9552238805970149	0.12152401363298915	0.1833055996504563	6	7	18	7	13	ENSG00000006625	1.0	False
0.0010406504897429842	0.9552238805970149	0.2382985087296901	0.3087433943005779	28	7	18	8	12	ENSG00000049618	1.0	False
0.0008962247308227328	0.9552238805970149	0.20682648401826487	0.14297268152408338	11	4	7	4	5	ENSG00000068650	1.0	False
0.00023374340519539743	0.9552238805970149	0.14117253038860872	0.10563645306573262	14	7	19	11	17	ENSG00000087365	1.0	False
4.251149651596194e-05	0.9552238805970149	0.030000000000000013	0.033907427341227106	2	6	9	4	6	ENSG00000090339	1.0	False
0.000538554591815889	0.9552238805970149	0.1321077779884989	0.07662849780933839	7	7	16	6	12	ENSG00000100360	1.0	False
0.0033100109107147366	0.9552238805970149	0.26739926739926745	0.2326507847980241	8	5	5	3	4	ENSG00000102158	1.0	False
9.403008321214978e-05	0.9552238805970149	0.09222653921759634	0.053931946808363405	9	7	19	8	14	ENSG00000105618	1.0	False
2.4787692465932653e-05	0.9552238805970149	0.038682444708810076	0.023841059602649022	4	7	14	4	10	ENSG00000107560	1.0	False
0.0009932934551828139	0.9552238805970149	0.1365488513338265	0.11131726553506256	7	7	14	3	9	ENSG00000122140	1.0	False
0.0035316409376610768	0.9552238805970149	0.20856053892616538	0.16145833333333337	5	6	9	3	6	ENSG00000124784	1.0	False
0.0005835396694060618	0.9552238805970149	0.10783374971981849	0.06319149156652307	10	7	16	5	11	ENSG00000129071	1.0	False
0.00014679282827669362	0.9552238805970149	0.08001810014486699	0.03599542707822964	6	5	5	3	5	ENSG00000136161	1.0	False
0.0005047774520312761	0.9552238805970149	0.20178954057758322	0.09121360148183169	17	7	18	5	11	ENSG00000137752	1.0	False
0.0007253550918192651	0.9552238805970149	0.09888666510923534	0.06363757361993809	8	7	15	6	12	ENSG00000138629	1.0	False
0.002684351991256312	0.9552238805970149	0.21499389294655072	0.18312813041573828	22	7	14	6	12	ENSG00000138760	1.0	False
0.0007475305291568105	0.9552238805970149	0.18745586653145138	0.20065452436391876	26	7	19	11	15	ENSG00000141027	1.0	False
0.0016772616615579887	0.9552238805970149	0.1823800715555965	0.14049786052658222	14	7	17	4	13	ENSG00000144741	1.0	False
0.002446169684404137	0.9552238805970149	0.17555857663362873	0.10892231944863526	5	7	12	4	6	ENSG00000148690	1.0	False
0.0019456712492331412	0.9552238805970149	0.2565072647261744	0.4198907097409388	51	7	19	9	15	ENSG00000153113	1.0	False
0.0006350307540654602	0.9552238805970149	0.14296426875732585	0.11793496793864547	12	6	9	3	7	ENSG00000157538	1.0	False
0.0001299155139413763	0.9552238805970149	0.09359332562173667	0.03323961262105592	6	7	9	3	6	ENSG00000161671	1.0	False
0.0002434453380228537	0.9552238805970149	0.12211704080885549	0.0982466281310212	4	7	16	5	11	ENSG00000164109	1.0	False
1.5747404868962473e-05	0.9552238805970149	0.0444472232006575	0.023255813953488386	3	7	14	5	9	ENSG00000165169	1.0	False
0.0005827201620341105	0.9552238805970149	0.12856528761507757	0.09905338645418324	21	7	16	7	11	ENSG00000166411	1.0	False
7.050682272089162e-05	0.9552238805970149	0.050596362489285354	0.05228599810684543	13	7	19	9	15	ENSG00000166669	1.0	False
6.8735204202571705e-06	0.9552238805970149	0.015933905725758243	0.010382803219445055	2	7	15	5	11	ENSG00000169895	1.0	False
0.003326318547882042	0.9552238805970149	0.2767114919195264	0.25111680266841385	12	5	5	3	3	ENSG00000171163	1.0	False
0.002240557646134822	0.9552238805970149	0.2672721765118973	0.21070722403488898	10	7	18	7	13	ENSG00000172366	1.0	False
2.127019541244895e-06	0.9552238805970149	0.007028930091335808	0.004490278109594812	2	7	19	10	16	ENSG00000174903	1.0	False
0.002320409549585318	0.9552238805970149	0.20578621445061018	0.16234700259090507	4	6	12	4	9	ENSG00000175931	1.0	False
0.002814402445535165	0.9552238805970149	0.23886026617467085	0.18618784530386742	9	3	4	3	4	ENSG00000177595	1.0	False
0.0038874484464407424	0.9552238805970149	0.18928201717201623	0.20335291621060156	8	6	10	4	6	ENSG00000186469	1.0	False
0.003834089415678524	0.9552238805970149	0.1663715457053466	0.1866364061144116	10	5	4	3	4	ENSG00000198363	1.0	False
6.308709131298563e-05	0.9552238805970149	0.027326058058918596	0.012181616832779615	5	4	5	3	3	ENSG00000204310	1.0	False
0.0001273647869403233	0.9552238805970149	0.06966324516812593	0.02484275176183892	3	7	16	6	13	ENSG00000204619	1.0	False
0.0017636474401740172	0.9552238805970149	0.14321100632644337	0.12453463176300314	25	7	19	11	16	ENSG00000205937	1.0	False
0.00011921683572164574	0.9552238805970149	0.17928275151881978	0.03442677228932193	2	7	11	7	10	ENSG00000211895	1.0	False
0.0021960422452975163	0.9552238805970149	0.3802691235638554	0.29666902592232147	8	7	10	3	6	ENSG00000228696	1.0	False
0.0004289908666713052	0.9552238805970149	0.11660555429808978	0.08287167900604435	4	7	19	9	15	ENSG00000241685	1.0	False
0.0036447967408366694	0.9552238805970149	0.19853853461711637	0.24108342910571323	16	7	12	4	9	ENSG00000246067	1.0	False
1.0398285433199203e-05	0.9552238805970149	0.03260869565217393	0.005504587155963275	2	4	5	3	4	ENSG00000261609	1.0	False
0.001673757915065217	0.9552238805970149	0.3270067623748959	0.40104738311016336	9	7	12	3	7	ENSG00000291060	1.0	False
0.0014844711042662534	0.9601990049751243	0.15442968458509349	0.06773063600481594	5	7	12	5	8	ENSG00000027847	1.0	False
0.0030067903114384567	0.9601990049751243	0.2626865799005664	0.18577694235588976	16	5	8	3	6	ENSG00000055163	1.0	False
0.0011274017571966588	0.9601990049751243	0.18335297151000424	0.13356093839404926	8	7	15	6	9	ENSG00000072849	1.0	False
2.68689444923657e-05	0.9601990049751243	0.016282736870972158	0.00815217391304347	3	4	6	3	4	ENSG00000089154	1.0	False
0.0013028629563758666	0.9601990049751243	0.255490255406354	0.43900851623623904	9	7	10	3	6	ENSG00000092094	1.0	False
0.0036698371881396233	0.9601990049751243	0.22186392548898803	0.22767744856381106	19	3	4	3	4	ENSG00000092098	1.0	False
0.0005496821994167807	0.9601990049751243	0.10766508857363472	0.058857923229151315	6	7	17	5	12	ENSG00000094880	1.0	False
0.0020005653268523227	0.9601990049751243	0.14113467699636767	0.14360443392701455	12	7	15	4	10	ENSG00000096063	1.0	False
0.0009544221748410708	0.9601990049751243	0.10956356432360523	0.2402269809953621	13	7	19	7	13	ENSG00000100129	1.0	False
0.00016578421464585947	0.9601990049751243	0.10253334054597121	0.06687617443141317	9	7	17	6	11	ENSG00000105127	1.0	False
0.0008320867691343611	0.9601990049751243	0.3399262685124209	0.388399835458659	15	4	7	3	4	ENSG00000108021	1.0	False
0.0005053505248670547	0.9601990049751243	0.17894227043781474	0.10155718754249965	5	5	8	3	6	ENSG00000111266	1.0	False
0.004793720781689318	0.9601990049751243	0.2338393695878065	0.21866666666666668	8	7	9	3	5	ENSG00000113621	1.0	False
0.0023537809903361115	0.9601990049751243	0.23281776431146578	0.23961027561589332	22	7	15	5	11	ENSG00000114416	1.0	False
0.001215776725585904	0.9601990049751243	0.09393763057372696	0.1883731328539714	11	7	15	4	11	ENSG00000115486	1.0	False
4.211442268462463e-05	0.9601990049751243	0.02840081314349169	0.016341828630067157	6	7	19	10	17	ENSG00000116586	1.0	False
0.0012435950470119385	0.9601990049751243	0.07487072498022564	0.07989487371955167	7	7	19	12	16	ENSG00000118418	1.0	False
2.8682151890662785e-06	0.9601990049751243	0.019999999999999983	0.005600497822028645	4	7	19	6	13	ENSG00000119333	1.0	False
0.0022215483613577842	0.9601990049751243	0.1988637310857605	0.15821524598503015	46	7	16	7	12	ENSG00000124155	1.0	False
0.0001069695211268009	0.9601990049751243	0.09261412277730147	0.04218887657373464	4	5	9	4	5	ENSG00000124243	1.0	False
3.9687102270683406e-05	0.9601990049751243	0.03844738442370056	0.017996169054427726	10	7	19	11	18	ENSG00000127445	1.0	False
0.0008846690880355802	0.9601990049751243	0.15709452621840103	0.19430446411053393	7	7	16	5	9	ENSG00000129925	1.0	False
0.00042100202161747237	0.9601990049751243	0.20262574827450552	0.10336221762834588	13	7	10	3	7	ENSG00000132912	1.0	False
0.002595586504622406	0.9601990049751243	0.08055063723888016	0.1429525178911251	13	7	18	6	14	ENSG00000133316	1.0	False
0.0005160218449503956	0.9601990049751243	0.1161589028905342	0.1100400726035887	5	7	19	10	17	ENSG00000138085	1.0	False
0.00041581043061362464	0.9601990049751243	0.1553284296724564	0.12433304870163525	7	7	18	5	12	ENSG00000141084	1.0	False
0.003514698264379478	0.9601990049751243	0.6472574191695047	0.6786554366795661	20	5	10	3	7	ENSG00000141644	1.0	False
0.0007277325905591902	0.9601990049751243	0.14565126763697467	0.1998917631690839	14	7	18	9	15	ENSG00000144674	1.0	False
0.0007068695166125815	0.9601990049751243	0.1608559131158236	0.1006029419408493	9	7	17	5	13	ENSG00000154305	1.0	False
0.0006085223270315746	0.9601990049751243	0.12136633002563643	0.10441763404565875	2	5	9	3	7	ENSG00000155090	1.0	False
0.000620964903841459	0.9601990049751243	0.13850042920691807	0.12819259240198974	13	7	19	7	13	ENSG00000157954	1.0	False
0.00012681331564724557	0.9601990049751243	0.09951485288358086	0.06805475226527857	2	4	4	3	3	ENSG00000162825	1.0	False
0.005401659194541145	0.9601990049751243	0.36502102613747345	0.21060517537081358	8	4	7	3	5	ENSG00000164008	1.0	False
0.00041094218081448206	0.9601990049751243	0.1395333122805342	0.07872127993396397	6	7	9	3	6	ENSG00000166855	1.0	False
2.783849163139555e-05	0.9601990049751243	0.05136491150903362	0.04662857473911374	5	7	17	5	10	ENSG00000176890	1.0	False
1.1468839257517701e-06	0.9601990049751243	0.01993862518386296	0.006572494546269621	6	7	19	11	18	ENSG00000178127	1.0	False
0.00372645257797246	0.9601990049751243	0.2526807392132061	0.21791234243463545	29	7	15	5	11	ENSG00000180228	1.0	False
0.0012353470239014914	0.9601990049751243	0.3869602052268719	0.5479461883408072	16	6	8	3	5	ENSG00000181722	1.0	False
0.0026824177227265794	0.9601990049751243	0.27183367952611937	0.26030034912249933	38	7	14	6	10	ENSG00000196628	1.0	False
0.0029741975140161123	0.9601990049751243	0.49917692365778155	0.3743016759776536	8	6	8	3	5	ENSG00000197798	1.0	False
0.0008701700587997927	0.9601990049751243	0.11484809240451449	0.13076826670008768	2	5	5	3	4	ENSG00000204272	1.0	False
0.0011725150220581512	0.9601990049751243	0.17747312929469974	0.1443889474407735	13	7	17	6	13	ENSG00000214413	1.0	False
3.997500020374342e-05	0.9601990049751243	0.019148936170212807	0.022556390977443636	2	7	14	4	8	ENSG00000266983	1.0	False
0.0008875802921477732	0.9651741293532339	0.09193283229250375	0.08942525193321854	8	7	19	12	19	ENSG00000006015	1.0	False
0.00562369908919351	0.9651741293532339	0.2090775175145815	0.3519886590467754	5	7	16	8	11	ENSG00000065518	1.0	False
0.0010646225859454385	0.9651741293532339	0.1877173214375415	0.11582590452968788	9	7	18	7	13	ENSG00000066117	1.0	False
0.0033926648217931133	0.9651741293532339	0.38345072073896075	0.3663652646798593	54	6	10	4	7	ENSG00000068400	1.0	False
0.0010658941992769055	0.9651741293532339	0.20202042424497751	0.12500291047382514	7	7	12	4	7	ENSG00000072042	1.0	False
0.0012406549491243604	0.9651741293532339	0.29592175714091	0.24448036423690972	30	5	13	5	9	ENSG00000072274	1.0	False
0.00010764189873450154	0.9651741293532339	0.07199504273085955	0.04947420384359287	4	7	12	4	9	ENSG00000080839	1.0	False
0.0015278050573282976	0.9651741293532339	0.21433469944711073	0.20409420699888087	9	7	16	5	10	ENSG00000083642	1.0	False
3.444914613328121e-05	0.9651741293532339	0.03333333333333338	0.0198019801980198	9	5	8	3	7	ENSG00000084676	1.0	False
0.000665831267115378	0.9651741293532339	0.08696960565671746	0.075322554303446	8	6	9	4	6	ENSG00000100600	1.0	False
0.00012925037194277643	0.9651741293532339	0.13638436794658376	0.05533981851939017	9	7	13	3	7	ENSG00000100711	1.0	False
0.002208031280252088	0.9651741293532339	0.1439842643889232	0.10922012818072215	8	7	18	9	13	ENSG00000101558	1.0	False
7.283633599077e-06	0.9651741293532339	0.026340045305247473	0.027507089330603633	6	7	19	10	14	ENSG00000103187	1.0	False
0.0010152594187507757	0.9651741293532339	0.30909904260031007	0.2064767144491554	24	7	17	7	11	ENSG00000107099	1.0	False
0.0026042002880395667	0.9651741293532339	0.31796463437315425	0.1853568011803082	13	7	12	3	7	ENSG00000107890	1.0	False
0.00024296896736424292	0.9651741293532339	0.08978042386737446	0.051067483523623856	14	7	19	9	15	ENSG00000108523	1.0	False
0.0026236861865434557	0.9651741293532339	0.32919160141415477	0.27164998895167153	13	7	12	3	8	ENSG00000111652	1.0	False
1.031594846678745e-05	0.9651741293532339	0.09092217766194752	0.019648767694844763	5	7	19	11	16	ENSG00000111843	1.0	False
0.003986145941566295	0.9651741293532339	0.22889804277059178	0.16649930873899438	8	5	5	3	4	ENSG00000111850	1.0	False
0.00029354763938601827	0.9651741293532339	0.07852633946395401	0.0449450859231803	6	7	16	8	13	ENSG00000115446	1.0	False
0.0004329677753518184	0.9651741293532339	0.2041105660083812	0.14023464899703986	8	7	15	5	10	ENSG00000117280	1.0	False
0.006151277339643945	0.9651741293532339	0.27954545454545454	0.21848158489562555	11	4	5	3	3	ENSG00000122515	1.0	False
0.001298957008175897	0.9651741293532339	0.15081414422454448	0.13586688965677515	6	7	19	9	15	ENSG00000125445	1.0	False
0.0008588112588314745	0.9651741293532339	0.21291704119416988	0.29693642351562355	50	7	19	9	15	ENSG00000127603	1.0	False
0.001141126865168671	0.9651741293532339	0.150887565579601	0.19063122618046202	27	7	18	9	13	ENSG00000130640	1.0	False
0.006742113847509437	0.9651741293532339	0.29913754019071614	0.32431265542967674	8	7	13	3	9	ENSG00000131351	1.0	False
0.0008343511243356588	0.9651741293532339	0.125227276173621	0.09649987036556912	15	4	7	4	5	ENSG00000131748	1.0	False
2.9111372844457122e-06	0.9651741293532339	0.010945146045564265	0.012554988414654626	3	7	18	8	12	ENSG00000135972	1.0	False
0.00021109681288939807	0.9651741293532339	0.07685435097715791	0.07355090112031173	7	7	17	6	10	ENSG00000137563	1.0	False
0.0016233135320872904	0.9651741293532339	0.1890952117608328	0.19872733207479865	7	7	15	5	10	ENSG00000139180	1.0	False
0.00239187391112083	0.9651741293532339	0.20572021090777318	0.2252438109527382	6	6	12	3	8	ENSG00000140941	1.0	False
0.0001658012746836008	0.9651741293532339	0.037489828932170455	0.05107773761645369	4	7	19	7	12	ENSG00000144021	1.0	False
0.0010041161766425012	0.9651741293532339	0.17795315644466217	0.09369881480390896	4	7	16	6	11	ENSG00000152219	1.0	False
0.0003199785903225099	0.9651741293532339	0.12547099350910507	0.19070455688102741	3	7	12	4	9	ENSG00000162654	1.0	False
0.0018274036246973934	0.9651741293532339	0.16827257127509432	0.1702097040556122	8	6	12	3	8	ENSG00000162819	1.0	False
0.0002935946358915446	0.9651741293532339	0.21719888363876494	0.1129568106312292	5	6	7	3	6	ENSG00000163376	1.0	False
5.1241122566664804e-05	0.9651741293532339	0.04119092501654259	0.035395709887447946	15	7	19	13	19	ENSG00000163682	1.0	False
0.0026673389075321944	0.9651741293532339	0.32381462961013435	0.3948967949014158	11	5	8	3	6	ENSG00000164305	1.0	False
7.667383794381446e-05	0.9651741293532339	0.08869289420939566	0.058845106351744336	6	7	18	6	14	ENSG00000166347	1.0	False
0.0034371891854513325	0.9651741293532339	0.2754325748327844	0.35441975822021565	14	7	12	5	9	ENSG00000179889	1.0	False
0.00026284360755077446	0.9651741293532339	0.09867943880946206	0.0642252941731015	8	7	14	4	9	ENSG00000197451	1.0	False
0.0002868233180050197	0.9651741293532339	0.22528405730954268	0.22509402273467607	7	7	14	4	7	ENSG00000198157	1.0	False
0.0004855963718804831	0.9651741293532339	0.10856130762588165	0.09243119055156589	3	7	15	4	11	ENSG00000204498	1.0	False
0.0005873788822662677	0.9651741293532339	0.4257080610021787	0.46267825311942956	2	5	6	3	5	ENSG00000261505	1.0	False
0.0007006656906405193	0.9651741293532339	0.1579552488149486	0.10176870748299321	24	7	15	5	11	ENSG00000291151	1.0	False
0.006767852693130197	0.9701492537313433	0.2027909177540004	0.2527591771623602	6	5	5	3	4	ENSG00000005469	1.0	False
7.475677414828916e-05	0.9701492537313433	0.10344331390423414	0.03821585517503398	4	7	19	10	16	ENSG00000007255	1.0	False
0.0004460367974761048	0.9701492537313433	0.22659644504079837	0.29753701971202495	12	7	17	5	12	ENSG00000060138	1.0	False
0.0015474876818715178	0.9701492537313433	0.2913671857430212	0.25606785558938666	14	7	13	4	8	ENSG00000064201	1.0	False
0.0009082617981182214	0.9701492537313433	0.25110264026666107	0.14839258239533565	8	7	17	6	11	ENSG00000065268	1.0	False
0.0012729725261614515	0.9701492537313433	0.12613614492279548	0.18851924331376388	10	7	18	7	11	ENSG00000068120	1.0	False
4.041824749232413e-08	0.9701492537313433	0.008854929953333352	0.0008171407374080954	2	7	19	11	17	ENSG00000069275	1.0	False
5.218415159663565e-06	0.9701492537313433	0.013171364382082367	0.012656387203841104	6	7	17	6	11	ENSG00000073111	1.0	False
0.0029287153278787746	0.9701492537313433	0.28386243386243387	0.3354783354783355	9	5	5	3	3	ENSG00000082269	1.0	False
0.001451644874448335	0.9701492537313433	0.3241230964885893	0.3977742994756227	12	7	11	5	7	ENSG00000090863	1.0	False
3.8432180945515625e-05	0.9701492537313433	0.06275798564430707	0.020785576957085487	6	7	18	7	12	ENSG00000100280	1.0	False
1.223482604173611e-05	0.9701492537313433	0.04745775058275058	0.00791366906474821	3	7	11	4	8	ENSG00000104856	1.0	False
0.002657208715028958	0.9701492537313433	0.3013829011119611	0.27278374677039063	21	7	15	4	11	ENSG00000108559	1.0	False
3.4176942053989165e-05	0.9701492537313433	0.059434695768288116	0.03952301252952541	11	7	19	11	13	ENSG00000111371	1.0	False
0.0011909702444482372	0.9701492537313433	0.238856272096709	0.19887492827979614	29	7	13	4	9	ENSG00000117054	1.0	False
0.0004744844794722796	0.9701492537313433	0.23045692814894053	0.162590698439076	15	5	8	3	7	ENSG00000119969	1.0	False
0.0016808507884026542	0.9701492537313433	0.21749216300940438	0.23183972964938904	4	7	12	3	8	ENSG00000120029	1.0	False
0.0026676151358134845	0.9701492537313433	0.17206128239153395	0.24145142901838834	13	7	17	6	12	ENSG00000121064	1.0	False
0.00783670102159706	0.9701492537313433	0.26932850371755923	0.2732275132275132	8	7	9	3	6	ENSG00000125454	1.0	False
0.0011368309581385894	0.9701492537313433	0.2976331155432853	0.2771628850765541	18	7	15	5	9	ENSG00000134644	1.0	False
2.965035830413885e-06	0.9701492537313433	0.012818383167220384	0.012861736334405136	5	6	10	3	8	ENSG00000135372	1.0	False
0.0002763909860484879	0.9701492537313433	0.13882698373219238	0.10164312970964286	8	7	18	6	13	ENSG00000138029	1.0	False
0.0005088246246676863	0.9701492537313433	0.10530556108978835	0.10068576796618131	21	7	18	10	14	ENSG00000138398	1.0	False
0.0006871196819579226	0.9701492537313433	0.0983272392787334	0.0816820004718094	4	6	8	3	5	ENSG00000138646	1.0	False
0.0009956336014086966	0.9701492537313433	0.1737979452859925	0.3167227681099961	3	7	19	8	14	ENSG00000141232	1.0	False
0.0004296085666438395	0.9701492537313433	0.17661746240042314	0.11503169387132106	6	7	19	8	12	ENSG00000142396	1.0	False
0.0004939768013640223	0.9701492537313433	0.2375965338883777	0.19129469040012173	13	7	17	4	10	ENSG00000149554	1.0	False
0.00023356876753150385	0.9701492537313433	0.16588266340141603	0.10809166991047098	17	7	15	5	10	ENSG00000155366	1.0	False
0.0032643924183587305	0.9701492537313433	0.2992633198741418	0.22093963348904064	8	7	8	3	4	ENSG00000160209	1.0	False
4.312398240844312e-06	0.9701492537313433	0.01863354037267077	0.010192525481313684	3	7	16	5	11	ENSG00000164885	1.0	False
4.983238856889022e-06	0.9701492537313433	0.04007429288885792	0.013127861960062232	3	7	19	10	16	ENSG00000165898	1.0	False
0.0015519915249722577	0.9701492537313433	0.24743106699502052	0.14892152560892719	3	5	5	3	4	ENSG00000166582	1.0	False
0.0008484944720340191	0.9701492537313433	0.06591831559339106	0.12119509083176375	2	3	6	3	6	ENSG00000168556	1.0	False
0.0011744357674135415	0.9701492537313433	0.2325929450373981	0.1393450088714173	18	7	17	5	11	ENSG00000169696	1.0	False
0.0011263629500668814	0.9701492537313433	0.21231294291430386	0.1715924101576485	15	7	18	7	13	ENSG00000171681	1.0	False
0.002212436201258814	0.9701492537313433	0.16173300640543922	0.19983837123575116	7	6	6	3	5	ENSG00000179988	1.0	False
0.0003051902238396269	0.9701492537313433	0.14189665337723673	0.10303285529987648	19	7	19	13	18	ENSG00000182196	1.0	False
0.0007950284589380114	0.9701492537313433	0.09091135804555475	0.056450123152709406	4	6	11	4	8	ENSG00000183475	1.0	False
0.0017679358876851953	0.9701492537313433	0.12209205916590192	0.13993993993993994	6	7	10	3	8	ENSG00000184903	1.0	False
6.709386831630009e-05	0.9701492537313433	0.09364301818345383	0.0861961695018619	13	7	19	10	16	ENSG00000185825	1.0	False
0.0008993396746431828	0.9701492537313433	0.22	0.11978511416713661	5	6	10	4	8	ENSG00000188511	1.0	False
0.00012056160896802713	0.9701492537313433	0.07096754901522434	0.04362468876949287	3	7	13	4	10	ENSG00000253948	1.0	False
4.576561241786759e-05	0.9701492537313433	0.04834870909266616	0.029366837493800636	2	7	18	7	12	ENSG00000278845	1.0	False
4.818241173450663e-07	0.9751243781094527	0.00980392156862746	0.0062353858144972765	4	7	19	6	14	ENSG00000013583	1.0	False
0.0020622629230008195	0.9751243781094527	0.1391296461272966	0.19281080929292171	12	7	15	6	14	ENSG00000014641	1.0	False
0.0017546003729301974	0.9751243781094527	0.1378309577198214	0.1469907059949271	5	7	19	12	16	ENSG00000023734	1.0	False
0.0019364800744028458	0.9751243781094527	0.13828647831416443	0.14636599259053173	10	7	18	7	14	ENSG00000025770	1.0	False
0.0011820437204117153	0.9751243781094527	0.22218779232131963	0.26518801410105763	10	7	12	4	7	ENSG00000059804	1.0	False
0.00031139965706643806	0.9751243781094527	0.10712841307451954	0.18442269868066477	31	7	19	13	19	ENSG00000070756	1.0	False
7.110209557792884e-05	0.9751243781094527	0.07822748184172568	0.028059290806244586	16	7	17	7	14	ENSG00000088832	1.0	False
0.0013068153818332378	0.9751243781094527	0.26244142946226967	0.11567693370668022	6	6	11	3	6	ENSG00000095303	1.0	False
0.0014432287260868022	0.9751243781094527	0.2396649700072827	0.15673575129533682	21	7	13	5	8	ENSG00000102081	1.0	False
0.0007301032033223091	0.9751243781094527	0.088476459012642	0.07524402340166864	6	7	16	7	12	ENSG00000104671	1.0	False
0.0013283295243934885	0.9751243781094527	0.1327428275260796	0.14910746164312333	11	7	19	8	15	ENSG00000106263	1.0	False
0.00017142903148641223	0.9751243781094527	0.07718207214538175	0.05878026007150833	8	7	17	7	11	ENSG00000115514	1.0	False
0.0001010200031056781	0.9751243781094527	0.027354799457444408	0.06353333256587658	7	7	19	11	17	ENSG00000120727	1.0	False
0.00029515853965715486	0.9751243781094527	0.15739868361249754	0.1323563973437691	9	7	17	6	12	ENSG00000129933	1.0	False
0.0009565496251082412	0.9751243781094527	0.14008867391037294	0.11971229169633951	5	6	10	4	5	ENSG00000130749	1.0	False
0.0014183859906858082	0.9751243781094527	0.1717012999934518	0.14194359945665685	18	7	13	3	9	ENSG00000131165	1.0	False
8.177233975418175e-05	0.9751243781094527	0.13094581576580328	0.09965001309813565	5	7	19	5	12	ENSG00000131747	1.0	False
1.1982616077182831e-05	0.9751243781094527	0.03371006672299161	0.030522139591099152	6	7	19	9	14	ENSG00000131981	1.0	False
0.0008793670205616033	0.9751243781094527	0.19025616981563978	0.15466704143536408	14	7	17	7	13	ENSG00000137955	1.0	False
0.0009313923675617266	0.9751243781094527	0.1582654077604931	0.13116945947134626	3	6	9	3	7	ENSG00000141086	1.0	False
0.0001548063959113349	0.9751243781094527	0.0717670033514863	0.07428380842895564	3	7	15	4	12	ENSG00000143158	1.0	False
8.323579630991342e-05	0.9751243781094527	0.03246123471922678	0.01873062801010918	3	7	17	8	12	ENSG00000153147	1.0	False
0.00014933121709519357	0.9751243781094527	0.04666948015211453	0.035659122045860914	6	7	19	9	15	ENSG00000161677	1.0	False
0.0008856884537916251	0.9751243781094527	0.1485207784919196	0.18024307716716093	13	7	18	8	14	ENSG00000163597	1.0	False
0.00038862496254862594	0.9751243781094527	0.11861215949058035	0.16980573768828033	12	7	19	8	14	ENSG00000163938	1.0	False
0.0018170139715089813	0.9751243781094527	0.2612491890028492	0.269350083322651	9	5	6	3	4	ENSG00000171302	1.0	False
2.0024674410101803e-06	0.9751243781094527	0.02659293971315854	0.008277829238527878	3	7	18	8	14	ENSG00000173726	1.0	False
0.0002240834237697591	0.9751243781094527	0.12272165870061655	0.09262337449845119	7	7	15	6	14	ENSG00000175215	1.0	False
0.0008664639342734813	0.9751243781094527	0.13346349295395699	0.16031933388165764	3	7	14	6	10	ENSG00000175938	1.0	False
0.0002292771019652121	0.9751243781094527	0.1121696483450968	0.07871618248976735	2	7	17	4	12	ENSG00000178988	1.0	False
6.053785124177958e-06	0.9751243781094527	0.010341655479546769	0.006658186484782783	3	7	18	11	15	ENSG00000185262	1.0	False
0.0035120490513072147	0.9751243781094527	0.3426799006676561	0.3498674990651775	17	6	5	3	5	ENSG00000185829	1.0	False
0.000876070351267086	0.9751243781094527	0.1542597871159528	0.18758974103925075	2	7	15	8	11	ENSG00000196396	1.0	False
0.0008544750335962852	0.9751243781094527	0.16812400285144308	0.08734917043740568	11	7	17	6	13	ENSG00000205571	1.0	False
0.0023506182750026483	0.9751243781094527	0.2700443649977858	0.3061709608018051	16	6	7	3	6	ENSG00000291033	1.0	False
0.0005324934386130894	0.9800995024875622	0.08057713133090016	0.06634304207119743	4	3	5	3	5	ENSG00000064547	1.0	False
7.486589072462177e-05	0.9800995024875622	0.036398899674759566	0.031267298355533504	10	7	18	9	15	ENSG00000077721	1.0	False
2.2785040163513895e-06	0.9800995024875622	0.006451612903225814	0.002405773857257397	2	7	18	8	13	ENSG00000091009	1.0	False
0.00036189119004695174	0.9800995024875622	0.13952922077922075	0.19415282673764428	10	7	13	4	8	ENSG00000100364	1.0	False
3.359933589055846e-08	0.9800995024875622	0.0016891891891892222	0.001435235019734504	2	7	17	4	10	ENSG00000101474	1.0	False
9.353793783801601e-05	0.9800995024875622	0.05356643146944015	0.04291472760260117	9	7	16	7	11	ENSG00000105726	1.0	False
4.903688749873987e-06	0.9800995024875622	0.012658790018128606	0.009060235210425996	2	7	19	9	16	ENSG00000107581	1.0	False
0.0007376395053332756	0.9800995024875622	0.14932009879868868	0.13095430828723142	17	7	16	5	12	ENSG00000109065	1.0	False
1.9570164392073302e-05	0.9800995024875622	0.022413080249502396	0.01235493886674252	3	7	17	6	14	ENSG00000109220	1.0	False
0.0006822555039398402	0.9800995024875622	0.16560101096040172	0.06882510932819116	7	7	10	3	7	ENSG00000111906	1.0	False
0.002769472103012977	0.9800995024875622	0.2759321748265535	0.20336832738073762	17	6	11	4	8	ENSG00000119685	1.0	False
0.0015526123819877657	0.9800995024875622	0.21922219083333117	0.3309352517985611	13	7	13	4	9	ENSG00000120725	1.0	False
0.00019611642439630773	0.9800995024875622	0.06553148043108345	0.06704783842704945	8	7	11	4	8	ENSG00000120805	1.0	False
0.0007297274090980194	0.9800995024875622	0.19585316437706088	0.11304503519699957	9	7	15	7	12	ENSG00000121350	1.0	False
0.001053449994789497	0.9800995024875622	0.2814056775780579	0.21527777777777776	4	7	14	5	10	ENSG00000125686	1.0	False
0.0008887766631282789	0.9800995024875622	0.1969500110145838	0.12476675920447824	21	7	18	8	14	ENSG00000126777	1.0	False
0.0021156144556479742	0.9800995024875622	0.17892275382522482	0.17243241669071446	12	7	18	6	13	ENSG00000134330	1.0	False
0.0020979973786462423	0.9800995024875622	0.1567715595212379	0.1547380312921941	12	7	19	8	15	ENSG00000134480	1.0	False
1.9113505901147798e-05	0.9800995024875622	0.02950967435976644	0.03390653122161147	3	7	19	10	15	ENSG00000136908	1.0	False
0.0010643166549047234	0.9800995024875622	0.13271913423993656	0.12586452876395324	11	7	8	4	7	ENSG00000139597	1.0	False
0.0007806555158228784	0.9800995024875622	0.323402827984364	0.31319735280089955	8	7	13	6	9	ENSG00000139626	1.0	False
0.0020148432749066527	0.9800995024875622	0.4069353849401268	0.2447546842122842	21	7	13	3	10	ENSG00000142166	1.0	False
8.188784328782218e-05	0.9800995024875622	0.09018556779418066	0.024223075486508053	4	7	17	6	14	ENSG00000143553	1.0	False
0.0008069446824328089	0.9800995024875622	0.24986043116411952	0.42446485907612924	23	7	17	5	9	ENSG00000143669	1.0	False
0.0026983429753913712	0.9800995024875622	0.34890046296296295	0.3296938439591792	12	6	11	3	8	ENSG00000147854	1.0	False
0.00017070470533665314	0.9800995024875622	0.10379822454907368	0.04017838814303899	11	7	15	5	11	ENSG00000153339	1.0	False
0.0005955841310381949	0.9800995024875622	0.1705236405280084	0.22013563341918513	8	7	17	6	13	ENSG00000156802	1.0	False
0.002008203051468547	0.9800995024875622	0.21744338990212753	0.33624952964575605	16	7	12	3	9	ENSG00000157764	1.0	False
0.0004015633626897872	0.9800995024875622	0.17392784554414925	0.2238059221722195	3	6	10	3	7	ENSG00000164300	1.0	False
0.0009724907012932339	0.9800995024875622	0.1471680204566515	0.18413756821534533	14	7	19	9	16	ENSG00000166226	1.0	False
6.73759493511609e-06	0.9800995024875622	0.006249999999999989	0.009715994020926735	3	6	9	3	7	ENSG00000166997	1.0	False
0.001315021469064302	0.9800995024875622	0.1670068648208737	0.15351971240703213	11	7	16	4	12	ENSG00000167468	1.0	False
0.004032282714466023	0.9800995024875622	0.431633338337966	0.3423286672633823	44	7	14	6	11	ENSG00000174365	1.0	False
0.00017690226060442928	0.9800995024875622	0.13625657265579927	0.1778283299927114	13	7	16	5	12	ENSG00000177084	1.0	False
0.000114979445474826	0.9800995024875622	0.12268682637673381	0.08851401973443006	2	7	15	4	8	ENSG00000185198	1.0	False
0.001695456739019525	0.9800995024875622	0.16726709645256707	0.15219270312073516	2	6	10	4	6	ENSG00000215712	1.0	False
0.0008247583750143275	0.9850746268656716	0.25138862601689543	0.11316380421674221	4	6	9	3	7	ENSG00000009844	1.0	False
0.0019136233892509133	0.9850746268656716	0.14986750781413283	0.16495574544550856	12	5	9	4	7	ENSG00000015568	1.0	False
0.003940571469814927	0.9850746268656716	0.18376353378666	0.24303380922854545	31	7	18	8	15	ENSG00000090621	1.0	False
0.0017966087593162784	0.9850746268656716	0.13957806628035946	0.14578682091874703	12	7	12	4	10	ENSG00000099899	1.0	False
0.0004607191742921117	0.9850746268656716	0.1577740961156198	0.18060395857731396	21	7	18	11	17	ENSG00000100906	1.0	False
0.0007050544071677719	0.9850746268656716	0.19454572220895605	0.13079872612203933	12	4	6	3	5	ENSG00000101391	1.0	False
0.0013358613017303632	0.9850746268656716	0.11786204428934141	0.10044242247172253	5	4	6	3	5	ENSG00000107798	1.0	False
0.0009951912292388858	0.9850746268656716	0.19974622098158007	0.29591568810415386	7	4	7	3	5	ENSG00000109929	1.0	False
0.0002442765515763666	0.9850746268656716	0.14207555288352758	0.12796975958025117	12	7	16	7	9	ENSG00000110324	1.0	False
0.00033390564900521096	0.9850746268656716	0.1743248585220516	0.08571023984999611	9	7	10	4	8	ENSG00000115084	1.0	False
0.0013455088363599412	0.9850746268656716	0.6087912118075162	0.6928928928928928	14	6	9	3	6	ENSG00000118217	1.0	False
0.002879504132743942	0.9850746268656716	0.1805714001444243	0.18959083718041314	3	7	10	4	7	ENSG00000128394	1.0	False
0.002444011294439136	0.9850746268656716	0.1528465443176959	0.12814619009309275	8	4	7	4	4	ENSG00000135912	1.0	False
0.0019998182166163863	0.9850746268656716	0.31752468500497555	0.5119315530916376	8	7	12	3	8	ENSG00000143815	1.0	False
0.00012965022700094233	0.9850746268656716	0.133519480197663	0.0740616946615146	11	7	19	11	17	ENSG00000150593	1.0	False
0.00013406134021167872	0.9850746268656716	0.05494823105093576	0.08179899261054378	8	7	19	9	16	ENSG00000151465	1.0	False
0.004984758909621639	0.9850746268656716	0.3104189092904766	0.25357022926397416	10	7	12	3	8	ENSG00000160688	1.0	False
2.9306187400352693e-05	0.9850746268656716	0.08907356721678872	0.11139692753191631	9	7	19	8	16	ENSG00000163541	1.0	False
0.00032211770726833696	0.9850746268656716	0.11078050289106871	0.12014080734446068	9	7	18	7	15	ENSG00000164609	1.0	False
4.9031929711184875e-05	0.9850746268656716	0.052697205257323916	0.026308221099887806	2	7	18	7	14	ENSG00000164967	1.0	False
0.00013984166018432377	0.9850746268656716	0.17804289602182044	0.07225282643333748	12	7	12	3	8	ENSG00000166783	1.0	False
3.983554078459489e-05	0.9850746268656716	0.026727589552006166	0.02114782909039195	8	7	18	5	12	ENSG00000168411	1.0	False
0.0020006610276444596	0.9850746268656716	0.2234860527024947	0.2276581929316649	18	7	15	4	9	ENSG00000175054	1.0	False
3.56433848593011e-07	0.9850746268656716	0.002222222222222174	0.0006574621959237546	2	7	12	3	9	ENSG00000176533	1.0	False
0.00017890660643136245	0.9850746268656716	0.10719347564703116	0.13054968287526428	4	7	15	6	11	ENSG00000181904	1.0	False
0.00010632226509163937	0.9850746268656716	0.17104261451564493	0.08753978506850459	11	7	18	6	13	ENSG00000183207	1.0	False
0.001797085021426647	0.9850746268656716	0.1067631192762927	0.19929653066619193	8	6	7	3	5	ENSG00000186812	1.0	False
0.004886223582523455	0.9850746268656716	0.5041514519948171	0.40297747084795654	25	5	7	3	5	ENSG00000196305	1.0	False
0.0005689137896522724	0.9850746268656716	0.13734193684390822	0.10519300137876295	6	4	4	3	3	ENSG00000221838	1.0	False
0.0031730645225539252	0.9850746268656716	0.3059438396490054	0.21532589547856723	11	7	13	6	11	ENSG00000226777	1.0	False
0.000342451583425672	0.9850746268656716	0.05045492142266327	0.058808423215202923	4	4	6	3	5	ENSG00000243660	1.0	False
0.00012308227793964092	0.9850746268656716	0.05924393003901655	0.02866569902508821	17	7	19	9	15	ENSG00000273841	1.0	False
2.5751172692253124e-05	0.9900497512437811	0.020553265498118492	0.02149792683566895	3	6	7	3	6	ENSG00000052795	1.0	False
0.001413487809368703	0.9900497512437811	0.2885959065465656	0.3859541252398395	20	7	12	4	8	ENSG00000055483	1.0	False
0.00027459363514797074	0.9900497512437811	0.07610011376142789	0.0652777777777778	7	7	11	4	9	ENSG00000057663	1.0	False
0.0001464775647848854	0.9900497512437811	0.10414240394129795	0.07395978850948702	3	7	16	5	12	ENSG00000099940	1.0	False
0.0007890680443118646	0.9900497512437811	0.10527587043345152	0.1389863547758285	4	7	12	4	8	ENSG00000102738	1.0	False
0.0007997175375507761	0.9900497512437811	0.23897300323477622	0.26639648230557317	13	7	17	8	14	ENSG00000103365	1.0	False
2.6449510220734396e-07	0.9900497512437811	0.0036931579503352405	0.0018708100925388838	3	7	19	12	17	ENSG00000106803	1.0	False
0.0017183447054986822	0.9900497512437811	0.17681529425461584	0.1681915399239544	22	7	15	3	10	ENSG00000108799	1.0	False
0.0002675859648578334	0.9900497512437811	0.17343050232867013	0.048505612668721707	4	7	18	6	11	ENSG00000110665	1.0	False
0.0011149235769243174	0.9900497512437811	0.17547184676286803	0.21808618184115752	13	7	16	7	13	ENSG00000115524	1.0	False
0.004422606307966877	0.9900497512437811	0.35808197042566486	0.44604181348367394	9	5	5	3	4	ENSG00000115970	1.0	False
1.3159869525934627e-05	0.9900497512437811	0.032386849874025875	0.015213339969039159	5	7	19	10	17	ENSG00000119632	1.0	False
0.001992458159355823	0.9900497512437811	0.45063562159136605	0.32469667500231547	16	7	11	3	8	ENSG00000126581	1.0	False
5.5278689642301174e-05	0.9900497512437811	0.02525164537359659	0.016362075309701928	3	3	5	3	5	ENSG00000130758	1.0	False
0.0014721276654260072	0.9900497512437811	0.26041954231595743	0.26758887008040627	21	7	19	7	12	ENSG00000131503	1.0	False
0.001320290409658632	0.9900497512437811	0.1977536773229488	0.1661348501664817	3	6	8	3	6	ENSG00000131779	1.0	False
3.094118156625002e-05	0.9900497512437811	0.06559817071271919	0.024439785040463444	4	7	19	12	18	ENSG00000134884	1.0	False
0.00014836346595989652	0.9900497512437811	0.13276500136822153	0.0802812501574537	6	7	13	3	9	ENSG00000136874	1.0	False
1.4719870592949149e-06	0.9900497512437811	0.011723047304730432	0.015730337078651683	3	4	4	3	4	ENSG00000138623	1.0	False
0.0017311270698667938	0.9900497512437811	0.2136492337415961	0.25849312613604364	18	7	17	6	12	ENSG00000138777	1.0	False
0.0017139053267169158	0.9900497512437811	0.28904624956149405	0.18045667879554925	5	7	11	3	7	ENSG00000143303	1.0	False
1.977606435416294e-06	0.9900497512437811	0.02229217467547352	0.004932745773104608	5	7	18	9	16	ENSG00000148154	1.0	False
5.285395617647658e-08	0.9900497512437811	0.0003192504205236815	0.0005940594059405943	3	7	17	6	10	ENSG00000156127	1.0	False
0.0007965839238856547	0.9900497512437811	0.1617873027563294	0.13668756994737186	11	7	19	8	14	ENSG00000158545	1.0	False
2.5192453734777435e-07	0.9900497512437811	0.021034589497515258	0.0012537457229021827	4	7	19	11	17	ENSG00000160213	1.0	False
0.00037735709493663607	0.9900497512437811	0.21850907986471954	0.20529500430663222	27	7	15	5	9	ENSG00000160789	1.0	False
0.00033105200941412977	0.9900497512437811	0.18501184084375905	0.235790256826826	12	3	5	4	5	ENSG00000164134	1.0	False
0.0008223973324205353	0.9900497512437811	0.11094011680548888	0.13232606311685147	8	4	7	4	5	ENSG00000166734	1.0	False
0.0003912298106963898	0.9900497512437811	0.21234224235714358	0.12920077065311558	10	6	9	3	7	ENSG00000167491	1.0	False
0.00043304531334487594	0.9900497512437811	0.12265358737389867	0.08472111163693927	10	7	19	9	14	ENSG00000169223	1.0	False
0.0011837307747720712	0.9900497512437811	0.12180021952570966	0.15182193910438704	5	7	10	3	6	ENSG00000169372	1.0	False
0.0002567023926898366	0.9900497512437811	0.19254285632408757	0.06608677643160397	5	5	10	3	7	ENSG00000169607	1.0	False
0.000726649685302221	0.9900497512437811	0.25137665621749805	0.18587780836856393	11	7	16	7	11	ENSG00000171204	1.0	False
0.0091837755084439	0.9900497512437811	0.357299522711952	0.2835541281948347	16	5	6	3	4	ENSG00000172530	1.0	False
3.0121877469862197e-05	0.9900497512437811	0.0656410011257987	0.0395963647602121	5	7	13	5	11	ENSG00000177666	1.0	False
0.0012071125160771385	0.9900497512437811	0.15037843227202494	0.10795454545454546	4	5	5	3	4	ENSG00000182141	1.0	False
1.3909957629474513e-05	0.9900497512437811	0.04835475196950149	0.011943637517112431	4	7	14	4	10	ENSG00000186132	1.0	False
4.464294849393186e-08	0.9900497512437811	0.00110914243522931	0.0021671137408332507	6	7	19	13	18	ENSG00000196126	1.0	False
1.3634382327228001e-05	0.9900497512437811	0.04991733048551638	0.022060069332203818	7	7	18	10	14	ENSG00000239713	1.0	False
0.00010896338974031227	0.9900497512437811	0.036761370639714006	0.025030827096824238	2	7	16	4	10	ENSG00000253736	1.0	False
2.6555224062270964e-05	0.9900497512437811	0.0428319548989416	0.02044647720772442	6	7	17	6	12	ENSG00000255135	1.0	False
5.691706707580619e-05	0.9900497512437811	0.02303540903540906	0.024130009594804006	4	7	15	3	10	ENSG00000291118	1.0	False
0.0006770018817450851	0.9950248756218906	0.14188252548908287	0.13731175478564453	2	4	4	3	3	ENSG00000008405	1.0	False
7.72612217191789e-07	0.9950248756218906	0.0032938076416337003	0.0015673981191222334	2	7	17	7	11	ENSG00000010017	1.0	False
0.0013691727086377029	0.9950248756218906	0.20300013683634371	0.2255254157076172	10	5	6	3	3	ENSG00000026950	1.0	False
0.00021306899545947037	0.9950248756218906	0.09199762979745985	0.109686960188869	6	7	18	8	12	ENSG00000038219	1.0	False
0.0003380334758092034	0.9950248756218906	0.3698545913578292	0.17171396376742135	15	7	19	8	13	ENSG00000064607	1.0	False
0.0010852431846413981	0.9950248756218906	0.2534800042422753	0.30275384479665945	30	7	19	8	14	ENSG00000072778	1.0	False
1.320441182605783e-06	0.9950248756218906	0.02280699698417856	0.008038358115923006	9	7	19	11	16	ENSG00000078668	1.0	False
0.00014528629896830517	0.9950248756218906	0.2578715106914324	0.08268512050805787	3	7	13	5	9	ENSG00000095139	1.0	False
0.003087006428884827	0.9950248756218906	0.26535230178517266	0.22453788416296355	13	6	10	3	7	ENSG00000109113	1.0	False
0.000545090025791783	0.9950248756218906	0.0740472094057911	0.06008082622361921	5	3	6	3	6	ENSG00000109189	1.0	False
0.003424530789980395	0.9950248756218906	0.2706284153005464	0.47740501368419697	3	5	5	3	5	ENSG00000112245	1.0	False
4.155163206847606e-05	0.9950248756218906	0.020054957626429566	0.014093452810107446	3	7	11	4	8	ENSG00000117143	1.0	False
6.361820307060411e-07	0.9950248756218906	0.00387596899224801	0.0024999999999999736	2	7	17	5	11	ENSG00000122971	1.0	False
4.639519634678188e-06	0.9950248756218906	0.04275608311646538	0.0457080140613344	5	7	19	11	17	ENSG00000130312	1.0	False
2.167832609441606e-05	0.9950248756218906	0.05658259606240999	0.04292604212187861	15	7	19	13	19	ENSG00000131143	1.0	False
0.0007854940698958546	0.9950248756218906	0.13108008962063153	0.1906737574133635	6	7	18	7	12	ENSG00000132207	1.0	False
0.0003889636431225221	0.9950248756218906	0.08957521692608053	0.18503401360544217	6	7	11	4	7	ENSG00000136478	1.0	False
0.005427221260365758	0.9950248756218906	0.39048796758211135	0.37001165814725134	38	5	8	3	6	ENSG00000137074	1.0	False
0.0004607458829356792	0.9950248756218906	0.06246434014976212	0.05136075301821157	4	7	9	3	6	ENSG00000138459	1.0	False
0.0005763334493608179	0.9950248756218906	0.12472737141237786	0.07199961953964297	11	7	13	4	8	ENSG00000140943	1.0	False
9.24583244310824e-07	0.9950248756218906	0.007586331524596493	0.0023413704732386425	4	7	19	8	15	ENSG00000153561	1.0	False
2.234309587001306e-05	0.9950248756218906	0.01471736428625527	0.010832495055374907	3	7	18	7	14	ENSG00000154719	1.0	False
0.0004809959705524844	0.9950248756218906	0.15273033881923315	0.07174262734584454	8	6	9	4	6	ENSG00000157450	1.0	False
0.0008457841558179023	0.9950248756218906	0.15309120589415592	0.09822689297296339	9	7	14	4	9	ENSG00000158850	1.0	False
0.0006692522785806756	0.9950248756218906	0.18843624233075892	0.23826307989607912	13	7	15	7	12	ENSG00000162923	1.0	False
0.00025255970664319374	0.9950248756218906	0.11869478907959943	0.14135693165694355	11	7	17	9	13	ENSG00000164031	1.0	False
0.000417405169815596	0.9950248756218906	0.09707610956093392	0.05115676728334953	4	7	11	4	8	ENSG00000165417	1.0	False
5.9997601402607796e-05	0.9950248756218906	0.05966170251884539	0.040435280641466245	3	5	4	3	4	ENSG00000169857	1.0	False
0.006802086502081537	0.9950248756218906	0.36038564954441726	0.5602865428964521	41	4	4	3	4	ENSG00000179818	1.0	False
3.525206347813914e-05	0.9950248756218906	0.013857677902621662	0.010408036454018225	3	4	5	4	4	ENSG00000185163	1.0	False
0.0021928176910064783	0.9950248756218906	0.3086627226204488	0.3090928209037617	8	6	9	4	7	ENSG00000185404	1.0	False
0.00011795071798810691	0.9950248756218906	0.14681444082857012	0.07287836730637116	4	7	14	6	12	ENSG00000198740	1.0	False
0.00010000100791947812	0.9950248756218906	0.0234375	0.01158301158301157	3	3	4	3	4	ENSG00000230074	1.0	False
3.556929650008369e-05	0.9950248756218906	0.045428668094445054	0.055521045937231936	3	4	5	3	5	ENSG00000254206	1.0	False
0.0025958234976331926	0.9950248756218906	0.12091666811458217	0.17868589743589744	3	5	7	3	4	ENSG00000254531	1.0	False
0.0007395795821285661	0.9950248756218906	0.259526003035051	0.36276750919818	6	4	5	3	4	ENSG00000272758	1.0	False
0.009482999557869205	1.0	0.16160202303577983	0.2656375424513739	11	2	3	3	3	ENSG00000001497	1.0	False
0.008235376072682545	1.0	0.19510106200753685	0.18260869565217389	3	2	3	3	3	ENSG00000004864	1.0	False
0.0002797008728287007	1.0	0.16715204380608614	0.1139864496792497	6	7	17	7	12	ENSG00000005206	1.0	False
0.0030767666663570076	1.0	0.2656704726009681	0.3635599572950503	20	4	6	3	3	ENSG00000013375	1.0	False
0.00017701516283320751	1.0	0.0848936412648496	0.055599066802969395	9	7	19	7	13	ENSG00000020922	1.0	False
0.00019648575397811777	1.0	0.15407695718236403	0.06044743331091678	9	2	4	4	4	ENSG00000042980	1.0	False
0.000714941219008832	1.0	0.056542689217461264	0.050255493101686276	5	2	3	3	3	ENSG00000060069	1.0	False
0.002191638992204109	1.0	0.19346907104094732	0.12377942750133761	13	2	3	3	3	ENSG00000061273	1.0	False
4.398808069738425e-05	1.0	0.1101929485630367	0.055895119373380237	10	7	17	6	11	ENSG00000063854	1.0	False
0.00014541023014105628	1.0	0.03318934457841107	0.15239154616240264	5	2	3	3	3	ENSG00000072415	1.0	False
0.0002639886255542889	1.0	0.05270743693995976	0.06541263804243226	8	2	3	3	3	ENSG00000077463	1.0	False
0.0013080345575185554	1.0	0.06695596271295409	0.0788121073672187	5	2	3	3	3	ENSG00000078070	1.0	False
0.0034803746387337495	1.0	0.0644815370654754	0.11675549120483045	5	2	3	3	3	ENSG00000083290	1.0	False
0.001715238384832546	1.0	0.19002362128185576	0.08126746820579824	6	2	3	3	3	ENSG00000083828	1.0	False
4.5085628180590085e-05	1.0	0.06604038485045617	0.04178628389154703	5	2	3	3	3	ENSG00000086200	1.0	False
0.00021604346242158043	1.0	0.14859651929314943	0.1606304493628437	4	4	4	3	3	ENSG00000089692	1.0	False
0.005142903929200882	1.0	0.1938627800696766	0.1527323355377654	8	2	3	3	3	ENSG00000091073	1.0	False
4.1730842844273077e-07	1.0	0.09656122654977467	0.1515398413835247	2	2	3	3	3	ENSG00000092978	1.0	False
0.0017272875600822962	1.0	0.24821132427216203	0.2533269447331948	14	7	12	3	8	ENSG00000100412	1.0	False
0.0005740177066576451	1.0	0.0175602586713698	0.09491297065035324	5	2	3	3	3	ENSG00000100744	1.0	False
1.9317464756450933e-05	1.0	0.03214892932634865	0.011693434770357813	3	2	3	3	3	ENSG00000100916	1.0	False
6.22221053954735e-05	1.0	0.06043146539052153	0.013584237812272665	3	2	3	3	3	ENSG00000101336	1.0	False
0.0015334239469937813	1.0	0.17189269171603316	0.23553652448496656	18	7	16	6	12	ENSG00000101361	1.0	False
0.00040839532814334993	1.0	0.05893765814424951	0.07241273729332517	7	2	3	3	3	ENSG00000102882	1.0	False
2.8377400522388296e-05	1.0	0.07583813335185571	0.04066261877154429	6	7	18	10	14	ENSG00000103035	1.0	False
0.0013163506694306411	1.0	0.11643768901457133	0.16403115411848004	10	2	3	3	3	ENSG00000103091	1.0	False
0.0016114780420955284	1.0	0.11337101926724577	0.10066909975669104	10	2	3	3	3	ENSG00000103168	1.0	False
0.00027125091894858065	1.0	0.18863432264497842	0.20276226300391353	16	7	10	3	6	ENSG00000105339	1.0	False
0.0011989122347300406	1.0	0.13002155251263514	0.1601171333699375	6	2	3	3	3	ENSG00000106077	1.0	False
0.008574202191654763	1.0	0.29929188818966457	0.2541613316261204	21	2	3	3	3	ENSG00000107669	1.0	False
0.0001869631720500156	1.0	0.03472222222222224	0.32536832861742615	3	2	3	3	3	ENSG00000108861	1.0	False
0.0019007470617005001	1.0	0.14058211614525265	0.1256578651432684	5	2	3	3	3	ENSG00000109084	1.0	False
0.0006359300637592409	1.0	0.2773686416355926	0.13158049994985163	22	7	15	4	12	ENSG00000109685	1.0	False
0.000624019938262472	1.0	0.3141616061670484	0.313253062538135	2	7	15	4	11	ENSG00000109787	1.0	False
0.00029735186508196554	1.0	0.031105169340463427	0.2199910754127622	5	2	3	3	3	ENSG00000109790	1.0	False
0.0011860245917222757	1.0	0.1294493966393351	0.1416446888502329	9	7	13	5	9	ENSG00000110011	1.0	False
0.0005594579458368731	1.0	0.1874806311673636	0.18875519144336347	23	2	3	3	3	ENSG00000110888	1.0	False
0.002952209334243185	1.0	0.09397984701382757	0.10704347826086957	7	2	3	3	3	ENSG00000111445	1.0	False
0.0005061280183278167	1.0	0.03189762796504366	0.0643587277843074	5	2	3	3	3	ENSG00000111877	1.0	False
1.3461979210945236e-07	1.0	0.0008030966248236701	0.002038631829903168	2	2	3	3	3	ENSG00000112996	1.0	False
0.00021027818801455775	1.0	0.053763440860215055	0.024540575703366395	4	2	3	3	3	ENSG00000113638	1.0	False
0.003593813882839527	1.0	0.15756352939112714	0.08314606741573034	6	2	3	3	3	ENSG00000113812	1.0	False
0.00021768178130602775	1.0	0.074707613141127	0.09497685221677465	7	2	3	3	3	ENSG00000115919	1.0	False
0.0004938732060307637	1.0	0.10653290700946008	0.15587171374389377	7	7	18	6	13	ENSG00000116691	1.0	False
4.464056204949638e-06	1.0	0.039542415436146214	0.007013498794262707	2	7	18	9	14	ENSG00000116752	1.0	False
1.3645836320326642e-05	1.0	0.05520888382738154	0.016516343234557807	9	7	18	11	16	ENSG00000118705	1.0	False
5.24623352211834e-06	1.0	0.04488523570740528	0.0687384415454591	5	2	3	3	3	ENSG00000119711	1.0	False
8.399385180646538e-05	1.0	0.023787621636370677	0.022878397249973176	3	2	3	3	3	ENSG00000119927	1.0	False
0.002050376175712241	1.0	0.20274519771667118	0.28410740203193036	13	2	3	3	3	ENSG00000119977	1.0	False
0.0008331055070981556	1.0	0.239737506331092	0.23943081452404316	6	5	5	3	3	ENSG00000121989	1.0	False
0.0013508569006992902	1.0	0.20219896145915212	0.2317063935326303	23	2	3	3	3	ENSG00000123815	1.0	False
0.0026589646442039313	1.0	0.18405820251698385	0.15771328599361942	12	2	3	3	3	ENSG00000124222	1.0	False
0.0005050219428357208	1.0	0.05098039215686272	0.07027027027027025	2	2	3	3	3	ENSG00000124635	1.0	False
0.00013213472840138	1.0	0.018625966480427414	0.10179346651737481	2	2	3	3	3	ENSG00000125482	1.0	False
7.801095444914563e-05	1.0	0.01478010679144598	0.021788537549407107	4	2	3	3	3	ENSG00000125629	1.0	False
2.0260006686123286e-06	1.0	0.005281690140845039	0.012461059190031154	2	4	5	3	4	ENSG00000125834	1.0	False
0.0003986632055338208	1.0	0.27840226595958073	0.05161570158317072	6	2	3	3	3	ENSG00000126351	1.0	False
0.003277035358361977	1.0	0.10734421532077904	0.24518716577540106	6	2	3	3	3	ENSG00000126790	1.0	False
0.007263299040141686	1.0	0.19861465694799033	0.17085119412124922	5	2	3	3	3	ENSG00000128039	1.0	False
0.0005436524294034832	1.0	0.1464994301892037	0.049191750278706786	6	2	3	3	3	ENSG00000130023	1.0	False
0.00023109544019777874	1.0	0.04936275083333905	0.11461302924717555	4	2	3	3	3	ENSG00000130349	1.0	False
0.0016699654990967746	1.0	0.17356686335090904	0.1446792924396182	4	2	3	3	3	ENSG00000130958	1.0	False
0.0009262991897644283	1.0	0.1369988856359521	0.17400991986502418	44	7	19	11	18	ENSG00000131051	1.0	False
7.320088256874754e-05	1.0	0.020000000000000018	0.09614649570867649	2	2	3	3	3	ENSG00000133392	1.0	False
0.0006628165092767034	1.0	0.019016013971454183	0.06461833185971114	2	2	3	3	3	ENSG00000135414	1.0	False
0.00041976725427014507	1.0	0.18158179659712928	0.06699113825244504	3	2	3	3	3	ENSG00000136630	1.0	False
0.01159647681273306	1.0	0.2657814407814408	0.20481283422459892	6	2	3	3	3	ENSG00000137076	1.0	False
0.0004548322815384804	1.0	0.06007085783205183	0.10039382999671809	7	2	3	3	3	ENSG00000137171	1.0	False
0.002224076822988138	1.0	0.11057098765432095	0.17081883128778164	4	2	3	3	3	ENSG00000137812	1.0	False
0.0003478035231059698	1.0	0.04134557539265419	0.05351780351780353	3	2	3	3	3	ENSG00000140367	1.0	False
0.005614465364478606	1.0	0.16844040383975106	0.18163340724316335	9	2	3	3	3	ENSG00000142330	1.0	False
0.00022248390701261653	1.0	0.15114888906466017	0.11637714027057364	33	7	15	6	11	ENSG00000142687	1.0	False
0.0003456236221331489	1.0	0.19736594303781968	0.16425120772946858	2	7	13	5	9	ENSG00000143155	1.0	False
0.006940249739666464	1.0	0.16747746596144766	0.2627133792117258	5	2	3	3	3	ENSG00000143319	1.0	False
0.002456183620624564	1.0	0.11023116818635387	0.31513034044861366	5	3	5	3	4	ENSG00000143499	1.0	False
0.0019512042022096312	1.0	0.1075868518592977	0.19515961918167063	5	2	3	3	3	ENSG00000143578	1.0	False
0.0004005131706740613	1.0	0.09870692708588931	0.09218642622353594	9	7	18	7	12	ENSG00000144711	1.0	False
0.00017288422249906157	1.0	0.07692225546064584	0.002712114109689967	3	2	3	3	3	ENSG00000146463	1.0	False
5.126728831591465e-05	1.0	0.03921568627450979	0.014035087719298268	2	2	3	3	3	ENSG00000148296	1.0	False
0.001718847070150743	1.0	0.24655445725367162	0.25783991166084397	6	6	8	3	6	ENSG00000150403	1.0	False
1.3064768340692538e-05	1.0	0.006326102917917069	0.0014174344436569605	2	2	3	3	3	ENSG00000150456	1.0	False
9.43159312934958e-05	1.0	0.08062918325561053	0.10585135817914976	3	2	3	3	3	ENSG00000152147	1.0	False
0.001280557640247797	1.0	0.10818019928689264	0.22253521126760564	6	2	3	3	3	ENSG00000152422	1.0	False
5.45513969254362e-05	1.0	0.007518796992481175	0.013761467889908272	2	2	3	3	3	ENSG00000152454	1.0	False
0.0066618142942074035	1.0	0.26385230789157854	0.25051443743776963	12	2	3	3	3	ENSG00000153560	1.0	False
0.00041162729946579534	1.0	0.01231978534852525	0.03070175438596489	3	2	3	3	3	ENSG00000154822	1.0	False
0.009841613074647083	1.0	0.15182035478645647	0.17156048014773773	5	2	3	3	3	ENSG00000155729	1.0	False
0.0002082401541173538	1.0	0.07336746325071421	0.05081963741104708	5	2	3	3	3	ENSG00000156795	1.0	False
0.004291538705895317	1.0	0.2045123045123045	0.15453087409783478	17	2	3	3	3	ENSG00000158290	1.0	False
0.0005564650852605735	1.0	0.022498570208069467	0.09738868429862736	6	2	3	3	3	ENSG00000158793	1.0	False
0.00018281657675018958	1.0	0.049548002340334275	0.4608577749232856	6	2	3	3	3	ENSG00000159082	1.0	False
0.0010928149350412871	1.0	0.061484335955241304	0.041076131495288846	7	2	4	4	4	ENSG00000159086	1.0	False
0.00014518828574100023	1.0	0.03500395319418092	0.03274410774410773	6	2	4	4	4	ENSG00000160219	1.0	False
0.007948811706116051	1.0	0.17818371430325866	0.30664204577248055	6	2	3	3	3	ENSG00000160439	1.0	False
0.0004661812383036789	1.0	0.13070416478285463	0.09546883748977042	6	7	13	6	9	ENSG00000161618	1.0	False
0.0018774833196456503	1.0	0.11098801560758087	0.134819734345351	8	2	3	3	3	ENSG00000162298	1.0	False
8.455172336369036e-05	1.0	0.1435165999678368	0.03764373292675181	4	5	6	3	6	ENSG00000162769	1.0	False
0.002163600726629829	1.0	0.1432859108555703	0.1399169837426496	3	2	3	3	3	ENSG00000162836	1.0	False
0.0030945652367957814	1.0	0.206340411065536	0.18257120713040112	5	4	5	3	3	ENSG00000162928	1.0	False
0.0012798031764394736	1.0	0.16577353756878027	0.14361245674740486	9	3	4	3	4	ENSG00000163743	1.0	False
0.0004535292771014539	1.0	0.05122249144455818	0.051228632478632505	4	2	3	3	3	ENSG00000164291	1.0	False
2.1914701175153716e-05	1.0	0.04440742960672964	0.021146143160065682	10	2	3	3	3	ENSG00000164292	1.0	False
0.0005504397572321197	1.0	0.027124995587639256	0.058412945993371004	5	2	3	3	3	ENSG00000164347	1.0	False
7.574551009603483e-05	1.0	0.01618737565563392	0.04015758037870122	3	2	3	3	3	ENSG00000165714	1.0	False
0.003525246653013023	1.0	0.4434559721324428	0.544921875	5	5	6	3	4	ENSG00000166822	1.0	False
0.00014002923018129206	1.0	0.16904485483225187	0.3041666666666667	5	4	6	3	4	ENSG00000167851	1.0	False
0.00016779296026647262	1.0	0.14928227195116908	0.09585263790055051	22	7	19	12	18	ENSG00000167978	1.0	False
0.009413839758066242	1.0	0.2679993448286132	0.33003300330033003	11	2	3	3	3	ENSG00000168297	1.0	False
0.0007859598012521821	1.0	0.06397563237311614	0.0813693555598135	8	2	3	3	3	ENSG00000169118	1.0	False
0.0002673197386398059	1.0	0.03197101639511778	0.04383519206939286	3	2	4	4	4	ENSG00000169131	1.0	False
0.00011907866086341977	1.0	0.09858736942070281	0.03644249581594888	3	2	3	3	3	ENSG00000169410	1.0	False
0.0006977342953798186	1.0	0.21106645350261852	0.17907491856677527	10	7	14	4	10	ENSG00000170242	1.0	False
0.00015008225472448858	1.0	0.222120050962492	0.15315134484142912	5	4	5	3	4	ENSG00000170471	1.0	False
0.0004904461273470684	1.0	0.07678571428571429	0.09507006754713178	4	2	4	4	4	ENSG00000171295	1.0	False
0.0027961715003695254	1.0	0.24586629151846548	0.17174796747967477	7	3	3	3	3	ENSG00000171298	1.0	False
3.4759226832754523e-07	1.0	0.01074391787371677	0.002796420581655502	4	5	9	3	6	ENSG00000172005	1.0	False
0.0002798671359298028	1.0	0.11136131267426973	0.14622858152269916	6	2	3	3	3	ENSG00000172167	1.0	False
6.78658138321111e-05	1.0	0.057437473771412034	0.0824077882901412	5	2	3	3	3	ENSG00000172888	1.0	False
0.009401233600412572	1.0	0.13745651574543574	0.21105735189992916	3	2	3	3	3	ENSG00000173264	1.0	False
0.001954247682310063	1.0	0.39312598131129134	0.3282341831916903	26	7	16	5	12	ENSG00000173692	1.0	False
0.0003850055775622548	1.0	0.07456445993031359	0.07438016528925624	2	4	5	3	4	ENSG00000174013	1.0	False
1.1619347063474932e-05	1.0	0.029410829173548977	0.0174778527071443	4	7	19	12	17	ENSG00000174021	1.0	False
0.0003819356397442804	1.0	0.03665857907179294	0.2912817221063249	5	2	3	3	3	ENSG00000175106	1.0	False
0.00011494224499586825	1.0	0.21110697392886818	0.0841433011033219	7	7	14	7	11	ENSG00000175727	1.0	False
0.0025944576120624525	1.0	0.24099555899492495	0.2346952385186502	13	2	3	3	3	ENSG00000176225	1.0	False
0.0005590069691069986	1.0	0.06121745855965129	0.10328947368421054	6	2	3	3	3	ENSG00000176986	1.0	False
3.772469547188806e-08	1.0	0.0007955449482895866	0.0018796992481202798	2	2	3	3	3	ENSG00000178764	1.0	False
0.0030333011662549486	1.0	0.24047718417236252	0.33641881841582566	17	7	13	3	10	ENSG00000179094	1.0	False
0.005430253481723895	1.0	0.2343521271232114	0.26052867383512546	11	2	3	3	3	ENSG00000179295	1.0	False
1.1709918801317095e-07	1.0	0.005878413420774661	0.0011166071343254452	2	2	3	3	3	ENSG00000180739	1.0	False
0.0008805428644760359	1.0	0.09628296540061243	0.1780193236714976	7	2	3	3	3	ENSG00000182472	1.0	False
0.000851986014026035	1.0	0.2484092501291389	0.330613774666194	24	7	12	4	9	ENSG00000184014	1.0	False
0.001450301829631152	1.0	0.0889744498939901	0.05666666666666671	3	2	3	3	3	ENSG00000185104	1.0	False
0.0005769715708091692	1.0	0.16688504554553146	0.12263136816811755	5	7	13	3	8	ENSG00000185947	1.0	False
0.002897516335460747	1.0	0.16097920864398385	0.20855935668529374	9	2	3	3	3	ENSG00000187838	1.0	False
0.0012874918756740888	1.0	0.42506368198474354	0.20067300847731828	12	7	13	3	7	ENSG00000196562	1.0	False
4.120121042709986e-07	1.0	0.0010070493454179398	0.0021505376344086234	2	3	5	3	4	ENSG00000196743	1.0	False
0.001064327113036244	1.0	0.1949750669089736	0.41240510654917373	9	2	4	4	4	ENSG00000197150	1.0	False
0.0021405416967041806	1.0	0.47417225148947073	0.2936876316466675	19	6	8	3	6	ENSG00000198089	1.0	False
0.00011935789284995149	1.0	0.13409180473548288	0.07783658721145273	8	7	19	7	12	ENSG00000198176	1.0	False
0.0004532652195180098	1.0	0.09028600648761664	0.09662302786169855	8	2	4	4	4	ENSG00000198879	1.0	False
0.006891684999706248	1.0	0.23086303939962474	0.2109375	6	2	3	3	3	ENSG00000204438	1.0	False
1.239379175297899e-05	1.0	0.03092157207841899	0.010422527198133934	4	7	19	11	16	ENSG00000204822	1.0	False
7.982635971359737e-05	1.0	0.011679767103347866	0.06231262212190067	2	2	3	3	3	ENSG00000205476	1.0	False
1.570354455991184e-05	1.0	0.019607843137254867	0.004366812227074241	2	2	3	3	3	ENSG00000213588	1.0	False
0.0004361642186777049	1.0	0.05128205128205124	0.025974025974025993	3	2	3	3	3	ENSG00000213762	1.0	False
2.6600747398548984e-05	1.0	0.09577706299539256	0.039315247352386465	3	7	16	6	11	ENSG00000215717	1.0	False
0.00035400936380695826	1.0	0.0018032190507781543	0.09153124817985908	2	2	3	3	3	ENSG00000224470	1.0	False
0.0017011280771209924	1.0	0.17878260465979762	0.46619569932453364	14	2	3	3	3	ENSG00000225484	1.0	False
0.0006649229493732515	1.0	0.06258241758241763	0.1010952902519168	4	2	3	3	3	ENSG00000227398	1.0	False
0.000669113717837964	1.0	0.023129459734964275	0.2999188311688312	2	2	3	3	3	ENSG00000228506	1.0	False
0.0036153758090612022	1.0	0.13531117123173103	0.1880302632729817	6	2	3	3	3	ENSG00000237310	1.0	False
0.0010599247146910204	1.0	0.055043247606965766	0.07111111111111115	4	2	3	3	3	ENSG00000239282	1.0	False
2.346779636419419e-06	1.0	0.050982817099085184	0.04961109883964115	6	7	19	12	17	ENSG00000245532	1.0	False
6.27678815543281e-05	1.0	0.10327330479959085	0.16054421768707478	6	2	3	3	3	ENSG00000255517	1.0	False
0.00041302985858450013	1.0	0.18148121265606376	0.10269127791982245	7	7	18	6	12	ENSG00000257103	1.0	False
0.0007401042044160759	1.0	0.21751060207986952	0.20455468793409642	14	7	14	5	10	ENSG00000257621	1.0	False
0.0012259509283970612	1.0	0.26456824858969763	0.10950605778191991	5	6	9	3	6	ENSG00000260442	1.0	False
0.0010843860779194494	1.0	0.13843037323883228	0.15819771455320608	6	7	12	3	8	ENSG00000262919	1.0	False
8.840500480726524e-05	1.0	0.0591254823156335	0.03458646616541357	5	2	3	3	3	ENSG00000273018	1.0	False
0.0009225109610683602	1.0	0.20746503427550173	0.09834586466165414	10	2	4	4	4	ENSG00000276234	1.0	False
0.0034436771576793106	1.0	0.30382434218296606	0.1930364502488894	15	7	14	4	10	ENSG00000278175	1.0	False
0.002603359410299315	1.0	0.15851359335888124	0.17720588235294119	9	2	4	4	4	ENSG00000291067	1.0	False
